Player,Full name,Wyscout id,Team,Team within selected timeframe,Team logo,Competition,Position,Primary position,"Primary position, %",Secondary position,"Secondary position, %",Third position,"Third position, %",Age,Birthday,Market value,Contract expires,Matches played,Minutes played,Goals,xG,Assists,xA,Duels per 90,"Duels won, %",Birth country,Passport country,Foot,Height,Weight,On loan,Successful defensive actions per 90,Defensive duels per 90,"Defensive duels won, %",Aerial duels per 90,"Aerial duels won, %",Sliding tackles per 90,PAdj Sliding tackles,Shots blocked per 90,Interceptions per 90,PAdj Interceptions,Fouls per 90,Yellow cards,Yellow cards per 90,Red cards,Red cards per 90,Successful attacking actions per 90,Goals per 90,Non-penalty goals,Non-penalty goals per 90,xG per 90,Head goals,Head goals per 90,Shots,Shots per 90,"Shots on target, %","Goal conversion, %",Assists per 90,Crosses per 90,"Accurate crosses, %",Crosses from left flank per 90,"Accurate crosses from left flank, %",Crosses from right flank per 90,"Accurate crosses from right flank, %",Crosses to goalie box per 90,Dribbles per 90,"Successful dribbles, %",Offensive duels per 90,"Offensive duels won, %",Touches in box per 90,Progressive runs per 90,Accelerations per 90,Received passes per 90,Received long passes per 90,Fouls suffered per 90,Passes per 90,"Accurate passes, %",Forward passes per 90,"Accurate forward passes, %",Back passes per 90,"Accurate back passes, %",Short / medium passes per 90,"Accurate short / medium passes, %",Long passes per 90,"Accurate long passes, %","Average pass length, m","Average long pass length, m",xA per 90,Shot assists per 90,Second assists per 90,Third assists per 90,Smart passes per 90,"Accurate smart passes, %",Key passes per 90,Passes to final third per 90,"Accurate passes to final third, %",Passes to penalty area per 90,"Accurate passes to penalty area, %",Through passes per 90,"Accurate through passes, %",Deep completions per 90,Deep completed crosses per 90,Progressive passes per 90,"Accurate progressive passes, %","Accurate vertical passes, %",Vertical passes per 90,Conceded goals,Conceded goals per 90,Shots against,Shots against per 90,Clean sheets,"Save rate, %",xG against,xG against per 90,Prevented goals,Prevented goals per 90,Back passes received as GK per 90,Exits per 90,Aerial duels per 90,Free kicks per 90,Direct free kicks per 90,"Direct free kicks on target, %",Corners per 90,Penalties taken,"Penalty conversion, %"
P. Jeeratanapavibul,Panittha Jeeratanapavibul,-348647,Guangxi Pingguo Bainong,Guangxi Pingguo Bainong,https://cdn5.wyscout.com/photos/team/public/g-17625_120x120.png,Super League Women,"CB, LCB",CB,78,LCB,18,,0,24.0,2001-11-15,0,,9,898,1,1.3,0,0.24,8.62,67.44,Thailand,['Thailand'],unknown,0,0,False,10.22,3.91,87.18,2.31,47.83,0.2,0.28,1.1,6.61,9.34,0.30000000000000004,1,0.1,0,0.0,0.5,0.1,1,0.1,0.13,0,0.0,6,0.6000000000000001,33.33,16.667,0.0,0.0,0.0,0.0,0.0,0.0,0.0,0.0,0.30000000000000004,100.0,1.4,50.0,0.8,0.8,0.0,38.79,0.0,0.4,56.02,88.55,22.15,77.38,2.91,100.0,51.11,91.96,4.91,53.06,19.57,32.33,0.02,0.2,0.0,0.0,0.0,0.0,0.1,4.61,69.57,0.2,0.0,0.0,0.0,0.1,0.0,10.22,66.67,96.2,26.36,0,,0,,0,0.0,0.0,0.0,,,2.1,,2.31,0.0,0.0,0.0,0.0,0,0
Yan Xiaoyu,Yan  Xiaoyu,-412081,Jiangsu Wuxi,Jiangsu Wuxi,https://cdn5.wyscout.com/photos/team/public/g-11601_120x120.png,Super League Women,CB,CB,82,,0,,0,27.0,1999-04-24,0,,9,893,1,1.5899999999999999,1,0.39,13.2,68.7,China PR,['China PR'],unknown,0,0,False,9.98,5.34,83.02,4.03,62.5,0.1,0.18,0.30000000000000004,5.44,9.53,0.2,1,0.1,0,0.0,1.6099999999999999,0.1,1,0.1,0.16,1,0.1,9,0.91,44.44,11.111,0.1,1.4100000000000001,50.0,0.4,50.0,0.91,55.56,0.1,0.71,71.43,2.52,60.0,1.11,0.0,0.0,36.48,0.5,0.5,54.32,82.19,20.96,66.35,1.9100000000000001,84.21,45.96,89.47,6.95,40.58,20.62,33.84,0.04,0.6000000000000001,0.0,0.1,0.0,0.0,0.30000000000000004,4.84,70.83,1.4100000000000001,42.86,0.2,0.0,0.0,0.71,10.48,56.73,94.91,27.72,0,,0,,0,0.0,0.0,0.0,,,0.71,,4.03,0.0,0.0,0.0,0.0,0,0
L. Addai,Linda Addai,151528,Sichuan,Sichuan,https://cdn5.wyscout.com/photos/team/public/g-14011_120x120.png,Super League Women,"RCB, LCB, CB",RCB,48,LCB,22,CB,11,30.0,1995-12-12,0,,9,891,0,0.73,0,0.64,13.33,65.15,Ghana,['Ghana'],,164,0,False,13.33,6.06,80.0,3.33,57.58,1.11,1.24,0.81,7.37,8.23,0.81,2,0.2,0,0.0,0.30000000000000004,0.0,0,0.0,0.07,0,0.0,2,0.2,0.0,0.0,0.0,0.0,0.0,0.0,0.0,0.0,0.0,0.0,0.30000000000000004,100.0,1.31,46.15,0.51,0.1,0.0,6.97,0.0,0.51,22.83,56.64,13.64,49.63,1.21,91.67,16.57,63.41,6.26,38.71,20.22,31.07,0.06,0.2,0.0,0.0,0.0,0.0,0.1,2.02,50.0,0.2,50.0,0.30000000000000004,33.33,0.2,0.0,8.38,24.1,66.67,6.06,0,,0,,0,0.0,0.0,0.0,,,1.01,,3.33,0.0,0.0,0.0,0.0,0,0
Zheng Jie,Jie Zheng,520578,Sichuan,Sichuan,https://cdn5.wyscout.com/photos/team/public/g-14011_120x120.png,Super League Women,GK,GK,100,,0,,0,26.0,1999-12-18,0,,9,891,0,0.0,0,0.0,1.21,75.0,China PR,['China PR'],,0,0,False,1.31,0.0,0.0,0.81,75.0,0.0,0.0,0.0,1.31,1.47,0.0,0,0.0,0,0.0,0.0,0.0,0,0.0,0.0,0,0.0,0,0.0,0.0,0.0,0.0,0.0,0.0,0.0,0.0,0.0,0.0,0.0,0.0,0.0,0.4,75.0,0.0,0.0,0.0,3.33,0.0,0.30000000000000004,10.2,66.34,8.18,58.02,0.0,0.0,3.13,96.77,7.07,52.86,37.02,44.68,0.0,0.0,0.0,0.0,0.0,0.0,0.0,0.0,0.0,0.0,0.0,0.0,0.0,0.0,0.0,4.14,78.05,100.0,2.02,17,1.72,47,4.75,1,63.83,11.58,1.17,-5.42,-0.547,0.0,2.02,0.81,,,,0.0,0,0
Xin Yue,Xin Yue,-412526,Shandong SL,Shandong SL,https://cdn5.wyscout.com/photos/team/public/g-12774_120x120.png,Super League Women,CB,CB,91,,0,,0,24.0,2002-03-31,0,,9,890,1,0.66,0,0.17,6.47,57.81,China PR,['China PR'],unknown,180,63,False,6.98,2.33,69.57,2.5300000000000002,64.0,0.0,0.0,0.2,5.36,6.6,0.4,0,0.0,0,0.0,0.2,0.1,1,0.1,0.07,1,0.1,5,0.51,20.0,20.0,0.0,0.1,0.0,0.1,0.0,0.0,0.0,0.0,0.1,100.0,0.81,50.0,0.51,0.0,0.0,15.37,0.0,0.30000000000000004,29.12,77.78,11.12,60.0,2.22,95.45,23.46,88.79,5.5600000000000005,32.73,21.74,38.41,0.02,0.1,0.0,0.0,0.0,0.0,0.1,3.44,29.41,0.4,0.0,0.30000000000000004,0.0,0.1,0.0,4.25,42.86,88.8,12.64,0,,0,,0,0.0,0.0,0.0,,,1.62,,2.5300000000000002,0.1,0.0,0.0,0.0,0,0
An Rui Yao,Rui Yao An,-412510,Shandong SL,Shandong SL,https://cdn5.wyscout.com/photos/team/public/g-12774_120x120.png,Super League Women,RCB3,RCB3,93,,0,,0,26.0,2000-06-13,0,,9,890,0,0.0,1,0.23,7.99,55.7,China PR,['China PR'],unknown,168,59,False,5.87,4.04,70.0,1.72,29.41,0.1,0.12,0.2,2.93,3.61,0.61,0,0.0,0,0.0,0.51,0.0,0,0.0,0.0,0,0.0,1,0.1,0.0,0.0,0.1,0.81,50.0,0.0,0.0,0.81,50.0,0.0,0.1,100.0,1.42,50.0,0.30000000000000004,0.30000000000000004,0.0,22.15,0.30000000000000004,0.71,34.48,68.04,21.54,58.69,2.12,90.48,21.54,85.45,12.24,38.02,24.28,37.52,0.02,0.51,0.0,0.0,0.0,0.0,0.2,8.09,42.5,1.82,33.33,1.82,16.67,0.30000000000000004,0.4,10.31,64.71,84.51,7.18,0,,0,,0,0.0,0.0,0.0,,,1.21,,1.72,0.1,0.0,0.0,0.0,0,0
He Luyao,He Luyao,520603,Shandong SL,Shandong SL,https://cdn5.wyscout.com/photos/team/public/g-12774_120x120.png,Super League Women,LCB3,LCB3,95,,0,,0,27.0,1999-02-23,0,,9,890,0,0.0,0,0.21,9.61,56.84,China PR,['China PR'],,166,58,False,6.78,4.45,70.45,0.81,62.5,0.2,0.25,0.51,3.44,4.23,0.2,0,0.0,0,0.0,0.71,0.0,0,0.0,0.0,0,0.0,0,0.0,0.0,0.0,0.0,0.71,57.14,0.71,57.14,0.0,0.0,0.2,0.30000000000000004,100.0,2.83,39.29,0.1,0.2,0.0,21.24,0.4,0.81,31.96,79.43,15.17,66.0,4.65,93.48,25.99,86.38,5.26,48.08,19.49,33.02,0.02,0.1,0.0,0.0,0.0,0.0,0.2,4.85,50.0,0.71,57.14,0.1,0.0,0.0,0.4,6.98,60.87,93.1,8.8,0,,0,,0,0.0,0.0,0.0,,,1.52,,0.81,0.0,0.0,0.0,0.0,0,0
Yang Liu,Yang Liu,-412419,Shaanxi Changan,Shaanxi Changan,https://cdn5.wyscout.com/photos/team/public/g-16070_120x120.png,Super League Women,"LCB3, LWB, LB5",LCB3,59,LWB,11,LB5,11,25.0,2001-03-04,0,,9,889,0,1.6,0,0.23,13.67,56.3,China PR,['China PR'],unknown,165,54,False,10.43,6.28,64.52,2.33,56.52,0.0,0.0,0.71,6.38,6.82,0.1,0,0.0,0,0.0,1.42,0.0,0,0.0,0.16,0,0.0,7,0.71,28.57,0.0,0.0,1.21,50.0,1.11,45.45,0.1,100.0,0.1,1.42,42.86,3.34,39.39,0.61,0.30000000000000004,0.0,11.95,0.30000000000000004,0.91,23.08,66.23,11.84,52.99,1.92,84.21,16.4,74.07,5.57,45.45,20.44,34.7,0.02,0.61,0.0,0.0,0.0,0.0,0.1,3.44,47.06,1.72,41.18,0.81,37.5,0.2,0.61,7.49,63.51,84.93,7.39,0,,0,,0,0.0,0.0,0.0,,,0.30000000000000004,,2.33,0.0,0.0,0.0,0.0,0,0
Yang Xiaoxia,Yang Xiaoxia,520615,Shaanxi Changan,Shaanxi Changan,https://cdn5.wyscout.com/photos/team/public/g-16070_120x120.png,Super League Women,"CB, LCB3",CB,62,LCB3,19,,0,25.0,2000-10-08,0,,9,889,0,0.29,0,0.6900000000000001,7.69,52.63,China PR,['China PR'],,0,0,False,10.33,2.73,70.37,2.73,51.85,0.2,0.22,1.42,8.2,8.77,0.1,0,0.0,0,0.0,0.1,0.0,0,0.0,0.03,0,0.0,1,0.1,0.0,0.0,0.0,0.2,50.0,0.2,50.0,0.0,0.0,0.0,0.1,0.0,1.21,33.33,0.1,0.30000000000000004,0.0,13.16,0.1,0.71,29.76,68.03,16.3,57.76,2.02,75.0,20.35,78.61,9.21,45.05,24.18,38.99,0.07,0.4,0.0,0.0,0.0,0.0,0.1,5.06,44.0,0.51,40.0,0.30000000000000004,33.33,0.1,0.1,9.31,56.52,85.42,9.72,0,,0,,0,0.0,0.0,0.0,,,0.71,,2.73,1.82,0.0,0.0,0.0,0,0
Luo Yu,Luo  Yu,-412401,Guangdong Meizhou,Guangdong Meizhou,https://cdn5.wyscout.com/photos/team/public/g-12776_120x120.png,Super League Women,GK,GK,100,,0,,0,22.0,2003-08-14,0,,9,885,0,0.0,0,0.0,1.73,94.12,China PR,['China PR'],unknown,176,60,False,2.34,0.2,50.0,1.12,100.0,0.0,0.0,0.0,2.24,3.11,0.0,0,0.0,0,0.0,0.0,0.0,0,0.0,0.0,0,0.0,0,0.0,0.0,0.0,0.0,0.0,0.0,0.0,0.0,0.0,0.0,0.0,0.0,0.0,0.41000000000000003,100.0,0.0,0.0,0.0,8.14,0.1,0.51,16.68,70.12,13.42,64.39,0.0,0.0,5.08,98.0,11.59,57.89,38.13,42.67,0.0,0.0,0.0,0.0,0.0,0.0,0.0,0.41000000000000003,50.0,0.0,0.0,0.0,0.0,0.0,0.0,9.56,62.77,93.75,3.25,10,1.02,50,5.08,2,80.0,11.85,1.21,1.85,0.188,0.0,2.75,1.12,,,,0.0,0,0
Cheng Yuqing,Yuqing Cheng,-412170,Changchun Dazhong,Changchun Dazhong,https://cdn5.wyscout.com/photos/team/public/g19391_120x120.png,Super League Women,GK,GK,100,,0,,0,27.0,1999-05-28,0,,9,884,0,0.0,0,0.0,1.63,75.0,China PR,['China PR'],unknown,176,70,False,3.46,0.51,60.0,0.51,80.0,0.0,0.0,0.0,3.16,4.51,0.1,1,0.1,0,0.0,0.0,0.0,0,0.0,0.0,0,0.0,0,0.0,0.0,0.0,0.0,0.0,0.0,0.0,0.0,0.0,0.0,0.0,0.0,0.0,0.31,100.0,0.0,0.0,0.0,14.56,0.0,0.61,23.01,77.88,13.24,63.85,0.0,0.0,14.56,94.41,8.45,49.4,29.6,42.95,0.0,0.0,0.0,0.0,0.0,0.0,0.0,1.73,23.53,0.2,0.0,0.1,0.0,0.0,0.0,4.58,46.67,96.55,8.86,11,1.12,33,3.36,2,66.67,9.22,0.9400000000000001,-1.78,-0.181,0.0,1.32,0.51,,,,0.0,0,0
Sandrine Niyonkuru,Sandrine Niyonkuru,-348958,Changchun Dazhong,Changchun Dazhong,https://cdn5.wyscout.com/photos/team/public/g19391_120x120.png,Super League Women,"CF, LAMF, LW",CF,69,LAMF,15,LW,15,26.0,2000-01-01,0,2027-12-31,9,884,3,3.24,0,0.19,17.92,38.64,Burundi,['Burundi'],unknown,0,0,False,5.7,5.19,56.86,2.95,41.38,0.61,0.87,0.0,2.14,3.06,1.53,1,0.1,0,0.0,1.63,0.31,3,0.31,0.33,0,0.0,17,1.73,47.06,17.647,0.0,0.61,0.0,0.2,0.0,0.31,0.0,0.0,2.14,38.1,7.74,25.0,2.34,0.51,0.1,12.62,3.46,1.02,18.83,69.73,2.75,25.93,6.01,81.36,17.31,74.71,0.92,22.22,14.85,17.26,0.02,0.61,0.0,0.0,0.0,0.0,0.0,1.22,33.33,0.81,25.0,0.2,50.0,0.31,0.2,2.14,38.1,73.08,5.29,0,,0,,0,0.0,0.0,0.0,,,0.0,,2.95,0.0,0.0,0.0,0.0,0,0
Yao Wei,Wei Yao,333762,Wuhan Jiangda,Wuhan Jiangda,https://cdn5.wyscout.com/photos/team/public/g19398_120x120.png,Super League Women,"LCB, LCB3",LCB,87,LCB3,11,,0,28.0,1997-09-01,0,,9,883,0,0.39,0,0.0,11.11,59.63,China PR,['China PR'],right,168,58,False,9.38,3.98,79.49,2.34,47.83,0.1,0.17,0.51,6.12,10.4,0.31,1,0.1,0,0.0,0.51,0.0,0,0.0,0.04,0,0.0,7,0.71,28.57,0.0,0.0,0.41000000000000003,0.0,0.31,0.0,0.1,0.0,0.1,0.61,50.0,2.65,38.46,0.41000000000000003,1.12,0.1,49.43,0.41000000000000003,0.51,67.17,83.0,32.0,74.52,1.53,86.67,57.69,90.28,9.07,40.45,19.3,36.68,0.0,0.2,0.0,0.0,0.1,0.0,0.0,10.91,53.27,1.94,21.05,1.83,33.33,0.31,0.0,11.31,70.27,92.46,25.69,0,,0,,0,0.0,0.0,0.0,,,0.41000000000000003,,2.34,0.31,0.0,0.0,0.2,0,0
Peng Shimeng,Peng Shimeng,333768,Wuhan Jiangda,Wuhan Jiangda,https://cdn5.wyscout.com/photos/team/public/g19398_120x120.png,Super League Women,GK,GK,100,,0,,0,28.0,1998-05-12,0,,9,883,0,0.0,0,0.0,1.02,80.0,China PR,['China PR'],,180,72,False,2.14,0.2,100.0,0.61,100.0,0.0,0.0,0.0,1.94,3.29,0.0,0,0.0,0,0.0,0.0,0.0,0,0.0,0.0,0,0.0,0,0.0,0.0,0.0,0.0,0.0,0.0,0.0,0.0,0.0,0.0,0.0,0.0,0.0,0.2,0.0,0.0,0.0,0.0,6.73,0.1,0.31,17.33,85.29,9.58,76.6,0.0,0.0,12.13,97.48,5.1,58.0,24.97,34.66,0.0,0.0,0.0,0.0,0.0,0.0,0.0,0.31,0.0,0.1,0.0,0.0,0.0,0.0,0.0,3.47,41.18,96.77,6.32,9,0.92,29,2.96,5,68.97,7.76,0.79,-1.24,-0.126,0.0,1.53,0.61,,,,0.0,0,0
Huang Wang,Huang Wang,-412197,Zhejiang,Zhejiang,https://cdn5.wyscout.com/photos/team/public/g-12777_120x120.png,Super League Women,"LCB, CB",LCB,73,CB,20,,0,31.0,1995-06-19,0,,9,875,0,0.38,0,0.22,11.73,58.77,China PR,['China PR'],unknown,169,59,False,10.39,5.14,66.0,4.22,56.1,0.31,0.35000000000000003,0.72,6.69,7.53,0.41000000000000003,1,0.1,0,0.0,0.21,0.0,0,0.0,0.04,0,0.0,8,0.8200000000000001,25.0,0.0,0.0,0.21,0.0,0.1,0.0,0.1,0.0,0.1,0.0,0.0,1.23,25.0,0.51,0.1,0.0,10.08,0.0,0.62,24.07,53.42,14.81,40.28,0.62,66.67,14.3,71.94,9.57,26.88,26.54,40.99,0.02,0.1,0.0,0.0,0.0,0.0,0.1,7.1,28.99,1.34,15.38,1.23,25.0,0.21,0.0,8.43,41.46,76.36,5.66,0,,0,,0,0.0,0.0,0.0,,,0.1,,4.22,1.03,0.51,40.0,0.0,0,0
Shao Shiyu,Shao  Shiyu,-412210,Zhejiang,Zhejiang,https://cdn5.wyscout.com/photos/team/public/g-12777_120x120.png,Super League Women,"RCMF, RCMF3",RCMF,78,RCMF3,12,,0,26.0,2000-04-21,0,,9,872,0,0.13,0,0.30000000000000004,13.11,51.97,China PR,['China PR'],unknown,0,0,False,7.12,5.37,69.23,2.58,28.0,0.21,0.23,0.0,3.2,3.6,0.72,1,0.1,0,0.0,0.52,0.0,0,0.0,0.01,0,0.0,9,0.93,0.0,0.0,0.0,0.21,0.0,0.0,0.0,0.21,0.0,0.0,0.62,83.33,2.89,46.43,0.0,0.31,0.1,8.98,0.1,0.8300000000000001,22.71,65.45,8.57,48.19,4.33,95.24,18.89,69.4,3.61,48.57,18.23,34.71,0.03,0.52,0.0,0.0,0.1,0.0,0.1,5.16,46.0,1.03,20.0,0.8300000000000001,50.0,0.41000000000000003,0.1,4.75,50.0,65.45,5.68,0,,0,,0,0.0,0.0,0.0,,,0.0,,2.58,0.0,0.0,0.0,0.41000000000000003,0,0
Tong Ye,Tong Ye,-563497,Liaoning Shenbei Hefeng,Liaoning Shenbei Hefeng,https://cdn5.wyscout.com/photos/team/public/g-21014_120x120.png,Super League Women,"CB, LCB",CB,82,LCB,17,,0,19.0,2006-10-05,0,,9,870,1,1.55,2,1.74,9.0,65.52,China PR,['China PR'],unknown,0,0,False,8.17,5.59,77.78,1.8599999999999999,66.67,0.0,0.0,0.52,3.83,6.17,0.62,0,0.0,0,0.0,0.41000000000000003,0.1,0,0.0,0.16,0,0.0,5,0.52,20.0,20.0,0.21,0.41000000000000003,50.0,0.31,33.33,0.1,100.0,0.0,0.1,100.0,0.72,28.57,0.0,0.52,0.1,30.41,0.1,0.21,52.24,86.73,20.07,75.77,2.79,96.3,44.17,93.91,7.66,47.3,21.01,33.6,0.18,1.45,0.0,0.0,0.0,0.0,0.21,3.52,47.06,0.62,50.0,0.1,0.0,0.1,0.21,8.59,56.63,96.05,26.17,0,,0,,0,0.0,0.0,0.0,,,1.8599999999999999,,1.8599999999999999,1.76,0.31,0.0,3.83,2,50
Shumei Hou,Shumei Hou,-545342,Liaoning Shenbei Hefeng,Liaoning Shenbei Hefeng,https://cdn5.wyscout.com/photos/team/public/g-21014_120x120.png,Super League Women,GK,GK,100,,0,,0,18.0,2007-12-30,0,,9,870,0,0.0,0,0.0,1.45,85.71,China PR,['China PR'],unknown,0,0,False,2.2800000000000002,0.0,0.0,1.03,90.0,0.0,0.0,0.0,2.2800000000000002,3.67,0.0,0,0.0,0,0.0,0.0,0.0,0,0.0,0.0,0,0.0,0,0.0,0.0,0.0,0.0,0.0,0.0,0.0,0.0,0.0,0.0,0.0,0.0,0.0,0.31,100.0,0.1,0.1,0.0,8.79,0.0,0.52,18.62,81.11,10.45,71.29,0.1,0.0,12.21,94.92,6.41,54.84,27.83,40.18,0.0,0.0,0.0,0.0,0.0,0.0,0.0,0.93,22.22,0.21,50.0,0.0,0.0,0.0,0.0,4.86,57.45,98.55,7.14,3,0.31,35,3.62,6,91.43,5.43,0.56,2.43,0.251,0.0,2.69,1.03,,,,0.0,0,0
Wang Aifang,Aifang Wang,-383726,Liaoning Shenbei Hefeng,Liaoning Shenbei Hefeng,https://cdn5.wyscout.com/photos/team/public/g-21014_120x120.png,Super League Women,"LCMF, RCMF3, LDMF",LCMF,53,RCMF3,11,LDMF,11,20.0,2006-01-15,0,,9,870,0,0.5700000000000001,1,0.5,16.24,52.87,China PR,['China PR'],unknown,0,0,False,12.0,7.03,70.59,1.97,47.37,0.21,0.33,0.1,6.83,11.0,1.03,0,0.0,0,0.0,1.55,0.0,0,0.0,0.06,0,0.0,18,1.8599999999999999,11.11,0.0,0.1,2.07,40.0,1.34,46.15,0.72,28.57,0.21,0.8300000000000001,62.5,3.7199999999999998,33.33,0.41000000000000003,1.34,0.31,34.14,0.0,0.8300000000000001,54.21,76.53,21.1,65.2,8.59,91.57,45.41,83.6,6.72,40.0,19.3,35.54,0.05,0.8300000000000001,0.1,0.0,0.0,0.0,0.62,10.55,62.75,3.21,41.94,1.03,10.0,0.62,0.72,12.31,69.75,84.39,17.9,0,,0,,0,0.0,0.0,0.0,,,0.72,,1.97,0.1,0.0,0.0,1.1400000000000001,0,0
Long Xintong,Long  Xintong,-412069,Jiangsu Wuxi,Jiangsu Wuxi,https://cdn5.wyscout.com/photos/team/public/g-11601_120x120.png,Super League Women,"LCMF, LCMF3, RCMF",LCMF,40,LCMF3,25,RCMF,17,25.0,2001-04-10,0,,9,867,1,0.52,0,0.08,13.7,51.52,China PR,['China PR'],unknown,0,0,False,6.75,5.4,73.08,3.01,48.28,0.21,0.36,0.1,2.6,4.52,0.42,0,0.0,0,0.0,0.93,0.1,1,0.1,0.05,0,0.0,5,0.52,100.0,20.0,0.0,0.62,0.0,0.42,0.0,0.21,0.0,0.1,0.52,80.0,3.74,25.0,0.73,0.8300000000000001,0.0,21.9,0.8300000000000001,0.31,35.19,75.81,12.04,62.07,5.8100000000000005,89.29,30.73,82.09,3.84,37.84,17.47,30.69,0.01,0.31,0.0,0.0,0.0,0.0,0.1,7.06,63.24,1.45,28.57,0.52,20.0,0.31,0.0,4.88,61.7,85.22,11.94,0,,0,,0,0.0,0.0,0.0,,,0.0,,3.01,0.21,0.21,100.0,0.0,0,0
Shao Zijia,Shao  Zijia,-412062,Jiangsu Wuxi,Jiangsu Wuxi,https://cdn5.wyscout.com/photos/team/public/g-11601_120x120.png,Super League Women,LCB3,LCB3,82,,0,,0,23.0,2003-02-24,0,,9,862,3,0.89,0,0.04,14.1,64.44,China PR,['China PR'],unknown,0,0,False,7.83,6.79,67.69,4.28,75.61,0.1,0.18,0.52,3.13,5.45,1.46,1,0.1,0,0.0,0.42,0.31,3,0.31,0.09,3,0.31,8,0.84,37.5,37.5,0.0,0.1,0.0,0.1,0.0,0.0,0.0,0.0,0.21,50.0,1.25,41.67,1.3599999999999999,0.73,0.0,38.84,0.73,0.21,57.11,87.39,23.49,72.89,2.61,96.0,52.62,91.47,4.39,40.48,21.33,37.71,0.0,0.1,0.0,0.0,0.0,0.0,0.0,7.0,70.15,0.52,40.0,0.31,33.33,0.42,0.0,10.23,69.39,98.48,27.56,0,,0,,0,0.0,0.0,0.0,,,1.3599999999999999,,4.28,0.0,0.0,0.0,0.0,0,0
Haiyan Wu,Haiyan Wu,260971,Wuhan Jiangda,Wuhan Jiangda,https://cdn5.wyscout.com/photos/team/public/g19398_120x120.png,Super League Women,"RCB, CB",RCB,88,CB,11,,0,33.0,1993-02-26,0,,9,861,0,0.23,1,0.1,9.41,58.89,China PR,['China PR'],right,166,59,False,6.69,3.45,72.73,2.51,58.33,0.1,0.18,0.42,4.08,6.92,0.52,1,0.1,0,0.0,1.15,0.0,0,0.0,0.02,0,0.0,4,0.42,75.0,0.0,0.1,0.42,75.0,0.0,0.0,0.42,75.0,0.1,0.63,83.33,2.4,52.17,0.42,2.09,0.0,54.15,0.52,0.31,70.14,84.5,33.14,75.71,2.7199999999999998,96.15,57.6,89.84,12.13,59.48,19.51,31.74,0.01,0.52,0.0,0.1,0.0,0.0,0.21,11.39,68.81,2.2,38.1,0.9400000000000001,11.11,0.42,0.31,14.01,70.9,94.09,26.55,0,,0,,0,0.0,0.0,0.0,,,0.9400000000000001,,2.51,0.0,0.0,0.0,0.0,0,0
W. Lihui,Wei  Lihui,-836860,Guangdong Meizhou,Guangdong Meizhou,https://cdn5.wyscout.com/photos/team/public/g-12776_120x120.png,Super League Women,"RCB3, RCB, LWB",RCB3,73,RCB,12,LWB,11,19.0,2007-06-09,0,,9,853,1,0.52,0,0.1,15.09,55.24,China PR,['China PR'],unknown,0,0,False,13.19,8.44,67.5,2.22,38.1,0.84,1.18,0.9500000000000001,6.65,9.26,0.84,2,0.21,0,0.0,1.27,0.11,1,0.11,0.05,0,0.0,6,0.63,16.67,16.667,0.0,1.27,25.0,0.63,16.67,0.63,33.33,0.0,1.48,57.14,2.43,52.17,0.9500000000000001,0.74,0.21,13.19,0.32,0.53,27.12,66.15,16.25,58.44,1.58,100.0,18.99,77.78,6.96,42.42,22.2,33.97,0.01,0.21,0.0,0.0,0.0,0.0,0.0,4.33,63.41,1.06,30.0,0.11,0.0,0.11,0.53,8.02,59.21,76.27,6.23,0,,0,,0,0.0,0.0,0.0,,,1.06,,2.22,0.32,0.0,0.0,0.0,0,0
Wang Huiming,Wang  Huiming,-412217,Zhejiang,Zhejiang,https://cdn5.wyscout.com/photos/team/public/g-12777_120x120.png,Super League Women,"LB, LB5",LB,80,LB5,18,,0,26.0,1999-10-18,0,,9,849,0,0.15,0,0.02,13.04,58.54,China PR,['China PR'],unknown,0,0,False,9.43,6.36,70.0,2.12,45.0,0.32,0.36,0.64,4.66,5.24,0.42,0,0.0,0,0.0,1.38,0.0,0,0.0,0.02,0,0.0,4,0.42,25.0,0.0,0.0,1.48,21.43,1.48,21.43,0.0,0.0,0.21,1.9100000000000001,50.0,3.8200000000000003,44.44,0.21,1.38,0.11,14.95,0.64,0.53,27.77,59.54,18.98,58.1,2.12,85.0,18.23,71.51,8.06,39.47,20.53,32.14,0.0,0.11,0.0,0.0,0.0,0.0,0.0,6.57,51.61,1.9100000000000001,16.67,0.42,0.0,0.0,0.42,9.12,60.47,54.29,3.71,0,,0,,0,0.0,0.0,0.0,,,0.0,,2.12,0.0,0.0,0.0,0.0,0,0
Liu Xin,Liu  Xin,-412233,Zhejiang,Zhejiang,https://cdn5.wyscout.com/photos/team/public/g-12777_120x120.png,Super League Women,"RB, RB5",RB,78,RB5,21,,0,23.0,2003-05-04,0,,9,845,1,0.2,0,0.28,15.55,57.53,China PR,['China PR'],unknown,0,0,False,11.82,9.37,64.77,2.13,55.0,0.21,0.24,0.43,5.54,6.19,0.53,1,0.11,0,0.0,1.49,0.11,1,0.11,0.02,0,0.0,2,0.21,50.0,50.0,0.0,1.6,40.0,0.0,0.0,1.6,40.0,0.11,1.17,63.64,3.3,41.94,0.11,0.43,0.11,10.65,0.75,0.43,22.15,49.52,14.17,46.62,1.17,45.45,15.23,55.24,5.54,36.54,20.76,33.79,0.03,0.43,0.0,0.0,0.0,0.0,0.11,5.01,42.55,1.81,35.29,0.64,50.0,0.11,0.53,7.88,43.24,63.64,3.51,0,,0,,0,0.0,0.0,0.0,,,0.0,,2.13,0.0,0.0,0.0,0.0,0,0
Fan Guangting,Fan Guangting,-457080,Guangdong Meizhou,Guangdong Meizhou,https://cdn5.wyscout.com/photos/team/public/g-12776_120x120.png,Super League Women,"CF, DMF, RCMF3",CF,19,DMF,17,RCMF3,14,24.0,2002-07-02,0,,9,843,1,0.92,0,0.24,22.53,53.55,China PR,['China PR'],unknown,0,0,False,11.53,6.62,75.81,6.83,43.75,0.53,0.74,0.43,5.98,8.32,0.85,0,0.0,0,0.0,1.07,0.11,1,0.11,0.1,0,0.0,11,1.17,54.55,9.091,0.0,0.43,0.0,0.21,0.0,0.21,0.0,0.0,0.75,57.14,6.19,31.03,1.17,0.43,0.0,13.02,0.75,0.96,26.26,68.7,10.14,54.74,5.02,91.49,22.42,73.81,3.42,43.75,17.65,35.5,0.03,0.32,0.11,0.0,0.11,0.0,0.11,3.1,58.62,1.07,20.0,0.32,0.0,0.21,0.0,5.55,50.0,74.0,5.34,0,,0,,0,0.0,0.0,0.0,,,0.21,,6.83,0.11,0.11,100.0,0.0,0,0
Zhou Xiao Han,Xiao Han Zhou,-412464,Shandong SL,Shandong SL,https://cdn5.wyscout.com/photos/team/public/g-12774_120x120.png,Super League Women,"RW, RB5",RW,42,RB5,42,,0,22.0,2004-05-06,0,,9,841,1,0.76,1,1.2,18.73,52.0,China PR,['China PR'],unknown,165,48,False,11.02,6.96,78.46,2.03,36.84,0.11,0.13,0.11,5.46,6.65,0.21,0,0.0,0,0.0,2.03,0.11,1,0.11,0.08,0,0.0,7,0.75,28.57,14.286,0.11,1.82,29.41,0.0,0.0,1.82,29.41,0.43,2.7800000000000002,46.15,8.24,35.06,0.96,1.3900000000000001,0.21,12.52,1.3900000000000001,1.3900000000000001,21.3,71.36,6.63,53.23,5.24,89.8,17.98,77.38,1.6099999999999999,53.33,16.16,28.46,0.13,0.32,0.0,0.0,0.0,0.0,0.32,2.46,52.17,1.18,18.18,0.0,0.0,0.11,0.64,4.49,50.0,72.09,4.6,0,,0,,0,0.0,0.0,0.0,,,0.54,,2.03,0.0,0.0,0.0,0.0,0,0
Zhu Mengdi,Zhu Mengdi,-412310,Shaanxi Changan,Shaanxi Changan,https://cdn5.wyscout.com/photos/team/public/g-16070_120x120.png,Super League Women,GK,GK,100,,0,,0,26.0,2000-01-25,0,,9,833,0,0.0,0,0.0,0.76,57.14,China PR,['China PR'],unknown,0,0,False,2.27,0.11,0.0,0.43,75.0,0.11,0.12,0.0,2.16,2.33,0.11,0,0.0,1,0.11,0.0,0.0,0,0.0,0.0,0,0.0,0,0.0,0.0,0.0,0.0,0.0,0.0,0.0,0.0,0.0,0.0,0.0,0.0,0.0,0.11,100.0,0.0,0.0,0.0,2.38,0.0,0.11,10.16,60.64,8.97,55.42,0.0,0.0,3.03,96.43,7.13,45.45,42.86,49.49,0.0,0.0,0.0,0.0,0.0,0.0,0.0,1.62,40.0,0.0,0.0,0.0,0.0,0.0,0.0,4.11,73.68,100.0,1.08,8,0.86,27,2.92,2,70.37,6.37,0.6900000000000001,-1.63,-0.176,0.0,1.94,0.43,,,,0.0,0,0
N. Kabré,Naomi Adèle Kabré,-349007,Liaoning Shenbei Hefeng,Liaoning Shenbei Hefeng,https://cdn5.wyscout.com/photos/team/public/g-21014_120x120.png,Super League Women,"CF, LWB, LWF",CF,33,LWB,23,LWF,14,21.0,2004-12-30,0,2026-12-31,9,829,3,3.6,1,0.84,21.82,42.29,Burkina Faso,['Burkina Faso'],unknown,0,0,False,4.02,3.58,60.61,2.71,28.0,0.0,0.0,0.22,1.85,3.0,1.09,0,0.0,0,0.0,3.69,0.33,3,0.33,0.39,0,0.0,17,1.85,41.18,17.647,0.11,1.52,28.57,1.19,18.18,0.22,100.0,0.33,3.8,65.71,12.7,42.74,4.13,3.69,0.98,14.87,1.85,1.63,22.26,72.68,5.21,68.75,5.97,83.64,20.41,77.13,0.33,0.0,14.48,10.52,0.09,1.19,0.22,0.0,0.0,0.0,0.43,1.74,62.5,1.19,54.55,0.0,0.0,0.65,0.43,2.61,62.5,64.44,4.89,0,,0,,0,0.0,0.0,0.0,,,0.11,,2.71,0.0,0.0,0.0,0.0,0,0
Huo Yuexin,Yuexin Huo,-383724,Jiangsu Wuxi,Jiangsu Wuxi,https://cdn5.wyscout.com/photos/team/public/g-11601_120x120.png,Super League Women,"CF, LWF",CF,68,LWF,31,,0,21.0,2005-03-08,0,,9,828,2,1.82,1,1.03,16.96,32.05,China PR,['China PR'],unknown,0,0,False,4.24,3.26,60.0,1.4100000000000001,46.15,0.0,0.0,0.0,2.2800000000000002,3.99,0.65,1,0.11,0,0.0,2.39,0.22,2,0.22,0.2,0,0.0,16,1.74,37.5,12.5,0.11,1.85,23.53,1.63,26.67,0.22,0.0,0.43,2.07,63.16,10.11,24.73,4.13,0.98,0.33,14.89,1.74,0.98,21.41,70.56,4.35,55.0,5.54,86.27,19.13,75.57,0.43,50.0,15.5,10.67,0.11,1.09,0.11,0.11,0.11,0.0,0.76,1.63,60.0,1.96,44.44,0.11,0.0,0.87,0.54,2.61,66.67,71.43,6.09,0,,0,,0,0.0,0.0,0.0,,,0.0,,1.4100000000000001,0.0,0.0,0.0,0.11,0,0
Su Han,Su Han,-411902,Liaoning Shenbei Hefeng,Liaoning Shenbei Hefeng,https://cdn5.wyscout.com/photos/team/public/g-21014_120x120.png,Super League Women,"AMF, LCMF3, CF",AMF,46,LCMF3,15,CF,13,23.0,2002-08-23,0,,9,825,3,1.51,2,1.1400000000000001,16.04,36.05,China PR,['China PR'],unknown,160,50,False,5.13,4.69,62.79,2.07,21.05,0.11,0.18,0.0,2.07,3.35,0.55,0,0.0,0,0.0,1.96,0.33,3,0.33,0.16,1,0.11,15,1.6400000000000001,46.67,20.0,0.22,1.09,30.0,0.55,20.0,0.55,40.0,0.11,1.53,57.14,7.09,26.15,2.62,0.44,0.0,24.87,0.87,0.22,35.89,75.99,11.67,61.68,7.96,91.78,32.4,79.8,2.51,43.48,14.16,26.01,0.12,0.44,0.0,0.22,0.0,0.0,0.44,5.35,69.39,1.75,31.25,0.65,0.0,1.42,0.22,6.33,74.14,78.95,8.29,0,,0,,0,0.0,0.0,0.0,,,0.0,,2.07,0.0,0.0,0.0,0.0,0,0
Rui Zhang,Rui Zhang,131743,Shandong SL,Shandong SL,https://cdn5.wyscout.com/photos/team/public/g-12774_120x120.png,Super League Women,"RCMF, LCMF",RCMF,53,LCMF,42,,0,36.0,1989-09-18,0,,9,821,0,0.99,1,0.9400000000000001,17.54,50.63,China PR,['China PR'],right,172,62,False,11.07,7.13,70.77,2.08,52.63,0.33,0.4,0.0,5.7,6.9,1.21,0,0.0,0,0.0,0.44,0.0,0,0.0,0.11,0,0.0,5,0.55,20.0,0.0,0.11,0.88,25.0,0.22,50.0,0.66,16.67,0.11,0.77,14.29,6.36,25.86,0.66,0.55,0.0,21.92,0.77,0.88,40.78,77.15,14.69,60.45,7.24,90.91,35.74,82.52,4.28,41.03,16.22,31.6,0.1,0.88,0.11,0.0,0.11,0.0,0.22,4.93,55.56,0.99,33.33,0.66,33.33,0.44,0.33,6.8,54.84,85.86,10.85,0,,0,,0,0.0,0.0,0.0,,,0.33,,2.08,1.21,0.11,0.0,2.74,0,0
Chenyu Li,Chenyu Li,-455581,Shanghai SRCB,Shanghai SRCB,https://cdn5.wyscout.com/photos/team/public/g-12772_120x120.png,Super League Women,LB,LB,100,,0,,0,18.0,2007-11-29,0,,9,820,2,3.24,0,0.86,21.84,51.76,China PR,['China PR'],unknown,0,0,False,8.56,7.46,67.65,3.4,61.29,0.11,0.21,0.0,3.4,6.37,1.1,0,0.0,0,0.0,3.84,0.22,2,0.22,0.36,0,0.0,15,1.65,26.67,13.333,0.0,4.83,27.27,4.83,27.27,0.0,0.0,0.77,4.39,45.0,9.22,38.1,1.87,3.62,0.44,30.95,1.65,1.54,45.22,68.93,18.44,57.14,6.26,82.46,36.88,78.57,3.73,26.47,18.51,37.36,0.09,0.77,0.0,0.0,0.22,50.0,0.33,6.37,58.62,5.38,26.53,0.55,0.0,0.77,1.1,10.32,71.28,75.76,14.49,0,,0,,0,0.0,0.0,0.0,,,0.99,,3.4,0.0,0.0,0.0,0.0,0,0
Bu Jiaying,Bu Jiaying,-412428,Guangdong Meizhou,Guangdong Meizhou,https://cdn5.wyscout.com/photos/team/public/g-12776_120x120.png,Super League Women,"CF, LWB, LB5",CF,34,LWB,33,LB5,13,22.0,2003-12-21,0,,9,811,0,1.38,3,1.43,18.98,40.94,China PR,['China PR'],unknown,165,56,False,5.44,4.88,54.55,2.89,26.92,0.11,0.15,0.0,2.66,3.69,0.11,0,0.0,0,0.0,4.11,0.0,0,0.0,0.15,0,0.0,17,1.8900000000000001,47.06,0.0,0.33,2.33,33.33,1.55,35.71,0.78,28.57,0.33,4.77,51.16,8.77,40.51,2.66,2.22,0.55,14.32,2.0,1.11,23.53,65.57,9.65,56.32,3.66,90.91,17.76,75.0,3.44,38.71,17.76,30.79,0.16,1.33,0.0,0.0,0.11,0.0,0.22,4.0,44.44,2.44,31.82,0.78,0.0,0.33,0.67,4.77,58.14,54.24,6.55,0,,0,,0,0.0,0.0,0.0,,,0.11,,2.89,0.11,0.0,0.0,1.78,0,0
Song Yuqing,Song  Yuqing,-412189,Guangxi Pingguo Bainong,Guangxi Pingguo Bainong,https://cdn5.wyscout.com/photos/team/public/g-17625_120x120.png,Super League Women,"LCB3, RCB3, LB",LCB3,51,RCB3,29,LB,14,31.0,1995-03-02,0,,9,807,0,0.03,0,0.73,6.8,68.85,China PR,['China PR'],unknown,0,0,False,6.91,3.9,77.14,1.45,61.54,0.11,0.15,0.56,3.79,5.18,0.11,0,0.0,0,0.0,0.45,0.0,0,0.0,0.0,0,0.0,5,0.56,20.0,0.0,0.0,0.22,50.0,0.11,100.0,0.11,0.0,0.11,0.22,100.0,1.12,50.0,0.0,1.12,0.11,33.79,0.33,0.33,46.62,80.86,22.42,68.66,2.45,100.0,40.82,87.7,5.58,32.0,19.22,33.82,0.08,0.67,0.0,0.0,0.11,0.0,0.0,8.03,68.06,0.78,14.29,0.67,16.67,0.0,0.11,10.15,68.13,94.3,17.62,0,,0,,0,0.0,0.0,0.0,,,1.0,,1.45,1.78,0.33,0.0,2.5700000000000003,0,0
Wenwen Sun,Wenwen Sun,-563495,Liaoning Shenbei Hefeng,Liaoning Shenbei Hefeng,https://cdn5.wyscout.com/photos/team/public/g-21014_120x120.png,Super League Women,"LCB3, LB, LWB",LCB3,64,LB,19,LWB,15,19.0,2006-12-24,0,,9,797,1,0.34,0,0.33,15.81,51.43,China PR,['China PR'],unknown,0,0,False,9.15,6.32,71.43,3.05,59.26,0.56,0.91,0.34,4.07,6.55,1.3599999999999999,0,0.0,0,0.0,1.3599999999999999,0.11,1,0.11,0.04,1,0.11,2,0.23,50.0,50.0,0.0,1.3599999999999999,41.67,1.3599999999999999,41.67,0.0,0.0,0.11,1.13,60.0,4.07,30.56,1.3599999999999999,0.0,0.0,25.29,0.68,0.56,37.6,77.48,18.63,72.73,4.4,87.18,32.18,83.51,4.07,41.67,17.8,21.24,0.04,0.56,0.0,0.11,0.0,0.0,0.23,4.74,69.05,1.47,53.85,0.45,50.0,0.34,0.56,8.36,70.27,84.62,8.81,0,,0,,0,0.0,0.0,0.0,,,0.68,,3.05,0.0,0.0,0.0,0.0,0,0
Sun Yi Meng,Yi Meng Sun,-412490,Shandong SL,Shandong SL,https://cdn5.wyscout.com/photos/team/public/g-12774_120x120.png,Super League Women,GK,GK,100,,0,,0,26.0,1999-11-29,0,,8,794,0,0.0,0,0.0,0.23,100.0,China PR,['China PR'],unknown,174,64,False,1.81,0.11,100.0,0.11,100.0,0.0,0.0,0.0,1.7000000000000002,2.15,0.0,1,0.11,0,0.0,0.0,0.0,0,0.0,0.0,0,0.0,0,0.0,0.0,0.0,0.0,0.0,0.0,0.0,0.0,0.0,0.0,0.0,0.0,0.0,0.0,0.0,0.0,0.0,0.0,9.75,0.34,0.0,19.04,71.43,11.11,55.1,0.0,0.0,9.52,100.0,9.52,42.86,32.71,44.16,0.0,0.0,0.0,0.0,0.0,0.0,0.0,1.9300000000000002,35.29,0.11,0.0,0.0,0.0,0.0,0.0,5.67,60.0,93.94,7.48,9,1.02,35,3.9699999999999998,2,74.29,10.8,1.22,1.8,0.20400000000000001,0.0,1.02,0.11,,,,0.0,0,0
Si Yu,Yu Si,-412150,Beijing Beikong,Beijing Beikong,https://cdn5.wyscout.com/photos/team/public/g-12773_120x120.png,Super League Women,LCB,LCB,93,,0,,0,26.0,2000-03-18,0,,9,793,1,0.64,0,0.51,8.85,65.38,China PR,['China PR'],unknown,169,59,False,5.11,3.86,67.65,3.18,67.86,0.0,0.0,0.45,2.5,3.91,0.45,0,0.0,0,0.0,0.34,0.11,1,0.11,0.07,1,0.11,3,0.34,66.67,33.333,0.0,0.11,0.0,0.11,0.0,0.0,0.0,0.0,0.11,100.0,0.5700000000000001,60.0,0.91,0.23,0.0,23.04,0.0,0.34,36.43,86.29,17.93,78.48,1.7000000000000002,100.0,31.89,90.75,4.43,56.41,19.77,26.51,0.06,0.5700000000000001,0.0,0.0,0.0,0.0,0.45,3.86,67.65,0.91,50.0,0.5700000000000001,40.0,0.5700000000000001,0.0,8.17,68.06,93.6,14.19,0,,0,,0,0.0,0.0,0.0,,,0.79,,3.18,0.0,0.0,0.0,0.0,0,0
Zhang Cheng Xue,Cheng Xue Zhang,-412500,Sichuan,Sichuan,https://cdn5.wyscout.com/photos/team/public/g-14011_120x120.png,Super League Women,"LCB, RCMF, CB",LCB,35,RCMF,20,CB,19,30.0,1995-12-02,0,,8,789,2,1.02,0,0.37,9.58,63.1,China PR,['China PR'],unknown,173,70,False,7.41,3.76,81.82,2.51,68.18,0.0,0.0,0.0,4.33,4.73,0.46,1,0.11,0,0.0,0.68,0.23,1,0.11,0.12,0,0.0,9,1.03,33.33,22.222,0.0,0.46,25.0,0.0,0.0,0.46,25.0,0.23,0.91,25.0,1.83,25.0,0.34,0.68,0.34,9.58,0.46,0.11,22.81,56.5,13.8,40.5,2.05,94.44,14.49,71.65,7.87,30.43,24.56,38.39,0.04,0.34,0.0,0.0,0.0,0.0,0.11,5.02,31.82,1.83,12.5,1.71,13.33,0.46,0.0,5.93,46.15,80.0,5.13,0,,0,,0,0.0,0.0,0.0,,,0.5700000000000001,,2.51,0.8,0.34,33.33,0.0,1,100
Ling Qiwen,Ling Qiwen,-412398,Guangdong Meizhou,Guangdong Meizhou,https://cdn5.wyscout.com/photos/team/public/g-12776_120x120.png,Super League Women,"DMF, RCMF3, LCMF",DMF,29,RCMF3,24,LCMF,24,22.0,2004-05-19,0,,8,787,0,0.18,0,0.99,11.55,39.6,China PR,['China PR'],unknown,160,52,False,5.6,5.03,68.18,1.6,21.43,0.11,0.16,0.0,2.06,2.89,0.91,2,0.23,0,0.0,0.8,0.0,0,0.0,0.02,0,0.0,8,0.91,25.0,0.0,0.0,0.5700000000000001,40.0,0.23,0.0,0.34,66.67,0.0,1.03,33.33,4.0,20.0,0.5700000000000001,0.5700000000000001,0.11,15.9,1.37,0.0,26.3,70.87,10.06,53.41,4.8,88.1,21.61,78.31,4.12,36.11,17.9,32.51,0.11,1.1400000000000001,0.0,0.0,0.11,0.0,0.11,3.43,53.33,1.83,43.75,0.6900000000000001,33.33,0.34,0.34,5.03,56.82,76.12,7.66,0,,0,,0,0.0,0.0,0.0,,,0.23,,1.6,0.5700000000000001,0.0,0.0,1.94,0,0
Liu Yanqiu,Yanqiu Liu,268311,Wuhan Jiangda,Wuhan Jiangda,https://cdn5.wyscout.com/photos/team/public/g19398_120x120.png,Super League Women,"LB, LWB",LB,81,LWB,12,,0,30.0,1995-12-31,0,,9,785,1,0.24,1,0.77,14.1,60.98,China PR,['China PR'],,159,0,False,9.4,7.57,69.7,0.92,75.0,0.23,0.4,0.11,3.9,6.85,1.03,1,0.11,0,0.0,2.29,0.11,1,0.11,0.03,0,0.0,6,0.6900000000000001,33.33,16.667,0.11,1.9500000000000002,47.06,1.83,43.75,0.11,100.0,0.5700000000000001,1.72,66.67,4.93,51.16,0.23,1.49,0.11,35.43,1.72,0.8,50.45,78.18,18.46,65.22,8.6,89.33,43.11,85.64,5.39,29.79,17.4,30.68,0.09,0.8,0.0,0.0,0.11,0.0,0.5700000000000001,7.22,52.38,2.64,43.48,0.6900000000000001,33.33,0.5700000000000001,0.92,10.2,75.28,86.67,13.76,0,,0,,0,0.0,0.0,0.0,,,0.92,,0.92,0.0,0.0,0.0,0.0,0,0
Saratou  Traore,Saratou  Traore,-521625,Beijing Beikong,Beijing Beikong,https://cdn5.wyscout.com/photos/team/public/g-12773_120x120.png,Super League Women,"RAMF, AMF, CF",RAMF,27,AMF,25,CF,16,23.0,2002-09-27,0,2026-12-31,9,781,3,2.8200000000000003,3,1.18,23.16,43.78,Mali,['Mali'],right,156,0,False,7.61,5.88,64.71,1.73,46.67,0.0,0.0,0.0,3.8,5.96,1.6099999999999999,0,0.0,0,0.0,4.84,0.35000000000000003,3,0.35000000000000003,0.32,0,0.0,27,3.11,48.15,11.111,0.35000000000000003,1.8399999999999999,37.5,0.6900000000000001,16.67,1.04,55.56,0.81,6.11,39.62,13.25,33.04,4.38,2.07,0.46,19.24,1.96,1.6099999999999999,28.12,79.92,8.18,69.01,7.03,95.08,25.93,83.56,0.46,25.0,14.48,23.76,0.14,1.27,0.12,0.0,0.46,50.0,1.15,3.23,60.71,3.11,66.67,0.46,50.0,1.8399999999999999,0.6900000000000001,3.5700000000000003,80.65,83.61,7.03,0,,0,,0,0.0,0.0,0.0,,,0.12,,1.73,0.0,0.0,0.0,0.0,0,0
Zhao Xinyue,Zhao  Xinyue,-412111,Shaanxi Changan,Shaanxi Changan,https://cdn5.wyscout.com/photos/team/public/g-16070_120x120.png,Super League Women,"RB5, RWB",RB5,73,RWB,12,,0,22.0,2004-02-13,0,,9,781,0,0.0,0,0.01,10.95,47.37,China PR,['China PR'],unknown,0,0,False,5.88,5.88,56.86,1.8399999999999999,31.25,0.12,0.12,0.12,2.42,2.59,0.23,0,0.0,0,0.0,0.58,0.0,0,0.0,0.0,0,0.0,0,0.0,0.0,0.0,0.0,1.15,30.0,0.0,0.0,1.15,30.0,0.0,0.46,50.0,1.96,41.18,0.23,0.23,0.0,11.98,0.92,0.92,22.13,66.15,9.56,53.01,4.03,88.57,16.82,76.03,4.15,36.11,18.08,27.61,0.0,0.12,0.0,0.0,0.0,0.0,0.0,3.34,41.38,0.92,37.5,0.23,0.0,0.23,0.35000000000000003,5.65,57.14,65.79,4.38,0,,0,,0,0.0,0.0,0.0,,,0.12,,1.8399999999999999,0.0,0.0,0.0,0.12,0,0
Wurilige,Lige Wuri,-412228,Zhejiang,Zhejiang,https://cdn5.wyscout.com/photos/team/public/g-12777_120x120.png,Super League Women,GK,GK,100,,0,,0,28.0,1997-10-14,0,,8,779,0,0.0,0,0.0,0.46,100.0,China PR,['China PR'],unknown,0,0,False,2.31,0.12,100.0,0.23,100.0,0.12,0.13,0.0,2.08,2.35,0.0,0,0.0,0,0.0,0.0,0.0,0,0.0,0.0,0,0.0,0,0.0,0.0,0.0,0.0,0.0,0.0,0.0,0.0,0.0,0.0,0.0,0.0,0.0,0.0,0.0,0.0,0.0,0.0,1.27,0.0,0.0,7.05,63.93,6.12,58.49,0.0,0.0,1.96,94.12,5.08,52.27,39.93,44.7,0.0,0.0,0.0,0.0,0.0,0.0,0.0,0.35000000000000003,33.33,0.12,0.0,0.12,0.0,0.0,0.0,3.12,74.07,100.0,0.92,10,1.16,32,3.7,3,68.75,10.24,1.18,0.24,0.028,0.0,1.04,0.23,,,,0.0,0,0
Li Tingyingge,Tingyingge Li,-411937,Shanghai SRCB,Shanghai SRCB,https://cdn5.wyscout.com/photos/team/public/g-12772_120x120.png,Super League Women,RB,RB,100,,0,,0,22.0,2004-06-14,0,,9,775,0,0.21,1,1.15,13.59,50.43,China PR,['China PR'],unknown,170,58,False,8.01,3.83,81.82,1.16,40.0,0.0,0.0,0.12,4.88,8.87,0.23,1,0.12,0,0.0,3.48,0.0,0,0.0,0.02,0,0.0,7,0.81,42.86,0.0,0.12,4.3,40.54,0.0,0.0,4.3,40.54,0.81,3.14,44.44,7.43,37.5,1.28,4.06,0.93,29.96,0.46,0.7000000000000001,42.97,75.41,18.58,68.75,6.15,86.79,33.1,86.32,5.57,37.5,19.11,29.64,0.13,1.28,0.0,0.0,0.0,0.0,0.7000000000000001,7.32,65.08,4.3,35.14,0.7000000000000001,33.33,0.81,1.51,9.99,83.72,78.72,10.92,0,,0,,0,0.0,0.0,0.0,,,0.46,,1.16,0.0,0.0,0.0,0.0,0,0
Z. Xinyu,Zhou Xinyu,-686496,Liaoning Shenbei Hefeng,Liaoning Shenbei Hefeng,https://cdn5.wyscout.com/photos/team/public/g-21014_120x120.png,Super League Women,"CF, RCMF, AMF",CF,51,RCMF,18,AMF,13,24.0,2002-02-26,0,,9,773,2,3.47,1,0.41000000000000003,17.0,39.73,China PR,['China PR'],unknown,173,60,False,5.71,4.54,64.1,4.89,35.71,0.35000000000000003,0.5700000000000001,0.0,2.45,3.99,1.05,0,0.0,0,0.0,1.28,0.23,2,0.23,0.4,1,0.12,29,3.38,24.14,6.897,0.12,0.47000000000000003,0.0,0.23,0.0,0.23,0.0,0.12,0.8200000000000001,42.86,5.12,27.27,2.68,0.23,0.0,24.68,1.63,0.35000000000000003,34.58,69.7,11.88,54.9,5.71,85.71,31.79,72.89,2.33,40.0,15.42,20.5,0.05,0.58,0.12,0.12,0.12,100.0,0.23,4.89,52.38,2.1,44.44,0.47000000000000003,50.0,1.28,0.0,5.01,69.77,75.56,10.48,0,,0,,0,0.0,0.0,0.0,,,0.23,,4.89,0.0,0.0,0.0,0.0,0,0
F. Ijamilusi,Flolashade Florence Ijamilusi,463899,Liaoning Shenbei Hefeng,Liaoning Shenbei Hefeng,https://cdn5.wyscout.com/photos/team/public/g-21014_120x120.png,Super League Women,"RCB3, RCB",RCB3,72,RCB,13,,0,25.0,2001-05-30,0,,8,771,0,0.0,1,0.53,10.39,56.18,Nigeria,['Nigeria'],,0,0,False,9.11,5.37,76.09,0.93,75.0,0.12,0.19,0.8200000000000001,4.9,8.08,0.47000000000000003,1,0.12,0,0.0,1.17,0.0,0,0.0,0.0,0,0.0,0,0.0,0.0,0.0,0.12,2.33,40.0,0.12,0.0,2.22,42.11,0.23,0.7000000000000001,16.67,3.15,25.93,0.23,1.75,0.12,29.77,0.7000000000000001,0.35000000000000003,47.39,72.91,25.33,64.52,5.02,95.35,38.52,80.0,6.54,42.86,18.37,34.05,0.06,0.8200000000000001,0.12,0.12,0.12,100.0,0.58,9.81,60.71,3.62,48.39,1.17,40.0,0.8200000000000001,0.93,12.96,69.37,80.43,10.74,0,,0,,0,0.0,0.0,0.0,,,1.4,,0.93,0.0,0.0,0.0,0.0,0,0
Jiang Chenjing,Jiang  Chenjing,-412133,Wuhan Jiangda,Wuhan Jiangda,https://cdn5.wyscout.com/photos/team/public/g19398_120x120.png,Super League Women,"CF, RCMF",CF,69,RCMF,18,,0,22.0,2004-01-23,0,,9,768,1,1.12,0,0.34,27.66,33.05,China PR,['China PR'],unknown,0,0,False,5.74,5.86,60.0,3.16,44.44,0.35000000000000003,0.62,0.12,1.88,3.31,0.59,0,0.0,0,0.0,1.05,0.12,1,0.12,0.13,0,0.0,12,1.4100000000000001,33.33,8.333,0.0,0.35000000000000003,33.33,0.12,0.0,0.23,50.0,0.12,1.52,23.08,14.18,22.31,2.34,0.8200000000000001,0.0,20.27,1.4100000000000001,1.4100000000000001,30.59,83.91,5.51,61.7,8.32,85.92,29.06,86.29,1.29,45.45,14.51,13.92,0.04,0.59,0.0,0.0,0.12,100.0,0.35000000000000003,3.87,69.7,1.17,40.0,0.47000000000000003,25.0,0.8200000000000001,0.0,2.11,50.0,94.12,9.96,0,,0,,0,0.0,0.0,0.0,,,0.12,,3.16,0.0,0.0,0.0,0.0,0,0
Wang Xinxin,Xinxin Wang,-412148,Changchun Dazhong,Changchun Dazhong,https://cdn5.wyscout.com/photos/team/public/g19391_120x120.png,Super League Women,"RCB, CB",RCB,69,CB,21,,0,33.0,1992-12-05,0,,9,767,1,0.58,0,0.0,15.49,59.09,China PR,['China PR'],unknown,168,56,False,10.56,6.45,74.55,3.64,58.06,0.35000000000000003,0.51,0.9400000000000001,5.4,7.84,0.47000000000000003,0,0.0,0,0.0,0.9400000000000001,0.12,1,0.12,0.07,0,0.0,4,0.47000000000000003,50.0,25.0,0.0,0.23,100.0,0.0,0.0,0.23,100.0,0.0,0.47000000000000003,100.0,2.93,32.0,0.35000000000000003,0.23,0.0,37.31,0.23,0.47000000000000003,57.14,84.39,23.35,71.86,3.52,96.67,47.99,90.46,8.92,51.32,22.15,34.02,0.0,0.0,0.0,0.0,0.0,0.0,0.0,5.63,58.33,0.7000000000000001,66.67,0.0,0.0,0.23,0.23,12.2,61.54,93.84,24.76,0,,0,,0,0.0,0.0,0.0,,,2.46,,3.64,0.0,0.0,0.0,0.0,0,0
Wang Licheng,Wang Licheng,-383729,Sichuan,Sichuan,https://cdn5.wyscout.com/photos/team/public/g-14011_120x120.png,Super League Women,"RCMF, LCMF, RW",RCMF,25,LCMF,19,RW,15,21.0,2005-01-07,0,,9,764,1,1.05,0,1.03,16.49,50.71,China PR,['China PR'],unknown,0,0,False,11.43,5.54,70.21,2.47,23.81,0.9400000000000001,1.05,0.24,6.6,7.34,0.24,1,0.12,0,0.0,1.53,0.12,0,0.0,0.12,0,0.0,14,1.65,21.43,7.143,0.0,0.47000000000000003,25.0,0.35000000000000003,33.33,0.12,0.0,0.24,1.88,56.25,5.54,42.55,0.24,0.8200000000000001,0.47000000000000003,11.78,0.8200000000000001,1.06,28.63,60.08,12.72,41.67,3.3,96.43,23.44,67.84,4.71,25.0,18.31,29.78,0.12,0.59,0.12,0.0,0.12,0.0,0.12,6.01,33.33,1.65,35.71,1.4100000000000001,33.33,0.47000000000000003,0.12,5.3,46.67,82.76,6.83,0,,0,,0,0.0,0.0,0.0,,,0.12,,2.47,1.3,0.0,0.0,3.06,1,100
Wei Yiwen,Wei Yiwen,-412384,Guangdong Meizhou,Guangdong Meizhou,https://cdn5.wyscout.com/photos/team/public/g-12776_120x120.png,Super League Women,"LCB3, LB",LCB3,83,LB,12,,0,21.0,2004-08-10,0,,9,763,0,0.01,0,0.05,15.33,60.77,China PR,['China PR'],unknown,173,62,False,10.03,7.31,67.74,3.54,66.67,0.0,0.0,0.8300000000000001,5.07,6.86,0.35000000000000003,1,0.12,0,0.0,0.12,0.0,0,0.0,0.0,0,0.0,1,0.12,0.0,0.0,0.0,0.24,0.0,0.24,0.0,0.0,0.0,0.0,0.12,100.0,2.6,31.82,0.0,0.0,0.0,13.92,0.12,0.59,30.2,68.36,18.99,59.63,2.48,90.48,24.06,76.47,5.9,38.0,21.36,31.85,0.01,0.12,0.0,0.0,0.0,0.0,0.12,5.78,48.98,0.71,33.33,0.24,50.0,0.12,0.0,7.55,60.94,87.72,6.72,0,,0,,0,0.0,0.0,0.0,,,1.18,,3.54,0.35000000000000003,0.0,0.0,0.0,0,0
Xu Caiping,Xu  Caiping,-412181,Zhejiang,Zhejiang,https://cdn5.wyscout.com/photos/team/public/g-12777_120x120.png,Super League Women,RW,RW,88,,0,,0,29.0,1997-05-29,0,,9,762,1,0.66,1,0.30000000000000004,13.11,46.85,China PR,['China PR'],unknown,0,0,False,6.26,6.02,70.59,2.6,36.36,0.24,0.27,0.0,1.77,2.02,0.71,1,0.12,0,0.0,1.42,0.12,1,0.12,0.08,0,0.0,6,0.71,16.67,16.667,0.12,3.31,25.0,0.0,0.0,3.31,25.0,0.24,1.54,30.77,4.13,20.0,0.8300000000000001,0.9400000000000001,0.0,11.57,1.18,0.12,18.54,47.13,6.85,32.76,4.49,84.21,12.4,60.0,3.19,22.22,21.58,42.54,0.04,0.59,0.12,0.0,0.0,0.0,0.24,2.95,32.0,2.83,20.83,0.24,0.0,0.0,0.71,3.54,46.67,40.0,4.72,0,,0,,0,0.0,0.0,0.0,,,0.0,,2.6,0.0,0.0,0.0,0.0,0,0
Chen Qiaozhu,Qiaozhu Chen,520597,Beijing Beikong,Beijing Beikong,https://cdn5.wyscout.com/photos/team/public/g-12773_120x120.png,Super League Women,LB,LB,100,,0,,0,26.0,1999-09-08,0,,8,758,1,0.43,0,0.54,15.32,56.59,China PR,['China PR'],right,166,55,False,11.87,5.46,76.09,2.9699999999999998,68.0,0.24,0.38,0.12,7.48,11.81,0.36,0,0.0,0,0.0,3.21,0.12,1,0.12,0.05,0,0.0,11,1.31,18.18,9.091,0.0,3.56,33.33,3.56,33.33,0.0,0.0,0.47000000000000003,2.37,75.0,5.34,37.78,0.71,1.31,0.0,27.66,1.42,0.12,49.16,73.43,19.83,64.67,5.82,97.96,41.08,80.06,4.87,43.9,18.56,33.56,0.06,0.59,0.12,0.0,0.0,0.0,0.36,9.26,62.82,3.92,45.45,0.59,20.0,1.07,0.8300000000000001,11.87,74.0,75.37,15.91,0,,0,,0,0.0,0.0,0.0,,,0.47000000000000003,,2.9699999999999998,0.0,0.0,0.0,0.12,0,0
Li Xiaochen,Li  Xiaochen,-412231,Zhejiang,Zhejiang,https://cdn5.wyscout.com/photos/team/public/g-12777_120x120.png,Super League Women,"LCMF, LCMF3",LCMF,83,LCMF3,14,,0,25.0,2001-06-04,0,,9,757,0,0.2,0,0.24,18.78,41.14,China PR,['China PR'],unknown,0,0,False,8.08,5.47,71.74,6.54,30.91,0.36,0.4,0.59,3.8,4.3,0.8300000000000001,0,0.0,0,0.0,0.48,0.0,0,0.0,0.02,0,0.0,3,0.36,0.0,0.0,0.0,0.71,33.33,0.71,33.33,0.0,0.0,0.0,0.36,66.67,4.16,22.86,0.71,0.24,0.0,18.31,0.71,0.12,34.6,72.51,11.29,49.47,5.59,95.74,29.48,80.24,4.52,26.32,18.48,32.36,0.03,0.48,0.0,0.12,0.12,0.0,0.24,6.78,45.61,1.55,30.77,0.9500000000000001,12.5,0.36,0.24,3.69,58.06,80.2,12.01,0,,0,,0,0.0,0.0,0.0,,,0.0,,6.54,0.12,0.0,0.0,0.0,0,0
Zhang Qing,Zhang  Qing,-412203,Shaanxi Changan,Shaanxi Changan,https://cdn5.wyscout.com/photos/team/public/g-16070_120x120.png,Super League Women,"LCMF, RCMF",LCMF,67,RCMF,20,,0,31.0,1995-05-25,0,,9,757,2,0.36,0,0.42,18.9,52.2,China PR,['China PR'],unknown,0,0,False,9.87,6.18,75.0,3.33,42.86,0.48,0.5,0.59,4.76,4.98,0.59,0,0.0,0,0.0,2.14,0.24,2,0.24,0.04,0,0.0,13,1.55,46.15,15.385,0.0,1.19,40.0,0.48,0.0,0.59,80.0,0.24,1.6600000000000001,50.0,6.42,35.19,0.9500000000000001,0.8300000000000001,0.24,12.96,0.59,1.07,29.13,71.84,10.22,53.49,3.69,90.32,24.97,77.14,2.9699999999999998,40.0,18.85,36.49,0.05,0.59,0.0,0.0,0.12,100.0,0.12,5.47,45.65,1.6600000000000001,35.71,0.8300000000000001,28.57,0.24,0.24,5.35,60.0,80.23,10.22,0,,0,,0,0.0,0.0,0.0,,,0.12,,3.33,1.78,0.48,25.0,3.33,0,0
Zeng Siyun,Zeng  Siyun,-412122,Guangdong Meizhou,Guangdong Meizhou,https://cdn5.wyscout.com/photos/team/public/g-12776_120x120.png,Super League Women,"CB, LCB",CB,84,LCB,14,,0,22.0,2004-06-05,0,,9,756,1,0.37,0,0.0,11.79,64.65,China PR,['China PR'],unknown,0,0,False,9.52,5.36,82.22,3.81,53.13,0.12,0.17,0.71,5.0,6.96,0.12,0,0.0,0,0.0,0.36,0.12,1,0.12,0.04,1,0.12,3,0.36,66.67,33.333,0.0,0.12,0.0,0.12,0.0,0.0,0.0,0.0,0.12,100.0,0.6000000000000001,20.0,0.9500000000000001,0.12,0.0,12.02,0.24,0.12,25.36,74.18,9.05,56.58,3.81,93.75,20.36,84.21,4.88,34.15,21.36,34.57,0.0,0.0,0.0,0.0,0.0,0.0,0.0,3.21,40.74,0.48,25.0,0.24,50.0,0.36,0.0,5.36,44.44,83.33,10.71,0,,0,,0,0.0,0.0,0.0,,,2.86,,3.81,0.12,0.0,0.0,0.0,0,0
Song Duan,Duan Song,268297,Wuhan Jiangda,Wuhan Jiangda,https://cdn5.wyscout.com/photos/team/public/g19398_120x120.png,Super League Women,"RW, RWB",RW,84,RWB,13,,0,30.0,1995-08-02,0,,9,753,1,1.18,1,0.30000000000000004,14.7,43.9,China PR,['China PR'],,0,0,False,6.8100000000000005,3.11,80.77,2.27,52.63,0.48,0.8,0.24,3.8200000000000003,6.4,0.84,0,0.0,0,0.0,3.11,0.12,1,0.12,0.14,0,0.0,14,1.67,35.71,7.143,0.12,2.39,35.0,0.0,0.0,2.39,35.0,0.48,3.59,46.67,7.53,26.98,1.79,2.15,0.6000000000000001,27.01,2.63,0.0,36.81,76.95,7.29,57.38,8.49,90.14,31.91,83.52,2.63,31.82,16.14,34.37,0.04,0.6000000000000001,0.0,0.0,0.0,0.0,0.36,3.23,62.96,2.87,45.83,0.48,25.0,0.96,0.72,5.74,56.25,74.47,11.24,0,,0,,0,0.0,0.0,0.0,,,0.0,,2.27,0.0,0.0,0.0,0.0,0,0
Luo Luo,Luo  Luo,-412516,Wuhan Jiangda,Wuhan Jiangda,https://cdn5.wyscout.com/photos/team/public/g19398_120x120.png,Super League Women,"LW, RW, LWF",LW,72,RW,16,LWF,10,19.0,2006-10-12,0,,9,744,0,1.12,0,0.1,15.6,39.53,China PR,['China PR'],unknown,0,0,False,6.41,4.6,73.68,1.45,25.0,0.12,0.21,0.0,2.9,5.0,0.0,0,0.0,0,0.0,0.6000000000000001,0.0,0,0.0,0.14,0,0.0,9,1.09,11.11,0.0,0.0,1.57,7.69,1.33,9.09,0.24,0.0,0.12,1.69,21.43,6.77,23.21,1.94,1.09,0.24,16.81,1.45,0.12,24.8,73.66,4.96,53.66,8.1,97.01,22.5,78.49,0.73,66.67,14.88,13.1,0.01,0.24,0.12,0.0,0.12,0.0,0.0,1.94,68.75,1.69,28.57,0.36,0.0,0.36,0.12,3.63,53.33,62.26,6.41,0,,0,,0,0.0,0.0,0.0,,,0.0,,1.45,0.0,0.0,0.0,0.0,0,0
Yang Jing,Yang Jing,-412470,Shaanxi Changan,Shaanxi Changan,https://cdn5.wyscout.com/photos/team/public/g-16070_120x120.png,Super League Women,"RCMF, LCMF",RCMF,75,LCMF,16,,0,22.0,2003-08-26,0,,9,737,0,0.32,0,0.31,12.7,47.12,China PR,['China PR'],unknown,165,56,False,6.11,5.13,69.05,0.85,28.57,0.0,0.0,0.0,2.56,2.64,0.85,0,0.0,0,0.0,1.34,0.0,0,0.0,0.04,0,0.0,7,0.85,28.57,0.0,0.0,0.98,50.0,0.61,60.0,0.37,33.33,0.12,1.5899999999999999,38.46,4.76,30.77,0.61,0.73,0.12,11.85,0.24,0.61,23.45,68.75,10.01,57.32,3.18,92.31,19.66,72.67,2.93,45.83,18.77,23.41,0.04,0.49,0.0,0.0,0.12,0.0,0.0,4.76,53.85,1.71,50.0,0.37,33.33,0.37,0.49,5.5,75.56,72.55,6.23,0,,0,,0,0.0,0.0,0.0,,,0.12,,0.85,0.0,0.0,0.0,0.0,0,0
B. Kalala Kubiena,Benie Kalala Kubiena,-659466,Shanghai SRCB,Shanghai SRCB,https://cdn5.wyscout.com/photos/team/public/g-12772_120x120.png,Super League Women,"RCB, LCB",RCB,73,LCB,26,,0,27.0,1999-05-07,0,,8,734,1,1.98,0,0.22,10.54,52.33,Congo DR,['Congo DR'],unknown,0,0,False,7.36,2.94,79.17,4.05,48.48,0.0,0.0,0.37,5.03,9.39,0.49,0,0.0,0,0.0,0.25,0.12,1,0.12,0.24,1,0.12,6,0.74,33.33,16.667,0.0,0.0,0.0,0.0,0.0,0.0,0.0,0.0,0.0,0.0,2.33,26.32,0.98,1.23,0.0,24.89,0.0,0.0,48.8,84.17,21.83,75.84,2.08,94.12,43.41,88.7,5.4,47.73,19.79,27.67,0.03,0.12,0.0,0.0,0.0,0.0,0.0,6.25,66.67,0.25,0.0,0.12,0.0,0.12,0.0,8.71,74.65,94.67,20.72,0,,0,,0,0.0,0.0,0.0,,,1.8399999999999999,,4.05,0.0,0.0,0.0,0.0,0,0
X. Zongmei,Xie Zongmei,-690000,Liaoning Shenbei Hefeng,Liaoning Shenbei Hefeng,https://cdn5.wyscout.com/photos/team/public/g-21014_120x120.png,Super League Women,"LWB, AMF, RWB",LWB,36,AMF,26,RWB,13,20.0,2006-04-26,0,,9,728,0,0.46,2,0.96,17.8,46.53,China PR,['China PR'],,0,0,False,6.92,5.5600000000000005,60.0,0.74,66.67,0.25,0.41000000000000003,0.0,3.34,5.51,0.37,0,0.0,0,0.0,3.34,0.0,0,0.0,0.06,0,0.0,11,1.3599999999999999,9.09,0.0,0.25,2.7199999999999998,31.82,2.1,35.29,0.49,25.0,0.37,4.08,57.58,10.26,38.55,1.98,1.24,0.25,23.12,1.73,0.62,33.13,72.01,10.14,53.66,7.54,90.16,27.69,80.8,2.7199999999999998,22.73,16.38,32.71,0.12,0.62,0.0,0.0,0.12,0.0,0.37,5.44,50.0,3.71,33.33,0.74,0.0,0.62,0.87,4.33,82.86,71.23,9.02,0,,0,,0,0.0,0.0,0.0,,,0.0,,0.74,0.0,0.0,0.0,0.12,0,0
Lv Ya Tong,Ya Tong Lv,-412506,Changchun Dazhong,Changchun Dazhong,https://cdn5.wyscout.com/photos/team/public/g19391_120x120.png,Super League Women,LB,LB,81,,0,,0,29.0,1996-11-04,0,,8,726,0,0.05,0,0.22,14.75,52.94,China PR,['China PR'],unknown,166,53,False,11.16,8.18,66.67,1.98,31.25,0.74,1.03,0.25,4.96,6.9,0.74,2,0.25,0,0.0,0.5,0.0,0,0.0,0.01,0,0.0,3,0.37,0.0,0.0,0.0,1.12,22.22,1.12,22.22,0.0,0.0,0.0,0.74,33.33,3.6,41.38,0.12,0.62,0.0,24.3,1.8599999999999999,1.49,35.21,67.96,16.86,55.15,5.21,92.86,28.26,77.63,5.83,29.79,18.89,33.75,0.03,0.5,0.0,0.0,0.0,0.0,0.12,6.57,52.83,1.6099999999999999,30.77,0.37,0.0,0.37,0.25,8.8,60.56,72.73,8.18,0,,0,,0,0.0,0.0,0.0,,,0.5,,1.98,0.0,0.0,0.0,0.0,0,0
Liang Jinyan,Liang Jinyan,-412446,Guangdong Meizhou,Guangdong Meizhou,https://cdn5.wyscout.com/photos/team/public/g-12776_120x120.png,Super League Women,CF,CF,100,,0,,0,23.0,2003-01-11,0,,9,725,1,1.11,0,0.32,17.38,34.29,China PR,['China PR'],unknown,162,50,False,2.61,3.6,48.28,4.59,40.54,0.0,0.0,0.12,0.87,1.2,1.99,0,0.0,0,0.0,2.23,0.12,1,0.12,0.14,1,0.12,12,1.49,33.33,8.333,0.0,1.6099999999999999,30.77,0.5,25.0,1.12,33.33,0.25,2.11,58.82,6.83,29.09,2.11,0.0,0.25,7.2,2.23,0.62,11.05,61.8,2.48,25.0,3.23,80.77,8.07,72.31,1.37,36.36,18.28,27.0,0.04,0.5,0.0,0.0,0.0,0.0,0.25,0.87,0.0,1.6099999999999999,30.77,0.25,50.0,0.25,0.5,1.49,50.0,64.0,3.1,0,,0,,0,0.0,0.0,0.0,,,0.0,,4.59,0.0,0.0,0.0,0.0,0,0
Zhang Linyan,Linyan Zhang,-185141,Beijing Beikong,Beijing Beikong,https://cdn5.wyscout.com/photos/team/public/g-12773_120x120.png,Super League Women,"LAMF, LW, LCMF3",LAMF,64,LW,22,LCMF3,13,25.0,2001-01-16,0,,9,724,4,2.61,1,1.27,17.4,52.14,China PR,['China PR'],right,154,0,False,6.22,3.6,65.52,0.99,25.0,0.0,0.0,0.12,3.85,6.08,0.25,1,0.12,0,0.0,6.59,0.5,3,0.37,0.32,0,0.0,22,2.73,36.36,18.182,0.12,4.6,37.84,4.48,38.89,0.12,0.0,0.62,5.97,62.5,12.06,50.52,4.6,3.11,0.62,23.12,0.87,1.62,33.94,72.16,9.57,58.44,7.71,88.71,27.72,79.82,1.74,42.86,17.26,30.47,0.16,1.62,0.0,0.0,0.62,20.0,1.24,3.98,68.75,4.35,48.57,0.87,28.57,1.12,1.49,6.96,76.79,74.32,9.2,0,,0,,0,0.0,0.0,0.0,,,0.12,,0.99,0.25,0.25,0.0,0.0,1,100
Wenli Liu,Liu Wenli,-462655,Guangxi Pingguo Bainong,Guangxi Pingguo Bainong,https://cdn5.wyscout.com/photos/team/public/g-17625_120x120.png,Super League Women,"RCMF, LCMF",RCMF,69,LCMF,20,,0,22.0,2004-05-15,0,,9,723,0,0.15,0,0.0,12.82,60.19,China PR,['China PR'],,0,0,False,5.73,4.73,84.21,2.12,64.71,0.12,0.18,0.0,1.62,2.39,0.12,0,0.0,0,0.0,0.62,0.0,0,0.0,0.02,0,0.0,3,0.37,33.33,0.0,0.0,0.62,0.0,0.0,0.0,0.62,0.0,0.12,0.87,57.14,4.11,39.39,1.37,0.37,0.0,30.62,0.25,0.5,41.83,84.82,8.96,59.72,7.59,98.36,38.34,88.96,2.86,47.83,15.91,21.3,0.0,0.0,0.0,0.0,0.0,0.0,0.0,5.35,60.47,0.62,40.0,0.25,0.0,0.5,0.25,3.86,58.06,92.75,17.18,0,,0,,0,0.0,0.0,0.0,,,0.25,,2.12,0.0,0.0,0.0,0.0,0,0
H. Božić,Helena Božić,305130,Changchun Dazhong,Changchun Dazhong,https://cdn5.wyscout.com/photos/team/public/g19391_120x120.png,Super League Women,LCB,LCB,81,,0,,0,29.0,1997-02-14,0,,8,722,0,0.0,1,0.6900000000000001,12.96,66.35,Montenegro,['Montenegro'],,0,0,False,9.85,5.48,68.18,4.49,66.67,0.0,0.0,0.37,6.11,8.12,1.0,1,0.12,0,0.0,0.0,0.0,0,0.0,0.0,0,0.0,0,0.0,0.0,0.0,0.12,0.12,0.0,0.12,0.0,0.0,0.0,0.0,0.12,0.0,1.5,58.33,0.12,0.25,0.0,26.3,0.12,0.0,44.63,73.18,23.68,58.95,2.74,95.45,35.03,83.99,9.47,34.21,24.72,41.87,0.09,0.12,0.0,0.0,0.0,0.0,0.12,6.98,35.71,1.0,0.0,0.62,40.0,0.0,0.0,10.72,58.14,90.83,14.96,0,,0,,0,0.0,0.0,0.0,,,2.24,,4.49,0.0,0.0,0.0,0.0,0,0
Li Qingtong,Qingtong Li,-253372,Beijing Beikong,Beijing Beikong,https://cdn5.wyscout.com/photos/team/public/g-12773_120x120.png,Super League Women,"LDMF, RDMF, LCMF",LDMF,31,RDMF,26,LCMF,14,27.0,1999-04-14,0,,8,719,2,1.03,1,0.88,17.4,53.24,China PR,['China PR'],unknown,171,56,False,11.02,6.63,79.25,4.26,47.06,0.13,0.19,0.25,5.63,8.39,0.75,2,0.25,0,0.0,1.25,0.25,2,0.25,0.13,0,0.0,10,1.25,40.0,20.0,0.13,1.38,27.27,0.25,50.0,1.13,22.22,0.25,1.0,37.5,4.01,25.0,1.25,1.0,0.25,25.54,0.5,0.38,42.06,73.21,15.27,61.48,6.76,94.44,35.92,79.79,4.76,36.84,19.34,34.85,0.11,0.75,0.25,0.0,0.13,0.0,0.5,9.51,63.16,2.13,29.41,0.75,33.33,0.5,0.5,9.14,76.71,74.56,14.27,0,,0,,0,0.0,0.0,0.0,,,0.38,,4.26,0.25,0.25,0.0,0.0,0,0
Wan Weijing,Wan  Weijing,-412086,Jiangsu Wuxi,Jiangsu Wuxi,https://cdn5.wyscout.com/photos/team/public/g-11601_120x120.png,Super League Women,"RWB, RB5",RWB,52,RB5,30,,0,28.0,1997-12-08,0,,9,718,1,0.11,0,1.2,18.05,49.31,China PR,['China PR'],unknown,0,0,False,9.15,6.52,61.54,1.63,38.46,0.38,0.65,0.25,4.76,8.2,1.88,1,0.13,0,0.0,3.01,0.13,1,0.13,0.01,0,0.0,4,0.5,25.0,25.0,0.0,4.14,24.24,0.13,0.0,3.89,25.81,0.38,3.64,51.72,8.27,37.88,1.25,1.63,0.13,24.82,1.5,0.5,35.97,64.81,14.04,52.68,6.14,91.84,28.96,73.59,3.01,33.33,18.61,27.52,0.15,0.88,0.0,0.0,0.0,0.0,0.38,4.39,42.86,3.51,28.57,0.38,66.67,0.13,1.38,7.9,58.73,63.64,9.65,0,,0,,0,0.0,0.0,0.0,,,0.13,,1.63,0.0,0.0,0.0,0.0,0,0
Qiao Ruiqi,Ruiqi Qiao,-383728,Jiangsu Wuxi,Jiangsu Wuxi,https://cdn5.wyscout.com/photos/team/public/g-11601_120x120.png,Super League Women,RCB3,RCB3,98,,0,,0,21.0,2005-04-17,0,,8,712,0,0.44,1,0.02,9.48,60.0,China PR,['China PR'],unknown,0,0,False,9.35,5.06,65.0,1.9,60.0,0.13,0.22,0.63,5.94,10.29,0.51,0,0.0,0,0.0,0.38,0.0,0,0.0,0.06,0,0.0,5,0.63,40.0,0.0,0.13,0.25,0.0,0.13,0.0,0.13,0.0,0.0,0.13,100.0,1.1400000000000001,66.67,0.63,1.26,0.0,40.45,0.38,0.0,59.54,83.65,25.79,72.06,2.91,86.96,52.71,88.49,6.57,48.08,21.92,33.04,0.0,0.38,0.0,0.0,0.0,0.0,0.13,10.24,72.84,0.63,80.0,0.0,0.0,0.38,0.0,13.15,73.08,94.93,27.43,0,,0,,0,0.0,0.0,0.0,,,1.9,,1.9,0.25,0.13,0.0,0.0,0,0
Qi Yan,Yan Qi,-412156,Wuhan Jiangda,Wuhan Jiangda,https://cdn5.wyscout.com/photos/team/public/g19398_120x120.png,Super League Women,"RCMF, DMF",RCMF,82,DMF,10,,0,26.0,1999-10-04,0,,8,710,2,0.32,0,0.05,17.37,60.58,China PR,['China PR'],unknown,172,63,False,8.24,5.2,73.17,5.07,62.5,0.13,0.21,0.38,4.31,7.18,1.27,1,0.13,0,0.0,0.76,0.25,2,0.25,0.04,1,0.13,9,1.1400000000000001,22.22,22.222,0.0,0.25,0.0,0.13,0.0,0.13,0.0,0.0,0.63,80.0,4.82,42.11,0.63,0.0,0.0,42.34,0.13,0.51,60.97,85.45,18.0,71.83,11.41,92.22,55.65,89.75,5.07,42.5,16.64,36.23,0.01,0.63,0.0,0.13,0.0,0.0,0.25,9.13,62.5,1.27,40.0,1.3900000000000001,27.27,0.63,0.0,6.59,69.23,90.91,20.92,0,,0,,0,0.0,0.0,0.0,,,0.63,,5.07,0.0,0.0,0.0,0.0,0,0
Wu Yuwei,Wu Yuwei,-412441,Shaanxi Changan,Shaanxi Changan,https://cdn5.wyscout.com/photos/team/public/g-16070_120x120.png,Super League Women,"LB5, LB",LB5,68,LB,15,,0,21.0,2005-05-17,0,,9,706,0,0.44,0,0.02,11.86,50.54,China PR,['China PR'],unknown,159,52,False,9.18,5.86,69.57,0.76,33.33,0.0,0.0,0.25,5.1,5.29,0.38,0,0.0,0,0.0,1.27,0.0,0,0.0,0.06,0,0.0,3,0.38,33.33,0.0,0.0,1.27,30.0,1.15,33.33,0.13,0.0,0.13,1.27,60.0,4.08,34.38,0.64,0.76,0.89,11.73,1.02,0.64,20.4,66.25,8.92,48.57,3.19,92.0,15.42,75.21,3.7,41.38,18.46,24.99,0.0,0.25,0.0,0.0,0.0,0.0,0.0,2.17,58.82,1.27,30.0,0.25,0.0,0.13,0.38,5.48,46.51,79.59,6.25,0,,0,,0,0.0,0.0,0.0,,,0.25,,0.76,0.0,0.0,0.0,0.0,0,0
Liu Xiaole,Liu Xiaole,-412425,Shaanxi Changan,Shaanxi Changan,https://cdn5.wyscout.com/photos/team/public/g-16070_120x120.png,Super League Women,RCB3,RCB3,86,,0,,0,21.0,2004-11-03,0,,9,701,0,0.54,0,0.37,11.43,58.43,China PR,['China PR'],unknown,174,58,False,10.01,6.03,63.83,3.47,44.44,0.64,0.67,0.64,5.52,5.73,0.9,0,0.0,0,0.0,0.51,0.0,0,0.0,0.07,0,0.0,5,0.64,40.0,0.0,0.0,0.39,66.67,0.13,100.0,0.26,50.0,0.13,0.13,0.0,1.03,75.0,1.28,0.39,0.0,13.87,0.26,1.03,30.56,64.71,18.1,57.45,2.05,87.5,22.21,69.36,7.96,51.61,21.2,33.17,0.05,0.13,0.0,0.0,0.0,0.0,0.13,4.49,71.43,0.64,60.0,0.26,0.0,0.39,0.26,12.33,54.17,69.49,7.57,0,,0,,0,0.0,0.0,0.0,,,0.51,,3.47,0.0,0.0,0.0,0.0,0,0
Liu Jing,Jing Liu,333758,Changchun Dazhong,Changchun Dazhong,https://cdn5.wyscout.com/photos/team/public/g19391_120x120.png,Super League Women,"AMF, RCMF, CF",AMF,27,RCMF,21,CF,17,28.0,1998-04-28,0,,9,697,0,0.30000000000000004,1,1.28,10.46,46.91,China PR,['China PR'],,167,60,False,5.29,3.62,71.43,1.03,25.0,0.26,0.34,0.26,2.45,3.26,0.39,0,0.0,0,0.0,0.9,0.0,0,0.0,0.04,0,0.0,7,0.9,14.29,0.0,0.13,0.52,75.0,0.39,100.0,0.13,0.0,0.13,1.03,37.5,3.74,31.03,0.77,0.65,0.0,21.43,0.65,0.77,31.38,76.13,9.43,58.9,8.01,88.71,26.99,80.38,4.0,48.39,18.11,34.9,0.17,1.55,0.0,0.0,0.13,0.0,0.65,4.0,61.29,1.55,75.0,0.9,57.14,1.16,0.26,6.2,58.33,86.3,9.43,0,,0,,0,0.0,0.0,0.0,,,0.39,,1.03,1.6800000000000002,0.0,0.0,1.94,0,0
Lyu Yueyun,Yueyun Lyu,268303,Wuhan Jiangda,Wuhan Jiangda,https://cdn5.wyscout.com/photos/team/public/g19398_120x120.png,Super League Women,"LCMF, RCMF",LCMF,89,RCMF,10,,0,30.0,1995-11-13,0,,9,690,3,0.9500000000000001,0,1.1400000000000001,13.7,42.86,China PR,['China PR'],,0,0,False,6.26,3.26,68.0,1.96,26.67,0.13,0.23,0.26,3.91,7.03,0.13,0,0.0,0,0.0,1.04,0.39,3,0.39,0.12,0,0.0,11,1.43,18.18,27.273,0.0,0.39,33.33,0.26,50.0,0.13,0.0,0.0,0.91,71.43,6.52,30.0,1.7000000000000002,0.78,0.13,51.78,0.52,0.52,70.57,85.21,17.74,72.79,14.22,91.74,66.39,88.02,3.7800000000000002,41.38,15.91,32.19,0.15,1.83,0.13,0.13,0.13,0.0,0.39,8.87,67.65,1.3,50.0,0.65,0.0,0.65,0.13,8.09,64.52,91.49,24.52,0,,0,,0,0.0,0.0,0.0,,,1.04,,1.96,0.13,0.0,0.0,1.96,0,0
Z. Caiyu,Zhao  Caiyu,-836864,Guangdong Meizhou,Guangdong Meizhou,https://cdn5.wyscout.com/photos/team/public/g-12776_120x120.png,Super League Women,"LCMF3, DMF, RCMF",LCMF3,34,DMF,29,RCMF,14,19.0,2007-07-09,0,,9,690,1,0.86,0,0.26,22.04,49.11,China PR,['China PR'],unknown,0,0,False,9.0,6.26,64.58,3.7800000000000002,37.93,0.39,0.54,0.52,4.57,6.29,2.09,1,0.13,0,0.0,2.22,0.13,1,0.13,0.11,0,0.0,13,1.7000000000000002,15.38,7.692,0.0,0.91,42.86,0.13,0.0,0.78,50.0,0.0,1.83,78.57,7.96,47.54,1.43,0.13,0.0,14.61,0.91,0.78,25.3,74.74,7.3,57.14,3.52,92.59,21.13,79.63,3.26,52.0,18.04,29.79,0.03,0.52,0.0,0.0,0.26,50.0,0.52,4.17,68.75,1.83,42.86,0.78,33.33,0.78,0.39,5.48,59.52,76.12,8.74,0,,0,,0,0.0,0.0,0.0,,,0.0,,3.7800000000000002,0.0,0.0,0.0,0.0,0,0
J. Mongkoldee,Jiraporn Mongkoldee,-184616,Guangxi Pingguo Bainong,Guangxi Pingguo Bainong,https://cdn5.wyscout.com/photos/team/public/g-17625_120x120.png,Super League Women,"RW, CF, RWF",RW,34,CF,28,RWF,13,27.0,1998-08-13,0,,9,688,2,1.87,1,0.19,18.84,42.36,Thailand,['Thailand'],,0,0,False,6.93,4.84,70.27,2.49,42.11,0.0,0.0,0.26,3.5300000000000002,4.79,0.26,0,0.0,0,0.0,2.09,0.26,2,0.26,0.24,0,0.0,12,1.57,33.33,16.667,0.13,1.31,30.0,0.13,100.0,1.18,22.22,0.0,2.09,56.25,9.81,29.33,1.83,1.18,0.13,18.58,2.35,1.44,28.52,77.52,5.49,57.14,9.03,88.41,26.29,81.59,1.05,37.5,15.71,23.61,0.02,0.52,0.13,0.13,0.0,0.0,0.39,2.75,57.14,1.96,40.0,0.13,100.0,0.65,0.26,2.62,60.0,76.79,7.33,0,,0,,0,0.0,0.0,0.0,,,0.13,,2.49,0.0,0.0,0.0,0.0,0,0
Li Ya Nan,Ya Nan Li,-412519,Shandong SL,Shandong SL,https://cdn5.wyscout.com/photos/team/public/g-12774_120x120.png,Super League Women,CF,CF,95,,0,,0,25.0,2001-04-09,0,,8,685,1,2.54,0,0.72,21.81,36.14,China PR,['China PR'],unknown,176,67,False,4.6,3.94,56.67,8.54,43.08,0.0,0.0,0.0,2.36,2.84,1.45,0,0.0,0,0.0,1.18,0.13,0,0.0,0.33,0,0.0,12,1.58,33.33,8.333,0.0,1.31,30.0,1.05,37.5,0.26,0.0,0.26,1.05,25.0,5.65,20.93,1.45,0.13,0.0,12.74,1.45,1.05,16.42,64.8,4.07,38.71,3.15,83.33,14.72,68.75,0.39,33.33,15.81,5.94,0.09,0.66,0.0,0.0,0.0,0.0,0.26,2.23,41.18,1.58,50.0,0.13,0.0,0.53,0.39,1.97,53.33,61.76,4.47,0,,0,,0,0.0,0.0,0.0,,,0.0,,8.54,0.0,0.0,0.0,0.0,1,100
I. Lungu,Ireen Lungu,333439,Sichuan,Sichuan,https://cdn5.wyscout.com/photos/team/public/g-14011_120x120.png,Super League Women,"LW, LAMF",LW,67,LAMF,14,,0,28.0,1997-10-06,0,,9,678,0,1.83,1,0.42,16.46,41.94,Zambia,['Zambia'],,0,0,False,5.97,4.91,54.05,2.92,31.82,0.0,0.0,0.13,3.32,4.05,1.46,1,0.13,0,0.0,1.5899999999999999,0.0,0,0.0,0.24,0,0.0,9,1.19,55.56,0.0,0.13,0.66,60.0,0.27,50.0,0.4,66.67,0.13,1.33,40.0,6.37,39.58,2.26,0.4,0.13,11.15,1.73,1.73,20.18,59.87,8.5,40.63,4.91,83.78,18.19,62.04,1.33,30.0,15.11,17.94,0.06,0.53,0.0,0.0,0.0,0.0,0.13,2.39,38.89,0.93,57.14,0.27,50.0,0.8,0.4,5.44,46.34,65.38,3.45,0,,0,,0,0.0,0.0,0.0,,,0.0,,2.92,0.0,0.0,0.0,0.0,0,0
Mei Xue,Mei Xue,-411996,Guangxi Pingguo Bainong,Guangxi Pingguo Bainong,https://cdn5.wyscout.com/photos/team/public/g-17625_120x120.png,Super League Women,"RCMF, CF, LCMF",RCMF,30,CF,29,LCMF,15,25.0,2001-06-13,0,,9,677,1,1.19,1,0.16,12.23,53.26,China PR,['China PR'],unknown,168,61,False,4.65,3.32,64.0,3.59,74.07,0.0,0.0,0.13,2.5300000000000002,4.01,0.27,0,0.0,0,0.0,1.06,0.13,1,0.13,0.16,1,0.13,10,1.33,50.0,10.0,0.13,0.13,0.0,0.13,0.0,0.0,0.0,0.0,0.66,60.0,3.19,33.33,0.93,0.13,0.0,35.49,1.73,0.27,48.12,79.83,14.36,64.81,11.3,94.12,42.41,83.7,5.58,52.38,17.67,31.51,0.02,0.66,0.0,0.13,0.0,0.0,0.27,8.51,67.19,2.92,40.91,0.8,0.0,1.06,0.0,8.38,73.02,82.71,17.68,0,,0,,0,0.0,0.0,0.0,,,0.4,,3.59,0.53,0.13,0.0,0.4,0,0
Xu Zi Yue,Zi Yue Xu,-417541,Sichuan,Sichuan,https://cdn5.wyscout.com/photos/team/public/g-14011_120x120.png,Super League Women,"LB, LB5",LB,70,LB5,29,,0,24.0,2001-09-20,0,,7,676,0,0.43,0,0.31,13.71,64.08,China PR,['China PR'],unknown,171,50,False,10.78,7.72,81.03,2.8,47.62,0.53,0.61,0.0,3.99,4.55,0.93,0,0.0,0,0.0,0.93,0.0,0,0.0,0.06,0,0.0,3,0.4,33.33,0.0,0.0,0.8,66.67,0.8,66.67,0.0,0.0,0.0,0.53,50.0,1.6,33.33,0.4,0.4,0.0,13.31,0.4,0.13,24.76,46.24,15.71,37.29,1.6,83.33,15.98,55.83,8.12,26.23,21.59,33.57,0.04,0.27,0.0,0.0,0.13,0.0,0.13,5.06,36.84,1.8599999999999999,50.0,0.93,28.57,0.53,0.53,9.45,40.85,64.29,3.73,0,,0,,0,0.0,0.0,0.0,,,0.27,,2.8,0.13,0.0,0.0,0.0,0,0
Wang Shuang,Shuang Wang,260991,Wuhan Jiangda,Wuhan Jiangda,https://cdn5.wyscout.com/photos/team/public/g19398_120x120.png,Super League Women,CF,CF,92,,0,,0,31.0,1995-01-23,0,,7,664,4,3.8,2,1.1,13.42,32.32,China PR,['China PR'],left,165,0,False,1.9,1.49,54.55,1.9,28.57,0.0,0.0,0.0,1.08,1.85,0.41000000000000003,0,0.0,0,0.0,4.07,0.54,3,0.41000000000000003,0.52,0,0.0,34,4.61,41.18,11.765,0.27,0.68,20.0,0.54,25.0,0.14,0.0,0.0,2.98,50.0,8.4,30.65,3.12,0.81,0.27,19.65,2.3,0.81,20.2,75.84,6.23,63.04,3.8,89.29,17.89,79.55,1.63,58.33,17.14,18.83,0.15,0.81,0.14,0.0,0.81,66.67,0.81,3.66,74.07,2.98,59.09,0.81,33.33,1.49,0.14,4.07,76.67,79.59,6.64,0,,0,,0,0.0,0.0,0.0,,,0.0,,1.9,0.68,0.27,50.0,1.49,1,100
Sifan Xue,Sifan Xue,-455595,Shanghai SRCB,Shanghai SRCB,https://cdn5.wyscout.com/photos/team/public/g-12772_120x120.png,Super League Women,"LCMF, RCMF, RDMF",LCMF,37,RCMF,28,RDMF,18,18.0,2007-12-20,0,,7,654,0,0.11,0,0.63,15.83,51.3,China PR,['China PR'],unknown,0,0,False,8.26,5.92,74.42,2.34,47.06,0.0,0.0,0.14,3.85,6.67,0.6900000000000001,1,0.14,0,0.0,1.1,0.0,0,0.0,0.02,0,0.0,4,0.55,25.0,0.0,0.0,1.38,50.0,0.55,50.0,0.8300000000000001,50.0,0.0,0.55,50.0,5.23,34.21,0.14,0.8300000000000001,0.0,27.11,0.0,0.6900000000000001,47.48,72.75,20.09,58.9,4.27,96.77,39.5,79.44,6.61,37.5,18.95,31.13,0.09,0.55,0.0,0.0,0.41000000000000003,0.0,0.41000000000000003,13.62,64.65,2.89,23.81,1.1,0.0,0.6900000000000001,0.6900000000000001,8.39,78.69,81.68,18.03,0,,0,,0,0.0,0.0,0.0,,,0.28,,2.34,0.0,0.0,0.0,0.0,0,0
Chen Xiubing,Chen Xiubing,-412394,Guangxi Pingguo Bainong,Guangxi Pingguo Bainong,https://cdn5.wyscout.com/photos/team/public/g-17625_120x120.png,Super League Women,"LCMF, RCMF",LCMF,81,RCMF,10,,0,27.0,1999-01-18,0,,8,652,0,0.36,0,0.66,13.67,58.59,China PR,['China PR'],unknown,170,56,False,7.59,5.52,65.0,3.04,50.0,0.0,0.0,0.6900000000000001,4.0,5.12,0.8300000000000001,0,0.0,0,0.0,0.8300000000000001,0.0,0,0.0,0.05,0,0.0,12,1.6600000000000001,25.0,0.0,0.0,0.41000000000000003,0.0,0.28,0.0,0.14,0.0,0.41000000000000003,0.55,75.0,3.59,53.85,0.6900000000000001,0.55,0.0,24.57,0.41000000000000003,0.8300000000000001,36.17,70.99,14.49,50.48,5.52,100.0,31.61,75.11,4.14,46.67,17.78,36.19,0.09,0.41000000000000003,0.0,0.0,0.14,0.0,0.14,6.9,48.0,1.79,15.38,0.8300000000000001,16.67,0.14,0.0,5.94,62.79,80.0,11.04,0,,0,,0,0.0,0.0,0.0,,,0.28,,3.04,0.28,0.0,0.0,0.55,0,0
Lin Dandan,Lin Dandan,-411921,Guangxi Pingguo Bainong,Guangxi Pingguo Bainong,https://cdn5.wyscout.com/photos/team/public/g-17625_120x120.png,Super League Women,"RCB3, RCB",RCB3,74,RCB,25,,0,27.0,1999-03-24,0,,7,645,0,0.32,0,0.0,9.63,78.26,China PR,['China PR'],unknown,0,0,False,7.4,5.44,82.05,1.9500000000000002,64.29,0.0,0.0,0.56,2.93,4.23,0.42,1,0.14,0,0.0,0.28,0.0,0,0.0,0.04,0,0.0,1,0.14,0.0,0.0,0.0,0.14,100.0,0.0,0.0,0.14,100.0,0.0,0.14,100.0,1.12,100.0,0.42,1.81,0.0,41.86,0.14,1.4,54.56,84.65,23.44,70.24,2.65,94.74,44.93,92.55,9.49,47.06,21.04,31.95,0.0,0.0,0.14,0.0,0.0,0.0,0.0,10.74,68.83,1.4,40.0,1.4,30.0,0.7000000000000001,0.14,12.84,75.0,96.3,22.6,0,,0,,0,0.0,0.0,0.0,,,1.53,,1.9500000000000002,0.0,0.0,0.0,0.0,0,0
M. Yang,Man Yang,451686,Liaoning Shenbei Hefeng,Liaoning Shenbei Hefeng,https://cdn5.wyscout.com/photos/team/public/g-21014_120x120.png,Super League Women,"RCMF, DMF, CF",RCMF,45,DMF,22,CF,20,30.0,1995-11-02,0,,8,637,1,1.49,0,0.02,15.97,61.06,China PR,['China PR'],,186,75,False,6.78,2.68,68.42,9.47,74.63,0.42,0.71,0.14,4.52,7.5600000000000005,0.71,1,0.14,0,0.0,0.71,0.14,1,0.14,0.21,1,0.14,16,2.26,25.0,6.25,0.0,0.14,0.0,0.14,0.0,0.0,0.0,0.0,0.28,50.0,1.27,11.11,2.4,0.14,0.0,28.82,0.85,0.0,42.53,74.75,17.38,56.91,6.5,91.3,37.86,80.97,4.52,25.0,17.02,30.47,0.0,0.28,0.0,0.0,0.0,0.0,0.0,7.21,54.9,1.55,9.09,0.42,0.0,0.42,0.0,4.95,60.0,89.77,12.43,0,,0,,0,0.0,0.0,0.0,,,0.14,,9.47,0.0,0.0,0.0,0.0,0,0
Peng Yuxiao,Peng Yuxiao,-412172,Beijing Beikong,Beijing Beikong,https://cdn5.wyscout.com/photos/team/public/g-12773_120x120.png,Super League Women,RB,RB,100,,0,,0,27.0,1999-05-27,0,,7,629,0,0.22,0,0.19,7.87,69.09,China PR,['China PR'],unknown,0,0,False,5.01,3.58,80.0,0.5700000000000001,75.0,0.14,0.23,0.0,2.0,3.18,0.29,1,0.14,0,0.0,2.86,0.0,0,0.0,0.03,0,0.0,7,1.0,14.29,0.0,0.0,2.58,50.0,0.0,0.0,2.58,50.0,0.43,1.29,88.89,3.15,59.09,0.43,1.57,0.29,26.18,0.86,0.43,39.92,73.48,21.32,65.77,3.86,96.3,30.91,82.87,6.44,37.78,19.62,29.61,0.03,0.5700000000000001,0.0,0.14,0.43,66.67,0.43,8.44,67.8,3.58,56.0,0.5700000000000001,50.0,0.5700000000000001,1.29,14.45,71.29,76.19,9.01,0,,0,,0,0.0,0.0,0.0,,,0.43,,0.5700000000000001,0.29,0.14,0.0,0.0,0,0
Wu Zhenni,Wu  Zhenni,-412321,Sichuan,Sichuan,https://cdn5.wyscout.com/photos/team/public/g-14011_120x120.png,Super League Women,"RB, RB5",RB,77,RB5,21,,0,24.0,2002-01-15,0,,8,628,0,0.06,0,0.09,12.32,50.0,China PR,['China PR'],unknown,0,0,False,9.89,7.45,63.46,2.29,31.25,0.0,0.0,0.14,5.16,5.93,0.29,0,0.0,0,0.0,0.5700000000000001,0.0,0,0.0,0.01,0,0.0,2,0.29,50.0,0.0,0.0,1.0,42.86,0.14,100.0,0.86,33.33,0.0,0.14,0.0,2.01,28.57,0.0,0.72,0.5700000000000001,12.32,0.14,0.29,22.64,67.09,11.75,56.1,1.72,91.67,16.48,78.26,5.16,36.11,17.72,30.99,0.01,0.43,0.0,0.0,0.14,0.0,0.29,5.45,65.79,1.29,22.22,0.86,16.67,0.0,0.43,6.45,55.56,68.97,4.16,0,,0,,0,0.0,0.0,0.0,,,0.5700000000000001,,2.29,0.29,0.0,0.0,0.0,0,0
Gao Huimin,Huimin Gao,-412161,Changchun Dazhong,Changchun Dazhong,https://cdn5.wyscout.com/photos/team/public/g19391_120x120.png,Super League Women,"RB, RCB3, RB5",RB,66,RCB3,11,RB5,11,26.0,2000-02-17,0,,8,619,0,0.11,0,0.13,14.98,53.4,China PR,['China PR'],unknown,160,58,False,9.89,7.27,70.0,1.31,33.33,0.15,0.2,0.15,4.65,6.36,0.29,0,0.0,0,0.0,1.31,0.0,0,0.0,0.02,0,0.0,3,0.44,0.0,0.0,0.0,1.6,18.18,0.0,0.0,1.6,18.18,0.0,1.6,63.64,5.53,39.47,0.29,0.73,0.0,25.3,1.31,0.87,33.88,72.96,14.54,59.0,4.8,90.91,27.48,79.89,4.8,51.52,18.0,24.46,0.02,0.29,0.0,0.0,0.0,0.0,0.15,5.38,67.57,1.74,41.67,0.29,50.0,0.58,0.29,9.89,64.71,81.36,8.58,0,,0,,0,0.0,0.0,0.0,,,0.58,,1.31,0.0,0.0,0.0,0.0,0,0
Xia Lejiao,Xia  Lejiao,-412164,Guangdong Meizhou,Guangdong Meizhou,https://cdn5.wyscout.com/photos/team/public/g-12776_120x120.png,Super League Women,"CF, LCB3, RCB3",CF,37,LCB3,22,RCB3,15,21.0,2004-08-07,0,,9,618,0,0.25,0,0.16,15.29,49.52,China PR,['China PR'],unknown,0,0,False,10.05,5.68,84.62,3.06,28.57,0.44,0.61,0.15,4.8100000000000005,6.73,0.29,0,0.0,0,0.0,1.46,0.0,0,0.0,0.04,0,0.0,6,0.87,16.67,0.0,0.0,1.17,25.0,0.87,33.33,0.29,0.0,0.0,1.17,87.5,4.37,30.0,0.87,0.87,0.0,10.34,1.02,0.0,24.9,70.76,9.61,63.64,4.95,91.18,19.81,77.94,3.93,48.15,18.21,32.54,0.02,0.44,0.0,0.0,0.15,0.0,0.15,3.64,64.0,1.6,36.36,0.58,25.0,0.29,0.29,5.39,67.57,69.05,6.12,0,,0,,0,0.0,0.0,0.0,,,0.29,,3.06,0.0,0.0,0.0,0.0,0,0
Xia Yuxin,Xia Yuxin,-411968,Guangxi Pingguo Bainong,Guangxi Pingguo Bainong,https://cdn5.wyscout.com/photos/team/public/g-17625_120x120.png,Super League Women,"RB5, RWB, RB",RB5,72,RWB,15,RB,11,24.0,2002-02-06,0,,8,615,0,0.12,2,0.26,16.39,58.04,China PR,['China PR'],unknown,160,52,False,13.9,8.49,67.24,2.49,52.94,0.88,1.22,0.29,7.32,10.2,0.88,0,0.0,0,0.0,0.73,0.0,0,0.0,0.02,0,0.0,1,0.15,0.0,0.0,0.29,1.9,38.46,0.0,0.0,1.9,38.46,0.15,0.15,0.0,2.7800000000000002,31.58,0.15,1.32,0.0,22.98,1.17,0.88,34.1,64.81,16.98,56.03,4.54,83.87,27.37,73.26,4.83,27.27,18.34,29.45,0.04,0.44,0.0,0.0,0.0,0.0,0.29,7.17,51.02,2.93,45.0,0.73,20.0,0.44,0.73,8.34,71.93,69.49,8.63,0,,0,,0,0.0,0.0,0.0,,,0.59,,2.49,0.0,0.0,0.0,0.0,0,0
L. Yuhan,Li Yuhan,-536988,Shaanxi Changan,Shaanxi Changan,https://cdn5.wyscout.com/photos/team/public/g-16070_120x120.png,Super League Women,"LW, LWF",LW,53,LWF,14,,0,19.0,2007-06-08,0,,9,611,0,0.46,0,0.16,15.91,46.3,China PR,['China PR'],unknown,0,0,False,5.89,4.27,68.97,1.77,16.67,0.0,0.0,0.29,2.95,3.43,0.29,0,0.0,0,0.0,1.33,0.0,0,0.0,0.07,0,0.0,5,0.74,0.0,0.0,0.0,1.18,0.0,0.44,0.0,0.59,0.0,0.29,1.77,75.0,7.95,40.74,2.36,1.18,0.0,7.07,0.59,1.62,12.96,60.23,2.65,61.11,2.5,88.24,11.05,69.33,0.74,20.0,17.39,9.21,0.02,0.74,0.0,0.0,0.0,0.0,0.0,1.18,62.5,0.59,50.0,0.29,50.0,0.74,0.0,2.21,40.0,56.67,4.42,0,,0,,0,0.0,0.0,0.0,,,0.0,,1.77,0.0,0.0,0.0,0.0,0,0
Shuo Jiang,Shuo Jiang,-529258,Shandong SL,Shandong SL,https://cdn5.wyscout.com/photos/team/public/g-12774_120x120.png,Super League Women,"RCMF, LCMF",RCMF,65,LCMF,31,,0,19.0,2007-06-23,0,,9,608,1,0.22,0,0.02,14.95,43.56,China PR,['China PR'],unknown,0,0,False,8.88,6.37,62.79,3.7,24.0,1.33,1.6600000000000001,0.15,3.55,4.42,0.59,0,0.0,0,0.0,0.74,0.15,1,0.15,0.03,0,0.0,3,0.44,66.67,33.333,0.0,0.15,100.0,0.0,0.0,0.15,100.0,0.0,1.18,25.0,3.11,28.57,0.74,0.30000000000000004,0.0,14.21,0.89,0.74,26.35,66.85,9.92,50.75,5.03,100.0,24.13,69.94,2.07,28.57,12.98,22.17,0.0,0.15,0.0,0.0,0.15,0.0,0.0,4.14,42.86,1.04,28.57,0.74,0.0,0.44,0.15,3.11,42.86,64.1,5.77,0,,0,,0,0.0,0.0,0.0,,,0.0,,3.7,0.0,0.0,0.0,0.0,0,0
Ou Yiyao,Ou  Yiyao,-412068,Jiangsu Wuxi,Jiangsu Wuxi,https://cdn5.wyscout.com/photos/team/public/g-11601_120x120.png,Super League Women,"AMF, RWF, CF",AMF,24,RWF,23,CF,18,25.0,2001-03-13,0,,9,599,2,0.98,1,0.35000000000000003,16.98,46.02,China PR,['China PR'],unknown,0,0,False,3.46,2.85,63.16,1.65,54.55,0.30000000000000004,0.55,0.15,1.35,2.48,0.6000000000000001,2,0.30000000000000004,0,0.0,3.61,0.30000000000000004,1,0.15,0.15,0,0.0,16,2.4,31.25,12.5,0.15,2.85,21.05,1.05,14.29,1.8,25.0,0.30000000000000004,2.7,83.33,10.22,39.71,2.1,1.05,0.0,27.2,2.1,0.9,35.76,73.95,10.07,59.7,8.41,94.64,29.45,81.63,3.46,52.17,19.93,29.98,0.05,0.6000000000000001,0.30000000000000004,0.0,0.0,0.0,0.15,4.21,57.14,3.91,38.46,0.45,66.67,0.6000000000000001,0.6000000000000001,5.5600000000000005,59.46,75.36,10.37,0,,0,,0,0.0,0.0,0.0,,,0.30000000000000004,,1.65,0.75,0.15,0.0,0.75,1,100
Mahira Ali,Mahira Ali Mohmed Ali El Danbouki,-389537,Beijing Beikong,Beijing Beikong,https://cdn5.wyscout.com/photos/team/public/g-12773_120x120.png,Super League Women,"RDMF, AMF, LDMF",RDMF,28,AMF,21,LDMF,15,28.0,1997-11-01,0,,9,599,0,0.56,2,1.56,9.47,50.79,Egypt,['Egypt'],unknown,0,0,False,6.01,3.76,76.0,1.2,25.0,0.0,0.0,0.30000000000000004,3.16,5.25,0.6000000000000001,0,0.0,0,0.0,1.05,0.0,0,0.0,0.08,0,0.0,9,1.35,22.22,0.0,0.30000000000000004,1.8,8.33,0.75,20.0,1.05,0.0,0.0,0.6000000000000001,75.0,3.46,39.13,1.5,1.05,0.0,32.75,0.75,0.30000000000000004,49.43,73.56,16.23,58.33,5.71,89.47,40.27,81.72,7.51,44.0,16.64,22.32,0.23,2.1,0.0,0.15,0.75,20.0,0.45,11.27,58.67,3.76,28.0,2.25,20.0,1.35,0.15,7.8100000000000005,73.08,83.08,19.53,0,,0,,0,0.0,0.0,0.0,,,0.0,,1.2,1.35,0.15,0.0,5.11,0,0
Guo Xinyu,Xinyu Guo,-383730,Jiangsu Wuxi,Jiangsu Wuxi,https://cdn5.wyscout.com/photos/team/public/g-11601_120x120.png,Super League Women,GK,GK,100,,0,,0,20.0,2006-03-14,0,,6,594,0,0.0,0,0.0,0.61,100.0,China PR,['China PR'],unknown,0,0,False,2.42,0.15,100.0,0.30000000000000004,100.0,0.15,0.27,0.0,2.12,3.7800000000000002,0.0,0,0.0,0,0.0,0.0,0.0,0,0.0,0.0,0,0.0,0,0.0,0.0,0.0,0.0,0.0,0.0,0.0,0.0,0.0,0.0,0.0,0.0,0.0,0.0,0.0,0.0,0.0,0.0,10.91,0.0,0.15,19.39,83.59,11.21,77.03,0.0,0.0,14.55,94.79,4.85,50.0,27.02,40.85,0.0,0.0,0.0,0.0,0.0,0.0,0.0,0.15,0.0,0.0,0.0,0.0,0.0,0.0,0.0,4.24,50.0,93.75,7.27,5,0.76,21,3.18,3,76.19,5.25,0.8,0.25,0.038,0.0,1.3599999999999999,0.30000000000000004,,,,0.0,0,0
Gao Chen,Chen Gao,451685,Changchun Dazhong,Changchun Dazhong,https://cdn5.wyscout.com/photos/team/public/g19391_120x120.png,Super League Women,"DMF, RDMF, RCMF",DMF,36,RDMF,35,RCMF,16,33.0,1992-08-11,0,,9,593,0,0.07,1,1.02,11.53,65.79,China PR,['China PR'],right,170,57,False,8.95,3.79,80.0,1.97,76.92,0.76,1.15,0.46,5.16,7.79,0.30000000000000004,1,0.15,0,0.0,1.82,0.0,0,0.0,0.01,0,0.0,6,0.91,16.67,0.0,0.15,1.37,55.56,0.15,0.0,1.21,62.5,0.0,0.91,83.33,3.64,45.83,0.61,0.91,0.0,34.91,0.30000000000000004,0.61,50.69,85.63,17.45,76.52,6.22,97.56,42.95,90.81,6.37,57.14,19.14,35.24,0.15,0.76,0.0,0.0,0.15,100.0,0.46,9.11,80.0,3.79,48.0,1.37,33.33,1.37,0.76,8.95,79.66,90.0,21.25,0,,0,,0,0.0,0.0,0.0,,,1.06,,1.97,0.15,0.0,0.0,0.0,0,0
Shanshan Wang,Shanshan Wang,343107,Beijing Beikong,Beijing Beikong,https://cdn5.wyscout.com/photos/team/public/g-12773_120x120.png,Super League Women,"RCB, LCB, LWF",RCB,48,LCB,21,LWF,10,36.0,1990-01-27,0,,8,591,2,0.52,0,0.06,11.88,62.82,China PR,['China PR'],right,170,58,False,5.03,3.05,90.0,4.26,71.43,0.61,0.93,0.15,1.6800000000000002,2.56,0.15,0,0.0,0,0.0,0.76,0.30000000000000004,2,0.30000000000000004,0.08,1,0.15,7,1.07,42.86,28.571,0.0,0.15,0.0,0.15,0.0,0.0,0.0,0.15,0.30000000000000004,50.0,3.05,25.0,1.22,0.0,0.0,21.47,0.76,0.30000000000000004,34.72,74.56,16.75,70.0,3.2,90.48,27.56,79.56,7.01,56.52,18.26,30.89,0.01,0.46,0.0,0.0,0.15,100.0,0.0,5.94,51.28,1.07,42.86,0.91,16.67,0.76,0.0,7.77,64.71,82.43,11.27,0,,0,,0,0.0,0.0,0.0,,,0.76,,4.26,0.0,0.0,0.0,0.0,0,0
P. Agbotsu,Pauline G Agbotsu,-510420,Sichuan,Sichuan,https://cdn5.wyscout.com/photos/team/public/g-14011_120x120.png,Super League Women,CF,CF,100,,0,,0,26.0,2000-01-24,0,,9,587,2,1.13,1,0.42,22.69,35.14,Liberia,['Liberia'],unknown,0,0,False,3.68,3.37,72.73,2.61,23.53,0.0,0.0,0.0,1.23,1.45,1.23,1,0.15,0,0.0,2.3,0.31,2,0.31,0.17,0,0.0,6,0.92,50.0,33.333,0.15,1.38,11.11,0.31,0.0,1.07,14.29,0.0,2.61,64.71,14.11,30.43,1.69,1.69,0.61,6.13,2.3,1.8399999999999999,12.11,69.62,2.45,50.0,3.37,90.91,10.58,76.81,0.15,100.0,15.85,2.6,0.06,0.31,0.0,0.0,0.0,0.0,0.15,0.77,40.0,1.07,28.57,0.15,100.0,0.31,0.15,0.92,66.67,63.16,2.91,0,,0,,0,0.0,0.0,0.0,,,0.0,,2.61,0.0,0.0,0.0,0.0,0,0
Yuying Chen,Yuying Chen,-545334,Zhejiang Hangzhou U16,Zhejiang,https://cdn5.wyscout.com/photos/team/public/g-20720_120x120.png,,RCB,RCB,100,,0,,0,18.0,2008-04-09,0,,6,585,0,0.04,0,0.0,6.15,62.5,China PR,['China PR'],unknown,0,0,False,5.69,3.38,72.73,2.15,57.14,0.0,0.0,0.46,3.23,3.64,0.46,0,0.0,0,0.0,0.15,0.0,0,0.0,0.01,0,0.0,1,0.15,0.0,0.0,0.0,0.46,0.0,0.31,0.0,0.15,0.0,0.31,0.15,100.0,0.31,50.0,0.46,0.15,0.0,8.0,0.0,0.0,23.23,55.63,15.85,47.57,0.31,100.0,12.46,72.84,10.31,37.31,27.06,37.8,0.0,0.0,0.0,0.0,0.0,0.0,0.0,6.0,43.59,0.92,33.33,0.46,33.33,0.31,0.0,7.85,49.02,75.68,5.69,0,,0,,0,0.0,0.0,0.0,,,0.31,,2.15,0.31,0.0,0.0,0.0,0,0
Siwen Miu,Siwen Miu,268314,Shanghai SRCB,Shanghai SRCB,https://cdn5.wyscout.com/photos/team/public/g-12772_120x120.png,Super League Women,"LCMF, AMF, CF",LCMF,31,AMF,30,CF,16,31.0,1995-01-24,0,,8,583,3,3.32,0,1.13,13.89,47.78,China PR,['China PR'],,0,0,False,4.94,4.01,65.38,2.01,38.46,0.0,0.0,0.0,2.32,4.41,0.77,0,0.0,0,0.0,3.4,0.46,3,0.46,0.51,0,0.0,16,2.47,56.25,18.75,0.0,1.08,71.43,0.46,66.67,0.62,75.0,0.0,2.16,57.14,6.02,43.59,3.7,2.01,0.15,23.16,1.23,0.46,31.18,79.21,7.5600000000000005,63.27,4.01,69.23,29.49,81.15,0.62,0.0,15.27,8.86,0.17,2.32,0.15,0.0,0.0,0.0,0.31,3.86,68.0,2.62,58.82,0.15,0.0,1.3900000000000001,0.77,3.24,71.43,89.19,11.42,0,,0,,0,0.0,0.0,0.0,,,0.0,,2.01,0.31,0.0,0.0,1.54,1,0
M. Ezenagu,Mary-Ann Ogochukwu Ezenagu,463901,Zhejiang,Zhejiang,https://cdn5.wyscout.com/photos/team/public/g-12777_120x120.png,Super League Women,"CF, LW",CF,79,LW,20,,0,25.0,2001-01-25,0,,9,580,0,0.48,1,0.28,24.52,39.24,Nigeria,['Nigeria'],,0,0,False,6.52,4.34,78.57,4.19,7.41,0.0,0.0,0.31,3.1,3.49,1.09,0,0.0,0,0.0,2.79,0.0,0,0.0,0.07,0,0.0,7,1.09,57.14,0.0,0.16,1.4,22.22,0.16,100.0,1.24,12.5,0.0,3.5700000000000003,52.17,12.1,35.9,1.8599999999999999,1.71,0.47000000000000003,11.48,3.41,1.8599999999999999,22.03,61.97,5.43,37.14,6.05,79.49,20.33,64.89,0.47000000000000003,66.67,15.12,12.52,0.04,0.47000000000000003,0.0,0.0,0.16,0.0,0.31,1.71,18.18,0.93,33.33,0.16,0.0,0.62,0.16,1.4,11.11,74.07,4.19,0,,0,,0,0.0,0.0,0.0,,,0.0,,4.19,0.0,0.0,0.0,0.0,0,0
Wu Ziying,Wu  Ziying,-412214,Zhejiang,Zhejiang,https://cdn5.wyscout.com/photos/team/public/g-12777_120x120.png,Super League Women,"DMF, CF",DMF,71,CF,20,,0,29.0,1997-02-16,0,,7,576,0,0.11,1,0.96,10.94,55.71,China PR,['China PR'],unknown,0,0,False,5.63,2.5,62.5,4.06,69.23,0.0,0.0,0.47000000000000003,4.06,4.88,0.16,0,0.0,0,0.0,0.78,0.0,0,0.0,0.02,0,0.0,5,0.78,0.0,0.0,0.16,0.47000000000000003,66.67,0.31,50.0,0.16,100.0,0.16,0.78,60.0,2.5,31.25,0.47000000000000003,0.47000000000000003,0.0,12.03,0.31,0.47000000000000003,27.5,68.18,13.44,58.14,3.44,81.82,23.12,69.59,3.91,60.0,16.76,31.65,0.15,1.25,0.0,0.0,0.0,0.0,0.47000000000000003,5.31,58.82,1.56,60.0,0.78,40.0,0.47000000000000003,0.31,6.25,50.0,78.57,6.5600000000000005,0,,0,,0,0.0,0.0,0.0,,,0.0,,4.06,1.56,0.16,0.0,1.25,0,0
Zhao Jintong,Zhao  Jintong,-412348,Sichuan,Sichuan,https://cdn5.wyscout.com/photos/team/public/g-14011_120x120.png,Super League Women,"RCMF, LCMF",RCMF,50,LCMF,33,,0,24.0,2002-04-08,0,,7,575,1,0.79,0,0.13,22.23,54.93,China PR,['China PR'],unknown,0,0,False,9.86,6.57,69.05,9.23,57.63,0.16,0.17,0.9400000000000001,5.17,5.69,1.1,0,0.0,0,0.0,0.16,0.16,1,0.16,0.12,1,0.16,4,0.63,25.0,25.0,0.0,0.0,0.0,0.0,0.0,0.0,0.0,0.0,0.16,0.0,3.29,28.57,0.63,0.16,0.0,11.58,0.16,0.78,25.98,71.08,11.58,51.35,4.38,85.71,21.76,79.14,4.23,29.63,17.93,35.63,0.02,0.16,0.0,0.0,0.0,0.0,0.0,5.01,37.5,1.57,20.0,1.1,14.29,0.47000000000000003,0.0,4.7,40.0,90.0,6.26,0,,0,,0,0.0,0.0,0.0,,,0.16,,9.23,0.0,0.0,0.0,0.0,0,0
Yang Min,Min Yang,-412159,Changchun Dazhong,Changchun Dazhong,https://cdn5.wyscout.com/photos/team/public/g19391_120x120.png,Super League Women,"RW, RAMF, LAMF",RW,32,RAMF,21,LAMF,13,24.0,2002-02-15,0,,8,573,1,0.78,0,0.07,12.09,44.16,China PR,['China PR'],unknown,164,60,False,5.03,5.03,68.75,1.26,25.0,0.0,0.0,0.0,1.57,2.33,0.63,0,0.0,0,0.0,1.26,0.16,1,0.16,0.12,0,0.0,5,0.79,40.0,20.0,0.0,1.26,25.0,0.31,50.0,0.9400000000000001,16.67,0.0,0.63,100.0,4.08,23.08,1.26,0.63,0.0,21.52,2.04,0.16,27.33,68.97,6.6,50.0,8.8,87.5,23.4,76.51,3.14,20.0,17.52,30.29,0.01,0.16,0.0,0.0,0.0,0.0,0.0,3.3,38.1,2.36,40.0,0.79,0.0,0.79,0.31,4.24,66.67,60.0,7.07,0,,0,,0,0.0,0.0,0.0,,,0.16,,1.26,0.0,0.0,0.0,0.0,0,0
Lin Xinhui,Lin Xinhui,-411969,Guangxi Pingguo Bainong,Guangxi Pingguo Bainong,https://cdn5.wyscout.com/photos/team/public/g-17625_120x120.png,Super League Women,"LB5, LWB, LW",LB5,46,LWB,21,LW,11,24.0,2002-02-06,0,,9,562,1,0.51,0,1.13,19.38,47.93,China PR,['China PR'],unknown,163,50,False,9.93,7.05,72.73,1.92,50.0,0.64,0.92,0.0,4.16,5.95,0.8,1,0.16,0,0.0,1.92,0.16,1,0.16,0.08,0,0.0,4,0.64,25.0,25.0,0.0,1.44,22.22,1.28,25.0,0.0,0.0,0.16,3.04,47.37,9.45,32.2,1.76,1.28,0.16,19.54,2.88,0.48,30.11,75.0,5.93,59.46,7.69,87.5,26.74,82.04,1.92,16.67,16.24,22.45,0.18,0.96,0.0,0.0,0.0,0.0,0.32,1.76,27.27,1.6,40.0,0.16,0.0,0.8,0.32,4.32,55.56,70.59,10.89,0,,0,,0,0.0,0.0,0.0,,,0.16,,1.92,0.0,0.0,0.0,0.0,0,0
Li Yanfei,Yanfei Li,-412487,Sichuan,Sichuan,https://cdn5.wyscout.com/photos/team/public/g-14011_120x120.png,Super League Women,"CF, LW",CF,62,LW,20,,0,29.0,1996-10-08,0,,6,541,0,1.06,0,0.1,17.63,35.85,China PR,['China PR'],unknown,166,53,False,3.16,3.83,39.13,3.16,26.32,0.67,0.6900000000000001,0.0,1.0,1.04,1.5,0,0.0,0,0.0,1.33,0.0,0,0.0,0.18,0,0.0,6,1.0,50.0,0.0,0.0,0.8300000000000001,0.0,0.5,0.0,0.33,0.0,0.17,2.66,31.25,8.65,32.69,1.5,1.33,0.5,11.81,3.16,1.16,13.81,61.45,4.33,38.46,3.49,95.24,12.14,67.12,0.8300000000000001,40.0,16.55,24.88,0.02,0.33,0.0,0.0,0.17,0.0,0.0,1.83,45.45,1.33,12.5,0.5,33.33,0.17,0.0,2.16,53.85,52.38,3.49,0,,0,,0,0.0,0.0,0.0,,,0.0,,3.16,0.0,0.0,0.0,0.0,0,0
Zhang Yaoyue,Zhang  Yaoyue,-412312,Sichuan,Sichuan,https://cdn5.wyscout.com/photos/team/public/g-14011_120x120.png,Super League Women,"RW, CF, RAMF",RW,42,CF,38,RAMF,14,22.0,2003-08-24,0,,9,540,0,0.1,0,0.19,14.33,40.7,China PR,['China PR'],unknown,0,0,False,5.83,3.0,61.11,1.0,33.33,0.0,0.0,0.17,4.0,4.26,0.17,0,0.0,0,0.0,1.67,0.0,0,0.0,0.02,0,0.0,3,0.5,0.0,0.0,0.0,1.0,33.33,0.0,0.0,1.0,33.33,0.0,1.83,63.64,8.33,34.0,2.0,1.83,0.5,13.0,1.0,1.33,20.83,70.4,7.67,56.52,4.83,86.21,19.17,73.91,0.67,25.0,13.45,13.85,0.03,0.17,0.17,0.0,0.17,100.0,0.17,2.5,73.33,1.83,45.45,0.33,50.0,0.8300000000000001,0.33,4.17,44.0,63.33,5.0,0,,0,,0,0.0,0.0,0.0,,,0.17,,1.0,0.0,0.0,0.0,0.0,0,0
Zhai Qingwei,Qingwei Zhai,-185137,Jiangsu Wuxi,Jiangsu Wuxi,https://cdn5.wyscout.com/photos/team/public/g-11601_120x120.png,Super League Women,"LWB, RWB, LB5",LWB,37,RWB,28,LB5,25,29.0,1996-09-24,0,,9,539,0,0.07,0,0.23,13.53,51.85,China PR,['China PR'],,0,0,False,7.01,5.51,66.67,2.34,42.86,0.0,0.0,0.0,3.34,6.06,0.33,0,0.0,0,0.0,1.8399999999999999,0.0,0,0.0,0.01,0,0.0,6,1.0,16.67,0.0,0.0,2.84,29.41,1.67,20.0,1.17,42.86,0.5,1.0,66.67,4.84,44.83,0.67,0.67,0.0,27.88,2.17,1.67,41.41,65.32,17.03,44.12,9.02,88.89,34.06,75.0,4.68,14.29,19.71,26.84,0.04,0.8300000000000001,0.17,0.0,0.17,100.0,0.0,6.68,35.0,3.67,31.82,0.8300000000000001,20.0,0.67,1.0,8.35,54.0,81.03,9.68,0,,0,,0,0.0,0.0,0.0,,,0.67,,2.34,0.0,0.0,0.0,1.8399999999999999,0,0
Jiaxuan Wu,Jiaxuan Wu,-563490,Liaoning Shenbei Hefeng,Liaoning Shenbei Hefeng,https://cdn5.wyscout.com/photos/team/public/g-21014_120x120.png,Super League Women,"RWB, RB",RWB,78,RB,14,,0,19.0,2006-12-17,0,,9,534,1,0.67,0,0.09,17.7,49.52,China PR,['China PR'],unknown,0,0,False,7.25,7.42,65.91,0.51,33.33,0.0,0.0,0.17,2.36,3.85,1.52,2,0.34,0,0.0,2.7,0.17,1,0.17,0.11,0,0.0,4,0.67,75.0,25.0,0.0,2.02,25.0,0.0,0.0,2.02,25.0,1.01,2.36,71.43,7.58,37.78,0.67,1.85,0.0,18.37,1.01,0.67,25.96,75.97,8.43,64.0,4.21,96.0,22.75,82.22,1.35,50.0,13.81,15.54,0.02,0.67,0.0,0.0,0.0,0.0,0.17,3.2,57.89,1.69,30.0,0.34,0.0,0.17,0.51,4.04,62.5,75.56,7.58,0,,0,,0,0.0,0.0,0.0,,,0.0,,0.51,0.0,0.0,0.0,0.0,0,0
Zhao Jingyi,Jingyi Zhao,-412511,Wuhan Jiangda,Wuhan Jiangda,https://cdn5.wyscout.com/photos/team/public/g19398_120x120.png,Super League Women,RB,RB,96,,0,,0,24.0,2002-03-03,0,,7,524,0,0.11,0,0.26,15.29,38.2,China PR,['China PR'],unknown,0,0,False,7.9,5.67,60.61,0.6900000000000001,25.0,0.0,0.0,0.34,4.47,7.65,0.0,0,0.0,0,0.0,2.23,0.0,0,0.0,0.02,0,0.0,4,0.6900000000000001,0.0,0.0,0.0,4.12,25.0,0.0,0.0,4.12,25.0,0.52,2.06,58.33,6.53,26.32,0.52,0.52,0.17,33.49,1.37,0.17,45.69,76.32,14.26,65.06,9.27,94.44,37.96,85.52,3.7800000000000002,36.36,16.79,28.39,0.05,0.34,0.0,0.0,0.0,0.0,0.17,4.8100000000000005,71.43,3.7800000000000002,27.27,0.34,0.0,0.0,1.2,8.24,62.5,71.79,13.4,0,,0,,0,0.0,0.0,0.0,,,0.34,,0.6900000000000001,0.0,0.0,0.0,0.0,0,0
Tang Jiali,Jiali Tang,268284,Shanghai SRCB,Shanghai SRCB,https://cdn5.wyscout.com/photos/team/public/g-12772_120x120.png,Super League Women,"CF, RW",CF,81,RW,18,,0,31.0,1995-03-16,0,,8,518,0,2.22,2,0.38,19.29,33.33,China PR,['China PR'],right,166,0,False,3.13,2.43,92.86,4.34,24.0,0.0,0.0,0.0,0.87,1.6,1.04,0,0.0,0,0.0,1.74,0.0,0,0.0,0.39,0,0.0,18,3.13,22.22,0.0,0.35000000000000003,0.6900000000000001,50.0,0.35000000000000003,0.0,0.35000000000000003,100.0,0.0,1.74,40.0,8.86,23.53,4.52,0.52,0.0,16.68,2.43,0.87,22.93,66.67,6.6,63.16,4.34,60.0,21.02,68.6,1.22,42.86,14.45,14.66,0.07,1.04,0.0,0.0,0.17,0.0,0.6900000000000001,1.3900000000000001,25.0,1.04,50.0,0.35000000000000003,0.0,0.87,0.35000000000000003,2.08,66.67,84.38,5.5600000000000005,0,,0,,0,0.0,0.0,0.0,,,0.0,,4.34,0.0,0.0,0.0,0.0,0,0
Yu Fan,Yu Fan,-412177,Beijing Beikong,Beijing Beikong,https://cdn5.wyscout.com/photos/team/public/g-12773_120x120.png,Super League Women,RCB,RCB,100,,0,,0,26.0,2000-07-04,0,,7,512,2,0.63,0,0.0,10.72,65.57,China PR,['China PR'],unknown,170,55,False,6.68,5.98,73.53,1.9300000000000002,72.73,0.0,0.0,0.35000000000000003,2.29,3.68,0.53,1,0.18,0,0.0,0.35000000000000003,0.35000000000000003,2,0.35000000000000003,0.11,1,0.18,6,1.05,33.33,33.333,0.0,0.0,0.0,0.0,0.0,0.0,0.0,0.0,0.0,0.0,0.88,40.0,1.05,0.18,0.0,24.61,0.18,0.35000000000000003,37.27,82.55,15.47,75.0,2.29,92.31,32.87,88.24,4.39,40.0,21.45,34.33,0.0,0.0,0.0,0.0,0.0,0.0,0.0,4.92,75.0,0.88,20.0,0.0,0.0,0.18,0.0,7.91,64.44,91.67,16.88,0,,0,,0,0.0,0.0,0.0,,,2.11,,1.9300000000000002,0.0,0.0,0.0,0.0,0,0
Zhao Yujie,Yujie Zhao,520586,Beijing Beikong,Beijing Beikong,https://cdn5.wyscout.com/photos/team/public/g-12773_120x120.png,Super League Women,"LDMF, CF, RCMF3",LDMF,42,CF,19,RCMF3,16,27.0,1999-04-28,0,,8,506,0,0.13,2,1.09,15.3,51.16,China PR,['China PR'],,167,0,False,8.36,6.58,70.27,2.85,37.5,0.36,0.56,0.36,3.38,5.33,1.07,0,0.0,0,0.0,0.89,0.0,0,0.0,0.02,0,0.0,5,0.89,0.0,0.0,0.36,1.25,28.57,0.53,33.33,0.71,25.0,0.36,0.89,60.0,3.02,41.18,1.42,0.53,0.18,27.92,0.36,0.18,48.74,83.58,16.9,74.74,8.0,95.56,44.29,87.95,3.2,44.44,15.62,30.76,0.19,2.13,0.0,0.0,0.0,0.0,1.25,9.25,67.31,2.31,23.08,0.53,33.33,0.18,0.53,8.72,81.63,89.25,16.54,0,,0,,0,0.0,0.0,0.0,,,0.0,,2.85,0.18,0.18,0.0,2.49,0,0
Li Xiaojing,Li  Xiaojing,-412206,Guangxi Pingguo Bainong,Guangxi Pingguo Bainong,https://cdn5.wyscout.com/photos/team/public/g-17625_120x120.png,Super League Women,GK,GK,100,,0,,0,32.0,1993-07-14,0,,5,502,0,0.0,0,0.0,0.18,100.0,China PR,['China PR'],unknown,0,0,False,2.69,0.0,0.0,0.0,0.0,0.0,0.0,0.0,2.69,3.91,0.0,0,0.0,0,0.0,0.0,0.0,0,0.0,0.0,0,0.0,0,0.0,0.0,0.0,0.0,0.0,0.0,0.0,0.0,0.0,0.0,0.0,0.0,0.0,0.0,0.0,0.0,0.0,0.0,8.07,0.0,0.0,18.47,89.32,12.55,87.14,0.0,0.0,12.91,98.61,5.5600000000000005,67.74,24.57,36.85,0.0,0.0,0.0,0.18,0.0,0.0,0.0,0.0,0.0,0.0,0.0,0.0,0.0,0.0,0.0,4.3,54.17,96.67,5.38,6,1.08,21,3.76,1,71.43,6.64,1.19,0.64,0.115,0.0,0.72,0.0,,,,0.0,0,0
Zhang Zimei,Zhang  Zimei,-412182,Guangdong Meizhou,Guangdong Meizhou,https://cdn5.wyscout.com/photos/team/public/g-12776_120x120.png,Super League Women,"RWB, RB5, CF",RWB,47,RB5,22,CF,10,22.0,2004-02-18,0,,7,499,0,0.2,1,0.28,13.53,33.33,China PR,['China PR'],unknown,0,0,False,5.77,4.51,36.0,0.9,0.0,0.18,0.27,0.36,3.9699999999999998,5.89,1.44,2,0.36,0,0.0,1.98,0.0,0,0.0,0.04,0,0.0,1,0.18,0.0,0.0,0.18,2.34,30.77,0.0,0.0,2.34,30.77,0.18,2.71,46.67,6.85,31.58,1.26,1.98,0.54,18.4,2.34,0.36,26.87,61.07,8.66,47.92,4.69,73.08,20.2,68.75,4.51,44.0,20.78,38.12,0.05,1.08,0.0,0.0,0.0,0.0,0.36,4.51,48.0,1.98,36.36,0.54,0.0,0.36,0.72,6.13,55.88,59.18,8.84,0,,0,,0,0.0,0.0,0.0,,,0.18,,0.9,0.0,0.0,0.0,0.0,0,0
Xiao Zitong,Zitong Xiao,-411950,Shanghai SRCB,Shanghai SRCB,https://cdn5.wyscout.com/photos/team/public/g-12772_120x120.png,Super League Women,GK,GK,100,,0,,0,24.0,2002-03-01,0,,5,490,0,0.0,0,0.0,0.37,100.0,China PR,['China PR'],unknown,0,0,False,1.1,0.0,0.0,0.37,100.0,0.0,0.0,0.0,1.1,1.78,0.0,0,0.0,0,0.0,0.0,0.0,0,0.0,0.0,0,0.0,0,0.0,0.0,0.0,0.0,0.0,0.0,0.0,0.0,0.0,0.0,0.0,0.0,0.0,0.0,0.0,0.0,0.0,0.0,8.08,0.18,0.0,12.31,76.12,5.33,62.07,0.0,0.0,7.16,89.74,5.14,57.14,28.67,36.39,0.0,0.0,0.0,0.0,0.0,0.0,0.0,0.18,0.0,0.0,0.0,0.0,0.0,0.0,0.0,3.86,42.86,91.67,6.61,3,0.55,13,2.39,2,76.92,3.19,0.59,0.19,0.035,0.0,0.92,0.37,,,,0.0,0,0
Kecan Zhang,Kecan Zhang,-529252,Shandong SL,Shandong SL,https://cdn5.wyscout.com/photos/team/public/g-12774_120x120.png,Super League Women,"LW, RW",LW,64,RW,19,,0,17.0,2008-09-17,0,,6,488,2,1.35,0,0.0,12.91,41.43,China PR,['China PR'],unknown,0,0,False,4.61,3.14,64.71,2.58,42.86,0.0,0.0,0.0,2.58,3.33,1.11,0,0.0,0,0.0,1.8399999999999999,0.37,2,0.37,0.25,0,0.0,11,2.03,27.27,18.182,0.0,0.92,80.0,0.37,100.0,0.55,66.67,0.0,1.48,37.5,5.35,27.59,2.21,0.55,0.18,13.28,2.03,0.55,18.26,71.72,3.69,40.0,6.45,82.86,15.86,73.26,1.8399999999999999,60.0,15.43,22.11,0.0,0.18,0.0,0.0,0.18,0.0,0.0,2.77,60.0,0.55,66.67,0.18,0.0,0.18,0.18,2.4,53.85,74.07,4.98,0,,0,,0,0.0,0.0,0.0,,,0.0,,2.58,0.0,0.0,0.0,0.0,0,0
Y. Zhong,Yuxin Zhong,-584472,Sichuan,Sichuan,https://cdn5.wyscout.com/photos/team/public/g-14011_120x120.png,Super League Women,"RW, LW, RCMF3",RW,68,LW,15,RCMF3,11,18.0,2007-07-29,0,,8,483,0,0.04,0,0.31,17.52,38.3,China PR,['China PR'],unknown,0,0,False,8.01,5.59,76.67,2.42,15.38,0.0,0.0,0.19,3.73,4.29,0.37,0,0.0,0,0.0,0.75,0.0,0,0.0,0.01,0,0.0,3,0.56,0.0,0.0,0.0,0.19,0.0,0.0,0.0,0.19,0.0,0.0,1.6800000000000002,33.33,5.96,28.13,0.19,0.56,0.0,10.99,0.56,0.56,19.94,69.16,8.39,57.78,4.84,92.31,16.77,75.56,2.98,37.5,15.44,29.26,0.06,0.93,0.0,0.0,0.19,100.0,0.19,2.61,21.43,0.75,25.0,0.19,100.0,0.19,0.0,2.98,56.25,58.82,3.17,0,,0,,0,0.0,0.0,0.0,,,0.0,,2.42,0.0,0.0,0.0,0.37,0,0
Liu Chen,Liu Chen,-383710,Beijing Beikong,Beijing Beikong,https://cdn5.wyscout.com/photos/team/public/g-12773_120x120.png,Super League Women,GK,GK,100,,0,,0,20.0,2006-06-30,0,,5,482,0,0.0,0,0.0,0.19,100.0,China PR,['China PR'],unknown,178,60,False,1.49,0.0,0.0,0.19,100.0,0.0,0.0,0.0,1.49,2.55,0.0,0,0.0,0,0.0,0.0,0.0,0,0.0,0.0,0,0.0,0,0.0,0.0,0.0,0.0,0.0,0.0,0.0,0.0,0.0,0.0,0.0,0.0,0.0,0.0,0.0,0.0,0.0,0.0,8.03,0.0,0.0,14.94,78.75,10.83,72.41,0.0,0.0,7.1,94.74,7.66,65.85,34.7,44.86,0.0,0.0,0.0,0.0,0.0,0.0,0.0,2.99,43.75,0.19,0.0,0.19,0.0,0.0,0.0,5.41,72.41,95.45,4.11,4,0.75,11,2.05,1,63.64,2.42,0.45,-1.58,-0.295,0.0,1.49,0.19,,,,0.0,0,0
Liu Xuanchi,Liu Xuanchi,-420014,Beijing Beikong,Beijing Beikong,https://cdn5.wyscout.com/photos/team/public/g-12773_120x120.png,Super League Women,"RAMF, RW",RAMF,55,RW,26,,0,21.0,2004-12-27,0,,8,480,0,0.5700000000000001,0,1.16,20.25,50.93,China PR,['China PR'],unknown,0,0,False,7.69,5.25,78.57,3.19,41.18,0.19,0.29,0.19,3.38,5.24,0.56,0,0.0,0,0.0,3.56,0.0,0,0.0,0.11,0,0.0,7,1.31,42.86,0.0,0.0,5.44,34.48,0.38,100.0,5.06,29.63,0.38,2.06,45.45,8.25,38.64,2.25,0.75,0.0,21.19,2.44,0.9400000000000001,33.56,64.25,9.94,56.6,7.31,89.74,26.63,73.24,1.88,10.0,17.08,28.68,0.22,1.88,0.0,0.0,0.19,100.0,1.5,4.88,57.69,5.06,29.63,0.0,0.0,0.19,2.06,7.5,67.5,58.0,9.38,0,,0,,0,0.0,0.0,0.0,,,0.0,,3.19,0.19,0.0,0.0,1.13,0,0
He Xiao Tong,Xiao Tong He,-412515,Shandong SL,Shandong SL,https://cdn5.wyscout.com/photos/team/public/g-12774_120x120.png,Super League Women,"LB5, LWB",LB5,76,LWB,16,,0,28.0,1998-03-07,0,,6,476,0,0.0,0,0.02,14.75,51.28,China PR,['China PR'],unknown,168,57,False,9.83,7.5600000000000005,60.0,3.9699999999999998,52.38,0.19,0.22,0.19,5.11,6.04,1.32,0,0.0,0,0.0,0.38,0.0,0,0.0,0.0,0,0.0,0,0.0,0.0,0.0,0.0,0.76,50.0,0.76,50.0,0.0,0.0,0.0,0.38,0.0,2.08,18.18,0.19,0.38,0.19,11.91,1.8900000000000001,0.38,20.04,54.72,9.64,39.22,2.84,80.0,14.75,61.54,4.54,33.33,18.87,29.56,0.0,0.19,0.0,0.0,0.0,0.0,0.0,3.03,31.25,1.32,42.86,0.38,0.0,0.19,0.38,7.0,37.84,68.18,4.16,0,,0,,0,0.0,0.0,0.0,,,0.0,,3.9699999999999998,0.0,0.0,0.0,0.0,0,0
Yu Xingyue,Xingyue Yu,-383733,Guangxi Pingguo Bainong,Guangxi Pingguo Bainong,https://cdn5.wyscout.com/photos/team/public/g-17625_120x120.png,Super League Women,"LW, RW, RWB",LW,40,RW,20,RWB,12,19.0,2006-12-24,0,,8,473,1,0.15,0,0.5700000000000001,23.21,45.9,China PR,['China PR'],unknown,0,0,False,6.66,7.23,71.05,4.0,33.33,0.19,0.27,0.0,1.33,1.8900000000000001,0.9500000000000001,0,0.0,0,0.0,2.85,0.19,1,0.19,0.03,0,0.0,3,0.5700000000000001,100.0,33.333,0.0,2.47,38.46,0.38,0.0,2.09,45.45,0.0,2.66,50.0,9.32,34.69,1.1400000000000001,0.5700000000000001,0.0,16.74,1.9,1.1400000000000001,27.21,69.93,6.47,44.12,8.56,88.89,23.21,75.41,1.52,37.5,15.9,27.15,0.11,0.9500000000000001,0.19,0.0,0.0,0.0,1.1400000000000001,2.85,60.0,3.23,41.18,0.38,0.0,0.5700000000000001,0.9500000000000001,4.76,60.0,72.97,7.04,0,,0,,0,0.0,0.0,0.0,,,0.0,,4.0,0.0,0.0,0.0,0.19,0,0
Han Mengting,Han  Mengting,-412073,Jiangsu Wuxi,Jiangsu Wuxi,https://cdn5.wyscout.com/photos/team/public/g-11601_120x120.png,Super League Women,"RCMF, LCMF, DMF",RCMF,36,LCMF,25,DMF,10,23.0,2003-03-22,0,,8,467,0,0.89,3,1.25,16.77,37.93,China PR,['China PR'],unknown,0,0,False,5.4,4.24,54.55,2.31,33.33,0.0,0.0,0.19,3.08,5.78,1.54,1,0.19,0,0.0,2.31,0.0,0,0.0,0.17,0,0.0,10,1.9300000000000002,30.0,0.0,0.58,2.12,45.45,0.96,60.0,1.16,33.33,0.39,1.73,44.44,7.9,26.83,1.35,0.0,0.0,24.67,0.0,1.16,37.0,76.56,10.79,55.36,5.97,93.55,30.06,83.97,4.82,44.0,22.45,31.47,0.24,1.73,0.19,0.19,0.0,0.0,0.77,7.13,59.46,3.47,44.44,0.96,40.0,0.58,0.77,7.13,75.68,83.95,15.61,0,,0,,0,0.0,0.0,0.0,,,0.0,,2.31,0.96,0.0,0.0,2.89,0,0
Dai Chenying,Chenying  Dai,333771,Changchun Dazhong,Changchun Dazhong,https://cdn5.wyscout.com/photos/team/public/g19391_120x120.png,Super League Women,"LCMF, DMF, LDMF",LCMF,31,DMF,21,LDMF,20,29.0,1997-02-15,0,,8,452,0,0.12,0,0.02,18.12,45.05,China PR,['China PR'],,0,0,False,8.76,6.77,67.65,2.59,46.15,0.0,0.0,0.6000000000000001,4.18,6.06,1.19,2,0.4,0,0.0,0.8,0.0,0,0.0,0.02,0,0.0,3,0.6000000000000001,33.33,0.0,0.0,0.8,25.0,0.2,100.0,0.6000000000000001,0.0,0.0,0.6000000000000001,66.67,6.97,28.57,1.0,0.4,0.0,18.12,0.2,0.4,36.44,71.04,11.55,48.28,6.97,88.57,33.25,76.05,2.39,16.67,16.11,21.11,0.0,0.8,0.0,0.0,0.0,0.0,0.0,2.99,46.67,1.0,0.0,0.0,0.0,0.0,0.2,4.98,44.0,83.93,11.15,0,,0,,0,0.0,0.0,0.0,,,0.6000000000000001,,2.59,0.0,0.0,0.0,0.0,0,0
Xinyu Dai,Xinyu Dai,-455571,Shanghai SRCB,Shanghai SRCB,https://cdn5.wyscout.com/photos/team/public/g-12772_120x120.png,Super League Women,"RCMF, LCMF, AMF",RCMF,57,LCMF,16,AMF,14,19.0,2007-02-10,0,,7,448,1,0.9500000000000001,0,1.4,17.08,56.47,China PR,['China PR'],unknown,0,0,False,10.85,8.24,80.49,1.81,22.22,0.0,0.0,0.0,4.22,7.59,1.0,0,0.0,0,0.0,3.01,0.2,1,0.2,0.19,0,0.0,10,2.01,40.0,10.0,0.0,2.81,71.43,1.4100000000000001,85.71,1.4100000000000001,57.14,0.4,0.6000000000000001,33.33,4.62,30.43,1.4100000000000001,0.8,0.2,33.55,0.6000000000000001,0.6000000000000001,56.85,73.14,24.91,59.68,6.03,83.33,47.81,76.05,6.43,53.13,17.61,25.55,0.28,1.81,0.0,0.0,0.4,0.0,0.6000000000000001,13.06,64.62,5.22,53.85,1.0,20.0,1.6099999999999999,1.81,11.65,79.31,87.78,18.08,0,,0,,0,0.0,0.0,0.0,,,0.0,,1.81,0.0,0.0,0.0,0.0,0,0
J. Bassey,Juliet Bassey,-504993,Zhejiang,Zhejiang,https://cdn5.wyscout.com/photos/team/public/g-12777_120x120.png,Super League Women,CF,CF,93,,0,,0,26.0,1999-10-03,0,,8,446,0,0.75,0,0.12,27.04,33.58,Nigeria,['Nigeria'],unknown,0,0,False,1.82,1.6099999999999999,25.0,6.26,29.03,0.0,0.0,0.0,1.4100000000000001,1.6,1.82,0,0.0,0,0.0,2.42,0.0,0,0.0,0.15,0,0.0,4,0.81,25.0,0.0,0.0,1.21,0.0,0.4,0.0,0.81,0.0,0.0,3.03,73.33,15.13,32.0,2.42,1.82,0.81,7.26,2.22,1.21,18.16,64.44,4.44,50.0,4.24,95.24,16.55,69.51,0.4,50.0,14.87,12.27,0.02,0.4,0.2,0.0,0.0,0.0,0.2,1.6099999999999999,62.5,1.6099999999999999,12.5,0.2,0.0,0.81,0.0,1.6099999999999999,62.5,53.85,5.25,0,,0,,0,0.0,0.0,0.0,,,0.0,,6.26,0.0,0.0,0.0,0.0,0,0
A. Ogebe,Alice Oyah Ogebe,-126685,Shaanxi Changan,Shaanxi Changan,https://cdn5.wyscout.com/photos/team/public/g-16070_120x120.png,Super League Women,CF,CF,88,,0,,0,31.0,1995-03-30,0,,5,445,0,0.64,1,0.33,19.82,22.45,Nigeria,['Nigeria'],,160,0,False,2.63,1.62,62.5,3.44,17.65,0.0,0.0,0.0,1.62,1.6600000000000001,0.61,0,0.0,0,0.0,1.01,0.0,0,0.0,0.13,0,0.0,10,2.02,20.0,0.0,0.2,1.21,0.0,0.4,0.0,0.81,0.0,0.0,1.82,22.22,11.73,18.97,1.01,0.81,0.2,6.07,1.82,1.01,13.75,66.18,3.64,55.56,3.24,100.0,11.53,75.44,1.01,40.0,18.26,25.22,0.07,0.61,0.0,0.0,0.2,100.0,0.4,2.22,63.64,1.62,12.5,0.2,100.0,0.2,0.0,1.62,75.0,63.64,4.45,0,,0,,0,0.0,0.0,0.0,,,0.0,,3.44,0.0,0.0,0.0,0.0,0,0
Junji Chen,Junji Chen,-545347,Zhejiang,Zhejiang,https://cdn5.wyscout.com/photos/team/public/g-12777_120x120.png,Super League Women,"LW, AMF",LW,88,AMF,11,,0,18.0,2008-01-30,0,,6,444,2,1.03,0,0.19,22.7,50.89,China PR,['China PR'],unknown,0,0,False,11.96,10.34,70.59,1.82,66.67,0.81,0.93,0.0,3.85,4.42,1.82,0,0.0,0,0.0,1.82,0.41000000000000003,2,0.41000000000000003,0.21,1,0.2,13,2.64,38.46,15.385,0.0,1.42,28.57,1.42,28.57,0.0,0.0,0.0,1.42,28.57,6.89,20.59,2.43,0.41000000000000003,0.0,10.54,2.23,0.0,20.27,59.0,7.5,43.24,5.47,77.78,17.03,66.67,2.03,10.0,16.69,18.35,0.04,0.41000000000000003,0.0,0.0,0.0,0.0,0.0,2.03,10.0,1.01,40.0,0.2,0.0,0.2,0.61,4.86,54.17,57.89,3.85,0,,0,,0,0.0,0.0,0.0,,,0.0,,1.82,0.0,0.0,0.0,0.61,0,0
Pan Wenyu,Pan  Wenyu,-412337,Sichuan,Sichuan,https://cdn5.wyscout.com/photos/team/public/g-14011_120x120.png,Super League Women,"RCB, LCB, LCB3",RCB,44,LCB,33,LCB3,10,22.0,2004-01-28,0,,6,442,0,0.0,0,0.0,10.79,62.26,China PR,['China PR'],unknown,0,0,False,10.18,6.92,67.65,1.43,57.14,0.2,0.24,1.02,5.29,6.29,1.43,2,0.41000000000000003,0,0.0,0.0,0.0,0,0.0,0.0,0,0.0,0,0.0,0.0,0.0,0.0,0.0,0.0,0.0,0.0,0.0,0.0,0.0,0.0,0.0,1.02,60.0,0.0,0.2,0.0,8.35,0.0,0.2,22.6,63.96,15.68,57.14,0.81,75.0,13.44,83.33,9.16,35.56,24.61,35.31,0.0,0.0,0.0,0.0,0.0,0.0,0.0,4.89,37.5,0.81,25.0,1.22,33.33,0.0,0.0,7.53,59.46,84.21,3.87,0,,0,,0,0.0,0.0,0.0,,,0.41000000000000003,,1.43,0.0,0.0,0.0,0.0,0,0
Wan Jiayao,Wan Jiayao,-352026,Shanghai SRCB,Shanghai SRCB,https://cdn5.wyscout.com/photos/team/public/g-12772_120x120.png,Super League Women,"RCB, LCB",RCB,77,LCB,22,,0,25.0,2000-10-26,0,,5,435,1,0.35000000000000003,0,0.0,10.55,56.86,China PR,['China PR'],unknown,0,0,False,6.83,3.52,76.47,3.93,47.37,0.62,1.11,0.62,3.52,6.3,0.0,0,0.0,0,0.0,0.21,0.21,1,0.21,0.07,1,0.21,2,0.41000000000000003,50.0,50.0,0.0,0.0,0.0,0.0,0.0,0.0,0.0,0.0,0.41000000000000003,0.0,1.24,33.33,0.8300000000000001,0.62,0.0,16.14,0.0,0.21,34.14,78.79,13.86,62.69,1.8599999999999999,88.89,30.62,85.81,3.52,17.65,18.16,26.79,0.0,0.0,0.0,0.0,0.0,0.0,0.0,5.38,73.08,0.21,100.0,0.0,0.0,0.21,0.0,6.41,45.16,92.75,14.28,0,,0,,0,0.0,0.0,0.0,,,0.62,,3.93,0.0,0.0,0.0,0.0,0,0
Xinyi Zhou,Xinyi Zhou,-455579,Shanghai SRCB,Shanghai SRCB,https://cdn5.wyscout.com/photos/team/public/g-12772_120x120.png,Super League Women,"LW, CF, RW",LW,48,CF,30,RW,12,18.0,2008-02-26,0,,9,431,2,2.67,0,1.07,25.68,44.72,China PR,['China PR'],unknown,0,0,False,5.43,3.9699999999999998,78.95,3.34,56.25,0.0,0.0,0.0,2.3,4.46,0.42,0,0.0,0,0.0,4.39,0.42,2,0.42,0.56,0,0.0,18,3.76,33.33,11.111,0.0,1.67,12.5,1.25,16.67,0.42,0.0,0.42,5.22,56.0,15.03,33.33,6.26,2.92,0.63,18.38,2.51,1.04,25.48,72.13,6.68,62.5,6.06,79.31,23.6,76.99,0.21,0.0,14.96,4.58,0.22,1.67,0.0,0.0,0.21,0.0,0.42,2.51,58.33,2.92,35.71,0.21,0.0,1.88,0.21,3.13,66.67,76.47,7.1,0,,0,,0,0.0,0.0,0.0,,,0.0,,3.34,0.0,0.0,0.0,0.0,0,0
Mukoma Fridah,Mukoma Fridah,-683962,Beijing Beikong,Beijing Beikong,https://cdn5.wyscout.com/photos/team/public/g-12773_120x120.png,Super League Women,"CF, LAMF",CF,72,LAMF,10,,0,19.0,2006-10-13,0,,7,429,1,2.83,0,0.16,26.85,31.25,Zambia,['Zambia'],unknown,0,0,False,4.2,4.2,60.0,2.52,33.33,0.0,0.0,0.21,1.6800000000000002,3.08,2.1,0,0.0,0,0.0,4.41,0.21,1,0.21,0.59,0,0.0,21,4.41,23.81,4.7620000000000005,0.0,3.99,10.53,1.47,14.29,2.52,8.33,0.21,6.71,43.75,15.94,26.32,8.6,2.31,0.84,14.27,2.31,0.84,18.67,52.81,4.2,45.0,4.2,85.0,14.27,63.24,0.63,66.67,19.41,14.55,0.03,0.42,0.0,0.0,0.0,0.0,0.42,1.6800000000000002,50.0,1.6800000000000002,12.5,0.0,0.0,0.42,0.42,0.84,100.0,45.83,5.03,0,,0,,0,0.0,0.0,0.0,,,0.0,,2.52,0.0,0.0,0.0,0.0,0,0
J. Liu,Jingwen Liu,-584463,Guangdong Meizhou,Guangdong Meizhou,https://cdn5.wyscout.com/photos/team/public/g-12776_120x120.png,Super League Women,"RWB, LWB, RB",RWB,45,LWB,22,RB,22,19.0,2007-01-05,0,,7,429,1,1.1400000000000001,0,0.03,17.2,56.1,China PR,['China PR'],unknown,0,0,False,10.49,8.18,79.49,0.84,0.0,0.0,0.0,0.0,3.99,5.33,0.42,0,0.0,1,0.21,2.1,0.21,1,0.21,0.24,0,0.0,4,0.84,50.0,25.0,0.0,1.47,57.14,0.42,0.0,1.05,80.0,0.42,1.8900000000000001,44.44,6.92,36.36,1.26,0.63,0.21,14.27,1.47,1.47,23.92,64.91,9.65,50.0,4.62,90.91,17.2,69.51,5.45,50.0,20.1,26.14,0.01,0.63,0.0,0.0,0.0,0.0,0.0,2.73,53.85,2.1,40.0,0.42,0.0,0.21,0.84,6.71,59.38,79.17,5.03,0,,0,,0,0.0,0.0,0.0,,,0.42,,0.84,0.0,0.0,0.0,0.0,0,0
Tian Yunlang,Tian Yunlang,-412455,Shaanxi Changan,Shaanxi Changan,https://cdn5.wyscout.com/photos/team/public/g-16070_120x120.png,Super League Women,CF,CF,100,,0,,0,26.0,2000-01-16,0,,7,428,0,0.4,0,0.58,21.87,41.35,China PR,['China PR'],unknown,179,70,False,3.5700000000000003,2.52,58.33,9.46,37.78,0.0,0.0,0.21,2.1,2.33,0.84,0,0.0,0,0.0,1.8900000000000001,0.0,0,0.0,0.09,0,0.0,6,1.26,33.33,0.0,0.0,0.42,0.0,0.0,0.0,0.42,0.0,0.0,1.8900000000000001,66.67,7.36,42.86,2.1,0.0,0.0,10.3,3.36,2.31,15.56,55.41,6.73,50.0,2.1,50.0,13.88,60.61,1.26,16.67,16.54,14.83,0.12,0.42,0.0,0.0,0.21,100.0,0.0,4.42,47.62,1.8900000000000001,11.11,0.42,50.0,0.0,0.0,2.52,66.67,46.67,3.15,0,,0,,0,0.0,0.0,0.0,,,0.0,,9.46,0.0,0.0,0.0,0.0,0,0
Zhang Xin Yue,Xin Yue Zhang,-412498,Shandong SL,Shandong SL,https://cdn5.wyscout.com/photos/team/public/g-12774_120x120.png,Super League Women,"RB5, RWB",RB5,83,RWB,14,,0,21.0,2004-10-05,0,,8,423,0,0.04,0,0.19,20.0,44.68,China PR,['China PR'],unknown,163,55,False,12.34,10.85,50.98,2.13,50.0,0.64,0.75,0.21,6.17,7.25,2.55,0,0.0,0,0.0,1.28,0.0,0,0.0,0.01,0,0.0,2,0.43,0.0,0.0,0.0,1.49,28.57,0.0,0.0,1.49,28.57,0.0,1.9100000000000001,44.44,5.11,29.17,0.0,0.21,0.0,16.81,1.28,0.43,26.81,63.49,12.77,48.33,5.32,88.0,21.28,74.0,4.04,21.05,19.92,25.75,0.04,0.64,0.0,0.0,0.0,0.0,0.21,4.68,27.27,1.7000000000000002,37.5,0.64,66.67,0.43,0.43,4.26,55.0,60.0,3.19,0,,0,,0,0.0,0.0,0.0,,,0.43,,2.13,0.0,0.0,0.0,0.0,0,0
H. Cheng,Haitang Cheng,-584471,Guangdong Meizhou,Guangdong Meizhou,https://cdn5.wyscout.com/photos/team/public/g-12776_120x120.png,Super League Women,"RCMF3, AMF, RCMF",RCMF3,41,AMF,23,RCMF,20,19.0,2007-01-21,0,,9,422,1,0.28,0,0.28,18.55,48.28,China PR,['China PR'],unknown,0,0,False,10.88,7.46,74.29,4.69,31.82,0.43,0.61,0.43,4.91,6.97,0.64,0,0.0,0,0.0,1.49,0.21,1,0.21,0.06,0,0.0,7,1.49,42.86,14.286,0.0,1.07,60.0,0.21,100.0,0.64,33.33,0.0,0.43,50.0,4.48,28.57,1.92,0.43,0.0,14.5,0.85,0.43,27.51,60.47,10.02,51.06,4.91,78.26,22.82,66.36,3.84,27.78,20.81,32.48,0.06,0.43,0.0,0.0,0.0,0.0,0.21,4.69,36.36,1.71,50.0,0.43,0.0,0.64,0.43,5.97,32.14,58.82,7.25,0,,0,,0,0.0,0.0,0.0,,,0.43,,4.69,0.0,0.0,0.0,0.0,0,0
Shen Mengyu,Mengyu Shen,-79538,Shanghai SRCB,Shanghai SRCB,https://cdn5.wyscout.com/photos/team/public/g-12772_120x120.png,Super League Women,"LCMF, AMF, RCMF",LCMF,35,AMF,28,RCMF,22,24.0,2001-08-19,0,,7,416,0,0.78,0,0.2,20.55,49.47,China PR,['China PR'],right,169,0,False,10.38,5.41,60.0,3.46,50.0,0.0,0.0,0.0,7.14,13.2,1.51,0,0.0,0,0.0,1.73,0.0,0,0.0,0.17,0,0.0,10,2.16,20.0,0.0,0.0,1.51,14.29,0.65,0.0,0.87,25.0,0.43,1.9500000000000002,44.44,9.52,43.18,1.51,0.87,0.22,28.13,0.0,1.73,49.33,76.32,21.2,67.35,5.63,92.31,41.75,83.94,6.06,39.29,19.0,32.75,0.04,0.43,0.0,0.0,0.22,100.0,0.43,11.9,63.64,4.76,45.45,1.9500000000000002,33.33,2.16,0.22,10.82,76.0,79.17,15.58,0,,0,,0,0.0,0.0,0.0,,,0.0,,3.46,0.0,0.0,0.0,0.0,0,0
Liang Yaoyue,Liang Yaoyue,-457045,Guangxi Pingguo Bainong,Guangxi Pingguo Bainong,https://cdn5.wyscout.com/photos/team/public/g-17625_120x120.png,Super League Women,GK,GK,100,,0,,0,22.0,2003-07-15,0,,4,396,0,0.0,0,0.0,0.45,50.0,China PR,['China PR'],unknown,0,0,False,2.05,0.23,0.0,0.0,0.0,0.0,0.0,0.0,2.05,2.7800000000000002,0.0,1,0.23,0,0.0,0.0,0.0,0,0.0,0.0,0,0.0,0,0.0,0.0,0.0,0.0,0.0,0.0,0.0,0.0,0.0,0.0,0.0,0.0,0.0,0.0,0.0,0.0,0.0,0.0,8.86,0.0,0.23,18.86,68.67,15.23,62.69,0.0,0.0,9.09,97.5,9.77,41.86,32.77,45.15,0.0,0.0,0.0,0.0,0.0,0.0,0.0,2.5,27.27,0.0,0.0,0.0,0.0,0.0,0.0,5.91,53.85,100.0,3.18,9,2.05,16,3.64,0,43.75,4.36,0.99,-4.64,-1.055,0.0,1.5899999999999999,0.0,,,,0.0,0,0
Jin Kun,Jin Kun,-412072,Changchun Dazhong,Changchun Dazhong,https://cdn5.wyscout.com/photos/team/public/g19391_120x120.png,Super League Women,"RW, RAMF",RW,49,RAMF,34,,0,26.0,1999-10-04,0,,7,391,0,0.14,0,0.16,15.19,45.45,China PR,['China PR'],unknown,0,0,False,6.68,5.52,54.17,1.38,50.0,0.0,0.0,0.0,3.68,5.11,0.6900000000000001,0,0.0,0,0.0,2.3,0.0,0,0.0,0.03,0,0.0,2,0.46,0.0,0.0,0.0,2.3,40.0,0.0,0.0,2.3,40.0,1.15,1.38,100.0,6.21,33.33,1.6099999999999999,1.38,0.23,18.87,2.5300000000000002,0.46,25.78,73.21,4.14,61.11,9.44,82.93,23.02,77.0,0.46,50.0,15.91,12.08,0.04,0.23,0.0,0.0,0.0,0.0,0.6900000000000001,1.38,50.0,1.8399999999999999,37.5,0.23,0.0,0.46,0.92,3.91,41.18,75.0,8.29,0,,0,,0,0.0,0.0,0.0,,,0.0,,1.38,0.0,0.0,0.0,0.0,0,0
Zhu Yu,Yu Zhu,476333,Shanghai SRCB,Shanghai SRCB,https://cdn5.wyscout.com/photos/team/public/g-12772_120x120.png,Super League Women,GK,GK,100,,0,,0,28.0,1997-07-23,0,,4,390,0,0.0,0,0.0,1.15,100.0,China PR,['China PR'],both,0,0,False,0.92,0.0,0.0,0.6900000000000001,100.0,0.0,0.0,0.0,0.92,2.07,0.0,0,0.0,0,0.0,0.0,0.0,0,0.0,0.0,0,0.0,0,0.0,0.0,0.0,0.0,0.0,0.0,0.0,0.0,0.0,0.0,0.0,0.0,0.0,0.23,100.0,0.0,0.0,0.0,6.92,0.0,0.46,13.15,85.96,5.31,65.22,0.0,0.0,11.08,97.92,2.08,22.22,27.49,41.65,0.0,0.0,0.0,0.0,0.0,0.0,0.0,0.46,0.0,0.0,0.0,0.0,0.0,0.0,0.0,1.62,42.86,100.0,7.38,3,0.6900000000000001,12,2.77,2,75.0,3.52,0.81,0.52,0.12,0.0,0.92,0.6900000000000001,,,,0.0,0,0
Pan Hongyan,Hongyan Pan,-352023,Beijing Beikong,Beijing Beikong,https://cdn5.wyscout.com/photos/team/public/g-12773_120x120.png,Super League Women,GK,GK,100,,0,,0,21.0,2004-12-30,0,,4,388,0,0.0,0,0.0,0.23,100.0,China PR,['China PR'],right,180,0,False,1.8599999999999999,0.0,0.0,0.23,100.0,0.0,0.0,0.0,1.8599999999999999,2.64,0.0,1,0.23,0,0.0,0.0,0.0,0,0.0,0.0,0,0.0,0,0.0,0.0,0.0,0.0,0.0,0.0,0.0,0.0,0.0,0.0,0.0,0.0,0.0,0.0,0.0,0.0,0.0,0.0,4.64,0.0,0.0,9.74,76.19,7.42,68.75,0.0,0.0,3.94,100.0,5.8,60.0,45.5,55.13,0.0,0.0,0.0,0.0,0.0,0.0,0.0,2.7800000000000002,50.0,0.23,0.0,0.0,0.0,0.0,0.0,3.48,80.0,100.0,2.32,3,0.7000000000000001,13,3.02,2,76.92,3.42,0.79,0.42,0.097,0.0,1.8599999999999999,0.23,,,,0.0,0,0
Zhao Yingying,Yingying Zhao,355301,Changchun Dazhong,Changchun Dazhong,https://cdn5.wyscout.com/photos/team/public/g19391_120x120.png,Super League Women,"LCMF, RCMF, CF",LCMF,34,RCMF,17,CF,17,29.0,1996-11-16,0,,7,388,0,0.86,0,0.73,9.97,34.88,China PR,['China PR'],,172,62,False,3.71,3.25,50.0,1.62,28.57,0.23,0.35000000000000003,0.0,1.8599999999999999,2.79,0.23,0,0.0,0,0.0,2.09,0.0,0,0.0,0.2,0,0.0,9,2.09,55.56,0.0,0.0,1.16,60.0,0.46,50.0,0.7000000000000001,66.67,0.0,0.23,0.0,3.71,31.25,2.09,0.0,0.0,25.05,1.16,0.46,31.55,78.68,8.35,69.44,7.89,88.24,28.3,80.33,2.32,70.0,17.11,18.83,0.17,1.3900000000000001,0.0,0.0,0.46,50.0,0.23,3.94,58.82,1.8599999999999999,62.5,0.46,50.0,0.93,0.46,5.57,70.83,86.36,10.21,0,,0,,0,0.0,0.0,0.0,,,0.7000000000000001,,1.62,0.0,0.0,0.0,2.7800000000000002,0,0
Sun Fang Xin,Fang Xin Sun,-412533,Guangxi Pingguo Bainong,Guangxi Pingguo Bainong,https://cdn5.wyscout.com/photos/team/public/g-17625_120x120.png,Super League Women,"RW, RB5, RWF",RW,55,RB5,26,RWF,15,23.0,2003-07-06,0,,7,383,0,1.65,0,0.27,20.44,39.08,China PR,['China PR'],unknown,167,60,False,7.52,7.52,62.5,3.76,31.25,0.0,0.0,0.0,2.8200000000000003,4.29,1.88,0,0.0,0,0.0,1.6400000000000001,0.0,0,0.0,0.39,0,0.0,9,2.11,33.33,0.0,0.0,1.6400000000000001,14.29,0.0,0.0,1.6400000000000001,14.29,0.0,2.11,33.33,7.28,19.35,2.8200000000000003,1.17,0.0,19.03,1.88,0.47000000000000003,27.73,61.86,10.1,37.21,6.34,88.89,23.97,69.61,2.11,11.11,15.23,14.96,0.06,0.7000000000000001,0.0,0.0,0.0,0.0,0.23,1.88,12.5,1.88,25.0,0.23,0.0,0.47000000000000003,0.47000000000000003,4.93,33.33,65.52,6.8100000000000005,0,,0,,0,0.0,0.0,0.0,,,0.0,,3.76,0.0,0.0,0.0,0.0,0,0
Mengyu Zhu,Mengyu Zhu,-529249,Shandong SL,Shandong SL,https://cdn5.wyscout.com/photos/team/public/g-12774_120x120.png,Super League Women,LB5,LB5,100,,0,,0,19.0,2007-06-18,0,,4,380,0,0.43,0,1.35,14.45,40.98,China PR,['China PR'],unknown,0,0,False,5.92,5.92,48.0,1.6600000000000001,28.57,0.0,0.0,0.24,3.08,4.02,0.71,0,0.0,0,0.0,2.37,0.0,0,0.0,0.1,0,0.0,7,1.6600000000000001,14.29,0.0,0.0,2.61,45.45,2.37,50.0,0.24,0.0,0.71,1.42,66.67,4.03,41.18,0.71,0.9500000000000001,0.0,14.92,0.71,0.47000000000000003,22.74,61.46,8.76,51.35,5.45,78.26,17.53,71.62,2.61,9.09,18.1,17.09,0.32,1.42,0.0,0.0,0.0,0.0,0.71,3.08,38.46,3.08,53.85,0.24,0.0,0.47000000000000003,1.18,5.45,56.52,66.67,4.26,0,,0,,0,0.0,0.0,0.0,,,0.0,,1.6600000000000001,0.47000000000000003,0.0,0.0,1.42,0,0
Ziyi Chen,Ziyi Chen,-455569,Shanghai SRCB,Shanghai SRCB,https://cdn5.wyscout.com/photos/team/public/g-12772_120x120.png,Super League Women,"RW, RAMF",RW,57,RAMF,38,,0,18.0,2007-09-28,0,,5,379,0,0.42,1,1.9500000000000002,20.9,47.73,China PR,['China PR'],unknown,0,0,False,6.89,4.75,75.0,0.0,0.0,0.0,0.0,0.0,3.32,5.75,0.24,0,0.0,0,0.0,6.89,0.0,0,0.0,0.1,0,0.0,8,1.9,25.0,0.0,0.24,4.04,52.94,0.0,0.0,4.04,52.94,1.19,6.17,69.23,14.72,38.71,3.8,2.61,0.0,24.7,2.37,0.47000000000000003,34.43,77.93,8.31,68.57,6.65,92.86,30.16,81.1,0.24,100.0,16.64,5.52,0.46,2.14,0.0,0.0,0.47000000000000003,0.0,0.71,3.09,76.92,4.04,52.94,0.47000000000000003,0.0,0.9500000000000001,1.9,5.94,84.0,84.31,12.11,0,,0,,0,0.0,0.0,0.0,,,0.0,,0.0,0.0,0.0,0.0,2.85,0,0
Wang Xiya,Wang Xiya,-412482,Shaanxi Changan,Shaanxi Changan,https://cdn5.wyscout.com/photos/team/public/g-16070_120x120.png,Super League Women,"LW, RW",LW,59,RW,37,,0,21.0,2005-04-11,0,,6,379,1,0.6000000000000001,0,0.0,12.35,53.85,China PR,['China PR'],unknown,163,53,False,6.89,4.99,66.67,0.9500000000000001,50.0,1.19,1.1400000000000001,0.0,2.37,2.27,0.71,0,0.0,0,0.0,1.19,0.24,1,0.24,0.14,0,0.0,2,0.47000000000000003,100.0,50.0,0.0,0.9500000000000001,0.0,0.71,0.0,0.24,0.0,0.0,0.71,100.0,5.46,43.48,0.47000000000000003,0.71,0.0,9.5,1.19,0.9500000000000001,16.62,55.71,5.94,36.0,3.56,86.67,13.77,62.07,1.9,37.5,17.5,17.02,0.0,0.0,0.0,0.0,0.0,0.0,0.0,0.71,66.67,0.24,0.0,0.0,0.0,0.0,0.0,4.27,27.78,68.75,3.8,0,,0,,0,0.0,0.0,0.0,,,0.0,,0.9500000000000001,0.0,0.0,0.0,0.0,0,0
Dou Jiaxing,Jiaxing Dou,520614,Changchun Dazhong,Changchun Dazhong,https://cdn5.wyscout.com/photos/team/public/g19391_120x120.png,Super League Women,"RB, RCB, RCB3",RB,46,RCB,31,RCB3,22,26.0,2000-02-29,0,,6,372,0,0.03,0,0.0,11.37,51.06,China PR,['China PR'],right,172,0,False,4.35,4.11,41.18,1.21,40.0,0.0,0.0,0.0,2.66,4.02,1.69,1,0.24,0,0.0,2.66,0.0,0,0.0,0.01,0,0.0,1,0.24,100.0,0.0,0.0,1.45,66.67,0.0,0.0,1.45,66.67,0.48,1.69,71.43,4.35,61.11,0.48,2.18,0.24,22.5,0.97,0.24,35.08,78.62,16.69,68.12,4.84,90.0,28.55,85.59,5.08,42.86,20.73,38.78,0.0,0.0,0.0,0.0,0.24,100.0,0.0,6.05,64.0,2.18,77.78,0.73,66.67,0.73,0.97,9.92,70.73,89.74,9.44,0,,0,,0,0.0,0.0,0.0,,,1.45,,1.21,0.0,0.0,0.0,0.0,0,0
Jie Fang,Jie Fang,-420050,Shanghai SRCB,Shanghai SRCB,https://cdn5.wyscout.com/photos/team/public/g-12772_120x120.png,Super League Women,"DMF, LDMF, RCMF",DMF,39,LDMF,26,RCMF,17,26.0,1999-11-11,0,,7,371,0,1.1,1,1.1,11.89,38.78,China PR,['China PR'],unknown,0,0,False,6.31,3.64,26.67,1.7000000000000002,57.14,0.0,0.0,0.0,5.34,11.58,1.94,0,0.0,0,0.0,1.7000000000000002,0.0,0,0.0,0.27,0,0.0,14,3.4,28.57,0.0,0.24,1.46,33.33,1.21,20.0,0.24,100.0,0.49,0.24,100.0,3.88,31.25,2.67,0.73,0.0,35.9,1.46,0.49,51.67,84.51,17.22,76.06,5.58,82.61,46.58,88.02,3.64,60.0,19.31,29.1,0.27,1.7000000000000002,0.24,0.0,0.0,0.0,0.73,13.1,79.63,3.88,68.75,0.97,50.0,2.18,0.49,9.46,87.18,90.11,22.08,0,,0,,0,0.0,0.0,0.0,,,0.0,,1.7000000000000002,2.67,0.73,66.67,0.0,0,0
Yu Jiaqi,Yu  Jiaqi,-412087,Jiangsu Wuxi,Jiangsu Wuxi,https://cdn5.wyscout.com/photos/team/public/g-11601_120x120.png,Super League Women,"CF, RWF, AMF",CF,40,RWF,26,AMF,16,20.0,2006-04-04,0,,7,369,1,0.6000000000000001,0,0.0,19.76,39.51,China PR,['China PR'],unknown,0,0,False,5.61,4.63,78.95,2.93,16.67,0.0,0.0,0.24,1.9500000000000002,3.75,0.98,0,0.0,0,0.0,1.71,0.24,1,0.24,0.15,0,0.0,6,1.46,33.33,16.667,0.0,1.46,16.67,0.0,0.0,1.46,16.67,0.24,1.9500000000000002,50.0,9.27,31.58,3.66,0.0,0.0,9.51,1.22,0.73,16.59,67.65,4.39,44.44,3.41,78.57,13.9,75.44,1.22,40.0,15.98,15.27,0.0,0.0,0.0,0.0,0.0,0.0,0.0,1.71,57.14,1.9500000000000002,25.0,0.24,0.0,0.49,0.49,2.93,66.67,61.9,5.12,0,,0,,0,0.0,0.0,0.0,,,0.0,,2.93,0.0,0.0,0.0,0.0,0,0
Q. Xu,Qian Xu,-598326,Wuhan Jiangda,Wuhan Jiangda,https://cdn5.wyscout.com/photos/team/public/g19398_120x120.png,Super League Women,"RB, RCB3",RB,63,RCB3,26,,0,25.0,2000-10-03,0,,8,366,0,0.13,0,0.32,19.43,67.09,China PR,['China PR'],,165,65,False,13.03,11.07,75.56,1.48,83.33,0.25,0.42,0.25,4.43,7.61,1.23,1,0.25,0,0.0,3.2,0.0,0,0.0,0.03,0,0.0,3,0.74,66.67,0.0,0.0,3.93,43.75,0.49,50.0,3.44,42.86,0.0,1.23,80.0,4.67,47.37,0.0,1.23,0.49,29.02,0.98,0.25,47.21,76.04,18.93,63.64,5.41,95.45,35.9,82.88,7.87,56.25,16.75,18.74,0.08,1.48,0.0,0.0,0.0,0.0,0.98,6.39,57.69,4.43,55.56,0.74,66.67,0.74,1.72,10.82,65.91,80.0,14.75,0,,0,,0,0.0,0.0,0.0,,,0.25,,1.48,0.0,0.0,0.0,0.0,0,0
Lu Jiayu,Jiayu Lu,-383723,Beijing Beikong,Beijing Beikong,https://cdn5.wyscout.com/photos/team/public/g-12773_120x120.png,Super League Women,"CF, AMF",CF,89,AMF,10,,0,20.0,2006-01-18,0,,8,364,2,2.31,1,0.17,30.41,40.65,China PR,['China PR'],unknown,0,0,False,8.65,5.19,76.19,11.13,40.0,0.99,1.69,0.25,3.71,6.34,1.73,0,0.0,0,0.0,2.9699999999999998,0.49,2,0.49,0.5700000000000001,1,0.25,16,3.96,31.25,12.5,0.25,0.0,0.0,0.0,0.0,0.0,0.0,0.0,2.47,70.0,10.88,29.55,4.7,0.49,0.0,16.81,2.7199999999999998,0.74,23.49,75.79,5.69,65.22,7.66,87.1,23.24,75.53,0.25,100.0,13.45,3.13,0.04,0.74,0.0,0.0,0.0,0.0,0.25,2.47,70.0,1.73,42.86,0.0,0.0,0.74,0.0,1.24,80.0,86.96,5.69,0,,0,,0,0.0,0.0,0.0,,,0.0,,11.13,0.0,0.0,0.0,0.0,0,0
Rui Wu,Rui Wu,-455575,Shanghai SRCB,Shanghai SRCB,https://cdn5.wyscout.com/photos/team/public/g-12772_120x120.png,Super League Women,"RW, CF, LW",RW,45,CF,27,LW,14,19.0,2007-03-20,0,,7,352,1,2.05,1,2.76,22.24,44.83,China PR,['China PR'],unknown,0,0,False,7.16,5.88,69.57,1.02,25.0,0.26,0.47000000000000003,0.0,2.81,5.16,0.51,0,0.0,0,0.0,6.9,0.26,1,0.26,0.52,0,0.0,13,3.32,30.77,7.692,0.26,5.88,43.48,1.28,60.0,4.6,38.89,2.3,5.63,59.09,13.55,35.85,4.86,3.07,0.51,26.85,1.53,0.0,36.56,65.73,13.55,64.15,5.37,90.48,26.34,73.79,4.86,52.63,20.46,34.15,0.71,3.58,0.0,0.0,0.26,0.0,1.79,5.88,65.22,5.63,50.0,0.51,100.0,0.77,2.3,9.72,78.95,55.32,12.02,0,,0,,0,0.0,0.0,0.0,,,0.0,,1.02,1.02,0.0,0.0,6.14,0,0
Dong Yongshuang,Dong Yongshuang,-412486,Shaanxi Changan,Shaanxi Changan,https://cdn5.wyscout.com/photos/team/public/g-16070_120x120.png,Super League Women,"RW, LCMF, LB5",RW,67,LCMF,13,LB5,10,21.0,2005-02-14,0,,7,348,0,0.31,0,0.34,21.47,44.58,China PR,['China PR'],unknown,163,53,False,8.02,4.66,66.67,5.17,30.0,0.0,0.0,0.0,4.91,5.0,0.78,0,0.0,0,0.0,1.81,0.0,0,0.0,0.08,0,0.0,3,0.78,33.33,0.0,0.0,1.55,16.67,0.0,0.0,1.55,16.67,0.26,3.1,41.67,9.31,41.67,1.55,1.81,0.26,8.28,1.03,1.81,15.0,46.55,4.66,33.33,3.88,80.0,11.64,55.56,1.81,14.29,16.27,16.81,0.09,0.78,0.0,0.0,0.0,0.0,0.52,2.33,33.33,1.81,28.57,0.0,0.0,0.52,0.26,3.1,50.0,38.46,3.36,0,,0,,0,0.0,0.0,0.0,,,0.0,,5.17,0.0,0.0,0.0,0.0,0,0
Zeng Yujia,Yujia Zeng,-383732,Beijing Beikong,Beijing Beikong,https://cdn5.wyscout.com/photos/team/public/g-12773_120x120.png,Super League Women,"RB, LB",RB,71,LB,28,,0,20.0,2006-07-07,0,,6,338,0,0.0,0,0.07,11.72,65.91,China PR,['China PR'],unknown,0,0,False,9.05,5.33,80.0,2.13,75.0,0.0,0.0,0.0,4.79,7.5,0.53,0,0.0,0,0.0,2.93,0.0,0,0.0,0.0,0,0.0,0,0.0,0.0,0.0,0.0,3.99,46.67,0.8,0.0,3.2,58.33,0.0,2.4,44.44,3.2,33.33,0.8,1.8599999999999999,0.0,23.43,2.66,0.0,38.61,63.45,19.7,60.81,2.93,100.0,29.29,69.09,5.59,42.86,18.16,20.82,0.02,0.27,0.0,0.0,0.0,0.0,0.27,7.99,56.67,4.53,58.82,1.33,60.0,1.07,1.33,13.05,71.43,58.33,9.59,0,,0,,0,0.0,0.0,0.0,,,0.0,,2.13,0.0,0.0,0.0,0.0,0,0
Wang Huimin,Wang  Huimin,-412184,Changchun Dazhong,Changchun Dazhong,https://cdn5.wyscout.com/photos/team/public/g19391_120x120.png,Super League Women,"LW, LCMF3, LAMF",LW,49,LCMF3,24,LAMF,14,22.0,2003-08-19,0,,5,333,0,0.45,0,0.03,13.24,48.98,China PR,['China PR'],unknown,160,47,False,8.65,4.05,86.67,2.7,50.0,0.27,0.52,0.27,4.86,9.31,0.54,0,0.0,0,0.0,1.8900000000000001,0.0,0,0.0,0.12,0,0.0,5,1.35,80.0,0.0,0.0,1.35,20.0,1.08,25.0,0.27,0.0,0.0,1.08,50.0,5.95,27.27,2.43,0.54,0.0,19.73,1.62,1.08,27.03,75.0,3.51,46.15,8.11,93.33,23.24,84.88,2.43,11.11,18.47,33.92,0.01,0.27,0.0,0.0,0.0,0.0,0.0,1.35,60.0,0.81,66.67,0.0,0.0,0.54,0.27,2.16,37.5,78.79,8.92,0,,0,,0,0.0,0.0,0.0,,,0.0,,2.7,0.0,0.0,0.0,0.0,0,0
Shi Xiaomin,Shi Xiaomin,-412468,Shaanxi Changan,Shaanxi Changan,https://cdn5.wyscout.com/photos/team/public/g-16070_120x120.png,Super League Women,"CB, DMF, LCMF",CB,47,DMF,22,LCMF,18,23.0,2003-01-10,0,,5,332,0,0.15,0,0.32,13.83,47.06,China PR,['China PR'],unknown,170,63,False,5.96,5.42,60.0,3.52,38.46,0.0,0.0,0.0,2.71,3.41,0.81,1,0.27,0,0.0,0.27,0.0,0,0.0,0.04,0,0.0,3,0.81,33.33,0.0,0.0,0.0,0.0,0.0,0.0,0.0,0.0,0.0,0.0,0.0,3.25,25.0,0.27,0.27,0.27,12.74,0.54,0.27,27.11,67.0,13.55,56.0,2.71,80.0,21.14,74.36,5.96,40.91,20.16,33.03,0.09,0.54,0.0,0.0,0.0,0.0,0.0,7.59,50.0,0.81,0.0,0.81,0.0,0.0,0.0,4.61,58.82,88.89,7.32,0,,0,,0,0.0,0.0,0.0,,,0.0,,3.52,0.54,0.0,0.0,2.17,0,0
Yuqi Chen,Yuqi Chen,-563481,Jiangsu Wuxi,Jiangsu Wuxi,https://cdn5.wyscout.com/photos/team/public/g-11601_120x120.png,Super League Women,"RCMF3, LCMF, CF",RCMF3,22,LCMF,21,CF,18,21.0,2005-04-08,0,,8,328,0,0.13,1,0.36,11.25,43.9,China PR,['China PR'],unknown,0,0,False,2.74,4.12,46.67,1.37,40.0,0.0,0.0,0.0,0.8200000000000001,1.6400000000000001,1.1,0,0.0,0,0.0,1.65,0.0,0,0.0,0.04,0,0.0,3,0.8200000000000001,33.33,0.0,0.27,1.65,16.67,0.8200000000000001,0.0,0.8200000000000001,33.33,0.0,1.65,66.67,4.66,41.18,0.55,0.8200000000000001,0.0,26.62,0.55,0.8200000000000001,37.32,80.15,13.17,62.5,3.84,100.0,32.65,84.87,3.02,63.64,18.21,19.15,0.1,0.8200000000000001,0.0,0.0,0.0,0.0,0.27,7.41,70.37,1.65,33.33,0.8200000000000001,33.33,0.55,0.27,6.04,63.64,92.0,13.72,0,,0,,0,0.0,0.0,0.0,,,0.27,,1.37,0.27,0.0,0.0,3.5700000000000003,0,0
Zhang Shuang,Zhang Shuang,-412188,Guangxi Pingguo Bainong,Guangxi Pingguo Bainong,https://cdn5.wyscout.com/photos/team/public/g-17625_120x120.png,Super League Women,"LB5, LWB, RB",LB5,37,LWB,20,RB,18,21.0,2004-07-31,0,,6,328,0,0.02,0,0.0,15.64,50.88,China PR,['China PR'],unknown,165,55,False,10.43,9.6,68.57,1.65,33.33,0.27,0.4,0.0,3.5700000000000003,5.2,1.1,0,0.0,0,0.0,1.1,0.0,0,0.0,0.01,0,0.0,2,0.55,0.0,0.0,0.0,2.2,50.0,1.65,50.0,0.55,50.0,0.55,1.1,0.0,3.84,21.43,0.55,1.92,0.55,27.71,1.37,1.1,36.22,71.21,13.72,56.0,5.76,95.24,29.91,77.06,4.39,37.5,17.13,31.33,0.0,0.0,0.0,0.0,0.27,0.0,0.0,6.86,44.0,3.29,58.33,0.8200000000000001,0.0,0.55,1.1,8.23,76.67,83.33,11.52,0,,0,,0,0.0,0.0,0.0,,,0.27,,1.65,0.0,0.0,0.0,0.0,0,0
Yujie Dong,Yujie Dong,-529254,Shandong SL,Shandong SL,https://cdn5.wyscout.com/photos/team/public/g-12774_120x120.png,Super League Women,"RW, LW",RW,67,LW,18,,0,18.0,2007-09-26,0,,8,328,0,0.15,0,0.05,12.07,50.0,China PR,['China PR'],unknown,0,0,False,7.68,4.66,88.24,1.1,25.0,0.0,0.0,0.27,3.5700000000000003,4.88,0.0,0,0.0,0,0.0,1.1,0.0,0,0.0,0.04,0,0.0,3,0.8200000000000001,33.33,0.0,0.0,1.1,25.0,0.27,0.0,0.8200000000000001,33.33,0.0,1.37,40.0,5.49,20.0,1.92,0.8200000000000001,0.8200000000000001,8.23,1.37,0.27,12.35,71.11,3.02,27.27,3.5700000000000003,100.0,9.6,80.0,1.65,50.0,13.94,10.56,0.01,0.27,0.0,0.0,0.0,0.0,0.0,0.0,0.0,0.55,50.0,0.0,0.0,0.0,0.55,0.55,0.0,85.71,1.92,0,,0,,0,0.0,0.0,0.0,,,0.27,,1.1,0.0,0.0,0.0,0.0,0,0
Zhou Ping,Ping Zhou,-412165,Guangxi Pingguo Bainong,Guangxi Pingguo Bainong,https://cdn5.wyscout.com/photos/team/public/g-17625_120x120.png,Super League Women,CF,CF,91,,0,,0,27.0,1999-05-18,0,,7,324,0,0.73,0,0.0,21.11,32.89,China PR,['China PR'],unknown,165,61,False,7.22,3.61,69.23,2.22,25.0,0.8300000000000001,1.15,0.0,3.89,5.38,0.8300000000000001,0,0.0,0,0.0,1.94,0.0,0,0.0,0.2,0,0.0,6,1.67,50.0,0.0,0.0,0.28,100.0,0.28,100.0,0.0,0.0,0.0,2.22,37.5,13.33,22.92,2.5,0.8300000000000001,0.28,17.22,1.94,1.67,28.33,67.65,7.22,30.77,7.5,88.89,27.22,69.39,0.8300000000000001,0.0,11.7,9.6,0.0,0.0,0.0,0.0,0.56,0.0,0.28,3.33,58.33,2.7800000000000002,20.0,0.8300000000000001,0.0,0.56,0.28,1.94,42.86,84.0,6.94,0,,0,,0,0.0,0.0,0.0,,,0.0,,2.22,0.0,0.0,0.0,0.0,0,0
X. Yiqing,Xiao  Yiqing,-836866,Guangdong Meizhou,Guangdong Meizhou,https://cdn5.wyscout.com/photos/team/public/g-12776_120x120.png,Super League Women,CF,CF,100,,0,,0,21.0,2005-07-08,0,,5,317,0,0.37,0,0.02,26.12,34.78,China PR,['China PR'],unknown,0,0,False,8.8,7.67,66.67,2.84,30.0,0.0,0.0,0.28,3.69,5.0,1.1400000000000001,0,0.0,0,0.0,0.5700000000000001,0.0,0,0.0,0.11,0,0.0,2,0.5700000000000001,0.0,0.0,0.0,0.5700000000000001,0.0,0.0,0.0,0.5700000000000001,0.0,0.0,2.84,20.0,13.34,23.4,2.27,1.42,0.0,9.65,2.27,1.42,15.33,68.52,2.56,55.56,5.96,90.48,13.91,69.39,1.1400000000000001,75.0,14.22,24.75,0.01,0.5700000000000001,0.28,0.0,0.0,0.0,0.0,1.1400000000000001,25.0,0.85,33.33,0.28,100.0,0.28,0.0,1.99,42.86,57.14,3.9699999999999998,0,,0,,0,0.0,0.0,0.0,,,0.0,,2.84,0.0,0.0,0.0,0.0,0,0
Gong Li,Gong  Li,-412070,Jiangsu Wuxi,Jiangsu Wuxi,https://cdn5.wyscout.com/photos/team/public/g-11601_120x120.png,Super League Women,"CF, RWF, AMF",CF,69,RWF,19,AMF,10,28.0,1997-07-15,0,,7,315,2,0.9500000000000001,1,0.07,13.71,35.42,China PR,['China PR'],unknown,0,0,False,3.43,5.14,33.33,1.71,50.0,0.29,0.53,0.0,1.43,2.63,2.29,1,0.29,0,0.0,1.43,0.5700000000000001,2,0.5700000000000001,0.27,2,0.5700000000000001,7,2.0,57.14,28.571,0.29,0.86,33.33,0.0,0.0,0.86,33.33,0.29,0.5700000000000001,0.0,5.14,27.78,2.29,0.29,0.0,10.29,0.5700000000000001,0.0,13.71,77.08,2.5700000000000003,77.78,4.29,80.0,12.0,78.57,0.86,100.0,14.93,17.16,0.02,0.29,0.0,0.0,0.0,0.0,0.29,1.1400000000000001,75.0,1.1400000000000001,25.0,0.0,0.0,0.29,0.29,2.0,85.71,71.43,4.0,0,,0,,0,0.0,0.0,0.0,,,0.0,,1.71,0.0,0.0,0.0,0.0,0,0
Sun Meiyue,Sun Meiyue,-457052,Changchun Dazhong,Changchun Dazhong,https://cdn5.wyscout.com/photos/team/public/g19391_120x120.png,Super League Women,"LCMF, RDMF, LDMF",LCMF,31,RDMF,21,LDMF,18,27.0,1999-04-21,0,,5,315,0,0.55,0,0.03,18.29,51.56,China PR,['China PR'],unknown,0,0,False,8.29,8.0,64.29,3.14,27.27,0.86,1.48,0.0,2.29,3.93,1.71,2,0.5700000000000001,0,0.0,2.0,0.0,0,0.0,0.16,0,0.0,4,1.1400000000000001,0.0,0.0,0.0,0.86,66.67,0.86,66.67,0.0,0.0,0.0,1.43,100.0,4.57,43.75,0.29,1.1400000000000001,0.0,24.0,0.29,0.5700000000000001,38.0,79.7,12.86,66.67,7.43,100.0,33.14,84.48,4.0,42.86,17.67,33.32,0.01,0.29,0.0,0.0,0.0,0.0,0.0,9.14,71.88,2.0,28.57,0.5700000000000001,50.0,0.29,0.5700000000000001,7.14,76.0,83.33,12.0,0,,0,,0,0.0,0.0,0.0,,,1.1400000000000001,,3.14,0.0,0.0,0.0,0.0,0,0
M. Xuan,Meng Xuan,-536990,Shaanxi Changan,Shaanxi Changan,https://cdn5.wyscout.com/photos/team/public/g-16070_120x120.png,Super League Women,"RW, RWF, LW",RW,47,RWF,25,LW,14,18.0,2007-07-29,0,,7,313,0,0.11,0,0.0,18.69,41.54,China PR,['China PR'],unknown,0,0,False,6.61,6.33,63.64,3.74,30.77,0.29,0.36,0.0,2.3,2.89,2.01,1,0.29,0,0.0,1.44,0.0,0,0.0,0.03,0,0.0,4,1.15,25.0,0.0,0.0,0.86,0.0,0.0,0.0,0.86,0.0,0.29,3.16,36.36,6.33,31.82,1.44,0.86,0.29,10.35,2.01,0.0,14.95,51.92,4.89,41.18,5.18,77.78,12.65,61.36,1.44,0.0,15.75,9.72,0.0,0.29,0.0,0.0,0.0,0.0,0.0,1.73,16.67,2.01,28.57,0.0,0.0,0.29,0.0,2.88,60.0,36.36,3.16,0,,0,,0,0.0,0.0,0.0,,,0.0,,3.74,0.0,0.0,0.0,0.0,0,0
Q. Ruixin,Qu Ruixin,-563512,Sichuan,Sichuan,https://cdn5.wyscout.com/photos/team/public/g-14011_120x120.png,Super League Women,"LCMF, RCMF",LCMF,77,RCMF,22,,0,18.0,2007-12-14,0,,7,308,1,0.22,0,0.0,17.82,54.1,China PR,['China PR'],,0,0,False,14.03,8.47,68.97,3.21,36.36,1.17,1.32,0.0,7.01,7.91,0.88,0,0.0,0,0.0,2.34,0.29,1,0.29,0.06,0,0.0,4,1.17,75.0,25.0,0.0,0.58,0.0,0.0,0.0,0.58,0.0,0.0,1.46,100.0,4.68,43.75,0.58,0.58,0.0,13.73,0.58,0.29,28.05,58.33,13.44,52.17,5.26,66.67,23.67,65.43,3.8,23.08,15.85,31.92,0.0,0.0,0.0,0.0,0.0,0.0,0.0,5.84,45.0,1.17,0.0,0.88,0.0,0.0,0.0,6.43,45.45,71.43,4.09,0,,0,,0,0.0,0.0,0.0,,,0.0,,3.21,0.0,0.0,0.0,0.0,0,0
W. Xinyang,Wang Xinyang,-686491,Liaoning Shenbei Hefeng,Liaoning Shenbei Hefeng,https://cdn5.wyscout.com/photos/team/public/g-21014_120x120.png,Super League Women,"LCB3, RCB3, RCB",LCB3,44,RCB3,16,RCB,16,27.0,1998-07-12,0,,7,300,0,0.0,0,0.0,10.2,61.76,China PR,['China PR'],unknown,166,54,False,6.0,5.4,61.11,1.2,75.0,0.30000000000000004,0.48,0.0,2.4,3.87,0.30000000000000004,0,0.0,0,0.0,0.0,0.0,0,0.0,0.0,0,0.0,0,0.0,0.0,0.0,0.0,1.5,0.0,0.9,0.0,0.6000000000000001,0.0,0.0,0.0,0.0,2.4,62.5,0.30000000000000004,0.9,0.0,34.8,1.5,1.5,49.2,72.56,24.6,63.41,3.9,92.31,39.3,86.26,8.4,21.43,20.18,33.39,0.0,0.0,0.0,0.0,0.0,0.0,0.0,12.6,59.52,3.9,0.0,1.2,0.0,0.0,0.0,12.9,62.79,76.6,14.1,0,,0,,0,0.0,0.0,0.0,,,0.6000000000000001,,1.2,0.0,0.0,0.0,0.0,0,0
Ruilin Chen,Ruilin Chen,-455583,Shanghai SRCB,Shanghai SRCB,https://cdn5.wyscout.com/photos/team/public/g-12772_120x120.png,Super League Women,"CF, LW",CF,48,LW,43,,0,18.0,2008-05-12,0,,5,300,1,0.8200000000000001,0,0.65,35.4,40.68,China PR,['China PR'],unknown,0,0,False,8.1,6.3,85.71,6.9,52.17,0.0,0.0,0.0,2.7,4.91,0.30000000000000004,0,0.0,0,0.0,3.0,0.30000000000000004,1,0.30000000000000004,0.25,0,0.0,9,2.7,11.11,11.111,0.0,5.4,11.11,3.3,18.18,2.1,0.0,0.9,5.1,41.18,19.5,23.08,6.0,1.5,0.0,20.7,1.5,1.2,32.4,62.96,8.1,55.56,9.0,80.0,26.4,73.86,0.6000000000000001,50.0,15.09,16.8,0.19,2.1,0.0,0.0,0.0,0.0,0.9,2.4,25.0,5.7,15.79,0.30000000000000004,0.0,1.2,0.6000000000000001,4.2,64.29,51.52,9.9,0,,0,,0,0.0,0.0,0.0,,,0.0,,6.9,0.9,0.0,0.0,4.8,0,0
Xu Huan,Xu Huan,-412079,Jiangsu Wuxi,Jiangsu Wuxi,https://cdn5.wyscout.com/photos/team/public/g-11601_120x120.png,Super League Women,GK,GK,100,,0,,0,27.0,1999-03-06,0,,3,299,0,0.0,0,0.0,0.6000000000000001,50.0,China PR,['China PR'],unknown,0,0,False,1.81,0.30000000000000004,0.0,0.30000000000000004,100.0,0.0,0.0,0.0,1.81,3.05,0.30000000000000004,1,0.30000000000000004,0,0.0,0.0,0.0,0,0.0,0.0,0,0.0,0,0.0,0.0,0.0,0.0,0.0,0.0,0.0,0.0,0.0,0.0,0.0,0.0,0.0,0.0,0.0,0.0,0.0,0.0,5.12,0.0,0.0,11.14,70.27,6.32,57.14,0.0,0.0,6.92,95.65,4.21,28.57,31.68,44.82,0.0,0.0,0.0,0.0,0.0,0.0,0.0,0.0,0.0,0.0,0.0,0.0,0.0,0.0,0.0,2.71,44.44,87.5,4.82,4,1.2,11,3.31,1,63.64,3.87,1.17,-0.13,-0.039,0.0,1.2,0.30000000000000004,,,,0.0,0,0
Estefanía Palomar,Estefanía Anahi Palomar,-528398,Changchun Dazhong,Changchun Dazhong,https://cdn5.wyscout.com/photos/team/public/g19391_120x120.png,Super League Women,CF,CF,90,,0,,0,23.0,2003-01-07,0,,6,291,0,0.42,0,0.07,14.54,34.04,Argentina,['Argentina'],unknown,0,0,False,2.7800000000000002,1.8599999999999999,66.67,5.57,33.33,0.0,0.0,0.0,1.55,1.9500000000000002,0.31,0,0.0,0,0.0,0.93,0.0,0,0.0,0.13,0,0.0,4,1.24,50.0,0.0,0.0,0.93,0.0,0.31,0.0,0.62,0.0,0.62,0.62,50.0,6.19,20.0,2.47,0.31,0.0,11.75,2.7800000000000002,0.62,15.46,54.0,4.33,35.71,3.09,80.0,13.92,57.78,0.62,50.0,14.14,7.54,0.02,0.62,0.0,0.0,0.31,0.0,0.0,1.55,60.0,1.8599999999999999,0.0,0.0,0.0,0.0,0.0,2.7800000000000002,33.33,66.67,2.7800000000000002,0,,0,,0,0.0,0.0,0.0,,,0.0,,5.57,0.0,0.0,0.0,0.0,0,0
Yafei Xiao,Yafei Xiao,-529251,Shandong SL,Shandong SL,https://cdn5.wyscout.com/photos/team/public/g-12774_120x120.png,Super League Women,"LW, LWF",LW,87,LWF,12,,0,19.0,2007-05-28,0,,7,279,0,0.18,0,0.30000000000000004,19.68,39.34,China PR,['China PR'],unknown,0,0,False,6.77,7.42,43.48,3.55,36.36,0.0,0.0,0.0,3.55,4.71,2.26,1,0.32,0,0.0,2.26,0.0,0,0.0,0.06,0,0.0,3,0.97,33.33,0.0,0.0,0.65,0.0,0.32,0.0,0.32,0.0,0.0,2.58,62.5,7.42,39.13,1.94,0.65,0.32,11.94,1.6099999999999999,0.65,23.55,63.01,8.71,48.15,2.9,88.89,20.65,67.19,2.26,42.86,23.36,19.04,0.1,0.32,0.0,0.0,0.65,50.0,0.65,3.55,45.45,1.6099999999999999,20.0,0.97,66.67,0.32,0.0,3.23,60.0,66.67,6.77,0,,0,,0,0.0,0.0,0.0,,,0.0,,3.55,0.0,0.0,0.0,0.0,0,0
Yang Lv,Yang Lv,-558438,Guangxi Pingguo Bainong,Guangxi Pingguo Bainong,https://cdn5.wyscout.com/photos/team/public/g-17625_120x120.png,Super League Women,"LW, LWF, LDMF",LW,36,LWF,34,LDMF,15,33.0,1993-04-03,0,,6,273,0,0.21,0,0.2,8.9,51.85,China PR,['China PR'],unknown,0,0,False,5.6,4.29,76.92,0.66,0.0,0.0,0.0,0.0,2.31,3.33,0.33,0,0.0,0,0.0,1.65,0.0,0,0.0,0.07,0,0.0,2,0.66,0.0,0.0,0.0,2.64,25.0,1.98,33.33,0.66,0.0,0.33,0.66,100.0,2.64,37.5,0.99,0.99,0.0,24.73,1.32,0.33,30.33,67.39,7.91,54.17,8.9,85.19,26.04,74.68,1.65,20.0,17.17,17.61,0.07,0.66,0.0,0.0,0.66,50.0,0.66,3.96,66.67,4.62,21.43,0.99,33.33,0.66,0.33,2.64,62.5,64.29,9.23,0,,0,,0,0.0,0.0,0.0,,,0.0,,0.66,0.0,0.0,0.0,0.0,0,0
Suwan Yuan,Suwan Yuan,-455603,Shanghai SRCB,Shanghai SRCB,https://cdn5.wyscout.com/photos/team/public/g-12772_120x120.png,Super League Women,LCB,LCB,100,,0,,0,18.0,2007-12-28,0,,3,266,0,0.1,0,0.0,12.18,66.67,China PR,['China PR'],unknown,0,0,False,5.08,4.06,58.33,6.09,72.22,0.0,0.0,0.0,2.71,4.71,1.02,0,0.0,0,0.0,0.0,0.0,0,0.0,0.03,0,0.0,1,0.34,0.0,0.0,0.0,0.0,0.0,0.0,0.0,0.0,0.0,0.0,0.0,0.0,0.34,0.0,0.68,0.34,0.0,35.86,0.0,0.0,61.92,81.42,24.7,68.49,4.4,92.31,57.18,84.62,4.74,42.86,20.03,23.53,0.0,0.0,0.0,0.0,0.0,0.0,0.0,6.77,65.0,0.34,0.0,0.0,0.0,0.0,0.0,10.83,37.5,93.02,29.1,0,,0,,0,0.0,0.0,0.0,,,3.38,,6.09,0.0,0.0,0.0,0.0,0,0
Yang Xi,Yang Xi,-412063,Jiangsu Wuxi,Jiangsu Wuxi,https://cdn5.wyscout.com/photos/team/public/g-11601_120x120.png,Super League Women,"LWB, LB5",LWB,68,LB5,31,,0,25.0,2001-05-12,0,,3,258,0,0.15,0,0.30000000000000004,17.79,50.98,China PR,['China PR'],unknown,0,0,False,7.33,5.93,70.59,3.84,45.45,0.0,0.0,0.0,3.14,5.87,2.09,0,0.0,0,0.0,3.14,0.0,0,0.0,0.05,0,0.0,1,0.35000000000000003,0.0,0.0,0.0,4.19,33.33,4.19,33.33,0.0,0.0,0.0,3.49,50.0,6.98,35.0,1.74,1.05,0.0,34.53,3.84,0.35000000000000003,46.74,76.12,17.79,66.67,10.81,93.55,37.67,83.33,5.23,53.33,19.75,37.06,0.1,0.7000000000000001,0.0,0.0,0.0,0.0,0.0,4.88,57.14,3.49,40.0,0.35000000000000003,0.0,0.35000000000000003,1.05,11.16,78.13,77.78,12.56,0,,0,,0,0.0,0.0,0.0,,,0.7000000000000001,,3.84,0.0,0.0,0.0,0.0,0,0
Yuxiu Ying,Yuxiu Ying,-545349,Zhejiang,Zhejiang,https://cdn5.wyscout.com/photos/team/public/g-12777_120x120.png,Super League Women,"LCB3, LCB, RCB3",LCB3,55,LCB,20,RCB3,19,18.0,2007-12-08,0,,3,240,0,0.0,0,0.0,12.75,61.76,China PR,['China PR'],unknown,0,0,False,8.25,6.38,70.59,4.13,63.64,0.0,0.0,0.38,3.75,4.11,1.13,0,0.0,0,0.0,0.0,0.0,0,0.0,0.0,0,0.0,0,0.0,0.0,0.0,0.0,0.0,0.0,0.0,0.0,0.0,0.0,0.0,0.0,0.0,0.75,50.0,0.0,0.0,0.0,5.25,0.38,0.38,20.25,57.41,13.13,45.71,1.13,100.0,15.75,69.05,4.5,16.67,18.12,26.56,0.0,0.0,0.0,0.0,0.0,0.0,0.0,2.63,28.57,0.0,0.0,0.0,0.0,0.0,0.0,5.63,20.0,70.0,3.75,0,,0,,0,0.0,0.0,0.0,,,0.75,,4.13,0.0,0.0,0.0,0.0,0,0
Xin Sun,Xin Sun,-563477,Jiangsu Wuxi,Jiangsu Wuxi,https://cdn5.wyscout.com/photos/team/public/g-11601_120x120.png,Super League Women,"LWB, RCMF, LB5",LWB,54,RCMF,20,LB5,12,20.0,2005-12-23,0,,7,234,0,0.03,1,0.34,16.15,42.86,China PR,['China PR'],unknown,0,0,False,13.46,8.46,54.55,1.15,66.67,0.38,0.67,0.0,8.46,14.67,2.31,0,0.0,0,0.0,0.77,0.0,0,0.0,0.01,0,0.0,1,0.38,0.0,0.0,0.38,4.23,18.18,4.23,18.18,0.0,0.0,1.15,1.92,0.0,5.0,15.38,0.77,0.0,0.0,21.15,0.38,0.77,33.46,47.13,18.85,38.78,3.85,90.0,25.0,58.46,4.23,9.09,22.01,22.03,0.13,0.38,0.0,0.0,0.0,0.0,0.38,4.62,50.0,3.46,22.22,0.38,0.0,0.0,0.77,9.23,41.67,47.06,6.54,0,,0,,0,0.0,0.0,0.0,,,0.38,,1.15,0.0,0.0,0.0,0.0,0,0
Ma Qinglin,Ma Qinglin,-836817,Sichuan,Sichuan,https://cdn5.wyscout.com/photos/team/public/g-14011_120x120.png,Super League Women,"LB, LB5, LCB3",LB,58,LB5,24,LCB3,17,24.0,2001-09-14,0,,3,234,0,0.0,0,0.0,12.69,51.52,China PR,['China PR'],unknown,166,56,False,6.92,6.92,44.44,1.92,60.0,0.77,0.8,0.38,3.08,3.2,1.54,0,0.0,0,0.0,0.0,0.0,0,0.0,0.0,0,0.0,0,0.0,0.0,0.0,0.0,0.0,0.0,0.0,0.0,0.0,0.0,0.0,0.38,0.0,3.08,50.0,0.0,0.0,0.0,10.0,0.0,1.15,21.92,50.88,16.15,47.62,0.77,100.0,12.31,65.63,9.62,32.0,18.01,23.48,0.0,0.0,0.0,0.0,0.0,0.0,0.0,5.38,28.57,1.15,33.33,0.77,0.0,0.38,0.0,8.46,45.45,42.86,2.69,0,,0,,0,0.0,0.0,0.0,,,0.0,,1.92,0.0,0.0,0.0,0.0,0,0
Jie Zhang,Jie Zhang,-545338,Zhejiang,Zhejiang,https://cdn5.wyscout.com/photos/team/public/g-12777_120x120.png,Super League Women,"LW, CF, LAMF",LW,46,CF,31,LAMF,22,17.0,2008-12-13,0,,6,232,0,0.37,0,0.01,29.48,35.53,China PR,['China PR'],unknown,0,0,False,6.21,5.43,57.14,3.1,12.5,0.0,0.0,0.0,3.1,3.48,1.55,0,0.0,0,0.0,3.1,0.0,0,0.0,0.14,0,0.0,6,2.33,16.67,0.0,0.0,2.33,33.33,2.33,33.33,0.0,0.0,0.39,5.04,38.46,17.07,31.82,3.49,1.16,0.39,15.13,3.1,0.78,24.44,52.38,6.21,12.5,10.09,84.62,20.17,59.62,2.33,0.0,14.97,16.63,0.01,0.78,0.0,0.0,0.0,0.0,0.0,3.49,11.11,3.1,25.0,0.39,0.0,0.0,0.78,2.7199999999999998,14.29,37.5,3.1,0,,0,,0,0.0,0.0,0.0,,,0.0,,3.1,0.0,0.0,0.0,0.0,0,0
He Jingjing,Jingjing He,-412114,Guangxi Pingguo Bainong,Guangxi Pingguo Bainong,https://cdn5.wyscout.com/photos/team/public/g-17625_120x120.png,Super League Women,"LW, LWF, LCMF3",LW,56,LWF,19,LCMF3,12,22.0,2004-02-27,0,,7,229,0,0.19,1,0.23,12.18,51.61,China PR,['China PR'],unknown,165,55,False,5.5,3.93,100.0,0.39,100.0,0.39,0.53,0.0,1.18,1.58,0.0,0,0.0,0,0.0,1.97,0.0,0,0.0,0.07,0,0.0,3,1.18,100.0,0.0,0.39,0.39,0.0,0.39,0.0,0.0,0.0,0.0,0.79,50.0,6.68,23.53,1.57,0.79,0.0,22.4,1.97,1.57,27.9,80.28,5.5,64.29,8.25,90.48,24.76,87.3,2.75,28.57,15.32,12.88,0.09,0.39,0.0,0.0,0.39,100.0,0.39,1.97,100.0,1.57,50.0,0.79,50.0,0.79,0.0,3.93,50.0,71.43,8.25,0,,0,,0,0.0,0.0,0.0,,,0.0,,0.39,0.0,0.0,0.0,0.0,0,0
Tang Yueyuan,Tang  Yueyuan,-412341,Sichuan,Sichuan,https://cdn5.wyscout.com/photos/team/public/g-14011_120x120.png,Super League Women,"RB5, RB",RB5,53,RB,42,,0,23.0,2003-04-25,0,,4,225,0,0.0,0,0.0,8.0,50.0,China PR,['China PR'],unknown,0,0,False,5.2,5.2,69.23,1.6,25.0,0.4,0.43,0.0,1.2,1.3,0.4,0,0.0,0,0.0,0.4,0.0,0,0.0,0.0,0,0.0,0,0.0,0.0,0.0,0.0,1.2,33.33,0.0,0.0,1.2,33.33,0.0,0.0,0.0,0.4,0.0,0.0,0.4,0.0,12.0,0.4,0.0,21.2,54.72,10.0,48.0,2.4,83.33,14.4,72.22,5.6,14.29,16.35,19.39,0.0,0.0,0.0,0.0,0.0,0.0,0.0,3.2,12.5,0.4,0.0,0.4,0.0,0.0,0.0,4.8,33.33,50.0,2.4,0,,0,,0,0.0,0.0,0.0,,,0.0,,1.6,0.0,0.0,0.0,0.0,0,0
Zeng Linhan,Zeng Linhan,-836821,Sichuan,Sichuan,https://cdn5.wyscout.com/photos/team/public/g-14011_120x120.png,Super League Women,CF,CF,94,,0,,0,18.0,2007-11-06,0,,5,224,0,0.5,0,0.07,19.29,27.08,China PR,['China PR'],unknown,171,52,False,4.82,2.41,66.67,4.82,8.33,0.8,0.87,0.0,2.41,2.61,0.0,0,0.0,0,0.0,3.21,0.0,0,0.0,0.2,0,0.0,6,2.41,16.67,0.0,0.0,1.21,33.33,0.8,50.0,0.4,0.0,0.0,3.21,62.5,9.64,29.17,2.01,3.21,1.21,7.23,2.01,0.4,14.87,48.65,4.02,10.0,2.81,85.71,12.46,54.84,1.21,0.0,14.07,11.7,0.03,0.8,0.0,0.0,0.4,100.0,0.4,3.21,25.0,0.8,50.0,0.8,50.0,0.8,0.0,1.6099999999999999,25.0,66.67,3.62,0,,0,,0,0.0,0.0,0.0,,,0.0,,4.82,0.0,0.0,0.0,0.0,0,0
Han Tang,Han Tang,-238511,Wuhan Jiangda,Wuhan Jiangda,https://cdn5.wyscout.com/photos/team/public/g19398_120x120.png,Super League Women,"LB, LW",LB,54,LW,36,,0,25.0,2001-01-03,0,,7,216,0,0.03,0,0.23,19.17,41.3,China PR,['China PR'],,168,0,False,7.92,6.25,66.67,1.25,0.0,0.0,0.0,0.0,3.75,6.0,0.42,0,0.0,0,0.0,1.67,0.0,0,0.0,0.01,0,0.0,3,1.25,0.0,0.0,0.0,2.08,40.0,1.25,33.33,0.8300000000000001,50.0,0.42,2.5,33.33,7.92,26.32,1.25,1.67,0.8300000000000001,23.75,2.5,1.25,33.33,78.75,11.67,60.71,6.25,93.33,28.33,85.29,2.92,42.86,15.87,16.68,0.1,1.67,0.0,0.0,0.0,0.0,0.8300000000000001,5.0,58.33,2.5,66.67,0.42,0.0,0.8300000000000001,0.8300000000000001,7.5,55.56,84.62,10.83,0,,0,,0,0.0,0.0,0.0,,,0.0,,1.25,0.0,0.0,0.0,0.0,0,0
Deng Mengye,Deng  Mengye,-412509,Wuhan Jiangda,Wuhan Jiangda,https://cdn5.wyscout.com/photos/team/public/g19398_120x120.png,Super League Women,CF,CF,98,,0,,0,24.0,2001-12-25,0,,6,214,0,1.04,0,0.08,24.81,30.51,China PR,['China PR'],unknown,0,0,False,4.21,3.36,75.0,5.05,33.33,0.0,0.0,0.0,1.6800000000000002,3.24,1.26,0,0.0,0,0.0,0.0,0.0,0,0.0,0.44,0,0.0,4,1.6800000000000002,0.0,0.0,0.0,0.42,0.0,0.42,0.0,0.0,0.0,0.0,2.1,0.0,13.88,15.15,5.05,0.84,0.42,14.3,4.21,1.6800000000000002,18.08,79.07,3.36,75.0,5.05,83.33,17.24,80.49,0.42,100.0,17.56,8.25,0.03,0.42,0.0,0.0,0.0,0.0,0.42,1.6800000000000002,75.0,0.0,0.0,0.0,0.0,0.0,0.0,1.26,100.0,91.67,5.05,0,,0,,0,0.0,0.0,0.0,,,0.0,,5.05,0.0,0.0,0.0,0.0,0,0
Yunhan Zhao,Yunhan Zhao,-529259,Shandong SL,Shandong SL,https://cdn5.wyscout.com/photos/team/public/g-12774_120x120.png,Super League Women,CF,CF,97,,0,,0,19.0,2007-01-08,0,,5,207,0,0.76,0,0.0,22.17,27.45,China PR,['China PR'],unknown,0,0,False,3.91,3.04,57.14,7.39,29.41,1.3,1.6400000000000001,0.0,0.87,1.09,2.17,0,0.0,0,0.0,1.3,0.0,0,0.0,0.33,0,0.0,3,1.3,66.67,0.0,0.0,0.0,0.0,0.0,0.0,0.0,0.0,0.0,1.3,33.33,8.7,15.0,1.3,0.0,0.0,9.13,1.3,1.3,13.91,53.13,6.09,50.0,3.91,88.89,13.04,56.67,0.87,0.0,13.02,5.67,0.0,0.0,0.0,0.0,0.43,0.0,0.0,2.17,20.0,1.3,33.33,0.87,0.0,0.43,0.0,1.3,66.67,0.0,2.17,0,,0,,0,0.0,0.0,0.0,,,0.0,,7.39,0.0,0.0,0.0,0.0,0,0
Na Hou,Na Hou,-563491,Liaoning Shenbei Hefeng,Liaoning Shenbei Hefeng,https://cdn5.wyscout.com/photos/team/public/g-21014_120x120.png,Super League Women,"CF, AMF, RWB",CF,32,AMF,24,RWB,18,20.0,2006-05-27,0,,5,206,2,0.8200000000000001,1,0.18,12.23,53.57,China PR,['China PR'],unknown,0,0,False,3.93,2.18,40.0,2.62,33.33,0.44,0.67,0.0,2.62,4.0,0.44,0,0.0,0,0.0,2.62,0.87,2,0.87,0.36,0,0.0,4,1.75,50.0,50.0,0.44,1.31,33.33,1.31,33.33,0.0,0.0,0.44,1.31,66.67,5.24,75.0,2.18,0.87,0.0,12.23,3.06,2.18,15.73,50.0,7.43,41.18,2.18,80.0,10.49,54.17,3.93,44.44,20.53,21.75,0.08,0.87,0.0,0.0,0.44,100.0,0.44,3.93,22.22,2.18,40.0,0.44,100.0,0.44,0.44,3.06,71.43,55.56,3.93,0,,0,,0,0.0,0.0,0.0,,,0.0,,2.62,0.0,0.0,0.0,0.0,0,0
Liang Wei,Wei Liang,-411965,Beijing Beikong,Beijing Beikong,https://cdn5.wyscout.com/photos/team/public/g-12773_120x120.png,Super League Women,"CF, RDMF, RAMF",CF,40,RDMF,28,RAMF,12,23.0,2002-11-01,0,,6,206,0,0.36,0,0.0,14.85,35.29,China PR,['China PR'],unknown,166,54,False,8.74,3.06,85.71,2.18,60.0,0.0,0.0,0.44,6.12,9.33,0.0,0,0.0,0,0.0,2.18,0.0,0,0.0,0.16,0,0.0,5,2.18,20.0,0.0,0.0,0.87,0.0,0.0,0.0,0.87,0.0,0.0,3.5,37.5,9.17,14.29,4.37,0.0,0.0,15.73,1.75,0.44,24.9,57.89,7.86,33.33,6.55,86.67,20.1,67.39,3.93,22.22,18.16,22.85,0.0,0.44,0.0,0.0,0.44,100.0,0.0,5.68,38.46,3.5,25.0,1.31,66.67,0.87,0.0,4.37,70.0,60.0,6.55,0,,0,,0,0.0,0.0,0.0,,,0.0,,2.18,0.0,0.0,0.0,0.0,0,0
Lin Jin,Lin  Jin,-412209,Zhejiang,Zhejiang,https://cdn5.wyscout.com/photos/team/public/g-12777_120x120.png,Super League Women,"RCB3, RCB",RCB3,65,RCB,28,,0,22.0,2004-05-02,0,,4,203,0,0.0,0,0.0,8.42,63.16,China PR,['China PR'],unknown,0,0,False,7.09,3.55,75.0,2.22,40.0,0.44,0.53,0.44,3.99,4.74,1.33,0,0.0,0,0.0,0.0,0.0,0,0.0,0.0,0,0.0,0,0.0,0.0,0.0,0.0,0.0,0.0,0.0,0.0,0.0,0.0,0.0,0.0,0.0,0.44,100.0,0.0,0.0,0.0,7.98,0.0,0.44,21.72,69.39,8.42,63.16,1.77,75.0,16.4,78.38,5.32,41.67,19.87,34.81,0.0,0.0,0.0,0.0,0.0,0.0,0.0,2.66,50.0,0.89,0.0,1.33,0.0,0.0,0.0,6.21,42.86,64.71,7.54,0,,0,,0,0.0,0.0,0.0,,,0.89,,2.22,0.0,0.0,0.0,0.0,0,0
Zhang Ruonan,Zhang  Ruonan,-412229,Guangxi Pingguo Bainong,Guangxi Pingguo Bainong,https://cdn5.wyscout.com/photos/team/public/g-17625_120x120.png,Super League Women,"LB5, RB, CF",LB5,74,RB,14,CF,10,22.0,2003-10-19,0,,2,198,0,0.0,0,0.19,15.0,60.61,China PR,['China PR'],unknown,0,0,False,8.64,7.27,62.5,2.73,100.0,0.0,0.0,0.45,4.09,6.75,0.45,0,0.0,0,0.0,1.3599999999999999,0.0,0,0.0,0.0,0,0.0,0,0.0,0.0,0.0,0.0,0.45,100.0,0.0,0.0,0.0,0.0,0.0,0.91,100.0,3.64,50.0,0.0,0.0,0.0,23.64,2.27,2.27,30.45,77.61,11.36,56.0,5.0,100.0,27.73,78.69,2.27,60.0,15.66,22.35,0.09,1.3599999999999999,0.0,0.0,0.0,0.0,0.45,3.64,50.0,0.91,50.0,0.0,0.0,0.0,0.45,6.82,53.33,92.86,6.36,0,,0,,0,0.0,0.0,0.0,,,0.0,,2.73,0.0,0.0,0.0,0.0,0,0
Wang Siqian,Wang Siqian,-411896,Shanghai SRCB,Shanghai SRCB,https://cdn5.wyscout.com/photos/team/public/g-12772_120x120.png,Super League Women,LCB,LCB,100,,0,,0,22.0,2004-06-08,0,,3,197,1,0.5700000000000001,0,0.0,16.9,59.46,China PR,['China PR'],unknown,176,64,False,8.22,6.85,73.33,7.31,50.0,0.0,0.0,0.46,3.2,6.0,0.0,0,0.0,0,0.0,0.46,0.46,1,0.46,0.26,1,0.46,3,1.37,33.33,33.333,0.0,0.91,0.0,0.46,0.0,0.46,0.0,0.0,0.0,0.0,0.0,0.0,1.83,0.46,0.0,15.53,0.0,0.0,32.89,68.06,18.73,63.41,0.91,100.0,24.67,81.48,7.31,31.25,23.52,37.08,0.0,0.0,0.0,0.46,0.0,0.0,0.0,9.59,47.62,0.91,0.0,0.0,0.0,0.0,0.0,9.59,71.43,65.0,9.14,0,,0,,0,0.0,0.0,0.0,,,0.91,,7.31,0.0,0.0,0.0,0.0,0,0
Sun Yajie,Yajie Sun,-383740,Shanghai SRCB,Shanghai SRCB,https://cdn5.wyscout.com/photos/team/public/g-12772_120x120.png,Super League Women,"LAMF, LW",LAMF,52,LW,42,,0,21.0,2005-01-27,0,,5,194,0,0.2,0,1.02,20.41,45.45,China PR,['China PR'],unknown,0,0,False,11.6,8.35,83.33,0.93,50.0,0.0,0.0,0.0,4.64,7.32,0.93,0,0.0,0,0.0,4.18,0.0,0,0.0,0.09,0,0.0,3,1.3900000000000001,66.67,0.0,0.0,3.71,50.0,2.7800000000000002,33.33,0.93,100.0,0.46,6.03,23.08,9.28,20.0,2.32,0.93,0.0,15.77,1.8599999999999999,0.46,29.23,65.08,10.67,56.52,2.7800000000000002,83.33,20.41,77.27,5.1,27.27,22.68,17.43,0.47000000000000003,1.8599999999999999,0.0,0.0,0.0,0.0,1.3900000000000001,6.96,66.67,3.71,62.5,0.46,100.0,0.93,2.32,10.67,69.57,66.67,9.74,0,,0,,0,0.0,0.0,0.0,,,0.0,,0.93,0.0,0.0,0.0,2.32,0,0
H. O’Neill,Holly O’Neill,-441824,Guangxi Pingguo Bainong,Guangxi Pingguo Bainong,https://cdn5.wyscout.com/photos/team/public/g-17625_120x120.png,Super League Women,CF,CF,90,,0,,0,27.0,1998-09-19,0,,6,190,0,0.2,0,0.0,16.11,32.35,Canada,['Canada'],unknown,0,0,False,3.79,3.79,75.0,4.74,20.0,0.0,0.0,0.0,0.9500000000000001,1.22,0.47000000000000003,0,0.0,0,0.0,1.42,0.0,0,0.0,0.1,0,0.0,3,1.42,0.0,0.0,0.0,1.8900000000000001,25.0,0.0,0.0,1.8900000000000001,25.0,0.0,1.8900000000000001,50.0,6.63,21.43,2.37,0.47000000000000003,0.0,7.58,4.26,0.47000000000000003,12.79,55.56,0.9500000000000001,0.0,4.74,80.0,10.42,59.09,0.47000000000000003,100.0,17.89,2.58,0.0,0.0,0.0,0.0,0.0,0.0,0.0,0.0,0.0,1.42,33.33,0.0,0.0,0.0,0.47000000000000003,0.47000000000000003,100.0,57.14,3.32,0,,0,,0,0.0,0.0,0.0,,,0.0,,4.74,0.0,0.0,0.0,0.0,0,0
B. Namute Chileshe,Bwalya Namute Chileshe,-389391,Wuhan Jiangda,Wuhan Jiangda,https://cdn5.wyscout.com/photos/team/public/g19398_120x120.png,Super League Women,"CF, RWF",CF,79,RWF,20,,0,19.0,2007-06-06,0,,7,190,0,0.4,0,0.0,24.63,21.15,Zambia,['Zambia'],unknown,0,0,False,3.79,4.26,55.56,3.79,0.0,0.0,0.0,0.0,1.42,2.31,0.9500000000000001,0,0.0,0,0.0,0.47000000000000003,0.0,0,0.0,0.19,0,0.0,6,2.84,16.67,0.0,0.0,0.47000000000000003,0.0,0.47000000000000003,0.0,0.0,0.0,0.0,1.8900000000000001,0.0,11.37,12.5,2.84,1.8900000000000001,0.9500000000000001,6.63,2.37,0.47000000000000003,16.58,88.57,1.42,100.0,8.05,100.0,16.11,91.18,0.0,0.0,18.44,0.0,0.0,0.0,0.0,0.0,0.0,0.0,0.0,0.47000000000000003,100.0,0.47000000000000003,100.0,0.0,0.0,1.42,0.0,0.9500000000000001,100.0,66.67,2.84,0,,0,,0,0.0,0.0,0.0,,,0.0,,3.79,0.0,0.0,0.0,0.0,0,0
Kabange Mupopo,Kabange Mupopo,-566463,Liaoning Shenbei Hefeng,Liaoning Shenbei Hefeng,https://cdn5.wyscout.com/photos/team/public/g-21014_120x120.png,Super League Women,"CF, LWB, AMF",CF,45,LWB,24,AMF,12,33.0,1992-09-21,0,,8,187,0,0.28,0,0.0,23.58,22.45,Zambia,['Zambia'],unknown,170,57,False,4.8100000000000005,3.85,25.0,6.74,28.57,0.0,0.0,0.0,3.85,6.0,1.9300000000000002,0,0.0,0,0.0,1.9300000000000002,0.0,0,0.0,0.13,0,0.0,3,1.44,66.67,0.0,0.0,1.9300000000000002,25.0,0.0,0.0,1.9300000000000002,25.0,0.0,1.44,33.33,9.14,5.26,2.89,0.96,0.48,15.88,3.37,0.0,21.66,64.44,4.33,55.56,5.29,90.91,18.77,66.67,0.96,100.0,16.07,7.16,0.0,0.0,0.0,0.0,0.0,0.0,0.0,0.48,100.0,0.96,100.0,0.0,0.0,0.96,0.48,1.9300000000000002,75.0,57.14,3.37,0,,0,,0,0.0,0.0,0.0,,,0.0,,6.74,0.0,0.0,0.0,0.0,0,0
H. Yingxin,Huang Yingxin,-836863,Guangdong Meizhou,Guangdong Meizhou,https://cdn5.wyscout.com/photos/team/public/g-12776_120x120.png,Super League Women,"RWB, LWB",RWB,55,LWB,37,,0,18.0,2007-07-17,0,,5,184,0,0.2,0,0.0,16.14,66.67,China PR,['China PR'],unknown,0,0,False,9.29,8.32,88.24,1.96,75.0,0.0,0.0,0.49,1.96,3.75,0.0,0,0.0,0,0.0,1.96,0.0,0,0.0,0.1,0,0.0,2,0.98,0.0,0.0,0.0,0.98,50.0,0.0,0.0,0.98,50.0,0.0,2.45,60.0,3.91,37.5,0.49,0.98,0.0,7.34,1.47,1.47,15.65,65.63,6.36,46.15,1.96,75.0,10.76,72.73,3.91,50.0,20.98,19.25,0.0,0.0,0.0,0.0,0.0,0.0,0.49,2.45,20.0,1.47,66.67,0.49,0.0,0.49,0.98,4.4,44.44,72.73,5.38,0,,0,,0,0.0,0.0,0.0,,,0.98,,1.96,0.0,0.0,0.0,0.0,0,0
Jiao Xiaoqian,Jiao Xiaoqian,-412523,Shandong SL,Shandong SL,https://cdn5.wyscout.com/photos/team/public/g-12774_120x120.png,Super League Women,"LCMF, RCMF",LCMF,88,RCMF,11,,0,23.0,2002-11-23,0,,5,183,0,0.02,0,0.19,19.18,48.72,China PR,['China PR'],unknown,167,52,False,11.31,3.93,75.0,2.95,33.33,0.49,0.68,0.0,7.87,10.91,0.49,1,0.49,0,0.0,1.48,0.0,0,0.0,0.01,0,0.0,1,0.49,0.0,0.0,0.0,1.97,25.0,0.98,0.0,0.98,50.0,0.49,0.98,50.0,9.34,31.58,2.95,0.98,0.49,16.23,1.48,1.97,32.95,74.63,8.85,66.67,6.39,53.85,29.02,81.36,1.97,25.0,14.35,9.42,0.09,0.98,0.0,0.0,0.49,100.0,0.0,2.95,66.67,3.44,57.14,0.0,0.0,1.48,0.49,4.43,55.56,80.95,10.33,0,,0,,0,0.0,0.0,0.0,,,0.0,,2.95,0.0,0.0,0.0,0.98,0,0
Yingying Yan,Yingying Yan,-93701,Shanghai SRCB,Shanghai SRCB,https://cdn5.wyscout.com/photos/team/public/g-12772_120x120.png,Super League Women,"LW, RW",LW,81,RW,18,,0,27.0,1999-01-28,0,,2,182,0,1.19,0,0.05,16.81,50.0,China PR,['China PR'],,160,44,False,3.96,0.99,100.0,4.45,44.44,0.0,0.0,0.0,2.9699999999999998,6.92,0.49,0,0.0,0,0.0,5.93,0.0,0,0.0,0.59,0,0.0,7,3.46,42.86,0.0,0.0,3.96,25.0,3.46,28.57,0.49,0.0,0.49,6.92,50.0,9.89,55.0,4.45,2.47,0.0,17.31,0.99,0.99,23.24,65.96,5.44,63.64,4.95,70.0,18.3,72.97,0.99,100.0,20.12,8.78,0.03,0.49,0.0,0.0,0.0,0.0,0.0,0.49,0.0,2.47,60.0,0.0,0.0,0.49,0.49,5.93,75.0,73.33,7.42,0,,0,,0,0.0,0.0,0.0,,,0.0,,4.45,0.0,0.0,0.0,0.0,0,0
Y. Chenjie,Yuan Chenjie,-536974,Jiangsu Wuxi,Jiangsu Wuxi,https://cdn5.wyscout.com/photos/team/public/g-11601_120x120.png,Super League Women,"RCMF, RCMF3, DMF",RCMF,41,RCMF3,39,DMF,19,19.0,2007-04-06,0,,3,181,0,0.0,0,0.0,19.39,53.85,China PR,['China PR'],unknown,0,0,False,5.97,5.97,75.0,5.47,27.27,0.5,0.81,0.0,0.99,1.62,0.5,1,0.5,0,0.0,0.99,0.0,0,0.0,0.0,0,0.0,1,0.5,0.0,0.0,0.0,0.5,100.0,0.5,100.0,0.0,0.0,0.0,0.99,50.0,5.97,66.67,0.0,0.99,0.0,16.91,0.0,1.99,27.35,72.73,9.94,45.0,3.48,100.0,22.38,82.22,4.48,22.22,18.25,32.26,0.0,0.0,0.0,0.0,0.0,0.0,0.0,6.46,30.77,1.49,0.0,1.99,0.0,0.0,0.0,3.48,42.86,90.0,9.94,0,,0,,0,0.0,0.0,0.0,,,0.0,,5.47,0.0,0.0,0.0,0.0,0,0
Yanhong Pan,Yanhong Pan,-558436,Guangxi Pingguo Bainong,Guangxi Pingguo Bainong,https://cdn5.wyscout.com/photos/team/public/g-17625_120x120.png,Super League Women,LCB3,LCB3,100,,0,,0,19.0,2006-12-12,0,,3,181,0,0.0,0,0.0,11.44,47.83,China PR,['China PR'],unknown,0,0,False,10.94,5.97,66.67,1.99,50.0,1.49,1.8399999999999999,0.99,5.47,6.73,0.99,1,0.5,0,0.0,0.0,0.0,0,0.0,0.0,0,0.0,0,0.0,0.0,0.0,0.0,0.5,0.0,0.5,0.0,0.0,0.0,0.0,0.5,0.0,1.49,0.0,0.0,0.0,0.0,23.87,0.0,0.5,35.8,77.78,13.92,53.57,2.98,100.0,29.34,88.14,5.97,33.33,25.58,40.25,0.0,0.0,0.0,0.0,0.0,0.0,0.0,5.47,45.45,1.99,0.0,0.99,0.0,0.0,0.0,7.46,53.33,90.91,16.41,0,,0,,0,0.0,0.0,0.0,,,0.99,,1.99,0.0,0.0,0.0,0.0,0,0
Ling Liu,Ling Liu,-563480,Jiangsu Wuxi,Jiangsu Wuxi,https://cdn5.wyscout.com/photos/team/public/g-11601_120x120.png,Super League Women,"LCB3, RCB3, LCB",LCB3,56,RCB3,18,LCB,12,19.0,2006-07-11,0,,5,163,0,0.0,0,0.0,13.25,62.5,China PR,['China PR'],unknown,0,0,False,12.15,8.83,75.0,0.55,0.0,0.0,0.0,0.55,5.52,11.11,0.0,0,0.0,0,0.0,0.55,0.0,0,0.0,0.0,0,0.0,0,0.0,0.0,0.0,0.0,0.55,0.0,0.55,0.0,0.0,0.0,0.0,0.55,100.0,3.31,33.33,0.0,0.55,0.0,44.17,0.55,0.55,55.77,83.17,19.33,71.43,4.97,88.89,50.25,90.11,4.97,22.22,13.51,12.72,0.0,0.0,0.0,0.0,0.0,0.0,0.0,4.42,37.5,0.55,0.0,0.0,0.0,0.0,0.0,8.28,46.67,92.0,27.61,0,,0,,0,0.0,0.0,0.0,,,2.76,,0.55,0.0,0.0,0.0,0.0,0,0
Liu Xuan,Xuan Liu,-412537,Shandong SL,Shandong SL,https://cdn5.wyscout.com/photos/team/public/g-12774_120x120.png,Super League Women,"LCMF, LCMF3",LCMF,81,LCMF3,18,,0,22.0,2003-10-28,0,,3,162,0,0.0,0,0.0,16.67,33.33,China PR,['China PR'],unknown,163,56,False,7.22,7.22,46.15,3.33,33.33,0.56,0.71,0.0,3.33,4.29,2.7800000000000002,0,0.0,0,0.0,0.56,0.0,0,0.0,0.0,0,0.0,0,0.0,0.0,0.0,0.0,1.67,0.0,1.11,0.0,0.56,0.0,0.0,1.67,33.33,4.44,25.0,1.11,0.0,0.0,13.89,1.11,0.56,23.89,60.47,5.5600000000000005,50.0,5.5600000000000005,80.0,21.11,68.42,1.11,0.0,18.45,11.64,0.0,0.0,0.0,0.0,0.0,0.0,0.0,4.44,25.0,0.0,0.0,0.0,0.0,0.0,0.0,1.11,50.0,63.64,6.11,0,,0,,0,0.0,0.0,0.0,,,0.0,,3.33,0.0,0.0,0.0,0.56,0,0
Li Yifan,Yifan Li,-93700,Changchun Dazhong,Changchun Dazhong,https://cdn5.wyscout.com/photos/team/public/g19391_120x120.png,Super League Women,"LCB3, LCB",LCB3,58,LCB,41,,0,27.0,1998-09-27,0,,3,162,0,0.0,0,0.0,10.56,57.89,China PR,['China PR'],,177,0,False,4.44,3.33,50.0,3.33,83.33,0.56,1.3,0.0,2.22,5.22,0.56,0,0.0,0,0.0,0.0,0.0,0,0.0,0.0,0,0.0,0,0.0,0.0,0.0,0.0,0.56,0.0,0.56,0.0,0.0,0.0,0.0,0.0,0.0,1.11,50.0,0.56,1.67,0.0,50.56,0.56,1.11,68.89,86.29,27.78,76.0,2.7800000000000002,80.0,62.78,91.15,5.5600000000000005,40.0,18.8,26.65,0.0,0.0,0.0,0.0,0.0,0.0,0.0,11.11,65.0,2.22,50.0,0.0,0.0,1.11,0.0,16.11,75.86,94.83,32.22,0,,0,,0,0.0,0.0,0.0,,,1.11,,3.33,0.0,0.0,0.0,0.0,0,0
Z. Yijie,Zeng Yijie,-563423,Shanghai SRCB,Shanghai SRCB,https://cdn5.wyscout.com/photos/team/public/g-12772_120x120.png,Super League Women,"CF, RB",CF,86,RB,13,,0,18.0,2008-03-30,0,,4,161,0,0.5700000000000001,0,0.04,27.39,26.53,China PR,['China PR'],,0,0,False,6.71,6.71,66.67,1.12,50.0,0.0,0.0,0.0,2.24,4.14,2.24,0,0.0,0,0.0,3.35,0.0,0,0.0,0.32,0,0.0,7,3.91,28.57,0.0,0.0,1.12,50.0,0.0,0.0,1.12,50.0,0.0,3.91,42.86,17.33,12.9,5.59,1.12,0.0,19.57,1.6800000000000002,0.0,22.92,70.73,7.83,71.43,5.03,88.89,19.57,77.14,2.24,25.0,15.46,17.52,0.02,0.56,0.0,0.0,0.0,0.0,0.0,2.24,100.0,1.6800000000000002,33.33,0.56,0.0,0.0,0.56,5.03,88.89,63.64,6.15,0,,0,,0,0.0,0.0,0.0,,,0.0,,1.12,1.6800000000000002,0.56,0.0,1.6800000000000002,0,0
Wang Qianqian,Wang Qianqian,-412252,Wuhan Jiangda,Wuhan Jiangda,https://cdn5.wyscout.com/photos/team/public/g19398_120x120.png,Super League Women,"LW, RB",LW,77,RB,17,,0,23.0,2003-01-22,0,,4,158,0,0.01,0,0.7000000000000001,26.2,39.13,China PR,['China PR'],unknown,153,45,False,10.25,9.11,50.0,1.1400000000000001,0.0,1.1400000000000001,2.31,0.0,4.5600000000000005,9.23,2.2800000000000002,0,0.0,0,0.0,3.99,0.0,0,0.0,0.01,0,0.0,1,0.5700000000000001,0.0,0.0,0.0,5.13,33.33,3.42,50.0,1.71,0.0,1.1400000000000001,4.5600000000000005,50.0,13.1,39.13,1.71,1.1400000000000001,0.0,14.24,0.5700000000000001,1.71,25.06,75.0,3.99,57.14,7.41,92.31,19.37,85.29,1.1400000000000001,50.0,15.61,9.63,0.4,1.71,0.0,0.0,0.0,0.0,1.1400000000000001,1.1400000000000001,50.0,3.99,42.86,0.0,0.0,0.5700000000000001,1.71,3.42,66.67,53.85,7.41,0,,0,,0,0.0,0.0,0.0,,,0.0,,1.1400000000000001,0.0,0.0,0.0,0.0,0,0
Bao Cunxin,Cunxin Bao,-383739,Shaanxi Changan,Shaanxi Changan,https://cdn5.wyscout.com/photos/team/public/g-16070_120x120.png,Super League Women,"LW, CF, RW",LW,51,CF,25,RW,23,20.0,2006-04-13,0,,5,150,0,0.1,0,0.0,19.8,36.36,China PR,['China PR'],unknown,0,0,False,5.4,7.2,41.67,0.6000000000000001,100.0,0.6000000000000001,0.81,0.0,1.8,2.43,2.4,0,0.0,0,0.0,1.2,0.0,0,0.0,0.06,0,0.0,2,1.2,50.0,0.0,0.0,0.6000000000000001,0.0,0.0,0.0,0.6000000000000001,0.0,0.0,6.0,10.0,10.8,22.22,1.8,1.2,0.0,8.4,1.8,2.4,9.0,60.0,3.0,40.0,0.6000000000000001,100.0,7.8,61.54,0.6000000000000001,100.0,16.43,3.8200000000000003,0.0,0.0,0.0,0.0,0.0,0.0,0.0,0.0,0.0,1.2,0.0,0.0,0.0,0.0,0.0,0.6000000000000001,0.0,100.0,0.6000000000000001,0,,0,,0,0.0,0.0,0.0,,,0.0,,0.6000000000000001,0.0,0.0,0.0,0.0,0,0
Chen Jiayu,Chen  Jiayu,-412074,Jiangsu Wuxi,Jiangsu Wuxi,https://cdn5.wyscout.com/photos/team/public/g-11601_120x120.png,Super League Women,"RCMF, CB",RCMF,44,CB,38,,0,22.0,2004-07-02,0,,3,147,0,0.0,0,0.0,14.08,82.61,China PR,['China PR'],unknown,0,0,False,10.41,4.29,100.0,3.67,83.33,0.0,0.0,1.22,6.12,10.34,0.0,0,0.0,0,0.0,1.22,0.0,0,0.0,0.0,0,0.0,0,0.0,0.0,0.0,0.0,0.0,0.0,0.0,0.0,0.0,0.0,0.0,1.8399999999999999,66.67,3.67,83.33,0.61,1.22,0.0,15.92,1.22,3.06,28.78,82.98,17.76,79.31,1.22,100.0,23.88,87.18,4.9,62.5,19.55,35.74,0.0,0.0,0.0,0.0,0.0,0.0,0.0,6.12,70.0,0.0,0.0,0.0,0.0,0.0,0.0,6.12,100.0,91.67,7.35,0,,0,,0,0.0,0.0,0.0,,,0.0,,3.67,0.0,0.0,0.0,0.0,0,0
Qin Manman,Manman Qin,333769,Wuhan Jiangda,Wuhan Jiangda,https://cdn5.wyscout.com/photos/team/public/g19398_120x120.png,Super League Women,"LCMF, RCMF, DMF",LCMF,61,RCMF,21,DMF,17,29.0,1997-03-11,0,,7,146,0,0.04,1,0.18,20.96,52.94,China PR,['China PR'],,0,0,False,8.01,6.16,70.0,3.08,40.0,0.62,1.03,0.0,3.08,5.17,0.62,0,0.0,0,0.0,1.23,0.0,0,0.0,0.03,0,0.0,2,1.23,0.0,0.0,0.62,1.85,33.33,1.23,0.0,0.62,100.0,0.0,0.62,100.0,8.63,35.71,0.0,0.62,0.0,49.93,0.0,1.23,67.19,80.73,13.56,45.45,17.26,100.0,55.48,90.0,9.86,37.5,18.66,33.7,0.11,1.23,0.0,0.0,0.0,0.0,0.0,8.63,50.0,6.16,10.0,1.23,50.0,0.62,0.62,6.78,63.64,84.09,27.12,0,,0,,0,0.0,0.0,0.0,,,0.62,,3.08,0.0,0.0,0.0,3.08,0,0
Zang Bo Ting,Bo Ting Zang,-567450,Shandong SL,Shandong SL,https://cdn5.wyscout.com/photos/team/public/g-12774_120x120.png,Super League Women,"LW, LWF",LW,57,LWF,32,,0,21.0,2004-10-01,0,,4,146,0,0.0,0,0.0,12.95,47.62,China PR,['China PR'],,0,0,False,6.78,6.78,63.64,2.47,50.0,0.0,0.0,0.0,2.47,3.0,1.23,0,0.0,0,0.0,0.0,0.0,0,0.0,0.0,0,0.0,0,0.0,0.0,0.0,0.0,0.0,0.0,0.0,0.0,0.0,0.0,0.0,0.0,0.0,3.08,20.0,0.0,0.0,0.0,7.4,0.0,0.0,17.88,72.41,3.7,33.33,8.63,85.71,16.03,76.92,1.85,33.33,16.05,13.69,0.0,0.0,0.0,0.0,0.0,0.0,0.0,0.62,0.0,0.62,0.0,0.0,0.0,0.0,0.0,3.7,0.0,60.0,3.08,0,,0,,0,0.0,0.0,0.0,,,0.0,,2.47,0.0,0.0,0.0,0.0,0,0
C. Hailun,Chen Hailun,-537011,Shaanxi Changan,Shaanxi Changan,https://cdn5.wyscout.com/photos/team/public/g-16070_120x120.png,Super League Women,"RW, CF, RWF",RW,51,CF,26,RWF,13,18.0,2007-11-21,0,,5,144,0,0.0,0,0.0,16.88,25.93,China PR,['China PR'],unknown,0,0,False,3.75,3.75,50.0,3.75,16.67,0.0,0.0,0.0,1.88,2.25,0.63,0,0.0,0,0.0,0.0,0.0,0,0.0,0.0,0,0.0,0,0.0,0.0,0.0,0.0,0.0,0.0,0.0,0.0,0.0,0.0,0.0,0.0,0.0,5.63,11.11,1.25,1.25,0.0,11.88,7.5,0.63,12.5,55.0,1.25,100.0,4.38,71.43,12.5,55.0,0.0,0.0,12.75,0.0,0.0,0.0,0.0,0.0,0.0,0.0,0.0,1.88,66.67,0.0,0.0,0.0,0.0,0.0,0.0,1.88,33.33,28.57,4.38,0,,0,,0,0.0,0.0,0.0,,,0.0,,3.75,0.0,0.0,0.0,0.0,0,0
Wang Tingting,Wang  Tingting,-412227,Zhejiang,Zhejiang,https://cdn5.wyscout.com/photos/team/public/g-12777_120x120.png,Super League Women,LW,LW,94,,0,,0,23.0,2003-01-09,0,,3,143,0,0.23,0,0.0,16.99,40.74,China PR,['China PR'],unknown,0,0,False,5.03,5.66,66.67,1.8900000000000001,33.33,0.0,0.0,0.0,1.26,1.4,1.26,0,0.0,0,0.0,0.0,0.0,0,0.0,0.14,0,0.0,1,0.63,0.0,0.0,0.0,0.0,0.0,0.0,0.0,0.0,0.0,0.0,0.63,0.0,6.29,40.0,0.63,0.0,0.0,9.44,0.63,0.63,22.66,58.33,11.96,47.37,4.41,85.71,18.25,65.52,4.41,28.57,13.82,19.61,0.0,0.0,0.0,0.0,0.0,0.0,0.0,4.41,42.86,0.63,0.0,0.0,0.0,0.0,0.0,5.03,12.5,33.33,1.8900000000000001,0,,0,,0,0.0,0.0,0.0,,,0.0,,1.8900000000000001,0.0,0.0,0.0,0.0,0,0
Jiaxin Huang,Jiaxin Huang,-383721,Shanghai SRCB,Shanghai SRCB,https://cdn5.wyscout.com/photos/team/public/g-12772_120x120.png,Super League Women,CF,CF,100,,0,,0,20.0,2006-01-25,0,,3,136,2,1.6,0,0.0,23.82,33.33,China PR,['China PR'],unknown,0,0,False,1.32,2.65,25.0,5.29,37.5,0.0,0.0,0.0,0.66,1.5,3.31,0,0.0,0,0.0,4.63,1.32,2,1.32,1.06,1,0.66,8,5.29,62.5,25.0,0.0,0.66,0.0,0.66,0.0,0.0,0.0,0.0,3.9699999999999998,33.33,13.9,23.81,6.62,0.66,0.0,11.91,2.65,1.32,19.19,65.52,4.63,71.43,4.63,42.86,17.21,69.23,1.32,50.0,20.51,30.67,0.0,0.0,0.0,0.0,0.0,0.0,0.0,1.99,100.0,0.66,0.0,0.0,0.0,0.66,0.0,1.99,33.33,77.78,5.96,0,,0,,0,0.0,0.0,0.0,,,0.0,,5.29,0.66,0.66,100.0,0.0,0,0
Wang Annan,Wang  Annan,-412226,Zhejiang,Zhejiang,https://cdn5.wyscout.com/photos/team/public/g-12777_120x120.png,Super League Women,"RW, RAMF",RW,85,RAMF,14,,0,22.0,2003-11-09,0,,4,135,0,0.1,0,0.0,13.33,55.0,China PR,['China PR'],unknown,0,0,False,8.0,4.67,85.71,4.67,42.86,0.0,0.0,0.67,4.0,4.5,0.0,0,0.0,0,0.0,0.0,0.0,0,0.0,0.07,0,0.0,1,0.67,0.0,0.0,0.0,2.0,0.0,0.0,0.0,2.0,0.0,1.33,0.0,0.0,3.33,20.0,0.67,0.0,0.0,6.67,0.0,0.67,19.33,41.38,6.0,33.33,3.33,80.0,14.67,45.45,2.67,50.0,14.79,11.9,0.0,0.0,0.0,0.0,0.0,0.0,0.0,1.33,0.0,2.0,0.0,0.0,0.0,0.0,0.0,4.67,14.29,22.22,6.0,0,,0,,0,0.0,0.0,0.0,,,0.0,,4.67,0.0,0.0,0.0,0.0,0,0
Huang Mengyu,Huang  Mengyu,-412328,Sichuan,Sichuan,https://cdn5.wyscout.com/photos/team/public/g-14011_120x120.png,Super League Women,"LCB3, RCB3",LCB3,52,RCB3,37,,0,23.0,2003-03-21,0,,5,133,0,0.0,0,0.25,8.12,75.0,China PR,['China PR'],unknown,0,0,False,10.83,4.74,85.71,1.35,0.0,0.0,0.0,0.68,6.77,9.09,0.68,0,0.0,0,0.0,0.0,0.0,0,0.0,0.0,0,0.0,0,0.0,0.0,0.0,0.0,0.0,0.0,0.0,0.0,0.0,0.0,0.0,0.0,0.0,0.68,100.0,0.68,0.0,0.0,6.77,0.0,0.0,16.92,80.0,8.12,66.67,1.35,100.0,12.86,94.74,4.06,33.33,13.01,14.44,0.17,0.68,0.0,0.0,0.0,0.0,0.68,2.03,33.33,0.0,0.0,0.0,0.0,0.68,0.0,2.71,75.0,80.0,3.38,0,,0,,0,0.0,0.0,0.0,,,0.68,,1.35,0.0,0.0,0.0,0.0,0,0
Yihan Wang,Yihan Wang,-563488,Liaoning Shenbei Hefeng,Liaoning Shenbei Hefeng,https://cdn5.wyscout.com/photos/team/public/g-21014_120x120.png,Super League Women,"LWB, RAMF",LWB,44,RAMF,37,,0,19.0,2006-12-23,0,,3,125,0,0.32,0,0.0,10.8,60.0,China PR,['China PR'],unknown,0,0,False,5.04,3.6,80.0,2.16,33.33,0.0,0.0,0.0,2.16,3.75,0.72,0,0.0,0,0.0,2.16,0.0,0,0.0,0.23,0,0.0,3,2.16,66.67,0.0,0.0,0.0,0.0,0.0,0.0,0.0,0.0,0.0,0.72,100.0,3.6,40.0,2.16,0.0,0.0,30.24,2.16,0.72,37.44,82.69,14.4,55.0,11.52,100.0,35.28,85.71,2.16,33.33,11.02,30.33,0.0,0.0,0.0,0.0,0.0,0.0,0.0,5.04,28.57,2.16,33.33,0.0,0.0,0.0,0.0,4.32,83.33,100.0,7.92,0,,0,,0,0.0,0.0,0.0,,,0.72,,2.16,0.0,0.0,0.0,0.0,0,0
Huang Baoying,Baoying Huang,-412525,Wuhan Jiangda,Wuhan Jiangda,https://cdn5.wyscout.com/photos/team/public/g19398_120x120.png,Super League Women,"CF, RWF",CF,51,RWF,48,,0,21.0,2005-06-23,0,,4,123,0,0.03,0,0.28,27.8,36.84,China PR,['China PR'],unknown,0,0,False,3.66,5.12,57.14,5.12,28.57,0.0,0.0,0.0,0.73,1.3,1.46,1,0.73,0,0.0,1.46,0.0,0,0.0,0.02,0,0.0,1,0.73,0.0,0.0,0.0,0.0,0.0,0.0,0.0,0.0,0.0,0.0,1.46,100.0,10.98,20.0,2.2,0.73,0.0,17.56,2.93,0.0,22.68,80.65,5.85,37.5,8.05,100.0,22.68,80.65,0.0,0.0,9.55,0.0,0.2,1.46,0.0,0.0,0.0,0.0,2.2,2.93,50.0,2.2,33.33,0.0,0.0,0.73,0.0,2.2,66.67,80.0,3.66,0,,0,,0,0.0,0.0,0.0,,,0.0,,5.12,0.0,0.0,0.0,0.0,0,0
Shuyang Hou,Shuyang Hou,-545344,Liaoning Shenbei Hefeng,Liaoning Shenbei Hefeng,https://cdn5.wyscout.com/photos/team/public/g-21014_120x120.png,Super League Women,"LCB3, AMF",LCB3,55,AMF,37,,0,18.0,2007-12-30,0,,6,120,0,0.0,0,0.0,18.75,44.0,China PR,['China PR'],unknown,0,0,False,7.5,6.75,55.56,5.25,71.43,2.25,3.33,0.0,1.5,2.22,1.5,0,0.0,0,0.0,0.0,0.0,0,0.0,0.0,0,0.0,0,0.0,0.0,0.0,0.0,0.0,0.0,0.0,0.0,0.0,0.0,0.0,0.0,0.0,2.25,0.0,0.75,0.0,0.0,27.0,0.0,0.0,37.5,68.0,18.75,56.0,8.25,90.91,32.25,76.74,5.25,14.29,11.29,5.17,0.0,0.0,0.0,0.0,0.0,0.0,0.0,4.5,50.0,0.75,0.0,0.0,0.0,0.0,0.0,9.75,30.77,100.0,6.75,0,,0,,0,0.0,0.0,0.0,,,1.5,,5.25,0.0,0.0,0.0,0.0,0,0
Han Xuan,Han  Xuan,-412067,Jiangsu Wuxi,Jiangsu Wuxi,https://cdn5.wyscout.com/photos/team/public/g-11601_120x120.png,Super League Women,CF,CF,100,,0,,0,25.0,2000-07-28,0,,3,118,0,0.01,0,0.0,12.2,50.0,China PR,['China PR'],unknown,0,0,False,1.53,0.76,100.0,1.53,0.0,0.0,0.0,0.0,0.76,1.3599999999999999,0.76,0,0.0,0,0.0,0.76,0.0,0,0.0,0.0,0,0.0,1,0.76,0.0,0.0,0.0,3.05,0.0,1.53,0.0,1.53,0.0,0.76,0.76,100.0,6.86,66.67,3.05,0.76,0.0,19.83,2.29,2.29,26.69,51.43,9.92,53.85,3.05,75.0,22.12,62.07,1.53,0.0,14.95,24.33,0.0,0.0,0.0,0.0,0.0,0.0,0.0,3.05,50.0,3.05,0.0,0.0,0.0,0.0,0.0,3.05,75.0,44.44,6.86,0,,0,,0,0.0,0.0,0.0,,,0.76,,1.53,0.0,0.0,0.0,0.76,0,0
Qinger Ren,Qinger Ren,-563479,Jiangsu Wuxi,Jiangsu Wuxi,https://cdn5.wyscout.com/photos/team/public/g-11601_120x120.png,Super League Women,"RCMF3, RWB, RCB3",RCMF3,44,RWB,26,RCB3,15,21.0,2005-01-10,0,,4,114,0,0.0,0,0.0,18.95,45.83,China PR,['China PR'],unknown,0,0,False,9.47,7.89,80.0,7.89,30.0,0.0,0.0,0.0,3.16,5.22,0.79,0,0.0,0,0.0,1.58,0.0,0,0.0,0.0,0,0.0,0,0.0,0.0,0.0,0.0,3.16,50.0,0.0,0.0,3.16,50.0,0.79,0.0,0.0,3.16,0.0,0.0,1.58,0.0,21.32,0.79,0.0,30.79,71.79,13.42,58.82,4.74,100.0,24.47,80.65,3.95,40.0,18.27,22.83,0.0,0.79,0.79,0.0,0.0,0.0,0.0,3.16,25.0,2.37,33.33,0.0,0.0,0.0,0.79,6.32,62.5,72.73,8.68,0,,0,,0,0.0,0.0,0.0,,,0.0,,7.89,0.0,0.0,0.0,0.0,0,0
Ma Yingshuang,Yingshuang Ma,476336,Shanghai SRCB,Shanghai SRCB,https://cdn5.wyscout.com/photos/team/public/g-12772_120x120.png,Super League Women,"RW, RCMF, CF",RW,68,RCMF,17,CF,13,30.0,1996-03-01,0,,4,113,0,0.56,0,0.05,25.49,31.25,China PR,['China PR'],,169,61,False,8.76,4.78,100.0,6.37,25.0,0.0,0.0,0.0,3.98,10.0,0.8,0,0.0,0,0.0,1.5899999999999999,0.0,0,0.0,0.45,0,0.0,4,3.19,0.0,0.0,0.0,2.39,33.33,0.0,0.0,2.39,33.33,0.0,1.5899999999999999,50.0,9.56,16.67,6.37,0.8,0.0,19.12,2.39,0.8,28.67,61.11,9.56,33.33,6.37,75.0,23.89,70.0,2.39,0.0,16.79,24.36,0.04,0.8,0.0,0.0,1.5899999999999999,0.0,0.0,1.5899999999999999,50.0,5.58,14.29,3.98,0.0,0.8,0.8,1.5899999999999999,100.0,78.57,11.15,0,,0,,0,0.0,0.0,0.0,,,0.0,,6.37,0.0,0.0,0.0,0.0,0,0
Zhu Hongguo,Hongguo Zhu,-412495,Sichuan,Sichuan,https://cdn5.wyscout.com/photos/team/public/g-14011_120x120.png,Super League Women,"LCMF, CF, RAMF",LCMF,56,CF,21,RAMF,14,33.0,1993-01-14,0,,4,111,1,0.01,0,0.0,11.35,57.14,China PR,['China PR'],unknown,0,0,False,8.11,6.49,75.0,0.0,0.0,0.0,0.0,0.0,3.24,3.24,0.81,0,0.0,0,0.0,1.62,0.81,1,0.81,0.01,0,0.0,1,0.81,100.0,100.0,0.0,0.81,100.0,0.0,0.0,0.81,100.0,0.0,0.81,0.0,2.43,0.0,0.0,0.0,0.0,10.54,0.81,0.0,20.27,72.0,8.92,81.82,2.43,100.0,13.78,76.47,5.68,57.14,17.28,19.31,0.0,0.0,0.0,0.0,0.0,0.0,0.0,2.43,100.0,0.81,100.0,0.0,0.0,0.0,0.81,8.11,50.0,62.5,6.49,0,,0,,0,0.0,0.0,0.0,,,0.0,,0.0,1.62,0.0,0.0,0.0,0,0
Cui Miaomiao,Cui Miaomiao,-457327,Changchun Dazhong,Changchun Dazhong,https://cdn5.wyscout.com/photos/team/public/g19391_120x120.png,Super League Women,CF,CF,100,,0,,0,22.0,2003-10-13,0,,3,110,0,0.07,0,0.0,23.73,27.59,China PR,['China PR'],unknown,180,66,False,4.91,5.73,28.57,4.91,83.33,0.0,0.0,0.0,3.27,3.75,4.09,0,0.0,0,0.0,0.8200000000000001,0.0,0,0.0,0.06,0,0.0,1,0.8200000000000001,100.0,0.0,0.0,0.8200000000000001,0.0,0.0,0.0,0.8200000000000001,0.0,0.0,0.0,0.0,9.82,8.33,1.6400000000000001,0.0,0.0,9.82,3.27,0.0,16.36,40.0,2.45,0.0,4.09,80.0,15.55,42.11,0.0,0.0,10.59,0.0,0.0,0.0,0.0,0.0,0.0,0.0,0.0,1.6400000000000001,0.0,0.8200000000000001,0.0,0.0,0.0,0.0,0.0,2.45,0.0,33.33,7.36,0,,0,,0,0.0,0.0,0.0,,,0.0,,4.91,0.0,0.0,0.0,0.0,0,0
A. Nantongo,Aisha Nantongo,-348968,Shaanxi Changan,Shaanxi Changan,https://cdn5.wyscout.com/photos/team/public/g-16070_120x120.png,Super League Women,"RCB3, RCB, CF",RCB3,46,RCB,36,CF,16,24.0,2002-04-06,0,,2,103,0,0.05,0,0.0,17.48,60.0,Uganda,['Uganda'],unknown,170,58,False,12.23,8.74,70.0,6.12,71.43,1.75,1.94,0.0,4.37,4.84,0.0,0,0.0,0,0.0,0.0,0.0,0,0.0,0.04,0,0.0,1,0.87,0.0,0.0,0.0,0.0,0.0,0.0,0.0,0.0,0.0,0.0,0.0,0.0,1.75,0.0,0.87,0.0,0.0,7.86,0.0,0.0,18.35,66.67,11.36,61.54,2.62,66.67,13.98,75.0,4.37,40.0,21.81,18.12,0.0,0.0,0.0,0.0,0.0,0.0,0.0,3.5,50.0,0.87,100.0,0.0,0.0,0.87,0.0,7.86,55.56,66.67,2.62,0,,0,,0,0.0,0.0,0.0,,,0.87,,6.12,0.0,0.0,0.0,0.0,0,0
S. Yijun,Sun Yijun,-839701,Shandong SL,Shandong SL,https://cdn5.wyscout.com/photos/team/public/g-12774_120x120.png,Super League Women,GK,GK,100,,0,,0,,,0,,1,102,0,0.0,0,0.0,0.0,0.0,China PR,['China PR'],,0,0,False,0.88,0.0,0.0,0.0,0.0,0.0,0.0,0.0,0.88,1.25,0.0,0,0.0,0,0.0,0.0,0.0,0,0.0,0.0,0,0.0,0,0.0,0.0,0.0,0.0,0.0,0.0,0.0,0.0,0.0,0.0,0.0,0.0,0.0,0.0,0.0,0.0,0.0,0.0,5.29,0.88,0.0,7.06,87.5,4.41,80.0,0.0,0.0,6.18,100.0,0.88,0.0,19.06,40.94,0.0,0.0,0.0,0.0,0.0,0.0,0.0,0.0,0.0,0.0,0.0,0.0,0.0,0.0,0.0,0.0,0.0,100.0,1.76,1,0.88,3,2.65,0,66.67,1.4100000000000001,1.24,0.41000000000000003,0.362,0.0,0.88,0.0,,,,0.0,0,0
Zhou Yinuo,Zhou Yinuo,-686693,Beijing Beikong,Beijing Beikong,https://cdn5.wyscout.com/photos/team/public/g-12773_120x120.png,Super League Women,"RDMF, RCB, CF",RDMF,53,RCB,25,CF,20,26.0,1999-10-14,0,,4,101,0,0.08,0,0.0,19.6,45.45,China PR,['China PR'],unknown,0,0,False,4.46,3.56,75.0,6.24,28.57,0.0,0.0,0.0,1.78,3.75,0.0,0,0.0,0,0.0,1.78,0.0,0,0.0,0.07,0,0.0,1,0.89,0.0,0.0,0.0,2.67,0.0,0.0,0.0,2.67,0.0,0.0,2.67,66.67,8.91,40.0,2.67,0.0,0.0,32.08,0.0,0.89,43.66,81.63,15.15,76.47,1.78,50.0,36.53,90.24,4.46,60.0,15.51,9.01,0.0,0.0,0.0,0.0,0.0,0.0,0.0,12.48,78.57,4.46,20.0,2.67,33.33,0.89,0.0,6.24,100.0,82.61,20.5,0,,0,,0,0.0,0.0,0.0,,,0.0,,6.24,0.0,0.0,0.0,0.0,0,0
Linlin Wang,Linlin Wang,520611,Shanghai SRCB,Shanghai SRCB,https://cdn5.wyscout.com/photos/team/public/g-12772_120x120.png,Super League Women,LCB,LCB,100,,0,,0,25.0,2000-08-04,0,,1,98,0,0.0,0,0.0,10.1,54.55,China PR,['China PR'],left,175,0,False,3.67,2.76,66.67,3.67,25.0,0.0,0.0,0.92,1.8399999999999999,3.5300000000000002,1.8399999999999999,0,0.0,0,0.0,0.0,0.0,0,0.0,0.0,0,0.0,0,0.0,0.0,0.0,0.0,0.0,0.0,0.0,0.0,0.0,0.0,0.0,0.0,0.0,0.92,100.0,0.92,0.0,0.0,36.73,0.0,0.92,57.86,79.37,30.31,60.61,4.59,100.0,41.33,95.56,16.53,38.89,26.75,41.53,0.0,0.0,0.0,0.0,0.92,0.0,0.0,18.37,55.0,2.76,0.0,0.92,0.0,0.0,0.0,15.61,70.59,100.0,22.04,0,,0,,0,0.0,0.0,0.0,,,3.67,,3.67,0.0,0.0,0.0,0.0,0,0
Guo Nixuan,Guo Nixuan,-412535,Shandong SL,Shandong SL,https://cdn5.wyscout.com/photos/team/public/g-12774_120x120.png,Super League Women,GK,GK,100,,0,,0,20.0,2005-08-09,0,,1,96,0,0.0,0,0.0,0.9400000000000001,100.0,China PR,['China PR'],unknown,180,64,False,1.88,0.0,0.0,0.9400000000000001,100.0,0.0,0.0,0.0,1.88,1.88,0.0,0,0.0,0,0.0,0.0,0.0,0,0.0,0.0,0,0.0,0,0.0,0.0,0.0,0.0,0.0,0.0,0.0,0.0,0.0,0.0,0.0,0.0,0.0,0.0,0.0,0.0,0.0,0.0,9.38,0.0,0.0,19.69,85.71,12.19,76.92,0.0,0.0,9.38,90.0,10.31,81.82,30.35,40.29,0.0,0.0,0.0,0.0,0.0,0.0,0.0,0.9400000000000001,0.0,0.0,0.0,0.0,0.0,0.0,0.0,7.5,75.0,100.0,7.5,3,2.81,6,5.63,0,50.0,2.83,2.65,-0.17,-0.159,0.0,0.9400000000000001,0.9400000000000001,,,,0.0,0,0
F. Yermi,Florence Yermi,-839699,Liaoning Shenbei Hefeng,Liaoning Shenbei Hefeng,https://cdn5.wyscout.com/photos/team/public/g-21014_120x120.png,Super League Women,RCB3,RCB3,100,,0,,0,,,0,,1,96,0,0.0,0,0.0,15.0,68.75,Nigeria,['Nigeria'],,0,0,False,12.19,10.31,72.73,2.81,66.67,0.0,0.0,0.9400000000000001,4.69,6.52,0.9400000000000001,1,0.9400000000000001,0,0.0,0.9400000000000001,0.0,0,0.0,0.0,0,0.0,0,0.0,0.0,0.0,0.0,1.88,0.0,0.0,0.0,1.88,0.0,0.0,0.9400000000000001,100.0,0.9400000000000001,100.0,0.0,1.88,0.0,33.75,0.0,0.0,67.5,79.17,38.44,80.49,6.5600000000000005,71.43,55.31,88.14,10.31,45.45,18.97,32.1,0.0,0.0,0.0,0.0,0.0,0.0,0.0,8.44,66.67,2.81,0.0,0.0,0.0,0.0,0.0,22.5,70.83,93.75,15.0,0,,0,,0,0.0,0.0,0.0,,,1.88,,2.81,0.0,0.0,0.0,0.0,0,0
Mei Jingyan,Mei  Jingyan,-412121,Zhejiang,Zhejiang,https://cdn5.wyscout.com/photos/team/public/g-12777_120x120.png,Super League Women,GK,GK,100,,0,,0,21.0,2004-08-04,0,,1,96,0,0.0,0,0.0,0.0,0.0,China PR,['China PR'],unknown,0,0,False,0.9400000000000001,0.0,0.0,0.0,0.0,0.0,0.0,0.0,0.9400000000000001,1.03,0.0,0,0.0,0,0.0,0.0,0.0,0,0.0,0.0,0,0.0,0,0.0,0.0,0.0,0.0,0.0,0.0,0.0,0.0,0.0,0.0,0.0,0.0,0.0,0.0,0.0,0.0,0.0,0.0,0.9400000000000001,0.0,0.0,8.44,44.44,8.44,44.44,0.0,0.0,0.0,0.0,8.44,44.44,50.89,50.89,0.0,0.0,0.0,0.0,0.0,0.0,0.0,0.9400000000000001,0.0,0.0,0.0,0.9400000000000001,0.0,0.0,0.0,5.63,66.67,0.0,0.0,1,0.9400000000000001,5,4.69,0,80.0,1.87,1.75,0.87,0.8160000000000001,0.0,1.88,0.0,,,,0.0,0,0
Hui Tang,Tang Hui,333764,Changchun Dazhong,Changchun Dazhong,https://cdn5.wyscout.com/photos/team/public/g19391_120x120.png,Super League Women,"LWB, LB",LWB,61,LB,38,,0,28.0,1998-02-24,0,,2,94,0,0.08,0,0.0,7.66,75.0,China PR,['China PR'],,169,61,False,6.7,2.87,100.0,1.9100000000000001,50.0,0.0,0.0,0.0,3.83,7.5,0.0,0,0.0,0,0.0,0.0,0.0,0,0.0,0.08,0,0.0,1,0.96,0.0,0.0,0.0,0.96,0.0,0.96,0.0,0.0,0.0,0.96,0.0,0.0,1.9100000000000001,50.0,0.96,0.0,0.0,47.87,2.87,0.0,55.53,74.14,31.6,60.61,7.66,100.0,45.0,80.85,9.57,50.0,21.72,41.96,0.0,0.0,0.0,0.0,0.0,0.0,0.0,16.28,47.06,1.9100000000000001,50.0,0.0,0.0,0.96,0.0,14.36,66.67,91.67,11.49,0,,0,,0,0.0,0.0,0.0,,,0.96,,1.9100000000000001,0.0,0.0,0.0,0.0,0,0
Ni Mengjie,Ni Mengjie,-412078,Jiangsu Wuxi,Jiangsu Wuxi,https://cdn5.wyscout.com/photos/team/public/g-11601_120x120.png,Super League Women,"RWF, DMF",RWF,51,DMF,48,,0,33.0,1993-04-26,0,,3,92,0,0.01,0,0.24,11.74,25.0,China PR,['China PR'],unknown,0,0,False,5.87,1.96,50.0,1.96,0.0,0.0,0.0,0.0,4.89,7.89,0.98,0,0.0,0,0.0,0.0,0.0,0,0.0,0.01,0,0.0,1,0.98,0.0,0.0,0.0,0.0,0.0,0.0,0.0,0.0,0.0,0.0,0.98,0.0,7.83,25.0,0.0,0.0,0.0,6.85,0.98,0.0,17.61,66.67,1.96,0.0,8.8,88.89,15.65,75.0,1.96,0.0,9.28,15.74,0.23,1.96,0.0,0.0,0.0,0.0,0.0,0.0,0.0,0.0,0.0,0.0,0.0,0.0,0.0,0.0,0.0,25.0,3.91,0,,0,,0,0.0,0.0,0.0,,,0.0,,1.96,1.96,0.0,0.0,2.93,0,0
Chen Yuanmeng,Yuanmeng Chen,520582,Changchun Dazhong,Changchun Dazhong,https://cdn5.wyscout.com/photos/team/public/g19391_120x120.png,Super League Women,AMF,AMF,100,,0,,0,26.0,2000-01-03,0,,1,86,0,0.14,0,0.03,26.16,60.0,China PR,['China PR'],,164,62,False,13.6,11.51,81.82,1.05,0.0,0.0,0.0,0.0,4.19,4.29,1.05,0,0.0,0,0.0,0.0,0.0,0,0.0,0.15,0,0.0,1,1.05,0.0,0.0,0.0,0.0,0.0,0.0,0.0,0.0,0.0,0.0,0.0,0.0,5.23,40.0,2.09,0.0,0.0,13.6,3.14,2.09,21.98,52.38,7.33,14.29,2.09,50.0,18.84,50.0,3.14,66.67,16.98,32.18,0.03,2.09,0.0,0.0,0.0,0.0,0.0,7.33,42.86,1.05,0.0,0.0,0.0,0.0,0.0,3.14,100.0,88.89,9.42,0,,0,,0,0.0,0.0,0.0,,,0.0,,1.05,0.0,0.0,0.0,0.0,0,0
Ma Xiaolan,Ma Xiaolan,-412234,Beijing Beikong,Beijing Beikong,https://cdn5.wyscout.com/photos/team/public/g-12773_120x120.png,Super League Women,"RCMF, RDMF",RCMF,64,RDMF,35,,0,27.0,1999-02-16,0,,3,83,1,0.1,0,0.26,19.52,38.89,China PR,['China PR'],unknown,163,50,False,7.59,7.59,71.43,4.34,50.0,0.0,0.0,0.0,2.17,3.16,0.0,0,0.0,0,0.0,2.17,1.08,1,1.08,0.11,0,0.0,2,2.17,50.0,50.0,0.0,1.08,100.0,0.0,0.0,1.08,100.0,0.0,1.08,0.0,5.42,0.0,0.0,0.0,0.0,35.78,0.0,0.0,49.88,78.26,13.01,50.0,8.67,100.0,43.37,82.5,6.51,50.0,20.98,18.31,0.29,3.25,0.0,0.0,0.0,0.0,1.08,6.51,50.0,0.0,0.0,0.0,0.0,0.0,0.0,5.42,60.0,85.71,22.77,0,,0,,0,0.0,0.0,0.0,,,1.08,,4.34,1.08,0.0,0.0,3.25,0,0
Manqi Zhu,Manqi Zhu,-545357,Zhejiang,Zhejiang,https://cdn5.wyscout.com/photos/team/public/g-12777_120x120.png,Super League Women,"LCMF, LDMF",LCMF,55,LDMF,41,,0,18.0,2007-11-23,0,,2,80,0,0.0,0,0.0,19.13,47.06,China PR,['China PR'],unknown,0,0,False,10.13,7.87,71.43,5.63,20.0,2.25,2.4,0.0,2.25,2.4,1.13,0,0.0,0,0.0,0.0,0.0,0,0.0,0.0,0,0.0,0,0.0,0.0,0.0,0.0,0.0,0.0,0.0,0.0,0.0,0.0,0.0,0.0,0.0,4.5,50.0,1.13,1.13,0.0,13.5,1.13,1.13,23.63,57.14,16.88,53.33,2.25,100.0,21.38,57.89,2.25,50.0,15.38,13.9,0.0,0.0,0.0,0.0,0.0,0.0,0.0,7.87,28.57,1.13,0.0,0.0,0.0,0.0,0.0,9.0,50.0,66.67,3.38,0,,0,,0,0.0,0.0,0.0,,,0.0,,5.63,0.0,0.0,0.0,0.0,0,0
Dong Yue,Dong Yue,-412539,Shandong SL,Shandong SL,https://cdn5.wyscout.com/photos/team/public/g-12774_120x120.png,Super League Women,"RW, LW",RW,86,LW,13,,0,22.0,2003-10-31,0,,2,78,0,0.0,0,0.0,20.77,16.67,China PR,['China PR'],unknown,165,56,False,5.77,6.92,16.67,4.62,25.0,2.31,2.5,0.0,2.31,2.5,2.31,0,0.0,0,0.0,0.0,0.0,0,0.0,0.0,0,0.0,0,0.0,0.0,0.0,0.0,1.15,0.0,0.0,0.0,1.15,0.0,0.0,1.15,0.0,5.77,0.0,1.15,0.0,0.0,12.69,1.15,1.15,17.31,40.0,6.92,16.67,1.15,0.0,11.54,60.0,4.62,0.0,20.2,27.52,0.0,0.0,0.0,0.0,0.0,0.0,0.0,3.46,33.33,2.31,0.0,1.15,0.0,0.0,0.0,3.46,33.33,66.67,3.46,0,,0,,0,0.0,0.0,0.0,,,0.0,,4.62,0.0,0.0,0.0,0.0,0,0
Guo Nan,Nan Guo,-412183,Changchun Dazhong,Changchun Dazhong,https://cdn5.wyscout.com/photos/team/public/g19391_120x120.png,Super League Women,"LB, LWB, RCMF3",LB,35,LWB,29,RCMF3,19,21.0,2004-11-05,0,,4,76,0,0.0,0,0.0,11.84,70.0,China PR,['China PR'],unknown,172,63,False,10.66,4.74,75.0,3.55,33.33,0.0,0.0,0.0,7.11,10.59,0.0,0,0.0,0,0.0,1.18,0.0,0,0.0,0.0,0,0.0,0,0.0,0.0,0.0,0.0,1.18,0.0,1.18,0.0,0.0,0.0,0.0,1.18,100.0,1.18,100.0,0.0,0.0,0.0,17.76,1.18,0.0,39.08,81.82,13.03,72.73,2.37,100.0,33.16,92.86,5.92,20.0,19.3,30.64,0.0,0.0,0.0,0.0,0.0,0.0,0.0,4.74,75.0,1.18,0.0,1.18,0.0,0.0,0.0,4.74,75.0,81.25,18.95,0,,0,,0,0.0,0.0,0.0,,,0.0,,3.55,0.0,0.0,0.0,0.0,0,0
Song Fei,Fei Song,-412451,Changchun Dazhong,Changchun Dazhong,https://cdn5.wyscout.com/photos/team/public/g19391_120x120.png,Super League Women,LW,LW,100,,0,,0,28.0,1997-11-03,0,,2,74,0,0.0,0,0.0,7.3,50.0,China PR,['China PR'],unknown,170,57,False,6.08,2.43,100.0,0.0,0.0,0.0,0.0,0.0,3.65,6.43,1.22,1,1.22,0,0.0,1.22,0.0,0,0.0,0.0,0,0.0,0,0.0,0.0,0.0,0.0,1.22,100.0,1.22,100.0,0.0,0.0,0.0,0.0,0.0,2.43,0.0,0.0,0.0,0.0,15.81,1.22,0.0,32.84,74.07,8.51,42.86,15.81,84.62,30.41,76.0,1.22,0.0,13.14,9.84,0.0,0.0,0.0,0.0,0.0,0.0,0.0,1.22,100.0,2.43,100.0,0.0,0.0,1.22,1.22,8.51,42.86,100.0,6.08,0,,0,,0,0.0,0.0,0.0,,,0.0,,0.0,0.0,0.0,0.0,0.0,0,0
Zheng Jia Yu,Jia Yu Zheng,-412531,Shandong SL,Shandong SL,https://cdn5.wyscout.com/photos/team/public/g-12774_120x120.png,Super League Women,"CB, LCB, LCB3",CB,57,LCB,28,LCB3,13,21.0,2004-09-11,0,,4,73,1,0.28,0,0.0,8.63,100.0,China PR,['China PR'],unknown,180,65,False,14.79,7.4,100.0,1.23,100.0,1.23,1.76,0.0,6.16,8.82,0.0,0,0.0,0,0.0,1.23,1.23,1,1.23,0.35000000000000003,1,1.23,2,2.47,50.0,50.0,0.0,0.0,0.0,0.0,0.0,0.0,0.0,0.0,0.0,0.0,0.0,0.0,2.47,0.0,0.0,18.49,0.0,0.0,34.52,67.86,17.26,42.86,2.47,100.0,28.36,78.26,6.16,20.0,15.45,22.46,0.0,0.0,0.0,0.0,0.0,0.0,0.0,8.63,28.57,2.47,0.0,2.47,0.0,0.0,0.0,7.4,50.0,100.0,12.33,0,,0,,0,0.0,0.0,0.0,,,1.23,,1.23,0.0,0.0,0.0,0.0,0,0
Han Mengjia,Mengjia Han,-412191,Changchun Dazhong,Changchun Dazhong,https://cdn5.wyscout.com/photos/team/public/g19391_120x120.png,Super League Women,RB,RB,100,,0,,0,26.0,2000-07-12,0,,2,70,0,0.0,0,0.0,11.57,55.56,China PR,['China PR'],unknown,170,60,False,7.71,6.43,40.0,3.86,100.0,1.29,2.73,0.0,3.86,8.18,3.86,0,0.0,0,0.0,0.0,0.0,0,0.0,0.0,0,0.0,0,0.0,0.0,0.0,0.0,0.0,0.0,0.0,0.0,0.0,0.0,0.0,0.0,0.0,0.0,0.0,0.0,0.0,0.0,46.29,0.0,0.0,57.86,88.89,23.14,77.78,11.57,100.0,50.14,100.0,7.71,16.67,17.25,22.21,0.0,0.0,0.0,0.0,0.0,0.0,0.0,6.43,20.0,1.29,0.0,1.29,0.0,0.0,0.0,7.71,100.0,90.91,14.14,0,,0,,0,0.0,0.0,0.0,,,3.86,,3.86,0.0,0.0,0.0,0.0,0,0
Qian Yang,Qian Yang,-93698,Shanghai SRCB,Shanghai SRCB,https://cdn5.wyscout.com/photos/team/public/g-12772_120x120.png,Super League Women,RB,RB,100,,0,,0,25.0,2001-01-15,0,,1,69,0,0.24,0,0.0,32.61,60.0,China PR,['China PR'],,0,0,False,10.43,13.04,50.0,6.52,60.0,1.3,2.5,0.0,2.61,5.0,3.91,0,0.0,0,0.0,2.61,0.0,0,0.0,0.32,0,0.0,1,1.3,0.0,0.0,0.0,2.61,50.0,0.0,0.0,2.61,50.0,1.3,1.3,100.0,5.22,75.0,1.3,0.0,0.0,33.91,1.3,2.61,46.96,69.44,26.09,65.0,3.91,100.0,35.22,77.78,9.13,42.86,18.32,30.41,0.0,0.0,0.0,0.0,0.0,0.0,0.0,7.83,50.0,1.3,100.0,0.0,0.0,0.0,1.3,11.74,88.89,75.0,10.43,0,,0,,0,0.0,0.0,0.0,,,0.0,,6.52,0.0,0.0,0.0,0.0,0,0
Mengjia Yao,Mengjia Yao,520573,Beijing Beikong,Beijing Beikong,https://cdn5.wyscout.com/photos/team/public/g-12773_120x120.png,Super League Women,"LW, LAMF",LW,88,LAMF,11,,0,25.0,2000-11-10,0,,3,64,0,0.13,0,0.0,14.06,50.0,China PR,['China PR'],,0,0,False,9.84,2.81,100.0,1.4100000000000001,100.0,0.0,0.0,0.0,7.03,10.71,0.0,0,0.0,0,0.0,1.4100000000000001,0.0,0,0.0,0.19,0,0.0,1,1.4100000000000001,100.0,0.0,0.0,2.81,0.0,2.81,0.0,0.0,0.0,0.0,2.81,0.0,8.44,16.67,4.22,0.0,0.0,26.72,4.22,1.4100000000000001,33.75,58.33,12.66,44.44,7.03,100.0,30.94,63.64,0.0,0.0,15.38,0.0,0.0,0.0,0.0,0.0,0.0,0.0,0.0,4.22,100.0,2.81,50.0,0.0,0.0,1.4100000000000001,0.0,5.63,25.0,50.0,5.63,0,,0,,0,0.0,0.0,0.0,,,0.0,,1.4100000000000001,0.0,0.0,0.0,0.0,0,0
D. Granholm,Daisy Granholm,-271760,,Jiangsu Wuxi,,,CF,CF,100,,0,,0,,,0,,1,63,1,1.13,0,0.02,25.71,33.33,United States,['United States'],unknown,178,0,False,1.43,1.43,0.0,2.86,50.0,0.0,0.0,0.0,1.43,2.73,2.86,0,0.0,0,0.0,2.86,1.43,1,1.43,1.6099999999999999,1,1.43,2,2.86,50.0,50.0,0.0,0.0,0.0,0.0,0.0,0.0,0.0,0.0,1.43,100.0,14.29,30.0,5.71,0.0,0.0,10.0,1.43,2.86,14.29,50.0,4.29,0.0,1.43,100.0,14.29,50.0,0.0,0.0,19.65,0.0,0.02,1.43,0.0,0.0,0.0,0.0,1.43,2.86,0.0,2.86,0.0,0.0,0.0,0.0,0.0,0.0,0.0,33.33,4.29,0,,0,,0,0.0,0.0,0.0,,,0.0,,2.86,0.0,0.0,0.0,0.0,0,0
Zhao Meijia,Zhao  Meijia,-412497,Shaanxi Changan,Shaanxi Changan,https://cdn5.wyscout.com/photos/team/public/g-16070_120x120.png,Super League Women,"RCB3, LB5, LCMF",RCB3,70,LB5,17,LCMF,12,27.0,1999-05-29,0,,4,56,0,0.0,0,0.0,8.04,80.0,China PR,['China PR'],unknown,0,0,False,12.86,3.21,50.0,3.21,100.0,0.0,0.0,4.82,11.25,16.15,1.6099999999999999,0,0.0,0,0.0,0.0,0.0,0,0.0,0.0,0,0.0,0,0.0,0.0,0.0,0.0,0.0,0.0,0.0,0.0,0.0,0.0,0.0,0.0,0.0,0.0,0.0,0.0,0.0,0.0,3.21,0.0,0.0,12.86,50.0,4.82,0.0,0.0,0.0,9.64,66.67,3.21,0.0,27.46,28.95,0.0,0.0,0.0,0.0,0.0,0.0,0.0,3.21,0.0,1.6099999999999999,0.0,0.0,0.0,0.0,0.0,1.6099999999999999,0.0,100.0,6.43,0,,0,,0,0.0,0.0,0.0,,,0.0,,3.21,0.0,0.0,0.0,0.0,0,0
Pan Yanjun,Pan Yanjun,-412494,Shaanxi Changan,Shaanxi Changan,https://cdn5.wyscout.com/photos/team/public/g-16070_120x120.png,Super League Women,GK,GK,100,,0,,0,25.0,2001-04-30,0,,1,56,0,0.0,0,0.0,0.0,0.0,China PR,['China PR'],unknown,173,62,False,1.6099999999999999,0.0,0.0,0.0,0.0,0.0,0.0,0.0,1.6099999999999999,1.5,0.0,0,0.0,0,0.0,0.0,0.0,0,0.0,0.0,0,0.0,0,0.0,0.0,0.0,0.0,0.0,0.0,0.0,0.0,0.0,0.0,0.0,0.0,0.0,0.0,0.0,0.0,0.0,0.0,0.0,0.0,0.0,3.21,50.0,3.21,50.0,0.0,0.0,0.0,0.0,3.21,50.0,46.66,46.66,0.0,0.0,0.0,0.0,0.0,0.0,0.0,0.0,0.0,0.0,0.0,0.0,0.0,0.0,0.0,3.21,50.0,0.0,0.0,1,1.6099999999999999,4,6.43,0,75.0,0.99,1.5899999999999999,-0.01,-0.016,0.0,3.21,0.0,,,,0.0,0,0
Luo Guiping,Luo Guiping,260985,Guangdong Meizhou,Guangdong Meizhou,https://cdn5.wyscout.com/photos/team/public/g-12776_120x120.png,Super League Women,"RCB3, RW",RCB3,52,RW,44,,0,33.0,1993-04-20,0,,2,55,0,0.0,0,0.06,19.64,25.0,China PR,['China PR'],,168,56,False,3.27,3.27,0.0,9.82,33.33,0.0,0.0,0.0,3.27,5.45,1.6400000000000001,0,0.0,0,0.0,0.0,0.0,0,0.0,0.0,0,0.0,0,0.0,0.0,0.0,0.0,3.27,0.0,1.6400000000000001,0.0,1.6400000000000001,0.0,0.0,1.6400000000000001,0.0,4.91,0.0,0.0,3.27,0.0,11.45,1.6400000000000001,1.6400000000000001,24.55,60.0,14.73,66.67,1.6400000000000001,100.0,13.09,87.5,8.18,40.0,22.12,14.99,0.1,1.6400000000000001,0.0,0.0,0.0,0.0,0.0,8.18,80.0,4.91,33.33,0.0,0.0,1.6400000000000001,0.0,11.45,71.43,33.33,4.91,0,,0,,0,0.0,0.0,0.0,,,0.0,,9.82,0.0,0.0,0.0,0.0,0,0
Yifan Yang,Yifan Yang,-455566,Shanghai SRCB,Shanghai SRCB,https://cdn5.wyscout.com/photos/team/public/g-12772_120x120.png,Super League Women,LB,LB,100,,0,,0,19.0,2007-01-17,0,,3,53,0,0.0,0,0.0,22.08,30.77,China PR,['China PR'],unknown,0,0,False,11.89,6.79,50.0,6.79,0.0,0.0,0.0,0.0,8.49,13.64,0.0,0,0.0,0,0.0,1.7000000000000002,0.0,0,0.0,0.0,0,0.0,0,0.0,0.0,0.0,0.0,1.7000000000000002,0.0,1.7000000000000002,0.0,0.0,0.0,1.7000000000000002,5.09,33.33,5.09,33.33,0.0,3.4,0.0,23.77,1.7000000000000002,0.0,42.45,72.0,20.38,75.0,5.09,100.0,33.96,80.0,6.79,50.0,22.39,19.53,0.0,0.0,0.0,0.0,0.0,0.0,0.0,8.49,40.0,3.4,0.0,1.7000000000000002,0.0,0.0,0.0,8.49,20.0,60.0,8.49,0,,0,,0,0.0,0.0,0.0,,,0.0,,6.79,0.0,0.0,0.0,0.0,0,0
W. Bo-ting,Wei Bo-ting,-839702,Shandong SL,Shandong SL,https://cdn5.wyscout.com/photos/team/public/g-12774_120x120.png,Super League Women,LW,LW,100,,0,,0,,,0,,1,51,0,0.0,0,0.0,5.29,33.33,China PR,['China PR'],,0,0,False,0.0,3.5300000000000002,0.0,0.0,0.0,0.0,0.0,0.0,0.0,0.0,1.76,0,0.0,0,0.0,0.0,0.0,0,0.0,0.0,0,0.0,0,0.0,0.0,0.0,0.0,0.0,0.0,0.0,0.0,0.0,0.0,0.0,0.0,0.0,1.76,100.0,0.0,0.0,0.0,5.29,0.0,0.0,14.12,87.5,1.76,0.0,10.59,100.0,14.12,87.5,0.0,0.0,12.54,0.0,0.0,0.0,0.0,0.0,0.0,0.0,0.0,0.0,0.0,0.0,0.0,0.0,0.0,0.0,0.0,0.0,0.0,0.0,0.0,0,,0,,0,0.0,0.0,0.0,,,0.0,,0.0,0.0,0.0,0.0,0.0,0,0
Liu Shiyu,Liu Shiyu,-836840,Sichuan,Sichuan,https://cdn5.wyscout.com/photos/team/public/g-14011_120x120.png,Super League Women,CF,CF,100,,0,,0,18.0,2007-08-06,0,,1,48,0,0.0,0,0.0,18.75,50.0,China PR,['China PR'],unknown,0,0,False,11.25,7.5,75.0,5.63,66.67,0.0,0.0,1.88,5.63,5.0,1.88,0,0.0,0,0.0,0.0,0.0,0,0.0,0.0,0,0.0,0,0.0,0.0,0.0,0.0,0.0,0.0,0.0,0.0,0.0,0.0,0.0,0.0,0.0,0.0,0.0,0.0,0.0,0.0,9.38,0.0,0.0,5.63,33.33,1.88,0.0,0.0,0.0,3.75,50.0,1.88,0.0,15.2,15.85,0.0,0.0,0.0,0.0,0.0,0.0,0.0,0.0,0.0,0.0,0.0,0.0,0.0,0.0,0.0,3.75,0.0,0.0,1.88,0,,0,,0,0.0,0.0,0.0,,,0.0,,5.63,0.0,0.0,0.0,0.0,0,0
Jiali Liu,Liu Jiali,-462653,Guangxi Pingguo Bainong,Guangxi Pingguo Bainong,https://cdn5.wyscout.com/photos/team/public/g-17625_120x120.png,Super League Women,"AMF, RWF, LB5",AMF,40,RWF,37,LB5,21,22.0,2004-05-15,0,,3,48,0,0.05,0,0.0,16.88,44.44,China PR,['China PR'],,0,0,False,3.75,1.88,100.0,1.88,0.0,0.0,0.0,0.0,1.88,5.0,0.0,0,0.0,0,0.0,5.63,0.0,0,0.0,0.1,0,0.0,1,1.88,100.0,0.0,0.0,5.63,33.33,3.75,0.0,1.88,100.0,0.0,5.63,33.33,9.38,40.0,3.75,3.75,0.0,31.88,0.0,1.88,33.75,77.78,7.5,75.0,5.63,100.0,28.13,86.67,0.0,0.0,15.34,0.0,0.0,0.0,0.0,0.0,0.0,0.0,0.0,5.63,100.0,5.63,33.33,0.0,0.0,0.0,1.88,1.88,100.0,62.5,15.0,0,,0,,0,0.0,0.0,0.0,,,0.0,,1.88,0.0,0.0,0.0,1.88,0,0
Wang Xuan,Xuan Wang,-411973,Guangxi Pingguo Bainong,Guangxi Pingguo Bainong,https://cdn5.wyscout.com/photos/team/public/g-17625_120x120.png,Super League Women,LCB3,LCB3,100,,0,,0,24.0,2001-08-02,0,,1,48,0,0.0,0,0.05,18.75,30.0,China PR,['China PR'],unknown,172,61,False,1.88,5.63,33.33,9.38,40.0,0.0,0.0,0.0,0.0,0.0,1.88,0,0.0,0,0.0,0.0,0.0,0,0.0,0.0,0,0.0,0,0.0,0.0,0.0,0.0,0.0,0.0,0.0,0.0,0.0,0.0,0.0,0.0,0.0,1.88,0.0,0.0,1.88,0.0,65.63,0.0,1.88,80.63,90.7,24.38,84.62,0.0,0.0,67.5,97.22,13.13,57.14,18.25,27.86,0.09,1.88,0.0,0.0,0.0,0.0,0.0,20.63,81.82,3.75,50.0,1.88,0.0,1.88,0.0,16.88,88.89,95.65,43.13,0,,0,,0,0.0,0.0,0.0,,,0.0,,9.38,0.0,0.0,0.0,0.0,0,0
Zhao Yangning,Yangning Zhao,-412162,Changchun Dazhong,Changchun Dazhong,https://cdn5.wyscout.com/photos/team/public/g19391_120x120.png,Super League Women,"AMF, RW, LAMF",AMF,38,RW,37,LAMF,23,20.0,2006-02-15,0,,3,48,0,0.0,0,0.0,18.75,30.0,China PR,['China PR'],unknown,175,65,False,9.38,11.25,50.0,1.88,0.0,0.0,0.0,0.0,3.75,7.5,1.88,0,0.0,0,0.0,0.0,0.0,0,0.0,0.0,0,0.0,0,0.0,0.0,0.0,0.0,0.0,0.0,0.0,0.0,0.0,0.0,0.0,0.0,0.0,5.63,0.0,1.88,1.88,0.0,13.13,3.75,0.0,16.88,66.67,0.0,0.0,1.88,100.0,16.88,66.67,0.0,0.0,13.57,0.0,0.0,0.0,0.0,0.0,0.0,0.0,0.0,0.0,0.0,0.0,0.0,0.0,0.0,1.88,0.0,0.0,0.0,100.0,5.63,0,,0,,0,0.0,0.0,0.0,,,0.0,,1.88,0.0,0.0,0.0,0.0,0,0
Li Ke,Ke Li,-558445,Shanghai SRCB,Shanghai SRCB,https://cdn5.wyscout.com/photos/team/public/g-12772_120x120.png,Super League Women,"LCB, CF",LCB,67,CF,32,,0,19.0,2006-08-27,0,,2,44,1,0.45,0,0.0,,,China PR,['China PR'],unknown,0,0,False,,,,,,,0.0,,,7.5,,0,,0,,,,1,,,1,,2,,,50.0,,,,,,,,,,,,,,,,,,,,,,,,,,,,,21.13,0.0,,,,,,,,,,,,,,,,,,,,0,,0,,0,0.0,0.0,,,,,,,,,,,0,0
Yin Lihong,Lihong Yin,-383727,Shanghai SRCB,Shanghai SRCB,https://cdn5.wyscout.com/photos/team/public/g-12772_120x120.png,Super League Women,CF,CF,100,,0,,0,20.0,2005-10-27,0,,1,43,0,0.0,0,0.0,,,China PR,['China PR'],unknown,165,63,False,,,,,,,0.0,,,0.0,,0,,0,,,,0,,,0,,0,,,0.0,,,,,,,,,,,,,,,,,,,,,,,,,,,,,11.88,0.0,,,,,,,,,,,,,,,,,,,,0,,0,,0,0.0,0.0,,,,,,,,,,,0,0
Liu Jianing,Liu  Jianing,-412220,Zhejiang,Zhejiang,https://cdn5.wyscout.com/photos/team/public/g-12777_120x120.png,Super League Women,"RCMF3, LCMF, LW",RCMF3,45,LCMF,33,LW,21,22.0,2004-04-03,0,,3,41,0,0.0,0,0.0,,,China PR,['China PR'],unknown,0,0,False,,,,,,,0.0,,,0.0,,0,,0,,,,0,,,0,,0,,,0.0,,,,,,,,,,,,,,,,,,,,,,,,,,,,,12.57,29.99,,,,,,,,,,,,,,,,,,,,0,,0,,0,0.0,0.0,,,,,,,,,,,0,0
Li Yang,Li Yang,-538620,Jiangsu Wuxi,Jiangsu Wuxi,https://cdn5.wyscout.com/photos/team/public/g-11601_120x120.png,Super League Women,CF,CF,100,,0,,0,35.0,1991-01-31,0,,1,40,0,0.0,0,0.0,,,China PR,['China PR'],,0,0,False,,,,,,,0.0,,,0.0,,0,,0,,,,0,,,0,,0,,,0.0,,,,,,,,,,,,,,,,,,,,,,,,,,,,,12.73,0.0,,,,,,,,,,,,,,,,,,,,0,,0,,0,0.0,0.0,,,,,,,,,,,0,0
Zubila Abduwal,Zubila Abduwal,-686476,Wuhan Jiangda,Wuhan Jiangda,https://cdn5.wyscout.com/photos/team/public/g19398_120x120.png,Super League Women,RCMF,RCMF,100,,0,,0,26.0,1999-08-01,0,,2,39,0,0.03,0,0.0,,,China PR,['China PR'],unknown,170,55,False,,,,,,,0.0,,,8.57,,0,,0,,,,0,,,0,,1,,,0.0,,,,,,,,,,,,,,,,,,,,,,,,,,,,,17.7,24.18,,,,,,,,,,,,,,,,,,,,0,,0,,0,0.0,0.0,,,,,,,,,,,0,0
Jiayi Xue,Jiayi Xue,-545361,Zhejiang,Zhejiang,https://cdn5.wyscout.com/photos/team/public/g-12777_120x120.png,Super League Women,"LB5, RB",LB5,68,RB,31,,0,19.0,2007-04-13,0,,2,38,0,0.0,0,0.0,,,China PR,['China PR'],unknown,0,0,False,,,,,,,0.0,,,3.33,,0,,0,,,,0,,,0,,0,,,0.0,,,,,,,,,,,,,,,,,,,,,,,,,,,,,15.68,19.96,,,,,,,,,,,,,,,,,,,,0,,0,,0,0.0,0.0,,,,,,,,,,,0,0
Wang Luyao,Wang  Luyao,-412331,Sichuan,Sichuan,https://cdn5.wyscout.com/photos/team/public/g-14011_120x120.png,Super League Women,"LW, LCMF3",LW,77,LCMF3,22,,0,27.0,1999-05-22,0,,2,38,0,0.0,0,0.0,,,China PR,['China PR'],unknown,0,0,False,,,,,,,0.0,,,2.31,,0,,0,,,,0,,,0,,0,,,0.0,,,,,,,,,,,,,,,,,,,,,,,,,,,,,14.53,14.77,,,,,,,,,,,,,,,,,,,,0,,0,,0,0.0,0.0,,,,,,,,,,,0,0
Z.  Ziying,Zhong  Ziying,-836865,Guangdong Meizhou,Guangdong Meizhou,https://cdn5.wyscout.com/photos/team/public/g-12776_120x120.png,Super League Women,"RCMF3, LCMF3",RCMF3,72,LCMF3,27,,0,19.0,2007-05-07,0,,2,37,0,0.0,0,0.0,,,China PR,['China PR'],unknown,0,0,False,,,,,,,4.29,,,0.0,,0,,0,,,,0,,,0,,0,,,0.0,,,,,,,,,,,,,,,,,,,,,,,,,,,,,29.75,48.36,,,,,,,,,,,,,,,,,,,,0,,0,,0,0.0,0.0,,,,,,,,,,,0,0
Gao Xinru,Gao  Xinru,-412444,Guangxi Pingguo Bainong,Guangxi Pingguo Bainong,https://cdn5.wyscout.com/photos/team/public/g-17625_120x120.png,Super League Women,RAMF,RAMF,100,,0,,0,23.0,2003-04-27,0,,1,36,1,0.12,0,0.0,,,China PR,['China PR'],unknown,0,0,False,,,,,,,0.0,,,4.29,,0,,0,,,,1,,,1,,1,,,100.0,,,,,,,,,,,,,,,,,,,,,,,,,,,,,19.53,0.0,,,,,,,,,,,,,,,,,,,,0,,0,,0,0.0,0.0,,,,,,,,,,,0,0
S. Jiaying,Su Jiaying,-536977,Shaanxi Changan,Shaanxi Changan,https://cdn5.wyscout.com/photos/team/public/g-16070_120x120.png,Super League Women,"RB5, RB",RB5,82,RB,17,,0,19.0,2007-04-13,0,,2,34,0,0.0,0,0.0,,,China PR,['China PR'],unknown,0,0,False,,,,,,,0.0,,,0.0,,0,,0,,,,0,,,0,,0,,,0.0,,,,,,,,,,,,,,,,,,,,,,,,,,,,,16.84,0.0,,,,,,,,,,,,,,,,,,,,0,,0,,0,0.0,0.0,,,,,,,,,,,0,0
Hao Song,Hao Song,-563493,Liaoning Shenbei Hefeng,Liaoning Shenbei Hefeng,https://cdn5.wyscout.com/photos/team/public/g-21014_120x120.png,Super League Women,"RWB, CF",RWB,85,CF,14,,0,19.0,2006-10-27,0,,2,29,0,0.0,0,0.0,,,China PR,['China PR'],unknown,0,0,False,,,,,,,0.0,,,0.0,,0,,0,,,,0,,,0,,0,,,0.0,,,,,,,,,,,,,,,,,,,,,,,,,,,,,18.83,33.41,,,,,,,,,,,,,,,,,,,,0,,0,,0,0.0,0.0,,,,,,,,,,,0,0
Zhong Xiaoqing,Zhong Xiaoqing,-412432,Guangdong Meizhou,Guangdong Meizhou,https://cdn5.wyscout.com/photos/team/public/g-12776_120x120.png,Super League Women,RCMF3,RCMF3,100,,0,,0,21.0,2004-08-20,0,,1,29,0,0.0,0,0.0,,,China PR,['China PR'],unknown,170,56,False,,,,,,,0.0,,,4.29,,0,,0,,,,0,,,0,,0,,,0.0,,,,,,,,,,,,,,,,,,,,,,,,,,,,,22.55,47.83,,,,,,,,,,,,,,,,,,,,0,,0,,0,0.0,0.0,,,,,,,,,,,0,0
Shi Shengchao,Shi  Shengchao,-412212,Zhejiang,Zhejiang,https://cdn5.wyscout.com/photos/team/public/g-12777_120x120.png,Super League Women,"LW, RB",LW,68,RB,31,,0,26.0,2000-03-24,0,,2,28,0,0.0,0,0.0,,,China PR,['China PR'],unknown,0,0,False,,,,,,,0.0,,,0.0,,0,,0,,,,0,,,0,,0,,,0.0,,,,,,,,,,,,,,,,,,,,,,,,,,,,,15.26,8.38,,,,,,,,,,,,,,,,,,,,0,,0,,0,0.0,0.0,,,,,,,,,,,0,0
Z. Jinlu,Zhang Jinlu,-537013,Shaanxi Changan,Shaanxi Changan,https://cdn5.wyscout.com/photos/team/public/g-16070_120x120.png,Super League Women,"RCB3, LCMF",RCB3,56,LCMF,43,,0,18.0,2007-10-16,0,,2,28,0,0.09,0,0.0,,,China PR,['China PR'],unknown,0,0,False,,,,,,,0.0,,,0.0,,0,,0,,,,0,,,0,,1,,,0.0,,,,,,,,,,,,,,,,,,,,,,,,,,,,,25.14,20.59,,,,,,,,,,,,,,,,,,,,0,,0,,0,0.0,0.0,,,,,,,,,,,0,0
Can Zhu,Can Zhu,-545343,Zhejiang,Zhejiang,https://cdn5.wyscout.com/photos/team/public/g-12777_120x120.png,Super League Women,"LW, DMF",LW,58,DMF,41,,0,17.0,2008-10-16,0,,2,26,0,0.0,0,0.0,,,China PR,['China PR'],unknown,0,0,False,,,,,,,4.29,,,4.29,,0,,0,,,,0,,,0,,0,,,0.0,,,,,,,,,,,,,,,,,,,,,,,,,,,,,16.44,4.57,,,,,,,,,,,,,,,,,,,,0,,0,,0,0.0,0.0,,,,,,,,,,,0,0
He Chen Yu,He Chen Yu,-420024,Shandong SL,Shandong SL,https://cdn5.wyscout.com/photos/team/public/g-12774_120x120.png,Super League Women,LCMF,LCMF,100,,0,,0,28.0,1998-03-07,0,,1,25,0,0.0,0,0.0,,,China PR,['China PR'],unknown,0,0,False,,,,,,,0.0,,,0.0,,0,,0,,,,0,,,0,,0,,,0.0,,,,,,,,,,,,,,,,,,,,,,,,,,,,,17.13,0.0,,,,,,,,,,,,,,,,,,,,0,,0,,0,0.0,0.0,,,,,,,,,,,0,0
C. Yuelan,Cao  Yuelan,-836862,Guangdong Meizhou,Guangdong Meizhou,https://cdn5.wyscout.com/photos/team/public/g-12776_120x120.png,Super League Women,"RCB3, RCB",RCB3,85,RCB,14,,0,19.0,2007-03-24,0,,2,23,0,0.0,0,0.0,,,China PR,['China PR'],unknown,0,0,False,,,,,,,0.0,,,0.0,,1,,0,,,,0,,,0,,0,,,0.0,,,,,,,,,,,,,,,,,,,,,,,,,,,,,8.93,22.7,,,,,,,,,,,,,,,,,,,,0,,0,,0,0.0,0.0,,,,,,,,,,,0,0
Zhang Xin,Xin Zhang,260976,Shanghai SRCB,Shanghai SRCB,https://cdn5.wyscout.com/photos/team/public/g-12772_120x120.png,Super League Women,RW,RW,100,,0,,0,34.0,1992-05-23,0,,1,17,0,0.0,0,0.0,,,China PR,['China PR'],both,170,0,False,,,,,,,0.0,,,7.5,,0,,0,,,,0,,,0,,0,,,0.0,,,,,,,,,,,,,,,,,,,,,,,,,,,,,32.55,34.57,,,,,,,,,,,,,,,,,,,,0,,0,,0,0.0,0.0,,,,,,,,,,,0,0
Medinay Shadik,Medinay Shadik,-412270,Beijing Beikong,Beijing Beikong,https://cdn5.wyscout.com/photos/team/public/g-12773_120x120.png,Super League Women,"RAMF, RCMF",RAMF,58,RCMF,41,,0,29.0,1997-07-03,0,,2,17,0,0.75,0,0.0,,,China PR,['China PR'],unknown,163,55,False,,,,,,,0.0,,,10.0,,0,,0,,,,0,,,0,,1,,,0.0,,,,,,,,,,,,,,,,,,,,,,,,,,,,,5.5600000000000005,0.0,,,,,,,,,,,,,,,,,,,,0,,0,,0,0.0,0.0,,,,,,,,,,,0,0
Sun Fang Rui,Fang Rui Sun,-571774,Shandong SL,Shandong SL,https://cdn5.wyscout.com/photos/team/public/g-12774_120x120.png,Super League Women,LWB,LWB,100,,0,,0,23.0,2003-07-06,0,,1,16,0,0.0,0,0.0,,,China PR,['China PR'],unknown,0,0,False,,,,,,,0.0,,,0.0,,0,,0,,,,0,,,0,,0,,,0.0,,,,,,,,,,,,,,,,,,,,,,,,,,,,,14.37,0.0,,,,,,,,,,,,,,,,,,,,0,,0,,0,0.0,0.0,,,,,,,,,,,0,0
Yang Jialin,Jialin Yang,-411946,Beijing Beikong,Beijing Beikong,https://cdn5.wyscout.com/photos/team/public/g-12773_120x120.png,Super League Women,LB,LB,100,,0,,0,30.0,1996-03-01,0,,1,15,0,0.0,0,0.0,,,China PR,['China PR'],unknown,0,0,False,,,,,,,0.0,,,0.0,,0,,0,,,,0,,,0,,0,,,0.0,,,,,,,,,,,,,,,,,,,,,,,,,,,,,18.46,30.07,,,,,,,,,,,,,,,,,,,,0,,0,,0,0.0,0.0,,,,,,,,,,,0,0
T. Chawinga,Temwa Chawinga,509183,KC Current,Wuhan Jiangda,https://cdn5.wyscout.com/photos/team/public/g-14009_120x120.png,NWSL,CF,CF,100,,0,,0,27.0,1998-09-20,0,2028-12-31,1,14,0,0.0,0,0.0,,,Malawi,['Malawi'],,0,0,False,,,,,,,0.0,,,0.0,,0,,0,,,,0,,,0,,0,,,0.0,,,,,,,,,,,,,,,,,,,,,,,,,,,,,13.69,0.0,,,,,,,,,,,,,,,,,,,,0,,0,,0,0.0,0.0,,,,,,,,,,,0,0
Li Ziyin,Li Ziyin,-536996,Jiangsu Wuxi,Jiangsu Wuxi,https://cdn5.wyscout.com/photos/team/public/g-11601_120x120.png,Super League Women,CF,CF,100,,0,,0,18.0,2007-12-18,0,,1,13,0,0.0,0,0.0,,,China PR,['China PR'],unknown,0,0,False,,,,,,,0.0,,,40.0,,0,,0,,,,0,,,0,,0,,,0.0,,,,,,,,,,,,,,,,,,,,,,,,,,,,,8.59,0.0,,,,,,,,,,,,,,,,,,,,0,,0,,0,0.0,0.0,,,,,,,,,,,0,0
J. Joon-hee,Jung Joon-hee,-839703,Shandong SL,Shandong SL,https://cdn5.wyscout.com/photos/team/public/g-12774_120x120.png,Super League Women,LB5,LB5,100,,0,,0,,,0,,1,11,0,0.0,0,0.0,,,Korea Republic,['Korea Republic'],,0,0,False,,,,,,,0.0,,,15.0,,0,,0,,,,0,,,0,,0,,,0.0,,,,,,,,,,,,,,,,,,,,,,,,,,,,,10.82,0.0,,,,,,,,,,,,,,,,,,,,0,,0,,0,0.0,0.0,,,,,,,,,,,0,0
Zhu Chenmenglan,Chenmenglan Zhu,-411989,Guangxi Pingguo Bainong,Guangxi Pingguo Bainong,https://cdn5.wyscout.com/photos/team/public/g-17625_120x120.png,Super League Women,LB5,LB5,100,,0,,0,25.0,2000-10-17,0,,1,8,0,0.0,0,0.0,,,China PR,['China PR'],unknown,165,65,False,,,,,,,15.0,,,0.0,,0,,0,,,,0,,,0,,0,,,0.0,,,,,,,,,,,,,,,,,,,,,,,,,,,,,0.0,0.0,,,,,,,,,,,,,,,,,,,,0,,0,,0,0.0,0.0,,,,,,,,,,,0,0
Z. Yi,Zhang Yi,-837021,Shanghai SRCB,Shanghai SRCB,https://cdn5.wyscout.com/photos/team/public/g-12772_120x120.png,Super League Women,LB,LB,100,,0,,0,21.0,2004-10-15,0,,1,7,0,0.0,0,0.06,,,Chile,['Chile'],unknown,0,0,False,,,,,,,0.0,,,0.0,,0,,0,,,,0,,,0,,0,,,0.0,,,,,,,,,,,,,,,,,,,,,,,,,,,,,17.13,0.0,,,,,,,,,,,,,,,,,,,,0,,0,,0,0.0,0.0,,,,,,,,,,,0,0
Feng Yuting,Feng Yuting,-457289,Liaoning Shenbei Hefeng,Liaoning Shenbei Hefeng,https://cdn5.wyscout.com/photos/team/public/g-21014_120x120.png,Super League Women,RCMF,RCMF,100,,0,,0,21.0,2005-01-20,0,,1,5,0,0.0,0,0.0,,,China PR,['China PR'],unknown,0,0,False,,,,,,,0.0,,,0.0,,0,,0,,,,0,,,0,,0,,,0.0,,,,,,,,,,,,,,,,,,,,,,,,,,,,,12.66,0.0,,,,,,,,,,,,,,,,,,,,0,,0,,0,0.0,0.0,,,,,,,,,,,0,0
