Player,Full name,Wyscout id,Team,Team within selected timeframe,Team logo,Competition,Position,Primary position,"Primary position, %",Secondary position,"Secondary position, %",Third position,"Third position, %",Age,Birthday,Market value,Contract expires,Matches played,Minutes played,Goals,xG,Assists,xA,Duels per 90,"Duels won, %",Birth country,Passport country,Foot,Height,Weight,On loan,Successful defensive actions per 90,Defensive duels per 90,"Defensive duels won, %",Aerial duels per 90,"Aerial duels won, %",Sliding tackles per 90,PAdj Sliding tackles,Shots blocked per 90,Interceptions per 90,PAdj Interceptions,Fouls per 90,Yellow cards,Yellow cards per 90,Red cards,Red cards per 90,Successful attacking actions per 90,Goals per 90,Non-penalty goals,Non-penalty goals per 90,xG per 90,Head goals,Head goals per 90,Shots,Shots per 90,"Shots on target, %","Goal conversion, %",Assists per 90,Crosses per 90,"Accurate crosses, %",Crosses from left flank per 90,"Accurate crosses from left flank, %",Crosses from right flank per 90,"Accurate crosses from right flank, %",Crosses to goalie box per 90,Dribbles per 90,"Successful dribbles, %",Offensive duels per 90,"Offensive duels won, %",Touches in box per 90,Progressive runs per 90,Accelerations per 90,Received passes per 90,Received long passes per 90,Fouls suffered per 90,Passes per 90,"Accurate passes, %",Forward passes per 90,"Accurate forward passes, %",Back passes per 90,"Accurate back passes, %",Short / medium passes per 90,"Accurate short / medium passes, %",Long passes per 90,"Accurate long passes, %","Average pass length, m","Average long pass length, m",xA per 90,Shot assists per 90,Second assists per 90,Third assists per 90,Smart passes per 90,"Accurate smart passes, %",Key passes per 90,Passes to final third per 90,"Accurate passes to final third, %",Passes to penalty area per 90,"Accurate passes to penalty area, %",Through passes per 90,"Accurate through passes, %",Deep completions per 90,Deep completed crosses per 90,Progressive passes per 90,"Accurate progressive passes, %","Accurate vertical passes, %",Vertical passes per 90,Conceded goals,Conceded goals per 90,Shots against,Shots against per 90,Clean sheets,"Save rate, %",xG against,xG against per 90,Prevented goals,Prevented goals per 90,Back passes received as GK per 90,Exits per 90,Aerial duels per 90,Free kicks per 90,Direct free kicks per 90,"Direct free kicks on target, %",Corners per 90,Penalties taken,"Penalty conversion, %"
T. Anarbekov,Temirlan Anarbekov,-157373,Kairat,Kairat,https://cdn5.wyscout.com/photos/team/public/g1358_120x120.png,Premier League,GK,GK,100,,0,,0,22,2003-10-14,0,2028-12-31,18,1758,0,0.0,0,0.17,0.46,88.89,Kazakhstan,['Kazakhstan'],left,189,78,False,1.74,0.05,100.0,0.31,83.33,0.0,0.0,0.0,1.69,2.8,0.0,2,0.1,0,0.0,0.05,0.0,0,0.0,0.0,0,0.0,0,0.0,0.0,0.0,0.0,0.05,100.0,0.0,0.0,0.0,0.0,0.0,0.0,0.0,0.0,0.0,0.0,0.0,0.0,9.37,0.26,0.1,18.48,83.38,9.22,68.89,0.1,0.0,13.05,98.82,5.38,45.71,30.77,51.96,0.01,0.05,0.0,0.0,0.0,0.0,0.1,2.1,39.02,0.41000000000000003,25.0,0.26,0.0,0.05,0.05,3.5300000000000002,68.12,98.79,8.45,12,0.61,57,2.92,9,78.95,14.61,0.75,2.61,0.134,0.0,1.13,0.31,,,,0.0,0,0
I. Ordets,Ivan Ordets,158314,Aktobe,Aktobe,https://cdn5.wyscout.com/photos/team/public/1360_120x120.png,Premier League,"LCB, CB",LCB,55,CB,44,,0,34,1992-07-08,0,2026-12-31,17,1682,3,1.22,0,0.0,13.0,66.26,Ukraine,['Ukraine'],right,194,88,False,8.83,3.59,73.13,6.85,72.66,0.27,0.43,0.86,5.94,9.51,1.02,1,0.05,0,0.0,0.21,0.16,3,0.16,0.07,3,0.16,9,0.48,44.44,33.333,0.0,0.05,0.0,0.0,0.0,0.0,0.0,0.0,0.0,0.0,0.64,33.33,0.86,0.32,0.0,31.3,0.54,0.16,46.07,88.5,19.9,80.38,3.16,94.92,40.67,92.76,5.35,57.0,22.4,40.96,0.0,0.05,0.0,0.0,0.0,0.0,0.0,4.07,55.26,0.54,30.0,0.37,14.29,0.27,0.0,8.08,75.5,95.62,19.53,0,,0,,0,0.0,0.0,0.0,,,2.41,,6.85,0.0,0.0,0.0,0.0,0,0
A. Zarutskiy,Aleksandr Zarutskiy,319751,Aktobe,Aktobe,https://cdn5.wyscout.com/photos/team/public/1360_120x120.png,Premier League,GK,GK,100,,0,,0,32,1993-08-26,300000,2026-12-31,17,1682,0,0.0,0,0.0,1.12,71.43,Russia,"['Russia', 'Kazakhstan']",right,192,87,False,1.5,0.11,50.0,0.7000000000000001,92.31,0.0,0.0,0.0,1.44,2.31,0.0,2,0.11,0,0.0,0.0,0.0,0,0.0,0.0,0,0.0,0,0.0,0.0,0.0,0.0,0.0,0.0,0.0,0.0,0.0,0.0,0.0,0.05,0.0,0.27,40.0,0.0,0.0,0.0,12.47,0.21,0.05,20.07,87.2,12.95,82.64,0.05,100.0,12.79,97.49,7.22,69.63,31.35,47.9,0.0,0.0,0.0,0.0,0.0,0.0,0.0,1.6600000000000001,58.06,0.16,66.67,0.11,50.0,0.11,0.0,6.31,75.42,96.67,6.42,18,0.96,85,4.55,6,78.82,20.77,1.11,2.77,0.148,0.05,2.09,0.7000000000000001,,,,0.0,0,0
J. Pajović,Jovan Pajović,457864,Zhetysu,Zhetysu,https://cdn5.wyscout.com/photos/team/public/g1364_120x120.png,Premier League,CB,CB,91,,0,,0,29,1996-08-28,250000,2026-12-31,17,1678,2,0.9500000000000001,1,0.0,14.43,65.8,Montenegro,['Montenegro'],right,0,0,False,8.05,4.61,68.6,6.38,65.55,0.54,0.79,0.48,4.34,6.38,1.18,3,0.16,0,0.0,0.16,0.11,2,0.11,0.05,0,0.0,7,0.38,42.86,28.571,0.05,0.0,0.0,0.0,0.0,0.0,0.0,0.0,0.0,0.0,0.75,42.86,0.64,0.11,0.0,22.47,0.43,0.86,36.04,83.18,13.14,65.71,1.72,93.75,29.45,89.98,6.6,52.85,24.79,40.45,0.0,0.0,0.0,0.0,0.0,0.0,0.05,4.13,58.44,0.27,20.0,0.27,0.0,0.11,0.0,6.65,59.68,94.54,19.63,0,,0,,0,0.0,0.0,0.0,,,1.23,,6.38,0.0,0.0,0.0,0.0,0,0
I. Kuzmichev,Ivan  Kuzmichev,-130735,Okzhetpes,Okzhetpes,https://cdn5.wyscout.com/photos/team/public/g1363_120x120.png,Premier League,"RCB3, RCB",RCB3,75,RCB,20,,0,25,2000-10-20,800000,2026-12-31,17,1671,1,0.58,0,0.1,13.14,61.89,Russia,['Russia'],right,198,91,False,10.29,6.03,66.96,3.8200000000000003,64.79,0.59,0.9,0.97,5.66,8.58,0.81,3,0.16,0,0.0,0.38,0.05,1,0.05,0.03,1,0.05,4,0.22,50.0,25.0,0.0,0.27,60.0,0.0,0.0,0.27,60.0,0.0,0.27,40.0,1.56,44.83,0.59,0.16,0.0,22.62,0.16,0.75,37.22,82.63,18.53,72.09,2.26,92.86,29.73,90.4,7.22,51.49,22.01,39.45,0.01,0.11,0.0,0.05,0.0,0.0,0.05,6.46,65.83,0.81,46.67,0.65,8.33,0.22,0.16,8.29,73.38,95.31,13.79,0,,0,,0,0.0,0.0,0.0,,,1.62,,3.8200000000000003,0.0,0.0,0.0,0.0,0,0
M. Lobantsev,Miroslav Lobantsev,235304,Okzhetpes,Okzhetpes,https://cdn5.wyscout.com/photos/team/public/g1363_120x120.png,Premier League,GK,GK,100,,0,,0,31,1995-05-27,300000,2026-12-31,17,1671,0,0.0,0,0.0,0.54,100.0,Russia,['Russia'],right,189,85,False,1.45,0.11,100.0,0.38,100.0,0.0,0.0,0.05,1.35,2.04,0.0,0,0.0,0,0.0,0.0,0.0,0,0.0,0.0,0,0.0,0,0.0,0.0,0.0,0.0,0.0,0.0,0.0,0.0,0.0,0.0,0.0,0.0,0.0,0.0,0.0,0.0,0.0,0.0,7.65,0.16,0.22,14.7,78.02,10.39,71.5,0.0,0.0,6.36,94.92,8.35,65.16,37.69,49.4,0.0,0.0,0.0,0.0,0.0,0.0,0.0,2.05,44.74,0.05,0.0,0.05,0.0,0.0,0.0,6.46,75.83,94.03,3.61,24,1.29,81,4.36,4,70.37,22.88,1.23,-1.12,-0.06,0.0,1.94,0.38,,,,0.0,0,0
A. Dobay,Adilkhan Dobay,-103430,Zhetysu,Zhetysu,https://cdn5.wyscout.com/photos/team/public/g1364_120x120.png,Premier League,"RWB, RB5",RWB,69,RB5,15,,0,24,2002-06-02,175000,2026-12-31,17,1669,1,1.38,0,0.54,12.46,52.38,Kazakhstan,['Kazakhstan'],right,183,0,False,5.72,5.34,63.64,1.46,55.56,0.11,0.16,0.05,2.21,3.26,0.92,0,0.0,0,0.0,1.51,0.05,1,0.05,0.07,0,0.0,12,0.65,33.33,8.333,0.0,1.56,44.83,0.05,100.0,1.51,42.86,0.16,1.02,57.89,3.7199999999999998,39.13,0.65,1.08,0.05,24.75,2.48,0.81,34.57,78.16,12.4,63.48,6.79,96.83,28.85,83.93,4.21,50.0,18.47,35.71,0.03,0.43,0.0,0.16,0.0,0.0,0.16,4.58,56.47,2.21,48.78,0.16,0.0,0.38,0.75,7.17,69.17,80.33,9.87,0,,0,,0,0.0,0.0,0.0,,,0.7000000000000001,,1.46,0.0,0.0,0.0,0.0,0,0
N. Cuckić,Nikola Cuckić,405141,Kaisar,Kaisar,https://cdn5.wyscout.com/photos/team/public/g1352_120x120.png,Premier League,"RCMF, LCMF, LCMF3",RCMF,36,LCMF,24,LCMF3,22,29,1997-04-11,250000,2026-12-31,18,1668,3,1.44,2,2.2800000000000002,7.45,49.28,Serbia,['Serbia'],right,174,72,False,4.75,3.02,60.71,1.46,33.33,0.32,0.43,0.22,2.59,3.42,0.32,2,0.11,0,0.0,0.76,0.16,3,0.16,0.08,1,0.05,23,1.24,26.09,13.043,0.11,0.76,35.71,0.22,25.0,0.54,40.0,0.0,0.11,100.0,1.8900000000000001,51.43,0.76,0.49,0.0,26.82,0.76,0.86,38.09,76.63,15.92,62.37,4.26,92.41,30.7,83.66,6.69,48.39,19.86,35.65,0.12,0.92,0.0,0.0,0.05,100.0,0.11,8.15,58.94,2.32,41.86,1.03,42.11,0.76,0.27,7.18,73.68,85.77,12.9,0,,0,,0,0.0,0.0,0.0,,,0.16,,1.46,1.46,0.38,28.57,2.0,0,0
A. Baltabekov,Askhat Baltabekov,295583,Zhetysu,Zhetysu,https://cdn5.wyscout.com/photos/team/public/g1364_120x120.png,Premier League,"LWB, LB5",LWB,70,LB5,15,,0,32,1993-11-06,225000,2026-12-31,17,1667,3,2.0,5,3.24,12.15,50.67,Kazakhstan,['Kazakhstan'],left,171,59,False,6.64,5.45,56.44,1.51,32.14,0.22,0.32,0.38,3.35,4.91,1.35,2,0.11,0,0.0,2.81,0.16,1,0.05,0.11,0,0.0,18,0.97,50.0,16.667,0.27,4.59,30.59,4.32,28.75,0.16,66.67,0.97,1.4,65.38,3.62,52.24,0.7000000000000001,1.19,0.11,31.26,3.51,0.97,41.3,73.33,15.28,63.6,6.15,93.86,29.59,84.31,7.34,53.68,21.65,35.36,0.18,1.57,0.0,0.11,0.0,0.0,0.65,5.72,56.6,4.86,36.67,0.49,33.33,0.49,1.46,10.58,72.45,76.77,13.71,0,,0,,0,0.0,0.0,0.0,,,0.43,,1.51,1.08,0.05,100.0,1.78,2,100
N. Antić,Nikola Antić,257863,Ordabasy,Ordabasy,https://cdn5.wyscout.com/photos/team/public/1363_120x120.png,Premier League,"LWB, LB",LWB,55,LB,23,,0,32,1994-01-04,800000,2026-12-31,17,1658,1,0.99,1,3.64,9.12,44.05,Serbia,['Serbia'],left,178,75,False,4.29,2.44,60.0,1.9500000000000002,38.89,0.11,0.17,0.05,2.71,4.26,0.65,3,0.16,0,0.0,2.44,0.05,1,0.05,0.05,0,0.0,14,0.76,21.43,7.143,0.05,4.18,40.26,4.18,40.26,0.0,0.0,0.76,1.1400000000000001,52.38,3.5300000000000002,40.0,2.39,1.19,0.05,27.68,1.9,0.81,36.97,76.06,12.43,62.88,7.6,95.71,28.61,85.77,4.34,45.0,19.42,35.61,0.2,1.85,0.0,0.05,0.05,0.0,0.81,4.07,58.67,4.29,50.63,0.54,20.0,0.98,1.74,7.82,72.92,76.06,10.21,0,,0,,0,0.0,0.0,0.0,,,0.43,,1.9500000000000002,0.16,0.05,0.0,1.03,0,0
D. Nepogodov,Dmitriy Nepogodov,39367,Ulytau,Ulytau,https://cdn5.wyscout.com/photos/team/public/g-17974_120x120.png,Premier League,GK,GK,100,,0,,0,38,1988-02-17,150000,2026-12-31,17,1657,0,0.0,0,0.0,0.65,75.0,Ukraine,"['Ukraine', 'Kazakhstan']",left,196,90,False,1.03,0.27,60.0,0.27,100.0,0.0,0.0,0.0,0.87,1.26,0.0,2,0.11,0,0.0,0.0,0.0,0,0.0,0.0,0,0.0,0,0.0,0.0,0.0,0.0,0.0,0.0,0.0,0.0,0.0,0.0,0.0,0.0,0.0,0.05,100.0,0.0,0.0,0.0,7.44,0.22,0.16,12.66,81.55,7.28,71.64,0.0,0.0,8.15,96.0,4.51,55.42,31.61,47.11,0.0,0.0,0.0,0.0,0.0,0.0,0.0,0.54,20.0,0.05,0.0,0.0,0.0,0.0,0.0,3.96,67.12,94.19,4.67,15,0.81,68,3.69,6,77.94,17.47,0.9500000000000001,2.47,0.134,0.0,1.52,0.27,,,,0.0,0,0
G. Bukhal,Glib Bukhal,410636,Ulytau,Ulytau,https://cdn5.wyscout.com/photos/team/public/g-17974_120x120.png,Premier League,LCB,LCB,98,,0,,0,30,1995-11-12,0,2026-12-31,17,1657,0,0.74,0,0.01,9.78,58.33,Ukraine,['Ukraine'],left,190,75,False,8.96,4.5600000000000005,65.48,2.93,46.3,0.16,0.24,0.76,5.8100000000000005,8.45,0.6000000000000001,1,0.05,0,0.0,0.16,0.0,0,0.0,0.04,0,0.0,4,0.22,50.0,0.0,0.0,0.0,0.0,0.0,0.0,0.0,0.0,0.0,0.05,0.0,0.81,66.67,0.22,1.3,0.0,34.27,0.38,0.87,53.55,85.8,27.48,79.64,1.96,91.67,44.43,91.93,9.12,55.95,24.52,41.03,0.0,0.11,0.0,0.0,0.05,100.0,0.0,10.37,73.82,0.38,42.86,0.6000000000000001,36.36,0.05,0.0,14.99,78.26,94.6,21.13,0,,0,,0,0.0,0.0,0.0,,,1.19,,2.93,0.05,0.05,100.0,0.0,0,0
M. Plotnikov,Maksim Plotnikov,319663,Zhenys,Zhenys,https://cdn5.wyscout.com/photos/team/public/g-13910_120x120.png,Premier League,GK,GK,100,,0,,0,28,1998-01-29,275000,2026-12-31,17,1653,0,0.0,0,0.0,0.71,84.62,Belarus,['Belarus'],left,187,82,False,1.03,0.05,0.0,0.54,100.0,0.05,0.08,0.0,0.98,1.38,0.0,1,0.05,0,0.0,0.0,0.0,0,0.0,0.0,0,0.0,0,0.0,0.0,0.0,0.0,0.0,0.0,0.0,0.0,0.0,0.0,0.0,0.0,0.0,0.0,0.0,0.0,0.0,0.0,10.67,0.33,0.27,16.23,85.23,9.85,76.8,0.0,0.0,8.71,98.75,7.51,69.57,34.74,48.89,0.0,0.0,0.0,0.0,0.0,0.0,0.0,2.18,65.0,0.11,50.0,0.05,0.0,0.05,0.0,5.5,79.21,98.17,5.93,19,1.03,72,3.92,7,73.61,20.94,1.1400000000000001,1.94,0.106,0.0,1.74,0.54,,,,0.0,0,0
S. Keiler,Sergey Keiler,154774,Ulytau,Ulytau,https://cdn5.wyscout.com/photos/team/public/g-17974_120x120.png,Premier League,LB,LB,98,,0,,0,31,1994-11-08,0,2026-12-31,17,1625,1,0.41000000000000003,1,3.1,11.69,53.08,Kazakhstan,['Kazakhstan'],left,180,77,False,5.82,4.82,48.28,2.05,48.65,0.17,0.24,0.06,3.32,4.83,1.22,3,0.17,0,0.0,2.77,0.06,1,0.06,0.02,0,0.0,20,1.11,25.0,5.0,0.06,5.98,27.78,5.65,25.49,0.33,66.67,0.9400000000000001,1.27,65.22,3.71,62.69,0.22,1.77,0.22,33.01,1.0,1.38,45.19,66.54,18.39,60.24,5.65,96.08,28.63,81.24,10.74,47.94,24.53,41.9,0.17,1.5,0.06,0.0,0.11,0.0,0.44,10.3,54.84,7.2,30.0,2.16,41.03,0.66,1.77,12.41,73.21,64.06,15.56,0,,0,,0,0.0,0.0,0.0,,,0.9400000000000001,,2.05,1.38,0.44,25.0,2.66,0,0
V. Vasiljev,Vladislav Vasiljev,316874,Okzhetpes,Okzhetpes,https://cdn5.wyscout.com/photos/team/public/g1363_120x120.png,Premier League,"LWB, LW",LWB,69,LW,11,,0,29,1997-04-10,250000,2026-12-31,17,1616,1,2.64,4,3.62,8.3,42.95,Kazakhstan,['Kazakhstan'],left,176,72,False,4.62,3.34,51.67,0.61,63.64,0.56,0.85,0.06,2.34,3.55,0.56,1,0.06,0,0.0,3.06,0.06,1,0.06,0.15,0,0.0,25,1.3900000000000001,36.0,4.0,0.22,4.34,46.15,3.9,44.29,0.45,62.5,0.89,1.45,38.46,3.17,29.82,1.73,1.67,0.11,22.78,2.62,0.45,32.41,78.87,9.91,73.03,8.52,94.77,25.95,86.48,2.23,55.0,19.07,29.15,0.2,1.56,0.06,0.11,0.0,0.0,0.78,3.4,70.49,4.4,50.63,0.11,50.0,0.56,1.8900000000000001,7.13,79.69,71.75,9.86,0,,0,,0,0.0,0.0,0.0,,,0.11,,0.61,0.45,0.0,0.0,0.84,0,0
Luís Mata,Luís Carlos Machado Mata,290255,Kairat,Kairat,https://cdn5.wyscout.com/photos/team/public/g1358_120x120.png,Premier League,LB,LB,93,,0,,0,29,1997-07-06,400000,2026-12-31,17,1611,1,0.8200000000000001,1,1.8,12.01,48.84,Portugal,['Portugal'],left,181,70,False,5.25,4.69,58.33,2.4,41.86,0.06,0.1,0.28,2.46,4.22,0.84,2,0.11,1,0.06,2.96,0.06,1,0.06,0.05,0,0.0,7,0.39,14.29,14.286,0.06,3.91,60.0,3.91,60.0,0.0,0.0,0.34,0.84,66.67,2.63,42.55,1.06,1.6800000000000002,0.06,35.7,1.79,0.9500000000000001,46.26,87.56,14.58,80.08,8.16,95.89,38.83,93.53,3.58,53.13,17.45,34.0,0.1,1.23,0.06,0.06,0.0,0.0,0.73,5.75,74.76,3.9699999999999998,61.97,0.28,40.0,0.45,2.18,8.1,86.21,87.29,16.7,0,,0,,0,0.0,0.0,0.0,,,0.34,,2.4,0.06,0.0,0.0,0.11,0,0
Jorginho,Jorge Gabriel Costa Monteiro,489207,Kairat,Kairat,https://cdn5.wyscout.com/photos/team/public/g1358_120x120.png,Premier League,AMF,AMF,79,,0,,0,28,1997-11-09,0,2026-12-31,17,1610,8,8.14,3,2.34,15.15,49.45,Portugal,['Portugal'],right,169,65,False,3.3,2.74,67.35,2.35,21.43,0.06,0.09,0.11,1.4,2.36,0.73,6,0.34,0,0.0,1.9,0.45,7,0.39,0.46,1,0.06,52,2.91,26.92,15.385,0.17,0.28,20.0,0.22,25.0,0.06,0.0,0.0,1.57,67.86,7.83,53.57,3.52,0.84,0.11,18.67,0.78,3.02,23.42,79.24,7.71,70.29,4.42,93.67,21.35,82.46,1.79,50.0,16.14,33.55,0.13,0.78,0.11,0.0,0.06,0.0,0.45,3.91,71.43,1.34,70.83,0.28,20.0,1.06,0.06,3.9699999999999998,85.92,82.64,6.76,0,,0,,0,0.0,0.0,0.0,,,0.06,,2.35,0.0,0.0,0.0,0.0,1,100
Léo Assunpção,Leonardo de Assunpção,-316024,Okzhetpes,Okzhetpes,https://cdn5.wyscout.com/photos/team/public/g1363_120x120.png,Premier League,"CB, LCB",CB,78,LCB,21,,0,24,2002-04-25,0,2026-12-31,17,1610,2,1.08,0,0.0,14.2,55.51,Brazil,['Brazil'],right,197,86,False,8.5,4.92,63.64,6.2,55.86,0.22,0.34,0.89,5.14,7.89,1.34,3,0.17,0,0.0,0.22,0.11,2,0.11,0.06,2,0.11,8,0.45,25.0,25.0,0.0,0.06,0.0,0.0,0.0,0.06,0.0,0.06,0.11,100.0,0.9500000000000001,47.06,1.06,0.06,0.0,23.37,0.17,0.73,35.16,85.21,13.19,71.61,1.23,90.91,30.86,90.76,4.25,46.05,22.79,36.68,0.0,0.0,0.0,0.0,0.0,0.0,0.0,2.74,53.06,0.06,0.0,0.0,0.0,0.06,0.06,6.32,61.06,95.28,18.95,0,,0,,0,0.0,0.0,0.0,,,0.9500000000000001,,6.2,0.0,0.0,0.0,0.0,0,0
A. Tanzharikov,Adilkhan Tanzharikov,423749,Aktobe,Aktobe,https://cdn5.wyscout.com/photos/team/public/1360_120x120.png,Premier League,"RB, RWB",RB,47,RWB,39,,0,29,1996-11-25,300000,2026-12-31,17,1606,0,0.68,1,0.34,11.77,51.43,Kazakhstan,['Kazakhstan'],both,175,70,False,7.06,5.32,58.95,1.9100000000000001,32.35,0.39,0.63,0.22,3.5300000000000002,5.64,1.12,3,0.17,0,0.0,1.01,0.0,0,0.0,0.04,0,0.0,7,0.39,0.0,0.0,0.06,1.85,27.27,0.11,0.0,1.74,29.03,0.11,1.06,47.37,3.19,49.12,0.9,1.18,0.17,17.37,1.18,1.01,25.05,81.88,8.85,75.95,5.21,97.85,21.46,88.25,1.96,57.14,17.88,34.19,0.02,0.39,0.0,0.0,0.11,0.0,0.17,1.96,65.71,1.63,44.83,0.34,33.33,0.28,0.5,3.64,72.31,83.02,5.94,0,,0,,0,0.0,0.0,0.0,,,1.01,,1.9100000000000001,0.0,0.0,0.0,0.0,0,0
G. Kilama,Guy-Marcelin Kilama Kilama,-91137,Ordabasy,Ordabasy,https://cdn5.wyscout.com/photos/team/public/1363_120x120.png,Premier League,"RCB3, RCB",RCB3,75,RCB,22,,0,27,1999-05-30,0,2026-12-31,17,1596,1,1.83,1,0.54,11.79,67.94,Cameroon,['Cameroon'],right,182,80,False,7.5600000000000005,4.57,72.84,3.67,70.77,0.11,0.18,0.51,4.12,6.52,0.39,3,0.17,0,0.0,0.51,0.06,1,0.06,0.1,0,0.0,6,0.34,16.67,16.667,0.06,0.51,44.44,0.0,0.0,0.51,44.44,0.06,0.28,60.0,2.14,52.63,0.85,0.96,0.0,30.85,0.73,0.9,41.73,88.11,18.38,82.52,3.21,91.23,36.88,92.05,4.45,59.49,19.36,38.79,0.03,0.34,0.0,0.06,0.11,50.0,0.28,8.35,79.05,2.03,44.44,0.73,38.46,0.96,0.23,9.02,77.5,94.83,15.28,0,,0,,0,0.0,0.0,0.0,,,1.18,,3.67,0.0,0.0,0.0,0.0,0,0
A. Mrynskiy,Aleksandr Mrynskiy,-273418,Kairat,Kairat,https://cdn5.wyscout.com/photos/team/public/g1358_120x120.png,Premier League,"RB, RAMF",RB,60,RAMF,34,,0,21,2004-07-15,0,2028-11-30,18,1586,0,1.08,1,1.13,13.9,55.92,Kazakhstan,['Kazakhstan'],right,177,66,False,5.67,5.22,65.22,2.1,64.86,0.11,0.19,0.06,2.16,3.56,0.5700000000000001,1,0.06,0,0.0,3.06,0.0,0,0.0,0.06,0,0.0,10,0.5700000000000001,30.0,0.0,0.06,2.95,46.15,0.0,0.0,2.95,46.15,0.11,1.99,77.14,5.11,50.0,1.53,2.7800000000000002,0.51,26.95,1.3599999999999999,0.91,37.06,77.79,12.09,66.2,7.55,92.48,31.04,83.91,3.23,47.37,17.53,37.71,0.06,0.74,0.11,0.0,0.11,0.0,0.4,4.88,65.12,2.7199999999999998,54.17,0.34,16.67,0.68,1.19,8.11,72.73,81.36,10.04,0,,0,,0,0.0,0.0,0.0,,,0.5700000000000001,,2.1,0.0,0.0,0.0,0.0,0,0
Y. Vorogovskiy,Yan Vorogovskiy,273274,Astana,Astana,https://cdn5.wyscout.com/photos/team/public/2405_120x120.png,Premier League,"LB, LWB",LB,65,LWB,18,,0,29,1996-08-07,0,2026-12-31,17,1578,2,2.05,2,1.73,16.77,54.08,Kazakhstan,['Kazakhstan'],left,184,75,False,9.07,6.44,61.95,2.2800000000000002,60.0,0.06,0.09,0.17,5.02,7.86,1.31,2,0.11,0,0.0,3.37,0.11,2,0.11,0.12,1,0.06,21,1.2,28.57,9.524000000000001,0.11,3.99,38.57,3.94,39.13,0.06,0.0,0.34,2.2800000000000002,65.0,6.44,46.02,1.65,2.68,0.17,37.93,3.25,0.68,52.19,81.42,17.91,76.11,8.78,94.16,43.63,88.89,4.62,48.15,19.42,39.36,0.1,0.86,0.06,0.0,0.06,0.0,0.5700000000000001,7.24,73.23,3.99,42.86,0.29,20.0,0.68,1.83,11.41,75.0,81.15,17.85,0,,0,,0,0.0,0.0,0.0,,,0.5700000000000001,,2.2800000000000002,0.0,0.0,0.0,0.0,0,0
B. Shayzada,Bekkhan Shayzada,464998,Ordabasy,Ordabasy,https://cdn5.wyscout.com/photos/team/public/1363_120x120.png,Premier League,GK,GK,100,,0,,0,28,1998-02-28,0,2026-12-31,16,1570,0,0.0,0,0.31,0.6900000000000001,75.0,Kazakhstan,['Kazakhstan'],right,187,82,False,1.38,0.17,66.67,0.34,100.0,0.06,0.09,0.0,1.2,1.88,0.06,0,0.0,0,0.0,0.0,0.0,0,0.0,0.0,0,0.0,0,0.0,0.0,0.0,0.0,0.0,0.0,0.0,0.0,0.0,0.0,0.0,0.0,0.0,0.11,50.0,0.0,0.0,0.0,10.43,0.17,0.17,18.86,87.54,10.43,80.77,0.0,0.0,12.9,98.22,5.96,64.42,29.37,40.25,0.02,0.06,0.0,0.0,0.0,0.0,0.0,1.15,40.0,0.11,100.0,0.0,0.0,0.11,0.0,4.36,64.47,96.95,7.51,11,0.63,43,2.46,8,74.42,15.56,0.89,4.5600000000000005,0.261,0.0,1.2,0.34,,,,0.0,0,0
J. Oksanen,Jaakko Oksanen,446999,Kairat,Kairat,https://cdn5.wyscout.com/photos/team/public/g1358_120x120.png,Premier League,LDMF,LDMF,81,,0,,0,25,2000-11-07,0,2027-12-31,17,1567,2,0.53,0,5.24,14.3,56.22,Finland,['Finland'],left,180,76,False,7.01,6.26,63.3,2.93,47.06,0.34,0.5700000000000001,0.11,2.7,4.46,1.49,5,0.29,1,0.06,0.98,0.11,2,0.11,0.03,1,0.06,8,0.46,25.0,25.0,0.0,0.8,57.14,0.29,60.0,0.52,55.56,0.06,0.5700000000000001,70.0,3.56,59.68,0.46,0.86,0.0,32.68,0.34,1.9,43.54,90.9,9.82,76.02,7.52,97.71,39.97,93.68,2.76,60.42,18.82,31.89,0.30000000000000004,2.24,0.23,0.0,0.0,0.0,0.23,6.15,83.18,1.15,55.0,0.34,33.33,0.46,0.4,4.42,81.82,95.47,20.27,0,,0,,0,0.0,0.0,0.0,,,0.92,,2.93,2.3,0.11,0.0,4.42,0,0
B. Lototskyi,Boris Lototskyi,-197494,Okzhetpes,Okzhetpes,https://cdn5.wyscout.com/photos/team/public/g1363_120x120.png,Premier League,"LCB3, LB",LCB3,80,LB,19,,0,23,2003-04-11,0,2026-12-31,16,1566,2,1.67,1,0.21,16.21,57.09,Ukraine,['Ukraine'],left,0,0,False,10.75,6.9,63.33,4.83,63.1,0.46,0.6900000000000001,0.52,5.92,8.85,1.26,6,0.34,0,0.0,0.8,0.11,2,0.11,0.1,2,0.11,16,0.92,37.5,12.5,0.06,0.6900000000000001,41.67,0.63,36.36,0.0,0.0,0.0,0.5700000000000001,30.0,2.76,31.25,0.98,0.46,0.06,28.91,0.8,0.5700000000000001,43.33,79.97,19.83,69.28,4.77,96.39,35.92,87.52,6.78,44.07,21.68,39.88,0.01,0.34,0.0,0.0,0.0,0.0,0.06,7.18,53.6,1.6099999999999999,39.29,0.5700000000000001,30.0,0.5700000000000001,0.23,9.77,65.29,88.93,15.06,0,,0,,0,0.0,0.0,0.0,,,1.55,,4.83,0.11,0.0,0.0,0.0,0,0
R. Yudenkov,Ruslan Yudenkov,128763,Irtysh,Irtysh,https://cdn5.wyscout.com/photos/team/public/1361_120x120.png,Premier League,"CB, RCB",CB,80,RCB,12,,0,39,1987-04-28,50000,2026-12-31,16,1563,0,0.76,1,0.71,17.5,57.57,Belarus,['Belarus'],right,187,75,False,10.25,5.07,65.91,8.93,52.9,0.35000000000000003,0.38,0.75,6.5600000000000005,7.31,1.6099999999999999,2,0.12,0,0.0,0.17,0.0,0,0.0,0.04,0,0.0,7,0.4,0.0,0.0,0.06,0.4,28.57,0.12,0.0,0.23,25.0,0.23,0.06,100.0,1.55,59.26,1.21,0.86,0.0,19.23,0.17,1.21,35.3,78.3,17.1,70.03,1.73,83.33,27.87,84.5,7.02,56.56,22.83,39.33,0.04,0.17,0.0,0.0,0.0,0.0,0.06,5.64,60.2,1.15,20.0,0.46,50.0,0.23,0.12,8.52,61.49,88.07,13.99,0,,0,,0,0.0,0.0,0.0,,,0.86,,8.93,0.0,0.0,0.0,0.0,0,0
A. Martynovich,Aleksandr Martynovich,80423,Kairat,Kairat,https://cdn5.wyscout.com/photos/team/public/g1358_120x120.png,Premier League,RCB,RCB,94,,0,,0,38,1987-08-26,250000,2026-12-31,16,1560,2,1.6600000000000001,0,0.05,13.79,60.67,Belarus,"['Belarus', 'Russia']",right,192,85,False,7.1,4.44,64.94,5.25,61.54,0.12,0.19,0.58,4.1,6.72,1.15,4,0.23,0,0.0,0.17,0.12,2,0.12,0.1,1,0.06,10,0.58,30.0,20.0,0.0,0.06,0.0,0.0,0.0,0.06,0.0,0.0,0.0,0.0,0.75,38.46,0.81,0.6900000000000001,0.06,40.56,0.23,0.92,58.85,91.86,24.98,84.76,2.42,97.62,53.31,94.7,5.48,65.26,21.44,36.7,0.0,0.17,0.06,0.0,0.0,0.0,0.0,11.08,82.29,0.81,35.71,0.4,0.0,0.29,0.0,10.79,88.77,97.87,27.12,0,,0,,0,0.0,0.0,0.0,,,1.73,,5.25,0.0,0.0,0.0,0.0,0,0
S. Satanov,Sanzhar Satanov,-147140,Atyrau,Atyrau,https://cdn5.wyscout.com/photos/team/public/4450_120x120.png,Premier League,"LCB3, LCB",LCB3,87,LCB,12,,0,24,2001-09-21,100000,2026-12-31,16,1558,0,0.9500000000000001,0,0.03,10.17,52.84,Kazakhstan,['Kazakhstan'],right,185,0,False,6.18,4.04,55.71,2.43,52.38,0.52,0.5700000000000001,0.58,3.41,3.73,0.75,2,0.12,0,0.0,0.58,0.0,0,0.0,0.05,0,0.0,7,0.4,14.29,0.0,0.0,0.4,28.57,0.29,20.0,0.12,50.0,0.12,0.58,70.0,2.37,51.22,0.29,1.16,0.17,16.81,0.12,0.81,28.54,76.72,12.3,64.32,2.02,85.71,21.78,85.15,6.35,50.91,22.83,39.42,0.0,0.17,0.0,0.06,0.0,0.0,0.06,4.27,50.0,1.1,26.32,0.4,14.29,0.23,0.12,6.12,51.89,87.94,11.5,0,,0,,0,0.0,0.0,0.0,,,0.52,,2.43,0.0,0.0,0.0,0.0,0,0
K. Kalmuratov,Kuanysh Kalmuratov,383225,Atyrau,Atyrau,https://cdn5.wyscout.com/photos/team/public/4450_120x120.png,Premier League,"LWB, LB5, LB",LWB,59,LB5,24,LB,12,29,1996-08-27,300000,2026-12-31,16,1558,1,0.92,1,1.17,14.9,55.81,Kazakhstan,['Kazakhstan'],left,178,61,False,8.72,6.35,62.73,1.04,33.33,0.17,0.19,0.12,4.5600000000000005,4.99,0.81,4,0.23,0,0.0,1.73,0.06,0,0.0,0.05,0,0.0,4,0.23,50.0,25.0,0.06,1.79,51.61,1.5,46.15,0.29,80.0,0.06,0.92,75.0,5.55,54.17,0.46,1.27,0.12,18.83,1.56,2.7199999999999998,29.87,71.95,15.02,63.46,3.52,95.08,20.45,81.36,7.86,50.74,22.32,36.5,0.07,0.64,0.06,0.0,0.0,0.0,0.17,6.7,55.17,2.54,52.27,0.64,54.55,0.81,0.81,9.18,64.15,76.87,7.74,0,,0,,0,0.0,0.0,0.0,,,0.12,,1.04,1.79,0.0,0.0,2.25,1,100
D. Borodin,Dmitriy Borodin,424032,Okzhetpes,Okzhetpes,https://cdn5.wyscout.com/photos/team/public/g1363_120x120.png,Premier League,"RCMF, DMF, LCMF",RCMF,44,DMF,35,LCMF,16,26,1999-07-19,350000,2026-12-31,16,1558,2,2.03,1,1.48,10.69,52.43,Belarus,['Belarus'],right,194,78,False,6.35,3.29,64.91,2.37,58.54,0.12,0.17,0.58,4.1,6.07,0.75,2,0.12,0,0.0,0.81,0.12,0,0.0,0.12,0,0.0,16,0.92,18.75,12.5,0.06,0.6900000000000001,41.67,0.46,37.5,0.23,50.0,0.29,0.52,66.67,2.83,40.82,0.23,0.98,0.0,25.01,0.23,0.87,38.13,79.7,14.04,64.61,3.7,96.88,31.02,87.52,6.53,46.9,22.62,40.19,0.09,0.98,0.0,0.0,0.06,0.0,0.12,8.72,63.58,1.73,43.33,0.52,44.44,0.4,0.29,8.03,73.38,88.53,16.12,0,,0,,0,0.0,0.0,0.0,,,0.17,,2.37,1.21,0.06,0.0,1.6800000000000002,2,100
I. Kuat,Islambek Kuat,160940,Zhenys,Zhenys,https://cdn5.wyscout.com/photos/team/public/g-13910_120x120.png,Premier League,"RCMF, LCMF",RCMF,58,LCMF,31,,0,33,1993-01-12,450000,2026-12-31,16,1556,1,1.08,0,0.44,9.89,48.54,Kazakhstan,['Kazakhstan'],right,179,69,False,4.4,4.34,50.67,2.14,45.95,0.23,0.33,0.06,1.97,2.83,1.16,6,0.35000000000000003,0,0.0,0.64,0.06,1,0.06,0.06,0,0.0,23,1.33,26.09,4.348,0.0,0.4,57.14,0.29,40.0,0.12,100.0,0.06,0.23,25.0,2.14,45.95,0.98,0.12,0.0,18.16,0.58,0.81,28.57,80.97,10.18,65.91,4.63,92.5,22.21,86.98,6.02,60.58,22.33,41.13,0.03,0.46,0.0,0.0,0.17,0.0,0.17,6.71,70.69,2.02,45.71,1.1,31.58,0.58,0.17,6.07,80.95,88.4,10.47,0,,0,,0,0.0,0.0,0.0,,,0.4,,2.14,0.4,0.06,0.0,0.4,0,0
U. Milovanović,Uroš Milovanović,484499,Tobol,Tobol,https://cdn5.wyscout.com/photos/team/public/1195_120x120.png,Premier League,CF,CF,100,,0,,0,25,2000-10-18,600000,2026-12-31,17,1555,5,7.88,1,1.03,20.49,37.57,Germany,"['Germany', 'Serbia']",both,190,77,False,2.26,1.79,48.39,7.41,49.22,0.06,0.09,0.06,1.33,2.15,1.6800000000000002,3,0.17,0,0.0,2.14,0.29,5,0.29,0.46,2,0.12,59,3.41,28.81,8.475,0.06,0.46,25.0,0.17,33.33,0.29,20.0,0.06,2.49,41.86,7.8100000000000005,32.59,4.92,0.64,0.0,9.95,2.49,0.81,13.25,70.74,3.36,55.17,3.41,94.92,12.39,72.9,0.46,50.0,15.08,21.11,0.06,0.58,0.06,0.0,0.06,0.0,0.41000000000000003,1.27,54.55,1.1,47.37,0.12,0.0,0.75,0.12,1.1,68.42,80.0,3.47,0,,0,,0,0.0,0.0,0.0,,,0.0,,7.41,0.06,0.06,0.0,0.0,0,0
A. Amanović,Aleksa Amanović,359261,Ordabasy,Ordabasy,https://cdn5.wyscout.com/photos/team/public/1363_120x120.png,Premier League,"LCB3, LCB, CB",LCB3,54,LCB,22,CB,12,29,1996-10-24,0,2026-12-31,17,1552,0,0.58,0,0.45,10.44,64.44,Serbia,"['Serbia', 'North Macedonia']",left,187,79,False,5.97,4.18,69.44,3.13,61.11,0.35000000000000003,0.56,0.17,2.73,4.37,0.87,2,0.12,0,0.0,0.87,0.0,0,0.0,0.03,0,0.0,9,0.52,55.56,0.0,0.0,0.52,33.33,0.46,37.5,0.06,0.0,0.06,0.7000000000000001,50.0,1.62,60.71,0.58,1.6800000000000002,0.06,34.27,0.29,0.99,47.73,91.01,19.89,84.84,3.31,98.25,42.97,94.6,4.29,60.81,20.31,37.32,0.03,0.41000000000000003,0.0,0.0,0.12,50.0,0.17,8.29,82.52,1.28,50.0,0.35000000000000003,50.0,0.58,0.17,9.1,87.9,96.43,19.48,0,,0,,0,0.0,0.0,0.0,,,1.45,,3.13,0.0,0.0,0.0,0.0,0,0
D. Zhomart,Dinmukhammed Zhomart,509210,Caspiy,Caspiy,https://cdn5.wyscout.com/photos/team/public/g3933_120x120.png,Premier League,GK,GK,100,,0,,0,25,2000-12-06,100000,2026-12-31,16,1548,0,0.0,1,0.42,0.93,68.75,Kazakhstan,['Kazakhstan'],right,188,0,False,1.22,0.17,66.67,0.47000000000000003,75.0,0.06,0.08,0.0,1.05,1.37,0.06,3,0.17,0,0.0,0.0,0.0,0,0.0,0.0,0,0.0,0,0.0,0.0,0.0,0.06,0.0,0.0,0.0,0.0,0.0,0.0,0.0,0.0,0.0,0.17,66.67,0.12,0.06,0.0,13.14,0.29,0.29,20.29,76.22,12.5,63.72,0.06,100.0,10.76,96.22,9.53,53.66,36.32,52.84,0.02,0.12,0.0,0.0,0.0,0.0,0.12,3.7800000000000002,35.38,0.47000000000000003,25.0,0.12,0.0,0.23,0.0,6.57,75.22,95.97,7.21,20,1.16,73,4.24,4,72.6,19.93,1.16,-0.07,-0.004,0.0,2.44,0.47000000000000003,,,,0.0,0,0
A. Tagybergen,Askhat Tagybergen,182023,Tobol,Tobol,https://cdn5.wyscout.com/photos/team/public/1195_120x120.png,Premier League,"RCMF, RDMF, LCMF",RCMF,43,RDMF,25,LCMF,12,35,1990-08-09,800000,2026-12-31,17,1545,2,2.41,3,2.54,9.15,56.69,Kazakhstan,['Kazakhstan'],right,178,68,False,5.24,4.66,66.25,0.87,40.0,0.12,0.19,0.23,2.04,3.32,1.05,3,0.17,0,0.0,1.46,0.12,0,0.0,0.14,0,0.0,36,2.1,19.44,5.556,0.17,1.46,48.0,0.58,30.0,0.8200000000000001,64.29,0.29,0.58,60.0,2.45,54.76,0.52,0.64,0.06,36.41,0.29,0.58,47.13,83.68,17.07,73.72,6.23,90.65,40.83,88.02,4.95,57.65,19.1,40.73,0.15,1.57,0.0,0.0,0.17,0.0,0.35000000000000003,10.66,71.04,2.91,54.0,0.8200000000000001,28.57,0.87,0.76,9.2,87.34,88.97,16.89,0,,0,,0,0.0,0.0,0.0,,,0.41000000000000003,,0.87,1.92,0.52,22.22,4.08,2,100
D. Celeadnic,Dumitru Celeadnic,265026,Kyzyl-Zhar,Kyzyl-Zhar,https://cdn5.wyscout.com/photos/team/public/g1367_120x120.png,Premier League,GK,GK,100,,0,,0,34,1992-04-23,200000,2026-12-31,17,1541,0,0.0,0,0.0,0.93,87.5,Moldova,"['Moldova', 'Russia']",left,195,87,False,1.75,0.06,0.0,0.64,90.91,0.0,0.0,0.06,1.75,2.46,0.0,1,0.06,0,0.0,0.0,0.0,0,0.0,0.0,0,0.0,0,0.0,0.0,0.0,0.0,0.0,0.0,0.0,0.0,0.0,0.0,0.0,0.0,0.0,0.18,100.0,0.0,0.0,0.0,6.48,0.06,0.41000000000000003,13.14,81.78,8.29,71.83,0.0,0.0,7.77,97.74,5.31,59.34,35.14,47.7,0.0,0.0,0.0,0.0,0.0,0.0,0.0,1.9300000000000002,45.45,0.06,100.0,0.06,0.0,0.0,0.0,4.15,77.46,100.0,4.44,22,1.28,72,4.21,4,69.44,21.01,1.23,-0.99,-0.058,0.0,2.1,0.64,,,,0.0,0,0
I. Šaravanja,Ivan Šaravanja,438222,Zhenys,Zhenys,https://cdn5.wyscout.com/photos/team/public/g-13910_120x120.png,Premier League,"LCB3, CB, LCB",LCB3,48,CB,38,LCB,10,29,1996-08-24,250000,2026-12-31,16,1541,0,0.8200000000000001,0,0.17,9.34,68.13,Bosnia and Herzegovina,"['Bosnia and Herzegovina', 'Croatia']",left,188,72,False,6.37,3.74,73.44,3.8,61.54,0.12,0.16,0.76,3.5,4.95,0.29,1,0.06,0,0.0,0.58,0.0,0,0.0,0.05,0,0.0,6,0.35000000000000003,50.0,0.0,0.0,0.35000000000000003,66.67,0.35000000000000003,66.67,0.0,0.0,0.0,0.23,75.0,0.8200000000000001,71.43,0.35000000000000003,1.05,0.0,28.97,0.76,0.53,42.87,85.97,17.58,75.08,2.86,97.96,35.74,90.03,6.77,65.52,22.6,36.79,0.01,0.18,0.0,0.0,0.0,0.0,0.0,7.13,68.03,1.17,65.0,0.41000000000000003,57.14,0.35000000000000003,0.29,9.29,73.58,95.65,18.81,0,,0,,0,0.0,0.0,0.0,,,1.87,,3.8,0.0,0.0,0.0,0.0,0,0
T. Erlanov,Temirlan Erlanov,292885,Aktobe,Aktobe,https://cdn5.wyscout.com/photos/team/public/1360_120x120.png,Premier League,"RCB, RCB3",RCB,56,RCB3,43,,0,32,1993-07-09,700000,2026-12-31,16,1540,0,1.38,0,0.0,14.9,59.61,Kazakhstan,['Kazakhstan'],right,190,74,False,8.65,5.32,59.34,6.43,66.36,0.64,1.07,0.58,4.85,8.11,1.23,4,0.23,0,0.0,0.29,0.0,0,0.0,0.08,0,0.0,11,0.64,18.18,0.0,0.0,0.23,0.0,0.06,0.0,0.18,0.0,0.0,0.41000000000000003,42.86,1.4,50.0,1.23,0.88,0.06,29.81,0.47000000000000003,0.88,43.25,86.62,17.36,74.07,4.27,98.63,36.41,93.26,6.6,53.1,21.81,39.13,0.0,0.0,0.0,0.0,0.0,0.0,0.0,5.73,66.33,0.8200000000000001,21.43,0.53,33.33,0.23,0.06,7.54,71.32,96.0,16.07,0,,0,,0,0.0,0.0,0.0,,,2.81,,6.43,0.0,0.0,0.0,0.0,0,0
N. Jambor,Nikola Jambor,357193,Altay,Altay,https://cdn5.wyscout.com/photos/team/public/g36010_120x120.png,Premier League,"DMF, RCMF",DMF,46,RCMF,43,,0,30,1995-09-25,275000,2026-12-31,17,1540,1,1.8399999999999999,0,1.96,7.13,59.02,Croatia,['Croatia'],left,190,83,False,5.14,2.75,51.06,1.58,62.96,0.35000000000000003,0.42,0.35000000000000003,3.39,4.06,0.58,3,0.18,0,0.0,1.05,0.06,1,0.06,0.11,0,0.0,16,0.9400000000000001,31.25,6.25,0.0,0.99,41.18,0.29,60.0,0.7000000000000001,33.33,0.12,0.29,100.0,1.4,75.0,0.35000000000000003,0.23,0.0,31.03,0.23,0.58,45.76,82.63,19.17,68.9,6.02,95.15,37.4,90.31,7.36,49.21,21.66,40.83,0.11,1.11,0.12,0.0,0.12,50.0,0.18,10.29,61.36,2.92,42.0,0.99,52.94,0.76,0.35000000000000003,9.29,82.39,91.01,16.25,0,,0,,0,0.0,0.0,0.0,,,0.58,,1.58,1.11,0.06,0.0,2.05,0,0
S. Astanov,Sultanbek Astanov,421620,Ordabasy,Ordabasy,https://cdn5.wyscout.com/photos/team/public/1363_120x120.png,Premier League,"RWB, RB",RWB,67,RB,17,,0,27,1999-03-23,0,2026-12-31,16,1539,1,1.17,2,1.8399999999999999,14.15,47.52,Kazakhstan,['Kazakhstan'],right,179,0,False,6.2,6.2,55.66,2.2800000000000002,30.77,0.18,0.28,0.23,2.5700000000000003,4.05,1.9300000000000002,5,0.29,0,0.0,2.63,0.06,1,0.06,0.07,0,0.0,12,0.7000000000000001,33.33,8.333,0.12,3.45,45.76,0.06,0.0,3.39,46.55,0.41000000000000003,1.75,46.67,4.27,46.58,1.58,0.53,0.0,25.61,1.87,0.88,35.09,83.5,11.7,80.0,6.78,98.28,28.89,89.88,2.87,65.31,16.92,31.05,0.11,1.11,0.12,0.0,0.0,0.0,0.58,3.51,86.67,4.04,65.22,0.23,100.0,1.17,1.52,8.71,85.23,80.11,10.29,0,,0,,0,0.0,0.0,0.0,,,0.29,,2.2800000000000002,0.0,0.0,0.0,0.0,0,0
N. Ndombasi,Noha Ndombasi,508652,Caspiy,Caspiy,https://cdn5.wyscout.com/photos/team/public/g3933_120x120.png,Premier League,"LAMF, LW, RWF",LAMF,31,LW,18,RWF,14,25,2001-04-28,350000,2026-12-31,17,1527,4,4.6,0,0.8200000000000001,18.8,44.2,France,['France'],right,174,71,False,3.24,3.06,65.38,1.53,15.38,0.06,0.07,0.12,1.18,1.5,0.71,1,0.06,0,0.0,4.3,0.24,4,0.24,0.27,0,0.0,27,1.5899999999999999,48.15,14.815,0.0,2.5300000000000002,13.95,1.53,19.23,1.0,5.88,0.47000000000000003,5.42,58.7,12.44,44.08,2.83,2.5300000000000002,0.65,12.2,1.53,2.0,16.33,74.01,3.42,75.86,4.72,95.0,13.38,86.78,0.53,22.22,16.36,13.18,0.05,0.59,0.0,0.0,0.06,0.0,0.12,0.88,86.67,2.24,31.58,0.12,0.0,0.53,0.47000000000000003,2.0,76.47,56.16,4.3,0,,0,,0,0.0,0.0,0.0,,,0.0,,1.53,0.18,0.0,0.0,0.29,0,0
D. Kenzhegulov,Doszhan Kenzhegulov,-123129,Altay,Altay,https://cdn5.wyscout.com/photos/team/public/g36010_120x120.png,Premier League,CB,CB,93,,0,,0,26,2000-01-13,0,2026-12-31,16,1523,1,2.12,0,0.0,13.77,63.09,Kazakhstan,['Kazakhstan'],,185,69,False,9.75,5.38,75.82,4.79,55.56,0.47000000000000003,0.5700000000000001,0.8300000000000001,5.2,6.27,0.9500000000000001,3,0.18,1,0.06,0.30000000000000004,0.06,1,0.06,0.13,0,0.0,8,0.47000000000000003,50.0,12.5,0.0,0.0,0.0,0.0,0.0,0.0,0.0,0.0,0.18,33.33,1.18,70.0,0.65,0.41000000000000003,0.0,19.8,0.30000000000000004,1.0,33.15,83.6,13.53,71.18,3.07,98.08,27.48,89.89,5.67,53.13,23.25,40.71,0.0,0.0,0.0,0.0,0.0,0.0,0.0,3.19,48.15,0.47000000000000003,0.0,0.24,0.0,0.06,0.0,5.55,62.77,92.05,14.12,0,,0,,0,0.0,0.0,0.0,,,2.48,,4.79,0.0,0.0,0.0,0.0,0,0
V. Klimovich,Vladislav Klimovich Tadeushevich,347465,Caspiy,Caspiy,https://cdn5.wyscout.com/photos/team/public/g3933_120x120.png,Premier League,"LCMF, AMF, LDMF",LCMF,31,AMF,17,LDMF,16,30,1996-06-12,400000,2026-12-31,17,1521,1,2.24,0,1.38,15.5,45.04,Belarus,['Belarus'],right,187,80,False,6.09,4.26,55.56,3.96,41.79,0.06,0.08,0.47000000000000003,3.67,5.25,0.53,2,0.12,0,0.0,1.01,0.06,1,0.06,0.13,1,0.06,14,0.8300000000000001,42.86,7.143,0.0,1.07,11.11,0.41000000000000003,14.29,0.59,10.0,0.12,1.24,42.86,4.85,35.37,2.31,0.77,0.06,21.54,0.65,1.6,32.07,74.17,12.37,60.77,4.2,94.37,27.75,80.17,3.31,42.86,17.31,35.86,0.08,0.65,0.12,0.0,0.06,0.0,0.47000000000000003,5.5600000000000005,64.89,1.6,55.56,0.47000000000000003,37.5,1.12,0.12,5.5,66.67,81.94,9.17,0,,0,,0,0.0,0.0,0.0,,,0.12,,3.96,0.0,0.0,0.0,0.0,0,0
Adílio Santos,Adílio Correa dos Santos,395675,Zhenys,Zhenys,https://cdn5.wyscout.com/photos/team/public/g-13910_120x120.png,Premier League,"RWF, CF, LWF",RWF,64,CF,13,LWF,13,33,1993-07-05,150000,2026-12-31,17,1516,2,2.04,1,1.52,20.54,45.09,Brazil,['Brazil'],right,178,73,False,4.1,3.74,55.56,3.8,34.38,0.06,0.08,0.06,1.96,2.77,1.42,1,0.06,0,0.0,2.14,0.12,2,0.12,0.12,0,0.0,29,1.72,34.48,6.897,0.06,1.54,30.77,0.42,42.86,1.13,26.32,0.18,1.78,60.0,10.45,43.75,3.03,0.9500000000000001,0.71,9.62,1.25,3.8,14.13,76.05,2.9699999999999998,54.0,4.57,93.51,11.75,82.32,0.8300000000000001,71.43,15.59,22.81,0.09,0.65,0.0,0.06,0.0,0.0,0.36,0.8300000000000001,71.43,2.02,47.06,0.18,0.0,0.77,0.47000000000000003,1.19,90.0,70.31,3.8,0,,0,,0,0.0,0.0,0.0,,,0.0,,3.8,0.0,0.0,0.0,0.0,0,0
N. Idrisov,Niyaz Idrisov,-81055,Kaisar,Kaisar,https://cdn5.wyscout.com/photos/team/public/g1352_120x120.png,Premier League,"CB, LCB3, RCB3",CB,59,LCB3,19,RCB3,18,26,1999-07-21,100000,2026-12-31,16,1508,0,0.51,0,0.41000000000000003,11.4,53.93,Kazakhstan,['Kazakhstan'],,0,0,False,9.07,4.83,67.9,4.71,41.77,0.54,0.7000000000000001,0.78,5.25,6.8,0.84,4,0.24,0,0.0,0.30000000000000004,0.0,0,0.0,0.03,0,0.0,5,0.30000000000000004,40.0,0.0,0.0,0.30000000000000004,40.0,0.06,0.0,0.24,50.0,0.06,0.06,100.0,0.30000000000000004,80.0,0.42,0.24,0.06,21.6,0.42,0.54,33.6,84.9,14.26,74.06,2.27,94.74,27.87,91.22,5.43,54.95,22.23,36.75,0.02,0.18,0.0,0.0,0.0,0.0,0.12,3.64,62.3,0.54,33.33,0.06,0.0,0.18,0.12,5.67,67.37,93.85,14.56,0,,0,,0,0.0,0.0,0.0,,,0.72,,4.71,0.0,0.0,0.0,0.0,0,0
T. Mosiashvili,Tsotne Mosiashvili,265973,Zhetysu,Zhetysu,https://cdn5.wyscout.com/photos/team/public/g1364_120x120.png,Premier League,"RCMF, LCMF, LCMF3",RCMF,60,LCMF,17,LCMF3,12,31,1995-02-14,250000,2026-12-31,16,1506,0,0.48,1,0.38,17.69,51.35,Georgia,['Georgia'],,176,71,False,8.55,7.11,57.14,1.25,14.29,0.36,0.53,0.06,4.12,6.11,2.39,5,0.30000000000000004,0,0.0,0.96,0.0,0,0.0,0.03,0,0.0,15,0.9,13.33,0.0,0.06,1.02,35.29,0.12,0.0,0.84,42.86,0.12,1.1400000000000001,36.84,6.63,49.55,0.72,1.67,0.12,28.33,0.42,2.33,43.27,84.53,12.97,73.73,9.44,94.3,38.61,87.31,3.76,69.84,18.56,34.47,0.02,0.6000000000000001,0.0,0.0,0.12,50.0,0.06,5.98,70.0,1.79,53.33,0.48,50.0,0.54,0.24,5.98,75.0,88.98,15.18,0,,0,,0,0.0,0.0,0.0,,,0.9,,1.25,0.0,0.0,0.0,0.0,0,0
E. Tkachenko,Egor Tkachenko,-157364,Atyrau,Atyrau,https://cdn5.wyscout.com/photos/team/public/4450_120x120.png,Premier League,"RCB3, RB5, RWB",RCB3,49,RB5,19,RWB,15,23,2003-04-15,175000,2026-12-31,16,1504,1,0.2,1,1.53,8.86,60.81,Kazakhstan,['Kazakhstan'],right,182,74,False,6.04,5.03,66.67,1.2,60.0,0.12,0.13,0.24,2.5700000000000003,2.77,0.66,2,0.12,0,0.0,1.2,0.06,1,0.06,0.01,0,0.0,4,0.24,25.0,25.0,0.06,2.09,28.57,0.0,0.0,2.09,28.57,0.42,0.66,81.82,1.62,51.85,0.42,1.02,0.36,20.23,1.2,0.48,31.24,65.9,14.9,51.81,3.17,84.91,21.9,79.78,7.36,34.15,22.98,37.4,0.09,0.36,0.06,0.0,0.0,0.0,0.30000000000000004,5.27,46.59,2.03,29.41,0.42,0.0,0.24,0.6000000000000001,7.96,51.88,79.75,9.75,0,,0,,0,0.0,0.0,0.0,,,0.54,,1.2,0.0,0.0,0.0,0.0,0,0
D. Nechaev,Danila Nechaev,-76840,Irtysh,Irtysh,https://cdn5.wyscout.com/photos/team/public/1361_120x120.png,Premier League,RB,RB,93,,0,,0,26,1999-10-30,700000,2026-12-31,16,1504,1,0.35000000000000003,0,0.38,13.58,48.02,Belarus,['Belarus'],right,187,79,False,7.9,6.34,53.77,2.5700000000000003,51.16,0.42,0.61,0.30000000000000004,4.07,5.9,0.9,1,0.06,0,0.0,1.32,0.06,1,0.06,0.02,1,0.06,2,0.12,50.0,50.0,0.0,1.6800000000000002,32.14,0.0,0.0,1.6800000000000002,32.14,0.30000000000000004,1.08,61.11,2.75,39.13,0.96,1.74,0.36,25.73,1.26,0.48,35.72,80.57,13.76,70.43,6.1,95.1,30.52,87.65,3.71,41.94,17.7,34.05,0.02,0.24,0.0,0.0,0.06,100.0,0.18,3.83,59.38,1.9100000000000001,43.75,0.12,100.0,0.66,0.6000000000000001,6.52,62.39,85.99,9.39,0,,0,,0,0.0,0.0,0.0,,,1.2,,2.5700000000000003,0.0,0.0,0.0,0.0,0,0
N. Salaydin,Nurimzhan Salaydin,-31898,Kaisar,Kaisar,https://cdn5.wyscout.com/photos/team/public/g1352_120x120.png,Premier League,GK,GK,100,,0,,0,30,1995-10-27,50000,2026-12-31,15,1491,0,0.0,0,0.0,0.78,69.23,Kazakhstan,['Kazakhstan'],right,180,75,False,1.9300000000000002,0.18,33.33,0.48,75.0,0.12,0.16,0.0,1.75,2.38,0.06,2,0.12,0,0.0,0.0,0.0,0,0.0,0.0,0,0.0,0,0.0,0.0,0.0,0.0,0.0,0.0,0.0,0.0,0.0,0.0,0.0,0.0,0.0,0.12,100.0,0.0,0.0,0.0,9.42,0.06,0.24,17.14,78.87,9.66,66.88,0.0,0.0,10.74,96.63,6.34,48.57,32.8,50.62,0.0,0.0,0.0,0.0,0.0,0.0,0.0,1.87,35.48,0.12,0.0,0.12,0.0,0.0,0.0,4.41,63.01,96.52,6.94,16,0.97,74,4.47,4,78.38,19.16,1.16,3.16,0.191,0.0,2.23,0.48,,,,0.0,0,0
A. Shushenachev,Artur Shushenachev,465002,Aktobe,Aktobe,https://cdn5.wyscout.com/photos/team/public/1360_120x120.png,Premier League,CF,CF,93,,0,,0,28,1998-04-07,0,2026-12-31,16,1480,5,6.38,1,0.86,19.34,36.79,Kazakhstan,['Kazakhstan'],right,190,79,False,1.7000000000000002,1.76,17.24,6.63,44.95,0.0,0.0,0.12,1.4,2.27,2.13,4,0.24,0,0.0,2.86,0.30000000000000004,4,0.24,0.39,0,0.0,44,2.68,40.91,11.364,0.06,1.09,27.78,0.18,66.67,0.85,21.43,0.30000000000000004,2.43,60.0,8.76,36.11,4.14,1.34,0.12,6.8100000000000005,1.22,1.22,9.49,74.36,2.49,56.1,2.43,95.0,8.09,82.71,0.30000000000000004,20.0,16.36,9.69,0.05,0.55,0.0,0.0,0.0,0.0,0.12,1.03,58.82,0.97,75.0,0.06,0.0,0.79,0.30000000000000004,0.97,75.0,79.55,2.68,0,,0,,0,0.0,0.0,0.0,,,0.0,,6.63,0.0,0.0,0.0,0.06,1,100
S. Malikaydar,Sagi Malikaydar,-428608,Irtysh,Irtysh,https://cdn5.wyscout.com/photos/team/public/1361_120x120.png,Premier League,"RB, LB, RW",RB,73,LB,12,RW,11,21,2004-09-06,0,2026-12-31,16,1477,1,0.68,1,0.6000000000000001,18.28,52.33,Kazakhstan,['Kazakhstan'],right,180,0,False,9.81,7.62,58.4,3.17,46.15,0.12,0.18,0.24,5.24,7.66,1.28,4,0.24,1,0.06,2.01,0.06,1,0.06,0.04,1,0.06,12,0.73,25.0,8.333,0.06,2.07,26.47,0.37,0.0,1.71,32.14,0.18,2.01,63.64,6.34,48.08,0.91,1.8900000000000001,0.24,21.57,1.83,1.4,33.39,74.64,14.87,65.16,5.73,91.49,25.96,84.04,5.61,45.65,21.6,40.63,0.04,0.24,0.0,0.0,0.0,0.0,0.24,4.94,65.43,2.13,37.14,0.55,55.56,0.43,0.55,8.04,67.42,78.15,9.2,0,,0,,0,0.0,0.0,0.0,,,0.55,,3.17,0.0,0.0,0.0,0.0,0,0
André Amaral,André Filipe Santos Amaral,-428067,Caspiy,Caspiy,https://cdn5.wyscout.com/photos/team/public/g3933_120x120.png,Premier League,"RCB, RCB3",RCB,65,RCB3,32,,0,26,2000-01-12,0,2026-12-31,15,1476,1,1.37,0,0.23,10.67,55.43,Portugal,['Portugal'],right,190,82,False,8.72,3.54,70.69,3.66,50.0,0.12,0.16,1.22,6.1,8.06,0.79,2,0.12,0,0.0,0.67,0.06,1,0.06,0.08,1,0.06,9,0.55,22.22,11.111,0.0,0.18,66.67,0.06,100.0,0.12,50.0,0.12,0.61,70.0,1.8900000000000001,41.94,0.85,1.46,0.37,28.72,0.37,0.49,43.41,82.02,18.78,66.56,3.96,98.46,35.24,89.45,7.99,49.62,24.56,43.35,0.01,0.12,0.0,0.0,0.0,0.0,0.06,8.41,60.14,0.73,41.67,0.61,20.0,0.37,0.12,9.45,72.26,95.61,18.05,0,,0,,0,0.0,0.0,0.0,,,2.93,,3.66,0.0,0.0,0.0,0.0,0,0
D. Krajišnik,Damjan Krajišnik,-65737,Kyzyl-Zhar,Kyzyl-Zhar,https://cdn5.wyscout.com/photos/team/public/g1367_120x120.png,Premier League,"RCMF, DMF, RDMF",RCMF,40,DMF,17,RDMF,12,29,1997-04-24,500000,2026-12-31,16,1470,1,1.03,1,2.29,13.59,50.9,Bosnia and Herzegovina,"['Bosnia and Herzegovina', 'Serbia']",right,175,76,False,5.69,5.39,59.09,2.94,41.67,0.18,0.26,0.18,2.33,3.35,1.47,4,0.24,0,0.0,1.1,0.06,1,0.06,0.06,0,0.0,16,0.98,43.75,6.25,0.06,1.04,29.41,0.49,25.0,0.49,37.5,0.37,0.61,50.0,3.37,49.09,0.67,0.61,0.06,24.43,0.37,2.02,35.63,78.87,15.8,66.67,5.82,97.89,28.96,86.26,5.63,50.0,19.06,32.63,0.14,1.16,0.0,0.0,0.06,100.0,0.12,8.39,63.5,1.8399999999999999,33.33,0.73,33.33,0.43,0.49,8.14,77.44,86.96,9.86,0,,0,,0,0.0,0.0,0.0,,,0.37,,2.94,2.02,0.06,100.0,2.08,0,0
S. Odeoyibo,Samuel Odeoyibo,479673,Altay,Altay,https://cdn5.wyscout.com/photos/team/public/g36010_120x120.png,Premier League,RCB3,RCB3,92,,0,,0,32,1993-09-28,400000,2026-12-31,15,1461,1,0.38,0,0.17,12.2,51.01,Nigeria,"['Nigeria', 'France']",right,188,83,False,6.78,5.17,65.48,1.79,37.93,0.0,0.0,0.37,3.39,4.2,0.55,3,0.18,0,0.0,1.11,0.06,1,0.06,0.02,1,0.06,5,0.31,60.0,20.0,0.0,0.99,25.0,0.12,0.0,0.86,28.57,0.18,1.11,61.11,3.51,38.6,0.55,0.92,0.0,21.01,0.55,0.55,33.2,78.85,16.51,68.28,2.5300000000000002,87.8,27.35,87.16,4.93,42.5,19.38,32.43,0.01,0.12,0.0,0.0,0.0,0.0,0.06,4.0,64.62,0.99,31.25,0.12,50.0,0.06,0.31,7.76,65.87,90.06,9.92,0,,0,,0,0.0,0.0,0.0,,,1.48,,1.79,0.0,0.0,0.0,0.0,0,0
M. Tomasov,Marin Tomasov,37471,Astana,Astana,https://cdn5.wyscout.com/photos/team/public/2405_120x120.png,Premier League,"RAMF, RW, RWF",RAMF,51,RW,23,RWF,20,38,1987-08-31,350000,2026-12-31,16,1452,4,5.6,2,3.98,14.5,35.9,Croatia,['Croatia'],left,184,71,False,4.03,4.03,50.77,1.67,33.33,0.0,0.0,0.0,1.98,3.11,0.87,2,0.12,0,0.0,4.03,0.25,4,0.25,0.35000000000000003,0,0.0,44,2.73,54.55,9.091,0.12,2.17,40.0,0.25,50.0,1.92,38.71,0.56,2.85,54.35,7.5600000000000005,30.33,3.7199999999999998,1.98,0.19,23.43,3.66,0.81,27.64,71.52,7.5600000000000005,65.57,5.33,88.37,23.43,76.19,2.29,54.05,16.23,32.91,0.25,1.8599999999999999,0.06,0.06,0.25,50.0,0.81,2.17,60.0,4.28,52.17,0.43,14.29,2.42,0.81,5.52,77.53,67.65,8.43,0,,0,,0,0.0,0.0,0.0,,,0.19,,1.67,0.74,0.06,0.0,2.54,0,0
T. Dosmagambetov,Timur Dosmagambetov,131591,Aktobe,Aktobe,https://cdn5.wyscout.com/photos/team/public/1360_120x120.png,Premier League,"LB, LCB3",LB,52,LCB3,45,,0,37,1989-05-01,200000,2026-12-31,16,1444,1,0.51,1,0.58,9.54,59.48,Kazakhstan,['Kazakhstan'],left,172,63,False,7.17,4.49,62.5,2.12,55.88,0.56,0.9,0.0,3.8,6.1,0.62,2,0.12,0,0.0,1.12,0.06,1,0.06,0.03,0,0.0,13,0.81,30.77,7.692,0.06,1.0,56.25,0.93,60.0,0.0,0.0,0.0,0.6900000000000001,45.45,1.87,50.0,0.12,1.12,0.25,28.67,0.87,0.75,41.57,82.16,19.51,71.88,4.8,97.4,34.47,88.97,6.23,48.0,19.75,37.97,0.04,0.5,0.0,0.0,0.0,0.0,0.31,7.6,63.93,1.9300000000000002,48.39,0.81,15.38,0.5,0.37,8.41,75.56,90.4,11.03,0,,0,,0,0.0,0.0,0.0,,,0.75,,2.12,0.25,0.12,0.0,0.06,0,0
O. Jukkola,Oiva Jukkola,-194709,Kairat,Kairat,https://cdn5.wyscout.com/photos/team/public/g1358_120x120.png,Premier League,LAMF,LAMF,84,,0,,0,24,2002-05-21,0,2027-12-31,18,1441,4,2.71,3,2.5300000000000002,21.98,47.73,Finland,['Finland'],right,185,73,False,4.18,4.31,53.62,3.93,38.1,0.12,0.21,0.0,1.75,2.94,1.62,4,0.25,0,0.0,6.0,0.25,4,0.25,0.17,0,0.0,34,2.12,41.18,11.765,0.19,4.12,34.85,3.68,35.59,0.44,28.57,0.37,6.0,61.46,12.49,50.5,3.19,2.44,0.37,22.23,2.06,1.87,29.92,71.82,7.31,63.25,7.37,89.83,23.36,79.95,2.75,54.55,19.34,42.6,0.16,0.87,0.0,0.06,0.19,0.0,0.6900000000000001,3.06,57.14,4.25,45.59,0.37,16.67,1.12,1.25,4.87,80.77,70.3,10.31,0,,0,,0,0.0,0.0,0.0,,,0.06,,3.93,0.06,0.06,0.0,0.56,0,0
K. Bartolec,Karlo Bartolec,319334,Astana,Astana,https://cdn5.wyscout.com/photos/team/public/2405_120x120.png,Premier League,"RB, RWB",RB,74,RWB,13,,0,31,1995-04-20,350000,2026-12-31,16,1436,2,0.97,0,1.56,12.6,51.74,Croatia,['Croatia'],right,178,78,False,6.89,6.2,58.59,1.57,36.0,0.25,0.39,0.5,3.01,4.74,1.25,3,0.19,0,0.0,2.44,0.13,2,0.13,0.06,0,0.0,13,0.81,23.08,15.385,0.0,3.2,50.98,0.0,0.0,3.2,50.98,0.6900000000000001,1.19,52.63,3.32,41.51,1.5,1.57,0.19,32.84,3.07,0.88,40.55,87.33,11.03,77.84,9.4,99.33,34.41,93.08,3.07,59.18,19.08,33.85,0.1,0.88,0.06,0.0,0.0,0.0,0.63,4.32,81.16,3.32,56.6,0.13,50.0,0.63,1.5,7.46,80.67,87.45,14.48,0,,0,,0,0.0,0.0,0.0,,,0.88,,1.57,0.06,0.06,0.0,0.0,0,0
E. Beugre,Etienne  Beugre,-557438,Kyzyl-Zhar,Kyzyl-Zhar,https://cdn5.wyscout.com/photos/team/public/g1367_120x120.png,Premier League,CF,CF,95,,0,,0,25,2000-12-12,0,2026-12-31,15,1435,6,4.06,0,0.93,31.86,38.58,Côte d'Ivoire,"[""Côte d'Ivoire""]",right,195,84,False,3.51,2.7,55.81,7.97,34.65,0.06,0.09,0.0,1.94,2.66,1.44,5,0.31,1,0.06,3.01,0.38,5,0.31,0.25,0,0.0,27,1.69,37.04,22.222,0.0,0.88,21.43,0.5,12.5,0.38,33.33,0.13,3.45,63.64,16.24,37.07,2.95,0.9400000000000001,0.13,8.15,2.26,2.7,12.73,65.02,2.76,52.27,2.8200000000000003,80.0,11.48,67.76,0.44,85.71,15.63,15.07,0.06,0.56,0.06,0.0,0.06,0.0,0.25,1.57,60.0,0.88,64.29,0.06,100.0,0.8200000000000001,0.19,1.51,66.67,63.16,3.5700000000000003,0,,0,,0,0.0,0.0,0.0,,,0.0,,7.97,0.0,0.0,0.0,0.0,1,100
D. Aripov,Dierzhon Aripov,480282,Caspiy,Caspiy,https://cdn5.wyscout.com/photos/team/public/g3933_120x120.png,Premier League,"RB, RWB, RB5",RB,67,RWB,22,RB5,10,29,1997-03-10,0,2026-12-31,16,1434,0,0.1,0,0.59,16.38,50.57,Kazakhstan,['Kazakhstan'],right,174,0,False,8.28,6.34,57.43,3.26,50.0,0.63,0.8,0.13,4.02,5.15,1.19,6,0.38,0,0.0,1.63,0.0,0,0.0,0.01,0,0.0,5,0.31,0.0,0.0,0.0,1.69,33.33,0.0,0.0,1.69,33.33,0.19,1.63,65.38,4.33,47.83,0.25,0.9400000000000001,0.13,14.94,0.56,1.0,23.35,72.31,9.29,57.43,4.77,97.37,18.08,82.64,3.7,38.98,20.33,35.54,0.04,0.31,0.0,0.0,0.0,0.0,0.13,3.33,58.49,1.57,52.0,0.13,0.0,0.56,0.5,5.65,58.89,74.71,5.46,0,,0,,0,0.0,0.0,0.0,,,1.19,,3.26,0.0,0.0,0.0,0.0,0,0
R. Orazov,Ramazan Orazov,386643,Yelimay Semey,Yelimay Semey,https://cdn5.wyscout.com/photos/team/public/g-17973_120x120.png,Premier League,LCMF3,LCMF3,60,,0,,0,28,1998-01-30,0,2027-12-31,15,1427,3,1.6099999999999999,1,2.36,12.68,46.27,Kazakhstan,['Kazakhstan'],right,176,56,False,5.55,4.6,60.27,2.02,34.38,0.25,0.4,0.13,2.52,4.04,1.6400000000000001,5,0.32,0,0.0,1.7000000000000002,0.19,2,0.13,0.1,0,0.0,21,1.32,33.33,14.286,0.06,1.7000000000000002,51.85,0.76,50.0,0.9500000000000001,53.33,0.0,0.8200000000000001,46.15,4.23,43.28,0.9500000000000001,0.9500000000000001,0.06,18.61,0.6900000000000001,1.32,30.65,75.31,11.79,62.03,5.3,95.24,24.91,82.53,4.23,43.28,18.19,34.09,0.15,1.6400000000000001,0.13,0.0,0.06,0.0,0.44,5.8,63.04,3.34,60.38,0.6900000000000001,27.27,1.45,0.6900000000000001,6.24,76.77,84.68,7.0,0,,0,,0,0.0,0.0,0.0,,,0.19,,2.02,1.2,0.13,50.0,2.84,1,100
O. Noyok,Oleksandr Noyok,136332,Atyrau,Atyrau,https://cdn5.wyscout.com/photos/team/public/4450_120x120.png,Premier League,"RCMF, DMF, LCMF",RCMF,67,DMF,10,LCMF,10,34,1992-05-15,350000,2026-12-31,15,1426,0,0.26,0,0.19,11.8,63.64,Ukraine,['Ukraine'],right,177,74,False,6.69,6.25,60.61,2.71,62.79,0.13,0.14,0.38,2.7800000000000002,2.98,1.2,4,0.25,0,0.0,0.5,0.0,0,0.0,0.02,0,0.0,16,1.01,31.25,0.0,0.0,0.32,20.0,0.0,0.0,0.32,20.0,0.06,0.13,100.0,1.3900000000000001,72.73,0.8200000000000001,0.32,0.0,14.2,0.38,1.2,24.74,70.92,10.41,55.15,3.98,93.65,19.75,77.64,4.73,45.33,18.95,35.29,0.01,0.25,0.0,0.0,0.0,0.0,0.25,4.48,61.97,0.6900000000000001,63.64,0.25,75.0,0.44,0.06,5.49,57.47,81.44,6.12,0,,0,,0,0.0,0.0,0.0,,,0.25,,2.71,0.19,0.19,33.33,0.0,0,0
D. Anane,David Martin Anane,-200713,Ulytau,Ulytau,https://cdn5.wyscout.com/photos/team/public/g-17974_120x120.png,Premier League,"RWF, RAMF, RW",RWF,43,RAMF,31,RW,19,24,2001-07-24,200000,2026-12-31,15,1424,2,1.54,1,2.62,20.22,50.31,Ghana,['Ghana'],right,171,70,False,3.35,4.17,53.03,1.83,48.28,0.06,0.09,0.0,1.07,1.6099999999999999,1.33,5,0.32,1,0.06,5.18,0.13,2,0.13,0.1,0,0.0,19,1.2,47.37,10.526,0.06,3.22,27.45,0.38,0.0,2.7800000000000002,29.55,0.76,5.31,69.05,12.64,51.0,1.45,3.16,0.51,15.29,1.26,1.77,23.57,71.31,5.5600000000000005,63.64,4.99,92.41,18.14,78.4,2.34,72.97,19.82,36.69,0.17,0.9500000000000001,0.0,0.0,0.06,100.0,0.38,2.5300000000000002,77.5,3.41,38.89,0.25,25.0,0.8200000000000001,1.01,5.18,71.95,68.38,8.6,0,,0,,0,0.0,0.0,0.0,,,0.13,,1.83,0.7000000000000001,0.25,75.0,1.52,0,0
N. Mićević,Nemanja Mićević,-116297,Altay,Altay,https://cdn5.wyscout.com/photos/team/public/g36010_120x120.png,Premier League,LCB3,LCB3,92,,0,,0,27,1999-01-28,650000,2026-12-31,15,1413,0,0.41000000000000003,0,0.21,14.71,67.53,Serbia,['Serbia'],left,190,83,False,9.43,5.73,73.33,4.97,62.82,0.64,0.77,0.32,4.59,5.51,0.8300000000000001,4,0.25,0,0.0,0.7000000000000001,0.0,0,0.0,0.03,0,0.0,5,0.32,20.0,0.0,0.0,0.13,50.0,0.13,50.0,0.0,0.0,0.0,0.7000000000000001,81.82,2.48,58.97,0.38,0.51,0.06,18.28,0.32,0.89,31.53,87.47,14.84,81.12,2.68,90.48,27.45,92.11,3.95,56.45,19.7,36.34,0.01,0.06,0.0,0.0,0.0,0.0,0.06,3.5,74.55,0.32,60.0,0.19,0.0,0.19,0.06,6.88,67.59,95.43,11.15,0,,0,,0,0.0,0.0,0.0,,,1.27,,4.97,0.0,0.0,0.0,0.0,0,0
B. Kalaica,Branimir Kalaica,318348,Astana,Astana,https://cdn5.wyscout.com/photos/team/public/2405_120x120.png,Premier League,"LCB, LCB3",LCB,74,LCB3,14,,0,28,1998-06-01,700000,2026-12-31,15,1412,1,1.67,0,0.6000000000000001,11.6,65.93,Croatia,['Croatia'],right,192,87,False,6.95,4.91,68.83,4.14,63.08,0.06,0.1,0.51,3.51,5.41,0.7000000000000001,1,0.06,0,0.0,0.45,0.06,1,0.06,0.11,1,0.06,9,0.5700000000000001,44.44,11.111,0.0,0.06,0.0,0.0,0.0,0.06,0.0,0.0,0.25,75.0,1.02,68.75,0.89,1.53,0.13,58.19,0.76,0.8300000000000001,71.26,95.26,26.07,91.44,3.44,98.15,65.4,97.95,5.8,65.93,21.23,42.47,0.04,0.13,0.0,0.06,0.0,0.0,0.0,6.63,74.04,0.51,25.0,0.38,33.33,0.19,0.0,8.6,87.41,97.7,35.95,0,,0,,0,0.0,0.0,0.0,,,1.85,,4.14,0.0,0.0,0.0,0.0,0,0
I. Konovalov,Ivan Konovalov,323192,Yelimay Semey,Yelimay Semey,https://cdn5.wyscout.com/photos/team/public/g-17973_120x120.png,Premier League,GK,GK,100,,0,,0,31,1994-08-18,200000,2026-12-31,15,1411,0,0.0,0,0.0,1.02,81.25,Russia,['Russia'],right,191,85,False,1.4,0.06,0.0,0.5700000000000001,88.89,0.0,0.0,0.0,1.4,1.77,0.06,1,0.06,0,0.0,0.0,0.0,0,0.0,0.0,0,0.0,0,0.0,0.0,0.0,0.0,0.0,0.0,0.0,0.0,0.0,0.0,0.0,0.0,0.0,0.32,80.0,0.0,0.06,0.0,10.4,0.13,0.5700000000000001,16.46,81.01,11.8,74.59,0.0,0.0,7.78,99.18,8.55,64.93,37.27,50.34,0.0,0.0,0.0,0.0,0.0,0.0,0.0,2.87,55.56,0.32,0.0,0.26,25.0,0.0,0.0,6.38,80.0,98.41,4.02,16,1.02,58,3.7,4,72.41,15.74,1.0,-0.26,-0.017,0.0,1.21,0.5700000000000001,,,,0.0,0,0
M. Taykenov,Maksat Taykenov,-174584,Caspiy,Caspiy,https://cdn5.wyscout.com/photos/team/public/g3933_120x120.png,Premier League,"LB, LWB",LB,68,LWB,24,,0,28,1997-08-14,250000,2026-12-31,15,1401,0,0.1,2,0.89,11.56,57.78,Kazakhstan,['Kazakhstan'],,169,0,False,6.75,4.5,67.14,2.25,37.14,0.45,0.59,0.19,3.2800000000000002,4.27,0.71,3,0.19,0,0.0,1.28,0.0,0,0.0,0.01,0,0.0,1,0.06,100.0,0.0,0.13,1.4100000000000001,27.27,1.35,28.57,0.06,0.0,0.13,1.09,76.47,3.4,58.49,0.26,0.71,0.32,21.26,0.77,1.4100000000000001,31.28,77.0,12.01,61.5,6.04,90.43,26.53,84.02,3.34,42.31,17.95,37.06,0.06,0.58,0.0,0.0,0.13,0.0,0.26,3.85,61.67,2.06,43.75,0.39,16.67,0.45,0.45,6.04,59.57,82.81,8.22,0,,0,,0,0.0,0.0,0.0,,,0.51,,2.25,1.54,0.06,100.0,1.16,0,0
H. Harada,Hiroki Harada,-286592,Ulytau,Ulytau,https://cdn5.wyscout.com/photos/team/public/g-17974_120x120.png,Premier League,"LDMF, RCMF3, LCMF3",LDMF,36,RCMF3,22,LCMF3,20,28,1998-05-23,0,,17,1382,2,1.8900000000000001,0,0.66,10.88,44.31,Japan,['Japan'],unknown,172,0,False,4.04,4.23,52.31,2.02,22.58,0.13,0.2,0.13,1.69,2.58,0.91,1,0.07,0,0.0,1.24,0.13,2,0.13,0.12,0,0.0,18,1.17,27.78,11.111,0.0,0.91,35.71,0.59,33.33,0.33,40.0,0.07,1.11,52.94,3.39,46.15,1.11,0.39,0.0,15.43,0.98,0.91,22.4,77.03,6.25,62.5,4.82,93.24,20.06,80.84,1.5,47.83,16.49,18.11,0.04,0.65,0.07,0.0,0.07,0.0,0.13,3.13,60.42,1.37,42.86,0.46,14.29,0.26,0.33,3.32,56.86,79.25,6.9,0,,0,,0,0.0,0.0,0.0,,,0.2,,2.02,0.0,0.0,0.0,0.0,0,0
A. Smith,Ariagner Steven Smith Medina,398013,Ulytau,Ulytau,https://cdn5.wyscout.com/photos/team/public/g-17974_120x120.png,Premier League,CF,CF,100,,0,,0,27,1998-12-13,600000,2026-12-31,17,1380,2,4.68,1,0.37,17.74,32.35,Nicaragua,['Nicaragua'],right,186,79,False,3.26,2.15,51.52,6.65,39.22,0.0,0.0,0.13,2.15,3.32,1.57,2,0.13,0,0.0,1.04,0.13,1,0.07,0.31,0,0.0,27,1.76,33.33,7.407,0.07,0.72,9.09,0.26,25.0,0.46,0.0,0.07,1.17,27.78,5.67,21.84,3.2,0.33,0.13,9.13,2.22,1.24,13.11,71.14,2.8,46.51,3.0,93.48,11.74,77.22,0.65,30.0,17.38,15.14,0.02,0.59,0.0,0.0,0.07,100.0,0.07,1.7000000000000002,76.92,0.78,58.33,0.07,100.0,0.39,0.13,1.76,59.26,77.19,3.7199999999999998,0,,0,,0,0.0,0.0,0.0,,,0.0,,6.65,0.0,0.0,0.0,0.0,1,100
Bernardo Morgado,Bernardo Gil Coutinho Morgado,494660,Caspiy,Caspiy,https://cdn5.wyscout.com/photos/team/public/g3933_120x120.png,Premier League,"LCB, LCB3",LCB,61,LCB3,31,,0,28,1998-03-24,150000,2026-12-31,14,1379,0,0.6000000000000001,0,0.59,12.4,62.63,Portugal,['Portugal'],right,187,80,False,9.4,4.18,76.56,5.16,58.23,0.39,0.49,1.5,5.8100000000000005,7.28,0.72,4,0.26,0,0.0,0.13,0.0,0,0.0,0.04,0,0.0,5,0.33,20.0,0.0,0.0,0.0,0.0,0.0,0.0,0.0,0.0,0.0,0.0,0.0,0.98,46.67,0.52,0.07,0.0,26.24,0.26,0.39,36.74,88.1,14.55,75.34,2.15,93.94,32.5,92.97,4.24,50.77,22.1,38.71,0.04,0.13,0.0,0.0,0.07,100.0,0.2,2.68,56.1,0.13,50.0,0.26,50.0,0.13,0.0,5.16,59.49,97.38,17.43,0,,0,,0,0.0,0.0,0.0,,,1.7000000000000002,,5.16,0.0,0.0,0.0,0.0,0,0
A. Ashirbek,Arsen Ashirbek,-427678,Yelimay Semey,Yelimay Semey,https://cdn5.wyscout.com/photos/team/public/g-17973_120x120.png,Premier League,"RWB, RB5, RB",RWB,72,RB5,13,RB,12,22,2003-10-22,0,2026-12-31,15,1375,1,0.9400000000000001,0,1.69,19.64,50.67,Kazakhstan,['Kazakhstan'],unknown,0,0,False,9.82,7.13,60.55,3.01,50.0,0.85,1.32,0.13,4.65,7.2,1.44,6,0.39,0,0.0,2.29,0.07,1,0.07,0.06,0,0.0,11,0.72,45.45,9.091,0.0,1.9,27.59,0.0,0.0,1.83,25.0,0.33,3.14,45.83,7.13,43.12,1.31,1.44,0.39,15.38,0.79,1.37,24.87,70.26,10.8,66.06,3.73,89.47,20.03,76.8,3.01,52.17,18.33,39.21,0.11,0.98,0.07,0.0,0.07,0.0,0.65,3.93,70.0,2.03,35.48,0.39,50.0,0.39,0.65,6.55,66.0,71.76,5.5600000000000005,0,,0,,0,0.0,0.0,0.0,,,0.07,,3.01,0.0,0.0,0.0,0.0,0,0
D. Schmidt,Dmitriy Schmidt,201935,Altay,Altay,https://cdn5.wyscout.com/photos/team/public/g36010_120x120.png,Premier League,"RB5, RWB",RB5,75,RWB,14,,0,32,1993-11-17,150000,2026-12-31,15,1371,1,0.64,1,0.48,14.97,42.98,Kazakhstan,"['Kazakhstan', 'Germany']",right,175,73,False,8.4,6.7,58.82,2.89,27.27,0.33,0.38,0.26,4.14,4.83,1.77,6,0.39,1,0.07,0.79,0.07,1,0.07,0.04,1,0.07,6,0.39,16.67,16.667,0.07,1.6400000000000001,40.0,0.0,0.0,1.6400000000000001,40.0,0.33,0.53,12.5,2.36,33.33,0.66,0.33,0.0,16.61,1.71,0.66,25.21,73.7,8.27,60.32,4.79,95.89,20.28,82.52,3.35,37.25,18.01,32.09,0.03,0.39,0.0,0.07,0.0,0.0,0.13,2.3,54.29,1.58,41.67,0.13,0.0,0.07,0.59,5.45,65.06,71.17,7.29,0,,0,,0,0.0,0.0,0.0,,,0.33,,2.89,0.0,0.0,0.0,0.0,0,0
S. Zharynbetov,Samat Zharynbetov,403926,Irtysh,Irtysh,https://cdn5.wyscout.com/photos/team/public/1361_120x120.png,Premier League,"DMF, RDMF, RCMF",DMF,54,RDMF,18,RCMF,13,32,1994-01-04,225000,2026-12-31,16,1370,0,0.21,0,0.5700000000000001,14.72,49.11,Kazakhstan,['Kazakhstan'],right,174,67,False,8.21,7.36,56.25,1.6400000000000001,40.0,0.66,0.9400000000000001,0.33,3.42,4.91,1.18,5,0.33,0,0.0,0.79,0.0,0,0.0,0.01,0,0.0,7,0.46,42.86,0.0,0.0,0.59,44.44,0.0,0.0,0.59,44.44,0.07,0.85,30.77,3.94,41.67,0.2,1.58,0.13,29.5,0.13,1.18,42.44,84.98,14.58,73.42,6.11,98.92,38.89,88.68,3.02,43.48,16.83,26.83,0.04,0.79,0.0,0.0,0.13,50.0,0.13,5.78,77.27,1.58,54.17,0.33,20.0,0.79,0.33,7.29,71.17,91.67,14.19,0,,0,,0,0.0,0.0,0.0,,,0.59,,1.6400000000000001,0.53,0.07,0.0,0.33,0,0
O. Omirtaev,Oralkhan Omirtaev,386659,Okzhetpes,Okzhetpes,https://cdn5.wyscout.com/photos/team/public/g1363_120x120.png,Premier League,CF,CF,99,,0,,0,27,1998-07-16,175000,2026-12-31,17,1370,4,6.86,0,0.71,24.57,34.22,Kazakhstan,"['Kazakhstan', 'Uzbekistan']",right,187,80,False,2.5,3.42,51.92,7.42,37.17,0.07,0.1,0.0,0.66,1.0,1.9100000000000001,2,0.13,0,0.0,2.76,0.26,4,0.26,0.45,1,0.07,51,3.35,37.25,7.843,0.0,0.59,0.0,0.26,0.0,0.26,0.0,0.07,2.69,53.66,9.59,28.77,4.34,0.53,0.13,13.66,2.63,0.66,20.04,66.56,5.39,47.56,4.27,86.15,16.09,71.43,3.35,54.9,19.31,34.57,0.05,0.59,0.07,0.0,0.13,50.0,0.33,3.48,45.28,1.51,26.09,0.39,16.67,0.85,0.0,2.56,66.67,71.56,7.16,0,,0,,0,0.0,0.0,0.0,,,0.0,,7.42,0.13,0.13,0.0,0.0,0,0
I. Dadaev,Ibragim Dadaev,-241634,Altay,Altay,https://cdn5.wyscout.com/photos/team/public/g36010_120x120.png,Premier League,"RCMF3, RW, RWF",RCMF3,40,RW,36,RWF,12,24,2002-06-11,0,2026-12-31,16,1368,1,2.7,0,0.88,19.08,41.38,Kazakhstan,['Kazakhstan'],,0,0,False,6.84,6.12,54.84,2.76,26.19,0.39,0.48,0.13,3.09,3.75,1.6400000000000001,3,0.2,1,0.07,2.11,0.07,0,0.0,0.18,0,0.0,32,2.11,28.13,3.125,0.0,0.99,20.0,0.07,0.0,0.92,21.43,0.2,2.83,44.19,8.42,38.28,1.78,1.18,0.46,16.18,1.32,1.71,23.95,70.88,8.68,61.36,4.47,94.12,20.46,77.17,2.63,37.5,16.28,36.43,0.06,0.86,0.07,0.0,0.33,20.0,0.33,4.67,59.15,2.37,41.67,0.59,44.44,0.99,0.2,4.47,70.59,67.68,6.51,0,,0,,0,0.0,0.0,0.0,,,0.26,,2.76,1.32,0.33,20.0,1.05,1,100
K. Kishi,Kotaro Kishi,-407834,Ulytau,Ulytau,https://cdn5.wyscout.com/photos/team/public/g-17974_120x120.png,Premier League,"LWF, LAMF, LW",LWF,38,LAMF,37,LW,20,26,2000-06-27,0,2026-12-31,17,1358,0,1.74,1,0.76,18.95,40.21,Japan,['Japan'],unknown,0,0,False,4.04,4.51,52.94,1.52,30.43,0.0,0.0,0.13,1.6600000000000001,2.5,1.19,3,0.2,0,0.0,3.51,0.0,0,0.0,0.12,0,0.0,28,1.8599999999999999,25.0,0.0,0.07,1.26,31.58,1.26,31.58,0.0,0.0,0.0,4.18,61.9,11.47,38.73,2.52,2.58,0.27,12.53,1.52,0.99,16.97,79.69,4.44,73.13,4.9,94.59,14.78,86.55,1.06,37.5,16.62,22.23,0.05,0.4,0.07,0.0,0.07,100.0,0.2,1.99,73.33,1.13,52.94,0.2,100.0,0.73,0.33,2.58,84.62,77.59,3.84,0,,0,,0,0.0,0.0,0.0,,,0.07,,1.52,0.0,0.0,0.0,0.0,0,0
Gian Martins,Gian dos Santos Martins,371253,Zhenys,Zhenys,https://cdn5.wyscout.com/photos/team/public/g-13910_120x120.png,Premier League,"LCMF, RCMF",LCMF,69,RCMF,22,,0,33,1993-04-02,200000,2026-12-31,16,1358,1,1.6600000000000001,1,1.29,16.04,50.83,Brazil,['Brazil'],left,183,74,False,6.36,5.43,62.2,1.5899999999999999,45.83,0.0,0.0,0.13,2.98,4.27,1.13,2,0.13,0,0.0,0.99,0.07,0,0.0,0.11,0,0.0,16,1.06,31.25,6.25,0.07,0.46,28.57,0.46,28.57,0.0,0.0,0.07,0.66,80.0,7.09,45.79,0.8,0.4,0.0,21.27,0.4,1.52,30.75,88.58,8.02,79.34,6.83,94.17,26.97,90.91,3.31,78.0,19.47,34.94,0.09,1.13,0.07,0.0,0.0,0.0,0.07,5.04,80.26,0.86,61.54,0.13,100.0,0.33,0.13,4.37,83.33,91.71,12.0,0,,0,,0,0.0,0.0,0.0,,,0.33,,1.5899999999999999,1.13,0.13,0.0,1.3900000000000001,1,100
G. Bugulov,Georgiy Bugulov,158561,Ulytau,Ulytau,https://cdn5.wyscout.com/photos/team/public/g-17974_120x120.png,Premier League,RCB,RCB,97,,0,,0,33,1993-03-17,100000,2026-12-31,15,1357,3,2.0,0,0.31,17.97,60.15,Russia,['Russia'],right,190,78,False,10.61,6.57,67.68,6.37,56.25,0.27,0.39,0.93,5.9,8.59,1.92,6,0.4,0,0.0,0.46,0.2,3,0.2,0.13,1,0.07,10,0.66,40.0,30.0,0.0,0.07,100.0,0.0,0.0,0.07,100.0,0.0,0.53,25.0,1.99,46.67,0.93,0.99,0.07,26.53,0.46,1.06,45.76,86.52,17.31,73.18,2.06,93.55,40.66,91.19,5.04,48.68,21.59,36.39,0.02,0.2,0.0,0.0,0.0,0.0,0.07,4.64,57.14,0.6000000000000001,44.44,0.53,37.5,0.27,0.07,8.03,59.5,96.63,23.61,0,,0,,0,0.0,0.0,0.0,,,1.13,,6.37,0.0,0.0,0.0,0.0,0,0
K. Dorofeev,Konstantin Dorofeev,-259139,Atyrau,Atyrau,https://cdn5.wyscout.com/photos/team/public/4450_120x120.png,Premier League,"RWF, CF, RW",RWF,46,CF,17,RW,12,20,2005-08-17,0,2027-06-30,16,1354,2,1.97,2,1.51,16.42,37.25,Russia,['Russia'],,0,0,False,5.58,3.86,67.24,4.72,30.99,0.2,0.21,0.13,2.79,2.9699999999999998,0.86,0,0.0,0,0.0,2.06,0.13,2,0.13,0.13,0,0.0,17,1.13,52.94,11.765,0.13,2.59,30.77,0.73,36.36,1.73,30.77,0.13,1.53,39.13,5.85,30.68,2.79,1.0,0.13,12.1,3.19,0.6000000000000001,16.29,57.14,4.12,40.32,3.46,82.69,11.37,66.08,2.46,45.95,20.32,36.47,0.1,0.6000000000000001,0.0,0.0,0.2,33.33,0.27,2.39,47.22,2.46,32.43,0.47000000000000003,14.29,0.6000000000000001,0.73,3.32,60.0,54.12,5.65,0,,0,,0,0.0,0.0,0.0,,,0.0,,4.72,0.0,0.0,0.0,0.0,0,0
A. Tyulyubay,Almas Tyulyubay,-279479,Yelimay Semey,Yelimay Semey,https://cdn5.wyscout.com/photos/team/public/g-17973_120x120.png,Premier League,"DMF, RCB3",DMF,53,RCB3,19,,0,25,2001-04-18,0,2026-12-31,15,1349,0,0.06,1,1.03,14.74,58.82,Kazakhstan,['Kazakhstan'],unknown,181,0,False,10.74,8.74,67.94,2.47,45.95,0.6000000000000001,0.97,0.13,4.2,6.8,1.8,8,0.53,0,0.0,0.47000000000000003,0.0,0,0.0,0.0,0,0.0,6,0.4,16.67,0.0,0.07,0.4,50.0,0.07,0.0,0.27,75.0,0.07,0.33,60.0,1.6,45.83,0.2,0.33,0.0,14.34,0.07,0.73,26.29,79.95,10.14,64.47,2.47,89.19,22.08,86.4,3.8,45.61,19.9,26.83,0.07,0.4,0.0,0.07,0.0,0.0,0.2,4.54,64.71,0.8,58.33,0.27,50.0,0.27,0.2,5.0,58.67,92.72,10.07,0,,0,,0,0.0,0.0,0.0,,,0.33,,2.47,0.0,0.0,0.0,0.0,0,0
A. Bougnone,Arthur  Bougnone,-574008,Ulytau,Ulytau,https://cdn5.wyscout.com/photos/team/public/g-17974_120x120.png,Premier League,"DMF, RDMF",DMF,55,RDMF,38,,0,25,2000-11-20,0,2026-12-31,16,1347,0,0.24,1,0.33,16.77,51.0,Cameroon,['Cameroon'],left,180,0,False,11.22,7.35,60.91,4.34,38.46,0.07,0.1,0.27,6.68,9.58,1.6,2,0.13,0,0.0,0.6000000000000001,0.0,0,0.0,0.02,0,0.0,6,0.4,16.67,0.0,0.07,0.2,33.33,0.2,33.33,0.0,0.0,0.0,0.8,58.33,3.41,45.1,0.33,0.4,0.0,20.04,0.07,0.9400000000000001,36.41,82.02,10.82,59.88,4.88,93.15,32.14,86.9,4.08,45.9,18.65,31.6,0.02,0.53,0.0,0.13,0.07,0.0,0.07,4.8100000000000005,63.89,0.67,40.0,0.2,0.0,0.27,0.07,4.8100000000000005,62.5,94.81,15.43,0,,0,,0,0.0,0.0,0.0,,,0.4,,4.34,0.0,0.0,0.0,0.0,0,0
N. Zhagorov,Nauryzbek Zhagorov,386647,Tobol,Tobol,https://cdn5.wyscout.com/photos/team/public/1195_120x120.png,Premier League,"RB, RWB",RB,53,RWB,12,,0,28,1998-03-01,75000,2026-12-31,17,1346,0,0.48,1,1.4,19.93,52.35,Kazakhstan,['Kazakhstan'],right,172,65,False,8.96,7.96,61.34,1.67,48.0,0.13,0.23,0.2,3.95,6.65,0.9400000000000001,2,0.13,0,0.0,3.01,0.0,0,0.0,0.03,0,0.0,11,0.74,9.09,0.0,0.07,2.21,39.39,0.47000000000000003,28.57,1.74,42.31,0.4,3.54,58.49,8.16,48.36,0.87,1.81,0.33,25.61,1.34,1.1400000000000001,41.59,78.78,14.64,65.3,8.76,94.66,36.04,85.16,3.68,38.18,16.85,29.93,0.09,0.87,0.0,0.0,0.0,0.0,0.67,4.55,70.59,2.34,48.57,0.13,0.0,0.53,0.74,8.29,63.71,85.91,9.96,0,,0,,0,0.0,0.0,0.0,,,0.87,,1.67,0.0,0.0,0.0,0.0,0,0
S. Muzhikov,Serikzhan Muzhikov,124353,Zhetysu,Zhetysu,https://cdn5.wyscout.com/photos/team/public/g1364_120x120.png,Premier League,"LCMF, AMF, DMF",LCMF,52,AMF,13,DMF,11,37,1989-06-17,150000,2026-12-31,15,1341,2,1.98,0,1.28,11.74,45.14,Kazakhstan,['Kazakhstan'],right,169,65,False,4.03,3.62,51.85,1.6099999999999999,50.0,0.34,0.51,0.13,1.81,2.73,1.48,2,0.13,0,0.0,1.6800000000000002,0.13,1,0.07,0.13,0,0.0,23,1.54,21.74,8.696,0.0,1.48,36.36,0.67,70.0,0.74,9.09,0.2,1.4100000000000001,57.14,4.97,44.59,1.28,0.87,0.0,26.17,1.34,1.01,35.97,80.6,10.2,65.79,8.26,97.56,29.73,87.36,4.83,51.39,18.42,39.7,0.09,0.74,0.0,0.0,0.0,0.0,0.13,5.57,59.04,2.2800000000000002,50.0,0.27,25.0,0.6000000000000001,0.6000000000000001,4.63,73.91,81.93,11.14,0,,0,,0,0.0,0.0,0.0,,,0.47000000000000003,,1.6099999999999999,0.81,0.07,0.0,1.88,1,100
S. Askarov,Sultan Askarov,-157380,Kaisar,Kaisar,https://cdn5.wyscout.com/photos/team/public/g1352_120x120.png,Premier League,RCB3,RCB3,96,,0,,0,22,2004-01-21,0,2026-12-31,14,1339,0,0.38,1,0.13,9.34,53.96,Kazakhstan,['Kazakhstan'],right,186,78,True,7.12,4.3,64.06,3.16,48.94,0.07,0.09,0.6000000000000001,4.3,5.71,0.34,1,0.07,0,0.0,0.34,0.0,0,0.0,0.03,0,0.0,6,0.4,16.67,0.0,0.07,0.2,100.0,0.0,0.0,0.2,100.0,0.0,0.2,33.33,0.67,30.0,0.27,0.74,0.0,21.51,0.74,0.4,35.96,79.44,17.21,66.02,2.29,88.24,30.25,85.11,5.51,47.56,21.55,40.16,0.01,0.07,0.0,0.0,0.0,0.0,0.07,4.84,70.83,0.54,87.5,0.13,100.0,0.27,0.2,9.14,56.62,93.12,12.7,0,,0,,0,0.0,0.0,0.0,,,1.4100000000000001,,3.16,0.0,0.0,0.0,0.0,0,0
M. Bystrov,Marat Bystrov,350835,Zhenys,Zhenys,https://cdn5.wyscout.com/photos/team/public/g-13910_120x120.png,Premier League,"RCB3, RWB",RCB3,51,RWB,37,,0,34,1992-06-19,500000,2026-12-31,14,1322,0,0.45,0,0.59,16.54,51.85,Kazakhstan,"['Kazakhstan', 'Russia']",right,181,70,False,8.37,7.9,56.03,3.13,50.0,0.48,0.6900000000000001,0.14,3.47,5.02,1.43,4,0.27,0,0.0,1.63,0.0,0,0.0,0.03,0,0.0,2,0.14,0.0,0.0,0.0,1.29,47.37,0.0,0.0,1.29,47.37,0.2,1.3599999999999999,70.0,3.88,47.37,0.61,2.04,0.14,23.76,1.57,0.68,38.26,81.14,16.13,71.31,4.77,95.71,30.91,86.12,6.2,61.54,20.18,37.48,0.04,0.34,0.07,0.0,0.14,50.0,0.14,6.2,67.03,1.97,58.62,0.48,42.86,0.48,0.61,8.71,72.66,88.2,12.12,0,,0,,0,0.0,0.0,0.0,,,0.61,,3.13,0.0,0.0,0.0,0.0,0,0
A. Nabikhanov,Amandyk Nabikhanov,443390,Caspiy,Caspiy,https://cdn5.wyscout.com/photos/team/public/g3933_120x120.png,Premier League,"CB, RDMF, LCB",CB,30,RDMF,21,LCB,15,28,1997-11-09,225000,2026-12-31,15,1314,0,0.92,0,0.97,9.93,51.72,Kazakhstan,['Kazakhstan'],right,183,0,False,8.49,3.9699999999999998,62.07,3.08,42.22,0.41000000000000003,0.51,1.23,5.62,6.91,0.89,5,0.34,0,0.0,0.34,0.0,0,0.0,0.06,0,0.0,6,0.41000000000000003,16.67,0.0,0.0,0.55,37.5,0.21,33.33,0.34,40.0,0.0,0.14,50.0,0.75,45.45,0.8200000000000001,0.14,0.0,24.18,0.34,0.48,35.48,84.17,14.66,74.3,3.15,91.3,29.86,89.91,5.07,55.41,19.58,34.34,0.07,0.27,0.07,0.0,0.0,0.0,0.07,4.45,60.0,0.89,46.15,0.27,25.0,0.27,0.21,7.19,68.57,93.61,15.0,0,,0,,0,0.0,0.0,0.0,,,1.03,,3.08,0.0,0.0,0.0,0.0,0,0
D. Kashken,Dinmukhammed  Kashken,465880,Zhetysu,Zhetysu,https://cdn5.wyscout.com/photos/team/public/g1364_120x120.png,Premier League,RCB3,RCB3,93,,0,,0,26,2000-01-04,0,2026-12-31,15,1313,1,1.09,0,0.21,11.17,43.56,Kazakhstan,['Kazakhstan'],right,187,82,False,7.13,6.03,45.45,1.99,48.28,0.62,0.88,0.14,3.77,5.37,2.26,5,0.34,1,0.07,0.14,0.07,1,0.07,0.07,0,0.0,5,0.34,20.0,20.0,0.0,0.14,0.0,0.0,0.0,0.14,0.0,0.07,0.14,50.0,1.03,33.33,0.48,0.41000000000000003,0.07,19.88,0.75,0.27,30.71,74.55,17.62,66.15,2.26,100.0,22.48,84.45,8.09,48.31,23.84,40.23,0.01,0.14,0.07,0.0,0.0,0.0,0.07,5.62,59.76,0.8200000000000001,16.67,0.48,28.57,0.21,0.0,8.71,59.84,85.04,8.71,0,,0,,0,0.0,0.0,0.0,,,1.17,,1.99,0.0,0.0,0.0,0.0,0,0
E. Astanov,Elkhan Astanov,-122439,Ordabasy,Ordabasy,https://cdn5.wyscout.com/photos/team/public/1363_120x120.png,Premier League,"LCMF3, CF, AMF",LCMF3,32,CF,16,AMF,13,26,2000-05-21,0,2026-12-31,16,1299,4,5.69,3,2.05,18.01,41.54,Kazakhstan,['Kazakhstan'],right,186,76,False,3.46,2.29,63.64,4.02,31.03,0.07,0.11,0.28,1.94,3.22,0.97,3,0.21,0,0.0,4.78,0.28,2,0.14,0.39,0,0.0,43,2.98,41.86,9.302,0.21,2.56,32.43,1.25,22.22,1.25,38.89,0.28,4.02,65.52,9.84,41.55,4.5,1.6600000000000001,0.14,20.85,0.9,1.25,27.09,73.91,7.34,67.92,5.27,92.11,23.7,79.82,0.97,42.86,16.32,24.4,0.14,1.45,0.21,0.0,0.21,33.33,0.55,3.19,73.91,3.05,45.45,0.14,50.0,0.97,0.76,3.95,78.95,73.02,8.73,0,,0,,0,0.0,0.0,0.0,,,0.07,,4.02,1.11,0.28,50.0,1.94,2,100
A. Sokolenko,Aleksandr Sokolenko,443428,Kyzyl-Zhar,Kyzyl-Zhar,https://cdn5.wyscout.com/photos/team/public/g1367_120x120.png,Premier League,"RB, RB5, RWB",RB,26,RB5,24,RWB,23,29,1996-11-23,150000,2026-12-31,16,1298,0,0.09,1,0.67,12.06,54.02,Kazakhstan,['Kazakhstan'],both,181,69,False,8.6,7.35,58.49,1.6600000000000001,45.83,0.35000000000000003,0.48,0.21,3.95,5.52,1.73,5,0.35000000000000003,0,0.0,1.04,0.0,0,0.0,0.01,0,0.0,2,0.14,50.0,0.0,0.07,2.15,32.26,0.21,33.33,1.94,32.14,0.21,0.49,57.14,2.08,56.67,0.42,0.6900000000000001,0.0,16.16,0.6900000000000001,1.18,26.63,69.27,12.76,64.13,3.05,88.64,19.83,77.97,4.92,47.89,21.58,35.34,0.05,0.55,0.0,0.0,0.0,0.0,0.21,4.99,55.56,2.15,41.94,0.49,28.57,0.42,0.76,8.53,63.41,73.15,7.49,0,,0,,0,0.0,0.0,0.0,,,0.62,,1.6600000000000001,0.0,0.0,0.0,0.0,0,0
R. Dzhumatov,Rinat Dzhumatov,-31826,Atyrau,Atyrau,https://cdn5.wyscout.com/photos/team/public/4450_120x120.png,Premier League,"RWB, LCMF, LCMF3",RWB,45,LCMF,19,LCMF3,10,28,1997-10-13,100000,2026-12-31,14,1291,0,0.01,0,0.51,12.9,46.49,Kazakhstan,['Kazakhstan'],right,167,54,False,7.25,5.16,59.46,2.09,50.0,0.14,0.15,0.28,4.04,4.33,0.84,4,0.28,1,0.07,0.56,0.0,0,0.0,0.0,0,0.0,1,0.07,0.0,0.0,0.0,0.91,53.85,0.07,100.0,0.84,50.0,0.21,0.49,14.29,4.53,32.31,0.35000000000000003,0.56,0.21,17.71,1.05,0.98,28.44,74.02,9.83,47.52,6.34,95.6,22.45,81.68,5.09,43.84,18.75,34.87,0.04,0.91,0.07,0.07,0.0,0.0,0.28,4.6,50.0,1.74,48.0,0.35000000000000003,20.0,0.63,0.49,6.13,62.5,83.49,7.6,0,,0,,0,0.0,0.0,0.0,,,0.14,,2.09,0.0,0.0,0.0,0.56,0,0
S. Sovet,Sagi Sovet,465876,Kaisar,Kaisar,https://cdn5.wyscout.com/photos/team/public/g1352_120x120.png,Premier League,LWB,LWB,90,,0,,0,26,2000-03-15,150000,2026-12-31,15,1285,0,0.29,1,0.5700000000000001,17.3,53.85,Kazakhstan,['Kazakhstan'],left,175,70,False,10.3,7.77,63.96,2.17,45.16,0.77,1.0,0.28,4.55,5.91,1.05,4,0.28,0,0.0,2.1,0.0,0,0.0,0.02,0,0.0,13,0.91,7.69,0.0,0.07,2.31,30.3,2.24,31.25,0.07,0.0,0.14,2.17,61.29,5.18,48.65,0.91,0.98,0.21,16.04,0.84,1.12,25.28,68.7,10.93,57.69,3.85,92.73,18.49,82.2,4.69,32.84,21.74,32.09,0.04,0.35000000000000003,0.0,0.07,0.0,0.0,0.28,3.64,40.38,2.31,33.33,0.28,0.0,0.56,0.77,5.8100000000000005,61.45,69.66,6.23,0,,0,,0,0.0,0.0,0.0,,,0.35000000000000003,,2.17,0.49,0.07,0.0,0.84,0,0
E. Placca,Euloge Mèmè Fessou Placca,281503,Yelimay Semey,Yelimay Semey,https://cdn5.wyscout.com/photos/team/public/g-17973_120x120.png,Premier League,"CF, RAMF",CF,80,RAMF,12,,0,31,1994-12-31,350000,2026-12-31,16,1285,6,5.8100000000000005,2,0.78,16.67,32.77,Togo,['Togo'],right,187,79,False,3.64,3.08,47.73,6.02,25.58,0.0,0.0,0.14,2.17,3.32,1.12,2,0.14,0,0.0,2.87,0.42,4,0.28,0.41000000000000003,0,0.0,39,2.73,41.03,15.385,0.14,1.6800000000000002,37.5,0.42,33.33,1.26,38.89,0.07,2.38,47.06,5.88,35.71,3.92,0.77,0.14,10.37,2.87,0.63,14.36,68.78,4.06,55.17,3.92,87.5,11.07,78.48,1.8900000000000001,37.04,20.03,29.51,0.05,0.63,0.0,0.0,0.07,0.0,0.28,1.82,53.85,1.82,50.0,0.35000000000000003,20.0,0.77,0.49,2.8,67.5,65.08,4.41,0,,0,,0,0.0,0.0,0.0,,,0.0,,6.02,0.14,0.14,0.0,0.0,2,100
V. Botnar,Vitaliy Botnar,511139,Irtysh,Irtysh,https://cdn5.wyscout.com/photos/team/public/1361_120x120.png,Premier League,GK,GK,100,,0,,0,25,2001-05-19,275000,2027-06-30,13,1284,0,0.0,1,0.0,0.49,71.43,Moldova,"['Moldova', 'Russia']",left,187,79,True,0.77,0.07,100.0,0.35000000000000003,80.0,0.0,0.0,0.0,0.7000000000000001,1.02,0.07,1,0.07,0,0.0,0.0,0.0,0,0.0,0.0,0,0.0,0,0.0,0.0,0.0,0.07,0.0,0.0,0.0,0.0,0.0,0.0,0.0,0.0,0.0,0.0,0.0,0.0,0.0,0.0,11.92,0.07,0.14,19.28,86.55,9.32,74.44,0.0,0.0,13.18,96.28,6.1,65.52,30.14,50.62,0.0,0.0,0.0,0.0,0.0,0.0,0.07,2.03,31.03,0.21,0.0,0.14,50.0,0.0,0.0,3.79,75.93,97.71,9.18,19,1.33,61,4.28,1,68.85,17.52,1.23,-1.48,-0.10400000000000001,0.0,1.19,0.35000000000000003,,,,0.0,0,0
M. Căpățînă,Mihai Căpățînă,316823,Ordabasy,Ordabasy,https://cdn5.wyscout.com/photos/team/public/1363_120x120.png,Premier League,"DMF, RCMF, LCMF",DMF,51,RCMF,20,LCMF,13,30,1995-12-16,800000,2027-12-31,17,1283,1,1.1400000000000001,0,0.30000000000000004,9.26,55.3,Romania,['Romania'],right,177,75,False,5.96,3.65,65.38,1.19,58.82,0.91,1.42,0.07,2.67,4.15,0.63,2,0.14,0,0.0,1.6099999999999999,0.07,1,0.07,0.08,0,0.0,24,1.6800000000000002,25.0,4.167,0.0,1.54,36.36,0.42,33.33,0.98,35.71,0.21,0.91,69.23,3.58,45.1,0.49,2.6,0.0,38.3,0.21,0.35000000000000003,55.42,85.82,17.75,73.12,4.91,94.29,47.84,91.35,6.1,55.17,19.37,39.03,0.02,0.49,0.07,0.07,0.0,0.0,0.28,9.4,76.12,2.67,52.63,0.91,15.38,0.7000000000000001,0.56,8.14,80.17,92.64,25.74,0,,0,,0,0.0,0.0,0.0,,,0.77,,1.19,0.14,0.0,0.0,0.14,0,0
A. Nurymbet,Abinur Nurymbet,-304428,Ordabasy,Ordabasy,https://cdn5.wyscout.com/photos/team/public/1363_120x120.png,Premier League,"LCMF, LCMF3",LCMF,46,LCMF3,26,,0,21,2005-04-26,0,2026-12-31,17,1278,1,0.51,0,0.48,15.42,52.97,Kazakhstan,['Kazakhstan'],right,172,0,False,7.32,7.04,60.0,0.85,41.67,0.28,0.44,0.07,2.8200000000000003,4.36,1.4100000000000001,0,0.0,0,0.0,1.83,0.07,1,0.07,0.04,0,0.0,15,1.06,13.33,6.667,0.0,1.27,44.44,0.56,25.0,0.63,55.56,0.14,1.55,72.73,6.41,46.15,0.7000000000000001,2.61,0.56,25.28,0.63,1.2,37.32,81.32,13.52,67.71,5.7,92.59,31.83,87.83,4.3,42.62,19.17,36.58,0.03,0.49,0.0,0.0,0.07,0.0,0.07,7.89,68.75,2.11,36.67,0.42,16.67,0.49,0.49,6.41,79.12,87.86,12.18,0,,0,,0,0.0,0.0,0.0,,,0.28,,0.85,0.21,0.0,0.0,0.14,0,0
E. Khvalko,Egor Khvalko,424936,Atyrau,Atyrau,https://cdn5.wyscout.com/photos/team/public/4450_120x120.png,Premier League,"RCB3, LCMF, CB",RCB3,45,LCMF,23,CB,23,29,1997-02-18,400000,2026-12-31,13,1272,2,0.9400000000000001,0,0.05,11.75,52.41,Belarus,['Belarus'],right,181,72,False,8.0,3.8200000000000003,50.0,5.45,53.25,0.42,0.47000000000000003,1.13,5.66,6.28,1.63,6,0.42,0,0.0,0.35000000000000003,0.14,2,0.14,0.07,1,0.07,8,0.5700000000000001,50.0,25.0,0.0,0.28,0.0,0.14,0.0,0.14,0.0,0.0,0.14,50.0,1.42,55.0,0.71,0.21,0.07,13.3,0.5700000000000001,0.99,23.92,74.26,10.33,57.53,2.48,94.29,19.17,82.29,4.46,44.44,21.32,37.08,0.0,0.14,0.0,0.0,0.0,0.0,0.0,3.8200000000000003,50.0,1.06,26.67,0.07,100.0,0.28,0.14,5.31,50.67,86.09,8.14,0,,0,,0,0.0,0.0,0.0,,,0.5,,5.45,0.07,0.0,0.0,0.0,0,0
E. Khatkevich,Egor Khatkevich,80636,Atyrau,Atyrau,https://cdn5.wyscout.com/photos/team/public/4450_120x120.png,Premier League,GK,GK,100,,0,,0,38,1988-07-09,175000,2026-12-31,13,1264,0,0.0,0,0.0,0.36,80.0,Belarus,['Belarus'],right,196,91,False,0.93,0.0,0.0,0.28,75.0,0.0,0.0,0.0,0.93,1.0,0.0,1,0.07,0,0.0,0.0,0.0,0,0.0,0.0,0,0.0,0,0.0,0.0,0.0,0.0,0.0,0.0,0.0,0.0,0.0,0.0,0.0,0.0,0.0,0.07,100.0,0.0,0.0,0.07,4.41,0.07,0.07,10.11,71.83,6.91,60.82,0.07,100.0,4.91,95.65,5.2,49.32,36.28,50.87,0.0,0.0,0.0,0.0,0.0,0.0,0.0,1.78,28.0,0.14,0.0,0.14,0.0,0.0,0.0,2.92,73.17,95.12,2.92,12,0.85,51,3.63,4,76.47,13.81,0.98,1.81,0.129,0.0,1.99,0.28,,,,0.0,0,0
A. Nazymkhanov,Abylaykhan Nazymkhanov,-245739,Altay,Altay,https://cdn5.wyscout.com/photos/team/public/g36010_120x120.png,Premier League,"LCMF, LCMF3, RCMF",LCMF,42,LCMF3,34,RCMF,11,24,2002-02-05,200000,2026-12-31,16,1263,0,0.26,0,0.17,13.47,48.68,Kazakhstan,['Kazakhstan'],both,184,65,True,6.48,5.49,58.44,1.43,40.0,0.29,0.34,0.29,2.99,3.52,1.21,3,0.21,0,0.0,1.07,0.0,0,0.0,0.02,0,0.0,3,0.21,33.33,0.0,0.0,0.43,50.0,0.29,75.0,0.14,0.0,0.07,1.21,64.71,4.63,38.46,0.64,1.21,0.36,15.39,0.21,1.1400000000000001,24.66,75.72,9.41,59.85,4.06,91.23,21.88,78.83,2.42,52.94,17.53,28.47,0.01,0.21,0.0,0.0,0.14,0.0,0.0,4.49,55.56,0.93,15.38,0.36,0.0,0.36,0.07,3.7800000000000002,60.38,81.05,6.77,0,,0,,0,0.0,0.0,0.0,,,0.29,,1.43,0.0,0.0,0.0,0.0,0,0
M. Belancic,Marin Belancic,-209452,Yelimay Semey,Yelimay Semey,https://cdn5.wyscout.com/photos/team/public/g-17973_120x120.png,Premier League,"LCB3, LCB",LCB3,85,LCB,13,,0,25,2001-01-12,150000,2026-12-31,13,1262,0,1.18,0,0.2,16.26,60.96,Croatia,['Croatia'],left,189,0,False,8.56,5.49,71.43,5.28,60.81,0.36,0.59,0.43,4.28,7.09,1.21,2,0.14,0,0.0,1.07,0.0,0,0.0,0.08,0,0.0,15,1.07,6.67,0.0,0.0,1.35,26.32,1.35,26.32,0.0,0.0,0.21,1.0,64.29,3.35,46.81,1.0,1.35,0.07,25.89,0.29,1.71,40.58,77.33,22.25,72.12,1.5,80.95,31.52,85.75,7.7,51.85,22.54,38.62,0.01,0.14,0.0,0.07,0.0,0.0,0.0,7.84,61.82,1.78,36.0,0.43,33.33,0.21,0.36,10.13,71.13,86.32,13.55,0,,0,,0,0.0,0.0,0.0,,,0.14,,5.28,0.07,0.0,0.0,0.0,0,0
F. Ibrahim,Fard Ibrahim,-66651,Irtysh,Irtysh,https://cdn5.wyscout.com/photos/team/public/1361_120x120.png,Premier League,"LCB, LCB3",LCB,84,LCB3,15,,0,26,2000-01-07,150000,2027-06-30,13,1259,0,0.27,0,0.32,15.44,56.94,Ghana,['Ghana'],left,183,73,False,7.86,3.86,66.67,5.43,59.21,0.0,0.0,0.71,5.29,7.6,0.79,1,0.07,1,0.07,1.07,0.0,0,0.0,0.02,0,0.0,5,0.36,20.0,0.0,0.0,0.21,100.0,0.21,100.0,0.0,0.0,0.0,1.0,78.57,3.5,48.98,0.5,1.72,0.07,32.88,0.43,0.93,51.9,85.26,22.8,75.86,3.29,95.65,44.61,91.51,7.15,46.0,22.21,43.35,0.02,0.21,0.0,0.0,0.07,0.0,0.07,9.36,69.47,1.22,23.53,1.22,29.41,0.43,0.14,10.72,74.0,94.77,21.87,0,,0,,0,0.0,0.0,0.0,,,2.22,,5.43,0.07,0.07,0.0,0.0,0,0
D. Satpayev,Dastan Satpayev,-437205,Kairat,Kairat,https://cdn5.wyscout.com/photos/team/public/g1358_120x120.png,Premier League,"RAMF, CF, AMF",RAMF,37,CF,33,AMF,10,17,2008-08-12,0,2026-12-31,15,1256,7,4.02,2,1.9300000000000002,17.63,47.56,Kazakhstan,['Kazakhstan'],both,176,63,False,5.52,4.37,73.77,1.58,22.73,0.07,0.12,0.07,2.22,3.65,0.5,0,0.0,0,0.0,5.02,0.5,7,0.5,0.29,0,0.0,38,2.7199999999999998,47.37,18.421,0.14,2.01,39.29,1.15,31.25,0.86,50.0,0.29,3.94,70.91,9.6,44.03,3.01,2.7199999999999998,0.64,19.78,1.8599999999999999,0.5700000000000001,25.65,81.84,5.09,71.83,5.02,94.29,23.0,85.67,0.86,75.0,15.37,21.83,0.14,1.43,0.14,0.14,0.29,50.0,0.86,2.15,70.0,2.36,60.61,0.36,40.0,1.15,0.64,2.87,80.0,81.97,8.74,0,,0,,0,0.0,0.0,0.0,,,0.07,,1.58,0.07,0.07,0.0,0.07,1,0
A. Saulet,Ardak Saulet,398173,Zhenys,Zhenys,https://cdn5.wyscout.com/photos/team/public/g-13910_120x120.png,Premier League,"RWB, LWB",RWB,69,LWB,17,,0,29,1997-01-12,250000,2026-12-31,17,1244,0,0.45,0,0.21,10.64,46.94,Kazakhstan,['Kazakhstan'],right,172,68,False,6.73,4.99,52.17,1.9500000000000002,40.74,0.9400000000000001,1.32,0.0,3.18,4.47,1.16,3,0.22,0,0.0,1.37,0.0,0,0.0,0.03,0,0.0,5,0.36,40.0,0.0,0.0,2.75,28.95,0.43,33.33,2.24,29.03,0.43,0.43,83.33,2.1,41.38,1.01,1.45,0.07,24.16,2.17,0.43,32.63,77.38,10.78,71.81,5.57,92.21,24.16,87.13,5.86,59.26,20.0,33.38,0.02,0.29,0.0,0.0,0.07,100.0,0.14,3.4,68.09,3.33,41.3,0.8,36.36,0.87,0.8,7.16,74.75,77.63,11.0,0,,0,,0,0.0,0.0,0.0,,,0.29,,1.9500000000000002,0.0,0.0,0.0,0.0,0,0
S. Maliy,Sergey Maliy,110245,Ordabasy,Ordabasy,https://cdn5.wyscout.com/photos/team/public/1363_120x120.png,Premier League,CB,CB,82,,0,,0,36,1990-06-05,500000,2026-12-31,14,1235,2,1.54,0,0.9,15.67,66.51,Ukraine,"['Ukraine', 'Kazakhstan']",right,191,79,False,8.02,4.45,68.85,8.53,67.52,0.29,0.46,0.66,4.66,7.36,1.6,5,0.36,0,0.0,0.66,0.15,2,0.15,0.11,1,0.07,9,0.66,33.33,22.222,0.0,0.58,62.5,0.15,50.0,0.44,66.67,0.07,0.15,50.0,1.24,64.71,1.53,2.4,0.07,29.0,0.29,1.31,47.0,88.22,19.75,80.44,2.11,89.66,41.98,92.36,4.59,53.97,20.08,32.65,0.07,0.29,0.0,0.0,0.0,0.0,0.07,6.34,72.41,0.8,45.45,0.36,0.0,0.51,0.22,8.45,74.14,96.35,19.97,0,,0,,0,0.0,0.0,0.0,,,1.09,,8.53,0.0,0.0,0.0,0.0,0,0
N. Buribaev,Nurgaini Buribaev,-101966,Okzhetpes,Okzhetpes,https://cdn5.wyscout.com/photos/team/public/g1363_120x120.png,Premier League,"RCMF3, RWF, CF",RCMF3,24,RWF,23,CF,20,23,2002-08-20,0,2026-12-31,17,1235,2,2.0,1,2.08,15.01,46.12,Kazakhstan,['Kazakhstan'],left,175,0,False,6.34,6.34,56.32,2.7,27.03,0.29,0.43,0.07,2.48,3.68,1.6,3,0.22,0,0.0,2.33,0.15,1,0.07,0.15,0,0.0,24,1.75,37.5,8.333,0.07,1.53,57.14,0.9500000000000001,46.15,0.58,75.0,0.44,1.6,50.0,4.52,40.32,1.97,1.09,0.07,20.48,1.09,1.02,29.0,75.38,8.67,57.14,6.49,92.13,23.98,80.24,3.5700000000000003,48.98,19.44,35.69,0.15,1.17,0.07,0.07,0.07,0.0,0.66,6.12,54.76,2.77,50.0,0.44,33.33,1.02,0.87,4.96,77.94,84.73,9.55,0,,0,,0,0.0,0.0,0.0,,,0.07,,2.7,0.29,0.0,0.0,0.9500000000000001,1,100
S. Popov,Seif Popov,-293684,Altay,Altay,https://cdn5.wyscout.com/photos/team/public/g36010_120x120.png,Premier League,"CF, LW, LWF",CF,46,LW,35,LWF,11,22,2004-06-30,0,,16,1226,2,2.76,0,1.3,24.45,42.94,Kazakhstan,['Kazakhstan'],right,174,65,False,6.02,6.46,59.09,2.5,32.35,0.51,0.64,0.15,1.69,2.11,2.5,4,0.29,0,0.0,4.26,0.15,2,0.15,0.2,0,0.0,23,1.69,52.17,8.696,0.0,1.62,27.27,0.73,30.0,0.81,27.27,0.22,5.43,54.05,12.77,39.66,4.4,3.01,0.29,9.69,1.69,1.62,13.87,68.25,2.42,54.55,4.48,88.52,12.04,73.17,0.29,100.0,13.35,13.01,0.1,1.17,0.0,0.0,0.0,0.0,0.51,0.81,63.64,0.9500000000000001,61.54,0.07,100.0,0.88,0.37,1.17,56.25,71.43,3.08,0,,0,,0,0.0,0.0,0.0,,,0.0,,2.5,0.0,0.0,0.0,0.0,0,0
R. Oyndamola,Riliwan Mario Rabiu Oyndamola,-103366,Atyrau,Atyrau,https://cdn5.wyscout.com/photos/team/public/4450_120x120.png,Premier League,"LCMF, CF, AMF",LCMF,42,CF,23,AMF,16,26,2000-02-06,300000,2026-12-31,13,1220,1,1.42,1,0.84,14.09,49.74,Nigeria,['Nigeria'],right,171,68,False,4.43,3.69,74.0,1.99,40.74,0.07,0.08,0.0,1.62,1.74,0.81,3,0.22,1,0.07,0.74,0.07,0,0.0,0.1,0,0.0,11,0.81,18.18,9.091,0.07,0.22,0.0,0.15,0.0,0.07,0.0,0.07,0.96,61.54,6.42,39.08,0.96,0.44,0.22,12.84,1.48,1.25,22.72,73.7,8.11,52.73,3.17,97.67,19.48,78.03,3.02,51.22,18.77,29.84,0.06,0.59,0.0,0.0,0.0,0.0,0.30000000000000004,4.5,57.38,1.33,61.11,0.44,50.0,0.66,0.0,4.65,68.25,84.47,7.6,0,,0,,0,0.0,0.0,0.0,,,0.0,,1.99,0.0,0.0,0.0,0.15,1,100
N. Pišćević,Nedeljko Pišćević,320672,Kyzyl-Zhar,Kyzyl-Zhar,https://cdn5.wyscout.com/photos/team/public/g1367_120x120.png,Premier League,"RCB3, RCB, LCMF",RCB3,49,RCB,16,LCMF,15,31,1995-04-20,200000,2026-12-31,13,1219,0,0.30000000000000004,1,0.24,12.7,58.72,Serbia,['Serbia'],right,191,83,False,7.83,5.32,66.67,3.69,60.0,0.15,0.22,0.52,4.13,6.11,0.66,2,0.15,1,0.07,0.59,0.0,0,0.0,0.02,0,0.0,4,0.30000000000000004,50.0,0.0,0.07,0.52,28.57,0.15,50.0,0.37,20.0,0.07,0.37,60.0,1.99,33.33,0.59,0.52,0.07,18.9,0.30000000000000004,0.52,31.75,74.19,15.06,65.2,2.29,80.65,23.92,80.86,7.31,55.56,21.29,33.25,0.02,0.15,0.0,0.0,0.07,100.0,0.07,5.24,61.97,0.66,44.44,0.59,62.5,0.22,0.22,7.97,64.81,83.54,11.67,0,,0,,0,0.0,0.0,0.0,,,0.44,,3.69,0.0,0.0,0.0,0.0,0,0
L. Imnadze,Luka Imnadze,380387,Zhenys,Zhenys,https://cdn5.wyscout.com/photos/team/public/g-13910_120x120.png,Premier League,"LWF, LW",LWF,70,LW,11,,0,28,1997-08-26,350000,2026-12-31,14,1216,1,1.85,1,1.13,23.17,48.24,Georgia,['Georgia'],right,184,75,False,6.44,5.92,66.25,3.18,37.21,0.22,0.32,0.22,2.29,3.3,1.85,4,0.30000000000000004,0,0.0,3.11,0.07,1,0.07,0.14,0,0.0,21,1.55,28.57,4.7620000000000005,0.07,2.29,45.16,2.15,44.83,0.15,50.0,0.52,2.81,55.26,10.66,44.44,2.44,1.7000000000000002,0.74,14.21,2.89,2.81,24.94,75.07,7.25,63.27,6.44,93.1,20.5,82.67,2.15,34.48,16.68,25.71,0.08,0.74,0.0,0.0,0.07,100.0,0.37,2.66,58.33,2.96,65.0,0.30000000000000004,25.0,1.18,1.18,4.59,67.74,71.6,6.0,0,,0,,0,0.0,0.0,0.0,,,0.07,,3.18,0.0,0.0,0.0,0.37,0,0
M. Abraev,Maksat Abraev,-578708,Astana,Astana,https://cdn5.wyscout.com/photos/team/public/2405_120x120.png,Premier League,"LAMF, LWF, LW",LAMF,57,LWF,25,LW,17,18,2008-02-13,0,,17,1206,3,2.84,2,1.58,21.04,42.55,Kazakhstan,['Kazakhstan'],unknown,0,0,False,5.22,4.85,55.38,1.04,14.29,0.07,0.12,0.0,2.46,3.98,1.12,1,0.07,0,0.0,4.93,0.22,3,0.22,0.21,0,0.0,33,2.46,42.42,9.091,0.15,2.09,25.0,2.01,25.93,0.07,0.0,0.52,5.67,57.89,13.58,41.76,3.96,3.13,0.37,20.45,1.87,1.79,25.37,77.94,4.1,60.0,8.06,92.59,22.09,84.46,1.49,45.0,16.96,30.39,0.12,0.8200000000000001,0.0,0.07,0.07,100.0,0.45,1.49,70.0,2.39,46.88,0.15,50.0,0.9,0.52,2.91,56.41,69.7,7.39,0,,0,,0,0.0,0.0,0.0,,,0.15,,1.04,0.0,0.0,0.0,0.15,0,0
A. Kozlenko,Anatoliy Kozlenko,-121787,Kyzyl-Zhar,Kyzyl-Zhar,https://cdn5.wyscout.com/photos/team/public/g1367_120x120.png,Premier League,"LCB3, LCB",LCB3,77,LCB,20,,0,24,2002-05-31,0,2026-12-31,13,1200,1,0.8,0,0.01,12.52,53.89,Ukraine,['Ukraine'],,193,76,False,7.5,4.95,45.45,4.43,59.32,0.30000000000000004,0.42,0.8300000000000001,4.95,6.97,1.35,5,0.38,0,0.0,0.38,0.08,1,0.08,0.06,1,0.08,7,0.53,14.29,14.286,0.0,0.45,16.67,0.45,16.67,0.0,0.0,0.15,0.45,50.0,1.8,54.17,0.8300000000000001,1.28,0.30000000000000004,17.78,0.30000000000000004,0.98,29.93,73.68,15.15,63.37,1.9500000000000002,96.15,22.65,85.76,6.9,36.96,23.32,41.6,0.0,0.15,0.0,0.0,0.0,0.0,0.0,5.93,48.1,0.98,23.08,0.23,33.33,0.23,0.08,6.98,61.29,86.18,9.23,0,,0,,0,0.0,0.0,0.0,,,0.98,,4.43,0.0,0.0,0.0,0.0,0,0
Z. Tevzadze,Zurab Tevzadze,289835,Zhenys,Zhenys,https://cdn5.wyscout.com/photos/team/public/g-13910_120x120.png,Premier League,"CB, RCB3",CB,63,RCB3,27,,0,31,1994-08-28,150000,2026-12-31,14,1193,1,0.77,0,0.16,17.43,58.87,Georgia,['Georgia'],right,191,88,False,9.51,6.49,69.77,4.83,45.31,0.53,0.78,0.53,4.45,6.5600000000000005,1.6600000000000001,3,0.23,1,0.08,0.68,0.08,1,0.08,0.06,1,0.08,7,0.53,42.86,14.286,0.0,0.38,40.0,0.08,100.0,0.30000000000000004,25.0,0.0,0.45,66.67,3.02,52.5,1.13,1.21,0.0,29.72,0.38,0.8300000000000001,48.96,85.36,16.3,69.91,4.53,98.33,39.53,92.94,9.05,54.17,23.03,39.7,0.01,0.15,0.08,0.0,0.0,0.0,0.0,6.49,65.12,1.51,60.0,0.8300000000000001,45.45,0.8300000000000001,0.15,8.52,67.26,93.04,23.84,0,,0,,0,0.0,0.0,0.0,,,2.87,,4.83,0.0,0.0,0.0,0.0,0,0
Z. Mukhametkhanov,Zhansultan Mukhametkhanov,-431446,Okzhetpes,Okzhetpes,https://cdn5.wyscout.com/photos/team/public/g1363_120x120.png,Premier League,"LCMF3, RWF, RCMF3",LCMF3,17,RWF,15,RCMF3,15,20,2005-10-22,0,2026-12-31,17,1187,3,1.8,2,0.44,19.33,46.67,Kazakhstan,['Kazakhstan'],,176,69,False,6.67,5.99,59.49,2.88,28.95,0.38,0.56,0.53,2.73,4.03,1.67,2,0.15,0,0.0,2.5,0.23,3,0.23,0.14,1,0.08,27,2.05,29.63,11.111,0.15,0.8300000000000001,45.45,0.23,33.33,0.61,50.0,0.15,2.43,59.38,8.34,44.55,2.2,1.97,0.23,20.55,0.76,1.44,29.49,80.46,9.63,63.78,5.99,93.67,26.76,85.55,1.97,26.92,17.1,24.8,0.03,0.68,0.0,0.0,0.30000000000000004,25.0,0.38,3.7199999999999998,67.35,1.67,50.0,0.38,40.0,0.99,0.30000000000000004,4.09,66.67,88.98,8.95,0,,0,,0,0.0,0.0,0.0,,,0.15,,2.88,0.08,0.08,0.0,0.0,0,0
J. Čondrić,Josip Čondrić,267084,Astana,Astana,https://cdn5.wyscout.com/photos/team/public/2405_120x120.png,Premier League,GK,GK,100,,0,,0,32,1993-08-27,350000,2026-12-31,12,1172,0,0.0,0,0.38,0.77,90.0,Croatia,['Croatia'],right,194,92,False,1.15,0.0,0.0,0.31,100.0,0.0,0.0,0.0,1.15,1.77,0.0,0,0.0,0,0.0,0.15,0.0,0,0.0,0.0,0,0.0,0,0.0,0.0,0.0,0.0,0.0,0.0,0.0,0.0,0.0,0.0,0.0,0.15,100.0,0.46,83.33,0.0,0.0,0.0,19.66,0.46,0.31,27.65,90.0,12.52,80.37,0.0,0.0,20.89,98.53,6.6,63.95,28.56,51.07,0.03,0.08,0.0,0.0,0.0,0.0,0.0,1.92,64.0,0.08,100.0,0.0,0.0,0.08,0.0,5.07,75.76,98.32,13.75,12,0.92,57,4.38,3,78.95,11.81,0.91,-0.19,-0.015,0.0,2.15,0.31,,,,0.0,0,0
N. Cavnić,Nemanja Cavnić,270278,Tobol,Tobol,https://cdn5.wyscout.com/photos/team/public/1195_120x120.png,Premier League,"RCB, RCB3, LCB",RCB,46,RCB3,27,LCB,13,30,1995-09-05,250000,2026-12-31,14,1171,0,0.66,0,0.06,11.99,57.05,Montenegro,['Montenegro'],,192,86,False,8.22,4.0,59.62,5.53,56.94,0.46,0.73,1.0,5.38,8.47,1.08,3,0.23,0,0.0,0.08,0.0,0,0.0,0.05,0,0.0,4,0.31,0.0,0.0,0.0,0.15,0.0,0.0,0.0,0.15,0.0,0.0,0.08,100.0,0.85,54.55,0.38,0.6900000000000001,0.08,24.98,0.23,0.54,36.97,86.07,16.29,77.36,2.54,93.94,31.59,92.21,5.3,50.72,21.27,39.75,0.0,0.23,0.0,0.0,0.0,0.0,0.08,6.3,67.07,0.38,20.0,0.0,0.0,0.0,0.0,7.22,76.6,95.05,15.53,0,,0,,0,0.0,0.0,0.0,,,1.69,,5.53,0.08,0.0,0.0,0.0,0,0
P. Sedko,Pavel Sedko,416055,Caspiy,Caspiy,https://cdn5.wyscout.com/photos/team/public/g3933_120x120.png,Premier League,"RW, RAMF, LW",RW,51,RAMF,32,LW,14,28,1998-04-03,0,2026-12-31,17,1170,3,2.8200000000000003,3,3.2800000000000002,11.77,37.91,Russia,['Russia'],left,178,65,False,3.77,4.54,38.98,0.62,25.0,0.38,0.53,0.0,1.62,2.22,1.54,2,0.15,0,0.0,1.77,0.23,2,0.15,0.22,0,0.0,20,1.54,35.0,15.0,0.23,1.62,52.38,0.23,33.33,1.38,55.56,0.31,1.23,31.25,4.92,37.5,1.31,1.15,0.08,18.46,1.69,0.92,23.77,76.38,6.69,65.52,4.85,93.65,18.85,81.22,3.38,59.09,19.02,36.9,0.25,1.38,0.0,0.0,0.15,0.0,0.31,3.15,68.29,3.23,54.76,0.77,20.0,1.15,0.77,4.38,78.95,79.17,7.38,0,,0,,0,0.0,0.0,0.0,,,0.54,,0.62,1.38,0.23,33.33,2.46,1,100
L. Strumia,Leonel Strumia,390291,Caspiy,Caspiy,https://cdn5.wyscout.com/photos/team/public/g3933_120x120.png,Premier League,"LDMF, LCMF, DMF",LDMF,27,LCMF,26,DMF,24,33,1992-09-29,350000,2026-12-31,12,1158,0,0.1,0,0.04,12.51,54.04,Argentina,['Argentina'],right,168,0,False,6.99,5.44,62.86,1.24,25.0,0.23,0.29,0.23,3.34,4.16,1.09,3,0.23,0,0.0,0.39,0.0,0,0.0,0.01,0,0.0,2,0.16,0.0,0.0,0.0,0.31,0.0,0.23,0.0,0.08,0.0,0.08,0.54,71.43,4.12,49.06,0.16,1.01,0.16,20.36,0.31,1.09,32.95,86.79,10.1,74.62,5.98,96.1,30.08,89.15,2.56,69.7,18.62,36.16,0.0,0.23,0.0,0.0,0.0,0.0,0.0,4.35,80.36,0.7000000000000001,55.56,0.08,100.0,0.31,0.0,4.66,68.33,94.22,13.45,0,,0,,0,0.0,0.0,0.0,,,0.47000000000000003,,1.24,0.0,0.0,0.0,0.0,0,0
P. N'Diaye,Pape Alioune N'Diaye,416762,Tobol,Tobol,https://cdn5.wyscout.com/photos/team/public/1195_120x120.png,Premier League,"LCB3, LCB, LB",LCB3,41,LCB,36,LB,13,28,1998-02-04,400000,2026-12-31,13,1156,0,0.01,2,0.16,10.51,60.74,Senegal,"['Senegal', 'France']",left,203,82,False,7.86,5.22,65.67,2.49,53.13,0.39,0.66,0.47000000000000003,4.05,6.87,1.01,1,0.08,1,0.08,0.62,0.0,0,0.0,0.0,0,0.0,2,0.16,0.0,0.0,0.16,0.7000000000000001,33.33,0.7000000000000001,33.33,0.0,0.0,0.08,0.47000000000000003,66.67,1.71,63.64,0.16,2.1,0.16,28.26,0.78,0.31,38.69,79.68,17.21,69.68,3.89,82.0,31.53,87.9,6.46,44.58,22.81,43.33,0.01,0.16,0.0,0.08,0.08,100.0,0.23,7.4,56.84,1.63,47.62,0.86,63.64,0.7000000000000001,0.31,9.89,68.5,88.89,12.61,0,,0,,0,0.0,0.0,0.0,,,0.86,,2.49,0.0,0.0,0.0,0.0,0,0
L. Guerra,Luis Alejandro Guerra Romero,362585,Tobol,Tobol,https://cdn5.wyscout.com/photos/team/public/1195_120x120.png,Premier League,"LAMF, LWF, LW",LAMF,39,LWF,17,LW,15,29,1996-11-20,0,2026-12-31,16,1155,2,2.77,2,2.74,24.16,45.81,Venezuela,['Venezuela'],right,168,61,False,6.31,6.39,62.2,3.12,25.0,0.0,0.0,0.08,2.34,3.93,1.87,4,0.31,0,0.0,4.68,0.16,2,0.16,0.22,0,0.0,30,2.34,30.0,6.667,0.16,2.88,40.54,1.79,43.48,0.9400000000000001,33.33,0.0,4.52,62.07,12.47,45.63,3.9699999999999998,2.1,0.62,18.39,1.71,1.09,26.96,77.75,5.53,74.65,5.3,89.71,22.13,85.21,2.03,46.15,17.08,30.66,0.21,2.5700000000000003,0.16,0.16,0.08,0.0,1.09,2.49,62.5,3.51,73.33,0.23,33.33,2.26,1.4,5.14,78.79,77.48,8.65,0,,0,,0,0.0,0.0,0.0,,,0.0,,3.12,0.08,0.0,0.0,0.0,1,0
A. Zhumakhanov,Adilbek Zhumakhanov,-162109,Yelimay Semey,Yelimay Semey,https://cdn5.wyscout.com/photos/team/public/g-17973_120x120.png,Premier League,"CB, LCB3",CB,67,LCB3,25,,0,23,2002-12-27,225000,2026-12-31,12,1148,1,0.91,0,0.43,11.99,53.59,Kazakhstan,['Kazakhstan'],right,187,0,False,6.9,4.23,66.67,4.7,53.33,0.08,0.12,0.47000000000000003,4.0,6.19,0.78,2,0.16,0,0.0,0.47000000000000003,0.08,1,0.08,0.07,1,0.08,12,0.9400000000000001,16.67,8.333,0.0,0.71,33.33,0.39,20.0,0.31,50.0,0.16,0.24,33.33,0.9400000000000001,25.0,0.71,0.39,0.0,24.93,0.08,0.55,39.59,84.36,16.39,73.21,1.49,89.47,30.65,91.56,8.23,61.9,25.65,38.86,0.03,0.39,0.0,0.0,0.0,0.0,0.08,6.27,61.25,1.18,26.67,0.47000000000000003,16.67,0.31,0.24,9.17,74.36,94.88,19.91,0,,0,,0,0.0,0.0,0.0,,,0.86,,4.7,0.31,0.24,0.0,0.0,0,0
D. Stoisavljević,Dragan Stoisavljević,-160178,Altay,Altay,https://cdn5.wyscout.com/photos/team/public/g36010_120x120.png,Premier League,CF,CF,94,,0,,0,22,2003-11-25,250000,2026-12-31,17,1144,2,4.4,0,1.6,25.1,38.24,Serbia,['Serbia'],right,189,87,False,2.67,1.8900000000000001,54.17,6.37,30.86,0.31,0.36,0.0,1.34,1.52,1.1,0,0.0,0,0.0,1.57,0.16,2,0.16,0.35000000000000003,0,0.0,23,1.81,26.09,8.696,0.0,0.87,27.27,0.39,40.0,0.47000000000000003,16.67,0.08,1.73,50.0,11.01,35.71,2.52,0.47000000000000003,0.0,11.72,1.81,2.6,19.04,71.07,4.64,47.46,4.64,88.14,16.52,73.81,1.81,65.22,16.67,23.68,0.13,0.71,0.0,0.0,0.0,0.0,0.63,2.2800000000000002,55.17,1.1,14.29,0.24,33.33,0.47000000000000003,0.16,2.52,62.5,76.92,5.11,0,,0,,0,0.0,0.0,0.0,,,0.0,,6.37,0.08,0.08,0.0,0.0,0,0
Higor Gabriel,Higor Gabriel Fernandes Alves,488870,Yelimay Semey,Yelimay Semey,https://cdn5.wyscout.com/photos/team/public/g-17973_120x120.png,Premier League,"RCB3, CB, RCB",RCB3,64,CB,20,RCB,14,27,1999-04-28,100000,2026-12-31,12,1133,0,1.0,0,0.38,13.98,63.07,Brazil,['Brazil'],right,188,80,False,8.74,6.04,75.0,5.32,56.72,0.08,0.13,0.64,4.13,6.64,1.51,1,0.08,0,0.0,0.16,0.0,0,0.0,0.08,0,0.0,7,0.56,0.0,0.0,0.0,0.24,33.33,0.0,0.0,0.24,33.33,0.0,0.08,100.0,0.87,36.36,0.79,0.4,0.0,18.75,0.24,0.24,34.16,84.19,12.15,66.67,4.21,98.11,29.55,87.63,4.37,63.64,21.25,30.56,0.03,0.24,0.0,0.0,0.0,0.0,0.08,4.21,64.15,0.64,37.5,0.32,50.0,0.24,0.08,6.75,63.53,97.74,14.06,0,,0,,0,0.0,0.0,0.0,,,2.86,,5.32,0.0,0.0,0.0,0.0,0,0
D. Karaman,Dinmukhamed Karaman,-96500,Astana,Astana,https://cdn5.wyscout.com/photos/team/public/2405_120x120.png,Premier League,"LCMF, RDMF, LDMF",LCMF,36,RDMF,26,LDMF,25,26,2000-06-26,175000,2026-12-31,16,1128,0,0.14,1,0.4,13.8,50.87,Kazakhstan,['Kazakhstan'],,0,0,False,8.14,6.46,61.73,1.28,62.5,0.8,1.28,0.4,3.35,5.38,1.6,4,0.32,0,0.0,0.88,0.0,0,0.0,0.01,0,0.0,6,0.48,16.67,0.0,0.08,0.32,75.0,0.16,50.0,0.16,100.0,0.0,1.2,46.67,4.63,36.21,0.48,0.72,0.08,36.3,0.16,0.88,47.79,86.98,10.93,69.34,10.45,96.18,43.4,90.07,4.31,57.41,18.71,37.45,0.03,0.48,0.0,0.0,0.08,0.0,0.4,7.1,70.79,1.44,44.44,0.4,80.0,0.4,0.16,6.06,68.42,92.71,19.71,0,,0,,0,0.0,0.0,0.0,,,1.44,,1.28,0.08,0.08,0.0,0.0,0,0
A. Kasym,Alibek Kasym,386633,Astana,Astana,https://cdn5.wyscout.com/photos/team/public/2405_120x120.png,Premier League,"RCB, RCB3, CB",RCB,74,RCB3,15,CB,10,28,1998-05-27,0,2026-12-31,13,1115,2,1.63,2,0.93,12.59,59.62,Kazakhstan,['Kazakhstan'],right,193,70,False,7.99,5.25,64.62,5.09,63.49,0.4,0.64,0.5700000000000001,4.2,6.64,0.73,3,0.24,1,0.08,0.5700000000000001,0.16,2,0.16,0.13,1,0.08,7,0.5700000000000001,57.14,28.571,0.16,0.32,50.0,0.08,100.0,0.24,33.33,0.0,0.32,25.0,0.81,40.0,0.81,1.7000000000000002,0.0,58.84,1.21,0.08,74.74,91.47,24.46,80.53,5.25,96.92,65.95,95.96,8.48,58.1,22.17,44.66,0.07,0.32,0.0,0.08,0.0,0.0,0.24,8.56,70.75,1.37,29.41,0.4,60.0,0.4,0.16,9.77,79.34,97.72,38.99,0,,0,,0,0.0,0.0,0.0,,,4.12,,5.09,0.0,0.0,0.0,0.0,1,0
G. Stephen,Godfrey Bitok Stephen,-123466,Irtysh,Irtysh,https://cdn5.wyscout.com/photos/team/public/1361_120x120.png,Premier League,LB,LB,91,,0,,0,25,2000-08-22,0,2026-12-31,12,1112,0,0.01,0,0.34,11.57,52.45,Nigeria,['Nigeria'],left,185,76,False,7.85,4.53,64.29,2.02,52.0,0.0,0.0,0.16,4.94,7.09,0.65,0,0.0,0,0.0,2.27,0.0,0,0.0,0.0,0,0.0,2,0.16,0.0,0.0,0.0,3.4,30.95,3.32,29.27,0.0,0.0,0.49,1.78,68.18,3.48,46.51,0.65,2.83,0.4,31.24,1.46,0.5700000000000001,43.71,82.59,15.22,81.38,6.64,93.9,36.99,89.93,3.56,50.0,18.48,38.46,0.03,0.5700000000000001,0.0,0.08,0.08,0.0,0.24,6.15,84.21,3.56,43.18,0.16,50.0,0.65,1.13,8.5,73.33,78.65,14.41,0,,0,,0,0.0,0.0,0.0,,,0.81,,2.02,0.0,0.0,0.0,0.0,0,0
Lucas Africo,Lucas Henrique Da Silva,396763,Kairat,Kairat,https://cdn5.wyscout.com/photos/team/public/g1358_120x120.png,Premier League,LCB,LCB,92,,0,,0,31,1995-02-05,300000,2026-12-31,12,1107,1,1.2,0,0.0,16.26,60.0,Brazil,['Brazil'],left,188,79,False,8.05,5.2,62.5,7.4,58.24,0.24,0.39,0.81,4.55,7.3,1.79,3,0.24,0,0.0,0.81,0.08,1,0.08,0.1,0,0.0,12,0.98,50.0,8.333,0.0,0.08,0.0,0.08,0.0,0.0,0.0,0.08,0.41000000000000003,80.0,1.06,53.85,0.98,1.1400000000000001,0.0,30.33,0.24,0.89,46.02,83.04,21.54,71.7,2.11,92.31,38.86,89.54,7.07,48.28,22.07,37.42,0.0,0.0,0.0,0.0,0.0,0.0,0.0,7.64,65.96,0.65,12.5,0.41000000000000003,0.0,0.16,0.0,9.59,67.8,94.27,18.46,0,,0,,0,0.0,0.0,0.0,,,1.1400000000000001,,7.4,0.08,0.08,0.0,0.0,0,0
J. Poé,Jean-Morel Poé,471021,Irtysh,Irtysh,https://cdn5.wyscout.com/photos/team/public/1361_120x120.png,Premier League,"CF, RW, LAMF",CF,26,RW,18,LAMF,16,29,1996-12-15,300000,2026-12-31,14,1096,4,4.26,0,2.3,19.87,38.02,Côte d'Ivoire,"[""Côte d'Ivoire""]",left,184,75,False,3.61,4.43,42.59,1.72,19.05,0.41000000000000003,0.56,0.0,1.31,1.79,1.97,0,0.0,0,0.0,4.84,0.33,4,0.33,0.35000000000000003,0,0.0,35,2.87,42.86,11.429,0.0,2.3,50.0,1.15,50.0,1.15,50.0,0.16,3.94,62.5,11.25,40.15,2.79,1.97,0.33,14.7,1.6400000000000001,1.48,18.89,70.43,5.58,60.29,4.84,84.75,16.09,75.0,0.66,25.0,17.15,16.88,0.19,1.15,0.0,0.0,0.0,0.0,0.66,1.97,66.67,2.63,56.25,0.16,0.0,0.49,1.07,4.52,67.27,68.25,5.17,0,,0,,0,0.0,0.0,0.0,,,0.08,,1.72,0.08,0.08,0.0,0.08,0,0
R. Karimov,Ramazan Karimov,-81063,Astana,Astana,https://cdn5.wyscout.com/photos/team/public/2405_120x120.png,Premier League,CF,CF,95,,0,,0,27,1999-07-05,350000,2026-12-31,16,1088,3,4.02,3,0.97,18.53,35.27,Kazakhstan,['Kazakhstan'],right,190,81,False,4.22,3.64,45.45,7.11,30.23,0.33,0.52,0.0,2.23,3.48,1.82,5,0.41000000000000003,0,0.0,1.08,0.25,3,0.25,0.33,1,0.08,19,1.57,57.89,15.789,0.25,0.08,0.0,0.0,0.0,0.08,0.0,0.0,0.58,28.57,5.54,31.34,3.56,0.41000000000000003,0.08,9.6,1.65,1.32,14.48,78.86,2.15,57.69,5.87,85.92,13.65,81.82,0.74,33.33,14.92,18.41,0.08,0.91,0.08,0.0,0.0,0.0,0.25,0.99,50.0,0.41000000000000003,60.0,0.08,0.0,0.99,0.0,0.66,25.0,69.05,3.47,0,,0,,0,0.0,0.0,0.0,,,0.08,,7.11,0.0,0.0,0.0,0.0,0,0
S. Sicaci,Stefan  Sicaci,26140,Zhetysu,Zhetysu,https://cdn5.wyscout.com/photos/team/public/g1364_120x120.png,Premier League,GK,GK,100,,0,,0,37,1988-09-08,100000,2026-12-31,11,1083,0,0.0,0,0.0,1.0,91.67,Moldova,"['Moldova', 'Russia']",right,192,85,False,1.33,0.25,66.67,0.25,100.0,0.0,0.0,0.0,1.16,1.67,0.0,1,0.08,0,0.0,0.0,0.0,0,0.0,0.0,0,0.0,0,0.0,0.0,0.0,0.0,0.0,0.0,0.0,0.0,0.0,0.0,0.0,0.0,0.0,0.25,100.0,0.0,0.0,0.0,8.23,0.25,0.5,15.71,83.6,10.8,78.46,0.0,0.0,8.64,95.19,7.06,69.41,37.01,45.13,0.0,0.0,0.0,0.0,0.0,0.0,0.0,1.08,46.15,0.17,0.0,0.08,0.0,0.0,0.0,5.32,73.44,94.55,4.57,12,1.0,42,3.49,4,71.43,10.54,0.88,-1.46,-0.121,0.0,1.99,0.25,,,,0.0,0,0
S. Tursynbay,Sagadat Tursynbay,421608,Zhenys,Zhenys,https://cdn5.wyscout.com/photos/team/public/g-13910_120x120.png,Premier League,"LCB3, LWB, LB",LCB3,58,LWB,25,LB,10,27,1999-03-26,225000,2026-12-31,13,1081,1,1.12,0,0.8,12.57,56.29,Kazakhstan,['Kazakhstan'],left,191,0,False,5.99,4.58,63.64,5.74,60.87,0.25,0.35000000000000003,0.42,2.83,3.94,1.33,3,0.25,0,0.0,1.25,0.08,1,0.08,0.09,0,0.0,10,0.8300000000000001,50.0,10.0,0.0,1.83,40.91,1.83,40.91,0.0,0.0,0.25,0.08,100.0,0.8300000000000001,30.0,0.92,0.8300000000000001,0.0,29.97,1.9100000000000001,0.42,40.21,77.43,20.15,69.01,5.25,98.41,28.22,89.09,10.32,51.61,22.5,36.83,0.07,0.58,0.0,0.0,0.08,0.0,0.42,7.33,60.23,2.91,51.43,0.92,36.36,0.75,0.75,10.16,69.67,80.92,10.91,0,,0,,0,0.0,0.0,0.0,,,1.17,,5.74,0.17,0.17,0.0,0.0,0,0
A. Zeljković,Ajdin Zeljković,478498,Aktobe,Aktobe,https://cdn5.wyscout.com/photos/team/public/1360_120x120.png,Premier League,"LCMF, LWF, AMF",LCMF,18,LWF,14,AMF,12,28,1997-12-26,600000,2026-12-31,15,1077,1,1.48,0,1.5899999999999999,14.37,48.84,Sweden,"['Sweden', 'Bosnia and Herzegovina']",right,181,79,False,3.59,4.35,53.85,1.8399999999999999,27.27,0.33,0.5700000000000001,0.08,0.92,1.56,1.25,2,0.17,0,0.0,2.01,0.08,1,0.08,0.12,0,0.0,23,1.92,30.43,4.348,0.0,0.33,25.0,0.0,0.0,0.33,25.0,0.17,1.92,65.22,6.35,48.68,1.75,0.92,0.33,21.06,0.75,1.0,32.34,81.91,7.77,66.67,8.69,94.23,29.33,85.19,2.67,53.13,17.22,27.25,0.13,1.0,0.0,0.0,0.08,100.0,0.33,4.43,77.36,1.5,61.11,0.25,33.33,0.84,0.17,4.35,71.15,82.65,8.19,0,,0,,0,0.0,0.0,0.0,,,0.25,,1.8399999999999999,0.42,0.17,0.0,0.33,0,0
A. Mukhammed,Aliyar Mukhammed,517625,Kaisar,Kaisar,https://cdn5.wyscout.com/photos/team/public/g1352_120x120.png,Premier League,CF,CF,100,,0,,0,25,2001-03-20,75000,2026-12-31,18,1077,1,2.63,0,0.13,21.23,32.28,Kazakhstan,['Kazakhstan'],left,190,0,False,3.84,2.51,43.33,6.35,26.32,0.08,0.11,0.08,2.67,3.5700000000000003,1.42,2,0.17,0,0.0,2.01,0.08,1,0.08,0.22,0,0.0,23,1.92,52.17,4.348,0.0,0.42,40.0,0.42,40.0,0.0,0.0,0.08,1.67,50.0,8.69,32.69,2.42,1.5,0.17,7.19,1.25,1.75,9.19,70.0,2.26,48.15,2.76,87.88,8.27,73.74,0.58,28.57,15.56,6.5600000000000005,0.01,0.25,0.17,0.0,0.08,0.0,0.0,1.25,73.33,0.75,44.44,0.08,0.0,0.17,0.17,1.25,53.33,75.0,2.34,0,,0,,0,0.0,0.0,0.0,,,0.0,,6.35,0.0,0.0,0.0,0.0,0,0
Y. Shimamura,Yushi Shimamura,-334978,Irtysh,Irtysh,https://cdn5.wyscout.com/photos/team/public/1361_120x120.png,Premier League,"LCMF, RCMF, AMF",LCMF,30,RCMF,23,AMF,17,26,1999-12-20,0,2026-12-31,16,1059,1,1.51,0,0.45,16.66,41.33,Japan,['Japan'],right,174,70,False,4.67,4.33,60.78,3.23,31.58,0.17,0.24,0.25,1.87,2.63,1.02,2,0.17,0,0.0,1.44,0.08,1,0.08,0.13,0,0.0,16,1.3599999999999999,43.75,6.25,0.0,0.59,28.57,0.51,16.67,0.08,100.0,0.08,1.3599999999999999,50.0,7.14,35.71,1.3599999999999999,1.53,0.17,20.23,0.68,1.02,28.05,85.45,6.71,73.42,5.52,95.38,26.69,87.26,0.85,60.0,16.18,14.2,0.04,0.68,0.08,0.0,0.0,0.0,0.17,3.65,86.05,0.85,70.0,0.08,0.0,0.68,0.17,3.4,82.5,90.99,9.43,0,,0,,0,0.0,0.0,0.0,,,0.17,,3.23,0.0,0.0,0.0,0.08,0,0
S. Ivanov,Sergey Ivanov,-293653,Altay,Altay,https://cdn5.wyscout.com/photos/team/public/g36010_120x120.png,Premier League,"LB5, LCB3, CB",LB5,48,LCB3,24,CB,11,22,2004-07-05,0,,16,1058,0,0.25,1,0.4,13.61,60.62,Kazakhstan,['Kazakhstan'],right,175,72,False,8.17,6.21,71.23,3.06,61.11,0.34,0.42,0.26,3.4,4.17,0.85,3,0.26,0,0.0,1.19,0.0,0,0.0,0.02,0,0.0,2,0.17,50.0,0.0,0.09,0.77,55.56,0.68,50.0,0.09,100.0,0.0,0.9400000000000001,63.64,2.55,46.67,0.17,0.34,0.09,13.1,0.77,0.85,21.44,69.84,11.06,58.46,2.7199999999999998,93.75,15.74,76.76,5.02,50.85,23.5,38.67,0.03,0.26,0.0,0.0,0.09,100.0,0.17,4.0,57.45,1.53,44.44,0.51,66.67,0.6000000000000001,0.34,7.23,67.06,83.33,5.1,0,,0,,0,0.0,0.0,0.0,,,0.68,,3.06,0.09,0.0,0.0,0.0,0,0
I. Bašić,Ivan Bašić,-153576,Astana,Astana,https://cdn5.wyscout.com/photos/team/public/2405_120x120.png,Premier League,"RCMF, RDMF, LDMF",RCMF,43,RDMF,27,LDMF,12,24,2002-04-30,1000000,2026-12-31,11,1055,2,2.12,2,2.4,15.78,61.08,Bosnia and Herzegovina,['Bosnia and Herzegovina'],left,178,75,False,5.89,5.8,64.71,1.02,66.67,0.17,0.27,0.09,1.96,3.07,1.45,2,0.17,1,0.09,2.8200000000000003,0.17,2,0.17,0.18,0,0.0,27,2.3,25.93,7.407,0.17,0.77,77.78,0.51,66.67,0.09,100.0,0.34,2.05,79.17,7.51,59.09,1.02,0.77,0.0,49.05,0.09,1.96,61.0,91.61,15.95,82.35,8.27,98.97,54.09,94.64,6.23,67.12,20.96,41.02,0.2,1.28,0.0,0.0,0.09,0.0,0.68,8.7,76.47,1.79,61.9,0.6000000000000001,42.86,1.3599999999999999,0.6000000000000001,7.93,84.95,94.78,29.43,0,,0,,0,0.0,0.0,0.0,,,0.85,,1.02,0.34,0.17,0.0,0.51,1,0
S. Basmanov,Stanislav  Basmanov,517626,Astana,Astana,https://cdn5.wyscout.com/photos/team/public/2405_120x120.png,Premier League,"CF, RWB",CF,45,RWB,16,,0,25,2001-06-24,175000,2026-12-31,15,1055,3,3.08,2,0.53,16.04,41.49,Kazakhstan,['Kazakhstan'],right,176,60,False,4.01,3.07,52.78,2.3,33.33,0.26,0.4,0.34,2.13,3.36,1.54,3,0.26,0,0.0,3.07,0.26,3,0.26,0.26,0,0.0,25,2.13,48.0,12.0,0.17,0.9400000000000001,27.27,0.34,25.0,0.6000000000000001,28.57,0.17,2.64,67.74,7.68,46.67,2.56,0.68,0.09,25.68,1.11,1.19,33.95,89.95,6.31,83.78,8.7,94.12,30.63,93.04,2.47,75.86,16.59,23.89,0.04,1.11,0.0,0.09,0.0,0.0,0.26,2.73,78.13,0.6000000000000001,28.57,0.09,0.0,0.9400000000000001,0.17,3.24,78.95,91.39,12.88,0,,0,,0,0.0,0.0,0.0,,,0.43,,2.3,0.0,0.0,0.0,0.0,0,0
N. Anuarbekov,Nurbol Anuarbekov,-32299,Zhetysu,Zhetysu,https://cdn5.wyscout.com/photos/team/public/g1364_120x120.png,Premier League,"CF, AMF",CF,84,AMF,10,,0,27,1998-07-14,0,2026-12-31,17,1044,6,3.35,1,1.12,16.72,41.24,Kazakhstan,['Kazakhstan'],right,187,72,False,2.93,2.5,62.07,3.71,34.88,0.0,0.0,0.09,1.38,2.14,0.86,2,0.17,0,0.0,1.98,0.52,6,0.52,0.29,1,0.09,16,1.38,68.75,37.5,0.09,1.47,41.18,0.52,50.0,0.9500000000000001,36.36,0.0,0.86,50.0,7.16,39.76,3.36,0.9500000000000001,0.09,14.14,2.16,2.41,16.72,76.8,4.05,61.7,3.9699999999999998,89.13,14.57,80.47,0.86,70.0,16.79,15.41,0.1,0.9500000000000001,0.09,0.0,0.0,0.0,0.26,1.9,72.73,1.6400000000000001,73.68,0.26,100.0,1.12,0.6900000000000001,2.67,77.42,75.0,4.83,0,,0,,0,0.0,0.0,0.0,,,0.09,,3.71,0.0,0.0,0.0,0.0,0,0
Pibe,Agustín Emanuel Pastoriza Cacabelos,342309,Aktobe,Aktobe,https://cdn5.wyscout.com/photos/team/public/1360_120x120.png,Premier League,"RAMF, RWF, RW",RAMF,38,RWF,27,RW,21,30,1996-01-31,300000,2026-12-31,16,1040,1,1.12,1,2.93,22.24,50.58,Argentina,"['Argentina', 'Spain']",left,177,68,False,6.06,6.14,66.2,1.6400000000000001,36.84,0.09,0.14,0.0,1.9,3.16,1.9,2,0.17,0,0.0,4.33,0.09,1,0.09,0.1,0,0.0,23,1.99,17.39,4.348,0.09,2.68,22.58,0.17,0.0,2.51,24.14,0.43,6.4,51.35,12.2,46.81,2.34,1.56,0.09,19.3,2.34,2.34,26.83,69.35,7.96,59.78,7.1,87.8,22.24,77.82,1.99,34.78,17.45,22.45,0.25,1.99,0.09,0.0,0.17,50.0,0.87,3.12,50.0,3.12,41.67,0.35000000000000003,25.0,0.87,0.6900000000000001,4.76,78.18,58.97,6.75,0,,0,,0,0.0,0.0,0.0,,,0.0,,1.6400000000000001,1.82,0.26,33.33,3.46,0,0
H. Ilić,Hrvoje Ilić,440093,Yelimay Semey,Yelimay Semey,https://cdn5.wyscout.com/photos/team/public/g-17973_120x120.png,Premier League,"RCMF3, AMF",RCMF3,74,AMF,18,,0,27,1999-04-14,0,2026-12-31,16,1031,0,1.02,3,2.13,15.89,54.4,Croatia,['Croatia'],left,181,71,False,5.15,3.4,58.97,2.5300000000000002,58.62,0.26,0.4,0.0,2.88,4.44,0.87,1,0.09,0,0.0,2.9699999999999998,0.0,0,0.0,0.09,0,0.0,13,1.13,23.08,0.0,0.26,0.87,30.0,0.35000000000000003,25.0,0.52,33.33,0.09,3.67,66.67,8.64,54.55,1.6600000000000001,1.13,0.17,16.67,1.05,2.36,26.62,78.03,9.08,64.42,6.11,91.43,22.61,81.47,3.14,66.67,18.77,29.36,0.19,1.83,0.0,0.09,0.09,0.0,0.61,4.02,71.74,2.1,70.83,0.7000000000000001,62.5,1.22,0.26,4.89,73.21,85.0,6.98,0,,0,,0,0.0,0.0,0.0,,,0.44,,2.5300000000000002,1.22,0.0,0.0,2.36,0,0
S. Abzalov,Shokan Abzalov,-118100,Zhetysu,Zhetysu,https://cdn5.wyscout.com/photos/team/public/g1364_120x120.png,Premier League,"RWF, RW, CF",RWF,33,RW,20,CF,16,32,1993-09-11,125000,2026-12-31,17,1030,0,1.18,1,1.13,21.06,42.32,Uzbekistan,['Uzbekistan'],right,182,0,False,6.73,7.34,51.19,4.02,30.43,0.09,0.12,0.35000000000000003,2.88,4.06,2.71,2,0.17,0,0.0,2.1,0.0,0,0.0,0.1,0,0.0,7,0.61,28.57,0.0,0.09,1.75,40.0,0.44,60.0,1.31,33.33,0.17,2.1,58.33,7.08,40.74,2.27,1.4,0.26,17.04,2.71,1.05,25.17,73.61,5.33,52.46,5.94,94.12,21.93,76.49,1.57,66.67,15.71,22.73,0.1,0.61,0.17,0.0,0.0,0.0,0.44,2.8,65.63,1.75,55.0,0.17,50.0,0.7000000000000001,0.87,3.93,64.44,67.07,7.17,0,,0,,0,0.0,0.0,0.0,,,0.17,,4.02,0.0,0.0,0.0,0.0,0,0
Élder Santana,Élder Santana Conceição,227538,Zhenys,Zhenys,https://cdn5.wyscout.com/photos/team/public/g-13910_120x120.png,Premier League,CF,CF,100,,0,,0,33,1993-04-07,250000,2026-12-31,13,1029,0,1.37,0,1.28,28.34,30.86,Brazil,['Brazil'],right,186,88,False,2.9699999999999998,2.19,56.0,14.43,28.48,0.17,0.24,0.17,1.57,2.17,1.4,0,0.0,0,0.0,1.57,0.0,0,0.0,0.12,0,0.0,13,1.1400000000000001,38.46,0.0,0.0,0.52,66.67,0.44,60.0,0.09,100.0,0.09,1.49,47.06,8.57,27.55,2.36,0.61,0.09,5.95,1.75,1.75,10.76,76.42,2.1,66.67,3.06,85.71,9.8,75.89,0.44,100.0,15.11,10.42,0.11,0.61,0.0,0.0,0.09,100.0,0.61,0.61,85.71,1.05,75.0,0.09,100.0,0.79,0.35000000000000003,1.4,100.0,78.13,2.8,0,,0,,0,0.0,0.0,0.0,,,0.0,,14.43,0.0,0.0,0.0,0.0,0,0
J. Bjartalíð,Jóannes Bjartalíð,333898,Kyzyl-Zhar,Kyzyl-Zhar,https://cdn5.wyscout.com/photos/team/public/g1367_120x120.png,Premier League,"RWF, CF, RCMF3",RWF,36,CF,14,RCMF3,13,30,1996-07-10,400000,2026-12-31,15,1023,3,1.79,2,1.74,13.99,34.59,Faroe Islands,['Faroe Islands'],left,180,75,False,4.49,3.96,51.11,2.46,28.57,0.18,0.25,0.0,2.29,3.2,0.62,0,0.0,0,0.0,1.76,0.26,3,0.26,0.16,0,0.0,13,1.1400000000000001,38.46,23.077,0.18,0.79,33.33,0.35000000000000003,0.0,0.44,60.0,0.09,1.85,47.62,6.07,33.33,1.32,0.7000000000000001,0.18,13.37,1.4100000000000001,0.7000000000000001,19.79,78.22,5.45,62.9,6.42,91.78,17.86,81.77,1.1400000000000001,53.85,15.2,19.67,0.15,0.97,0.0,0.09,0.26,66.67,0.26,2.29,57.69,1.58,44.44,0.53,50.0,0.62,0.18,2.29,57.69,82.0,4.4,0,,0,,0,0.0,0.0,0.0,,,0.18,,2.46,1.4100000000000001,0.0,0.0,1.23,0,0
M. Serikbay,Meyrambek Serikbay,-267011,Caspiy,Caspiy,https://cdn5.wyscout.com/photos/team/public/g3933_120x120.png,Premier League,"RCMF, AMF, RDMF",RCMF,26,AMF,17,RDMF,16,26,1999-12-16,0,2026-12-31,15,1019,1,0.56,0,0.47000000000000003,11.13,50.0,Kazakhstan,['Kazakhstan'],right,175,0,False,7.77,6.09,62.32,1.4100000000000001,43.75,0.09,0.11,0.35000000000000003,3.89,4.8,0.97,1,0.09,0,0.0,0.44,0.09,1,0.09,0.05,0,0.0,8,0.71,50.0,12.5,0.0,0.35000000000000003,25.0,0.18,50.0,0.18,0.0,0.0,0.0,0.0,2.47,32.14,1.4100000000000001,0.0,0.0,14.75,0.44,0.53,24.55,81.65,9.01,72.55,4.42,96.0,21.73,85.77,2.56,51.72,18.11,28.52,0.04,0.26,0.18,0.09,0.0,0.0,0.09,3.27,67.57,0.88,70.0,0.09,0.0,0.71,0.09,4.59,59.62,82.14,7.42,0,,0,,0,0.0,0.0,0.0,,,0.26,,1.4100000000000001,0.09,0.0,0.0,0.35000000000000003,0,0
R. Orynbasar,Rauan Orynbasar,465000,Zhetysu,Zhetysu,https://cdn5.wyscout.com/photos/team/public/g1364_120x120.png,Premier League,"LCB3, RCB3",LCB3,75,RCB3,20,,0,28,1998-03-01,75000,2026-12-31,13,1005,0,0.5,0,0.0,11.37,58.27,Kazakhstan,['Kazakhstan'],right,184,80,False,8.51,4.84,64.81,3.13,62.86,0.9,1.3,0.54,4.48,6.52,1.16,3,0.27,0,0.0,0.18,0.0,0,0.0,0.04,0,0.0,3,0.27,33.33,0.0,0.0,0.36,0.0,0.18,0.0,0.18,0.0,0.0,0.18,50.0,1.16,46.15,0.54,0.18,0.0,30.63,1.16,0.9,43.88,85.51,21.85,79.51,2.87,87.5,36.27,91.36,7.34,59.76,20.6,36.08,0.0,0.0,0.09,0.0,0.0,0.0,0.0,6.8100000000000005,69.74,0.63,0.0,0.18,0.0,0.09,0.0,7.88,68.18,93.14,15.67,0,,0,,0,0.0,0.0,0.0,,,1.07,,3.13,0.0,0.0,0.0,0.0,0,0
A. Cissé,Abdoulaye Cissé,332274,Tobol,Tobol,https://cdn5.wyscout.com/photos/team/public/1195_120x120.png,Premier League,"LCMF, LDMF, RDMF",LCMF,48,LDMF,30,RDMF,12,30,1996-02-13,0,2026-12-31,15,1004,0,0.92,0,0.23,14.79,55.76,Guinea,['Guinea'],right,181,76,False,6.27,6.01,55.22,4.3,66.67,0.0,0.0,0.45,2.96,4.8100000000000005,1.34,1,0.09,0,0.0,0.36,0.0,0,0.0,0.08,0,0.0,11,0.99,9.09,0.0,0.0,0.27,33.33,0.18,0.0,0.09,100.0,0.0,0.27,66.67,2.69,46.67,0.72,1.25,0.09,23.04,0.0,0.99,34.24,88.74,10.4,76.72,4.12,93.48,32.54,90.63,1.43,56.25,18.27,21.09,0.02,0.27,0.09,0.0,0.0,0.0,0.0,5.47,85.25,0.63,42.86,0.09,100.0,0.45,0.09,4.39,69.39,95.88,15.24,0,,0,,0,0.0,0.0,0.0,,,0.45,,4.3,0.0,0.0,0.0,0.0,0,0
V. Shvyryov,Vyacheslav Shvyryov,509180,Irtysh,Irtysh,https://cdn5.wyscout.com/photos/team/public/1361_120x120.png,Premier League,CF,CF,92,,0,,0,25,2001-01-07,300000,2026-12-31,15,994,0,3.87,2,1.15,17.57,31.44,Kazakhstan,"['Kazakhstan', 'Russia']",right,176,69,False,2.81,3.35,40.54,3.5300000000000002,25.64,0.18,0.25,0.18,1.27,1.76,1.3599999999999999,1,0.09,0,0.0,2.17,0.0,0,0.0,0.35000000000000003,0,0.0,21,1.9,47.62,0.0,0.18,0.81,55.56,0.18,50.0,0.54,50.0,0.09,1.72,47.37,7.42,31.71,3.98,1.09,0.09,10.68,1.3599999999999999,1.45,16.03,70.62,4.53,46.0,4.16,89.13,14.85,73.17,0.36,0.0,16.08,10.59,0.1,0.45,0.0,0.0,0.0,0.0,0.45,1.72,52.63,1.18,30.77,0.18,0.0,0.81,0.36,1.45,75.0,76.92,3.5300000000000002,0,,0,,0,0.0,0.0,0.0,,,0.09,,3.5300000000000002,0.0,0.0,0.0,0.0,1,0
A. Zuev,Aleksandr Zuev,269970,Tobol,Tobol,https://cdn5.wyscout.com/photos/team/public/1195_120x120.png,Premier League,"LWB, LAMF, RAMF",LWB,18,LAMF,16,RAMF,14,30,1996-06-26,750000,2026-12-31,17,984,2,1.16,1,0.52,12.26,44.78,Kazakhstan,"['Kazakhstan', 'Russia']",right,177,68,False,4.3,3.29,63.89,2.74,30.0,0.09,0.16,0.18,2.1,3.58,0.64,1,0.09,0,0.0,2.47,0.18,2,0.18,0.11,0,0.0,19,1.74,42.11,10.526,0.09,1.28,42.86,0.55,50.0,0.64,42.86,0.0,1.83,65.0,5.03,40.0,2.38,1.28,0.64,17.84,1.1,0.64,26.25,78.75,8.32,73.63,6.77,83.78,23.87,80.46,1.19,76.92,15.89,15.82,0.05,0.8200000000000001,0.0,0.09,0.0,0.0,0.37,3.11,76.47,1.46,75.0,0.0,0.0,0.91,0.55,4.12,82.22,82.81,5.85,0,,0,,0,0.0,0.0,0.0,,,0.09,,2.74,0.0,0.0,0.0,0.0,0,0
D. Abagna,David Abagna,-300474,Ordabasy,Ordabasy,https://cdn5.wyscout.com/photos/team/public/1363_120x120.png,Premier League,"RCMF3, RCMF, LCMF",RCMF3,23,RCMF,19,LCMF,15,27,1998-09-09,0,2027-12-31,12,979,1,1.57,1,1.09,14.07,54.9,Ghana,['Ghana'],right,177,0,False,6.53,5.42,66.1,1.1,41.67,0.18,0.28,0.18,2.76,4.25,1.47,0,0.0,0,0.0,2.21,0.09,1,0.09,0.14,0,0.0,23,2.11,21.74,4.348,0.09,1.1,25.0,0.28,66.67,0.8300000000000001,11.11,0.28,1.8399999999999999,70.0,5.61,54.1,1.75,3.22,0.92,35.21,0.46,1.2,44.4,87.16,12.32,77.61,5.52,93.33,41.46,90.02,1.9300000000000002,57.14,17.73,32.66,0.1,1.2,0.0,0.09,0.28,66.67,0.92,7.26,86.08,2.21,62.5,0.55,66.67,1.01,0.28,6.8,77.03,90.29,18.94,0,,0,,0,0.0,0.0,0.0,,,0.09,,1.1,0.0,0.0,0.0,0.0,0,0
A. Adakhadzhiev,Adam Adakhadzhiev,463507,Zhetysu,Zhetysu,https://cdn5.wyscout.com/photos/team/public/g1364_120x120.png,Premier League,"RCMF, LCMF, DMF",RCMF,30,LCMF,26,DMF,23,27,1998-11-23,0,2026-12-31,12,978,1,0.29,0,0.05,10.31,47.32,Kazakhstan,"['Kazakhstan', 'Russia']",right,176,0,False,6.99,5.71,59.68,2.02,45.45,0.55,0.8,0.28,3.04,4.38,1.2,3,0.28,0,0.0,0.55,0.09,1,0.09,0.03,0,0.0,12,1.1,16.67,8.333,0.0,0.28,66.67,0.0,0.0,0.28,66.67,0.0,0.28,66.67,1.38,26.67,0.18,0.18,0.0,28.07,0.18,0.0,39.2,85.45,10.21,67.57,6.9,94.67,33.59,89.32,5.34,62.07,19.81,36.49,0.0,0.28,0.0,0.0,0.0,0.0,0.09,4.97,68.52,0.92,40.0,0.09,0.0,0.18,0.28,5.8,65.08,94.67,15.55,0,,0,,0,0.0,0.0,0.0,,,0.8300000000000001,,2.02,0.09,0.0,0.0,0.18,0,0
A. Adil,Aslan Adil,444103,Kyzyl-Zhar,Kyzyl-Zhar,https://cdn5.wyscout.com/photos/team/public/g1367_120x120.png,Premier League,"LWF, LB5, CF",LWF,27,LB5,16,CF,13,28,1998-01-13,200000,2027-12-31,16,967,1,0.71,2,0.98,19.08,38.05,Kazakhstan,['Kazakhstan'],right,170,57,False,6.42,5.21,53.57,3.44,18.92,0.37,0.56,0.09,3.26,4.88,1.49,7,0.65,0,0.0,2.33,0.09,1,0.09,0.07,0,0.0,6,0.56,50.0,16.667,0.19,2.51,33.33,1.77,36.84,0.74,25.0,0.37,2.89,38.71,8.47,37.36,1.58,0.84,0.47000000000000003,12.01,2.05,1.6800000000000002,18.61,74.0,4.65,54.0,6.14,96.97,15.08,82.1,1.21,53.85,20.15,21.31,0.09,0.65,0.19,0.0,0.09,100.0,0.28,1.77,52.63,2.23,50.0,0.19,100.0,0.47000000000000003,0.74,2.98,71.88,64.15,4.93,0,,0,,0,0.0,0.0,0.0,,,0.09,,3.44,0.47000000000000003,0.0,0.0,0.74,0,0
Henrique Devens,Henrique Sarmengue Devens,-127997,Atyrau,Atyrau,https://cdn5.wyscout.com/photos/team/public/4450_120x120.png,Premier League,"CF, LWF, RWF",CF,40,LWF,29,RWF,10,29,1997-06-20,200000,2026-12-31,13,963,2,1.11,0,0.07,13.64,37.67,Brazil,"['Brazil', 'Luxembourg']",right,177,75,False,4.67,2.9,67.74,3.36,22.22,0.0,0.0,0.09,2.71,2.91,0.84,2,0.19,0,0.0,1.5,0.19,2,0.19,0.1,0,0.0,13,1.21,38.46,15.385,0.0,1.5,18.75,1.03,18.18,0.47000000000000003,20.0,0.09,1.6800000000000002,44.44,5.61,33.33,2.71,1.03,0.19,11.4,1.78,0.93,17.94,65.63,3.64,46.15,5.23,91.07,14.58,75.64,1.96,23.81,17.76,25.09,0.01,0.09,0.0,0.0,0.0,0.0,0.09,1.5899999999999999,41.18,0.93,40.0,0.09,100.0,0.09,0.28,2.24,33.33,60.0,5.14,0,,0,,0,0.0,0.0,0.0,,,0.0,,3.36,0.0,0.0,0.0,0.0,0,0
D. Esimbekov,David Esimbekov,-348571,Caspiy,Caspiy,https://cdn5.wyscout.com/photos/team/public/g3933_120x120.png,Premier League,"RCMF, LCMF, LCMF3",RCMF,21,LCMF,20,LCMF3,19,21,2004-09-11,0,2026-12-31,13,957,0,0.79,0,0.2,15.14,46.58,Kazakhstan,['Kazakhstan'],right,170,63,False,7.15,6.11,60.0,2.35,16.0,0.47000000000000003,0.5700000000000001,0.09,3.01,3.65,1.22,1,0.09,0,0.0,1.97,0.0,0,0.0,0.07,0,0.0,16,1.5,25.0,0.0,0.0,0.9400000000000001,30.0,0.38,0.0,0.56,50.0,0.28,2.16,60.87,5.27,44.64,1.13,0.75,0.19,13.35,0.38,0.75,25.49,80.44,6.58,62.86,6.3,95.52,22.19,85.59,2.35,52.0,20.17,31.35,0.02,0.28,0.0,0.0,0.09,0.0,0.09,3.48,56.76,1.03,45.45,0.47000000000000003,40.0,0.47000000000000003,0.28,3.2,73.53,84.04,8.84,0,,0,,0,0.0,0.0,0.0,,,0.56,,2.35,0.38,0.0,0.0,0.28,0,0
Pablo Álvarez,Pablo Álvarez García,-138490,Aktobe,Aktobe,https://cdn5.wyscout.com/photos/team/public/1360_120x120.png,Premier League,"RCMF, DMF, LCMF",RCMF,33,DMF,29,LCMF,19,29,1997-04-23,0,2026-12-31,12,956,0,0.14,1,0.65,11.11,48.31,Spain,['Spain'],left,185,76,False,5.27,5.55,52.54,2.26,54.17,0.38,0.64,0.09,1.98,3.35,2.26,3,0.28,0,0.0,0.56,0.0,0,0.0,0.01,0,0.0,6,0.56,50.0,0.0,0.09,0.28,0.0,0.19,0.0,0.09,0.0,0.09,0.66,42.86,2.07,36.36,0.28,1.32,0.09,22.78,0.0,0.56,32.2,86.26,9.13,69.07,5.18,92.73,29.28,90.68,2.64,46.43,18.05,30.7,0.06,0.47000000000000003,0.09,0.09,0.0,0.0,0.19,4.14,75.0,1.04,36.36,0.19,0.0,0.47000000000000003,0.0,4.61,65.31,92.37,12.33,0,,0,,0,0.0,0.0,0.0,,,0.19,,2.26,0.28,0.0,0.0,0.0,0,0
Z. Zhumashev,Zhaslan Zhumashev,-128013,Tobol,Tobol,https://cdn5.wyscout.com/photos/team/public/1195_120x120.png,Premier League,"RAMF, RW",RAMF,32,RW,17,,0,24,2001-09-27,150000,2026-12-31,13,955,5,2.76,0,0.24,21.39,45.81,Kazakhstan,['Kazakhstan'],both,175,0,False,7.26,6.13,63.08,2.54,40.74,0.19,0.30000000000000004,0.0,3.2,5.05,1.7000000000000002,2,0.19,0,0.0,2.36,0.47000000000000003,5,0.47000000000000003,0.26,0,0.0,22,2.07,31.82,22.727,0.0,1.23,23.08,0.28,0.0,0.9400000000000001,30.0,0.19,2.92,48.39,9.33,39.39,3.02,1.32,0.47000000000000003,19.32,1.4100000000000001,1.98,24.88,78.41,5.65,68.33,7.45,89.87,22.71,82.57,1.13,58.33,15.61,18.8,0.02,0.38,0.0,0.0,0.09,0.0,0.28,2.17,60.87,1.04,27.27,0.09,0.0,0.5700000000000001,0.09,3.2,70.59,80.82,6.88,0,,0,,0,0.0,0.0,0.0,,,0.0,,2.54,0.0,0.0,0.0,0.0,0,0
Z. Amir,Zhassulan Amir,-438102,Ordabasy,Ordabasy,https://cdn5.wyscout.com/photos/team/public/1363_120x120.png,Premier League,"CF, RCMF",CF,55,RCMF,15,,0,19,2006-12-26,0,,17,954,7,5.43,2,1.58,20.38,46.3,Kazakhstan,['Kazakhstan'],unknown,167,51,False,3.77,3.58,52.63,4.25,37.78,0.09,0.16,0.19,1.79,3.03,1.6,3,0.28,0,0.0,4.43,0.66,7,0.66,0.51,2,0.19,32,3.02,37.5,21.875,0.19,2.64,32.14,1.32,42.86,1.32,21.43,0.28,3.4,72.22,10.28,50.46,5.28,2.64,0.5700000000000001,11.7,1.8900000000000001,2.08,16.32,67.05,4.43,65.96,2.55,81.48,13.11,76.26,0.85,22.22,16.7,15.71,0.15,1.23,0.0,0.0,0.0,0.0,0.9400000000000001,1.13,58.33,2.08,45.45,0.09,0.0,1.23,0.75,1.8900000000000001,70.0,62.26,5.0,0,,0,,0,0.0,0.0,0.0,,,0.09,,4.25,0.0,0.0,0.0,0.0,0,0
G. Zhukov,Georgi Zhukov,241630,Aktobe,Aktobe,https://cdn5.wyscout.com/photos/team/public/1360_120x120.png,Premier League,"LCMF, RCMF, LDMF",LCMF,36,RCMF,30,LDMF,18,31,1994-11-19,600000,2026-12-31,13,951,0,0.24,0,0.05,13.72,50.34,Kazakhstan,['Kazakhstan'],right,172,76,False,7.48,4.07,60.47,3.03,43.75,0.38,0.5700000000000001,0.19,4.64,7.03,0.85,3,0.28,0,0.0,1.23,0.0,0,0.0,0.02,0,0.0,5,0.47000000000000003,20.0,0.0,0.0,0.9500000000000001,30.0,0.28,33.33,0.66,28.57,0.09,1.42,60.0,5.02,49.06,1.1400000000000001,0.85,0.38,26.59,0.66,1.7000000000000002,39.94,84.36,11.74,73.39,8.23,94.25,35.58,88.3,3.41,58.33,18.35,27.25,0.0,0.47000000000000003,0.0,0.09,0.0,0.0,0.0,5.68,73.33,1.1400000000000001,50.0,0.28,33.33,0.38,0.28,5.58,64.41,90.78,13.34,0,,0,,0,0.0,0.0,0.0,,,0.19,,3.03,0.0,0.0,0.0,0.0,0,0
B. Islamkhan,Bauyrzhan Islamkhan,180447,Astana,Astana,https://cdn5.wyscout.com/photos/team/public/2405_120x120.png,Premier League,"AMF, CF",AMF,70,CF,10,,0,33,1993-02-23,450000,2026-12-31,16,940,0,1.3,4,2.08,12.54,41.98,Kazakhstan,['Kazakhstan'],right,174,63,False,4.02,3.73,64.1,1.34,21.43,0.19,0.32,0.0,1.44,2.43,0.5700000000000001,0,0.0,0,0.0,3.45,0.0,0,0.0,0.12,0,0.0,18,1.72,44.44,0.0,0.38,1.82,57.89,1.15,41.67,0.5700000000000001,83.33,0.67,2.01,57.14,5.84,37.7,2.11,2.3,0.19,52.95,1.34,0.86,63.77,86.79,16.18,75.15,12.45,95.38,57.64,89.53,4.31,62.22,17.22,29.86,0.2,2.2,0.0,0.1,0.67,71.43,1.34,8.33,78.16,4.31,66.67,0.96,60.0,2.49,1.34,8.33,78.16,90.63,24.51,0,,0,,0,0.0,0.0,0.0,,,0.1,,1.34,1.05,0.1,100.0,3.64,0,0
A. Abiken,Aybol Abiken,479195,Kaisar,Kaisar,https://cdn5.wyscout.com/photos/team/public/g1352_120x120.png,Premier League,"LCMF, RCMF3, RCMF",LCMF,46,RCMF3,18,RCMF,13,30,1996-06-01,450000,2026-12-31,12,935,3,2.66,1,0.2,21.18,54.55,Kazakhstan,['Kazakhstan'],right,182,65,False,7.7,6.93,62.5,6.26,56.92,0.58,0.79,0.19,2.79,3.83,0.96,2,0.19,0,0.0,2.7,0.29,3,0.29,0.26,0,0.0,35,3.37,34.29,8.571,0.1,1.6400000000000001,41.18,0.96,40.0,0.48,40.0,0.1,1.73,50.0,5.1,41.51,1.6400000000000001,0.58,0.19,29.45,1.06,1.6400000000000001,41.87,76.78,16.27,60.95,6.55,94.12,34.07,83.62,6.45,50.75,18.89,35.57,0.02,0.77,0.0,0.0,0.0,0.0,0.1,6.93,59.72,2.21,21.74,0.58,50.0,0.29,0.29,7.03,72.6,83.33,12.71,0,,0,,0,0.0,0.0,0.0,,,0.67,,6.26,0.58,0.58,50.0,0.1,0,0
V. Sovpel,Vasiliy Sovpel,-95350,Okzhetpes,Okzhetpes,https://cdn5.wyscout.com/photos/team/public/g1363_120x120.png,Premier League,"RWB, RB",RWB,78,RB,11,,0,27,1999-03-23,200000,2026-12-31,16,930,1,0.86,2,1.88,14.71,55.26,Belarus,['Belarus'],right,186,72,False,3.9699999999999998,3.1,56.25,2.81,48.28,0.0,0.0,0.0,2.23,3.35,0.77,0,0.0,0,0.0,5.32,0.1,1,0.1,0.08,0,0.0,5,0.48,60.0,20.0,0.19,5.32,47.27,0.1,0.0,5.13,49.06,1.26,3.68,68.42,8.03,56.63,0.97,3.39,0.68,22.16,2.13,1.35,36.0,75.81,10.94,69.91,6.97,93.06,26.71,83.33,4.16,60.47,20.53,30.83,0.18,1.74,0.1,0.0,0.0,0.0,0.77,3.87,60.0,6.0,50.0,0.48,0.0,0.58,3.0,9.1,77.66,69.4,12.97,0,,0,,0,0.0,0.0,0.0,,,0.29,,2.81,0.0,0.0,0.0,0.0,0,0
A. Beysebekov,Abzal Beysebekov,123345,Astana,Astana,https://cdn5.wyscout.com/photos/team/public/2405_120x120.png,Premier League,"LDMF, LCB3, RCMF",LDMF,26,LCB3,19,RCMF,16,33,1992-11-30,400000,2026-12-31,14,928,0,0.43,0,0.14,9.7,47.0,Kazakhstan,['Kazakhstan'],right,187,81,False,5.14,4.5600000000000005,53.19,1.94,45.0,0.29,0.45,0.19,2.42,3.71,0.78,1,0.1,1,0.1,0.48,0.0,0,0.0,0.04,0,0.0,7,0.68,14.29,0.0,0.0,0.58,33.33,0.1,0.0,0.48,40.0,0.1,0.48,40.0,2.33,37.5,1.07,0.39,0.0,43.35,0.58,0.58,54.8,91.33,18.91,86.67,6.89,98.59,51.98,93.28,2.23,60.87,17.59,25.74,0.01,0.48,0.29,0.0,0.1,0.0,0.19,7.76,88.75,0.87,44.44,0.1,0.0,0.39,0.29,9.21,80.0,93.91,22.31,0,,0,,0,0.0,0.0,0.0,,,0.97,,1.94,0.0,0.0,0.0,0.0,0,0
O. Kerimzhanov,Olzhas Kerimzhanov,123351,Kyzyl-Zhar,Kyzyl-Zhar,https://cdn5.wyscout.com/photos/team/public/g1367_120x120.png,Premier League,"CB, RCB",CB,78,RCB,16,,0,37,1989-05-16,150000,2026-12-31,11,904,0,0.6900000000000001,0,0.1,12.64,62.2,Kazakhstan,['Kazakhstan'],right,189,75,False,8.56,4.08,68.29,5.87,59.32,0.30000000000000004,0.39,0.4,5.48,7.24,1.3900000000000001,2,0.2,1,0.1,0.30000000000000004,0.0,0,0.0,0.07,0,0.0,4,0.4,50.0,0.0,0.0,0.0,0.0,0.0,0.0,0.0,0.0,0.0,0.1,100.0,0.9,66.67,0.5,0.4,0.1,18.22,0.0,0.30000000000000004,31.06,84.62,13.34,75.37,1.8900000000000001,94.74,26.78,90.33,4.28,48.84,20.24,34.23,0.01,0.2,0.0,0.0,0.0,0.0,0.1,2.69,48.15,0.4,0.0,0.30000000000000004,0.0,0.1,0.0,5.48,60.0,93.6,12.44,0,,0,,0,0.0,0.0,0.0,,,1.29,,5.87,0.0,0.0,0.0,0.0,0,0
Y. Makarenko,Yevgen Makarenko,136350,Kyzyl-Zhar,Kyzyl-Zhar,https://cdn5.wyscout.com/photos/team/public/g1367_120x120.png,Premier League,"LCMF3, RCMF, AMF",LCMF3,31,RCMF,17,AMF,16,35,1991-05-21,350000,2026-12-31,12,904,0,0.85,0,0.8300000000000001,16.63,52.69,Ukraine,['Ukraine'],left,186,83,False,4.88,4.78,45.83,4.08,58.54,0.2,0.32,0.30000000000000004,2.49,3.95,1.29,2,0.2,0,0.0,2.29,0.0,0,0.0,0.08,0,0.0,12,1.19,50.0,0.0,0.0,1.19,25.0,1.0,20.0,0.2,50.0,0.4,1.69,76.47,5.67,52.63,1.19,1.29,0.0,27.58,0.5,1.19,41.12,82.81,16.33,73.78,5.77,94.83,35.14,88.67,4.88,55.1,18.73,40.96,0.08,0.8,0.0,0.0,0.2,50.0,0.2,6.67,59.7,1.99,35.0,0.6000000000000001,16.67,0.8,0.2,6.57,75.76,84.48,11.55,0,,0,,0,0.0,0.0,0.0,,,0.1,,4.08,0.4,0.30000000000000004,33.33,0.2,0,0
Y. Vakulko,Yuriy Vakulko,402460,Ordabasy,Ordabasy,https://cdn5.wyscout.com/photos/team/public/1363_120x120.png,Premier League,"LCB3, LCMF, RCMF3",LCB3,25,LCMF,22,RCMF3,15,28,1997-11-10,500000,2027-12-31,16,903,0,0.09,2,1.47,13.95,48.57,Ukraine,['Ukraine'],right,183,73,False,8.07,5.78,62.07,2.49,40.0,0.2,0.30000000000000004,0.1,4.29,6.45,1.0,2,0.2,0,0.0,1.99,0.0,0,0.0,0.01,0,0.0,3,0.30000000000000004,0.0,0.0,0.2,2.69,37.04,1.4,28.57,1.3,46.15,0.5,1.1,54.55,4.09,34.15,1.4,1.3,0.0,34.09,0.5,0.9,48.24,84.3,20.73,82.69,5.88,93.22,40.76,90.95,4.88,53.06,18.56,25.05,0.15,1.69,0.1,0.0,0.4,100.0,0.8,10.27,79.61,4.39,54.55,0.6000000000000001,50.0,1.69,1.1,12.16,88.52,83.65,15.85,0,,0,,0,0.0,0.0,0.0,,,0.8,,2.49,1.2,0.0,0.0,1.2,0,0
Y. Pertsukh,Yuriy Pertsukh,403951,Kyzyl-Zhar,Kyzyl-Zhar,https://cdn5.wyscout.com/photos/team/public/g1367_120x120.png,Premier League,"LCMF, RCMF3, LCMF3",LCMF,35,RCMF3,12,LCMF3,11,30,1996-05-13,200000,2027-12-31,14,896,1,0.8,0,0.30000000000000004,12.35,54.47,Kazakhstan,['Kazakhstan'],right,186,85,False,6.13,6.93,56.52,1.31,61.54,0.2,0.29,0.1,2.01,2.9,2.21,1,0.1,1,0.1,0.8,0.1,1,0.1,0.08,1,0.1,13,1.31,23.08,7.692,0.0,0.4,0.0,0.1,0.0,0.30000000000000004,0.0,0.0,0.8,50.0,2.41,41.67,0.9,0.30000000000000004,0.30000000000000004,17.38,0.9,0.8,26.22,73.56,8.34,49.4,5.63,94.64,22.4,79.37,3.42,44.12,16.1,23.38,0.03,0.5,0.0,0.0,0.1,100.0,0.2,4.12,41.46,1.21,25.0,0.30000000000000004,66.67,0.4,0.0,4.12,58.54,82.54,6.33,0,,0,,0,0.0,0.0,0.0,,,0.30000000000000004,,1.31,0.0,0.0,0.0,0.0,0,0
A. Marochkin,Aleksandr Marochkin,399451,Tobol,Tobol,https://cdn5.wyscout.com/photos/team/public/1195_120x120.png,Premier League,"CB, RCB",CB,44,RCB,34,,0,35,1990-07-14,300000,2026-12-31,11,891,0,0.13,0,0.33,12.32,56.56,Kazakhstan,['Kazakhstan'],right,191,80,False,6.87,5.05,54.0,4.44,52.27,0.30000000000000004,0.45,0.81,3.84,5.7,1.01,2,0.2,0,0.0,0.30000000000000004,0.0,0,0.0,0.01,0,0.0,2,0.2,0.0,0.0,0.0,0.30000000000000004,66.67,0.0,0.0,0.1,100.0,0.1,0.1,100.0,0.71,71.43,0.4,0.4,0.0,22.73,0.2,0.1,36.36,88.33,15.05,76.51,2.42,87.5,32.32,92.81,3.74,51.35,20.89,37.85,0.03,0.2,0.0,0.1,0.0,0.0,0.1,3.03,73.33,0.51,60.0,0.30000000000000004,33.33,0.1,0.2,6.06,61.67,98.72,15.76,0,,0,,0,0.0,0.0,0.0,,,1.4100000000000001,,4.44,0.0,0.0,0.0,0.0,0,0
I. Sviridov,Ivan Sviridov,-101955,Yelimay Semey,Yelimay Semey,https://cdn5.wyscout.com/photos/team/public/g-17973_120x120.png,Premier League,CF,CF,97,,0,,0,24,2002-06-28,300000,2026-12-31,16,890,1,4.15,0,0.71,24.57,40.33,Kazakhstan,['Kazakhstan'],,0,0,False,3.84,3.94,69.23,5.76,38.6,0.2,0.32,0.1,0.91,1.46,2.02,0,0.0,0,0.0,2.5300000000000002,0.1,1,0.1,0.42,0,0.0,23,2.33,30.43,4.348,0.0,0.81,37.5,0.4,25.0,0.4,50.0,0.2,2.73,51.85,11.02,35.78,4.45,1.21,0.2,7.69,2.22,1.62,11.22,69.37,3.54,62.86,2.63,92.31,9.81,74.23,0.71,28.57,16.85,14.36,0.07,0.61,0.0,0.0,0.1,100.0,0.51,1.52,53.33,1.01,40.0,0.1,0.0,0.61,0.30000000000000004,1.21,66.67,65.38,2.63,0,,0,,0,0.0,0.0,0.0,,,0.0,,5.76,0.0,0.0,0.0,0.0,1,0
V. Stojkovic,Vladimir Stojkovic,373023,,Yelimay Semey,,,GK,GK,100,,0,,0,29,1996-10-04,325000,,9,881,0,0.0,0,0.0,0.92,88.89,Portugal,"['Portugal', 'Serbia']",right,192,84,False,2.45,0.1,100.0,0.61,100.0,0.0,0.0,0.0,2.35,3.65,0.0,0,0.0,0,0.0,0.0,0.0,0,0.0,0.0,0,0.0,0,0.0,0.0,0.0,0.0,0.0,0.0,0.0,0.0,0.0,0.0,0.0,0.0,0.0,0.1,100.0,0.0,0.0,0.0,7.46,0.51,0.2,12.97,79.53,7.76,65.79,0.0,0.0,7.15,98.57,5.82,56.14,35.51,51.95,0.0,0.0,0.0,0.0,0.0,0.0,0.0,1.74,35.29,0.2,0.0,0.0,0.0,0.0,0.0,3.47,85.29,100.0,4.8,9,0.92,32,3.27,2,71.88,7.58,0.77,-1.42,-0.145,0.0,1.12,0.61,,,,0.0,0,0
D. Ustimenko,Danil Ustimenko,465844,Tobol,Tobol,https://cdn5.wyscout.com/photos/team/public/1195_120x120.png,Premier League,GK,GK,100,,0,,0,25,2000-08-08,400000,2026-12-31,9,878,0,0.0,0,0.0,1.03,100.0,Kazakhstan,['Kazakhstan'],right,188,0,False,1.13,0.1,100.0,0.51,100.0,0.0,0.0,0.0,1.03,1.75,0.0,1,0.1,0,0.0,0.0,0.0,0,0.0,0.0,0,0.0,0,0.0,0.0,0.0,0.0,0.0,0.0,0.0,0.0,0.0,0.0,0.0,0.0,0.0,0.41000000000000003,100.0,0.0,0.0,0.0,9.33,0.1,0.62,16.81,84.76,10.35,78.22,0.0,0.0,10.46,99.02,6.36,61.29,35.58,54.59,0.0,0.0,0.0,0.0,0.0,0.0,0.0,2.9699999999999998,55.17,0.1,0.0,0.21,50.0,0.0,0.0,4.1,80.0,94.64,5.74,11,1.13,40,4.1,1,72.5,13.55,1.3900000000000001,2.55,0.261,0.0,1.85,0.51,,,,0.0,0,0
E. Berezkin,Evgeniy Berezkin,348067,Yelimay Semey,Yelimay Semey,https://cdn5.wyscout.com/photos/team/public/g-17973_120x120.png,Premier League,"DMF, LCMF3, LCMF",DMF,39,LCMF3,20,LCMF,17,30,1996-07-05,550000,2026-12-31,14,877,1,1.2,1,0.54,14.98,66.44,Belarus,['Belarus'],right,182,72,False,6.26,4.21,78.05,2.67,73.08,0.21,0.33,0.21,2.77,4.48,0.21,1,0.1,0,0.0,1.9500000000000002,0.1,1,0.1,0.12,1,0.1,15,1.54,20.0,6.667,0.1,1.03,40.0,0.41000000000000003,50.0,0.51,40.0,0.31,1.74,70.59,5.85,59.65,1.9500000000000002,2.05,0.31,17.45,0.51,1.6400000000000001,28.94,80.14,12.31,66.67,4.31,100.0,25.35,87.45,2.67,23.08,19.08,34.64,0.06,0.72,0.0,0.0,0.0,0.0,0.21,5.54,66.67,1.85,55.56,0.31,33.33,1.33,0.51,4.93,75.0,91.67,8.62,0,,0,,0,0.0,0.0,0.0,,,0.0,,2.67,0.0,0.0,0.0,0.0,0,0
Edmilson,Edmilson de Paula Santos Filho,-115263,Kairat,Kairat,https://cdn5.wyscout.com/photos/team/public/g1358_120x120.png,Premier League,CF,CF,100,,0,,0,29,1997-04-19,300000,2027-06-30,16,877,4,3.39,3,1.12,22.99,38.39,Brazil,['Brazil'],right,190,80,False,4.41,3.08,63.33,8.62,34.52,0.1,0.16,0.31,2.36,3.79,1.9500000000000002,2,0.21,0,0.0,2.36,0.41000000000000003,4,0.41000000000000003,0.35000000000000003,1,0.1,28,2.87,46.43,14.286,0.31,1.23,25.0,0.51,40.0,0.72,14.29,0.1,1.6400000000000001,37.5,7.18,31.43,4.93,0.51,0.31,13.65,2.36,1.13,17.45,67.06,3.69,58.33,2.05,85.0,15.8,70.78,0.41000000000000003,50.0,17.26,6.83,0.12,1.03,0.21,0.1,0.21,50.0,0.51,1.85,50.0,1.44,85.71,0.21,50.0,1.13,0.41000000000000003,1.9500000000000002,78.95,75.0,6.57,0,,0,,0,0.0,0.0,0.0,,,0.1,,8.62,0.0,0.0,0.0,0.0,0,0
E. Gorshunov,Elisey Gorshunov,-218710,Altay,Altay,https://cdn5.wyscout.com/photos/team/public/g36010_120x120.png,Premier League,"LB5, LWB, RCMF3",LB5,43,LWB,17,RCMF3,10,24,2002-07-08,0,2026-12-31,15,875,0,0.8200000000000001,1,1.69,13.58,52.27,Kazakhstan,['Kazakhstan'],,0,0,False,6.38,7.61,51.35,1.13,54.55,0.1,0.13,0.0,2.37,2.92,1.34,2,0.21,1,0.1,3.6,0.0,0,0.0,0.08,0,0.0,29,2.98,37.93,0.0,0.1,2.88,39.29,2.5700000000000003,44.0,0.31,0.0,0.31,2.06,60.0,3.91,52.63,0.8200000000000001,1.44,0.31,18.31,1.85,0.62,27.77,68.52,9.57,50.54,5.66,83.64,19.95,78.87,5.14,44.0,21.31,34.7,0.17,1.65,0.0,0.0,0.1,100.0,0.1,5.14,48.0,2.5700000000000003,48.0,0.41000000000000003,25.0,0.31,1.03,5.45,73.58,75.0,8.23,0,,0,,0,0.0,0.0,0.0,,,0.21,,1.13,2.26,0.8200000000000001,62.5,1.23,0,0
Diego Luna,Diego Alfonzo Luna Flores,474958,Zhetysu,Zhetysu,https://cdn5.wyscout.com/photos/team/public/g1364_120x120.png,Premier League,"LCB3, LCB",LCB3,88,LCB,10,,0,26,2000-01-02,800000,2026-12-31,9,871,0,0.06,0,0.05,12.5,59.5,Venezuela,['Venezuela'],right,184,75,False,8.06,5.17,62.0,4.24,58.54,0.0,0.0,0.8300000000000001,4.86,7.58,0.93,3,0.31,0,0.0,0.1,0.0,0,0.0,0.01,0,0.0,1,0.1,0.0,0.0,0.0,0.1,0.0,0.0,0.0,0.1,0.0,0.0,0.21,50.0,1.34,76.92,0.62,0.31,0.0,25.63,0.62,0.52,38.13,87.8,19.32,82.35,1.34,84.62,34.62,92.24,3.41,45.45,19.6,37.5,0.01,0.1,0.0,0.0,0.0,0.0,0.0,3.41,63.64,0.62,16.67,0.31,0.0,0.21,0.0,5.79,64.29,96.95,13.54,0,,0,,0,0.0,0.0,0.0,,,0.72,,4.24,0.0,0.0,0.0,0.0,0,0
E. Kaldybekov,Ersultan Kaldybekov,-218532,Kaisar,Kaisar,https://cdn5.wyscout.com/photos/team/public/g1352_120x120.png,Premier League,"RCMF3, RWB, RCMF",RCMF3,43,RWB,30,RCMF,13,24,2002-01-12,100000,2027-12-31,15,847,0,0.89,1,0.61,18.6,42.29,Kazakhstan,['Kazakhstan'],both,185,63,False,8.39,6.69,53.97,3.93,35.14,0.43,0.55,0.85,4.36,5.62,1.38,1,0.11,0,0.0,1.49,0.0,0,0.0,0.09,0,0.0,9,0.96,22.22,0.0,0.11,1.38,30.77,0.0,0.0,1.38,30.77,0.0,1.49,57.14,6.38,38.33,0.74,1.38,0.32,16.15,0.74,1.17,25.08,72.03,8.93,50.0,4.68,95.45,21.57,79.8,2.44,21.74,18.06,29.73,0.06,0.43,0.0,0.0,0.11,0.0,0.21,4.36,53.66,2.02,31.58,0.32,0.0,0.43,0.32,3.19,63.33,76.56,6.8,0,,0,,0,0.0,0.0,0.0,,,0.11,,3.93,0.0,0.0,0.0,0.0,0,0
T. Muldinov,Timur Muldinov,336113,Kyzyl-Zhar,Kyzyl-Zhar,https://cdn5.wyscout.com/photos/team/public/g1367_120x120.png,Premier League,"LWF, CF, RCMF3",LWF,32,CF,21,RCMF3,13,32,1993-09-19,100000,2026-12-31,16,845,2,1.57,1,0.49,15.98,36.0,Kazakhstan,['Kazakhstan'],,179,68,False,4.9,4.58,39.53,3.41,21.88,0.75,1.09,0.11,2.34,3.44,1.92,3,0.32,1,0.11,1.6,0.21,2,0.21,0.17,1,0.11,12,1.28,50.0,16.667,0.11,0.75,42.86,0.21,100.0,0.53,20.0,0.11,0.96,66.67,6.18,37.93,2.34,0.32,0.0,11.5,1.7000000000000002,1.6,17.04,73.13,3.41,50.0,5.75,88.89,15.34,76.39,0.96,44.44,18.24,15.36,0.05,0.43,0.11,0.0,0.0,0.0,0.21,0.96,44.44,0.85,75.0,0.11,0.0,0.53,0.32,2.24,42.86,71.05,4.05,0,,0,,0,0.0,0.0,0.0,,,0.0,,3.41,0.0,0.0,0.0,0.0,0,0
S. Zhumabekov,Salamat Zhumabekov,-349633,Kaisar,Kaisar,https://cdn5.wyscout.com/photos/team/public/g1352_120x120.png,Premier League,"LCB3, RCB3, LCMF3",LCB3,54,RCB3,20,LCMF3,13,22,2004-01-25,0,2026-12-31,13,840,0,0.43,0,0.15,13.61,46.46,Kazakhstan,['Kazakhstan'],right,185,77,False,6.0,4.07,47.37,5.14,54.17,0.21,0.31,0.21,3.86,5.51,0.32,1,0.11,0,0.0,0.64,0.0,0,0.0,0.05,0,0.0,6,0.64,0.0,0.0,0.0,0.75,57.14,0.54,40.0,0.21,100.0,0.0,0.64,33.33,3.0,32.14,0.43,1.3900000000000001,0.0,23.89,0.64,0.86,37.82,83.29,16.18,72.85,2.5700000000000003,87.5,31.82,90.24,5.25,44.9,20.06,29.09,0.02,0.54,0.0,0.11,0.0,0.0,0.0,4.61,69.77,1.9300000000000002,55.56,0.64,16.67,0.75,0.32,8.36,67.95,90.98,14.25,0,,0,,0,0.0,0.0,0.0,,,0.54,,5.14,0.0,0.0,0.0,0.0,0,0
M. Živanović,Marko Živanović,-142350,Zhetysu,Zhetysu,https://cdn5.wyscout.com/photos/team/public/g1364_120x120.png,Premier League,CF,CF,89,,0,,0,23,2003-06-28,0,,17,838,2,2.06,0,0.42,25.67,30.54,Serbia,['Serbia'],,0,0,False,4.62,3.65,52.94,7.95,25.68,0.11,0.17,0.11,2.58,4.0,1.9300000000000002,1,0.11,0,0.0,1.6099999999999999,0.21,2,0.21,0.22,1,0.11,15,1.6099999999999999,40.0,13.333,0.0,0.86,25.0,0.32,33.33,0.54,20.0,0.0,1.72,43.75,9.34,21.84,3.11,1.29,0.32,7.09,1.6099999999999999,1.6099999999999999,12.24,72.81,3.11,62.07,3.11,96.55,10.95,77.45,0.43,50.0,17.09,6.21,0.05,0.75,0.11,0.0,0.21,0.0,0.32,1.5,71.43,0.97,66.67,0.32,0.0,0.75,0.21,1.72,75.0,73.33,3.22,0,,0,,0,0.0,0.0,0.0,,,0.0,,7.95,0.0,0.0,0.0,0.0,0,0
D. Glazer,Dan Glazer,273302,Kairat,Kairat,https://cdn5.wyscout.com/photos/team/public/g1358_120x120.png,Premier League,"RDMF, RCMF",RDMF,82,RCMF,10,,0,29,1996-09-20,0,2026-12-31,11,827,0,0.18,0,0.12,11.54,57.55,Israel,"['Israel', 'Germany']",right,178,70,False,8.38,5.66,65.38,3.26,63.33,0.98,1.6400000000000001,0.33,3.7,6.18,1.31,3,0.33,0,0.0,0.33,0.0,0,0.0,0.02,0,0.0,4,0.44,0.0,0.0,0.0,0.22,100.0,0.0,0.0,0.22,100.0,0.0,0.22,50.0,1.52,21.43,0.22,0.33,0.11,31.45,0.11,0.54,47.45,84.63,13.28,65.57,8.6,96.2,43.86,87.84,3.37,41.94,16.93,24.88,0.01,0.54,0.0,0.11,0.0,0.0,0.0,7.29,70.15,1.09,50.0,0.11,0.0,0.65,0.22,4.68,65.12,91.67,19.59,0,,0,,0,0.0,0.0,0.0,,,0.44,,3.26,0.0,0.0,0.0,0.0,0,0
A. Shirobokov,Aleksandr Shirobokov,-103427,Kairat,Kairat,https://cdn5.wyscout.com/photos/team/public/g1358_120x120.png,Premier League,"LCB, RCB",LCB,67,RCB,24,,0,23,2003-01-02,0,2027-12-31,11,818,0,0.28,0,0.03,16.5,58.67,Kazakhstan,['Kazakhstan'],right,184,77,False,7.26,4.29,64.1,7.26,56.06,0.11,0.19,0.22,4.4,7.55,0.77,0,0.0,0,0.0,0.33,0.0,0,0.0,0.03,0,0.0,12,1.32,16.67,0.0,0.0,0.55,20.0,0.22,50.0,0.33,0.0,0.0,0.0,0.0,1.76,62.5,0.66,2.2,0.0,44.12,0.66,1.1,62.6,87.17,26.41,76.25,1.98,88.89,53.8,92.64,8.36,56.58,20.72,34.47,0.0,0.11,0.0,0.0,0.0,0.0,0.0,10.67,71.13,1.21,27.27,1.1,50.0,0.11,0.0,9.57,70.11,97.01,29.49,0,,0,,0,0.0,0.0,0.0,,,1.1,,7.26,0.11,0.11,0.0,0.0,0,0
S. Jovanović,Strahinja Jovanović,500148,Zhetysu,Zhetysu,https://cdn5.wyscout.com/photos/team/public/g1364_120x120.png,Premier League,"CF, LWF, AMF",CF,35,LWF,33,AMF,12,27,1999-06-01,100000,2026-12-31,14,808,1,2.75,0,0.39,16.6,33.56,Serbia,['Serbia'],right,180,68,False,3.45,2.12,68.42,3.01,18.52,0.33,0.49,0.11,1.67,2.47,1.34,1,0.11,0,0.0,2.56,0.11,1,0.11,0.31,0,0.0,21,2.34,42.86,4.7620000000000005,0.0,1.67,20.0,1.34,16.67,0.33,33.33,0.22,2.45,50.0,8.58,31.17,3.9,2.34,0.33,11.7,1.67,1.34,14.81,69.92,3.45,74.19,3.79,85.29,12.36,77.48,0.89,62.5,17.63,12.54,0.04,0.45,0.11,0.0,0.0,0.0,0.33,1.11,100.0,1.8900000000000001,52.94,0.0,0.0,1.11,0.22,2.7800000000000002,76.0,70.59,3.79,0,,0,,0,0.0,0.0,0.0,,,0.0,,3.01,0.11,0.11,100.0,0.0,0,0
A. Merkel,Alexander Merkel,167229,Astana,Astana,https://cdn5.wyscout.com/photos/team/public/2405_120x120.png,Premier League,"RCMF, LCMF, LDMF",RCMF,33,LCMF,26,LDMF,11,34,1992-02-22,750000,2026-12-31,15,805,0,0.2,0,1.1400000000000001,12.07,45.37,Kazakhstan,"['Kazakhstan', 'Germany']",right,179,72,False,4.02,4.47,45.0,2.01,55.56,0.11,0.16,0.34,1.9,2.66,1.23,1,0.11,0,0.0,0.67,0.0,0,0.0,0.02,0,0.0,5,0.56,0.0,0.0,0.0,1.23,36.36,0.89,25.0,0.34,66.67,0.22,0.67,33.33,3.58,50.0,0.45,0.67,0.0,32.31,0.56,2.01,42.82,84.6,11.63,64.42,8.39,96.0,35.78,89.69,5.93,64.15,19.12,31.45,0.13,1.57,0.11,0.0,0.0,0.0,0.11,6.71,63.33,2.35,52.38,0.67,16.67,0.56,0.45,5.8100000000000005,80.77,90.58,15.43,0,,0,,0,0.0,0.0,0.0,,,0.56,,2.01,1.45,0.0,0.0,1.9,0,0
O. Gomisi,Honore Gomis,-113924,Kyzyl-Zhar,Kyzyl-Zhar,https://cdn5.wyscout.com/photos/team/public/g1367_120x120.png,Premier League,"LWB, LB5, LB",LWB,66,LB5,15,LB,12,30,1996-02-27,300000,2026-12-31,11,801,0,0.66,0,0.08,14.94,47.37,Senegal,['Senegal'],left,172,75,False,8.76,6.85,55.74,1.57,35.71,0.45,0.62,0.22,4.49,6.22,1.24,3,0.34,0,0.0,1.57,0.0,0,0.0,0.07,0,0.0,1,0.11,0.0,0.0,0.0,1.69,46.67,1.69,46.67,0.0,0.0,0.0,1.57,50.0,4.61,48.78,0.45,0.9,0.11,20.22,1.01,1.24,31.35,75.27,12.25,63.3,6.52,96.55,25.84,83.48,3.8200000000000003,32.35,18.05,28.14,0.01,0.45,0.0,0.0,0.0,0.0,0.11,4.04,61.11,2.58,47.83,0.34,33.33,0.67,0.79,7.42,65.15,73.33,6.74,0,,0,,0,0.0,0.0,0.0,,,0.45,,1.57,0.0,0.0,0.0,0.0,0,0
M. Khalmatov,Murodzhon Khalmatov,-157367,Irtysh,Irtysh,https://cdn5.wyscout.com/photos/team/public/1361_120x120.png,Premier League,"RCMF, LDMF, RCMF3",RCMF,47,LDMF,12,RCMF3,10,22,2003-07-20,250000,2026-12-31,16,795,1,1.56,0,0.9400000000000001,10.42,46.74,Kazakhstan,['Kazakhstan'],right,179,70,True,3.85,3.74,57.58,1.3599999999999999,33.33,0.23,0.33,0.11,1.47,2.12,1.02,3,0.34,0,0.0,2.26,0.11,0,0.0,0.18,0,0.0,21,2.38,38.1,4.7620000000000005,0.0,1.3599999999999999,25.0,0.5700000000000001,0.0,0.79,42.86,0.11,1.81,56.25,4.08,44.44,1.3599999999999999,1.92,0.23,25.47,0.34,0.79,33.51,71.28,12.0,53.77,5.89,88.46,26.6,79.57,5.55,42.86,19.8,34.17,0.11,1.58,0.0,0.11,0.11,0.0,0.45,6.57,51.72,3.4,43.33,0.45,0.0,1.3599999999999999,0.34,5.09,73.33,84.85,11.21,0,,0,,0,0.0,0.0,0.0,,,0.5700000000000001,,1.3599999999999999,0.68,0.11,100.0,1.13,1,100
D. Topalov,Dmytro Topalov,401072,Aktobe,Aktobe,https://cdn5.wyscout.com/photos/team/public/1360_120x120.png,Premier League,"LWB, LAMF, LCMF3",LWB,36,LAMF,29,LCMF3,10,28,1998-03-12,700000,2026-12-31,12,791,0,0.8200000000000001,1,1.08,14.91,43.51,Ukraine,['Ukraine'],left,173,63,False,5.35,4.44,51.28,2.05,27.78,0.46,0.75,0.23,2.62,4.31,1.02,1,0.11,0,0.0,2.05,0.0,0,0.0,0.09,0,0.0,3,0.34,66.67,0.0,0.11,3.64,31.25,3.3,27.59,0.34,66.67,0.68,1.5899999999999999,42.86,6.03,49.06,1.25,1.9300000000000002,0.8,16.27,1.1400000000000001,2.16,22.19,73.85,5.69,58.0,5.69,94.0,16.61,87.67,2.16,36.84,19.32,24.77,0.12,0.91,0.0,0.0,0.0,0.0,0.68,2.5,50.0,2.73,41.67,0.0,0.0,0.5700000000000001,1.1400000000000001,4.1,72.22,68.25,7.17,0,,0,,0,0.0,0.0,0.0,,,0.23,,2.05,0.0,0.0,0.0,1.02,0,0
Miquéias,Miquéias Cabral Evaristo,-128750,Kaisar,Kaisar,https://cdn5.wyscout.com/photos/team/public/g1352_120x120.png,Premier League,"DMF, RCMF, LCMF",DMF,44,RCMF,22,LCMF,21,24,2001-07-27,0,2026-12-31,11,786,0,0.06,0,0.58,13.97,59.84,Brazil,['Brazil'],right,187,74,False,6.98,5.84,54.9,2.63,73.91,0.11,0.15,0.5700000000000001,3.66,4.82,1.6,2,0.23,0,0.0,0.8,0.0,0,0.0,0.01,0,0.0,1,0.11,100.0,0.0,0.0,0.11,100.0,0.0,0.0,0.11,100.0,0.0,0.6900000000000001,83.33,3.89,64.71,0.34,0.23,0.11,19.35,0.23,2.06,31.03,83.03,11.56,72.28,5.5,93.75,28.28,86.64,2.63,43.48,17.29,26.42,0.07,0.34,0.0,0.0,0.11,0.0,0.23,4.12,69.44,0.23,50.0,0.5700000000000001,20.0,0.34,0.11,5.27,65.22,88.31,8.82,0,,0,,0,0.0,0.0,0.0,,,0.11,,2.63,0.0,0.0,0.0,0.0,0,0
S. Busurmanov,Sultan Busurmanov,403929,Tobol,Tobol,https://cdn5.wyscout.com/photos/team/public/1195_120x120.png,Premier League,GK,GK,100,,0,,0,30,1996-05-10,100000,2026-12-31,8,785,0,0.0,0,0.0,0.34,33.33,Kazakhstan,['Kazakhstan'],right,186,78,False,2.52,0.11,0.0,0.23,50.0,0.0,0.0,0.0,2.52,3.84,0.0,1,0.11,0,0.0,0.0,0.0,0,0.0,0.0,0,0.0,0,0.0,0.0,0.0,0.0,0.0,0.0,0.0,0.0,0.0,0.0,0.0,0.0,0.0,0.0,0.0,0.0,0.0,0.0,9.4,0.23,0.11,17.31,89.4,10.55,82.61,0.0,0.0,10.43,98.9,6.88,75.0,34.33,52.02,0.0,0.0,0.0,0.0,0.0,0.0,0.0,2.52,81.82,0.0,0.0,0.23,0.0,0.0,0.0,5.85,82.35,100.0,6.19,14,1.6099999999999999,43,4.93,1,67.44,12.28,1.4100000000000001,-1.72,-0.197,0.0,1.6099999999999999,0.23,,,,0.0,0,0
B. Konlimkos,Bakdaulet Konlimkos,-190060,Kaisar,Kaisar,https://cdn5.wyscout.com/photos/team/public/g1352_120x120.png,Premier League,"RWB, RWF",RWB,58,RWF,30,,0,25,2000-12-05,0,2026-12-31,12,783,0,0.07,1,0.96,13.22,46.96,Kazakhstan,['Kazakhstan'],left,170,0,False,6.78,7.47,50.77,1.26,27.27,0.6900000000000001,0.86,0.23,2.3,2.87,1.9500000000000002,1,0.11,0,0.0,1.03,0.0,0,0.0,0.01,0,0.0,3,0.34,33.33,0.0,0.11,1.8399999999999999,31.25,0.11,0.0,1.6099999999999999,35.71,0.11,1.03,33.33,3.79,48.48,0.6900000000000001,0.8,0.11,14.48,0.92,1.38,23.22,70.3,8.16,49.3,5.29,89.13,18.28,77.36,3.1,51.85,18.22,32.43,0.11,0.8,0.11,0.0,0.0,0.0,0.34,3.91,52.94,2.64,26.09,0.23,50.0,0.5700000000000001,0.46,4.37,73.68,78.57,6.44,0,,0,,0,0.0,0.0,0.0,,,0.0,,1.26,0.34,0.0,0.0,0.11,0,0
E. Tapalov,Erkin Tapalov,186848,Kairat,Kairat,https://cdn5.wyscout.com/photos/team/public/g1358_120x120.png,Premier League,RB,RB,88,,0,,0,32,1993-09-03,450000,2026-12-31,12,782,0,0.0,3,1.83,15.54,52.59,Kazakhstan,['Kazakhstan'],right,180,74,False,8.06,5.06,56.82,2.65,52.17,0.12,0.19,0.12,5.06,8.52,1.15,1,0.12,0,0.0,2.5300000000000002,0.0,0,0.0,0.0,0,0.0,1,0.12,0.0,0.0,0.35000000000000003,5.29,23.91,0.23,50.0,5.06,22.73,0.12,2.07,55.56,5.64,51.02,1.04,0.6900000000000001,0.23,42.12,1.15,0.58,61.0,73.4,25.66,67.71,7.83,92.65,46.38,84.12,9.55,46.99,20.5,36.57,0.21,1.6099999999999999,0.12,0.12,0.12,100.0,0.92,10.01,55.17,6.45,30.36,1.27,63.64,1.04,1.5,12.54,76.15,75.29,20.03,0,,0,,0,0.0,0.0,0.0,,,1.15,,2.65,0.0,0.0,0.0,0.0,0,0
Nani,Luís Carlos Almeida da Cunha,4647,Aktobe,Aktobe,https://cdn5.wyscout.com/photos/team/public/1360_120x120.png,Premier League,"AMF, LW, LWF",AMF,53,LW,12,LWF,12,39,1986-11-17,200000,2026-12-31,14,781,1,1.21,3,1.3,22.24,50.26,Portugal,"['Portugal', 'Cape Verde Islands']",right,180,70,False,3.92,4.49,58.97,3.92,44.12,0.0,0.0,0.12,1.27,1.9500000000000002,1.15,6,0.6900000000000001,0,0.0,3.46,0.12,1,0.12,0.14,1,0.12,23,2.65,30.43,4.348,0.35000000000000003,1.8399999999999999,18.75,1.04,11.11,0.81,28.57,0.12,4.15,55.56,12.45,50.93,1.5,1.8399999999999999,0.0,25.7,0.6900000000000001,3.0,37.34,80.86,11.29,67.35,7.14,96.77,33.07,86.41,2.65,52.17,16.97,26.74,0.15,1.27,0.0,0.0,0.12,0.0,0.23,5.53,66.67,2.65,30.43,0.58,40.0,0.6900000000000001,0.35000000000000003,5.65,71.43,83.67,11.29,0,,0,,0,0.0,0.0,0.0,,,0.12,,3.92,2.77,0.58,20.0,1.5,0,0
B. Tazhibay,Batyrkhan Tazhibay,-267751,Kaisar,Kaisar,https://cdn5.wyscout.com/photos/team/public/g1352_120x120.png,Premier League,"RWB, LWB, LW",RWB,58,LWB,16,LW,12,24,2001-08-07,75000,2026-12-31,9,766,0,0.49,0,0.67,18.33,47.44,Kazakhstan,['Kazakhstan'],,174,67,False,8.69,6.34,57.41,3.64,45.16,0.35000000000000003,0.49,0.23,4.7,6.49,1.29,1,0.12,0,0.0,1.76,0.0,0,0.0,0.06,0,0.0,7,0.8200000000000001,28.57,0.0,0.0,2.0,23.53,0.59,20.0,1.4100000000000001,25.0,0.12,2.0,52.94,5.76,42.86,1.4100000000000001,1.88,0.47000000000000003,20.44,2.0,1.53,30.67,78.54,7.87,64.18,6.34,94.44,26.2,84.75,2.47,57.14,18.41,31.26,0.08,1.17,0.0,0.0,0.0,0.0,0.35000000000000003,3.05,61.54,2.11,44.44,0.23,50.0,0.8200000000000001,0.7000000000000001,5.76,65.31,79.78,10.46,0,,0,,0,0.0,0.0,0.0,,,0.23,,3.64,0.0,0.0,0.0,0.0,0,0
A. Bakhtiyarov,Akmal Bakhtiyarov,463518,Yelimay Semey,Yelimay Semey,https://cdn5.wyscout.com/photos/team/public/g-17973_120x120.png,Premier League,LWB,LWB,74,,0,,0,28,1998-06-02,125000,2026-12-31,16,762,1,1.28,0,0.9400000000000001,14.53,49.59,Kazakhstan,['Kazakhstan'],right,169,63,False,6.5,4.37,54.05,2.01,58.82,0.24,0.41000000000000003,0.12,3.9,6.69,0.8300000000000001,4,0.47000000000000003,0,0.0,2.95,0.12,1,0.12,0.15,1,0.12,15,1.77,33.33,6.667,0.0,2.24,42.11,1.65,35.71,0.59,60.0,0.12,2.95,48.0,6.5,49.09,1.54,2.36,1.06,15.35,1.18,1.77,23.62,72.0,8.98,71.05,5.79,83.67,18.54,77.07,2.83,62.5,18.69,30.64,0.11,0.8300000000000001,0.12,0.0,0.0,0.0,0.35000000000000003,2.95,76.0,2.48,47.62,0.24,50.0,0.35000000000000003,0.9400000000000001,5.43,67.39,68.09,5.55,0,,0,,0,0.0,0.0,0.0,,,0.12,,2.01,1.18,0.0,0.0,1.77,0,0
I. Ezekiel,Imoh Ezekiel,227978,Kaisar,Kaisar,https://cdn5.wyscout.com/photos/team/public/g1352_120x120.png,Premier League,"RWF, LWF, CF",RWF,33,LWF,33,CF,26,32,1993-10-24,300000,2026-12-31,13,753,2,2.16,0,0.92,19.48,37.42,Nigeria,['Nigeria'],right,178,70,False,2.51,3.23,29.63,4.78,17.5,0.12,0.17,0.12,1.43,2.03,2.27,4,0.48,0,0.0,2.63,0.24,2,0.24,0.26,0,0.0,11,1.31,45.45,18.182,0.0,1.79,26.67,0.84,0.0,0.96,50.0,0.12,2.15,72.22,9.44,50.63,2.51,2.03,0.24,11.47,1.43,2.87,15.9,71.43,4.18,60.0,4.06,100.0,13.15,80.0,0.96,37.5,19.52,12.77,0.11,1.08,0.0,0.0,0.0,0.0,0.6000000000000001,2.15,44.44,2.27,52.63,0.12,0.0,0.84,0.6000000000000001,1.55,69.23,66.67,4.3,0,,0,,0,0.0,0.0,0.0,,,0.0,,4.78,0.0,0.0,0.0,0.0,0,0
S. Mukanov,Sayan Mukanov,-32255,Okzhetpes,Okzhetpes,https://cdn5.wyscout.com/photos/team/public/g1363_120x120.png,Premier League,"RWB, RB",RWB,66,RB,29,,0,29,1997-01-06,0,2026-12-31,17,753,0,0.44,0,0.33,9.92,54.22,Kazakhstan,['Kazakhstan'],right,181,67,False,7.17,6.1,58.82,1.31,36.36,0.12,0.18,0.24,3.47,5.27,1.31,1,0.12,0,0.0,1.2,0.0,0,0.0,0.05,0,0.0,4,0.48,25.0,0.0,0.0,1.43,50.0,0.0,0.0,1.43,50.0,0.12,0.6000000000000001,60.0,1.67,42.86,1.31,0.48,0.12,17.33,1.9100000000000001,0.24,26.06,76.61,9.32,64.1,5.14,97.67,20.2,84.62,4.54,50.0,19.53,30.46,0.04,0.6000000000000001,0.0,0.0,0.0,0.0,0.24,3.47,65.52,2.03,35.29,0.12,100.0,0.72,0.72,5.26,72.73,75.0,7.17,0,,0,,0,0.0,0.0,0.0,,,0.12,,1.31,0.0,0.0,0.0,0.0,0,0
A. Taubay,Abzal Taubay,390235,Ulytau,Ulytau,https://cdn5.wyscout.com/photos/team/public/g-17974_120x120.png,Premier League,"AMF, LCMF3, RCMF3",AMF,27,LCMF3,27,RCMF3,20,31,1995-02-18,100000,2026-12-31,16,750,0,0.96,0,0.15,19.08,40.25,Kazakhstan,['Kazakhstan'],right,175,68,False,5.16,4.5600000000000005,60.53,4.32,33.33,0.0,0.0,0.12,2.4,3.43,0.96,2,0.24,0,0.0,1.8,0.0,0,0.0,0.12,0,0.0,9,1.08,44.44,0.0,0.0,1.92,18.75,0.72,16.67,1.2,20.0,0.36,2.04,47.06,7.8,33.85,2.16,1.2,0.0,10.68,1.56,1.08,15.72,66.41,3.96,60.61,3.36,89.29,12.6,76.19,1.44,50.0,19.23,17.06,0.02,0.36,0.0,0.0,0.12,0.0,0.12,1.32,54.55,0.72,33.33,0.12,0.0,0.12,0.24,2.04,58.82,61.7,5.64,0,,0,,0,0.0,0.0,0.0,,,0.12,,4.32,0.12,0.0,0.0,0.24,0,0
Everton Moraes,Everton Macedo Moraes,-218416,Ordabasy,Ordabasy,https://cdn5.wyscout.com/photos/team/public/1363_120x120.png,Premier League,"CF, RWF, RAMF",CF,37,RWF,33,RAMF,10,24,2002-05-12,0,2026-12-31,12,749,3,3.16,0,0.61,20.43,38.82,Brazil,['Brazil'],right,184,73,False,3.9699999999999998,3.7199999999999998,32.26,3.6,43.33,0.0,0.0,0.12,2.76,4.34,1.8,2,0.24,0,0.0,3.9699999999999998,0.36,3,0.36,0.38,1,0.12,24,2.88,41.67,12.5,0.0,1.32,27.27,0.24,0.0,1.08,33.33,0.24,3.12,73.08,10.69,41.57,5.53,2.52,0.96,18.99,1.6800000000000002,1.6800000000000002,24.39,77.34,5.65,65.96,6.37,83.02,22.11,81.52,0.96,50.0,15.3,25.08,0.07,1.2,0.0,0.24,0.24,50.0,0.12,2.76,73.91,2.2800000000000002,63.16,0.6000000000000001,20.0,1.44,0.36,3.48,86.21,76.0,6.01,0,,0,,0,0.0,0.0,0.0,,,0.12,,3.6,0.0,0.0,0.0,0.12,0,0
P. Galabov,Plamen Galabov,235206,Kyzyl-Zhar,Kyzyl-Zhar,https://cdn5.wyscout.com/photos/team/public/g1367_120x120.png,Premier League,"RCB3, CB, RCB",RCB3,50,CB,28,RCB,11,30,1995-11-02,400000,2026-12-31,9,748,0,0.26,0,0.0,15.04,59.2,Bulgaria,['Bulgaria'],right,191,80,False,9.51,5.78,68.75,6.62,54.55,0.24,0.33,0.84,5.29,7.25,1.6800000000000002,4,0.48,0,0.0,0.24,0.0,0,0.0,0.03,0,0.0,3,0.36,33.33,0.0,0.0,0.12,100.0,0.0,0.0,0.12,100.0,0.0,0.0,0.0,0.84,71.43,0.72,0.36,0.0,15.16,0.12,0.6000000000000001,26.35,84.47,12.87,75.7,1.56,100.0,23.1,86.98,3.13,65.38,17.47,25.54,0.0,0.0,0.0,0.0,0.0,0.0,0.0,2.65,63.64,0.24,100.0,0.0,0.0,0.12,0.12,5.66,70.21,96.39,9.99,0,,0,,0,0.0,0.0,0.0,,,1.08,,6.62,0.0,0.0,0.0,0.0,0,0
M. Myakish,Maksim Myakish,467575,Tobol,Tobol,https://cdn5.wyscout.com/photos/team/public/1195_120x120.png,Premier League,"DMF, LCMF, RCMF",DMF,30,LCMF,23,RCMF,16,26,2000-03-03,400000,2026-12-31,11,746,0,0.74,0,0.9,10.74,57.3,Belarus,['Belarus'],right,191,80,False,5.79,4.22,60.0,3.86,59.38,0.12,0.2,0.24,3.14,5.13,1.09,0,0.0,1,0.12,1.09,0.0,0,0.0,0.09,0,0.0,7,0.84,71.43,0.0,0.0,0.48,0.0,0.48,0.0,0.0,0.0,0.0,0.36,100.0,1.81,53.33,1.09,0.84,0.0,27.87,0.72,0.84,39.45,86.54,14.6,75.21,3.74,100.0,35.47,89.12,3.5,72.41,16.89,27.85,0.11,0.6000000000000001,0.12,0.0,0.24,50.0,0.36,5.91,67.35,0.97,25.0,0.84,14.29,0.48,0.0,6.76,75.0,92.62,14.72,0,,0,,0,0.0,0.0,0.0,,,0.24,,3.86,0.0,0.0,0.0,0.0,0,0
B. Toleuov,Bakhtiyar Toleuov,-440360,Irtysh,Irtysh,https://cdn5.wyscout.com/photos/team/public/1361_120x120.png,Premier League,"RCB, LCB",RCB,85,LCB,12,,0,21,2005-06-08,0,2026-12-31,9,734,0,0.25,0,0.04,12.75,48.08,Kazakhstan,['Kazakhstan'],right,191,70,False,7.72,4.29,51.43,5.64,47.83,0.37,0.54,0.98,5.15,7.59,1.1,1,0.12,0,0.0,0.25,0.0,0,0.0,0.03,0,0.0,2,0.25,50.0,0.0,0.0,0.25,50.0,0.12,0.0,0.12,100.0,0.12,0.0,0.0,0.61,60.0,0.61,1.5899999999999999,0.0,30.16,0.37,0.25,44.88,85.52,18.02,73.47,3.56,89.66,36.66,91.97,7.97,56.92,23.29,38.53,0.01,0.25,0.0,0.0,0.0,0.0,0.12,6.5,64.15,0.74,50.0,0.25,0.0,0.25,0.12,9.07,67.57,96.88,19.62,0,,0,,0,0.0,0.0,0.0,,,2.8200000000000003,,5.64,0.0,0.0,0.0,0.0,0,0
R. Asrankulov,Roman Asrankulov,-122954,Tobol,Tobol,https://cdn5.wyscout.com/photos/team/public/1195_120x120.png,Premier League,"LB, LWB, LB5",LB,60,LWB,13,LB5,13,26,1999-07-30,400000,2026-12-31,12,731,0,0.09,0,0.2,13.79,42.86,Kazakhstan,['Kazakhstan'],,184,64,False,5.05,4.92,40.0,2.83,43.48,0.12,0.19,0.0,2.95,4.62,1.85,1,0.12,1,0.12,1.97,0.0,0,0.0,0.01,0,0.0,2,0.25,0.0,0.0,0.0,2.22,50.0,2.22,50.0,0.0,0.0,0.25,1.23,60.0,3.69,50.0,1.11,1.48,0.12,24.87,1.6,0.86,36.2,78.91,15.88,70.54,5.05,90.24,29.55,86.67,4.68,44.74,21.15,34.93,0.02,0.74,0.0,0.0,0.12,100.0,0.37,6.53,66.04,3.2,53.85,0.62,20.0,0.86,0.86,8.99,78.08,86.75,10.22,0,,0,,0,0.0,0.0,0.0,,,0.25,,2.83,0.0,0.0,0.0,0.0,0,0
B. Vachiberadze,Beka Vachiberadze,275723,Ulytau,Ulytau,https://cdn5.wyscout.com/photos/team/public/g-17974_120x120.png,Premier League,"AMF, RCMF3, CF",AMF,46,RCMF3,20,CF,19,30,1996-03-05,350000,2026-12-31,11,729,1,0.66,1,0.67,15.56,45.24,Georgia,"['Georgia', 'Ukraine']",left,172,70,False,3.33,3.09,48.0,1.73,21.43,0.0,0.0,0.0,1.85,2.88,1.48,3,0.37,0,0.0,1.48,0.12,1,0.12,0.08,0,0.0,12,1.48,33.33,8.333,0.12,0.99,25.0,0.37,33.33,0.49,25.0,0.12,1.3599999999999999,54.55,7.41,48.33,1.3599999999999999,0.62,0.0,18.89,1.23,2.7199999999999998,25.8,77.03,8.15,63.64,5.43,88.64,20.99,84.71,3.83,48.39,17.14,34.14,0.08,0.74,0.0,0.0,0.25,0.0,0.12,4.07,63.64,2.47,50.0,1.3599999999999999,36.36,1.23,0.37,4.44,69.44,76.47,6.3,0,,0,,0,0.0,0.0,0.0,,,0.0,,1.73,0.62,0.25,0.0,0.37,0,0
A. Cheredinov,Artem Cheredinov,-174554,Kyzyl-Zhar,Kyzyl-Zhar,https://cdn5.wyscout.com/photos/team/public/g1367_120x120.png,Premier League,"RWB, LB, RB5",RWB,33,LB,19,RB5,18,27,1998-07-17,150000,2027-12-31,14,724,0,1.05,1,0.9500000000000001,19.64,50.0,Kazakhstan,['Kazakhstan'],right,182,0,False,8.83,7.33,67.8,3.73,53.33,0.5,0.76,0.12,3.36,5.16,1.24,4,0.5,0,0.0,2.24,0.0,0,0.0,0.13,0,0.0,11,1.37,27.27,0.0,0.12,1.49,41.67,0.37,66.67,1.12,33.33,0.25,2.36,52.63,6.59,33.96,1.49,1.49,0.25,15.17,1.62,0.87,24.61,67.17,11.06,48.31,3.48,82.14,19.27,72.9,3.85,48.39,18.5,25.24,0.12,0.87,0.0,0.0,0.0,0.0,0.62,4.6,48.65,2.11,29.41,0.37,33.33,0.0,0.62,5.97,64.58,81.97,7.58,0,,0,,0,0.0,0.0,0.0,,,0.37,,3.73,0.0,0.0,0.0,0.0,0,0
E. Lobjanidze,Elguja Lobjanidze,234938,Altay,Altay,https://cdn5.wyscout.com/photos/team/public/g36010_120x120.png,Premier League,CF,CF,91,,0,,0,33,1992-09-17,250000,2026-12-31,14,719,2,1.23,2,1.28,27.41,39.27,Georgia,['Georgia'],right,193,82,False,3.25,2.25,50.0,12.02,44.79,0.38,0.53,0.0,1.75,2.47,2.25,1,0.13,0,0.0,1.38,0.25,2,0.25,0.15,2,0.25,9,1.13,44.44,22.222,0.25,0.63,20.0,0.38,33.33,0.25,0.0,0.25,1.75,42.86,8.76,30.0,4.26,0.5,0.0,8.64,2.63,2.38,14.14,69.91,2.0,50.0,4.51,77.78,13.39,71.96,0.25,100.0,13.78,6.43,0.16,0.88,0.0,0.0,0.0,0.0,0.5,0.75,83.33,1.13,33.33,0.0,0.0,1.0,0.0,1.0,62.5,78.79,4.13,0,,0,,0,0.0,0.0,0.0,,,0.0,,12.02,0.0,0.0,0.0,0.0,0,0
Bakdaulet Zulfikarov,Bakdaulet Zulfikarov Talgatovich,-247911,Ulytau,Ulytau,https://cdn5.wyscout.com/photos/team/public/g-17974_120x120.png,Premier League,CF,CF,90,,0,,0,25,2001-03-11,100000,2026-12-31,16,718,2,2.13,1,0.65,27.33,33.49,Kazakhstan,['Kazakhstan'],right,182,0,False,3.64,2.51,45.0,8.9,43.66,0.0,0.0,0.25,2.51,3.06,1.63,4,0.5,0,0.0,1.75,0.25,2,0.25,0.27,0,0.0,14,1.75,35.71,14.286,0.13,1.13,11.11,0.5,0.0,0.63,20.0,0.0,2.13,47.06,11.16,31.46,2.88,1.13,0.38,10.4,3.01,1.38,16.17,70.54,3.38,44.44,5.01,90.0,14.54,75.0,0.5,75.0,14.35,7.46,0.08,0.63,0.0,0.0,0.0,0.0,0.25,0.88,28.57,1.5,41.67,0.0,0.0,0.75,0.13,1.25,50.0,80.0,3.76,0,,0,,0,0.0,0.0,0.0,,,0.0,,8.9,0.0,0.0,0.0,0.0,0,0
T. Jones,Thomas Luciano Jones Mariani,367149,Kaisar,Kaisar,https://cdn5.wyscout.com/photos/team/public/g1352_120x120.png,Premier League,"RWF, CF, LWF",RWF,44,CF,25,LWF,16,28,1997-09-25,0,2026-12-31,15,717,0,0.6000000000000001,0,0.16,20.59,38.41,Chile,['Chile'],left,0,0,False,5.27,4.9,58.97,3.01,12.5,0.5,0.66,0.0,1.88,2.47,2.26,2,0.25,0,0.0,2.26,0.0,0,0.0,0.07,0,0.0,12,1.51,8.33,0.0,0.0,1.88,20.0,1.0,12.5,0.88,28.57,0.25,3.64,48.28,10.04,38.75,1.26,1.51,0.38,14.56,1.38,2.76,21.72,79.77,6.15,71.43,4.9,97.44,18.95,88.08,1.0,37.5,15.48,12.47,0.02,0.63,0.13,0.13,0.0,0.0,0.25,2.26,55.56,1.88,20.0,0.13,0.0,0.38,0.25,1.76,64.29,75.0,5.52,0,,0,,0,0.0,0.0,0.0,,,0.13,,3.01,0.13,0.0,0.0,0.25,0,0
R. Abylaykhan,Ramazan Batyrtayuly Ablaikhan,-435703,Caspiy,Caspiy,https://cdn5.wyscout.com/photos/team/public/g3933_120x120.png,Premier League,CF,CF,85,,0,,0,24,2001-12-09,0,2026-12-31,17,707,2,2.76,0,0.4,21.13,38.55,Kazakhstan,['Kazakhstan'],right,182,0,False,3.44,3.8200000000000003,30.0,8.27,41.54,0.25,0.37,0.13,2.04,2.94,1.15,3,0.38,0,0.0,1.53,0.25,2,0.25,0.35000000000000003,0,0.0,14,1.78,35.71,14.286,0.0,0.76,33.33,0.38,33.33,0.38,33.33,0.25,1.02,62.5,6.36,36.0,3.06,0.89,0.38,11.2,2.55,2.16,16.8,61.36,3.95,45.16,3.95,80.65,15.02,63.56,1.02,50.0,15.07,15.27,0.05,0.38,0.0,0.0,0.0,0.0,0.0,1.78,50.0,0.64,60.0,0.0,0.0,0.25,0.13,2.16,47.06,59.46,4.71,0,,0,,0,0.0,0.0,0.0,,,0.0,,8.27,0.0,0.0,0.0,0.0,0,0
N. Agzambaev,Nurdaulet Agzambaev,-246815,Kaisar,Kaisar,https://cdn5.wyscout.com/photos/team/public/g1352_120x120.png,Premier League,CF,CF,89,,0,,0,27,1999-06-02,0,2026-12-31,13,698,1,1.01,1,0.01,23.08,29.05,Kazakhstan,['Kazakhstan'],right,184,0,False,2.84,2.32,38.89,6.32,22.45,0.13,0.18,0.0,1.81,2.47,1.55,1,0.13,0,0.0,1.55,0.13,0,0.0,0.13,0,0.0,7,0.9,71.43,14.286,0.13,0.0,0.0,0.0,0.0,0.0,0.0,0.0,1.9300000000000002,46.67,12.12,30.85,1.81,1.42,0.39,7.87,1.9300000000000002,1.9300000000000002,13.28,78.64,3.61,57.14,3.22,96.0,13.15,79.41,0.13,0.0,13.05,2.83,0.0,0.26,0.0,0.0,0.0,0.0,0.26,0.9,71.43,0.9,28.57,0.0,0.0,0.77,0.0,1.03,50.0,80.77,3.35,0,,0,,0,0.0,0.0,0.0,,,0.0,,6.32,0.0,0.0,0.0,0.0,1,100
Z. Kukeyev,Zhannur Kukeev,-157381,Altay,Altay,https://cdn5.wyscout.com/photos/team/public/g36010_120x120.png,Premier League,"LCMF3, LCMF, RW",LCMF3,29,LCMF,22,RW,15,22,2003-09-18,0,2026-12-31,17,693,0,0.44,0,0.5700000000000001,20.26,55.13,Kazakhstan,['Kazakhstan'],right,177,0,False,11.82,9.35,63.89,2.6,60.0,1.17,1.65,0.52,4.68,6.59,1.69,3,0.39,0,0.0,1.04,0.0,0,0.0,0.06,0,0.0,7,0.91,14.29,0.0,0.0,0.65,40.0,0.26,50.0,0.39,33.33,0.0,1.3,50.0,5.84,42.22,0.78,0.52,0.0,15.32,0.13,2.34,25.84,68.84,11.04,51.76,4.16,96.88,20.91,77.02,4.42,32.35,18.51,25.49,0.07,0.65,0.0,0.0,0.13,0.0,0.13,4.29,45.45,1.56,50.0,0.26,0.0,0.52,0.26,5.45,50.0,81.82,5.71,0,,0,,0,0.0,0.0,0.0,,,0.26,,2.6,0.0,0.0,0.0,0.0,0,0
Léo Natel,Leonardo Natel Vieira,420352,Ordabasy,Ordabasy,https://cdn5.wyscout.com/photos/team/public/1363_120x120.png,Premier League,"CF, LWF, LAMF",CF,31,LWF,28,LAMF,18,29,1997-03-14,500000,2027-12-31,12,685,2,1.97,0,0.81,16.42,45.6,Brazil,['Brazil'],right,179,73,False,3.81,3.68,39.29,2.63,50.0,0.0,0.0,0.26,2.36,3.67,1.31,1,0.13,0,0.0,3.81,0.26,2,0.26,0.26,0,0.0,26,3.42,34.62,7.692,0.0,2.63,10.0,2.36,11.11,0.26,0.0,0.26,3.94,60.0,8.28,50.79,3.02,1.97,0.26,24.04,1.45,1.31,30.22,74.35,6.7,64.71,8.28,88.89,25.75,82.65,1.8399999999999999,50.0,17.68,18.99,0.11,1.31,0.13,0.0,0.0,0.0,0.53,1.71,76.92,4.07,45.16,0.0,0.0,1.18,0.39,3.2800000000000002,76.0,69.7,8.67,0,,0,,0,0.0,0.0,0.0,,,0.26,,2.63,1.05,0.26,100.0,3.15,0,0
R. Murtazaev,Roman Murtazaev,249228,Yelimay Semey,Yelimay Semey,https://cdn5.wyscout.com/photos/team/public/g-17973_120x120.png,Premier League,CF,CF,92,,0,,0,32,1993-09-10,200000,2026-12-31,16,669,8,5.43,1,0.73,17.35,36.43,Kazakhstan,['Kazakhstan'],right,187,80,False,2.15,1.6099999999999999,50.0,6.32,34.04,0.0,0.0,0.0,1.35,2.27,1.6099999999999999,0,0.0,0,0.0,4.3,1.08,5,0.67,0.73,0,0.0,25,3.36,44.0,32.0,0.13,1.48,63.64,0.9400000000000001,71.43,0.54,50.0,0.54,3.09,60.87,7.4,40.0,4.44,1.21,0.0,12.51,2.56,0.54,16.41,73.77,3.5,57.69,3.9,86.21,14.13,75.24,0.81,66.67,15.39,11.21,0.1,1.08,0.13,0.0,0.0,0.0,0.9400000000000001,1.48,63.64,2.29,47.06,0.13,100.0,0.67,1.08,2.56,68.42,65.71,4.71,0,,0,,0,0.0,0.0,0.0,,,0.0,,6.32,0.13,0.13,0.0,0.27,3,100
D. Palacio,Dubán Felipe Palacio Mosquera,434963,Yelimay Semey,Yelimay Semey,https://cdn5.wyscout.com/photos/team/public/g-17973_120x120.png,Premier League,"LWB, LB5",LWB,78,LB5,19,,0,29,1997-03-16,300000,2026-12-31,12,668,0,0.45,1,0.47000000000000003,16.57,52.03,Colombia,['Colombia'],left,179,64,False,6.47,4.99,64.86,1.62,25.0,0.13,0.22,0.27,3.1,5.0,1.21,0,0.0,0,0.0,4.04,0.0,0,0.0,0.06,0,0.0,10,1.35,20.0,0.0,0.13,4.72,31.43,4.72,31.43,0.0,0.0,0.4,3.77,60.71,8.62,50.0,1.75,2.56,0.67,16.71,2.16,1.48,25.19,60.96,9.57,56.34,2.96,95.45,17.38,71.32,3.37,52.0,21.92,29.18,0.06,0.81,0.0,0.0,0.0,0.0,0.4,5.52,51.22,3.64,40.74,0.81,33.33,0.67,1.21,6.87,86.27,61.29,8.35,0,,0,,0,0.0,0.0,0.0,,,0.13,,1.62,0.27,0.0,0.0,0.13,0,0
M. Zhakipbaev,Madi  Zhakipbaev,419293,Zhetysu,Zhetysu,https://cdn5.wyscout.com/photos/team/public/g1364_120x120.png,Premier League,"LWF, LW, CF",LWF,21,LW,17,CF,15,26,2000-03-21,0,2026-12-31,15,665,1,0.6900000000000001,1,0.61,14.48,43.93,Kazakhstan,['Kazakhstan'],right,174,65,False,5.82,6.5,56.25,1.76,23.08,0.14,0.21,0.0,2.03,3.1,1.8900000000000001,2,0.27,1,0.14,1.22,0.14,1,0.14,0.09,1,0.14,9,1.22,22.22,11.111,0.14,0.9500000000000001,57.14,0.0,0.0,0.9500000000000001,57.14,0.0,0.81,50.0,3.79,28.57,1.76,0.81,0.41000000000000003,12.72,1.08,1.08,21.11,76.92,5.68,54.76,6.63,93.88,18.14,79.85,2.3,64.71,17.93,23.66,0.08,0.68,0.0,0.0,0.0,0.0,0.14,1.76,53.85,0.68,40.0,0.0,0.0,0.27,0.27,2.84,47.62,80.85,6.36,0,,0,,0,0.0,0.0,0.0,,,0.27,,1.76,0.0,0.0,0.0,0.54,0,0
D. Slambekov,Demiyat Slambekov,316867,Kyzyl-Zhar,Kyzyl-Zhar,https://cdn5.wyscout.com/photos/team/public/g1367_120x120.png,Premier League,"LCB3, CB, LCB",LCB3,31,CB,30,LCB,12,29,1997-01-13,100000,2027-12-31,11,664,0,1.27,0,0.03,15.59,52.17,Kazakhstan,['Kazakhstan'],right,186,78,False,9.22,6.23,56.52,3.52,42.31,0.41000000000000003,0.63,0.54,5.29,8.18,1.76,2,0.27,0,0.0,0.14,0.0,0,0.0,0.17,0,0.0,8,1.08,12.5,0.0,0.0,0.0,0.0,0.0,0.0,0.0,0.0,0.0,0.0,0.0,2.03,66.67,1.3599999999999999,0.14,0.0,24.26,0.14,1.76,40.39,83.89,19.52,74.31,2.3,94.12,34.43,88.58,5.96,56.82,19.85,27.03,0.0,0.27,0.0,0.0,0.0,0.0,0.0,5.15,63.16,0.9500000000000001,14.29,0.68,20.0,0.14,0.0,8.0,64.41,96.36,14.91,0,,0,,0,0.0,0.0,0.0,,,0.68,,3.52,0.0,0.0,0.0,0.0,0,0
B. Abdumannonov,Bektemir Abdumannonov,-261618,Okzhetpes,Okzhetpes,https://cdn5.wyscout.com/photos/team/public/g1363_120x120.png,Premier League,"LWF, CF, LWB",LWF,42,CF,28,LWB,13,24,2002-07-12,0,2027-12-31,14,637,2,1.88,0,0.81,14.41,36.27,Uzbekistan,['Uzbekistan'],unknown,0,0,True,3.39,3.96,53.57,2.26,6.25,0.0,0.0,0.0,1.27,2.03,1.7000000000000002,1,0.14,0,0.0,2.9699999999999998,0.28,2,0.28,0.27,1,0.14,9,1.27,66.67,22.222,0.0,3.25,17.39,2.4,11.76,0.85,33.33,0.5700000000000001,3.25,47.83,6.78,37.5,3.25,1.13,0.14,13.28,1.7000000000000002,0.85,20.63,56.16,5.65,50.0,3.5300000000000002,92.0,14.98,66.98,2.54,38.89,21.82,30.58,0.11,1.4100000000000001,0.0,0.0,0.14,0.0,0.71,2.83,55.0,3.39,25.0,0.5700000000000001,25.0,0.99,0.71,3.25,60.87,44.07,8.34,0,,0,,0,0.0,0.0,0.0,,,0.0,,2.26,0.14,0.0,0.0,0.99,0,0
D. Sosah,Daniel Sosah,-267696,Aktobe,Aktobe,https://cdn5.wyscout.com/photos/team/public/1360_120x120.png,Premier League,"CF, LW, LAMF",CF,51,LW,15,LAMF,10,27,1998-09-21,500000,2026-12-31,8,636,2,1.57,0,0.17,19.81,35.71,Ghana,"['Ghana', 'Niger']",right,179,81,False,3.54,3.11,63.64,5.38,39.47,0.0,0.0,0.0,1.56,2.66,0.99,1,0.14,0,0.0,2.55,0.28,2,0.28,0.22,0,0.0,11,1.56,45.45,18.182,0.0,1.7000000000000002,41.67,1.13,37.5,0.42,33.33,0.14,2.41,47.06,8.49,28.33,3.54,0.99,0.0,12.88,2.9699999999999998,0.99,19.95,68.79,4.95,48.57,6.08,86.05,17.26,72.13,1.13,62.5,17.95,23.88,0.02,0.71,0.0,0.0,0.0,0.0,0.14,2.41,64.71,1.98,42.86,0.14,0.0,0.71,0.85,3.4,66.67,73.68,5.38,0,,0,,0,0.0,0.0,0.0,,,0.0,,5.38,0.0,0.0,0.0,0.0,0,0
A. Mokhammad,Amir Mokhammad,450785,Kaisar,Kaisar,https://cdn5.wyscout.com/photos/team/public/g1352_120x120.png,Premier League,LCB3,LCB3,100,,0,,0,30,1996-02-23,400000,2027-06-30,7,630,0,0.15,0,0.03,14.29,60.0,Russia,"['Russia', 'Afghanistan']",left,187,78,False,9.43,6.71,57.45,2.86,65.0,0.0,0.0,0.5700000000000001,5.57,6.72,0.86,2,0.29,0,0.0,1.43,0.0,0,0.0,0.02,0,0.0,1,0.14,0.0,0.0,0.0,1.43,40.0,1.29,44.44,0.14,0.0,0.0,1.1400000000000001,75.0,3.0,52.38,0.14,0.71,0.14,21.29,0.43,1.0,35.43,74.19,17.29,57.85,3.86,100.0,26.71,86.63,7.57,33.96,21.55,38.35,0.0,0.29,0.0,0.0,0.0,0.0,0.14,6.14,48.84,2.14,26.67,0.86,0.0,0.29,0.5700000000000001,7.86,56.36,85.29,9.71,0,,0,,0,0.0,0.0,0.0,,,2.0,,2.86,0.0,0.0,0.0,0.0,0,0
M. Khaseyn,Madi Khaseyn,-171139,Zhenys,Zhenys,https://cdn5.wyscout.com/photos/team/public/g-13910_120x120.png,Premier League,"RCB3, CB",RCB3,59,CB,15,,0,25,2000-12-17,100000,2026-12-31,12,626,1,1.74,0,0.42,11.93,66.27,Kazakhstan,['Kazakhstan'],right,185,75,False,7.91,4.74,69.7,4.31,73.33,0.58,0.8200000000000001,0.58,4.03,5.75,0.86,4,0.58,0,0.0,1.29,0.14,1,0.14,0.25,0,0.0,8,1.15,37.5,12.5,0.0,1.15,50.0,0.0,0.0,1.15,50.0,0.14,0.58,50.0,1.58,36.36,1.87,1.29,0.43,21.57,1.15,0.58,35.08,73.77,16.39,60.53,3.16,100.0,23.87,83.73,10.06,52.86,25.8,39.01,0.06,0.58,0.0,0.0,0.0,0.0,0.43,5.18,47.22,1.87,30.77,0.58,25.0,0.14,0.58,9.06,61.9,84.62,11.21,0,,0,,0,0.0,0.0,0.0,,,1.01,,4.31,0.0,0.0,0.0,0.0,0,0
M. Askarov,Mikael Askarov,-170704,Zhenys,Zhenys,https://cdn5.wyscout.com/photos/team/public/g-13910_120x120.png,Premier League,"LWB, LCB3",LWB,69,LCB3,15,,0,23,2002-12-27,0,2026-12-31,12,625,0,0.13,1,0.91,13.97,53.61,Kazakhstan,['Kazakhstan'],,178,0,False,8.21,5.47,63.16,2.3,37.5,0.29,0.39,0.43,4.46,6.12,1.01,1,0.14,0,0.0,3.6,0.0,0,0.0,0.02,0,0.0,5,0.72,40.0,0.0,0.14,4.18,62.07,3.74,57.69,0.43,100.0,0.43,1.01,71.43,4.18,48.28,1.01,1.3,0.0,28.51,2.74,1.01,41.47,78.82,13.97,65.98,10.08,98.57,31.68,85.0,5.76,57.5,22.4,42.52,0.13,1.58,0.0,0.0,0.14,0.0,0.72,6.19,65.12,5.04,65.71,0.43,33.33,0.58,2.45,10.8,81.33,80.0,11.52,0,,0,,0,0.0,0.0,0.0,,,0.86,,2.3,1.44,0.14,100.0,1.15,0,0
T. Zhangylyshbay,Toktar Zhangylyshbay,189549,Okzhetpes,Okzhetpes,https://cdn5.wyscout.com/photos/team/public/g1363_120x120.png,Premier League,CF,CF,95,,0,,0,33,1993-05-25,150000,2026-12-31,17,617,0,2.29,0,0.98,19.98,39.42,Kazakhstan,['Kazakhstan'],right,189,69,False,1.6,1.6,54.55,8.17,41.07,0.15,0.25,0.15,0.58,1.02,0.88,2,0.29,0,0.0,2.19,0.0,0,0.0,0.33,0,0.0,19,2.77,42.11,0.0,0.0,0.58,25.0,0.15,0.0,0.44,33.33,0.0,2.19,40.0,8.31,42.11,3.21,0.58,0.58,9.04,2.77,2.77,8.9,70.49,2.33,37.5,1.9,92.31,7.73,77.36,0.58,25.0,15.33,4.69,0.14,0.73,0.15,0.0,0.0,0.0,0.58,1.31,44.44,0.88,16.67,0.15,0.0,0.44,0.15,1.17,75.0,66.67,3.06,0,,0,,0,0.0,0.0,0.0,,,0.0,,8.17,0.15,0.15,0.0,0.0,0,0
V. Moses,Victor Moses,25395,Kaisar,Kaisar,https://cdn5.wyscout.com/photos/team/public/g1352_120x120.png,Premier League,"LWF, CF",LWF,56,CF,43,,0,35,1990-12-12,1000000,2026-12-31,9,608,0,0.48,1,0.9500000000000001,20.58,41.01,Nigeria,"['Nigeria', 'England']",right,177,79,False,2.07,1.92,53.85,3.11,33.33,0.0,0.0,0.0,1.04,1.3900000000000001,1.04,3,0.44,0,0.0,2.96,0.0,0,0.0,0.07,0,0.0,7,1.04,28.57,0.0,0.15,1.48,50.0,0.89,33.33,0.59,75.0,0.0,3.85,50.0,13.47,40.66,2.07,2.81,0.44,14.06,1.78,2.52,20.28,78.1,5.33,66.67,4.14,89.29,17.76,82.5,1.48,30.0,20.74,34.75,0.14,1.18,0.0,0.15,0.30000000000000004,0.0,0.30000000000000004,2.52,64.71,2.52,64.71,0.15,0.0,0.89,0.74,2.81,84.21,81.82,6.51,0,,0,,0,0.0,0.0,0.0,,,0.15,,3.11,0.15,0.0,0.0,1.18,0,0
T. Agimanov,Tamerlan Agimanov,-438046,Irtysh,Irtysh,https://cdn5.wyscout.com/photos/team/public/1361_120x120.png,Premier League,"CF, LW, LAMF",CF,31,LW,15,LAMF,15,19,2006-08-16,0,2026-12-31,15,605,1,1.48,0,1.48,20.83,45.0,Kazakhstan,['Kazakhstan'],right,177,61,False,6.55,5.95,60.0,1.34,11.11,0.45,0.8,0.0,2.5300000000000002,4.51,1.04,4,0.6000000000000001,1,0.15,3.12,0.15,1,0.15,0.22,0,0.0,14,2.08,42.86,7.143,0.0,3.27,36.36,1.79,25.0,1.49,50.0,0.30000000000000004,3.12,33.33,10.86,34.25,4.17,0.6000000000000001,0.15,13.39,2.08,2.23,18.6,66.4,4.91,45.45,3.87,92.31,13.39,78.89,2.38,31.25,21.19,27.72,0.22,1.04,0.0,0.0,0.0,0.0,0.30000000000000004,2.23,60.0,2.38,37.5,0.30000000000000004,0.0,0.30000000000000004,1.04,2.68,88.89,64.86,5.5,0,,0,,0,0.0,0.0,0.0,,,0.30000000000000004,,1.34,1.04,0.0,0.0,2.98,0,0
Y. Trufanov,Yan Trufanov,-293746,Atyrau,Atyrau,https://cdn5.wyscout.com/photos/team/public/4450_120x120.png,Premier League,"LWF, RWF, LW",LWF,34,RWF,15,LW,14,22,2004-05-17,0,2026-12-31,16,573,1,1.09,0,0.16,24.5,35.9,Kazakhstan,['Kazakhstan'],right,183,77,False,5.34,5.34,58.82,5.5,31.43,0.16,0.19,0.16,2.04,2.44,2.2,3,0.47000000000000003,0,0.0,2.36,0.16,1,0.16,0.17,0,0.0,5,0.79,40.0,20.0,0.0,1.26,62.5,1.1,57.14,0.16,100.0,0.0,2.51,50.0,9.58,29.51,2.36,1.4100000000000001,0.63,10.68,3.46,1.1,17.43,70.27,4.4,67.86,2.83,77.78,13.98,76.4,2.2,35.71,19.7,12.41,0.03,0.63,0.0,0.0,0.0,0.0,0.47000000000000003,2.04,61.54,1.57,60.0,0.16,0.0,0.9400000000000001,0.47000000000000003,2.83,77.78,69.77,6.75,0,,0,,0,0.0,0.0,0.0,,,0.0,,5.5,0.0,0.0,0.0,0.0,0,0
M. Mbodj,Mamadou Pape Mbodj,381409,Irtysh,Irtysh,https://cdn5.wyscout.com/photos/team/public/1361_120x120.png,Premier League,RCB,RCB,98,,0,,0,33,1993-03-12,500000,2026-12-31,7,568,1,0.8300000000000001,1,0.91,11.73,59.46,Senegal,['Senegal'],right,189,87,False,8.08,5.07,71.88,2.69,35.29,0.16,0.25,0.79,4.28,6.86,1.27,0,0.0,0,0.0,0.16,0.16,1,0.16,0.13,1,0.16,3,0.48,33.33,33.333,0.16,0.0,0.0,0.0,0.0,0.0,0.0,0.0,0.0,0.0,1.9,66.67,0.79,1.11,0.0,32.96,0.48,1.43,46.9,90.54,19.49,82.93,1.43,77.78,41.67,93.54,5.23,66.67,18.88,27.06,0.14,0.48,0.16,0.0,0.0,0.0,0.16,4.75,86.67,0.63,50.0,0.16,100.0,0.48,0.0,8.08,76.47,96.32,21.55,0,,0,,0,0.0,0.0,0.0,,,0.79,,2.69,0.0,0.0,0.0,0.0,0,0
D. Yusov,Dmytro Yusov,246455,Atyrau,Atyrau,https://cdn5.wyscout.com/photos/team/public/4450_120x120.png,Premier League,"CF, LWF",CF,56,LWF,39,,0,33,1993-05-11,300000,2026-12-31,10,566,0,0.91,0,0.23,17.33,35.78,Ukraine,['Ukraine'],right,188,80,False,3.34,2.86,55.56,5.57,37.14,0.16,0.17,0.16,1.5899999999999999,1.67,1.27,0,0.0,0,0.0,1.43,0.0,0,0.0,0.15,0,0.0,10,1.5899999999999999,50.0,0.0,0.0,0.32,0.0,0.32,0.0,0.0,0.0,0.0,1.5899999999999999,40.0,6.68,21.43,2.7,0.16,0.32,6.52,1.9100000000000001,0.9500000000000001,11.77,77.03,1.75,54.55,3.98,100.0,10.81,79.41,0.64,75.0,16.24,10.54,0.04,0.32,0.0,0.0,0.0,0.0,0.32,1.11,28.57,0.32,50.0,0.0,0.0,0.48,0.0,1.75,54.55,65.0,3.18,0,,0,,0,0.0,0.0,0.0,,,0.0,,5.57,0.0,0.0,0.0,0.0,0,0
M. Vukčević,Marko Vukčević,158556,Tobol,Tobol,https://cdn5.wyscout.com/photos/team/public/1195_120x120.png,Premier League,"RB, RWB, RB5",RB,34,RWB,30,RB5,18,33,1993-06-07,600000,2026-12-31,8,554,1,1.16,1,0.22,14.78,49.45,Montenegro,['Montenegro'],right,181,78,False,7.64,6.34,61.54,3.09,36.84,0.0,0.0,0.32,3.74,5.48,0.49,0,0.0,0,0.0,2.76,0.16,1,0.16,0.19,0,0.0,3,0.49,66.67,33.333,0.16,4.55,28.57,0.16,0.0,4.39,29.63,0.0,2.6,43.75,4.39,40.74,0.81,1.9500000000000002,0.32,24.69,1.3,0.81,37.04,75.44,14.13,71.26,5.85,97.22,29.08,85.47,3.74,52.17,21.11,33.76,0.04,0.65,0.0,0.0,0.0,0.0,0.49,4.22,69.23,3.09,42.11,0.32,0.0,0.0,1.46,8.61,64.15,72.13,9.91,0,,0,,0,0.0,0.0,0.0,,,0.65,,3.09,0.0,0.0,0.0,0.0,0,0
A. Talal,Mohamed Amine Talal,488335,Tobol,Tobol,https://cdn5.wyscout.com/photos/team/public/1195_120x120.png,Premier League,"AMF, RWF, CF",AMF,39,RWF,19,CF,17,30,1996-06-05,700000,2026-12-31,10,549,1,0.6000000000000001,0,0.8200000000000001,13.93,44.71,Morocco,['Morocco'],left,176,70,False,3.93,2.13,61.54,2.95,44.44,0.0,0.0,0.16,2.62,4.95,1.15,1,0.16,1,0.16,2.3,0.16,1,0.16,0.1,1,0.16,8,1.31,50.0,12.5,0.0,0.66,50.0,0.33,50.0,0.16,100.0,0.0,1.48,88.89,7.05,41.86,3.2800000000000002,1.48,0.16,25.08,1.31,1.8,32.62,76.88,10.98,67.16,7.05,88.37,29.34,80.45,2.79,47.06,15.94,30.97,0.13,1.8,0.0,0.0,0.0,0.0,0.49,4.43,66.67,3.77,56.52,0.49,0.0,2.46,0.16,4.59,75.0,90.2,8.36,0,,0,,0,0.0,0.0,0.0,,,0.33,,2.95,0.33,0.16,100.0,1.6400000000000001,0,0
I. Umaev,Idris Umaev,-41006,Caspiy,Caspiy,https://cdn5.wyscout.com/photos/team/public/g3933_120x120.png,Premier League,"RAMF, LWF, LAMF",RAMF,26,LWF,23,LAMF,16,27,1999-01-15,300000,2026-12-31,13,544,2,1.73,0,0.18,19.52,41.53,Russia,['Russia'],right,174,70,False,3.81,3.14,63.16,1.82,36.36,0.0,0.0,0.17,1.82,2.48,0.66,1,0.17,0,0.0,2.48,0.33,1,0.17,0.29,0,0.0,16,2.65,18.75,12.5,0.0,0.8300000000000001,20.0,0.66,0.0,0.17,100.0,0.17,3.31,55.0,11.58,41.43,1.99,2.48,0.8300000000000001,9.26,1.99,2.81,12.41,69.33,2.65,43.75,3.14,89.47,9.93,76.67,1.65,50.0,19.74,24.75,0.03,0.33,0.0,0.0,0.0,0.0,0.17,1.65,40.0,1.32,50.0,0.17,0.0,0.33,0.17,1.82,90.91,74.07,4.47,0,,0,,0,0.0,0.0,0.0,,,0.17,,1.82,0.8300000000000001,0.17,0.0,0.5,1,100
M. Chalkin,Maksim Chalkin,-32109,Ulytau,Ulytau,https://cdn5.wyscout.com/photos/team/public/g-17974_120x120.png,Premier League,"RCB, RB",RCB,55,RB,39,,0,29,1996-09-03,0,2026-12-31,9,544,1,0.46,0,0.0,13.24,47.5,Kazakhstan,['Kazakhstan'],right,185,80,False,7.61,6.29,39.47,3.81,52.17,0.66,1.0,0.0,4.47,6.75,1.82,4,0.66,1,0.17,0.17,0.17,1,0.17,0.08,1,0.17,3,0.5,33.33,33.333,0.0,0.17,0.0,0.0,0.0,0.17,0.0,0.0,0.33,0.0,1.16,42.86,0.5,0.8300000000000001,0.0,20.35,0.8300000000000001,0.8300000000000001,33.09,80.0,13.9,67.86,2.48,100.0,27.3,87.88,5.63,44.12,20.73,33.3,0.0,0.0,0.0,0.0,0.0,0.0,0.0,3.9699999999999998,54.17,0.17,0.0,0.17,0.0,0.0,0.0,6.45,53.85,90.59,14.06,0,,0,,0,0.0,0.0,0.0,,,0.99,,3.81,0.0,0.0,0.0,0.0,0,0
B. Kabylan,Bekzat Kabylan,443387,Caspiy,Caspiy,https://cdn5.wyscout.com/photos/team/public/g3933_120x120.png,Premier League,"AMF, RW",AMF,56,RW,12,,0,30,1996-03-03,100000,2026-12-31,11,518,0,0.14,0,1.28,13.2,36.84,Kazakhstan,['Kazakhstan'],right,162,0,False,5.21,5.73,57.58,0.87,0.0,0.17,0.24,0.0,1.74,2.38,1.22,3,0.52,0,0.0,0.35000000000000003,0.0,0,0.0,0.02,0,0.0,2,0.35000000000000003,50.0,0.0,0.0,0.6900000000000001,0.0,0.6900000000000001,0.0,0.0,0.0,0.17,0.52,33.33,4.52,26.92,1.3900000000000001,0.6900000000000001,0.0,19.11,1.74,0.35000000000000003,28.32,76.69,9.03,65.38,6.25,83.33,26.06,80.0,1.56,55.56,14.94,13.3,0.22,1.56,0.0,0.0,0.0,0.0,0.87,4.0,78.26,1.74,60.0,0.35000000000000003,50.0,1.3900000000000001,0.0,4.34,68.0,77.27,7.64,0,,0,,0,0.0,0.0,0.0,,,0.0,,0.87,0.87,0.0,0.0,2.26,0,0
A. Zhaksylykov,Aybar Zhaksylykov,-118124,Yelimay Semey,Yelimay Semey,https://cdn5.wyscout.com/photos/team/public/g-17973_120x120.png,Premier League,"CF, LAMF",CF,63,LAMF,26,,0,28,1997-07-24,200000,2026-12-31,14,508,2,2.73,1,0.4,20.02,36.28,Kazakhstan,['Kazakhstan'],right,184,74,False,3.54,4.43,40.0,6.73,44.74,0.18,0.33,0.0,1.5899999999999999,2.93,2.13,1,0.18,0,0.0,2.13,0.35000000000000003,1,0.18,0.48,0,0.0,10,1.77,50.0,20.0,0.18,1.77,20.0,1.42,25.0,0.18,0.0,0.0,2.13,41.67,6.91,25.64,2.83,0.89,0.35000000000000003,7.62,1.5899999999999999,0.53,13.29,60.0,4.61,53.85,3.54,90.0,10.45,67.8,1.42,50.0,21.62,20.74,0.07,0.53,0.0,0.0,0.0,0.0,0.35000000000000003,1.42,50.0,0.89,20.0,0.35000000000000003,0.0,0.18,0.18,2.48,50.0,42.86,2.48,0,,0,,0,0.0,0.0,0.0,,,0.18,,6.73,0.0,0.0,0.0,0.0,1,100
M. Omatay,Miras Omatay,-269318,Irtysh,Irtysh,https://cdn5.wyscout.com/photos/team/public/1361_120x120.png,Premier League,"RCMF, AMF, CF",RCMF,41,AMF,23,CF,21,22,2004-06-30,0,2026-12-31,10,496,0,0.24,0,0.5,16.69,34.78,Kazakhstan,['Kazakhstan'],both,174,67,False,3.63,5.08,35.71,1.63,55.56,0.36,0.5700000000000001,0.0,1.45,2.29,1.09,2,0.36,0,0.0,1.63,0.0,0,0.0,0.04,0,0.0,7,1.27,28.57,0.0,0.0,0.73,50.0,0.54,66.67,0.18,0.0,0.0,2.9,25.0,7.62,23.81,0.18,1.45,0.36,25.4,0.73,1.09,34.11,81.91,8.89,67.35,5.99,93.94,29.76,86.59,3.63,50.0,19.74,30.79,0.09,1.09,0.18,0.0,0.18,100.0,0.36,6.71,67.57,1.45,62.5,0.54,33.33,1.09,0.18,5.44,90.0,85.92,12.88,0,,0,,0,0.0,0.0,0.0,,,0.36,,1.63,2.0,0.73,50.0,2.7199999999999998,0,0
A. Tolegenov,Abylaykhan Tolegenov,-32161,Kaisar,Kaisar,https://cdn5.wyscout.com/photos/team/public/g1352_120x120.png,Premier League,CB,CB,96,,0,,0,34,1992-07-13,50000,2026-12-31,6,495,0,0.36,0,0.0,10.91,48.33,Kazakhstan,['Kazakhstan'],right,180,72,False,5.09,4.18,52.17,2.91,50.0,0.36,0.44,0.55,2.55,3.07,0.91,1,0.18,0,0.0,0.0,0.0,0,0.0,0.07,0,0.0,3,0.55,0.0,0.0,0.0,0.0,0.0,0.0,0.0,0.0,0.0,0.0,0.18,0.0,1.27,28.57,0.36,0.0,0.0,16.18,0.18,0.91,27.45,80.79,12.36,66.18,2.0,100.0,20.55,91.15,6.91,50.0,26.17,40.48,0.0,0.0,0.18,0.0,0.0,0.0,0.0,2.91,56.25,0.73,25.0,0.55,33.33,0.18,0.0,6.0,63.64,93.33,10.91,0,,0,,0,0.0,0.0,0.0,,,1.82,,2.91,0.0,0.0,0.0,0.0,0,0
N. Pivkin,Nikita Pivkin,-157363,Yelimay Semey,Yelimay Semey,https://cdn5.wyscout.com/photos/team/public/g-17973_120x120.png,Premier League,GK,GK,100,,0,,0,23,2003-03-24,100000,2026-12-31,5,491,0,0.0,0,0.0,0.73,50.0,Kazakhstan,['Kazakhstan'],,185,0,False,1.28,0.18,0.0,0.55,66.67,0.0,0.0,0.0,1.28,2.04,0.0,0,0.0,0,0.0,0.0,0.0,0,0.0,0.0,0,0.0,0,0.0,0.0,0.0,0.0,0.0,0.0,0.0,0.0,0.0,0.0,0.0,0.0,0.0,0.0,0.0,0.0,0.0,0.0,7.15,0.55,0.18,11.36,82.26,6.78,72.97,0.0,0.0,6.78,100.0,4.4,58.33,36.1,55.01,0.0,0.0,0.0,0.0,0.0,0.0,0.0,1.83,60.0,0.0,0.0,0.0,0.0,0.0,0.0,3.67,70.0,100.0,3.85,10,1.83,23,4.22,0,56.52,7.4,1.3599999999999999,-2.6,-0.47700000000000004,0.0,1.1,0.55,,,,0.0,0,0
V. Naumets,Vladyslav Naumets,427946,Zhenys,Zhenys,https://cdn5.wyscout.com/photos/team/public/g-13910_120x120.png,Premier League,"RWF, LWF, CF",RWF,46,LWF,13,CF,11,27,1999-03-07,500000,2026-12-31,13,490,0,1.1400000000000001,1,1.51,17.27,43.62,Ukraine,['Ukraine'],left,171,65,False,3.86,3.31,50.0,2.2,41.67,0.18,0.29,0.18,2.02,3.24,1.29,1,0.18,0,0.0,6.06,0.0,0,0.0,0.21,0,0.0,12,2.2,41.67,0.0,0.18,3.49,63.16,0.37,50.0,3.12,64.71,0.92,5.69,51.61,10.84,42.37,2.94,2.2,0.73,16.71,1.8399999999999999,1.65,20.57,85.71,6.24,82.35,4.59,100.0,16.35,91.01,0.73,75.0,18.7,9.69,0.28,2.02,0.0,0.0,0.18,0.0,0.73,2.5700000000000003,78.57,2.94,75.0,0.18,0.0,0.37,2.2,4.59,92.0,78.38,6.8,0,,0,,0,0.0,0.0,0.0,,,0.55,,2.2,1.65,0.18,100.0,1.65,0,0
M. Seysen,Mukhammedzhan Seysen,421602,Astana,Astana,https://cdn5.wyscout.com/photos/team/public/2405_120x120.png,Premier League,GK,GK,100,,0,,0,27,1999-02-14,250000,2026-12-31,5,483,0,0.0,0,0.0,0.19,100.0,Kazakhstan,['Kazakhstan'],right,190,0,False,0.93,0.0,0.0,0.0,0.0,0.0,0.0,0.0,0.93,1.5,0.0,0,0.0,0,0.0,0.0,0.0,0,0.0,0.0,0,0.0,0,0.0,0.0,0.0,0.0,0.0,0.0,0.0,0.0,0.0,0.0,0.0,0.0,0.0,0.19,100.0,0.0,0.0,0.0,19.38,0.93,0.19,25.71,87.68,11.74,76.19,0.0,0.0,17.7,96.84,8.01,67.44,27.52,46.71,0.0,0.0,0.0,0.0,0.0,0.0,0.0,1.3,57.14,0.0,0.0,0.0,0.0,0.0,0.0,5.4,68.97,96.97,12.3,7,1.3,13,2.42,2,46.15,4.52,0.84,-2.48,-0.462,0.0,0.56,0.0,,,,0.0,0,0
D. Mitkov,Dimitar Georgiev Mitkov,509009,Ordabasy,Ordabasy,https://cdn5.wyscout.com/photos/team/public/1363_120x120.png,Premier League,CF,CF,100,,0,,0,26,2000-01-27,400000,2026-12-31,10,471,1,1.13,1,0.52,21.78,35.96,Bulgaria,['Bulgaria'],right,191,85,False,3.63,4.39,39.13,8.03,50.0,0.19,0.30000000000000004,0.0,1.72,2.73,3.25,2,0.38,1,0.19,0.96,0.19,1,0.19,0.22,1,0.19,8,1.53,50.0,12.5,0.19,0.5700000000000001,33.33,0.19,0.0,0.19,0.0,0.19,0.19,0.0,5.73,26.67,3.25,0.38,0.0,14.14,1.15,0.76,20.45,80.37,4.01,66.67,6.5,91.18,18.73,81.63,1.15,83.33,14.26,13.56,0.1,0.19,0.19,0.0,0.19,0.0,0.76,1.9100000000000001,70.0,0.76,50.0,0.38,0.0,0.76,0.19,1.53,75.0,78.13,6.11,0,,0,,0,0.0,0.0,0.0,,,0.0,,8.03,0.0,0.0,0.0,0.0,0,0
D. Zhumat,Dauren Zhumat,-351729,Tobol,Tobol,https://cdn5.wyscout.com/photos/team/public/1195_120x120.png,Premier League,"AMF, RWF, RW",AMF,51,RWF,18,RW,13,27,1999-03-02,0,2026-12-31,11,448,0,0.16,0,0.81,16.88,41.67,Kazakhstan,['Kazakhstan'],right,172,0,False,4.42,5.63,42.86,2.21,36.36,0.0,0.0,0.0,2.01,3.75,2.61,1,0.2,0,0.0,1.81,0.0,0,0.0,0.03,0,0.0,2,0.4,100.0,0.0,0.0,3.8200000000000003,21.05,1.4100000000000001,28.57,2.41,16.67,0.6000000000000001,0.8,75.0,6.23,45.16,3.01,1.0,0.0,26.92,0.6000000000000001,2.01,36.56,77.47,9.24,67.39,9.64,89.58,30.74,85.62,2.21,54.55,16.05,27.77,0.16,1.4100000000000001,0.0,0.0,0.0,0.0,0.4,4.02,75.0,3.42,41.18,0.0,0.0,1.4100000000000001,0.8,4.82,75.0,73.91,9.24,0,,0,,0,0.0,0.0,0.0,,,0.2,,2.21,0.2,0.0,0.0,0.2,0,0
S. Anuarov,Sanzhar Anuarov,-438396,Astana,Astana,https://cdn5.wyscout.com/photos/team/public/2405_120x120.png,Premier League,"CB, LCB3",CB,83,LCB3,11,,0,21,2005-02-16,0,2026-12-31,8,437,0,0.18,0,0.14,12.15,69.49,Kazakhstan,['Kazakhstan'],right,176,55,False,9.47,6.38,74.19,3.5,64.71,0.62,0.9,1.24,4.12,6.0,0.21,0,0.0,0,0.0,0.41000000000000003,0.0,0,0.0,0.04,0,0.0,2,0.41000000000000003,0.0,0.0,0.0,0.21,100.0,0.21,100.0,0.0,0.0,0.0,0.21,100.0,1.24,50.0,0.41000000000000003,0.62,0.0,37.28,0.62,0.41000000000000003,49.02,92.02,13.39,81.54,2.47,91.67,45.31,94.09,3.5,64.71,16.58,33.34,0.03,0.21,0.0,0.21,0.0,0.0,0.21,2.68,76.92,0.8200000000000001,75.0,0.0,0.0,0.21,0.21,5.77,64.29,97.06,28.01,0,,0,,0,0.0,0.0,0.0,,,1.65,,3.5,0.0,0.0,0.0,0.0,0,0
D. Mitrofanov,Denis Mitrofanov,-150713,Altay,Altay,https://cdn5.wyscout.com/photos/team/public/g36010_120x120.png,Premier League,"CF, RW",CF,72,RW,15,,0,24,2002-01-09,200000,2026-12-31,15,431,1,1.43,1,0.41000000000000003,23.81,36.84,Kazakhstan,['Kazakhstan'],right,184,0,False,2.92,3.13,46.67,12.95,32.26,0.42,0.65,0.0,1.04,1.6099999999999999,1.25,1,0.21,0,0.0,1.25,0.21,0,0.0,0.30000000000000004,0,0.0,9,1.88,33.33,11.111,0.21,0.84,25.0,0.21,0.0,0.63,33.33,0.42,2.09,20.0,4.8,34.78,2.51,0.42,0.0,11.9,3.13,1.67,17.75,62.35,5.22,40.0,4.39,80.95,16.71,65.0,0.21,0.0,13.55,0.75,0.09,0.84,0.0,0.0,0.21,0.0,0.63,2.09,30.0,2.09,40.0,0.21,0.0,1.04,0.21,2.51,50.0,66.67,4.39,0,,0,,0,0.0,0.0,0.0,,,0.0,,12.95,0.0,0.0,0.0,0.0,1,100
O. Baybek,Olzhas Baybek,-304421,Kairat,Kairat,https://cdn5.wyscout.com/photos/team/public/g1358_120x120.png,Premier League,RDMF,RDMF,86,,0,,0,21,2005-02-11,0,2028-12-31,9,427,0,0.6900000000000001,0,0.04,14.33,51.47,Kazakhstan,['Kazakhstan'],right,180,71,False,5.9,4.64,68.18,2.74,46.15,0.42,0.7000000000000001,0.21,2.32,3.84,0.63,0,0.0,0,0.0,0.63,0.0,0,0.0,0.15,0,0.0,9,1.9,11.11,0.0,0.0,0.0,0.0,0.0,0.0,0.0,0.0,0.0,1.05,40.0,4.64,36.36,1.05,1.05,0.0,37.94,0.0,1.26,46.79,92.79,9.48,86.67,9.48,97.78,45.11,94.39,1.69,50.0,14.93,17.76,0.01,0.21,0.0,0.21,0.0,0.0,0.21,4.85,86.96,0.84,75.0,0.0,0.0,0.63,0.0,6.53,77.42,95.7,19.6,0,,0,,0,0.0,0.0,0.0,,,1.05,,2.74,0.0,0.0,0.0,0.0,0,0
N. Gubarev,Nikita Gubarev,-419109,Kyzyl-Zhar,Kyzyl-Zhar,https://cdn5.wyscout.com/photos/team/public/g1367_120x120.png,Premier League,"LB5, LB, LWB",LB5,34,LB,33,LWB,31,22,2004-04-17,0,2026-12-31,10,427,0,0.11,0,0.15,12.65,51.67,Kazakhstan,['Kazakhstan'],unknown,0,0,False,5.48,6.53,54.84,2.32,45.45,0.0,0.0,0.42,1.9,2.65,1.05,2,0.42,0,0.0,1.26,0.0,0,0.0,0.02,0,0.0,1,0.21,100.0,0.0,0.0,2.32,36.36,2.32,36.36,0.0,0.0,0.21,0.84,25.0,2.95,50.0,1.05,0.42,0.21,12.65,1.48,1.05,21.29,67.33,8.43,50.0,3.16,100.0,15.81,74.67,3.58,58.82,21.69,22.46,0.03,0.42,0.0,0.0,0.0,0.0,0.0,3.16,53.33,1.9,55.56,0.0,0.0,0.84,0.42,5.9,60.71,75.0,5.06,0,,0,,0,0.0,0.0,0.0,,,0.0,,2.32,0.0,0.0,0.0,0.0,0,0
A. Kenesov,Arman Kenesov,465892,Turan Turkistan,Aktobe,https://cdn5.wyscout.com/photos/team/public/g-9831_120x120.png,1. Division,"LWB, LB5, RW",LWB,61,LB5,16,RW,13,25,2000-09-04,400000,2026-12-31,8,426,0,0.35000000000000003,0,0.7000000000000001,18.38,55.17,Kazakhstan,['Kazakhstan'],left,172,72,True,9.08,5.49,69.23,2.54,41.67,0.63,0.99,0.0,4.65,7.25,0.85,1,0.21,0,0.0,6.13,0.0,0,0.0,0.07,0,0.0,10,2.11,40.0,0.0,0.0,5.49,42.31,4.44,42.86,1.06,40.0,0.85,4.65,63.64,8.45,50.0,1.27,2.32,0.21,20.07,1.69,1.48,30.21,57.34,11.62,47.27,3.38,93.75,18.59,67.05,6.55,41.94,24.46,26.03,0.15,1.69,0.0,0.0,0.0,0.0,0.85,5.07,50.0,6.13,44.83,0.63,33.33,1.27,2.32,8.45,70.0,60.0,11.62,0,,0,,0,0.0,0.0,0.0,,,0.0,,2.54,0.63,0.0,0.0,1.27,0,0
D. Podymsky,Danil Podymsky,386625,Zhetysu,Zhetysu,https://cdn5.wyscout.com/photos/team/public/g1364_120x120.png,Premier League,GK,GK,100,,0,,0,28,1998-06-05,0,2026-12-31,5,414,0,0.0,0,0.0,0.87,100.0,Kazakhstan,['Kazakhstan'],right,189,79,False,0.87,0.0,0.0,0.87,100.0,0.0,0.0,0.0,0.87,1.4,0.0,0,0.0,0,0.0,0.0,0.0,0,0.0,0.0,0,0.0,0,0.0,0.0,0.0,0.0,0.0,0.0,0.0,0.0,0.0,0.0,0.0,0.0,0.0,0.0,0.0,0.0,0.0,0.0,8.91,0.65,0.0,13.48,77.42,6.52,60.0,0.0,0.0,9.35,93.02,4.13,42.11,31.33,42.07,0.0,0.0,0.0,0.0,0.0,0.0,0.0,1.3,33.33,0.22,0.0,0.0,0.0,0.0,0.0,3.48,43.75,92.86,6.09,8,1.74,19,4.13,1,57.89,5.26,1.1400000000000001,-2.74,-0.596,0.0,1.74,0.87,,,,0.0,0,0
A. Abdulla,Aybar Abdulla,-218381,Atyrau,Atyrau,https://cdn5.wyscout.com/photos/team/public/4450_120x120.png,Premier League,"CF, RCMF",CF,67,RCMF,16,,0,24,2002-01-22,0,,8,409,1,0.64,0,0.01,12.32,35.71,Kazakhstan,['Kazakhstan'],left,176,69,False,6.38,3.3,73.33,3.08,35.71,0.44,0.47000000000000003,0.22,3.52,3.7800000000000002,1.32,1,0.22,0,0.0,0.66,0.22,1,0.22,0.14,0,0.0,3,0.66,33.33,33.333,0.0,0.88,0.0,0.66,0.0,0.0,0.0,0.22,1.1,40.0,4.18,21.05,2.2,0.88,0.0,8.36,1.54,0.66,15.18,68.12,5.06,47.83,4.84,77.27,12.54,75.44,1.76,50.0,17.95,22.55,0.0,0.22,0.0,0.0,0.0,0.0,0.0,1.76,37.5,1.1,0.0,0.0,0.0,0.44,0.22,2.86,15.38,78.57,3.08,0,,0,,0,0.0,0.0,0.0,,,0.0,,3.08,0.0,0.0,0.0,0.0,0,0
R. Chirkov,Roman Chirkov,-157375,Kyzyl-Zhar,Kyzyl-Zhar,https://cdn5.wyscout.com/photos/team/public/g1367_120x120.png,Premier League,"DMF, RCMF, RCMF3",DMF,19,RCMF,14,RCMF3,13,22,2003-12-28,0,2026-12-31,11,403,0,0.17,0,0.43,14.74,50.0,Kazakhstan,['Kazakhstan'],,180,0,False,6.25,4.91,68.18,2.9,30.77,0.45,0.74,0.22,2.46,4.07,1.12,1,0.22,0,0.0,0.45,0.0,0,0.0,0.04,0,0.0,2,0.45,0.0,0.0,0.0,0.22,0.0,0.0,0.0,0.22,0.0,0.0,0.67,66.67,4.24,42.11,0.45,0.67,0.0,12.95,0.45,1.34,20.1,75.56,6.48,62.07,5.14,100.0,17.64,83.54,2.23,20.0,19.74,19.42,0.1,0.67,0.0,0.0,0.0,0.0,0.0,2.46,54.55,0.45,0.0,0.0,0.0,0.0,0.0,2.68,58.33,68.0,5.58,0,,0,,0,0.0,0.0,0.0,,,0.45,,2.9,1.12,0.0,0.0,0.89,0,0
J. Atanasov,Jani Atanasov,426859,Aktobe,Aktobe,https://cdn5.wyscout.com/photos/team/public/1360_120x120.png,Premier League,"RDMF, LDMF, RCMF",RDMF,50,LDMF,22,RCMF,20,26,1999-10-31,800000,2027-12-31,4,402,0,0.24,1,0.11,9.63,51.16,North Macedonia,['North Macedonia'],right,187,84,False,3.81,3.58,43.75,1.12,60.0,0.0,0.0,0.22,2.24,3.16,0.22,2,0.45,0,0.0,0.9,0.0,0,0.0,0.05,0,0.0,9,2.01,33.33,0.0,0.22,0.22,0.0,0.0,0.0,0.22,0.0,0.22,0.45,50.0,4.03,44.44,0.22,0.67,0.0,34.93,0.45,1.12,44.1,85.79,15.0,70.15,5.37,91.67,38.51,90.12,5.37,58.33,21.14,49.83,0.02,0.22,0.0,0.0,0.0,0.0,0.22,7.39,66.67,1.34,16.67,0.45,50.0,0.67,0.0,6.94,83.87,92.59,18.13,0,,0,,0,0.0,0.0,0.0,,,0.45,,1.12,0.67,0.22,0.0,0.67,0,0
Klaidher,Klaidher Vittorio  Bravin Macedo,-69370,Kaisar,Kaisar,https://cdn5.wyscout.com/photos/team/public/g1352_120x120.png,Premier League,"LCB3, LCB",LCB3,87,LCB,12,,0,27,1999-01-18,150000,2028-06-30,4,399,0,0.02,0,0.01,13.08,51.72,Brazil,['Brazil'],left,189,85,False,9.25,6.77,53.33,3.83,64.71,0.0,0.0,0.23,5.64,7.73,1.13,0,0.0,0,0.0,0.45,0.0,0,0.0,0.0,0,0.0,1,0.23,0.0,0.0,0.0,1.58,14.29,1.13,20.0,0.45,0.0,0.0,0.23,100.0,1.35,33.33,0.45,0.23,0.0,27.07,0.0,0.45,41.73,86.49,19.17,83.53,2.03,100.0,32.93,94.52,7.22,65.63,24.01,42.35,0.0,0.45,0.0,0.0,0.0,0.0,0.0,5.19,65.22,0.9,25.0,0.0,0.0,0.0,0.23,9.25,80.49,91.67,16.24,0,,0,,0,0.0,0.0,0.0,,,1.8,,3.83,0.0,0.0,0.0,0.0,0,0
S. Bukorac,Stefan Bukorac,201841,Kaisar,Kaisar,https://cdn5.wyscout.com/photos/team/public/g1352_120x120.png,Premier League,"CB, RCB",CB,87,RCB,12,,0,35,1991-02-15,150000,2026-12-31,4,399,1,0.52,0,0.25,15.56,55.07,Serbia,['Serbia'],right,193,91,False,9.92,4.51,55.0,7.44,60.61,0.45,0.62,0.23,6.99,9.59,2.03,3,0.68,0,0.0,0.45,0.23,1,0.23,0.12,1,0.23,3,0.68,33.33,33.333,0.0,0.23,0.0,0.0,0.0,0.23,0.0,0.0,0.23,100.0,1.13,60.0,1.13,0.0,0.0,19.17,0.23,0.68,33.83,87.33,13.53,81.67,2.03,88.89,29.55,92.37,4.06,55.56,22.38,43.16,0.06,0.45,0.0,0.0,0.0,0.0,0.23,2.03,44.44,0.0,0.0,0.0,0.0,0.23,0.0,4.96,77.27,97.18,16.02,0,,0,,0,0.0,0.0,0.0,,,1.13,,7.44,0.0,0.0,0.0,0.0,0,0
A. Bekmyrza,Anuar  Bekmyrza,-247363,Caspiy Reserve,Caspiy,https://cdn5.wyscout.com/photos/team/public/g-12127_120x120.png,1. Division,"LB, LW, LB5",LB,49,LW,22,LB5,18,25,2001-05-07,0,,8,397,0,0.08,1,0.29,14.06,62.9,Kazakhstan,['Kazakhstan'],right,175,65,False,9.97,9.07,70.0,0.91,25.0,0.23,0.28,0.23,3.4,4.13,0.68,2,0.45,0,0.0,0.91,0.0,0,0.0,0.02,0,0.0,2,0.45,0.0,0.0,0.23,2.27,30.0,2.27,30.0,0.0,0.0,0.68,0.68,33.33,2.95,53.85,0.45,0.0,0.0,14.74,1.81,0.91,20.86,68.48,9.75,65.12,3.63,87.5,15.87,77.14,2.7199999999999998,50.0,20.53,18.84,0.07,0.45,0.0,0.0,0.0,0.0,0.23,2.95,69.23,1.81,25.0,0.0,0.0,0.0,0.68,5.21,56.52,55.56,4.08,0,,0,,0,0.0,0.0,0.0,,,0.23,,0.91,0.23,0.0,0.0,0.45,0,0
M. Rikhard,Miras Rikhard,-304416,Irtysh,Irtysh,https://cdn5.wyscout.com/photos/team/public/1361_120x120.png,Premier League,GK,GK,100,,0,,0,21,2005-02-03,0,,4,396,0,0.0,0,0.0,0.45,100.0,Kazakhstan,['Kazakhstan'],right,193,84,False,2.5,0.0,0.0,0.23,100.0,0.0,0.0,0.0,2.5,3.63,0.0,0,0.0,0,0.0,0.0,0.0,0,0.0,0.0,0,0.0,0,0.0,0.0,0.0,0.0,0.0,0.0,0.0,0.0,0.0,0.0,0.0,0.0,0.0,0.23,100.0,0.0,0.0,0.0,13.41,0.0,0.23,20.68,75.82,14.77,73.85,0.0,0.0,11.82,100.0,8.86,43.59,31.34,45.35,0.0,0.0,0.0,0.0,0.0,0.0,0.0,0.91,75.0,0.23,100.0,0.0,0.0,0.0,0.0,6.36,42.86,78.26,5.23,3,0.68,19,4.32,2,84.21,4.47,1.02,1.47,0.334,0.0,1.3599999999999999,0.23,,,,0.0,0,0
D. Podstrelov,Dmitriy Podstrelov,410151,Altay,Altay,https://cdn5.wyscout.com/photos/team/public/g36010_120x120.png,Premier League,"LWB, LW, LB5",LWB,25,LW,24,LB5,24,27,1998-09-06,500000,2026-12-31,4,394,0,0.09,0,0.1,15.53,57.35,Belarus,['Belarus'],left,175,70,False,7.31,6.62,58.62,2.51,36.36,0.0,0.0,0.0,3.43,4.09,1.37,1,0.23,0,0.0,1.1400000000000001,0.0,0,0.0,0.02,0,0.0,3,0.6900000000000001,0.0,0.0,0.0,1.83,12.5,1.1400000000000001,0.0,0.6900000000000001,33.33,0.0,1.6,57.14,4.57,60.0,1.83,0.23,0.0,10.51,1.6,2.74,18.73,62.2,5.94,53.85,3.65,93.75,14.16,74.19,3.2,28.57,18.49,41.33,0.02,0.23,0.0,0.0,0.0,0.0,0.23,1.6,42.86,0.91,25.0,0.0,0.0,0.0,0.23,3.43,46.67,41.67,5.48,0,,0,,0,0.0,0.0,0.0,,,0.46,,2.51,0.0,0.0,0.0,0.0,0,0
V. Laturnus,Vitaliy Laturnus,-578458,Aktobe,Aktobe,https://cdn5.wyscout.com/photos/team/public/1360_120x120.png,Premier League,"LWF, CF",LWF,55,CF,36,,0,17,2008-07-23,0,,13,389,4,1.6099999999999999,1,0.38,15.73,25.0,Kazakhstan,['Kazakhstan'],unknown,0,0,False,3.7,2.7800000000000002,66.67,6.02,7.69,0.0,0.0,0.0,1.85,3.04,0.6900000000000001,1,0.23,0,0.0,1.62,0.93,4,0.93,0.37,0,0.0,9,2.08,55.56,44.444,0.23,0.46,0.0,0.23,0.0,0.23,0.0,0.46,1.62,28.57,3.7,25.0,3.01,0.6900000000000001,0.0,13.42,2.31,0.23,17.81,61.04,6.25,48.15,2.7800000000000002,66.67,16.2,60.0,1.16,100.0,13.21,7.8,0.09,0.93,0.0,0.0,0.0,0.0,0.46,3.24,50.0,0.6900000000000001,33.33,0.23,100.0,1.16,0.0,3.01,53.85,54.55,5.09,0,,0,,0,0.0,0.0,0.0,,,0.0,,6.02,0.0,0.0,0.0,0.0,0,0
N. Korzun,Nikita Korzun,210494,Aktobe,Aktobe,https://cdn5.wyscout.com/photos/team/public/1360_120x120.png,Premier League,"RCMF3, RDMF, DMF",RCMF3,28,RDMF,19,DMF,16,31,1995-03-06,400000,2026-12-31,5,385,0,0.27,0,0.04,14.96,56.25,Belarus,['Belarus'],right,175,70,False,7.25,5.38,86.96,4.44,31.58,0.23,0.36,0.23,2.34,3.61,1.4,2,0.47000000000000003,0,0.0,0.7000000000000001,0.0,0,0.0,0.06,0,0.0,3,0.7000000000000001,33.33,0.0,0.0,0.7000000000000001,33.33,0.23,0.0,0.47000000000000003,50.0,0.0,0.47000000000000003,50.0,2.34,70.0,1.17,0.9400000000000001,0.0,20.81,0.47000000000000003,0.9400000000000001,31.09,84.96,7.48,71.88,8.65,100.0,27.82,86.55,2.5700000000000003,81.82,16.06,28.7,0.01,0.47000000000000003,0.0,0.0,0.23,0.0,0.0,3.51,60.0,1.17,60.0,0.23,0.0,0.7000000000000001,0.23,3.27,57.14,82.86,8.18,0,,0,,0,0.0,0.0,0.0,,,0.7000000000000001,,4.44,0.0,0.0,0.0,0.0,0,0
I. Miladinović,Ivan Miladinović,301948,Yelimay Semey,Yelimay Semey,https://cdn5.wyscout.com/photos/team/public/g-17973_120x120.png,Premier League,CB,CB,100,,0,,0,31,1994-08-14,700000,2026-12-31,4,372,0,0.04,0,0.0,10.4,65.12,Serbia,"['Serbia', 'Russia']",right,189,86,False,7.5,4.35,55.56,3.39,71.43,0.48,0.63,0.73,4.6,6.0,0.24,2,0.48,0,0.0,0.0,0.0,0,0.0,0.01,0,0.0,1,0.24,0.0,0.0,0.0,0.0,0.0,0.0,0.0,0.0,0.0,0.0,0.0,0.0,1.21,60.0,0.73,0.0,0.0,9.92,0.0,0.97,22.02,79.12,8.23,67.65,1.21,60.0,18.63,85.71,3.39,42.86,20.12,30.64,0.0,0.0,0.0,0.0,0.0,0.0,0.0,3.15,61.54,0.0,0.0,0.0,0.0,0.24,0.0,3.87,56.25,91.11,10.89,0,,0,,0,0.0,0.0,0.0,,,0.73,,3.39,0.0,0.0,0.0,0.0,0,0
A. Adambaev,Adi Adambaev,-194900,Yelimay Semey,Yelimay Semey,https://cdn5.wyscout.com/photos/team/public/g-17973_120x120.png,Premier League,"RCB3, LB5",RCB3,76,LB5,13,,0,25,2001-04-04,100000,2026-12-31,8,370,0,0.0,0,0.0,18.24,58.67,Kazakhstan,['Kazakhstan'],,0,0,False,10.95,9.73,70.0,3.65,46.67,0.73,1.02,0.49,3.41,4.77,0.97,1,0.24,0,0.0,0.73,0.0,0,0.0,0.0,0,0.0,0,0.0,0.0,0.0,0.0,0.24,0.0,0.24,0.0,0.0,0.0,0.0,1.22,60.0,2.19,44.44,0.49,0.97,0.0,19.95,0.97,0.24,32.84,80.0,16.78,75.36,1.22,100.0,27.24,87.5,5.35,45.45,20.3,27.82,0.0,0.0,0.0,0.0,0.0,0.0,0.0,4.86,60.0,0.0,0.0,0.24,100.0,0.0,0.0,7.54,48.39,88.89,10.95,0,,0,,0,0.0,0.0,0.0,,,0.73,,3.65,0.0,0.0,0.0,0.0,0,0
M. Turlybek,Miras Turlybek,-262016,Turan Turkistan,Irtysh,https://cdn5.wyscout.com/photos/team/public/g-9831_120x120.png,1. Division,CF,CF,95,,0,,0,24,2001-07-17,0,2026-12-31,11,368,2,3.21,0,0.15,14.67,30.0,Kazakhstan,['Kazakhstan'],right,190,0,False,1.22,0.0,0.0,4.4,22.22,0.24,0.45,0.0,0.98,1.79,0.24,1,0.24,0,0.0,2.45,0.49,1,0.24,0.79,0,0.0,14,3.42,35.71,14.286,0.0,0.98,0.0,0.24,0.0,0.73,0.0,0.0,2.2,55.56,7.34,33.33,3.91,0.98,0.0,5.63,1.96,1.22,8.07,63.64,0.73,0.0,2.2,88.89,7.09,72.41,0.0,0.0,9.56,0.0,0.04,0.49,0.0,0.0,0.0,0.0,0.24,0.73,33.33,1.22,0.0,0.0,0.0,0.49,0.0,0.0,0.0,50.0,2.93,0,,0,,0,0.0,0.0,0.0,,,0.0,,4.4,0.0,0.0,0.0,0.0,1,100
B. Petrovic,Bogdan Petrovic,-307071,Caspiy,Caspiy,https://cdn5.wyscout.com/photos/team/public/g3933_120x120.png,Premier League,"LWF, RAMF, CF",LWF,35,RAMF,20,CF,19,23,2003-02-26,0,,7,362,0,0.5700000000000001,0,0.08,25.11,48.51,Serbia,['Serbia'],left,186,0,False,4.97,4.23,58.82,6.96,35.71,0.0,0.0,0.0,2.49,3.85,2.24,0,0.0,0,0.0,3.73,0.0,0,0.0,0.14,0,0.0,11,2.73,18.18,0.0,0.0,1.49,50.0,0.5,50.0,0.99,50.0,0.0,3.98,62.5,11.93,52.08,4.48,0.99,0.0,12.18,2.73,3.48,16.91,67.65,3.23,38.46,4.72,78.95,13.92,71.43,1.49,50.0,16.9,20.73,0.02,0.25,0.0,0.0,0.0,0.0,0.25,0.99,50.0,1.74,57.14,0.5,0.0,0.25,0.75,1.74,85.71,70.0,4.97,0,,0,,0,0.0,0.0,0.0,,,0.0,,6.96,0.0,0.0,0.0,0.0,0,0
S. Iyede,Samson Iyede Onomigho,435990,Irtysh,Irtysh,https://cdn5.wyscout.com/photos/team/public/1361_120x120.png,Premier League,"CF, LWF",CF,56,LWF,25,,0,28,1998-01-28,500000,2026-12-31,12,357,1,0.87,0,0.01,18.66,40.54,Nigeria,['Nigeria'],right,181,72,False,3.7800000000000002,3.03,41.67,4.79,15.79,0.25,0.36,0.0,2.27,3.25,1.01,1,0.25,0,0.0,2.77,0.25,1,0.25,0.22,0,0.0,9,2.27,22.22,11.111,0.0,1.01,0.0,0.5,0.0,0.5,0.0,0.25,3.03,75.0,8.32,48.48,3.5300000000000002,1.26,0.0,9.08,1.26,0.25,14.87,66.1,3.7800000000000002,66.67,3.2800000000000002,84.62,13.36,69.81,0.5,100.0,18.62,8.67,0.0,0.25,0.0,0.25,0.25,0.0,0.0,2.02,75.0,1.76,28.57,0.25,0.0,0.5,0.0,3.03,83.33,56.52,5.8,0,,0,,0,0.0,0.0,0.0,,,0.0,,4.79,0.0,0.0,0.0,0.0,0,0
N. Baybosynov,Nurdaulet Baybosynov,-394183,Irtysh,Irtysh,https://cdn5.wyscout.com/photos/team/public/1361_120x120.png,Premier League,"LW, LAMF",LW,49,LAMF,34,,0,22,2004-06-13,0,2026-12-31,12,356,0,0.4,0,0.68,28.06,31.53,Kazakhstan,['Kazakhstan'],right,174,66,True,5.06,4.55,38.89,1.52,33.33,0.51,1.02,0.0,2.7800000000000002,5.59,1.52,0,0.0,0,0.0,4.3,0.0,0,0.0,0.1,0,0.0,9,2.2800000000000002,22.22,0.0,0.0,1.77,71.43,1.26,80.0,0.51,50.0,0.0,7.08,35.71,19.21,32.89,3.29,3.03,0.51,16.69,2.2800000000000002,2.2800000000000002,20.73,73.17,4.55,55.56,4.04,100.0,17.19,75.0,1.77,57.14,17.07,23.76,0.17,1.01,0.0,0.0,0.0,0.0,0.76,2.02,75.0,3.54,50.0,0.51,100.0,0.76,1.52,4.55,72.22,73.33,7.58,0,,0,,0,0.0,0.0,0.0,,,0.0,,1.52,0.0,0.0,0.0,0.76,0,0
M. Toktybay,Magzhan Toktybay,-394180,Ordabasy,Ordabasy,https://cdn5.wyscout.com/photos/team/public/1363_120x120.png,Premier League,"CF, LAMF",CF,66,LAMF,11,,0,22,2004-04-28,0,2026-12-31,13,352,1,2.25,0,0.44,22.5,29.55,Kazakhstan,['Kazakhstan'],right,178,72,False,3.07,3.58,35.71,6.65,26.92,0.0,0.0,0.0,1.79,3.09,3.07,1,0.26,0,0.0,3.07,0.26,1,0.26,0.58,0,0.0,14,3.58,28.57,7.143,0.0,2.56,50.0,1.02,0.0,1.53,83.33,0.26,3.07,25.0,9.46,21.62,6.39,1.79,0.26,11.51,0.51,0.0,14.32,71.43,2.81,36.36,4.35,100.0,10.74,80.95,1.28,40.0,24.24,16.39,0.11,1.28,0.0,0.0,0.0,0.0,0.77,1.53,33.33,1.28,80.0,0.26,0.0,0.77,1.02,2.05,87.5,66.67,3.84,0,,0,,0,0.0,0.0,0.0,,,0.0,,6.65,0.0,0.0,0.0,0.0,0,0
E. Nurgaliev,Erkebulan Nurgaliev,217794,Okzhetpes,Okzhetpes,https://cdn5.wyscout.com/photos/team/public/g1363_120x120.png,Premier League,"LWF, CF, RWF",LWF,36,CF,21,RWF,14,32,1993-09-12,400000,2026-12-31,11,352,0,0.51,1,0.61,17.9,37.14,Kazakhstan,['Kazakhstan'],right,170,64,False,4.35,5.11,40.0,2.05,37.5,0.77,1.45,0.0,1.53,2.9,2.81,1,0.26,1,0.26,2.3,0.0,0,0.0,0.13,0,0.0,9,2.3,22.22,0.0,0.26,1.28,40.0,0.26,0.0,1.02,50.0,0.26,2.3,44.44,8.69,38.24,1.02,0.51,0.0,24.55,1.28,1.53,31.7,85.48,9.2,77.78,5.63,95.45,26.34,89.32,4.09,75.0,18.11,21.16,0.16,1.53,0.26,0.0,0.26,100.0,0.77,5.63,77.27,2.81,54.55,0.26,100.0,0.77,1.02,5.63,86.36,86.36,11.25,0,,0,,0,0.0,0.0,0.0,,,0.0,,2.05,0.51,0.26,0.0,1.28,0,0
Gustavo França,Gustavo Evaristo de França,-315869,Caspiy,Caspiy,https://cdn5.wyscout.com/photos/team/public/g3933_120x120.png,Premier League,CF,CF,95,,0,,0,23,2002-06-30,0,2026-12-31,6,345,0,0.22,0,0.68,24.0,32.61,Brazil,['Brazil'],right,188,84,True,2.87,2.61,60.0,6.52,20.0,0.52,0.74,0.26,0.78,1.11,1.57,0,0.0,0,0.0,3.13,0.0,0,0.0,0.06,0,0.0,5,1.3,60.0,0.0,0.0,1.3,0.0,0.52,0.0,0.78,0.0,0.26,4.43,47.06,12.26,31.91,3.13,1.04,0.26,10.17,2.09,1.3,15.65,63.33,4.96,47.37,2.61,80.0,13.04,72.0,1.3,40.0,15.79,20.57,0.18,1.04,0.0,0.0,0.52,50.0,0.52,2.61,30.0,1.83,14.29,0.78,33.33,0.52,0.0,0.78,100.0,62.5,4.17,0,,0,,0,0.0,0.0,0.0,,,0.0,,6.52,0.0,0.0,0.0,0.0,0,0
A. Sadybekov,Adilet Sadybekov,-267679,Kairat,Kairat,https://cdn5.wyscout.com/photos/team/public/g1358_120x120.png,Premier League,"RDMF, DMF",RDMF,59,DMF,22,,0,24,2002-05-26,0,2027-12-31,8,345,0,1.07,0,0.26,15.91,45.9,Kazakhstan,['Kazakhstan'],right,186,0,False,6.78,6.52,36.0,3.13,50.0,1.04,1.74,0.26,3.39,5.65,2.35,0,0.0,1,0.26,1.04,0.0,0,0.0,0.28,0,0.0,6,1.57,16.67,0.0,0.0,0.52,100.0,0.52,100.0,0.0,0.0,0.0,0.52,50.0,4.7,66.67,1.04,0.0,0.0,22.7,0.78,1.83,32.87,75.4,11.74,64.44,5.48,95.24,26.61,82.35,5.74,40.91,18.33,30.23,0.07,0.52,0.0,0.26,0.0,0.0,0.26,5.74,45.45,1.04,50.0,0.78,0.0,0.0,0.52,5.48,71.43,86.05,11.22,0,,0,,0,0.0,0.0,0.0,,,0.52,,3.13,0.0,0.0,0.0,0.0,0,0
P. Kpozo,Patrick Kpozo,395544,Zhenys,Zhenys,https://cdn5.wyscout.com/photos/team/public/g-13910_120x120.png,Premier League,LWB,LWB,100,,0,,0,28,1997-07-15,500000,2026-12-31,5,343,0,0.07,0,0.33,12.33,57.45,Ghana,['Ghana'],left,181,77,False,4.99,3.15,66.67,2.1,75.0,0.0,0.0,0.0,2.89,3.93,1.31,1,0.26,0,0.0,3.41,0.0,0,0.0,0.02,0,0.0,2,0.52,0.0,0.0,0.0,4.46,52.94,3.94,53.33,0.52,50.0,0.0,1.8399999999999999,57.14,5.51,47.62,1.05,0.26,0.26,27.81,3.94,0.52,39.88,71.71,14.69,58.93,8.92,91.18,31.75,76.86,4.2,56.25,18.81,22.25,0.09,0.26,0.0,0.0,0.0,0.0,0.0,6.82,61.54,4.46,52.94,0.26,100.0,0.52,2.1,10.76,60.98,63.33,7.87,0,,0,,0,0.0,0.0,0.0,,,0.79,,2.1,0.79,0.0,0.0,0.52,0,0
R. Senhadji,Rayan Senhadji,364123,Tobol,Tobol,https://cdn5.wyscout.com/photos/team/public/1195_120x120.png,Premier League,"LCB, RCB",LCB,72,RCB,27,,0,29,1997-06-13,900000,2026-12-31,5,338,1,0.24,0,0.0,16.24,60.66,France,"['France', 'Algeria']",right,190,80,False,7.46,7.46,67.86,6.12,52.17,0.0,0.0,0.27,2.4,4.58,1.8599999999999999,0,0.0,0,0.0,0.27,0.27,1,0.27,0.06,0,0.0,2,0.53,50.0,50.0,0.0,0.27,0.0,0.0,0.0,0.27,0.0,0.0,0.0,0.0,0.27,100.0,0.8,0.27,0.0,19.44,0.0,0.8,29.82,88.39,11.72,79.55,3.46,92.31,24.5,94.57,5.06,63.16,22.99,39.63,0.0,0.0,0.0,0.0,0.0,0.0,0.0,4.26,75.0,1.07,50.0,0.0,0.0,0.53,0.0,6.12,73.91,95.83,12.78,0,,0,,0,0.0,0.0,0.0,,,2.66,,6.12,0.0,0.0,0.0,0.0,0,0
A. Kenesbek,Adilet Kenesbek,429016,Kaisar,Kaisar,https://cdn5.wyscout.com/photos/team/public/g1352_120x120.png,Premier League,"RWB, RB5",RWB,77,RB5,19,,0,30,1996-01-05,225000,2026-12-31,5,336,2,1.21,0,0.14,19.82,31.08,Kazakhstan,['Kazakhstan'],right,180,62,False,7.5,6.96,23.08,5.09,31.58,0.54,0.61,0.27,5.36,6.06,2.95,3,0.8,0,0.0,1.07,0.54,2,0.54,0.32,0,0.0,7,1.88,42.86,28.571,0.0,0.54,0.0,0.0,0.0,0.54,0.0,0.0,1.34,20.0,4.82,38.89,1.6099999999999999,0.27,0.27,12.05,1.07,0.8,24.64,66.3,10.98,53.66,5.09,84.21,19.29,72.22,4.82,50.0,17.15,29.96,0.04,0.54,0.0,0.0,0.0,0.0,0.0,4.02,73.33,0.27,0.0,0.8,33.33,0.0,0.0,7.5,60.71,70.59,4.55,0,,0,,0,0.0,0.0,0.0,,,0.8,,5.09,0.0,0.0,0.0,0.0,0,0
J. Zeballos,Juan Sebastián Zeballos,-414853,Kairat,Kairat,https://cdn5.wyscout.com/photos/team/public/g1358_120x120.png,Premier League,"RAMF, RWF",RAMF,59,RWF,20,,0,24,2001-07-17,0,2027-12-31,10,333,0,0.24,1,0.36,19.19,40.85,Argentina,['Argentina'],unknown,0,0,False,2.9699999999999998,1.62,66.67,1.8900000000000001,14.29,0.27,0.48,0.0,1.62,2.9,0.54,0,0.0,0,0.0,4.86,0.0,0,0.0,0.06,0,0.0,7,1.8900000000000001,42.86,0.0,0.27,3.24,25.0,0.0,0.0,3.24,25.0,0.27,6.49,50.0,14.86,43.64,2.9699999999999998,1.08,0.27,24.05,0.81,2.9699999999999998,30.27,82.14,3.51,69.23,7.84,100.0,24.86,91.3,2.43,55.56,16.02,25.01,0.1,1.35,0.0,0.0,0.0,0.0,1.08,2.43,66.67,3.51,30.77,0.0,0.0,0.54,0.81,3.7800000000000002,78.57,76.09,12.43,0,,0,,0,0.0,0.0,0.0,,,0.27,,1.8900000000000001,0.0,0.0,0.0,0.27,0,0
D. Shomko,Dmitriy Shomko,82958,Astana,Astana,https://cdn5.wyscout.com/photos/team/public/2405_120x120.png,Premier League,"LWB, LB, LCB3",LWB,28,LB,22,LCB3,14,36,1990-03-19,200000,2026-12-31,9,332,1,0.41000000000000003,0,0.17,14.64,53.7,Kazakhstan,['Kazakhstan'],left,185,80,False,6.78,6.23,56.52,2.98,72.73,0.27,0.46,0.0,2.98,5.08,1.3599999999999999,1,0.27,0,0.0,1.9,0.27,1,0.27,0.11,0,0.0,5,1.3599999999999999,20.0,20.0,0.0,2.98,27.27,2.98,27.27,0.0,0.0,0.27,0.81,100.0,4.07,40.0,1.3599999999999999,0.81,0.0,49.88,2.98,0.54,63.43,88.03,19.52,76.39,6.51,100.0,52.59,94.33,8.13,70.0,20.43,31.27,0.05,1.63,0.0,0.0,0.0,0.0,0.54,7.86,72.41,3.8,28.57,0.54,0.0,0.54,0.81,13.01,81.25,93.46,29.01,0,,0,,0,0.0,0.0,0.0,,,0.54,,2.98,0.27,0.0,0.0,0.27,0,0
A. Tuyakbayev,Azamat Tuyakbayev,-526094,Kairat,Kairat,https://cdn5.wyscout.com/photos/team/public/g1358_120x120.png,Premier League,"RAMF, CF, RW",RAMF,39,CF,17,RW,14,18,2007-07-13,0,,9,328,1,0.77,2,0.97,26.34,44.79,Kazakhstan,['Kazakhstan'],right,168,58,False,6.04,8.23,53.33,3.02,18.18,0.55,1.02,0.0,1.1,2.03,1.65,0,0.0,0,0.0,3.84,0.27,1,0.27,0.21,0,0.0,10,2.74,40.0,10.0,0.55,1.37,20.0,0.0,0.0,1.37,20.0,0.0,4.66,52.94,12.07,43.18,5.21,1.65,0.27,20.3,0.8200000000000001,1.37,27.16,64.65,7.13,46.15,4.39,100.0,23.87,66.67,1.92,71.43,18.28,14.3,0.27,2.2,0.0,0.0,0.0,0.0,0.8200000000000001,4.66,41.18,1.92,57.14,0.0,0.0,1.92,0.27,3.29,66.67,74.07,7.41,0,,0,,0,0.0,0.0,0.0,,,0.27,,3.02,1.65,0.27,0.0,3.84,0,0
T. Redzhepov,Timur Redzhepov,-190059,Kaisar,Kaisar,https://cdn5.wyscout.com/photos/team/public/g1352_120x120.png,Premier League,"LCMF, LWB, LW",LCMF,29,LWB,26,LW,20,24,2002-07-06,0,2026-12-31,8,328,0,0.59,0,0.48,18.93,50.72,Kazakhstan,['Kazakhstan'],,0,0,False,10.15,9.88,58.33,3.29,50.0,0.27,0.34,0.0,4.12,5.11,2.74,1,0.27,0,0.0,1.65,0.0,0,0.0,0.16,0,0.0,3,0.8200000000000001,33.33,0.0,0.0,2.47,44.44,2.47,44.44,0.0,0.0,0.27,1.37,20.0,3.5700000000000003,30.77,0.27,1.65,0.0,15.09,1.37,1.37,20.85,64.47,9.33,52.94,3.02,72.73,14.82,66.67,3.5700000000000003,69.23,21.34,22.32,0.13,0.55,0.0,0.0,0.0,0.0,0.27,3.5700000000000003,61.54,2.74,50.0,0.0,0.0,0.27,1.1,5.76,66.67,70.83,6.59,0,,0,,0,0.0,0.0,0.0,,,0.0,,3.29,0.0,0.0,0.0,0.0,0,0
S. Bahoken,Stéphane Bahoken,191939,Kyzyl-Zhar,Kyzyl-Zhar,https://cdn5.wyscout.com/photos/team/public/g1367_120x120.png,Premier League,CF,CF,85,,0,,0,34,1992-05-28,950000,2026-12-31,10,326,2,1.76,0,0.0,16.01,20.69,France,"['France', 'Cameroon']",right,185,88,False,1.9300000000000002,3.04,36.36,4.69,5.88,0.0,0.0,0.28,0.8300000000000001,1.55,2.76,1,0.28,0,0.0,1.6600000000000001,0.55,2,0.55,0.48,1,0.28,14,3.87,35.71,14.286,0.0,0.55,0.0,0.0,0.0,0.55,0.0,0.0,0.8300000000000001,33.33,4.97,16.67,3.04,0.28,0.0,9.66,1.38,0.28,11.32,68.29,2.21,37.5,3.87,92.86,10.21,75.68,0.55,0.0,12.57,3.03,0.0,0.0,0.0,0.0,0.0,0.0,0.0,0.8300000000000001,0.0,0.28,0.0,0.28,0.0,0.0,0.0,0.55,50.0,63.64,3.04,0,,0,,0,0.0,0.0,0.0,,,0.0,,4.69,0.0,0.0,0.0,0.0,0,0
B. Johnsen,Björn Maars Johnsen,256718,Ordabasy,Ordabasy,https://cdn5.wyscout.com/photos/team/public/1363_120x120.png,Premier League,CF,CF,100,,0,,0,34,1991-11-06,300000,2026-12-31,5,324,3,2.43,1,1.15,16.11,37.93,Norway,['Norway'],right,195,0,False,2.7800000000000002,2.22,37.5,6.39,47.83,0.0,0.0,0.28,1.94,3.18,1.3900000000000001,0,0.0,0,0.0,2.5,0.8300000000000001,3,0.8300000000000001,0.68,3,0.8300000000000001,18,5.0,44.44,16.667,0.28,1.11,25.0,0.0,0.0,1.11,25.0,0.28,0.56,0.0,5.5600000000000005,25.0,7.5,0.8300000000000001,0.0,13.33,1.3900000000000001,0.56,17.5,63.49,4.17,33.33,4.72,94.12,15.83,68.42,0.56,0.0,13.13,15.24,0.32,1.3900000000000001,0.0,0.0,0.0,0.0,0.8300000000000001,0.8300000000000001,66.67,1.94,57.14,0.0,0.0,1.94,0.0,1.11,100.0,52.94,4.72,0,,0,,0,0.0,0.0,0.0,,,0.0,,6.39,0.0,0.0,0.0,0.0,0,0
K. Nursultanov,Kuandyk Nursultanov,-174585,Ulytau,Ulytau,https://cdn5.wyscout.com/photos/team/public/g-17974_120x120.png,Premier League,"DMF, RCMF, LDMF",DMF,38,RCMF,24,LDMF,11,27,1999-04-24,50000,2026-12-31,12,324,0,0.19,0,0.0,14.17,64.71,Kazakhstan,['Kazakhstan'],right,175,0,False,9.72,4.72,76.47,3.61,30.77,0.56,0.86,0.28,5.5600000000000005,8.57,0.56,2,0.56,0,0.0,0.8300000000000001,0.0,0,0.0,0.05,0,0.0,4,1.11,0.0,0.0,0.0,0.0,0.0,0.0,0.0,0.0,0.0,0.0,1.11,75.0,2.5,77.78,0.0,1.3900000000000001,0.0,20.56,0.8300000000000001,1.94,29.72,86.92,8.61,74.19,4.17,93.33,26.39,92.63,3.33,41.67,16.74,16.83,0.0,0.0,0.0,0.0,0.0,0.0,0.0,3.89,92.86,1.3900000000000001,20.0,0.8300000000000001,33.33,0.28,0.0,3.61,69.23,95.83,13.33,0,,0,,0,0.0,0.0,0.0,,,0.28,,3.61,0.28,0.0,0.0,0.0,0,0
R. Serikkul,Rinat Serikkul,-428202,Ulytau,Ulytau,https://cdn5.wyscout.com/photos/team/public/g-17974_120x120.png,Premier League,"LCMF3, LCMF, RCMF",LCMF3,41,LCMF,23,RCMF,15,24,2002-05-16,0,2026-12-31,12,318,0,0.30000000000000004,0,0.25,16.98,25.0,Kazakhstan,['Kazakhstan'],unknown,183,0,False,3.68,5.09,38.89,4.25,26.67,0.0,0.0,0.0,1.7000000000000002,2.34,1.13,0,0.0,0,0.0,0.85,0.0,0,0.0,0.08,0,0.0,4,1.13,0.0,0.0,0.0,0.28,0.0,0.28,0.0,0.0,0.0,0.0,0.28,100.0,5.38,21.05,0.5700000000000001,1.13,0.28,21.51,1.98,0.28,28.02,87.88,7.36,69.23,7.64,96.3,26.6,89.36,1.13,75.0,14.55,7.86,0.07,0.5700000000000001,0.0,0.0,0.5700000000000001,100.0,0.28,4.8100000000000005,82.35,1.7000000000000002,50.0,0.85,66.67,0.5700000000000001,0.0,3.4,91.67,91.18,9.62,0,,0,,0,0.0,0.0,0.0,,,0.0,,4.25,0.0,0.0,0.0,0.0,0,0
D. Marat,Damir Marat,-123130,Astana,Astana,https://cdn5.wyscout.com/photos/team/public/2405_120x120.png,Premier League,"LW, LWF, LCMF3",LW,34,LWF,29,LCMF3,12,25,2000-11-05,0,2026-12-31,11,306,0,0.28,0,0.34,25.29,31.4,Kazakhstan,['Kazakhstan'],right,175,64,True,5.88,6.47,50.0,4.12,35.71,0.0,0.0,0.29,2.65,4.5,1.76,1,0.29,0,0.0,2.35,0.0,0,0.0,0.08,0,0.0,8,2.35,0.0,0.0,0.0,2.35,37.5,1.18,50.0,1.18,25.0,0.88,5.0,29.41,12.65,25.58,2.35,1.47,0.29,17.35,1.76,1.47,19.41,81.82,4.41,86.67,5.59,94.74,15.59,90.57,1.47,60.0,13.45,12.48,0.1,1.47,0.0,0.0,0.0,0.0,0.59,1.76,66.67,3.5300000000000002,58.33,0.0,0.0,2.06,0.88,2.94,100.0,63.16,5.59,0,,0,,0,0.0,0.0,0.0,,,0.29,,4.12,0.0,0.0,0.0,0.59,0,0
A. Serikbay,Alikhan Serikbay,-444611,Kyzyl-Zhar,Kyzyl-Zhar,https://cdn5.wyscout.com/photos/team/public/g1367_120x120.png,Premier League,"RB, RAMF, RW",RB,47,RAMF,20,RW,12,20,2006-06-20,0,2026-12-31,9,304,0,0.65,0,0.01,16.28,30.91,Kazakhstan,['Kazakhstan'],right,187,0,False,6.51,6.8100000000000005,52.17,3.55,16.67,0.59,0.74,0.30000000000000004,2.37,2.96,1.48,0,0.0,0,0.0,0.30000000000000004,0.0,0,0.0,0.19,0,0.0,2,0.59,0.0,0.0,0.0,0.30000000000000004,0.0,0.0,0.0,0.30000000000000004,0.0,0.0,1.18,25.0,4.14,14.29,1.78,0.30000000000000004,0.0,14.21,1.18,0.30000000000000004,18.36,75.81,4.44,60.0,3.55,91.67,16.88,78.95,1.18,50.0,15.8,15.38,0.0,0.30000000000000004,0.0,0.0,0.0,0.0,0.0,1.48,100.0,0.89,66.67,0.0,0.0,0.89,0.0,3.85,30.77,85.71,6.22,0,,0,,0,0.0,0.0,0.0,,,0.0,,3.55,0.0,0.0,0.0,0.0,0,0
A. Boršić,Antonio Boršić,414162,Tobol,Tobol,https://cdn5.wyscout.com/photos/team/public/1195_120x120.png,Premier League,"LB, LW, LWB",LB,68,LW,16,LWB,15,30,1995-09-19,550000,,4,304,0,0.15,1,0.01,8.29,53.57,Croatia,['Croatia'],left,180,70,False,3.85,3.55,50.0,1.48,20.0,0.0,0.0,0.0,2.07,3.5,0.59,0,0.0,0,0.0,2.37,0.0,0,0.0,0.04,0,0.0,2,0.59,0.0,0.0,0.30000000000000004,2.66,22.22,2.07,28.57,0.30000000000000004,0.0,0.30000000000000004,1.78,100.0,2.96,70.0,1.48,0.59,0.0,29.31,1.18,0.0,39.67,80.6,15.69,75.47,8.29,85.71,33.16,87.5,3.85,61.54,17.47,24.79,0.0,0.30000000000000004,0.0,0.0,0.0,0.0,0.30000000000000004,6.8100000000000005,91.3,2.37,50.0,0.0,0.0,0.30000000000000004,0.59,10.36,77.14,78.79,9.77,0,,0,,0,0.0,0.0,0.0,,,0.59,,1.48,0.0,0.0,0.0,0.59,0,0
N. Tokhtarov,Nurasyl Tokhtarov,-248759,Atyrau,Atyrau,https://cdn5.wyscout.com/photos/team/public/4450_120x120.png,Premier League,GK,GK,100,,0,,0,25,2000-12-14,25000,2026-12-31,3,294,0,0.0,0,0.0,1.53,100.0,Kazakhstan,['Kazakhstan'],right,183,0,False,2.45,0.0,0.0,1.53,100.0,0.0,0.0,0.0,2.45,2.86,0.0,0,0.0,0,0.0,0.0,0.0,0,0.0,0.0,0,0.0,0,0.0,0.0,0.0,0.0,0.0,0.0,0.0,0.0,0.0,0.0,0.0,0.0,0.0,0.0,0.0,0.0,0.0,0.0,3.37,0.31,0.31,9.8,81.25,4.59,66.67,0.0,0.0,6.73,90.91,3.06,60.0,33.53,30.93,0.0,0.0,0.0,0.0,0.0,0.0,0.0,0.92,100.0,0.0,0.0,0.0,0.0,0.0,0.0,2.76,77.78,93.75,4.9,1,0.31,10,3.06,2,90.0,2.12,0.65,1.12,0.343,0.0,2.76,1.53,,,,0.0,0,0
Marc Gual,Marc Gual Huguet,412661,Kairat,Kairat,https://cdn5.wyscout.com/photos/team/public/g1358_120x120.png,Premier League,"CF, LCMF3, AMF",CF,66,LCMF3,17,AMF,11,30,1996-03-13,1300000,2027-12-31,5,292,3,3.93,2,0.6000000000000001,10.48,38.24,Spain,['Spain'],right,184,73,False,1.54,1.85,66.67,1.23,25.0,0.0,0.0,0.0,0.31,0.52,0.31,0,0.0,0,0.0,5.86,0.92,3,0.92,1.21,0,0.0,23,7.09,52.17,13.043,0.62,0.31,100.0,0.0,0.0,0.31,100.0,0.0,3.08,50.0,5.86,36.84,6.16,1.85,0.62,21.88,1.54,0.62,25.27,76.83,7.4,66.67,5.24,88.24,23.42,77.63,1.54,60.0,17.15,43.21,0.19,1.23,0.0,0.31,0.31,100.0,1.54,3.08,70.0,1.85,66.67,0.31,100.0,1.23,0.31,4.62,80.0,70.83,7.4,0,,0,,0,0.0,0.0,0.0,,,0.0,,1.23,0.0,0.0,0.0,0.0,0,0
A. Kováč,Adam Kováč,463358,Kaisar,Kaisar,https://cdn5.wyscout.com/photos/team/public/g1352_120x120.png,Premier League,GK,GK,100,,0,,0,26,2000-06-08,0,2026-12-31,3,291,0,0.0,0,0.0,1.55,60.0,Slovakia,['Slovakia'],,191,78,False,1.24,0.0,0.0,1.24,50.0,0.31,0.34,0.0,0.93,1.02,0.0,0,0.0,0,0.0,0.0,0.0,0,0.0,0.0,0,0.0,0,0.0,0.0,0.0,0.0,0.0,0.0,0.0,0.0,0.0,0.0,0.0,0.0,0.0,0.31,100.0,0.0,0.0,0.0,6.19,0.0,0.31,10.52,70.59,7.42,58.33,0.0,0.0,6.19,90.0,4.33,42.86,41.66,56.22,0.0,0.0,0.0,0.0,0.0,0.0,0.0,1.8599999999999999,0.0,0.31,0.0,0.0,0.0,0.0,0.0,3.09,60.0,100.0,3.09,4,1.24,16,4.95,1,75.0,3.69,1.1400000000000001,-0.31,-0.096,0.0,4.02,1.24,,,,0.0,0,0
K. Kažukolovas,Kipras Kažukolovas,461903,Astana,Astana,https://cdn5.wyscout.com/photos/team/public/2405_120x120.png,Premier League,RCB,RCB,91,,0,,0,25,2000-11-20,0,2027-12-31,5,287,0,0.4,0,0.0,13.48,65.12,Lithuania,['Lithuania'],right,191,92,False,9.09,5.96,78.95,5.02,56.25,0.0,0.0,0.63,4.39,6.67,0.63,1,0.31,0,0.0,0.0,0.0,0,0.0,0.13,0,0.0,2,0.63,0.0,0.0,0.0,0.0,0.0,0.0,0.0,0.0,0.0,0.0,0.0,0.0,0.0,0.0,0.63,0.63,0.31,48.61,0.0,0.31,60.52,91.71,19.13,80.33,2.8200000000000003,100.0,55.82,94.38,4.7,60.0,20.98,33.63,0.0,0.0,0.0,0.0,0.0,0.0,0.0,2.51,50.0,0.0,0.0,0.0,0.0,0.0,0.0,8.47,74.07,97.25,34.18,0,,0,,0,0.0,0.0,0.0,,,2.51,,5.02,0.0,0.0,0.0,0.0,0,0
V. Afanasenko,Vadim Afanasenko,-435541,Ulytau,Ulytau,https://cdn5.wyscout.com/photos/team/public/g-17974_120x120.png,Premier League,"RB, RAMF",RB,65,RAMF,17,,0,26,2000-01-20,0,2026-12-31,8,287,0,0.0,0,0.36,15.37,36.73,Kazakhstan,['Kazakhstan'],both,176,0,False,8.15,5.33,47.06,3.45,45.45,0.0,0.0,0.31,5.64,7.3,1.25,0,0.0,0,0.0,1.57,0.0,0,0.0,0.0,0,0.0,0,0.0,0.0,0.0,0.0,1.57,40.0,0.63,50.0,0.9400000000000001,33.33,0.31,1.25,75.0,3.76,25.0,1.25,0.63,0.0,10.35,1.88,0.0,21.95,81.43,8.78,82.14,3.76,91.67,17.25,89.09,3.45,54.55,17.0,27.25,0.11,0.31,0.0,0.0,0.0,0.0,0.31,2.2,85.71,0.9400000000000001,66.67,0.0,0.0,0.0,0.63,5.96,68.42,77.78,5.64,0,,0,,0,0.0,0.0,0.0,,,0.9400000000000001,,3.45,0.0,0.0,0.0,0.0,0,0
Z. Payruz,Zhan-Ali Payruz,419290,Yelimay Semey,Yelimay Semey,https://cdn5.wyscout.com/photos/team/public/g-17973_120x120.png,Premier League,"RWB, LWB",RWB,48,LWB,33,,0,26,1999-08-12,150000,2026-12-31,11,285,0,0.36,0,0.53,22.11,54.29,Kazakhstan,['Kazakhstan'],right,184,68,False,10.42,7.89,80.0,2.5300000000000002,37.5,1.26,2.61,0.0,2.84,5.87,0.63,0,0.0,1,0.32,3.47,0.0,0,0.0,0.11,0,0.0,4,1.26,25.0,0.0,0.0,2.5300000000000002,12.5,0.32,0.0,2.21,14.29,0.0,6.32,45.0,10.74,41.18,1.8900000000000001,2.21,0.9500000000000001,18.95,0.9500000000000001,1.58,26.84,72.94,8.53,74.07,7.89,88.0,22.11,78.57,2.84,66.67,17.88,14.43,0.17,2.21,0.0,0.0,0.0,0.0,0.0,3.16,90.0,2.84,44.44,0.32,100.0,1.26,0.32,6.0,68.42,60.87,7.26,0,,0,,0,0.0,0.0,0.0,,,0.0,,2.5300000000000002,0.9500000000000001,0.0,0.0,4.42,0,0
M. Zhumat,Muslim Zhumat,-267693,Kaisar,Kaisar,https://cdn5.wyscout.com/photos/team/public/g1352_120x120.png,Premier League,"LWB, RWB, LCMF3",LWB,24,RWB,23,LCMF3,16,22,2004-03-02,0,,9,283,0,0.07,0,0.11,17.81,35.71,Kazakhstan,['Kazakhstan'],right,170,0,False,8.27,7.63,54.17,3.5,27.27,0.64,0.85,0.0,3.5,4.65,0.9500000000000001,1,0.32,0,0.0,0.64,0.0,0,0.0,0.02,0,0.0,3,0.9500000000000001,33.33,0.0,0.0,1.5899999999999999,0.0,0.64,0.0,0.9500000000000001,0.0,0.32,0.64,50.0,3.18,30.0,0.64,0.32,0.0,21.31,1.5899999999999999,0.32,30.53,75.0,7.95,48.0,7.95,100.0,25.12,88.61,3.8200000000000003,16.67,19.5,26.32,0.03,0.9500000000000001,0.0,0.0,0.0,0.0,0.0,2.86,55.56,1.9100000000000001,16.67,0.32,0.0,0.64,0.32,5.72,44.44,72.73,10.49,0,,0,,0,0.0,0.0,0.0,,,0.32,,3.5,1.27,0.0,0.0,0.64,0,0
R. Karimov,Ramazan Karimov,-293679,Irtysh,Irtysh,https://cdn5.wyscout.com/photos/team/public/1361_120x120.png,Premier League,"LW, LB",LW,53,LB,44,,0,21,2004-11-24,0,2026-12-31,6,278,0,0.11,0,0.02,20.72,46.88,Kazakhstan,['Kazakhstan'],left,169,60,True,8.09,8.09,60.0,4.21,38.46,1.29,1.88,0.0,1.94,2.81,1.62,1,0.32,0,0.0,2.27,0.0,0,0.0,0.04,0,0.0,5,1.62,20.0,0.0,0.0,4.53,21.43,4.53,21.43,0.0,0.0,0.32,2.27,42.86,7.45,39.13,1.29,1.62,0.0,19.42,1.29,0.65,31.73,68.37,10.68,66.67,5.18,87.5,24.28,81.33,3.24,40.0,19.13,30.88,0.01,0.32,0.0,0.0,0.0,0.0,0.0,3.88,50.0,4.21,30.77,0.0,0.0,0.32,0.97,4.86,86.67,75.86,9.39,0,,0,,0,0.0,0.0,0.0,,,0.0,,4.21,1.62,0.65,0.0,0.97,0,0
D. Kasabulat,Damir Kasabulat,-169267,Kairat,Kairat,https://cdn5.wyscout.com/photos/team/public/g1358_120x120.png,Premier League,"LCB, RDMF, RCMF3",LCB,36,RDMF,24,RCMF3,19,23,2002-08-29,0,2027-12-31,7,271,0,0.67,0,0.0,17.93,46.3,Kazakhstan,['Kazakhstan'],right,182,0,False,7.64,5.31,56.25,5.98,55.56,0.0,0.0,0.33,4.65,10.0,1.6600000000000001,2,0.66,0,0.0,0.33,0.0,0,0.0,0.22,0,0.0,4,1.33,0.0,0.0,0.0,0.66,50.0,0.66,50.0,0.0,0.0,0.0,0.0,0.0,2.99,0.0,1.33,0.0,0.0,33.54,0.33,1.6600000000000001,49.48,85.23,18.93,75.44,2.99,77.78,43.51,88.55,5.31,62.5,18.86,26.66,0.0,0.0,0.0,0.0,0.0,0.0,0.0,7.97,79.17,1.0,33.33,1.0,33.33,0.0,0.33,7.31,81.82,98.48,21.92,0,,0,,0,0.0,0.0,0.0,,,0.33,,5.98,0.0,0.0,0.0,0.0,0,0
Lucas Ramos,Lucas Ramos De Oliveira,435723,Irtysh,Irtysh,https://cdn5.wyscout.com/photos/team/public/1361_120x120.png,Premier League,"RDMF, RCMF",RDMF,75,RCMF,24,,0,31,1995-01-18,200000,2026-12-31,4,263,0,0.0,0,0.08,14.37,57.14,Brazil,['Brazil'],left,187,80,False,3.42,5.13,40.0,2.05,66.67,0.0,0.0,0.0,1.37,2.03,3.08,0,0.0,0,0.0,0.68,0.0,0,0.0,0.0,0,0.0,1,0.34,0.0,0.0,0.0,1.03,33.33,0.34,100.0,0.68,0.0,0.0,0.68,50.0,5.48,75.0,0.0,1.03,0.34,22.93,0.0,2.05,35.93,86.67,14.37,85.71,4.45,84.62,33.19,89.69,1.71,60.0,18.97,21.39,0.03,0.68,0.0,0.0,0.0,0.0,0.68,7.87,78.26,1.71,40.0,0.0,0.0,0.68,0.34,7.53,86.36,87.18,13.35,0,,0,,0,0.0,0.0,0.0,,,0.34,,2.05,0.34,0.0,0.0,0.34,0,0
Z. Sultaniyazov,Zikrillo Sultaniyazov,-241684,Irtysh,Irtysh,https://cdn5.wyscout.com/photos/team/public/1361_120x120.png,Premier League,"LAMF, RAMF, LW",LAMF,54,RAMF,17,LW,11,22,2003-10-15,150000,2026-12-31,5,247,0,2.03,0,0.13,20.77,36.84,Kazakhstan,['Kazakhstan'],right,182,67,False,3.2800000000000002,7.29,35.0,6.19,47.06,0.0,0.0,0.0,0.73,1.13,2.91,1,0.36,1,0.36,2.55,0.0,0,0.0,0.74,0,0.0,10,3.64,10.0,0.0,0.0,2.19,50.0,1.46,25.0,0.73,100.0,0.0,1.82,60.0,5.83,37.5,5.1,1.09,1.46,15.67,2.19,1.09,21.13,68.97,7.65,42.86,5.1,100.0,17.13,76.6,2.19,16.67,20.41,14.16,0.05,0.73,0.0,0.0,0.0,0.0,0.73,3.2800000000000002,44.44,2.55,42.86,0.0,0.0,0.0,1.09,2.55,85.71,84.62,4.74,0,,0,,0,0.0,0.0,0.0,,,0.0,,6.19,0.0,0.0,0.0,0.0,0,0
B. Kairov,Bagdat Kairov,439249,Aktobe,Aktobe,https://cdn5.wyscout.com/photos/team/public/1360_120x120.png,Premier League,"RB, RCB, RCB3",RB,60,RCB,26,RCB3,13,33,1993-04-27,350000,2026-12-31,4,241,0,0.0,0,0.0,9.71,42.31,Kazakhstan,['Kazakhstan'],right,178,63,False,6.72,3.36,55.56,3.36,55.56,0.0,0.0,1.12,4.85,6.96,1.49,1,0.37,0,0.0,0.75,0.0,0,0.0,0.0,0,0.0,0,0.0,0.0,0.0,0.0,1.12,33.33,0.0,0.0,1.12,33.33,0.0,1.12,33.33,2.61,14.29,0.37,0.75,0.0,24.27,0.75,0.37,32.49,82.76,8.22,63.64,2.61,100.0,26.51,88.73,4.85,61.54,22.73,40.05,0.0,0.0,0.0,0.0,0.0,0.0,0.0,1.49,50.0,1.49,25.0,0.0,0.0,0.0,0.37,5.6,60.0,87.18,14.56,0,,0,,0,0.0,0.0,0.0,,,1.12,,3.36,0.0,0.0,0.0,0.0,0,0
M. Kikbaev,Miram Kikbaev,-575436,Aktobe,Aktobe,https://cdn5.wyscout.com/photos/team/public/1360_120x120.png,Premier League,"LWB, CF, LW",LWB,34,CF,22,LW,15,20,2006-05-19,0,2026-12-31,10,237,0,0.2,0,0.15,25.06,42.42,Kazakhstan,['Kazakhstan'],,173,62,False,7.22,6.46,70.59,3.04,25.0,0.76,1.46,0.0,1.9,3.66,1.9,0,0.0,0,0.0,2.2800000000000002,0.0,0,0.0,0.08,0,0.0,3,1.1400000000000001,0.0,0.0,0.0,1.52,25.0,0.76,50.0,0.76,0.0,0.0,4.5600000000000005,41.67,12.53,36.36,2.2800000000000002,1.9,0.0,9.87,3.04,1.1400000000000001,14.05,62.16,4.5600000000000005,41.67,3.8,90.0,11.39,70.0,1.1400000000000001,33.33,14.9,4.49,0.06,1.1400000000000001,0.0,0.0,0.0,0.0,0.0,1.9,60.0,1.1400000000000001,66.67,0.0,0.0,0.38,0.38,3.8,60.0,66.67,3.42,0,,0,,0,0.0,0.0,0.0,,,0.0,,3.04,0.0,0.0,0.0,0.0,0,0
R. Khadarkevich,Ruslan Khadarkevich,239909,Irtysh,Irtysh,https://cdn5.wyscout.com/photos/team/public/1361_120x120.png,Premier League,"LCB, RCB3",LCB,55,RCB3,35,,0,33,1993-06-18,100000,2026-12-31,5,230,0,0.0,0,0.0,11.74,60.0,Belarus,['Belarus'],right,187,84,False,8.22,5.87,60.0,3.52,44.44,0.39,0.6000000000000001,0.78,4.3,6.6,1.17,1,0.39,0,0.0,0.0,0.0,0,0.0,0.0,0,0.0,0,0.0,0.0,0.0,0.0,0.0,0.0,0.0,0.0,0.0,0.0,0.0,0.0,0.0,0.78,50.0,0.0,0.39,0.0,27.78,0.78,0.78,38.74,87.88,16.04,82.93,3.52,100.0,34.43,92.05,4.3,54.55,21.75,23.7,0.0,0.0,0.0,0.0,0.0,0.0,0.0,5.48,78.57,0.78,0.0,0.78,50.0,0.0,0.0,7.04,72.22,95.12,16.04,0,,0,,0,0.0,0.0,0.0,,,2.74,,3.52,0.0,0.0,0.0,0.0,0,0
A. Buranchiev,Arsen Buranchiev,-218380,Irtysh,Irtysh,https://cdn5.wyscout.com/photos/team/public/1361_120x120.png,Premier League,"DMF, LDMF, LCMF",DMF,38,LDMF,24,LCMF,17,24,2001-09-12,200000,2026-12-31,10,218,0,0.0,0,0.0,12.39,46.67,Kazakhstan,['Kazakhstan'],,181,67,False,7.02,6.19,46.67,3.3,62.5,1.24,2.05,0.0,2.89,4.77,1.24,1,0.41000000000000003,0,0.0,0.41000000000000003,0.0,0,0.0,0.0,0,0.0,1,0.41000000000000003,0.0,0.0,0.0,0.0,0.0,0.0,0.0,0.0,0.0,0.0,0.8300000000000001,50.0,2.89,28.57,0.0,0.0,0.41000000000000003,21.47,0.0,0.41000000000000003,33.03,85.0,8.67,57.14,5.78,100.0,30.96,88.0,2.06,40.0,19.54,18.66,0.0,0.41000000000000003,0.0,0.0,0.0,0.0,0.0,3.7199999999999998,55.56,0.41000000000000003,100.0,0.41000000000000003,100.0,0.41000000000000003,0.0,6.19,46.67,96.43,11.56,0,,0,,0,0.0,0.0,0.0,,,0.8300000000000001,,3.3,0.0,0.0,0.0,0.0,0,0
A. Filipović,Andrija Filipović,421037,Zhenys,Zhenys,https://cdn5.wyscout.com/photos/team/public/g-13910_120x120.png,Premier League,"RWF, CF, LWB",RWF,72,CF,16,LWB,10,29,1997-04-18,275000,2026-12-31,5,217,0,0.2,0,0.0,13.69,42.42,Croatia,['Croatia'],right,181,71,False,3.32,3.32,50.0,3.73,11.11,0.41000000000000003,0.67,0.0,1.24,2.0,2.49,0,0.0,0,0.0,3.73,0.0,0,0.0,0.08,0,0.0,5,2.07,40.0,0.0,0.0,3.73,33.33,0.0,0.0,3.73,33.33,0.41000000000000003,2.49,66.67,4.98,58.33,2.07,0.8300000000000001,0.41000000000000003,17.83,3.73,1.6600000000000001,22.81,80.0,3.73,66.67,6.22,86.67,17.42,90.48,2.07,60.0,16.58,16.25,0.0,0.0,0.0,0.0,0.0,0.0,0.0,2.49,83.33,4.15,30.0,0.0,0.0,0.8300000000000001,1.6600000000000001,3.73,77.78,73.91,9.54,0,,0,,0,0.0,0.0,0.0,,,0.0,,3.73,1.6600000000000001,0.41000000000000003,0.0,2.9,0,0
Shakhboz Umarov,Šahboz Husniddin ogly Umarov,-106835,Okzhetpes,Okzhetpes,https://cdn5.wyscout.com/photos/team/public/g1363_120x120.png,Premier League,"LWF, AMF, RW",LWF,49,AMF,36,RW,14,27,1999-03-09,450000,2026-12-31,5,215,0,0.56,1,1.32,21.77,46.15,Uzbekistan,['Uzbekistan'],right,182,76,False,1.67,3.77,44.44,1.67,0.0,0.0,0.0,0.0,0.0,0.0,0.42,0,0.0,0,0.0,4.6,0.0,0,0.0,0.23,0,0.0,6,2.51,33.33,0.0,0.42,1.67,25.0,1.26,33.33,0.42,0.0,0.0,4.6,63.64,15.07,52.78,2.51,2.93,0.42,20.09,1.67,3.77,26.37,76.19,7.53,72.22,6.7,93.75,22.6,81.48,2.51,50.0,18.11,30.89,0.55,2.51,0.0,0.42,0.42,100.0,1.67,4.6,72.73,3.77,44.44,0.84,100.0,1.67,0.42,4.19,90.0,58.82,7.12,0,,0,,0,0.0,0.0,0.0,,,0.0,,1.67,0.84,0.0,0.0,1.67,0,0
D. Nyrkov,Daniil Nyrkov,-435512,Irtysh,Irtysh,https://cdn5.wyscout.com/photos/team/public/1361_120x120.png,Premier League,"LB, RB",LB,63,RB,32,,0,23,2002-07-30,0,2026-12-31,5,215,0,0.0,0,0.01,20.93,46.0,Kazakhstan,['Kazakhstan'],unknown,180,0,False,7.95,10.88,34.62,4.19,50.0,2.09,3.66,0.0,2.09,3.66,3.35,2,0.84,0,0.0,2.09,0.0,0,0.0,0.0,0,0.0,0,0.0,0.0,0.0,0.0,1.26,0.0,0.42,0.0,0.84,0.0,0.42,2.09,100.0,4.19,70.0,0.84,1.26,0.0,14.23,0.84,0.42,26.37,79.37,12.14,72.41,3.77,100.0,22.19,84.91,2.93,71.43,19.76,22.01,0.0,0.42,0.0,0.42,0.0,0.0,0.0,3.35,100.0,0.84,50.0,0.0,0.0,0.0,0.0,5.86,64.29,84.62,5.44,0,,0,,0,0.0,0.0,0.0,,,1.26,,4.19,0.0,0.0,0.0,0.0,0,0
N. Ahanonu,Nnamdi  Ahanonu,-534472,Astana,Astana,https://cdn5.wyscout.com/photos/team/public/2405_120x120.png,Premier League,"CF, LW, AMF",CF,65,LW,15,AMF,13,24,2002-02-22,0,2026-12-31,6,212,0,1.07,1,0.0,11.46,37.04,Nigeria,['Nigeria'],unknown,0,0,False,0.85,1.27,33.33,2.55,16.67,0.0,0.0,0.0,0.42,0.79,0.85,0,0.0,0,0.0,1.7000000000000002,0.0,0,0.0,0.45,0,0.0,4,1.7000000000000002,50.0,0.0,0.42,0.42,0.0,0.42,0.0,0.0,0.0,0.0,2.12,40.0,6.37,33.33,2.55,2.55,0.42,7.22,0.85,0.85,11.46,85.19,0.42,0.0,5.09,100.0,11.04,88.46,0.0,0.0,15.94,0.0,0.0,0.0,0.0,0.0,0.0,0.0,0.0,0.85,0.0,0.0,0.0,0.0,0.0,0.42,0.0,0.42,100.0,85.71,2.9699999999999998,0,,0,,0,0.0,0.0,0.0,,,0.0,,2.55,0.0,0.0,0.0,0.0,0,0
N. Zhaksylyk,Nurali Zhaksylyk,-349701,Kaisar,Kaisar,https://cdn5.wyscout.com/photos/team/public/g1352_120x120.png,Premier League,"RAMF, RWF, LCMF",RAMF,29,RWF,24,LCMF,22,21,2004-11-04,0,2026-12-31,10,207,0,0.13,0,0.34,25.22,41.38,Kazakhstan,['Kazakhstan'],left,181,63,True,8.26,8.7,60.0,2.17,80.0,0.87,1.46,0.0,2.17,3.66,1.74,0,0.0,0,0.0,4.35,0.0,0,0.0,0.05,0,0.0,7,3.04,28.57,0.0,0.0,2.61,66.67,1.3,66.67,1.3,66.67,0.43,3.48,50.0,12.17,25.0,3.48,0.43,0.0,29.13,2.61,1.3,34.35,82.28,7.83,61.11,4.78,90.91,26.09,83.33,5.65,84.62,19.84,24.32,0.15,0.87,0.43,0.0,0.0,0.0,0.43,3.91,88.89,2.61,50.0,0.43,0.0,0.0,1.74,4.35,80.0,93.94,14.35,0,,0,,0,0.0,0.0,0.0,,,0.0,,2.17,0.0,0.0,0.0,0.43,0,0
G. Zaria,Giorgi Zaria,336158,Aktobe,Aktobe,https://cdn5.wyscout.com/photos/team/public/1360_120x120.png,Premier League,"LAMF, CF, AMF",LAMF,31,CF,31,AMF,29,28,1997-07-14,350000,2026-12-31,5,200,2,1.03,0,0.13,17.1,26.32,Georgia,['Georgia'],left,179,68,False,3.6,3.15,42.86,3.6,25.0,0.45,0.67,0.0,1.8,2.67,1.35,1,0.45,0,0.0,1.35,0.9,1,0.45,0.46,0,0.0,4,1.8,75.0,50.0,0.0,0.45,0.0,0.45,0.0,0.0,0.0,0.0,1.8,0.0,9.0,25.0,1.35,0.45,0.0,19.8,0.9,2.25,25.2,83.93,6.3,64.29,7.65,94.12,23.4,86.54,1.35,66.67,16.56,15.72,0.06,0.45,0.0,0.0,0.0,0.0,0.0,2.7,66.67,1.8,25.0,0.0,0.0,0.45,0.0,2.7,66.67,92.86,6.3,0,,0,,0,0.0,0.0,0.0,,,0.0,,3.6,0.45,0.45,100.0,0.9,1,100
N. Elemes,Nuraly Elemes,-444231,Caspiy,Caspiy,https://cdn5.wyscout.com/photos/team/public/g3933_120x120.png,Premier League,"LCB, LCB3",LCB,52,LCB3,41,,0,20,2006-04-05,0,,4,199,0,0.0,0,0.0,14.47,50.0,Kazakhstan,['Kazakhstan'],unknown,190,0,False,5.88,6.33,42.86,4.52,50.0,0.0,0.0,0.0,3.17,6.18,1.81,0,0.0,0,0.0,0.0,0.0,0,0.0,0.0,0,0.0,0,0.0,0.0,0.0,0.0,0.0,0.0,0.0,0.0,0.0,0.0,0.0,0.0,0.0,1.3599999999999999,66.67,0.45,0.0,0.0,32.11,0.0,0.45,47.04,83.65,19.45,72.09,3.62,62.5,41.16,90.11,5.88,38.46,21.66,38.57,0.0,0.0,0.0,0.0,0.0,0.0,0.0,4.97,45.45,0.9,50.0,0.9,0.0,0.0,0.0,8.14,61.11,96.0,22.61,0,,0,,0,0.0,0.0,0.0,,,1.81,,4.52,0.0,0.0,0.0,0.0,0,0
A. Egorov,Artur Egorov,-440331,Zhetysu,Zhetysu,https://cdn5.wyscout.com/photos/team/public/g1364_120x120.png,Premier League,GK,GK,100,,0,,0,20,2005-11-11,0,2026-12-31,2,199,0,0.0,0,0.0,0.0,0.0,Kazakhstan,['Kazakhstan'],unknown,0,0,False,2.26,0.0,0.0,0.0,0.0,0.0,0.0,0.0,2.26,3.26,0.0,0,0.0,0,0.0,0.0,0.0,0,0.0,0.0,0,0.0,0,0.0,0.0,0.0,0.0,0.0,0.0,0.0,0.0,0.0,0.0,0.0,0.0,0.0,0.0,0.0,0.0,0.0,0.0,6.78,0.0,0.0,13.12,82.76,8.14,72.22,0.0,0.0,7.69,100.0,5.43,58.33,30.7,46.81,0.0,0.0,0.0,0.0,0.0,0.0,0.0,0.45,0.0,0.0,0.0,0.0,0.0,0.0,0.0,3.17,42.86,100.0,4.52,5,2.26,11,4.97,0,54.55,5.11,2.31,0.11,0.05,0.0,1.81,0.0,,,,0.0,0,0
I. Chernyak,Ilya Chernyak,-178440,Ulytau,Ulytau,https://cdn5.wyscout.com/photos/team/public/g-17974_120x120.png,Premier League,"RW, LW, LWF",RW,42,LW,29,LWF,25,24,2002-05-19,200000,2026-12-31,3,199,0,0.31,0,0.03,14.92,63.64,Belarus,['Belarus'],right,184,0,False,4.52,2.26,80.0,0.9,0.0,0.0,0.0,0.0,2.71,3.21,0.0,0,0.0,0,0.0,1.81,0.0,0,0.0,0.14,0,0.0,5,2.26,0.0,0.0,0.0,0.9,0.0,0.0,0.0,0.9,0.0,0.0,2.71,66.67,10.4,60.87,1.3599999999999999,2.71,0.0,25.33,1.81,3.17,29.85,77.27,7.24,62.5,6.78,80.0,28.04,80.65,0.9,50.0,14.39,25.96,0.01,0.45,0.0,0.0,0.45,0.0,0.0,2.26,80.0,2.26,60.0,0.45,0.0,0.9,0.45,4.07,55.56,77.78,8.14,0,,0,,0,0.0,0.0,0.0,,,0.45,,0.9,0.0,0.0,0.0,2.26,0,0
O. Samuel,Opeh Samuel,-275259,Irtysh,Irtysh,https://cdn5.wyscout.com/photos/team/public/1361_120x120.png,Premier League,RCB,RCB,100,,0,,0,27,1998-12-25,0,,2,199,0,0.0,0,0.0,10.4,47.83,Nigeria,['Nigeria'],right,184,0,False,8.14,3.62,62.5,5.88,30.77,0.0,0.0,0.0,5.88,8.3,1.3599999999999999,0,0.0,0,0.0,0.45,0.0,0,0.0,0.0,0,0.0,0,0.0,0.0,0.0,0.0,0.0,0.0,0.0,0.0,0.0,0.0,0.0,0.45,100.0,0.45,100.0,0.0,0.0,0.0,26.23,0.45,0.0,38.89,87.21,16.73,81.08,1.81,100.0,33.47,93.24,5.43,50.0,21.55,36.74,0.0,0.0,0.0,0.0,0.0,0.0,0.0,3.62,75.0,0.0,0.0,0.0,0.0,0.0,0.0,7.24,75.0,94.87,17.64,0,,0,,0,0.0,0.0,0.0,,,1.3599999999999999,,5.88,0.0,0.0,0.0,0.0,0,0
I. Chesnokov,Islam Chesnokov,-255010,Tobol,Tobol,https://cdn5.wyscout.com/photos/team/public/1195_120x120.png,Premier League,"RAMF, AMF, RWF",RAMF,48,AMF,26,RWF,23,26,1999-11-21,400000,2028-12-31,3,196,0,0.35000000000000003,0,0.0,22.96,44.0,Kazakhstan,['Kazakhstan'],left,182,73,False,5.97,5.97,46.15,5.05,27.27,0.46,0.86,0.46,2.76,5.14,4.13,0,0.0,0,0.0,2.3,0.0,0,0.0,0.16,0,0.0,7,3.21,0.0,0.0,0.0,0.46,100.0,0.0,0.0,0.46,100.0,0.0,3.21,57.14,11.02,50.0,2.76,2.76,0.0,22.96,1.38,4.13,25.26,72.73,7.8100000000000005,58.82,2.3,60.0,22.04,79.17,2.76,16.67,16.11,21.26,0.0,0.46,0.46,0.0,0.0,0.0,0.0,3.21,57.14,1.8399999999999999,50.0,0.0,0.0,0.0,0.46,3.21,57.14,77.78,8.27,0,,0,,0,0.0,0.0,0.0,,,0.0,,5.05,0.0,0.0,0.0,0.0,0,0
D. Kucher,Danylo Kucher,437701,Altay,Altay,https://cdn5.wyscout.com/photos/team/public/g36010_120x120.png,Premier League,GK,GK,100,,0,,0,29,1997-01-25,300000,2026-12-31,2,195,0,0.0,0,0.0,0.0,0.0,Ukraine,['Ukraine'],left,193,83,False,0.0,0.0,0.0,0.0,0.0,0.0,0.0,0.0,0.0,0.0,0.0,0,0.0,0,0.0,0.0,0.0,0,0.0,0.0,0,0.0,0,0.0,0.0,0.0,0.0,0.0,0.0,0.0,0.0,0.0,0.0,0.0,0.0,0.0,0.0,0.0,0.0,0.0,0.0,7.38,0.0,0.0,16.62,80.56,11.08,70.83,0.0,0.0,6.92,100.0,9.69,66.67,39.77,52.65,0.0,0.0,0.0,0.0,0.0,0.0,0.0,4.15,77.78,0.0,0.0,0.0,0.0,0.0,0.0,7.85,76.47,100.0,4.62,0,0.0,5,2.31,2,100.0,0.71,0.33,0.71,0.328,0.0,1.38,0.0,,,,0.0,0,0
E. Ndreca,Edison Ndreca,317992,Egnatia Rrogozhinë,Yelimay Semey,https://cdn5.wyscout.com/photos/team/public/g3061_120x120.png,Abissnet Superiore,LB,LB,85,,0,,0,32,1994-07-05,250000,2026-12-31,3,194,0,0.12,0,0.01,21.8,59.57,Albania,['Albania'],left,186,78,False,7.42,5.57,66.67,6.96,46.67,0.0,0.0,0.46,3.71,7.06,0.46,0,0.0,0,0.0,2.32,0.0,0,0.0,0.05,0,0.0,4,1.8599999999999999,25.0,0.0,0.0,1.8599999999999999,25.0,1.8599999999999999,25.0,0.0,0.0,0.0,3.25,42.86,5.57,58.33,0.93,0.93,0.0,22.73,0.93,1.8599999999999999,32.47,68.57,13.92,70.0,5.57,91.67,23.66,86.27,6.96,20.0,23.98,29.1,0.0,0.46,0.0,0.0,0.0,0.0,0.0,6.49,42.86,1.8599999999999999,25.0,0.46,0.0,0.0,0.46,6.96,53.33,60.0,9.28,0,,0,,0,0.0,0.0,0.0,,,0.93,,6.96,0.46,0.46,0.0,0.0,0,0
D. Mitrović,Danilo Mitrović,517429,Aktobe,Aktobe,https://cdn5.wyscout.com/photos/team/public/1360_120x120.png,Premier League,"LB, LCB3, RB",LB,61,LCB3,26,RB,12,25,2001-03-23,250000,2026-12-31,5,194,0,0.0,0,0.0,15.31,66.67,Serbia,['Serbia'],right,183,77,False,8.35,6.49,64.29,2.7800000000000002,66.67,1.3900000000000001,2.31,0.46,2.7800000000000002,4.62,1.3900000000000001,1,0.46,0,0.0,1.8599999999999999,0.0,0,0.0,0.0,0,0.0,1,0.46,0.0,0.0,0.0,0.93,50.0,0.93,50.0,0.0,0.0,0.0,1.3900000000000001,100.0,4.18,88.89,0.46,1.3900000000000001,0.0,14.85,2.32,2.7800000000000002,27.84,76.67,14.38,61.29,2.7800000000000002,100.0,19.95,86.05,6.96,53.33,15.89,19.27,0.0,0.46,0.0,0.0,0.0,0.0,0.0,6.96,73.33,0.93,50.0,0.0,0.0,0.0,0.46,8.81,68.42,100.0,6.96,0,,0,,0,0.0,0.0,0.0,,,0.46,,2.7800000000000002,0.0,0.0,0.0,0.0,0,0
A. Seytkaliev,Asylbek Seytkaliev,193734,Atyrau,Atyrau,https://cdn5.wyscout.com/photos/team/public/4450_120x120.png,Premier League,"CF, RCMF, AMF",CF,33,RCMF,27,AMF,16,34,1992-02-29,0,2026-12-31,8,192,0,0.0,0,0.04,12.19,19.23,Kazakhstan,['Kazakhstan'],right,168,56,False,4.69,4.69,40.0,2.34,0.0,0.9400000000000001,1.54,0.0,1.88,3.08,1.4100000000000001,1,0.47000000000000003,0,0.0,0.0,0.0,0,0.0,0.0,0,0.0,0,0.0,0.0,0.0,0.0,0.0,0.0,0.0,0.0,0.0,0.0,0.0,0.9400000000000001,0.0,4.22,0.0,0.47000000000000003,0.47000000000000003,0.0,11.72,0.47000000000000003,0.0,19.69,78.57,8.91,73.68,4.69,90.0,16.88,83.33,2.81,50.0,15.12,18.79,0.02,0.47000000000000003,0.0,0.0,0.0,0.0,0.0,2.81,50.0,0.9400000000000001,0.0,0.47000000000000003,0.0,0.47000000000000003,0.0,2.34,80.0,88.89,4.22,0,,0,,0,0.0,0.0,0.0,,,0.0,,2.34,0.0,0.0,0.0,1.88,0,0
D. Serikuly,Dimash Serikuly,-438554,Kaisar,Kaisar,https://cdn5.wyscout.com/photos/team/public/g1352_120x120.png,Premier League,"LWB, RWB, LWF",LWB,44,RWB,24,LWF,24,20,2006-01-14,0,2027-12-31,7,191,0,0.06,0,0.0,20.73,47.73,Kazakhstan,['Kazakhstan'],right,169,55,False,8.48,8.95,73.68,2.83,16.67,0.0,0.0,0.0,1.88,3.0,1.88,0,0.0,0,0.0,1.4100000000000001,0.0,0,0.0,0.03,0,0.0,1,0.47000000000000003,0.0,0.0,0.0,0.0,0.0,0.0,0.0,0.0,0.0,0.0,1.4100000000000001,100.0,6.6,35.71,0.47000000000000003,1.4100000000000001,0.9400000000000001,11.31,0.47000000000000003,0.9400000000000001,18.38,66.67,6.6,57.14,4.24,88.89,12.72,70.37,5.65,58.33,23.91,32.3,0.0,0.0,0.0,0.0,0.0,0.0,0.0,4.24,55.56,1.88,25.0,0.47000000000000003,0.0,0.47000000000000003,0.0,7.54,56.25,58.33,5.65,0,,0,,0,0.0,0.0,0.0,,,0.0,,2.83,0.0,0.0,0.0,0.0,0,0
K. Glushchenkov,Kirill Glushchenkov,-167465,Tobol,Tobol,https://cdn5.wyscout.com/photos/team/public/1195_120x120.png,Premier League,"RCB3, LCB3, LCB",RCB3,63,LCB3,21,LCB,15,26,2000-02-05,400000,2026-12-31,4,190,0,0.07,0,0.0,11.84,48.0,Russia,['Russia'],right,191,82,False,6.16,3.32,42.86,5.68,41.67,0.47000000000000003,0.88,0.9500000000000001,4.26,7.94,0.9500000000000001,1,0.47000000000000003,1,0.47000000000000003,0.47000000000000003,0.0,0,0.0,0.03,0,0.0,1,0.47000000000000003,100.0,0.0,0.0,0.0,0.0,0.0,0.0,0.0,0.0,0.0,0.0,0.0,0.47000000000000003,100.0,0.9500000000000001,1.42,0.0,27.0,0.0,0.9500000000000001,38.37,86.42,15.63,78.79,2.84,100.0,34.11,88.89,4.26,66.67,19.33,32.57,0.0,0.0,0.0,0.0,0.0,0.0,0.0,6.63,78.57,0.47000000000000003,0.0,0.47000000000000003,0.0,0.0,0.0,7.11,66.67,91.67,17.05,0,,0,,0,0.0,0.0,0.0,,,1.42,,5.68,0.0,0.0,0.0,0.0,0,0
D. Usenov,Daniyar Usenov,-169081,Caspiy,Caspiy,https://cdn5.wyscout.com/photos/team/public/g3933_120x120.png,Premier League,"AMF, CF, LDMF",AMF,41,CF,19,LDMF,18,25,2001-02-18,175000,2026-12-31,6,189,0,0.17,2,0.76,5.24,27.27,Kazakhstan,['Kazakhstan'],right,181,77,False,2.38,0.9500000000000001,0.0,0.9500000000000001,0.0,0.0,0.0,0.0,2.38,2.88,0.48,0,0.0,0,0.0,1.43,0.0,0,0.0,0.08,0,0.0,2,0.9500000000000001,50.0,0.0,0.9500000000000001,0.48,100.0,0.48,100.0,0.0,0.0,0.0,0.9500000000000001,0.0,2.38,40.0,2.86,0.9500000000000001,0.48,9.05,0.9500000000000001,0.48,17.62,81.08,4.76,50.0,4.29,100.0,15.71,78.79,1.43,100.0,13.87,12.31,0.36,1.43,0.0,0.0,0.48,100.0,1.43,0.48,100.0,1.43,100.0,0.0,0.0,1.43,0.48,2.86,50.0,92.31,6.19,0,,0,,0,0.0,0.0,0.0,,,0.48,,0.9500000000000001,0.0,0.0,0.0,0.0,0,0
V. Vomenko,Vladimir Vomenko,214340,Okzhetpes,Okzhetpes,https://cdn5.wyscout.com/photos/team/public/g1363_120x120.png,Premier League,"LWB, LW, LCMF3",LWB,40,LW,23,LCMF3,13,31,1995-05-22,0,2026-12-31,11,189,0,0.84,1,0.08,19.05,47.5,Kazakhstan,['Kazakhstan'],right,178,65,False,7.62,6.19,69.23,5.24,45.45,0.48,0.91,0.0,2.86,5.45,1.43,0,0.0,0,0.0,2.38,0.0,0,0.0,0.4,0,0.0,3,1.43,33.33,0.0,0.48,3.33,42.86,3.33,42.86,0.0,0.0,0.48,1.43,33.33,7.14,33.33,2.86,1.9,0.0,17.14,1.9,1.43,20.48,62.79,5.71,33.33,5.24,81.82,15.24,75.0,1.9,0.0,17.34,7.69,0.04,0.48,0.0,0.0,0.0,0.0,0.48,3.33,28.57,3.33,28.57,0.0,0.0,0.9500000000000001,0.48,2.86,50.0,71.43,6.67,0,,0,,0,0.0,0.0,0.0,,,0.0,,5.24,0.0,0.0,0.0,0.0,0,0
M. Fedin,Maksim Fedin,273270,Irtysh,Irtysh,https://cdn5.wyscout.com/photos/team/public/1361_120x120.png,Premier League,"LW, RW",LW,81,RW,18,,0,30,1996-06-08,200000,2026-12-31,3,188,1,0.53,0,0.23,15.8,42.42,Kazakhstan,['Kazakhstan'],right,175,60,False,4.79,1.44,66.67,3.35,28.57,1.44,2.14,0.48,2.39,3.5700000000000003,0.48,1,0.48,0,0.0,2.39,0.48,1,0.48,0.25,1,0.48,2,0.96,50.0,50.0,0.0,3.35,14.29,3.35,14.29,0.0,0.0,0.48,3.35,42.86,7.18,46.67,2.87,0.96,0.0,21.06,1.44,3.35,31.12,80.0,4.31,77.78,6.22,100.0,27.77,87.93,0.0,0.0,13.31,0.0,0.11,0.96,0.0,0.0,0.0,0.0,0.0,0.48,100.0,2.87,16.67,0.0,0.0,0.96,0.48,2.87,83.33,75.0,11.49,0,,0,,0,0.0,0.0,0.0,,,0.0,,3.35,0.0,0.0,0.0,0.0,0,0
G. Valgushev,Gleb Valgushev,-293741,Kyzyl-Zhar,Kyzyl-Zhar,https://cdn5.wyscout.com/photos/team/public/g1367_120x120.png,Premier League,"CF, RW",CF,40,RW,35,,0,20,2005-12-12,0,2027-12-31,8,187,0,0.22,0,0.15,24.55,45.1,Kazakhstan,['Kazakhstan'],,177,68,False,6.26,6.26,61.54,2.89,16.67,0.0,0.0,0.0,2.41,3.49,1.9300000000000002,2,0.96,0,0.0,3.37,0.0,0,0.0,0.1,0,0.0,5,2.41,0.0,0.0,0.0,1.9300000000000002,25.0,0.48,0.0,1.44,33.33,0.48,5.29,45.45,11.07,39.13,2.89,2.41,0.96,10.59,2.41,1.9300000000000002,14.92,67.74,5.78,41.67,5.29,81.82,12.99,74.07,0.0,0.0,9.11,0.0,0.07,0.48,0.0,0.0,0.48,100.0,0.48,1.44,66.67,1.9300000000000002,25.0,0.48,100.0,0.96,0.48,0.48,100.0,100.0,1.44,0,,0,,0,0.0,0.0,0.0,,,0.0,,2.89,0.48,0.0,0.0,0.0,0,0
D. Rustemuly,Dinmukhammed Rustemuly,-438007,Kaysar Reserve,Kaisar,https://cdn5.wyscout.com/photos/team/public/g27844_120x120.png,2. Division,"CF, RWB, RWF",CF,47,RWB,21,RWF,16,20,2006-06-08,0,2026-12-31,6,180,0,0.07,0,0.11,20.5,39.02,Kazakhstan,['Kazakhstan'],unknown,168,50,False,5.0,6.0,50.0,3.5,42.86,0.0,0.0,0.0,2.0,2.93,1.5,1,0.5,0,0.0,1.0,0.0,0,0.0,0.03,0,0.0,3,1.5,33.33,0.0,0.0,1.0,0.0,0.0,0.0,1.0,0.0,0.0,3.0,16.67,9.0,27.78,3.0,0.5,0.0,10.5,1.5,2.0,11.5,82.61,3.0,66.67,5.0,100.0,10.5,90.48,0.0,0.0,11.9,0.0,0.06,1.5,0.0,0.0,0.0,0.0,0.5,0.0,0.0,1.0,50.0,0.0,0.0,1.0,0.0,1.0,50.0,66.67,1.5,0,,0,,0,0.0,0.0,0.0,,,0.0,,3.5,0.0,0.0,0.0,0.0,0,0
Ricardinho,Ricardo Viana Filho,-128830,Kairat,Kairat,https://cdn5.wyscout.com/photos/team/public/g1358_120x120.png,Premier League,CF,CF,92,,0,,0,25,2001-04-23,0,2027-06-30,6,163,0,1.7000000000000002,0,0.0,34.23,35.48,Brazil,"['Brazil', 'Portugal']",right,181,67,True,4.42,3.31,83.33,13.25,25.0,0.0,0.0,0.0,1.6600000000000001,3.21,2.76,0,0.0,0,0.0,2.76,0.0,0,0.0,0.9400000000000001,0,0.0,7,3.87,42.86,0.0,0.0,0.55,100.0,0.0,0.0,0.55,100.0,0.0,0.55,100.0,8.83,43.75,2.76,0.55,0.55,10.49,2.21,1.1,14.36,69.23,2.76,20.0,2.76,80.0,12.7,69.57,1.1,50.0,14.02,13.0,0.0,0.0,0.0,0.0,0.0,0.0,0.55,0.55,0.0,1.1,50.0,0.0,0.0,0.0,0.55,1.1,50.0,80.0,5.52,0,,0,,0,0.0,0.0,0.0,,,0.0,,13.25,0.0,0.0,0.0,0.0,0,0
R. Hebaj,Rubin Hebaj,382419,AF Elbasani,Tobol,https://cdn5.wyscout.com/photos/team/public/g-20768_120x120.png,Abissnet Superiore,CF,CF,90,,0,,0,27,1998-07-30,500000,2028-06-30,7,161,0,0.55,0,0.13,12.86,30.43,Albania,['Albania'],right,187,85,False,3.91,2.24,100.0,6.71,8.33,0.0,0.0,0.0,1.6800000000000002,3.46,0.56,1,0.56,0,0.0,1.12,0.0,0,0.0,0.31,0,0.0,3,1.6800000000000002,33.33,0.0,0.0,0.56,0.0,0.0,0.0,0.56,0.0,0.0,0.0,0.0,2.24,25.0,2.8,0.0,0.0,13.42,0.56,0.56,16.77,76.67,0.56,100.0,5.03,77.78,15.65,78.57,0.56,100.0,12.34,9.42,0.07,1.12,0.0,0.0,1.12,50.0,0.56,0.0,0.0,0.0,0.0,0.56,0.0,1.12,0.0,1.12,100.0,75.0,6.71,0,,0,,0,0.0,0.0,0.0,,,0.0,,6.71,0.0,0.0,0.0,0.0,0,0
D. Maksimović,Djordje Maksimović,510383,Atyrau,Atyrau,https://cdn5.wyscout.com/photos/team/public/4450_120x120.png,Premier League,CF,CF,100,,0,,0,26,1999-10-09,200000,2026-12-31,3,159,0,0.07,0,0.37,12.45,18.18,Serbia,['Serbia'],right,181,78,False,1.13,1.13,50.0,3.4,16.67,0.0,0.0,0.0,0.5700000000000001,1.15,0.5700000000000001,0,0.0,0,0.0,0.0,0.0,0,0.0,0.04,0,0.0,2,1.13,0.0,0.0,0.0,0.5700000000000001,0.0,0.5700000000000001,0.0,0.0,0.0,0.0,0.0,0.0,4.53,12.5,5.66,0.5700000000000001,0.0,8.49,2.83,0.0,16.98,50.0,6.79,33.33,5.66,80.0,14.72,53.85,1.7000000000000002,33.33,19.86,23.57,0.21,0.5700000000000001,0.0,0.0,0.0,0.0,0.5700000000000001,1.13,100.0,1.13,0.0,0.0,0.0,0.5700000000000001,0.0,1.7000000000000002,33.33,50.0,2.26,0,,0,,0,0.0,0.0,0.0,,,0.0,,3.4,0.0,0.0,0.0,0.0,0,0
D. Berdibek,Darkhan  Berdibek,-346695,Caspiy,Caspiy,https://cdn5.wyscout.com/photos/team/public/g3933_120x120.png,Premier League,"RAMF, LCMF, CF",RAMF,29,LCMF,26,CF,15,22,2004-05-31,0,,8,155,0,0.0,1,0.21,19.74,41.18,Kazakhstan,['Kazakhstan'],,179,69,True,8.71,10.45,50.0,2.32,25.0,1.16,1.71,0.58,2.32,3.43,1.74,1,0.58,0,0.0,0.58,0.0,0,0.0,0.0,0,0.0,0,0.0,0.0,0.0,0.58,0.58,100.0,0.0,0.0,0.58,100.0,0.0,0.58,0.0,5.8100000000000005,30.0,0.0,0.0,0.0,12.19,1.16,1.74,15.1,73.08,3.48,16.67,2.32,75.0,13.35,73.91,1.16,50.0,17.21,6.87,0.12,1.16,0.0,0.0,0.0,0.0,0.58,2.9,80.0,1.74,100.0,0.0,0.0,1.16,0.58,2.9,40.0,100.0,6.97,0,,0,,0,0.0,0.0,0.0,,,0.0,,2.32,0.0,0.0,0.0,0.0,0,0
N. Nurbol,Nurbergen Nurbol,-248430,Zhetysu,Zhetysu,https://cdn5.wyscout.com/photos/team/public/g1364_120x120.png,Premier League,"RW, RWB, RAMF",RW,43,RWB,24,RAMF,11,25,2000-12-26,100000,2026-12-31,7,148,0,0.0,0,0.0,20.07,39.39,Kazakhstan,['Kazakhstan'],,0,0,False,8.51,8.51,50.0,3.04,20.0,1.22,2.22,0.0,3.04,5.5600000000000005,3.65,1,0.61,0,0.0,4.26,0.0,0,0.0,0.0,0,0.0,1,0.61,0.0,0.0,0.0,5.47,44.44,0.0,0.0,5.47,44.44,0.61,3.04,60.0,7.3,33.33,0.61,1.82,0.0,18.85,0.0,0.61,28.58,76.6,6.69,81.82,3.65,100.0,21.89,86.11,1.22,50.0,19.53,11.3,0.0,0.0,0.0,0.0,0.0,0.0,0.0,3.04,100.0,6.08,60.0,0.0,0.0,1.22,2.43,8.51,78.57,63.16,11.55,0,,0,,0,0.0,0.0,0.0,,,0.0,,3.04,0.0,0.0,0.0,0.0,0,0
A. Aliakbar,Abylkhair Aliakbar,-567800,Altay,Altay,https://cdn5.wyscout.com/photos/team/public/g36010_120x120.png,Premier League,GK,GK,100,,0,,0,20,2006-04-19,0,2026-12-31,2,147,0,0.0,0,0.0,1.22,50.0,Kazakhstan,['Kazakhstan'],unknown,0,0,False,0.61,0.0,0.0,1.22,50.0,0.0,0.0,0.0,0.61,0.75,0.61,0,0.0,0,0.0,0.0,0.0,0,0.0,0.0,0,0.0,0,0.0,0.0,0.0,0.0,0.0,0.0,0.0,0.0,0.0,0.0,0.0,0.0,0.0,0.0,0.0,0.0,0.0,0.0,8.57,0.0,0.0,12.86,66.67,10.41,58.82,0.0,0.0,4.29,100.0,8.57,50.0,42.45,53.62,0.0,0.0,0.0,0.0,0.0,0.0,0.0,3.06,20.0,0.0,0.0,0.0,0.0,0.0,0.0,5.51,66.67,100.0,1.8399999999999999,2,1.22,8,4.9,0,75.0,3.01,1.8399999999999999,1.01,0.618,0.0,2.45,1.22,,,,0.0,0,0
L. Kurgin,Lev Kurgin,-103442,Kairat,Kairat,https://cdn5.wyscout.com/photos/team/public/g1358_120x120.png,Premier League,LB,LB,100,,0,,0,24,2002-06-06,200000,2026-12-31,5,141,0,0.42,0,0.06,17.23,66.67,Kazakhstan,['Kazakhstan'],left,184,0,False,10.85,8.3,69.23,2.55,75.0,0.0,0.0,0.0,5.11,7.27,0.0,0,0.0,0,0.0,1.9100000000000001,0.0,0,0.0,0.27,0,0.0,3,1.9100000000000001,33.33,0.0,0.0,1.9100000000000001,0.0,1.9100000000000001,0.0,0.0,0.0,0.64,1.9100000000000001,66.67,5.74,66.67,2.55,2.55,0.0,22.34,0.64,1.28,34.47,75.93,13.4,71.43,5.74,100.0,30.64,85.42,1.9100000000000001,0.0,16.36,13.58,0.04,0.64,0.64,0.0,0.0,0.0,0.64,4.47,71.43,2.55,25.0,0.64,0.0,0.64,0.64,7.02,81.82,75.0,7.66,0,,0,,0,0.0,0.0,0.0,,,0.64,,2.55,0.0,0.0,0.0,0.0,0,0
R. Aslan,Rafkat Aslan,272818,Zhetysu,Zhetysu,https://cdn5.wyscout.com/photos/team/public/g1364_120x120.png,Premier League,"RCB3, LCB3",RCB3,86,LCB3,13,,0,32,1994-02-02,0,2026-12-31,4,136,0,0.0,0,0.0,19.85,43.33,Kazakhstan,['Kazakhstan'],right,186,78,False,11.91,8.6,53.85,4.63,28.57,0.66,1.0,1.32,6.62,10.0,2.65,3,1.99,1,0.66,0.0,0.0,0,0.0,0.0,0,0.0,0,0.0,0.0,0.0,0.0,0.0,0.0,0.0,0.0,0.0,0.0,0.0,0.0,0.0,2.65,50.0,0.0,0.0,0.0,12.57,0.66,1.32,23.16,62.86,14.56,45.45,0.66,100.0,17.21,76.92,5.96,22.22,25.88,35.2,0.0,0.0,0.0,0.0,0.0,0.0,0.0,3.9699999999999998,16.67,0.66,0.0,0.0,0.0,0.0,0.0,6.62,40.0,100.0,6.62,0,,0,,0,0.0,0.0,0.0,,,0.0,,4.63,0.0,0.0,0.0,0.0,0,0
V. Petrov,Vadim Petrov,-174534,Kyzyl-Zhar,Kyzyl-Zhar,https://cdn5.wyscout.com/photos/team/public/g1367_120x120.png,Premier League,GK,GK,100,,0,,0,26,2000-06-11,100000,2027-12-31,2,135,0,0.0,0,0.0,0.0,0.0,Kazakhstan,['Kazakhstan'],left,188,0,False,0.0,0.0,0.0,0.0,0.0,0.0,0.0,0.0,0.0,0.0,0.0,0,0.0,0,0.0,0.0,0.0,0,0.0,0.0,0,0.0,0,0.0,0.0,0.0,0.0,0.0,0.0,0.0,0.0,0.0,0.0,0.0,0.0,0.0,0.0,0.0,0.0,0.0,0.0,6.0,0.0,0.0,12.67,78.95,6.0,66.67,0.0,0.0,10.0,86.67,2.67,50.0,27.72,52.24,0.0,0.0,0.0,0.0,0.0,0.0,0.0,0.67,0.0,0.0,0.0,0.0,0.0,0.0,0.0,3.33,60.0,100.0,5.33,3,2.0,11,7.33,0,72.73,1.9100000000000001,1.27,-1.09,-0.727,0.0,1.33,0.0,,,,0.0,0,0
M. Kalmyrza,Meyrambek Kalmyrza,-255344,Tobol,Tobol,https://cdn5.wyscout.com/photos/team/public/1195_120x120.png,Premier League,LCB3,LCB3,83,,0,,0,23,2002-12-15,0,2026-12-31,5,133,0,0.0,0,0.0,12.18,55.56,Kazakhstan,['Kazakhstan'],left,187,75,False,7.44,2.71,100.0,5.41,62.5,0.0,0.0,0.68,4.74,9.13,0.0,0,0.0,0,0.0,0.0,0.0,0,0.0,0.0,0,0.0,0,0.0,0.0,0.0,0.0,0.0,0.0,0.0,0.0,0.0,0.0,0.0,0.0,0.0,2.03,33.33,0.0,1.35,0.68,33.83,0.0,0.68,45.34,77.61,19.62,68.97,3.38,100.0,36.54,87.04,8.8,38.46,24.59,32.13,0.0,0.0,0.0,0.0,0.0,0.0,0.0,7.44,54.55,2.03,33.33,0.0,0.0,0.68,0.0,13.53,55.0,88.0,16.92,0,,0,,0,0.0,0.0,0.0,,,2.71,,5.41,0.0,0.0,0.0,0.0,0,0
N. Ayazbaev,Nurlybek Ayazbaev,443385,Caspiy,Caspiy,https://cdn5.wyscout.com/photos/team/public/g3933_120x120.png,Premier League,GK,GK,100,,0,,0,35,1991-01-24,150000,2026-12-31,2,127,0,0.0,0,0.0,0.0,0.0,Kazakhstan,['Kazakhstan'],right,182,72,False,3.54,0.0,0.0,0.0,0.0,0.0,0.0,0.0,3.54,3.66,0.0,0,0.0,0,0.0,0.0,0.0,0,0.0,0.0,0,0.0,0,0.0,0.0,0.0,0.0,0.0,0.0,0.0,0.0,0.0,0.0,0.0,0.0,0.0,0.0,0.0,0.0,0.0,0.0,12.76,0.0,0.0,20.55,86.21,14.17,80.0,0.0,0.0,9.21,100.0,11.34,75.0,39.02,50.14,0.0,0.0,0.0,0.0,0.0,0.0,0.0,2.83,100.0,0.0,0.0,0.0,0.0,0.0,0.0,9.92,85.71,100.0,6.38,2,1.42,8,5.67,0,75.0,0.42,0.30000000000000004,-1.58,-1.12,0.0,0.71,0.0,,,,0.0,0,0
E. Seydakhmet,Erkebulan Seydakhmet,465901,Aktobe,Aktobe,https://cdn5.wyscout.com/photos/team/public/1360_120x120.png,Premier League,"RCMF3, RW, RWB",RCMF3,65,RW,11,RWB,10,26,2000-02-04,250000,2026-12-31,6,127,0,0.06,0,0.0,21.97,58.06,Kazakhstan,['Kazakhstan'],right,178,68,False,9.92,9.92,57.14,4.96,57.14,0.71,1.3599999999999999,0.0,3.54,6.82,2.83,2,1.42,0,0.0,0.71,0.0,0,0.0,0.04,0,0.0,1,0.71,0.0,0.0,0.0,0.0,0.0,0.0,0.0,0.0,0.0,0.0,0.0,0.0,4.96,85.71,1.42,0.0,0.0,19.84,0.71,1.42,31.89,73.33,11.34,56.25,9.21,100.0,29.76,76.19,2.13,33.33,16.16,8.77,0.0,0.0,0.0,0.0,0.71,100.0,0.0,3.54,60.0,1.42,100.0,0.71,100.0,0.71,0.0,5.67,75.0,70.0,7.09,0,,0,,0,0.0,0.0,0.0,,,0.71,,4.96,0.0,0.0,0.0,0.0,0,0
David Carmona,David Carmona Sierra,388007,Ulytau,Ulytau,https://cdn5.wyscout.com/photos/team/public/g-17974_120x120.png,Premier League,RB,RB,100,,0,,0,29,1997-01-11,450000,2026-12-31,2,122,0,0.0,0,0.02,8.11,45.45,Spain,['Spain'],right,175,72,False,5.16,2.95,50.0,1.48,50.0,0.0,0.0,1.48,3.69,5.5600000000000005,0.74,1,0.74,0,0.0,1.48,0.0,0,0.0,0.0,0,0.0,0,0.0,0.0,0.0,0.0,4.43,33.33,0.0,0.0,4.43,33.33,0.74,0.0,0.0,1.48,50.0,1.48,0.0,0.0,24.34,2.21,1.48,30.98,78.57,9.59,76.92,5.16,100.0,21.39,93.1,5.16,57.14,21.08,18.91,0.02,0.74,0.0,0.0,0.0,0.0,0.0,2.21,66.67,2.95,50.0,0.0,0.0,0.0,1.48,7.38,70.0,77.78,13.28,0,,0,,0,0.0,0.0,0.0,,,0.0,,1.48,0.0,0.0,0.0,0.0,0,0
D. Epton,David Kwabena Epton,-544353,Caspiy,Caspiy,https://cdn5.wyscout.com/photos/team/public/g3933_120x120.png,Premier League,"LCMF, RAMF",LCMF,78,RAMF,12,,0,21,2005-06-06,0,2026-12-31,3,112,0,0.0,0,0.0,7.23,66.67,Ghana,['Ghana'],unknown,0,0,False,8.04,3.21,75.0,0.8,100.0,0.0,0.0,0.8,5.63,6.36,0.0,0,0.0,0,0.0,0.0,0.0,0,0.0,0.0,0,0.0,0,0.0,0.0,0.0,0.0,0.0,0.0,0.0,0.0,0.0,0.0,0.0,0.0,0.0,3.21,50.0,0.0,0.0,0.0,7.23,0.0,1.6099999999999999,14.46,72.22,4.82,83.33,2.41,33.33,12.05,80.0,2.41,33.33,20.81,27.4,0.0,0.0,0.0,0.0,0.0,0.0,0.0,0.8,100.0,0.8,100.0,0.0,0.0,0.8,0.0,4.82,33.33,71.43,5.63,0,,0,,0,0.0,0.0,0.0,,,0.0,,0.8,0.0,0.0,0.0,0.0,0,0
A. Token,Aituar Token,-438385,Astana,Astana,https://cdn5.wyscout.com/photos/team/public/2405_120x120.png,Premier League,"RCB3, RDMF",RCB3,87,RDMF,12,,0,19,2006-09-03,0,,2,109,0,0.05,0,0.0,11.56,57.14,Kazakhstan,['Kazakhstan'],unknown,182,63,False,5.78,4.95,50.0,4.95,83.33,0.0,0.0,0.8300000000000001,3.3,5.71,1.65,0,0.0,0,0.0,0.0,0.0,0,0.0,0.04,0,0.0,1,0.8300000000000001,0.0,0.0,0.0,0.0,0.0,0.0,0.0,0.0,0.0,0.0,0.0,0.0,0.0,0.0,0.0,2.48,0.0,44.59,4.13,0.0,52.02,88.89,12.39,66.67,10.73,100.0,50.37,91.8,1.65,0.0,17.71,17.08,0.0,0.0,0.8300000000000001,0.8300000000000001,0.0,0.0,0.0,4.13,100.0,0.8300000000000001,100.0,0.0,0.0,0.8300000000000001,0.0,6.61,37.5,91.67,19.82,0,,0,,0,0.0,0.0,0.0,,,1.65,,4.95,0.0,0.0,0.0,0.0,0,0
G. Kan,Gavril Kan,421612,Altay,Altay,https://cdn5.wyscout.com/photos/team/public/g36010_120x120.png,Premier League,LB5,LB5,100,,0,,0,27,1999-01-10,0,2026-12-31,2,102,0,0.0,0,0.0,25.59,51.72,Kazakhstan,['Kazakhstan'],right,175,66,False,10.59,9.71,72.73,5.29,33.33,0.0,0.0,0.0,3.5300000000000002,3.64,1.76,0,0.0,0,0.0,0.88,0.0,0,0.0,0.0,0,0.0,0,0.0,0.0,0.0,0.0,3.5300000000000002,0.0,3.5300000000000002,0.0,0.0,0.0,0.0,0.88,100.0,7.06,50.0,0.0,0.88,0.0,8.82,0.0,1.76,17.65,60.0,5.29,83.33,2.65,33.33,8.82,80.0,5.29,66.67,21.62,22.07,0.0,0.0,0.0,0.0,0.0,0.0,0.0,0.88,100.0,1.76,0.0,0.0,0.0,0.0,0.0,2.65,33.33,50.0,7.06,0,,0,,0,0.0,0.0,0.0,,,0.0,,5.29,0.88,0.0,0.0,0.0,0,0
E. Tsuprikov,Egor Tsuprikov,316534,Yelimay Semey,Yelimay Semey,https://cdn5.wyscout.com/photos/team/public/g-17973_120x120.png,Premier League,GK,GK,100,,0,,0,29,1997-05-27,150000,2026-12-31,1,99,0,0.0,0,0.0,0.91,100.0,Kazakhstan,['Kazakhstan'],right,190,78,False,0.91,0.0,0.0,0.91,100.0,0.0,0.0,0.0,0.91,1.76,0.0,0,0.0,0,0.0,0.0,0.0,0,0.0,0.0,0,0.0,0,0.0,0.0,0.0,0.0,0.0,0.0,0.0,0.0,0.0,0.0,0.0,0.0,0.0,0.0,0.0,0.0,0.0,0.0,0.91,0.0,0.0,6.36,85.71,3.64,75.0,0.0,0.0,5.45,100.0,0.91,0.0,27.03,48.49,0.0,0.0,0.0,0.0,0.0,0.0,0.0,0.0,0.0,0.0,0.0,0.0,0.0,0.0,0.0,0.0,0.0,100.0,2.73,0,0.0,3,2.73,1,100.0,0.6000000000000001,0.55,0.6000000000000001,0.545,0.0,3.64,0.91,,,,0.0,0,0
K. Tolepbergen,Kazhymukan Tolepbergen,-267012,Ordabasy,Ordabasy,https://cdn5.wyscout.com/photos/team/public/1363_120x120.png,Premier League,GK,GK,100,,0,,0,26,2000-04-21,0,2026-12-31,1,99,0,0.0,0,0.0,1.82,100.0,Kazakhstan,['Kazakhstan'],,185,75,False,0.91,0.0,0.0,1.82,100.0,0.0,0.0,0.0,0.91,1.67,0.0,0,0.0,0,0.0,0.0,0.0,0,0.0,0.0,0,0.0,0,0.0,0.0,0.0,0.0,0.0,0.0,0.0,0.0,0.0,0.0,0.0,0.0,0.0,0.0,0.0,0.0,0.0,0.0,10.0,0.0,0.0,12.73,100.0,7.27,100.0,0.0,0.0,12.73,100.0,0.0,0.0,19.96,0.0,0.0,0.0,0.0,0.0,0.0,0.0,0.0,0.0,0.0,0.0,0.0,0.0,0.0,0.0,0.0,0.0,0.0,100.0,5.45,1,0.91,2,1.82,0,50.0,1.09,0.99,0.09,0.082,0.0,4.55,1.82,,,,0.0,0,0
M. Jevtić,Marko Jevtić,404967,IMT Novi Beograd,Irtysh,https://cdn5.wyscout.com/photos/team/public/g30905_120x120.png,Srpska Liga,LCB,LCB,100,,0,,0,30,1996-02-17,300000,,1,98,0,0.01,0,0.0,6.43,85.71,Serbia,['Serbia'],left,192,79,False,6.43,1.8399999999999999,50.0,3.67,100.0,0.0,0.0,0.92,5.51,6.43,0.92,1,0.92,0,0.0,0.0,0.0,0,0.0,0.01,0,0.0,1,0.92,0.0,0.0,0.0,0.0,0.0,0.0,0.0,0.0,0.0,0.0,0.0,0.0,0.0,0.0,0.92,0.0,0.0,22.04,0.0,0.0,32.14,91.43,11.02,75.0,2.76,100.0,30.31,96.97,1.8399999999999999,0.0,22.81,42.84,0.0,0.0,0.0,0.0,0.0,0.0,0.0,2.76,33.33,0.92,0.0,0.0,0.0,0.0,0.0,3.67,75.0,100.0,16.53,0,,0,,0,0.0,0.0,0.0,,,2.76,,3.67,0.0,0.0,0.0,0.0,0,0
N. Berdesh,Nurseit Berdesh,-437444,Atyrau,Atyrau,https://cdn5.wyscout.com/photos/team/public/4450_120x120.png,Premier League,"RWB, CF, RW",RWB,42,CF,22,RW,14,20,2006-02-18,0,,5,96,0,0.02,0,0.0,19.69,52.38,Kazakhstan,['Kazakhstan'],unknown,181,75,False,10.31,9.38,70.0,4.69,40.0,0.9400000000000001,1.67,0.0,2.81,5.0,0.0,0,0.0,0,0.0,1.88,0.0,0,0.0,0.02,0,0.0,1,0.9400000000000001,0.0,0.0,0.0,0.0,0.0,0.0,0.0,0.0,0.0,0.0,2.81,66.67,4.69,40.0,0.9400000000000001,0.0,0.0,11.25,1.88,1.88,19.69,80.95,7.5,75.0,2.81,100.0,15.94,82.35,3.75,75.0,8.72,8.97,0.0,0.0,0.0,0.0,0.0,0.0,0.0,5.63,50.0,2.81,33.33,0.0,0.0,1.88,0.0,2.81,100.0,75.0,7.5,0,,0,,0,0.0,0.0,0.0,,,0.9400000000000001,,4.69,0.0,0.0,0.0,0.0,0,0
B. Daniyarov,Bagdat Daniyarov,-428206,Ulytau,Ulytau,https://cdn5.wyscout.com/photos/team/public/g-17974_120x120.png,Premier League,"RAMF, RWF, LWF",RAMF,65,RWF,20,LWF,13,23,2003-03-27,0,2026-12-31,4,95,0,0.0,0,0.0,14.21,46.67,Kazakhstan,['Kazakhstan'],both,168,0,False,6.63,3.79,75.0,1.8900000000000001,50.0,0.0,0.0,0.0,3.79,6.0,1.8900000000000001,0,0.0,0,0.0,0.9500000000000001,0.0,0,0.0,0.0,0,0.0,0,0.0,0.0,0.0,0.0,0.0,0.0,0.0,0.0,0.0,0.0,0.0,1.8900000000000001,50.0,4.74,40.0,2.84,0.0,0.0,12.32,0.9500000000000001,2.84,20.84,59.09,7.58,37.5,2.84,66.67,18.0,57.89,2.84,66.67,19.71,8.42,0.0,0.0,0.0,0.0,0.0,0.0,0.0,1.8900000000000001,50.0,0.0,0.0,0.0,0.0,0.0,0.0,4.74,60.0,62.5,7.58,0,,0,,0,0.0,0.0,0.0,,,0.0,,1.8900000000000001,0.0,0.0,0.0,0.0,0,0
D. Orynbasar,Dias Orynbasar,-427680,Atyrau,Atyrau,https://cdn5.wyscout.com/photos/team/public/4450_120x120.png,Premier League,"RWB, RWF, LW",RWB,61,RWF,20,LW,17,23,2003-02-14,0,2026-12-31,3,94,0,0.0,0,0.0,19.15,35.0,Kazakhstan,['Kazakhstan'],unknown,0,0,False,3.83,5.74,50.0,5.74,33.33,0.0,0.0,0.0,0.96,1.3599999999999999,1.9100000000000001,1,0.96,0,0.0,0.96,0.0,0,0.0,0.0,0,0.0,0,0.0,0.0,0.0,0.0,0.96,0.0,0.0,0.0,0.96,0.0,0.0,0.96,100.0,4.79,20.0,0.0,3.83,0.0,12.45,0.96,0.0,17.23,72.22,4.79,60.0,3.83,100.0,13.4,78.57,2.87,66.67,12.15,15.67,0.0,0.0,0.0,0.0,0.0,0.0,0.0,1.9100000000000001,100.0,0.96,0.0,0.0,0.0,0.0,0.0,3.83,50.0,66.67,2.87,0,,0,,0,0.0,0.0,0.0,,,0.0,,5.74,0.0,0.0,0.0,0.0,0,0
I. Bekbolat,Ismail Bekbolat,-578359,Kairat,Kairat,https://cdn5.wyscout.com/photos/team/public/g1358_120x120.png,Premier League,"CF, RAMF, LAMF",CF,70,RAMF,18,LAMF,11,18,2008-01-10,0,2027-12-31,5,93,1,0.39,3,0.88,21.29,27.27,Kazakhstan,['Kazakhstan'],left,182,0,False,2.9,3.87,50.0,4.84,0.0,0.0,0.0,0.0,0.97,2.31,2.9,0,0.0,0,0.0,6.77,0.97,1,0.97,0.38,0,0.0,5,4.84,60.0,20.0,2.9,2.9,66.67,0.97,0.0,1.94,100.0,0.0,2.9,66.67,12.58,30.77,8.71,0.97,0.0,23.23,0.0,0.97,29.03,90.0,2.9,66.67,7.74,100.0,26.13,92.59,0.97,0.0,14.91,12.46,0.85,2.9,0.97,0.0,0.0,0.0,3.87,0.0,0.0,3.87,100.0,0.0,0.0,3.87,1.94,4.84,80.0,91.67,11.61,0,,0,,0,0.0,0.0,0.0,,,0.0,,4.84,0.0,0.0,0.0,0.0,0,0
A. Kaltanov,Akhmetali Kaltanov,-438374,Astana,Astana,https://cdn5.wyscout.com/photos/team/public/2405_120x120.png,Premier League,"RWF, AMF, LW",RWF,67,AMF,19,LW,12,20,2006-04-19,0,,3,93,1,0.74,2,0.11,13.55,28.57,Kazakhstan,['Kazakhstan'],right,180,69,False,1.94,4.84,40.0,3.87,50.0,0.0,0.0,0.0,0.0,0.0,2.9,0,0.0,0,0.0,2.9,0.97,1,0.97,0.71,0,0.0,2,1.94,100.0,50.0,1.94,1.94,50.0,0.0,0.0,1.94,50.0,0.0,0.0,0.0,0.97,0.0,5.8100000000000005,2.9,0.0,18.39,0.97,0.0,21.29,59.09,4.84,20.0,3.87,75.0,18.39,63.16,0.97,0.0,16.77,13.05,0.11,0.97,0.0,0.0,0.0,0.0,1.94,0.97,0.0,0.97,0.0,0.0,0.0,0.0,0.97,4.84,0.0,57.14,6.77,0,,0,,0,0.0,0.0,0.0,,,0.0,,3.87,0.0,0.0,0.0,0.0,0,0
A. Adilov,Aldair Adilov,-210050,Zhenys,Zhenys,https://cdn5.wyscout.com/photos/team/public/g-13910_120x120.png,Premier League,"RWB, LCMF3, RCB3",RWB,39,LCMF3,32,RCB3,18,24,2002-06-11,10000,2026-12-31,7,93,1,0.06,0,0.0,16.45,52.94,Kazakhstan,['Kazakhstan'],right,172,0,False,6.77,6.77,71.43,5.8100000000000005,50.0,0.0,0.0,0.0,1.94,2.86,0.97,0,0.0,0,0.0,0.97,0.97,1,0.97,0.06,0,0.0,1,0.97,100.0,100.0,0.0,0.0,0.0,0.0,0.0,0.0,0.0,0.0,0.0,0.0,1.94,0.0,0.0,0.97,0.0,7.74,0.0,0.0,14.52,46.67,7.74,12.5,4.84,100.0,11.61,41.67,2.9,66.67,16.16,18.51,0.0,0.0,0.0,0.0,0.0,0.0,0.0,2.9,0.0,0.0,0.0,0.0,0.0,0.0,0.0,2.9,33.33,100.0,0.97,0,,0,,0,0.0,0.0,0.0,,,0.0,,5.8100000000000005,0.0,0.0,0.0,0.0,0,0
A. Kenzhegulov,Alisher  Kenzhegulov,-435620,FK Aktobe Reserve,Aktobe,https://cdn5.wyscout.com/photos/team/public/g-4441_120x120.png,1. Division,"RAMF, RWF, LAMF",RAMF,48,RWF,30,LAMF,21,20,2005-10-28,0,,3,91,0,0.0,0,0.0,28.68,41.38,Kazakhstan,['Kazakhstan'],unknown,176,0,False,8.9,9.89,50.0,4.95,40.0,0.0,0.0,0.0,3.96,7.5,4.95,0,0.0,0,0.0,2.9699999999999998,0.0,0,0.0,0.0,0,0.0,0,0.0,0.0,0.0,0.0,1.98,0.0,0.99,0.0,0.99,0.0,0.99,4.95,60.0,10.88,36.36,0.0,0.0,0.0,4.95,1.98,1.98,6.92,57.14,1.98,100.0,0.0,0.0,4.95,80.0,0.0,0.0,14.77,0.0,0.0,0.0,0.0,0.0,0.0,0.0,0.0,0.99,100.0,1.98,0.0,0.0,0.0,0.0,0.0,0.0,0.0,50.0,3.96,0,,0,,0,0.0,0.0,0.0,,,0.0,,4.95,0.0,0.0,0.0,0.0,0,0
Agostinho,Agostinho Azevedo Magalhães,-243471,Kaisar,Kaisar,https://cdn5.wyscout.com/photos/team/public/g1352_120x120.png,Premier League,"AMF, LWF",AMF,59,LWF,40,,0,26,2000-07-01,0,2027-12-31,2,86,0,0.16,0,0.0,17.79,64.71,Guinea-Bissau,"['Guinea-Bissau', 'Portugal']",right,184,76,False,5.23,5.23,60.0,5.23,80.0,0.0,0.0,0.0,2.09,3.5300000000000002,2.09,0,0.0,0,0.0,3.14,0.0,0,0.0,0.17,0,0.0,3,3.14,100.0,0.0,0.0,1.05,0.0,0.0,0.0,1.05,0.0,0.0,0.0,0.0,6.28,50.0,3.14,1.05,0.0,25.12,6.28,1.05,24.07,69.57,7.33,57.14,6.28,83.33,21.98,76.19,1.05,0.0,11.05,13.43,0.0,0.0,0.0,0.0,0.0,0.0,0.0,2.09,50.0,1.05,100.0,0.0,0.0,1.05,0.0,2.09,100.0,50.0,2.09,0,,0,,0,0.0,0.0,0.0,,,0.0,,5.23,0.0,0.0,0.0,0.0,0,0
A. Zhumabek,Abylaykhan Zhumabek,-118111,Atyrau,Atyrau,https://cdn5.wyscout.com/photos/team/public/4450_120x120.png,Premier League,"CF, LWF",CF,88,LWF,11,,0,24,2001-10-19,150000,2026-12-31,2,85,0,0.68,0,0.0,14.82,35.71,Uzbekistan,['Uzbekistan'],,0,0,False,4.24,3.18,0.0,3.18,33.33,0.0,0.0,0.0,4.24,4.0,1.06,0,0.0,0,0.0,2.12,0.0,0,0.0,0.72,0,0.0,3,3.18,33.33,0.0,0.0,1.06,0.0,1.06,0.0,0.0,0.0,0.0,1.06,100.0,6.35,50.0,2.12,1.06,0.0,10.59,0.0,2.12,18.0,76.47,5.29,80.0,7.41,85.71,14.82,85.71,3.18,33.33,18.21,27.01,0.0,0.0,0.0,0.0,0.0,0.0,0.0,2.12,50.0,0.0,0.0,0.0,0.0,0.0,0.0,2.12,100.0,60.0,5.29,0,,0,,0,0.0,0.0,0.0,,,0.0,,3.18,0.0,0.0,0.0,0.0,0,0
T. Mukhametzhanov,Timur Mukhametzhanov,-302058,Irtysh,Irtysh,https://cdn5.wyscout.com/photos/team/public/1361_120x120.png,Premier League,"DMF, RAMF, RCB3",DMF,38,RAMF,35,RCB3,18,23,2003-04-08,0,2026-12-31,4,84,0,0.43,0,0.17,22.5,47.62,Kazakhstan,['Kazakhstan'],unknown,0,0,False,3.21,3.21,33.33,10.71,50.0,0.0,0.0,0.0,2.14,4.29,2.14,0,0.0,0,0.0,1.07,0.0,0,0.0,0.47000000000000003,0,0.0,2,2.14,50.0,0.0,0.0,0.0,0.0,0.0,0.0,0.0,0.0,0.0,1.07,0.0,4.29,50.0,3.21,0.0,0.0,7.5,4.29,2.14,15.0,78.57,4.29,50.0,3.21,100.0,13.93,84.62,1.07,0.0,14.44,13.18,0.18,1.07,0.0,0.0,0.0,0.0,1.07,2.14,50.0,1.07,100.0,0.0,0.0,1.07,0.0,3.21,66.67,75.0,4.29,0,,0,,0,0.0,0.0,0.0,,,0.0,,10.71,0.0,0.0,0.0,0.0,0,0
A. Baydavletov,Ayan Baydavletov,-320588,Caspiy,Caspiy,https://cdn5.wyscout.com/photos/team/public/g3933_120x120.png,Premier League,"LWF, LDMF, LCMF3",LWF,32,LDMF,20,LCMF3,18,20,2006-05-03,0,2027-12-31,6,80,0,0.07,0,0.61,13.5,41.67,Kazakhstan,['Kazakhstan'],,188,0,False,5.63,5.63,60.0,2.25,0.0,1.13,2.5,0.0,1.13,2.5,3.38,0,0.0,0,0.0,0.0,0.0,0,0.0,0.08,0,0.0,1,1.13,0.0,0.0,0.0,0.0,0.0,0.0,0.0,0.0,0.0,0.0,0.0,0.0,1.13,0.0,3.38,0.0,0.0,7.87,0.0,0.0,15.75,85.71,7.87,71.43,3.38,100.0,13.5,91.67,2.25,50.0,7.62,13.12,0.6900000000000001,1.13,0.0,0.0,0.0,0.0,1.13,2.25,100.0,0.0,0.0,0.0,0.0,1.13,0.0,1.13,100.0,100.0,2.25,0,,0,,0,0.0,0.0,0.0,,,0.0,,2.25,0.0,0.0,0.0,0.0,0,0
T. Kusyapov,Talgat Kusyapov,421604,Aktobe,Aktobe,https://cdn5.wyscout.com/photos/team/public/1360_120x120.png,Premier League,"RCB3, LCB3",RCB3,58,LCB3,41,,0,27,1999-02-14,175000,2026-12-31,2,78,0,0.0,0,0.0,12.69,54.55,Kazakhstan,['Kazakhstan'],left,189,81,False,5.77,4.62,25.0,3.46,66.67,0.0,0.0,0.0,4.62,5.71,1.15,1,1.15,0,0.0,0.0,0.0,0,0.0,0.0,0,0.0,0,0.0,0.0,0.0,0.0,0.0,0.0,0.0,0.0,0.0,0.0,0.0,0.0,0.0,2.31,50.0,0.0,0.0,0.0,15.0,1.15,2.31,23.08,60.0,13.85,50.0,2.31,100.0,18.46,75.0,4.62,0.0,22.14,53.37,0.0,0.0,0.0,0.0,0.0,0.0,0.0,3.46,33.33,1.15,0.0,0.0,0.0,0.0,0.0,8.08,28.57,66.67,3.46,0,,0,,0,0.0,0.0,0.0,,,1.15,,3.46,0.0,0.0,0.0,0.0,0,0
M. Birkurmanov,Mansur Birkurmanov,-533169,Kairat A,Zhetysu,https://cdn5.wyscout.com/photos/team/public/g8517_120x120.png,,"RWF, AMF, RCMF",RWF,52,AMF,26,RCMF,14,19,2007-04-04,0,,5,75,0,0.44,0,0.05,20.4,35.29,Kazakhstan,['Kazakhstan'],unknown,0,0,False,7.2,8.4,57.14,4.8,0.0,0.0,0.0,0.0,2.4,5.45,2.4,1,1.2,0,0.0,1.2,0.0,0,0.0,0.53,0,0.0,3,3.6,33.33,0.0,0.0,2.4,0.0,1.2,0.0,1.2,0.0,0.0,1.2,0.0,4.8,25.0,9.6,0.0,0.0,13.2,1.2,1.2,25.2,66.67,6.0,40.0,4.8,100.0,22.8,73.68,0.0,0.0,23.11,0.0,0.06,1.2,0.0,0.0,0.0,0.0,1.2,1.2,100.0,0.0,0.0,0.0,0.0,0.0,0.0,1.2,100.0,85.71,8.4,0,,0,,0,0.0,0.0,0.0,,,0.0,,4.8,0.0,0.0,0.0,0.0,0,0
Asilbek Abdurasulov,Abdirasulov Asilbek Ortik ugli,-829626,Astana,Astana,https://cdn5.wyscout.com/photos/team/public/2405_120x120.png,Premier League,"LW, LAMF",LW,55,LAMF,44,,0,18,2007-09-26,0,,6,75,0,0.13,0,0.14,18.0,46.67,Uzbekistan,['Uzbekistan'],,0,0,False,3.6,3.6,66.67,3.6,66.67,0.0,0.0,0.0,1.2,2.31,1.2,0,0.0,0,0.0,4.8,0.0,0,0.0,0.16,0,0.0,3,3.6,33.33,0.0,0.0,2.4,50.0,2.4,50.0,0.0,0.0,0.0,6.0,40.0,10.8,33.33,6.0,3.6,0.0,34.8,2.4,0.0,38.4,90.63,6.0,60.0,13.2,100.0,34.8,93.1,1.2,100.0,19.08,8.18,0.17,3.6,1.2,0.0,0.0,0.0,2.4,4.8,75.0,4.8,75.0,0.0,0.0,3.6,1.2,7.2,66.67,92.31,15.6,0,,0,,0,0.0,0.0,0.0,,,0.0,,3.6,0.0,0.0,0.0,0.0,0,0
R. Bagdat,Ramazan Bagdat,-320661,,Kaisar,,,"CF, LAMF, AMF",CF,49,LAMF,31,AMF,10,19,2006-10-09,0,,6,74,0,0.16,0,0.0,24.32,40.0,Kazakhstan,['Kazakhstan'],right,184,70,False,4.86,6.08,80.0,8.51,28.57,0.0,0.0,0.0,0.0,0.0,2.43,1,1.22,0,0.0,2.43,0.0,0,0.0,0.19,0,0.0,2,2.43,0.0,0.0,0.0,1.22,0.0,0.0,0.0,1.22,0.0,1.22,3.65,66.67,6.08,40.0,6.08,1.22,0.0,14.59,4.86,2.43,13.38,54.55,3.65,33.33,0.0,0.0,12.16,60.0,0.0,0.0,11.92,0.0,0.0,0.0,0.0,0.0,0.0,0.0,0.0,0.0,0.0,1.22,0.0,0.0,0.0,0.0,0.0,1.22,100.0,60.0,6.08,0,,0,,0,0.0,0.0,0.0,,,0.0,,8.51,0.0,0.0,0.0,0.0,0,0
A. Turganov,Ali Turganov,-323821,Ordabasy,Ordabasy,https://cdn5.wyscout.com/photos/team/public/1363_120x120.png,Premier League,CB,CB,100,,0,,0,22,2004-02-15,0,2026-12-31,1,73,0,0.0,0,0.0,16.03,61.54,Kazakhstan,['Kazakhstan'],right,191,82,False,8.63,12.33,60.0,3.7,66.67,1.23,1.76,0.0,0.0,0.0,3.7,0,0.0,0,0.0,0.0,0.0,0,0.0,0.0,0,0.0,0,0.0,0.0,0.0,0.0,0.0,0.0,0.0,0.0,0.0,0.0,0.0,0.0,0.0,0.0,0.0,0.0,0.0,0.0,33.29,0.0,0.0,44.38,100.0,6.16,100.0,8.63,100.0,44.38,100.0,0.0,0.0,18.66,0.0,0.0,0.0,0.0,0.0,0.0,0.0,0.0,1.23,100.0,0.0,0.0,0.0,0.0,0.0,0.0,1.23,100.0,100.0,25.89,0,,0,,0,0.0,0.0,0.0,,,8.63,,3.7,0.0,0.0,0.0,0.0,0,0
M. Eleukin,Miras Eleukin,-579245,Kyzyl-Zhar,Kyzyl-Zhar,https://cdn5.wyscout.com/photos/team/public/g1367_120x120.png,Premier League,"RWB, LWB",RWB,67,LWB,32,,0,23,2002-11-30,0,,3,73,0,0.0,0,0.0,9.86,37.5,Kazakhstan,['Kazakhstan'],unknown,0,0,False,7.4,2.47,50.0,4.93,50.0,0.0,0.0,1.23,6.16,16.67,4.93,1,1.23,0,0.0,1.23,0.0,0,0.0,0.0,0,0.0,0,0.0,0.0,0.0,0.0,1.23,100.0,0.0,0.0,1.23,100.0,0.0,0.0,0.0,1.23,0.0,0.0,0.0,0.0,16.03,0.0,0.0,24.66,70.0,6.16,80.0,2.47,50.0,20.96,70.59,3.7,66.67,12.44,9.65,0.0,0.0,0.0,0.0,0.0,0.0,0.0,6.16,80.0,1.23,100.0,0.0,0.0,0.0,0.0,4.93,75.0,77.78,11.1,0,,0,,0,0.0,0.0,0.0,,,0.0,,4.93,0.0,0.0,0.0,0.0,0,0
K. Sylla,Keba Sylla,-388390,Caspiy,Caspiy,https://cdn5.wyscout.com/photos/team/public/g3933_120x120.png,Premier League,CF,CF,100,,0,,0,27,1998-09-21,0,2026-12-31,3,71,1,0.59,0,0.0,24.08,21.05,France,['France'],unknown,0,0,False,3.8,3.8,0.0,5.07,25.0,0.0,0.0,0.0,3.8,4.74,6.34,1,1.27,0,0.0,2.54,1.27,1,1.27,0.75,0,0.0,3,3.8,33.33,33.333,0.0,1.27,0.0,1.27,0.0,0.0,0.0,0.0,3.8,33.33,13.94,27.27,3.8,6.34,0.0,15.21,7.61,1.27,16.48,76.92,0.0,0.0,6.34,80.0,15.21,83.33,0.0,0.0,15.81,0.0,0.0,0.0,0.0,0.0,0.0,0.0,0.0,1.27,0.0,1.27,0.0,0.0,0.0,0.0,0.0,2.54,50.0,60.0,6.34,0,,0,,0,0.0,0.0,0.0,,,0.0,,5.07,0.0,0.0,0.0,0.0,0,0
M. Kucheryavyi,Maksym Kucheryavyi,-121560,Caspiy,Caspiy,https://cdn5.wyscout.com/photos/team/public/g3933_120x120.png,Premier League,"AMF, RWF, CF",AMF,52,RWF,24,CF,22,24,2002-05-09,0,2026-12-31,4,71,0,0.03,0,0.04,12.68,30.0,Ukraine,['Ukraine'],left,176,73,False,1.27,2.54,0.0,1.27,0.0,0.0,0.0,1.27,1.27,1.88,0.0,0,0.0,0,0.0,3.8,0.0,0,0.0,0.04,0,0.0,1,1.27,100.0,0.0,0.0,0.0,0.0,0.0,0.0,0.0,0.0,0.0,2.54,100.0,7.61,33.33,2.54,2.54,0.0,16.48,0.0,2.54,25.35,80.0,5.07,50.0,3.8,100.0,22.82,88.89,2.54,0.0,25.94,15.47,0.05,2.54,0.0,0.0,0.0,0.0,0.0,1.27,100.0,1.27,100.0,0.0,0.0,1.27,0.0,3.8,33.33,90.0,12.68,0,,0,,0,0.0,0.0,0.0,,,1.27,,1.27,1.27,1.27,100.0,1.27,0,0
T. Keita,Tidiane Keita,327565,Ordabasy,Ordabasy,https://cdn5.wyscout.com/photos/team/public/1363_120x120.png,Premier League,"RCMF3, AMF, RDMF",RCMF3,28,AMF,26,RDMF,22,29,1996-09-18,350000,2027-12-31,3,71,0,0.0,0,0.0,17.75,35.71,France,"['France', 'Senegal']",right,179,76,False,11.41,6.34,40.0,2.54,50.0,0.0,0.0,0.0,8.87,15.0,2.54,0,0.0,0,0.0,0.0,0.0,0,0.0,0.0,0,0.0,0,0.0,0.0,0.0,0.0,0.0,0.0,0.0,0.0,0.0,0.0,0.0,0.0,0.0,6.34,20.0,0.0,1.27,0.0,17.75,0.0,0.0,40.56,78.13,20.28,56.25,3.8,100.0,38.03,83.33,2.54,0.0,19.17,30.83,0.0,0.0,0.0,0.0,0.0,0.0,0.0,3.8,66.67,2.54,50.0,0.0,0.0,1.27,0.0,8.87,57.14,100.0,8.87,0,,0,,0,0.0,0.0,0.0,,,0.0,,2.54,0.0,0.0,0.0,0.0,0,0
M. Umaniyazov,Miras Umaniyazov,-438537,FK Aktobe Reserve,Zhetysu,https://cdn5.wyscout.com/photos/team/public/g-4441_120x120.png,1. Division,"RCMF, LCMF3, LCMF",RCMF,54,LCMF3,23,LCMF,22,19,2006-09-08,0,2026-12-31,4,69,0,0.02,1,0.0,18.26,35.71,Kazakhstan,['Kazakhstan'],unknown,173,62,False,10.43,13.04,40.0,1.3,0.0,0.0,0.0,0.0,5.22,8.0,2.61,0,0.0,0,0.0,0.0,0.0,0,0.0,0.03,0,0.0,1,1.3,0.0,0.0,1.3,1.3,0.0,0.0,0.0,1.3,0.0,0.0,0.0,0.0,3.91,33.33,1.3,0.0,0.0,20.87,0.0,1.3,32.61,76.0,11.74,66.67,3.91,100.0,27.39,85.71,3.91,33.33,16.33,16.28,0.0,0.0,0.0,0.0,0.0,0.0,1.3,7.83,50.0,3.91,0.0,0.0,0.0,0.0,0.0,5.22,50.0,77.78,11.74,0,,0,,0,0.0,0.0,0.0,,,0.0,,1.3,0.0,0.0,0.0,0.0,0,0
S. Anuarbek,Shyngys Anuarbek,-440394,Zhetysu,Zhetysu,https://cdn5.wyscout.com/photos/team/public/g1364_120x120.png,Premier League,"CF, LW",CF,53,LW,46,,0,21,2005-04-08,0,2026-12-31,4,65,0,0.0,0,0.0,16.62,58.33,Kazakhstan,['Kazakhstan'],unknown,0,0,False,5.54,8.31,66.67,1.38,0.0,0.0,0.0,0.0,0.0,0.0,1.38,0,0.0,0,0.0,1.38,0.0,0,0.0,0.0,0,0.0,0,0.0,0.0,0.0,0.0,1.38,100.0,1.38,100.0,0.0,0.0,0.0,0.0,0.0,4.15,66.67,2.77,0.0,0.0,11.08,0.0,2.77,12.46,66.67,2.77,50.0,1.38,100.0,9.69,71.43,1.38,0.0,15.62,7.21,0.0,0.0,0.0,0.0,0.0,0.0,0.0,0.0,0.0,1.38,100.0,0.0,0.0,0.0,1.38,2.77,50.0,33.33,4.15,0,,0,,0,0.0,0.0,0.0,,,0.0,,1.38,0.0,0.0,0.0,0.0,0,0
D. Dodev,Darko Dodev,387467,,Altay,,,"LCMF3, CF",LCMF3,67,CF,32,,0,28,1998-01-16,150000,,2,61,0,0.0,0,0.0,20.66,42.86,North Macedonia,['North Macedonia'],right,176,0,False,0.0,2.95,0.0,8.85,33.33,0.0,0.0,0.0,0.0,0.0,1.48,0,0.0,0,0.0,1.48,0.0,0,0.0,0.0,0,0.0,0,0.0,0.0,0.0,0.0,0.0,0.0,0.0,0.0,0.0,0.0,0.0,1.48,100.0,7.38,60.0,4.43,2.95,1.48,2.95,0.0,2.95,8.85,66.67,2.95,50.0,0.0,0.0,7.38,80.0,1.48,0.0,6.46,12.37,0.0,0.0,0.0,0.0,0.0,0.0,0.0,1.48,0.0,0.0,0.0,0.0,0.0,1.48,0.0,0.0,0.0,0.0,0.0,0,,0,,0,0.0,0.0,0.0,,,0.0,,8.85,0.0,0.0,0.0,0.0,0,0
S. Khizhnichenko,Sergey Khizhnichenko,81772,Altay,Altay,https://cdn5.wyscout.com/photos/team/public/g36010_120x120.png,Premier League,"CF, LCMF3, LW",CF,52,LCMF3,33,LW,14,34,1991-07-17,0,2026-12-31,4,59,0,0.16,0,0.0,12.2,50.0,Kazakhstan,['Kazakhstan'],right,187,81,False,3.05,3.05,50.0,4.58,66.67,0.0,0.0,0.0,1.53,3.33,1.53,0,0.0,0,0.0,0.0,0.0,0,0.0,0.25,0,0.0,2,3.05,0.0,0.0,0.0,0.0,0.0,0.0,0.0,0.0,0.0,0.0,1.53,0.0,4.58,33.33,7.63,0.0,0.0,10.68,0.0,1.53,18.31,66.67,4.58,66.67,6.1,75.0,18.31,66.67,0.0,0.0,14.7,0.0,0.0,0.0,0.0,0.0,0.0,0.0,0.0,1.53,0.0,1.53,0.0,0.0,0.0,3.05,0.0,1.53,100.0,66.67,4.58,0,,0,,0,0.0,0.0,0.0,,,0.0,,4.58,0.0,0.0,0.0,0.0,0,0
D. Vidić,Dejan Vidić,-92229,Irtysh,Irtysh,https://cdn5.wyscout.com/photos/team/public/1361_120x120.png,Premier League,"CF, LAMF",CF,79,LAMF,20,,0,32,1993-08-10,300000,,2,58,0,0.03,0,0.0,7.76,60.0,Serbia,['Serbia'],left,196,90,False,1.55,0.0,0.0,4.66,66.67,0.0,0.0,0.0,1.55,1.43,0.0,0,0.0,0,0.0,0.0,0.0,0,0.0,0.04,0,0.0,1,1.55,0.0,0.0,0.0,0.0,0.0,0.0,0.0,0.0,0.0,0.0,0.0,0.0,3.1,50.0,3.1,0.0,0.0,4.66,1.55,0.0,10.86,71.43,1.55,0.0,3.1,100.0,10.86,71.43,0.0,0.0,12.87,0.0,0.0,0.0,0.0,0.0,0.0,0.0,1.55,3.1,50.0,0.0,0.0,0.0,0.0,0.0,0.0,0.0,0.0,66.67,4.66,0,,0,,0,0.0,0.0,0.0,,,0.0,,4.66,0.0,0.0,0.0,0.0,0,0
M. Ensebaev,Mokhammed Ensebaev,-407528,Okzhetpes,Okzhetpes,https://cdn5.wyscout.com/photos/team/public/g1363_120x120.png,Premier League,"CF, RWF, RW",CF,39,RWF,33,RW,27,20,2005-10-19,0,,5,46,0,0.2,0,0.0,25.43,46.15,Kazakhstan,['Kazakhstan'],,169,0,False,0.0,1.96,0.0,11.74,66.67,0.0,0.0,0.0,0.0,0.0,5.87,0,0.0,0,0.0,1.96,0.0,0,0.0,0.39,0,0.0,1,1.96,0.0,0.0,0.0,1.96,100.0,0.0,0.0,1.96,100.0,1.96,1.96,0.0,3.91,50.0,3.91,1.96,0.0,13.7,1.96,1.96,11.74,83.33,3.91,100.0,0.0,0.0,9.78,80.0,0.0,0.0,22.36,0.0,0.0,0.0,0.0,0.0,0.0,0.0,0.0,0.0,0.0,3.91,100.0,0.0,0.0,1.96,1.96,3.91,50.0,100.0,3.91,0,,0,,0,0.0,0.0,0.0,,,0.0,,11.74,0.0,0.0,0.0,0.0,0,0
A. Dzhanuzakov,Aslan Dzhanuzakov,290789,Altay,Altay,https://cdn5.wyscout.com/photos/team/public/g36010_120x120.png,Premier League,"RCMF3, LCMF3, RCMF",RCMF3,71,LCMF3,12,RCMF,10,33,1993-01-06,0,2026-12-31,5,45,0,0.0,0,0.0,20.0,40.0,Kazakhstan,['Kazakhstan'],right,170,62,False,10.0,10.0,40.0,4.0,0.0,0.0,0.0,0.0,6.0,10.0,4.0,1,2.0,0,0.0,2.0,0.0,0,0.0,0.0,0,0.0,0,0.0,0.0,0.0,0.0,0.0,0.0,0.0,0.0,0.0,0.0,0.0,2.0,100.0,6.0,66.67,0.0,0.0,0.0,2.0,0.0,4.0,10.0,80.0,2.0,0.0,0.0,0.0,8.0,100.0,2.0,0.0,10.61,5.49,0.0,0.0,0.0,0.0,0.0,0.0,0.0,2.0,0.0,0.0,0.0,0.0,0.0,0.0,0.0,2.0,100.0,100.0,2.0,0,,0,,0,0.0,0.0,0.0,,,0.0,,4.0,0.0,0.0,0.0,0.0,0,0
O. Nurali,Orken Nurali,-438076,Ulytau,Ulytau,https://cdn5.wyscout.com/photos/team/public/g-17974_120x120.png,Premier League,"LAMF, LWF",LAMF,51,LWF,48,,0,20,2005-11-14,0,,2,38,0,0.1,0,0.04,,,Kazakhstan,['Kazakhstan'],unknown,180,70,False,,,,,,,0.0,,,6.67,,0,,0,,,,0,,,0,,1,,,0.0,,,,,,,,,,,,,,,,,,,,,,,,,,,,,13.56,0.0,,,,,,,,,,,,,,,,,,,,0,,0,,0,0.0,0.0,,,,,,,,,,,0,0
D. Maulenov,Daniel Maulenov,-428522,Ulytau,Ulytau,https://cdn5.wyscout.com/photos/team/public/g-17974_120x120.png,Premier League,"LB, RB",LB,84,RB,15,,0,25,2000-08-13,0,2026-12-31,3,38,0,0.0,1,0.31,,,Kazakhstan,['Kazakhstan'],unknown,183,0,False,,,,,,,0.0,,,0.0,,0,,0,,,,0,,,0,,0,,,0.0,,,,,,,,,,,,,,,,,,,,,,,,,,,,,28.64,43.73,,,,,,,,,,,,,,,,,,,,0,,0,,0,0.0,0.0,,,,,,,,,,,0,0
D. Narzildaev,Duman Narzildaev,193749,Turan Turkistan,Kaisar,https://cdn5.wyscout.com/photos/team/public/g-9831_120x120.png,1. Division,RCMF,RCMF,100,,0,,0,32,1993-09-06,200000,2026-12-31,2,37,0,0.01,0,0.0,,,Kazakhstan,['Kazakhstan'],right,178,72,False,,,,,,,0.0,,,3.0,,0,,0,,,,0,,,0,,2,,,0.0,,,,,,,,,,,,,,,,,,,,,,,,,,,,,13.87,0.0,,,,,,,,,,,,,,,,,,,,0,,0,,0,0.0,0.0,,,,,,,,,,,0,0
T. Kurbanov,Timur Kurbanov,-320584,Kyzyl-Zhar,Kyzyl-Zhar,https://cdn5.wyscout.com/photos/team/public/g1367_120x120.png,Premier League,"RAMF, RCMF3, LAMF",RAMF,38,RCMF3,34,LAMF,26,20,2006-06-21,0,2026-12-31,2,37,0,0.0,0,0.14,,,Kazakhstan,['Kazakhstan'],left,177,71,False,,,,,,,0.0,,,0.0,,0,,0,,,,0,,,0,,0,,,0.0,,,,,,,,,,,,,,,,,,,,,,,,,,,,,19.84,20.4,,,,,,,,,,,,,,,,,,,,0,,0,,0,0.0,0.0,,,,,,,,,,,0,0
O. Saylybaev,Oraz Saylybaev,-428154,Altay,Altay,https://cdn5.wyscout.com/photos/team/public/g36010_120x120.png,Premier League,"RWF, RW, RB5",RWF,45,RW,32,RB5,13,26,2000-07-03,0,,4,37,0,0.0,0,0.0,,,Kazakhstan,['Kazakhstan'],unknown,0,0,False,,,,,,,0.0,,,4.29,,0,,0,,,,0,,,0,,0,,,0.0,,,,,,,,,,,,,,,,,,,,,,,,,,,,,10.88,9.05,,,,,,,,,,,,,,,,,,,,0,,0,,0,0.0,0.0,,,,,,,,,,,0,0
F. Prce,Franjo Prce,273292,Petrolul 52,Atyrau,https://cdn5.wyscout.com/photos/team/public/g40043_120x120.png,,RCB3,RCB3,100,,0,,0,30,1996-01-07,200000,2026-12-31,1,36,0,0.0,0,0.0,,,Bosnia and Herzegovina,"['Bosnia and Herzegovina', 'Croatia']",left,185,78,False,,,,,,,0.0,,,0.0,,0,,0,,,,0,,,0,,0,,,0.0,,,,,,,,,,,,,,,,,,,,,,,,,,,,,22.97,57.83,,,,,,,,,,,,,,,,,,,,0,,0,,0,0.0,0.0,,,,,,,,,,,0,0
V. Sadovskiy,Vsevolod Sadovskiy,448932,Okzhetpes,Okzhetpes,https://cdn5.wyscout.com/photos/team/public/g1363_120x120.png,Premier League,CF,CF,100,,0,,0,29,1996-10-04,250000,2026-12-31,2,28,0,0.0,0,0.21,,,Belarus,['Belarus'],right,193,82,False,,,,,,,0.0,,,0.0,,0,,0,,,,0,,,0,,0,,,0.0,,,,,,,,,,,,,,,,,,,,,,,,,,,,,4.24,0.0,,,,,,,,,,,,,,,,,,,,0,,0,,0,0.0,0.0,,,,,,,,,,,0,0
Z. Zhazmoganbelov,Zhaner Zhazmoganbelov,-304429,Caspiy Reserve,Caspiy,https://cdn5.wyscout.com/photos/team/public/g-12127_120x120.png,1. Division,LCMF3,LCMF3,100,,0,,0,20,2005-08-24,0,,1,27,0,0.0,0,0.0,,,Kazakhstan,['Kazakhstan'],,0,0,False,,,,,,,0.0,,,6.0,,0,,0,,,,0,,,0,,0,,,0.0,,,,,,,,,,,,,,,,,,,,,,,,,,,,,9.49,0.0,,,,,,,,,,,,,,,,,,,,0,,0,,0,0.0,0.0,,,,,,,,,,,0,0
Alizhan Baygaliev,Alizhan Baygaliev,-440296,Yelimay Reserve,Yelimay Semey,https://cdn5.wyscout.com/photos/team/public/g-18231_120x120.png,1. Division,"LCMF3, DMF",LCMF3,63,DMF,36,,0,18,2007-09-09,0,2026-12-31,2,25,0,0.0,0,0.0,,,Kazakhstan,['Kazakhstan'],unknown,171,62,False,,,,,,,0.0,,,0.0,,0,,0,,,,0,,,0,,0,,,0.0,,,,,,,,,,,,,,,,,,,,,,,,,,,,,19.4,19.4,,,,,,,,,,,,,,,,,,,,0,,0,,0,0.0,0.0,,,,,,,,,,,0,0
A. Armenov,Almas Armenov,295304,Caspiy,Caspiy,https://cdn5.wyscout.com/photos/team/public/g3933_120x120.png,Premier League,"CF, RCMF3",CF,56,RCMF3,43,,0,34,1992-01-27,0,2026-12-31,2,23,0,0.0,0,0.0,,,Kazakhstan,['Kazakhstan'],,172,69,False,,,,,,,0.0,,,0.0,,0,,0,,,,0,,,0,,0,,,0.0,,,,,,,,,,,,,,,,,,,,,,,,,,,,,0.0,0.0,,,,,,,,,,,,,,,,,,,,0,,0,,0,0.0,0.0,,,,,,,,,,,0,0
S. Takulov,Soslan Takulov,492271,Atyrau,Atyrau,https://cdn5.wyscout.com/photos/team/public/4450_120x120.png,Premier League,CF,CF,100,,0,,0,31,1995-04-28,350000,2026-12-31,2,23,0,0.0,0,0.0,,,Russia,['Russia'],left,185,82,False,,,,,,,0.0,,,0.0,,0,,0,,,,0,,,0,,0,,,0.0,,,,,,,,,,,,,,,,,,,,,,,,,,,,,14.61,0.0,,,,,,,,,,,,,,,,,,,,0,,0,,0,0.0,0.0,,,,,,,,,,,0,0
S. Tanasijević,Strahinja Tanasijević,423572,Yelimay Semey,Yelimay Semey,https://cdn5.wyscout.com/photos/team/public/g-17973_120x120.png,Premier League,RCB3,RCB3,100,,0,,0,29,1997-06-12,500000,2026-12-31,1,23,0,0.0,0,0.0,,,Serbia,['Serbia'],right,183,80,False,,,,,,,0.0,,,8.57,,0,,0,,,,0,,,0,,0,,,0.0,,,,,,,,,,,,,,,,,,,,,,,,,,,,,18.13,0.0,,,,,,,,,,,,,,,,,,,,0,,0,,0,0.0,0.0,,,,,,,,,,,0,0
B. Toktybay,Birzhan Toktybay,-428156,Ordabasy,Ordabasy,https://cdn5.wyscout.com/photos/team/public/1363_120x120.png,Premier League,"RCMF3, LAMF",RCMF3,67,LAMF,32,,0,22,2004-04-28,0,,2,22,0,0.0,0,0.0,,,Kazakhstan,['Kazakhstan'],unknown,0,0,False,,,,,,,0.0,,,0.0,,0,,0,,,,0,,,0,,0,,,0.0,,,,,,,,,,,,,,,,,,,,,,,,,,,,,13.66,0.0,,,,,,,,,,,,,,,,,,,,0,,0,,0,0.0,0.0,,,,,,,,,,,0,0
A. Zinadin,Azamat Zinadin,-427778,Tobol Res.,Tobol,https://cdn5.wyscout.com/photos/team/public/g27930_120x120.png,1. Division,LWF,LWF,100,,0,,0,19,2006-10-09,0,,1,20,0,0.0,0,0.0,,,Kazakhstan,['Kazakhstan'],unknown,0,0,False,,,,,,,0.0,,,30.0,,0,,0,,,,0,,,0,,0,,,0.0,,,,,,,,,,,,,,,,,,,,,,,,,,,,,14.26,0.0,,,,,,,,,,,,,,,,,,,,0,,0,,0,0.0,0.0,,,,,,,,,,,0,0
A. Ulshin,Andrey Ulshin,465883,Shakhtyor Karagandy,Zhenys,https://cdn5.wyscout.com/photos/team/public/1362_120x120.png,1. Division,"RCMF, LWF",RCMF,65,LWF,34,,0,26,2000-04-18,175000,2026-12-31,2,20,0,0.0,0,0.0,,,Kazakhstan,['Kazakhstan'],,183,0,False,,,,,,,30.0,,,0.0,,0,,0,,,,0,,,0,,0,,,0.0,,,,,,,,,,,,,,,,,,,,,,,,,,,,,16.13,12.75,,,,,,,,,,,,,,,,,,,,0,,0,,0,0.0,0.0,,,,,,,,,,,0,0
B. Kamaradinov,Batykhan Kamaradinov,-579002,Zhenys,Zhenys,https://cdn5.wyscout.com/photos/team/public/g-13910_120x120.png,Premier League,CF,CF,100,,0,,0,20,2006-06-13,0,2026-12-31,1,19,0,0.06,0,0.0,,,Kazakhstan,['Kazakhstan'],unknown,0,0,False,,,,,,,0.0,,,0.0,,0,,0,,,,0,,,0,,1,,,0.0,,,,,,,,,,,,,,,,,,,,,,,,,,,,,13.15,0.0,,,,,,,,,,,,,,,,,,,,0,,0,,0,0.0,0.0,,,,,,,,,,,0,0
B. Shaykhov,Berik Shaykhov,154788,Atyrau,Atyrau,https://cdn5.wyscout.com/photos/team/public/4450_120x120.png,Premier League,RWB,RWB,100,,0,,0,32,1994-02-20,150000,2026-12-31,1,19,0,0.0,0,0.0,,,Kazakhstan,['Kazakhstan'],left,170,65,False,,,,,,,0.0,,,12.0,,0,,0,,,,0,,,0,,0,,,0.0,,,,,,,,,,,,,,,,,,,,,,,,,,,,,22.86,17.02,,,,,,,,,,,,,,,,,,,,0,,0,,0,0.0,0.0,,,,,,,,,,,0,0
Asan Baigaliev,Asan Baigaliev,-440297,Yelimay Semey,Yelimay Semey,https://cdn5.wyscout.com/photos/team/public/g-17973_120x120.png,Premier League,"LCMF3, LWB, RCMF3",LCMF3,41,LWB,29,RCMF3,28,18,2007-09-09,0,,3,19,0,0.01,0,0.0,,,Kazakhstan,['Kazakhstan'],unknown,171,61,False,,,,,,,0.0,,,6.0,,0,,0,,,,0,,,0,,1,,,0.0,,,,,,,,,,,,,,,,,,,,,,,,,,,,,11.47,17.46,,,,,,,,,,,,,,,,,,,,0,,0,,0,0.0,0.0,,,,,,,,,,,0,0
N. Toregali,Nuedaulet Toregali,-578490,FK Aktobe Reserve,Aktobe,https://cdn5.wyscout.com/photos/team/public/g-4441_120x120.png,1. Division,"LDMF, RWB",LDMF,73,RWB,26,,0,18,2008-03-24,0,2026-12-31,2,19,0,0.0,0,0.0,,,Kazakhstan,['Kazakhstan'],unknown,0,0,False,,,,,,,30.0,,,0.0,,0,,0,,,,0,,,0,,0,,,0.0,,,,,,,,,,,,,,,,,,,,,,,,,,,,,12.56,0.0,,,,,,,,,,,,,,,,,,,,0,,0,,0,0.0,0.0,,,,,,,,,,,0,0
V. Raskatov,Vyacheslav Raskatov,-323822,Irtysh,Irtysh,https://cdn5.wyscout.com/photos/team/public/1361_120x120.png,Premier League,"RCMF, RDMF",RCMF,62,RDMF,37,,0,21,2004-07-22,0,2026-12-31,2,18,0,0.0,0,0.0,,,Kazakhstan,['Kazakhstan'],,0,0,False,,,,,,,0.0,,,15.0,,0,,0,,,,0,,,0,,0,,,0.0,,,,,,,,,,,,,,,,,,,,,,,,,,,,,15.59,0.0,,,,,,,,,,,,,,,,,,,,0,,0,,0,0.0,0.0,,,,,,,,,,,0,0
A. Teterin,Artem Teterin,-578760,Altay,Altay,https://cdn5.wyscout.com/photos/team/public/g36010_120x120.png,Premier League,LWF,LWF,100,,0,,0,20,2006-03-20,0,,1,17,0,0.0,0,0.0,,,Kazakhstan,['Kazakhstan'],unknown,0,0,False,,,,,,,0.0,,,0.0,,0,,0,,,,0,,,0,,0,,,0.0,,,,,,,,,,,,,,,,,,,,,,,,,,,,,19.78,0.0,,,,,,,,,,,,,,,,,,,,0,,0,,0,0.0,0.0,,,,,,,,,,,0,0
B. Değirmenci,Berat Değirmenci,-819251,Caspiy,Caspiy,https://cdn5.wyscout.com/photos/team/public/g3933_120x120.png,Premier League,RWF,RWF,100,,0,,0,21,2004-11-15,0,,1,16,0,0.15,0,0.0,,,Türkiye,['Türkiye'],right,186,0,False,,,,,,,0.0,,,0.0,,0,,0,,,,0,,,0,,2,,,0.0,,,,,,,,,,,,,,,,,,,,,,,,,,,,,13.84,0.0,,,,,,,,,,,,,,,,,,,,0,,0,,0,0.0,0.0,,,,,,,,,,,0,0
L. Latifi,Liridon Latifi,269806,,Kyzyl-Zhar,,,LAMF,LAMF,100,,0,,0,32,1994-02-06,200000,,1,14,0,0.0,0,0.0,,,Kosovo,"['Kosovo', 'Albania']",right,176,65,False,,,,,,,0.0,,,0.0,,0,,0,,,,0,,,0,,0,,,0.0,,,,,,,,,,,,,,,,,,,,,,,,,,,,,41.75,0.0,,,,,,,,,,,,,,,,,,,,0,,0,,0,0.0,0.0,,,,,,,,,,,0,0
A. Nurgaliev,Adlan Nurgaliev,-437203,Kairat Res.,Kairat,https://cdn5.wyscout.com/photos/team/public/g27717_120x120.png,1. Division,RB,RB,100,,0,,0,19,2007-01-26,0,,1,13,0,0.0,0,0.0,,,Kazakhstan,['Kazakhstan'],unknown,173,69,False,,,,,,,15.0,,,0.0,,1,,0,,,,0,,,0,,0,,,0.0,,,,,,,,,,,,,,,,,,,,,,,,,,,,,28.09,45.71,,,,,,,,,,,,,,,,,,,,0,,0,,0,0.0,0.0,,,,,,,,,,,0,0
B. Shamshi,Beksultan Shamshi,465878,Okzhetpes,Okzhetpes,https://cdn5.wyscout.com/photos/team/public/g1363_120x120.png,Premier League,LCMF,LCMF,100,,0,,0,25,2000-10-08,0,2026-12-31,1,13,0,0.0,0,0.0,,,Kazakhstan,['Kazakhstan'],right,0,0,False,,,,,,,0.0,,,20.0,,0,,0,,,,0,,,0,,0,,,0.0,,,,,,,,,,,,,,,,,,,,,,,,,,,,,12.97,0.0,,,,,,,,,,,,,,,,,,,,0,,0,,0,0.0,0.0,,,,,,,,,,,0,0
G. Loginovskiy,Gleb Loginovskiy,-579233,Kyzyl-Zhar,Kyzyl-Zhar,https://cdn5.wyscout.com/photos/team/public/g1367_120x120.png,Premier League,RCB3,RCB3,100,,0,,0,18,2007-10-04,0,2027-12-31,1,11,0,0.0,0,0.0,,,Kazakhstan,['Kazakhstan'],unknown,0,0,False,,,,,,,0.0,,,0.0,,0,,0,,,,0,,,0,,0,,,0.0,,,,,,,,,,,,,,,,,,,,,,,,,,,,,0.0,0.0,,,,,,,,,,,,,,,,,,,,0,,0,,0,0.0,0.0,,,,,,,,,,,0,0
B. Madelkhan,Bayzhan Madelkhan,-103433,Zhenys,Zhenys,https://cdn5.wyscout.com/photos/team/public/g-13910_120x120.png,Premier League,LWF,LWF,100,,0,,0,24,2002-06-28,125000,2026-12-31,1,11,0,0.0,0,0.0,,,Kazakhstan,['Kazakhstan'],right,173,72,False,,,,,,,0.0,,,0.0,,0,,0,,,,0,,,0,,0,,,0.0,,,,,,,,,,,,,,,,,,,,,,,,,,,,,0.0,0.0,,,,,,,,,,,,,,,,,,,,0,,0,,0,0.0,0.0,,,,,,,,,,,0,0
A. Mukanbetzhanov,Abzal Mukanbetzhanov,-427681,Ulytau,Ulytau,https://cdn5.wyscout.com/photos/team/public/g-17974_120x120.png,Premier League,LW,LW,100,,0,,0,22,2003-08-08,0,,1,6,0,0.0,0,0.0,,,Kazakhstan,['Kazakhstan'],right,182,0,False,,,,,,,0.0,,,0.0,,0,,0,,,,0,,,0,,0,,,0.0,,,,,,,,,,,,,,,,,,,,,,,,,,,,,8.42,0.0,,,,,,,,,,,,,,,,,,,,0,,0,,0,0.0,0.0,,,,,,,,,,,0,0
R. Valikhan,Ruslan Valikhan,-578730,Astana,Astana,https://cdn5.wyscout.com/photos/team/public/2405_120x120.png,Premier League,RW,RW,100,,0,,0,18,2008-01-26,0,,1,3,0,0.0,0,0.0,,,Kazakhstan,['Kazakhstan'],unknown,0,0,False,,,,,,,0.0,,,0.0,,0,,0,,,,0,,,0,,1,,,0.0,,,,,,,,,,,,,,,,,,,,,,,,,,,,,15.9,0.0,,,,,,,,,,,,,,,,,,,,0,,0,,0,0.0,0.0,,,,,,,,,,,0,0
A. Sapargaliev,Almas Sapargaliev,300730,Altay,Altay,https://cdn5.wyscout.com/photos/team/public/g36010_120x120.png,Premier League,LCMF,LCMF,100,,0,,0,32,1993-11-16,0,2026-12-31,1,3,0,0.0,0,0.0,,,Kazakhstan,['Kazakhstan'],right,183,77,False,,,,,,,0.0,,,0.0,,0,,0,,,,0,,,0,,0,,,0.0,,,,,,,,,,,,,,,,,,,,,,,,,,,,,0.0,0.0,,,,,,,,,,,,,,,,,,,,0,,0,,0,0.0,0.0,,,,,,,,,,,0,0
A. Zhilin,Artem Zhilin,-706616,Yelimay Semey,Yelimay Semey,https://cdn5.wyscout.com/photos/team/public/g-17973_120x120.png,Premier League,CF,CF,100,,0,,0,18,2007-09-04,0,2026-12-31,1,2,0,0.0,0,0.0,,,Kazakhstan,['Kazakhstan'],,0,0,False,,,,,,,0.0,,,0.0,,0,,0,,,,0,,,0,,0,,,0.0,,,,,,,,,,,,,,,,,,,,,,,,,,,,,0.0,0.0,,,,,,,,,,,,,,,,,,,,0,,0,,0,0.0,0.0,,,,,,,,,,,0,0
