Player,Full name,Wyscout id,Team,Team within selected timeframe,Team logo,Competition,Position,Primary position,"Primary position, %",Secondary position,"Secondary position, %",Third position,"Third position, %",Age,Birthday,Market value,Contract expires,Matches played,Minutes played,Goals,xG,Assists,xA,Duels per 90,"Duels won, %",Birth country,Passport country,Foot,Height,Weight,On loan,Successful defensive actions per 90,Defensive duels per 90,"Defensive duels won, %",Aerial duels per 90,"Aerial duels won, %",Sliding tackles per 90,PAdj Sliding tackles,Shots blocked per 90,Interceptions per 90,PAdj Interceptions,Fouls per 90,Yellow cards,Yellow cards per 90,Red cards,Red cards per 90,Successful attacking actions per 90,Goals per 90,Non-penalty goals,Non-penalty goals per 90,xG per 90,Head goals,Head goals per 90,Shots,Shots per 90,"Shots on target, %","Goal conversion, %",Assists per 90,Crosses per 90,"Accurate crosses, %",Crosses from left flank per 90,"Accurate crosses from left flank, %",Crosses from right flank per 90,"Accurate crosses from right flank, %",Crosses to goalie box per 90,Dribbles per 90,"Successful dribbles, %",Offensive duels per 90,"Offensive duels won, %",Touches in box per 90,Progressive runs per 90,Accelerations per 90,Received passes per 90,Received long passes per 90,Fouls suffered per 90,Passes per 90,"Accurate passes, %",Forward passes per 90,"Accurate forward passes, %",Back passes per 90,"Accurate back passes, %",Short / medium passes per 90,"Accurate short / medium passes, %",Long passes per 90,"Accurate long passes, %","Average pass length, m","Average long pass length, m",xA per 90,Shot assists per 90,Second assists per 90,Third assists per 90,Smart passes per 90,"Accurate smart passes, %",Key passes per 90,Passes to final third per 90,"Accurate passes to final third, %",Passes to penalty area per 90,"Accurate passes to penalty area, %",Through passes per 90,"Accurate through passes, %",Deep completions per 90,Deep completed crosses per 90,Progressive passes per 90,"Accurate progressive passes, %","Accurate vertical passes, %",Vertical passes per 90,Conceded goals,Conceded goals per 90,Shots against,Shots against per 90,Clean sheets,"Save rate, %",xG against,xG against per 90,Prevented goals,Prevented goals per 90,Back passes received as GK per 90,Exits per 90,Aerial duels per 90,Free kicks per 90,Direct free kicks per 90,"Direct free kicks on target, %",Corners per 90,Penalties taken,"Penalty conversion, %"
J. Azzopardi,Jake Azzopardi,-336553,Valletta,Valletta,https://cdn5.wyscout.com/photos/team/public/2007_120x120.png,Premier League,"RCMF, LCMF, LW",RCMF,54,LCMF,28,LW,12,20.0,2006-02-13,0,2029-06-30,4,411,0,0.38,0,0.48,10.73,40.82,Malta,['Malta'],right,0,0,False,7.66,4.6,52.38,1.53,28.57,0.88,1.5,0.66,4.38,7.5,1.09,1,0.22,0,0.0,0.44,0.0,0,0.0,0.08,0,0.0,3,0.66,33.33,0.0,0.0,0.22,100.0,0.0,0.0,0.22,100.0,0.0,0.44,0.0,4.16,26.32,0.66,1.09,0.0,21.24,0.22,0.88,28.47,73.85,11.17,50.98,5.26,91.67,24.09,79.09,4.16,42.11,18.5,28.59,0.1,0.66,0.0,0.0,0.0,0.0,0.22,5.47,64.0,1.75,37.5,0.44,0.0,0.44,0.22,5.04,78.26,91.43,7.66,0,,0,,0,0.0,0.0,0.0,,,0.66,,1.53,0.0,0.0,0.0,0.0,0,0
M. Mbende,Moise Emmanuel Mbende,308245,Valletta,Valletta,https://cdn5.wyscout.com/photos/team/public/2007_120x120.png,Premier League,RCB,RCB,92,,0,,0,30.0,1996-03-03,250000,,4,411,1,0.47000000000000003,0,0.1,7.88,52.78,Cameroon,"['Cameroon', 'Germany']",right,196,98,False,6.35,2.63,66.67,2.63,58.33,0.0,0.0,0.66,4.6,7.88,1.53,0,0.0,0,0.0,0.44,0.22,1,0.22,0.1,0,0.0,2,0.44,100.0,50.0,0.0,0.0,0.0,0.0,0.0,0.0,0.0,0.0,0.44,0.0,1.09,40.0,0.88,0.44,0.0,30.22,0.44,0.0,42.92,87.76,15.33,75.71,2.85,100.0,38.32,93.14,4.6,42.86,21.82,39.56,0.02,0.44,0.0,0.0,0.0,0.0,0.0,5.26,54.17,0.44,0.0,0.66,0.0,0.22,0.0,5.91,70.37,94.12,22.34,0,,0,,0,0.0,0.0,0.0,,,1.97,,2.63,0.0,0.0,0.0,0.0,0,0
Adilson Maringá,Adilson Aguero dos Santos,333302,Valletta,Valletta,https://cdn5.wyscout.com/photos/team/public/2007_120x120.png,Premier League,GK,GK,100,,0,,0,36.0,1990-08-22,250000,2027-06-30,4,411,0,0.0,0,0.0,0.88,75.0,Brazil,['Brazil'],right,194,89,False,1.31,0.22,0.0,0.44,100.0,0.0,0.0,0.0,1.31,2.25,0.22,1,0.22,0,0.0,0.0,0.0,0,0.0,0.0,0,0.0,0,0.0,0.0,0.0,0.0,0.0,0.0,0.0,0.0,0.0,0.0,0.0,0.0,0.0,0.22,100.0,0.0,0.22,0.0,7.45,0.0,0.44,14.23,78.46,9.64,68.18,0.0,0.0,8.76,92.5,5.47,56.0,32.74,49.86,0.0,0.0,0.0,0.0,0.0,0.0,0.0,1.75,25.0,0.22,100.0,0.22,100.0,0.22,0.0,3.7199999999999998,76.47,100.0,4.16,4,0.88,8,1.75,2,50.0,2.89,0.63,-1.11,-0.243,0.0,1.09,0.44,,,,0.0,0,0
Joseph Mbong,Joseph Essien Mbong,340391,Hibernians,Hibernians,https://cdn5.wyscout.com/photos/team/public/2009_120x120.png,Premier League,"RW, CF, RAMF",RW,55,CF,29,RAMF,15,29.0,1997-07-15,300000,,4,411,0,0.25,0,0.5,21.02,44.79,Nigeria,"['Nigeria', 'Malta']",right,173,73,False,5.47,5.91,55.56,3.5,25.0,0.0,0.0,0.44,2.19,2.91,1.09,0,0.0,0,0.0,1.75,0.0,0,0.0,0.05,0,0.0,2,0.44,50.0,0.0,0.0,2.85,23.08,0.44,50.0,2.41,18.18,1.09,2.41,36.36,10.07,41.3,2.63,1.53,0.22,11.17,2.19,1.75,19.93,68.13,4.82,59.09,4.38,90.0,14.67,79.1,2.41,54.55,19.17,30.75,0.11,0.88,0.0,0.0,0.22,0.0,0.44,2.19,80.0,2.41,54.55,0.22,0.0,0.66,0.88,4.16,57.89,62.07,6.35,0,,0,,0,0.0,0.0,0.0,,,0.0,,3.5,0.22,0.0,0.0,0.0,0,0
Kurt Shaw,Kurt Shaw,415883,Hibernians,Hibernians,https://cdn5.wyscout.com/photos/team/public/2009_120x120.png,Premier League,"RCB, RCB3, CB",RCB,70,RCB3,17,CB,12,27.0,1999-04-01,300000,,4,411,0,0.1,0,0.0,14.45,65.15,Malta,['Malta'],both,188,79,False,7.45,6.13,64.29,5.69,69.23,0.0,0.0,1.53,3.5,4.66,0.66,0,0.0,0,0.0,0.44,0.0,0,0.0,0.02,0,0.0,4,0.88,25.0,0.0,0.0,0.22,0.0,0.0,0.0,0.22,0.0,0.0,0.22,100.0,1.75,62.5,0.88,0.22,0.0,20.8,0.22,1.09,33.94,80.0,10.51,52.08,2.85,100.0,29.12,89.47,4.6,23.81,23.91,46.28,0.0,0.0,0.0,0.0,0.0,0.0,0.0,3.07,14.29,1.31,16.67,0.66,0.0,0.22,0.0,4.6,52.38,94.94,17.3,0,,0,,0,0.0,0.0,0.0,,,1.75,,5.69,0.0,0.0,0.0,0.0,0,0
Leandro Lacunza,Leandro Lautaro Lacunza,444476,Hibernians,Hibernians,https://cdn5.wyscout.com/photos/team/public/2009_120x120.png,Premier League,"RB, RB5, RCB3",RB,70,RB5,17,RCB3,12,29.0,1997-07-24,25000,2027-06-30,4,411,0,0.01,0,0.06,17.08,64.1,Argentina,['Argentina'],right,176,75,False,10.51,9.64,70.45,1.75,37.5,0.44,0.58,0.22,3.2800000000000002,4.37,2.63,1,0.22,0,0.0,2.19,0.0,0,0.0,0.0,0,0.0,1,0.22,0.0,0.0,0.0,2.63,16.67,0.0,0.0,2.63,16.67,0.22,1.97,88.89,5.04,65.22,0.22,2.41,0.44,21.9,0.88,1.53,32.19,74.83,15.33,68.57,3.7199999999999998,100.0,22.55,89.32,7.01,50.0,25.52,38.61,0.01,0.66,0.0,0.22,0.0,0.0,0.0,6.35,65.52,2.19,10.0,0.44,0.0,0.0,0.22,9.64,72.73,77.5,8.76,0,,0,,0,0.0,0.0,0.0,,,0.44,,1.75,0.0,0.0,0.0,0.0,0,0
Matteo Cardinali,Matteo Cardinali,509554,Hibernians,Hibernians,https://cdn5.wyscout.com/photos/team/public/2009_120x120.png,Premier League,GK,GK,100,,0,,0,25.0,2001-06-28,250000,,4,411,0,0.0,0,0.0,0.22,100.0,Italy,['Italy'],right,190,79,False,0.66,0.0,0.0,0.22,100.0,0.0,0.0,0.0,0.66,0.87,0.0,0,0.0,0,0.0,0.0,0.0,0,0.0,0.0,0,0.0,0,0.0,0.0,0.0,0.0,0.0,0.0,0.0,0.0,0.0,0.0,0.0,0.0,0.0,0.0,0.0,0.0,0.0,0.0,7.88,0.22,0.0,13.36,81.97,7.23,69.7,0.0,0.0,9.42,97.67,3.94,44.44,28.6,48.21,0.0,0.0,0.0,0.0,0.0,0.0,0.0,0.66,33.33,0.0,0.0,0.0,0.0,0.0,0.0,3.2800000000000002,40.0,96.3,5.91,4,0.88,20,4.38,1,80.0,3.84,0.84,-0.16,-0.035,0.0,1.97,0.22,,,,0.0,0,0
Olivier N'Zi,Yao Olivier Juslin N'Zi,-116920,Hibernians,Hibernians,https://cdn5.wyscout.com/photos/team/public/2009_120x120.png,Premier League,"LCB, LCB3",LCB,71,LCB3,28,,0,25.0,2000-12-20,175000,2027-06-30,4,400,0,0.09,0,0.01,12.15,57.41,Côte d'Ivoire,"[""Côte d'Ivoire""]",left,193,89,False,9.68,6.98,64.52,3.38,46.67,0.0,0.0,1.13,5.18,6.83,1.35,2,0.45,0,0.0,0.0,0.0,0,0.0,0.02,0,0.0,1,0.23,0.0,0.0,0.0,0.23,0.0,0.23,0.0,0.0,0.0,0.0,0.0,0.0,0.23,100.0,0.68,0.0,0.0,20.7,0.45,0.0,33.75,82.67,15.08,67.16,1.13,100.0,26.78,92.44,6.75,46.67,23.91,42.24,0.0,0.23,0.0,0.0,0.0,0.0,0.0,4.28,63.16,0.23,0.0,0.23,0.0,0.0,0.0,7.43,54.55,93.94,14.85,0,,0,,0,0.0,0.0,0.0,,,1.13,,3.38,0.0,0.0,0.0,0.0,0,0
Bjorn Kristensen,Bjorn Kristensen,158531,Hibernians,Hibernians,https://cdn5.wyscout.com/photos/team/public/2009_120x120.png,Premier League,"DMF, LCMF, CB",DMF,55,LCMF,25,CB,18,33.0,1993-04-05,250000,,4,393,0,0.12,0,0.03,10.99,60.42,Malta,"['Malta', 'Denmark']",right,181,80,False,8.47,5.73,72.0,3.21,57.14,0.0,0.0,0.23,4.35,5.7,0.6900000000000001,0,0.0,0,0.0,0.0,0.0,0,0.0,0.03,0,0.0,4,0.92,0.0,0.0,0.0,0.0,0.0,0.0,0.0,0.0,0.0,0.0,0.46,0.0,1.6,28.57,0.23,0.92,0.0,23.13,0.46,0.92,44.2,84.46,22.44,75.51,2.75,100.0,33.89,89.86,10.31,66.67,25.29,43.29,0.01,0.46,0.23,0.0,0.23,0.0,0.0,11.22,65.31,1.15,40.0,0.92,0.0,0.46,0.0,11.22,85.71,92.75,15.8,0,,0,,0,0.0,0.0,0.0,,,1.15,,3.21,0.0,0.0,0.0,0.0,0,0
D. Abela,Deacon Abela,-221416,Gzira United,Gzira United,https://cdn5.wyscout.com/photos/team/public/g14354_120x120.png,Premier League,RCB,RCB,94,,0,,0,21.0,2004-09-23,0,2028-06-30,4,392,0,0.14,0,0.0,13.09,59.65,Malta,['Malta'],,0,0,False,8.04,8.04,68.57,1.8399999999999999,37.5,0.0,0.0,0.6900000000000001,2.5300000000000002,3.11,1.15,1,0.23,0,0.0,0.0,0.0,0,0.0,0.03,0,0.0,1,0.23,0.0,0.0,0.0,0.0,0.0,0.0,0.0,0.0,0.0,0.0,0.0,0.0,1.15,60.0,0.23,0.6900000000000001,0.0,23.42,0.23,0.46,33.06,90.97,14.23,82.26,0.92,100.0,29.16,95.28,3.9,58.82,21.64,38.19,0.0,0.0,0.0,0.0,0.0,0.0,0.0,2.76,66.67,0.0,0.0,0.23,100.0,0.0,0.0,5.05,63.64,97.06,15.61,0,,0,,0,0.0,0.0,0.0,,,0.46,,1.8399999999999999,0.0,0.0,0.0,0.0,0,0
G. Romano,Gastón Manuel Romano,-152088,Floriana,Floriana,https://cdn5.wyscout.com/photos/team/public/2014_120x120.png,Premier League,"LCMF, LDMF",LCMF,56,LDMF,42,,0,28.0,1998-05-25,300000,2027-06-30,4,389,0,0.19,0,0.12,11.57,52.0,Argentina,"['Argentina', 'Italy']",right,178,66,False,6.71,6.25,55.56,0.46,50.0,0.46,0.67,0.0,2.7800000000000002,4.04,1.62,0,0.0,0,0.0,0.46,0.0,0,0.0,0.04,0,0.0,5,1.16,0.0,0.0,0.0,0.0,0.0,0.0,0.0,0.0,0.0,0.0,0.46,100.0,3.47,46.67,0.46,0.6900000000000001,0.23,45.35,0.0,1.3900000000000001,54.37,91.91,15.96,88.41,7.4,100.0,52.06,93.33,2.31,60.0,17.1,20.03,0.03,0.6900000000000001,0.23,0.23,0.0,0.0,0.23,7.87,91.18,0.6900000000000001,33.33,0.23,0.0,0.46,0.0,6.94,86.67,92.38,24.29,0,,0,,0,0.0,0.0,0.0,,,0.6900000000000001,,0.46,0.0,0.0,0.0,0.0,0,0
O. Spiteri,Owen Spiteri,-104934,Floriana,Floriana,https://cdn5.wyscout.com/photos/team/public/2014_120x120.png,Premier League,RCB,RCB,100,,0,,0,23.0,2002-11-02,250000,2028-06-30,4,389,0,0.08,0,0.0,9.02,46.15,Malta,['Malta'],right,0,0,False,6.02,4.4,57.89,2.54,27.27,0.23,0.34,0.46,3.24,4.72,0.6900000000000001,2,0.46,0,0.0,0.23,0.0,0,0.0,0.02,0,0.0,1,0.23,0.0,0.0,0.0,0.0,0.0,0.0,0.0,0.0,0.0,0.0,0.23,100.0,1.16,60.0,0.46,1.16,0.0,49.05,0.23,0.46,60.39,95.4,20.13,89.66,3.7,93.75,57.61,96.79,2.7800000000000002,66.67,19.21,37.2,0.0,0.0,0.0,0.0,0.0,0.0,0.0,4.4,89.47,0.23,0.0,0.0,0.0,0.0,0.0,8.33,77.78,99.25,31.0,0,,0,,0,0.0,0.0,0.0,,,3.24,,2.54,0.0,0.0,0.0,0.0,0,0
C. Zammit Lonardelli,Carlo Zammit Lonardelli,518868,Floriana,Floriana,https://cdn5.wyscout.com/photos/team/public/2014_120x120.png,Premier League,RB,RB,100,,0,,0,25.0,2001-04-29,0,2028-05-30,4,387,1,0.21,0,0.06,15.35,45.45,Malta,"['Malta', 'Italy']",right,181,74,False,8.37,6.98,43.33,2.79,41.67,0.23,0.34,0.0,5.12,7.5,1.63,0,0.0,0,0.0,2.79,0.23,1,0.23,0.05,0,0.0,5,1.16,40.0,20.0,0.0,1.8599999999999999,62.5,0.23,0.0,1.63,71.43,0.0,2.09,55.56,3.49,46.67,1.4,1.16,0.0,38.37,1.4,1.4,46.28,83.92,17.44,72.0,9.3,97.5,39.77,89.47,4.88,47.62,19.48,40.22,0.01,0.7000000000000001,0.0,0.0,0.0,0.0,0.0,6.74,65.52,3.49,53.33,0.23,0.0,0.93,0.93,9.53,63.41,85.48,14.42,0,,0,,0,0.0,0.0,0.0,,,1.16,,2.79,0.23,0.0,0.0,0.0,0,0
Francisco Saldanha,Francisco Saldanha de Morais,-55951,Gzira United,Gzira United,https://cdn5.wyscout.com/photos/team/public/g14354_120x120.png,Premier League,DMF,DMF,91,,0,,0,25.0,2001-03-19,0,2027-06-30,4,379,0,0.0,0,0.12,9.74,56.1,Portugal,['Portugal'],right,176,70,False,7.6,5.7,50.0,1.9,50.0,0.47000000000000003,0.58,0.71,4.27,5.24,1.42,0,0.0,0,0.0,0.0,0.0,0,0.0,0.0,0,0.0,1,0.24,0.0,0.0,0.0,0.24,0.0,0.24,0.0,0.0,0.0,0.0,0.0,0.0,1.19,80.0,0.47000000000000003,1.6600000000000001,0.47000000000000003,26.6,0.24,1.19,37.76,89.94,10.21,72.09,6.65,96.43,35.15,93.24,2.37,50.0,19.16,23.67,0.03,0.71,0.0,0.0,0.0,0.0,0.0,4.99,61.9,0.47000000000000003,0.0,0.24,0.0,0.24,0.0,4.27,72.22,95.71,16.62,0,,0,,0,0.0,0.0,0.0,,,1.9,,1.9,0.47000000000000003,0.0,0.0,0.71,0,0
A. Pllana,Albion Pllana,-102632,Gzira United,Gzira United,https://cdn5.wyscout.com/photos/team/public/g14354_120x120.png,Premier League,"RB, LB",RB,66,LB,21,,0,26.0,2000-08-20,0,,4,374,0,0.05,0,0.16,17.09,43.66,Kosovo,['Kosovo'],,0,0,False,8.18,9.87,41.46,1.6800000000000002,57.14,1.2,1.47,0.0,2.89,3.5300000000000002,3.13,3,0.72,0,0.0,1.2,0.0,0,0.0,0.01,0,0.0,2,0.48,0.0,0.0,0.0,3.13,23.08,0.96,0.0,2.17,33.33,0.96,1.9300000000000002,25.0,4.57,36.84,0.72,1.6800000000000002,0.24,18.05,2.89,1.2,26.95,58.93,13.48,50.0,1.6800000000000002,71.43,20.94,66.67,2.89,41.67,21.46,45.47,0.04,0.24,0.0,0.0,0.0,0.0,0.24,5.53,52.17,2.41,30.0,0.24,100.0,0.24,0.72,7.7,65.63,67.57,8.9,0,,0,,0,0.0,0.0,0.0,,,0.0,,1.6800000000000002,0.0,0.0,0.0,0.0,0,0
Moritz Römling,Moritz Römling,-46580,Hibernians,Hibernians,https://cdn5.wyscout.com/photos/team/public/2009_120x120.png,Premier League,"LB, LB5, LWB",LB,66,LB5,19,LWB,10,25.0,2001-04-30,150000,2027-06-30,4,368,0,0.34,1,1.21,12.96,62.26,Germany,['Germany'],left,186,76,False,10.76,7.83,68.75,2.93,66.67,0.73,0.9400000000000001,0.24,4.65,5.94,0.98,2,0.49,0,0.0,2.2,0.0,0,0.0,0.08,0,0.0,2,0.49,0.0,0.0,0.24,2.93,50.0,2.93,50.0,0.0,0.0,0.49,0.98,75.0,1.71,42.86,1.71,0.98,0.0,18.1,1.96,0.0,24.95,65.69,11.25,54.35,3.67,73.33,15.16,75.81,7.09,48.28,26.16,40.17,0.30000000000000004,1.96,0.0,0.0,0.0,0.0,0.73,3.67,53.33,2.45,40.0,0.0,0.0,0.49,1.96,8.07,66.67,74.29,8.56,0,,0,,0,0.0,0.0,0.0,,,0.49,,2.93,1.22,0.0,0.0,1.71,0,0
P. Mbong,Paul Mbong,518872,Floriana,Floriana,https://cdn5.wyscout.com/photos/team/public/2014_120x120.png,Premier League,"LW, LAMF",LW,51,LAMF,45,,0,25.0,2001-09-02,250000,2027-06-30,4,364,2,2.62,1,1.62,15.82,43.75,Malta,"['Malta', 'Nigeria']",right,175,70,False,2.47,2.9699999999999998,41.67,1.24,40.0,0.0,0.0,0.0,1.24,1.83,0.99,0,0.0,0,0.0,3.96,0.49,0,0.0,0.65,0,0.0,8,1.98,62.5,25.0,0.25,2.23,44.44,1.24,20.0,0.99,75.0,0.25,4.2,41.18,9.89,47.5,3.46,3.46,0.25,29.92,1.98,3.21,34.62,81.43,7.91,65.63,10.38,95.24,30.41,86.18,2.23,44.44,18.83,36.52,0.4,3.21,0.25,0.0,0.25,0.0,0.99,4.2,58.82,2.9699999999999998,58.33,0.99,0.0,1.73,1.24,5.19,71.43,82.5,9.89,0,,0,,0,0.0,0.0,0.0,,,0.0,,1.24,0.25,0.0,0.0,4.45,2,100
S. Radić,Sava Radić,385235,Valletta,Valletta,https://cdn5.wyscout.com/photos/team/public/2007_120x120.png,Premier League,RB,RB,91,,0,,0,28.0,1998-03-04,350000,2027-06-30,4,362,0,0.05,1,0.5700000000000001,13.43,59.26,Serbia,['Serbia'],right,181,71,False,7.71,4.48,44.44,3.98,68.75,0.25,0.43,0.0,5.47,9.43,1.24,1,0.25,0,0.0,0.5,0.0,0,0.0,0.01,0,0.0,2,0.5,0.0,0.0,0.25,0.5,50.0,0.0,0.0,0.5,50.0,0.0,0.5,50.0,3.48,57.14,0.75,0.5,0.0,22.87,0.75,1.49,32.82,85.61,13.43,79.63,1.99,100.0,29.34,89.83,2.98,50.0,18.38,29.71,0.14,0.75,0.0,0.0,0.0,0.0,0.5,4.97,75.0,1.49,50.0,0.25,100.0,0.75,0.25,5.47,77.27,94.34,13.18,0,,0,,0,0.0,0.0,0.0,,,0.25,,3.98,0.0,0.0,0.0,0.0,0,0
T. Gudelj,Tomislav  Gudelj,509083,Floriana,Floriana,https://cdn5.wyscout.com/photos/team/public/2014_120x120.png,Premier League,CF,CF,100,,0,,0,28.0,1998-05-01,0,2027-06-30,4,362,3,4.09,0,0.07,11.19,35.56,Croatia,['Croatia'],,0,0,False,2.24,1.74,42.86,2.98,25.0,0.0,0.0,0.0,1.49,2.22,0.5,1,0.25,0,0.0,3.73,0.75,3,0.75,1.02,0,0.0,18,4.48,44.44,16.667,0.0,0.5,50.0,0.25,100.0,0.25,0.0,0.0,1.74,85.71,4.97,40.0,4.97,1.24,0.0,10.44,1.49,0.25,12.68,72.55,1.74,57.14,5.72,78.26,11.93,75.0,0.25,0.0,16.99,12.87,0.02,0.25,0.0,0.0,0.0,0.0,0.25,0.99,100.0,0.5,100.0,0.0,0.0,0.25,0.25,1.99,50.0,80.0,3.73,0,,0,,0,0.0,0.0,0.0,,,0.0,,2.98,0.0,0.0,0.0,0.0,0,0
Jamie Wähling,Jamie  Wähling,-294960,Hibernians,Hibernians,https://cdn5.wyscout.com/photos/team/public/2009_120x120.png,Premier League,"RCMF3, RCMF",RCMF3,42,RCMF,42,,0,20.0,2006-08-06,0,2027-06-30,4,359,1,1.24,0,0.25,11.28,37.78,Germany,"['Germany', 'England']",right,184,70,False,5.77,5.01,55.0,1.25,20.0,0.25,0.32,0.0,2.76,3.47,0.75,2,0.5,0,0.0,1.5,0.25,1,0.25,0.31,0,0.0,8,2.01,50.0,12.5,0.0,1.5,16.67,0.0,0.0,1.5,16.67,0.25,1.75,14.29,4.51,22.22,2.01,0.5,0.0,13.04,1.0,0.5,19.05,72.37,7.02,57.14,3.26,92.31,13.54,85.19,4.01,50.0,23.13,28.02,0.06,0.25,0.0,0.0,0.0,0.0,0.25,4.76,57.89,1.75,42.86,1.25,80.0,0.5,0.25,4.51,77.78,76.19,5.26,0,,0,,0,0.0,0.0,0.0,,,0.25,,1.25,0.25,0.25,0.0,0.0,0,0
Thaylor,Brian Thaylor Lubanzadio Aldama,310497,Valletta,Valletta,https://cdn5.wyscout.com/photos/team/public/2007_120x120.png,Premier League,RW,RW,100,,0,,0,32.0,1994-02-27,250000,2027-06-30,4,355,1,0.76,0,0.26,18.25,51.39,Spain,"['Spain', 'Angola']",right,180,70,False,3.8,3.3,53.85,1.01,25.0,0.25,0.45,0.0,1.77,3.13,1.01,1,0.25,0,0.0,5.58,0.25,1,0.25,0.19,0,0.0,3,0.76,66.67,33.333,0.0,4.5600000000000005,33.33,0.0,0.0,4.31,35.29,0.76,5.58,63.64,12.93,50.98,2.03,3.3,0.25,21.55,3.3,3.3,25.86,71.57,3.8,80.0,6.34,92.0,20.54,81.48,1.01,50.0,18.56,15.85,0.07,0.51,0.0,0.25,0.0,0.0,0.25,1.52,100.0,3.55,42.86,0.0,0.0,0.51,1.52,4.06,87.5,60.0,8.87,0,,0,,0,0.0,0.0,0.0,,,0.51,,1.01,0.0,0.0,0.0,0.0,0,0
Maxuell,Maxuell Maia da Silva,226125,Gzira United,Gzira United,https://cdn5.wyscout.com/photos/team/public/g14354_120x120.png,Premier League,"CF, LWF",CF,64,LWF,19,,0,34.0,1991-09-30,125000,,4,354,1,0.71,1,0.07,19.07,37.33,Brazil,['Brazil'],right,182,74,False,2.29,2.03,50.0,7.88,51.61,0.0,0.0,0.0,1.27,1.55,0.51,2,0.51,0,0.0,1.02,0.25,1,0.25,0.18,0,0.0,7,1.78,14.29,14.286,0.25,1.53,16.67,0.51,50.0,1.02,0.0,0.0,1.53,33.33,6.61,23.08,2.03,1.02,0.25,8.9,2.29,1.78,12.71,58.0,3.05,33.33,4.83,89.47,10.93,65.12,0.51,50.0,18.85,25.85,0.02,0.25,0.0,0.0,0.0,0.0,0.25,1.02,50.0,2.29,22.22,0.0,0.0,0.51,0.0,1.27,80.0,45.45,2.8,0,,0,,0,0.0,0.0,0.0,,,0.0,,7.88,0.0,0.0,0.0,0.0,0,0
D. Xuereb,David Xuereb,385301,Gzira United,Gzira United,https://cdn5.wyscout.com/photos/team/public/g14354_120x120.png,Premier League,"LCMF, RB, LCMF3",LCMF,47,RB,26,LCMF3,19,28.0,1998-03-30,100000,2028-06-30,4,350,0,0.31,0,0.39,12.09,51.06,Malta,['Malta'],right,0,0,False,5.66,6.43,52.0,2.5700000000000003,60.0,0.26,0.31,0.0,2.06,2.45,1.29,0,0.0,0,0.0,1.03,0.0,0,0.0,0.08,0,0.0,1,0.26,100.0,0.0,0.0,0.51,50.0,0.26,0.0,0.26,100.0,0.0,0.77,66.67,2.31,33.33,0.77,0.51,0.0,10.54,0.0,0.26,23.66,73.91,11.31,70.45,3.6,100.0,20.57,78.75,2.5700000000000003,40.0,18.75,39.21,0.1,0.51,0.26,0.0,0.0,0.0,0.26,4.11,68.75,0.51,50.0,0.26,100.0,0.0,0.26,5.66,59.09,59.09,5.66,0,,0,,0,0.0,0.0,0.0,,,0.77,,2.5700000000000003,0.0,0.0,0.0,0.0,0,0
M. Ellul,Matthias Ellul,-370980,Valletta,Valletta,https://cdn5.wyscout.com/photos/team/public/2007_120x120.png,Premier League,"LB, LCB",LB,61,LCB,34,,0,21.0,2004-12-03,0,,4,346,0,0.0,0,0.0,12.75,46.94,Malta,['Malta'],left,178,67,False,7.28,7.02,51.85,1.82,42.86,0.26,0.45,0.0,3.38,5.91,1.56,1,0.26,0,0.0,0.0,0.0,0,0.0,0.0,0,0.0,0,0.0,0.0,0.0,0.0,0.26,0.0,0.26,0.0,0.0,0.0,0.0,0.0,0.0,2.08,37.5,0.0,1.3,0.0,29.13,1.04,0.26,40.58,89.1,18.21,81.43,4.94,89.47,37.72,92.41,2.6,50.0,17.49,42.27,0.0,0.0,0.0,0.0,0.0,0.0,0.0,3.12,58.33,0.52,0.0,0.0,0.0,0.0,0.0,5.72,77.27,97.83,11.97,0,,0,,0,0.0,0.0,0.0,,,1.04,,1.82,0.0,0.0,0.0,0.0,0,0
B. Borg,Brooklyn Borg,-152321,Gzira United,Gzira United,https://cdn5.wyscout.com/photos/team/public/g14354_120x120.png,Premier League,"LW, CF, LWF",LW,38,CF,33,LWF,26,22.0,2004-01-08,0,2030-06-30,4,344,1,1.2,0,0.11,14.39,50.91,Malta,['Malta'],right,0,0,False,3.4,3.66,57.14,1.57,16.67,0.0,0.0,0.26,1.31,1.65,0.52,0,0.0,0,0.0,2.62,0.26,1,0.26,0.31,0,0.0,11,2.88,36.36,9.091,0.0,0.52,0.0,0.52,0.0,0.0,0.0,0.0,2.35,66.67,7.59,51.72,2.88,2.62,1.05,13.6,1.83,1.31,19.36,75.68,7.33,67.86,5.23,95.0,18.05,78.26,0.78,66.67,16.9,18.38,0.03,0.78,0.0,0.0,0.52,0.0,0.26,2.88,72.73,1.57,16.67,0.52,0.0,0.78,0.0,3.14,66.67,53.33,3.92,0,,0,,0,0.0,0.0,0.0,,,0.52,,1.57,0.26,0.0,0.0,0.0,0,0
M. Beerman,Myles Beerman,340385,Floriana,Floriana,https://cdn5.wyscout.com/photos/team/public/2014_120x120.png,Premier League,LB,LB,100,,0,,0,27.0,1999-03-13,300000,,4,342,1,0.12,0,0.37,11.32,48.84,Malta,"['Malta', 'England']",left,177,66,False,8.16,5.53,61.9,0.53,50.0,0.53,0.77,0.26,4.21,6.15,0.79,2,0.53,0,0.0,2.89,0.26,1,0.26,0.03,0,0.0,3,0.79,66.67,33.333,0.0,1.58,66.67,1.58,66.67,0.0,0.0,0.0,1.58,83.33,4.21,31.25,1.05,1.8399999999999999,0.0,32.63,2.37,0.26,43.68,83.73,15.0,70.18,9.47,100.0,38.95,86.49,3.16,58.33,18.17,41.11,0.1,0.26,0.0,0.0,0.0,0.0,0.53,6.58,64.0,3.16,58.33,0.26,100.0,0.79,1.05,8.68,78.79,86.96,12.11,0,,0,,0,0.0,0.0,0.0,,,1.05,,0.53,0.0,0.0,0.0,0.0,0,0
A. Drina,Amar Drina,509113,Floriana,Floriana,https://cdn5.wyscout.com/photos/team/public/2014_120x120.png,Premier League,LCB,LCB,100,,0,,0,24.0,2002-05-30,0,,4,342,0,0.03,0,0.0,6.05,73.91,Bosnia and Herzegovina,['Bosnia and Herzegovina'],right,186,0,False,6.58,2.89,90.91,1.8399999999999999,71.43,0.26,0.38,0.26,3.68,5.38,0.26,1,0.26,0,0.0,0.0,0.0,0,0.0,0.01,0,0.0,1,0.26,0.0,0.0,0.0,0.0,0.0,0.0,0.0,0.0,0.0,0.0,0.0,0.0,0.0,0.0,0.53,1.32,0.0,42.37,0.53,0.0,54.47,92.27,21.58,85.37,4.21,100.0,50.79,94.3,3.68,64.29,19.39,40.74,0.0,0.0,0.0,0.26,0.0,0.0,0.0,3.68,57.14,0.0,0.0,0.0,0.0,0.0,0.0,7.11,70.37,97.65,22.37,0,,0,,0,0.0,0.0,0.0,,,2.63,,1.8399999999999999,0.0,0.0,0.0,0.0,0,0
A. Zammit,Andrea Zammit,-119187,Valletta,Valletta,https://cdn5.wyscout.com/photos/team/public/2007_120x120.png,Premier League,"CF, LW",CF,76,LW,23,,0,23.0,2003-04-05,200000,2029-06-30,4,319,3,2.3,0,0.32,11.57,41.46,Malta,['Malta'],right,178,71,False,3.67,1.4100000000000001,60.0,1.4100000000000001,20.0,0.28,0.48,0.0,2.54,4.29,0.28,0,0.0,0,0.0,2.8200000000000003,0.85,1,0.28,0.65,0,0.0,7,1.97,42.86,42.857,0.0,1.13,0.0,0.85,0.0,0.28,0.0,0.85,1.97,100.0,7.62,44.44,3.1,0.85,0.0,12.13,0.85,1.4100000000000001,18.34,69.23,3.39,66.67,4.8,82.35,16.36,72.41,0.85,100.0,14.97,17.24,0.09,0.56,0.0,0.0,0.28,0.0,0.28,1.97,85.71,2.8200000000000003,40.0,0.28,0.0,1.69,0.0,1.97,85.71,57.14,5.92,0,,0,,0,0.0,0.0,0.0,,,0.0,,1.4100000000000001,0.0,0.0,0.0,0.0,2,100
Luisinho,Luis Gabriel Moreira de Souza Euphrasio,-116355,Gzira United,Gzira United,https://cdn5.wyscout.com/photos/team/public/g14354_120x120.png,Premier League,"RW, RWF",RW,58,RWF,41,,0,25.0,2001-06-18,0,2027-06-30,4,310,0,0.44,0,0.65,18.87,52.31,Brazil,['Brazil'],,0,0,False,5.52,4.65,68.75,1.16,25.0,0.87,1.08,0.0,1.45,1.81,0.58,1,0.29,0,0.0,3.48,0.0,0,0.0,0.13,0,0.0,6,1.74,16.67,0.0,0.0,1.45,20.0,0.58,0.0,0.87,33.33,0.29,3.77,69.23,9.87,52.94,1.74,1.74,0.29,15.97,0.58,2.61,19.45,67.16,7.26,52.0,3.77,84.62,14.81,74.51,3.19,54.55,25.9,46.91,0.19,1.16,0.0,0.0,0.29,100.0,0.29,3.77,61.54,2.9,50.0,0.29,100.0,1.16,0.29,5.52,63.16,78.95,5.52,0,,0,,0,0.0,0.0,0.0,,,0.0,,1.16,0.87,0.0,0.0,1.74,0,0
P. Sekulović,Petar Sekulović,-132961,Valletta,Valletta,https://cdn5.wyscout.com/photos/team/public/2007_120x120.png,Premier League,"LCMF, RCMF",LCMF,69,RCMF,23,,0,28.0,1998-08-14,100000,2027-06-30,4,309,0,0.17,0,0.42,13.69,51.06,Montenegro,['Montenegro'],right,187,79,False,9.61,6.41,54.55,1.75,83.33,0.58,0.92,1.17,5.53,8.77,2.62,2,0.58,0,0.0,1.17,0.0,0,0.0,0.05,0,0.0,5,1.46,20.0,0.0,0.0,1.17,50.0,0.29,0.0,0.87,66.67,0.0,0.29,100.0,4.08,42.86,0.0,0.58,0.0,22.14,0.0,0.58,32.62,83.93,11.36,76.92,4.08,92.86,29.42,88.12,2.04,42.86,21.27,36.09,0.12,1.17,0.0,0.0,0.0,0.0,0.0,4.37,73.33,2.04,71.43,0.58,50.0,0.58,0.58,5.24,66.67,93.18,12.82,0,,0,,0,0.0,0.0,0.0,,,0.29,,1.75,1.75,0.29,0.0,2.33,0,0
Henry Bonello,Henry Bonello,48819,Sliema Wanderers,Sliema Wanderers,https://cdn5.wyscout.com/photos/team/public/2010_120x120.png,Premier League,GK,GK,100,,0,,0,37.0,1988-10-13,100000,2027-06-30,3,301,0,0.0,0,0.0,1.5,100.0,Malta,['Malta'],right,186,80,False,1.79,0.6000000000000001,100.0,0.30000000000000004,100.0,0.0,0.0,0.0,1.2,1.74,0.0,1,0.30000000000000004,0,0.0,0.0,0.0,0,0.0,0.0,0,0.0,0,0.0,0.0,0.0,0.0,0.0,0.0,0.0,0.0,0.0,0.0,0.0,0.0,0.0,0.0,0.0,0.0,0.0,0.0,17.34,0.30000000000000004,0.9,26.61,95.51,13.75,91.3,0.0,0.0,19.73,100.0,6.58,86.36,27.37,47.69,0.0,0.0,0.0,0.0,0.0,0.0,0.0,1.79,66.67,0.0,0.0,0.30000000000000004,0.0,0.0,0.0,5.68,89.47,100.0,11.66,5,1.5,10,2.99,0,50.0,3.8200000000000003,1.1400000000000001,-1.18,-0.353,0.0,0.9,0.30000000000000004,,,,0.0,0,0
Stephen Pisani,Stephen Pisani,134142,Sliema Wanderers,Sliema Wanderers,https://cdn5.wyscout.com/photos/team/public/2010_120x120.png,Premier League,"RDMF, LCMF, RCMF",RDMF,49,LCMF,32,RCMF,17,34.0,1992-08-07,200000,2027-06-08,3,301,0,0.01,0,0.26,9.27,45.16,Malta,['Malta'],right,182,65,False,3.89,3.29,27.27,1.5,40.0,0.6000000000000001,0.87,0.0,2.39,3.48,1.5,1,0.30000000000000004,0,0.0,0.30000000000000004,0.0,0,0.0,0.0,0,0.0,3,0.9,0.0,0.0,0.0,1.2,25.0,0.0,0.0,1.2,25.0,0.0,0.30000000000000004,0.0,2.69,44.44,0.0,0.6000000000000001,0.0,49.34,0.30000000000000004,0.9,62.79,88.57,18.54,77.42,9.27,100.0,53.82,94.44,8.07,55.56,20.38,45.86,0.08,0.9,0.0,0.0,0.0,0.0,0.0,9.27,70.97,1.79,33.33,0.6000000000000001,50.0,0.30000000000000004,0.30000000000000004,9.27,74.19,91.14,23.62,0,,0,,0,0.0,0.0,0.0,,,0.9,,1.5,0.9,0.0,0.0,1.5,0,0
Jean Borg,Jean Borg,340373,Sliema Wanderers,Sliema Wanderers,https://cdn5.wyscout.com/photos/team/public/2010_120x120.png,Premier League,LB,LB,100,,0,,0,28.0,1998-01-08,300000,,3,301,0,0.0,0,0.0,7.48,52.0,Malta,['Malta'],left,184,78,False,5.98,2.69,66.67,2.99,40.0,0.0,0.0,0.6000000000000001,4.19,6.09,0.0,0,0.0,0,0.0,0.30000000000000004,0.0,0,0.0,0.0,0,0.0,0,0.0,0.0,0.0,0.0,0.30000000000000004,100.0,0.0,0.0,0.0,0.0,0.0,0.0,0.0,0.9,100.0,0.30000000000000004,0.6000000000000001,0.30000000000000004,31.4,1.2,0.6000000000000001,40.07,85.82,14.65,73.47,7.48,100.0,35.88,90.83,3.89,38.46,16.16,35.2,0.0,0.0,0.0,0.0,0.0,0.0,0.0,3.59,50.0,0.6000000000000001,100.0,0.0,0.0,0.30000000000000004,0.30000000000000004,4.78,68.75,90.0,8.97,0,,0,,0,0.0,0.0,0.0,,,1.2,,2.99,0.0,0.0,0.0,0.0,0,0
M. Chiesa,Mattia Chiesa,-85568,Birzebbuga,Birzebbuga,https://cdn5.wyscout.com/photos/team/public/g12310_120x120.png,Premier League,GK,GK,100,,0,,0,26.0,2000-07-16,100000,2027-06-30,3,299,0,0.0,0,0.0,0.9,66.67,Italy,['Italy'],right,185,78,False,1.2,0.30000000000000004,0.0,0.30000000000000004,100.0,0.0,0.0,0.0,1.2,1.58,0.0,1,0.30000000000000004,0,0.0,0.0,0.0,0,0.0,0.0,0,0.0,0,0.0,0.0,0.0,0.0,0.0,0.0,0.0,0.0,0.0,0.0,0.0,0.0,0.0,0.0,0.0,0.30000000000000004,0.0,0.0,9.93,0.0,0.0,15.95,90.57,8.73,86.21,0.0,0.0,11.44,100.0,4.52,66.67,26.89,40.22,0.0,0.0,0.0,0.0,0.0,0.0,0.0,0.6000000000000001,0.0,0.0,0.0,0.0,0.0,0.0,0.0,2.41,75.0,95.45,6.62,6,1.81,15,4.52,0,60.0,3.25,0.98,-2.75,-0.8280000000000001,0.0,1.51,0.30000000000000004,,,,0.0,0,0
J. Bolaños,Juan Andrés Bolaños Ramírez,177712,Birzebbuga,Birzebbuga,https://cdn5.wyscout.com/photos/team/public/g12310_120x120.png,Premier League,"RCB3, RCB, LCB3",RCB3,33,RCB,33,LCB3,22,35.0,1991-07-22,50000,2027-06-30,3,299,0,0.06,0,0.0,11.44,52.63,Colombia,['Colombia'],right,189,88,False,7.22,5.12,47.06,2.71,55.56,0.30000000000000004,0.39,0.30000000000000004,4.52,5.92,0.9,1,0.30000000000000004,0,0.0,0.6000000000000001,0.0,0,0.0,0.02,0,0.0,1,0.30000000000000004,100.0,0.0,0.0,0.30000000000000004,0.0,0.0,0.0,0.30000000000000004,0.0,0.30000000000000004,0.30000000000000004,100.0,1.51,40.0,0.30000000000000004,0.30000000000000004,0.0,30.4,0.30000000000000004,0.0,50.87,89.94,17.46,81.03,1.2,100.0,46.35,96.75,4.21,21.43,18.67,37.76,0.0,0.0,0.0,0.0,0.0,0.0,0.0,4.52,46.67,0.30000000000000004,0.0,0.0,0.0,0.0,0.0,4.52,53.33,97.62,25.28,0,,0,,0,0.0,0.0,0.0,,,0.6000000000000001,,2.71,0.0,0.0,0.0,0.0,0,0
C. Yemi Oderinde,Charles Yemi Oderinde,-808207,Mosta,Mosta,https://cdn5.wyscout.com/photos/team/public/g3763_120x120.png,Premier League,"RCMF, DMF, LCMF",RCMF,54,DMF,33,LCMF,12,18.0,2008-01-03,0,,3,297,0,0.0,0,0.0,8.18,48.15,Malta,['Malta'],,0,0,False,6.06,3.94,61.54,1.82,66.67,0.30000000000000004,0.33,0.0,3.33,3.67,1.21,1,0.30000000000000004,0,0.0,0.0,0.0,0,0.0,0.0,0,0.0,1,0.30000000000000004,0.0,0.0,0.0,0.0,0.0,0.0,0.0,0.0,0.0,0.0,0.0,0.0,1.21,0.0,0.30000000000000004,0.30000000000000004,0.91,21.82,0.30000000000000004,0.30000000000000004,29.39,83.51,10.0,69.7,3.94,100.0,25.45,90.48,3.94,38.46,20.84,42.79,0.0,0.0,0.0,0.0,0.0,0.0,0.0,5.45,61.11,0.61,0.0,0.0,0.0,0.30000000000000004,0.0,6.06,65.0,85.37,12.42,0,,0,,0,0.0,0.0,0.0,,,0.61,,1.82,0.0,0.0,0.0,0.0,0,0
K. Zammit,Kurt Zammit,154453,Mosta,Mosta,https://cdn5.wyscout.com/photos/team/public/g3763_120x120.png,Premier League,"LCB, LCB3",LCB,85,LCB3,14,,0,30.0,1996-02-26,0,,3,297,0,0.0,0,0.0,10.91,61.11,Malta,['Malta'],left,180,70,False,14.24,7.88,73.08,2.12,42.86,0.91,1.0,2.12,7.58,8.33,0.61,1,0.30000000000000004,0,0.0,0.0,0.0,0,0.0,0.0,0,0.0,0,0.0,0.0,0.0,0.0,0.0,0.0,0.0,0.0,0.0,0.0,0.0,0.0,0.0,0.0,0.0,0.0,0.61,0.0,23.33,0.30000000000000004,0.30000000000000004,36.97,84.43,18.18,78.33,1.21,50.0,30.0,87.88,6.97,69.57,21.23,34.43,0.0,0.0,0.0,0.0,0.0,0.0,0.0,2.12,71.43,0.30000000000000004,0.0,0.30000000000000004,0.0,0.0,0.0,7.58,48.0,94.12,15.45,0,,0,,0,0.0,0.0,0.0,,,0.30000000000000004,,2.12,0.0,0.0,0.0,0.0,0,0
Thiaguinho,Thiago Espindola de Paula,286990,Mosta,Mosta,https://cdn5.wyscout.com/photos/team/public/g3763_120x120.png,Premier League,"LB, LB5",LB,85,LB5,14,,0,33.0,1993-05-14,250000,2027-06-30,3,297,1,0.22,0,0.25,11.52,50.0,Brazil,['Brazil'],left,175,66,False,6.36,4.55,46.67,2.42,37.5,0.0,0.0,0.0,4.24,4.67,0.61,1,0.30000000000000004,0,0.0,2.12,0.30000000000000004,1,0.30000000000000004,0.07,0,0.0,3,0.91,33.33,33.333,0.0,1.21,50.0,0.91,33.33,0.30000000000000004,100.0,0.30000000000000004,2.12,57.14,3.94,69.23,0.91,1.52,0.30000000000000004,29.09,2.12,1.21,37.88,76.0,19.7,64.62,5.15,88.24,31.52,82.69,5.15,41.18,18.28,30.2,0.08,0.61,0.0,0.0,0.0,0.0,0.30000000000000004,3.33,72.73,0.91,66.67,0.0,0.0,0.30000000000000004,0.61,10.61,51.43,89.66,8.79,0,,0,,0,0.0,0.0,0.0,,,0.30000000000000004,,2.42,0.0,0.0,0.0,1.52,0,0
A. Udoh,Akpan David Udoh,432555,Mosta,Mosta,https://cdn5.wyscout.com/photos/team/public/g3763_120x120.png,Premier League,GK,GK,100,,0,,0,27.0,1999-07-18,0,,3,297,0,0.0,0,0.0,2.42,87.5,Nigeria,['Nigeria'],right,189,80,False,1.21,0.0,0.0,2.12,85.71,0.0,0.0,0.0,1.21,1.33,0.0,0,0.0,0,0.0,0.0,0.0,0,0.0,0.0,0,0.0,0,0.0,0.0,0.0,0.0,0.0,0.0,0.0,0.0,0.0,0.0,0.0,0.0,0.0,0.30000000000000004,100.0,0.0,0.0,0.0,12.42,0.91,0.91,20.3,83.58,12.12,75.0,0.0,0.0,13.03,97.67,7.27,58.33,31.74,50.13,0.0,0.0,0.0,0.0,0.0,0.0,0.0,1.82,50.0,0.30000000000000004,0.0,0.30000000000000004,100.0,0.0,0.0,3.94,92.31,100.0,7.58,1,0.30000000000000004,13,3.94,2,92.31,2.77,0.84,1.77,0.536,0.0,5.45,2.12,,,,0.0,0,0
Joao Mafra,Joao Henrique Camargo Mafra,-113042,Zabbar St. Patrick,Zabbar St. Patrick,https://cdn5.wyscout.com/photos/team/public/g3056_120x120.png,Premier League,"LW, CF",LW,76,CF,16,,0,24.0,2001-12-07,0,2027-06-30,3,296,0,0.07,0,0.1,20.37,44.78,Brazil,['Brazil'],,0,0,False,5.78,7.3,62.5,1.22,25.0,0.30000000000000004,0.41000000000000003,0.0,0.91,1.22,1.22,1,0.30000000000000004,0,0.0,3.04,0.0,0,0.0,0.02,0,0.0,8,2.43,12.5,0.0,0.0,1.52,40.0,1.22,50.0,0.30000000000000004,0.0,0.61,3.04,60.0,9.73,37.5,0.91,0.30000000000000004,0.30000000000000004,20.98,1.22,0.91,34.36,79.65,13.38,70.45,3.95,100.0,25.24,90.36,7.6,52.0,20.66,35.95,0.03,0.91,0.0,0.30000000000000004,0.30000000000000004,100.0,0.0,8.21,74.07,4.26,50.0,0.91,33.33,1.52,0.61,8.82,86.21,79.07,13.07,0,,0,,0,0.0,0.0,0.0,,,0.0,,1.22,2.43,0.91,0.0,2.43,0,0
S. Jovančić,Strahinja Jovančić,504521,Zabbar St. Patrick,Zabbar St. Patrick,https://cdn5.wyscout.com/photos/team/public/g3056_120x120.png,Premier League,RCB,RCB,95,,0,,0,28.0,1998-07-06,200000,2027-06-30,3,296,0,0.03,0,0.06,13.38,54.55,Serbia,['Serbia'],right,190,82,False,5.47,4.5600000000000005,53.33,4.86,56.25,0.0,0.0,0.61,3.04,4.05,1.52,1,0.30000000000000004,0,0.0,0.0,0.0,0,0.0,0.01,0,0.0,1,0.30000000000000004,0.0,0.0,0.0,0.0,0.0,0.0,0.0,0.0,0.0,0.0,0.30000000000000004,0.0,2.43,62.5,0.91,0.61,0.0,33.14,0.30000000000000004,1.52,47.43,83.97,20.37,68.66,3.04,100.0,40.74,93.28,6.69,27.27,22.55,41.07,0.02,0.30000000000000004,0.0,0.0,0.0,0.0,0.30000000000000004,6.08,50.0,1.22,0.0,0.91,0.0,0.30000000000000004,0.0,8.21,70.37,98.61,21.89,0,,0,,0,0.0,0.0,0.0,,,2.74,,4.86,0.0,0.0,0.0,0.0,0,0
P. Mohorović,Patrik Mohorović,506814,Zabbar St. Patrick,Zabbar St. Patrick,https://cdn5.wyscout.com/photos/team/public/g3056_120x120.png,Premier League,GK,GK,100,,0,,0,27.0,1999-05-24,100000,2027-06-30,3,296,0,0.0,0,0.0,1.52,80.0,Croatia,['Croatia'],,0,0,False,0.30000000000000004,0.0,0.0,0.91,66.67,0.0,0.0,0.0,0.30000000000000004,0.41000000000000003,0.0,0,0.0,0,0.0,0.0,0.0,0,0.0,0.0,0,0.0,0,0.0,0.0,0.0,0.0,0.0,0.0,0.0,0.0,0.0,0.0,0.0,0.0,0.0,0.30000000000000004,100.0,0.0,0.0,0.0,7.91,0.0,0.61,13.99,80.43,7.91,69.23,0.0,0.0,9.43,96.77,4.5600000000000005,46.67,24.16,41.14,0.0,0.0,0.0,0.0,0.0,0.0,0.0,0.30000000000000004,0.0,0.30000000000000004,0.0,0.0,0.0,0.0,0.0,3.65,50.0,94.44,5.47,5,1.52,17,5.17,1,70.59,4.14,1.26,-0.86,-0.261,0.0,2.74,0.91,,,,0.0,0,0
Leandro Aguirre,Leandro Damián Aguirre,76991,Marsaxlokk,Marsaxlokk,https://cdn5.wyscout.com/photos/team/public/g1448_120x120.png,Premier League,LB,LB,97,,0,,0,37.0,1989-02-08,50000,2027-06-30,3,296,0,0.03,0,0.09,17.33,56.14,Argentina,['Argentina'],left,167,65,False,10.34,7.91,42.31,2.74,55.56,1.52,2.21,0.30000000000000004,5.47,7.94,1.22,1,0.30000000000000004,0,0.0,3.95,0.0,0,0.0,0.01,0,0.0,2,0.61,0.0,0.0,0.0,3.65,41.67,3.04,50.0,0.61,0.0,0.61,3.04,80.0,5.47,72.22,0.30000000000000004,2.43,0.0,37.4,0.91,2.13,51.08,71.43,27.67,70.33,3.34,81.82,37.7,80.65,10.34,50.0,22.45,43.18,0.03,0.61,0.0,0.30000000000000004,0.0,0.0,0.30000000000000004,11.25,72.97,4.5600000000000005,46.67,0.61,50.0,1.82,0.91,16.11,71.7,78.72,14.29,0,,0,,0,0.0,0.0,0.0,,,0.30000000000000004,,2.74,1.22,0.0,0.0,3.34,0,0
Christoffer Mafoumbi,Christoffer Mafoumbi,184592,Marsaxlokk,Marsaxlokk,https://cdn5.wyscout.com/photos/team/public/g1448_120x120.png,Premier League,GK,GK,100,,0,,0,32.0,1994-03-03,125000,2027-06-30,3,296,0,0.0,0,0.0,0.61,100.0,France,"['France', 'Congo']",right,196,80,False,0.91,0.0,0.0,0.61,100.0,0.0,0.0,0.0,0.91,1.32,0.0,0,0.0,0,0.0,0.0,0.0,0,0.0,0.0,0,0.0,0,0.0,0.0,0.0,0.0,0.0,0.0,0.0,0.0,0.0,0.0,0.0,0.0,0.0,0.0,0.0,0.0,0.0,0.0,12.47,0.61,0.30000000000000004,24.63,88.89,12.77,80.95,0.0,0.0,17.94,98.31,6.69,63.64,30.43,52.54,0.0,0.0,0.0,0.0,0.0,0.0,0.0,1.82,66.67,0.0,0.0,0.30000000000000004,100.0,0.30000000000000004,0.0,6.08,70.0,97.14,10.64,2,0.61,15,4.5600000000000005,1,86.67,3.81,1.16,1.81,0.55,0.0,3.04,0.61,,,,0.0,0,0
Juan Corbalan,Juan Carlos Corbalan,270663,Marsaxlokk,Marsaxlokk,https://cdn5.wyscout.com/photos/team/public/g1448_120x120.png,Premier League,RB,RB,88,,0,,0,29.0,1997-03-03,0,,3,296,0,0.0,0,0.0,9.12,53.33,Malta,['Malta'],right,169,60,False,7.6,4.86,62.5,0.30000000000000004,100.0,0.0,0.0,0.30000000000000004,4.5600000000000005,6.62,0.30000000000000004,0,0.0,0,0.0,0.61,0.0,0,0.0,0.0,0,0.0,0,0.0,0.0,0.0,0.0,1.82,0.0,0.0,0.0,1.82,0.0,0.30000000000000004,0.30000000000000004,100.0,3.34,45.45,0.0,0.30000000000000004,0.30000000000000004,29.49,0.30000000000000004,1.22,38.01,84.0,15.2,80.0,5.78,100.0,34.05,91.07,2.13,42.86,18.06,20.64,0.0,0.0,0.30000000000000004,0.0,0.30000000000000004,100.0,0.30000000000000004,2.74,77.78,2.74,22.22,0.30000000000000004,100.0,0.30000000000000004,0.0,7.6,76.0,78.95,11.55,0,,0,,0,0.0,0.0,0.0,,,0.61,,0.30000000000000004,0.0,0.0,0.0,0.0,0,0
Oualid El Hasni,Oualid El Hasni,280910,Marsaxlokk,Marsaxlokk,https://cdn5.wyscout.com/photos/team/public/g1448_120x120.png,Premier League,RCB,RCB,97,,0,,0,33.0,1993-08-09,300000,,3,296,0,0.07,0,0.0,6.39,38.1,Tunisia,"['Tunisia', 'France']",right,192,82,False,5.47,3.65,41.67,1.82,50.0,0.0,0.0,0.91,3.95,5.74,1.22,2,0.61,0,0.0,0.30000000000000004,0.0,0,0.0,0.02,0,0.0,1,0.30000000000000004,100.0,0.0,0.0,0.0,0.0,0.0,0.0,0.0,0.0,0.0,0.0,0.0,0.61,0.0,0.30000000000000004,0.30000000000000004,0.0,26.76,0.61,0.0,38.31,87.3,12.47,65.85,0.91,100.0,34.36,92.04,3.95,46.15,20.48,40.02,0.0,0.0,0.0,0.0,0.0,0.0,0.0,2.13,42.86,0.61,0.0,0.0,0.0,0.0,0.0,3.04,70.0,97.01,20.37,0,,0,,0,0.0,0.0,0.0,,,0.91,,1.82,0.0,0.0,0.0,0.0,0,0
 Joseph Minala,Joseph Minala,333602,Marsaxlokk,Marsaxlokk,https://cdn5.wyscout.com/photos/team/public/g1448_120x120.png,Premier League,"DMF, RCMF",DMF,54,RCMF,27,,0,30.0,1996-08-24,250000,2027-06-30,3,296,0,0.08,0,0.12,13.07,67.44,Cameroon,['Cameroon'],right,184,84,False,5.78,3.04,50.0,3.65,58.33,0.0,0.0,0.91,4.26,6.18,0.30000000000000004,0,0.0,0,0.0,0.30000000000000004,0.0,0,0.0,0.02,0,0.0,2,0.61,0.0,0.0,0.0,0.30000000000000004,0.0,0.0,0.0,0.0,0.0,0.0,0.30000000000000004,100.0,3.34,81.82,1.22,0.30000000000000004,0.0,27.36,0.30000000000000004,3.04,41.35,90.44,12.77,78.57,4.5600000000000005,100.0,38.31,92.86,2.74,66.67,20.18,31.64,0.04,0.30000000000000004,0.0,0.0,0.0,0.0,0.30000000000000004,3.95,76.92,0.30000000000000004,0.0,0.0,0.0,0.30000000000000004,0.0,2.74,77.78,95.71,21.28,0,,0,,0,0.0,0.0,0.0,,,0.91,,3.65,0.0,0.0,0.0,0.0,0,0
Z. Muscat,Zach Muscat,134129,Birkirkara,Birkirkara,https://cdn5.wyscout.com/photos/team/public/2012_120x120.png,Premier League,RCB3,RCB3,92,,0,,0,33.0,1993-08-22,400000,2027-06-30,3,295,1,0.48,0,0.02,12.2,67.5,Malta,['Malta'],right,184,78,False,10.68,6.1,70.0,2.44,62.5,1.53,1.85,0.61,4.88,5.93,0.61,0,0.0,0,0.0,0.61,0.31,1,0.31,0.15,1,0.31,2,0.61,50.0,50.0,0.0,1.22,25.0,0.0,0.0,0.92,33.33,0.0,0.31,0.0,2.44,62.5,0.92,0.61,0.0,26.24,0.31,1.22,46.07,82.12,26.24,76.74,3.05,100.0,36.92,85.95,7.93,73.08,24.0,43.13,0.0,0.92,0.31,0.0,0.0,0.0,0.0,6.1,85.0,1.22,50.0,0.31,100.0,0.31,0.31,16.78,78.18,91.3,14.03,0,,0,,0,0.0,0.0,0.0,,,2.44,,2.44,0.0,0.0,0.0,0.0,0,0
A. Dimeji,Awosanya Oluwatobilola  Dimeji,-395063,Balzan,Balzan,https://cdn5.wyscout.com/photos/team/public/g1452_120x120.png,Premier League,"RW, LW, CF",RW,45,LW,26,CF,16,23.0,2003-01-15,0,2027-06-30,3,294,2,2.23,1,0.52,24.8,48.15,Nigeria,['Nigeria'],right,0,0,False,2.76,4.29,35.71,3.37,36.36,0.0,0.0,0.0,1.22,1.54,1.8399999999999999,0,0.0,0,0.0,9.8,0.61,0,0.0,0.68,0,0.0,17,5.2,58.82,11.765,0.31,3.98,38.46,0.92,66.67,2.76,22.22,1.22,9.18,56.67,15.31,54.0,3.37,5.82,0.92,20.82,3.37,3.37,20.51,73.13,3.98,61.54,5.2,94.12,15.0,87.76,2.14,14.29,21.41,39.42,0.16,0.92,0.0,0.0,0.0,0.0,0.92,1.53,80.0,1.8399999999999999,50.0,0.31,0.0,0.61,1.8399999999999999,3.98,69.23,69.23,7.96,0,,0,,0,0.0,0.0,0.0,,,0.0,,3.37,0.61,0.31,0.0,0.0,2,100
M. Djaló,Manuel Issufe Djaló,-161315,Balzan,Balzan,https://cdn5.wyscout.com/photos/team/public/g1452_120x120.png,Premier League,GK,GK,100,,0,,0,25.0,2001-08-04,0,,3,294,0,0.0,0,0.0,0.92,66.67,Guinea-Bissau,['Guinea-Bissau'],,190,82,False,0.92,0.0,0.0,0.61,50.0,0.0,0.0,0.0,0.92,1.15,0.0,0,0.0,0,0.0,0.0,0.0,0,0.0,0.0,0,0.0,0,0.0,0.0,0.0,0.0,0.0,0.0,0.0,0.0,0.0,0.0,0.0,0.0,0.0,0.31,100.0,0.0,0.0,0.0,8.88,0.31,0.0,17.45,78.95,10.71,68.57,0.0,0.0,10.71,97.14,6.73,50.0,31.48,52.2,0.0,0.0,0.0,0.0,0.0,0.0,0.0,2.14,14.29,0.0,0.0,0.0,0.0,0.0,0.0,3.98,76.92,94.74,5.82,4,1.22,15,4.59,0,73.33,3.29,1.01,-0.71,-0.217,0.0,2.76,0.61,,,,0.0,0,0
N. Ignjatović,Nikola Ignjatović,482643,Balzan,Balzan,https://cdn5.wyscout.com/photos/team/public/g1452_120x120.png,Premier League,RCB,RCB,96,,0,,0,28.0,1998-02-02,250000,,3,294,0,0.05,0,0.0,6.12,65.0,Serbia,['Serbia'],right,186,0,False,8.27,4.29,64.29,1.22,75.0,0.61,0.77,0.61,4.9,6.15,0.92,1,0.31,0,0.0,0.0,0.0,0,0.0,0.01,0,0.0,1,0.31,0.0,0.0,0.0,0.0,0.0,0.0,0.0,0.0,0.0,0.0,0.0,0.0,0.0,0.0,0.61,0.0,0.0,23.88,0.0,0.0,35.51,89.66,17.14,82.14,1.53,100.0,27.55,95.56,7.96,69.23,25.37,41.3,0.0,0.0,0.0,0.0,0.0,0.0,0.0,5.2,76.47,0.31,0.0,0.31,0.0,0.31,0.0,8.27,81.48,97.92,14.69,0,,0,,0,0.0,0.0,0.0,,,1.53,,1.22,0.0,0.0,0.0,0.0,0,0
Guilherme Cioletti,Guilherme Cioletti Ferreira da Silva,502685,Floriana,Floriana,https://cdn5.wyscout.com/photos/team/public/2014_120x120.png,Premier League,GK,GK,100,,0,,0,32.0,1994-03-30,0,2027-06-30,3,294,0,0.0,0,0.0,0.92,100.0,Brazil,"['Brazil', 'Italy']",right,188,85,False,5.2,0.0,0.0,0.31,100.0,0.0,0.0,0.0,5.2,7.39,0.0,0,0.0,0,0.0,0.0,0.0,0,0.0,0.0,0,0.0,0,0.0,0.0,0.0,0.0,0.0,0.0,0.0,0.0,0.0,0.0,0.0,0.0,0.0,0.61,100.0,0.0,0.0,0.0,16.22,0.0,0.61,32.45,85.85,15.61,78.43,0.0,0.0,26.63,95.4,5.82,42.11,25.48,44.81,0.0,0.0,0.0,0.0,0.0,0.0,0.0,2.14,14.29,0.0,0.0,0.0,0.0,0.0,0.0,4.29,42.86,95.74,14.39,1,0.31,6,1.8399999999999999,2,83.33,0.77,0.23,-0.23,-0.07,0.0,2.14,0.31,,,,0.0,0,0
E. Colombo,Edoardo Colombo,-79426,Gzira United,Gzira United,https://cdn5.wyscout.com/photos/team/public/g14354_120x120.png,Premier League,GK,GK,100,,0,,0,25.0,2001-01-24,75000,,3,294,0,0.0,0,0.0,0.0,0.0,Italy,"['Italy', 'San Marino']",right,186,77,False,0.92,0.0,0.0,0.0,0.0,0.0,0.0,0.0,0.92,1.03,0.0,0,0.0,0,0.0,0.0,0.0,0,0.0,0.0,0,0.0,0,0.0,0.0,0.0,0.0,0.0,0.0,0.0,0.0,0.0,0.0,0.0,0.0,0.0,0.0,0.0,0.0,0.0,0.0,11.02,0.31,0.0,18.67,78.69,9.8,62.5,0.0,0.0,11.63,97.37,7.04,47.83,29.77,48.72,0.0,0.0,0.0,0.0,0.0,0.0,0.0,1.53,0.0,0.0,0.0,0.31,0.0,0.0,0.0,4.59,60.0,95.65,7.04,9,2.76,17,5.2,0,47.06,6.65,2.04,-2.35,-0.719,0.0,0.92,0.0,,,,0.0,0,0
M. Guillaumier,Matthew Guillaumier,330705,Hamrun Spartans,Hamrun Spartans,https://cdn5.wyscout.com/photos/team/public/g1454_120x120.png,Premier League,"RCMF3, LDMF, LCMF",RCMF3,39,LDMF,33,LCMF,17,28.0,1998-04-09,550000,2027-06-30,3,293,0,0.13,0,0.01,14.44,59.57,Malta,"['Malta', 'England']",right,183,79,False,5.22,4.91,68.75,2.46,62.5,0.0,0.0,0.0,1.8399999999999999,2.73,1.23,0,0.0,0,0.0,1.23,0.0,0,0.0,0.04,0,0.0,3,0.92,33.33,0.0,0.0,0.92,0.0,0.31,0.0,0.61,0.0,0.0,1.23,50.0,5.84,52.63,1.54,0.61,0.61,44.23,0.31,1.54,55.29,80.56,24.27,75.95,6.14,95.0,50.99,85.54,3.69,25.0,17.1,35.49,0.0,0.61,0.0,0.0,0.31,100.0,0.31,14.13,80.43,1.54,20.0,0.61,50.0,0.92,0.31,9.83,84.38,81.25,14.74,0,,0,,0,0.0,0.0,0.0,,,0.0,,2.46,0.31,0.0,0.0,0.0,0,0
Gabriel Mentz,Gabriel Bohrer Mentz,-50428,Gzira United,Gzira United,https://cdn5.wyscout.com/photos/team/public/g14354_120x120.png,Premier League,LCB,LCB,92,,0,,0,28.0,1998-08-11,300000,,3,291,0,0.43,0,0.0,13.3,67.44,Brazil,['Brazil'],right,185,81,False,8.97,7.11,73.91,3.09,50.0,0.0,0.0,0.31,3.71,4.34,1.55,1,0.31,1,0.31,0.31,0.0,0,0.0,0.13,0,0.0,3,0.93,33.33,0.0,0.0,0.0,0.0,0.0,0.0,0.0,0.0,0.0,0.0,0.0,1.24,75.0,0.93,0.62,0.31,29.07,1.24,0.93,42.06,88.97,18.25,79.66,2.7800000000000002,100.0,34.33,94.59,7.73,64.0,25.87,45.11,0.0,0.0,0.0,0.0,0.0,0.0,0.0,5.57,72.22,0.62,0.0,0.0,0.0,0.0,0.0,8.04,80.77,98.36,18.87,0,,0,,0,0.0,0.0,0.0,,,2.47,,3.09,0.31,0.31,100.0,0.0,0,0
Aléx Bruno,Aléx Bruno da Costa Lima,258490,Birzebbuga,Birzebbuga,https://cdn5.wyscout.com/photos/team/public/g12310_120x120.png,Premier League,"LB5, RB, RB5",LB5,34,RB,32,RB5,23,32.0,1993-10-07,250000,2027-06-30,3,290,0,0.04,1,1.02,14.9,47.92,Brazil,['Brazil'],right,173,65,False,6.52,4.66,53.33,0.31,0.0,0.31,0.41000000000000003,0.0,3.7199999999999998,4.86,0.93,2,0.62,0,0.0,5.59,0.0,0,0.0,0.01,0,0.0,1,0.31,0.0,0.0,0.31,5.28,29.41,1.24,25.0,4.03,30.77,0.31,5.59,66.67,7.76,52.0,1.55,5.9,0.31,33.21,4.03,0.0,43.76,72.34,12.41,65.0,3.7199999999999998,83.33,36.31,80.34,2.17,42.86,19.29,44.43,0.32,1.55,0.0,0.0,0.62,50.0,0.62,6.52,61.9,5.59,38.89,1.24,25.0,0.31,1.8599999999999999,10.24,81.82,73.33,18.62,0,,0,,0,0.0,0.0,0.0,,,0.31,,0.31,0.0,0.0,0.0,0.62,0,0
Nicky Muscat,Nikolai Muscat,478976,Marsaxlokk,Marsaxlokk,https://cdn5.wyscout.com/photos/team/public/g1448_120x120.png,Premier League,"LCMF3, LCMF, RCMF3",LCMF3,33,LCMF,25,RCMF3,22,30.0,1996-07-13,350000,,3,288,1,0.38,0,0.15,8.75,39.29,Malta,['Malta'],right,174,72,False,6.25,3.13,60.0,0.9400000000000001,0.0,0.31,0.45,0.63,4.06,5.91,0.31,1,0.31,0,0.0,1.25,0.31,1,0.31,0.12,0,0.0,5,1.56,20.0,20.0,0.0,1.88,33.33,0.0,0.0,1.88,33.33,0.0,0.31,100.0,3.44,27.27,1.56,0.9400000000000001,0.0,22.19,0.63,0.63,30.63,79.59,9.38,66.67,4.38,85.71,24.06,90.91,5.31,41.18,21.82,39.1,0.05,1.25,0.0,0.0,0.0,0.0,0.31,5.31,82.35,0.63,50.0,0.31,100.0,0.31,0.31,5.63,72.22,90.0,12.5,0,,0,,0,0.0,0.0,0.0,,,0.0,,0.9400000000000001,0.0,0.0,0.0,0.0,0,0
Frazan,Wesley Frazan Bernardo,472719,Birkirkara,Birkirkara,https://cdn5.wyscout.com/photos/team/public/2012_120x120.png,Premier League,CB,CB,92,,0,,0,30.0,1996-06-05,0,2027-06-30,3,287,0,0.42,0,0.0,14.43,67.39,Brazil,['Brazil'],right,188,85,False,11.6,7.21,73.91,4.7,73.33,0.31,0.38,1.57,5.96,7.22,1.57,1,0.31,0,0.0,0.63,0.0,0,0.0,0.13,0,0.0,3,0.9400000000000001,66.67,0.0,0.0,0.0,0.0,0.0,0.0,0.0,0.0,0.0,0.0,0.0,0.9400000000000001,33.33,0.9400000000000001,0.0,0.0,22.89,0.0,0.31,39.2,89.6,10.66,79.41,1.57,80.0,36.06,93.91,3.14,40.0,20.97,39.79,0.0,0.0,0.0,0.0,0.0,0.0,0.0,2.2,42.86,0.0,0.0,0.0,0.0,0.0,0.0,5.96,57.89,95.95,23.21,0,,0,,0,0.0,0.0,0.0,,,0.9400000000000001,,4.7,0.0,0.0,0.0,0.0,0,0
Vlatko Drobarov,Vlatko Drobarov,145174,Sliema Wanderers,Sliema Wanderers,https://cdn5.wyscout.com/photos/team/public/2010_120x120.png,Premier League,LCB,LCB,100,,0,,0,33.0,1992-11-02,500000,,3,286,0,0.12,0,0.0,10.07,65.63,North Macedonia,"['North Macedonia', 'Bulgaria']",right,187,79,False,6.29,5.03,56.25,4.41,78.57,0.0,0.0,0.31,3.46,4.93,0.63,1,0.31,0,0.0,0.31,0.0,0,0.0,0.04,0,0.0,2,0.63,50.0,0.0,0.0,0.0,0.0,0.0,0.0,0.0,0.0,0.0,0.0,0.0,0.0,0.0,0.63,1.26,0.0,36.5,0.0,0.31,48.46,96.1,18.57,93.22,1.26,100.0,45.63,97.24,2.83,77.78,17.51,34.27,0.0,0.0,0.0,0.0,0.0,0.0,0.0,1.8900000000000001,83.33,0.31,100.0,0.0,0.0,0.0,0.0,6.29,80.0,98.61,22.66,0,,0,,0,0.0,0.0,0.0,,,0.9400000000000001,,4.41,0.0,0.0,0.0,0.0,0,0
F. Sasere,Franklin Olanitori Sasere,-152750,Birkirkara,Birkirkara,https://cdn5.wyscout.com/photos/team/public/2012_120x120.png,Premier League,CF,CF,100,,0,,0,28.0,1998-06-27,150000,,3,284,2,1.42,0,0.7000000000000001,25.35,30.0,Nigeria,['Nigeria'],right,185,88,False,1.9,1.58,40.0,5.07,37.5,0.0,0.0,0.0,1.27,1.54,0.9500000000000001,0,0.0,0,0.0,2.85,0.63,1,0.32,0.45,0,0.0,10,3.17,40.0,20.0,0.0,0.9500000000000001,33.33,0.32,100.0,0.63,0.0,0.0,2.22,57.14,14.58,21.74,4.12,1.27,0.63,13.31,1.9,1.27,21.87,85.51,4.75,80.0,4.44,92.86,20.92,87.88,0.0,0.0,13.42,0.0,0.22,1.27,0.0,0.0,0.0,0.0,0.9500000000000001,1.58,80.0,0.9500000000000001,100.0,0.0,0.0,1.27,0.32,1.27,50.0,91.67,7.61,0,,0,,0,0.0,0.0,0.0,,,0.0,,5.07,0.0,0.0,0.0,0.0,1,100
Diogo Tavares,Diogo João Regala Figueiredo Tavares,465394,Valletta,Valletta,https://cdn5.wyscout.com/photos/team/public/2007_120x120.png,Premier League,"LB, LW, RB",LB,31,LW,29,RB,21,28.0,1998-02-19,0,2027-06-30,4,284,1,0.36,0,0.47000000000000003,11.73,37.84,Portugal,['Portugal'],right,184,0,False,4.75,3.8,50.0,1.58,0.0,0.0,0.0,0.0,2.85,5.09,1.27,0,0.0,0,0.0,3.49,0.32,1,0.32,0.11,0,0.0,5,1.58,40.0,20.0,0.0,2.54,62.5,1.27,75.0,1.27,50.0,0.0,2.22,57.14,5.7,38.89,0.9500000000000001,1.58,0.32,20.92,2.22,1.27,26.94,71.76,7.61,58.33,5.07,81.25,21.23,79.1,3.49,36.36,17.53,42.55,0.15,0.9500000000000001,0.0,0.0,0.0,0.0,0.32,2.54,50.0,2.22,57.14,0.0,0.0,0.0,1.58,5.7,61.11,75.86,9.19,0,,0,,0,0.0,0.0,0.0,,,0.32,,1.58,0.63,0.0,0.0,0.32,0,0
Guehi,Sekala Siolkion Amiel Guehi,-308328,Balzan,Balzan,https://cdn5.wyscout.com/photos/team/public/g1452_120x120.png,Premier League,"RCMF, LCMF",RCMF,60,LCMF,39,,0,26.0,1999-09-10,0,,3,283,0,0.07,0,0.12,17.17,51.85,Spain,['Spain'],right,191,0,False,9.22,4.45,50.0,2.54,37.5,0.0,0.0,0.9500000000000001,7.0,8.8,1.9100000000000001,1,0.32,0,0.0,2.23,0.0,0,0.0,0.02,0,0.0,2,0.64,50.0,0.0,0.0,0.64,50.0,0.64,50.0,0.0,0.0,0.0,1.9100000000000001,83.33,6.68,61.9,1.9100000000000001,1.5899999999999999,0.0,12.4,0.32,1.5899999999999999,29.89,80.85,6.04,57.89,5.72,94.44,27.67,83.91,1.5899999999999999,40.0,16.95,20.88,0.04,0.64,0.0,0.0,0.0,0.0,0.32,2.86,44.44,0.64,50.0,0.0,0.0,0.9500000000000001,0.32,3.8200000000000003,50.0,85.29,10.81,0,,0,,0,0.0,0.0,0.0,,,0.32,,2.54,0.0,0.0,0.0,0.0,0,0
N. Cross,Nathan Cross,-293533,Mosta,Mosta,https://cdn5.wyscout.com/photos/team/public/g3763_120x120.png,Premier League,"RCB, RB, RCB3",RCB,43,RB,40,RCB3,11,21.0,2004-09-01,0,,3,283,0,0.0,0,0.0,14.31,57.78,Malta,['Malta'],right,0,0,True,10.81,8.59,66.67,2.86,55.56,0.32,0.35000000000000003,0.32,4.77,5.23,0.9500000000000001,0,0.0,0,0.0,0.0,0.0,0,0.0,0.0,0,0.0,0,0.0,0.0,0.0,0.0,0.32,0.0,0.0,0.0,0.32,0.0,0.0,0.0,0.0,0.9500000000000001,33.33,0.0,0.0,0.0,20.04,0.32,0.0,31.8,86.0,10.81,70.59,3.8200000000000003,91.67,26.71,95.24,4.77,40.0,22.34,36.68,0.0,0.32,0.0,0.0,0.0,0.0,0.0,1.27,25.0,0.32,0.0,0.0,0.0,0.0,0.0,4.45,35.71,93.33,14.31,0,,0,,0,0.0,0.0,0.0,,,1.27,,2.86,0.0,0.0,0.0,0.0,0,0
Z. Leonardi,Zean Leonardi,-119178,Zabbar St. Patrick,Zabbar St. Patrick,https://cdn5.wyscout.com/photos/team/public/g3056_120x120.png,Premier League,RB,RB,100,,0,,0,23.0,2003-03-05,150000,,3,283,0,0.24,0,0.0,16.86,54.72,Malta,['Malta'],right,0,0,False,9.22,6.36,75.0,3.18,70.0,0.32,0.42,0.0,4.13,5.49,0.32,0,0.0,0,0.0,1.27,0.0,0,0.0,0.08,0,0.0,1,0.32,0.0,0.0,0.0,1.9100000000000001,16.67,0.0,0.0,1.9100000000000001,16.67,0.32,1.5899999999999999,60.0,6.36,35.0,0.32,0.9500000000000001,0.0,16.86,0.64,0.64,26.4,73.49,13.99,70.45,2.23,100.0,20.67,86.15,3.8200000000000003,33.33,20.56,34.34,0.0,0.0,0.32,0.0,0.0,0.0,0.0,4.13,61.54,1.9100000000000001,16.67,0.32,0.0,0.0,0.32,6.04,68.42,66.67,6.68,0,,0,,0,0.0,0.0,0.0,,,0.64,,3.18,0.0,0.0,0.0,0.0,0,0
N. Francisco Lancioni,Nicolas   Francisco Lancioni,-520123,Zabbar St. Patrick,Zabbar St. Patrick,https://cdn5.wyscout.com/photos/team/public/g3056_120x120.png,Premier League,RW,RW,100,,0,,0,27.0,1999-04-08,0,2027-06-30,3,281,1,0.16,1,0.52,23.06,44.44,Argentina,"['Argentina', 'Italy']",left,174,0,False,4.8,6.09,63.16,1.92,33.33,0.0,0.0,0.0,0.96,1.3,0.96,2,0.64,0,0.0,6.73,0.32,1,0.32,0.05,0,0.0,6,1.92,66.67,16.667,0.32,2.88,44.44,0.0,0.0,2.88,44.44,0.64,8.33,50.0,14.09,40.91,2.24,2.56,0.0,18.58,2.88,2.24,21.14,74.24,3.84,83.33,5.12,93.75,17.3,79.63,1.6,40.0,19.02,13.14,0.17,1.28,0.0,0.0,0.0,0.0,0.96,1.28,75.0,2.24,71.43,0.0,0.0,1.28,0.96,2.88,77.78,68.97,9.29,0,,0,,0,0.0,0.0,0.0,,,0.0,,1.92,0.0,0.0,0.0,0.0,0,0
S. Dimech,Shaun Dimech,460606,Birzebbuga,Birzebbuga,https://cdn5.wyscout.com/photos/team/public/g12310_120x120.png,Premier League,"LCMF3, LW",LCMF3,55,LW,33,,0,25.0,2001-08-08,150000,,3,276,0,0.34,0,0.34,10.43,46.88,Malta,['Malta'],right,182,74,False,3.26,3.59,45.45,0.98,66.67,0.33,0.42,0.0,1.3,1.67,0.33,0,0.0,0,0.0,1.3,0.0,0,0.0,0.11,0,0.0,4,1.3,25.0,0.0,0.0,0.33,0.0,0.33,0.0,0.0,0.0,0.33,1.3,75.0,4.89,46.67,0.98,3.26,0.33,21.52,1.3,0.33,28.7,84.09,5.54,76.47,5.87,88.89,26.41,86.42,1.96,66.67,15.1,39.37,0.11,1.3,0.0,0.0,0.33,0.0,0.98,5.22,81.25,1.63,40.0,0.98,66.67,0.65,0.0,4.57,85.71,92.31,8.48,0,,0,,0,0.0,0.0,0.0,,,0.0,,0.98,0.33,0.0,0.0,0.65,0,0
Giancarlo,Giancarlo Gonçalves,-112935,Mosta,Mosta,https://cdn5.wyscout.com/photos/team/public/g3763_120x120.png,Premier League,"CF, RCMF",CF,76,RCMF,22,,0,26.0,1999-12-16,0,,3,275,2,0.7000000000000001,1,0.43,14.07,39.53,Brazil,['Brazil'],left,170,73,False,3.27,1.6400000000000001,60.0,1.31,0.0,0.33,0.36,0.0,1.96,2.14,0.65,1,0.33,0,0.0,4.25,0.65,2,0.65,0.23,0,0.0,8,2.62,25.0,25.0,0.33,1.6400000000000001,40.0,0.0,0.0,1.6400000000000001,40.0,0.0,4.91,53.33,9.49,37.93,1.31,3.27,0.98,17.35,2.29,0.65,26.18,75.0,5.89,50.0,6.22,89.47,21.93,82.09,2.62,37.5,18.87,41.23,0.14,1.31,0.0,0.0,0.33,100.0,0.65,3.6,45.45,4.25,46.15,1.31,25.0,0.98,0.98,3.93,75.0,78.13,10.47,0,,0,,0,0.0,0.0,0.0,,,0.33,,1.31,0.0,0.0,0.0,0.33,0,0
J. Micallef,Jake  Micallef,-261193,Zabbar St. Patrick,Zabbar St. Patrick,https://cdn5.wyscout.com/photos/team/public/g3056_120x120.png,Premier League,LCMF,LCMF,95,,0,,0,22.0,2004-01-12,0,,3,275,0,0.0,0,0.0,10.47,50.0,Malta,['Malta'],right,184,76,False,5.5600000000000005,4.58,57.14,1.6400000000000001,20.0,0.33,0.43,0.33,2.62,3.43,0.33,1,0.33,0,0.0,0.65,0.0,0,0.0,0.0,0,0.0,0,0.0,0.0,0.0,0.0,0.33,100.0,0.0,0.0,0.33,100.0,0.33,0.33,100.0,3.27,50.0,0.0,0.98,0.0,20.95,0.0,1.6400000000000001,35.67,84.4,12.76,71.79,6.87,95.24,29.45,94.44,5.89,33.33,19.97,39.42,0.0,0.0,0.0,0.0,0.0,0.0,0.0,7.2,50.0,1.31,25.0,1.31,25.0,0.0,0.33,5.5600000000000005,76.47,92.86,13.75,0,,0,,0,0.0,0.0,0.0,,,0.33,,1.6400000000000001,0.0,0.0,0.0,0.0,0,0
J. Vassallo,Jake Vassallo,-279994,Birkirkara,Birkirkara,https://cdn5.wyscout.com/photos/team/public/2012_120x120.png,Premier League,"DMF, RCMF",DMF,61,RCMF,31,,0,22.0,2004-06-21,0,2027-06-30,3,273,0,0.03,0,0.59,9.89,50.0,Malta,['Malta'],right,0,0,False,6.59,5.93,66.67,0.33,0.0,0.0,0.0,0.66,2.64,3.08,1.32,1,0.33,0,0.0,0.66,0.0,0,0.0,0.01,0,0.0,2,0.66,0.0,0.0,0.0,0.33,100.0,0.0,0.0,0.33,100.0,0.0,1.32,25.0,3.3,20.0,0.66,0.33,0.0,18.13,0.0,0.33,24.4,75.68,10.22,61.29,4.29,100.0,21.76,80.3,2.31,28.57,20.82,32.94,0.2,1.32,0.0,0.0,0.0,0.0,0.0,4.29,46.15,0.99,66.67,0.0,0.0,0.66,0.33,5.27,68.75,81.82,7.25,0,,0,,0,0.0,0.0,0.0,,,0.33,,0.33,0.66,0.0,0.0,3.3,0,0
Kadu,Kadu Ribeiro Durval,-27720,Birkirkara,Birkirkara,https://cdn5.wyscout.com/photos/team/public/2012_120x120.png,Premier League,LCB3,LCB3,100,,0,,0,29.0,1997-02-09,0,2027-06-30,3,273,0,0.06,0,0.0,9.89,53.33,Brazil,['Brazil'],left,190,86,False,8.57,4.95,46.67,2.64,50.0,0.0,0.0,0.66,6.26,7.31,1.65,1,0.33,0,0.0,0.33,0.0,0,0.0,0.02,0,0.0,1,0.33,100.0,0.0,0.0,0.0,0.0,0.0,0.0,0.0,0.0,0.0,0.0,0.0,0.99,100.0,0.66,0.99,0.0,25.71,0.0,0.0,40.22,83.61,18.46,76.79,2.64,87.5,34.29,87.5,5.93,61.11,21.48,40.01,0.0,0.33,0.0,0.33,0.0,0.0,0.0,4.29,84.62,0.66,50.0,0.33,100.0,0.0,0.0,11.21,70.59,91.11,14.84,0,,0,,0,0.0,0.0,0.0,,,1.32,,2.64,0.0,0.0,0.0,0.0,0,0
Z. Cassar,Zachary Cassar,408044,Birzebbuga,Birzebbuga,https://cdn5.wyscout.com/photos/team/public/g12310_120x120.png,Premier League,"LB, LCB3, LB5",LB,40,LCB3,33,LB5,25,27.0,1998-11-02,100000,,3,273,0,0.0,0,0.02,9.23,60.71,Malta,['Malta'],left,173,66,False,6.26,5.93,55.56,1.98,66.67,0.66,0.8300000000000001,0.0,2.31,2.92,0.33,1,0.33,0,0.0,0.33,0.0,0,0.0,0.0,0,0.0,0,0.0,0.0,0.0,0.0,1.98,16.67,1.98,16.67,0.0,0.0,0.33,0.0,0.0,0.99,66.67,0.33,0.66,0.0,24.07,0.99,0.33,35.27,78.5,17.47,75.47,3.96,83.33,29.01,88.64,4.29,38.46,19.02,34.9,0.01,0.33,0.0,0.0,0.0,0.0,0.33,4.62,57.14,2.31,14.29,0.66,0.0,0.0,0.33,6.59,60.0,75.0,9.23,0,,0,,0,0.0,0.0,0.0,,,0.66,,1.98,0.0,0.0,0.0,0.0,0,0
N. Đjorić,Nikola  Đjorić,-118362,Balzan,Balzan,https://cdn5.wyscout.com/photos/team/public/g1452_120x120.png,Premier League,LCB,LCB,96,,0,,0,26.0,2000-03-03,0,,3,272,1,0.37,0,0.09,9.6,48.28,Serbia,['Serbia'],right,192,82,False,7.94,4.96,40.0,2.98,55.56,0.66,0.8,1.32,5.29,6.4,0.33,1,0.33,0,0.0,0.99,0.33,1,0.33,0.12,1,0.33,1,0.33,100.0,100.0,0.0,0.33,100.0,0.0,0.0,0.33,100.0,0.0,0.33,0.0,0.66,0.0,0.33,0.66,0.0,24.82,0.0,0.0,35.74,88.89,14.56,86.36,2.65,100.0,29.45,92.13,5.96,72.22,24.71,39.96,0.03,0.33,0.0,0.0,0.33,100.0,0.0,4.63,71.43,0.33,100.0,0.0,0.0,0.0,0.33,9.93,76.67,92.45,17.54,0,,0,,0,0.0,0.0,0.0,,,2.32,,2.98,0.0,0.0,0.0,0.0,0,0
O. Bjeličić,Ognjen Bjeličić,423593,Hamrun Spartans,Hamrun Spartans,https://cdn5.wyscout.com/photos/team/public/g1454_120x120.png,Premier League,"RDMF, LCB, RCMF",RDMF,35,LCB,32,RCMF,18,29.0,1997-07-29,300000,,3,272,0,0.22,1,0.0,9.93,50.0,Serbia,['Serbia'],right,184,79,False,5.29,5.29,50.0,1.65,60.0,0.33,0.48,0.0,2.32,3.39,1.99,1,0.33,0,0.0,0.99,0.0,0,0.0,0.07,0,0.0,2,0.66,50.0,0.0,0.33,1.32,25.0,0.0,0.0,1.32,25.0,0.33,0.99,33.33,2.32,42.86,0.99,0.66,0.0,39.71,0.0,0.66,52.28,84.18,18.2,69.09,2.98,100.0,48.64,88.44,2.32,28.57,19.45,32.39,0.0,0.0,0.0,0.0,0.0,0.0,0.33,10.59,78.13,2.32,14.29,0.66,0.0,0.0,0.33,11.25,76.47,94.29,23.16,0,,0,,0,0.0,0.0,0.0,,,0.99,,1.65,0.0,0.0,0.0,0.0,0,0
F. Varela,Federico Nicolás Varela,378055,Floriana,Floriana,https://cdn5.wyscout.com/photos/team/public/2014_120x120.png,Premier League,"AMF, CF",AMF,53,CF,45,,0,30.0,1996-05-07,300000,2027-06-30,3,271,0,0.8200000000000001,1,0.92,13.95,38.1,Argentina,"['Argentina', 'Spain']",right,174,70,False,2.66,2.66,62.5,1.33,0.0,0.0,0.0,0.0,1.0,1.5,0.0,0,0.0,0,0.0,2.66,0.0,0,0.0,0.27,0,0.0,3,1.0,33.33,0.0,0.33,1.99,50.0,1.0,66.67,1.0,33.33,1.0,2.32,57.14,7.97,41.67,1.6600000000000001,3.32,0.0,30.22,0.66,1.6600000000000001,32.88,85.86,12.62,78.95,6.31,89.47,29.56,88.76,1.33,75.0,16.42,28.76,0.30000000000000004,1.99,0.0,0.0,0.66,0.0,1.0,6.31,78.95,4.32,46.15,1.33,25.0,1.6600000000000001,0.66,6.31,84.21,86.36,7.31,0,,0,,0,0.0,0.0,0.0,,,0.0,,1.33,0.33,0.0,0.0,0.33,1,0
Dodo,Ailton Jorge Dos Santos Soares,-184207,Marsaxlokk,Marsaxlokk,https://cdn5.wyscout.com/photos/team/public/g1448_120x120.png,Premier League,CF,CF,93,,0,,0,35.0,1990-12-06,225000,2027-06-30,3,270,0,0.36,2,0.48,16.67,20.0,Cape Verde Islands,"['Cape Verde Islands', 'Italy']",right,178,0,False,2.0,2.0,50.0,4.67,7.14,0.0,0.0,0.33,1.0,1.45,1.0,0,0.0,0,0.0,1.33,0.0,0,0.0,0.12,0,0.0,5,1.67,40.0,0.0,0.67,0.33,0.0,0.33,0.0,0.0,0.0,0.0,1.0,66.67,9.0,22.22,3.67,0.33,0.33,14.0,2.33,1.0,21.33,79.69,3.33,80.0,8.0,83.33,20.33,81.97,0.67,50.0,14.48,39.47,0.16,3.0,0.0,0.0,0.0,0.0,2.0,1.33,50.0,0.67,50.0,0.0,0.0,1.33,0.0,1.67,60.0,72.22,6.0,0,,0,,0,0.0,0.0,0.0,,,0.67,,4.67,0.0,0.0,0.0,0.0,0,0
Teddy Teuma,Teddy Teuma,231415,Sliema Wanderers,Sliema Wanderers,https://cdn5.wyscout.com/photos/team/public/2010_120x120.png,Premier League,"AMF, CF, LDMF",AMF,37,CF,36,LDMF,18,32.0,1993-09-30,7000000,2028-06-30,3,270,0,0.98,0,0.09,10.0,36.67,France,"['France', 'Malta']",left,176,73,False,4.67,3.33,40.0,0.67,50.0,0.0,0.0,0.33,3.33,5.08,1.33,1,0.33,0,0.0,1.67,0.0,0,0.0,0.33,0,0.0,7,2.33,42.86,0.0,0.0,2.0,0.0,1.33,0.0,0.67,0.0,0.33,1.0,66.67,5.33,37.5,1.33,2.33,0.33,55.33,1.33,0.33,68.33,81.46,28.0,72.62,9.0,100.0,57.67,86.71,9.0,62.96,19.86,39.1,0.03,1.0,0.0,0.33,0.0,0.0,0.33,21.33,73.44,4.0,41.67,0.67,100.0,2.33,0.0,15.33,86.96,85.94,21.33,0,,0,,0,0.0,0.0,0.0,,,0.0,,0.67,1.67,0.33,100.0,2.33,1,0
Fabian Jankovic,Fabian Jankovic,-153405,Hibernians,Hibernians,https://cdn5.wyscout.com/photos/team/public/2009_120x120.png,Premier League,"CF, LCMF3, DMF",CF,31,LCMF3,30,DMF,26,21.0,2005-01-12,0,2027-06-30,4,268,1,0.21,0,0.32,7.39,63.64,Austria,['Austria'],right,181,0,False,4.7,3.69,81.82,1.01,66.67,0.67,0.88,0.34,1.01,1.32,1.01,1,0.34,0,0.0,1.01,0.34,1,0.34,0.07,0,0.0,5,1.6800000000000002,40.0,20.0,0.0,0.34,0.0,0.34,0.0,0.0,0.0,0.0,0.34,100.0,0.67,50.0,0.67,0.0,0.0,13.1,0.34,0.34,20.82,79.03,7.72,60.87,1.34,100.0,16.12,85.42,4.37,61.54,22.24,38.98,0.11,1.01,0.0,0.0,0.0,0.0,0.0,4.7,57.14,1.6800000000000002,40.0,1.01,66.67,0.67,0.0,3.69,63.64,92.0,8.4,0,,0,,0,0.0,0.0,0.0,,,0.0,,1.01,0.34,0.34,0.0,2.35,0,0
P. Afriyie,Prince Afriyie,-595683,Mosta,Mosta,https://cdn5.wyscout.com/photos/team/public/g3763_120x120.png,Premier League,"LCMF, RCMF3, RCMF",LCMF,72,RCMF3,14,RCMF,13,20.0,2006-01-01,0,2027-06-30,3,267,1,0.08,0,0.06,16.85,40.0,Ghana,['Ghana'],unknown,175,0,False,7.42,8.43,48.0,1.01,33.33,0.67,0.72,0.0,2.7,2.89,1.69,1,0.34,0,0.0,1.35,0.34,1,0.34,0.03,0,0.0,2,0.67,100.0,50.0,0.0,1.35,0.0,1.35,0.0,0.0,0.0,0.0,1.69,40.0,6.4,31.58,0.34,1.69,0.34,28.65,0.67,2.02,41.46,81.3,13.48,75.0,9.44,92.86,34.38,89.22,5.73,52.94,20.49,36.88,0.02,1.01,0.0,0.0,0.0,0.0,0.34,6.74,75.0,2.02,0.0,1.01,66.67,0.34,0.0,7.75,82.61,79.49,13.15,0,,0,,0,0.0,0.0,0.0,,,1.01,,1.01,0.0,0.0,0.0,0.0,0,0
Léo Fernandes,Leonardo Fernandes Joaquim da Silva,-72173,Balzan,Balzan,https://cdn5.wyscout.com/photos/team/public/g1452_120x120.png,Premier League,"RB, LW",RB,78,LW,21,,0,30.0,1996-03-16,50000,2027-06-30,3,266,0,0.08,1,0.43,13.87,53.66,Brazil,"['Brazil', 'Portugal']",right,178,0,False,5.75,4.06,58.33,1.69,60.0,0.34,0.4,0.34,3.05,3.6,0.68,0,0.0,0,0.0,3.7199999999999998,0.0,0,0.0,0.03,0,0.0,1,0.34,100.0,0.0,0.34,5.41,18.75,0.34,0.0,5.08,20.0,2.03,3.05,77.78,7.11,52.38,0.34,1.02,0.0,15.9,2.37,1.02,27.07,70.0,9.81,75.86,2.71,87.5,19.62,82.76,3.05,55.56,22.3,39.7,0.15,1.35,0.0,0.0,0.0,0.0,0.34,4.06,66.67,5.41,25.0,0.0,0.0,0.34,1.35,7.78,86.96,64.86,12.52,0,,0,,0,0.0,0.0,0.0,,,0.0,,1.69,1.69,0.0,0.0,2.71,0,0
M. Fontanella,Mario Fontanella,415848,Zabbar St. Patrick,Zabbar St. Patrick,https://cdn5.wyscout.com/photos/team/public/g3056_120x120.png,Premier League,CF,CF,100,,0,,0,37.0,1989-08-26,0,2027-06-30,3,265,1,0.92,1,0.86,13.25,43.59,Italy,"['Italy', 'Malta']",right,175,70,False,3.4,2.7199999999999998,75.0,3.06,33.33,0.0,0.0,0.34,1.3599999999999999,1.82,0.68,0,0.0,0,0.0,1.02,0.34,0,0.0,0.31,0,0.0,4,1.3599999999999999,50.0,25.0,0.34,2.04,16.67,0.34,0.0,1.7000000000000002,20.0,0.68,0.34,0.0,5.43,37.5,1.7000000000000002,0.68,0.0,13.58,2.7199999999999998,2.04,15.96,53.19,5.43,37.5,3.74,81.82,12.57,64.86,1.3599999999999999,0.0,17.34,30.0,0.29,1.02,0.0,0.0,0.0,0.0,1.02,2.04,0.0,3.06,22.22,0.68,0.0,0.68,0.68,2.38,42.86,38.46,4.42,0,,0,,0,0.0,0.0,0.0,,,0.0,,3.06,0.0,0.0,0.0,0.0,1,100
Jefferson Vinicius,Jefferson Vinicius Vitor Da Silva,-71054,Birkirkara,Birkirkara,https://cdn5.wyscout.com/photos/team/public/2012_120x120.png,Premier League,"LB5, LWB",LB5,64,LWB,35,,0,26.0,2000-05-03,0,2027-06-30,3,263,0,0.04,0,0.01,18.14,67.92,Brazil,['Brazil'],left,0,0,False,11.29,8.21,79.17,1.71,60.0,0.68,0.8,0.34,4.11,4.8,1.03,0,0.0,0,0.0,3.76,0.0,0,0.0,0.02,0,0.0,1,0.34,100.0,0.0,0.0,2.4,14.29,2.4,14.29,0.0,0.0,0.34,3.42,90.0,6.5,63.16,1.03,2.74,0.34,19.16,2.05,1.37,27.38,65.0,11.29,60.61,4.79,100.0,23.61,72.46,1.37,25.0,17.22,7.02,0.0,0.68,0.0,0.0,0.0,0.0,0.0,3.42,60.0,2.74,37.5,0.0,0.0,0.68,0.68,9.24,55.56,57.89,6.5,0,,0,,0,0.0,0.0,0.0,,,0.0,,1.71,0.0,0.0,0.0,0.0,0,0
Yuri,Yuri de Jesus Messias,311476,Birzebbuga,Birzebbuga,https://cdn5.wyscout.com/photos/team/public/g12310_120x120.png,Premier League,CF,CF,88,,0,,0,34.0,1991-09-11,300000,,3,260,1,0.91,0,0.39,15.58,37.78,Brazil,['Brazil'],right,169,67,False,1.04,1.73,40.0,0.35000000000000003,100.0,0.0,0.0,0.0,0.35000000000000003,0.43,1.38,0,0.0,0,0.0,3.81,0.35000000000000003,1,0.35000000000000003,0.31,0,0.0,10,3.46,20.0,10.0,0.0,2.08,0.0,1.38,0.0,0.35000000000000003,0.0,0.6900000000000001,5.88,47.06,11.77,41.18,2.42,0.35000000000000003,0.0,23.88,1.73,1.04,33.23,71.88,8.65,68.0,4.15,91.67,29.77,79.07,1.38,25.0,17.27,20.27,0.13,1.73,0.0,0.0,0.6900000000000001,50.0,0.35000000000000003,6.23,66.67,2.08,33.33,1.04,33.33,0.6900000000000001,0.0,2.77,100.0,70.59,11.77,0,,0,,0,0.0,0.0,0.0,,,0.0,,0.35000000000000003,1.04,0.35000000000000003,0.0,2.42,0,0
Macula,Lucas Ribeiro de Oliveira,-77740,Balzan,Balzan,https://cdn5.wyscout.com/photos/team/public/g1452_120x120.png,Premier League,"RW, LW, CF",RW,39,LW,38,CF,22,26.0,2000-06-10,300000,2027-06-30,3,259,0,0.72,0,0.39,25.71,44.59,Brazil,['Brazil'],,0,0,False,9.03,4.86,78.57,6.6,47.37,1.04,1.3,0.6900000000000001,4.17,5.22,2.08,0,0.0,0,0.0,2.7800000000000002,0.0,0,0.0,0.25,0,0.0,8,2.7800000000000002,25.0,0.0,0.0,1.3900000000000001,25.0,1.04,33.33,0.35000000000000003,0.0,0.0,5.21,33.33,12.86,35.14,3.8200000000000003,2.08,1.3900000000000001,13.2,1.3900000000000001,1.3900000000000001,15.98,73.91,3.8200000000000003,63.64,2.43,100.0,11.47,75.76,3.13,88.89,24.71,46.18,0.13,1.04,0.0,0.0,0.0,0.0,0.35000000000000003,2.08,83.33,1.3900000000000001,50.0,0.35000000000000003,100.0,1.04,0.6900000000000001,4.17,66.67,77.78,6.25,0,,0,,0,0.0,0.0,0.0,,,0.6900000000000001,,6.6,0.0,0.0,0.0,0.0,0,0
D. Vella,Dunstan Vella,270659,Floriana,Floriana,https://cdn5.wyscout.com/photos/team/public/2014_120x120.png,Premier League,"RCMF, RDMF",RCMF,53,RDMF,46,,0,30.0,1996-04-27,300000,2028-06-30,4,259,1,0.46,2,0.22,7.3,47.62,Malta,['Malta'],right,180,67,False,5.21,5.5600000000000005,56.25,0.35000000000000003,0.0,0.0,0.0,0.35000000000000003,2.08,2.86,1.3900000000000001,2,0.6900000000000001,0,0.0,0.6900000000000001,0.35000000000000003,1,0.35000000000000003,0.16,0,0.0,2,0.6900000000000001,50.0,50.0,0.6900000000000001,0.0,0.0,0.0,0.0,0.0,0.0,0.0,0.35000000000000003,0.0,1.04,0.0,1.04,2.7800000000000002,0.0,35.79,0.0,0.0,46.91,94.81,13.55,87.18,3.8200000000000003,90.91,45.17,94.62,1.74,100.0,18.2,23.8,0.07,1.04,0.35000000000000003,0.0,0.35000000000000003,100.0,1.04,5.91,94.12,1.3900000000000001,100.0,0.35000000000000003,100.0,1.3900000000000001,0.0,7.3,85.71,100.0,23.98,0,,0,,0,0.0,0.0,0.0,,,0.0,,0.35000000000000003,0.0,0.0,0.0,0.0,0,0
C. M'Mombwa,Charles M'Mombwa,522801,Zabbar St. Patrick,Zabbar St. Patrick,https://cdn5.wyscout.com/photos/team/public/g3056_120x120.png,Premier League,RCMF,RCMF,100,,0,,0,28.0,1998-03-14,0,,3,256,0,0.01,0,0.0,10.55,53.33,Tanzania,"['Tanzania', 'Australia']",right,173,68,False,7.73,4.57,61.54,1.05,33.33,0.0,0.0,0.35000000000000003,4.92,6.36,1.76,1,0.35000000000000003,0,0.0,1.05,0.0,0,0.0,0.0,0,0.0,1,0.35000000000000003,0.0,0.0,0.0,0.0,0.0,0.0,0.0,0.0,0.0,0.0,1.05,100.0,3.52,60.0,0.7000000000000001,0.35000000000000003,0.0,22.15,1.05,1.05,35.16,85.0,9.14,61.54,8.09,95.65,33.05,90.43,2.11,0.0,18.45,44.19,0.0,0.0,0.0,0.0,0.0,0.0,0.0,3.87,63.64,0.35000000000000003,0.0,0.35000000000000003,0.0,0.0,0.0,3.87,54.55,88.89,12.66,0,,0,,0,0.0,0.0,0.0,,,0.7000000000000001,,1.05,0.0,0.0,0.0,0.0,0,0
Alex Tanque,Alex de Aguiar Gomes,433080,Valletta,Valletta,https://cdn5.wyscout.com/photos/team/public/2007_120x120.png,Premier League,CF,CF,100,,0,,0,32.0,1994-04-14,200000,,4,256,0,0.1,1,0.53,19.69,48.21,Brazil,['Brazil'],right,187,82,False,3.87,3.87,72.73,4.22,41.67,0.35000000000000003,0.56,0.0,0.7000000000000001,1.11,1.05,0,0.0,0,0.0,1.4100000000000001,0.0,0,0.0,0.04,0,0.0,1,0.35000000000000003,0.0,0.0,0.35000000000000003,0.35000000000000003,0.0,0.0,0.0,0.35000000000000003,0.0,0.0,2.46,57.14,10.55,43.33,1.05,1.05,0.0,11.6,0.35000000000000003,1.4100000000000001,18.98,77.78,6.68,57.89,4.22,100.0,17.93,78.43,0.7000000000000001,100.0,15.76,14.52,0.19,1.4100000000000001,0.0,0.0,0.35000000000000003,0.0,0.7000000000000001,2.81,62.5,2.11,66.67,0.7000000000000001,50.0,1.76,0.0,2.81,75.0,100.0,2.81,0,,0,,0,0.0,0.0,0.0,,,0.35000000000000003,,4.22,0.0,0.0,0.0,0.0,0,0
Andy Borg,Andrew Borg,-348090,Gzira United,Gzira United,https://cdn5.wyscout.com/photos/team/public/g14354_120x120.png,Premier League,"RCMF3, RCMF",RCMF3,60,RCMF,39,,0,22.0,2004-05-27,0,,3,249,0,0.16,0,0.04,14.1,48.72,Malta,['Malta'],right,176,0,False,6.87,6.87,57.89,2.17,50.0,0.36,0.51,0.36,2.5300000000000002,3.56,1.08,0,0.0,0,0.0,2.17,0.0,0,0.0,0.06,0,0.0,4,1.45,25.0,0.0,0.0,2.17,50.0,0.36,100.0,1.81,40.0,0.0,1.45,50.0,4.34,33.33,0.72,1.08,0.0,20.96,0.36,1.08,30.72,83.53,10.48,75.86,6.51,77.78,25.3,88.57,3.25,66.67,18.6,38.42,0.02,0.36,0.0,0.0,0.0,0.0,0.36,3.98,63.64,1.45,75.0,0.36,100.0,0.0,1.08,4.7,84.62,90.91,7.95,0,,0,,0,0.0,0.0,0.0,,,0.36,,2.17,0.0,0.0,0.0,0.0,0,0
Alejandro Garzia,Alejandro Garzia,-184064,Birkirkara,Birkirkara,https://cdn5.wyscout.com/photos/team/public/2012_120x120.png,Premier League,"RB5, RWB",RB5,55,RWB,35,,0,24.0,2002-03-21,0,,3,247,0,0.07,1,0.45,12.02,45.45,Malta,['Malta'],right,180,69,False,6.5600000000000005,5.47,53.33,1.09,66.67,0.0,0.0,0.0,3.64,4.48,0.36,0,0.0,0,0.0,1.09,0.0,0,0.0,0.03,0,0.0,2,0.73,0.0,0.0,0.36,1.46,25.0,0.0,0.0,1.46,25.0,0.36,2.55,28.57,5.1,35.71,1.82,3.2800000000000002,0.73,25.51,1.46,1.09,28.42,75.64,9.47,84.62,3.64,70.0,23.68,81.54,3.2800000000000002,55.56,20.81,47.3,0.17,1.82,0.0,0.0,0.0,0.0,0.36,5.83,87.5,2.55,85.71,1.09,100.0,2.55,0.73,9.47,80.77,75.0,10.2,0,,0,,0,0.0,0.0,0.0,,,0.0,,1.09,0.0,0.0,0.0,0.0,0,0
Emerson,Marcelina Emerson,163072,Hamrun Spartans,Hamrun Spartans,https://cdn5.wyscout.com/photos/team/public/g1454_120x120.png,Premier League,"LCB, RCB",LCB,75,RCB,24,,0,35.0,1991-02-24,200000,2027-06-30,3,246,0,0.04,0,0.0,19.02,75.0,Brazil,['Brazil'],right,190,84,False,10.61,8.78,83.33,7.68,66.67,0.0,0.0,1.1,3.29,4.66,0.73,1,0.37,0,0.0,0.0,0.0,0,0.0,0.01,0,0.0,1,0.37,0.0,0.0,0.0,0.0,0.0,0.0,0.0,0.0,0.0,0.0,0.0,0.0,1.46,100.0,0.37,0.73,0.0,43.17,0.73,0.73,58.9,90.06,25.24,81.16,1.1,100.0,54.88,92.67,4.02,54.55,20.53,41.42,0.0,0.0,0.37,0.0,0.0,0.0,0.0,5.85,62.5,0.73,100.0,0.37,100.0,0.37,0.0,12.44,73.53,97.26,26.71,0,,0,,0,0.0,0.0,0.0,,,1.1,,7.68,0.0,0.0,0.0,0.0,0,0
V. Polito,Vincenzo Polito,-90740,Hamrun Spartans,Hamrun Spartans,https://cdn5.wyscout.com/photos/team/public/g1454_120x120.png,Premier League,"RCB, RB",RCB,76,RB,23,,0,27.0,1999-03-14,25000,2027-06-30,3,245,0,0.2,0,0.0,17.27,61.7,Italy,['Italy'],right,180,72,False,12.49,8.08,63.64,5.14,57.14,0.73,1.11,2.94,6.61,10.0,1.47,2,0.73,0,0.0,0.0,0.0,0,0.0,0.07,0,0.0,2,0.73,0.0,0.0,0.0,1.47,0.0,0.0,0.0,1.47,0.0,0.0,0.0,0.0,3.31,66.67,0.73,0.73,0.0,33.8,0.0,1.8399999999999999,51.06,83.45,21.67,76.27,4.41,83.33,42.98,93.16,6.61,38.89,20.38,26.76,0.0,0.0,0.0,0.0,0.0,0.0,0.0,4.41,41.67,0.73,0.0,0.37,0.0,0.0,0.0,6.24,58.82,90.91,20.2,0,,0,,0,0.0,0.0,0.0,,,0.37,,5.14,0.0,0.0,0.0,0.0,0,0
E. Bičakčić,Ermin Bičakčić,114354,Valletta,Valletta,https://cdn5.wyscout.com/photos/team/public/2007_120x120.png,Premier League,LCB,LCB,92,,0,,0,36.0,1990-01-24,400000,2027-06-30,3,242,0,0.11,0,0.0,10.79,51.72,Bosnia and Herzegovina,"['Bosnia and Herzegovina', 'Germany']",right,185,85,False,8.18,5.95,68.75,3.7199999999999998,30.0,0.0,0.0,0.0,4.09,6.35,1.8599999999999999,0,0.0,0,0.0,0.74,0.0,0,0.0,0.04,0,0.0,1,0.37,100.0,0.0,0.0,0.37,100.0,0.37,100.0,0.0,0.0,0.0,0.0,0.0,0.37,0.0,0.74,1.49,0.37,23.8,0.0,0.0,35.7,91.67,14.5,84.62,1.49,100.0,33.47,94.44,1.8599999999999999,40.0,19.92,29.43,0.0,0.0,0.0,0.0,0.0,0.0,0.0,3.35,66.67,0.74,0.0,0.37,0.0,0.0,0.37,3.7199999999999998,80.0,97.67,15.99,0,,0,,0,0.0,0.0,0.0,,,1.12,,3.7199999999999998,0.0,0.0,0.0,0.0,0,0
N. Portelli,Nevin Portelli,466409,Mosta,Mosta,https://cdn5.wyscout.com/photos/team/public/g3763_120x120.png,Premier League,"LW, RW",LW,64,RW,35,,0,26.0,1999-09-16,100000,2027-06-30,3,240,0,0.23,1,0.71,15.0,42.5,Malta,['Malta'],right,187,79,False,5.63,3.0,75.0,4.5,33.33,0.0,0.0,0.0,3.38,3.7,0.38,0,0.0,0,0.0,4.13,0.0,0,0.0,0.09,0,0.0,2,0.75,0.0,0.0,0.38,3.0,50.0,2.63,42.86,0.38,100.0,0.38,4.13,63.64,6.75,38.89,1.88,5.63,1.5,21.38,1.88,0.38,27.37,75.34,7.87,52.38,10.13,92.59,21.38,84.21,3.0,37.5,20.28,46.13,0.27,1.5,0.38,0.0,0.0,0.0,1.13,3.75,30.0,3.0,50.0,0.38,100.0,0.38,1.5,5.63,60.0,83.33,4.5,0,,0,,0,0.0,0.0,0.0,,,0.0,,4.5,0.75,0.0,0.0,1.5,0,0
Amarildo,Amarildo Aparecido de Souza Junior,-70916,Birkirkara,Birkirkara,https://cdn5.wyscout.com/photos/team/public/2012_120x120.png,Premier League,CF,CF,86,,0,,0,27.0,1999-01-19,0,2027-06-30,3,235,1,1.72,0,0.16,15.7,46.34,Brazil,['Brazil'],right,188,79,False,0.77,0.77,50.0,0.38,0.0,0.0,0.0,0.0,0.38,0.47000000000000003,0.0,0,0.0,0,0.0,5.36,0.38,1,0.38,0.66,0,0.0,18,6.89,22.22,5.556,0.0,0.77,50.0,0.38,0.0,0.38,100.0,0.0,4.98,69.23,12.26,53.13,4.6,4.21,0.38,19.53,1.53,1.53,19.15,78.0,4.21,72.73,1.9100000000000001,80.0,17.23,77.78,1.15,100.0,18.96,26.16,0.06,0.77,0.0,0.0,0.0,0.0,0.0,1.9100000000000001,80.0,1.9100000000000001,80.0,0.0,0.0,1.9100000000000001,0.38,1.53,100.0,76.19,8.04,0,,0,,0,0.0,0.0,0.0,,,0.0,,0.38,0.0,0.0,0.0,0.0,0,0
W. Alli,Wale Musa Alli,-117955,,Sliema Wanderers,,,"RW, RAMF, LAMF",RW,56,RAMF,31,LAMF,12,25.0,2000-12-31,600000,,3,234,1,1.13,0,0.09,16.92,56.82,Nigeria,['Nigeria'],right,160,55,False,3.85,3.46,77.78,1.54,25.0,0.38,0.53,0.0,0.77,1.05,0.38,0,0.0,0,0.0,4.62,0.38,1,0.38,0.43,0,0.0,5,1.92,40.0,20.0,0.0,5.0,23.08,0.77,50.0,4.23,18.18,0.38,4.23,63.64,11.15,55.17,3.85,4.62,0.38,20.0,5.0,2.69,23.46,75.41,3.08,87.5,5.38,100.0,18.08,91.49,0.77,0.0,17.4,13.8,0.03,1.54,0.0,0.0,0.0,0.0,0.77,0.0,0.0,4.23,36.36,0.0,0.0,0.77,1.15,3.08,75.0,65.52,11.15,0,,0,,0,0.0,0.0,0.0,,,0.0,,1.54,0.0,0.0,0.0,0.0,0,0
K. Bondin,Kurt Bondin,-262154,Birzebbuga,Birzebbuga,https://cdn5.wyscout.com/photos/team/public/g12310_120x120.png,Premier League,"LCMF, RCMF3",LCMF,40,RCMF3,29,,0,24.0,2002-06-03,0,2027-06-30,3,231,0,0.03,0,0.0,12.86,54.55,Malta,['Malta'],,0,0,False,7.79,5.84,73.33,0.0,0.0,0.39,0.52,0.0,3.12,4.14,0.78,0,0.0,0,0.0,1.17,0.0,0,0.0,0.01,0,0.0,2,0.78,100.0,0.0,0.0,0.78,0.0,0.78,0.0,0.0,0.0,0.39,0.78,50.0,5.45,35.71,0.78,1.56,0.0,28.05,0.39,1.56,36.62,90.43,11.3,86.21,7.01,100.0,34.29,93.18,1.56,75.0,15.83,30.09,0.0,0.0,0.0,0.0,0.0,0.0,0.0,5.45,85.71,1.56,25.0,0.0,0.0,0.39,0.0,4.29,90.91,87.88,12.86,0,,0,,0,0.0,0.0,0.0,,,0.0,,0.0,0.0,0.0,0.0,0.0,0,0
Boris Druga,Boris Druga,-231926,Hibernians,Hibernians,https://cdn5.wyscout.com/photos/team/public/2009_120x120.png,Premier League,"LW, RWB",LW,85,RWB,14,,0,24.0,2002-03-25,0,2027-06-30,3,226,1,1.17,0,0.0,12.74,34.38,Slovakia,['Slovakia'],,182,0,False,4.78,4.78,41.67,1.5899999999999999,0.0,0.0,0.0,0.0,2.79,3.09,0.8,0,0.0,0,0.0,4.38,0.4,1,0.4,0.46,0,0.0,4,1.5899999999999999,25.0,25.0,0.0,4.38,36.36,2.39,50.0,1.99,20.0,0.0,3.58,55.56,4.78,41.67,3.58,2.39,0.0,15.53,2.79,0.0,21.11,50.94,10.35,34.62,2.79,100.0,13.54,61.76,3.58,33.33,20.33,41.85,0.0,0.0,0.4,0.0,0.4,100.0,0.4,3.58,22.22,4.78,41.67,0.8,50.0,1.5899999999999999,0.8,4.38,72.73,53.33,5.97,0,,0,,0,0.0,0.0,0.0,,,0.0,,1.5899999999999999,0.0,0.0,0.0,1.19,0,0
Ulises Arias,Ulises Jesús Arias,-184065,Marsaxlokk,Marsaxlokk,https://cdn5.wyscout.com/photos/team/public/g1448_120x120.png,Premier League,"LWF, RW",LWF,66,RW,33,,0,30.0,1996-08-05,200000,2027-06-30,3,222,2,0.11,1,0.36,26.35,36.92,Argentina,['Argentina'],right,160,59,False,4.86,4.46,63.64,1.22,33.33,0.0,0.0,0.0,2.03,3.06,0.41000000000000003,0,0.0,0,0.0,3.65,0.81,2,0.81,0.04,0,0.0,6,2.43,33.33,33.333,0.41000000000000003,2.03,40.0,0.81,0.0,1.22,66.67,0.41000000000000003,4.05,50.0,19.05,27.66,3.65,2.43,0.81,25.95,2.43,0.81,32.43,78.75,12.57,83.87,4.86,91.67,30.0,81.08,0.41000000000000003,100.0,16.36,17.12,0.15,2.43,0.41000000000000003,0.0,0.0,0.0,0.41000000000000003,4.86,83.33,3.24,50.0,0.0,0.0,1.22,0.81,6.49,87.5,66.67,9.73,0,,0,,0,0.0,0.0,0.0,,,0.0,,1.22,0.0,0.0,0.0,3.65,0,0
J. Grech,Jake Grech,340383,Hamrun Spartans,Hamrun Spartans,https://cdn5.wyscout.com/photos/team/public/g1454_120x120.png,Premier League,"AMF, LWF, LCMF3",AMF,27,LWF,22,LCMF3,16,28.0,1997-11-18,200000,2029-05-31,3,217,0,0.23,0,0.23,6.64,37.5,Malta,['Malta'],right,183,79,False,2.07,1.6600000000000001,25.0,0.41000000000000003,0.0,0.0,0.0,0.41000000000000003,1.6600000000000001,2.67,0.0,0,0.0,0,0.0,1.6600000000000001,0.0,0,0.0,0.09,0,0.0,2,0.8300000000000001,50.0,0.0,0.0,2.07,20.0,1.24,33.33,0.8300000000000001,0.0,0.41000000000000003,0.41000000000000003,100.0,3.73,44.44,2.9,0.8300000000000001,0.0,38.16,0.41000000000000003,1.24,51.84,84.8,13.27,78.13,10.78,96.15,48.53,88.89,1.24,33.33,17.99,26.89,0.1,0.8300000000000001,0.0,0.0,0.41000000000000003,100.0,0.8300000000000001,7.47,83.33,2.9,42.86,0.8300000000000001,50.0,1.24,0.8300000000000001,7.47,77.78,86.67,18.66,0,,0,,0,0.0,0.0,0.0,,,1.24,,0.41000000000000003,0.0,0.0,0.0,0.8300000000000001,0,0
J. Grech,Jake Grech,-308448,Balzan,Balzan,https://cdn5.wyscout.com/photos/team/public/g1452_120x120.png,Premier League,"LB, RCMF",LB,67,RCMF,32,,0,22.0,2004-03-06,0,,3,214,0,0.14,0,0.0,12.2,44.83,Malta,['Malta'],right,0,0,False,7.15,5.05,50.0,2.94,57.14,0.84,0.98,0.84,3.79,4.43,1.26,1,0.42,0,0.0,0.42,0.0,0,0.0,0.06,0,0.0,3,1.26,33.33,0.0,0.0,0.42,0.0,0.42,0.0,0.0,0.0,0.42,0.84,0.0,3.36,25.0,0.84,1.6800000000000002,0.42,16.82,1.26,0.42,23.97,73.68,12.62,70.0,2.94,85.71,20.61,81.63,2.94,28.57,23.45,30.81,0.0,0.0,0.0,0.0,0.0,0.0,0.0,6.73,75.0,0.84,0.0,0.0,0.0,0.0,0.0,6.73,75.0,75.0,6.73,0,,0,,0,0.0,0.0,0.0,,,0.42,,2.94,0.42,0.0,0.0,0.0,0,0
Alexander Satariano,Alexander Satariano,460608,Sliema Wanderers,Sliema Wanderers,https://cdn5.wyscout.com/photos/team/public/2010_120x120.png,Premier League,"RCMF, LDMF, AMF",RCMF,37,LDMF,24,AMF,22,24.0,2001-10-25,250000,,3,214,0,0.19,0,0.23,15.56,40.54,Malta,['Malta'],both,184,77,False,4.63,3.36,50.0,1.6800000000000002,25.0,0.84,1.18,0.0,2.1,2.94,2.94,1,0.42,0,0.0,1.6800000000000002,0.0,0,0.0,0.08,0,0.0,1,0.42,100.0,0.0,0.0,0.0,0.0,0.0,0.0,0.0,0.0,0.0,1.6800000000000002,75.0,8.41,45.0,0.84,0.42,0.42,21.03,0.42,0.84,27.76,78.79,11.36,81.48,5.47,84.62,27.34,78.46,0.42,100.0,14.17,6.25,0.1,0.42,0.42,0.0,0.0,0.0,0.0,2.1,60.0,2.52,66.67,0.0,0.0,0.84,0.0,2.52,50.0,66.67,6.31,0,,0,,0,0.0,0.0,0.0,,,0.42,,1.6800000000000002,0.0,0.0,0.0,0.0,0,0
R. Prša,Roko Prša,362377,Valletta,Valletta,https://cdn5.wyscout.com/photos/team/public/2007_120x120.png,Premier League,"CF, LW",CF,71,LW,28,,0,30.0,1996-02-16,300000,2027-06-30,4,214,2,1.6400000000000001,1,0.74,9.25,27.27,Croatia,['Croatia'],left,181,69,False,5.47,2.1,60.0,2.94,28.57,0.0,0.0,0.0,4.21,8.11,0.84,1,0.42,0,0.0,2.94,0.84,2,0.84,0.6900000000000001,1,0.42,6,2.52,83.33,33.333,0.42,0.42,100.0,0.42,100.0,0.0,0.0,0.42,0.84,50.0,3.36,12.5,3.36,0.84,0.0,19.35,1.26,0.0,24.81,88.14,5.47,76.92,9.25,95.45,23.97,87.72,0.42,100.0,12.76,14.79,0.31,0.84,0.0,0.0,0.0,0.0,0.42,2.52,100.0,0.42,100.0,0.0,0.0,0.42,0.42,1.6800000000000002,75.0,91.67,5.05,0,,0,,0,0.0,0.0,0.0,,,0.0,,2.94,1.26,0.0,0.0,1.6800000000000002,0,0
Filipe Maio,Filipe Bartolomeu Maio,-107761,Gzira United,Gzira United,https://cdn5.wyscout.com/photos/team/public/g14354_120x120.png,Premier League,"LB, LB5",LB,89,LB5,10,,0,27.0,1999-01-06,0,2027-06-30,3,213,0,0.59,0,0.17,10.14,58.33,Portugal,['Portugal'],left,185,75,False,8.03,5.49,53.85,1.27,66.67,0.0,0.0,0.0,5.07,5.37,0.0,0,0.0,0,0.0,2.96,0.0,0,0.0,0.25,0,0.0,2,0.85,50.0,0.0,0.0,3.8,44.44,3.8,44.44,0.0,0.0,1.27,0.85,100.0,2.96,71.43,1.27,2.11,0.0,18.59,2.11,1.27,24.51,77.59,9.3,68.18,4.23,100.0,17.32,90.24,3.8,44.44,21.25,26.55,0.07,0.85,0.0,0.42,0.0,0.0,0.42,3.8,66.67,2.96,57.14,0.42,0.0,0.0,1.69,8.03,73.68,80.95,8.87,0,,0,,0,0.0,0.0,0.0,,,0.0,,1.27,0.0,0.0,0.0,0.0,0,0
Rafael Compri,Rafael Petrilio Compri,301845,Hamrun Spartans,Hamrun Spartans,https://cdn5.wyscout.com/photos/team/public/g1454_120x120.png,Premier League,"RB, LAMF",RB,87,LAMF,12,,0,30.0,1995-11-17,0,2027-06-30,3,209,0,0.0,0,0.08,11.2,57.69,Brazil,['Brazil'],,177,78,False,3.88,5.17,66.67,0.43,0.0,0.0,0.0,0.0,0.43,0.6000000000000001,0.43,0,0.0,0,0.0,1.72,0.0,0,0.0,0.0,0,0.0,0,0.0,0.0,0.0,0.0,3.44,0.0,0.0,0.0,3.44,0.0,0.86,1.72,100.0,4.74,54.55,0.43,2.15,0.0,40.91,0.43,0.43,53.83,85.6,18.95,84.09,9.04,100.0,47.8,93.69,2.58,50.0,17.35,24.69,0.04,0.43,0.0,0.0,0.0,0.0,0.0,5.6,92.31,3.88,33.33,0.0,0.0,1.29,0.0,11.2,88.46,84.62,16.79,0,,0,,0,0.0,0.0,0.0,,,1.29,,0.43,0.0,0.0,0.0,0.0,0,0
Gabriel Costa,Gabriel Costa Goncalves,470559,,Birzebbuga,,,CF,CF,100,,0,,0,28.0,1998-02-26,0,,3,205,0,0.7000000000000001,0,0.0,19.76,37.78,Brazil,['Brazil'],,177,70,False,2.63,2.63,50.0,5.71,30.77,0.44,0.53,0.0,0.88,1.05,1.32,0,0.0,0,0.0,2.2,0.0,0,0.0,0.31,0,0.0,5,2.2,60.0,0.0,0.0,0.0,0.0,0.0,0.0,0.0,0.0,0.0,0.88,100.0,8.34,31.58,3.07,0.44,0.0,11.85,3.51,1.76,14.49,81.82,1.32,66.67,7.9,94.44,13.17,83.33,1.32,66.67,17.89,32.65,0.0,0.0,0.0,0.0,0.0,0.0,0.0,1.76,50.0,0.0,0.0,0.0,0.0,0.0,0.0,1.32,66.67,57.14,3.07,0,,0,,0,0.0,0.0,0.0,,,0.0,,5.71,0.0,0.0,0.0,0.0,0,0
A. Ćorić,Ante Ćorić,318357,Hamrun Spartans,Hamrun Spartans,https://cdn5.wyscout.com/photos/team/public/g1454_120x120.png,Premier League,"CF, DMF, AMF",CF,27,DMF,23,AMF,23,29.0,1997-04-14,250000,2027-06-30,3,202,0,0.24,0,0.18,9.8,72.73,Croatia,['Croatia'],both,176,75,False,4.9,2.67,100.0,0.89,50.0,0.0,0.0,0.0,2.23,3.49,0.0,0,0.0,0,0.0,4.46,0.0,0,0.0,0.11,0,0.0,6,2.67,0.0,0.0,0.0,5.35,41.67,2.23,60.0,3.12,28.57,1.34,2.23,100.0,5.79,69.23,2.67,2.67,0.0,50.35,1.34,0.45,64.16,88.19,21.83,89.8,14.26,96.88,58.81,92.42,0.0,0.0,16.44,0.0,0.08,0.89,0.0,0.0,0.0,0.0,0.0,11.14,96.0,6.68,53.33,0.0,0.0,3.12,1.34,11.58,92.31,84.09,19.6,0,,0,,0,0.0,0.0,0.0,,,0.0,,0.89,0.89,0.45,0.0,2.67,0,0
J. Pisani,Jurgen Pisani,158535,,Zabbar St. Patrick,,,"LB, LCB",LB,87,LCB,12,,0,33.0,1992-09-03,150000,,3,202,0,0.06,0,0.07,8.02,55.56,Malta,['Malta'],left,186,78,False,8.47,6.24,57.14,0.45,0.0,0.0,0.0,0.45,4.9,6.73,0.45,0,0.0,0,0.0,0.45,0.0,0,0.0,0.03,0,0.0,2,0.89,0.0,0.0,0.0,0.89,50.0,0.89,50.0,0.0,0.0,0.45,0.0,0.0,0.89,50.0,0.0,0.45,0.0,25.4,0.45,0.45,32.08,76.39,13.37,56.67,7.57,88.24,26.73,83.33,4.9,45.45,19.44,24.47,0.03,0.89,0.0,0.0,0.0,0.0,0.45,4.46,60.0,1.34,33.33,0.45,0.0,0.0,0.45,7.13,62.5,94.44,8.02,0,,0,,0,0.0,0.0,0.0,,,0.89,,0.45,0.0,0.0,0.0,0.0,0,0
Gustavo Campos,Gustavo Felipe de Campos Gonçalves,-43948,,Birzebbuga,,,"CB, LCB",CB,50,LCB,49,,0,29.0,1997-01-28,0,,2,201,0,0.0,0,0.0,7.61,47.06,Brazil,['Brazil'],left,185,0,False,7.16,5.82,46.15,0.9,100.0,0.45,0.59,0.0,4.03,5.29,1.79,1,0.45,0,0.0,0.0,0.0,0,0.0,0.0,0,0.0,1,0.45,0.0,0.0,0.0,0.45,0.0,0.45,0.0,0.0,0.0,0.0,0.45,0.0,0.45,0.0,0.0,0.0,0.0,32.24,0.45,0.0,46.12,92.23,12.99,86.21,2.24,80.0,38.51,97.67,7.16,68.75,22.79,34.32,0.0,0.0,0.0,0.0,0.0,0.0,0.0,2.24,60.0,0.0,0.0,0.0,0.0,0.0,0.0,5.82,76.92,96.67,26.87,0,,0,,0,0.0,0.0,0.0,,,1.79,,0.9,0.45,0.45,0.0,0.0,0,0
Diego Cámara,Diego Cámara Calleja,-190145,Sliema Wanderers,Sliema Wanderers,https://cdn5.wyscout.com/photos/team/public/2010_120x120.png,Premier League,"RCB, RB",RCB,57,RB,42,,0,28.0,1998-07-01,150000,2027-06-30,2,200,0,0.0,0,0.01,9.9,68.18,Spain,['Spain'],right,184,79,False,8.55,3.6,62.5,2.25,100.0,0.45,0.73,0.9,5.85,9.51,1.8,1,0.45,0,0.0,0.45,0.0,0,0.0,0.0,0,0.0,0,0.0,0.0,0.0,0.0,0.45,100.0,0.0,0.0,0.45,100.0,0.0,0.0,0.0,1.35,33.33,0.45,0.9,0.0,25.2,0.45,0.9,36.9,95.12,13.5,90.0,2.25,100.0,34.2,97.37,2.7,66.67,18.98,38.71,0.0,0.45,0.0,0.0,0.0,0.0,0.0,4.95,72.73,1.35,33.33,0.0,0.0,0.0,0.45,4.5,100.0,97.3,16.65,0,,0,,0,0.0,0.0,0.0,,,0.9,,2.25,0.0,0.0,0.0,0.0,0,0
Gustavo Alcino,Gustavo Alcino,-55121,Sliema Wanderers,Sliema Wanderers,https://cdn5.wyscout.com/photos/team/public/2010_120x120.png,Premier League,RCB,RCB,92,,0,,0,28.0,1997-11-18,250000,,2,200,0,0.0,0,0.0,6.3,71.43,Brazil,['Brazil'],right,189,80,False,8.1,3.15,85.71,1.8,75.0,0.0,0.0,1.35,5.4,6.79,0.45,1,0.45,0,0.0,0.0,0.0,0,0.0,0.0,0,0.0,0,0.0,0.0,0.0,0.0,0.0,0.0,0.0,0.0,0.0,0.0,0.0,0.0,0.0,0.9,0.0,0.0,0.0,0.0,30.15,0.9,0.0,46.35,85.44,16.65,70.27,4.05,88.89,43.2,90.63,3.15,14.29,20.78,40.15,0.0,0.0,0.0,0.0,0.0,0.0,0.0,3.15,57.14,0.0,0.0,0.45,0.0,0.0,0.0,8.55,52.63,95.83,21.6,0,,0,,0,0.0,0.0,0.0,,,2.7,,1.8,0.0,0.0,0.0,0.0,0,0
Marc Van de Bovenkamp,Marc Van de Bovenkamp,-393270,Gzira United,Gzira United,https://cdn5.wyscout.com/photos/team/public/g14354_120x120.png,Premier League,"LCB, LB",LCB,50,LB,49,,0,28.0,1998-08-13,0,2027-06-30,2,199,0,0.26,0,0.01,9.05,55.0,Spain,['Spain'],left,193,0,False,6.33,4.07,77.78,2.71,50.0,0.9,1.43,0.0,2.26,3.5700000000000003,0.0,0,0.0,0,0.0,0.45,0.0,0,0.0,0.12,0,0.0,1,0.45,0.0,0.0,0.0,2.26,20.0,2.26,20.0,0.0,0.0,0.9,0.45,0.0,1.3599999999999999,0.0,0.45,0.9,0.0,24.87,0.9,0.9,40.25,77.53,15.83,68.57,4.97,100.0,32.56,84.72,5.88,53.85,22.14,39.21,0.0,1.3599999999999999,0.0,0.0,0.0,0.0,0.0,3.17,57.14,2.71,33.33,0.0,0.0,0.45,0.9,7.69,70.59,82.05,17.64,0,,0,,0,0.0,0.0,0.0,,,2.26,,2.71,0.0,0.0,0.0,0.0,0,0
K. Bručić,Karlo Bručić,134639,,Zabbar St. Patrick,,,LCB,LCB,100,,0,,0,34.0,1992-04-17,250000,,2,198,0,0.0,0,0.0,12.73,50.0,Croatia,['Croatia'],left,186,79,False,10.0,7.73,58.82,3.18,28.57,0.0,0.0,0.0,5.45,7.66,0.91,0,0.0,0,0.0,0.0,0.0,0,0.0,0.0,0,0.0,0,0.0,0.0,0.0,0.0,0.0,0.0,0.0,0.0,0.0,0.0,0.0,0.0,0.0,0.91,0.0,0.0,0.0,0.0,52.73,0.45,0.45,70.91,91.03,29.55,81.54,0.91,50.0,65.91,95.17,5.0,36.36,22.1,37.5,0.0,0.0,0.0,0.0,0.0,0.0,0.0,4.55,60.0,0.45,0.0,0.45,0.0,0.0,0.0,10.45,69.57,98.78,37.27,0,,0,,0,0.0,0.0,0.0,,,0.45,,3.18,0.0,0.0,0.0,0.0,0,0
Rashed Al-Tumi,Rashed Al Tumi,460597,Birkirkara,Birkirkara,https://cdn5.wyscout.com/photos/team/public/2012_120x120.png,Premier League,GK,GK,100,,0,,0,25.0,2000-10-14,250000,2027-06-30,2,196,0,0.0,0,0.0,1.8399999999999999,100.0,Malta,['Malta'],right,197,84,False,3.21,0.46,100.0,0.92,100.0,0.46,0.49,0.0,2.3,2.46,0.0,0,0.0,0,0.0,0.0,0.0,0,0.0,0.0,0,0.0,0,0.0,0.0,0.0,0.0,0.0,0.0,0.0,0.0,0.0,0.0,0.0,0.0,0.0,0.46,100.0,0.0,0.0,0.0,9.64,0.46,0.92,21.58,68.09,15.15,54.55,0.0,0.0,12.86,92.86,8.72,31.58,37.14,55.95,0.0,0.0,0.0,0.0,0.0,0.0,0.0,3.67,50.0,0.46,0.0,0.0,0.0,0.0,0.0,7.8100000000000005,41.18,100.0,5.97,0,0.0,5,2.3,2,100.0,1.38,0.63,1.38,0.634,0.0,3.67,0.92,,,,0.0,0,0
R. Camenzuli,Ryan Camenzuli,169782,Hamrun Spartans,Hamrun Spartans,https://cdn5.wyscout.com/photos/team/public/g1454_120x120.png,Premier League,LB,LB,100,,0,,0,31.0,1994-09-08,300000,2027-06-30,2,196,0,0.03,0,0.62,11.48,64.0,Malta,['Malta'],left,173,69,False,6.43,5.05,81.82,1.8399999999999999,50.0,0.0,0.0,0.46,2.3,4.05,0.0,0,0.0,0,0.0,3.21,0.0,0,0.0,0.01,0,0.0,1,0.46,0.0,0.0,0.0,10.1,22.73,10.1,22.73,0.0,0.0,1.38,1.8399999999999999,50.0,4.13,55.56,0.46,1.8399999999999999,0.92,45.0,0.46,0.46,65.66,74.13,27.09,72.88,9.18,90.0,46.38,93.07,9.18,35.0,21.55,37.09,0.28,1.38,0.0,0.0,0.0,0.0,0.0,17.91,66.67,10.56,17.39,1.8399999999999999,0.0,0.0,3.21,16.07,80.0,66.67,20.66,0,,0,,0,0.0,0.0,0.0,,,0.92,,1.8399999999999999,0.0,0.0,0.0,0.0,0,0
Célio,Francisco Célio da Paz Silva Filho,-166361,Hamrun Spartans,Hamrun Spartans,https://cdn5.wyscout.com/photos/team/public/g1454_120x120.png,Premier League,GK,GK,100,,0,,0,28.0,1998-01-25,200000,2027-06-30,2,195,0,0.0,0,0.0,0.0,0.0,Brazil,['Brazil'],right,187,74,False,0.92,0.0,0.0,0.0,0.0,0.0,0.0,0.0,0.92,1.25,0.0,0,0.0,0,0.0,0.0,0.0,0,0.0,0.0,0,0.0,0,0.0,0.0,0.0,0.0,0.0,0.0,0.0,0.0,0.0,0.0,0.0,0.0,0.0,0.0,0.0,0.0,0.0,0.0,11.08,0.0,0.0,21.23,80.43,11.08,66.67,0.0,0.0,17.08,94.59,4.15,22.22,30.58,53.8,0.0,0.0,0.0,0.0,0.0,0.0,0.0,2.31,0.0,0.46,0.0,0.92,0.0,0.0,0.0,2.77,16.67,100.0,8.31,2,0.92,9,4.15,0,77.78,1.87,0.86,-0.13,-0.06,0.0,0.0,0.0,,,,0.0,0,0
Y. Jbira,Yassine Jbira,319064,Floriana,Floriana,https://cdn5.wyscout.com/photos/team/public/2014_120x120.png,Premier League,"RW, LB",RW,75,LB,24,,0,30.0,1996-02-16,450000,,4,194,0,0.0,1,0.09,13.45,34.48,Morocco,['Morocco'],left,172,0,False,3.71,4.64,60.0,1.8599999999999999,50.0,0.0,0.0,0.0,0.93,1.3599999999999999,1.3900000000000001,0,0.0,0,0.0,1.3900000000000001,0.0,0,0.0,0.0,0,0.0,0,0.0,0.0,0.0,0.46,5.1,18.18,1.8599999999999999,0.0,3.25,28.57,1.3900000000000001,0.93,50.0,2.7800000000000002,16.67,1.8599999999999999,1.8599999999999999,0.46,26.91,1.8599999999999999,0.46,34.33,70.27,4.64,60.0,9.74,80.95,27.84,81.67,1.8599999999999999,25.0,17.41,18.54,0.04,0.46,0.0,0.0,0.0,0.0,0.46,0.93,100.0,4.18,22.22,0.0,0.0,0.0,0.0,3.25,71.43,67.74,14.38,0,,0,,0,0.0,0.0,0.0,,,0.0,,1.8599999999999999,0.0,0.0,0.0,0.0,0,0
Wanderson Gotinha,Wanderson Pinheiro Diniz,-203857,Mosta,Mosta,https://cdn5.wyscout.com/photos/team/public/g3763_120x120.png,Premier League,CF,CF,100,,0,,0,30.0,1996-08-27,0,,3,193,0,0.28,0,0.0,20.05,27.91,Brazil,['Brazil'],left,167,0,False,2.33,1.87,50.0,7.93,29.41,0.47000000000000003,0.47000000000000003,0.0,0.93,0.9400000000000001,0.93,0,0.0,0,0.0,0.93,0.0,0,0.0,0.13,0,0.0,3,1.4,33.33,0.0,0.0,0.47000000000000003,0.0,0.47000000000000003,0.0,0.0,0.0,0.0,0.93,50.0,7.93,23.53,1.4,0.0,0.0,6.99,1.87,0.47000000000000003,7.93,82.35,0.47000000000000003,0.0,3.73,100.0,6.53,92.86,1.4,33.33,21.94,26.18,0.0,0.0,0.0,0.0,0.0,0.0,0.0,1.4,66.67,0.0,0.0,0.0,0.0,0.0,0.0,0.47000000000000003,100.0,66.67,2.8,0,,0,,0,0.0,0.0,0.0,,,0.0,,7.93,0.0,0.0,0.0,0.0,0,0
Enrico Pepe,Enrico Pepe,94977,Marsaxlokk,Marsaxlokk,https://cdn5.wyscout.com/photos/team/public/g1448_120x120.png,Premier League,LCB,LCB,86,,0,,0,36.0,1989-11-12,100000,,2,192,0,0.0,0,0.0,4.22,55.56,Italy,"['Italy', 'Malta']",right,185,80,False,6.5600000000000005,3.2800000000000002,57.14,0.9400000000000001,50.0,0.0,0.0,0.47000000000000003,4.69,6.25,0.9400000000000001,0,0.0,0,0.0,0.0,0.0,0,0.0,0.0,0,0.0,0,0.0,0.0,0.0,0.0,0.0,0.0,0.0,0.0,0.0,0.0,0.0,0.0,0.0,0.0,0.0,0.47000000000000003,0.47000000000000003,0.0,28.13,0.9400000000000001,0.0,36.56,93.59,7.5,68.75,4.22,100.0,34.69,94.59,1.88,75.0,18.25,14.18,0.0,0.0,0.0,0.0,0.0,0.0,0.0,1.4100000000000001,33.33,0.47000000000000003,100.0,0.0,0.0,0.47000000000000003,0.0,2.34,60.0,100.0,20.16,0,,0,,0,0.0,0.0,0.0,,,3.2800000000000002,,0.9400000000000001,0.0,0.0,0.0,0.0,0,0
S. Cipriott,Sean Cipriott,336034,Balzan,Balzan,https://cdn5.wyscout.com/photos/team/public/g1452_120x120.png,Premier League,"LCMF, DMF, RCMF",LCMF,71,DMF,14,RCMF,13,28.0,1997-09-10,50000,,3,191,0,0.0,0,0.1,5.18,54.55,Malta,['Malta'],right,0,0,False,4.71,3.77,50.0,0.0,0.0,0.0,0.0,0.0,2.83,3.4,0.47000000000000003,0,0.0,0,0.0,0.47000000000000003,0.0,0,0.0,0.0,0,0.0,0,0.0,0.0,0.0,0.0,0.47000000000000003,100.0,0.0,0.0,0.47000000000000003,100.0,0.0,0.0,0.0,1.4100000000000001,66.67,0.0,0.47000000000000003,0.0,14.14,0.47000000000000003,0.0,22.62,87.5,6.13,76.92,0.9400000000000001,100.0,20.26,88.37,1.88,75.0,20.12,22.8,0.05,0.9400000000000001,0.0,0.0,0.0,0.0,0.0,4.71,80.0,0.47000000000000003,100.0,0.0,0.0,0.0,0.47000000000000003,4.24,66.67,89.29,13.19,0,,0,,0,0.0,0.0,0.0,,,0.0,,0.0,0.47000000000000003,0.0,0.0,1.4100000000000001,0,0
J. Mendoza,Jackson David Usuga Mendoza,-184180,Birzebbuga,Birzebbuga,https://cdn5.wyscout.com/photos/team/public/g12310_120x120.png,Premier League,"RW, RCMF3",RW,48,RCMF3,35,,0,28.0,1998-04-20,300000,2027-06-30,2,191,0,0.02,0,0.02,22.15,53.19,Colombia,['Colombia'],right,171,67,False,7.07,7.07,60.0,0.9400000000000001,0.0,0.0,0.0,0.47000000000000003,2.83,3.6,2.83,0,0.0,1,0.47000000000000003,4.24,0.0,0,0.0,0.01,0,0.0,1,0.47000000000000003,0.0,0.0,0.0,2.83,50.0,0.9400000000000001,50.0,1.88,50.0,0.0,4.24,55.56,8.95,52.63,1.4100000000000001,3.3,0.9400000000000001,33.93,1.4100000000000001,2.83,40.99,78.16,15.08,81.25,8.01,94.12,33.93,84.72,5.18,45.45,18.27,40.18,0.01,0.47000000000000003,0.0,0.0,0.47000000000000003,100.0,0.47000000000000003,7.54,75.0,4.24,66.67,0.9400000000000001,50.0,1.88,1.88,8.01,76.47,80.0,11.78,0,,0,,0,0.0,0.0,0.0,,,0.0,,0.9400000000000001,0.0,0.0,0.0,0.9400000000000001,0,0
Foguete,Pedro Paulo da Silva Barbosa,-413651,Mosta,Mosta,https://cdn5.wyscout.com/photos/team/public/g3763_120x120.png,Premier League,"RB, RB5, RW",RB,65,RB5,17,RW,16,31.0,1995-03-28,0,,2,189,0,0.0,0,0.0,13.33,35.71,Brazil,['Brazil'],unknown,0,0,False,7.14,7.14,53.33,2.38,0.0,0.48,0.59,0.48,2.86,3.5300000000000002,0.48,1,0.48,0,0.0,1.9,0.0,0,0.0,0.0,0,0.0,1,0.48,0.0,0.0,0.0,3.81,37.5,0.0,0.0,3.81,37.5,0.0,1.43,33.33,2.86,33.33,1.43,1.9,0.48,17.62,1.43,0.48,24.29,78.43,8.1,76.47,5.71,100.0,18.57,92.31,2.38,20.0,21.67,54.15,0.0,0.0,0.0,0.0,0.0,0.0,0.0,2.38,80.0,1.9,25.0,0.0,0.0,0.48,0.9500000000000001,5.24,63.64,64.71,8.1,0,,0,,0,0.0,0.0,0.0,,,0.0,,2.38,0.0,0.0,0.0,0.0,0,0
A. Bašić,Adnan Bašić,270621,Zabbar St. Patrick,Zabbar St. Patrick,https://cdn5.wyscout.com/photos/team/public/g3056_120x120.png,Premier League,CF,CF,100,,0,,0,29.0,1996-12-13,200000,2027-06-30,3,187,1,0.24,0,0.0,12.03,44.0,Bosnia and Herzegovina,['Bosnia and Herzegovina'],right,185,0,False,1.44,0.96,50.0,3.85,37.5,0.0,0.0,0.0,0.96,1.28,0.48,0,0.0,0,0.0,1.44,0.48,1,0.48,0.11,0,0.0,1,0.48,100.0,100.0,0.0,0.48,100.0,0.48,100.0,0.0,0.0,0.0,0.48,100.0,5.29,54.55,1.9300000000000002,0.0,0.0,12.03,1.44,1.9300000000000002,18.29,63.16,4.8100000000000005,20.0,4.33,88.89,12.99,62.96,4.8100000000000005,60.0,21.78,35.38,0.0,0.0,0.0,0.0,0.0,0.0,0.0,4.33,55.56,0.96,50.0,0.0,0.0,0.48,0.48,3.37,57.14,75.0,7.7,0,,0,,0,0.0,0.0,0.0,,,0.0,,3.85,0.0,0.0,0.0,0.0,0,0
E. Agyiri,Ernest Agyiri,454815,Mosta,Mosta,https://cdn5.wyscout.com/photos/team/public/g3763_120x120.png,Premier League,"RW, LW",RW,66,LW,33,,0,28.0,1998-03-06,0,2027-06-30,3,186,1,0.23,1,0.34,10.65,36.36,Ghana,['Ghana'],left,176,69,True,2.9,3.39,71.43,0.97,50.0,0.0,0.0,0.0,0.48,0.51,0.0,0,0.0,0,0.0,1.45,0.48,1,0.48,0.11,0,0.0,4,1.94,50.0,25.0,0.48,0.0,0.0,0.0,0.0,0.0,0.0,0.0,0.97,0.0,5.32,18.18,1.45,2.42,0.48,19.35,0.97,0.48,22.26,84.78,6.29,76.92,8.23,94.12,19.84,90.24,2.42,40.0,17.78,30.34,0.17,1.94,0.0,0.0,0.48,100.0,1.45,1.94,50.0,1.45,100.0,0.48,100.0,1.94,0.0,2.42,80.0,77.78,4.35,0,,0,,0,0.0,0.0,0.0,,,0.0,,0.97,0.0,0.0,0.0,0.0,0,0
B. Paiber,Brandon Diego Paiber,381361,Valletta,Valletta,https://cdn5.wyscout.com/photos/team/public/2007_120x120.png,Premier League,"RCMF, LCMF, LCMF3",RCMF,53,LCMF,35,LCMF3,10,31.0,1995-06-05,250000,2028-05-31,4,174,1,0.08,0,0.0,7.76,26.67,Argentina,"['Argentina', 'Malta']",right,179,72,False,3.62,4.14,25.0,1.55,33.33,1.03,2.07,0.0,1.55,3.1,1.55,1,0.52,0,0.0,1.03,0.52,1,0.52,0.04,0,0.0,2,1.03,50.0,50.0,0.0,0.0,0.0,0.0,0.0,0.0,0.0,0.0,0.52,100.0,1.55,33.33,0.0,0.52,0.52,51.72,0.52,0.0,65.69,85.04,28.97,71.43,7.24,100.0,54.31,92.38,11.38,50.0,24.06,50.91,0.0,0.0,0.52,0.0,0.52,0.0,0.0,17.07,63.64,5.69,54.55,2.07,25.0,3.1,0.0,13.97,96.3,94.59,19.14,0,,0,,0,0.0,0.0,0.0,,,0.0,,1.55,0.52,0.0,0.0,2.59,0,0
Ryder Matos,Ryder Matos Santos,147965,Hibernians,Hibernians,https://cdn5.wyscout.com/photos/team/public/2009_120x120.png,Premier League,CF,CF,100,,0,,0,33.0,1993-02-27,200000,2027-06-30,3,173,0,0.48,1,0.9500000000000001,19.77,39.47,Brazil,"['Brazil', 'Italy']",right,180,70,False,2.6,1.56,100.0,7.8,26.67,0.0,0.0,0.0,1.04,1.28,0.52,0,0.0,0,0.0,2.6,0.0,0,0.0,0.25,0,0.0,3,1.56,33.33,0.0,0.52,1.04,50.0,0.0,0.0,1.04,50.0,0.52,2.08,75.0,8.32,43.75,4.16,1.04,0.0,15.61,4.68,1.56,19.77,92.11,2.08,100.0,6.76,100.0,18.21,94.29,0.52,100.0,15.98,7.77,0.5,1.56,0.0,0.0,0.0,0.0,1.04,1.04,100.0,1.04,100.0,0.0,0.0,1.56,0.52,2.6,80.0,91.67,6.24,0,,0,,0,0.0,0.0,0.0,,,0.0,,7.8,0.0,0.0,0.0,0.0,0,0
Marcelo,Marcelo Cauã de Aguiar Alves,-315537,Hamrun Spartans,Hamrun Spartans,https://cdn5.wyscout.com/photos/team/public/g1454_120x120.png,Premier League,"RAMF, RW, RWF",RAMF,48,RW,32,RWF,19,23.0,2003-06-10,0,2027-06-30,3,172,1,0.64,0,0.62,18.31,40.0,Brazil,['Brazil'],unknown,0,0,False,5.23,4.71,44.44,0.0,0.0,0.52,0.81,0.0,2.62,4.05,0.52,1,0.52,0,0.0,3.14,0.52,1,0.52,0.34,0,0.0,5,2.62,20.0,20.0,0.0,1.05,50.0,0.0,0.0,1.05,50.0,0.0,2.62,80.0,13.08,40.0,5.23,4.71,0.52,24.07,3.14,0.52,30.87,76.27,9.94,63.16,8.9,100.0,28.78,78.18,1.57,66.67,16.23,38.22,0.33,3.66,0.0,0.0,0.0,0.0,1.05,2.09,75.0,2.62,40.0,0.0,0.0,3.14,0.52,5.23,60.0,71.43,7.33,0,,0,,0,0.0,0.0,0.0,,,0.0,,0.0,1.05,0.0,0.0,4.71,0,0
Nigel Robertha,Nigel Robertha,385287,Sliema Wanderers,Sliema Wanderers,https://cdn5.wyscout.com/photos/team/public/2010_120x120.png,Premier League,CF,CF,100,,0,,0,28.0,1998-02-13,500000,,3,169,0,0.45,1,0.59,10.65,20.0,Netherlands,"['Netherlands', 'Curaçao']",right,185,77,False,2.13,1.07,0.0,3.73,14.29,1.07,1.46,0.0,1.07,1.46,1.07,1,0.53,0,0.0,0.53,0.0,0,0.0,0.24,0,0.0,1,0.53,0.0,0.0,0.53,0.53,100.0,0.53,100.0,0.0,0.0,0.53,0.0,0.0,3.2,33.33,2.66,0.0,0.0,10.12,1.6,1.07,10.65,75.0,2.66,60.0,3.2,83.33,9.59,72.22,0.53,100.0,12.3,13.48,0.32,0.53,0.0,0.0,0.0,0.0,0.53,0.53,100.0,0.0,0.0,0.0,0.0,0.53,0.53,0.0,0.0,75.0,2.13,0,,0,,0,0.0,0.0,0.0,,,0.0,,3.73,0.0,0.0,0.0,0.0,0,0
Jayden Roe,Jayden Roe,-822532,,Hibernians,,,"LCMF3, LCMF, CF",LCMF3,42,LCMF,27,CF,13,16.0,2010-03-06,0,,3,169,0,0.0,0,0.0,18.64,45.71,Malta,['Malta'],unknown,0,0,False,8.52,10.12,68.42,2.66,20.0,0.0,0.0,0.0,1.6,2.5700000000000003,2.13,0,0.0,0,0.0,0.53,0.0,0,0.0,0.0,0,0.0,1,0.53,0.0,0.0,0.0,2.13,25.0,1.07,0.0,1.07,50.0,0.0,0.53,0.0,2.66,0.0,0.53,1.07,0.0,15.44,0.0,0.0,21.83,65.85,7.46,57.14,7.99,93.33,15.98,83.33,3.73,14.29,21.73,39.68,0.0,0.0,0.0,0.0,0.0,0.0,0.0,3.2,33.33,3.2,33.33,1.07,0.0,0.0,0.53,4.79,55.56,44.44,4.79,0,,0,,0,0.0,0.0,0.0,,,0.0,,2.66,0.0,0.0,0.0,0.0,0,0
J. Farías,Jonathan Leonardo Farías,488834,Gzira United,Gzira United,https://cdn5.wyscout.com/photos/team/public/g14354_120x120.png,Premier League,"LCMF3, CF, RWF",LCMF3,59,CF,21,RWF,12,28.0,1998-05-27,0,2027-06-30,4,163,0,0.05,0,0.29,13.8,48.0,Argentina,['Argentina'],right,178,83,False,5.52,4.97,44.44,1.6600000000000001,66.67,0.0,0.0,0.0,3.31,4.39,1.1,0,0.0,0,0.0,1.6600000000000001,0.0,0,0.0,0.03,0,0.0,3,1.6600000000000001,0.0,0.0,0.0,2.21,0.0,0.55,0.0,1.1,0.0,0.0,3.87,42.86,6.07,45.45,0.55,1.1,0.0,20.98,0.55,1.6600000000000001,24.29,79.55,5.52,100.0,3.87,100.0,19.88,88.89,2.21,75.0,19.24,26.17,0.16,1.1,0.0,0.0,0.0,0.0,0.0,4.42,87.5,0.55,0.0,0.0,0.0,0.0,0.0,3.87,100.0,75.0,11.04,0,,0,,0,0.0,0.0,0.0,,,0.0,,1.6600000000000001,1.1,0.0,0.0,2.21,0,0
T. Moriceau,Tobías Andre Moriceau,-118371,Zabbar St. Patrick,Zabbar St. Patrick,https://cdn5.wyscout.com/photos/team/public/g3056_120x120.png,Premier League,"LB, LW",LB,70,LW,29,,0,29.0,1997-04-09,300000,2027-06-30,3,161,0,0.62,0,0.0,17.89,50.0,Argentina,['Argentina'],left,174,72,False,9.5,10.62,63.16,1.6800000000000002,33.33,1.12,1.4,0.0,1.6800000000000002,2.09,1.6800000000000002,1,0.56,0,0.0,1.12,0.0,0,0.0,0.35000000000000003,0,0.0,1,0.56,0.0,0.0,0.0,1.12,50.0,0.56,100.0,0.0,0.0,0.0,1.6800000000000002,33.33,4.47,37.5,1.12,0.56,0.0,18.45,0.56,1.12,25.71,86.96,7.27,61.54,4.47,100.0,22.92,92.68,1.6800000000000002,33.33,16.5,25.42,0.0,0.0,0.0,0.0,0.0,0.0,0.0,1.12,100.0,0.56,100.0,0.0,0.0,0.0,0.56,1.6800000000000002,66.67,100.0,9.5,0,,0,,0,0.0,0.0,0.0,,,0.0,,1.6800000000000002,0.0,0.0,0.0,0.0,0,0
K. Ewurum,Keyon Ewurum,-336545,Valletta,Valletta,https://cdn5.wyscout.com/photos/team/public/2007_120x120.png,Premier League,"LW, CF",LW,75,CF,24,,0,19.0,2007-04-20,0,,4,161,0,0.37,0,0.08,24.6,56.82,Malta,"['Malta', 'Nigeria']",right,0,0,False,5.03,7.27,61.54,1.12,0.0,0.0,0.0,0.0,0.56,0.86,0.0,0,0.0,0,0.0,8.39,0.0,0,0.0,0.2,0,0.0,7,3.91,42.86,0.0,0.0,3.35,16.67,2.24,25.0,1.12,0.0,1.6800000000000002,8.39,73.33,14.53,65.38,3.91,7.27,2.24,20.12,1.6800000000000002,1.6800000000000002,26.83,77.08,6.71,83.33,7.83,92.86,22.36,87.5,1.12,50.0,14.58,13.25,0.04,0.56,0.0,0.0,0.56,0.0,0.56,2.24,75.0,2.8,0.0,0.56,0.0,0.0,0.0,2.8,100.0,53.33,8.39,0,,0,,0,0.0,0.0,0.0,,,0.0,,1.12,0.0,0.0,0.0,0.56,0,0
Neil Micallef,Neil Micallef,470242,Birkirkara,Birkirkara,https://cdn5.wyscout.com/photos/team/public/2012_120x120.png,Premier League,"RCMF3, RDMF",RCMF3,85,RDMF,14,,0,27.0,1999-01-12,250000,,3,158,0,0.12,0,0.14,14.24,48.0,Malta,['Malta'],left,185,70,False,3.42,4.5600000000000005,37.5,5.13,66.67,1.1400000000000001,1.28,0.0,0.5700000000000001,0.64,2.2800000000000002,1,0.5700000000000001,0,0.0,0.5700000000000001,0.0,0,0.0,0.07,0,0.0,2,1.1400000000000001,0.0,0.0,0.0,1.1400000000000001,0.0,1.1400000000000001,0.0,0.0,0.0,0.5700000000000001,0.5700000000000001,100.0,3.99,28.57,0.5700000000000001,1.71,0.0,7.41,1.1400000000000001,1.1400000000000001,18.23,71.88,5.13,55.56,3.42,100.0,15.95,75.0,1.1400000000000001,100.0,19.34,29.87,0.08,1.1400000000000001,0.0,0.0,0.0,0.0,0.0,3.99,71.43,1.1400000000000001,50.0,0.0,0.0,0.5700000000000001,0.0,2.85,80.0,87.5,4.5600000000000005,0,,0,,0,0.0,0.0,0.0,,,0.5700000000000001,,5.13,0.5700000000000001,0.0,0.0,0.0,0,0
J. Mickels,Joy-Slayd Mickels,260792,Hibernians,Hibernians,https://cdn5.wyscout.com/photos/team/public/2009_120x120.png,Premier League,CF,CF,100,,0,,0,32.0,1994-03-29,0,,4,158,0,0.6900000000000001,1,0.14,19.37,41.18,Germany,['Germany'],right,180,69,False,1.1400000000000001,2.2800000000000002,25.0,9.11,50.0,0.0,0.0,0.5700000000000001,0.5700000000000001,0.97,1.71,1,0.5700000000000001,0,0.0,2.85,0.0,0,0.0,0.39,0,0.0,4,2.2800000000000002,50.0,0.0,0.5700000000000001,2.2800000000000002,25.0,1.1400000000000001,0.0,1.1400000000000001,50.0,0.0,2.2800000000000002,50.0,6.84,41.67,4.5600000000000005,2.85,0.5700000000000001,11.39,1.71,1.1400000000000001,11.96,76.19,2.85,60.0,3.99,100.0,8.54,93.33,1.1400000000000001,50.0,22.84,9.5,0.08,0.5700000000000001,0.0,0.0,0.0,0.0,0.5700000000000001,0.0,0.0,1.71,66.67,0.0,0.0,0.5700000000000001,1.1400000000000001,1.71,33.33,83.33,3.42,0,,0,,0,0.0,0.0,0.0,,,0.0,,9.11,0.5700000000000001,0.5700000000000001,100.0,0.5700000000000001,0,0
Domantas Šimkus,Domantas Šimkus,275161,Marsaxlokk,Marsaxlokk,https://cdn5.wyscout.com/photos/team/public/g1448_120x120.png,Premier League,"LW, LCMF3",LW,47,LCMF3,42,,0,30.0,1996-02-10,300000,2027-06-30,3,155,0,0.0,0,0.0,9.87,52.94,Lithuania,['Lithuania'],right,174,74,False,10.45,4.65,62.5,1.16,0.0,0.58,0.86,1.16,6.97,10.29,0.58,1,0.58,0,0.0,0.0,0.0,0,0.0,0.0,0,0.0,0,0.0,0.0,0.0,0.0,0.0,0.0,0.0,0.0,0.0,0.0,0.0,0.0,0.0,2.32,50.0,0.0,0.58,0.0,16.84,0.0,1.74,32.52,91.07,2.9,100.0,10.45,100.0,30.77,90.57,1.74,100.0,17.51,13.81,0.0,0.0,0.0,0.0,0.0,0.0,0.0,2.9,100.0,0.58,100.0,0.0,0.0,0.0,0.0,1.16,50.0,90.48,12.19,0,,0,,0,0.0,0.0,0.0,,,0.0,,1.16,0.0,0.0,0.0,0.0,0,0
U. Emmanuel Chiebonam,Ugwu Emmanuel Chiebonam,-869722,Mosta,Mosta,https://cdn5.wyscout.com/photos/team/public/g3763_120x120.png,Premier League,"RCB, CB",RCB,62,CB,25,,0,22.0,2004-05-01,0,,3,154,0,0.02,0,0.0,7.01,83.33,Colombia,['Colombia'],unknown,0,0,False,9.94,5.26,88.89,1.17,100.0,0.0,0.0,0.58,5.26,5.74,0.0,0,0.0,0,0.0,0.0,0.0,0,0.0,0.01,0,0.0,1,0.58,0.0,0.0,0.0,0.0,0.0,0.0,0.0,0.0,0.0,0.0,0.0,0.0,0.58,0.0,0.0,0.0,0.0,13.44,0.0,0.0,20.45,82.86,8.18,64.29,2.92,100.0,18.12,87.1,2.34,50.0,19.2,37.06,0.0,0.0,0.0,0.0,0.0,0.0,0.0,1.75,33.33,0.58,0.0,0.0,0.0,0.0,0.0,2.92,20.0,92.31,7.6,0,,0,,0,0.0,0.0,0.0,,,2.34,,1.17,0.0,0.0,0.0,0.0,0,0
Anthony Limbombe,Anthony Limbombe Ekango,154152,Sliema Wanderers,Sliema Wanderers,https://cdn5.wyscout.com/photos/team/public/2010_120x120.png,Premier League,"LW, LAMF",LW,52,LAMF,47,,0,32.0,1994-07-15,700000,,2,154,0,0.30000000000000004,0,0.33,15.78,62.96,Belgium,"['Belgium', 'Congo DR']",right,177,72,False,3.51,1.75,100.0,0.58,0.0,0.0,0.0,0.0,1.75,2.65,0.58,0,0.0,0,0.0,8.18,0.0,0,0.0,0.18,0,0.0,4,2.34,0.0,0.0,0.0,8.18,42.86,7.6,46.15,0.58,0.0,0.0,7.6,61.54,13.44,60.87,4.09,5.84,1.17,32.14,2.92,4.09,38.57,83.33,5.26,77.78,7.6,100.0,29.22,94.0,1.75,100.0,18.58,24.46,0.19,2.34,0.0,0.0,0.0,0.0,0.58,2.92,80.0,5.84,70.0,0.0,0.0,1.17,3.51,6.43,81.82,80.95,12.27,0,,0,,0,0.0,0.0,0.0,,,0.58,,0.58,0.0,0.0,0.0,0.0,0,0
K. Dervišagić,Kenan Dervišagić,-49015,Floriana,Floriana,https://cdn5.wyscout.com/photos/team/public/2014_120x120.png,Premier League,"RAMF, CF, LW",RAMF,62,CF,15,LW,15,26.0,2000-07-29,175000,2027-06-30,4,153,0,0.52,0,0.36,17.06,34.48,Bosnia and Herzegovina,['Bosnia and Herzegovina'],left,185,75,False,4.12,2.35,75.0,0.0,0.0,0.0,0.0,0.0,2.35,3.08,0.0,0,0.0,0,0.0,4.71,0.0,0,0.0,0.30000000000000004,0,0.0,4,2.35,25.0,0.0,0.0,1.18,100.0,0.0,0.0,1.18,100.0,0.0,7.06,33.33,13.53,30.43,4.71,3.5300000000000002,0.59,22.35,1.18,0.0,30.0,74.51,7.06,66.67,7.65,92.31,28.82,73.47,0.0,0.0,18.37,0.0,0.21,0.59,0.0,0.0,0.59,100.0,1.18,2.35,75.0,2.35,100.0,0.59,100.0,1.76,1.18,5.29,66.67,80.0,8.82,0,,0,,0,0.0,0.0,0.0,,,0.0,,0.0,0.0,0.0,0.0,0.0,0,0
L. Riascos,Luis Carlos Riascos Torres,-184174,,Birzebbuga,,,"RCMF, DMF, RCB",RCMF,45,DMF,44,RCB,10,24.0,2001-09-17,150000,,3,152,0,0.02,0,0.0,15.99,44.44,Colombia,['Colombia'],right,180,74,False,7.11,5.92,50.0,2.96,40.0,0.0,0.0,0.0,4.14,4.88,2.37,1,0.59,0,0.0,0.59,0.0,0,0.0,0.01,0,0.0,1,0.59,100.0,0.0,0.0,0.0,0.0,0.0,0.0,0.0,0.0,0.0,0.0,0.0,4.74,37.5,0.59,0.59,0.0,39.67,0.59,1.78,46.78,93.67,15.99,85.19,5.92,100.0,45.0,93.42,1.78,100.0,16.64,34.29,0.0,0.0,0.0,0.0,0.0,0.0,0.0,2.96,100.0,1.18,50.0,0.0,0.0,0.59,0.0,5.92,90.0,100.0,20.13,0,,0,,0,0.0,0.0,0.0,,,0.59,,2.96,0.0,0.0,0.0,0.0,0,0
S. Arab,Samir Arab,159855,Balzan,Balzan,https://cdn5.wyscout.com/photos/team/public/g1452_120x120.png,Premier League,LB,LB,100,,0,,0,32.0,1994-03-25,250000,,2,150,0,0.0,0,0.0,12.0,65.0,Malta,['Malta'],right,187,80,False,7.2,6.0,70.0,2.4,50.0,0.0,0.0,0.6000000000000001,3.0,4.55,0.0,0,0.0,0,0.0,1.8,0.0,0,0.0,0.0,0,0.0,1,0.6000000000000001,0.0,0.0,0.0,1.2,100.0,1.2,100.0,0.0,0.0,0.0,1.2,50.0,1.8,33.33,0.0,1.8,0.6000000000000001,16.8,0.0,0.0,32.4,79.63,13.2,68.18,3.0,100.0,25.8,81.4,5.4,66.67,22.66,32.02,0.0,0.0,0.0,0.0,0.0,0.0,0.0,4.8,50.0,1.8,66.67,1.2,0.0,0.0,1.2,10.2,70.59,86.96,13.8,0,,0,,0,0.0,0.0,0.0,,,0.0,,2.4,0.0,0.0,0.0,0.0,0,0
Redon Mihana,Redon Mihana,507417,Marsaxlokk,Marsaxlokk,https://cdn5.wyscout.com/photos/team/public/g1448_120x120.png,Premier League,"RWF, CF, AMF",RWF,54,CF,22,AMF,17,27.0,1999-06-28,200000,2027-06-30,3,150,0,0.39,0,0.11,21.0,57.14,Albania,['Albania'],right,185,75,False,7.2,3.6,66.67,3.6,16.67,0.6000000000000001,0.88,0.0,4.2,6.18,1.8,0,0.0,0,0.0,5.4,0.0,0,0.0,0.23,0,0.0,4,2.4,25.0,0.0,0.0,3.6,33.33,1.2,50.0,2.4,25.0,0.6000000000000001,5.4,66.67,12.0,70.0,3.6,3.6,1.8,16.8,0.6000000000000001,3.0,25.8,65.12,6.6,72.73,3.0,60.0,20.4,70.59,1.8,66.67,14.1,11.89,0.06,1.2,0.0,0.0,0.0,0.0,0.6000000000000001,1.8,100.0,1.8,100.0,0.6000000000000001,100.0,1.8,1.2,7.8,69.23,77.78,10.8,0,,0,,0,0.0,0.0,0.0,,,0.0,,3.6,0.6000000000000001,0.0,0.0,1.8,0,0
S. Xerri,Sven Xerri,-210606,Hamrun Spartans,Hamrun Spartans,https://cdn5.wyscout.com/photos/team/public/g1454_120x120.png,Premier League,"LB, RB",LB,66,RB,33,,0,21.0,2005-02-10,0,,2,148,0,0.0,0,0.0,12.16,25.0,Malta,['Malta'],right,0,0,False,7.91,6.69,27.27,0.61,0.0,0.0,0.0,0.61,6.08,7.5,0.0,0,0.0,0,0.0,0.0,0.0,0,0.0,0.0,0,0.0,0,0.0,0.0,0.0,0.0,1.22,0.0,0.61,0.0,0.61,0.0,0.0,0.0,0.0,3.65,33.33,0.0,0.61,0.0,35.27,0.0,1.22,46.82,72.73,23.72,56.41,5.47,100.0,38.92,78.13,6.69,54.55,18.38,39.9,0.0,0.0,0.0,0.0,0.0,0.0,0.0,6.08,30.0,0.61,0.0,0.61,0.0,0.0,0.0,5.47,55.56,92.31,7.91,0,,0,,0,0.0,0.0,0.0,,,0.61,,0.61,0.0,0.0,0.0,0.0,0,0
Lucas Villela,Lucas  Villela Iapert,-405777,Hamrun Spartans,Hamrun Spartans,https://cdn5.wyscout.com/photos/team/public/g1454_120x120.png,Premier League,"CF, LAMF, AMF",CF,71,LAMF,15,AMF,12,28.0,1998-07-27,0,2027-06-30,2,146,0,0.46,0,0.21,15.41,20.0,Brazil,['Brazil'],right,184,76,False,1.85,2.47,25.0,1.85,0.0,0.0,0.0,0.0,1.23,2.0,2.47,0,0.0,0,0.0,1.23,0.0,0,0.0,0.28,0,0.0,6,3.7,16.67,0.0,0.0,1.85,0.0,1.85,0.0,0.0,0.0,0.0,0.62,0.0,9.86,18.75,5.55,0.62,0.0,14.79,3.08,1.23,19.11,80.65,2.47,25.0,5.55,88.89,16.64,92.59,0.62,0.0,14.55,6.8,0.13,1.85,0.0,0.0,0.62,100.0,0.62,0.0,0.0,2.47,25.0,0.62,100.0,1.23,0.0,0.62,100.0,83.33,7.4,0,,0,,0,0.0,0.0,0.0,,,0.0,,1.85,0.62,0.0,0.0,0.62,0,0
Rafa Santos,Rafael Vicente Ferreira Santos,459994,Birkirkara,Birkirkara,https://cdn5.wyscout.com/photos/team/public/2012_120x120.png,Premier League,"LCMF3, LCMF",LCMF3,81,LCMF,18,,0,29.0,1997-02-14,100000,2027-06-30,2,146,0,0.0,0,0.08,20.96,44.12,Portugal,"['Portugal', 'Brazil']",right,187,78,False,7.4,7.4,58.33,3.08,20.0,0.0,0.0,0.0,3.08,3.33,2.47,1,0.62,0,0.0,1.23,0.0,0,0.0,0.0,0,0.0,0,0.0,0.0,0.0,0.0,1.23,100.0,0.62,100.0,0.62,100.0,0.0,0.0,0.0,7.4,41.67,1.23,0.0,0.0,15.41,3.7,1.85,25.27,85.37,9.86,75.0,8.01,100.0,24.04,84.62,0.0,0.0,15.02,0.0,0.05,0.62,0.0,0.0,0.0,0.0,1.23,4.93,62.5,1.85,66.67,0.0,0.0,1.23,1.23,5.55,88.89,83.33,3.7,0,,0,,0,0.0,0.0,0.0,,,0.0,,3.08,0.0,0.0,0.0,0.0,0,0
D. Céter,Damir Céter Valencia,353425,Hamrun Spartans,Hamrun Spartans,https://cdn5.wyscout.com/photos/team/public/g1454_120x120.png,Premier League,CF,CF,100,,0,,0,28.0,1997-11-02,225000,2027-06-30,3,139,0,1.05,0,0.12,20.72,28.13,Colombia,['Colombia'],right,187,81,False,3.24,1.29,50.0,3.24,40.0,0.0,0.0,0.65,2.59,4.8,1.29,0,0.0,0,0.0,1.94,0.0,0,0.0,0.68,0,0.0,6,3.88,33.33,0.0,0.0,0.0,0.0,0.0,0.0,0.0,0.0,0.0,2.59,25.0,15.54,25.0,7.12,1.29,0.0,6.47,0.0,0.65,17.48,92.59,2.59,75.0,5.83,88.89,17.48,92.59,0.0,0.0,10.67,0.0,0.08,1.29,0.0,0.0,0.0,0.0,0.0,0.0,0.0,0.65,100.0,0.0,0.0,1.94,0.0,1.94,66.67,100.0,3.24,0,,0,,0,0.0,0.0,0.0,,,0.0,,3.24,0.0,0.0,0.0,0.0,0,0
Adam Magri Overend,Adam Magri Overend,-107602,Sliema Wanderers,Sliema Wanderers,https://cdn5.wyscout.com/photos/team/public/2010_120x120.png,Premier League,RB,RB,100,,0,,0,26.0,2000-05-03,150000,2027-06-30,3,137,0,0.0,0,0.01,11.17,35.29,Malta,['Malta'],right,178,72,False,10.51,6.57,40.0,1.97,33.33,0.0,0.0,0.66,7.88,15.65,0.66,0,0.0,0,0.0,0.66,0.0,0,0.0,0.0,0,0.0,1,0.66,0.0,0.0,0.0,2.63,0.0,0.0,0.0,2.63,0.0,0.0,1.31,50.0,2.63,25.0,0.66,1.31,0.66,23.65,0.66,0.0,35.47,74.07,11.82,61.11,5.91,88.89,31.53,81.25,1.31,50.0,15.68,9.74,0.01,1.31,0.0,0.0,0.0,0.0,0.0,1.31,0.0,3.2800000000000002,0.0,0.0,0.0,0.0,0.0,3.94,33.33,70.0,13.14,0,,0,,0,0.0,0.0,0.0,,,1.97,,1.97,0.0,0.0,0.0,0.0,0,0
E. Asante,Emmanuel Asante,-378799,Balzan,Balzan,https://cdn5.wyscout.com/photos/team/public/g1452_120x120.png,Premier League,CF,CF,100,,0,,0,23.0,2003-07-12,0,,3,134,0,0.02,0,0.02,18.13,44.44,Ghana,['Ghana'],unknown,0,0,False,2.01,1.34,50.0,5.37,37.5,0.0,0.0,0.0,1.34,1.71,1.34,0,0.0,0,0.0,1.34,0.0,0,0.0,0.01,0,0.0,1,0.67,100.0,0.0,0.0,0.0,0.0,0.0,0.0,0.0,0.0,0.0,0.67,100.0,6.72,40.0,3.36,1.34,0.0,8.06,3.36,2.01,14.1,80.95,3.36,20.0,6.04,100.0,14.1,80.95,0.0,0.0,14.56,0.0,0.01,1.34,0.0,0.0,0.0,0.0,0.0,2.01,33.33,0.0,0.0,0.0,0.0,0.0,0.0,0.0,0.0,100.0,2.69,0,,0,,0,0.0,0.0,0.0,,,0.0,,5.37,0.0,0.0,0.0,0.0,0,0
A. Kurtalić,Alen Kurtalić,-81014,Floriana,Floriana,https://cdn5.wyscout.com/photos/team/public/2014_120x120.png,Premier League,"RCMF, RDMF",RCMF,62,RDMF,35,,0,26.0,1999-10-28,150000,2027-06-30,4,134,0,0.02,0,0.0,14.1,52.38,Bosnia and Herzegovina,['Bosnia and Herzegovina'],right,174,0,False,9.4,8.06,41.67,0.0,0.0,0.67,1.25,0.0,5.37,10.0,2.01,1,0.67,0,0.0,0.0,0.0,0,0.0,0.01,0,0.0,1,0.67,0.0,0.0,0.0,0.0,0.0,0.0,0.0,0.0,0.0,0.0,0.0,0.0,4.03,66.67,0.0,0.67,0.0,28.88,0.0,1.34,38.96,89.66,9.4,71.43,5.37,100.0,38.28,91.23,0.67,0.0,20.24,8.1,0.0,0.0,0.0,0.0,0.0,0.0,0.0,4.7,71.43,0.0,0.0,0.0,0.0,0.0,0.0,3.36,100.0,93.1,19.48,0,,0,,0,0.0,0.0,0.0,,,0.0,,0.0,0.0,0.0,0.0,0.0,0,0
N. Karelis,Nikolaos Karelis,28974,,Sliema Wanderers,,,CF,CF,100,,0,,0,34.0,1992-02-24,500000,,3,133,0,0.17,0,0.03,16.92,44.0,Greece,['Greece'],left,173,70,False,0.0,0.68,0.0,2.03,66.67,0.0,0.0,0.0,0.0,0.0,1.35,0,0.0,0,0.0,2.71,0.0,0,0.0,0.11,0,0.0,3,2.03,0.0,0.0,0.0,0.0,0.0,0.0,0.0,0.0,0.0,0.0,2.71,100.0,11.5,41.18,6.09,0.68,0.0,14.89,3.38,1.35,17.59,92.31,1.35,100.0,4.74,100.0,16.24,91.67,1.35,100.0,12.02,15.02,0.02,0.68,0.0,0.0,0.0,0.0,0.0,1.35,100.0,0.0,0.0,0.0,0.0,0.0,0.0,1.35,100.0,84.62,8.8,0,,0,,0,0.0,0.0,0.0,,,0.0,,2.03,0.0,0.0,0.0,0.0,0,0
Rasmus Lindén,Rasmus Dupont Linden,-136550,Marsaxlokk,Marsaxlokk,https://cdn5.wyscout.com/photos/team/public/g1448_120x120.png,Premier League,"CF, RWF",CF,50,RWF,49,,0,22.0,2004-04-10,0,2027-06-30,2,132,1,0.35000000000000003,0,0.0,23.18,29.41,Denmark,['Denmark'],,0,0,False,0.68,3.41,20.0,5.45,50.0,0.0,0.0,0.0,0.0,0.0,2.73,0,0.0,0,0.0,2.05,0.68,1,0.68,0.24,0,0.0,3,2.05,33.33,33.333,0.0,0.0,0.0,0.0,0.0,0.0,0.0,0.0,1.3599999999999999,100.0,10.91,25.0,2.73,0.0,0.0,6.14,1.3599999999999999,1.3599999999999999,8.86,92.31,0.0,0.0,3.41,100.0,8.86,92.31,0.0,0.0,11.16,0.0,0.0,0.68,0.0,0.0,0.0,0.0,0.0,0.68,100.0,0.0,0.0,0.0,0.0,0.0,0.0,0.68,100.0,100.0,1.3599999999999999,0,,0,,0,0.0,0.0,0.0,,,0.0,,5.45,0.0,0.0,0.0,0.0,0,0
R. Thellufsen Pedersen,Rasmus Thellufsen Pedersen,449130,Birzebbuga,Birzebbuga,https://cdn5.wyscout.com/photos/team/public/g12310_120x120.png,Premier League,"DMF, RCMF, RCMF3",DMF,57,RCMF,17,RCMF3,12,29.0,1997-01-09,350000,,3,132,0,0.0,0,0.0,12.27,38.89,Denmark,['Denmark'],right,185,74,False,4.77,4.77,57.14,2.05,33.33,0.0,0.0,0.0,2.05,3.0,0.0,0,0.0,0,0.0,0.0,0.0,0,0.0,0.0,0,0.0,0,0.0,0.0,0.0,0.0,1.3599999999999999,0.0,0.68,0.0,0.68,0.0,0.0,2.05,0.0,4.09,16.67,0.68,0.68,0.0,23.18,1.3599999999999999,1.3599999999999999,32.05,78.72,15.0,63.64,3.41,100.0,27.27,87.5,3.41,40.0,16.46,27.91,0.0,0.0,0.0,0.0,0.0,0.0,0.0,10.23,73.33,2.05,0.0,0.0,0.0,0.0,0.0,6.82,80.0,83.33,4.09,0,,0,,0,0.0,0.0,0.0,,,0.0,,2.05,0.0,0.0,0.0,0.0,0,0
Bruno Gomes,Bruno Gomes de Oliveira Conceiçao,378689,Valletta,Valletta,https://cdn5.wyscout.com/photos/team/public/2007_120x120.png,Premier League,CF,CF,100,,0,,0,30.0,1996-07-19,100000,2027-06-30,3,131,0,1.01,0,0.0,12.37,50.0,Brazil,"['Brazil', 'Italy']",right,182,80,False,1.37,2.06,0.0,6.18,66.67,0.0,0.0,0.0,1.37,3.16,0.6900000000000001,0,0.0,0,0.0,0.0,0.0,0,0.0,0.6900000000000001,0,0.0,5,3.44,0.0,0.0,0.0,0.0,0.0,0.0,0.0,0.0,0.0,0.0,0.0,0.0,2.75,50.0,4.12,0.0,0.0,9.62,0.0,0.6900000000000001,9.62,71.43,2.06,66.67,1.37,50.0,9.62,71.43,0.0,0.0,11.88,0.0,0.0,0.0,0.0,0.0,0.0,0.0,0.0,0.0,0.0,0.0,0.0,0.0,0.0,0.6900000000000001,0.0,0.6900000000000001,100.0,75.0,2.75,0,,0,,0,0.0,0.0,0.0,,,0.0,,6.18,0.0,0.0,0.0,0.0,0,0
P. Ohaka,Peter Nnaemeka Ohaka,-336555,,Mosta,,,"CF, LW",CF,78,LW,21,,0,19.0,2006-09-04,0,,3,127,0,0.28,0,0.0,28.35,27.5,Malta,"['Malta', 'Nigeria']",,0,0,False,6.38,6.38,44.44,13.46,15.79,1.42,1.76,0.71,2.13,2.65,2.13,2,1.42,0,0.0,0.71,0.0,0,0.0,0.2,0,0.0,1,0.71,100.0,0.0,0.0,0.0,0.0,0.0,0.0,0.0,0.0,0.0,0.0,0.0,6.38,44.44,2.83,0.0,0.0,11.34,1.42,0.71,17.01,79.17,2.13,100.0,5.67,87.5,15.59,77.27,1.42,100.0,16.91,10.12,0.0,0.0,0.0,0.0,0.0,0.0,0.0,0.71,100.0,0.71,0.0,0.0,0.0,0.0,0.0,2.13,0.0,66.67,6.38,0,,0,,0,0.0,0.0,0.0,,,0.0,,13.46,0.0,0.0,0.0,0.0,0,0
Aleksandar Djordjevic,Aleksandar Djordjević,463412,Birkirkara,Birkirkara,https://cdn5.wyscout.com/photos/team/public/2012_120x120.png,Premier League,"LCMF, LCMF3, AMF",LCMF,52,LCMF3,25,AMF,15,26.0,1999-12-20,1000000,2027-06-30,3,127,0,0.05,2,0.4,9.21,46.15,Serbia,['Serbia'],right,184,74,False,5.67,4.25,50.0,1.42,0.0,0.0,0.0,0.0,3.54,4.84,0.0,0,0.0,0,0.0,1.42,0.0,0,0.0,0.03,0,0.0,4,2.83,25.0,0.0,1.42,1.42,50.0,0.71,0.0,0.71,100.0,0.0,0.0,0.0,2.83,75.0,0.0,2.13,0.0,24.8,0.0,2.13,34.72,83.67,9.92,85.71,4.96,85.71,28.35,87.5,4.96,71.43,25.74,32.57,0.28,2.13,0.0,0.0,0.0,0.0,0.71,7.8,90.91,2.13,66.67,0.0,0.0,0.71,0.71,9.21,84.62,86.36,15.59,0,,0,,0,0.0,0.0,0.0,,,0.0,,1.42,0.71,0.0,0.0,0.71,0,0
Lucas Caruana,Lucas Caruana,-242937,Marsaxlokk,Marsaxlokk,https://cdn5.wyscout.com/photos/team/public/g1448_120x120.png,Premier League,"RCMF3, RCMF",RCMF3,65,RCMF,20,,0,20.0,2005-09-24,0,2027-06-30,3,126,0,0.19,0,0.01,18.57,38.46,Malta,['Malta'],right,0,0,False,7.14,6.43,44.44,4.29,33.33,0.71,1.11,0.0,3.5700000000000003,5.5600000000000005,2.14,0,0.0,0,0.0,2.14,0.0,0,0.0,0.14,0,0.0,7,5.0,14.29,0.0,0.0,1.43,50.0,0.71,0.0,0.71,100.0,0.0,3.5700000000000003,20.0,7.14,30.0,1.43,1.43,0.0,24.29,0.71,0.71,34.29,72.92,12.14,52.94,5.0,85.71,29.29,78.05,3.5700000000000003,40.0,13.71,13.93,0.01,0.71,0.0,0.71,0.0,0.0,0.0,9.29,53.85,2.14,100.0,0.71,0.0,0.71,0.71,7.14,80.0,86.67,10.71,0,,0,,0,0.0,0.0,0.0,,,0.71,,4.29,0.0,0.0,0.0,0.0,0,0
A. Sobczyk,Alex Sobczyk,320493,,Hibernians,,,CF,CF,100,,0,,0,29.0,1997-05-20,150000,,2,120,0,0.03,0,0.0,15.0,35.0,Austria,"['Austria', 'Poland']",right,187,76,False,3.75,2.25,0.0,3.75,40.0,1.5,2.14,0.0,2.25,3.21,1.5,0,0.0,0,0.0,0.0,0.0,0,0.0,0.02,0,0.0,1,0.75,0.0,0.0,0.0,0.0,0.0,0.0,0.0,0.0,0.0,0.0,0.0,0.0,7.5,50.0,3.75,0.0,0.0,7.5,3.0,0.75,13.5,72.22,1.5,50.0,6.0,100.0,13.5,72.22,0.0,0.0,10.42,0.0,0.0,1.5,0.0,0.0,0.0,0.0,0.0,1.5,100.0,0.0,0.0,0.0,0.0,0.75,0.0,1.5,50.0,33.33,2.25,0,,0,,0,0.0,0.0,0.0,,,0.0,,3.75,0.0,0.0,0.0,0.0,0,0
D. Farrugia,Dejan Farrugia,-536856,Gzira United,Gzira United,https://cdn5.wyscout.com/photos/team/public/g14354_120x120.png,Premier League,"RCMF, RCMF3",RCMF,59,RCMF3,24,,0,19.0,2007-06-18,0,,4,119,0,0.01,0,0.0,12.86,64.71,Malta,['Malta'],unknown,0,0,False,6.05,8.32,54.55,0.76,100.0,0.0,0.0,0.0,1.51,1.67,0.76,0,0.0,0,0.0,0.76,0.0,0,0.0,0.01,0,0.0,2,1.51,0.0,0.0,0.0,0.76,0.0,0.76,0.0,0.0,0.0,0.0,0.76,100.0,3.7800000000000002,80.0,0.0,0.76,0.0,26.47,0.0,2.27,35.55,82.98,10.59,78.57,8.32,90.91,28.74,89.47,6.05,62.5,23.66,32.57,0.0,0.0,0.0,0.0,0.0,0.0,0.0,8.32,63.64,0.76,0.0,0.76,0.0,0.0,0.0,5.29,85.71,92.31,9.83,0,,0,,0,0.0,0.0,0.0,,,0.76,,0.76,0.0,0.0,0.0,0.0,0,0
Fernandinho,Fernando José Gomes Júnior,301931,Birkirkara,Birkirkara,https://cdn5.wyscout.com/photos/team/public/2012_120x120.png,Premier League,"AMF, RCMF3, LCMF3",AMF,57,RCMF3,27,LCMF3,15,31.0,1994-09-15,300000,,2,117,0,0.2,0,0.2,12.31,68.75,Brazil,['Brazil'],left,172,64,False,3.08,3.08,75.0,0.77,0.0,0.0,0.0,0.0,0.77,1.03,0.0,0,0.0,0,0.0,4.62,0.0,0,0.0,0.16,0,0.0,6,4.62,16.67,0.0,0.0,2.31,66.67,1.54,100.0,0.77,0.0,0.77,3.85,60.0,6.92,66.67,0.0,3.08,1.54,21.54,0.0,2.31,29.23,92.11,7.69,100.0,4.62,100.0,24.62,96.88,2.31,66.67,17.32,27.45,0.16,4.62,0.0,0.0,0.0,0.0,0.0,3.85,100.0,3.08,75.0,0.0,0.0,0.77,1.54,5.38,100.0,75.0,9.23,0,,0,,0,0.0,0.0,0.0,,,0.0,,0.77,0.77,0.77,0.0,0.77,0,0
R. Murić,Robert Murić,273295,Floriana,Floriana,https://cdn5.wyscout.com/photos/team/public/2014_120x120.png,Premier League,"AMF, RAMF, RW",AMF,57,RAMF,22,RW,20,30.0,1996-03-12,1800000,2027-06-30,3,114,1,0.29,0,0.0,7.89,30.0,Croatia,['Croatia'],left,180,72,False,0.79,0.0,0.0,0.0,0.0,0.0,0.0,0.0,0.79,1.11,0.0,0,0.0,0,0.0,4.74,0.79,1,0.79,0.23,0,0.0,3,2.37,66.67,33.333,0.0,4.74,33.33,1.58,50.0,3.16,25.0,1.58,3.16,50.0,7.89,30.0,5.53,0.79,0.0,31.58,0.0,0.0,39.47,80.0,6.32,75.0,8.68,100.0,30.79,92.31,3.95,40.0,18.2,23.33,0.0,0.0,0.0,0.0,0.0,0.0,0.0,7.11,77.78,3.95,40.0,0.0,0.0,0.79,1.58,4.74,100.0,64.71,13.42,0,,0,,0,0.0,0.0,0.0,,,0.0,,0.0,0.79,0.0,0.0,1.58,0,0
Weder Silva,Weder Soares da Silva,-73407,Marsaxlokk,Marsaxlokk,https://cdn5.wyscout.com/photos/team/public/g1448_120x120.png,Premier League,LCB,LCB,86,,0,,0,34.0,1992-07-07,250000,,3,111,0,0.12,0,0.0,14.59,50.0,Brazil,['Brazil'],right,185,82,False,10.54,5.68,85.71,7.3,33.33,0.0,0.0,0.81,5.68,9.55,0.81,1,0.81,0,0.0,1.62,0.0,0,0.0,0.1,0,0.0,1,0.81,100.0,0.0,0.0,0.81,100.0,0.81,100.0,0.0,0.0,0.0,0.0,0.0,0.81,0.0,1.62,0.81,0.0,47.84,0.81,0.81,55.95,92.75,17.84,77.27,3.24,100.0,51.89,96.88,3.24,25.0,16.79,17.64,0.0,0.0,0.0,0.0,0.0,0.0,0.0,1.62,0.0,0.81,100.0,0.0,0.0,0.0,0.81,4.86,66.67,100.0,33.24,0,,0,,0,0.0,0.0,0.0,,,1.62,,7.3,0.0,0.0,0.0,0.0,0,0
I. Davey,Isaac Thomas Jake Davey,-616524,Balzan,Balzan,https://cdn5.wyscout.com/photos/team/public/g1452_120x120.png,Premier League,"RW, RB, LW",RW,43,RB,25,LW,21,23.0,2002-09-19,0,,3,110,0,0.0,0,0.0,17.18,80.95,Malta,['Malta'],,0,0,False,9.82,8.18,90.0,0.0,0.0,0.0,0.0,0.0,2.45,3.21,0.0,0,0.0,0,0.0,1.6400000000000001,0.0,0,0.0,0.0,0,0.0,0,0.0,0.0,0.0,0.0,0.8200000000000001,0.0,0.0,0.0,0.8200000000000001,0.0,0.0,1.6400000000000001,100.0,8.18,70.0,1.6400000000000001,0.0,0.0,5.73,0.0,3.27,16.36,65.0,4.91,50.0,5.73,85.71,15.55,68.42,0.0,0.0,18.87,0.0,0.0,0.0,0.0,0.0,0.0,0.0,0.0,0.0,0.0,0.0,0.0,0.0,0.0,0.0,0.0,4.91,33.33,60.0,4.09,0,,0,,0,0.0,0.0,0.0,,,1.6400000000000001,,0.0,0.0,0.0,0.0,0.0,0,0
Z. Scerri,Zachary Scerri,327813,Birzebbuga,Birzebbuga,https://cdn5.wyscout.com/photos/team/public/g12310_120x120.png,Premier League,RB5,RB5,93,,0,,0,30.0,1996-03-08,300000,2028-06-30,2,108,0,0.0,0,0.0,13.33,56.25,Malta,['Malta'],right,170,64,False,8.33,6.67,75.0,0.8300000000000001,100.0,0.8300000000000001,1.2,0.0,2.5,3.6,0.8300000000000001,0,0.0,0,0.0,3.33,0.0,0,0.0,0.0,0,0.0,1,0.8300000000000001,0.0,0.0,0.0,4.17,60.0,0.0,0.0,4.17,60.0,0.0,0.8300000000000001,100.0,5.0,33.33,0.8300000000000001,0.8300000000000001,0.0,30.0,1.67,1.67,40.0,77.08,11.67,64.29,4.17,100.0,31.67,86.84,5.0,33.33,15.95,15.86,0.0,0.0,0.0,0.0,0.0,0.0,0.0,5.83,57.14,4.17,60.0,0.0,0.0,0.8300000000000001,1.67,5.83,85.71,88.89,15.0,0,,0,,0,0.0,0.0,0.0,,,0.0,,0.8300000000000001,0.0,0.0,0.0,0.0,0,0
M. Yahaya,Marzuq Yahaya,-564099,Balzan,Balzan,https://cdn5.wyscout.com/photos/team/public/g1452_120x120.png,Premier League,CF,CF,100,,0,,0,22.0,2004-01-10,0,2027-06-30,2,103,0,0.9400000000000001,0,0.0,19.22,27.27,Nigeria,['Nigeria'],unknown,193,0,False,3.5,1.75,50.0,7.86,44.44,0.0,0.0,0.0,2.62,4.29,0.87,0,0.0,0,0.0,0.87,0.0,0,0.0,0.8200000000000001,0,0.0,3,2.62,33.33,0.0,0.0,0.0,0.0,0.0,0.0,0.0,0.0,0.0,1.75,0.0,8.74,10.0,7.86,0.87,0.0,9.61,1.75,0.87,9.61,72.73,1.75,0.0,2.62,100.0,9.61,72.73,0.0,0.0,15.6,0.0,0.0,0.0,0.0,0.0,0.0,0.0,0.0,0.87,0.0,0.0,0.0,0.0,0.0,0.0,0.0,0.87,0.0,50.0,1.75,0,,0,,0,0.0,0.0,0.0,,,0.0,,7.86,0.0,0.0,0.0,0.0,0,0
N. Pulis,Nicolas Pulis,385297,Balzan,Balzan,https://cdn5.wyscout.com/photos/team/public/g1452_120x120.png,Premier League,"DMF, RCMF",DMF,78,RCMF,14,,0,28.0,1998-01-29,150000,,3,103,0,0.26,0,0.03,13.11,86.67,Malta,['Malta'],right,0,0,False,7.86,4.37,100.0,3.5,50.0,0.87,1.25,0.0,2.62,3.75,0.0,0,0.0,0,0.0,1.75,0.0,0,0.0,0.23,0,0.0,1,0.87,0.0,0.0,0.0,0.87,0.0,0.0,0.0,0.87,0.0,0.0,1.75,100.0,3.5,100.0,2.62,0.87,0.0,30.58,0.0,0.0,42.82,85.71,13.11,66.67,6.99,100.0,38.45,90.91,3.5,50.0,21.59,32.45,0.02,0.87,0.0,0.0,0.0,0.0,0.0,10.49,58.33,0.0,0.0,0.0,0.0,0.87,0.0,5.24,83.33,90.48,18.35,0,,0,,0,0.0,0.0,0.0,,,1.75,,3.5,0.0,0.0,0.0,0.0,0,0
S. Attard,Shaisen Attard,-293200,Hamrun Spartans,Hamrun Spartans,https://cdn5.wyscout.com/photos/team/public/g1454_120x120.png,Premier League,"RWF, RAMF",RWF,63,RAMF,36,,0,21.0,2004-10-29,0,,2,102,0,0.0,0,0.26,15.88,33.33,Malta,['Malta'],left,0,0,False,8.82,7.06,37.5,0.88,0.0,0.0,0.0,0.0,6.18,8.4,2.65,0,0.0,0,0.0,0.88,0.0,0,0.0,0.0,0,0.0,1,0.88,0.0,0.0,0.0,2.65,33.33,0.0,0.0,1.76,50.0,0.88,0.88,0.0,7.06,37.5,0.88,1.76,0.0,26.47,0.88,1.76,31.76,83.33,4.41,80.0,10.59,100.0,29.12,87.88,0.0,0.0,15.15,0.0,0.23,1.76,0.0,0.0,0.0,0.0,0.88,1.76,100.0,2.65,66.67,0.0,0.0,0.88,1.76,3.5300000000000002,75.0,76.92,11.47,0,,0,,0,0.0,0.0,0.0,,,0.0,,0.88,0.0,0.0,0.0,4.41,0,0
F. Ondoa,Joseph Fabrice Ondoa Ebogo,260729,Birkirkara,Birkirkara,https://cdn5.wyscout.com/photos/team/public/2012_120x120.png,Premier League,GK,GK,100,,0,,0,30.0,1995-12-24,200000,2027-06-30,1,99,0,0.0,0,0.0,0.0,0.0,Cameroon,['Cameroon'],right,185,80,False,2.73,0.0,0.0,0.0,0.0,0.0,0.0,0.0,2.73,4.5,0.0,0,0.0,0,0.0,0.0,0.0,0,0.0,0.0,0,0.0,0,0.0,0.0,0.0,0.0,0.0,0.0,0.0,0.0,0.0,0.0,0.0,0.0,0.0,0.0,0.0,0.0,0.0,0.0,14.55,0.0,0.0,23.64,96.15,13.64,93.33,0.0,0.0,21.82,95.83,1.82,100.0,24.41,59.04,0.0,0.0,0.0,0.0,0.0,0.0,0.0,1.82,100.0,0.0,0.0,0.0,0.0,0.0,0.0,2.73,66.67,100.0,9.09,1,0.91,2,1.82,0,50.0,0.78,0.71,-0.22,-0.2,0.0,0.0,0.0,,,,0.0,0,0
A. N'Dri,Ange Curtis N'Dri,-481994,Floriana,Floriana,https://cdn5.wyscout.com/photos/team/public/2014_120x120.png,Premier League,"RAMF, RW, LW",RAMF,48,RW,40,LW,10,20.0,2005-09-10,0,,2,99,1,0.08,0,0.0,21.82,20.83,Switzerland,['Switzerland'],unknown,0,0,False,0.91,6.36,14.29,0.91,0.0,0.0,0.0,0.0,0.0,0.0,4.55,0,0.0,0,0.0,2.73,0.91,1,0.91,0.07,0,0.0,1,0.91,100.0,100.0,0.0,0.91,0.0,0.91,0.0,0.0,0.0,0.0,4.55,40.0,12.73,28.57,0.91,0.91,0.0,16.36,0.0,2.73,18.18,75.0,3.64,75.0,6.36,85.71,17.27,78.95,0.91,0.0,14.19,27.55,0.0,0.0,0.0,0.0,0.0,0.0,0.0,0.91,100.0,0.0,0.0,0.0,0.0,0.0,0.0,1.82,50.0,60.0,4.55,0,,0,,0,0.0,0.0,0.0,,,0.91,,0.91,0.0,0.0,0.0,0.0,0,0
M. Debono,Matthias Debono,-104938,Hamrun Spartans,Hamrun Spartans,https://cdn5.wyscout.com/photos/team/public/g1454_120x120.png,Premier League,GK,GK,100,,0,,0,24.0,2002-02-11,0,2027-06-30,1,98,0,0.0,0,0.0,0.0,0.0,Malta,['Malta'],right,0,0,False,0.0,0.0,0.0,0.0,0.0,0.0,0.0,0.0,0.0,0.0,0.0,0,0.0,0,0.0,0.0,0.0,0,0.0,0.0,0,0.0,0,0.0,0.0,0.0,0.0,0.0,0.0,0.0,0.0,0.0,0.0,0.0,0.0,0.0,0.0,0.0,0.0,0.0,0.0,8.27,0.0,0.0,19.29,100.0,8.27,100.0,0.0,0.0,19.29,100.0,0.0,0.0,18.18,0.0,0.0,0.0,0.0,0.0,0.0,0.0,0.0,0.0,0.0,0.0,0.0,0.0,0.0,0.0,0.0,0.0,0.0,100.0,8.27,2,1.8399999999999999,3,2.76,0,33.33,1.12,1.03,-0.88,-0.808,0.0,0.0,0.0,,,,0.0,0,0
K. Sargent,Karl Sargent,-318371,Gzira United,Gzira United,https://cdn5.wyscout.com/photos/team/public/g14354_120x120.png,Premier League,GK,GK,100,,0,,0,21.0,2004-12-24,0,,1,98,0,0.0,0,0.0,0.92,100.0,Malta,['Malta'],,0,0,False,2.76,0.92,100.0,0.0,0.0,0.0,0.0,0.0,1.8399999999999999,3.16,0.0,0,0.0,0,0.0,0.0,0.0,0,0.0,0.0,0,0.0,0,0.0,0.0,0.0,0.0,0.0,0.0,0.0,0.0,0.0,0.0,0.0,0.0,0.0,0.0,0.0,0.0,0.0,0.0,15.61,0.92,0.0,23.88,80.77,12.86,78.57,0.0,0.0,20.2,95.45,3.67,0.0,22.08,47.35,0.0,0.0,0.0,0.0,0.0,0.0,0.0,1.8399999999999999,0.0,0.0,0.0,0.0,0.0,0.0,0.0,2.76,0.0,80.0,9.18,4,3.67,11,10.1,0,63.64,3.47,3.18,-0.53,-0.487,0.0,0.0,0.0,,,,0.0,0,0
S. Thioune,Saliou Mbacke Thioune Serigne,-151901,Hamrun Spartans,Hamrun Spartans,https://cdn5.wyscout.com/photos/team/public/g1454_120x120.png,Premier League,"LW, LWF",LW,58,LWF,34,,0,22.0,2004-02-07,0,,3,97,0,0.8,0,0.24,25.05,48.15,Italy,"['Italy', 'Senegal']",right,179,68,False,3.71,1.8599999999999999,100.0,0.93,0.0,0.0,0.0,0.0,1.8599999999999999,3.5300000000000002,0.0,0,0.0,0,0.0,7.42,0.0,0,0.0,0.74,0,0.0,5,4.64,0.0,0.0,0.0,7.42,12.5,7.42,12.5,0.0,0.0,1.8599999999999999,9.28,70.0,22.27,45.83,6.49,7.42,0.0,23.2,2.7800000000000002,2.7800000000000002,30.62,51.52,8.35,33.33,5.57,100.0,23.2,64.0,0.0,0.0,15.65,0.0,0.22,0.93,0.0,0.0,0.93,0.0,0.93,2.7800000000000002,33.33,10.21,9.09,0.93,0.0,0.93,1.8599999999999999,1.8599999999999999,50.0,36.36,10.21,0,,0,,0,0.0,0.0,0.0,,,0.0,,0.93,0.0,0.0,0.0,0.0,0,0
Pablo Picón,Pablo Martín Picón Álvaro,-95792,Floriana,Floriana,https://cdn5.wyscout.com/photos/team/public/2014_120x120.png,Premier League,GK,GK,100,,0,,0,26.0,2000-02-01,150000,2027-06-30,1,95,0,0.0,0,0.0,0.9500000000000001,100.0,Spain,['Spain'],right,185,80,False,6.63,0.0,0.0,0.0,0.0,0.0,0.0,0.0,6.63,10.5,0.0,0,0.0,0,0.0,0.0,0.0,0,0.0,0.0,0,0.0,0,0.0,0.0,0.0,0.0,0.0,0.0,0.0,0.0,0.0,0.0,0.0,0.0,0.0,0.9500000000000001,100.0,0.0,0.0,0.0,25.58,0.0,0.0,36.95,97.44,15.16,93.75,0.0,0.0,31.26,100.0,5.68,83.33,22.71,40.7,0.0,0.0,0.0,0.0,0.0,0.0,0.0,0.0,0.0,0.0,0.0,0.0,0.0,0.0,0.0,4.74,80.0,100.0,19.89,1,0.9500000000000001,3,2.84,0,66.67,1.44,1.37,0.44,0.417,0.0,0.0,0.0,,,,0.0,0,0
S. Tokic,Stipe Tokic,-210761,Birzebbuga,Birzebbuga,https://cdn5.wyscout.com/photos/team/public/g12310_120x120.png,Premier League,CF,CF,100,,0,,0,24.0,2002-01-14,0,2027-06-30,3,94,0,0.19,0,0.0,26.81,32.14,Bosnia and Herzegovina,['Bosnia and Herzegovina'],,0,0,False,3.83,4.79,60.0,8.62,33.33,0.0,0.0,0.0,0.96,1.58,2.87,0,0.0,0,0.0,0.96,0.0,0,0.0,0.18,0,0.0,2,1.9100000000000001,0.0,0.0,0.0,0.0,0.0,0.0,0.0,0.0,0.0,0.0,0.96,100.0,11.49,25.0,1.9100000000000001,0.96,0.0,4.79,0.0,0.96,2.87,100.0,0.96,100.0,0.96,100.0,2.87,100.0,0.0,0.0,9.34,0.0,0.0,0.0,0.0,0.0,0.0,0.0,0.0,0.96,100.0,0.0,0.0,0.0,0.0,0.0,0.0,0.0,0.0,0.0,0.0,0,,0,,0,0.0,0.0,0.0,,,0.0,,8.62,0.0,0.0,0.0,0.0,0,0
Louis Pahama,Ndualu Louis M''vemba Pahama,521152,Birkirkara,Birkirkara,https://cdn5.wyscout.com/photos/team/public/2012_120x120.png,Premier League,"CF, RAMF",CF,75,RAMF,24,,0,33.0,1993-07-24,0,,3,93,1,0.2,0,0.38,16.45,52.94,France,['France'],left,180,70,False,1.94,1.94,0.0,1.94,50.0,0.0,0.0,0.0,1.94,2.73,1.94,0,0.0,0,0.0,8.71,0.97,1,0.97,0.19,0,0.0,3,2.9,33.33,33.333,0.0,5.8100000000000005,33.33,0.0,0.0,4.84,40.0,0.97,8.71,66.67,12.58,61.54,6.77,0.97,0.0,6.77,0.97,2.9,10.65,45.45,1.94,100.0,0.97,0.0,4.84,60.0,0.0,0.0,9.15,0.0,0.36,0.97,0.0,0.0,0.0,0.0,0.97,0.0,0.0,1.94,100.0,0.0,0.0,0.97,0.97,0.97,100.0,40.0,4.84,0,,0,,0,0.0,0.0,0.0,,,0.0,,1.94,0.0,0.0,0.0,0.0,0,0
Dinis Djadjó,Dinis Djadjó,-427500,Gzira United,Gzira United,https://cdn5.wyscout.com/photos/team/public/g14354_120x120.png,Premier League,"CF, LWF, LCMF3",CF,58,LWF,19,LCMF3,12,24.0,2002-07-12,0,,4,91,0,0.14,0,0.0,19.78,20.0,Guinea-Bissau,['Guinea-Bissau'],right,0,0,False,1.98,1.98,0.0,8.9,44.44,0.0,0.0,0.0,1.98,3.16,0.99,0,0.0,0,0.0,0.99,0.0,0,0.0,0.14,0,0.0,1,0.99,100.0,0.0,0.0,0.0,0.0,0.0,0.0,0.0,0.0,0.0,1.98,0.0,7.91,0.0,2.9699999999999998,0.0,0.0,6.92,0.0,0.99,13.85,78.57,1.98,100.0,6.92,85.71,13.85,78.57,0.0,0.0,12.26,0.0,0.0,0.0,0.0,0.0,0.0,0.0,0.0,0.99,100.0,0.99,100.0,0.0,0.0,0.99,0.0,0.99,100.0,50.0,1.98,0,,0,,0,0.0,0.0,0.0,,,0.0,,8.9,0.0,0.0,0.0,0.0,0,0
Brian Gambarte,Brian Gambarte,-77742,Sliema Wanderers,Sliema Wanderers,https://cdn5.wyscout.com/photos/team/public/2010_120x120.png,Premier League,"RAMF, CF, RCMF",RAMF,56,CF,23,RCMF,20,27.0,1999-03-15,0,2027-06-30,3,88,0,0.06,0,0.0,14.32,57.14,Argentina,['Argentina'],left,173,70,False,4.09,2.05,50.0,2.05,100.0,0.0,0.0,0.0,3.07,5.63,1.02,0,0.0,0,0.0,2.05,0.0,0,0.0,0.06,0,0.0,2,2.05,0.0,0.0,0.0,1.02,0.0,1.02,0.0,0.0,0.0,0.0,2.05,100.0,8.18,50.0,2.05,1.02,0.0,35.8,3.07,2.05,35.8,91.43,7.16,85.71,6.14,100.0,33.75,96.97,1.02,0.0,16.98,12.16,0.0,1.02,0.0,0.0,0.0,0.0,0.0,1.02,0.0,0.0,0.0,0.0,0.0,0.0,0.0,4.09,75.0,100.0,14.32,0,,0,,0,0.0,0.0,0.0,,,0.0,,2.05,0.0,0.0,0.0,0.0,0,0
M. Morello,Manuel Ignacio Morello,-417581,Valletta,Valletta,https://cdn5.wyscout.com/photos/team/public/2007_120x120.png,Premier League,LB,LB,92,,0,,0,31.0,1994-10-20,0,,3,87,0,0.05,0,0.0,9.31,66.67,Armenia,['Armenia'],,0,0,False,10.34,6.21,66.67,1.03,100.0,0.0,0.0,0.0,6.21,12.86,0.0,0,0.0,0,0.0,1.03,0.0,0,0.0,0.05,0,0.0,1,1.03,0.0,0.0,0.0,2.07,0.0,2.07,0.0,0.0,0.0,2.07,1.03,100.0,1.03,100.0,4.14,1.03,0.0,41.38,2.07,0.0,48.62,78.72,12.41,83.33,11.38,90.91,41.38,87.5,5.17,40.0,17.4,19.74,0.0,0.0,0.0,0.0,0.0,0.0,0.0,2.07,50.0,2.07,0.0,1.03,0.0,1.03,1.03,7.24,85.71,61.54,13.45,0,,0,,0,0.0,0.0,0.0,,,2.07,,1.03,0.0,0.0,0.0,0.0,0,0
A. Coppola,Alessandro Coppola,-56187,Birzebbuga,Birzebbuga,https://cdn5.wyscout.com/photos/team/public/g12310_120x120.png,Premier League,"RCB3, RCB",RCB3,82,RCB,17,,0,26.0,2000-03-13,250000,2028-06-30,1,83,0,0.0,0,0.0,8.67,62.5,Italy,['Italy'],right,205,92,False,9.76,4.34,75.0,1.08,100.0,0.0,0.0,2.17,6.51,8.57,1.08,0,0.0,0,0.0,0.0,0.0,0,0.0,0.0,0,0.0,0,0.0,0.0,0.0,0.0,0.0,0.0,0.0,0.0,0.0,0.0,0.0,0.0,0.0,3.25,33.33,0.0,0.0,0.0,17.35,0.0,0.0,20.6,78.95,14.1,69.23,1.08,100.0,16.27,93.33,4.34,25.0,22.17,36.25,0.0,0.0,0.0,0.0,0.0,0.0,0.0,2.17,0.0,0.0,0.0,0.0,0.0,0.0,0.0,5.42,60.0,100.0,5.42,0,,0,,0,0.0,0.0,0.0,,,1.08,,1.08,0.0,0.0,0.0,0.0,0,0
Shaft Brewer Jr.,Shaft Brewer,497174,Birkirkara,Birkirkara,https://cdn5.wyscout.com/photos/team/public/2012_120x120.png,Premier League,"RB5, LB, RWB",RB5,39,LB,27,RWB,20,26.0,1999-10-28,125000,,3,82,0,0.0,0,0.07,6.59,66.67,United States,"['United States', 'England']",right,177,82,False,5.49,1.1,100.0,1.1,100.0,0.0,0.0,0.0,4.39,6.67,0.0,0,0.0,0,0.0,6.59,0.0,0,0.0,0.0,0,0.0,0,0.0,0.0,0.0,0.0,5.49,80.0,5.49,80.0,0.0,0.0,1.1,3.29,66.67,4.39,50.0,0.0,1.1,1.1,19.76,4.39,0.0,34.02,70.97,6.59,66.67,7.68,85.71,24.15,72.73,5.49,60.0,20.56,22.86,0.08,2.2,0.0,0.0,0.0,0.0,2.2,4.39,75.0,7.68,71.43,1.1,100.0,1.1,5.49,13.17,58.33,76.92,14.27,0,,0,,0,0.0,0.0,0.0,,,1.1,,1.1,0.0,0.0,0.0,0.0,0,0
Matteo Lorenzi,Matteo Madeira Lorenzi,-330674,,Sliema Wanderers,,,"LDMF, LCMF",LDMF,60,LCMF,39,,0,21.0,2005-03-23,0,,2,81,0,0.03,0,0.0,18.89,41.18,Portugal,['Portugal'],unknown,190,76,False,8.89,6.67,66.67,2.22,0.0,0.0,0.0,1.11,4.44,6.67,2.22,0,0.0,0,0.0,2.22,0.0,0,0.0,0.03,0,0.0,1,1.11,100.0,0.0,0.0,0.0,0.0,0.0,0.0,0.0,0.0,0.0,2.22,50.0,8.89,37.5,0.0,1.11,0.0,38.89,1.11,0.0,47.78,83.72,17.78,56.25,7.78,100.0,42.22,86.84,5.5600000000000005,60.0,15.34,20.72,0.0,0.0,0.0,0.0,0.0,0.0,0.0,8.89,75.0,2.22,50.0,0.0,0.0,1.11,0.0,4.44,100.0,100.0,14.44,0,,0,,0,0.0,0.0,0.0,,,1.11,,2.22,0.0,0.0,0.0,0.0,0,0
R. Polley,Robin Polley,-78315,,Sliema Wanderers,,,RB,RB,100,,0,,0,27.0,1998-12-28,125000,,1,81,0,0.29,0,0.06,15.56,50.0,Netherlands,"['Netherlands', 'Ghana']",right,183,74,False,3.33,6.67,16.67,0.0,0.0,0.0,0.0,0.0,2.22,2.73,0.0,0,0.0,0,0.0,4.44,0.0,0,0.0,0.33,0,0.0,2,2.22,50.0,0.0,0.0,3.33,33.33,0.0,0.0,3.33,33.33,0.0,2.22,100.0,5.5600000000000005,80.0,2.22,2.22,1.11,30.0,1.11,0.0,43.33,82.05,18.89,76.47,6.67,100.0,36.67,87.88,3.33,66.67,16.13,37.86,0.07,1.11,0.0,0.0,0.0,0.0,1.11,2.22,100.0,2.22,50.0,0.0,0.0,0.0,1.11,5.5600000000000005,80.0,80.0,5.5600000000000005,0,,0,,0,0.0,0.0,0.0,,,2.22,,0.0,0.0,0.0,0.0,1.11,0,0
Luke Montebello,Luke Montebello,194641,Sliema Wanderers,Sliema Wanderers,https://cdn5.wyscout.com/photos/team/public/2010_120x120.png,Premier League,"LAMF, LW",LAMF,61,LW,38,,0,31.0,1995-08-13,400000,2028-06-30,2,80,0,0.06,0,0.0,5.63,0.0,Malta,['Malta'],right,189,89,False,0.0,0.0,0.0,0.0,0.0,0.0,0.0,0.0,0.0,0.0,0.0,0,0.0,0,0.0,0.0,0.0,0,0.0,0.07,0,0.0,1,1.13,0.0,0.0,0.0,3.38,0.0,3.38,0.0,0.0,0.0,1.13,2.25,0.0,3.38,0.0,1.13,1.13,0.0,19.13,0.0,0.0,21.38,52.63,3.38,0.0,3.38,100.0,13.5,75.0,4.5,25.0,19.5,13.69,0.0,0.0,0.0,0.0,0.0,0.0,0.0,2.25,50.0,1.13,0.0,0.0,0.0,0.0,0.0,2.25,100.0,71.43,7.87,0,,0,,0,0.0,0.0,0.0,,,0.0,,0.0,0.0,0.0,0.0,0.0,0,0
Z. Polidano,Zven Polidano,-735686,Zabbar St. Patrick,Zabbar St. Patrick,https://cdn5.wyscout.com/photos/team/public/g3056_120x120.png,Premier League,LCB,LCB,100,,0,,0,20.0,2006-01-30,0,,1,73,0,0.0,0,0.0,7.4,83.33,Malta,['Malta'],unknown,0,0,False,8.63,6.16,80.0,0.0,0.0,1.23,1.43,0.0,2.47,2.86,1.23,0,0.0,0,0.0,0.0,0.0,0,0.0,0.0,0,0.0,0,0.0,0.0,0.0,0.0,1.23,0.0,0.0,0.0,1.23,0.0,0.0,0.0,0.0,1.23,100.0,1.23,0.0,0.0,19.73,0.0,1.23,30.82,72.0,12.33,60.0,0.0,0.0,28.36,73.91,1.23,100.0,19.56,19.65,0.0,0.0,0.0,0.0,0.0,0.0,0.0,0.0,0.0,0.0,0.0,0.0,0.0,0.0,0.0,6.16,20.0,84.62,16.03,0,,0,,0,0.0,0.0,0.0,,,0.0,,0.0,0.0,0.0,0.0,0.0,0,0
Isaiah Chukunyere,Isaiah Chukunyere,-296380,Hibernians,Hibernians,https://cdn5.wyscout.com/photos/team/public/2009_120x120.png,Premier League,"LW, LAMF, RWB",LW,39,LAMF,30,RWB,24,21.0,2005-04-28,0,,3,72,0,0.0,0,0.24,27.5,40.91,Malta,"['Malta', 'Nigeria']",right,0,0,False,7.5,5.0,75.0,6.25,40.0,0.0,0.0,0.0,3.75,5.29,2.5,1,1.25,0,0.0,3.75,0.0,0,0.0,0.0,0,0.0,0,0.0,0.0,0.0,0.0,2.5,100.0,0.0,0.0,2.5,100.0,0.0,1.25,100.0,12.5,30.0,1.25,2.5,1.25,11.25,1.25,2.5,16.25,92.31,2.5,100.0,3.75,100.0,13.75,90.91,0.0,0.0,12.09,0.0,0.30000000000000004,1.25,0.0,0.0,0.0,0.0,1.25,0.0,0.0,2.5,100.0,0.0,0.0,0.0,2.5,3.75,100.0,75.0,5.0,0,,0,,0,0.0,0.0,0.0,,,0.0,,6.25,0.0,0.0,0.0,0.0,0,0
G. Acheampong,Geoffrey Edwin Acheampong,453220,Mosta,Mosta,https://cdn5.wyscout.com/photos/team/public/g3763_120x120.png,Premier League,"LCMF3, LCMF",LCMF3,56,LCMF,35,,0,29.0,1997-01-28,300000,2027-06-30,2,69,0,0.0,0,0.0,26.09,25.0,Ghana,['Ghana'],left,180,79,False,13.04,7.83,66.67,1.3,0.0,2.61,3.5300000000000002,0.0,5.22,7.06,1.3,0,0.0,0,0.0,1.3,0.0,0,0.0,0.0,0,0.0,0,0.0,0.0,0.0,0.0,0.0,0.0,0.0,0.0,0.0,0.0,0.0,3.91,33.33,16.96,7.69,0.0,0.0,0.0,44.35,1.3,1.3,62.61,91.67,20.87,87.5,16.96,100.0,56.09,97.67,6.52,40.0,18.29,13.35,0.0,0.0,0.0,0.0,0.0,0.0,0.0,6.52,100.0,1.3,0.0,0.0,0.0,0.0,0.0,11.74,88.89,94.12,22.17,0,,0,,0,0.0,0.0,0.0,,,1.3,,1.3,0.0,0.0,0.0,0.0,0,0
M. Trotta,Marcello Trotta,196744,Hamrun Spartans,Hamrun Spartans,https://cdn5.wyscout.com/photos/team/public/g1454_120x120.png,Premier League,"CF, AMF",CF,72,AMF,27,,0,33.0,1992-09-29,200000,,2,68,0,0.26,0,0.28,14.56,36.36,Italy,['Italy'],left,188,85,False,3.9699999999999998,1.32,100.0,6.62,20.0,0.0,0.0,0.0,2.65,3.33,0.0,0,0.0,0,0.0,7.94,0.0,0,0.0,0.35000000000000003,0,0.0,3,3.9699999999999998,66.67,0.0,0.0,2.65,100.0,1.32,100.0,1.32,100.0,0.0,3.9699999999999998,66.67,5.29,50.0,6.62,0.0,1.32,21.18,7.94,0.0,22.5,58.82,1.32,0.0,6.62,40.0,19.85,53.33,0.0,0.0,13.97,0.0,0.37,1.32,0.0,0.0,0.0,0.0,1.32,1.32,100.0,2.65,100.0,0.0,0.0,1.32,2.65,7.94,50.0,75.0,10.59,0,,0,,0,0.0,0.0,0.0,,,0.0,,6.62,0.0,0.0,0.0,0.0,0,0
D. Zerafa,Daniel Zerafa,155887,Birzebbuga,Birzebbuga,https://cdn5.wyscout.com/photos/team/public/g12310_120x120.png,Premier League,CB,CB,100,,0,,0,32.0,1994-04-08,0,2027-06-30,1,68,0,0.0,0,0.0,5.29,50.0,Malta,['Malta'],right,178,67,False,2.65,5.29,50.0,0.0,0.0,0.0,0.0,0.0,0.0,0.0,0.0,0,0.0,0,0.0,0.0,0.0,0,0.0,0.0,0,0.0,0,0.0,0.0,0.0,0.0,0.0,0.0,0.0,0.0,0.0,0.0,0.0,0.0,0.0,0.0,0.0,0.0,0.0,0.0,30.44,0.0,0.0,39.71,93.33,17.21,84.62,6.62,100.0,33.09,96.0,6.62,80.0,21.12,43.86,0.0,0.0,0.0,0.0,0.0,0.0,0.0,1.32,100.0,0.0,0.0,0.0,0.0,0.0,0.0,10.59,75.0,100.0,13.24,0,,0,,0,0.0,0.0,0.0,,,1.32,,0.0,0.0,0.0,0.0,0.0,0,0
G. Virano,Gonzalo Nicolas Virano,505846,Hamrun Spartans,Hamrun Spartans,https://cdn5.wyscout.com/photos/team/public/g1454_120x120.png,Premier League,"LAMF, AMF",LAMF,81,AMF,18,,0,27.0,1999-07-22,150000,,1,66,0,0.0,0,0.03,9.55,57.14,Argentina,['Argentina'],right,180,73,False,4.09,4.09,66.67,0.0,0.0,0.0,0.0,0.0,1.3599999999999999,1.67,2.73,0,0.0,0,0.0,1.3599999999999999,0.0,0,0.0,0.0,0,0.0,0,0.0,0.0,0.0,0.0,1.3599999999999999,0.0,1.3599999999999999,0.0,0.0,0.0,0.0,1.3599999999999999,100.0,2.73,50.0,0.0,0.0,0.0,21.82,1.3599999999999999,1.3599999999999999,31.36,82.61,8.18,83.33,10.91,100.0,28.64,85.71,1.3599999999999999,100.0,18.42,48.97,0.04,1.3599999999999999,0.0,0.0,0.0,0.0,0.0,0.0,0.0,1.3599999999999999,100.0,0.0,0.0,1.3599999999999999,0.0,4.09,66.67,60.0,6.82,0,,0,,0,0.0,0.0,0.0,,,1.3599999999999999,,0.0,0.0,0.0,0.0,0.0,0,0
K. Scicluna,Kean Scicluna,-336539,,Hamrun Spartans,,,"RCB, LCB",RCB,71,LCB,28,,0,19.0,2006-09-12,0,,3,65,0,0.0,0,0.0,16.62,50.0,Malta,['Malta'],right,0,0,False,2.77,4.15,33.33,11.08,62.5,0.0,0.0,0.0,1.38,2.14,1.38,0,0.0,0,0.0,0.0,0.0,0,0.0,0.0,0,0.0,0,0.0,0.0,0.0,0.0,0.0,0.0,0.0,0.0,0.0,0.0,0.0,0.0,0.0,0.0,0.0,0.0,0.0,0.0,33.23,0.0,0.0,55.38,90.0,24.92,77.78,0.0,0.0,54.0,92.31,1.38,0.0,19.56,18.9,0.0,0.0,0.0,0.0,0.0,0.0,0.0,9.69,85.71,0.0,0.0,0.0,0.0,0.0,0.0,11.08,87.5,100.0,30.46,0,,0,,0,0.0,0.0,0.0,,,0.0,,11.08,0.0,0.0,0.0,0.0,0,0
J. Portelli,Jake Portelli,-557709,Balzan,Balzan,https://cdn5.wyscout.com/photos/team/public/g1452_120x120.png,Premier League,CF,CF,100,,0,,0,21.0,2004-12-14,0,,2,60,1,0.42,0,0.02,16.5,36.36,Malta,['Malta'],,0,0,False,9.0,7.5,40.0,1.5,100.0,3.0,4.0,0.0,3.0,4.0,3.0,0,0.0,1,1.5,4.5,1.5,1,1.5,0.63,0,0.0,3,4.5,66.67,33.333,0.0,0.0,0.0,0.0,0.0,0.0,0.0,0.0,3.0,50.0,6.0,25.0,1.5,0.0,0.0,9.0,0.0,0.0,15.0,100.0,1.5,100.0,1.5,100.0,15.0,100.0,0.0,0.0,9.81,0.0,0.02,1.5,0.0,0.0,0.0,0.0,0.0,1.5,100.0,0.0,0.0,0.0,0.0,0.0,0.0,0.0,0.0,100.0,6.0,0,,0,,0,0.0,0.0,0.0,,,0.0,,1.5,0.0,0.0,0.0,0.0,0,0
Z. Grech,Zachary  Grech,422187,Balzan,Balzan,https://cdn5.wyscout.com/photos/team/public/g1452_120x120.png,Premier League,RB,RB,100,,0,,0,27.0,1999-07-21,150000,2027-06-30,1,57,0,0.0,0,0.0,15.79,70.0,Malta,['Malta'],right,175,70,False,15.79,15.79,70.0,0.0,0.0,0.0,0.0,0.0,4.74,4.29,3.16,0,0.0,0,0.0,0.0,0.0,0,0.0,0.0,0,0.0,0,0.0,0.0,0.0,0.0,0.0,0.0,0.0,0.0,0.0,0.0,0.0,0.0,0.0,0.0,0.0,0.0,0.0,0.0,23.68,4.74,0.0,30.0,73.68,14.21,66.67,9.47,83.33,23.68,86.67,6.32,25.0,24.73,49.42,0.0,0.0,0.0,0.0,0.0,0.0,0.0,6.32,25.0,3.16,0.0,3.16,0.0,0.0,0.0,4.74,66.67,50.0,3.16,0,,0,,0,0.0,0.0,0.0,,,1.58,,0.0,0.0,0.0,0.0,0.0,0,0
N. Micallef,Neil Anthony Micallef,432557,Valletta,Valletta,https://cdn5.wyscout.com/photos/team/public/2007_120x120.png,Premier League,"LCB, LB, LCB3",LCB,71,LB,16,LCB3,12,27.0,1998-11-23,200000,,3,52,0,0.0,0,0.0,15.58,66.67,Malta,['Malta'],left,185,75,False,12.12,12.12,57.14,1.73,100.0,0.0,0.0,0.0,5.19,8.18,0.0,0,0.0,0,0.0,0.0,0.0,0,0.0,0.0,0,0.0,0,0.0,0.0,0.0,0.0,0.0,0.0,0.0,0.0,0.0,0.0,0.0,0.0,0.0,1.73,100.0,0.0,0.0,0.0,25.96,0.0,0.0,41.54,87.5,20.77,75.0,3.46,100.0,36.35,90.48,5.19,66.67,23.03,21.77,0.0,0.0,0.0,0.0,0.0,0.0,0.0,5.19,66.67,1.73,100.0,1.73,0.0,1.73,0.0,3.46,100.0,100.0,12.12,0,,0,,0,0.0,0.0,0.0,,,0.0,,1.73,0.0,0.0,0.0,0.0,0,0
J. Ipalibo,Jack Ipalibo,-53485,Hamrun Spartans,Hamrun Spartans,https://cdn5.wyscout.com/photos/team/public/g1454_120x120.png,Premier League,LCMF3,LCMF3,100,,0,,0,28.0,1998-04-06,300000,2027-06-30,1,48,0,0.0,0,0.0,13.13,71.43,Nigeria,['Nigeria'],right,184,77,False,7.5,9.38,80.0,3.75,50.0,0.0,0.0,0.0,0.0,0.0,1.88,0,0.0,0,0.0,0.0,0.0,0,0.0,0.0,0,0.0,0,0.0,0.0,0.0,0.0,0.0,0.0,0.0,0.0,0.0,0.0,0.0,0.0,0.0,0.0,0.0,0.0,0.0,0.0,45.0,0.0,0.0,48.75,92.31,16.88,88.89,3.75,100.0,46.88,92.0,1.88,100.0,19.92,45.29,0.0,0.0,0.0,0.0,0.0,0.0,0.0,11.25,83.33,0.0,0.0,0.0,0.0,0.0,0.0,9.38,100.0,90.91,20.63,0,,0,,0,0.0,0.0,0.0,,,0.0,,3.75,0.0,0.0,0.0,0.0,0,0
J. Walker,Jacob Walker,415843,Birzebbuga,Birzebbuga,https://cdn5.wyscout.com/photos/team/public/g12310_120x120.png,Premier League,"RB, LB",RB,62,LB,37,,0,29.0,1997-07-31,250000,,2,48,0,0.0,0,0.02,20.63,54.55,Malta,['Malta'],right,178,72,False,13.13,15.0,62.5,0.0,0.0,0.0,0.0,0.0,3.75,7.5,1.88,0,0.0,0,0.0,1.88,0.0,0,0.0,0.0,0,0.0,0,0.0,0.0,0.0,0.0,3.75,50.0,3.75,50.0,0.0,0.0,0.0,0.0,0.0,3.75,0.0,0.0,1.88,1.88,28.13,0.0,0.0,41.25,81.82,16.88,77.78,3.75,100.0,37.5,85.0,0.0,0.0,18.43,0.0,0.03,1.88,0.0,0.0,0.0,0.0,0.0,5.63,66.67,1.88,100.0,0.0,0.0,0.0,1.88,9.38,80.0,83.33,11.25,0,,0,,0,0.0,0.0,0.0,,,0.0,,0.0,0.0,0.0,0.0,1.88,0,0
Kauan,Kauan Alexandre Martins de Paula,-112850,Floriana,Floriana,https://cdn5.wyscout.com/photos/team/public/2014_120x120.png,Premier League,LCB,LCB,100,,0,,0,26.0,2000-07-12,200000,2027-06-30,1,47,0,0.0,0,0.0,13.4,57.14,Brazil,['Brazil'],left,188,0,False,13.4,9.57,80.0,1.9100000000000001,0.0,1.9100000000000001,3.0,1.9100000000000001,3.83,6.0,1.9100000000000001,1,1.9100000000000001,0,0.0,0.0,0.0,0,0.0,0.0,0,0.0,0,0.0,0.0,0.0,0.0,0.0,0.0,0.0,0.0,0.0,0.0,0.0,0.0,0.0,0.0,0.0,0.0,0.0,0.0,80.43,0.0,0.0,97.66,100.0,40.21,100.0,1.9100000000000001,100.0,95.74,100.0,1.9100000000000001,100.0,20.07,64.06,0.0,0.0,0.0,0.0,0.0,0.0,0.0,5.74,100.0,1.9100000000000001,100.0,1.9100000000000001,100.0,1.9100000000000001,0.0,9.57,100.0,100.0,47.87,0,,0,,0,0.0,0.0,0.0,,,1.9100000000000001,,1.9100000000000001,0.0,0.0,0.0,0.0,0,0
T. Melillo,Thomas  Melillo,-735696,Zabbar St. Patrick,Zabbar St. Patrick,https://cdn5.wyscout.com/photos/team/public/g3056_120x120.png,Premier League,"RCMF, CF, LCMF",RCMF,46,CF,27,LCMF,26,19.0,2007-06-27,0,2027-06-30,2,46,1,0.06,0,0.0,15.65,50.0,Malta,['Malta'],unknown,0,0,False,5.87,3.91,50.0,0.0,0.0,1.96,3.33,0.0,1.96,3.33,1.96,1,1.96,0,0.0,1.96,1.96,1,1.96,0.12,0,0.0,1,1.96,100.0,100.0,0.0,0.0,0.0,0.0,0.0,0.0,0.0,0.0,0.0,0.0,7.83,50.0,0.0,0.0,0.0,23.48,0.0,1.96,41.09,85.71,13.7,71.43,5.87,100.0,33.26,100.0,7.83,25.0,22.46,29.35,0.0,0.0,0.0,0.0,0.0,0.0,0.0,11.74,66.67,0.0,0.0,0.0,0.0,0.0,0.0,13.7,71.43,100.0,13.7,0,,0,,0,0.0,0.0,0.0,,,0.0,,0.0,0.0,0.0,0.0,0.0,0,0
Mohammed Awad,Mohammed Abdulahi Awad,215383,Sliema Wanderers,Sliema Wanderers,https://cdn5.wyscout.com/photos/team/public/2010_120x120.png,Premier League,"RAMF, RW",RAMF,61,RW,38,,0,32.0,1994-05-07,0,,2,46,0,0.12,0,0.01,17.61,44.44,New Zealand,"['New Zealand', 'Somalia']",left,170,57,False,5.87,5.87,100.0,1.96,0.0,0.0,0.0,0.0,0.0,0.0,0.0,0,0.0,0,0.0,3.91,0.0,0,0.0,0.23,0,0.0,1,1.96,100.0,0.0,0.0,5.87,0.0,0.0,0.0,5.87,0.0,1.96,9.78,20.0,9.78,20.0,1.96,1.96,1.96,19.57,5.87,0.0,29.35,73.33,3.91,50.0,5.87,100.0,23.48,91.67,0.0,0.0,17.6,0.0,0.02,1.96,0.0,0.0,0.0,0.0,0.0,0.0,0.0,7.83,25.0,0.0,0.0,1.96,0.0,0.0,0.0,62.5,15.65,0,,0,,0,0.0,0.0,0.0,,,0.0,,1.96,0.0,0.0,0.0,0.0,0,0
P. Tomaselli,Pietro Tomaselli,-140492,Birzebbuga,Birzebbuga,https://cdn5.wyscout.com/photos/team/public/g12310_120x120.png,Premier League,"CF, RCMF3, RW",CF,50,RCMF3,35,RW,14,21.0,2004-11-17,0,,2,46,0,0.0,0,0.0,23.48,58.33,Belgium,"['Belgium', 'Italy']",right,0,0,False,13.7,9.78,80.0,0.0,0.0,1.96,5.0,0.0,3.91,10.0,1.96,1,1.96,0,0.0,5.87,0.0,0,0.0,0.0,0,0.0,0,0.0,0.0,0.0,0.0,9.78,20.0,5.87,0.0,3.91,50.0,0.0,5.87,66.67,13.7,42.86,0.0,1.96,0.0,19.57,0.0,0.0,41.09,47.62,11.74,50.0,9.78,100.0,27.39,64.29,3.91,0.0,19.22,20.89,0.0,0.0,0.0,0.0,0.0,0.0,0.0,3.91,0.0,9.78,20.0,1.96,0.0,0.0,1.96,7.83,75.0,22.22,17.61,0,,0,,0,0.0,0.0,0.0,,,0.0,,0.0,0.0,0.0,0.0,11.74,0,0
I. Cojocaru,Ionuț Cojocaru,-259953,Sliema Wanderers,Sliema Wanderers,https://cdn5.wyscout.com/photos/team/public/2010_120x120.png,Premier League,LW,LW,100,,0,,0,23.0,2003-07-28,0,2028-06-30,1,40,1,0.05,0,0.04,,,Romania,['Romania'],left,183,77,True,,,,,,,0.0,,,2.73,,0,,0,,,,1,,,0,,1,,,100.0,,,,,,,,,,,,,,,,,,,,,,,,,,,,,18.49,29.36,,,,,,,,,,,,,,,,,,,,0,,0,,0,0.0,0.0,,,,,,,,,,,0,0
M. El Fanis,Mouad El Fanis,-159468,,Hibernians,,,AMF,AMF,100,,0,,0,22.0,2004-01-01,0,,1,40,0,0.0,0,0.01,,,Belgium,"['Belgium', 'Morocco']",right,178,67,False,,,,,,,0.0,,,6.0,,0,,0,,,,0,,,0,,0,,,0.0,,,,,,,,,,,,,,,,,,,,,,,,,,,,,20.3,30.9,,,,,,,,,,,,,,,,,,,,0,,0,,0,0.0,0.0,,,,,,,,,,,0,0
Duane Bonnici,Duane Bonnici,316568,Hibernians,Hibernians,https://cdn5.wyscout.com/photos/team/public/2009_120x120.png,Premier League,"LB, LWB",LB,73,LWB,26,,0,30.0,1995-10-10,250000,,2,39,0,0.07,0,0.03,,,Australia,"['Australia', 'Malta']",left,170,65,False,,,,,,,0.0,,,12.0,,0,,0,,,,0,,,0,,2,,,0.0,,,,,,,,,,,,,,,,,,,,,,,,,,,,,16.35,10.05,,,,,,,,,,,,,,,,,,,,0,,0,,0,0.0,0.0,,,,,,,,,,,0,0
Valentino Yuel,Valentino Kuach Yuel,-149869,,Balzan,,,"LW, RAMF, LCMF",LW,57,RAMF,26,LCMF,15,31.0,1994-10-12,250000,,2,38,0,0.34,0,0.0,,,South Sudan,"['South Sudan', 'Australia']",right,182,78,False,,,,,,,5.0,,,0.0,,0,,0,,,,0,,,0,,1,,,0.0,,,,,,,,,,,,,,,,,,,,,,,,,,,,,23.43,21.78,,,,,,,,,,,,,,,,,,,,0,,0,,0,0.0,0.0,,,,,,,,,,,0,0
Jurgen Degabriele,Jurgen Degabriele,270014,Hibernians,Hibernians,https://cdn5.wyscout.com/photos/team/public/2009_120x120.png,Premier League,"LAMF, RCMF",LAMF,78,RCMF,21,,0,29.0,1996-10-10,300000,2027-06-30,2,37,0,0.22,0,0.22,,,Malta,['Malta'],left,175,58,False,,,,,,,0.0,,,0.0,,0,,0,,,,0,,,0,,3,,,0.0,,,,,,,,,,,,,,,,,,,,,,,,,,,,,8.69,14.48,,,,,,,,,,,,,,,,,,,,0,,0,,0,0.0,0.0,,,,,,,,,,,0,0
V. Kanu,Vinicius Kanu,-880371,Zabbar St. Patrick,Zabbar St. Patrick,https://cdn5.wyscout.com/photos/team/public/g3056_120x120.png,Premier League,CF,CF,100,,0,,0,,,0,,1,36,0,0.76,0,0.0,,,,[],,0,0,False,,,,,,,0.0,,,0.0,,0,,0,,,,0,,,0,,1,,,0.0,,,,,,,,,,,,,,,,,,,,,,,,,,,,,13.89,0.0,,,,,,,,,,,,,,,,,,,,0,,0,,0,0.0,0.0,,,,,,,,,,,0,0
S. Smajlagić,Semir Smajlagić,464502,,Marsaxlokk,,,CF,CF,100,,0,,0,27.0,1998-09-18,150000,,1,35,0,0.02,0,0.08,,,Bosnia and Herzegovina,['Bosnia and Herzegovina'],right,191,76,False,,,,,,,0.0,,,3.0,,0,,0,,,,0,,,0,,1,,,0.0,,,,,,,,,,,,,,,,,,,,,,,,,,,,,18.52,0.0,,,,,,,,,,,,,,,,,,,,0,,0,,0,0.0,0.0,,,,,,,,,,,0,0
M. García,Matías Nicolás García,499272,Hamrun Spartans,Marsaxlokk,https://cdn5.wyscout.com/photos/team/public/g1454_120x120.png,Premier League,"LAMF, LCMF",LAMF,77,LCMF,22,,0,30.0,1996-07-22,0,,1,35,0,0.0,0,0.02,,,Argentina,"['Argentina', 'Malta']",right,0,0,False,,,,,,,0.0,,,3.0,,0,,0,,,,0,,,0,,0,,,0.0,,,,,,,,,,,,,,,,,,,,,,,,,,,,,26.51,37.06,,,,,,,,,,,,,,,,,,,,0,,0,,0,0.0,0.0,,,,,,,,,,,0,0
A. De Flavia,Antiago De Flavia,-386501,Gzira United,Gzira United,https://cdn5.wyscout.com/photos/team/public/g14354_120x120.png,Premier League,"LCMF3, RCMF",LCMF3,72,RCMF,27,,0,20.0,2006-07-12,0,,3,35,0,0.0,0,0.01,,,Malta,['Malta'],,0,0,False,,,,,,,0.0,,,0.0,,0,,0,,,,0,,,0,,0,,,0.0,,,,,,,,,,,,,,,,,,,,,,,,,,,,,8.14,0.0,,,,,,,,,,,,,,,,,,,,0,,0,,0,0.0,0.0,,,,,,,,,,,0,0
Pablo,Pablo Gabriel Sousa Alves,505509,Barra,Birkirkara,https://cdn5.wyscout.com/photos/team/public/g36223_120x120.png,Catarinense 1,"LDMF, RCMF",LDMF,68,RCMF,31,,0,29.0,1997-01-26,0,,1,33,0,0.0,0,0.0,,,Brazil,['Brazil'],right,181,81,False,,,,,,,0.0,,,30.0,,0,,0,,,,0,,,0,,1,,,0.0,,,,,,,,,,,,,,,,,,,,,,,,,,,,,21.84,36.26,,,,,,,,,,,,,,,,,,,,0,,0,,0,0.0,0.0,,,,,,,,,,,0,0
Matthew Ellul,Matthew Ellul,-104939,Hibernians,Hibernians,https://cdn5.wyscout.com/photos/team/public/2009_120x120.png,Premier League,"RCMF, LB",RCMF,52,LB,47,,0,24.0,2002-05-23,0,,2,31,0,0.0,0,0.0,,,Malta,['Malta'],right,179,73,False,,,,,,,0.0,,,0.0,,0,,0,,,,0,,,0,,0,,,0.0,,,,,,,,,,,,,,,,,,,,,,,,,,,,,18.93,0.0,,,,,,,,,,,,,,,,,,,,0,,0,,0,0.0,0.0,,,,,,,,,,,0,0
Jan Busuttil,Jan Busuttil,422196,Birkirkara,Birkirkara,https://cdn5.wyscout.com/photos/team/public/2012_120x120.png,Premier League,AMF,AMF,100,,0,,0,27.0,1999-03-06,150000,,2,30,0,0.38,0,0.25,,,Malta,['Malta'],left,171,70,False,,,,,,,0.0,,,6.0,,0,,0,,,,0,,,0,,1,,,0.0,,,,,,,,,,,,,,,,,,,,,,,,,,,,,19.62,21.74,,,,,,,,,,,,,,,,,,,,0,,0,,0,0.0,0.0,,,,,,,,,,,0,0
L. Micallef,Liam Micallef,-569656,Zabbar St. Patrick,Zabbar St. Patrick,https://cdn5.wyscout.com/photos/team/public/g3056_120x120.png,Premier League,CF,CF,100,,0,,0,19.0,2007-03-13,0,,2,30,0,0.0,0,0.0,,,Malta,['Malta'],unknown,0,0,False,,,,,,,0.0,,,11.25,,0,,0,,,,0,,,0,,1,,,0.0,,,,,,,,,,,,,,,,,,,,,,,,,,,,,17.0,20.95,,,,,,,,,,,,,,,,,,,,0,,0,,0,0.0,0.0,,,,,,,,,,,0,0
S. Odey,Stephen Odey,485234,,Floriana,,,AMF,AMF,100,,0,,0,28.0,1998-01-15,1000000,,1,29,0,0.0,0,0.0,,,Nigeria,['Nigeria'],right,182,78,False,,,,,,,0.0,,,0.0,,0,,0,,,,0,,,0,,0,,,0.0,,,,,,,,,,,,,,,,,,,,,,,,,,,,,19.25,0.0,,,,,,,,,,,,,,,,,,,,0,,0,,0,0.0,0.0,,,,,,,,,,,0,0
N. Joyce,Nathan Joyce,-535016,Gzira United,Gzira United,https://cdn5.wyscout.com/photos/team/public/g14354_120x120.png,Premier League,RB,RB,100,,0,,0,19.0,2007-01-25,0,,2,28,0,0.0,0,0.0,,,Malta,['Malta'],unknown,0,0,False,,,,,,,0.0,,,12.0,,0,,0,,,,0,,,0,,0,,,0.0,,,,,,,,,,,,,,,,,,,,,,,,,,,,,15.57,8.33,,,,,,,,,,,,,,,,,,,,0,,0,,0,0.0,0.0,,,,,,,,,,,0,0
Oleksiy Bykov,Oleksiy Bykov,420162,Marsaxlokk,Marsaxlokk,https://cdn5.wyscout.com/photos/team/public/g1448_120x120.png,Premier League,LCB,LCB,100,,0,,0,28.0,1998-03-29,200000,2027-06-30,1,26,0,0.0,0,0.0,,,Ukraine,['Ukraine'],left,187,73,False,,,,,,,0.0,,,8.57,,0,,0,,,,0,,,0,,0,,,0.0,,,,,,,,,,,,,,,,,,,,,,,,,,,,,33.01,37.18,,,,,,,,,,,,,,,,,,,,0,,0,,0,0.0,0.0,,,,,,,,,,,0,0
João Teixeira,João Victor de Souza Teixeira,488868,,Gzira United,,,LCB3,LCB3,100,,0,,0,29.0,1997-07-03,0,,1,23,0,0.0,0,0.0,,,Brazil,['Brazil'],,0,0,False,,,,,,,0.0,,,3.33,,0,,0,,,,0,,,0,,0,,,0.0,,,,,,,,,,,,,,,,,,,,,,,,,,,,,27.87,55.75,,,,,,,,,,,,,,,,,,,,0,,0,,0,0.0,0.0,,,,,,,,,,,0,0
Negueba,Luis Gabriel Santos Silva,-165400,Balzan,Balzan,https://cdn5.wyscout.com/photos/team/public/g1452_120x120.png,Premier League,LCB,LCB,100,,0,,0,26.0,2000-02-10,0,,1,22,0,0.0,0,0.0,,,Brazil,['Brazil'],,195,78,False,,,,,,,0.0,,,0.0,,0,,0,,,,0,,,0,,0,,,0.0,,,,,,,,,,,,,,,,,,,,,,,,,,,,,25.55,0.0,,,,,,,,,,,,,,,,,,,,0,,0,,0,0.0,0.0,,,,,,,,,,,0,0
Oscar Ezejiofor,Oscar  Ezejiofor,-848599,České Budějovice II,Mosta,https://cdn5.wyscout.com/photos/team/public/3480_120x120.png,,CF,CF,100,,0,,0,20.0,2006-01-01,0,,1,22,0,0.0,0,0.11,,,,['Nigeria'],unknown,0,0,False,,,,,,,0.0,,,0.0,,0,,0,,,,0,,,0,,0,,,0.0,,,,,,,,,,,,,,,,,,,,,,,,,,,,,12.37,0.0,,,,,,,,,,,,,,,,,,,,0,,0,,0,0.0,0.0,,,,,,,,,,,0,0
N. Agius,Nicholas Agius,-336549,Zabbar St. Patrick,Zabbar St. Patrick,https://cdn5.wyscout.com/photos/team/public/g3056_120x120.png,Premier League,LW,LW,100,,0,,0,20.0,2006-06-22,0,,1,21,0,0.0,0,0.0,,,Malta,['Malta'],right,0,0,False,,,,,,,0.0,,,0.0,,0,,0,,,,0,,,0,,0,,,0.0,,,,,,,,,,,,,,,,,,,,,,,,,,,,,30.0,50.36,,,,,,,,,,,,,,,,,,,,0,,0,,0,0.0,0.0,,,,,,,,,,,0,0
S. Magri,Shelom Magri,-386498,Zabbar St. Patrick,Zabbar St. Patrick,https://cdn5.wyscout.com/photos/team/public/g3056_120x120.png,Premier League,"RB, LB",RB,65,LB,34,,0,19.0,2007-03-02,0,,2,20,0,0.0,0,0.0,,,Malta,['Malta'],right,0,0,True,,,,,,,0.0,,,7.5,,0,,0,,,,0,,,0,,0,,,0.0,,,,,,,,,,,,,,,,,,,,,,,,,,,,,19.57,10.77,,,,,,,,,,,,,,,,,,,,0,,0,,0,0.0,0.0,,,,,,,,,,,0,0
S. Cachia,Sasha Cachia,-296041,Mosta,Mosta,https://cdn5.wyscout.com/photos/team/public/g3763_120x120.png,Premier League,RCB,RCB,100,,0,,0,22.0,2004-05-06,0,2027-06-30,1,20,0,0.0,0,0.0,,,Malta,['Malta'],right,180,70,False,,,,,,,0.0,,,0.0,,0,,0,,,,0,,,0,,0,,,0.0,,,,,,,,,,,,,,,,,,,,,,,,,,,,,27.52,54.79,,,,,,,,,,,,,,,,,,,,0,,0,,0,0.0,0.0,,,,,,,,,,,0,0
E. Onuora Chukwuemeka,Emmanuel Onuora Chukwuemeka,-808209,Mosta,Mosta,https://cdn5.wyscout.com/photos/team/public/g3763_120x120.png,Premier League,"RCB, CB",RCB,73,CB,26,,0,18.0,2008-01-02,0,,2,19,0,0.0,0,0.0,,,Malta,['Malta'],,0,0,False,,,,,,,0.0,,,0.0,,0,,0,,,,0,,,0,,0,,,0.0,,,,,,,,,,,,,,,,,,,,,,,,,,,,,31.12,37.1,,,,,,,,,,,,,,,,,,,,0,,0,,0,0.0,0.0,,,,,,,,,,,0,0
M. Xuereb,Matthew Xuereb,-367441,Birzebbuga,Birzebbuga,https://cdn5.wyscout.com/photos/team/public/g12310_120x120.png,Premier League,"RAMF, DMF",RAMF,52,DMF,47,,0,25.0,2001-03-03,0,,2,19,0,0.0,0,0.0,,,Malta,['Malta'],unknown,0,0,False,,,,,,,0.0,,,0.0,,0,,0,,,,0,,,0,,0,,,0.0,,,,,,,,,,,,,,,,,,,,,,,,,,,,,10.26,0.0,,,,,,,,,,,,,,,,,,,,0,,0,,0,0.0,0.0,,,,,,,,,,,0,0
P. Franck Gouhon,Pah Franck Gouhon,-864125,,Zabbar St. Patrick,,,RCMF,RCMF,100,,0,,0,19.0,2007-01-01,0,,1,18,0,0.0,0,0.0,,,Côte d'Ivoire,"[""Côte d'Ivoire""]",,0,0,False,,,,,,,0.0,,,0.0,,0,,0,,,,0,,,0,,0,,,0.0,,,,,,,,,,,,,,,,,,,,,,,,,,,,,0.0,0.0,,,,,,,,,,,,,,,,,,,,0,,0,,0,0.0,0.0,,,,,,,,,,,0,0
Nathan Agius,Nathan Agius,-152316,Hibernians,Hibernians,https://cdn5.wyscout.com/photos/team/public/2009_120x120.png,Premier League,DMF,DMF,100,,0,,0,22.0,2003-11-16,0,2027-06-30,1,17,0,0.0,0,0.0,,,Malta,['Malta'],right,0,0,False,,,,,,,0.0,,,15.0,,0,,0,,,,0,,,0,,1,,,0.0,,,,,,,,,,,,,,,,,,,,,,,,,,,,,24.77,42.34,,,,,,,,,,,,,,,,,,,,0,,0,,0,0.0,0.0,,,,,,,,,,,0,0
K. Fenech,Kaiden Fenech,-296384,Zabbar St. Patrick,Zabbar St. Patrick,https://cdn5.wyscout.com/photos/team/public/g3056_120x120.png,Premier League,RW,RW,100,,0,,0,20.0,2005-11-17,0,,2,15,0,0.0,0,0.0,,,Malta,['Malta'],right,0,0,False,,,,,,,6.0,,,6.0,,0,,0,,,,0,,,0,,0,,,0.0,,,,,,,,,,,,,,,,,,,,,,,,,,,,,6.57,0.0,,,,,,,,,,,,,,,,,,,,0,,0,,0,0.0,0.0,,,,,,,,,,,0,0
Isaac Christie-Davies,Isaac Christie-Davies,376719,Marsaxlokk,Marsaxlokk,https://cdn5.wyscout.com/photos/team/public/g1448_120x120.png,Premier League,LWF,LWF,100,,0,,0,28.0,1997-10-18,350000,2027-06-30,1,15,0,0.01,0,0.07,,,England,"['England', 'Wales']",right,188,75,False,,,,,,,0.0,,,0.0,,0,,0,,,,0,,,0,,1,,,0.0,,,,,,,,,,,,,,,,,,,,,,,,,,,,,36.15,46.7,,,,,,,,,,,,,,,,,,,,0,,0,,0,0.0,0.0,,,,,,,,,,,0,0
Ensell Attard,Ensell Attard,-296386,Marsaxlokk,Marsaxlokk,https://cdn5.wyscout.com/photos/team/public/g1448_120x120.png,Premier League,RWF,RWF,100,,0,,0,21.0,2005-08-18,0,,1,15,0,0.0,0,0.0,,,Malta,['Malta'],,0,0,False,,,,,,,0.0,,,0.0,,0,,0,,,,0,,,0,,0,,,0.0,,,,,,,,,,,,,,,,,,,,,,,,,,,,,19.23,0.0,,,,,,,,,,,,,,,,,,,,0,,0,,0,0.0,0.0,,,,,,,,,,,0,0
L. Attard,Lydon Attard,-786905,,Mosta,,,LW,LW,100,,0,,0,17.0,2009-05-21,0,,1,14,0,0.0,0,0.0,,,Malta,['Malta'],unknown,0,0,False,,,,,,,0.0,,,0.0,,0,,0,,,,0,,,0,,0,,,0.0,,,,,,,,,,,,,,,,,,,,,,,,,,,,,16.12,28.16,,,,,,,,,,,,,,,,,,,,0,,0,,0,0.0,0.0,,,,,,,,,,,0,0
J. Scerri,Jamie Scerri,-262252,Mosta,Mosta,https://cdn5.wyscout.com/photos/team/public/g3763_120x120.png,Premier League,RW,RW,100,,0,,0,22.0,2004-04-02,0,,1,14,0,0.0,0,0.0,,,Malta,['Malta'],right,0,0,False,,,,,,,0.0,,,0.0,,0,,0,,,,0,,,0,,0,,,0.0,,,,,,,,,,,,,,,,,,,,,,,,,,,,,18.63,18.63,,,,,,,,,,,,,,,,,,,,0,,0,,0,0.0,0.0,,,,,,,,,,,0,0
Kemar Reid,Kemar Reid,396795,Birkirkara,Birkirkara,https://cdn5.wyscout.com/photos/team/public/2012_120x120.png,Premier League,CF,CF,100,,0,,0,32.0,1994-08-15,350000,2027-06-30,2,11,0,0.0,0,0.0,,,Malta,"['Malta', 'Jamaica']",right,180,74,False,,,,,,,0.0,,,0.0,,0,,0,,,,0,,,0,,0,,,0.0,,,,,,,,,,,,,,,,,,,,,,,,,,,,,26.29,24.25,,,,,,,,,,,,,,,,,,,,0,,0,,0,0.0,0.0,,,,,,,,,,,0,0
D. Camilleri,Denzel Camilleri,-435827,Floriana U19,Floriana,https://cdn5.wyscout.com/photos/team/public/g-17139_120x120.png,,AMF,AMF,100,,0,,0,20.0,2005-10-19,0,,1,11,0,0.0,0,0.0,,,Malta,['Malta'],,0,0,False,,,,,,,0.0,,,7.5,,0,,0,,,,0,,,0,,0,,,0.0,,,,,,,,,,,,,,,,,,,,,,,,,,,,,23.74,0.0,,,,,,,,,,,,,,,,,,,,0,,0,,0,0.0,0.0,,,,,,,,,,,0,0
S. Azimzadeh Tabrizi,Sam Azimzadeh Tabrizi,-693983,Birzebbuga,Birzebbuga,https://cdn5.wyscout.com/photos/team/public/g12310_120x120.png,Premier League,LCB3,LCB3,100,,0,,0,23.0,2002-10-29,0,,1,9,0,0.0,0,0.0,,,Canada,['Canada'],right,178,0,False,,,,,,,0.0,,,0.0,,0,,0,,,,0,,,0,,0,,,0.0,,,,,,,,,,,,,,,,,,,,,,,,,,,,,17.45,0.0,,,,,,,,,,,,,,,,,,,,0,,0,,0,0.0,0.0,,,,,,,,,,,0,0
 Tristan Caruana,Tristan Caruana,35153,Marsaxlokk,Marsaxlokk,https://cdn5.wyscout.com/photos/team/public/g1448_120x120.png,Premier League,CF,CF,100,,0,,0,34.0,1991-09-15,50000,,1,7,0,0.0,0,0.0,,,Malta,['Malta'],right,184,80,False,,,,,,,0.0,,,15.0,,0,,0,,,,0,,,0,,0,,,0.0,,,,,,,,,,,,,,,,,,,,,,,,,,,,,0.0,0.0,,,,,,,,,,,,,,,,,,,,0,,0,,0,0.0,0.0,,,,,,,,,,,0,0
S. Vassallo,Samuel Vassallo,-640680,,Mosta,,,RCB3,RCB3,100,,0,,0,18.0,2007-10-23,0,,1,5,0,0.0,0,0.0,,,Malta,['Malta'],,0,0,False,,,,,,,0.0,,,0.0,,0,,0,,,,0,,,0,,0,,,0.0,,,,,,,,,,,,,,,,,,,,,,,,,,,,,25.91,0.0,,,,,,,,,,,,,,,,,,,,0,,0,,0,0.0,0.0,,,,,,,,,,,0,0
B. Farrugia,Bradley Farrugia,-386499,,Mosta,,,LCMF,LCMF,100,,0,,0,20.0,2006-07-03,0,,1,5,0,0.0,0,0.0,,,Malta,['Malta'],right,0,0,False,,,,,,,0.0,,,0.0,,0,,0,,,,0,,,0,,0,,,0.0,,,,,,,,,,,,,,,,,,,,,,,,,,,,,27.23,46.39,,,,,,,,,,,,,,,,,,,,0,,0,,0,0.0,0.0,,,,,,,,,,,0,0
E. Piscopo,Emerson Piscopo,-535011,Floriana U19,Floriana,https://cdn5.wyscout.com/photos/team/public/g-17139_120x120.png,,"CF, RB",CF,61,RB,38,,0,19.0,2007-03-09,0,,2,5,0,0.01,0,0.0,,,Malta,['Malta'],,0,0,False,,,,,,,0.0,,,0.0,,0,,0,,,,0,,,0,,1,,,0.0,,,,,,,,,,,,,,,,,,,,,,,,,,,,,15.18,22.66,,,,,,,,,,,,,,,,,,,,0,,0,,0,0.0,0.0,,,,,,,,,,,0,0
J. Serna,Justin Serna,-786927,Gzira United,Gzira United,https://cdn5.wyscout.com/photos/team/public/g14354_120x120.png,Premier League,RCMF,RCMF,100,,0,,0,17.0,2009-02-28,0,,1,4,0,0.0,0,0.0,,,Malta,['Malta'],unknown,0,0,False,,,,,,,0.0,,,0.0,,0,,0,,,,0,,,0,,0,,,0.0,,,,,,,,,,,,,,,,,,,,,,,,,,,,,26.14,0.0,,,,,,,,,,,,,,,,,,,,0,,0,,0,0.0,0.0,,,,,,,,,,,0,0
Lyon Abela,Lyon  Abela,-583073,Hibernians,Hibernians,https://cdn5.wyscout.com/photos/team/public/2009_120x120.png,Premier League,LW,LW,100,,0,,0,18.0,2007-12-09,0,,1,4,0,0.0,0,0.0,,,Malta,['Malta'],,0,0,False,,,,,,,0.0,,,0.0,,1,,0,,,,0,,,0,,0,,,0.0,,,,,,,,,,,,,,,,,,,,,,,,,,,,,0.0,0.0,,,,,,,,,,,,,,,,,,,,0,,0,,0,0.0,0.0,,,,,,,,,,,0,0
