Player,Full name,Wyscout id,Team,Team within selected timeframe,Team logo,Competition,Position,Primary position,"Primary position, %",Secondary position,"Secondary position, %",Third position,"Third position, %",Age,Birthday,Market value,Contract expires,Matches played,Minutes played,Goals,xG,Assists,xA,Duels per 90,"Duels won, %",Birth country,Passport country,Foot,Height,Weight,On loan,Successful defensive actions per 90,Defensive duels per 90,"Defensive duels won, %",Aerial duels per 90,"Aerial duels won, %",Sliding tackles per 90,PAdj Sliding tackles,Shots blocked per 90,Interceptions per 90,PAdj Interceptions,Fouls per 90,Yellow cards,Yellow cards per 90,Red cards,Red cards per 90,Successful attacking actions per 90,Goals per 90,Non-penalty goals,Non-penalty goals per 90,xG per 90,Head goals,Head goals per 90,Shots,Shots per 90,"Shots on target, %","Goal conversion, %",Assists per 90,Crosses per 90,"Accurate crosses, %",Crosses from left flank per 90,"Accurate crosses from left flank, %",Crosses from right flank per 90,"Accurate crosses from right flank, %",Crosses to goalie box per 90,Dribbles per 90,"Successful dribbles, %",Offensive duels per 90,"Offensive duels won, %",Touches in box per 90,Progressive runs per 90,Accelerations per 90,Received passes per 90,Received long passes per 90,Fouls suffered per 90,Passes per 90,"Accurate passes, %",Forward passes per 90,"Accurate forward passes, %",Back passes per 90,"Accurate back passes, %",Short / medium passes per 90,"Accurate short / medium passes, %",Long passes per 90,"Accurate long passes, %","Average pass length, m","Average long pass length, m",xA per 90,Shot assists per 90,Second assists per 90,Third assists per 90,Smart passes per 90,"Accurate smart passes, %",Key passes per 90,Passes to final third per 90,"Accurate passes to final third, %",Passes to penalty area per 90,"Accurate passes to penalty area, %",Through passes per 90,"Accurate through passes, %",Deep completions per 90,Deep completed crosses per 90,Progressive passes per 90,"Accurate progressive passes, %","Accurate vertical passes, %",Vertical passes per 90,Conceded goals,Conceded goals per 90,Shots against,Shots against per 90,Clean sheets,"Save rate, %",xG against,xG against per 90,Prevented goals,Prevented goals per 90,Back passes received as GK per 90,Exits per 90,Aerial duels per 90,Free kicks per 90,Direct free kicks per 90,"Direct free kicks on target, %",Corners per 90,Penalties taken,"Penalty conversion, %"
Dario Caetano,Dario Mendes Caetano,-73279,,Dayton Flyers,,,GK,GK,100,,0,,0,24.0,2001-09-18,0,,11,1141,0,0.0,0,0.0,1.26,93.75,Portugal,['Portugal'],,190,0,False,2.21,0.08,100.0,0.87,100.0,0.0,0.0,0.0,2.13,2.98,0.0,0,0.0,0,0.0,0.0,0.0,0,0.0,0.0,0,0.0,0,0.0,0.0,0.0,0.0,0.0,0.0,0.0,0.0,0.0,0.0,0.0,0.0,0.0,0.24,66.67,0.0,0.0,0.0,12.7,0.16,0.39,21.3,85.56,12.23,81.29,0.0,0.0,12.78,97.53,8.36,68.87,32.7,43.51,0.0,0.0,0.0,0.0,0.0,0.0,0.0,1.18,46.67,0.0,0.0,0.0,0.0,0.0,0.0,7.1,68.89,93.46,8.44,11,0.87,41,3.23,3,73.17,11.4,0.9,0.4,0.032,0.0,2.37,0.87,,,,0.0,0,0
L. Brown,Logan Brown,512670,,Dayton Flyers,,,"RCB, LCB",RCB,88,LCB,11,,0,25.0,2001-01-09,0,,11,1141,0,0.58,2,0.5,7.89,65.0,United States,['United States'],,183,0,False,7.89,3.79,77.08,2.52,56.25,0.0,0.0,0.9500000000000001,4.97,6.95,0.47000000000000003,1,0.08,0,0.0,0.24,0.0,0,0.0,0.05,0,0.0,3,0.24,0.0,0.0,0.16,0.08,100.0,0.0,0.0,0.08,100.0,0.0,0.39,40.0,0.87,27.27,0.55,0.32,0.0,29.66,0.47000000000000003,0.08,49.61,84.58,21.45,72.06,2.52,100.0,38.97,91.7,10.57,58.21,25.03,42.73,0.04,0.32,0.0,0.0,0.0,0.0,0.16,6.7,65.88,0.63,25.0,0.39,40.0,0.08,0.08,11.04,70.71,95.02,22.16,0,,0,,0,0.0,0.0,0.0,,,2.29,,2.52,0.32,0.0,0.0,0.0,0,0
H. Sigurdsson,Hjalti Sigurdsson,468298,KR,Dayton Flyers,https://cdn5.wyscout.com/photos/team/public/2935_120x120.png,Besta-deild karla,"RB, RCB",RB,88,RCB,11,,0,25.0,2000-09-19,0,2028-11-16,11,1136,4,3.09,0,1.04,16.8,53.3,Iceland,['Iceland'],right,183,78,False,9.19,6.65,52.38,4.28,44.44,0.24,0.33,0.16,5.47,7.67,1.03,3,0.24,0,0.0,3.41,0.32,4,0.32,0.24,2,0.16,20,1.58,30.0,20.0,0.0,3.41,37.21,0.08,100.0,3.33,35.71,0.08,2.06,80.77,4.75,61.67,2.69,2.69,0.63,36.29,1.58,0.87,51.18,80.8,22.34,75.89,5.07,92.19,41.2,88.85,6.89,51.72,21.47,40.47,0.08,0.87,0.16,0.0,0.24,0.0,0.24,8.24,72.12,3.25,43.9,0.48,16.67,0.79,1.03,12.91,77.91,86.6,16.56,0,,0,,0,0.0,0.0,0.0,,,0.79,,4.28,0.0,0.0,0.0,0.08,0,0
M. Bonham,Miles Bonham,-463802,Dayton Flyers,Dayton Flyers,https://cdn5.wyscout.com/photos/team/public/g32986_120x120.png,NCAA D1 Atlantic 10,"RDMF, RCMF",RDMF,57,RCMF,42,,0,,,0,,11,1125,0,0.21,1,0.7000000000000001,19.68,52.85,United States,['United States'],unknown,190,86,False,9.44,7.52,59.57,4.72,45.76,0.24,0.33,0.08,4.72,6.58,0.96,1,0.08,0,0.0,1.3599999999999999,0.0,0,0.0,0.02,0,0.0,7,0.56,42.86,0.0,0.08,0.32,25.0,0.08,0.0,0.24,33.33,0.0,1.6,65.0,4.72,50.85,0.88,0.48,0.08,27.12,0.32,0.64,43.36,83.58,14.88,70.97,6.48,96.3,38.96,86.86,4.08,56.86,18.0,36.81,0.06,0.72,0.0,0.0,0.0,0.0,0.16,6.32,65.82,1.28,43.75,0.16,0.0,0.72,0.08,6.5600000000000005,68.29,92.06,15.12,0,,0,,0,0.0,0.0,0.0,,,0.4,,4.72,0.0,0.0,0.0,0.0,0,0
C. Svendby,Casper Bottolfs Svendby,-280656,Notodden,Dayton Flyers,https://cdn5.wyscout.com/photos/team/public/1613_120x120.png,2. Division,"LB, RB",LB,87,RB,12,,0,22.0,2003-07-17,0,,11,1123,0,0.92,2,0.74,18.11,54.87,Norway,['Norway'],,178,0,False,9.62,8.09,64.36,1.04,38.46,0.0,0.0,0.24,4.41,6.13,1.3599999999999999,1,0.08,0,0.0,4.01,0.0,0,0.0,0.07,0,0.0,16,1.28,25.0,0.0,0.16,1.6,60.0,1.2,53.33,0.4,80.0,0.08,4.8100000000000005,56.67,7.05,47.73,1.76,3.37,1.2,35.9,1.92,0.56,50.25,81.34,21.56,73.23,6.17,96.1,43.92,85.22,4.8100000000000005,53.33,19.55,38.7,0.06,0.88,0.0,0.08,0.16,0.0,0.32,7.37,69.57,2.89,63.89,0.48,33.33,1.2,0.8,11.22,77.86,91.1,15.31,0,,0,,0,0.0,0.0,0.0,,,1.12,,1.04,0.0,0.0,0.0,0.0,0,0
M. Day,Manny Day,-211498,,Dayton Flyers,,,"RAMF, LW, RW",RAMF,42,LW,24,RW,19,,,0,,11,1035,2,3.34,3,1.5899999999999999,27.39,49.21,United States,['United States'],unknown,189,0,False,5.13,4.35,56.0,11.22,59.69,0.09,0.11,0.09,2.61,3.42,1.3,1,0.09,0,0.0,4.35,0.17,2,0.17,0.29,1,0.09,33,2.87,27.27,6.061,0.26,4.09,25.53,1.3,20.0,2.7800000000000002,28.13,0.61,4.43,54.9,9.39,40.74,4.35,2.09,0.87,24.7,4.26,0.52,33.3,71.02,9.48,65.14,6.43,94.59,27.22,80.51,2.17,32.0,18.33,32.62,0.14,1.04,0.17,0.0,0.17,50.0,0.78,3.74,62.79,4.17,35.42,0.35000000000000003,25.0,1.13,1.04,6.7,84.42,63.93,10.61,0,,0,,0,0.0,0.0,0.0,,,0.0,,11.22,0.0,0.0,0.0,0.0,0,0
J. Ermini,John Ermini,-211403,,VCU Rams,,,GK,GK,100,,0,,0,,,0,,10,1019,0,0.0,0,0.0,1.77,80.0,United States,['United States'],unknown,193,77,False,1.15,0.09,100.0,0.97,90.91,0.0,0.0,0.0,1.06,1.6400000000000001,0.0,0,0.0,0,0.0,0.0,0.0,0,0.0,0.0,0,0.0,0,0.0,0.0,0.0,0.0,0.0,0.0,0.0,0.0,0.0,0.0,0.0,0.0,0.0,0.44,80.0,0.0,0.0,0.0,12.01,0.0,0.44,17.93,84.24,7.07,65.0,0.0,0.0,11.39,100.0,6.45,57.53,29.39,43.85,0.0,0.0,0.0,0.0,0.0,0.0,0.0,0.62,42.86,0.0,0.0,0.0,0.0,0.0,0.0,4.15,57.45,97.3,9.8,7,0.62,40,3.5300000000000002,4,82.5,10.63,0.9400000000000001,3.63,0.321,0.0,2.21,0.97,,,,0.0,0,0
J. Kanagwa,Jonathan Kanagwa,-211438,,VCU Rams,,,"LCMF, LDMF",LCMF,68,LDMF,30,,0,,,0,,10,1011,3,2.8200000000000003,3,1.45,17.18,55.44,Uganda,['Uganda'],unknown,177,75,False,9.26,6.41,73.61,4.01,35.56,0.0,0.0,0.45,4.54,6.99,0.71,1,0.09,0,0.0,2.23,0.27,3,0.27,0.25,0,0.0,12,1.07,66.67,25.0,0.27,0.89,50.0,0.8,44.44,0.09,100.0,0.0,1.51,64.71,4.9,45.45,1.96,0.45,0.0,24.84,0.53,0.36,40.86,81.92,12.11,66.18,10.06,95.58,37.39,85.95,2.58,34.48,18.15,33.01,0.13,0.8,0.0,0.0,0.27,33.33,0.53,5.07,66.67,1.6,50.0,0.8,22.22,0.62,0.45,6.77,63.16,88.24,13.62,0,,0,,0,0.0,0.0,0.0,,,0.53,,4.01,0.0,0.0,0.0,0.0,0,0
P. Yeboah,Paul Yeboah,-489849,Dayton Flyers,Dayton Flyers,https://cdn5.wyscout.com/photos/team/public/g32986_120x120.png,NCAA D1 Atlantic 10,LCB,LCB,100,,0,,0,,,0,,10,1009,0,0.92,1,0.2,22.21,65.86,Ghana,['Ghana'],unknown,185,0,False,12.84,7.05,77.22,9.19,66.02,0.27,0.38,0.8,7.14,10.13,0.8,2,0.18,1,0.09,0.27,0.0,0,0.0,0.08,0,0.0,8,0.71,0.0,0.0,0.09,0.0,0.0,0.0,0.0,0.0,0.0,0.0,0.54,50.0,2.77,45.16,0.62,0.18,0.0,30.06,0.45,1.07,48.79,86.47,20.43,79.04,1.69,84.21,43.08,91.51,5.71,48.44,20.82,34.85,0.02,0.18,0.09,0.0,0.0,0.0,0.0,4.28,77.08,0.36,25.0,0.62,57.14,0.18,0.0,10.97,60.98,93.75,22.83,0,,0,,0,0.0,0.0,0.0,,,0.98,,9.19,0.0,0.0,0.0,0.0,0,0
Kenji Mboma Dem,Kenji  Mboma Dem,-222380,Cincinnati,Dayton Flyers,https://cdn5.wyscout.com/photos/team/public/g35679_120x120.png,MLS,CF,CF,93,,0,,0,24.0,2002-01-22,0,2026-12-31,10,1007,9,5.48,1,4.45,20.38,38.6,France,['France'],left,185,68,False,3.66,2.86,59.38,3.22,52.78,0.09,0.13,0.0,1.88,2.74,0.36,1,0.09,0,0.0,4.29,0.8,9,0.8,0.49,1,0.09,50,4.47,44.0,18.0,0.09,1.43,43.75,0.36,25.0,0.98,45.45,0.27,3.04,47.06,10.99,33.33,4.5600000000000005,0.8,0.18,25.74,2.32,1.07,31.55,77.9,6.26,60.0,6.79,85.53,27.8,80.39,2.32,69.23,15.85,32.78,0.4,3.75,0.0,0.27,0.63,42.86,0.63,3.04,64.71,2.95,57.58,0.98,45.45,1.6099999999999999,0.63,3.4,76.32,78.99,10.64,0,,0,,0,0.0,0.0,0.0,,,0.09,,3.22,1.7000000000000002,0.27,33.33,5.09,0,0
M. Ndiaye,Moussa Ndiaye,-571048,Athletic Club Boise,VCU Rams,https://cdn5.wyscout.com/photos/team/public/g-25769_120x120.png,USL League 1,RCB,RCB,100,,0,,0,25.0,2001-01-05,0,,10,1006,1,0.9,0,0.09,11.36,59.06,Senegal,['Senegal'],unknown,0,0,False,7.96,3.31,78.38,5.55,50.0,0.18,0.28,1.16,5.19,8.02,0.63,2,0.18,0,0.0,0.45,0.09,1,0.09,0.08,1,0.09,6,0.54,16.67,16.667,0.0,0.18,50.0,0.09,100.0,0.09,0.0,0.0,0.36,75.0,1.16,38.46,0.72,1.97,0.18,39.54,0.27,0.27,55.56,85.99,20.49,72.49,2.06,100.0,48.22,92.39,7.16,43.75,24.29,42.28,0.01,0.09,0.0,0.0,0.0,0.0,0.0,7.07,62.03,0.54,33.33,0.18,0.0,0.0,0.09,10.2,66.67,94.25,31.13,0,,0,,0,0.0,0.0,0.0,,,1.52,,5.55,0.0,0.0,0.0,0.0,0,0
G. Castillo,Gerardo Castillo Céspedes,-357179,San Carlos,VCU Rams,https://cdn5.wyscout.com/photos/team/public/669_120x120.png,,LB,LB,100,,0,,0,24.0,2001-10-28,0,,10,1003,1,1.49,2,2.04,22.52,54.98,Costa Rica,"['Costa Rica', 'United States']",left,175,0,False,10.14,6.37,60.56,3.41,44.74,0.27,0.41000000000000003,0.36,6.01,9.26,0.54,0,0.0,0,0.0,4.31,0.09,0,0.0,0.13,0,0.0,16,1.44,37.5,6.25,0.18,1.88,38.1,1.79,40.0,0.09,0.0,0.18,4.13,71.74,9.6,57.94,0.9,2.69,1.26,49.17,0.72,1.97,62.36,78.42,29.52,69.6,9.33,95.19,53.21,85.33,7.36,37.8,20.77,43.86,0.18,1.26,0.09,0.09,0.27,33.33,0.09,13.1,67.12,3.05,38.24,0.81,33.33,0.63,0.72,16.69,69.89,85.06,15.61,0,,0,,0,0.0,0.0,0.0,,,0.27,,3.41,0.99,0.27,100.0,2.7800000000000002,1,100
A. Rodriguez,Andres Rodriguez,-169859,VCU Rams,VCU Rams,https://cdn5.wyscout.com/photos/team/public/g33073_120x120.png,NCAA D1 Atlantic 10,"RCMF, RDMF",RCMF,69,RDMF,30,,0,23.0,2003-01-01,0,,10,985,0,0.18,1,0.91,15.62,47.95,United States,['United States'],,175,0,False,11.6,5.57,63.93,1.74,36.84,0.37,0.56,0.73,7.68,11.72,0.64,1,0.09,0,0.0,1.01,0.0,0,0.0,0.02,0,0.0,7,0.64,0.0,0.0,0.09,0.55,16.67,0.37,25.0,0.18,0.0,0.18,1.92,42.86,5.57,34.43,0.18,1.19,0.37,37.37,0.27,0.64,58.66,86.14,13.8,67.55,10.32,97.35,53.63,89.78,4.48,51.02,18.85,35.5,0.08,0.64,0.0,0.18,0.27,33.33,0.27,6.67,64.38,1.74,21.05,1.1,50.0,0.46,0.09,6.3,50.72,93.65,27.32,0,,0,,0,0.0,0.0,0.0,,,0.09,,1.74,0.37,0.0,0.0,0.91,0,0
B. Seel,Braden Seel,-463806,Dayton Flyers,Dayton Flyers,https://cdn5.wyscout.com/photos/team/public/g32986_120x120.png,NCAA D1 Atlantic 10,"LDMF, LCMF",LDMF,50,LCMF,49,,0,,,0,,11,967,0,0.29,1,1.31,19.82,54.93,United States,['United States'],unknown,182,70,False,9.21,6.89,66.22,3.26,51.43,0.47000000000000003,0.59,0.19,4.19,5.29,0.84,1,0.09,0,0.0,2.14,0.0,0,0.0,0.03,0,0.0,9,0.84,22.22,0.0,0.09,0.19,50.0,0.19,50.0,0.0,0.0,0.09,2.51,70.37,7.35,48.1,0.84,1.02,0.28,23.45,0.65,0.56,41.23,82.17,13.22,69.01,6.05,95.38,37.88,85.26,3.16,47.06,17.95,33.83,0.12,1.21,0.0,0.0,0.65,14.29,0.19,6.98,68.0,1.49,50.0,1.02,27.27,1.12,0.09,6.61,64.79,86.34,14.98,0,,0,,0,0.0,0.0,0.0,,,0.28,,3.26,0.0,0.0,0.0,0.0,0,0
M. Floriani,Max  Floriani,-272406,The Town,Saint Louis Billikens,https://cdn5.wyscout.com/photos/team/public/g27276_120x120.png,MLS Next Pro,LCB,LCB,99,,0,,0,23.0,2003-02-06,0,2026-12-31,9,943,0,0.44,1,0.1,15.94,66.47,United States,['United States'],,188,81,False,8.11,2.58,77.78,9.07,67.37,0.29,0.43,0.86,5.82,8.84,0.38,0,0.0,0,0.0,0.9500000000000001,0.0,0,0.0,0.04,0,0.0,4,0.38,0.0,0.0,0.1,0.19,0.0,0.0,0.0,0.19,0.0,0.1,1.05,90.91,2.67,67.86,1.34,1.53,0.0,30.73,0.67,0.86,46.96,87.6,17.56,77.17,4.1,95.35,40.85,92.52,5.92,56.45,22.37,39.33,0.01,0.29,0.0,0.0,0.0,0.0,0.1,6.59,75.36,0.48,60.0,0.76,62.5,0.67,0.0,8.97,67.02,95.58,21.57,0,,0,,0,0.0,0.0,0.0,,,2.58,,9.07,0.0,0.0,0.0,0.0,0,0
D. Konincks,Diego Konincks,-218961,Pacific FC,Saint Louis Billikens,https://cdn5.wyscout.com/photos/team/public/g-10176_120x120.png,Canadian Premier League,RCB,RCB,99,,0,,0,25.0,2000-11-30,0,2027-12-31,9,943,2,0.36,0,0.26,13.55,66.9,Netherlands,['Netherlands'],unknown,188,84,False,8.4,5.34,87.5,4.96,57.69,0.29,0.43,0.38,3.44,5.22,0.48,0,0.0,0,0.0,0.48,0.19,2,0.19,0.03,2,0.19,5,0.48,40.0,40.0,0.0,0.0,0.0,0.0,0.0,0.0,0.0,0.0,0.5700000000000001,50.0,1.43,40.0,1.05,1.34,0.0,29.01,0.38,0.38,46.77,86.53,19.95,73.21,2.86,93.33,37.99,93.97,8.78,54.35,25.04,41.12,0.02,0.19,0.0,0.0,0.0,0.0,0.1,8.97,68.09,0.29,0.0,0.19,0.0,0.48,0.0,10.21,75.7,98.57,20.04,0,,0,,0,0.0,0.0,0.0,,,2.48,,4.96,0.0,0.0,0.0,0.0,0,0
A. Brown,Alex Brown,-359943,UMass Minutemen,UMass Minutemen,https://cdn5.wyscout.com/photos/team/public/g-6748_120x120.png,NCAA D1 Summit League,"RB, RCB, LB",RB,46,RCB,26,LB,14,,,0,,9,932,0,0.04,0,0.09,14.68,62.5,United States,['United States'],unknown,0,0,False,10.53,8.79,63.74,2.8,58.62,0.48,0.55,0.48,4.44,5.02,0.48,0,0.0,0,0.0,0.68,0.0,0,0.0,0.0,0,0.0,1,0.1,0.0,0.0,0.0,0.77,12.5,0.1,0.0,0.58,16.67,0.0,0.58,100.0,2.12,68.18,0.1,0.29,0.19,6.47,0.39,0.87,19.7,55.88,13.91,51.39,0.77,37.5,12.17,70.63,6.76,34.29,25.22,37.75,0.01,0.1,0.0,0.0,0.19,0.0,0.1,6.95,45.83,2.41,32.0,1.06,18.18,0.48,0.1,6.28,66.15,65.85,3.96,0,,0,,0,0.0,0.0,0.0,,,0.1,,2.8,0.19,0.0,0.0,0.0,0,0
M. Zambetti,Matt Zambetti,-197355,,UMass Minutemen,,,GK,GK,100,,0,,0,,,0,,9,932,0,0.0,0,0.0,1.26,69.23,United States,['United States'],,185,0,False,2.32,0.29,66.67,0.68,71.43,0.19,0.22,0.0,1.9300000000000002,2.18,0.1,0,0.0,0,0.0,0.0,0.0,0,0.0,0.0,0,0.0,0,0.0,0.0,0.0,0.0,0.0,0.0,0.0,0.0,0.0,0.0,0.0,0.0,0.0,0.0,0.0,0.0,0.0,0.0,3.2800000000000002,0.0,0.19,10.82,72.32,9.56,70.71,0.0,0.0,2.22,100.0,8.59,65.17,44.59,49.82,0.0,0.0,0.0,0.0,0.0,0.0,0.0,3.67,50.0,0.0,0.0,0.0,0.0,0.0,0.0,6.08,88.89,83.33,1.16,14,1.35,46,4.44,1,69.57,13.62,1.32,-0.38,-0.037,0.0,1.83,0.68,,,,0.0,0,0
L. Redmon,Lawson Redmon,512736,,Saint Louis Billikens,,,LB,LB,100,,0,,0,24.0,2001-08-23,0,,9,932,0,0.9,0,0.32,15.55,53.42,United States,['United States'],,178,70,False,9.08,6.57,70.59,4.35,48.89,0.39,0.58,0.39,4.06,6.12,0.87,1,0.1,0,0.0,0.87,0.0,0,0.0,0.09,0,0.0,8,0.77,25.0,0.0,0.0,1.06,27.27,0.87,11.11,0.19,100.0,0.0,0.58,66.67,2.8,37.93,0.97,1.6400000000000001,0.39,24.43,1.74,0.68,37.56,77.89,19.7,69.61,6.66,91.3,29.45,87.21,7.15,47.3,20.53,35.46,0.03,0.39,0.1,0.0,0.1,0.0,0.0,8.11,63.1,1.06,45.45,0.1,0.0,0.29,0.29,10.24,67.92,88.0,7.24,0,,0,,0,0.0,0.0,0.0,,,0.39,,4.35,0.29,0.1,0.0,1.83,0,0
A. Kelly,Aiden Kelly,-359949,UMass Minutemen,UMass Minutemen,https://cdn5.wyscout.com/photos/team/public/g-6748_120x120.png,NCAA D1 Summit League,"LCB, LCB3",LCB,86,LCB3,10,,0,,,0,,9,928,0,0.91,0,0.52,20.85,56.28,United States,['United States'],unknown,0,0,False,10.57,4.17,72.09,13.09,53.33,0.1,0.11,0.87,7.47,8.4,1.3599999999999999,1,0.1,0,0.0,0.87,0.0,0,0.0,0.09,0,0.0,8,0.78,50.0,0.0,0.0,0.29,66.67,0.1,100.0,0.19,50.0,0.0,0.39,50.0,1.75,66.67,1.55,0.58,0.0,7.76,0.0,0.78,27.45,66.78,16.68,58.14,1.45,60.0,20.27,70.33,6.89,56.34,21.97,34.81,0.05,0.19,0.0,0.0,0.1,100.0,0.19,5.63,53.45,1.26,46.15,0.78,12.5,0.87,0.19,9.02,55.91,90.79,7.37,0,,0,,0,0.0,0.0,0.0,,,0.78,,13.09,0.0,0.0,0.0,0.0,0,0
A. Salmeron,Andrey Felipe Salmerón Elizondo,-331740,VCU Rams,VCU Rams,https://cdn5.wyscout.com/photos/team/public/g33073_120x120.png,NCAA D1 Atlantic 10,"CF, AMF",CF,59,AMF,38,,0,22.0,2004-03-22,0,,10,918,2,1.1,0,0.9400000000000001,27.84,44.01,Costa Rica,['Costa Rica'],,177,65,False,6.86,6.76,52.17,2.84,24.14,0.59,0.86,0.0,2.75,4.0,0.88,1,0.1,0,0.0,4.8,0.2,2,0.2,0.11,0,0.0,23,2.25,26.09,8.696,0.0,1.67,17.65,0.2,0.0,1.47,20.0,0.2,6.27,59.38,14.31,47.26,2.84,1.96,0.6900000000000001,27.35,1.18,3.24,36.27,78.11,7.16,54.79,8.82,92.22,33.04,82.79,1.67,47.06,19.07,34.87,0.09,0.6900000000000001,0.1,0.0,1.18,16.67,0.39,4.71,58.33,2.75,32.14,1.47,13.33,0.98,0.29,3.8200000000000003,64.1,82.0,14.71,0,,0,,0,0.0,0.0,0.0,,,0.0,,2.84,0.0,0.0,0.0,0.0,0,0
T. Gardiner,Trey Gardiner,-211731,,Davidson Wildcats,,,"RCB3, RCB, CB",RCB3,55,RCB,27,CB,15,24.0,2001-11-20,0,,9,912,0,0.14,0,0.0,18.06,62.84,United States,['United States'],,198,0,False,11.05,6.41,75.38,6.22,53.97,0.39,0.54,0.59,5.82,7.94,0.39,2,0.2,0,0.0,0.79,0.0,0,0.0,0.01,0,0.0,2,0.2,0.0,0.0,0.0,0.1,0.0,0.0,0.0,0.1,0.0,0.0,1.28,61.54,2.76,64.29,0.30000000000000004,1.58,0.2,20.82,0.6900000000000001,0.89,38.49,80.77,18.16,70.11,2.66,96.3,31.48,87.77,6.91,50.0,23.16,43.96,0.0,0.0,0.1,0.0,0.0,0.0,0.0,5.43,54.55,0.59,33.33,0.1,0.0,0.2,0.0,8.88,64.44,95.3,14.7,0,,0,,0,0.0,0.0,0.0,,,1.18,,6.22,0.1,0.0,0.0,0.0,0,0
S. McLeod,Scott McLeod,-123846,One Knoxville SC,VCU Rams,https://cdn5.wyscout.com/photos/team/public/g-15173_120x120.png,USL League 1,LCB,LCB,100,,0,,0,23.0,2002-11-24,0,,9,912,1,1.4,0,0.0,13.03,60.61,Jamaica,['Jamaica'],,189,83,False,8.59,3.16,68.75,6.12,54.84,0.30000000000000004,0.46,1.58,6.12,9.59,1.09,3,0.30000000000000004,1,0.1,0.89,0.1,1,0.1,0.14,1,0.1,4,0.39,75.0,25.0,0.0,0.0,0.0,0.0,0.0,0.0,0.0,0.0,0.59,100.0,1.6800000000000002,64.71,0.49,1.38,0.0,39.08,0.30000000000000004,0.6900000000000001,57.63,84.59,21.41,69.12,2.47,96.0,50.33,90.59,7.3,43.24,21.61,35.95,0.0,0.0,0.0,0.0,0.0,0.0,0.0,4.34,50.0,0.0,0.0,0.30000000000000004,33.33,0.0,0.0,7.8,51.9,94.7,29.8,0,,0,,0,0.0,0.0,0.0,,,1.6800000000000002,,6.12,0.0,0.0,0.0,0.0,0,0
Z. Nagy,Zoltan Nagy,-488415,,Duquesne Duke,,,GK,GK,100,,0,,0,,,0,,9,912,0,0.0,0,0.0,0.99,60.0,United States,['United States'],unknown,198,98,False,1.78,0.2,50.0,0.59,66.67,0.0,0.0,0.0,1.6800000000000002,2.33,0.0,0,0.0,0,0.0,0.0,0.0,0,0.0,0.0,0,0.0,0,0.0,0.0,0.0,0.0,0.0,0.0,0.0,0.0,0.0,0.0,0.0,0.0,0.0,0.1,100.0,0.0,0.0,0.0,6.8100000000000005,0.30000000000000004,0.1,16.88,84.8,9.18,74.19,0.0,0.0,11.15,97.35,5.72,60.34,27.66,43.31,0.0,0.0,0.0,0.1,0.0,0.0,0.0,1.28,38.46,0.0,0.0,0.0,0.0,0.0,0.0,3.85,66.67,96.49,5.63,11,1.09,51,5.03,1,78.43,10.61,1.05,-0.39,-0.038,0.0,1.88,0.59,,,,0.0,0,0
P. Croix-Vaubois,Pierre de la Croix-Vaubois,-476309,,UMass Minutemen,,,"LB, RB",LB,75,RB,11,,0,,,0,,9,873,0,0.39,0,1.46,23.71,53.48,United States,['United States'],unknown,0,0,False,14.64,11.96,58.62,4.74,47.83,1.34,1.48,0.41000000000000003,6.29,6.93,1.55,2,0.21,0,0.0,1.96,0.0,0,0.0,0.04,0,0.0,6,0.62,50.0,0.0,0.0,1.75,35.29,0.93,22.22,0.8200000000000001,50.0,0.21,1.96,52.63,5.05,42.86,0.8200000000000001,0.72,0.21,11.55,0.31,0.41000000000000003,26.91,60.92,13.51,52.67,2.16,90.48,18.87,70.49,6.49,39.68,21.46,32.43,0.15,1.44,0.0,0.0,0.0,0.0,0.1,5.57,46.3,2.27,27.27,0.52,20.0,0.52,0.62,8.97,56.32,62.86,7.22,0,,0,,0,0.0,0.0,0.0,,,0.31,,4.74,0.0,0.0,0.0,0.0,0,0
G. Flynn,Galen Flynn,-211499,South Carolina Gamecocks,Saint Louis Billikens,https://cdn5.wyscout.com/photos/team/public/g27556_120x120.png,NCAA D1 Sun Belt,RB,RB,97,,0,,0,,,0,,9,873,0,0.19,1,1.02,22.99,49.78,United States,['United States'],,183,75,False,10.72,8.97,49.43,2.89,57.14,0.8200000000000001,1.24,0.62,5.46,8.24,2.06,4,0.41000000000000003,0,0.0,2.7800000000000002,0.0,0,0.0,0.02,0,0.0,4,0.41000000000000003,0.0,0.0,0.1,3.71,25.0,0.1,0.0,3.61,25.71,0.62,3.92,47.37,7.11,50.72,1.44,2.99,0.52,20.21,0.93,1.96,32.47,67.94,16.8,63.8,4.95,91.67,22.37,79.26,6.7,52.31,21.47,34.02,0.11,0.62,0.1,0.0,0.0,0.0,0.1,6.19,61.67,3.4,39.39,0.31,33.33,0.72,0.93,8.97,74.71,65.08,6.49,0,,0,,0,0.0,0.0,0.0,,,0.41000000000000003,,2.89,0.1,0.0,0.0,0.52,0,0
E. Moylan,Eamon Moylan,-276411,,Davidson Wildcats,,,"CB, LCB, LCB3",CB,58,LCB,22,LCB3,16,,,0,,9,862,0,0.0,1,0.79,12.63,60.33,United States,['United States'],unknown,187,81,False,11.07,5.64,72.22,3.34,50.0,0.1,0.14,1.3599999999999999,6.89,9.21,0.42,1,0.1,0,0.0,0.42,0.0,0,0.0,0.0,0,0.0,0,0.0,0.0,0.0,0.1,0.1,0.0,0.1,0.0,0.0,0.0,0.0,0.52,80.0,1.88,55.56,0.31,0.9400000000000001,0.0,21.3,0.42,0.52,42.91,79.56,19.52,64.71,2.09,95.0,31.32,87.33,11.48,59.09,28.28,43.72,0.08,0.21,0.0,0.0,0.0,0.0,0.21,6.37,62.3,0.63,16.67,0.21,0.0,0.31,0.0,12.95,68.55,95.11,19.21,0,,0,,0,0.0,0.0,0.0,,,1.3599999999999999,,3.34,0.21,0.0,0.0,0.0,0,0
C. Buendia,Christian Buendia,-211347,,Saint Louis Billikens,,,"RCMF, RDMF, LDMF",RCMF,43,RDMF,20,LDMF,11,,,0,,9,849,3,2.04,1,0.25,16.75,53.8,United States,['United States'],unknown,182,71,False,7.31,6.15,62.07,5.62,54.72,0.64,0.88,0.42,2.86,3.9699999999999998,0.74,1,0.11,0,0.0,1.17,0.32,1,0.11,0.22,0,0.0,12,1.27,33.33,25.0,0.11,0.42,50.0,0.11,0.0,0.32,66.67,0.0,0.9500000000000001,55.56,2.44,39.13,0.9500000000000001,0.32,0.0,21.63,0.32,0.74,37.0,75.07,15.8,59.73,4.77,91.11,29.79,81.14,6.78,50.0,20.67,32.26,0.03,0.42,0.0,0.0,0.11,0.0,0.21,9.12,62.79,2.12,40.0,0.64,16.67,0.74,0.21,8.16,81.82,84.62,12.4,0,,0,,0,0.0,0.0,0.0,,,0.74,,5.62,0.42,0.0,0.0,0.0,2,100
A. Hughes,Alec Hughes,-211925,Charleston Battery,UMass Minutemen,https://cdn5.wyscout.com/photos/team/public/g3202_120x120.png,USL Championship,CF,CF,99,,0,,0,24.0,2002-01-22,0,2026-11-30,9,832,7,7.26,0,1.15,25.64,37.55,United States,['United States'],,0,0,False,4.54,3.89,47.22,8.22,43.42,0.0,0.0,0.22,2.7,2.7800000000000002,1.4100000000000001,2,0.22,0,0.0,4.44,0.76,6,0.65,0.79,0,0.0,37,4.0,45.95,18.919,0.0,1.73,31.25,1.08,40.0,0.54,20.0,0.11,4.33,47.5,9.63,33.71,5.52,1.62,0.65,8.55,3.25,0.97,11.36,65.71,1.9500000000000002,83.33,2.92,74.07,9.3,70.93,0.32,100.0,17.08,11.33,0.12,0.65,0.11,0.0,0.0,0.0,0.11,0.87,62.5,0.87,62.5,0.0,0.0,0.65,0.43,1.19,81.82,51.61,3.35,0,,0,,0,0.0,0.0,0.0,,,0.0,,8.22,0.11,0.11,0.0,0.0,1,100
S. Bennett,Sam Bennett,511077,Duquesne Duke,Duquesne Duke,https://cdn5.wyscout.com/photos/team/public/g-2966_120x120.png,NCAA D1 Atlantic 10,"LCB3, RCB3, RB",LCB3,55,RCB3,23,RB,11,23.0,2002-12-12,0,,9,832,0,0.03,0,0.12,8.55,48.1,United States,['United States'],,183,82,False,6.38,3.79,45.71,3.03,50.0,0.11,0.15,0.32,4.54,6.27,0.65,1,0.11,0,0.0,0.32,0.0,0,0.0,0.0,0,0.0,1,0.11,100.0,0.0,0.0,0.65,33.33,0.43,25.0,0.22,50.0,0.11,0.11,0.0,0.65,50.0,0.32,1.08,0.32,29.21,0.76,0.54,39.27,77.13,20.01,67.57,2.81,92.31,28.13,86.54,10.6,54.08,24.22,39.31,0.01,0.11,0.0,0.11,0.0,0.0,0.11,8.0,51.35,1.51,42.86,0.11,100.0,0.43,0.22,11.14,72.82,87.8,13.31,0,,0,,0,0.0,0.0,0.0,,,1.4100000000000001,,3.03,0.11,0.0,0.0,0.0,0,0
L. Liedtka,Lou Liedtka,-211756,Philadelphia Union II,Davidson Wildcats,https://cdn5.wyscout.com/photos/team/public/g35362_120x120.png,MLS Next Pro,GK,GK,100,,0,,0,24.0,2001-12-17,0,,9,831,0,0.0,0,0.0,0.43,75.0,United States,['United States'],,183,75,False,1.8399999999999999,0.11,0.0,0.32,100.0,0.0,0.0,0.0,1.8399999999999999,2.42,0.0,0,0.0,0,0.0,0.0,0.0,0,0.0,0.0,0,0.0,0,0.0,0.0,0.0,0.0,0.0,0.0,0.0,0.0,0.0,0.0,0.0,0.0,0.0,0.0,0.0,0.0,0.0,0.0,7.69,0.0,0.11,17.33,85.63,8.12,70.67,0.0,0.0,11.05,97.06,6.28,65.52,30.91,43.71,0.0,0.0,0.0,0.0,0.0,0.0,0.0,1.3,83.33,0.0,0.0,0.0,0.0,0.0,0.0,4.66,72.09,98.65,8.01,11,1.19,34,3.68,3,67.65,9.64,1.04,-1.3599999999999999,-0.147,0.0,1.52,0.32,,,,0.0,0,0
J. Salvado,Jaume  Salvado,-463857,George Mason Patriots,George Mason Patriots,https://cdn5.wyscout.com/photos/team/public/g27557_120x120.png,NCAA D1 Atlantic 10,GK,GK,100,,0,,0,,,0,,8,826,0,0.1,0,0.0,1.42,69.23,Spain,['Spain'],unknown,183,83,False,1.2,0.22,0.0,1.09,80.0,0.0,0.0,0.0,1.2,1.77,0.11,0,0.0,0,0.0,0.0,0.0,0,0.0,0.01,0,0.0,1,0.11,0.0,0.0,0.0,0.0,0.0,0.0,0.0,0.0,0.0,0.0,0.0,0.0,0.11,100.0,0.11,0.0,0.0,14.06,0.11,0.33,24.84,92.11,8.61,83.54,0.0,0.0,18.85,98.27,5.99,72.73,25.74,42.76,0.0,0.0,0.0,0.0,0.0,0.0,0.0,0.33,66.67,0.0,0.0,0.0,0.0,0.0,0.0,4.36,65.0,96.18,14.27,14,1.53,39,4.25,1,64.1,12.27,1.34,-1.73,-0.188,0.0,2.18,1.09,,,,0.0,0,0
L. Maestre,Luis  Maestre,-463849,,George Mason Patriots,,,LB,LB,100,,0,,0,,,0,,8,820,2,0.97,1,1.22,16.02,48.63,Spain,['Spain'],unknown,172,72,False,7.68,4.94,55.56,3.73,64.71,0.22,0.32,0.22,4.72,6.97,0.77,2,0.22,0,0.0,3.51,0.22,2,0.22,0.11,1,0.11,20,2.2,30.0,10.0,0.11,4.94,31.11,4.72,27.91,0.11,100.0,0.66,2.41,45.45,5.6,33.33,1.54,3.29,0.99,40.17,3.51,0.88,53.78,72.86,20.96,61.78,8.78,95.0,41.71,81.84,7.13,49.23,20.86,34.49,0.13,1.76,0.0,0.0,0.44,50.0,0.66,7.13,60.0,6.04,36.36,0.44,0.0,0.88,1.65,10.87,68.69,75.57,19.32,0,,0,,0,0.0,0.0,0.0,,,0.66,,3.73,1.32,0.77,28.57,2.63,0,0
A. Ekeland,Ask Ekeland,-358092,Boston College Eagles,Duquesne Duke,https://cdn5.wyscout.com/photos/team/public/g-2791_120x120.png,NCAA D1 Atlantic Coast,"AMF, LCMF3, RCMF",AMF,48,LCMF3,12,RCMF,12,,,0,,9,812,8,2.59,0,0.36,14.19,44.53,Norway,['Norway'],unknown,0,0,False,5.76,4.99,55.56,2.99,48.15,0.0,0.0,0.55,2.99,3.7,1.44,2,0.22,0,0.0,2.0,0.89,8,0.89,0.29,0,0.0,25,2.77,44.0,32.0,0.0,0.44,25.0,0.22,50.0,0.22,0.0,0.0,0.89,50.0,4.21,26.32,2.33,0.78,0.44,19.17,1.6600000000000001,0.78,30.04,72.69,10.2,51.09,5.76,94.23,24.16,82.11,5.43,34.69,19.55,34.24,0.04,0.44,0.11,0.0,0.22,100.0,0.11,5.43,44.9,2.55,43.48,0.78,28.57,1.0,0.11,6.32,61.4,82.42,10.09,0,,0,,0,0.0,0.0,0.0,,,0.11,,2.99,2.0,0.67,16.67,1.0,0,0
G. McIntosh,Grant McIntosh,-275507,,Duquesne Duke,,,"CB, RCB",CB,81,RCB,12,,0,23.0,2002-07-22,0,,8,808,0,0.0,0,0.09,8.91,55.0,United States,['United States'],unknown,182,75,False,7.13,3.79,64.71,2.7800000000000002,44.0,0.56,0.78,0.56,4.12,5.78,0.89,2,0.22,0,0.0,0.11,0.0,0,0.0,0.0,0,0.0,0,0.0,0.0,0.0,0.0,0.11,100.0,0.0,0.0,0.11,100.0,0.0,0.0,0.0,0.45,25.0,0.0,0.0,0.0,26.4,0.11,0.22,40.54,81.32,17.04,66.67,1.11,100.0,31.3,90.39,9.13,50.0,24.35,40.4,0.01,0.11,0.0,0.0,0.0,0.0,0.0,4.34,46.15,1.11,30.0,0.11,0.0,0.11,0.11,8.69,52.56,92.93,20.5,0,,0,,0,0.0,0.0,0.0,,,0.56,,2.7800000000000002,0.11,0.0,0.0,0.0,0,0
J. Dechert,Jules Dechert,-358225,,St. Bonaventure Bonnies,,,GK,GK,100,,0,,0,,,0,,8,806,0,0.0,0,0.0,0.78,57.14,France,['France'],unknown,196,91,False,1.67,0.0,0.0,0.45,50.0,0.0,0.0,0.0,1.67,1.85,0.0,0,0.0,0,0.0,0.0,0.0,0,0.0,0.0,0,0.0,0,0.0,0.0,0.0,0.0,0.0,0.0,0.0,0.0,0.0,0.0,0.0,0.0,0.0,0.0,0.0,0.0,0.0,0.0,9.04,0.11,0.22,19.32,82.66,8.71,65.38,0.0,0.0,11.95,92.52,7.37,66.67,30.15,44.21,0.0,0.0,0.0,0.0,0.0,0.0,0.0,1.45,46.15,0.0,0.0,0.0,0.0,0.0,0.0,4.69,64.29,97.3,8.26,16,1.79,56,6.25,2,71.43,17.43,1.9500000000000002,1.43,0.16,0.0,1.34,0.45,,,,0.0,0,0
F. Sabatti,Filip Ivan Sabatti,-312878,Memphis Tigers,La Salle Explorers,https://cdn5.wyscout.com/photos/team/public/g-2892_120x120.png,NCAA D1 American Athletic,GK,GK,100,,0,,0,23.0,2002-09-21,0,,8,802,0,0.0,0,0.0,1.12,80.0,Croatia,['Croatia'],,191,0,False,1.8,0.22,50.0,0.67,100.0,0.11,0.14,0.0,1.57,2.02,0.11,2,0.22,0,0.0,0.0,0.0,0,0.0,0.0,0,0.0,0,0.0,0.0,0.0,0.0,0.0,0.0,0.0,0.0,0.0,0.0,0.0,0.0,0.0,0.11,100.0,0.0,0.0,0.0,8.08,0.34,0.22,15.49,84.78,6.96,69.35,0.0,0.0,9.76,97.7,5.61,64.0,30.32,45.34,0.0,0.0,0.0,0.0,0.0,0.0,0.0,1.35,66.67,0.22,50.0,0.0,0.0,0.11,0.0,3.59,71.88,98.53,7.63,11,1.23,26,2.92,1,57.69,5.77,0.65,-5.23,-0.587,0.0,2.69,0.67,,,,0.0,0,0
R. Pereira,Rafael Pereira,-329569,,St. Bonaventure Bonnies,,,LW,LW,80,,0,,0,20.0,2005-09-11,0,,8,796,2,1.23,2,1.42,15.04,48.12,Portugal,['Portugal'],unknown,170,61,False,4.52,4.18,59.46,0.5700000000000001,20.0,0.0,0.0,0.0,2.04,2.24,0.23,1,0.11,0,0.0,5.09,0.23,2,0.23,0.14,0,0.0,15,1.7000000000000002,33.33,13.333,0.23,3.96,37.14,3.17,35.71,0.79,42.86,0.45,4.86,62.79,8.93,48.1,2.83,4.86,1.81,20.92,2.94,0.9,31.32,73.65,7.35,60.0,8.37,90.54,25.55,80.53,1.92,58.82,17.51,30.37,0.16,1.47,0.0,0.0,0.11,0.0,0.5700000000000001,2.15,68.42,4.07,36.11,0.45,0.0,1.13,1.24,5.54,67.35,70.79,10.06,0,,0,,0,0.0,0.0,0.0,,,0.0,,0.5700000000000001,0.34,0.0,0.0,1.58,0,0
A. Pereira,Américo Pereira,-206041,La Salle Explorers,La Salle Explorers,https://cdn5.wyscout.com/photos/team/public/g-2976_120x120.png,NCAA D1 Atlantic 10,"LCB3, LCB",LCB3,54,LCB,35,,0,23.0,2002-09-29,0,,8,796,0,0.34,1,0.36,11.98,61.32,Hungary,['Hungary'],,185,72,False,9.05,6.11,72.22,2.49,45.45,0.23,0.29,0.5700000000000001,4.41,5.65,0.79,2,0.23,0,0.0,0.79,0.0,0,0.0,0.04,0,0.0,3,0.34,0.0,0.0,0.11,0.0,0.0,0.0,0.0,0.0,0.0,0.0,1.02,66.67,1.92,64.71,0.79,2.71,0.23,35.84,0.9,0.68,53.25,84.93,25.21,76.68,2.26,95.0,46.92,89.4,6.33,51.79,21.73,36.83,0.04,0.23,0.0,0.0,0.23,50.0,0.11,6.11,66.67,0.9,0.0,0.5700000000000001,0.0,0.23,0.0,11.65,68.93,96.06,22.95,0,,0,,0,0.0,0.0,0.0,,,1.24,,2.49,0.0,0.0,0.0,0.0,0,0
A. Jell,Ashton Jell,-137563,,Duquesne Duke,,,"LWB, RWB, RB5",LWB,31,RWB,26,RB5,21,23.0,2003-04-03,0,,9,783,0,0.07,0,0.25,14.83,42.64,United States,['United States'],,173,75,False,7.93,5.29,43.48,2.18,31.58,0.34,0.43,0.23,5.29,6.54,0.5700000000000001,0,0.0,0,0.0,1.49,0.0,0,0.0,0.01,0,0.0,4,0.46,50.0,0.0,0.0,1.38,16.67,0.5700000000000001,0.0,0.8,28.57,0.23,1.9500000000000002,52.94,5.98,42.31,0.34,0.8,0.0,17.24,1.9500000000000002,1.6099999999999999,28.97,63.49,10.8,47.87,6.67,82.76,23.1,72.14,4.6,32.5,19.37,33.79,0.03,0.34,0.0,0.0,0.11,0.0,0.0,2.87,44.0,0.8,14.29,0.11,0.0,0.23,0.11,7.7,40.3,69.35,7.13,0,,0,,0,0.0,0.0,0.0,,,0.11,,2.18,0.0,0.0,0.0,0.0,0,0
S. Jabateh,Sidike Jabateh,-375081,Dayton Flyers,Dayton Flyers,https://cdn5.wyscout.com/photos/team/public/g32986_120x120.png,NCAA D1 Atlantic 10,"CF, LW, RAMF",CF,44,LW,25,RAMF,13,,,0,,9,782,4,4.83,1,0.86,22.1,33.33,Liberia,['Liberia'],unknown,155,0,False,2.19,2.65,34.78,5.52,33.33,0.12,0.14,0.0,1.15,1.44,1.15,1,0.12,0,0.0,3.45,0.46,4,0.46,0.56,0,0.0,38,4.37,34.21,10.526,0.12,0.81,14.29,0.23,0.0,0.58,20.0,0.23,3.68,46.88,9.9,34.88,3.45,1.6099999999999999,0.0,15.42,1.8399999999999999,1.04,21.18,78.8,3.22,67.86,7.02,90.16,19.22,83.23,1.15,50.0,16.64,15.78,0.1,1.38,0.23,0.0,0.23,50.0,0.35000000000000003,1.27,81.82,1.6099999999999999,50.0,0.23,0.0,0.92,0.12,2.5300000000000002,72.73,73.47,5.64,0,,0,,0,0.0,0.0,0.0,,,0.12,,5.52,0.0,0.0,0.0,0.12,0,0
H. Wachsman,Henry Wachsman,-211949,,George Mason Patriots,,,"LAMF, LW, RAMF",LAMF,50,LW,25,RAMF,14,,,0,,8,776,1,0.64,0,0.8300000000000001,14.85,51.56,United States,['United States'],unknown,172,64,False,6.26,5.45,65.96,1.74,46.67,0.12,0.17,0.12,2.55,3.65,1.3900000000000001,3,0.35000000000000003,0,0.0,1.8599999999999999,0.12,1,0.12,0.07,0,0.0,7,0.81,14.29,14.286,0.0,2.44,47.62,1.51,53.85,0.93,37.5,0.23,1.16,40.0,4.87,42.86,1.97,0.23,0.0,25.63,1.62,1.97,32.82,80.21,6.49,62.5,9.74,90.48,28.88,84.74,1.51,46.15,17.35,27.32,0.1,1.04,0.12,0.0,0.35000000000000003,33.33,0.35000000000000003,2.7800000000000002,58.33,2.55,50.0,0.12,0.0,1.16,1.04,4.76,68.29,79.0,11.6,0,,0,,0,0.0,0.0,0.0,,,0.0,,1.74,0.0,0.0,0.0,0.0,0,0
E. Watt,Evan Watt,-359853,Old Dominion Monarchs,La Salle Explorers,https://cdn5.wyscout.com/photos/team/public/g27626_120x120.png,NCAA D1 Sun Belt,"RCB3, RCB",RCB3,50,RCB,45,,0,,,0,,8,772,0,0.48,0,0.06,14.57,58.4,England,['England'],unknown,0,0,False,8.39,6.41,56.36,5.48,63.83,0.23,0.30000000000000004,0.12,4.55,5.82,0.93,2,0.23,1,0.12,0.7000000000000001,0.0,0,0.0,0.06,0,0.0,8,0.93,37.5,0.0,0.0,0.47000000000000003,0.0,0.0,0.0,0.47000000000000003,0.0,0.0,0.7000000000000001,50.0,1.63,64.29,1.98,1.75,0.0,32.41,0.23,0.58,46.52,75.94,21.22,63.19,1.87,100.0,34.04,87.67,12.12,45.19,26.05,41.6,0.01,0.12,0.0,0.0,0.12,0.0,0.12,8.86,48.68,1.63,21.43,0.8200000000000001,28.57,0.35000000000000003,0.0,10.61,63.74,89.27,20.63,0,,0,,0,0.0,0.0,0.0,,,0.8200000000000001,,5.48,0.23,0.23,50.0,0.0,0,0
S. Anderson,Seth   Anderson,-272401,,Saint Louis Billikens,,,"LAMF, LW, CF",LAMF,29,LW,19,CF,13,,,0,,9,768,1,0.65,2,2.03,30.47,43.46,United States,['United States'],unknown,175,69,False,5.27,5.51,55.32,4.34,45.95,0.12,0.15,0.0,2.11,2.66,0.59,1,0.12,0,0.0,6.21,0.12,1,0.12,0.08,1,0.12,7,0.8200000000000001,42.86,14.286,0.23,3.16,25.93,1.88,25.0,1.17,30.0,0.35000000000000003,7.97,58.82,16.17,43.48,3.52,3.4,1.88,17.93,1.4100000000000001,1.88,32.58,73.74,9.02,59.74,6.21,90.57,28.01,80.75,1.52,46.15,16.78,30.99,0.24,1.4100000000000001,0.12,0.0,0.8200000000000001,42.86,0.7000000000000001,2.11,66.67,3.98,47.06,0.9400000000000001,37.5,1.88,0.7000000000000001,4.8,63.41,72.63,11.13,0,,0,,0,0.0,0.0,0.0,,,0.0,,4.34,0.0,0.0,0.0,0.0,0,0
W. Hitchcock,William Hitchcock,-211433,,VCU Rams,,,"RW, RAMF",RW,67,RAMF,30,,0,,,0,,10,766,2,2.17,2,2.22,17.98,43.14,United States,['United States'],unknown,186,70,False,6.7,5.99,43.14,3.88,39.39,0.0,0.0,0.23,4.11,5.28,1.17,0,0.0,0,0.0,2.23,0.23,2,0.23,0.25,1,0.12,11,1.29,54.55,18.182,0.23,3.64,9.68,0.0,0.0,3.64,9.68,1.06,2.11,55.56,4.35,48.65,3.05,0.47000000000000003,0.0,14.92,2.11,1.17,23.62,56.72,6.93,42.37,5.05,88.37,17.98,69.28,2.11,27.78,17.35,23.38,0.26,0.8200000000000001,0.0,0.0,0.0,0.0,0.7000000000000001,1.88,31.25,3.52,23.33,0.47000000000000003,25.0,0.7000000000000001,0.7000000000000001,3.17,48.15,48.28,6.8100000000000005,0,,0,,0,0.0,0.0,0.0,,,0.0,,3.88,0.0,0.0,0.0,0.12,0,0
N. Quanbeck,Nico Quanbeck,-463855,Davidson Wildcats,Davidson Wildcats,https://cdn5.wyscout.com/photos/team/public/g-2978_120x120.png,NCAA D1 Atlantic 10,"RCMF, RCMF3, AMF",RCMF,25,RCMF3,17,AMF,16,,,0,,9,754,1,0.63,1,0.96,23.63,52.02,United States,['United States'],unknown,185,72,False,8.59,8.36,62.86,3.94,54.55,0.12,0.14,0.0,3.22,3.67,1.19,0,0.0,0,0.0,3.34,0.12,1,0.12,0.08,0,0.0,7,0.84,42.86,14.286,0.12,1.9100000000000001,43.75,0.9500000000000001,62.5,0.72,16.67,0.36,3.34,64.29,8.59,43.06,1.19,0.9500000000000001,0.0,15.28,0.36,0.9500000000000001,31.39,76.43,8.95,65.33,4.3,94.44,26.74,79.46,2.98,68.0,19.6,38.88,0.11,0.9500000000000001,0.0,0.0,0.24,0.0,0.36,4.77,70.0,2.51,61.9,0.36,33.33,0.9500000000000001,0.84,4.89,75.61,80.99,14.44,0,,0,,0,0.0,0.0,0.0,,,0.12,,3.94,0.0,0.0,0.0,0.0,0,0
B. Moccio,Brad Moccio,-274776,UMass Minutemen,UMass Minutemen,https://cdn5.wyscout.com/photos/team/public/g-6748_120x120.png,NCAA D1 Summit League,"RCB, CB, RB",RCB,74,CB,13,RB,10,,,0,,8,751,0,0.29,0,0.1,15.46,66.67,United States,['United States'],unknown,0,0,False,11.5,6.47,72.22,5.87,61.22,0.0,0.0,0.72,6.83,6.98,0.48,0,0.0,0,0.0,0.36,0.0,0,0.0,0.04,0,0.0,3,0.36,33.33,0.0,0.0,0.6000000000000001,40.0,0.0,0.0,0.6000000000000001,40.0,0.0,0.12,0.0,1.44,41.67,0.72,0.12,0.0,4.79,0.12,0.6000000000000001,18.93,68.35,11.74,62.24,0.84,100.0,13.3,74.77,5.03,54.76,21.46,36.47,0.01,0.24,0.0,0.0,0.0,0.0,0.0,3.7199999999999998,58.06,0.84,42.86,0.0,0.0,0.36,0.24,6.35,54.72,77.14,4.19,0,,0,,0,0.0,0.0,0.0,,,0.6000000000000001,,5.87,0.0,0.0,0.0,0.0,0,0
 B.  Townsend,Brogan  Townsend,-272408,,Saint Louis Billikens,,,"LCMF, LW, RDMF",LCMF,21,LW,20,RDMF,12,,,0,,9,747,0,0.74,0,0.67,21.08,39.43,United States,['United States'],unknown,180,72,False,6.39,7.47,50.0,6.63,27.27,0.12,0.15,0.0,2.5300000000000002,3.2,1.08,0,0.0,0,0.0,0.48,0.0,0,0.0,0.09,0,0.0,7,0.84,14.29,0.0,0.0,0.6000000000000001,20.0,0.36,0.0,0.24,50.0,0.24,0.72,33.33,4.22,40.0,1.33,0.48,0.0,16.87,0.72,1.08,31.57,72.52,10.6,52.27,4.7,92.31,26.63,79.19,4.46,37.84,20.82,40.83,0.08,0.84,0.0,0.0,0.24,0.0,0.24,4.82,52.5,2.17,27.78,0.72,33.33,0.72,0.12,5.18,51.16,87.04,13.01,0,,0,,0,0.0,0.0,0.0,,,0.48,,6.63,1.45,0.0,0.0,0.84,0,0
J. Abonnel,Jeremi  Abonnel,-463811,Saint Louis Billikens,Saint Louis Billikens,https://cdn5.wyscout.com/photos/team/public/g-2958_120x120.png,NCAA D1 Atlantic 10,GK,GK,100,,0,,0,,,0,,7,730,0,0.0,0,0.0,0.99,62.5,France,['France'],,183,86,False,1.85,0.12,0.0,0.62,100.0,0.0,0.0,0.0,1.85,2.68,0.0,0,0.0,0,0.0,0.0,0.0,0,0.0,0.0,0,0.0,0,0.0,0.0,0.0,0.0,0.0,0.0,0.0,0.0,0.0,0.0,0.0,0.0,0.0,0.0,0.0,0.0,0.0,0.0,14.55,0.0,0.0,22.07,92.18,9.74,82.28,0.0,0.0,14.05,100.0,8.01,78.46,31.67,47.15,0.0,0.0,0.0,0.0,0.0,0.0,0.0,2.34,63.16,0.12,100.0,0.25,100.0,0.12,0.0,5.92,89.58,100.0,11.59,6,0.74,29,3.58,4,79.31,8.18,1.01,2.18,0.269,0.0,1.3599999999999999,0.62,,,,0.0,0,0
C. Smith,Clay Smith,-181649,,St. Bonaventure Bonnies,,,RCB,RCB,98,,0,,0,25.0,2001-01-01,0,,8,726,0,0.0,0,0.01,7.8100000000000005,60.32,United States,['United States'],,188,84,False,5.7,3.22,69.23,1.98,56.25,0.0,0.0,1.12,3.47,3.89,0.12,0,0.0,0,0.0,0.87,0.0,0,0.0,0.0,0,0.0,0,0.0,0.0,0.0,0.0,0.12,0.0,0.0,0.0,0.12,0.0,0.0,0.99,87.5,1.3599999999999999,63.64,0.12,0.5,0.0,22.19,0.25,0.37,37.69,85.53,15.25,73.98,2.23,100.0,31.98,92.64,5.58,46.67,22.65,36.14,0.0,0.12,0.0,0.0,0.0,0.0,0.0,3.6,62.07,0.37,0.0,0.62,20.0,0.25,0.0,7.31,54.24,96.24,16.49,0,,0,,0,0.0,0.0,0.0,,,2.11,,1.98,0.0,0.0,0.0,0.0,0,0
W. Carson,Will Carson,-355120,George Mason Patriots,George Mason Patriots,https://cdn5.wyscout.com/photos/team/public/g27557_120x120.png,NCAA D1 Atlantic 10,LCB,LCB,100,,0,,0,,,0,,8,722,0,0.23,0,0.0,12.71,70.59,United States,['United States'],unknown,185,77,False,8.23,4.99,65.0,4.61,83.78,0.25,0.36,0.62,4.74,6.83,1.25,2,0.25,0,0.0,0.37,0.0,0,0.0,0.03,0,0.0,2,0.25,100.0,0.0,0.0,0.0,0.0,0.0,0.0,0.0,0.0,0.0,0.12,100.0,1.12,77.78,0.5,1.0,0.0,41.63,0.12,0.87,61.08,86.73,26.18,78.57,4.11,93.94,54.97,90.7,6.11,51.02,21.95,34.96,0.0,0.0,0.0,0.12,0.0,0.0,0.0,8.85,77.46,0.37,33.33,0.0,0.0,0.12,0.0,14.83,70.59,94.81,26.43,0,,0,,0,0.0,0.0,0.0,,,2.62,,4.61,0.0,0.0,0.0,0.0,0,0
B. Drath,Bo-Börge  Drath,499987,,St. Bonaventure Bonnies,,,RB,RB,99,,0,,0,26.0,2000-07-06,0,,8,722,0,0.19,0,0.53,17.08,54.74,Germany,['Germany'],right,185,75,False,9.85,8.23,63.64,3.61,55.17,0.37,0.4,0.0,4.24,4.49,1.37,1,0.12,0,0.0,1.75,0.0,0,0.0,0.02,0,0.0,6,0.75,0.0,0.0,0.0,3.74,33.33,0.25,50.0,3.49,32.14,0.5,1.25,40.0,2.99,41.67,0.75,1.75,0.75,26.43,1.5,0.12,39.02,75.4,17.7,71.83,4.24,94.12,29.42,86.02,6.11,51.02,19.21,35.51,0.07,0.5,0.0,0.0,0.0,0.0,0.25,4.86,64.1,3.12,36.0,0.25,50.0,0.37,1.0,8.73,70.0,69.77,10.72,0,,0,,0,0.0,0.0,0.0,,,0.5,,3.61,0.12,0.12,0.0,0.0,0,0
J. Sánchez,Javi  Sánchez,-463847,George Mason Patriots,George Mason Patriots,https://cdn5.wyscout.com/photos/team/public/g27557_120x120.png,NCAA D1 Atlantic 10,"RCB, LCB",RCB,87,LCB,12,,0,,,0,,7,715,0,0.09,0,0.0,10.57,66.67,United States,['United States'],unknown,186,86,False,8.56,4.03,71.88,3.27,73.08,0.88,1.28,0.38,4.78,6.95,0.76,1,0.13,1,0.13,0.38,0.0,0,0.0,0.01,0,0.0,1,0.13,100.0,0.0,0.0,0.13,0.0,0.0,0.0,0.13,0.0,0.0,0.25,100.0,1.01,75.0,0.13,1.8900000000000001,0.13,46.57,0.5,0.25,67.09,87.8,29.71,79.66,3.27,92.31,59.41,92.8,7.55,50.0,22.99,41.41,0.0,0.0,0.13,0.0,0.13,0.0,0.0,7.43,72.88,1.01,37.5,0.13,0.0,0.25,0.0,12.97,77.67,97.5,30.21,0,,0,,0,0.0,0.0,0.0,,,2.14,,3.27,0.0,0.0,0.0,0.0,0,0
R. Levay,Ryan Levay,511053,,UMass Minutemen,,,"LCMF, RCMF",LCMF,48,RCMF,29,,0,25.0,2001-02-28,0,,9,714,0,0.5,0,0.9400000000000001,28.87,55.9,United States,['United States'],,180,0,False,13.11,9.2,58.9,11.47,56.04,0.0,0.0,0.25,7.69,7.53,2.02,1,0.13,0,0.0,1.01,0.0,0,0.0,0.06,0,0.0,4,0.5,25.0,0.0,0.0,1.3900000000000001,27.27,0.38,66.67,1.01,12.5,0.13,1.01,50.0,4.54,41.67,2.02,0.5,0.0,13.87,0.88,1.51,38.95,61.81,19.29,52.94,4.29,88.24,30.38,70.95,7.44,28.81,18.17,34.5,0.12,1.6400000000000001,0.25,0.13,0.13,0.0,0.38,9.96,46.84,2.77,27.27,1.01,0.0,0.88,0.5,6.93,67.27,65.63,8.07,0,,0,,0,0.0,0.0,0.0,,,0.13,,11.47,0.0,0.0,0.0,0.0,0,0
K. Brito,Kenzo  Brito,-279144,George Mason Patriots,St. Bonaventure Bonnies,https://cdn5.wyscout.com/photos/team/public/g27557_120x120.png,NCAA D1 Atlantic 10,LCMF,LCMF,76,,0,,0,,,0,,8,714,1,0.64,1,1.6400000000000001,12.86,41.18,Brazil,['Brazil'],unknown,165,63,False,4.29,4.29,50.0,1.13,22.22,0.0,0.0,0.0,2.14,2.2,0.5,0,0.0,0,0.0,1.51,0.13,1,0.13,0.08,0,0.0,20,2.52,15.0,5.0,0.13,1.13,22.22,0.63,40.0,0.5,0.0,0.25,2.14,35.29,5.29,40.48,1.3900000000000001,2.52,0.5,36.68,1.26,0.76,50.42,83.25,15.5,71.54,6.68,92.45,44.37,87.5,4.92,58.97,20.05,38.17,0.21,1.3900000000000001,0.13,0.0,0.63,20.0,0.38,8.95,71.83,2.14,52.94,1.13,22.22,0.76,0.25,8.32,68.18,89.57,20.55,0,,0,,0,0.0,0.0,0.0,,,0.5,,1.13,1.8900000000000001,0.38,33.33,1.8900000000000001,0,0
J. Dixon,Jed Dixon,-273947,,Fordham Rams,,,"LCB3, LCB",LCB3,76,LCB,23,,0,,,0,,7,710,0,1.65,0,0.79,14.45,64.04,United States,['United States'],unknown,188,84,False,10.77,5.96,70.21,3.93,48.39,0.51,0.61,0.63,6.08,7.27,0.63,0,0.0,0,0.0,1.52,0.0,0,0.0,0.21,0,0.0,7,0.89,28.57,0.0,0.0,1.52,50.0,1.1400000000000001,55.56,0.38,33.33,0.13,0.89,57.14,2.15,64.71,1.27,1.77,0.25,25.86,0.89,1.1400000000000001,41.96,74.92,19.65,63.87,3.68,93.1,29.28,83.55,11.28,55.06,24.58,40.44,0.1,1.01,0.13,0.0,0.0,0.0,0.38,12.55,56.57,2.41,57.89,0.76,16.67,1.1400000000000001,0.89,11.28,73.03,87.9,15.72,0,,0,,0,0.0,0.0,0.0,,,0.63,,3.93,0.13,0.0,0.0,0.13,0,0
C. Abbott,Carter Abbott,-178863,,Fordham Rams,,,GK,GK,100,,0,,0,25.0,2001-01-01,0,,7,710,0,0.0,0,0.0,0.51,75.0,United States,['United States'],,180,75,False,1.77,0.13,0.0,0.13,100.0,0.0,0.0,0.0,1.77,2.12,0.0,0,0.0,0,0.0,0.0,0.0,0,0.0,0.0,0,0.0,0,0.0,0.0,0.0,0.0,0.0,0.0,0.0,0.0,0.0,0.0,0.0,0.0,0.0,0.13,100.0,0.0,0.0,0.0,6.08,0.0,0.25,13.44,88.68,6.72,79.25,0.0,0.0,8.62,97.06,4.82,73.68,31.53,40.3,0.0,0.0,0.0,0.0,0.0,0.0,0.0,0.25,0.0,0.0,0.0,0.0,0.0,0.0,0.0,3.42,81.48,97.78,5.7,7,0.89,20,2.54,1,65.0,6.05,0.77,-0.9500000000000001,-0.12,0.0,0.63,0.13,,,,0.0,0,0
B. Johnson,Brian Johnson,513581,,Saint Louis Billikens,,,"LCMF, LDMF, DMF",LCMF,31,LDMF,25,DMF,22,24.0,2002-03-11,0,,9,702,0,0.08,0,0.0,16.15,50.0,United States,['United States'],,179,70,False,8.33,7.31,63.16,4.23,33.33,0.26,0.30000000000000004,0.13,3.46,3.99,0.9,1,0.13,0,0.0,0.13,0.0,0,0.0,0.01,0,0.0,6,0.77,0.0,0.0,0.0,0.26,0.0,0.0,0.0,0.13,0.0,0.26,0.38,33.33,1.92,33.33,0.64,0.38,0.13,18.97,0.26,0.0,38.72,73.51,16.15,49.21,6.28,95.92,32.18,82.07,6.28,32.65,19.48,29.84,0.0,0.0,0.0,0.0,0.0,0.0,0.0,8.46,60.61,1.4100000000000001,45.45,0.13,0.0,0.77,0.0,6.67,59.62,91.11,11.54,0,,0,,0,0.0,0.0,0.0,,,0.13,,4.23,0.0,0.0,0.0,0.0,0,0
A. Hartmann,Alex Hartmann,-59722,,Saint Joseph's Hawks,,,"LCB, RCB",LCB,82,RCB,14,,0,25.0,2001-01-03,0,,7,692,1,0.16,0,0.01,17.3,67.67,Germany,['Germany'],right,200,102,False,13.79,5.59,76.74,6.89,69.81,0.26,0.32,1.17,9.23,11.45,0.91,1,0.13,0,0.0,0.39,0.13,1,0.13,0.02,1,0.13,3,0.39,33.33,33.333,0.0,0.0,0.0,0.0,0.0,0.0,0.0,0.0,0.52,50.0,2.08,68.75,0.91,0.13,0.0,22.37,0.26,1.04,37.98,82.19,15.35,71.19,1.56,91.67,30.69,88.14,7.28,57.14,24.72,41.2,0.0,0.13,0.0,0.0,0.0,0.0,0.0,5.2,52.5,0.26,0.0,0.0,0.0,0.13,0.0,7.54,60.34,93.66,18.47,0,,0,,0,0.0,0.0,0.0,,,0.91,,6.89,0.0,0.0,0.0,0.0,0,0
K. Dawson,Keegan Dawson,-278014,,St. Bonaventure Bonnies,,,LB,LB,100,,0,,0,,,0,,8,689,0,0.0,0,0.2,19.07,58.22,United States,['United States'],unknown,175,70,False,10.84,7.84,71.67,4.05,54.84,0.52,0.55,0.13,4.7,4.91,1.18,1,0.13,0,0.0,1.57,0.0,0,0.0,0.0,0,0.0,0,0.0,0.0,0.0,0.0,1.57,41.67,1.57,41.67,0.0,0.0,0.26,2.09,43.75,4.83,45.95,0.0,0.78,0.13,28.48,1.96,0.91,45.46,75.0,23.51,65.56,3.5300000000000002,88.89,33.7,79.84,10.19,64.1,19.65,31.4,0.03,0.13,0.0,0.13,0.0,0.0,0.0,3.4,57.69,2.09,43.75,0.65,0.0,0.52,0.78,13.45,53.4,84.95,12.15,0,,0,,0,0.0,0.0,0.0,,,0.0,,4.05,0.13,0.0,0.0,0.0,0,0
M. Andersen,Mikkel Andersen,-211829,,Saint Joseph's Hawks,,,"LB, RB",LB,70,RB,29,,0,,,0,,7,685,0,0.04,1,0.15,16.03,61.48,United States,['United States'],,183,80,False,9.07,6.83,63.46,4.2,68.75,0.13,0.16,0.53,4.6,5.71,0.66,0,0.0,0,0.0,1.71,0.0,0,0.0,0.01,0,0.0,1,0.13,0.0,0.0,0.13,1.05,37.5,0.79,50.0,0.26,0.0,0.13,2.1,56.25,4.2,56.25,0.26,1.71,0.39,17.47,0.79,0.26,30.48,78.45,13.27,71.29,2.23,88.24,25.36,81.87,4.07,67.74,21.82,38.66,0.02,0.13,0.0,0.0,0.13,100.0,0.13,5.91,71.11,1.45,54.55,0.26,50.0,0.39,0.39,8.28,69.84,82.98,12.35,0,,0,,0,0.0,0.0,0.0,,,0.39,,4.2,0.13,0.0,0.0,0.0,0,0
F. Deletioğlu,Florian Deletioğlu,-80081,Inter San Francisco,Fordham Rams,https://cdn5.wyscout.com/photos/team/public/g-18022_120x120.png,,"LCMF, CF, AMF",LCMF,29,CF,25,AMF,14,25.0,2001-04-25,0,,7,684,4,3.16,0,0.77,43.68,42.77,Germany,"['Germany', 'Türkiye']",right,183,86,False,9.74,8.42,70.31,12.89,29.59,1.05,1.24,0.66,2.76,3.25,1.8399999999999999,1,0.13,0,0.0,3.03,0.53,4,0.53,0.42,0,0.0,19,2.5,36.84,21.053,0.0,0.92,42.86,0.13,100.0,0.79,33.33,0.0,2.76,57.14,14.61,34.23,4.87,1.58,0.39,16.32,2.11,2.76,29.21,78.38,9.21,71.43,5.92,84.44,25.79,82.14,2.5,52.63,15.7,27.31,0.1,1.32,0.13,0.0,0.26,50.0,0.26,3.42,69.23,1.58,50.0,0.26,50.0,1.18,0.39,3.03,82.61,80.95,8.29,0,,0,,0,0.0,0.0,0.0,,,0.0,,12.89,0.13,0.0,0.0,0.0,0,0
L. Puchol,Luis Puchol,-211621,,Fordham Rams,,,"CB, RCB",CB,79,RCB,20,,0,,,0,,7,682,0,0.01,0,0.45,13.59,72.82,Switzerland,['Switzerland'],,185,74,False,10.43,6.33,72.92,2.51,73.68,0.66,0.79,0.79,5.15,6.13,0.26,0,0.0,0,0.0,0.79,0.0,0,0.0,0.0,0,0.0,1,0.13,0.0,0.0,0.0,0.4,66.67,0.13,100.0,0.26,50.0,0.0,0.53,75.0,1.72,84.62,0.26,0.26,0.0,25.07,0.0,1.98,44.21,85.07,17.82,71.11,1.98,93.33,33.91,91.05,9.9,65.33,26.3,42.07,0.06,0.26,0.0,0.13,0.13,100.0,0.0,6.86,63.46,0.79,33.33,0.4,33.33,0.4,0.26,9.63,68.49,96.47,22.43,0,,0,,0,0.0,0.0,0.0,,,1.19,,2.51,0.4,0.0,0.0,0.0,0,0
N. Cavallo,Nicholas Cavallo,-211720,New York City II,Davidson Wildcats,https://cdn5.wyscout.com/photos/team/public/g-15453_120x120.png,MLS Next Pro,"LWB, LB",LWB,61,LB,29,,0,24.0,2001-12-27,0,2026-12-31,9,676,0,0.0,0,0.61,19.44,58.9,United States,['United States'],,183,0,False,7.86,5.33,67.5,2.66,60.0,0.13,0.17,0.0,4.13,5.28,0.8,1,0.13,0,0.0,5.59,0.0,0,0.0,0.0,0,0.0,0,0.0,0.0,0.0,0.0,4.93,43.24,4.66,40.0,0.13,100.0,0.4,5.19,64.1,8.39,55.56,0.93,2.4,0.8,19.7,1.8599999999999999,0.8,31.15,64.1,13.71,51.46,3.59,96.3,21.7,76.07,4.66,31.43,24.8,35.9,0.08,0.8,0.0,0.0,0.27,50.0,0.13,5.33,52.5,4.66,51.43,0.67,40.0,0.67,2.13,8.92,62.69,70.0,10.65,0,,0,,0,0.0,0.0,0.0,,,0.53,,2.66,0.0,0.0,0.0,0.0,0,0
M. Reece,Maddux Reece,511004,,Davidson Wildcats,,,"LCMF, RCMF, LCMF3",LCMF,34,RCMF,30,LCMF3,23,24.0,2002-05-03,0,,9,673,1,0.9,0,0.06,25.54,50.26,United States,['United States'],,0,0,False,13.77,11.63,64.37,5.48,41.46,0.53,0.5700000000000001,0.53,5.75,6.14,1.74,2,0.27,0,0.0,0.9400000000000001,0.13,1,0.13,0.12,0,0.0,10,1.34,40.0,10.0,0.0,0.67,20.0,0.13,0.0,0.53,25.0,0.0,0.8,33.33,4.68,34.29,1.34,1.07,0.13,22.07,0.8,1.34,37.31,81.36,11.77,62.5,5.35,97.5,33.16,87.1,3.48,38.46,19.49,32.76,0.01,0.13,0.13,0.0,0.0,0.0,0.13,6.02,53.33,1.74,30.77,0.53,50.0,0.4,0.13,4.95,72.97,90.18,14.98,0,,0,,0,0.0,0.0,0.0,,,0.0,,5.48,0.13,0.0,0.0,0.13,0,0
A. Valentine,Adrian Valentine,-211581,,Fordham Rams,,,"RCB3, RB",RCB3,81,RB,16,,0,,,0,,7,668,0,0.0,1,0.34,16.57,66.67,United States,['United States'],,175,73,False,11.05,7.01,67.31,4.85,63.89,0.67,0.78,0.54,5.66,6.53,0.81,1,0.13,0,0.0,0.67,0.0,0,0.0,0.0,0,0.0,0,0.0,0.0,0.0,0.13,0.81,50.0,0.0,0.0,0.81,50.0,0.13,0.4,66.67,1.35,80.0,0.0,0.4,0.13,23.04,1.35,1.08,40.01,79.8,19.54,65.52,2.29,100.0,32.6,88.02,6.74,42.0,21.66,37.46,0.05,0.4,0.0,0.0,0.0,0.0,0.13,7.68,61.4,1.08,50.0,0.67,40.0,0.13,0.4,7.95,72.88,92.08,13.61,0,,0,,0,0.0,0.0,0.0,,,0.54,,4.85,0.0,0.0,0.0,0.0,0,0
A. Javitt,Andres Javitt,-464361,UMBC Retrievers,St. Bonaventure Bonnies,https://cdn5.wyscout.com/photos/team/public/g-5983_120x120.png,NCAA D1 America East,"RCMF, LAMF",RCMF,78,LAMF,10,,0,,,0,,8,663,1,1.05,1,0.84,23.89,39.2,Venezuela,['Venezuela'],unknown,175,74,False,5.29,6.65,48.98,2.58,47.37,0.54,0.51,0.0,1.49,1.4100000000000001,1.22,0,0.0,0,0.0,3.39,0.14,1,0.14,0.14,0,0.0,12,1.63,50.0,8.333,0.14,1.09,50.0,0.27,50.0,0.81,50.0,0.41000000000000003,3.67,51.85,11.13,28.05,1.3599999999999999,2.44,0.41000000000000003,25.38,1.3599999999999999,1.3599999999999999,37.06,76.56,10.05,59.46,4.62,91.18,33.12,80.33,2.85,42.86,17.56,35.32,0.11,0.81,0.0,0.0,0.41000000000000003,33.33,0.27,5.7,66.67,1.63,58.33,0.9500000000000001,28.57,0.9500000000000001,0.41000000000000003,5.7,66.67,81.98,15.07,0,,0,,0,0.0,0.0,0.0,,,0.0,,2.58,0.27,0.14,0.0,0.14,0,0
E. Kilosho,Erick Kilosho,-279134,,George Mason Patriots,,,"RCMF, DMF, LDMF",RCMF,34,DMF,29,LDMF,23,,,0,,8,662,0,0.06,0,0.0,18.22,54.48,United States,['United States'],unknown,176,74,False,10.2,9.38,69.57,2.45,44.44,0.54,0.71,0.41000000000000003,3.13,4.06,0.8200000000000001,0,0.0,0,0.0,0.68,0.0,0,0.0,0.01,0,0.0,5,0.68,20.0,0.0,0.0,0.27,0.0,0.14,0.0,0.14,0.0,0.14,1.22,44.44,4.49,36.36,0.14,0.54,0.0,41.33,0.14,0.8200000000000001,57.92,86.85,14.41,73.58,10.33,93.42,53.29,89.8,4.35,56.25,20.11,41.37,0.0,0.0,0.0,0.14,0.0,0.0,0.0,9.11,76.12,1.09,12.5,0.41000000000000003,33.33,0.27,0.0,8.43,74.19,89.71,27.73,0,,0,,0,0.0,0.0,0.0,,,0.8200000000000001,,2.45,0.0,0.0,0.0,0.0,0,0
M. Tucker,Mouhamed Tucker,-169576,George Mason Patriots,VCU Rams,https://cdn5.wyscout.com/photos/team/public/g27557_120x120.png,NCAA D1 Atlantic 10,"LW, LAMF",LW,68,LAMF,31,,0,23.0,2003-01-01,0,,10,654,0,0.2,1,0.66,21.88,40.88,United States,['United States'],,173,0,False,6.06,4.68,55.88,2.75,25.0,0.6900000000000001,0.79,0.28,2.75,3.14,0.8300000000000001,1,0.14,0,0.0,4.54,0.0,0,0.0,0.03,0,0.0,1,0.14,0.0,0.0,0.14,3.03,22.73,3.03,22.73,0.0,0.0,0.28,7.02,54.9,10.87,41.77,1.24,2.06,0.6900000000000001,19.95,2.48,0.6900000000000001,29.45,76.17,5.37,48.72,13.07,98.95,25.87,82.98,0.55,50.0,17.97,13.43,0.09,0.8300000000000001,0.14,0.0,0.0,0.0,0.55,0.55,25.0,2.61,42.11,0.0,0.0,0.6900000000000001,0.55,3.17,43.48,68.75,6.61,0,,0,,0,0.0,0.0,0.0,,,0.14,,2.75,0.0,0.0,0.0,0.0,0,0
D. D'Ippolito,Daniel D'Ippolito,-352250,Connecticut FC,Fordham Rams,https://cdn5.wyscout.com/photos/team/public/g-25653_120x120.png,MLS Next Pro,"RCMF, CF, LCMF",RCMF,44,CF,27,LCMF,15,,,0,,7,648,2,1.77,1,0.18,21.39,53.9,United States,['United States'],unknown,180,77,False,7.36,5.69,70.73,2.64,52.63,0.28,0.31,0.0,3.06,3.37,0.97,0,0.0,0,0.0,4.58,0.28,2,0.28,0.25,2,0.28,26,3.61,38.46,7.692,0.14,2.08,20.0,0.8300000000000001,16.67,1.11,25.0,0.42,4.86,57.14,10.14,45.21,3.06,1.67,0.14,15.14,0.42,1.25,27.08,61.03,10.97,40.51,3.89,85.71,19.17,74.64,6.11,29.55,21.35,41.87,0.02,0.6900000000000001,0.0,0.14,0.28,0.0,0.14,7.22,50.0,2.5,33.33,0.97,0.0,0.56,0.6900000000000001,5.83,57.14,74.07,7.5,0,,0,,0,0.0,0.0,0.0,,,0.0,,2.64,0.56,0.14,0.0,0.6900000000000001,0,0
A. Maadir,Ayman Maadir,-463850,Davidson Wildcats,Davidson Wildcats,https://cdn5.wyscout.com/photos/team/public/g-2978_120x120.png,NCAA D1 Atlantic 10,"LCB3, LCB",LCB3,74,LCB,10,,0,,,0,,9,648,0,0.0,0,0.14,21.67,56.41,United States,['United States'],unknown,188,86,False,11.67,10.28,64.86,5.5600000000000005,47.5,0.28,0.37,0.0,4.72,6.34,2.22,1,0.14,0,0.0,0.14,0.0,0,0.0,0.0,0,0.0,0,0.0,0.0,0.0,0.0,0.56,0.0,0.42,0.0,0.14,0.0,0.14,0.42,33.33,2.08,40.0,0.14,1.67,0.0,28.89,1.67,0.6900000000000001,45.97,67.07,25.97,55.61,3.47,96.0,32.5,79.91,13.06,37.23,24.22,41.06,0.02,0.14,0.0,0.0,0.14,0.0,0.0,12.78,51.09,1.94,14.29,0.97,14.29,0.42,0.28,13.47,59.79,78.89,12.5,0,,0,,0,0.0,0.0,0.0,,,0.8300000000000001,,5.5600000000000005,0.28,0.0,0.0,0.0,0,0
D. Krioutchenkov,Denis Krioutchenkov,-318009,One Knoxville SC,Davidson Wildcats,https://cdn5.wyscout.com/photos/team/public/g-15173_120x120.png,USL League 1,CF,CF,97,,0,,0,22.0,2004-05-07,0,,9,648,5,4.33,0,0.66,23.33,41.07,United States,['United States'],unknown,182,79,False,2.92,3.06,45.45,6.67,45.83,0.0,0.0,0.0,1.53,1.52,1.81,1,0.14,0,0.0,3.61,0.6900000000000001,3,0.42,0.6000000000000001,0,0.0,33,4.58,42.42,15.152,0.0,1.3900000000000001,10.0,0.14,0.0,1.25,11.11,0.42,2.7800000000000002,50.0,9.58,39.13,3.89,0.97,0.56,8.75,1.67,1.81,11.25,64.2,2.36,58.82,2.7800000000000002,85.0,9.58,73.91,0.28,0.0,14.79,6.78,0.09,0.6900000000000001,0.0,0.14,0.14,100.0,0.0,1.67,75.0,1.25,33.33,0.28,50.0,0.56,0.14,2.22,81.25,57.14,3.89,0,,0,,0,0.0,0.0,0.0,,,0.0,,6.67,1.3900000000000001,1.11,37.5,2.64,2,100
D. Schwartzman,David Schwartzman,-234419,,Saint Joseph's Hawks,,,"RCB, LCB",RCB,83,LCB,16,,0,,,0,,7,644,0,0.29,0,0.0,14.67,62.86,Israel,['Israel'],unknown,185,79,False,11.18,7.55,74.07,4.19,46.67,0.42,0.5,0.56,5.17,6.2,0.56,1,0.14,0,0.0,0.14,0.0,0,0.0,0.04,0,0.0,3,0.42,33.33,0.0,0.0,0.0,0.0,0.0,0.0,0.0,0.0,0.0,0.0,0.0,1.26,55.56,0.56,0.56,0.0,18.31,0.28,0.56,32.98,83.47,13.28,68.42,2.93,95.24,27.67,88.89,5.31,55.26,22.94,35.01,0.0,0.0,0.0,0.0,0.0,0.0,0.0,3.21,56.52,0.56,25.0,0.42,0.0,0.28,0.0,5.59,60.0,92.52,14.95,0,,0,,0,0.0,0.0,0.0,,,2.52,,4.19,0.0,0.0,0.0,0.0,0,0
A. Crawford,Aidan  Crawford,-352218,Loyola Chicago Ramblers,Loyola Chicago Ramblers,https://cdn5.wyscout.com/photos/team/public/g-2885_120x120.png,NCAA D1 Atlantic 10,GK,GK,100,,0,,0,,,0,,6,643,0,0.0,1,0.0,0.56,75.0,United States,['United States'],,185,0,False,2.38,0.14,100.0,0.28,50.0,0.0,0.0,0.0,2.24,2.96,0.0,0,0.0,0,0.0,0.0,0.0,0,0.0,0.0,0,0.0,0,0.0,0.0,0.0,0.14,0.0,0.0,0.0,0.0,0.0,0.0,0.0,0.0,0.0,0.0,0.0,0.0,0.0,0.0,5.46,0.14,0.14,12.32,88.64,6.72,81.25,0.0,0.0,8.54,100.0,3.7800000000000002,62.96,30.44,45.18,0.0,0.0,0.0,0.0,0.0,0.0,0.0,0.84,33.33,0.0,0.0,0.0,0.0,0.0,0.0,3.22,82.61,97.14,4.9,9,1.26,22,3.08,1,59.09,8.21,1.15,-0.79,-0.111,0.0,0.7000000000000001,0.28,,,,0.0,0,0
V. Bennage,Vincent Bennage,-276420,,Davidson Wildcats,,,"CF, AMF, RWF",CF,45,AMF,22,RWF,16,,,0,,9,643,2,3.36,1,0.51,22.26,40.25,United States,['United States'],unknown,177,70,False,2.8,2.94,47.62,5.46,38.46,0.14,0.14,0.14,1.26,1.29,0.7000000000000001,0,0.0,0,0.0,3.22,0.28,2,0.28,0.47000000000000003,1,0.14,19,2.66,47.37,10.526,0.14,0.7000000000000001,20.0,0.42,33.33,0.28,0.0,0.14,4.06,44.83,10.64,36.84,3.22,1.54,0.56,10.92,1.6800000000000002,1.6800000000000002,14.7,70.48,6.16,59.09,1.6800000000000002,83.33,12.6,76.67,1.4,40.0,19.85,27.32,0.07,0.84,0.0,0.0,0.42,0.0,0.14,2.94,61.9,1.12,62.5,0.42,0.0,0.7000000000000001,0.14,4.06,72.41,82.76,4.06,0,,0,,0,0.0,0.0,0.0,,,0.0,,5.46,0.0,0.0,0.0,0.0,1,0
N. Zielonka,Nick Zielonka,-211942,,UMass Minutemen,,,"CF, AMF",CF,68,AMF,13,,0,,,0,,9,641,4,2.87,1,2.83,21.76,29.03,United States,['United States'],,0,82,False,2.81,3.23,21.74,6.6,29.79,0.14,0.12,0.28,1.97,1.6800000000000002,1.4,1,0.14,0,0.0,2.39,0.56,3,0.42,0.4,0,0.0,16,2.25,31.25,25.0,0.14,1.83,46.15,1.26,44.44,0.56,50.0,0.42,1.6800000000000002,33.33,8.42,31.67,2.5300000000000002,0.98,0.28,10.53,2.11,1.12,20.78,56.76,8.99,35.94,4.35,83.87,15.16,62.04,3.93,39.29,20.45,35.79,0.4,2.11,0.0,0.0,0.98,28.57,0.84,4.63,39.39,2.81,55.0,2.25,37.5,0.98,0.84,4.07,82.76,66.67,4.21,0,,0,,0,0.0,0.0,0.0,,,0.0,,6.6,5.62,0.7000000000000001,20.0,2.95,1,100
N. Hansson,Noel Hansson,-198311,,Loyola Chicago Ramblers,,,"LCB, RCB",LCB,80,RCB,19,,0,22.0,2003-09-06,0,,6,633,0,0.2,0,0.08,14.5,65.69,Sweden,['Sweden'],right,195,84,False,6.82,4.69,75.76,5.83,60.98,0.14,0.19,0.43,3.13,4.2,0.5700000000000001,0,0.0,0,0.0,0.43,0.0,0,0.0,0.03,0,0.0,2,0.28,50.0,0.0,0.0,0.0,0.0,0.0,0.0,0.0,0.0,0.0,0.43,66.67,1.1400000000000001,62.5,0.5700000000000001,0.28,0.14,20.62,0.0,0.28,34.83,81.63,18.2,71.09,1.1400000000000001,75.0,28.15,88.89,6.68,51.06,21.92,39.61,0.01,0.14,0.0,0.14,0.0,0.0,0.0,6.26,59.09,0.43,33.33,0.28,50.0,0.43,0.0,7.68,62.96,97.75,12.65,0,,0,,0,0.0,0.0,0.0,,,0.71,,5.83,0.0,0.0,0.0,0.0,0,0
S. Diouf,Souley  Diouf,-463860,,George Mason Patriots,,,"RAMF, RW, CF",RAMF,28,RW,26,CF,26,,,0,,8,631,1,1.07,0,0.19,22.39,43.31,Senegal,['Senegal'],unknown,183,70,False,6.42,5.99,54.76,3.2800000000000002,43.48,0.14,0.19,0.0,3.0,4.09,1.85,2,0.29,0,0.0,3.5700000000000003,0.14,0,0.0,0.15,0,0.0,8,1.1400000000000001,25.0,12.5,0.0,2.5700000000000003,27.78,0.86,16.67,1.71,33.33,0.5700000000000001,5.13,50.0,10.55,33.78,1.71,1.85,0.29,20.54,3.5700000000000003,0.86,28.38,70.35,6.7,57.45,6.13,81.4,24.1,74.56,1.85,76.92,18.1,27.63,0.03,0.5700000000000001,0.0,0.0,0.29,0.0,0.14,2.85,45.0,3.14,36.36,0.29,100.0,0.86,0.43,3.42,75.0,70.77,9.27,0,,0,,0,0.0,0.0,0.0,,,0.14,,3.2800000000000002,0.0,0.0,0.0,0.14,1,100
P. Touré,Pape Amadou Touré,345057,,VCU Rams,,,CF,CF,99,,0,,0,33.0,1992-12-24,0,,10,629,2,4.08,0,0.15,24.04,27.38,Senegal,['Senegal'],left,179,75,False,2.43,3.86,44.44,6.44,17.78,0.0,0.0,0.0,0.72,0.79,1.43,1,0.14,0,0.0,2.43,0.29,1,0.14,0.58,0,0.0,17,2.43,35.29,11.765,0.0,1.29,33.33,0.43,0.0,0.86,50.0,0.0,2.58,38.89,9.73,27.94,3.0,0.29,0.0,8.59,2.0,1.43,16.03,66.96,3.0,52.38,5.87,85.37,14.02,72.45,0.72,20.0,18.6,21.77,0.02,0.29,0.14,0.0,0.14,100.0,0.0,0.86,50.0,0.72,80.0,0.0,0.0,0.14,0.5700000000000001,1.29,44.44,64.86,5.29,0,,0,,0,0.0,0.0,0.0,,,0.0,,6.44,1.1400000000000001,0.29,100.0,2.58,2,50
L. Ender,Lukas Ender,-232682,Loyola Chicago Ramblers,Loyola Chicago Ramblers,https://cdn5.wyscout.com/photos/team/public/g-2885_120x120.png,NCAA D1 Atlantic 10,"RCB, LCB",RCB,80,LCB,19,,0,,,0,,6,623,1,0.14,0,0.01,10.4,70.83,Germany,['Germany'],,185,0,False,8.67,2.89,70.0,2.6,77.78,0.0,0.0,0.72,6.65,8.9,0.14,1,0.14,0,0.0,1.16,0.14,1,0.14,0.02,1,0.14,1,0.14,100.0,100.0,0.0,0.0,0.0,0.0,0.0,0.0,0.0,0.0,1.3,77.78,3.32,69.57,0.72,0.72,0.29,23.4,0.14,0.87,43.92,78.95,23.11,71.25,2.6,88.89,31.64,85.84,12.28,61.18,25.52,40.84,0.0,0.43,0.14,0.0,0.0,0.0,0.0,10.4,66.67,1.16,62.5,0.43,66.67,0.87,0.0,12.86,71.91,91.51,15.31,0,,0,,0,0.0,0.0,0.0,,,1.44,,2.6,0.0,0.0,0.0,0.0,0,0
L. Ender,Lukas Ender,494857,,Loyola Chicago Ramblers,,,"RCB, LCB",RCB,80,LCB,19,,0,26.0,2000-03-16,0,,6,623,1,0.14,0,0.01,10.4,70.83,Germany,['Germany'],right,182,73,False,8.67,2.89,70.0,2.6,77.78,0.0,0.0,0.72,6.65,8.9,0.14,1,0.14,0,0.0,1.16,0.14,1,0.14,0.02,1,0.14,1,0.14,100.0,100.0,0.0,0.0,0.0,0.0,0.0,0.0,0.0,0.0,1.3,77.78,3.32,69.57,0.72,0.72,0.29,23.4,0.14,0.87,43.92,78.95,23.11,71.25,2.6,88.89,31.64,85.84,12.28,61.18,25.52,40.84,0.0,0.43,0.14,0.0,0.0,0.0,0.0,10.4,66.67,1.16,62.5,0.43,66.67,0.87,0.0,12.86,71.91,91.51,15.31,0,,0,,0,0.0,0.0,0.0,,,1.44,,2.6,0.0,0.0,0.0,0.0,0,0
L. Vergara,Leonel Vergara,-381772,Cannara,VCU Rams,https://cdn5.wyscout.com/photos/team/public/g-5200_120x120.png,Serie D - Girone E,RB,RB,100,,0,,0,25.0,2001-05-23,0,,7,621,0,0.14,0,0.62,13.04,57.78,Argentina,['Argentina'],right,0,0,False,7.68,4.49,67.74,1.74,50.0,0.87,1.37,0.14,3.77,5.95,1.16,2,0.29,0,0.0,3.33,0.0,0,0.0,0.02,0,0.0,3,0.43,66.67,0.0,0.0,3.62,40.0,0.0,0.0,3.62,40.0,0.58,2.32,68.75,3.91,59.26,0.58,1.01,0.43,33.77,1.16,0.43,44.35,79.74,17.54,71.07,5.22,100.0,34.2,91.1,6.67,43.48,21.65,36.01,0.09,0.58,0.0,0.0,0.14,0.0,0.43,6.52,66.67,4.06,46.43,0.87,16.67,0.29,1.45,11.16,77.92,83.48,16.67,0,,0,,0,0.0,0.0,0.0,,,0.87,,1.74,0.0,0.0,0.0,0.0,0,0
B. Driehuis,Blake Driehuis,-270669,,Saint Joseph's Hawks,,,"AMF, CF",AMF,82,CF,16,,0,,,0,,7,612,3,1.6600000000000001,1,0.87,25.59,44.25,New Zealand,['New Zealand'],,183,80,False,7.5,5.59,65.79,7.35,26.0,0.44,0.51,0.15,3.38,3.88,1.62,1,0.15,0,0.0,3.09,0.44,3,0.44,0.24,1,0.15,14,2.06,35.71,21.429,0.15,1.32,11.11,1.32,11.11,0.0,0.0,0.15,2.06,85.71,9.12,51.61,2.79,1.62,0.59,11.76,2.06,2.35,18.24,66.94,5.15,57.14,3.24,81.82,16.03,73.39,1.32,22.22,18.12,38.79,0.13,0.74,0.15,0.15,0.74,60.0,0.59,3.09,52.38,1.32,22.22,0.88,66.67,0.88,0.44,2.79,52.63,61.29,4.5600000000000005,0,,0,,0,0.0,0.0,0.0,,,0.0,,7.35,0.29,0.29,0.0,0.0,0,0
C. Vie Angell,Christoffer Vie Angell,-192553,,Duquesne Duke,,,"RCB3, CB",RCB3,82,CB,16,,0,25.0,2001-05-11,0,,7,607,0,0.2,0,0.0,8.45,66.67,Norway,['Norway'],,185,77,False,6.38,3.86,80.77,1.33,55.56,0.30000000000000004,0.4,0.15,2.9699999999999998,4.0,0.30000000000000004,2,0.30000000000000004,0,0.0,0.59,0.0,0,0.0,0.03,0,0.0,3,0.44,0.0,0.0,0.0,0.74,20.0,0.0,0.0,0.74,20.0,0.15,0.59,75.0,1.78,41.67,0.15,0.59,0.74,25.06,0.44,0.44,38.7,75.48,17.64,66.39,2.22,93.33,29.65,87.0,8.3,39.29,24.38,43.03,0.0,0.0,0.0,0.0,0.0,0.0,0.0,7.41,50.0,0.89,0.0,0.59,25.0,0.0,0.30000000000000004,9.04,52.46,85.45,16.31,0,,0,,0,0.0,0.0,0.0,,,1.04,,1.33,0.0,0.0,0.0,0.0,0,0
E. Rodriguez,Edu Rodriguez,-463812,,Rhode Island Rhody,,,GK,GK,100,,0,,0,,,0,,6,606,0,0.0,0,0.0,0.89,66.67,Spain,['Spain'],unknown,188,78,False,1.49,0.0,0.0,0.74,60.0,0.0,0.0,0.0,1.49,1.83,0.0,2,0.30000000000000004,0,0.0,0.0,0.0,0,0.0,0.0,0,0.0,0,0.0,0.0,0.0,0.0,0.0,0.0,0.0,0.0,0.0,0.0,0.0,0.0,0.0,0.15,100.0,0.0,0.0,0.0,10.25,0.0,0.30000000000000004,17.08,78.26,7.57,54.9,0.0,0.0,10.69,95.83,6.39,48.84,34.21,51.41,0.0,0.0,0.0,0.0,0.0,0.0,0.0,1.19,25.0,0.15,0.0,0.0,0.0,0.0,0.0,4.46,60.0,96.55,8.61,12,1.78,34,5.05,3,64.71,13.49,2.0,1.49,0.221,0.0,1.78,0.74,,,,0.0,0,0
S. Vaghedi,Sean Vaghedi,-273966,,George Washington Colonials,,,"LB, RB, LB5",LB,57,RB,19,LB5,18,,,0,,7,606,0,0.16,0,0.26,17.23,47.41,United States,['United States'],unknown,186,77,False,9.36,7.57,52.94,4.75,53.13,0.0,0.0,0.0,5.35,5.48,0.45,2,0.30000000000000004,0,0.0,2.23,0.0,0,0.0,0.02,0,0.0,5,0.74,60.0,0.0,0.0,2.9699999999999998,20.0,2.08,21.43,0.74,20.0,0.45,2.23,53.33,3.71,40.0,0.74,0.89,0.15,10.1,0.30000000000000004,0.45,25.54,51.74,15.3,46.6,1.34,77.78,14.26,66.67,8.47,36.84,28.53,41.18,0.04,0.59,0.0,0.0,0.15,0.0,0.0,8.47,43.86,3.12,28.57,0.59,0.0,0.30000000000000004,0.59,8.61,62.07,60.42,7.13,0,,0,,0,0.0,0.0,0.0,,,0.45,,4.75,1.78,0.15,100.0,0.15,0,0
P. Wujewitsch,Philipp Wujewitsch,-86397,,Saint Joseph's Hawks,,,"RB, LB",RB,70,LB,29,,0,27.0,1999-01-27,0,,6,601,0,0.04,0,0.21,16.17,56.48,Germany,['Germany'],right,178,73,False,9.58,10.48,67.14,1.35,33.33,0.0,0.0,0.15,2.55,3.04,1.5,2,0.30000000000000004,0,0.0,1.5,0.0,0,0.0,0.01,0,0.0,3,0.45,0.0,0.0,0.0,2.55,35.29,0.30000000000000004,50.0,2.25,33.33,0.45,0.9,66.67,2.7,50.0,0.0,1.5,0.6000000000000001,22.31,2.25,0.9,32.8,69.41,16.47,59.09,5.99,92.5,21.71,79.31,8.84,54.24,22.53,33.73,0.03,0.30000000000000004,0.0,0.0,0.0,0.0,0.30000000000000004,7.04,53.19,3.14,28.57,0.9,16.67,0.30000000000000004,1.2,10.18,75.0,65.38,7.79,0,,0,,0,0.0,0.0,0.0,,,1.05,,1.35,0.30000000000000004,0.0,0.0,0.0,0,0
J. Cisneros,Julian Cisneros,512690,Naples,Loyola Chicago Ramblers,https://cdn5.wyscout.com/photos/team/public/g-22288_120x120.png,USL League 1,"RB, LB",RB,74,LB,22,,0,24.0,2001-11-21,0,2026-11-30,6,595,3,0.66,1,0.54,22.24,49.66,United States,['United States'],,170,0,False,9.08,6.35,54.76,2.42,43.75,0.76,1.01,0.45,4.84,6.44,0.91,2,0.30000000000000004,0,0.0,6.05,0.45,3,0.45,0.1,0,0.0,15,2.27,20.0,20.0,0.15,4.69,41.94,1.06,42.86,3.63,41.67,0.61,5.75,60.53,9.98,48.48,2.87,4.54,2.27,26.47,2.12,1.21,37.97,71.31,14.97,62.63,4.84,93.75,25.71,84.71,7.71,43.14,22.6,38.66,0.08,0.91,0.0,0.0,0.15,100.0,0.61,7.26,60.42,3.93,42.31,0.91,16.67,0.30000000000000004,2.12,12.71,70.24,79.76,12.71,0,,0,,0,0.0,0.0,0.0,,,0.45,,2.42,0.0,0.0,0.0,0.0,0,0
N. Dragisich,Nate Dragisich,-211915,,Duquesne Duke,,,"AMF, RW, RAMF",AMF,45,RW,20,RAMF,13,25.0,2001-03-31,0,,9,587,1,1.2,2,1.27,16.41,41.12,United States,['United States'],right,180,68,False,5.37,4.75,54.84,3.22,42.86,0.0,0.0,0.15,2.76,2.81,0.61,0,0.0,0,0.0,2.15,0.15,1,0.15,0.18,1,0.15,7,1.07,42.86,14.286,0.31,0.77,60.0,0.15,100.0,0.61,50.0,0.0,1.99,46.15,6.9,33.33,1.69,0.61,0.31,20.55,2.76,1.23,30.2,77.16,9.05,50.85,6.44,90.48,26.22,81.87,3.37,45.45,20.35,32.97,0.19,1.38,0.0,0.0,0.77,40.0,0.77,5.67,62.16,2.91,52.63,0.77,40.0,1.53,0.31,5.83,71.05,87.14,10.73,0,,0,,0,0.0,0.0,0.0,,,0.15,,3.22,0.15,0.0,0.0,2.15,0,0
V. Nilsen,Vetle Røhne Nilsen,-211321,Skedsmo,Rhode Island Rhody,https://cdn5.wyscout.com/photos/team/public/g18696_120x120.png,3. Division,RCB,RCB,94,,0,,0,25.0,2001-03-14,0,,6,584,0,0.21,0,0.0,8.78,59.65,Norway,['Norway'],unknown,188,82,False,7.24,4.01,65.38,2.0,61.54,0.0,0.0,0.77,4.62,5.73,0.77,0,0.0,0,0.0,0.62,0.0,0,0.0,0.03,0,0.0,1,0.15,0.0,0.0,0.0,0.62,75.0,0.0,0.0,0.62,75.0,0.15,0.31,50.0,0.62,50.0,0.15,0.31,0.15,23.73,0.46,0.15,36.83,81.17,20.8,75.56,2.0,76.92,27.12,90.91,9.09,52.54,24.05,36.79,0.0,0.0,0.0,0.0,0.0,0.0,0.0,5.86,65.79,0.92,50.0,0.31,50.0,0.0,0.46,11.87,72.73,90.0,12.33,0,,0,,0,0.0,0.0,0.0,,,1.3900000000000001,,2.0,0.0,0.0,0.0,0.0,0,0
A. Rosenbaum,Andrew Rosenbaum,-203757,,La Salle Explorers,,,"RCMF, LCMF, RDMF",RCMF,33,LCMF,31,RDMF,23,23.0,2002-07-02,0,,8,584,0,0.29,0,0.61,16.64,56.48,United States,['United States'],,182,78,False,10.94,7.55,61.22,4.47,55.17,0.0,0.0,0.92,6.32,6.8,0.77,1,0.15,0,0.0,1.3900000000000001,0.0,0,0.0,0.04,0,0.0,5,0.77,20.0,0.0,0.0,1.08,57.14,0.46,100.0,0.62,25.0,0.15,0.46,66.67,1.7000000000000002,36.36,0.77,0.77,0.0,24.66,0.31,0.62,37.45,79.42,15.41,70.0,3.85,92.0,32.05,85.1,4.32,42.86,20.27,39.87,0.09,1.85,0.0,0.0,0.46,66.67,0.15,9.09,67.8,1.7000000000000002,63.64,0.46,66.67,0.31,0.62,9.09,69.49,85.88,13.1,0,,0,,0,0.0,0.0,0.0,,,0.31,,4.47,1.08,0.0,0.0,2.0,0,0
T. Brændvang,Truls Brændvang,-270642,Oppsal,Saint Joseph's Hawks,https://cdn5.wyscout.com/photos/team/public/g23590_120x120.png,3. Division,"RCMF3, RAMF, RDMF",RCMF3,52,RAMF,28,RDMF,16,23.0,2002-07-02,0,,7,583,0,0.28,4,1.01,19.76,44.53,Norway,['Norway'],,175,65,False,11.42,10.03,53.85,1.85,41.67,1.3900000000000001,1.49,0.31,4.63,4.97,0.93,0,0.0,0,0.0,1.85,0.0,0,0.0,0.04,0,0.0,3,0.46,66.67,0.0,0.62,1.08,28.57,0.0,0.0,1.08,28.57,0.15,2.32,53.33,5.4,28.57,0.46,2.16,0.93,13.43,0.62,0.31,26.55,70.93,12.2,60.76,5.09,87.88,21.92,76.76,3.86,44.0,18.04,35.81,0.16,1.23,0.15,0.0,0.31,0.0,0.62,3.09,75.0,1.7000000000000002,45.45,0.46,33.33,0.77,0.31,5.25,73.53,76.92,6.02,0,,0,,0,0.0,0.0,0.0,,,0.0,,1.85,0.93,0.0,0.0,1.23,0,0
L. Bryant,Luke Bryant,-211717,,Davidson Wildcats,,,"RWB, RB",RWB,60,RB,17,,0,24.0,2002-02-18,0,,9,583,2,0.93,1,0.6900000000000001,21.77,46.81,United States,['United States'],,173,71,False,9.42,8.18,49.06,3.4,45.45,0.62,0.56,0.15,4.79,4.33,1.85,0,0.0,0,0.0,3.4,0.31,2,0.31,0.14,0,0.0,7,1.08,42.86,28.571,0.15,3.86,44.0,0.0,0.0,3.86,44.0,0.46,3.09,40.0,6.95,35.56,1.08,1.3900000000000001,0.77,13.28,0.93,0.46,23.93,61.94,10.03,46.15,4.79,96.77,15.13,75.51,5.25,35.29,23.94,38.16,0.11,0.93,0.0,0.0,0.0,0.0,0.62,4.63,50.0,4.32,42.86,0.0,0.0,0.62,1.54,7.72,68.0,65.96,7.26,0,,0,,0,0.0,0.0,0.0,,,0.31,,3.4,0.31,0.15,100.0,0.0,0,0
C. Humm,Carter Humm,-211872,,George Washington Colonials,,,"RCB, RCB3",RCB,69,RCB3,13,,0,,,0,,7,582,0,0.19,0,0.0,14.54,52.13,United States,['United States'],unknown,190,79,False,9.28,5.41,62.86,4.33,50.0,0.46,0.45,0.77,5.41,5.28,0.31,0,0.0,0,0.0,0.15,0.0,0,0.0,0.03,0,0.0,1,0.15,100.0,0.0,0.0,0.0,0.0,0.0,0.0,0.0,0.0,0.0,0.15,0.0,2.01,38.46,0.15,0.0,0.0,7.42,0.31,0.62,22.27,75.0,9.43,59.02,4.33,89.29,18.25,83.05,4.02,38.46,18.68,27.38,0.0,0.0,0.0,0.0,0.0,0.0,0.0,3.87,52.0,0.62,50.0,0.15,0.0,0.0,0.0,5.26,52.94,88.89,5.57,0,,0,,0,0.0,0.0,0.0,,,2.63,,4.33,0.0,0.0,0.0,0.0,0,0
J. Brunow,Justin Brunow,-211590,,La Salle Explorers,,,"RAMF, CF, RW",RAMF,33,CF,27,RW,24,,,0,,8,580,0,0.30000000000000004,0,0.47000000000000003,27.16,39.43,United States,['United States'],,163,61,False,5.12,5.74,59.46,1.55,10.0,0.0,0.0,0.0,1.71,1.72,0.62,1,0.16,0,0.0,4.19,0.0,0,0.0,0.05,0,0.0,7,1.09,14.29,0.0,0.0,1.71,45.45,0.47000000000000003,66.67,1.09,42.86,0.47000000000000003,6.83,47.73,17.69,36.84,2.64,2.48,1.4,10.09,0.78,1.4,18.78,79.34,3.7199999999999998,62.5,3.5700000000000003,86.96,17.07,82.73,0.0,0.0,14.78,0.0,0.07,0.93,0.0,0.0,0.62,0.0,0.16,0.93,83.33,2.17,50.0,0.31,0.0,0.62,0.93,2.64,70.59,78.57,6.52,0,,0,,0,0.0,0.0,0.0,,,0.0,,1.55,0.0,0.0,0.0,0.0,0,0
M. Torrellas,Marc Torrellas,-242448,,Loyola Chicago Ramblers,,,"LCMF, RCMF",LCMF,79,RCMF,13,,0,,,0,,6,575,2,1.13,3,0.54,23.01,46.26,Spain,['Spain'],unknown,183,0,False,9.23,5.95,55.26,7.67,48.98,0.47000000000000003,0.61,0.31,5.48,7.14,1.4100000000000001,1,0.16,0,0.0,2.66,0.31,2,0.31,0.18,1,0.16,11,1.72,45.45,18.182,0.47000000000000003,1.25,25.0,0.78,0.0,0.31,50.0,0.31,2.03,69.23,6.73,41.86,2.19,1.72,1.1,27.86,1.1,1.1,43.51,79.14,13.3,67.06,9.08,86.21,36.63,82.91,5.63,66.67,19.36,32.93,0.08,1.1,0.0,0.0,0.31,50.0,0.47000000000000003,5.95,71.05,2.5,56.25,0.63,50.0,1.4100000000000001,0.47000000000000003,5.63,66.67,87.76,15.34,0,,0,,0,0.0,0.0,0.0,,,0.63,,7.67,0.16,0.16,100.0,0.16,0,0
G. Vincent,George Vincent,-411735,,George Washington Colonials,,,CF,CF,100,,0,,0,21.0,2005-05-08,0,,7,571,1,2.07,1,0.34,25.69,28.22,England,['England'],unknown,183,84,False,1.8900000000000001,2.84,50.0,5.36,29.41,0.0,0.0,0.16,0.47000000000000003,0.46,1.8900000000000001,1,0.16,0,0.0,2.36,0.16,1,0.16,0.33,0,0.0,9,1.42,22.22,11.111,0.16,0.32,50.0,0.16,100.0,0.16,0.0,0.0,3.63,47.83,13.87,23.86,2.84,0.63,0.16,5.2,1.73,0.79,10.09,64.06,2.84,50.0,1.58,80.0,8.83,69.64,1.1,14.29,20.31,25.52,0.05,0.63,0.0,0.0,0.47000000000000003,33.33,0.16,1.26,50.0,0.79,80.0,0.32,50.0,0.79,0.16,0.63,75.0,66.67,3.7800000000000002,0,,0,,0,0.0,0.0,0.0,,,0.16,,5.36,0.0,0.0,0.0,0.0,0,0
Q. Blair,Quinten Blair,-170000,Marconi Stallions,Loyola Chicago Ramblers,https://cdn5.wyscout.com/photos/team/public/g146_120x120.png,New South Wales NPL,"RCMF, DMF, RDMF",RCMF,67,DMF,14,RDMF,12,23.0,2003-01-01,0,,6,570,0,0.23,0,0.65,14.53,66.3,United States,['United States'],,183,0,False,8.37,7.11,60.0,2.84,83.33,0.16,0.21,0.16,3.95,5.14,0.63,1,0.16,0,0.0,1.8900000000000001,0.0,0,0.0,0.04,0,0.0,5,0.79,20.0,0.0,0.0,0.63,50.0,0.16,0.0,0.47000000000000003,66.67,0.16,1.74,81.82,3.0,63.16,0.16,1.11,0.63,15.63,0.32,0.16,30.16,75.92,11.84,61.33,2.68,88.24,25.11,81.76,4.42,46.43,20.86,37.59,0.1,0.79,0.16,0.0,0.0,0.0,0.16,6.47,65.85,1.74,63.64,0.16,100.0,0.47000000000000003,0.47000000000000003,6.63,76.19,88.31,12.16,0,,0,,0,0.0,0.0,0.0,,,0.32,,2.84,2.05,0.0,0.0,1.26,0,0
M. Dahl,Marius Dahl,-464326,,St. Bonaventure Bonnies,,,"DMF, RDMF",DMF,68,RDMF,11,,0,,,0,,8,561,0,0.04,0,0.19,14.12,54.55,Norway,['Norway'],unknown,188,74,False,8.02,5.78,75.0,2.25,28.57,0.0,0.0,0.16,3.69,3.77,0.64,0,0.0,0,0.0,1.6,0.0,0,0.0,0.01,0,0.0,2,0.32,50.0,0.0,0.0,0.0,0.0,0.0,0.0,0.0,0.0,0.0,1.9300000000000002,66.67,4.33,51.85,0.16,0.48,0.16,14.12,0.48,0.8,27.59,83.14,8.5,69.81,4.33,96.3,24.71,85.71,2.89,61.11,18.69,28.9,0.03,0.32,0.0,0.0,0.16,100.0,0.16,3.37,71.43,0.48,66.67,0.16,100.0,0.48,0.0,4.8100000000000005,50.0,88.71,9.95,0,,0,,0,0.0,0.0,0.0,,,0.16,,2.25,0.0,0.0,0.0,0.0,0,0
M. Rojas,Michael Rojas,-234968,,UMass Minutemen,,,"RW, LW, RAMF",RW,52,LW,28,RAMF,12,26.0,1999-09-15,0,,7,556,3,0.89,0,0.29,22.34,34.06,United States,['United States'],unknown,170,68,False,5.67,5.83,41.67,3.24,40.0,0.0,0.0,0.0,3.24,2.9699999999999998,1.29,1,0.16,0,0.0,2.75,0.49,3,0.49,0.14,0,0.0,16,2.59,18.75,18.75,0.0,0.97,33.33,0.32,100.0,0.65,0.0,0.0,4.69,37.93,10.04,30.65,2.75,1.94,0.81,10.52,1.13,1.13,18.62,62.61,8.9,49.09,2.43,86.67,14.24,72.73,3.4,28.57,15.98,22.12,0.05,1.13,0.0,0.0,0.81,20.0,0.0,3.88,50.0,1.29,25.0,0.81,0.0,0.16,0.32,3.56,59.09,73.08,4.21,0,,0,,0,0.0,0.0,0.0,,,0.16,,3.24,0.32,0.0,0.0,1.78,0,0
T. Maartensson,Theo Maartensson,-359847,La Salle Explorers,La Salle Explorers,https://cdn5.wyscout.com/photos/team/public/g-2976_120x120.png,NCAA D1 Atlantic 10,"LCMF, DMF, LDMF",LCMF,32,DMF,30,LDMF,30,,,0,,7,555,0,0.04,0,0.0,26.92,56.63,Sweden,['Sweden'],unknown,178,70,False,13.78,9.57,67.8,7.95,53.06,0.65,0.81,0.65,6.65,8.26,1.1400000000000001,2,0.32,0,0.0,0.81,0.0,0,0.0,0.01,0,0.0,3,0.49,0.0,0.0,0.0,0.16,100.0,0.16,100.0,0.0,0.0,0.0,1.62,40.0,5.84,30.56,0.0,0.32,0.32,19.78,0.0,1.3,38.92,86.67,10.05,77.42,4.7,93.1,35.19,90.32,3.5700000000000003,50.0,19.9,32.42,0.0,0.0,0.0,0.0,0.0,0.0,0.0,5.03,70.97,0.65,50.0,0.16,0.0,0.0,0.16,5.35,57.58,89.6,20.27,0,,0,,0,0.0,0.0,0.0,,,0.16,,7.95,0.0,0.0,0.0,0.0,0,0
D. Kwasnik,Dylan  Kwasnik,-352376,UNC Asheville Bulldogs,La Salle Explorers,https://cdn5.wyscout.com/photos/team/public/g-2435_120x120.png,NCAA D1 Big South,"RB, RCMF, LWB",RB,31,RCMF,26,LWB,11,,,0,,8,554,1,0.49,0,0.04,17.87,60.0,United States,['United States'],unknown,192,77,False,11.21,7.8,66.67,3.74,56.52,0.32,0.32,0.49,5.69,5.53,0.65,2,0.32,0,0.0,1.3,0.16,1,0.16,0.08,0,0.0,6,0.97,50.0,16.667,0.0,0.81,20.0,0.32,0.0,0.32,50.0,0.0,0.97,66.67,5.36,54.55,0.81,0.81,0.16,20.14,1.3,2.27,31.84,74.49,11.21,53.62,6.66,95.12,27.62,81.76,3.41,28.57,19.41,28.68,0.01,0.32,0.0,0.0,0.0,0.0,0.0,5.85,50.0,1.1400000000000001,14.29,0.0,0.0,0.0,0.16,5.85,66.67,85.0,9.75,0,,0,,0,0.0,0.0,0.0,,,0.97,,3.74,0.0,0.0,0.0,0.0,0,0
M. Willis,Mike Willis,-211941,,UMass Minutemen,,,"LW, LAMF",LW,78,LAMF,14,,0,,,0,,9,552,2,1.9,2,0.16,21.2,36.92,United States,['United States'],,0,0,False,9.13,5.87,58.33,6.36,30.77,0.0,0.0,0.0,5.71,5.15,0.8200000000000001,0,0.0,0,0.0,2.93,0.33,2,0.33,0.31,0,0.0,12,1.96,50.0,16.667,0.33,1.79,45.45,1.79,45.45,0.0,0.0,0.0,3.26,35.0,6.03,27.03,2.77,0.49,0.16,13.86,0.98,0.65,22.5,51.45,12.39,44.74,2.2800000000000002,64.29,16.14,55.56,4.73,41.38,20.72,25.37,0.03,0.49,0.0,0.0,0.33,0.0,0.33,7.17,38.64,2.2800000000000002,50.0,0.98,16.67,0.65,0.49,6.2,63.16,57.14,4.57,0,,0,,0,0.0,0.0,0.0,,,0.0,,6.36,0.0,0.0,0.0,0.0,0,0
A. Difalco,Anthony Difalco,-358096,Memphis Tigers,Duquesne Duke,https://cdn5.wyscout.com/photos/team/public/g-2892_120x120.png,NCAA D1 American Athletic,"RWB, RW, RCMF3",RWB,36,RW,24,RCMF3,15,,,0,,9,547,0,0.4,0,0.14,16.29,54.55,United States,['United States'],unknown,177,70,False,7.9,6.91,57.14,1.65,30.0,0.33,0.34,0.16,3.62,3.77,1.48,2,0.33,0,0.0,2.96,0.0,0,0.0,0.07,0,0.0,7,1.15,14.29,0.0,0.0,4.61,25.0,0.49,0.0,4.11,28.0,0.16,2.63,56.25,5.92,58.33,1.97,1.81,0.49,20.9,1.48,1.48,32.25,67.35,8.88,57.41,7.73,89.36,23.2,79.43,5.27,46.88,24.08,38.33,0.02,0.33,0.0,0.0,0.16,100.0,0.0,4.11,44.0,2.3,42.86,0.33,100.0,0.16,0.99,5.59,61.76,62.86,11.52,0,,0,,0,0.0,0.0,0.0,,,0.0,,1.65,0.33,0.0,0.0,2.47,0,0
N. Medina,Nico Medina,-397565,George Washington Colonials,George Washington Colonials,https://cdn5.wyscout.com/photos/team/public/g-3011_120x120.png,NCAA D1 Atlantic 10,"RCMF, LCMF, RW",RCMF,48,LCMF,22,RW,15,21.0,2005-04-07,0,,7,546,0,0.03,1,0.74,28.85,48.0,United States,['United States'],unknown,170,64,False,12.53,14.51,67.05,5.27,15.63,0.49,0.47000000000000003,0.16,2.31,2.2,2.31,0,0.0,0,0.0,1.15,0.0,0,0.0,0.0,0,0.0,3,0.49,33.33,0.0,0.16,1.65,30.0,0.8200000000000001,40.0,0.8200000000000001,20.0,0.0,1.65,30.0,5.44,33.33,0.49,0.33,0.0,5.6,0.99,0.33,25.05,55.92,11.37,52.17,1.65,90.0,18.46,64.29,4.95,33.33,19.41,30.55,0.12,0.66,0.0,0.0,0.0,0.0,0.33,7.25,59.09,1.81,36.36,0.49,33.33,0.33,0.33,5.27,46.88,60.0,7.42,0,,0,,0,0.0,0.0,0.0,,,0.0,,5.27,0.16,0.0,0.0,0.0,0,0
B. Schwab,Brett  Schwab,-352192,Rhode Island Rhody,Rhode Island Rhody,https://cdn5.wyscout.com/photos/team/public/g-3022_120x120.png,NCAA D1 Atlantic 10,"RDMF, LB, RCMF",RDMF,54,LB,18,RCMF,13,,,0,,6,546,0,0.36,0,0.17,21.43,54.62,United States,['United States'],unknown,183,81,False,15.0,12.69,61.04,3.79,65.22,0.49,0.6000000000000001,0.33,6.76,8.26,1.32,1,0.16,0,0.0,0.66,0.0,0,0.0,0.06,0,0.0,7,1.15,14.29,0.0,0.0,0.16,100.0,0.16,100.0,0.0,0.0,0.0,0.66,25.0,2.31,35.71,0.66,0.0,0.0,15.66,0.16,0.49,31.65,74.48,15.33,66.67,4.12,88.0,27.36,78.92,4.12,44.0,19.07,39.12,0.03,0.49,0.0,0.0,0.16,100.0,0.16,6.26,57.89,0.8200000000000001,20.0,0.16,100.0,0.0,0.16,5.6,64.71,78.57,9.23,0,,0,,0,0.0,0.0,0.0,,,0.33,,3.79,0.0,0.0,0.0,0.0,0,0
M. Maurer,Markus Maurer,494864,,Loyola Chicago Ramblers,,,"CF, AMF",CF,66,AMF,10,,0,26.0,2000-04-05,0,,6,546,1,1.4,2,1.47,28.68,40.23,Germany,['Germany'],,170,65,False,6.43,5.6,55.88,5.11,45.16,0.33,0.38,0.0,2.9699999999999998,3.4,0.99,0,0.0,0,0.0,3.46,0.16,1,0.16,0.23,0,0.0,17,2.8,23.53,5.882,0.33,2.47,26.67,0.66,50.0,1.65,20.0,0.49,4.12,44.0,12.2,31.08,4.12,0.99,0.66,16.15,2.31,1.32,26.37,68.75,6.26,44.74,6.1,75.68,22.25,74.81,1.81,45.45,18.49,35.65,0.24,1.81,0.0,0.16,0.33,100.0,0.66,3.13,63.16,1.98,58.33,0.49,66.67,1.48,0.66,3.79,78.26,82.14,9.23,0,,0,,0,0.0,0.0,0.0,,,0.0,,5.11,0.66,0.0,0.0,2.9699999999999998,0,0
B. Kooistra,Bart Kooistra,-463844,Afturelding,Saint Joseph's Hawks,https://cdn5.wyscout.com/photos/team/public/g2503_120x120.png,1. Deild,CF,CF,97,,0,,0,25.0,2001-05-22,0,2027-12-31,7,542,0,1.62,1,1.18,35.7,37.21,Netherlands,['Netherlands'],unknown,193,87,False,4.48,5.65,47.06,10.96,42.42,0.0,0.0,0.17,1.83,1.8399999999999999,3.49,1,0.17,0,0.0,4.98,0.0,0,0.0,0.27,0,0.0,11,1.83,27.27,0.0,0.17,2.8200000000000003,29.41,1.99,33.33,0.8300000000000001,20.0,0.17,5.8100000000000005,54.29,14.78,34.83,2.99,1.99,1.16,8.8,2.32,1.99,15.11,56.04,4.48,48.15,2.16,84.62,11.13,65.67,1.33,25.0,19.36,24.53,0.2,0.8300000000000001,0.0,0.0,0.66,75.0,0.66,2.66,50.0,2.49,53.33,1.0,66.67,0.8300000000000001,0.66,3.15,78.95,59.46,6.14,0,,0,,0,0.0,0.0,0.0,,,0.0,,10.96,0.0,0.0,0.0,0.0,0,0
C. Prendergast,Colin Prendergast,-488088,George Washington Colonials,George Washington Colonials,https://cdn5.wyscout.com/photos/team/public/g-3011_120x120.png,NCAA D1 Atlantic 10,"LCB, RB, RCB",LCB,61,RB,17,RCB,16,,,0,,6,541,0,0.37,0,0.0,12.64,67.11,United States,['United States'],unknown,183,75,False,9.15,5.82,71.43,4.99,66.67,0.5,0.5700000000000001,0.8300000000000001,4.49,5.13,0.33,0,0.0,0,0.0,0.17,0.0,0,0.0,0.06,0,0.0,3,0.5,0.0,0.0,0.0,0.0,0.0,0.0,0.0,0.0,0.0,0.0,0.33,50.0,0.67,50.0,0.67,0.17,0.17,6.99,0.0,0.5,20.96,60.32,11.65,48.57,2.33,85.71,13.97,72.62,6.99,35.71,24.52,36.6,0.0,0.0,0.0,0.0,0.0,0.0,0.0,4.49,51.85,0.17,0.0,0.0,0.0,0.0,0.0,6.82,43.9,75.0,5.99,0,,0,,0,0.0,0.0,0.0,,,1.83,,4.99,0.0,0.0,0.0,0.0,0,0
A. Leunda Etxeberria,Aimar  Leunda Etxeberria,-211612,,La Salle Explorers,,,"RWB, RB, RB5",RWB,47,RB,34,RB5,15,,,0,,8,536,0,0.59,0,0.0,22.16,56.82,Spain,['Spain'],,185,75,False,15.11,11.42,66.18,3.19,42.11,2.01,2.37,0.34,5.54,6.51,1.01,0,0.0,1,0.17,1.85,0.0,0,0.0,0.1,0,0.0,5,0.84,20.0,0.0,0.0,1.01,16.67,0.0,0.0,1.01,16.67,0.0,2.69,56.25,5.21,45.16,1.18,0.67,0.34,17.63,1.34,1.18,29.89,70.22,12.76,53.95,5.37,87.5,26.19,75.64,2.69,37.5,19.0,29.03,0.0,0.0,0.0,0.0,0.0,0.0,0.0,4.87,41.38,0.84,40.0,0.0,0.0,0.17,0.34,4.53,55.56,83.33,8.06,0,,0,,0,0.0,0.0,0.0,,,0.34,,3.19,0.0,0.0,0.0,0.0,0,0
Oscar,Oscar Dueso Molina,-78512,,Loyola Chicago Ramblers,,,CF,CF,94,,0,,0,26.0,2000-01-01,0,,6,529,2,2.07,1,0.53,39.81,41.45,Spain,['Spain'],,185,0,False,5.61,5.61,48.48,14.46,54.12,0.0,0.0,0.17,2.89,3.45,2.7199999999999998,1,0.17,0,0.0,1.7000000000000002,0.34,1,0.17,0.35000000000000003,0,0.0,14,2.38,28.57,14.286,0.17,0.51,33.33,0.17,0.0,0.34,50.0,0.0,3.23,26.32,14.8,28.74,5.1,0.85,0.17,15.48,2.55,1.7000000000000002,29.43,80.92,6.64,64.1,9.53,91.07,27.56,82.1,1.3599999999999999,75.0,15.3,23.03,0.09,1.3599999999999999,0.0,0.17,0.0,0.0,0.51,2.55,73.33,2.7199999999999998,62.5,0.0,0.0,2.21,0.17,3.91,82.61,79.07,7.32,0,,0,,0,0.0,0.0,0.0,,,0.0,,14.46,0.34,0.34,0.0,0.0,1,100
T. Hummrich,Timo Hummrich,454150,,Fordham Rams,,,"LWB, LB, LW",LWB,56,LB,17,LW,15,27.0,1999-01-29,0,,7,528,2,3.24,0,0.64,16.36,45.83,Germany,['Germany'],left,186,89,False,4.09,4.09,45.83,4.43,42.31,0.0,0.0,0.0,2.22,1.97,1.7000000000000002,0,0.0,0,0.0,2.39,0.34,0,0.0,0.55,0,0.0,10,1.7000000000000002,30.0,20.0,0.0,3.41,40.0,3.41,40.0,0.0,0.0,0.34,1.02,50.0,3.41,55.0,2.56,1.7000000000000002,0.51,17.73,2.39,1.3599999999999999,23.52,66.67,8.01,53.19,3.07,94.44,17.22,78.22,3.24,26.32,22.76,34.13,0.11,0.85,0.0,0.0,0.17,0.0,0.68,3.24,31.58,3.58,57.14,0.17,0.0,1.3599999999999999,1.7000000000000002,5.97,65.71,68.18,7.5,0,,0,,0,0.0,0.0,0.0,,,0.34,,4.43,0.0,0.0,0.0,0.0,2,100
A. Slavov,Asparuh  Slavov,-463851,,George Mason Patriots,,,"CF, AMF",CF,81,AMF,15,,0,,,0,,6,526,2,1.23,1,0.18,19.33,52.21,United States,['United States'],unknown,185,82,False,3.76,3.76,54.55,1.2,57.14,0.17,0.23,0.17,1.54,2.09,1.03,2,0.34,0,0.0,4.45,0.34,1,0.17,0.21,0,0.0,12,2.05,58.33,16.667,0.17,1.71,30.0,0.0,0.0,1.71,30.0,0.51,4.11,62.5,12.49,52.05,2.22,1.37,0.51,24.98,1.03,3.94,34.05,79.4,8.9,69.23,9.24,88.89,30.46,84.27,1.88,45.45,19.08,36.54,0.03,1.03,0.0,0.0,0.34,50.0,0.17,5.13,73.33,1.71,50.0,0.34,100.0,0.86,0.51,5.65,78.79,79.69,10.95,0,,0,,0,0.0,0.0,0.0,,,0.17,,1.2,0.0,0.0,0.0,0.51,1,100
K. Castaneda,Kevin Castaneda,-211364,,Rhode Island Rhody,,,"AMF, LDMF, LCMF",AMF,29,LDMF,22,LCMF,20,23.0,2002-08-18,0,,6,524,1,0.6900000000000001,0,0.0,24.39,42.96,United States,['United States'],unknown,173,68,False,9.79,7.5600000000000005,38.64,2.92,35.29,1.03,1.12,0.17,5.84,6.34,1.37,0,0.0,0,0.0,3.61,0.17,1,0.17,0.12,0,0.0,12,2.06,8.33,8.333,0.0,0.6900000000000001,25.0,0.52,33.33,0.17,0.0,0.17,5.15,63.33,10.65,50.0,1.03,2.06,0.34,27.31,0.6900000000000001,1.72,39.5,80.87,13.4,67.95,6.87,95.0,35.9,85.17,3.09,44.44,17.98,38.09,0.0,0.17,0.0,0.0,0.6900000000000001,0.0,0.0,5.67,63.64,1.55,44.44,0.86,0.0,0.17,0.17,6.35,83.78,87.5,12.37,0,,0,,0,0.0,0.0,0.0,,,0.34,,2.92,0.52,0.0,0.0,0.6900000000000001,0,0
D. Gallegos,Damian Gallegos,524364,,VCU Rams,,,"CF, LW, RW",CF,35,LW,24,RW,21,23.0,2002-12-14,0,,10,523,2,1.3900000000000001,0,0.0,20.65,36.67,United States,['United States'],,170,65,False,5.16,5.33,51.61,7.23,11.9,0.0,0.0,0.17,2.41,2.9,0.17,0,0.0,0,0.0,2.75,0.34,2,0.34,0.24,0,0.0,11,1.8900000000000001,54.55,18.182,0.0,0.34,0.0,0.34,0.0,0.0,0.0,0.34,2.24,76.92,5.33,48.39,2.58,1.03,0.34,11.53,1.03,0.52,20.48,77.31,4.82,67.86,7.06,82.93,19.45,79.65,0.6900000000000001,50.0,14.65,10.22,0.0,0.0,0.0,0.0,0.17,0.0,0.0,1.38,62.5,0.52,66.67,0.17,0.0,0.34,0.0,2.58,33.33,90.32,5.33,0,,0,,0,0.0,0.0,0.0,,,0.0,,7.23,0.0,0.0,0.0,0.0,0,0
J. Englebert,Jack Englebert,-211920,,UMass Minutemen,,,"RCMF, LCMF, RCMF3",RCMF,39,LCMF,31,RCMF3,10,,,0,,9,518,0,0.91,0,0.16,16.51,47.37,United States,['United States'],,180,70,False,10.42,5.91,61.76,4.69,33.33,0.0,0.0,0.35000000000000003,6.78,5.85,0.6900000000000001,0,0.0,0,0.0,1.56,0.0,0,0.0,0.16,0,0.0,4,0.6900000000000001,0.0,0.0,0.0,1.3900000000000001,50.0,0.52,100.0,0.87,20.0,0.17,1.56,55.56,3.8200000000000003,50.0,1.04,0.0,0.0,10.08,0.52,0.52,28.32,76.07,14.94,69.77,2.7800000000000002,93.75,24.15,82.01,2.7800000000000002,37.5,19.6,26.02,0.03,0.35000000000000003,0.17,0.0,0.17,0.0,0.17,4.52,61.54,2.08,58.33,0.17,0.0,0.52,0.87,7.12,73.17,75.68,6.43,0,,0,,0,0.0,0.0,0.0,,,0.0,,4.69,0.0,0.0,0.0,0.17,0,0
Iñigo Sánchez,Iñigo Sánchez Etxegarai,-66859,,Rhode Island Rhody,,,"AMF, RAMF, RW",AMF,60,RAMF,22,RW,10,26.0,1999-09-22,0,,6,513,0,1.8,1,0.66,31.05,38.42,Spain,['Spain'],right,170,65,False,4.91,5.79,57.58,2.2800000000000002,23.08,0.0,0.0,0.0,1.58,1.82,1.9300000000000002,2,0.35000000000000003,0,0.0,4.91,0.0,0,0.0,0.31,0,0.0,12,2.11,16.67,0.0,0.18,1.58,44.44,0.88,60.0,0.7000000000000001,25.0,0.35000000000000003,8.6,44.9,19.3,39.09,1.9300000000000002,2.63,0.53,15.79,0.88,3.33,26.32,83.33,5.09,68.97,4.91,89.29,24.04,86.86,0.7000000000000001,50.0,16.12,17.23,0.12,1.23,0.0,0.0,0.18,0.0,0.53,1.58,88.89,3.33,52.63,0.18,0.0,0.7000000000000001,0.7000000000000001,3.16,88.89,89.06,11.23,0,,0,,0,0.0,0.0,0.0,,,0.18,,2.2800000000000002,0.0,0.0,0.0,0.0,0,0
J. Da,Jayden Da,-273256,,Duquesne Duke,,,CF,CF,100,,0,,0,,,0,,8,513,2,2.55,2,0.98,35.79,38.73,United States,['United States'],unknown,193,86,False,3.51,3.33,15.79,11.05,58.73,0.35000000000000003,0.36,0.0,2.63,2.69,2.11,2,0.35000000000000003,1,0.18,3.33,0.35000000000000003,1,0.18,0.45,0,0.0,13,2.2800000000000002,46.15,15.385,0.35000000000000003,0.88,40.0,0.18,100.0,0.7000000000000001,25.0,0.35000000000000003,4.5600000000000005,42.31,15.79,28.89,4.91,1.58,0.35000000000000003,10.0,2.46,1.4,19.47,72.07,2.81,31.25,5.79,81.82,17.37,74.75,1.23,57.14,15.7,14.78,0.17,1.23,0.0,0.0,0.0,0.0,0.7000000000000001,0.53,66.67,0.88,0.0,0.18,0.0,0.88,0.35000000000000003,1.75,30.0,79.07,7.54,0,,0,,0,0.0,0.0,0.0,,,0.0,,11.05,0.0,0.0,0.0,0.0,1,100
L. Steffen,Leon Steffen,-276796,Cal State LA Golden Eagles,La Salle Explorers,https://cdn5.wyscout.com/photos/team/public/g-18295_120x120.png,,"CB, LCB",CB,81,LCB,14,,0,21.0,2005-01-03,0,,7,513,0,0.37,0,0.0,16.67,63.16,Germany,['Germany'],right,196,99,False,10.7,7.02,80.0,5.44,45.16,0.18,0.2,0.18,4.91,5.68,0.53,0,0.0,0,0.0,0.88,0.0,0,0.0,0.07,0,0.0,4,0.7000000000000001,25.0,0.0,0.0,0.0,0.0,0.0,0.0,0.0,0.0,0.0,0.7000000000000001,100.0,1.4,75.0,0.53,0.18,0.0,20.88,0.0,0.18,35.61,83.74,10.7,60.66,0.35000000000000003,100.0,29.82,90.0,5.79,51.52,23.05,26.44,0.0,0.18,0.0,0.18,0.0,0.0,0.0,0.88,60.0,0.53,33.33,0.18,0.0,0.18,0.0,5.26,53.33,95.49,23.33,0,,0,,0,0.0,0.0,0.0,,,0.35000000000000003,,5.44,0.0,0.0,0.0,0.0,0,0
M. Wrobel,Matthew Wrobel,-278023,,Saint Louis Billikens,,,CF,CF,98,,0,,0,,,0,,9,511,1,1.98,0,0.92,31.88,28.73,Canada,['Canada'],unknown,191,90,False,2.47,2.99,41.18,11.45,35.38,0.0,0.0,0.0,1.23,1.24,2.29,1,0.18,1,0.18,2.11,0.18,1,0.18,0.35000000000000003,1,0.18,11,1.94,45.45,9.091,0.0,0.7000000000000001,25.0,0.35000000000000003,0.0,0.35000000000000003,50.0,0.0,2.11,50.0,13.21,18.67,4.05,0.88,0.0,8.1,2.99,1.06,14.09,65.0,2.64,20.0,4.93,89.29,13.03,68.92,0.35000000000000003,0.0,12.51,8.26,0.16,1.06,0.0,0.0,0.0,0.0,0.53,1.06,16.67,0.88,40.0,0.0,0.0,0.88,0.35000000000000003,0.7000000000000001,50.0,57.89,3.35,0,,0,,0,0.0,0.0,0.0,,,0.0,,11.45,0.0,0.0,0.0,0.0,0,0
U. Akuazaoku,Umechi Akuazaoku,-278009,,St. Bonaventure Bonnies,,,CF,CF,93,,0,,0,,,0,,8,510,0,1.57,0,0.04,39.88,34.51,Canada,['Canada'],unknown,191,84,False,3.0,3.5300000000000002,50.0,14.65,39.76,0.0,0.0,0.0,1.24,1.02,2.12,0,0.0,0,0.0,3.18,0.0,0,0.0,0.28,0,0.0,14,2.47,50.0,0.0,0.0,0.35000000000000003,50.0,0.0,0.0,0.35000000000000003,50.0,0.0,3.18,55.56,17.47,31.31,2.65,1.06,0.0,8.65,2.29,0.88,18.18,71.84,4.24,62.5,4.76,88.89,16.76,73.68,1.24,57.14,18.0,24.01,0.01,0.35000000000000003,0.0,0.0,0.35000000000000003,0.0,0.0,2.29,61.54,0.53,33.33,0.88,20.0,0.53,0.0,1.76,60.0,64.52,5.47,0,,0,,0,0.0,0.0,0.0,,,0.0,,14.65,0.0,0.0,0.0,0.0,0,0
J. Gates,John Gates,-272377,,Loyola Chicago Ramblers,,,LW,LW,80,,0,,0,,,0,,6,509,2,1.12,0,0.87,20.33,50.43,United States,['United States'],unknown,175,0,False,6.9,5.83,57.58,2.65,26.67,0.0,0.0,0.0,3.54,4.03,1.94,0,0.0,0,0.0,4.07,0.35000000000000003,2,0.35000000000000003,0.2,0,0.0,9,1.5899999999999999,55.56,22.222,0.0,2.83,31.25,2.48,28.57,0.35000000000000003,50.0,0.53,3.71,61.9,9.19,59.62,4.77,1.4100000000000001,0.53,17.68,2.83,2.12,28.29,64.38,10.26,51.72,5.3,93.33,23.16,72.52,2.65,26.67,17.62,26.24,0.15,0.88,0.0,0.0,0.0,0.0,0.35000000000000003,4.24,58.33,2.48,28.57,0.18,0.0,1.24,0.71,5.83,69.7,60.42,8.49,0,,0,,0,0.0,0.0,0.0,,,0.0,,2.65,0.0,0.0,0.0,0.0,0,0
P. Kampula,Paolo  Kampula,-359858,Bylis Ballsh,La Salle Explorers,https://cdn5.wyscout.com/photos/team/public/2640_120x120.png,Abissnet Superiore,"LB, LWB, LAMF",LB,44,LWB,33,LAMF,14,22.0,2004-02-17,0,,6,508,0,0.04,0,0.23,28.52,60.87,United States,['United States'],unknown,0,0,False,20.02,13.11,66.22,4.61,42.31,1.5899999999999999,1.75,0.18,9.74,10.71,2.83,1,0.18,0,0.0,3.54,0.0,0,0.0,0.01,0,0.0,3,0.53,0.0,0.0,0.0,2.48,14.29,2.48,14.29,0.0,0.0,0.35000000000000003,4.43,72.0,6.91,69.23,0.18,1.5899999999999999,0.35000000000000003,25.51,2.13,2.3,34.72,67.35,15.24,56.98,5.85,90.91,24.98,79.43,7.26,43.9,22.1,36.53,0.04,0.89,0.0,0.0,0.18,0.0,0.0,7.97,48.89,3.37,26.32,0.71,0.0,0.53,0.35000000000000003,8.5,66.67,64.81,9.57,0,,0,,0,0.0,0.0,0.0,,,0.35000000000000003,,4.61,0.53,0.0,0.0,1.24,0,0
L. Johnson,Luke  Johnson,-357007,Saint Joseph's Hawks,Saint Joseph's Hawks,https://cdn5.wyscout.com/photos/team/public/g-2988_120x120.png,NCAA D1 Atlantic 10,"CF, AMF, LCMF3",CF,49,AMF,18,LCMF3,14,,,0,,7,508,1,0.6900000000000001,1,0.6000000000000001,11.16,38.1,United States,['United States'],,182,79,False,3.54,2.48,71.43,3.54,20.0,0.0,0.0,0.35000000000000003,1.77,1.65,0.18,1,0.18,0,0.0,1.24,0.18,1,0.18,0.12,0,0.0,6,1.06,16.67,16.667,0.18,1.5899999999999999,22.22,0.18,0.0,1.42,25.0,0.0,1.42,50.0,3.54,35.0,2.13,0.53,0.0,12.76,2.66,0.89,19.49,61.82,5.49,51.61,5.14,89.66,15.41,71.26,2.66,26.67,22.4,27.34,0.11,0.53,0.18,0.18,0.0,0.0,0.18,4.61,42.31,1.42,25.0,0.35000000000000003,50.0,0.53,0.35000000000000003,2.66,73.33,54.84,5.49,0,,0,,0,0.0,0.0,0.0,,,0.18,,3.54,0.0,0.0,0.0,0.0,0,0
A. Clarke,Alonzo Clarke,-330698,,Davidson Wildcats,,,"DMF, RCB3, LCMF",DMF,37,RCB3,26,LCMF,22,28.0,1997-10-26,0,,7,503,1,0.71,0,0.2,32.56,56.04,United States,['United States'],unknown,187,79,False,14.31,13.78,72.73,7.34,51.22,0.54,0.62,0.18,3.76,4.34,3.4,3,0.54,1,0.18,0.89,0.18,1,0.18,0.13,1,0.18,7,1.25,42.86,14.286,0.0,0.0,0.0,0.0,0.0,0.0,0.0,0.0,0.72,50.0,7.34,46.34,1.07,0.72,0.18,19.68,0.72,2.15,36.14,77.72,12.52,61.43,3.94,95.45,31.85,81.46,4.29,50.0,20.19,28.97,0.04,0.72,0.18,0.0,0.0,0.0,0.0,6.08,55.88,0.89,60.0,0.18,100.0,0.89,0.0,7.16,57.5,92.77,14.85,0,,0,,0,0.0,0.0,0.0,,,0.89,,7.34,0.0,0.0,0.0,0.0,0,0
J. Morrill,Jason Morrill,-278886,,Rhode Island Rhody,,,RB,RB,100,,0,,0,22.0,2003-08-13,0,,6,495,0,0.08,0,0.39,17.27,50.53,United States,['United States'],unknown,183,75,False,9.82,9.27,49.02,3.8200000000000003,52.38,0.0,0.0,0.0,5.27,6.21,1.82,0,0.0,0,0.0,2.0,0.0,0,0.0,0.01,0,0.0,3,0.55,33.33,0.0,0.0,2.73,20.0,0.0,0.0,2.73,20.0,0.73,1.45,87.5,2.73,60.0,0.36,1.27,0.73,23.64,0.91,0.55,34.91,79.17,16.36,73.33,5.09,100.0,30.0,86.67,2.18,50.0,17.7,28.74,0.07,0.18,0.0,0.0,0.0,0.0,0.18,5.82,75.0,1.82,10.0,0.18,0.0,0.18,0.36,8.36,73.91,85.0,7.27,0,,0,,0,0.0,0.0,0.0,,,0.18,,3.8200000000000003,0.0,0.0,0.0,0.0,0,0
L. Lehr,Louis Lehr,-247561,,Fordham Rams,,,"LCMF, DMF, RCMF",LCMF,33,DMF,30,RCMF,30,,,0,,6,490,0,0.21,0,0.04,14.51,56.96,Germany,['Germany'],unknown,183,75,False,8.45,5.51,73.33,4.04,50.0,0.73,0.87,0.0,3.67,4.35,1.47,3,0.55,1,0.18,0.37,0.0,0,0.0,0.04,0,0.0,6,1.1,16.67,0.0,0.0,0.73,25.0,0.0,0.0,0.55,33.33,0.0,0.18,0.0,2.02,36.36,0.55,0.18,0.0,24.8,1.1,1.29,40.04,85.32,14.88,77.78,4.59,96.0,34.9,88.95,4.59,64.0,19.86,34.92,0.01,0.18,0.0,0.0,0.0,0.0,0.0,8.08,88.64,2.94,43.75,0.37,50.0,1.1,0.18,8.08,81.82,87.95,15.24,0,,0,,0,0.0,0.0,0.0,,,0.18,,4.04,0.0,0.0,0.0,0.18,0,0
C. Territo,Cameron Territo,-222105,Steel City,Duquesne Duke,https://cdn5.wyscout.com/photos/team/public/g-21157_120x120.png,USL League 2,"LCMF, RCMF",LCMF,47,RCMF,35,,0,25.0,2001-04-11,0,,8,489,1,0.92,0,0.26,22.09,56.67,United States,['United States'],,188,77,False,9.39,5.89,65.63,9.02,61.22,0.55,0.61,0.55,4.97,5.47,1.6600000000000001,4,0.74,0,0.0,0.92,0.18,0,0.0,0.17,0,0.0,4,0.74,50.0,25.0,0.0,0.37,50.0,0.0,0.0,0.37,50.0,0.0,0.55,66.67,3.68,40.0,1.1,0.0,0.0,24.66,1.1,1.1,39.39,77.57,12.52,55.88,7.18,84.62,34.05,82.16,4.97,48.15,17.9,19.43,0.05,0.55,0.0,0.0,0.0,0.0,0.0,5.71,58.06,1.1,16.67,0.37,0.0,0.37,0.18,5.52,46.67,89.04,13.44,0,,0,,0,0.0,0.0,0.0,,,0.18,,9.02,0.0,0.0,0.0,0.0,1,100
J. Fletcher,James Fletcher,522512,,Saint Joseph's Hawks,,,"LCMF3, LAMF",LCMF3,49,LAMF,45,,0,25.0,2000-10-11,0,,7,489,1,0.27,0,0.41000000000000003,17.12,45.16,Australia,['Australia'],,165,61,False,7.55,6.26,52.94,0.74,50.0,0.74,0.74,0.0,3.5,3.52,0.55,0,0.0,0,0.0,2.21,0.18,1,0.18,0.05,0,0.0,4,0.74,50.0,25.0,0.0,1.8399999999999999,40.0,1.29,42.86,0.55,33.33,0.37,2.58,35.71,7.73,38.1,0.74,0.37,0.37,15.28,0.92,1.29,25.77,77.14,8.47,76.09,5.15,89.29,21.53,82.05,2.39,61.54,19.86,29.93,0.08,0.92,0.0,0.0,0.18,100.0,0.18,2.21,83.33,2.02,45.45,0.18,0.0,0.18,0.74,4.05,63.64,79.17,8.83,0,,0,,0,0.0,0.0,0.0,,,0.37,,0.74,3.13,0.0,0.0,1.47,0,0
N. McGrath,Noah McGrath,-191813,,George Mason Patriots,,,"RB, RAMF",RB,71,RAMF,24,,0,,,0,,8,484,0,0.39,1,0.6900000000000001,20.64,45.05,Australia,['Australia'],right,177,73,False,11.71,9.67,51.92,3.16,47.06,0.19,0.29,0.0,6.51,10.0,2.05,0,0.0,0,0.0,2.79,0.0,0,0.0,0.07,0,0.0,6,1.12,0.0,0.0,0.19,7.07,28.95,0.0,0.0,7.07,28.95,0.0,1.8599999999999999,40.0,4.83,19.23,1.12,1.8599999999999999,0.19,40.72,1.8599999999999999,0.19,54.67,72.11,20.64,63.96,7.07,92.11,44.44,79.5,3.5300000000000002,57.89,18.85,25.1,0.13,1.49,0.0,0.0,0.0,0.0,0.93,9.86,62.26,5.02,37.04,0.19,100.0,0.37,2.05,13.95,72.0,71.96,19.9,0,,0,,0,0.0,0.0,0.0,,,0.19,,3.16,0.0,0.0,0.0,0.0,0,0
L. Salmon,Liam Salmon,-237249,,Fordham Rams,,,"RW, CF, RWF",RW,37,CF,32,RWF,22,,,0,,7,481,0,2.16,1,0.89,30.69,41.46,Canada,['Canada'],,175,69,False,7.67,7.67,48.78,5.8,41.94,0.0,0.0,0.0,3.93,3.35,2.43,1,0.19,0,0.0,3.56,0.0,0,0.0,0.4,0,0.0,15,2.81,20.0,0.0,0.19,1.87,40.0,0.37,0.0,1.5,50.0,0.19,4.49,45.83,11.79,38.1,5.05,0.75,0.19,13.1,2.06,3.37,19.65,60.95,8.42,46.67,2.25,75.0,16.47,65.91,1.6800000000000002,33.33,17.16,24.93,0.17,1.12,0.0,0.0,0.19,100.0,0.19,2.25,50.0,1.5,50.0,0.19,100.0,0.75,0.56,3.74,70.0,72.0,4.68,0,,0,,0,0.0,0.0,0.0,,,0.0,,5.8,0.0,0.0,0.0,0.0,0,0
K. Janssen,Kelly  Janssen,-463863,George Mason Patriots,George Mason Patriots,https://cdn5.wyscout.com/photos/team/public/g27557_120x120.png,NCAA D1 Atlantic 10,CF,CF,100,,0,,0,,,0,,7,480,2,1.12,0,0.11,20.06,42.06,United States,['United States'],unknown,193,82,False,4.88,3.0,62.5,6.75,41.67,0.0,0.0,0.19,3.0,4.32,1.13,1,0.19,0,0.0,3.56,0.38,2,0.38,0.21,0,0.0,9,1.69,55.56,22.222,0.0,1.13,66.67,0.56,66.67,0.56,66.67,0.19,3.0,56.25,7.31,35.9,3.19,0.56,0.38,10.13,3.75,0.75,15.75,66.67,3.19,41.18,3.75,95.0,14.25,68.42,0.56,33.33,15.41,8.14,0.02,0.38,0.0,0.0,0.56,33.33,0.0,1.13,50.0,1.31,42.86,0.38,50.0,0.56,0.38,0.75,75.0,66.67,5.06,0,,0,,0,0.0,0.0,0.0,,,0.0,,6.75,0.0,0.0,0.0,0.0,0,0
F. Caponecchia,Fletcher  Caponecchia,-240398,,Saint Joseph's Hawks,,,"DMF, LDMF",DMF,79,LDMF,11,,0,,,0,,7,480,1,0.45,0,0.12,17.63,51.06,Australia,['Australia'],,180,81,False,8.81,7.69,58.54,2.81,60.0,0.75,0.72,0.19,3.56,3.43,2.44,3,0.56,0,0.0,1.31,0.19,1,0.19,0.08,0,0.0,4,0.75,25.0,25.0,0.0,0.9400000000000001,20.0,0.19,0.0,0.75,25.0,0.38,1.88,50.0,4.69,44.0,0.56,0.38,0.0,17.81,0.9400000000000001,0.9400000000000001,32.63,74.14,8.81,51.06,4.69,92.0,26.81,81.12,4.88,46.15,22.35,35.59,0.02,0.19,0.0,0.0,0.0,0.0,0.19,3.75,50.0,1.13,33.33,0.0,0.0,0.19,0.56,5.63,53.33,86.21,16.31,0,,0,,0,0.0,0.0,0.0,,,0.19,,2.81,0.0,0.0,0.0,0.0,0,0
D. Garcia,David  Garcia,-463852,George Mason Patriots,George Mason Patriots,https://cdn5.wyscout.com/photos/team/public/g27557_120x120.png,NCAA D1 Atlantic 10,RB,RB,98,,0,,0,,,0,,6,475,0,0.11,0,0.13,18.76,53.54,United States,['United States'],unknown,180,77,False,12.88,8.72,60.87,2.27,50.0,0.76,1.06,0.5700000000000001,6.82,9.56,0.5700000000000001,1,0.19,0,0.0,1.8900000000000001,0.0,0,0.0,0.02,0,0.0,1,0.19,100.0,0.0,0.0,1.52,12.5,0.0,0.0,1.52,12.5,0.0,3.22,47.06,5.68,43.33,0.38,0.9500000000000001,0.0,43.96,1.52,0.76,58.36,79.55,28.99,74.51,6.44,91.18,52.11,85.09,4.93,38.46,19.02,33.99,0.02,0.19,0.0,0.0,0.0,0.0,0.19,11.18,71.19,2.08,18.18,0.5700000000000001,0.0,0.0,0.19,15.92,71.43,84.38,18.19,0,,0,,0,0.0,0.0,0.0,,,1.1400000000000001,,2.27,0.0,0.0,0.0,0.0,0,0
R. De Castro,Rodrigo De Castro,-463831,,Rhode Island Rhody,,,LCB,LCB,92,,0,,0,,,0,,6,474,0,0.09,0,0.0,15.57,45.12,Brazil,['Brazil'],unknown,185,78,False,10.06,6.46,47.06,3.99,47.62,1.1400000000000001,1.24,0.38,5.89,6.41,0.9500000000000001,1,0.19,1,0.19,0.5700000000000001,0.0,0,0.0,0.02,0,0.0,2,0.38,0.0,0.0,0.0,0.0,0.0,0.0,0.0,0.0,0.0,0.0,1.33,42.86,2.2800000000000002,33.33,0.19,1.33,0.0,22.59,0.38,0.5700000000000001,45.57,84.58,18.42,69.07,3.61,100.0,39.49,89.42,6.08,53.13,20.97,33.7,0.0,0.19,0.0,0.0,0.0,0.0,0.0,4.75,80.0,0.0,0.0,0.19,0.0,0.0,0.0,8.73,60.87,95.28,20.13,0,,0,,0,0.0,0.0,0.0,,,3.04,,3.99,0.19,0.19,0.0,0.0,0,0
N. Clarke-Tosczak,Nikos Jackson Clarke-Tosczak,-133281,Portland Pilots,Rhode Island Rhody,https://cdn5.wyscout.com/photos/team/public/g-2751_120x120.png,NCAA D1 West Coast,LB,LB,93,,0,,0,22.0,2004-05-02,0,,5,474,0,0.04,0,0.2,21.46,54.87,Switzerland,['Switzerland'],,178,72,False,13.29,8.92,63.83,3.61,42.11,1.33,1.5899999999999999,0.19,6.27,7.5,1.33,1,0.19,0,0.0,2.2800000000000002,0.0,0,0.0,0.01,0,0.0,1,0.19,0.0,0.0,0.0,2.47,15.38,2.47,15.38,0.0,0.0,0.19,2.85,66.67,5.13,48.15,0.19,1.52,0.19,20.51,1.1400000000000001,1.33,32.47,72.51,15.76,69.88,4.37,91.3,27.15,81.12,3.04,37.5,18.56,40.33,0.04,0.38,0.0,0.0,0.0,0.0,0.19,4.94,65.38,2.2800000000000002,8.33,0.76,0.0,0.0,0.38,7.41,66.67,78.05,7.78,0,,0,,0,0.0,0.0,0.0,,,0.76,,3.61,0.0,0.0,0.0,1.52,0,0
B. Fields,Brent  Fields,-463854,George Mason Patriots,George Mason Patriots,https://cdn5.wyscout.com/photos/team/public/g27557_120x120.png,NCAA D1 Atlantic 10,"AMF, LCMF, CF",AMF,47,LCMF,17,CF,11,,,0,,8,472,0,0.25,1,0.22,16.02,45.24,United States,['United States'],unknown,168,68,False,6.29,6.29,54.55,1.53,37.5,0.19,0.22,0.0,2.67,3.07,1.33,1,0.19,0,0.0,2.48,0.0,0,0.0,0.05,0,0.0,5,0.9500000000000001,20.0,0.0,0.19,0.76,25.0,0.0,0.0,0.76,25.0,0.19,3.43,61.11,6.48,38.24,1.1400000000000001,1.1400000000000001,0.19,28.41,1.33,0.38,39.09,78.54,9.72,56.86,8.77,97.83,34.32,80.0,4.0,76.19,20.33,33.65,0.04,0.76,0.0,0.0,0.38,0.0,0.19,6.48,67.65,2.48,38.46,0.5700000000000001,0.0,0.9500000000000001,0.19,6.1,62.5,81.01,15.06,0,,0,,0,0.0,0.0,0.0,,,0.0,,1.53,0.0,0.0,0.0,0.19,0,0
D. Helle,Daniel Helle,-464349,St. Bonaventure Bonnies,St. Bonaventure Bonnies,https://cdn5.wyscout.com/photos/team/public/g-2992_120x120.png,NCAA D1 Atlantic 10,"RW, RAMF, CF",RW,71,RAMF,11,CF,11,,,0,,8,468,2,2.96,1,0.41000000000000003,22.12,35.65,Denmark,['Denmark'],unknown,180,75,False,6.92,7.12,43.24,3.65,31.58,0.0,0.0,0.19,3.85,2.71,0.96,0,0.0,0,0.0,3.85,0.38,2,0.38,0.5700000000000001,0,0.0,15,2.88,53.33,13.333,0.19,1.35,28.57,0.0,0.0,1.35,28.57,0.38,3.46,55.56,7.88,36.59,3.85,2.5,0.77,19.42,3.08,0.58,26.73,67.63,7.69,45.0,7.31,86.84,23.08,72.5,2.31,41.67,16.33,22.36,0.08,0.77,0.0,0.0,0.0,0.0,0.19,1.73,66.67,0.96,40.0,0.0,0.0,0.38,0.38,4.62,41.67,72.22,6.92,0,,0,,0,0.0,0.0,0.0,,,0.19,,3.65,0.0,0.0,0.0,0.0,0,0
A. Ortiz,Andrew Ortiz,-274779,,UMass Minutemen,,,"RCMF, LCMF, LDMF",RCMF,55,LCMF,27,LDMF,11,,,0,,7,464,1,0.79,0,0.11,28.9,52.35,United States,['United States'],unknown,188,80,False,10.86,9.5,53.06,6.79,57.14,0.78,0.72,0.39,5.04,4.67,2.13,2,0.39,0,0.0,3.49,0.19,1,0.19,0.15,1,0.19,8,1.55,50.0,12.5,0.0,0.97,40.0,0.58,66.67,0.39,0.0,0.19,3.3,64.71,8.92,47.83,1.3599999999999999,0.78,0.78,13.19,0.78,1.75,24.83,63.28,11.25,62.07,2.52,84.62,21.14,67.89,2.7199999999999998,35.71,17.04,31.64,0.02,0.58,0.0,0.19,0.58,33.33,0.19,5.24,40.74,2.33,58.33,0.39,50.0,1.16,0.39,5.63,62.07,48.48,6.4,0,,0,,0,0.0,0.0,0.0,,,0.0,,6.79,0.0,0.0,0.0,0.0,0,0
H. Miyano,Hayato Miyano,-357180,VCU Rams,VCU Rams,https://cdn5.wyscout.com/photos/team/public/g33073_120x120.png,NCAA D1 Atlantic 10,"RB, LCB",RB,74,LCB,22,,0,,,0,,7,455,0,0.0,0,0.0,18.2,54.35,Japan,['Japan'],unknown,175,0,False,7.91,6.53,54.55,3.16,50.0,0.0,0.0,0.59,4.35,6.11,0.79,0,0.0,0,0.0,1.98,0.0,0,0.0,0.0,0,0.0,0,0.0,0.0,0.0,0.0,0.79,0.0,0.0,0.0,0.79,0.0,0.0,2.5700000000000003,69.23,5.54,53.57,0.0,1.38,0.4,40.75,0.59,1.58,52.81,82.4,20.18,66.67,6.92,94.29,46.29,89.32,5.74,37.93,20.93,29.54,0.0,0.0,0.0,0.2,0.2,100.0,0.2,7.71,56.41,1.58,50.0,0.59,33.33,0.59,0.0,11.08,60.71,94.9,19.38,0,,0,,0,0.0,0.0,0.0,,,0.59,,3.16,0.0,0.0,0.0,0.0,0,0
C. Leatherman,Carlos Leatherman,-336507,Saint Louis Billikens,Saint Louis Billikens,https://cdn5.wyscout.com/photos/team/public/g-2958_120x120.png,NCAA D1 Atlantic 10,"RW, RAMF, RB",RW,44,RAMF,26,RB,15,21.0,2004-12-03,0,,9,452,0,0.67,1,0.5,30.46,49.02,United States,"['United States', 'Canada']",,165,59,False,7.57,8.96,57.78,4.78,50.0,0.8,0.88,0.0,1.5899999999999999,1.75,1.5899999999999999,5,1.0,0,0.0,4.98,0.0,0,0.0,0.13,0,0.0,3,0.6000000000000001,66.67,0.0,0.2,3.58,16.67,0.0,0.0,3.38,11.76,0.8,6.57,60.61,12.54,49.21,3.19,1.5899999999999999,1.0,18.12,1.3900000000000001,3.58,31.86,68.13,12.35,67.74,6.17,90.32,25.88,76.92,2.39,50.0,17.79,16.11,0.1,0.4,0.0,0.2,0.6000000000000001,0.0,0.2,4.78,62.5,4.38,50.0,1.0,20.0,1.5899999999999999,1.0,6.97,71.43,50.0,7.17,0,,0,,0,0.0,0.0,0.0,,,0.2,,4.78,0.0,0.0,0.0,0.0,0,0
S. Yurgel,Sean Yurgel,-352369,La Salle Explorers,La Salle Explorers,https://cdn5.wyscout.com/photos/team/public/g-2976_120x120.png,NCAA D1 Atlantic 10,CF,CF,96,,0,,0,,,0,,8,445,2,1.74,0,0.0,22.45,37.84,United States,['United States'],unknown,191,82,False,3.64,3.44,64.71,6.88,26.47,0.0,0.0,0.61,1.42,1.15,1.62,1,0.2,0,0.0,1.82,0.4,2,0.4,0.35000000000000003,1,0.2,10,2.02,50.0,20.0,0.0,0.2,100.0,0.2,100.0,0.0,0.0,0.0,1.01,60.0,8.29,29.27,2.63,0.4,0.0,8.7,1.21,0.4,13.55,77.61,1.82,44.44,5.46,92.59,13.35,77.27,0.0,0.0,13.84,0.0,0.0,0.0,0.0,0.0,0.4,0.0,0.0,0.61,33.33,0.81,25.0,0.0,0.0,0.4,0.2,1.01,40.0,84.62,2.63,0,,0,,0,0.0,0.0,0.0,,,0.0,,6.88,0.0,0.0,0.0,0.0,0,0
J. Moksnes,Jesper Moksnes,-279119,,Duquesne Duke,,,"LCB3, LB",LCB3,78,LB,21,,0,,,0,,5,445,0,0.0,0,0.0,10.52,55.77,Norway,['Norway'],unknown,188,74,False,7.28,3.64,72.22,4.45,45.45,0.2,0.28,0.81,4.45,6.11,0.4,0,0.0,0,0.0,0.0,0.0,0,0.0,0.0,0,0.0,0,0.0,0.0,0.0,0.0,0.4,0.0,0.4,0.0,0.0,0.0,0.0,0.2,0.0,0.61,0.0,0.0,0.0,0.0,23.26,0.2,0.4,38.63,70.68,24.88,62.6,1.82,100.0,26.9,79.7,11.53,50.88,25.63,39.42,0.0,0.0,0.0,0.0,0.0,0.0,0.0,9.3,41.3,1.82,22.22,0.81,0.0,0.2,0.0,11.93,59.32,89.13,9.3,0,,0,,0,0.0,0.0,0.0,,,0.61,,4.45,0.0,0.0,0.0,0.0,0,0
T. Neumann,Tim Neumann,492533,,George Washington Colonials,,,"AMF, CF, LCMF",AMF,30,CF,28,LCMF,14,32.0,1993-08-22,0,,7,444,1,0.32,1,0.55,29.8,38.78,Germany,['Germany'],,188,83,False,8.92,7.3,72.22,10.74,22.64,0.41000000000000003,0.36,0.41000000000000003,3.24,2.84,1.62,0,0.0,0,0.0,1.82,0.2,1,0.2,0.06,0,0.0,3,0.61,33.33,33.333,0.2,0.81,50.0,0.2,100.0,0.61,33.33,0.41000000000000003,1.42,85.71,7.7,34.21,0.61,1.42,0.0,6.28,0.61,1.01,16.62,53.66,8.31,41.46,1.62,75.0,13.18,60.0,2.64,23.08,18.27,23.87,0.11,0.41000000000000003,0.0,0.0,0.2,0.0,0.2,3.85,42.11,1.22,16.67,0.61,0.0,0.2,0.41000000000000003,4.05,70.0,68.42,3.85,0,,0,,0,0.0,0.0,0.0,,,0.0,,10.74,0.0,0.0,0.0,0.0,0,0
B. Hissrich,Ben Hissrich,-490976,IPFW Mastodons,George Washington Colonials,https://cdn5.wyscout.com/photos/team/public/g-3029_120x120.png,NCAA D1 Horizon League,"RCMF, LCMF, DMF",RCMF,33,LCMF,24,DMF,15,,,0,,7,435,0,0.16,0,0.23,22.55,44.04,United States,['United States'],unknown,178,73,False,6.83,6.62,75.0,4.55,27.27,0.21,0.19,0.0,1.6600000000000001,1.54,0.8300000000000001,0,0.0,0,0.0,2.9,0.0,0,0.0,0.03,0,0.0,2,0.41000000000000003,50.0,0.0,0.0,1.24,33.33,0.62,66.67,0.62,0.0,0.0,3.7199999999999998,61.11,8.48,36.59,1.24,0.8300000000000001,0.21,8.69,0.21,0.21,20.9,72.28,6.83,63.64,3.1,86.67,17.38,77.38,2.2800000000000002,54.55,18.02,28.12,0.05,0.62,0.0,0.0,0.0,0.0,0.0,3.93,63.16,1.6600000000000001,25.0,0.41000000000000003,0.0,0.62,0.41000000000000003,1.8599999999999999,66.67,77.78,7.45,0,,0,,0,0.0,0.0,0.0,,,0.0,,4.55,0.0,0.0,0.0,0.0,0,0
T. Macauley,Thomas Macauley,-306573,George Washington Colonials,George Washington Colonials,https://cdn5.wyscout.com/photos/team/public/g-3011_120x120.png,NCAA D1 Atlantic 10,GK,GK,100,,0,,0,21.0,2004-06-21,0,,5,434,0,0.0,0,0.0,1.45,100.0,England,['England'],unknown,188,85,False,1.6600000000000001,0.0,0.0,1.45,100.0,0.0,0.0,0.0,1.6600000000000001,1.92,0.0,0,0.0,0,0.0,0.0,0.0,0,0.0,0.0,0,0.0,0,0.0,0.0,0.0,0.0,0.0,0.0,0.0,0.0,0.0,0.0,0.0,0.0,0.0,0.0,0.0,0.0,0.0,0.0,4.35,0.21,0.21,12.86,80.65,10.78,76.92,0.0,0.0,3.94,94.74,8.92,74.42,40.56,47.87,0.0,0.0,0.0,0.0,0.0,0.0,0.0,2.7,76.92,0.41000000000000003,0.0,0.0,0.0,0.0,0.0,6.43,83.87,100.0,2.07,12,2.49,28,5.8100000000000005,0,57.14,8.53,1.77,-3.47,-0.72,0.0,2.2800000000000002,1.45,,,,0.0,0,0
P. Janjic,Petar  Janjic,-463795,Loyola Chicago Ramblers,Loyola Chicago Ramblers,https://cdn5.wyscout.com/photos/team/public/g-2885_120x120.png,NCAA D1 Atlantic 10,"RW, CF, LW",RW,57,CF,17,LW,16,,,0,,6,432,1,0.86,0,0.01,21.04,47.52,United States,['United States'],unknown,183,0,False,8.33,5.83,71.43,5.21,44.0,0.21,0.23,0.21,3.96,4.38,0.21,0,0.0,0,0.0,2.08,0.21,1,0.21,0.18,1,0.21,4,0.8300000000000001,50.0,25.0,0.0,1.67,12.5,0.21,0.0,1.46,14.29,0.0,2.29,63.64,7.08,35.29,2.29,1.25,0.63,14.79,1.46,0.8300000000000001,24.17,68.97,6.04,48.28,5.42,88.46,19.58,79.79,3.13,26.67,16.82,20.94,0.0,0.21,0.0,0.0,0.21,0.0,0.0,2.08,20.0,2.71,30.77,0.8300000000000001,0.0,0.42,0.21,3.13,53.33,67.65,7.08,0,,0,,0,0.0,0.0,0.0,,,0.0,,5.21,0.0,0.0,0.0,0.0,0,0
A. Zenzén,Adam Zenzén,-291021,Täby,Dayton Flyers,https://cdn5.wyscout.com/photos/team/public/g36265_120x120.png,,"CF, LDMF, AMF",CF,45,LDMF,28,AMF,15,22.0,2003-10-18,0,,9,430,0,0.41000000000000003,0,0.5,19.47,31.18,Sweden,['Sweden'],unknown,0,0,False,5.86,6.07,37.93,2.51,8.33,0.42,0.55,0.21,3.14,4.09,1.88,1,0.21,0,0.0,1.67,0.0,0,0.0,0.09,0,0.0,7,1.47,14.29,0.0,0.0,0.21,0.0,0.21,0.0,0.0,0.0,0.21,2.93,42.86,6.91,36.36,0.84,1.47,0.63,26.58,0.84,1.05,36.84,86.36,11.09,81.13,5.86,96.43,34.12,88.34,2.51,66.67,18.24,28.23,0.1,0.63,0.21,0.0,0.42,50.0,0.0,4.8100000000000005,86.96,1.47,28.57,0.42,50.0,0.42,0.0,4.8100000000000005,78.26,87.69,13.6,0,,0,,0,0.0,0.0,0.0,,,0.21,,2.51,0.21,0.0,0.0,1.05,0,0
R. Van De Winkle,Ryan  Van De Winkle,-352229,,Loyola Chicago Ramblers,,,"LB, RB",LB,53,RB,46,,0,,,0,,6,425,0,0.0,1,0.13,19.06,47.78,United States,['United States'],unknown,175,0,False,9.32,9.11,62.79,3.81,16.67,0.0,0.0,0.0,3.6,4.64,1.27,0,0.0,0,0.0,4.24,0.0,0,0.0,0.0,0,0.0,0,0.0,0.0,0.0,0.21,5.29,52.0,0.85,25.0,4.45,57.14,0.64,2.96,50.0,4.45,47.62,0.21,1.48,0.42,25.62,1.06,0.21,38.96,69.02,17.79,65.48,3.81,88.89,27.11,75.78,6.5600000000000005,54.84,21.95,38.35,0.03,0.42,0.21,0.0,0.0,0.0,0.21,7.62,69.44,5.29,60.0,0.0,0.0,0.21,2.75,12.28,68.97,74.58,12.49,0,,0,,0,0.0,0.0,0.0,,,0.42,,3.81,0.0,0.0,0.0,0.0,0,0
S. Árnason,Sigfus Árnason,131069,,Fordham Rams,,,"LWB, LB, LW",LWB,33,LB,18,LW,14,,,0,,7,416,0,0.68,2,1.06,24.66,51.75,Iceland,['Iceland'],,0,0,False,7.79,6.92,75.0,2.81,23.08,0.0,0.0,0.0,2.6,2.5700000000000003,1.08,0,0.0,0,0.0,5.84,0.0,0,0.0,0.15,0,0.0,6,1.3,16.67,0.0,0.43,4.54,52.38,4.11,52.63,0.43,50.0,0.22,5.84,55.56,9.95,50.0,2.6,2.6,0.22,16.88,1.3,1.08,28.56,61.36,10.17,40.43,3.68,88.24,19.69,67.03,4.33,45.0,20.62,34.99,0.23,1.9500000000000002,0.0,0.0,0.22,0.0,1.08,2.6,50.0,4.11,57.89,0.43,0.0,1.08,2.38,7.14,63.64,72.97,8.0,0,,0,,0,0.0,0.0,0.0,,,0.0,,2.81,1.08,0.0,0.0,3.03,0,0
J. Casha,Jacob Casha,-247058,SD Raiders,Duquesne Duke,https://cdn5.wyscout.com/photos/team/public/g36030_120x120.png,New South Wales NPL,"LWB, LB5",LWB,47,LB5,37,,0,25.0,2001-01-09,0,,7,414,0,0.09,0,0.14,19.78,47.25,Australia,['Australia'],,178,70,False,7.61,3.91,77.78,1.52,42.86,0.0,0.0,0.0,4.57,4.92,0.22,1,0.22,0,0.0,4.57,0.0,0,0.0,0.02,0,0.0,6,1.3,0.0,0.0,0.0,3.7,29.41,3.48,31.25,0.22,0.0,0.22,6.52,53.33,13.48,38.71,0.43,3.48,1.52,14.13,1.52,1.3,22.83,73.33,5.22,62.5,4.78,86.36,16.74,84.42,2.39,63.64,18.94,25.52,0.03,0.65,0.0,0.0,0.0,0.0,0.22,2.17,60.0,3.91,27.78,0.0,0.0,0.22,0.87,3.91,66.67,68.18,9.57,0,,0,,0,0.0,0.0,0.0,,,0.43,,1.52,0.0,0.0,0.0,0.22,0,0
O. Ezra,Omri Ezra,-83032,,La Salle Explorers,,,"AMF, RCMF",AMF,52,RCMF,22,,0,27.0,1998-11-04,0,,7,411,1,0.88,0,0.08,21.02,45.83,Israel,['Israel'],,172,71,False,7.01,5.69,73.08,1.97,22.22,0.0,0.0,0.22,2.85,2.75,0.22,1,0.22,0,0.0,2.63,0.22,0,0.0,0.19,0,0.0,4,0.88,50.0,25.0,0.0,1.53,28.57,0.66,0.0,0.88,50.0,0.0,1.31,66.67,10.51,31.25,0.66,1.53,0.22,29.78,1.09,2.41,41.61,76.84,10.95,62.0,8.98,92.68,37.66,80.81,2.41,45.45,16.87,18.26,0.02,0.88,0.0,0.0,1.75,50.0,0.22,6.79,70.97,2.41,27.27,1.53,14.29,0.22,0.44,5.26,75.0,82.43,16.2,0,,0,,0,0.0,0.0,0.0,,,0.44,,1.97,1.31,0.0,0.0,0.22,1,100
J. Brown,Jack Brown,-352174,Davidson Wildcats,Davidson Wildcats,https://cdn5.wyscout.com/photos/team/public/g-2978_120x120.png,NCAA D1 Atlantic 10,"RWB, RB, CF",RWB,54,RB,33,CF,11,22.0,2003-10-09,0,,9,409,0,0.15,0,0.51,18.26,46.99,United States,['United States'],unknown,180,72,False,8.8,7.92,52.78,2.42,54.55,0.44,0.44,0.66,4.18,4.22,2.42,0,0.0,0,0.0,2.86,0.0,0,0.0,0.03,0,0.0,2,0.44,50.0,0.0,0.0,3.52,31.25,0.22,0.0,3.3,33.33,0.22,2.86,53.85,6.6,40.0,2.2,0.88,0.22,16.28,1.98,0.66,27.95,57.48,11.88,44.44,5.72,76.92,21.34,64.95,3.08,35.71,18.92,29.58,0.11,1.1,0.0,0.0,0.22,0.0,0.66,2.42,54.55,3.3,26.67,0.22,0.0,0.66,1.32,7.04,53.13,57.14,6.16,0,,0,,0,0.0,0.0,0.0,,,0.22,,2.42,1.1,0.0,0.0,1.32,0,0
B. Pleavin,Ben Pleavin,-114259,,Duquesne Duke,,,"RCMF, LCMF, DMF",RCMF,47,LCMF,34,DMF,15,23.0,2002-10-11,0,,7,408,0,0.12,0,0.0,18.31,60.24,England,['England'],,185,73,False,8.82,7.94,58.33,3.5300000000000002,56.25,0.0,0.0,0.22,4.19,4.07,1.32,2,0.44,0,0.0,0.22,0.0,0,0.0,0.03,0,0.0,2,0.44,0.0,0.0,0.0,0.88,25.0,0.22,0.0,0.66,33.33,0.0,0.0,0.0,4.41,55.0,0.44,0.22,0.22,29.56,0.22,2.21,46.54,82.46,12.79,58.62,12.13,96.36,40.37,90.16,5.51,32.0,19.01,29.49,0.0,0.0,0.0,0.0,0.0,0.0,0.0,5.96,62.96,1.1,20.0,0.44,50.0,0.0,0.44,7.28,60.61,88.16,16.76,0,,0,,0,0.0,0.0,0.0,,,0.66,,3.5300000000000002,0.0,0.0,0.0,0.0,0,0
Y. Torres,Yago Torres,-488083,George Washington Colonials,George Washington Colonials,https://cdn5.wyscout.com/photos/team/public/g-3011_120x120.png,NCAA D1 Atlantic 10,"RW, RB5, RAMF",RW,51,RB5,24,RAMF,15,,,0,,5,407,0,1.54,0,0.73,21.23,39.58,Spain,['Spain'],unknown,175,69,False,5.75,6.41,55.17,4.64,19.05,0.0,0.0,0.0,2.21,2.19,0.66,1,0.22,0,0.0,4.2,0.0,0,0.0,0.34,0,0.0,5,1.11,80.0,0.0,0.0,2.87,38.46,0.0,0.0,2.87,38.46,0.88,5.09,39.13,9.07,41.46,1.77,1.55,0.66,9.51,1.77,1.33,17.91,59.26,8.62,61.54,1.99,88.89,12.16,63.64,2.87,61.54,20.98,27.0,0.16,0.66,0.0,0.0,0.44,50.0,0.44,2.87,53.85,2.87,46.15,0.88,50.0,0.44,1.33,5.09,69.57,57.89,4.2,0,,0,,0,0.0,0.0,0.0,,,0.0,,4.64,0.22,0.0,0.0,0.66,0,0
W. Turner,William Turner,-490968,,George Washington Colonials,,,"LCMF, RW, RCMF",LCMF,45,RW,29,RCMF,19,,,0,,7,406,2,0.8200000000000001,0,0.04,18.18,46.34,United States,['United States'],unknown,183,79,False,5.76,3.99,77.78,4.88,31.82,0.22,0.24,0.0,2.44,2.6,0.22,0,0.0,0,0.0,3.33,0.44,2,0.44,0.18,0,0.0,6,1.33,50.0,33.333,0.0,2.0,33.33,0.22,100.0,1.77,25.0,0.22,3.99,44.44,7.09,37.5,1.33,1.55,0.44,8.87,0.44,0.67,23.5,67.92,8.87,57.5,2.22,100.0,18.18,75.61,3.55,43.75,20.58,24.3,0.01,0.22,0.0,0.0,0.22,100.0,0.0,3.99,44.44,1.77,50.0,0.67,66.67,0.44,0.67,6.43,75.86,72.22,7.98,0,,0,,0,0.0,0.0,0.0,,,0.0,,4.88,0.0,0.0,0.0,0.0,0,0
J. Quiah,Joseph Melto Quiah,-295692,New Mexico United,Dayton Flyers,https://cdn5.wyscout.com/photos/team/public/g-9619_120x120.png,USL Championship,LAMF,LAMF,90,,0,,0,20.0,2005-10-29,0,2026-11-30,6,405,2,1.54,2,1.2,24.22,58.72,Liberia,['Liberia'],unknown,179,0,False,7.33,5.33,75.0,1.56,57.14,0.22,0.25,0.0,3.11,3.56,0.89,1,0.22,0,0.0,7.33,0.44,2,0.44,0.34,0,0.0,18,4.0,16.67,11.111,0.44,3.33,40.0,2.89,46.15,0.22,0.0,0.67,7.33,69.7,14.67,54.55,6.22,2.67,0.44,27.33,5.11,1.78,33.11,73.83,8.67,64.1,6.89,87.1,26.89,80.99,3.11,50.0,18.94,38.7,0.27,1.78,0.0,0.0,0.22,100.0,0.89,5.5600000000000005,56.0,3.11,57.14,0.67,66.67,1.78,1.11,4.89,90.91,68.52,12.0,0,,0,,0,0.0,0.0,0.0,,,0.0,,1.56,0.0,0.0,0.0,0.0,0,0
H. Shee,Haji Shee,-358222,,St. Bonaventure Bonnies,,,LCB,LCB,100,,0,,0,,,0,,4,403,0,0.0,0,0.0,18.31,59.76,Canada,['Canada'],unknown,186,75,False,10.5,7.15,71.88,3.8,47.06,0.22,0.25,0.67,5.14,5.8,1.12,1,0.22,0,0.0,1.34,0.0,0,0.0,0.0,0,0.0,0,0.0,0.0,0.0,0.0,0.0,0.0,0.0,0.0,0.0,0.0,0.0,1.56,85.71,4.91,59.09,0.0,0.45,0.0,27.02,0.45,1.56,42.43,82.63,17.87,73.75,1.79,100.0,37.74,89.35,4.69,28.57,19.86,34.28,0.0,0.0,0.0,0.0,0.0,0.0,0.0,2.68,41.67,0.45,50.0,0.22,100.0,0.22,0.0,7.15,31.25,91.76,18.98,0,,0,,0,0.0,0.0,0.0,,,1.34,,3.8,0.0,0.0,0.0,0.0,0,0
T. Jackson,Trevor Jackson,-222046,Carolina Core,Saint Joseph's Hawks,https://cdn5.wyscout.com/photos/team/public/g-20867_120x120.png,MLS Next Pro,GK,GK,100,,0,,0,25.0,2000-07-17,0,,4,392,0,0.0,0,0.0,1.38,66.67,United States,['United States'],,198,81,False,1.6099999999999999,0.46,100.0,0.6900000000000001,66.67,0.0,0.0,0.23,1.15,1.55,0.0,0,0.0,0,0.0,0.0,0.0,0,0.0,0.0,0,0.0,0,0.0,0.0,0.0,0.0,0.0,0.0,0.0,0.0,0.0,0.0,0.0,0.0,0.0,0.0,0.0,0.0,0.0,0.0,11.48,0.0,0.0,20.89,67.03,14.46,58.73,0.0,0.0,9.18,90.0,11.48,50.0,38.15,49.43,0.0,0.0,0.0,0.0,0.0,0.0,0.0,3.21,28.57,0.46,0.0,0.23,0.0,0.0,0.0,8.27,55.56,88.89,6.2,7,1.6099999999999999,25,5.74,0,72.0,7.67,1.76,0.67,0.154,0.0,2.07,0.6900000000000001,,,,0.0,0,0
D. Blackwell,Drew Blackwell,-212072,La Salle Explorers,La Salle Explorers,https://cdn5.wyscout.com/photos/team/public/g-2976_120x120.png,NCAA D1 Atlantic 10,"AMF, LAMF",AMF,66,LAMF,11,,0,,,0,,7,392,0,0.18,1,0.39,14.69,40.63,United States,['United States'],unknown,173,82,False,5.05,6.2,51.85,2.3,70.0,0.0,0.0,0.0,1.8399999999999999,1.74,0.46,0,0.0,0,0.0,1.15,0.0,0,0.0,0.04,0,0.0,5,1.15,0.0,0.0,0.23,0.0,0.0,0.0,0.0,0.0,0.0,0.0,1.15,40.0,5.97,19.23,0.6900000000000001,0.23,0.0,18.6,0.46,0.46,25.03,68.81,8.27,47.22,2.76,83.33,21.35,77.42,3.67,18.75,19.54,30.91,0.09,0.92,0.23,0.0,0.92,75.0,0.23,4.82,57.14,2.3,50.0,1.38,50.0,1.38,0.0,4.13,61.11,75.76,7.58,0,,0,,0,0.0,0.0,0.0,,,0.0,,2.3,1.8399999999999999,0.0,0.0,3.9,0,0
K. Griese,Kai Griese,454177,,Fordham Rams,,,"LCMF, LWF, LW",LCMF,21,LWF,17,LW,11,26.0,1999-10-06,0,,6,391,1,0.38,0,1.17,17.95,43.59,Germany,['Germany'],left,175,73,False,5.52,5.29,60.87,3.22,64.29,0.6900000000000001,0.67,0.0,1.6099999999999999,1.57,1.8399999999999999,0,0.0,0,0.0,3.68,0.23,1,0.23,0.09,0,0.0,6,1.38,33.33,16.667,0.0,6.45,39.29,4.14,33.33,2.3,50.0,0.92,1.6099999999999999,42.86,6.21,22.22,1.8399999999999999,0.46,0.0,26.01,1.8399999999999999,0.46,35.91,69.87,8.98,56.41,8.75,86.84,27.62,80.0,2.07,33.33,16.38,26.63,0.27,2.5300000000000002,0.0,0.0,0.0,0.0,0.6900000000000001,3.68,68.75,7.37,46.88,0.23,0.0,1.15,2.5300000000000002,7.37,71.88,59.18,11.28,0,,0,,0,0.0,0.0,0.0,,,0.0,,3.22,1.8399999999999999,0.23,100.0,3.22,0,0
M. Ferretti,Mattia Ferretti,-278034,,St. Bonaventure Bonnies,,,"LCB, RCB",LCB,69,RCB,20,,0,,,0,,5,391,0,0.51,0,0.0,9.67,52.38,Italy,['Italy'],unknown,185,85,False,9.67,4.6,85.0,2.99,23.08,0.6900000000000001,0.68,1.8399999999999999,5.06,4.96,0.0,0,0.0,0,0.0,0.23,0.0,0,0.0,0.12,0,0.0,2,0.46,0.0,0.0,0.0,0.92,25.0,0.0,0.0,0.92,25.0,0.0,0.23,0.0,1.15,20.0,1.8399999999999999,1.15,0.0,24.86,1.15,0.0,39.59,80.23,17.26,72.0,2.3,80.0,32.69,88.03,6.21,48.15,19.76,35.07,0.0,0.0,0.0,0.0,0.0,0.0,0.0,3.22,50.0,1.38,16.67,0.92,0.0,0.6900000000000001,0.46,7.83,52.94,87.32,16.34,0,,0,,0,0.0,0.0,0.0,,,0.6900000000000001,,2.99,0.0,0.0,0.0,0.0,0,0
S. Velez,Shane Velez,-476310,UMass Minutemen,UMass Minutemen,https://cdn5.wyscout.com/photos/team/public/g-6748_120x120.png,NCAA D1 Summit League,"CF, AMF",CF,84,AMF,11,,0,,,0,,9,386,0,1.08,1,0.38,24.95,41.12,United States,['United States'],unknown,0,0,False,5.13,6.76,58.62,10.49,42.22,0.23,0.17,0.0,0.93,0.6900000000000001,2.33,2,0.47000000000000003,0,0.0,0.93,0.0,0,0.0,0.25,0,0.0,4,0.93,0.0,0.0,0.23,0.47000000000000003,100.0,0.23,100.0,0.23,100.0,0.0,0.7000000000000001,33.33,3.26,21.43,2.56,0.47000000000000003,0.0,12.82,2.1,0.7000000000000001,21.92,59.57,7.46,37.5,3.73,75.0,17.72,63.16,3.73,37.5,17.26,25.82,0.09,0.47000000000000003,0.0,0.0,0.7000000000000001,33.33,0.23,2.8,58.33,2.1,33.33,0.93,25.0,1.17,0.23,3.03,76.92,54.17,5.6,0,,0,,0,0.0,0.0,0.0,,,0.0,,10.49,0.0,0.0,0.0,0.0,0,0
K. Lynch-Bailey,Kyrese Lynch-Bailey,-490704,La Salle Explorers,La Salle Explorers,https://cdn5.wyscout.com/photos/team/public/g-2976_120x120.png,NCAA D1 Atlantic 10,"LAMF, LW, CF",LAMF,36,LW,19,CF,15,,,0,,7,375,0,0.59,0,0.34,29.28,38.52,United States,['United States'],,173,61,False,6.24,5.52,73.91,2.88,16.67,0.24,0.25,0.0,1.92,2.0,0.0,0,0.0,0,0.0,5.04,0.0,0,0.0,0.14,0,0.0,7,1.6800000000000002,14.29,0.0,0.0,1.92,25.0,1.92,25.0,0.0,0.0,0.24,7.2,56.67,19.2,33.75,3.12,2.64,0.24,14.64,2.4,1.6800000000000002,22.56,79.79,4.5600000000000005,68.42,5.76,100.0,20.16,85.71,0.48,50.0,14.45,3.93,0.08,0.96,0.0,0.0,0.24,100.0,0.48,1.92,62.5,2.4,60.0,0.24,100.0,1.44,0.48,2.64,81.82,79.31,6.96,0,,0,,0,0.0,0.0,0.0,,,0.0,,2.88,0.0,0.0,0.0,0.0,0,0
O. Cisse,Ousseynou Cisse,-285079,,Dayton Flyers,,,"RW, RAMF",RW,62,RAMF,30,,0,,,0,,10,374,0,0.1,0,1.01,27.43,54.39,Senegal,['Senegal'],unknown,0,0,False,6.26,5.78,62.5,2.17,44.44,0.0,0.0,0.0,2.65,2.84,1.2,0,0.0,0,0.0,6.5,0.0,0,0.0,0.02,0,0.0,4,0.96,25.0,0.0,0.0,5.53,8.7,0.24,0.0,5.29,9.09,1.44,7.7,75.0,17.57,53.42,3.85,3.37,1.44,23.58,1.2,1.44,36.1,70.0,4.57,47.37,6.02,100.0,28.4,83.9,2.41,40.0,18.88,21.08,0.24,1.44,0.24,0.24,0.24,0.0,0.48,4.57,57.89,3.85,25.0,0.48,0.0,1.2,0.48,6.74,82.14,64.79,17.09,0,,0,,0,0.0,0.0,0.0,,,0.0,,2.17,0.0,0.0,0.0,1.44,0,0
M. Nakamura,Mark Nakamura,-488087,George Washington Colonials,George Washington Colonials,https://cdn5.wyscout.com/photos/team/public/g-3011_120x120.png,NCAA D1 Atlantic 10,RB,RB,88,,0,,0,,,0,,6,370,0,0.17,0,0.36,18.24,64.0,United States,['United States'],unknown,178,77,False,11.68,11.19,69.57,1.7000000000000002,42.86,0.97,1.06,0.24,2.92,3.19,1.46,1,0.24,0,0.0,2.68,0.0,0,0.0,0.04,0,0.0,4,0.97,25.0,0.0,0.0,2.68,36.36,0.0,0.0,2.68,36.36,0.24,1.46,100.0,2.92,58.33,1.22,0.0,0.0,5.84,0.24,0.49,17.51,51.39,8.76,44.44,3.16,76.92,10.46,60.47,4.62,36.84,25.33,27.36,0.09,0.49,0.0,0.0,0.0,0.0,0.24,3.16,53.85,1.22,60.0,0.49,0.0,0.49,0.97,5.11,47.62,57.14,3.41,0,,0,,0,0.0,0.0,0.0,,,0.73,,1.7000000000000002,0.0,0.0,0.0,0.0,0,0
G. Kozak,Grady Kozak,-226675,,Fordham Rams,,,"RWB, RW",RWB,78,RW,12,,0,,,0,,5,368,0,0.33,0,0.55,15.9,43.08,United States,['United States'],unknown,182,77,False,6.85,5.87,70.83,0.98,25.0,0.49,0.5,0.24,2.2,2.23,0.24,1,0.24,0,0.0,4.4,0.0,0,0.0,0.08,0,0.0,4,0.98,0.0,0.0,0.0,4.65,63.16,0.49,50.0,3.91,62.5,0.98,3.18,46.15,7.34,33.33,2.45,1.47,0.98,16.63,1.96,0.24,27.64,73.45,9.29,60.53,5.63,91.3,19.32,83.54,3.67,33.33,19.94,37.91,0.13,1.47,0.0,0.0,0.0,0.0,0.49,3.67,40.0,3.42,64.29,0.49,0.0,0.24,2.93,6.11,76.0,77.78,6.6,0,,0,,0,0.0,0.0,0.0,,,0.24,,0.98,0.0,0.0,0.0,2.2,0,0
"J, Emanuel",Jack Emanuel,-273259,,Duquesne Duke,,,"LCMF, DMF, CB",LCMF,47,DMF,17,CB,13,24.0,2002-01-01,0,,7,365,0,0.02,0,0.0,28.36,61.74,United States,['United States'],unknown,188,79,False,15.78,8.63,60.0,11.34,60.87,0.74,0.78,0.25,9.86,10.34,0.99,2,0.49,0,0.0,0.99,0.0,0,0.0,0.0,0,0.0,1,0.25,0.0,0.0,0.0,0.25,0.0,0.0,0.0,0.25,0.0,0.0,1.97,50.0,4.68,57.89,0.0,0.0,0.0,18.99,0.25,0.74,38.71,82.17,13.32,64.81,4.68,100.0,34.27,86.33,4.19,52.94,21.81,39.75,0.0,0.0,0.0,0.0,0.0,0.0,0.0,4.93,70.0,1.23,20.0,0.0,0.0,0.0,0.0,5.67,56.52,93.22,14.55,0,,0,,0,0.0,0.0,0.0,,,0.49,,11.34,0.0,0.0,0.0,0.0,0,0
N. Prioli,Nicholas Prioli,-355124,,George Mason Patriots,,,"CF, AMF, DMF",CF,38,AMF,21,DMF,16,,,0,,7,362,1,0.24,0,0.4,15.17,36.07,United States,['United States'],unknown,180,70,False,6.22,5.47,54.55,3.23,30.77,0.25,0.29,0.25,2.98,3.5300000000000002,0.99,1,0.25,1,0.25,1.24,0.25,1,0.25,0.06,0,0.0,4,0.99,25.0,25.0,0.0,0.75,66.67,0.25,0.0,0.5,100.0,0.0,1.24,40.0,4.23,17.65,0.99,0.25,0.0,30.58,0.75,0.5,43.76,84.09,10.69,65.12,10.44,95.24,38.54,87.1,4.48,61.11,17.58,36.73,0.1,1.24,0.0,0.0,0.0,0.0,0.25,4.72,63.16,1.99,62.5,0.75,33.33,0.75,0.5,5.72,60.87,93.55,15.41,0,,0,,0,0.0,0.0,0.0,,,0.0,,3.23,0.0,0.0,0.0,0.25,0,0
L. Saville,Louis Saville,-395017,George Washington Colonials,George Washington Colonials,https://cdn5.wyscout.com/photos/team/public/g-3011_120x120.png,NCAA D1 Atlantic 10,"LW, LAMF",LW,75,LAMF,16,,0,21.0,2004-09-08,0,,6,361,1,0.23,0,0.32,27.17,45.87,England,['England'],unknown,173,70,False,8.73,9.22,56.76,3.74,46.67,0.25,0.2,0.25,3.24,2.55,2.49,0,0.0,0,0.0,5.24,0.25,1,0.25,0.06,0,0.0,4,1.0,75.0,25.0,0.0,4.99,15.0,4.99,15.0,0.0,0.0,1.75,6.98,53.57,13.46,38.89,2.24,2.24,1.0,8.48,1.0,1.25,17.2,40.58,5.48,27.27,1.99,87.5,9.97,55.0,2.74,27.27,23.55,32.58,0.08,1.0,0.0,0.0,0.0,0.0,0.25,2.74,27.27,2.49,30.0,0.0,0.0,0.0,1.5,4.24,47.06,34.78,5.73,0,,0,,0,0.0,0.0,0.0,,,0.0,,3.74,0.5,0.25,100.0,2.99,0,0
T. Tzabari,Tom  Tzabari,-211827,,Duquesne Duke,,,"RCMF, AMF, LCMF",RCMF,42,AMF,37,LCMF,15,27.0,1999-05-05,0,,7,348,0,0.03,0,0.15,20.17,46.15,Israel,['Israel'],unknown,183,77,False,8.79,7.76,50.0,4.66,61.11,0.26,0.25,0.26,4.66,4.46,1.29,1,0.26,0,0.0,0.78,0.0,0,0.0,0.01,0,0.0,3,0.78,33.33,0.0,0.0,0.26,0.0,0.0,0.0,0.26,0.0,0.0,1.29,40.0,3.62,35.71,0.26,0.52,0.26,26.64,1.03,0.78,40.34,76.92,12.41,60.42,8.02,90.32,36.72,80.99,3.36,38.46,18.1,33.84,0.04,0.26,0.26,0.0,0.0,0.0,0.0,6.21,58.33,1.55,66.67,0.26,0.0,1.29,0.0,5.17,60.0,92.0,12.93,0,,0,,0,0.0,0.0,0.0,,,0.26,,4.66,0.0,0.0,0.0,0.0,0,0
J. Golinski,Jan Golinski,-490936,,Saint Joseph's Hawks,,,"DMF, RB, RCB",DMF,45,RB,23,RCB,18,,,0,,7,348,0,0.0,0,0.0,20.95,54.32,Poland,['Poland'],unknown,0,0,False,9.83,8.53,48.48,8.28,56.25,0.26,0.30000000000000004,0.26,5.43,6.36,2.33,2,0.52,0,0.0,0.0,0.0,0,0.0,0.0,0,0.0,0,0.0,0.0,0.0,0.0,0.0,0.0,0.0,0.0,0.0,0.0,0.0,0.26,0.0,2.33,66.67,0.26,0.0,0.0,21.72,1.29,1.29,39.57,73.2,17.33,58.21,5.43,85.71,32.07,78.23,7.5,51.72,16.59,28.15,0.0,0.0,0.0,0.0,0.0,0.0,0.0,7.24,46.43,1.29,20.0,1.29,0.0,0.78,0.0,7.24,67.86,82.98,12.16,0,,0,,0,0.0,0.0,0.0,,,1.03,,8.28,0.0,0.0,0.0,0.0,0,0
X. Erhlich,Xaver Ehrlich,-358223,Le Moyne Dolphins,St. Bonaventure Bonnies,https://cdn5.wyscout.com/photos/team/public/g-16525_120x120.png,NCAA D1 Northeast,"DMF, RDMF",DMF,72,RDMF,15,,0,,,0,,5,346,0,0.0,0,0.0,11.18,51.16,Germany,['Germany'],unknown,185,77,False,8.84,2.86,54.55,4.16,56.25,0.26,0.26,1.56,7.02,6.98,0.78,1,0.26,0,0.0,0.0,0.0,0,0.0,0.0,0,0.0,1,0.26,0.0,0.0,0.0,0.0,0.0,0.0,0.0,0.0,0.0,0.0,0.52,0.0,2.6,50.0,0.0,0.26,0.0,21.85,0.52,1.3,35.64,73.72,14.57,55.36,5.46,100.0,28.87,79.28,6.76,50.0,20.79,35.31,0.0,0.0,0.0,0.0,0.26,0.0,0.0,5.98,60.87,0.52,0.0,0.52,0.0,0.0,0.0,9.62,48.65,84.44,11.71,0,,0,,0,0.0,0.0,0.0,,,0.78,,4.16,0.52,0.26,0.0,0.0,0,0
B. Umar,Basit Abdul Rahman Umar,-102091,Wake Forest Demon Deacon,Dayton Flyers,https://cdn5.wyscout.com/photos/team/public/g-2370_120x120.png,NCAA D1 Atlantic Coast,"AMF, CF",AMF,88,CF,11,,0,26.0,1999-12-21,0,,5,343,1,1.83,2,0.63,24.4,45.16,Ghana,['Ghana'],left,173,69,False,3.67,4.2,50.0,2.62,30.0,0.0,0.0,0.0,1.57,1.8599999999999999,1.8399999999999999,0,0.0,0,0.0,4.99,0.26,0,0.0,0.48,0,0.0,13,3.41,38.46,7.692,0.52,1.05,50.0,0.26,100.0,0.79,33.33,0.0,4.72,50.0,15.22,44.83,1.8399999999999999,2.36,1.57,33.06,1.57,2.36,44.08,86.31,10.76,80.49,9.71,94.59,40.67,87.1,2.36,88.89,17.82,38.51,0.17,1.8399999999999999,0.0,0.0,1.05,75.0,1.57,7.08,74.07,2.89,90.91,1.05,75.0,2.36,0.52,7.35,92.86,86.21,15.22,0,,0,,0,0.0,0.0,0.0,,,0.0,,2.62,0.52,0.26,0.0,0.0,1,100
P. Gryczewski,Patrick Gryczewski,-277983,Austin FC II,Rhode Island Rhody,https://cdn5.wyscout.com/photos/team/public/g-18056_120x120.png,MLS Next Pro,"LAMF, LW",LAMF,64,LW,21,,0,23.0,2003-03-25,0,,6,340,0,0.34,0,0.79,29.38,38.74,United States,['United States'],unknown,185,77,False,7.15,8.21,58.06,3.9699999999999998,40.0,0.0,0.0,0.0,2.38,2.29,2.65,1,0.26,0,0.0,3.9699999999999998,0.0,0,0.0,0.09,0,0.0,6,1.5899999999999999,16.67,0.0,0.0,1.5899999999999999,16.67,1.32,20.0,0.26,0.0,0.0,7.68,44.83,14.29,33.33,1.5899999999999999,2.38,1.06,16.94,1.06,0.79,25.15,68.42,7.15,66.67,5.03,78.95,21.71,73.17,2.12,62.5,17.06,27.1,0.21,1.32,0.0,0.0,0.0,0.0,0.53,1.5899999999999999,33.33,2.12,50.0,0.0,0.0,1.06,0.26,3.9699999999999998,46.67,66.67,7.15,0,,0,,0,0.0,0.0,0.0,,,0.0,,3.9699999999999998,2.12,0.26,0.0,3.18,0,0
N. Louzan,Noah Louzan,-463859,Davidson Wildcats,Davidson Wildcats,https://cdn5.wyscout.com/photos/team/public/g-2978_120x120.png,NCAA D1 Atlantic 10,"CF, LWF",CF,48,LWF,24,,0,,,0,,8,336,1,0.21,0,0.56,23.04,46.51,United States,['United States'],unknown,185,72,False,4.82,5.36,65.0,4.02,46.67,0.0,0.0,0.27,1.34,1.26,0.54,0,0.0,0,0.0,5.09,0.27,1,0.27,0.06,0,0.0,5,1.34,40.0,20.0,0.0,1.6099999999999999,50.0,1.07,25.0,0.54,100.0,0.0,5.89,59.09,11.79,40.91,2.41,0.8,1.07,14.73,1.6099999999999999,2.14,18.21,69.12,6.7,52.0,4.82,83.33,15.54,72.41,1.07,50.0,17.4,13.51,0.15,1.88,0.0,0.0,0.27,100.0,0.54,1.07,50.0,2.95,54.55,0.27,100.0,2.14,0.8,3.48,84.62,73.68,5.09,0,,0,,0,0.0,0.0,0.0,,,0.0,,4.02,0.27,0.0,0.0,2.14,0,0
C. Coppola,Cj Coppola,-358259,,Saint Louis Billikens,,,CF,CF,100,,0,,0,,,0,,8,330,1,0.8,0,0.09,28.36,29.81,United States,['United States'],unknown,0,0,False,4.36,3.27,75.0,4.91,27.78,0.0,0.0,0.0,1.9100000000000001,1.5,2.18,2,0.55,0,0.0,2.18,0.27,1,0.27,0.22,0,0.0,5,1.3599999999999999,60.0,20.0,0.0,0.55,50.0,0.27,0.0,0.27,100.0,0.0,3.55,30.77,13.09,25.0,3.55,0.8200000000000001,0.27,8.45,1.9100000000000001,1.09,14.18,73.08,2.18,50.0,5.18,78.95,13.64,74.0,0.0,0.0,11.13,0.0,0.03,0.55,0.27,0.0,0.0,0.0,0.0,0.8200000000000001,66.67,1.09,50.0,0.0,0.0,0.55,0.27,1.6400000000000001,33.33,84.62,3.55,0,,0,,0,0.0,0.0,0.0,,,0.0,,4.91,0.0,0.0,0.0,0.0,0,0
Ivan Perogil,Ivan Montoro Perogil,509582,,Rhode Island Rhody,,,LDMF,LDMF,85,,0,,0,25.0,2001-02-26,0,,4,327,0,0.4,0,0.01,17.89,52.31,Spain,['Spain'],,175,75,False,7.98,7.43,51.85,2.2,37.5,0.0,0.0,0.55,4.13,4.21,1.38,2,0.55,0,0.0,1.9300000000000002,0.0,0,0.0,0.11,0,0.0,2,0.55,0.0,0.0,0.0,0.28,0.0,0.28,0.0,0.0,0.0,0.28,1.9300000000000002,100.0,6.33,65.22,0.8300000000000001,1.9300000000000002,0.28,26.15,0.55,2.2,46.79,79.41,19.82,72.22,4.95,94.44,42.39,83.12,4.13,46.67,17.27,37.93,0.0,0.55,0.0,0.0,0.0,0.0,0.0,6.33,65.22,1.1,50.0,1.1,25.0,0.55,0.0,6.06,54.55,84.09,12.11,0,,0,,0,0.0,0.0,0.0,,,0.28,,2.2,0.0,0.0,0.0,0.0,0,0
J. Liebe,Joe Liebe,-495635,George Washington Colonials,George Washington Colonials,https://cdn5.wyscout.com/photos/team/public/g-3011_120x120.png,NCAA D1 Atlantic 10,"LB, CB",LB,65,CB,27,,0,,,0,,5,321,0,0.08,0,0.0,15.7,62.5,United States,['United States'],,189,86,False,8.69,7.01,68.0,3.64,69.23,0.0,0.0,1.4,3.93,3.93,0.56,0,0.0,0,0.0,0.56,0.0,0,0.0,0.02,0,0.0,2,0.56,0.0,0.0,0.0,0.28,0.0,0.28,0.0,0.0,0.0,0.0,0.84,66.67,1.6800000000000002,66.67,0.56,0.28,0.0,4.21,0.0,1.12,14.02,54.0,9.53,50.0,1.12,75.0,9.81,62.86,3.93,35.71,21.33,33.01,0.0,0.0,0.0,0.0,0.0,0.0,0.0,3.93,64.29,0.56,0.0,0.0,0.0,0.0,0.0,5.89,42.86,75.0,2.24,0,,0,,0,0.0,0.0,0.0,,,0.28,,3.64,0.0,0.0,0.0,0.0,0,0
A. Cucinotta,AJ Cucinotta,-359931,UMass Minutemen,UMass Minutemen,https://cdn5.wyscout.com/photos/team/public/g-6748_120x120.png,NCAA D1 Summit League,"RB, LB5",RB,64,LB5,28,,0,,,0,,8,321,0,0.0,0,0.0,13.46,58.33,United States,['United States'],unknown,0,0,False,10.09,6.73,58.33,3.36,66.67,0.0,0.0,0.84,6.17,5.55,0.84,0,0.0,0,0.0,0.0,0.0,0,0.0,0.0,0,0.0,0,0.0,0.0,0.0,0.0,0.56,0.0,0.0,0.0,0.56,0.0,0.28,0.28,0.0,3.08,45.45,0.56,0.56,0.28,9.53,0.0,0.84,20.75,59.46,12.9,56.52,1.12,100.0,12.9,63.04,7.29,57.69,24.01,26.39,0.0,0.0,0.0,0.0,0.0,0.0,0.0,6.45,52.17,1.4,20.0,1.6800000000000002,33.33,0.56,0.28,7.29,65.38,40.0,4.21,0,,0,,0,0.0,0.0,0.0,,,0.56,,3.36,0.56,0.0,0.0,0.0,0,0
L. Haavie,Lars Henrik Sti Haavie,-193612,,Saint Joseph's Hawks,,,GK,GK,100,,0,,0,24.0,2002-04-11,0,,4,317,0,0.09,0,0.0,0.85,100.0,Norway,['Norway'],,198,90,False,1.1400000000000001,0.0,0.0,0.85,100.0,0.0,0.0,0.0,1.1400000000000001,1.3,0.0,0,0.0,0,0.0,0.0,0.0,0,0.0,0.03,0,0.0,1,0.28,0.0,0.0,0.0,0.0,0.0,0.0,0.0,0.0,0.0,0.0,0.0,0.0,0.0,0.0,0.28,0.0,0.0,9.37,0.0,0.0,17.6,74.19,11.07,64.1,0.0,0.0,7.1,92.0,10.5,62.16,35.67,48.56,0.0,0.0,0.0,0.0,0.0,0.0,0.0,2.27,37.5,0.28,0.0,0.0,0.0,0.0,0.0,8.23,62.07,89.47,5.39,4,1.1400000000000001,10,2.84,1,60.0,2.7199999999999998,0.77,-1.28,-0.363,0.0,2.27,0.85,,,,0.0,0,0
M. Taylor,Mathias  Taylor,-352188,Rhode Island Rhody,Rhode Island Rhody,https://cdn5.wyscout.com/photos/team/public/g-3022_120x120.png,NCAA D1 Atlantic 10,CF,CF,100,,0,,0,21.0,2004-07-02,0,,6,315,1,1.15,0,0.02,32.57,38.6,United States,['United States'],unknown,185,81,False,6.57,4.86,70.59,11.43,45.0,1.1400000000000001,0.98,0.0,2.0,1.71,0.86,1,0.29,0,0.0,3.14,0.29,1,0.29,0.33,0,0.0,11,3.14,36.36,9.091,0.0,1.43,20.0,0.5700000000000001,50.0,0.86,0.0,0.0,4.57,37.5,11.43,22.5,4.0,1.1400000000000001,0.5700000000000001,11.14,1.43,0.5700000000000001,21.43,58.67,6.0,33.33,4.86,76.47,19.14,64.18,0.86,0.0,14.92,13.25,0.0,0.5700000000000001,0.0,0.0,0.29,0.0,0.29,2.5700000000000003,33.33,1.1400000000000001,25.0,0.29,0.0,0.86,0.5700000000000001,3.14,54.55,61.9,6.0,0,,0,,0,0.0,0.0,0.0,,,0.0,,11.43,0.0,0.0,0.0,0.0,0,0
L. Ott,Lyman Ott,-276426,,Davidson Wildcats,,,"LCMF, RCMF, LCMF3",LCMF,28,RCMF,27,LCMF3,16,,,0,,9,314,0,0.63,0,0.18,18.63,58.46,United States,['United States'],unknown,185,72,False,13.47,7.17,72.0,3.73,46.15,1.43,1.42,0.5700000000000001,6.88,6.79,0.5700000000000001,1,0.29,0,0.0,2.58,0.0,0,0.0,0.18,0,0.0,6,1.72,33.33,0.0,0.0,1.15,25.0,0.29,0.0,0.86,33.33,0.29,2.01,85.71,4.3,66.67,1.72,0.0,0.0,25.22,0.29,0.86,40.99,79.02,14.62,72.55,5.45,94.74,36.11,82.54,3.73,61.54,16.45,22.97,0.05,0.5700000000000001,0.0,0.0,0.0,0.0,0.0,7.17,76.0,3.44,58.33,0.0,0.0,1.43,0.29,9.17,81.25,84.31,14.62,0,,0,,0,0.0,0.0,0.0,,,0.0,,3.73,0.0,0.0,0.0,0.0,0,0
N. Alastuey,Nacho Alastuey,-488076,,George Washington Colonials,,,"AMF, LW, LCMF",AMF,37,LW,20,LCMF,15,,,0,,7,312,1,2.56,0,0.08,23.37,33.33,Spain,['Spain'],unknown,173,65,False,8.08,6.92,70.83,6.63,13.04,0.0,0.0,0.29,3.17,2.89,2.02,0,0.0,0,0.0,3.17,0.29,0,0.0,0.74,0,0.0,10,2.88,50.0,10.0,0.0,2.02,28.57,1.15,25.0,0.87,33.33,0.58,2.31,50.0,5.77,20.0,2.02,0.0,0.0,8.37,1.15,0.58,19.33,73.13,5.77,60.0,4.62,81.25,15.87,80.0,1.44,60.0,17.15,19.94,0.02,0.29,0.0,0.0,0.0,0.0,0.0,2.31,75.0,2.6,44.44,0.29,100.0,1.15,0.58,3.46,75.0,75.0,5.77,0,,0,,0,0.0,0.0,0.0,,,0.0,,6.63,0.87,0.29,0.0,1.73,2,50
R. Aroza,Rashid Aroza,-211600,George Washington Colonials,St. Bonaventure Bonnies,https://cdn5.wyscout.com/photos/team/public/g-3011_120x120.png,NCAA D1 Atlantic 10,CF,CF,90,,0,,0,,,0,,8,296,0,0.63,0,0.13,32.84,37.04,United States,['United States'],unknown,189,77,False,5.47,4.26,57.14,12.77,33.33,0.0,0.0,0.91,3.04,2.24,1.22,1,0.30000000000000004,0,0.0,1.82,0.0,0,0.0,0.19,0,0.0,7,2.13,28.57,0.0,0.0,0.30000000000000004,0.0,0.30000000000000004,0.0,0.0,0.0,0.0,2.13,57.14,10.03,21.21,4.5600000000000005,0.61,0.0,10.64,3.34,1.52,15.51,66.67,3.95,46.15,3.95,84.62,14.9,69.39,0.30000000000000004,0.0,14.96,3.55,0.04,1.22,0.0,0.0,0.0,0.0,0.0,2.74,44.44,0.61,50.0,0.0,0.0,0.61,0.0,2.13,57.14,66.67,4.5600000000000005,0,,0,,0,0.0,0.0,0.0,,,0.0,,12.77,0.0,0.0,0.0,0.0,0,0
Y. Nimrodi,Yuval Nimrodi,-490703,Northwestern Wildcats,La Salle Explorers,https://cdn5.wyscout.com/photos/team/public/g-2826_120x120.png,NCAA D1 Big Ten,"CF, AMF, LW",CF,24,AMF,16,LW,15,,,0,,6,294,0,0.02,0,0.13,31.22,41.18,Israel,['Israel'],,170,68,False,9.49,9.18,53.33,1.8399999999999999,0.0,1.22,0.97,0.31,3.37,2.66,1.22,0,0.0,0,0.0,3.67,0.0,0,0.0,0.01,0,0.0,1,0.31,0.0,0.0,0.0,0.92,66.67,0.0,0.0,0.92,66.67,0.31,5.2,58.82,15.61,41.18,0.31,2.76,0.0,11.94,0.31,3.06,23.27,69.74,7.35,41.67,5.2,88.24,20.51,71.64,1.8399999999999999,50.0,17.19,35.28,0.04,0.61,0.0,0.0,0.0,0.0,0.0,3.06,30.0,2.14,42.86,0.31,0.0,0.61,0.61,2.14,57.14,73.08,7.96,0,,0,,0,0.0,0.0,0.0,,,0.31,,1.8399999999999999,0.0,0.0,0.0,0.31,0,0
B. Minikel-Lacocque,Ben Minikel-Lacocque,-463861,Davidson Wildcats,Davidson Wildcats,https://cdn5.wyscout.com/photos/team/public/g-2978_120x120.png,NCAA D1 Atlantic 10,"CF, LWF, RWF",CF,45,LWF,24,RWF,11,,,0,,9,294,0,0.32,0,0.27,28.16,44.57,United States,['United States'],unknown,180,72,False,5.82,3.37,90.91,5.2,29.41,0.0,0.0,0.0,2.76,2.76,0.31,0,0.0,0,0.0,3.67,0.0,0,0.0,0.1,0,0.0,2,0.61,50.0,0.0,0.0,2.14,14.29,0.92,0.0,1.22,25.0,0.0,6.73,45.45,15.92,40.38,3.06,0.92,0.0,15.61,1.22,1.22,24.49,76.25,6.73,72.73,4.59,80.0,20.82,85.29,1.8399999999999999,33.33,17.26,17.9,0.08,0.92,0.0,0.0,0.0,0.0,0.0,3.98,69.23,1.22,25.0,0.31,0.0,0.61,0.0,4.59,73.33,78.13,9.8,0,,0,,0,0.0,0.0,0.0,,,0.0,,5.2,0.0,0.0,0.0,0.31,0,0
T. Anderson,Tanner Anderson,-318011,Saint Louis Billikens,Saint Louis Billikens,https://cdn5.wyscout.com/photos/team/public/g-2958_120x120.png,NCAA D1 Atlantic 10,"AMF, CF",AMF,61,CF,31,,0,21.0,2005-06-07,0,,9,288,2,1.71,1,0.46,31.88,42.16,United States,['United States'],unknown,185,77,False,5.94,5.0,62.5,9.69,58.06,0.31,0.29,0.31,2.5,2.35,1.25,0,0.0,0,0.0,3.44,0.63,2,0.63,0.53,0,0.0,7,2.19,42.86,28.571,0.31,2.19,42.86,0.0,0.0,2.19,42.86,0.31,3.75,25.0,11.88,31.58,4.69,1.88,0.9400000000000001,20.31,3.44,2.5,25.94,71.08,6.88,54.55,6.25,80.0,23.44,74.67,0.31,0.0,19.96,2.68,0.14,0.9400000000000001,0.0,0.0,0.9400000000000001,66.67,0.63,1.56,60.0,1.56,80.0,0.63,50.0,1.25,0.9400000000000001,2.5,50.0,78.95,5.94,0,,0,,0,0.0,0.0,0.0,,,0.0,,9.69,0.0,0.0,0.0,0.0,0,0
Z. Golden,Zach Golden,-368258,,George Mason Patriots,,,"RDMF, RCMF",RDMF,64,RCMF,18,,0,,,0,,5,285,0,0.21,0,0.0,18.0,52.63,United States,['United States'],unknown,182,72,False,9.16,8.21,53.85,1.58,20.0,0.0,0.0,0.0,4.74,6.0,1.8900000000000001,1,0.32,0,0.0,1.8900000000000001,0.0,0,0.0,0.07,0,0.0,6,1.8900000000000001,16.67,0.0,0.0,0.0,0.0,0.0,0.0,0.0,0.0,0.0,2.5300000000000002,62.5,6.32,55.0,0.32,0.63,0.63,28.74,0.0,1.58,40.11,87.4,10.74,67.65,6.63,100.0,37.26,89.83,2.84,55.56,17.09,29.74,0.0,0.0,0.0,0.0,0.0,0.0,0.0,7.26,69.57,0.9500000000000001,66.67,0.0,0.0,0.32,0.0,5.68,72.22,96.08,16.11,0,,0,,0,0.0,0.0,0.0,,,0.0,,1.58,0.0,0.0,0.0,0.0,0,0
D. Mercer,Dean Mercer,-358213,St. Bonaventure Bonnies,St. Bonaventure Bonnies,https://cdn5.wyscout.com/photos/team/public/g-2992_120x120.png,NCAA D1 Atlantic 10,RW,RW,86,,0,,0,,,0,,8,285,1,0.71,0,0.05,21.79,42.03,United States,['United States'],unknown,178,64,False,7.26,9.47,40.0,1.58,60.0,0.0,0.0,0.0,3.47,2.9699999999999998,1.8900000000000001,1,0.32,0,0.0,2.84,0.32,1,0.32,0.23,0,0.0,3,0.9500000000000001,66.67,33.333,0.0,1.8900000000000001,16.67,0.0,0.0,1.8900000000000001,16.67,0.63,2.84,66.67,7.89,48.0,0.9500000000000001,0.9500000000000001,0.0,15.16,1.58,1.8900000000000001,21.79,65.22,7.26,69.57,3.16,50.0,18.95,70.0,0.9500000000000001,66.67,14.41,13.38,0.02,0.32,0.0,0.0,0.32,0.0,0.0,1.26,100.0,3.16,30.0,0.32,0.0,0.63,0.32,2.84,55.56,60.87,7.26,0,,0,,0,0.0,0.0,0.0,,,0.0,,1.58,0.0,0.0,0.0,0.0,0,0
J. DeMott,Jared DeMott,-352371,,George Washington Colonials,,,"LCB, LCB3",LCB,64,LCB3,35,,0,,,0,,4,284,0,0.1,0,0.0,12.36,51.28,United States,['United States'],unknown,188,79,False,5.39,5.39,47.06,5.7,50.0,0.32,0.36,0.0,2.54,2.89,1.58,1,0.32,0,0.0,0.0,0.0,0,0.0,0.03,0,0.0,1,0.32,0.0,0.0,0.0,0.0,0.0,0.0,0.0,0.0,0.0,0.0,0.0,0.0,0.63,50.0,0.32,0.32,0.0,6.34,0.32,0.9500000000000001,17.43,41.82,11.73,35.14,0.32,100.0,7.92,64.0,9.51,23.33,29.09,37.18,0.0,0.0,0.0,0.0,0.0,0.0,0.0,7.92,32.0,1.9,0.0,0.32,0.0,0.0,0.0,6.02,47.37,54.55,3.49,0,,0,,0,0.0,0.0,0.0,,,0.32,,5.7,0.0,0.0,0.0,0.0,0,0
C. Comi,Camilo Comi,-278845,VCU Rams,VCU Rams,https://cdn5.wyscout.com/photos/team/public/g33073_120x120.png,NCAA D1 Atlantic 10,"LW, CF, LAMF",LW,33,CF,28,LAMF,27,,,0,,6,282,0,0.63,0,0.15,30.64,38.54,Argentina,['Argentina'],unknown,173,0,False,7.66,7.66,45.83,7.02,13.64,0.32,0.48,0.32,3.83,5.8100000000000005,1.28,0,0.0,0,0.0,5.74,0.0,0,0.0,0.2,0,0.0,3,0.96,33.33,0.0,0.0,4.15,30.77,4.15,30.77,0.0,0.0,0.64,6.38,60.0,12.45,48.72,3.51,2.87,1.28,20.43,4.15,1.6,29.36,78.26,3.19,70.0,9.57,100.0,24.89,87.18,0.32,0.0,17.72,3.33,0.05,0.96,0.0,0.0,0.32,100.0,0.32,0.96,100.0,3.51,36.36,0.0,0.0,0.64,1.28,5.11,43.75,70.0,9.57,0,,0,,0,0.0,0.0,0.0,,,0.0,,7.02,0.0,0.0,0.0,0.0,0,0
D. Wegner,Duncan Wegner,511941,,George Washington Colonials,,,GK,GK,100,,0,,0,24.0,2001-06-27,0,,3,281,0,0.0,0,0.0,0.0,0.0,United States,['United States'],,182,79,False,1.28,0.0,0.0,0.0,0.0,0.0,0.0,0.0,1.28,1.38,0.0,0,0.0,0,0.0,0.0,0.0,0,0.0,0.0,0,0.0,0,0.0,0.0,0.0,0.0,0.0,0.0,0.0,0.0,0.0,0.0,0.0,0.0,0.0,0.0,0.0,0.0,0.0,0.0,11.53,0.0,0.0,19.86,83.87,17.3,83.33,0.0,0.0,3.84,83.33,16.01,84.0,43.61,48.67,0.0,0.0,0.0,0.0,0.0,0.0,0.0,3.52,81.82,0.0,0.0,0.0,0.0,0.0,0.0,12.17,92.11,87.5,2.56,1,0.32,9,2.88,1,88.89,3.19,1.02,2.19,0.7010000000000001,0.0,1.28,0.0,,,,0.0,0,0
T. Mohney,Tate Mohney,-358101,,Duquesne Duke,,,CF,CF,84,,0,,0,,,0,,8,281,0,0.39,2,0.75,33.63,41.9,United States,['United States'],unknown,182,97,False,5.12,3.2,60.0,6.73,33.33,0.32,0.27,0.32,2.88,2.39,1.6,1,0.32,0,0.0,4.8,0.0,0,0.0,0.12,0,0.0,3,0.96,33.33,0.0,0.64,1.92,33.33,0.96,33.33,0.96,33.33,0.64,4.8,80.0,19.86,46.77,2.88,0.96,0.0,11.21,1.28,2.24,20.18,76.19,2.88,77.78,5.12,93.75,18.26,80.7,0.0,0.0,14.39,0.0,0.24,1.6,0.0,0.0,0.0,0.0,0.96,0.64,100.0,1.92,50.0,0.0,0.0,1.28,0.64,2.24,85.71,66.67,5.77,0,,0,,0,0.0,0.0,0.0,,,0.0,,6.73,0.0,0.0,0.0,0.0,0,0
B. Bermingham,Brandon Bermingham,518022,Kerry ,Rhode Island Rhody,https://cdn5.wyscout.com/photos/team/public/g-17426_120x120.png,First Division,"CF, AMF",CF,75,AMF,24,,0,24.0,2001-12-05,0,2026-11-30,5,279,3,1.87,0,0.28,17.1,28.3,Northern Ireland,['Northern Ireland'],right,188,77,False,1.6099999999999999,2.26,42.86,2.58,37.5,0.0,0.0,0.0,0.65,0.67,1.29,0,0.0,0,0.0,4.19,0.97,1,0.32,0.6000000000000001,0,0.0,7,2.26,71.43,42.857,0.0,1.6099999999999999,20.0,0.97,33.33,0.65,0.0,0.0,3.23,70.0,8.06,36.0,2.58,0.97,0.32,12.26,2.58,1.29,18.06,73.21,3.23,50.0,5.8100000000000005,88.89,15.81,77.55,1.29,50.0,18.29,34.75,0.09,1.6099999999999999,0.0,0.0,0.0,0.0,0.65,1.94,83.33,1.6099999999999999,40.0,0.32,100.0,0.97,0.32,1.6099999999999999,60.0,66.67,3.87,0,,0,,0,0.0,0.0,0.0,,,0.0,,2.58,1.29,0.65,50.0,1.6099999999999999,2,100
B. Keeney,Bryant Keeney,-476314,,UMass Minutemen,,,"RW, LW, LCMF3",RW,53,LW,18,LCMF3,11,,,0,,7,277,0,0.17,1,0.6000000000000001,24.69,48.68,United States,['United States'],unknown,0,0,False,9.75,9.1,67.86,3.5700000000000003,18.18,0.32,0.30000000000000004,0.0,3.25,2.9699999999999998,0.0,0,0.0,0,0.0,2.6,0.0,0,0.0,0.06,0,0.0,5,1.62,0.0,0.0,0.32,2.6,37.5,0.97,0.0,1.62,60.0,0.32,2.27,71.43,7.15,50.0,1.62,1.9500000000000002,0.32,11.7,0.97,1.3,27.62,52.94,12.67,35.9,5.2,87.5,18.84,65.52,6.82,19.05,21.87,42.77,0.2,0.32,0.0,0.0,0.0,0.0,0.32,5.2,12.5,3.25,40.0,0.65,50.0,0.65,0.97,8.45,53.85,50.0,6.5,0,,0,,0,0.0,0.0,0.0,,,0.0,,3.5700000000000003,0.0,0.0,0.0,0.65,0,0
H. Cook,Harper Cook,-236088,,Fordham Rams,,,"RWB, RB5",RWB,51,RB5,38,,0,,,0,,4,271,0,0.07,0,0.54,14.61,50.0,United States,['United States'],unknown,183,70,False,7.31,6.31,57.89,3.65,36.36,0.0,0.0,0.0,3.65,3.75,1.0,0,0.0,0,0.0,1.6600000000000001,0.0,0,0.0,0.02,0,0.0,1,0.33,0.0,0.0,0.0,2.99,33.33,0.0,0.0,2.66,25.0,0.33,1.33,50.0,2.99,66.67,1.0,0.66,0.0,22.92,1.6600000000000001,0.66,33.87,82.35,13.95,76.19,7.64,100.0,27.9,91.67,2.99,44.44,20.3,29.62,0.18,0.66,0.0,0.0,0.0,0.0,0.33,4.32,76.92,3.32,50.0,0.0,0.0,1.0,1.0,7.64,86.96,89.47,6.31,0,,0,,0,0.0,0.0,0.0,,,0.33,,3.65,0.0,0.0,0.0,0.0,0,0
J.  Eliuda,James  Eliuda,-463858,George Mason Patriots,George Mason Patriots,https://cdn5.wyscout.com/photos/team/public/g27557_120x120.png,NCAA D1 Atlantic 10,"LCMF, AMF",LCMF,58,AMF,38,,0,,,0,,3,269,0,0.96,0,0.0,17.06,50.98,United States,['United States'],unknown,0,0,False,4.68,5.69,52.94,3.68,54.55,0.0,0.0,0.0,1.67,2.68,1.34,2,0.67,0,0.0,1.34,0.0,0,0.0,0.32,0,0.0,6,2.01,33.33,0.0,0.0,0.33,0.0,0.33,0.0,0.0,0.0,0.33,1.34,50.0,4.68,42.86,2.01,0.33,0.0,39.48,0.0,0.67,49.52,82.43,11.04,75.76,8.36,92.0,45.84,82.48,3.35,90.0,20.22,37.96,0.0,0.0,0.0,0.0,1.0,0.0,0.0,7.7,65.22,1.34,25.0,0.33,0.0,0.0,0.0,6.69,70.0,85.14,24.76,0,,0,,0,0.0,0.0,0.0,,,0.67,,3.68,0.0,0.0,0.0,0.0,0,0
C. Shillington,Callum Shillington,-464387,St. Bonaventure Bonnies,St. Bonaventure Bonnies,https://cdn5.wyscout.com/photos/team/public/g-2992_120x120.png,NCAA D1 Atlantic 10,"LCB, LCMF, RCMF",LCB,38,LCMF,22,RCMF,19,,,0,,5,267,0,0.0,0,0.26,19.89,50.85,Canada,['Canada'],unknown,188,79,False,12.81,8.43,76.0,3.37,30.0,0.0,0.0,0.67,6.4,5.94,0.34,0,0.0,0,0.0,1.35,0.0,0,0.0,0.0,0,0.0,0,0.0,0.0,0.0,0.0,0.67,50.0,0.34,100.0,0.34,0.0,0.0,1.69,40.0,5.73,35.29,1.01,1.69,0.67,18.88,0.67,0.67,39.78,84.75,16.52,81.63,4.72,92.86,32.7,83.51,6.4,94.74,21.06,37.29,0.09,1.35,0.0,0.0,0.34,100.0,1.01,3.71,81.82,1.69,80.0,0.67,100.0,1.01,0.34,10.45,67.74,95.35,14.49,0,,0,,0,0.0,0.0,0.0,,,0.67,,3.37,0.0,0.0,0.0,0.0,0,0
I. Oystese,Isak  Oystese,-278861,,Rhode Island Rhody,,,"CF, RAMF",CF,56,RAMF,35,,0,25.0,2001-06-04,0,,5,263,0,0.58,0,0.01,33.88,30.3,Norway,['Norway'],unknown,183,77,False,4.79,6.84,50.0,10.27,23.33,0.0,0.0,0.0,1.37,1.22,2.05,1,0.34,0,0.0,2.74,0.0,0,0.0,0.2,0,0.0,7,2.4,57.14,0.0,0.0,1.03,0.0,0.0,0.0,1.03,0.0,0.34,4.79,21.43,11.29,18.18,3.08,0.34,0.0,9.24,0.68,0.68,15.4,62.22,5.48,56.25,3.76,90.91,13.69,67.5,0.68,50.0,14.07,12.6,0.0,0.34,0.0,0.0,0.34,100.0,0.0,1.71,60.0,1.71,40.0,0.68,50.0,0.68,0.0,3.08,55.56,54.55,3.76,0,,0,,0,0.0,0.0,0.0,,,0.0,,10.27,0.0,0.0,0.0,0.0,0,0
M. Stistrup Petersen,Mads Stistrup Petersen,-94339,Brown Bears,Saint Louis Billikens,https://cdn5.wyscout.com/photos/team/public/g-2850_120x120.png,NCAA D1 Ivy League,"LAMF, LW, RAMF",LAMF,33,LW,31,RAMF,18,22.0,2003-12-19,0,,7,258,3,2.35,0,0.19,34.53,36.36,Denmark,['Denmark'],,0,0,False,5.93,6.63,42.11,5.23,33.33,0.35000000000000003,0.43,0.35000000000000003,2.79,3.48,2.79,0,0.0,0,0.0,7.67,1.05,3,1.05,0.8200000000000001,1,0.35000000000000003,10,3.49,70.0,30.0,0.0,4.88,21.43,2.44,28.57,2.09,16.67,0.35000000000000003,10.47,36.67,17.09,38.78,6.28,1.74,0.7000000000000001,23.37,0.7000000000000001,1.74,33.84,61.86,7.33,33.33,8.02,95.65,24.42,74.29,4.53,38.46,17.47,21.98,0.07,1.05,0.0,0.0,1.05,33.33,0.35000000000000003,5.23,40.0,3.14,33.33,2.44,0.0,0.7000000000000001,0.7000000000000001,6.28,44.44,63.33,10.47,0,,0,,0,0.0,0.0,0.0,,,0.35000000000000003,,5.23,1.4,0.0,0.0,3.49,0,0
R. Tenne,Roee Tenne,-211842,,George Washington Colonials,,,"RCMF, RDMF, LCMF",RCMF,30,RDMF,30,LCMF,18,,,0,,4,255,0,0.07,0,0.0,22.24,47.62,Switzerland,['Switzerland'],unknown,180,68,False,13.76,8.12,60.87,4.59,38.46,0.0,0.0,0.0,8.82,9.15,1.76,0,0.0,0,0.0,1.76,0.0,0,0.0,0.03,0,0.0,2,0.71,50.0,0.0,0.0,0.71,100.0,0.0,0.0,0.71,100.0,0.0,2.12,33.33,5.65,43.75,0.0,0.71,0.0,14.12,0.71,1.76,34.24,73.2,14.12,57.5,4.94,92.86,26.47,78.67,7.41,52.38,22.97,40.35,0.0,0.0,0.0,0.0,0.0,0.0,0.0,7.41,57.14,1.06,66.67,0.71,50.0,0.71,0.0,8.12,73.91,90.32,10.94,0,,0,,0,0.0,0.0,0.0,,,0.71,,4.59,0.0,0.0,0.0,0.0,0,0
B. Young,Baylen Young,-352177,Davidson Wildcats,Davidson Wildcats,https://cdn5.wyscout.com/photos/team/public/g-2978_120x120.png,NCAA D1 Atlantic 10,AMF,AMF,62,,0,,0,23.0,2003-06-16,0,,9,250,0,0.05,0,0.0,28.08,39.74,United States,['United States'],unknown,180,68,False,9.0,10.8,66.67,5.04,28.57,0.72,0.66,0.0,1.08,0.99,1.08,0,0.0,0,0.0,2.52,0.0,0,0.0,0.02,0,0.0,1,0.36,0.0,0.0,0.0,2.16,83.33,0.72,50.0,1.44,100.0,0.36,3.24,22.22,9.0,12.0,1.08,0.0,0.0,13.68,0.0,0.0,26.28,75.34,8.64,62.5,2.16,100.0,21.24,81.36,3.24,33.33,20.91,25.42,0.0,0.0,0.0,0.0,0.36,0.0,0.0,2.88,50.0,3.6,70.0,0.36,0.0,1.8,1.08,4.32,66.67,79.31,10.44,0,,0,,0,0.0,0.0,0.0,,,0.0,,5.04,1.44,0.0,0.0,1.08,0,0
S. Yohena,Shizu Yohena,-283004,Hemelingen,Fordham Rams,https://cdn5.wyscout.com/photos/team/public/g-11958_120x120.png,,"CF, LWF, LW",CF,46,LWF,20,LW,19,,,0,,7,238,0,1.22,0,0.78,21.55,35.09,Japan,['Japan'],,0,0,False,6.43,6.43,47.06,1.13,0.0,0.0,0.0,0.38,3.4,3.38,1.13,0,0.0,0,0.0,4.92,0.0,0,0.0,0.46,0,0.0,8,3.03,37.5,0.0,0.0,3.03,37.5,1.51,50.0,1.51,25.0,0.76,4.54,50.0,9.08,33.33,4.54,1.13,0.0,22.31,4.54,0.0,31.39,78.31,7.18,52.63,7.5600000000000005,100.0,26.47,84.29,2.27,50.0,15.51,25.72,0.29,1.13,0.0,0.0,0.38,100.0,0.76,3.03,62.5,3.03,62.5,0.0,0.0,2.65,1.13,3.7800000000000002,60.0,73.08,9.83,0,,0,,0,0.0,0.0,0.0,,,0.38,,1.13,0.0,0.0,0.0,0.38,0,0
S. Tummala,Sai Tummala,-276424,,Davidson Wildcats,,,"LWB, LB",LWB,58,LB,25,,0,,,0,,5,238,0,0.0,2,0.6000000000000001,13.61,52.78,United States,['United States'],unknown,175,75,False,8.32,7.18,57.89,3.7800000000000002,40.0,0.76,0.92,0.38,3.4,4.15,1.51,1,0.38,0,0.0,1.51,0.0,0,0.0,0.0,0,0.0,0,0.0,0.0,0.0,0.76,1.8900000000000001,60.0,1.8900000000000001,60.0,0.0,0.0,0.76,1.13,33.33,2.27,66.67,0.0,3.4,1.51,19.29,2.27,1.13,29.87,77.22,12.86,64.71,6.8100000000000005,94.44,22.31,86.44,5.67,46.67,21.43,27.73,0.23,1.13,0.0,0.0,0.0,0.0,1.13,6.8100000000000005,77.78,3.03,62.5,0.38,100.0,0.76,1.51,9.08,87.5,76.47,6.43,0,,0,,0,0.0,0.0,0.0,,,0.38,,3.7800000000000002,0.0,0.0,0.0,0.0,0,0
K. Komódi,Kevin Komódi,423724,,Saint Louis Billikens,,,"CF, AMF, RW",CF,30,AMF,24,RW,16,28.0,1998-03-03,0,,7,238,0,0.1,0,1.05,15.5,34.15,Hungary,['Hungary'],,182,76,False,3.03,4.92,15.38,1.8900000000000001,40.0,0.0,0.0,0.0,2.27,2.31,1.13,0,0.0,0,0.0,3.4,0.0,0,0.0,0.04,0,0.0,1,0.38,100.0,0.0,0.0,4.54,33.33,1.8900000000000001,40.0,2.65,28.57,0.76,2.65,57.14,5.29,42.86,1.51,1.8900000000000001,1.13,15.13,3.03,0.76,23.07,57.38,6.05,31.25,3.4,77.78,16.64,68.18,1.8900000000000001,20.0,19.6,17.75,0.4,3.4,0.0,0.0,0.76,0.0,0.38,3.03,37.5,6.43,47.06,0.38,0.0,2.65,1.13,6.43,76.47,63.64,8.32,0,,0,,0,0.0,0.0,0.0,,,0.0,,1.8900000000000001,4.16,0.38,100.0,8.32,0,0
M. Bakken,Martin Dreyer Bakken,340729,Dayton Flyers,Dayton Flyers,https://cdn5.wyscout.com/photos/team/public/g32986_120x120.png,NCAA D1 Atlantic 10,AMF,AMF,88,,0,,0,21.0,2004-07-19,0,,7,236,0,1.4,1,1.2,24.79,43.08,Norway,['Norway'],,185,0,False,4.19,3.05,50.0,4.96,69.23,0.0,0.0,0.0,2.67,2.5300000000000002,1.1400000000000001,0,0.0,0,0.0,0.76,0.0,0,0.0,0.54,0,0.0,5,1.9100000000000001,0.0,0.0,0.38,0.0,0.0,0.0,0.0,0.0,0.0,0.0,2.67,28.57,13.35,31.43,3.43,1.53,0.38,20.97,0.76,0.76,33.18,85.06,6.48,70.59,7.63,95.0,31.65,85.54,1.53,75.0,16.28,20.8,0.46,1.53,0.0,0.0,0.38,0.0,1.1400000000000001,2.67,85.71,0.76,100.0,0.38,0.0,1.1400000000000001,0.0,3.05,75.0,84.62,9.92,0,,0,,0,0.0,0.0,0.0,,,0.0,,4.96,0.76,0.0,0.0,0.76,0,0
D. Smith,Daniel Smith,-213054,La Salle Explorers,La Salle Explorers,https://cdn5.wyscout.com/photos/team/public/g-2976_120x120.png,NCAA D1 Atlantic 10,"LB5, LB, LWB",LB5,41,LB,29,LWB,29,,,0,,5,234,0,0.0,0,0.14,23.46,52.46,England,['England'],,178,70,False,11.15,11.54,46.67,3.08,75.0,1.15,1.3599999999999999,0.0,4.62,5.45,2.31,2,0.77,0,0.0,3.46,0.0,0,0.0,0.0,0,0.0,0,0.0,0.0,0.0,0.0,2.31,66.67,2.31,66.67,0.0,0.0,0.0,2.69,71.43,6.92,55.56,0.0,2.31,0.38,27.69,1.15,2.31,43.08,71.43,15.77,48.78,8.46,100.0,35.77,78.49,5.0,23.08,17.62,24.58,0.05,0.77,0.0,0.0,0.0,0.0,0.77,7.31,36.84,3.08,50.0,1.15,0.0,0.0,1.54,8.85,65.22,75.68,14.23,0,,0,,0,0.0,0.0,0.0,,,0.77,,3.08,0.0,0.0,0.0,0.0,0,0
G. Bailey,Grant  Bailey,-463790,Loyola Chicago Ramblers,Loyola Chicago Ramblers,https://cdn5.wyscout.com/photos/team/public/g-2885_120x120.png,NCAA D1 Atlantic 10,LB,LB,99,,0,,0,,,0,,4,216,0,0.0,0,0.33,20.83,62.0,United States,['United States'],unknown,175,0,False,13.33,9.17,63.64,2.92,42.86,0.0,0.0,0.0,7.5,9.0,0.42,0,0.0,0,0.0,2.92,0.0,0,0.0,0.0,0,0.0,1,0.42,0.0,0.0,0.0,1.25,66.67,1.25,66.67,0.0,0.0,0.0,2.08,100.0,6.67,68.75,0.0,1.67,0.0,25.0,3.33,2.08,37.92,82.42,19.17,76.09,4.58,100.0,33.75,86.42,2.92,42.86,19.76,41.75,0.14,0.8300000000000001,0.0,0.0,0.0,0.0,0.42,7.92,68.42,1.67,50.0,0.8300000000000001,50.0,0.0,0.8300000000000001,7.5,94.44,81.82,9.17,0,,0,,0,0.0,0.0,0.0,,,0.42,,2.92,0.0,0.0,0.0,0.0,0,0
N. Simes,Nathan Simes,-303310,Green Gully,Fordham Rams,https://cdn5.wyscout.com/photos/team/public/g5151_120x120.png,Victoria NPL,"CF, LWF",CF,79,LWF,11,,0,23.0,2003-03-29,0,,6,214,0,0.78,0,0.0,28.6,29.41,New Zealand,['New Zealand'],unknown,182,70,False,4.21,5.05,58.33,7.15,35.29,0.42,0.46,0.0,0.84,0.92,1.26,0,0.0,0,0.0,0.42,0.0,0,0.0,0.33,0,0.0,7,2.94,14.29,0.0,0.0,0.0,0.0,0.0,0.0,0.0,0.0,0.0,0.0,0.0,12.2,17.24,4.21,1.26,0.0,15.56,2.94,0.84,22.29,81.13,3.36,50.0,6.31,86.67,21.87,82.69,0.42,0.0,12.29,5.29,0.0,0.0,0.0,0.0,0.0,0.0,0.0,1.26,66.67,1.26,66.67,0.0,0.0,1.26,0.0,0.84,50.0,83.33,5.05,0,,0,,0,0.0,0.0,0.0,,,0.0,,7.15,0.0,0.0,0.0,0.0,0,0
M. Hart,Mason Hart,-358257,,Saint Louis Billikens,,,GK,GK,100,,0,,0,,,0,,2,213,0,0.0,0,0.0,0.42,100.0,United States,['United States'],,191,79,False,1.27,0.0,0.0,0.0,0.0,0.0,0.0,0.0,1.27,2.31,0.0,0,0.0,0,0.0,0.42,0.0,0,0.0,0.0,0,0.0,0,0.0,0.0,0.0,0.0,0.0,0.0,0.0,0.0,0.0,0.0,0.0,0.42,100.0,0.42,100.0,0.0,0.0,0.0,9.3,0.0,0.0,16.48,76.92,12.25,68.97,0.0,0.0,6.76,100.0,9.72,60.87,39.91,50.15,0.0,0.0,0.0,0.0,0.0,0.0,0.0,4.65,72.73,0.0,0.0,0.0,0.0,0.0,0.0,5.92,85.71,100.0,3.8,3,1.27,11,4.65,1,72.73,4.73,2.0,1.73,0.731,0.0,2.54,0.0,,,,0.0,0,0
M. Mancini,Matias Mancini,491751,,Saint Joseph's Hawks,,,"CF, AMF, LCMF3",CF,68,AMF,13,LCMF3,11,27.0,1998-07-13,0,,6,212,1,1.73,0,0.0,25.9,45.9,Italy,['Italy'],right,178,77,False,4.25,5.52,61.54,4.25,30.0,0.0,0.0,0.0,0.85,0.75,4.67,1,0.42,1,0.42,3.4,0.42,1,0.42,0.73,0,0.0,6,2.55,33.33,16.667,0.0,0.42,0.0,0.0,0.0,0.42,0.0,0.0,4.25,60.0,12.74,43.33,2.12,1.27,0.85,14.01,2.12,2.12,20.38,72.92,5.52,53.85,4.67,100.0,19.53,73.91,0.42,100.0,17.75,7.36,0.0,0.0,0.0,0.0,0.42,0.0,0.0,1.7000000000000002,100.0,2.12,40.0,0.42,0.0,0.85,0.0,3.4,62.5,76.47,7.22,0,,0,,0,0.0,0.0,0.0,,,0.0,,4.25,0.85,0.42,0.0,0.0,1,0
G. Kanyane,Geni Kanyane,-211500,Forward Madison,Dayton Flyers,https://cdn5.wyscout.com/photos/team/public/g-9621_120x120.png,USL League 1,"LB, LDMF",LB,75,LDMF,15,,0,24.0,2001-09-19,0,2026-11-30,6,208,0,0.0,1,0.28,29.42,50.0,South Africa,['South Africa'],unknown,180,73,False,12.98,9.09,66.67,7.36,47.06,0.0,0.0,0.0,6.92,9.6,2.16,0,0.0,0,0.0,4.33,0.0,0,0.0,0.0,0,0.0,1,0.43,0.0,0.0,0.43,3.89,44.44,3.89,44.44,0.0,0.0,0.0,3.46,75.0,9.09,38.1,0.43,2.6,0.87,33.32,2.16,0.43,56.25,79.23,20.34,74.47,9.95,91.3,48.89,84.07,3.46,50.0,24.29,11.99,0.12,1.3,0.0,0.0,0.43,0.0,0.87,5.63,76.92,3.89,66.67,0.43,0.0,0.43,1.73,12.12,75.0,81.25,13.85,0,,0,,0,0.0,0.0,0.0,,,0.0,,7.36,0.0,0.0,0.0,0.0,0,0
A. Mohamed,Ahmed Mohamed,-276372,,George Mason Patriots,,,RCB,RCB,98,,0,,0,,,0,,3,205,0,0.0,0,0.0,18.88,65.12,United States,['United States'],unknown,182,78,False,9.22,6.59,73.33,8.34,63.16,0.44,0.77,0.88,3.95,6.92,0.88,1,0.44,0,0.0,0.0,0.0,0,0.0,0.0,0,0.0,0,0.0,0.0,0.0,0.0,0.0,0.0,0.0,0.0,0.0,0.0,0.0,0.0,0.0,0.88,50.0,0.0,0.88,0.0,34.24,0.44,0.44,55.32,86.51,21.07,79.17,1.76,100.0,50.05,92.11,5.27,33.33,23.96,40.84,0.0,0.0,0.0,0.0,0.0,0.0,0.0,3.95,55.56,0.0,0.0,0.0,0.0,0.0,0.0,9.22,57.14,90.77,28.54,0,,0,,0,0.0,0.0,0.0,,,1.32,,8.34,0.0,0.0,0.0,0.0,0,0
Rafa Villanueva,Rafael Carlos Villanueva Bastero,-71807,,Rhode Island Rhody,,,"RAMF, LAMF",RAMF,49,LAMF,36,,0,26.0,2000-05-27,25000,,4,203,0,0.15,0,0.31,30.59,39.13,Spain,['Spain'],,173,73,False,11.53,8.87,45.0,2.66,66.67,0.44,0.49,0.0,7.09,7.87,2.22,1,0.44,0,0.0,5.76,0.0,0,0.0,0.07,0,0.0,4,1.77,25.0,0.0,0.0,4.88,18.18,0.0,0.0,4.88,18.18,0.89,10.2,43.48,16.4,37.84,2.22,3.99,0.89,19.06,2.22,1.77,31.03,71.43,3.55,62.5,9.31,85.71,24.83,83.93,1.77,25.0,16.87,9.7,0.14,1.33,0.0,0.0,0.0,0.0,0.0,3.55,50.0,4.88,27.27,0.44,0.0,1.33,1.33,3.99,66.67,66.67,11.97,0,,0,,0,0.0,0.0,0.0,,,0.89,,2.66,0.0,0.0,0.0,0.89,0,0
C. Smith,Connor Smith,-36962,,Davidson Wildcats,,,"CF, LAMF",CF,74,LAMF,16,,0,29.0,1997-05-07,0,,8,198,0,0.4,0,0.07,22.73,32.0,United States,['United States'],,178,68,False,5.45,7.27,50.0,5.0,18.18,0.0,0.0,0.0,1.82,1.25,3.18,1,0.45,0,0.0,2.27,0.0,0,0.0,0.18,0,0.0,3,1.3599999999999999,33.33,0.0,0.0,3.18,28.57,1.82,50.0,1.3599999999999999,0.0,0.0,2.27,40.0,5.45,25.0,3.64,2.27,0.91,15.0,2.27,0.45,18.64,53.66,5.91,38.46,3.18,85.71,14.09,58.06,1.3599999999999999,66.67,16.95,16.79,0.03,0.91,0.0,0.0,0.45,0.0,0.45,1.82,50.0,4.55,50.0,0.45,0.0,1.3599999999999999,0.91,3.18,85.71,57.14,6.36,0,,0,,0,0.0,0.0,0.0,,,0.0,,5.0,0.0,0.0,0.0,0.0,0,0
M. Hofstetter,Michael Hofstetter,-372794,,Rhode Island Rhody,,,"LAMF, RAMF, LW",LAMF,30,RAMF,22,LW,18,21.0,2004-07-19,0,,4,193,0,0.13,0,0.19,24.25,38.46,United States,['United States'],,170,69,False,5.13,8.39,44.44,1.4,0.0,0.0,0.0,0.47000000000000003,1.4,1.55,2.33,1,0.47000000000000003,0,0.0,5.13,0.0,0,0.0,0.06,0,0.0,2,0.93,50.0,0.0,0.0,5.6,25.0,2.33,20.0,3.26,28.57,1.4,6.53,50.0,12.59,44.44,2.33,2.33,1.4,21.92,4.2,0.47000000000000003,29.84,64.06,10.73,60.87,6.99,86.67,21.92,74.47,2.8,66.67,27.83,35.3,0.09,1.4,0.0,0.0,0.0,0.0,0.47000000000000003,4.2,66.67,5.13,27.27,0.47000000000000003,0.0,0.47000000000000003,0.93,6.06,61.54,47.06,7.93,0,,0,,0,0.0,0.0,0.0,,,0.0,,1.4,1.4,0.47000000000000003,0.0,3.26,0,0
A. Hood,Alex Hood,489719,,Saint Joseph's Hawks,,,CF,CF,97,,0,,0,26.0,1999-12-06,0,,7,193,1,0.99,0,0.19,19.59,19.05,United States,['United States'],,180,78,False,2.8,3.26,28.57,4.2,11.11,0.0,0.0,0.0,1.87,1.58,2.33,0,0.0,0,0.0,4.2,0.47000000000000003,1,0.47000000000000003,0.46,0,0.0,6,2.8,66.67,16.667,0.0,3.26,57.14,0.93,100.0,2.33,40.0,0.47000000000000003,1.87,25.0,8.39,16.67,4.2,2.33,1.87,14.92,2.33,0.0,24.25,73.08,4.66,70.0,6.99,86.67,20.05,79.07,0.93,0.0,15.9,11.57,0.09,0.93,0.0,0.0,0.0,0.0,0.47000000000000003,3.26,71.43,2.8,66.67,0.0,0.0,0.0,1.87,2.8,83.33,61.54,6.06,0,,0,,0,0.0,0.0,0.0,,,0.0,,4.2,0.47000000000000003,0.47000000000000003,0.0,1.87,0,0
G. Rodio,Giammarco Rodio,-359850,,La Salle Explorers,,,CF,CF,92,,0,,0,,,0,,3,189,0,0.33,0,0.02,23.81,34.0,Italy,['Italy'],unknown,188,85,False,0.9500000000000001,2.38,40.0,2.86,33.33,0.0,0.0,0.0,0.0,0.0,1.9,0,0.0,0,0.0,4.76,0.0,0,0.0,0.16,0,0.0,6,2.86,16.67,0.0,0.0,2.38,20.0,1.9,0.0,0.48,100.0,0.9500000000000001,3.81,62.5,16.19,32.35,5.71,1.43,0.0,20.0,1.9,0.9500000000000001,29.05,63.93,9.52,60.0,5.24,81.82,26.19,69.09,0.48,0.0,14.67,9.54,0.01,0.48,0.0,0.0,2.38,60.0,0.48,3.81,62.5,6.19,46.15,1.9,50.0,2.38,0.48,2.86,83.33,56.25,7.62,0,,0,,0,0.0,0.0,0.0,,,0.0,,2.86,0.0,0.0,0.0,0.0,0,0
C. Stephens,Conor Stephens,-218864,,George Washington Colonials,,,"LW, LAMF, CF",LW,62,LAMF,17,CF,10,25.0,2000-07-23,0,,6,180,0,0.35000000000000003,0,0.46,23.0,43.48,United States,['United States'],,186,70,False,3.5,3.5,57.14,6.5,69.23,0.0,0.0,0.5,1.5,1.5,0.5,0,0.0,0,0.0,4.5,0.0,0,0.0,0.17,0,0.0,5,2.5,80.0,0.0,0.0,7.5,13.33,7.5,13.33,0.0,0.0,0.5,2.5,60.0,10.5,28.57,3.0,3.0,0.5,11.0,1.0,1.0,19.5,43.59,5.0,50.0,2.0,100.0,9.5,68.42,4.0,25.0,24.82,42.25,0.23,1.0,0.0,0.0,0.0,0.0,0.5,2.5,40.0,6.0,25.0,0.0,0.0,1.0,1.0,3.5,57.14,35.0,10.0,0,,0,,0,0.0,0.0,0.0,,,0.0,,6.5,0.5,0.0,0.0,1.0,0,0
A. O’Malley,Aaron O’Malley,-327689,UMass Minutemen,UMass Minutemen,https://cdn5.wyscout.com/photos/team/public/g-6748_120x120.png,NCAA D1 Summit League,"LCMF, DMF, RCMF3",LCMF,33,DMF,27,RCMF3,19,22.0,2004-01-08,0,,6,174,0,0.46,0,0.0,21.21,41.46,United States,['United States'],unknown,0,0,False,6.72,5.69,63.64,8.79,41.18,0.52,0.34,0.0,2.59,1.72,0.52,0,0.0,0,0.0,0.52,0.0,0,0.0,0.24,0,0.0,2,1.03,50.0,0.0,0.0,0.0,0.0,0.0,0.0,0.0,0.0,0.0,1.03,0.0,3.62,14.29,1.03,0.0,0.0,7.76,0.52,0.52,15.52,56.67,8.79,47.06,2.07,75.0,12.41,62.5,3.1,33.33,14.5,15.59,0.0,0.0,0.0,0.0,0.0,0.0,0.0,3.1,33.33,0.52,0.0,0.52,0.0,0.0,0.0,3.1,50.0,62.5,4.14,0,,0,,0,0.0,0.0,0.0,,,0.0,,8.79,0.0,0.0,0.0,0.52,0,0
M. Hopfer,Maxi Hopfer,405664,,Duquesne Duke,,,"CF, AMF, DMF",CF,60,AMF,17,DMF,10,26.0,1999-10-31,0,,5,170,0,0.27,0,0.26,25.41,50.0,Austria,['Austria'],,177,79,False,4.76,5.29,40.0,4.76,55.56,0.53,0.43,0.0,2.12,1.71,1.06,0,0.0,0,0.0,6.88,0.0,0,0.0,0.14,0,0.0,5,2.65,20.0,0.0,0.0,5.82,27.27,1.06,0.0,4.76,33.33,1.06,6.88,69.23,14.82,50.0,3.71,2.65,1.5899999999999999,13.24,2.65,1.5899999999999999,19.06,50.0,3.18,66.67,2.65,40.0,11.65,63.64,1.5899999999999999,33.33,20.96,23.05,0.14,0.53,0.0,0.0,0.53,0.0,0.0,4.24,37.5,3.18,50.0,0.53,0.0,0.0,1.5899999999999999,3.18,66.67,50.0,9.53,0,,0,,0,0.0,0.0,0.0,,,0.0,,4.76,0.0,0.0,0.0,0.0,0,0
R. Goodhew,Ryan Goodhew,-186356,,Duquesne Duke,,,"RCMF, LCMF, DMF",RCMF,34,LCMF,31,DMF,25,25.0,2001-03-25,0,,7,169,0,0.04,0,0.0,21.3,52.5,Australia,['Australia'],,177,77,False,12.25,9.59,44.44,4.79,55.56,1.07,0.87,0.53,6.92,5.65,2.66,1,0.53,0,0.0,1.6,0.0,0,0.0,0.02,0,0.0,1,0.53,0.0,0.0,0.0,1.07,50.0,0.53,100.0,0.53,0.0,0.0,0.53,100.0,3.73,57.14,0.0,0.0,0.0,31.95,0.0,2.13,51.12,81.25,18.64,65.71,7.46,92.86,38.88,89.04,11.72,54.55,26.01,36.09,0.0,0.0,0.0,0.0,0.53,100.0,0.0,7.46,57.14,2.66,40.0,1.07,100.0,0.0,0.53,10.65,70.0,94.44,19.17,0,,0,,0,0.0,0.0,0.0,,,1.6,,4.79,1.6,0.0,0.0,0.53,0,0
H. Tveit-Reffsgaard,Herman Tveit-Reffsgaard,-463843,Saint Joseph's Hawks,Saint Joseph's Hawks,https://cdn5.wyscout.com/photos/team/public/g-2988_120x120.png,NCAA D1 Atlantic 10,"LAMF, LCMF3, DMF",LAMF,43,LCMF3,27,DMF,18,,,0,,7,165,0,0.0,0,0.0,23.45,53.49,Norway,['Norway'],unknown,185,71,False,10.91,9.27,64.71,3.8200000000000003,28.57,0.55,0.5,1.09,4.36,4.0,3.27,2,1.09,0,0.0,0.0,0.0,0,0.0,0.0,0,0.0,0,0.0,0.0,0.0,0.0,0.0,0.0,0.0,0.0,0.0,0.0,0.0,0.0,0.0,6.0,63.64,0.0,0.0,0.0,14.18,0.0,3.8200000000000003,28.36,63.46,12.55,56.52,3.27,33.33,22.36,73.17,6.0,27.27,18.34,20.56,0.0,0.0,0.0,0.0,0.0,0.0,0.0,6.55,66.67,1.6400000000000001,33.33,1.6400000000000001,33.33,1.09,0.0,8.73,50.0,68.75,8.73,0,,0,,0,0.0,0.0,0.0,,,0.55,,3.8200000000000003,0.0,0.0,0.0,0.0,0,0
A. Schweinert,Andrew Schweinert,-232694,,Loyola Chicago Ramblers,,,"RCMF, LDMF, CF",RCMF,24,LDMF,19,CF,15,,,0,,5,156,0,0.33,0,0.0,19.62,50.0,United States,['United States'],,185,0,False,9.81,5.19,77.78,7.5,61.54,0.0,0.0,0.0,5.77,4.84,0.58,0,0.0,0,0.0,1.73,0.0,0,0.0,0.19,0,0.0,1,0.58,0.0,0.0,0.0,1.73,33.33,0.58,0.0,1.15,50.0,0.0,1.73,66.67,4.04,28.57,2.31,1.15,0.58,22.5,0.58,1.15,38.65,80.6,11.54,70.0,4.04,100.0,32.88,85.96,4.04,57.14,15.62,16.22,0.0,0.0,0.0,0.0,0.0,0.0,0.0,5.19,88.89,2.31,50.0,0.0,0.0,1.15,0.58,5.77,60.0,81.25,18.46,0,,0,,0,0.0,0.0,0.0,,,0.0,,7.5,0.0,0.0,0.0,0.0,0,0
M. Calkap,Murat Calkap,-241645,,Fordham Rams,,,"RCMF3, RWF, RCMF",RCMF3,28,RWF,28,RCMF,16,,,0,,5,153,0,0.39,0,0.24,31.18,39.62,United States,['United States'],,180,70,False,8.82,8.82,53.33,1.76,33.33,0.59,0.53,0.0,3.5300000000000002,3.16,3.5300000000000002,1,0.59,0,0.0,4.71,0.0,0,0.0,0.23,0,0.0,6,3.5300000000000002,33.33,0.0,0.0,1.18,100.0,0.0,0.0,1.18,100.0,0.0,7.65,30.77,18.24,38.71,1.18,1.18,0.0,28.24,1.76,1.18,47.06,81.25,14.12,79.17,8.24,92.86,42.94,82.19,2.94,60.0,15.5,18.77,0.14,1.18,0.0,0.0,1.18,0.0,0.59,5.88,60.0,1.18,50.0,1.18,0.0,0.59,1.18,7.65,92.31,81.48,15.88,0,,0,,0,0.0,0.0,0.0,,,0.0,,1.76,0.0,0.0,0.0,1.18,0,0
J. Ybarra,Jason Ybarra,-232716,,Loyola Chicago Ramblers,,,"RW, LW, RAMF",RW,47,LW,20,RAMF,19,,,0,,4,152,0,0.31,0,0.0,13.03,45.45,United States,['United States'],,180,0,False,5.92,5.92,70.0,1.78,33.33,0.0,0.0,0.0,1.78,1.32,0.59,0,0.0,0,0.0,1.78,0.0,0,0.0,0.18,0,0.0,4,2.37,25.0,0.0,0.0,2.96,40.0,1.18,50.0,1.78,33.33,0.0,0.0,0.0,3.55,16.67,2.37,0.0,0.0,19.54,1.78,0.59,27.83,82.98,5.33,88.89,5.92,100.0,23.68,90.0,1.18,50.0,15.79,9.22,0.0,0.0,0.0,0.0,0.0,0.0,0.0,2.37,100.0,2.96,60.0,0.0,0.0,1.18,1.18,6.51,63.64,80.0,8.88,0,,0,,0,0.0,0.0,0.0,,,0.0,,1.78,0.0,0.0,0.0,1.18,0,0
Z. Mowka,Zach Mowka,-211906,,Duquesne Duke,,,"RCB3, LB5, RAMF",RCB3,34,LB5,23,RAMF,10,24.0,2001-07-22,0,,6,152,0,0.0,0,0.0,9.47,68.75,United States,['United States'],unknown,177,70,False,9.47,5.33,77.78,2.96,60.0,0.0,0.0,0.59,5.33,6.92,0.59,0,0.0,0,0.0,0.0,0.0,0,0.0,0.0,0,0.0,0,0.0,0.0,0.0,0.0,0.0,0.0,0.0,0.0,0.0,0.0,0.0,0.0,0.0,0.59,100.0,1.18,0.59,0.0,14.21,1.18,0.0,23.68,60.0,12.43,38.1,6.51,81.82,20.13,61.76,3.55,50.0,20.09,25.7,0.0,0.0,0.0,0.0,0.59,0.0,0.0,4.74,37.5,0.59,0.0,0.59,0.0,0.0,0.0,6.51,45.45,100.0,4.14,0,,0,,0,0.0,0.0,0.0,,,1.18,,2.96,0.0,0.0,0.0,0.0,0,0
E. Young,Ethan Young,-407681,UMASS Lowell River Hawks,Loyola Chicago Ramblers,https://cdn5.wyscout.com/photos/team/public/g-3023_120x120.png,NCAA D1 America East,"RW, LAMF",RW,68,LAMF,18,,0,,,0,,4,150,0,0.44,0,0.0,27.6,32.61,England,['England'],unknown,0,0,False,8.4,6.6,63.64,3.0,20.0,0.6000000000000001,0.47000000000000003,1.2,3.6,2.81,0.0,0,0.0,0,0.0,3.0,0.0,0,0.0,0.26,0,0.0,4,2.4,25.0,0.0,0.0,2.4,25.0,0.6000000000000001,0.0,1.8,33.33,1.2,7.8,23.08,12.6,28.57,4.8,2.4,2.4,8.4,0.6000000000000001,1.2,18.0,53.33,4.8,62.5,4.2,71.43,15.0,60.0,0.6000000000000001,0.0,13.77,9.57,0.0,0.0,0.0,0.0,0.0,0.0,0.0,1.8,100.0,1.8,33.33,0.0,0.0,0.0,0.6000000000000001,4.2,42.86,50.0,4.8,0,,0,,0,0.0,0.0,0.0,,,0.0,,3.0,0.0,0.0,0.0,0.0,0,0
G. Sanna-Lenzi,Giovanni Sanna-Lenzi,-456602,,George Mason Patriots,,,"LW, LAMF, AMF",LW,53,LAMF,20,AMF,11,22.0,2003-07-31,0,,5,145,0,0.1,0,0.0,23.59,47.37,United States,['United States'],unknown,0,0,False,11.79,8.69,71.43,1.8599999999999999,0.0,1.24,1.22,0.0,4.34,4.29,1.24,1,0.62,0,0.0,3.1,0.0,0,0.0,0.06,0,0.0,2,1.24,50.0,0.0,0.0,3.1,20.0,1.8599999999999999,33.33,0.62,0.0,0.62,3.1,60.0,9.93,37.5,1.24,1.8599999999999999,1.24,22.97,2.48,1.8599999999999999,32.28,76.92,6.83,72.73,8.69,92.86,26.69,83.72,3.7199999999999998,66.67,23.4,44.68,0.0,0.0,0.0,0.0,0.62,0.0,0.0,3.1,60.0,1.8599999999999999,0.0,1.24,50.0,0.0,0.0,3.1,80.0,66.67,9.31,0,,0,,0,0.0,0.0,0.0,,,0.62,,1.8599999999999999,0.0,0.0,0.0,0.0,0,0
A. Catanzaro,Anthony Catanzaro,-476317,CCSU Blue Devils,UMass Minutemen,https://cdn5.wyscout.com/photos/team/public/g-2968_120x120.png,NCAA D1 Northeast,"RW, RAMF, LW",RW,53,RAMF,25,LW,17,,,0,,6,144,0,0.4,0,0.13,23.12,45.95,United States,['United States'],unknown,173,68,False,6.88,6.25,50.0,6.25,60.0,0.63,0.67,0.0,3.13,3.33,0.63,0,0.0,0,0.0,1.88,0.0,0,0.0,0.25,0,0.0,4,2.5,0.0,0.0,0.0,2.5,0.0,1.25,0.0,1.25,0.0,0.0,5.0,37.5,8.13,30.77,2.5,1.25,0.0,12.5,0.63,0.63,17.5,46.43,10.63,47.06,1.88,100.0,10.0,62.5,5.0,37.5,14.37,18.55,0.08,0.63,0.0,0.0,0.0,0.0,0.0,6.25,60.0,3.75,16.67,1.25,50.0,0.63,0.0,3.75,66.67,33.33,3.75,0,,0,,0,0.0,0.0,0.0,,,0.0,,6.25,1.88,0.0,0.0,0.63,0,0
A. Molina,Alberto Molina,-211340,Hudson Valley Hammers,Rhode Island Rhody,https://cdn5.wyscout.com/photos/team/public/g-16081_120x120.png,,LCB,LCB,94,,0,,0,23.0,2002-10-31,0,,4,142,0,0.22,0,0.0,13.94,40.91,United States,['United States'],unknown,188,82,False,6.97,3.17,60.0,6.34,30.0,0.0,0.0,0.63,5.07,5.33,1.9,1,0.63,0,0.0,0.63,0.0,0,0.0,0.14,0,0.0,2,1.27,50.0,0.0,0.0,0.0,0.0,0.0,0.0,0.0,0.0,0.0,0.0,0.0,1.27,100.0,0.63,0.0,0.0,5.07,0.0,1.27,10.77,70.59,5.07,50.0,2.54,100.0,7.61,83.33,3.17,40.0,17.11,26.15,0.0,0.0,0.0,0.0,0.0,0.0,0.0,0.63,0.0,0.63,0.0,0.63,0.0,0.0,0.0,2.54,50.0,75.0,2.54,0,,0,,0,0.0,0.0,0.0,,,1.9,,6.34,0.0,0.0,0.0,0.0,0,0
L. Matuszewski,Lucas Matuszewski,-196566,,George Washington Colonials,,,"RCB, LCB, CB",RCB,66,LCB,23,CB,10,,,0,,3,142,0,0.0,0,0.0,15.85,56.0,United States,['United States'],,196,84,False,10.77,6.34,50.0,6.34,60.0,0.0,0.0,1.27,7.61,10.59,2.54,1,0.63,0,0.0,0.0,0.0,0,0.0,0.0,0,0.0,0,0.0,0.0,0.0,0.0,0.0,0.0,0.0,0.0,0.0,0.0,0.0,0.0,0.0,0.0,0.0,0.0,0.0,0.0,8.87,0.0,0.63,25.99,46.34,14.58,39.13,0.63,100.0,16.48,50.0,9.51,40.0,29.97,42.53,0.0,0.0,0.0,0.0,0.0,0.0,0.0,2.54,0.0,0.0,0.0,0.0,0.0,0.0,0.0,8.87,35.71,50.0,10.14,0,,0,,0,0.0,0.0,0.0,,,0.63,,6.34,0.0,0.0,0.0,0.0,0,0
P. Vani,Patrick Vani,-491045,Saint Joseph's Hawks,Saint Joseph's Hawks,https://cdn5.wyscout.com/photos/team/public/g-2988_120x120.png,NCAA D1 Atlantic 10,"AMF, CF, RCMF3",AMF,40,CF,35,RCMF3,13,,,0,,6,142,0,0.0,0,0.0,22.18,45.71,Canada,['Canada'],,182,71,False,5.07,5.07,62.5,4.44,57.14,0.0,0.0,0.0,1.9,1.48,0.63,0,0.0,0,0.0,1.27,0.0,0,0.0,0.0,0,0.0,0,0.0,0.0,0.0,0.0,1.27,0.0,0.0,0.0,1.27,0.0,0.0,1.27,100.0,7.61,50.0,0.63,1.9,0.0,12.68,1.9,1.9,22.18,68.57,8.24,53.85,3.17,100.0,19.65,74.19,1.27,50.0,18.23,11.34,0.0,0.0,0.0,0.0,0.0,0.0,0.0,3.8,66.67,0.63,0.0,0.63,0.0,0.0,0.0,2.54,50.0,66.67,5.7,0,,0,,0,0.0,0.0,0.0,,,0.0,,4.44,0.0,0.0,0.0,0.63,0,0
B. Bischof,Ben Bischof,-94900,Loyola Chicago Ramblers,Loyola Chicago Ramblers,https://cdn5.wyscout.com/photos/team/public/g-2885_120x120.png,NCAA D1 Atlantic 10,"CF, LDMF, AMF",CF,74,LDMF,15,AMF,10,23.0,2002-09-20,0,,4,142,0,0.02,1,0.24,25.99,46.34,Germany,['Germany'],right,180,0,False,8.24,8.24,61.54,5.7,33.33,0.0,0.0,0.63,3.17,3.26,1.9,2,1.27,0,0.0,2.54,0.0,0,0.0,0.01,0,0.0,2,1.27,0.0,0.0,0.63,0.0,0.0,0.0,0.0,0.0,0.0,0.0,4.44,57.14,8.24,53.85,2.54,0.63,1.27,19.01,0.63,1.9,27.25,69.77,9.51,60.0,2.54,100.0,23.45,72.97,3.8,50.0,19.35,27.04,0.15,2.54,0.63,0.0,0.63,0.0,0.63,4.44,71.43,1.27,50.0,0.63,0.0,1.27,0.0,5.07,62.5,75.0,10.14,0,,0,,0,0.0,0.0,0.0,,,0.0,,5.7,0.0,0.0,0.0,0.0,0,0
D. Dobrin,Dan Dobrin,-488090,George Washington Colonials,George Washington Colonials,https://cdn5.wyscout.com/photos/team/public/g-3011_120x120.png,NCAA D1 Atlantic 10,RW,RW,96,,0,,0,,,0,,4,138,0,0.07,0,0.0,20.22,54.84,United States,['United States'],unknown,170,73,False,9.13,7.83,75.0,2.61,0.0,0.0,0.0,0.0,3.26,2.7800000000000002,0.65,0,0.0,0,0.0,3.26,0.0,0,0.0,0.05,0,0.0,2,1.3,0.0,0.0,0.0,1.3,0.0,0.0,0.0,1.3,0.0,0.65,3.26,100.0,8.48,53.85,1.3,0.65,0.0,5.87,2.61,1.96,13.7,42.86,5.22,12.5,1.3,100.0,11.09,52.94,1.3,0.0,20.0,4.86,0.0,0.0,0.0,0.0,0.0,0.0,0.0,1.3,0.0,1.96,0.0,0.0,0.0,0.0,0.0,2.61,25.0,25.0,2.61,0,,0,,0,0.0,0.0,0.0,,,0.65,,2.61,0.0,0.0,0.0,0.0,0,0
J. Mika,Jack Mika,-211387,,Saint Louis Billikens,,,"AMF, LW, RW",AMF,42,LW,17,RW,15,,,0,,8,138,0,0.30000000000000004,0,0.0,18.91,37.93,United States,['United States'],,179,69,False,7.83,9.78,46.67,3.91,16.67,0.0,0.0,0.0,3.26,2.83,0.65,0,0.0,0,0.0,1.3,0.0,0,0.0,0.2,0,0.0,1,0.65,0.0,0.0,0.0,1.3,50.0,1.3,50.0,0.0,0.0,0.0,1.3,50.0,2.61,25.0,1.96,0.0,0.0,10.43,0.65,0.65,21.52,57.58,11.09,41.18,4.57,100.0,17.61,66.67,2.61,0.0,18.67,15.05,0.0,0.0,0.0,0.0,0.65,0.0,0.0,3.26,20.0,2.61,25.0,0.65,0.0,0.0,0.65,4.57,42.86,66.67,1.96,0,,0,,0,0.0,0.0,0.0,,,0.0,,3.91,0.0,0.0,0.0,0.0,0,0
E. Anderson,Evan Anderson,-358097,,Duquesne Duke,,,CF,CF,100,,0,,0,,,0,,6,132,0,0.65,0,0.01,21.14,19.35,United States,['United States'],unknown,177,79,False,2.73,4.09,50.0,7.5,9.09,0.0,0.0,0.0,0.68,0.68,2.05,1,0.68,0,0.0,2.05,0.0,0,0.0,0.44,0,0.0,5,3.41,60.0,0.0,0.0,0.0,0.0,0.0,0.0,0.0,0.0,0.0,0.68,0.0,5.45,0.0,2.05,0.68,0.68,11.59,3.41,0.0,12.95,68.42,1.3599999999999999,50.0,2.05,100.0,12.27,66.67,0.68,100.0,13.24,7.6,0.01,0.68,0.0,0.0,0.0,0.0,0.0,0.68,100.0,0.0,0.0,0.0,0.0,0.0,0.0,0.0,0.0,62.5,5.45,0,,0,,0,0.0,0.0,0.0,,,0.0,,7.5,0.0,0.0,0.0,0.0,0,0
L. Finelli,Luc Finelli,-464338,St. Bonaventure Bonnies,St. Bonaventure Bonnies,https://cdn5.wyscout.com/photos/team/public/g-2992_120x120.png,NCAA D1 Atlantic 10,"LB, RB",LB,78,RB,14,,0,,,0,,5,126,1,0.36,0,0.0,12.86,22.22,Canada,['Canada'],unknown,177,74,False,5.0,5.71,37.5,0.71,0.0,1.43,1.88,0.0,1.43,1.88,2.14,0,0.0,0,0.0,2.14,0.71,1,0.71,0.25,0,0.0,1,0.71,100.0,100.0,0.0,4.29,16.67,2.86,0.0,1.43,50.0,0.0,1.43,50.0,3.5700000000000003,20.0,1.43,2.14,0.0,28.57,1.43,0.0,37.86,75.47,18.57,80.77,4.29,100.0,28.57,87.5,5.0,57.14,19.27,27.39,0.0,0.71,0.0,0.0,0.71,0.0,0.0,6.43,77.78,4.29,33.33,2.86,25.0,0.71,0.71,5.71,100.0,66.67,6.43,0,,0,,0,0.0,0.0,0.0,,,0.71,,0.71,0.0,0.0,0.0,0.0,0,0
S. Taiwo,Sefunmi Taiwo,-359942,,UMass Minutemen,,,CF,CF,100,,0,,0,,,0,,8,126,0,0.12,0,0.01,33.57,40.43,United States,['United States'],unknown,0,0,False,7.14,10.0,57.14,12.86,27.78,0.0,0.0,0.0,1.43,0.78,4.29,2,1.43,0,0.0,1.43,0.0,0,0.0,0.09,0,0.0,1,0.71,0.0,0.0,0.0,2.14,33.33,0.71,0.0,1.43,50.0,0.71,0.71,100.0,6.43,33.33,2.14,0.71,0.0,12.14,3.5700000000000003,2.14,17.86,72.0,6.43,55.56,4.29,100.0,15.0,80.95,0.71,0.0,13.86,1.29,0.0,0.71,0.0,0.0,0.0,0.0,0.0,0.71,100.0,2.14,0.0,0.0,0.0,0.71,0.0,0.71,100.0,60.0,3.5700000000000003,0,,0,,0,0.0,0.0,0.0,,,0.0,,12.86,0.0,0.0,0.0,0.0,0,0
M. Cence,Matt Cence,-359930,Sarasota Paradise,UMass Minutemen,https://cdn5.wyscout.com/photos/team/public/g-23467_120x120.png,USL League 1,RW,RW,100,,0,,0,,,0,,2,124,0,0.09,0,0.2,23.23,68.75,United States,['United States'],unknown,0,0,False,6.53,5.08,85.71,0.73,100.0,0.0,0.0,0.0,2.18,2.81,0.0,0,0.0,0,0.0,8.71,0.0,0,0.0,0.06,0,0.0,5,3.63,0.0,0.0,0.0,3.63,40.0,0.0,0.0,3.63,40.0,1.45,8.71,75.0,14.52,60.0,0.73,2.9,0.0,14.52,0.0,1.45,22.5,58.06,9.44,69.23,1.45,100.0,13.06,66.67,7.26,50.0,25.7,40.37,0.14,1.45,0.0,0.0,0.73,100.0,0.0,4.35,33.33,3.63,40.0,0.73,100.0,0.73,0.73,5.8100000000000005,87.5,41.67,8.71,0,,0,,0,0.0,0.0,0.0,,,0.0,,0.73,1.45,0.73,0.0,1.45,0,0
C. Iverson,Caleb Iverson,-211356,,Saint Louis Billikens,,,"LCMF3, LCMF, RCMF3",LCMF3,27,LCMF,22,RCMF3,19,,,0,,5,120,0,0.06,0,0.0,27.75,56.76,United States,['United States'],,182,74,False,12.0,10.5,71.43,3.75,60.0,0.0,0.0,0.0,4.5,3.6,2.25,1,0.75,0,0.0,0.75,0.0,0,0.0,0.05,0,0.0,1,0.75,0.0,0.0,0.0,0.0,0.0,0.0,0.0,0.0,0.0,0.0,1.5,50.0,6.0,50.0,0.75,0.0,0.0,15.75,1.5,0.75,27.75,67.57,8.25,36.36,6.0,100.0,25.5,67.65,2.25,66.67,19.66,19.71,0.0,0.0,0.0,0.0,0.0,0.0,0.0,3.0,0.0,0.75,100.0,0.0,0.0,0.0,0.0,2.25,33.33,66.67,9.0,0,,0,,0,0.0,0.0,0.0,,,0.0,,3.75,0.0,0.0,0.0,0.0,0,0
S. Vikse,Stian Vikse,-359841,La Salle Explorers,La Salle Explorers,https://cdn5.wyscout.com/photos/team/public/g-2976_120x120.png,NCAA D1 Atlantic 10,"CF, RAMF",CF,84,RAMF,10,,0,,,0,,5,120,0,0.09,0,0.21,16.5,31.82,Norway,['Norway'],unknown,185,79,False,3.0,3.0,50.0,8.25,36.36,0.0,0.0,0.0,1.5,1.94,0.75,0,0.0,0,0.0,0.0,0.0,0,0.0,0.07,0,0.0,1,0.75,0.0,0.0,0.0,0.0,0.0,0.0,0.0,0.0,0.0,0.0,0.75,0.0,4.5,16.67,2.25,0.0,0.0,9.75,1.5,0.75,11.25,60.0,3.75,40.0,2.25,66.67,10.5,64.29,0.75,0.0,14.53,6.11,0.16,0.75,0.0,0.0,0.0,0.0,0.0,0.0,0.0,0.0,0.0,0.0,0.0,0.0,0.0,0.0,0.0,50.0,3.0,0,,0,,0,0.0,0.0,0.0,,,0.0,,8.25,0.0,0.0,0.0,0.75,0,0
D. Crittenden,Davis  Crittenden,-463862,,George Mason Patriots,,,CF,CF,97,,0,,0,,,0,,5,113,0,0.0,0,0.11,28.67,33.33,United States,['United States'],unknown,180,81,False,7.96,7.17,44.44,5.58,28.57,2.39,2.73,0.0,2.39,2.73,3.19,1,0.8,1,0.8,0.0,0.0,0,0.0,0.0,0,0.0,0,0.0,0.0,0.0,0.0,0.8,0.0,0.8,0.0,0.0,0.0,0.0,0.0,0.0,6.37,25.0,1.5899999999999999,0.0,0.0,10.35,0.8,0.0,18.32,69.57,0.8,0.0,7.96,80.0,17.52,72.73,0.0,0.0,15.73,0.0,0.09,0.8,0.0,0.0,0.0,0.0,0.0,1.5899999999999999,100.0,0.8,0.0,0.0,0.0,0.8,0.0,0.8,100.0,66.67,4.78,0,,0,,0,0.0,0.0,0.0,,,0.0,,5.58,0.0,0.0,0.0,0.0,0,0
J. Jennings,Jack Jennings,-343218,,Duquesne Duke,,,"LWB, RB5, LB5",LWB,34,RB5,32,LB5,12,21.0,2005-01-17,0,,6,108,0,0.0,0,0.09,19.17,30.43,United States,['United States'],unknown,178,70,False,11.67,10.83,53.85,2.5,0.0,0.0,0.0,0.0,5.83,5.0,1.67,0,0.0,0,0.0,0.8300000000000001,0.0,0,0.0,0.0,0,0.0,0,0.0,0.0,0.0,0.0,0.8300000000000001,100.0,0.8300000000000001,100.0,0.0,0.0,0.0,0.8300000000000001,0.0,3.33,0.0,0.0,1.67,0.0,15.0,1.67,0.0,29.17,77.14,8.33,60.0,5.83,85.71,26.67,78.13,1.67,50.0,12.1,5.61,0.08,0.8300000000000001,0.0,0.0,0.0,0.0,0.0,1.67,50.0,0.8300000000000001,100.0,0.0,0.0,0.0,0.8300000000000001,5.83,71.43,81.82,9.17,0,,0,,0,0.0,0.0,0.0,,,0.0,,2.5,0.0,0.0,0.0,0.0,0,0
J. Seni,Joseph Seni,-271788,,VCU Rams,,,"RW, RAMF, LW",RW,40,RAMF,32,LW,14,23.0,2003-04-23,0,,6,104,0,0.09,0,0.38,27.69,40.63,United States,['United States'],unknown,183,76,False,4.33,6.06,57.14,10.38,16.67,0.0,0.0,0.0,0.87,0.63,1.73,0,0.0,0,0.0,4.33,0.0,0,0.0,0.08,0,0.0,1,0.87,0.0,0.0,0.0,4.33,20.0,0.0,0.0,4.33,20.0,0.87,5.19,66.67,7.79,66.67,4.33,0.87,0.87,15.58,4.33,2.6,25.1,68.97,6.92,62.5,4.33,100.0,19.9,82.61,0.87,0.0,18.43,4.76,0.33,2.6,0.0,0.0,0.0,0.0,0.87,0.0,0.0,1.73,100.0,0.0,0.0,1.73,0.87,4.33,40.0,57.14,6.06,0,,0,,0,0.0,0.0,0.0,,,0.0,,10.38,0.0,0.0,0.0,0.0,0,0
M. Kwitchoff,Max Kwitchoff,-278877,,Rhode Island Rhody,,,"RDMF, RCMF",RDMF,55,RCMF,38,,0,22.0,2003-10-11,0,,2,100,0,0.0,0,0.0,20.7,52.17,United States,['United States'],unknown,178,77,False,11.7,10.8,75.0,6.3,42.86,0.0,0.0,0.0,3.6,2.93,1.8,0,0.0,0,0.0,0.0,0.0,0,0.0,0.0,0,0.0,0,0.0,0.0,0.0,0.0,0.0,0.0,0.0,0.0,0.0,0.0,0.0,0.0,0.0,2.7,0.0,0.0,0.9,0.0,29.7,0.0,0.0,52.2,77.59,12.6,71.43,9.0,80.0,43.2,83.33,9.0,50.0,20.43,27.47,0.0,0.0,0.0,0.0,0.0,0.0,0.0,8.1,88.89,0.9,100.0,0.9,100.0,0.9,0.0,14.4,62.5,79.17,21.6,0,,0,,0,0.0,0.0,0.0,,,1.8,,6.3,0.0,0.0,0.0,0.0,0,0
J. Nabors,Jackson Nabors,-352166,Davidson Wildcats,Davidson Wildcats,https://cdn5.wyscout.com/photos/team/public/g-2978_120x120.png,NCAA D1 Atlantic 10,CF,CF,94,,0,,0,22.0,2003-09-18,0,,4,100,0,0.42,0,0.0,25.2,35.71,United States,['United States'],unknown,203,81,False,5.4,4.5,60.0,10.8,41.67,0.9,1.07,0.0,1.8,2.14,0.9,0,0.0,0,0.0,0.9,0.0,0,0.0,0.38,0,0.0,3,2.7,33.33,0.0,0.0,0.0,0.0,0.0,0.0,0.0,0.0,0.0,0.9,0.0,5.4,16.67,8.1,0.0,0.0,13.5,2.7,0.0,21.6,62.5,7.2,62.5,4.5,100.0,18.9,66.67,2.7,33.33,22.15,29.82,0.0,0.0,0.0,0.0,0.0,0.0,0.0,0.9,0.0,2.7,66.67,0.0,0.0,0.9,0.0,2.7,100.0,42.86,6.3,0,,0,,0,0.0,0.0,0.0,,,0.0,,10.8,0.0,0.0,0.0,0.0,0,0
C. Dougherty,Cole Dougherty,-463821,Fairfield Stags,Saint Louis Billikens,https://cdn5.wyscout.com/photos/team/public/g-2996_120x120.png,NCAA D1 Metro Atlantic Athletic Conference,"LW, RAMF, CF",LW,26,RAMF,25,CF,10,,,0,,8,88,0,0.06,0,0.0,32.73,43.75,United States,['United States'],unknown,155,81,False,11.25,11.25,27.27,5.11,80.0,1.02,0.88,0.0,7.16,6.18,4.09,1,1.02,0,0.0,3.07,0.0,0,0.0,0.06,0,0.0,1,1.02,100.0,0.0,0.0,0.0,0.0,0.0,0.0,0.0,0.0,0.0,2.05,100.0,9.2,55.56,2.05,1.02,0.0,8.18,1.02,1.02,15.34,80.0,4.09,100.0,1.02,100.0,14.32,85.71,1.02,0.0,15.51,4.26,0.0,0.0,0.0,0.0,0.0,0.0,0.0,2.05,100.0,2.05,50.0,0.0,0.0,1.02,0.0,4.09,75.0,100.0,5.11,0,,0,,0,0.0,0.0,0.0,,,0.0,,5.11,0.0,0.0,0.0,0.0,0,0
J. Bile,Jean-Claude Bile,-357181,,VCU Rams,,,CF,CF,100,,0,,0,,,0,,6,88,0,0.13,0,0.0,35.8,37.14,United States,['United States'],unknown,181,0,False,7.16,8.18,50.0,8.18,62.5,1.02,0.91,2.05,2.05,1.82,3.07,0,0.0,0,0.0,3.07,0.0,0,0.0,0.13,0,0.0,3,3.07,0.0,0.0,0.0,1.02,0.0,1.02,0.0,0.0,0.0,0.0,7.16,42.86,13.3,23.08,2.05,2.05,1.02,10.23,2.05,1.02,17.39,82.35,2.05,100.0,5.11,100.0,15.34,86.67,1.02,100.0,18.48,6.95,0.0,0.0,0.0,0.0,0.0,0.0,0.0,0.0,0.0,0.0,0.0,0.0,0.0,0.0,0.0,1.02,0.0,66.67,3.07,0,,0,,0,0.0,0.0,0.0,,,0.0,,8.18,0.0,0.0,0.0,0.0,0,0
M. Khan,Michael Khan,-488066,,George Washington Colonials,,,"RAMF, CF, RW",RAMF,32,CF,30,RW,17,,,0,,4,86,0,0.15,0,0.0,28.26,33.33,United States,['United States'],unknown,180,75,False,9.42,9.42,55.56,9.42,22.22,2.09,1.15,0.0,2.09,1.15,3.14,0,0.0,1,1.05,4.19,0.0,0,0.0,0.16,0,0.0,2,2.09,50.0,0.0,0.0,3.14,100.0,2.09,100.0,1.05,100.0,1.05,0.0,0.0,7.33,14.29,4.19,0.0,0.0,8.37,3.14,1.05,23.02,77.27,6.28,66.67,5.23,100.0,17.79,76.47,2.09,50.0,16.32,21.42,0.0,0.0,0.0,0.0,0.0,0.0,0.0,3.14,66.67,3.14,66.67,0.0,0.0,0.0,2.09,6.28,83.33,100.0,5.23,0,,0,,0,0.0,0.0,0.0,,,0.0,,9.42,0.0,0.0,0.0,1.05,0,0
M. Tavares,Michael Tavares,-368105,,Rhode Island Rhody,,,"RW, LW, RAMF",RW,46,LW,17,RAMF,12,24.0,2001-12-08,0,,4,85,0,0.0,0,0.0,12.71,50.0,United States,['United States'],unknown,175,64,False,5.29,2.12,100.0,3.18,66.67,0.0,0.0,0.0,3.18,3.6,1.06,0,0.0,0,0.0,1.06,0.0,0,0.0,0.0,0,0.0,0,0.0,0.0,0.0,0.0,0.0,0.0,0.0,0.0,0.0,0.0,0.0,4.24,25.0,4.24,25.0,1.06,1.06,0.0,10.59,1.06,2.12,14.82,71.43,5.29,60.0,4.24,75.0,14.82,71.43,0.0,0.0,14.36,0.0,0.0,0.0,0.0,0.0,0.0,0.0,0.0,4.24,75.0,0.0,0.0,0.0,0.0,0.0,0.0,3.18,66.67,80.0,5.29,0,,0,,0,0.0,0.0,0.0,,,0.0,,3.18,0.0,0.0,0.0,1.06,0,0
L. Beltran,Lucas Beltran,-463845,Davidson Wildcats,Davidson Wildcats,https://cdn5.wyscout.com/photos/team/public/g-2978_120x120.png,NCAA D1 Atlantic 10,GK,GK,100,,0,,0,,,0,,1,83,0,0.0,0,0.0,1.08,100.0,United States,['United States'],unknown,187,77,False,0.0,0.0,0.0,0.0,0.0,0.0,0.0,0.0,0.0,0.0,0.0,0,0.0,0,0.0,0.0,0.0,0,0.0,0.0,0,0.0,0,0.0,0.0,0.0,0.0,0.0,0.0,0.0,0.0,0.0,0.0,0.0,0.0,0.0,0.0,0.0,0.0,0.0,0.0,4.34,0.0,0.0,10.84,100.0,6.51,100.0,0.0,0.0,6.51,100.0,4.34,100.0,30.82,50.47,0.0,0.0,0.0,0.0,0.0,0.0,0.0,1.08,100.0,0.0,0.0,1.08,100.0,0.0,0.0,3.25,100.0,100.0,4.34,1,1.08,5,5.42,0,80.0,0.99,1.07,-0.01,-0.011,0.0,2.17,0.0,,,,0.0,0,0
J. Sullivan,Jack Sullivan,-339858,Akron Zips,Saint Louis Billikens,https://cdn5.wyscout.com/photos/team/public/g-2377_120x120.png,NCAA D1 Big East,"AMF, RCMF, CF",AMF,45,RCMF,19,CF,14,21.0,2005-05-18,0,,7,80,0,0.07,0,0.0,30.38,33.33,United States,['United States'],,173,63,False,9.0,7.87,71.43,5.63,20.0,0.0,0.0,0.0,3.38,3.21,3.38,0,0.0,0,0.0,1.13,0.0,0,0.0,0.08,0,0.0,1,1.13,0.0,0.0,0.0,1.13,0.0,1.13,0.0,0.0,0.0,0.0,4.5,25.0,11.25,10.0,2.25,2.25,0.0,19.13,0.0,0.0,27.0,87.5,5.63,100.0,5.63,80.0,24.75,90.91,1.13,100.0,9.4,9.45,0.0,0.0,0.0,0.0,0.0,0.0,0.0,2.25,100.0,2.25,100.0,0.0,0.0,1.13,0.0,4.5,75.0,87.5,9.0,0,,0,,0,0.0,0.0,0.0,,,0.0,,5.63,0.0,0.0,0.0,0.0,0,0
K. Gibbs,Karson Gibbs,-331315,SIUE Cougars,Saint Louis Billikens,https://cdn5.wyscout.com/photos/team/public/g-2979_120x120.png,NCAA D1 Ohio Valley,"RW, RAMF, CF",RW,49,RAMF,24,CF,20,23.0,2003-05-12,0,,5,79,0,0.0,0,0.13,15.95,28.57,United States,['United States'],,180,72,False,5.7,4.5600000000000005,25.0,3.42,0.0,0.0,0.0,0.0,4.5600000000000005,5.71,0.0,0,0.0,0,0.0,2.2800000000000002,0.0,0,0.0,0.0,0,0.0,0,0.0,0.0,0.0,0.0,3.42,33.33,1.1400000000000001,0.0,2.2800000000000002,50.0,0.0,2.2800000000000002,50.0,7.97,42.86,2.2800000000000002,0.0,0.0,17.09,1.1400000000000001,1.1400000000000001,26.2,65.22,3.42,33.33,5.7,80.0,22.78,70.0,0.0,0.0,15.57,0.0,0.15,1.1400000000000001,0.0,0.0,0.0,0.0,0.0,2.2800000000000002,0.0,1.1400000000000001,100.0,0.0,0.0,0.0,1.1400000000000001,2.2800000000000002,50.0,100.0,9.11,0,,0,,0,0.0,0.0,0.0,,,0.0,,3.42,0.0,0.0,0.0,0.0,0,0
C. McGillen,Christian McGillen,-494408,Rowan Professorial Owls,La Salle Explorers,https://cdn5.wyscout.com/photos/team/public/g-22068_120x120.png,NCAA D3 Non-conference matches,"CF, LW, LAMF",CF,28,LW,25,LAMF,20,,,0,,4,78,0,0.72,0,0.0,40.38,34.29,United States,['United States'],unknown,178,64,False,6.92,8.08,71.43,4.62,25.0,0.0,0.0,0.0,1.15,1.25,1.15,0,0.0,0,0.0,2.31,0.0,0,0.0,0.8300000000000001,0,0.0,2,2.31,0.0,0.0,0.0,1.15,0.0,0.0,0.0,1.15,0.0,0.0,3.46,66.67,18.46,25.0,3.46,1.15,0.0,13.85,1.15,0.0,27.69,75.0,4.62,50.0,8.08,85.71,24.23,85.71,2.31,0.0,15.9,5.34,0.0,0.0,0.0,0.0,0.0,0.0,0.0,1.15,100.0,0.0,0.0,0.0,0.0,0.0,0.0,3.46,66.67,66.67,6.92,0,,0,,0,0.0,0.0,0.0,,,0.0,,4.62,0.0,0.0,0.0,0.0,0,0
J. McFeely,Jack  McFeely,-326384,Loyola Chicago Ramblers,Loyola Chicago Ramblers,https://cdn5.wyscout.com/photos/team/public/g-2885_120x120.png,NCAA D1 Atlantic 10,"RW, LAMF, LW",RW,43,LAMF,22,LW,18,21.0,2004-11-21,0,,4,69,1,0.13,0,0.0,20.87,50.0,Northern Ireland,['Northern Ireland'],,175,0,False,7.83,5.22,50.0,1.3,100.0,2.61,1.88,0.0,2.61,1.88,0.0,0,0.0,0,0.0,3.91,1.3,1,1.3,0.17,0,0.0,1,1.3,100.0,100.0,0.0,1.3,0.0,0.0,0.0,1.3,0.0,1.3,3.91,66.67,9.13,42.86,2.61,2.61,0.0,9.13,0.0,1.3,18.26,42.86,5.22,25.0,1.3,0.0,13.04,50.0,3.91,33.33,8.69,10.32,0.0,0.0,0.0,0.0,0.0,0.0,0.0,2.61,100.0,1.3,0.0,0.0,0.0,0.0,0.0,5.22,50.0,50.0,10.43,0,,0,,0,0.0,0.0,0.0,,,0.0,,1.3,0.0,0.0,0.0,1.3,0,0
B. Hofmann,Benni Hofmann,-272382,,Loyola Chicago Ramblers,,,LB,LB,93,,0,,0,,,0,,3,69,0,0.0,1,0.14,22.17,52.94,Germany,['Germany'],unknown,178,0,False,7.83,7.83,100.0,6.52,40.0,0.0,0.0,0.0,0.0,0.0,0.0,0,0.0,0,0.0,2.61,0.0,0,0.0,0.0,0,0.0,0,0.0,0.0,0.0,1.3,5.22,25.0,5.22,25.0,0.0,0.0,1.3,1.3,100.0,3.91,33.33,0.0,0.0,0.0,22.17,1.3,0.0,35.22,77.78,18.26,92.86,1.3,100.0,24.78,89.47,6.52,60.0,25.93,28.8,0.18,1.3,0.0,0.0,0.0,0.0,0.0,9.13,71.43,3.91,33.33,0.0,0.0,0.0,2.61,13.04,80.0,60.0,13.04,0,,0,,0,0.0,0.0,0.0,,,0.0,,6.52,0.0,0.0,0.0,1.3,0,0
J. Matlock,John Matlock,-488086,George Washington Colonials,George Washington Colonials,https://cdn5.wyscout.com/photos/team/public/g-3011_120x120.png,NCAA D1 Atlantic 10,"RB, RCMF",RB,71,RCMF,28,,0,,,0,,1,67,0,0.0,0,0.0,18.81,50.0,United States,['United States'],unknown,183,70,False,14.78,12.09,66.67,4.03,0.0,2.69,3.0,0.0,4.03,4.5,2.69,0,0.0,0,0.0,0.0,0.0,0,0.0,0.0,0,0.0,0,0.0,0.0,0.0,0.0,0.0,0.0,0.0,0.0,0.0,0.0,0.0,0.0,0.0,0.0,0.0,0.0,2.69,0.0,18.81,1.34,0.0,38.96,68.97,24.18,55.56,5.37,100.0,28.21,85.71,10.75,25.0,24.08,42.44,0.0,0.0,0.0,0.0,0.0,0.0,0.0,8.06,33.33,0.0,0.0,0.0,0.0,0.0,0.0,9.4,71.43,80.0,6.72,0,,0,,0,0.0,0.0,0.0,,,0.0,,4.03,0.0,0.0,0.0,0.0,0,0
A. Insalaco,Andre  Insalaco,-352253,Fordham Rams,Fordham Rams,https://cdn5.wyscout.com/photos/team/public/g-3008_120x120.png,NCAA D1 Atlantic 10,CF,CF,100,,0,,0,,,0,,4,60,0,0.0,0,0.0,33.0,22.73,United States,['United States'],unknown,185,84,False,6.0,4.5,0.0,10.5,28.57,1.5,2.14,0.0,4.5,6.43,1.5,0,0.0,0,0.0,0.0,0.0,0,0.0,0.0,0,0.0,0,0.0,0.0,0.0,0.0,1.5,0.0,0.0,0.0,1.5,0.0,0.0,6.0,0.0,9.0,16.67,7.5,0.0,0.0,19.5,1.5,0.0,16.5,45.45,6.0,50.0,3.0,50.0,15.0,50.0,0.0,0.0,16.65,0.0,0.0,0.0,0.0,0.0,0.0,0.0,0.0,0.0,0.0,1.5,0.0,0.0,0.0,0.0,0.0,0.0,0.0,0.0,1.5,0,,0,,0,0.0,0.0,0.0,,,0.0,,10.5,0.0,0.0,0.0,0.0,0,0
J. Mwamba,Joseph Mwamba,-92523,Central Arkansas Bears,Rhode Island Rhody,https://cdn5.wyscout.com/photos/team/public/g-2882_120x120.png,NCAA D1 ASUN,RB,RB,100,,0,,0,22.0,2003-10-06,0,,1,59,0,0.0,0,0.0,15.25,70.0,Denmark,"['Denmark', 'Congo']",,183,76,False,10.68,9.15,83.33,1.53,100.0,0.0,0.0,0.0,3.05,4.0,1.53,1,1.53,0,0.0,0.0,0.0,0,0.0,0.0,0,0.0,0,0.0,0.0,0.0,0.0,0.0,0.0,0.0,0.0,0.0,0.0,0.0,1.53,0.0,3.05,50.0,0.0,0.0,0.0,19.83,0.0,0.0,25.93,76.47,12.2,75.0,0.0,0.0,25.93,76.47,0.0,0.0,14.62,0.0,0.01,1.53,0.0,0.0,0.0,0.0,0.0,4.58,66.67,0.0,0.0,0.0,0.0,0.0,0.0,9.15,83.33,100.0,6.1,0,,0,,0,0.0,0.0,0.0,,,0.0,,1.53,0.0,0.0,0.0,0.0,0,0
L. Stephens,Levi Stephens,-357111,,George Mason Patriots,,,"RW, RAMF, RB",RW,46,RAMF,37,RB,16,,,0,,3,58,0,0.0,0,0.12,21.72,35.71,United States,['United States'],unknown,185,65,False,9.31,13.97,44.44,6.21,25.0,0.0,0.0,0.0,3.1,4.62,1.55,0,0.0,0,0.0,1.55,0.0,0,0.0,0.0,0,0.0,0,0.0,0.0,0.0,0.0,4.66,33.33,0.0,0.0,4.66,33.33,0.0,0.0,0.0,1.55,0.0,0.0,1.55,0.0,29.48,0.0,0.0,46.55,73.33,18.62,58.33,17.07,90.91,41.9,77.78,0.0,0.0,16.66,0.0,0.19,1.55,0.0,0.0,0.0,0.0,1.55,7.76,60.0,6.21,50.0,0.0,0.0,0.0,1.55,9.31,66.67,60.0,7.76,0,,0,,0,0.0,0.0,0.0,,,0.0,,6.21,0.0,0.0,0.0,0.0,0,0
N. Yurkovic,Nate Yurkovic,-463837,Rhode Island Rhody,Rhode Island Rhody,https://cdn5.wyscout.com/photos/team/public/g-3022_120x120.png,NCAA D1 Atlantic 10,"LB, LW, LAMF",LB,43,LW,37,LAMF,19,,,0,,3,56,0,0.0,0,0.1,24.11,33.33,United States,['United States'],unknown,175,68,False,4.82,4.82,33.33,3.21,0.0,0.0,0.0,0.0,3.21,3.33,0.0,0,0.0,0,0.0,1.6099999999999999,0.0,0,0.0,0.0,0,0.0,1,1.6099999999999999,0.0,0.0,0.0,0.0,0.0,0.0,0.0,0.0,0.0,0.0,4.82,33.33,14.46,33.33,0.0,0.0,0.0,14.46,0.0,1.6099999999999999,19.29,66.67,9.64,50.0,3.21,100.0,14.46,77.78,4.82,33.33,14.15,11.99,0.16,1.6099999999999999,0.0,0.0,0.0,0.0,0.0,3.21,0.0,0.0,0.0,0.0,0.0,0.0,0.0,0.0,0.0,66.67,4.82,0,,0,,0,0.0,0.0,0.0,,,0.0,,3.21,4.82,1.6099999999999999,0.0,1.6099999999999999,0,0
P. Bravo,Pepo  Bravo,-279132,Duquesne Duke,Duquesne Duke,https://cdn5.wyscout.com/photos/team/public/g-2966_120x120.png,NCAA D1 Atlantic 10,"AMF, RCMF3",AMF,74,RCMF3,25,,0,22.0,2003-10-28,0,,2,56,0,0.0,0,0.03,38.57,58.33,Spain,['Spain'],unknown,170,60,False,17.68,17.68,63.64,8.04,40.0,0.0,0.0,0.0,6.43,7.5,1.6099999999999999,0,0.0,0,0.0,0.0,0.0,0,0.0,0.0,0,0.0,0,0.0,0.0,0.0,0.0,0.0,0.0,0.0,0.0,0.0,0.0,0.0,0.0,0.0,9.64,83.33,0.0,4.82,0.0,9.64,0.0,6.43,40.18,64.0,17.68,36.36,6.43,75.0,35.36,68.18,4.82,33.33,18.98,22.39,0.05,1.6099999999999999,0.0,0.0,1.6099999999999999,0.0,0.0,8.04,40.0,3.21,0.0,1.6099999999999999,0.0,0.0,0.0,8.04,80.0,85.71,11.25,0,,0,,0,0.0,0.0,0.0,,,0.0,,8.04,0.0,0.0,0.0,0.0,0,0
J. Ervin,Jaxon Ervin,-358094,Steel City,Duquesne Duke,https://cdn5.wyscout.com/photos/team/public/g-21157_120x120.png,USL League 2,"AMF, RCMF, LWB",AMF,59,RCMF,16,LWB,15,22.0,2003-08-21,0,,4,56,0,0.02,0,0.0,24.11,40.0,United States,['United States'],unknown,177,72,False,19.29,6.43,75.0,6.43,25.0,6.43,3.64,0.0,8.04,4.55,3.21,1,1.6099999999999999,0,0.0,1.6099999999999999,0.0,0,0.0,0.03,0,0.0,1,1.6099999999999999,0.0,0.0,0.0,1.6099999999999999,100.0,0.0,0.0,1.6099999999999999,100.0,0.0,1.6099999999999999,0.0,4.82,33.33,0.0,0.0,0.0,28.93,0.0,0.0,45.0,85.71,9.64,50.0,12.86,87.5,40.18,88.0,3.21,50.0,13.06,7.07,0.0,0.0,0.0,0.0,0.0,0.0,0.0,6.43,100.0,1.6099999999999999,100.0,0.0,0.0,0.0,1.6099999999999999,8.04,100.0,100.0,19.29,0,,0,,0,0.0,0.0,0.0,,,1.6099999999999999,,6.43,0.0,0.0,0.0,0.0,0,0
B. Peterson,Blake Peterson,-276417,,Davidson Wildcats,,,"AMF, DMF, CF",AMF,50,DMF,29,CF,20,,,0,,3,55,0,0.09,0,0.0,45.82,32.14,United States,['United States'],unknown,187,77,False,13.09,13.09,62.5,13.09,12.5,0.0,0.0,0.0,4.91,4.09,3.27,0,0.0,0,0.0,0.0,0.0,0,0.0,0.14,0,0.0,2,3.27,0.0,0.0,0.0,0.0,0.0,0.0,0.0,0.0,0.0,0.0,1.6400000000000001,0.0,8.18,0.0,4.91,0.0,0.0,6.55,0.0,0.0,16.36,50.0,1.6400000000000001,100.0,9.82,33.33,16.36,50.0,0.0,0.0,9.19,0.0,0.0,0.0,0.0,0.0,0.0,0.0,0.0,1.6400000000000001,100.0,0.0,0.0,0.0,0.0,0.0,0.0,4.91,33.33,100.0,3.27,0,,0,,0,0.0,0.0,0.0,,,0.0,,13.09,0.0,0.0,0.0,0.0,0,0
D. Zivkovic,Daniel Zivkovic,-258818,,Saint Joseph's Hawks,,,"CF, AMF",CF,60,AMF,39,,0,,,0,,2,51,0,0.11,0,0.03,26.47,33.33,Australia,['Australia'],,172,76,False,8.82,10.59,50.0,3.5300000000000002,50.0,1.76,1.76,0.0,1.76,1.76,7.06,0,0.0,0,0.0,0.0,0.0,0,0.0,0.19,0,0.0,1,1.76,0.0,0.0,0.0,0.0,0.0,0.0,0.0,0.0,0.0,0.0,1.76,0.0,3.5300000000000002,0.0,3.5300000000000002,0.0,0.0,30.0,3.5300000000000002,0.0,33.53,84.21,7.06,75.0,10.59,100.0,31.76,83.33,1.76,100.0,15.13,31.71,0.05,1.76,0.0,0.0,1.76,0.0,0.0,3.5300000000000002,50.0,3.5300000000000002,50.0,1.76,0.0,0.0,0.0,3.5300000000000002,100.0,60.0,8.82,0,,0,,0,0.0,0.0,0.0,,,0.0,,3.5300000000000002,0.0,0.0,0.0,0.0,0,0
J. Axtman,John Axtman,-211830,,Saint Joseph's Hawks,,,LB,LB,100,,0,,0,,,0,,2,50,0,0.0,0,0.0,27.0,60.0,United States,['United States'],,186,82,False,23.4,14.4,87.5,5.4,33.33,0.0,0.0,0.0,10.8,22.5,0.0,0,0.0,0,0.0,0.0,0.0,0,0.0,0.0,0,0.0,0,0.0,0.0,0.0,0.0,0.0,0.0,0.0,0.0,0.0,0.0,0.0,0.0,0.0,5.4,33.33,0.0,0.0,0.0,27.0,1.8,1.8,43.2,66.67,21.6,58.33,7.2,100.0,36.0,75.0,7.2,25.0,21.64,41.31,0.0,0.0,0.0,0.0,0.0,0.0,0.0,18.0,50.0,1.8,100.0,5.4,33.33,1.8,0.0,12.6,85.71,75.0,7.2,0,,0,,0,0.0,0.0,0.0,,,0.0,,5.4,0.0,0.0,0.0,0.0,0,0
A. Kamara,Abdul Kamara,-490951,George Mason Patriots,George Mason Patriots,https://cdn5.wyscout.com/photos/team/public/g27557_120x120.png,NCAA D1 Atlantic 10,"RW, RAMF, LAMF",RW,45,RAMF,37,LAMF,17,,,0,,3,49,0,0.0,0,0.06,25.71,57.14,United States,['United States'],unknown,0,0,False,7.35,11.02,50.0,0.0,0.0,1.8399999999999999,2.31,0.0,0.0,0.0,7.35,2,3.67,0,0.0,5.51,0.0,0,0.0,0.0,0,0.0,0,0.0,0.0,0.0,0.0,7.35,25.0,0.0,0.0,7.35,25.0,1.8399999999999999,5.51,66.67,12.86,71.43,0.0,5.51,3.67,11.02,0.0,3.67,23.88,61.54,5.51,33.33,7.35,100.0,14.69,87.5,1.8399999999999999,0.0,17.64,9.3,0.12,1.8399999999999999,0.0,0.0,0.0,0.0,1.8399999999999999,0.0,0.0,3.67,50.0,0.0,0.0,0.0,1.8399999999999999,3.67,50.0,33.33,5.51,0,,0,,0,0.0,0.0,0.0,,,0.0,,0.0,0.0,0.0,0.0,1.8399999999999999,0,0
I. Kim,Isaac Kim,-437691,,VCU Rams,,,RB,RB,91,,0,,0,21.0,2004-11-09,0,,3,48,0,0.48,0,0.0,18.75,20.0,France,['France'],unknown,0,0,False,3.75,5.63,0.0,7.5,0.0,0.0,0.0,0.0,3.75,6.0,0.0,0,0.0,0,0.0,0.0,0.0,0,0.0,0.9,0,0.0,1,1.88,0.0,0.0,0.0,0.0,0.0,0.0,0.0,0.0,0.0,0.0,0.0,0.0,1.88,0.0,1.88,0.0,0.0,35.63,1.88,0.0,45.0,83.33,11.25,66.67,13.13,100.0,43.13,86.96,1.88,0.0,17.08,18.39,0.0,0.0,0.0,0.0,0.0,0.0,0.0,1.88,0.0,3.75,50.0,1.88,0.0,1.88,0.0,9.38,60.0,100.0,13.13,0,,0,,0,0.0,0.0,0.0,,,0.0,,7.5,0.0,0.0,0.0,0.0,0,0
T. Dovidaitis,Tomas Dovidaitis,-358264,,Saint Louis Billikens,,,"RW, CF",RW,49,CF,46,,0,23.0,2003-01-30,0,,3,44,0,0.0,0,0.0,,,Lithuania,['Lithuania'],unknown,0,0,False,,,,,,,1.76,,,0.0,,0,,0,,,,0,,,0,,0,,,0.0,,,,,,,,,,,,,,,,,,,,,,,,,,,,,10.85,0.0,,,,,,,,,,,,,,,,,,,,0,,0,,0,0.0,0.0,,,,,,,,,,,0,0
S. Abdul-Mateen,Sulaiman Abdul-Mateen,-488544,VCU Rams,VCU Rams,https://cdn5.wyscout.com/photos/team/public/g33073_120x120.png,NCAA D1 Atlantic 10,CF,CF,100,,0,,0,,,0,,5,44,0,0.0,0,0.08,,,United States,['United States'],unknown,0,0,False,,,,,,,0.0,,,1.94,,1,,0,,,,0,,,0,,0,,,0.0,,,,,,,,,,,,,,,,,,,,,,,,,,,,,7.88,3.7800000000000002,,,,,,,,,,,,,,,,,,,,0,,0,,0,0.0,0.0,,,,,,,,,,,0,0
A. Zama,Alexandru Zama,-454976,La Salle Explorers,La Salle Explorers,https://cdn5.wyscout.com/photos/team/public/g-2976_120x120.png,NCAA D1 Atlantic 10,"LCMF, RW",LCMF,49,RW,31,,0,,,0,,3,41,0,0.0,0,0.04,,,United States,['United States'],unknown,0,0,False,,,,,,,0.0,,,0.0,,0,,0,,,,0,,,0,,0,,,0.0,,,,,,,,,,,,,,,,,,,,,,,,,,,,,14.55,13.62,,,,,,,,,,,,,,,,,,,,0,,0,,0,0.0,0.0,,,,,,,,,,,0,0
C. McIntyre,Campbell   McIntyre,-434928,,Saint Joseph's Hawks,,,"CF, RCMF3, LCMF3",CF,64,RCMF3,17,LCMF3,17,24.0,2002-03-22,0,,3,40,0,0.0,0,0.0,,,New Zealand,['New Zealand'],unknown,182,68,False,,,,,,,0.0,,,0.0,,0,,0,,,,0,,,0,,0,,,0.0,,,,,,,,,,,,,,,,,,,,,,,,,,,,,26.7,6.04,,,,,,,,,,,,,,,,,,,,0,,0,,0,0.0,0.0,,,,,,,,,,,0,0
A. Nicholson,Alex Nicholson,-352387,George Washington Colonials,George Washington Colonials,https://cdn5.wyscout.com/photos/team/public/g-3011_120x120.png,NCAA D1 Atlantic 10,"LW, LWB",LW,61,LWB,38,,0,,,0,,2,39,0,0.0,0,0.0,,,England,['England'],unknown,173,77,False,,,,,,,0.0,,,0.0,,0,,0,,,,0,,,0,,0,,,0.0,,,,,,,,,,,,,,,,,,,,,,,,,,,,,10.94,0.0,,,,,,,,,,,,,,,,,,,,0,,0,,0,0.0,0.0,,,,,,,,,,,0,0
D. Olson,Dylan Olson,-272392,,Saint Louis Billikens,,,"LAMF, AMF, LW",LAMF,35,AMF,23,LW,22,,,0,,3,39,0,0.0,0,0.0,,,United States,['United States'],unknown,180,72,False,,,,,,,0.0,,,8.18,,0,,0,,,,0,,,0,,0,,,0.0,,,,,,,,,,,,,,,,,,,,,,,,,,,,,13.98,8.82,,,,,,,,,,,,,,,,,,,,0,,0,,0,0.0,0.0,,,,,,,,,,,0,0
A. Tangredi,Alejo Tangredi,-489851,Memphis Tigers,Dayton Flyers,https://cdn5.wyscout.com/photos/team/public/g-2892_120x120.png,NCAA D1 American Athletic,"CF, AMF",CF,86,AMF,13,,0,,,0,,3,36,0,0.29,0,0.03,,,United States,['United States'],unknown,183,0,False,,,,,,,0.0,,,0.0,,0,,0,,,,0,,,0,,2,,,0.0,,,,,,,,,,,,,,,,,,,,,,,,,,,,,9.97,0.0,,,,,,,,,,,,,,,,,,,,0,,0,,0,0.0,0.0,,,,,,,,,,,0,0
D. Amigun,Demi Amigun,-211871,,George Washington Colonials,,,CF,CF,100,,0,,0,,,0,,2,35,0,0.16,0,0.0,,,United States,['United States'],unknown,185,66,False,,,,,,,0.0,,,3.0,,0,,0,,,,0,,,0,,1,,,0.0,,,,,,,,,,,,,,,,,,,,,,,,,,,,,17.63,0.0,,,,,,,,,,,,,,,,,,,,0,,0,,0,0.0,0.0,,,,,,,,,,,0,0
K. Collins,Kenyatta Collins,-211833,,Saint Joseph's Hawks,,,"LCB, RCB",LCB,79,RCB,20,,0,,,0,,2,35,0,0.0,0,0.0,,,United States,['United States'],,188,89,False,,,,,,,6.0,,,6.0,,0,,0,,,,0,,,0,,0,,,0.0,,,,,,,,,,,,,,,,,,,,,,,,,,,,,21.02,11.42,,,,,,,,,,,,,,,,,,,,0,,0,,0,0.0,0.0,,,,,,,,,,,0,0
S. Tummala,Sai Tummala,-352187,Davidson Wildcats,Davidson Wildcats,https://cdn5.wyscout.com/photos/team/public/g-2978_120x120.png,NCAA D1 Atlantic 10,"LB, RWB",LB,52,RWB,47,,0,,,0,,1,34,0,0.0,0,0.0,,,United States,['United States'],unknown,175,74,False,,,,,,,2.31,,,0.0,,0,,0,,,,0,,,0,,0,,,0.0,,,,,,,,,,,,,,,,,,,,,,,,,,,,,26.13,58.39,,,,,,,,,,,,,,,,,,,,0,,0,,0,0.0,0.0,,,,,,,,,,,0,0
K. Feng,Kai Feng,-463789,VCU Rams,VCU Rams,https://cdn5.wyscout.com/photos/team/public/g33073_120x120.png,NCAA D1 Atlantic 10,"CF, RCMF, AMF",CF,47,RCMF,26,AMF,26,21.0,2004-12-14,0,,3,31,0,0.0,0,0.0,,,United States,['United States'],unknown,0,0,False,,,,,,,0.0,,,4.0,,0,,0,,,,0,,,0,,0,,,0.0,,,,,,,,,,,,,,,,,,,,,,,,,,,,,15.24,0.0,,,,,,,,,,,,,,,,,,,,0,,0,,0,0.0,0.0,,,,,,,,,,,0,0
N. Coetzee,Nolan Coetzee,510973,,VCU Rams,,,"LW, RW",LW,87,RW,12,,0,24.0,2001-11-21,0,,2,31,0,0.0,0,0.01,,,United States,['United States'],,183,75,False,,,,,,,0.0,,,2.0,,0,,0,,,,0,,,0,,0,,,0.0,,,,,,,,,,,,,,,,,,,,,,,,,,,,,11.7,11.56,,,,,,,,,,,,,,,,,,,,0,,0,,0,0.0,0.0,,,,,,,,,,,0,0
K. Bartleson,Kyle Bartleson,-211831,,Saint Joseph's Hawks,,,DMF,DMF,100,,0,,0,,,0,,2,29,0,0.0,0,0.0,,,United States,['United States'],,183,80,False,,,,,,,0.0,,,1.43,,0,,0,,,,0,,,0,,0,,,0.0,,,,,,,,,,,,,,,,,,,,,,,,,,,,,15.1,0.86,,,,,,,,,,,,,,,,,,,,0,,0,,0,0.0,0.0,,,,,,,,,,,0,0
D. Cubillos,David Cubillos,-211758,,St. Bonaventure Bonnies,,,RB,RB,100,,0,,0,,,0,,2,29,0,0.0,0,0.0,,,Canada,['Canada'],unknown,181,75,False,,,,,,,3.75,,,7.5,,0,,0,,,,0,,,0,,0,,,0.0,,,,,,,,,,,,,,,,,,,,,,,,,,,,,18.88,15.68,,,,,,,,,,,,,,,,,,,,0,,0,,0,0.0,0.0,,,,,,,,,,,0,0
T. Vincent,Thomas Vincent,-278949,,Davidson Wildcats,,,"RCMF3, LCMF, CF",RCMF3,53,LCMF,28,CF,17,,,0,,3,28,0,0.0,0,0.0,,,United States,['United States'],unknown,180,65,False,,,,,,,0.0,,,4.09,,1,,0,,,,0,,,0,,0,,,0.0,,,,,,,,,,,,,,,,,,,,,,,,,,,,,14.38,12.78,,,,,,,,,,,,,,,,,,,,0,,0,,0,0.0,0.0,,,,,,,,,,,0,0
P. Primavera,Paolo Primavera,-280702,,Fordham Rams,,,"RAMF, RW, LWF",RAMF,63,RW,21,LWF,14,23.0,2003-01-03,0,,3,27,0,0.0,0,0.0,,,United States,['United States'],unknown,175,73,False,,,,,,,0.0,,,3.75,,0,,0,,,,0,,,0,,0,,,0.0,,,,,,,,,,,,,,,,,,,,,,,,,,,,,8.69,0.0,,,,,,,,,,,,,,,,,,,,0,,0,,0,0.0,0.0,,,,,,,,,,,0,0
R. Nickles,Reilly Nickles,-358093,Penn State Behrend Lions,Duquesne Duke,https://cdn5.wyscout.com/photos/team/public/g-20224_120x120.png,NCAA D3 Allegheny Mountain Collegiate Conference,"AMF, DMF, LCMF",AMF,46,DMF,30,LCMF,15,,,0,,4,26,0,0.0,0,0.0,,,United States,['United States'],unknown,188,84,False,,,,,,,0.0,,,12.86,,0,,0,,,,0,,,0,,0,,,0.0,,,,,,,,,,,,,,,,,,,,,,,,,,,,,11.71,0.0,,,,,,,,,,,,,,,,,,,,0,,0,,0,0.0,0.0,,,,,,,,,,,0,0
G. Dougald,Graham Dougald,-359745,Mount St. Mary's Mountaineers,VCU Rams,https://cdn5.wyscout.com/photos/team/public/g-12630_120x120.png,NCAA D1 Metro Atlantic Athletic Conference,CF,CF,100,,0,,0,,,0,,1,24,0,0.0,0,0.0,,,United States,['United States'],unknown,155,68,False,,,,,,,0.0,,,0.0,,0,,0,,,,0,,,0,,0,,,0.0,,,,,,,,,,,,,,,,,,,,,,,,,,,,,21.15,47.47,,,,,,,,,,,,,,,,,,,,0,,0,,0,0.0,0.0,,,,,,,,,,,0,0
N. Rockwell,Nick Rockwell,-522764,,Rhode Island Rhody,,,"AMF, RAMF",AMF,87,RAMF,12,,0,,,0,,1,23,0,0.0,0,0.0,,,United States,['United States'],,170,81,False,,,,,,,4.29,,,12.86,,0,,0,,,,0,,,0,,0,,,0.0,,,,,,,,,,,,,,,,,,,,,,,,,,,,,9.65,0.0,,,,,,,,,,,,,,,,,,,,0,,0,,0,0.0,0.0,,,,,,,,,,,0,0
M. Ellingson,Mesafint  Ellingson,-352196,Canisius Golden Griffins,Rhode Island Rhody,https://cdn5.wyscout.com/photos/team/public/g-2942_120x120.png,NCAA D1 Metro Atlantic Athletic Conference,LAMF,LAMF,100,,0,,0,22.0,2003-10-24,0,,1,23,0,0.0,0,0.0,,,United States,['United States'],unknown,173,76,False,,,,,,,0.0,,,4.29,,0,,0,,,,0,,,0,,0,,,0.0,,,,,,,,,,,,,,,,,,,,,,,,,,,,,10.85,0.0,,,,,,,,,,,,,,,,,,,,0,,0,,0,0.0,0.0,,,,,,,,,,,0,0
J. Sukow,Jason Sukow,-169365,,Loyola Chicago Ramblers,,,"RAMF, AMF",RAMF,77,AMF,20,,0,22.0,2004-01-01,0,,1,23,0,0.0,0,0.0,,,United States,['United States'],,176,0,False,,,,,,,0.0,,,0.0,,0,,0,,,,0,,,0,,0,,,0.0,,,,,,,,,,,,,,,,,,,,,,,,,,,,,19.31,23.29,,,,,,,,,,,,,,,,,,,,0,,0,,0,0.0,0.0,,,,,,,,,,,0,0
A. Chung,Alex Chung,-520138,Mercyhurst Lakers,George Washington Colonials,https://cdn5.wyscout.com/photos/team/public/g-18473_120x120.png,NCAA D1 Northeast,CF,CF,100,,0,,0,,,0,,3,22,0,0.0,0,0.0,,,Korea Republic,['Korea Republic'],,182,70,False,,,,,,,0.0,,,0.0,,0,,0,,,,0,,,0,,0,,,0.0,,,,,,,,,,,,,,,,,,,,,,,,,,,,,0.0,0.0,,,,,,,,,,,,,,,,,,,,0,,0,,0,0.0,0.0,,,,,,,,,,,0,0
S. Walker,Shadrach Walker,-211337,,Rhode Island Rhody,,,RCB,RCB,100,,0,,0,24.0,2002-03-24,0,,1,20,0,0.0,0,0.0,,,United States,['United States'],unknown,188,85,False,,,,,,,0.0,,,4.29,,0,,0,,,,0,,,0,,0,,,0.0,,,,,,,,,,,,,,,,,,,,,,,,,,,,,21.02,24.71,,,,,,,,,,,,,,,,,,,,0,,0,,0,0.0,0.0,,,,,,,,,,,0,0
J. Turco,Joey Turco,503670,Rhode Island Rhody,Rhode Island Rhody,https://cdn5.wyscout.com/photos/team/public/g-3022_120x120.png,NCAA D1 Atlantic 10,RAMF,RAMF,100,,0,,0,23.0,2003-04-02,0,,1,20,0,0.0,0,0.0,,,Belgium,['Belgium'],right,178,75,False,,,,,,,0.0,,,8.57,,0,,0,,,,0,,,0,,0,,,0.0,,,,,,,,,,,,,,,,,,,,,,,,,,,,,19.07,45.09,,,,,,,,,,,,,,,,,,,,0,,0,,0,0.0,0.0,,,,,,,,,,,0,0
M. Wambach,Mitch Wambach,-211809,,St. Bonaventure Bonnies,,,"DMF, LCMF, RCMF",DMF,36,LCMF,32,RCMF,30,,,0,,2,20,0,0.0,0,0.0,,,United States,['United States'],unknown,176,68,False,,,,,,,0.0,,,8.57,,0,,0,,,,0,,,0,,0,,,0.0,,,,,,,,,,,,,,,,,,,,,,,,,,,,,17.07,10.17,,,,,,,,,,,,,,,,,,,,0,,0,,0,0.0,0.0,,,,,,,,,,,0,0
O. Osoba,Oluwatobi Osoba,-494407,La Salle Explorers,La Salle Explorers,https://cdn5.wyscout.com/photos/team/public/g-2976_120x120.png,NCAA D1 Atlantic 10,"RB, RAMF",RB,54,RAMF,45,,0,,,0,,2,19,0,0.0,0,0.08,,,England,['England'],unknown,185,77,False,,,,,,,0.0,,,10.0,,0,,0,,,,0,,,0,,0,,,0.0,,,,,,,,,,,,,,,,,,,,,,,,,,,,,7.11,0.0,,,,,,,,,,,,,,,,,,,,0,,0,,0,0.0,0.0,,,,,,,,,,,0,0
P. Adukor,Paul Adukor,-489852,,Dayton Flyers,,,CF,CF,100,,0,,0,,,0,,1,17,0,0.0,0,0.0,,,Ghana,['Ghana'],unknown,188,0,False,,,,,,,0.0,,,0.0,,0,,0,,,,0,,,0,,0,,,0.0,,,,,,,,,,,,,,,,,,,,,,,,,,,,,13.06,0.0,,,,,,,,,,,,,,,,,,,,0,,0,,0,0.0,0.0,,,,,,,,,,,0,0
L. White,Lucas White,-359742,VCU Rams,VCU Rams,https://cdn5.wyscout.com/photos/team/public/g33073_120x120.png,NCAA D1 Atlantic 10,LCMF,LCMF,100,,0,,0,,,0,,1,17,0,0.0,0,0.0,,,United States,['United States'],unknown,175,0,False,,,,,,,10.0,,,10.0,,0,,0,,,,0,,,0,,0,,,0.0,,,,,,,,,,,,,,,,,,,,,,,,,,,,,24.66,0.0,,,,,,,,,,,,,,,,,,,,0,,0,,0,0.0,0.0,,,,,,,,,,,0,0
S. Morfin,Sean Morfin,-278013,,St. Bonaventure Bonnies,,,LCB,LCB,100,,0,,0,,,0,,1,17,0,0.0,0,0.0,,,United States,['United States'],unknown,185,79,False,,,,,,,0.0,,,0.0,,0,,0,,,,0,,,0,,0,,,0.0,,,,,,,,,,,,,,,,,,,,,,,,,,,,,22.37,28.35,,,,,,,,,,,,,,,,,,,,0,,0,,0,0.0,0.0,,,,,,,,,,,0,0
B. Wright,Braeden Wright,-476315,UMass Minutemen,UMass Minutemen,https://cdn5.wyscout.com/photos/team/public/g-6748_120x120.png,NCAA D1 Summit League,"RW, LCMF",RW,84,LCMF,15,,0,,,0,,2,14,0,0.0,0,0.0,,,United States,['United States'],unknown,0,0,False,,,,,,,0.0,,,2.14,,0,,0,,,,0,,,0,,0,,,0.0,,,,,,,,,,,,,,,,,,,,,,,,,,,,,6.34,0.0,,,,,,,,,,,,,,,,,,,,0,,0,,0,0.0,0.0,,,,,,,,,,,0,0
B. Hardy,Blaize Hardy,-343144,Duquesne Duke,VCU Rams,https://cdn5.wyscout.com/photos/team/public/g-2966_120x120.png,NCAA D1 Atlantic 10,RCB,RCB,100,,0,,0,21.0,2004-06-23,0,,1,13,0,0.0,0,0.0,,,United States,['United States'],,188,74,False,,,,,,,0.0,,,0.0,,0,,0,,,,0,,,0,,0,,,0.0,,,,,,,,,,,,,,,,,,,,,,,,,,,,,16.25,0.0,,,,,,,,,,,,,,,,,,,,0,,0,,0,0.0,0.0,,,,,,,,,,,0,0
N. Messer,Noe  Messer,-352260,Fordham Rams,Fordham Rams,https://cdn5.wyscout.com/photos/team/public/g-3008_120x120.png,NCAA D1 Atlantic 10,LDMF,LDMF,100,,0,,0,,,0,,1,12,0,0.0,0,0.0,,,United States,['United States'],unknown,183,79,False,,,,,,,0.0,,,7.5,,0,,0,,,,0,,,0,,0,,,0.0,,,,,,,,,,,,,,,,,,,,,,,,,,,,,16.95,37.04,,,,,,,,,,,,,,,,,,,,0,,0,,0,0.0,0.0,,,,,,,,,,,0,0
T. Shumba,Tapiwa Shumba,-169302,,Fordham Rams,,,"RDMF, AMF",RDMF,50,AMF,49,,0,23.0,2003-01-01,0,,1,12,0,0.05,0,0.0,,,United States,['United States'],,174,68,False,,,,,,,0.0,,,0.0,,0,,0,,,,0,,,0,,1,,,0.0,,,,,,,,,,,,,,,,,,,,,,,,,,,,,14.35,0.0,,,,,,,,,,,,,,,,,,,,0,,0,,0,0.0,0.0,,,,,,,,,,,0,0
J. Giannola,Joseph Giannola,-352257,Fordham Rams,Fordham Rams,https://cdn5.wyscout.com/photos/team/public/g-3008_120x120.png,NCAA D1 Atlantic 10,RCB,RCB,100,,0,,0,,,0,,1,11,0,0.07,0,0.0,,,United States,['United States'],unknown,188,86,False,,,,,,,0.0,,,7.5,,0,,0,,,,0,,,0,,1,,,0.0,,,,,,,,,,,,,,,,,,,,,,,,,,,,,25.42,52.5,,,,,,,,,,,,,,,,,,,,0,,0,,0,0.0,0.0,,,,,,,,,,,0,0
M. Andrusko,Matthew  Andrusko,-272369,,Loyola Chicago Ramblers,,,CF,CF,94,,0,,0,,,0,,1,11,0,0.0,0,0.0,,,United States,['United States'],unknown,185,0,False,,,,,,,0.0,,,0.0,,0,,0,,,,0,,,0,,0,,,0.0,,,,,,,,,,,,,,,,,,,,,,,,,,,,,10.28,0.0,,,,,,,,,,,,,,,,,,,,0,,0,,0,0.0,0.0,,,,,,,,,,,0,0
T. Cairney,TJ Cairney,-352223,Loyola Chicago Ramblers,Loyola Chicago Ramblers,https://cdn5.wyscout.com/photos/team/public/g-2885_120x120.png,NCAA D1 Atlantic 10,RCB,RCB,100,,0,,0,,,0,,1,10,0,0.0,0,0.0,,,United States,['United States'],unknown,193,0,False,,,,,,,0.0,,,30.0,,0,,0,,,,0,,,0,,0,,,0.0,,,,,,,,,,,,,,,,,,,,,,,,,,,,,42.36,0.0,,,,,,,,,,,,,,,,,,,,0,,0,,0,0.0,0.0,,,,,,,,,,,0,0
A. Ferrin,Alessandro Ferrin,-464335,,St. Bonaventure Bonnies,,,RCMF,RCMF,100,,0,,0,,,0,,1,10,0,0.0,0,0.0,,,Canada,['Canada'],unknown,177,72,False,,,,,,,0.0,,,0.0,,0,,0,,,,0,,,0,,0,,,0.0,,,,,,,,,,,,,,,,,,,,,,,,,,,,,15.02,38.25,,,,,,,,,,,,,,,,,,,,0,,0,,0,0.0,0.0,,,,,,,,,,,0,0
J. Cowlishaw,Joshua Cowlishaw,-463786,,VCU Rams,,,CF,CF,100,,0,,0,21.0,2005-04-06,0,,1,9,0,0.53,0,0.0,,,United States,['United States'],unknown,0,0,False,,,,,,,0.0,,,0.0,,0,,0,,,,0,,,0,,1,,,0.0,,,,,,,,,,,,,,,,,,,,,,,,,,,,,11.61,0.0,,,,,,,,,,,,,,,,,,,,0,,0,,0,0.0,0.0,,,,,,,,,,,0,0
W. O'Connor,William O'Connor,189097,St. Bonaventure Bonnies,St. Bonaventure Bonnies,https://cdn5.wyscout.com/photos/team/public/g-2992_120x120.png,NCAA D1 Atlantic 10,"RW, CF",RW,79,CF,20,,0,38.0,1985-08-25,0,,1,8,0,0.0,0,0.0,,,Republic of Ireland,['Republic of Ireland'],,183,75,False,,,,,,,0.0,,,0.0,,0,,0,,,,0,,,0,,0,,,0.0,,,,,,,,,,,,,,,,,,,,,,,,,,,,,0.0,0.0,,,,,,,,,,,,,,,,,,,,0,,0,,0,0.0,0.0,,,,,,,,,,,0,0
E. Bayer,Ethan Bayer,512695,,VCU Rams,,,LB,LB,100,,0,,0,23.0,2002-07-24,0,,1,8,0,0.0,0,0.0,,,United States,['United States'],,172,68,False,,,,,,,0.0,,,0.0,,0,,0,,,,0,,,0,,0,,,0.0,,,,,,,,,,,,,,,,,,,,,,,,,,,,,21.69,0.0,,,,,,,,,,,,,,,,,,,,0,,0,,0,0.0,0.0,,,,,,,,,,,0,0
W. O'Connor,Will O'Connor,-543551,,St. Bonaventure Bonnies,,,"RW, CF",RW,79,CF,20,,0,,,0,,1,8,0,0.0,0,0.0,,,United States,['United States'],unknown,0,0,False,,,,,,,0.0,,,0.0,,0,,0,,,,0,,,0,,0,,,0.0,,,,,,,,,,,,,,,,,,,,,,,,,,,,,0.0,0.0,,,,,,,,,,,,,,,,,,,,0,,0,,0,0.0,0.0,,,,,,,,,,,0,0
G. Kringen,Gabriel Kringen,-359770,Dayton Flyers,Dayton Flyers,https://cdn5.wyscout.com/photos/team/public/g32986_120x120.png,NCAA D1 Atlantic 10,LAMF,LAMF,100,,0,,0,,,0,,2,6,0,0.0,0,0.0,,,Norway,['Norway'],unknown,180,0,False,,,,,,,0.0,,,30.0,,0,,0,,,,0,,,0,,0,,,0.0,,,,,,,,,,,,,,,,,,,,,,,,,,,,,14.14,0.0,,,,,,,,,,,,,,,,,,,,0,,0,,0,0.0,0.0,,,,,,,,,,,0,0
J. Dragisich,Johnny Dragisich,-375141,,Duquesne Duke,,,LAMF,LAMF,100,,0,,0,22.0,2004-01-22,0,,1,6,0,0.0,0,0.0,,,United States,['United States'],unknown,175,77,False,,,,,,,0.0,,,0.0,,0,,0,,,,0,,,0,,0,,,0.0,,,,,,,,,,,,,,,,,,,,,,,,,,,,,21.01,0.0,,,,,,,,,,,,,,,,,,,,0,,0,,0,0.0,0.0,,,,,,,,,,,0,0
A. Dreasky,Avery Dreasky,-358203,St. Bonaventure Bonnies,St. Bonaventure Bonnies,https://cdn5.wyscout.com/photos/team/public/g-2992_120x120.png,NCAA D1 Atlantic 10,DMF,DMF,100,,0,,0,,,0,,1,6,0,0.0,0,0.0,,,United States,['United States'],unknown,185,73,False,,,,,,,0.0,,,15.0,,0,,0,,,,0,,,0,,0,,,0.0,,,,,,,,,,,,,,,,,,,,,,,,,,,,,21.87,27.44,,,,,,,,,,,,,,,,,,,,0,,0,,0,0.0,0.0,,,,,,,,,,,0,0
R. Myrick,Robert  Myrick,-299418,La Salle Explorers,La Salle Explorers,https://cdn5.wyscout.com/photos/team/public/g-2976_120x120.png,NCAA D1 Atlantic 10,RCB,RCB,100,,0,,0,21.0,2005-03-03,0,,1,6,0,0.0,0,0.0,,,United States,['United States'],unknown,175,74,False,,,,,,,0.0,,,0.0,,0,,0,,,,0,,,0,,0,,,0.0,,,,,,,,,,,,,,,,,,,,,,,,,,,,,21.78,0.0,,,,,,,,,,,,,,,,,,,,0,,0,,0,0.0,0.0,,,,,,,,,,,0,0
C. Lijewski,Cooper Lijewski,-431524,Dayton Flyers,Dayton Flyers,https://cdn5.wyscout.com/photos/team/public/g32986_120x120.png,NCAA D1 Atlantic 10,CF,CF,100,,0,,0,20.0,2005-07-02,0,,1,5,0,0.06,0,0.0,,,United States,['United States'],unknown,182,70,False,,,,,,,0.0,,,0.0,,0,,0,,,,0,,,0,,1,,,0.0,,,,,,,,,,,,,,,,,,,,,,,,,,,,,0.0,0.0,,,,,,,,,,,,,,,,,,,,0,,0,,0,0.0,0.0,,,,,,,,,,,0,0
J. Campbell,Justice Campbell,-317844,Hampden-Sydney Tigers,VCU Rams,https://cdn5.wyscout.com/photos/team/public/g-19679_120x120.png,NCAA D3 Old Dominion Athletic Conference,RB,RB,100,,0,,0,,,0,,1,4,0,0.0,0,0.0,,,United States,['United States'],,173,72,False,,,,,,,0.0,,,0.0,,0,,0,,,,0,,,0,,0,,,0.0,,,,,,,,,,,,,,,,,,,,,,,,,,,,,11.95,0.0,,,,,,,,,,,,,,,,,,,,0,,0,,0,0.0,0.0,,,,,,,,,,,0,0
T. Moutaouakil,Tariq Moutaouakil,-211452,,VCU Rams,,,LW,LW,100,,0,,0,,,0,,1,4,0,0.0,0,0.53,,,United States,['United States'],unknown,175,70,False,,,,,,,0.0,,,0.0,,0,,0,,,,0,,,0,,1,,,0.0,,,,,,,,,,,,,,,,,,,,,,,,,,,,,10.5,0.0,,,,,,,,,,,,,,,,,,,,0,,0,,0,0.0,0.0,,,,,,,,,,,0,0
J. Luthy,Jacsen Luthy,-211763,,Davidson Wildcats,,,RCB3,RCB3,100,,0,,0,24.0,2002-05-05,0,,1,2,0,0.0,0,0.0,,,United States,['United States'],,188,0,False,,,,,,,0.0,,,0.0,,0,,0,,,,0,,,0,,0,,,0.0,,,,,,,,,,,,,,,,,,,,,,,,,,,,,0.0,0.0,,,,,,,,,,,,,,,,,,,,0,,0,,0,0.0,0.0,,,,,,,,,,,0,0
