Player,Full name,Wyscout id,Team,Team within selected timeframe,Team logo,Competition,Position,Primary position,"Primary position, %",Secondary position,"Secondary position, %",Third position,"Third position, %",Age,Birthday,Market value,Contract expires,Matches played,Minutes played,Goals,xG,Assists,xA,Duels per 90,"Duels won, %",Birth country,Passport country,Foot,Height,Weight,On loan,Successful defensive actions per 90,Defensive duels per 90,"Defensive duels won, %",Aerial duels per 90,"Aerial duels won, %",Sliding tackles per 90,PAdj Sliding tackles,Shots blocked per 90,Interceptions per 90,PAdj Interceptions,Fouls per 90,Yellow cards,Yellow cards per 90,Red cards,Red cards per 90,Successful attacking actions per 90,Goals per 90,Non-penalty goals,Non-penalty goals per 90,xG per 90,Head goals,Head goals per 90,Shots,Shots per 90,"Shots on target, %","Goal conversion, %",Assists per 90,Crosses per 90,"Accurate crosses, %",Crosses from left flank per 90,"Accurate crosses from left flank, %",Crosses from right flank per 90,"Accurate crosses from right flank, %",Crosses to goalie box per 90,Dribbles per 90,"Successful dribbles, %",Offensive duels per 90,"Offensive duels won, %",Touches in box per 90,Progressive runs per 90,Accelerations per 90,Received passes per 90,Received long passes per 90,Fouls suffered per 90,Passes per 90,"Accurate passes, %",Forward passes per 90,"Accurate forward passes, %",Back passes per 90,"Accurate back passes, %",Short / medium passes per 90,"Accurate short / medium passes, %",Long passes per 90,"Accurate long passes, %","Average pass length, m","Average long pass length, m",xA per 90,Shot assists per 90,Second assists per 90,Third assists per 90,Smart passes per 90,"Accurate smart passes, %",Key passes per 90,Passes to final third per 90,"Accurate passes to final third, %",Passes to penalty area per 90,"Accurate passes to penalty area, %",Through passes per 90,"Accurate through passes, %",Deep completions per 90,Deep completed crosses per 90,Progressive passes per 90,"Accurate progressive passes, %","Accurate vertical passes, %",Vertical passes per 90,Conceded goals,Conceded goals per 90,Shots against,Shots against per 90,Clean sheets,"Save rate, %",xG against,xG against per 90,Prevented goals,Prevented goals per 90,Back passes received as GK per 90,Exits per 90,Aerial duels per 90,Free kicks per 90,Direct free kicks per 90,"Direct free kicks on target, %",Corners per 90,Penalties taken,"Penalty conversion, %"
J. Gutierrez,Jerry Gutierrez,-275441,,Central Arkansas Bears,,,"RDMF, LCMF3, RCMF",RDMF,36,LCMF3,18,RCMF,17,,,0,,9,981,1,1.04,0,0.51,25.41,47.29,United States,['United States'],unknown,178,75,False,9.45,7.16,62.82,7.89,51.16,0.64,0.85,0.18,4.31,5.73,1.19,1,0.09,0,0.0,1.01,0.09,1,0.09,0.1,0,0.0,11,1.01,18.18,9.091,0.0,0.55,33.33,0.09,0.0,0.46,40.0,0.0,1.38,46.67,5.23,29.82,1.01,0.46,0.28,13.12,0.46,0.8300000000000001,28.17,69.38,13.76,54.67,2.75,93.33,22.84,76.71,4.86,39.62,20.35,37.98,0.05,0.28,0.0,0.0,0.0,0.0,0.18,6.42,51.43,1.19,15.38,0.46,20.0,0.18,0.18,5.87,65.63,84.44,8.26,0,,0,,0,0.0,0.0,0.0,,,0.09,,7.89,0.09,0.0,0.0,0.09,0,0.0
M. Sibley,Michael Sibley,453664,,Lipscomb Bisons,,,GK,GK,100,,0,,0,27.0,1998-10-21,0,,9,977,0,0.0,0,0.0,0.8300000000000001,88.89,England,['England'],,185,81,False,1.9300000000000002,0.0,0.0,0.55,100.0,0.0,0.0,0.0,1.9300000000000002,3.64,0.0,2,0.18,0,0.0,0.0,0.0,0,0.0,0.0,0,0.0,0,0.0,0.0,0.0,0.0,0.0,0.0,0.0,0.0,0.0,0.0,0.0,0.0,0.0,0.18,50.0,0.0,0.0,0.0,17.87,0.18,0.37,25.61,83.45,15.84,74.42,0.0,0.0,11.88,100.0,13.63,69.59,40.91,54.54,0.0,0.0,0.0,0.0,0.0,0.0,0.0,4.61,60.0,0.0,0.0,0.09,100.0,0.0,0.0,10.69,86.21,99.0,9.21,4,0.37,21,1.9300000000000002,6,80.95,4.72,0.43,0.72,0.066,0.0,1.47,0.55,,,,0.0,0,0.0
N. Dang,Nick Dang,-276932,Minnesota United II,Lipscomb Bisons,https://cdn5.wyscout.com/photos/team/public/g-15450_120x120.png,MLS Next Pro,RCB,RCB,96,,0,,0,23.0,2002-06-23,0,,9,976,1,0.85,0,0.01,14.85,62.73,United States,['United States'],unknown,189,82,False,9.31,4.24,80.43,5.44,57.63,0.18,0.35000000000000003,0.65,5.72,10.75,0.92,3,0.28,0,0.0,0.28,0.09,1,0.09,0.08,1,0.09,6,0.55,33.33,16.667,0.0,0.0,0.0,0.0,0.0,0.0,0.0,0.0,0.28,33.33,3.04,54.55,0.92,0.55,0.0,29.78,0.28,1.48,47.95,89.04,18.17,80.2,4.7,94.12,41.77,93.82,6.18,56.72,24.01,42.58,0.0,0.09,0.0,0.09,0.0,0.0,0.09,7.38,76.25,0.28,0.0,0.18,0.0,0.09,0.0,9.87,74.77,96.31,22.5,0,,0,,0,0.0,0.0,0.0,,,3.69,,5.44,0.0,0.0,0.0,0.0,0,0.0
N. Gulden,Noah Gulden,429663,,Lipscomb Bisons,,,"RB, RDMF",RB,86,RDMF,10,,0,26.0,1999-12-29,0,,9,964,0,1.92,6,2.84,13.35,61.54,Norway,['Norway'],,186,74,False,7.38,4.01,79.07,3.45,54.05,0.19,0.35000000000000003,0.0,4.01,7.54,0.09,0,0.0,0,0.0,3.92,0.0,0,0.0,0.18,0,0.0,11,1.03,18.18,0.0,0.56,4.01,39.53,0.09,0.0,3.73,40.0,0.56,2.71,65.52,3.55,57.89,1.5899999999999999,1.77,0.28,25.77,1.4,0.56,39.3,79.33,14.94,74.38,8.5,94.51,30.72,88.45,4.57,53.06,21.18,37.63,0.27,1.6800000000000002,0.0,0.0,0.47000000000000003,80.0,1.12,6.35,73.53,3.83,46.34,0.75,50.0,0.75,1.5899999999999999,9.24,82.83,76.03,11.3,0,,0,,0,0.0,0.0,0.0,,,0.93,,3.45,0.93,0.19,0.0,2.43,0,0.0
B. Knutson,Bradyn Knutson,511281,,Central Arkansas Bears,,,LCB,LCB,82,,0,,0,25.0,2000-07-14,0,,9,942,0,0.26,2,0.6000000000000001,13.95,58.9,United States,['United States'],,177,75,False,9.84,4.97,71.15,4.59,60.42,0.29,0.38,0.76,6.02,8.01,0.96,2,0.19,0,0.0,0.96,0.0,0,0.0,0.02,0,0.0,3,0.29,33.33,0.0,0.19,0.67,28.57,0.29,0.0,0.38,50.0,0.19,0.96,60.0,2.77,41.38,0.29,1.24,0.5700000000000001,11.08,0.19,0.5700000000000001,26.66,72.04,13.18,63.04,1.53,81.25,18.63,85.13,7.36,42.86,25.11,36.11,0.06,0.38,0.0,0.0,0.1,100.0,0.29,5.06,45.28,1.24,23.08,0.5700000000000001,33.33,0.19,0.19,7.93,66.27,84.4,10.41,0,,0,,0,0.0,0.0,0.0,,,0.48,,4.59,0.0,0.0,0.0,0.0,0,0.0
R. Cederberg,Rikard Cederberg,-271693,NY Pancyprian Freedoms,Bellarmine Knights,https://cdn5.wyscout.com/photos/team/public/g10779_120x120.png,,RCB,RCB,100,,0,,0,25.0,2001-02-23,0,,9,942,0,1.03,0,0.31,11.94,68.8,Sweden,['Sweden'],right,194,0,False,6.97,4.11,72.09,3.63,68.42,0.29,0.31,0.5700000000000001,3.73,4.02,0.5700000000000001,2,0.19,0,0.0,0.48,0.0,0,0.0,0.1,0,0.0,5,0.48,0.0,0.0,0.0,0.38,50.0,0.1,0.0,0.19,50.0,0.1,0.38,75.0,1.15,50.0,0.5700000000000001,0.38,0.1,9.17,0.19,0.38,20.45,74.3,10.13,57.55,1.15,75.0,14.81,83.87,5.25,49.09,25.74,37.78,0.03,0.19,0.0,0.0,0.1,0.0,0.1,4.11,51.16,0.96,20.0,0.29,0.0,0.1,0.19,5.54,62.07,92.05,8.41,0,,0,,0,0.0,0.0,0.0,,,0.67,,3.63,0.0,0.0,0.0,0.0,0,0.0
M. Brozovich,Matthew Brozovich,-214340,,Bellarmine Knights,,,GK,GK,100,,0,,0,25.0,2000-08-07,0,,9,942,0,0.0,0,0.0,2.2,82.61,United States,['United States'],,183,79,False,1.05,0.1,100.0,1.9100000000000001,85.0,0.0,0.0,0.0,0.96,1.03,0.0,0,0.0,0,0.0,0.0,0.0,0,0.0,0.0,0,0.0,0,0.0,0.0,0.0,0.0,0.0,0.0,0.0,0.0,0.0,0.0,0.0,0.0,0.0,0.1,0.0,0.0,0.0,0.0,2.68,0.1,0.19,10.8,83.19,9.27,83.51,0.1,0.0,1.72,94.44,9.08,81.05,45.19,49.01,0.0,0.0,0.0,0.0,0.0,0.0,0.0,2.29,91.67,0.0,0.0,0.0,0.0,0.0,0.0,7.45,91.03,86.67,1.43,7,0.67,32,3.06,4,78.13,9.24,0.88,2.24,0.214,0.0,3.63,1.9100000000000001,,,,0.0,0,0.0
L. Robinson,Louis Robinson,-203220,,Lipscomb Bisons,,,LB,LB,99,,0,,0,,,0,,9,904,0,1.47,1,0.86,15.73,56.33,England,['England'],,181,79,False,9.06,6.17,69.35,2.89,62.07,0.4,0.74,0.0,4.38,8.1,2.19,2,0.2,0,0.0,1.99,0.0,0,0.0,0.15,0,0.0,11,1.1,27.27,0.0,0.1,3.58,33.33,3.58,33.33,0.0,0.0,0.7000000000000001,0.6000000000000001,33.33,2.49,44.0,1.69,2.99,0.30000000000000004,27.18,2.29,0.7000000000000001,40.42,71.67,20.11,67.82,4.98,100.0,32.06,77.64,5.18,59.62,20.97,37.39,0.09,0.5,0.1,0.0,0.7000000000000001,42.86,0.5,8.96,75.56,3.68,45.95,0.1,100.0,0.9,1.29,14.24,78.32,68.38,11.65,0,,0,,0,0.0,0.0,0.0,,,0.5,,2.89,0.2,0.0,0.0,0.0,1,0.0
S. Andreassen,Sebastian Andreassen,427593,,Central Arkansas Bears,,,CF,CF,100,,0,,0,29.0,1997-05-29,0,,9,904,5,3.51,3,0.81,35.54,42.86,Norway,['Norway'],,195,83,False,2.49,2.29,47.83,14.83,56.38,0.0,0.0,0.0,1.3900000000000001,1.76,1.5899999999999999,2,0.2,0,0.0,2.99,0.5,5,0.5,0.35000000000000003,2,0.2,31,3.09,35.48,16.129,0.30000000000000004,1.29,30.77,0.5,40.0,0.7000000000000001,28.57,0.30000000000000004,2.19,68.18,12.15,33.61,3.68,0.9,0.2,9.96,3.7800000000000002,2.19,17.92,65.56,4.48,37.78,4.08,90.24,15.33,71.43,1.29,30.77,15.79,23.4,0.08,0.6000000000000001,0.0,0.0,0.30000000000000004,0.0,0.4,2.19,36.36,1.79,33.33,0.8,0.0,0.8,0.5,1.79,72.22,72.22,5.38,0,,0,,0,0.0,0.0,0.0,,,0.0,,14.83,0.1,0.1,0.0,0.0,0,0.0
M. Bendiksen,Mathias Bendiksen,-195380,Finnsnes,Central Arkansas Bears,https://cdn5.wyscout.com/photos/team/public/g18700_120x120.png,3. Division,"LDMF, LCMF, RDMF",LDMF,39,LCMF,17,RDMF,12,28.0,1997-10-25,0,,9,878,2,0.85,1,2.01,10.46,52.94,Norway,['Norway'],,185,73,False,6.46,5.54,62.96,1.6400000000000001,31.25,0.0,0.0,0.21,2.9699999999999998,3.94,0.41000000000000003,1,0.1,0,0.0,1.03,0.21,1,0.1,0.09,0,0.0,8,0.8200000000000001,25.0,25.0,0.1,0.62,83.33,0.41000000000000003,75.0,0.21,100.0,0.0,0.31,100.0,1.6400000000000001,37.5,0.0,0.72,0.31,13.84,0.31,0.1,27.68,76.3,12.4,61.16,2.36,95.65,18.45,86.67,8.61,53.57,24.11,36.06,0.21,1.54,0.1,0.0,0.1,0.0,0.31,6.77,59.09,1.54,53.33,1.03,40.0,0.41000000000000003,0.62,7.48,75.34,88.78,10.05,0,,0,,0,0.0,0.0,0.0,,,0.41000000000000003,,1.6400000000000001,3.2800000000000002,0.41000000000000003,25.0,1.85,1,100.0
T. Dunne,Teagan Dunne,-278844,Old Dominion Monarchs,Bellarmine Knights,https://cdn5.wyscout.com/photos/team/public/g27626_120x120.png,NCAA D1 Sun Belt,LB,LB,98,,0,,0,,,0,,9,866,1,0.22,0,0.1,19.85,59.16,United States,['United States'],unknown,181,66,False,13.09,10.81,74.04,3.74,36.11,0.31,0.35000000000000003,0.0,4.78,5.37,0.62,1,0.1,0,0.0,1.1400000000000001,0.1,1,0.1,0.02,0,0.0,3,0.31,33.33,33.333,0.0,2.49,25.0,2.39,21.74,0.0,0.0,0.1,1.04,30.0,2.49,37.5,0.21,0.52,0.1,14.03,0.73,0.42,27.75,56.55,15.9,52.29,1.77,88.24,18.29,65.91,7.17,42.03,23.03,33.48,0.01,0.42,0.0,0.0,0.1,100.0,0.1,5.92,54.39,2.6,32.0,0.1,100.0,0.42,0.42,10.18,55.1,56.06,6.86,0,,0,,0,0.0,0.0,0.0,,,0.21,,3.74,0.1,0.0,0.0,0.0,0,0.0
W. Turner,William Turner,-214023,Lipscomb Bisons,Lipscomb Bisons,https://cdn5.wyscout.com/photos/team/public/g-2991_120x120.png,ASUN,"LCB, RDMF",LCB,77,RDMF,18,,0,,,0,,9,853,0,0.05,0,0.0,12.98,60.98,United States,['United States'],unknown,183,79,False,9.18,5.38,78.43,4.43,45.24,0.32,0.56,0.21,4.64,8.15,0.42,1,0.11,0,0.0,0.21,0.0,0,0.0,0.01,0,0.0,3,0.32,33.33,0.0,0.0,0.11,0.0,0.0,0.0,0.11,0.0,0.11,0.11,100.0,1.37,61.54,0.32,0.42,0.0,30.28,0.21,0.21,47.48,86.0,21.84,78.26,3.9,94.59,40.62,89.61,6.75,65.63,22.35,36.39,0.0,0.0,0.0,0.0,0.0,0.0,0.0,5.7,68.52,0.63,33.33,0.21,0.0,0.11,0.11,11.29,66.36,95.93,18.15,0,,0,,0,0.0,0.0,0.0,,,2.5300000000000002,,4.43,0.0,0.0,0.0,0.0,0,0.0
W. Turner,William Turner,-490968,,Lipscomb Bisons,,,"LCB, RDMF",LCB,77,RDMF,18,,0,,,0,,9,853,0,0.05,0,0.0,12.98,60.98,United States,['United States'],unknown,183,79,False,9.18,5.38,78.43,4.43,45.24,0.32,0.56,0.21,4.64,8.15,0.42,1,0.11,0,0.0,0.21,0.0,0,0.0,0.01,0,0.0,3,0.32,33.33,0.0,0.0,0.11,0.0,0.0,0.0,0.11,0.0,0.11,0.11,100.0,1.37,61.54,0.32,0.42,0.0,30.28,0.21,0.21,47.48,86.0,21.84,78.26,3.9,94.59,40.62,89.61,6.75,65.63,22.35,36.39,0.0,0.0,0.0,0.0,0.0,0.0,0.0,5.7,68.52,0.63,33.33,0.21,0.0,0.11,0.11,11.29,66.36,95.93,18.15,0,,0,,0,0.0,0.0,0.0,,,2.5300000000000002,,4.43,0.0,0.0,0.0,0.0,0,0.0
J. Kirn,Jackson Kirn,-214370,,Bellarmine Knights,,,LCB,LCB,100,,0,,0,,,0,,8,848,0,1.33,0,0.0,17.41,57.32,United States,['United States'],,196,84,False,8.07,4.78,64.44,8.49,55.0,0.32,0.35000000000000003,0.53,4.67,5.18,0.85,0,0.0,0,0.0,0.21,0.0,0,0.0,0.14,0,0.0,5,0.53,0.0,0.0,0.0,0.0,0.0,0.0,0.0,0.0,0.0,0.0,0.64,33.33,1.38,46.15,0.85,0.11,0.0,9.02,0.21,0.85,19.1,66.67,11.14,54.29,0.11,100.0,12.84,81.82,6.26,35.59,23.88,34.5,0.0,0.0,0.0,0.0,0.0,0.0,0.0,2.76,30.77,0.32,33.33,0.21,0.0,0.21,0.0,6.05,42.11,87.93,6.16,0,,0,,0,0.0,0.0,0.0,,,0.11,,8.49,0.11,0.0,0.0,0.0,0,0.0
R. Lapointe-Guevara,Richy Lapointe-Guevara,-214107,,Central Arkansas Bears,,,RCB,RCB,90,,0,,0,,,0,,8,841,3,1.18,1,0.47000000000000003,19.8,55.14,Canada,['Canada'],,180,77,False,9.95,6.63,59.68,8.03,46.67,0.75,0.99,0.32,5.24,6.93,1.3900000000000001,4,0.43,1,0.11,1.3900000000000001,0.32,3,0.32,0.13,0,0.0,10,1.07,50.0,30.0,0.11,0.75,57.14,0.21,100.0,0.54,40.0,0.21,0.96,44.44,2.68,56.0,1.3900000000000001,1.07,0.21,13.48,0.86,0.96,29.86,62.72,17.02,48.43,1.3900000000000001,84.62,18.73,73.71,10.38,43.3,26.33,42.14,0.05,0.43,0.0,0.0,0.0,0.0,0.32,8.45,50.63,1.71,37.5,0.64,16.67,0.32,0.43,10.59,57.58,82.14,8.99,0,,0,,0,0.0,0.0,0.0,,,0.75,,8.03,0.0,0.0,0.0,0.0,0,0.0
B. Basara,Boris Basara,382209,,Queens Royals,,,"CB, RCMF",CB,65,RCMF,17,,0,28.0,1998-02-22,0,,8,830,0,0.15,0,0.06,14.42,60.15,Austria,['Austria'],,181,77,False,10.52,6.72,61.29,2.93,55.56,0.98,1.38,0.54,5.42,7.65,1.19,5,0.54,0,0.0,0.22,0.0,0,0.0,0.02,0,0.0,2,0.22,0.0,0.0,0.0,0.33,33.33,0.11,0.0,0.11,0.0,0.0,0.11,100.0,1.73,75.0,0.11,0.11,0.0,20.82,0.43,0.98,36.54,75.37,17.89,58.79,2.2800000000000002,90.48,24.61,85.9,11.6,54.21,24.84,37.17,0.01,0.11,0.0,0.0,0.0,0.0,0.11,7.8100000000000005,52.78,1.3,41.67,0.76,28.57,0.43,0.11,10.08,69.89,93.65,13.66,0,,0,,0,0.0,0.0,0.0,,,1.52,,2.93,0.65,0.0,0.0,0.0,0,0.0
W. Kistner,Wyatt Kistner,-213966,,FGCU Eagles,,,GK,GK,100,,0,,0,24.0,2001-12-07,0,,8,829,0,0.0,0,0.0,1.74,81.25,United States,['United States'],,185,84,False,1.9500000000000002,0.22,50.0,1.09,100.0,0.0,0.0,0.0,1.85,3.4,0.0,1,0.11,0,0.0,0.0,0.0,0,0.0,0.0,0,0.0,0,0.0,0.0,0.0,0.0,0.0,0.0,0.0,0.0,0.0,0.0,0.0,0.0,0.0,0.11,0.0,0.0,0.0,0.0,9.55,0.0,0.11,18.56,87.72,8.58,78.48,0.0,0.0,11.94,99.09,6.51,68.33,31.68,46.19,0.0,0.0,0.0,0.0,0.0,0.0,0.0,1.3,75.0,0.11,0.0,0.0,0.0,0.0,0.0,5.1,68.09,96.34,8.9,11,1.19,37,4.02,2,70.27,9.3,1.01,-1.7000000000000002,-0.185,0.0,2.17,1.09,,,,0.0,0,0.0
T. Dilorenzo,Tom Dilorenzo,-214302,,Stetson Hatters,,,"RB, RWB, RB5",RB,51,RWB,24,RB5,22,27.0,1999-01-17,0,,9,817,0,0.31,0,0.45,15.09,44.53,France,['France'],,165,64,False,9.03,5.73,57.69,3.64,42.42,0.99,1.3599999999999999,0.33,4.74,6.48,0.66,2,0.22,0,0.0,1.21,0.0,0,0.0,0.03,0,0.0,4,0.44,0.0,0.0,0.0,2.75,28.0,0.0,0.0,2.75,28.0,0.0,1.54,21.43,2.86,19.23,0.55,0.99,0.44,32.06,1.21,0.44,44.28,73.13,18.51,64.88,5.4,93.88,34.26,82.64,7.49,45.59,21.15,37.59,0.05,0.55,0.0,0.0,0.22,50.0,0.11,8.59,60.26,4.41,37.5,0.99,33.33,0.77,1.1,10.02,70.33,78.13,14.1,0,,0,,0,0.0,0.0,0.0,,,0.11,,3.64,0.44,0.0,0.0,0.0,0,0.0
H. Steigelman,Herbie Steigelman,-214062,,North Florida Ospreyes,,,LB,LB,90,,0,,0,,,0,,8,816,0,0.09,2,1.2,15.22,60.14,United States,['United States'],unknown,179,77,False,10.48,6.07,80.0,4.63,50.0,0.11,0.14,0.22,5.51,6.85,0.33,0,0.0,0,0.0,1.43,0.0,0,0.0,0.01,0,0.0,3,0.33,33.33,0.0,0.22,2.43,27.27,2.43,27.27,0.0,0.0,0.44,0.99,66.67,2.76,36.0,0.22,0.33,0.22,13.24,0.88,0.55,27.46,57.83,14.01,44.88,3.42,87.1,16.54,72.0,8.6,38.46,25.22,39.01,0.13,0.77,0.0,0.0,0.0,0.0,0.22,7.5,39.71,3.9699999999999998,36.11,0.77,42.86,0.88,0.88,8.38,60.53,60.66,6.73,0,,0,,0,0.0,0.0,0.0,,,0.55,,4.63,0.88,0.0,0.0,1.99,0,0.0
K. Zinck,Kelvin Zinck,-214333,,Stetson Hatters,,,"LCB, CB, LCB3",LCB,55,CB,25,LCB3,17,,,0,,8,815,0,0.12,0,0.0,13.36,52.07,United States,['United States'],,185,79,False,8.72,5.19,65.96,3.31,33.33,0.11,0.16,0.44,5.19,7.54,0.77,2,0.22,0,0.0,0.11,0.0,0,0.0,0.01,0,0.0,1,0.11,0.0,0.0,0.0,0.11,0.0,0.11,0.0,0.0,0.0,0.0,0.33,33.33,1.55,50.0,0.33,1.6600000000000001,0.33,26.61,0.11,0.44,44.28,83.54,19.21,69.54,1.6600000000000001,93.33,35.78,91.98,8.39,48.68,26.24,45.24,0.0,0.11,0.0,0.0,0.0,0.0,0.0,9.39,60.0,0.66,0.0,0.55,20.0,0.0,0.0,9.5,74.42,96.2,20.32,0,,0,,0,0.0,0.0,0.0,,,1.33,,3.31,0.0,0.0,0.0,0.0,0,0.0
O. Jack,Owen Jack,-214316,,Stetson Hatters,,,GK,GK,100,,0,,0,26.0,2000-02-25,0,,8,815,0,0.0,0,0.0,1.55,78.57,United States,['United States'],,191,84,False,2.32,0.55,60.0,0.88,87.5,0.0,0.0,0.0,1.99,3.05,0.0,0,0.0,0,0.0,0.0,0.0,0,0.0,0.0,0,0.0,0,0.0,0.0,0.0,0.0,0.0,0.0,0.0,0.0,0.0,0.0,0.0,0.0,0.0,0.11,100.0,0.0,0.0,0.0,10.6,0.11,0.22,18.55,82.14,11.48,72.12,0.0,0.0,10.93,96.97,7.51,61.76,33.12,44.43,0.0,0.0,0.0,0.0,0.0,0.0,0.0,1.77,62.5,0.11,0.0,0.0,0.0,0.0,0.0,5.52,60.0,98.36,6.74,10,1.1,41,4.53,3,75.61,7.97,0.88,-2.03,-0.224,0.0,2.1,0.88,,,,0.0,0,0.0
C. Dunne,Camden Dunne,-214342,,Bellarmine Knights,,,"LCMF, RCMF",LCMF,65,RCMF,33,,0,25.0,2001-05-16,0,,9,814,0,0.62,0,0.15,17.47,57.59,United States,['United States'],,178,0,False,12.27,6.74,68.85,5.64,58.82,0.44,0.42,0.44,7.19,6.77,0.88,2,0.22,0,0.0,0.44,0.0,0,0.0,0.07,0,0.0,7,0.77,28.57,0.0,0.0,0.66,16.67,0.55,0.0,0.11,100.0,0.22,0.11,100.0,1.6600000000000001,33.33,0.55,0.33,0.11,8.73,0.77,0.55,26.31,59.66,13.27,47.5,1.88,82.35,20.23,67.76,5.42,34.69,21.58,37.51,0.02,0.22,0.0,0.0,0.11,0.0,0.11,6.86,46.77,1.0,33.33,0.33,33.33,0.22,0.11,7.19,55.38,75.0,7.52,0,,0,,0,0.0,0.0,0.0,,,0.0,,5.64,1.6600000000000001,0.0,0.0,0.11,0,0.0
S. Idinge,Samuel Idinge,-352412,,Queens Royals,,,"RCB3, LWB",RCB3,65,LWB,23,,0,,,0,,8,806,0,0.62,0,0.0,17.08,46.41,United States,['United States'],,183,79,False,9.83,7.7,53.62,5.47,46.94,0.33,0.47000000000000003,0.0,5.36,7.5,1.12,0,0.0,0,0.0,0.33,0.0,0,0.0,0.07,0,0.0,3,0.33,33.33,0.0,0.0,0.45,0.0,0.11,0.0,0.33,0.0,0.11,0.33,66.67,1.45,38.46,0.33,0.22,0.11,20.21,1.34,1.23,31.82,76.49,12.95,63.79,2.9,92.31,26.8,83.33,4.58,43.9,20.94,37.98,0.0,0.0,0.0,0.0,0.0,0.0,0.0,3.46,35.48,0.89,0.0,0.22,0.0,0.0,0.0,6.14,61.82,82.64,13.51,0,,0,,0,0.0,0.0,0.0,,,1.9,,5.47,0.11,0.0,0.0,0.0,0,0.0
H. Wood,Hayes Wood,-203231,,Lipscomb Bisons,,,RAMF,RAMF,89,,0,,0,,,0,,9,798,5,3.83,0,1.4,35.98,56.11,United States,['United States'],,186,88,False,7.67,6.77,68.33,13.2,60.68,0.34,0.6000000000000001,0.23,2.71,4.83,1.13,1,0.11,0,0.0,6.65,0.56,4,0.45,0.43,3,0.34,19,2.14,68.42,26.316,0.0,4.29,28.95,0.0,0.0,4.29,28.95,0.79,5.53,63.27,12.29,50.46,3.61,3.27,1.35,16.8,0.9,1.24,29.21,66.41,10.94,67.01,4.96,95.45,23.57,75.6,1.69,33.33,18.24,27.4,0.16,0.9,0.23,0.0,0.56,80.0,0.34,3.16,60.71,2.93,46.15,0.11,0.0,0.79,1.02,6.65,74.58,54.43,8.91,0,,0,,0,0.0,0.0,0.0,,,0.11,,13.2,0.0,0.0,0.0,0.0,1,100.0
K. Diao,Karim Diao,-222057,,Central Arkansas Bears,,,"AMF, CF, RAMF",AMF,41,CF,17,RAMF,11,,,0,,9,795,2,1.0,0,0.05,23.66,38.28,France,['France'],,172,72,False,5.32,5.77,50.98,2.6,26.09,0.34,0.38,0.11,2.04,2.2800000000000002,2.94,3,0.34,1,0.11,1.92,0.23,2,0.23,0.11,0,0.0,9,1.02,55.56,22.222,0.0,0.79,14.29,0.45,25.0,0.23,0.0,0.11,3.17,35.71,12.34,35.78,1.7000000000000002,1.47,0.11,9.62,1.25,2.94,18.79,63.25,6.57,46.55,4.19,94.59,16.08,68.31,1.92,41.18,18.08,26.47,0.01,0.34,0.0,0.0,0.34,33.33,0.23,4.3,57.89,0.91,25.0,0.34,33.33,0.0,0.11,2.7199999999999998,66.67,61.36,4.98,0,,0,,0,0.0,0.0,0.0,,,0.0,,2.6,0.0,0.0,0.0,0.0,0,0.0
B. Pope,Brock Pope,-232758,,Bellarmine Knights,,,"RB, LCB",RB,68,LCB,11,,0,24.0,2002-02-04,0,,8,792,2,1.11,1,0.45,19.2,60.36,United States,['United States'],,185,75,False,12.39,8.75,62.34,5.45,68.75,0.23,0.22,0.34,6.7,6.5600000000000005,1.3599999999999999,3,0.34,0,0.0,2.27,0.23,2,0.23,0.13,1,0.11,12,1.3599999999999999,25.0,16.667,0.11,2.39,47.62,0.23,50.0,2.16,47.37,0.34,1.02,77.78,2.27,50.0,1.9300000000000002,0.5700000000000001,0.11,14.43,1.25,0.91,31.93,62.99,16.7,55.1,1.7000000000000002,86.67,22.73,70.0,7.05,45.16,22.05,34.71,0.05,0.5700000000000001,0.0,0.0,0.11,0.0,0.23,6.48,47.37,2.84,44.0,0.45,0.0,0.34,0.91,9.77,55.81,72.73,10.0,0,,0,,0,0.0,0.0,0.0,,,0.11,,5.45,0.0,0.0,0.0,0.0,0,0.0
D. Wintermeier,Daniel Wintermeier,-214332,,Stetson Hatters,,,"RCB, CB, RCB3",RCB,45,CB,24,RCB3,23,,,0,,8,789,0,0.15,1,0.45,17.79,62.18,United States,['United States'],,188,77,False,8.44,5.25,65.22,9.58,65.48,0.11,0.17,0.46,4.9,7.13,1.6,2,0.23,0,0.0,0.68,0.0,0,0.0,0.02,0,0.0,3,0.34,66.67,0.0,0.11,0.11,0.0,0.11,0.0,0.0,0.0,0.0,0.34,100.0,0.91,62.5,0.68,0.34,0.0,29.66,0.34,0.68,48.14,78.44,21.67,58.42,2.05,100.0,37.87,89.76,10.15,37.08,24.5,40.08,0.05,0.11,0.0,0.0,0.11,100.0,0.11,7.98,47.14,0.68,0.0,0.91,50.0,0.23,0.0,9.13,62.5,96.37,22.02,0,,0,,0,0.0,0.0,0.0,,,1.71,,9.58,0.0,0.0,0.0,0.0,0,0.0
A. Gabbani,Alessandro Gabbani,-35774,,Stetson Hatters,,,"LDMF, LCMF",LDMF,39,LCMF,35,,0,26.0,1999-07-13,0,,8,786,3,1.15,0,0.01,21.07,53.8,Italy,['Italy'],left,180,74,False,9.27,6.41,62.5,7.1,46.77,0.23,0.35000000000000003,0.5700000000000001,5.04,7.63,0.46,0,0.0,1,0.11,1.37,0.34,3,0.34,0.13,0,0.0,17,1.9500000000000002,29.41,17.647,0.0,0.34,0.0,0.34,0.0,0.0,0.0,0.0,1.26,54.55,4.24,48.65,1.15,0.34,0.46,22.9,0.11,0.92,37.79,81.52,14.77,70.54,4.92,97.67,33.78,85.42,3.66,53.13,18.63,35.43,0.0,0.23,0.0,0.0,0.11,100.0,0.0,7.5600000000000005,81.82,1.26,45.45,0.5700000000000001,80.0,0.34,0.0,8.13,70.42,88.79,12.25,0,,0,,0,0.0,0.0,0.0,,,0.11,,7.1,0.23,0.23,100.0,0.0,0,0.0
C. Ahl,Charles Ahl,511709,Pittsburgh Riverhounds,Stetson Hatters,https://cdn5.wyscout.com/photos/team/public/g10088_120x120.png,USL Championship,"AMF, RCMF",AMF,46,RCMF,18,,0,23.0,2002-10-15,0,,9,785,1,0.8,4,2.1,24.88,47.93,United States,['United States'],,175,64,False,5.96,4.82,57.14,2.98,46.15,0.11,0.15,0.0,3.1,4.01,0.92,0,0.0,0,0.0,5.96,0.11,1,0.11,0.09,0,0.0,16,1.83,43.75,6.25,0.46,3.67,28.13,1.49,30.77,2.18,26.32,0.46,6.08,62.26,12.96,53.1,1.26,1.38,0.5700000000000001,26.83,0.8,2.75,41.73,77.2,12.27,66.36,7.57,89.39,35.77,85.26,2.64,34.78,19.4,40.16,0.24,1.83,0.0,0.0,1.15,30.0,0.34,6.54,68.42,3.44,33.33,1.15,20.0,0.92,1.03,5.96,75.0,84.35,13.18,0,,0,,0,0.0,0.0,0.0,,,0.0,,2.98,2.87,0.0,0.0,2.87,0,0.0
C. Reasonover,Cole Reasonover,-214124,,Jacksonville Dolphins,,,"LB, LWB",LB,79,LWB,14,,0,,,0,,8,779,0,0.02,0,0.99,23.68,52.68,United States,['United States'],,172,71,False,12.59,8.9,76.62,3.58,35.48,0.58,0.89,0.12,5.2,7.99,0.81,1,0.12,0,0.0,3.12,0.0,0,0.0,0.0,0,0.0,1,0.12,0.0,0.0,0.0,3.35,37.93,3.35,37.93,0.0,0.0,0.12,3.23,53.57,8.66,40.0,0.6900000000000001,1.85,0.6900000000000001,26.92,2.77,1.16,41.25,78.15,16.98,66.67,9.24,96.25,34.78,83.72,3.7,59.38,19.79,37.39,0.11,0.92,0.12,0.0,0.23,50.0,0.12,5.55,72.92,2.66,47.83,0.35000000000000003,33.33,0.23,1.04,9.7,65.48,83.75,9.24,0,,0,,0,0.0,0.0,0.0,,,0.35000000000000003,,3.58,1.04,0.0,0.0,1.62,0,0.0
Z. Schawl,Zach Schawl,513356,,Central Arkansas Bears,,,GK,GK,100,,0,,0,24.0,2001-12-27,0,,7,757,0,0.0,0,0.0,1.19,90.0,United States,['United States'],,193,86,False,1.43,0.0,0.0,0.9500000000000001,100.0,0.0,0.0,0.0,1.43,1.83,0.0,0,0.0,0,0.0,0.0,0.0,0,0.0,0.0,0,0.0,0,0.0,0.0,0.0,0.0,0.0,0.0,0.0,0.0,0.0,0.0,0.0,0.0,0.0,0.24,50.0,0.0,0.0,0.0,3.21,0.0,0.12,9.27,87.18,6.78,82.46,0.0,0.0,4.4,97.3,4.87,78.05,36.88,40.16,0.0,0.0,0.0,0.0,0.0,0.0,0.0,0.59,80.0,0.0,0.0,0.0,0.0,0.0,0.0,4.64,84.62,100.0,2.38,14,1.6600000000000001,39,4.64,2,64.1,11.32,1.35,-2.68,-0.319,0.0,2.14,0.9500000000000001,,,,0.0,0,0.0
J. Fischer,Jack Fischer,-214357,,Bellarmine Knights,,,LW,LW,98,,0,,0,,,0,,9,745,0,0.55,2,3.13,19.09,44.3,United States,['United States'],,170,64,False,7.61,5.44,77.78,2.66,27.27,0.12,0.11,0.12,3.26,2.91,0.6000000000000001,0,0.0,0,0.0,4.23,0.0,0,0.0,0.07,0,0.0,4,0.48,25.0,0.0,0.24,4.83,32.5,4.23,25.71,0.6000000000000001,80.0,0.85,3.99,60.61,7.85,36.92,0.97,0.85,0.48,11.6,1.21,0.48,22.71,56.38,8.58,45.07,3.99,87.88,13.53,73.21,4.59,28.95,23.17,40.21,0.38,2.05,0.0,0.12,0.36,33.33,0.85,3.62,33.33,5.19,39.53,1.45,25.0,0.72,1.45,5.19,69.77,50.77,7.85,0,,0,,0,0.0,0.0,0.0,,,0.24,,2.66,1.33,0.12,0.0,1.69,0,0.0
B. Schoemehl,Brendan Schoemehl,-271716,Bellarmine Knights,Bellarmine Knights,https://cdn5.wyscout.com/photos/team/public/g-13209_120x120.png,NCAA D1 ASUN,"RCMF, LCMF",RCMF,59,LCMF,37,,0,,,0,,8,741,1,1.6,0,0.05,24.66,52.71,United States,['United States'],unknown,185,83,False,10.08,4.86,62.5,11.54,55.79,0.49,0.47000000000000003,1.21,6.5600000000000005,6.4,0.61,1,0.12,0,0.0,1.09,0.12,1,0.12,0.19,0,0.0,7,0.85,28.57,14.286,0.0,0.12,0.0,0.0,0.0,0.12,0.0,0.0,1.7000000000000002,42.86,5.22,37.21,1.09,0.85,0.12,6.32,0.12,0.85,21.5,72.88,10.08,61.45,2.43,95.0,17.85,76.19,3.52,58.62,19.94,31.21,0.01,0.24,0.0,0.0,0.12,100.0,0.0,5.47,57.78,0.49,50.0,0.24,50.0,0.49,0.0,4.13,67.65,76.79,6.8,0,,0,,0,0.0,0.0,0.0,,,0.12,,11.54,0.0,0.0,0.0,0.0,0,0.0
O. Correa,Olivier Correa,-214092,FC Supra,Jacksonville Dolphins,https://cdn5.wyscout.com/photos/team/public/g-25997_120x120.png,Canadian Premier League,"CF, AMF, LAMF",CF,31,AMF,26,LAMF,23,24.0,2002-03-19,0,,8,740,1,1.25,0,0.15,30.65,44.05,Canada,['Canada'],,155,64,False,6.2,6.57,68.52,2.07,11.76,0.0,0.0,0.0,1.7000000000000002,2.58,0.61,1,0.12,0,0.0,4.38,0.12,1,0.12,0.15,0,0.0,17,2.07,29.41,5.882,0.0,0.61,0.0,0.36,0.0,0.24,0.0,0.0,6.08,62.0,17.51,40.28,2.19,2.19,0.61,17.64,0.61,1.82,28.09,74.46,7.54,53.23,7.91,92.31,25.78,77.36,1.7000000000000002,57.14,17.65,38.7,0.02,0.85,0.0,0.0,0.12,0.0,0.0,3.77,64.52,1.22,60.0,0.24,0.0,0.61,0.0,3.5300000000000002,65.52,81.33,9.12,0,,0,,0,0.0,0.0,0.0,,,0.24,,2.07,0.0,0.0,0.0,0.36,0,0.0
C. Patsch,Caleb Patsch,-352395,,Queens Royals,,,"LWB, RWB, RCB3",LWB,59,RWB,15,RCB3,13,26.0,2000-01-01,0,,8,738,0,0.14,0,0.12,18.41,45.7,United States,['United States'],,181,78,False,8.78,7.5600000000000005,62.9,2.56,38.1,0.24,0.33,0.0,3.7800000000000002,5.05,1.34,1,0.12,0,0.0,1.71,0.0,0,0.0,0.02,0,0.0,2,0.24,50.0,0.0,0.0,0.85,57.14,0.49,50.0,0.37,66.67,0.24,2.8,39.13,5.73,36.17,0.61,1.1,0.98,13.05,0.85,1.1,24.51,78.11,8.9,72.6,5.49,86.67,21.22,81.61,2.44,55.0,17.45,22.87,0.01,0.37,0.0,0.0,0.12,0.0,0.0,1.71,64.29,0.85,57.14,0.12,0.0,0.37,0.49,4.51,64.86,82.69,6.34,0,,0,,0,0.0,0.0,0.0,,,0.73,,2.56,0.0,0.0,0.0,0.0,0,0.0
J. Araujo-Wilson,Joshua Araujo-Wilson,-214084,Defence Force,Jacksonville Dolphins,https://cdn5.wyscout.com/photos/team/public/g7328_120x120.png,T & T Pro League,"LDMF, LCMF, LCB",LDMF,35,LCMF,33,LCB,15,26.0,1999-08-08,0,,8,729,1,0.16,0,0.87,20.12,58.9,Trinidad and Tobago,['Trinidad and Tobago'],,172,70,False,10.62,6.79,74.55,3.46,53.57,0.25,0.36,0.25,5.31,7.68,0.37,0,0.0,0,0.0,1.6,0.12,1,0.12,0.02,0,0.0,6,0.74,16.67,16.667,0.0,0.86,28.57,0.86,28.57,0.0,0.0,0.12,1.48,83.33,6.79,52.73,0.25,1.23,0.0,31.23,0.0,1.85,50.37,78.92,17.53,62.68,7.9,92.19,40.25,87.12,9.26,48.0,21.85,40.12,0.11,0.37,0.0,0.0,0.12,0.0,0.0,9.38,55.26,1.3599999999999999,45.45,0.49,0.0,0.49,0.37,9.63,62.82,87.43,20.62,0,,0,,0,0.0,0.0,0.0,,,1.73,,3.46,0.25,0.0,0.0,0.12,0,0.0
D. Shabani,Daniel  Shabani,-275451,Florida Southern Moccasins,Central Arkansas Bears,https://cdn5.wyscout.com/photos/team/public/g-18498_120x120.png,NCAA D1 Non-conference matches,LB,LB,96,,0,,0,25.0,2001-03-16,0,,9,725,0,0.23,1,0.51,22.97,52.97,Sweden,['Sweden'],unknown,177,70,False,15.52,10.06,60.49,5.09,51.22,1.6099999999999999,1.76,0.37,7.82,8.51,1.6099999999999999,2,0.25,0,0.0,1.37,0.0,0,0.0,0.03,0,0.0,5,0.62,40.0,0.0,0.12,1.37,9.09,1.24,10.0,0.12,0.0,0.37,1.99,50.0,4.84,38.46,0.25,1.24,0.5,15.89,1.24,1.12,29.3,64.83,15.64,57.14,2.11,88.24,18.25,78.91,9.68,46.15,24.07,36.56,0.06,0.62,0.12,0.0,0.0,0.0,0.0,7.82,60.32,2.86,21.74,0.62,0.0,0.37,0.12,9.68,67.95,77.42,7.7,0,,0,,0,0.0,0.0,0.0,,,0.5,,5.09,1.8599999999999999,0.25,50.0,1.74,0,0.0
A. Drey,Alon Drey,464070,Tormenta,FGCU Eagles,https://cdn5.wyscout.com/photos/team/public/g35722_120x120.png,PDL,"LCMF, RCMF, DMF",LCMF,48,RCMF,35,DMF,13,26.0,2000-06-04,0,2026-11-30,7,714,1,0.29,2,0.36,19.92,53.8,Israel,['Israel'],left,180,78,False,10.21,7.94,69.84,3.91,54.84,0.88,1.63,0.13,3.7800000000000002,6.98,1.3900000000000001,3,0.38,0,0.0,0.76,0.13,1,0.13,0.04,0,0.0,6,0.76,33.33,16.667,0.25,1.01,0.0,0.76,0.0,0.25,0.0,0.25,1.8900000000000001,26.67,5.17,24.39,0.13,1.13,0.0,35.17,0.0,0.5,52.31,84.34,16.26,68.99,7.69,96.72,44.87,90.45,6.43,54.9,21.56,36.8,0.05,0.5,0.0,0.0,0.13,0.0,0.13,10.46,72.29,2.02,6.25,0.76,0.0,0.13,0.38,8.57,75.0,91.04,25.34,0,,0,,0,0.0,0.0,0.0,,,0.5,,3.91,1.26,0.0,0.0,3.15,0,0.0
C. Forcellini,Cooper Forcellini,-360863,St. Louis City II,Bellarmine Knights,https://cdn5.wyscout.com/photos/team/public/g-15452_120x120.png,MLS Next Pro,"CF, AMF",CF,74,AMF,18,,0,22.0,2003-07-31,0,,9,711,1,0.96,0,0.9,30.76,41.98,United States,['United States'],unknown,0,0,False,6.46,5.95,65.96,3.67,34.48,0.38,0.31,0.0,2.15,1.75,1.9,2,0.25,0,0.0,2.7800000000000002,0.13,1,0.13,0.12,0,0.0,12,1.52,16.67,8.333,0.0,0.76,16.67,0.51,0.0,0.25,50.0,0.13,5.44,41.86,17.34,36.5,1.1400000000000001,1.01,1.01,11.9,1.3900000000000001,4.05,19.75,70.51,6.2,63.27,3.67,93.1,17.34,75.91,1.77,42.86,16.53,17.88,0.11,0.76,0.38,0.0,0.25,50.0,0.13,3.42,51.85,1.27,50.0,0.51,50.0,0.51,0.0,2.7800000000000002,63.64,69.23,6.58,0,,0,,0,0.0,0.0,0.0,,,0.0,,3.67,1.52,0.25,50.0,1.27,0,0.0
T. Demps,Trey Demps,-214098,,Jacksonville Dolphins,,,"RB, RCB3",RB,88,RCB3,11,,0,,,0,,8,709,0,0.88,1,0.47000000000000003,16.63,50.38,United States,['United States'],,156,69,False,7.74,5.46,69.77,2.67,52.38,0.89,1.27,0.13,3.05,4.34,0.51,1,0.13,0,0.0,2.67,0.0,0,0.0,0.11,0,0.0,4,0.51,25.0,0.0,0.13,2.79,40.91,0.13,100.0,2.67,38.1,0.25,2.79,40.91,6.47,37.25,0.51,2.03,1.02,23.48,3.43,1.27,35.8,76.24,14.72,69.83,7.49,93.22,30.47,82.92,3.05,41.67,20.6,38.74,0.06,0.76,0.0,0.0,0.25,100.0,0.38,5.33,64.29,2.67,47.62,0.51,25.0,0.25,0.76,8.38,63.64,77.03,9.39,0,,0,,0,0.0,0.0,0.0,,,0.63,,2.67,0.0,0.0,0.0,0.13,0,0.0
M. Pereira,Matheus  Pereira,-233832,,Queens Royals,,,"RCMF, LCMF, DMF",RCMF,49,LCMF,24,DMF,22,28.0,1997-12-09,0,,8,697,0,0.09,0,1.05,23.11,44.69,Brazil,['Brazil'],,0,0,False,8.52,8.52,48.48,3.36,38.46,0.9,1.17,0.13,3.49,4.5,1.94,2,0.26,0,0.0,2.2,0.0,0,0.0,0.01,0,0.0,5,0.65,60.0,0.0,0.0,1.55,33.33,1.16,33.33,0.39,33.33,0.65,1.6800000000000002,69.23,8.01,46.77,0.0,0.26,0.0,26.6,0.65,2.07,39.9,78.64,14.07,69.72,5.29,80.49,33.7,84.29,4.65,52.78,19.39,32.8,0.14,0.77,0.0,0.0,0.65,20.0,0.0,8.26,64.06,2.58,25.0,1.03,0.0,0.13,0.52,6.97,88.89,83.46,16.4,0,,0,,0,0.0,0.0,0.0,,,0.0,,3.36,2.71,0.13,100.0,1.55,0,0.0
F. Mendonca,Felipe Mendonca,-352358,Tormenta,Queens Royals,https://cdn5.wyscout.com/photos/team/public/g35722_120x120.png,PDL,CF,CF,100,,0,,0,,,0,,7,693,5,4.18,1,0.43,38.18,33.67,Brazil,['Brazil'],,188,82,False,4.03,3.25,76.0,13.25,35.29,0.13,0.18,0.0,1.43,1.96,1.04,1,0.13,0,0.0,2.86,0.65,3,0.39,0.54,1,0.13,21,2.73,52.38,23.81,0.13,0.65,40.0,0.0,0.0,0.65,40.0,0.0,3.25,32.0,15.71,23.97,2.73,1.56,0.0,10.0,2.86,2.08,18.31,77.3,3.64,50.0,7.27,94.64,17.01,78.63,0.78,66.67,14.61,13.98,0.06,0.78,0.0,0.0,0.39,33.33,0.26,1.17,44.44,0.78,50.0,0.52,25.0,0.39,0.26,1.43,81.82,66.67,3.12,0,,0,,0,0.0,0.0,0.0,,,0.0,,13.25,0.0,0.0,0.0,0.0,3,66.667
O. Wolf,Oskar Wolf,-352511,,Queens Royals,,,"LCB3, CB",LCB3,82,CB,12,,0,25.0,2000-12-02,0,,7,683,0,0.0,0,0.36,17.92,55.88,Germany,['Germany'],unknown,191,88,False,10.41,8.57,67.69,4.88,43.24,0.66,0.9400000000000001,0.53,3.95,5.66,1.32,3,0.4,0,0.0,0.0,0.0,0,0.0,0.0,0,0.0,0,0.0,0.0,0.0,0.0,0.0,0.0,0.0,0.0,0.0,0.0,0.0,0.0,0.0,2.64,50.0,0.66,0.92,0.0,23.85,0.4,1.19,38.87,82.03,16.08,68.03,3.16,91.67,32.02,86.83,6.85,59.62,23.25,37.96,0.05,0.26,0.0,0.0,0.0,0.0,0.13,3.43,53.85,0.66,40.0,0.66,60.0,0.4,0.0,8.17,61.29,96.06,16.73,0,,0,,0,0.0,0.0,0.0,,,1.32,,4.88,0.0,0.0,0.0,0.0,0,0.0
D. Alves,Davi Esteves De Freitas Alves,-286962,Dukla Banská Bystrica,FGCU Eagles,https://cdn5.wyscout.com/photos/team/public/g39880_120x120.png,2. liga,AMF,AMF,90,,0,,0,25.0,2001-06-12,0,2026-06-30,8,675,5,2.95,1,0.89,26.93,45.05,Brazil,['Brazil'],right,172,70,False,4.53,5.47,56.1,2.0,26.67,0.0,0.0,0.0,1.47,2.43,2.8,3,0.4,0,0.0,4.67,0.67,4,0.53,0.39,0,0.0,23,3.07,30.43,21.739,0.13,2.4,11.11,0.53,25.0,1.87,7.14,0.67,5.73,55.81,14.67,47.27,2.8,1.73,0.53,25.73,1.47,1.73,38.13,63.99,18.13,61.76,3.87,75.86,30.13,70.35,5.73,51.16,21.49,39.05,0.12,1.2,0.13,0.0,0.93,28.57,0.53,10.13,63.16,5.07,39.47,2.0,26.67,1.87,0.27,10.27,83.12,66.23,10.27,0,,0,,0,0.0,0.0,0.0,,,0.0,,2.0,1.2,0.67,20.0,1.33,1,100.0
Ed Port,Ed Port,-222348,,Jacksonville Dolphins,,,"CF, LW",CF,71,LW,14,,0,27.0,1999-06-19,0,,8,671,2,0.9500000000000001,1,0.12,22.13,36.36,England,['England'],unknown,185,81,False,3.89,3.08,56.52,8.72,38.46,0.54,0.7000000000000001,0.0,1.6099999999999999,2.11,0.67,1,0.13,0,0.0,2.41,0.27,2,0.27,0.13,1,0.13,13,1.74,53.85,15.385,0.13,1.34,10.0,1.21,11.11,0.13,0.0,0.27,2.15,50.0,6.97,26.92,3.08,1.48,0.27,13.55,1.07,0.27,20.25,71.52,6.17,71.74,4.96,94.59,17.7,78.79,1.34,40.0,15.39,17.58,0.02,0.27,0.0,0.0,0.54,50.0,0.13,2.55,57.89,1.6099999999999999,50.0,0.4,33.33,1.07,0.0,3.35,84.0,62.5,4.29,0,,0,,0,0.0,0.0,0.0,,,0.0,,8.72,0.13,0.13,0.0,0.13,0,0.0
J. Gladys,Joey Gladys,-214362,,Bellarmine Knights,,,"RB, RW",RB,56,RW,39,,0,,,0,,9,668,0,0.07,1,0.15,14.96,51.35,United States,['United States'],,175,0,False,8.49,5.66,59.52,3.64,48.15,0.4,0.37,0.4,4.72,4.32,1.21,1,0.13,0,0.0,1.35,0.0,0,0.0,0.01,0,0.0,2,0.27,50.0,0.0,0.13,2.16,12.5,0.0,0.0,2.16,12.5,0.0,1.08,75.0,2.69,50.0,0.81,0.4,0.0,11.99,1.08,0.67,22.63,59.52,10.24,48.68,2.16,93.75,15.09,71.43,5.39,45.0,23.2,34.02,0.02,0.27,0.13,0.0,0.27,50.0,0.27,5.12,42.11,3.1,26.09,0.81,16.67,0.9400000000000001,0.27,6.47,66.67,73.21,7.54,0,,0,,0,0.0,0.0,0.0,,,0.0,,3.64,0.0,0.0,0.0,0.0,0,0.0
L. Naumann,Luca Naumann,-45651,,Lipscomb Bisons,,,"LDMF, RDMF",LDMF,66,RDMF,10,,0,26.0,2000-01-05,0,,8,662,1,0.93,1,1.27,18.49,58.09,Germany,['Germany'],,180,68,False,12.51,9.65,66.2,3.5300000000000002,38.46,0.54,0.9400000000000001,0.0,5.57,9.61,1.3599999999999999,1,0.14,0,0.0,1.9,0.14,1,0.14,0.13,0,0.0,10,1.3599999999999999,60.0,10.0,0.14,0.68,60.0,0.54,75.0,0.14,0.0,0.0,0.68,60.0,1.9,50.0,0.68,0.54,0.0,20.26,0.68,0.9500000000000001,38.34,76.95,14.55,66.36,5.3,92.31,32.49,82.01,5.17,47.37,20.39,34.06,0.17,0.9500000000000001,0.0,0.14,0.54,50.0,0.27,6.93,58.82,1.63,41.67,0.27,0.0,0.54,0.54,7.75,73.68,80.0,13.6,0,,0,,0,0.0,0.0,0.0,,,0.41000000000000003,,3.5300000000000002,1.22,0.27,100.0,2.04,0,0.0
L. Lara,Luis Lara Delgado,-87593,,Stetson Hatters,,,"CF, LAMF, LW",CF,53,LAMF,25,LW,16,25.0,2001-05-03,0,,9,661,3,1.9100000000000001,1,0.2,36.35,34.46,Mexico,['Mexico'],,175,79,False,4.22,4.9,58.33,9.12,38.81,0.41000000000000003,0.46,0.0,0.9500000000000001,1.08,1.9100000000000001,1,0.14,0,0.0,2.86,0.41000000000000003,3,0.41000000000000003,0.26,2,0.27,20,2.7199999999999998,30.0,15.0,0.14,0.68,0.0,0.27,0.0,0.27,0.0,0.14,4.9,38.89,16.75,26.83,3.4,1.9100000000000001,1.23,14.43,2.04,2.04,23.15,77.65,3.13,52.17,6.8100000000000005,86.0,22.06,80.86,0.41000000000000003,33.33,15.09,5.38,0.03,0.54,0.0,0.0,0.54,25.0,0.14,1.3599999999999999,40.0,0.9500000000000001,42.86,0.68,20.0,0.41000000000000003,0.0,1.23,66.67,79.59,6.67,0,,0,,0,0.0,0.0,0.0,,,0.0,,9.12,0.0,0.0,0.0,0.0,0,0.0
A. Gaafar Alhagi,Abdelrahman Gaafar Alhagi Kuku,-218091,Tarxien Rainbows,FGCU Eagles,https://cdn5.wyscout.com/photos/team/public/2011_120x120.png,Premier League,"RCMF, LCMF, LCMF3",RCMF,54,LCMF,29,LCMF3,13,27.0,1998-10-26,0,,7,660,0,0.31,0,0.07,21.95,57.14,Sudan,"['Sudan', 'Australia']",both,193,86,False,11.18,10.5,62.34,5.05,54.05,0.14,0.24,0.0,4.5,7.86,2.18,2,0.27,0,0.0,0.8200000000000001,0.0,0,0.0,0.04,0,0.0,3,0.41000000000000003,0.0,0.0,0.0,0.0,0.0,0.0,0.0,0.0,0.0,0.0,0.8200000000000001,83.33,3.14,56.52,0.27,0.27,0.0,35.59,0.0,0.68,52.36,85.16,19.64,75.0,5.05,97.3,48.41,88.17,3.95,48.28,18.15,33.85,0.01,0.14,0.0,0.0,0.68,20.0,0.0,9.55,65.71,1.09,0.0,0.8200000000000001,0.0,0.14,0.0,9.14,76.12,90.85,19.36,0,,0,,0,0.0,0.0,0.0,,,0.14,,5.05,0.14,0.0,0.0,0.0,0,0.0
S. Ichikawa,Sohma  Ichikawa,-275448,,Central Arkansas Bears,,,RB,RB,94,,0,,0,24.0,2002-04-18,0,,9,658,0,0.14,1,0.35000000000000003,19.97,58.22,Japan,['Japan'],unknown,168,68,False,13.27,10.12,67.57,2.33,58.82,0.68,0.88,0.0,5.74,7.37,0.96,2,0.27,0,0.0,2.74,0.0,0,0.0,0.02,0,0.0,5,0.68,0.0,0.0,0.14,3.69,33.33,0.0,0.0,3.69,33.33,0.41000000000000003,2.05,66.67,4.65,47.06,0.14,1.5,0.55,17.92,1.9100000000000001,0.68,31.87,62.66,16.55,55.37,2.05,86.67,20.24,80.41,8.21,33.33,25.55,34.06,0.05,0.41000000000000003,0.0,0.14,0.41000000000000003,33.33,0.41000000000000003,9.16,58.21,4.24,29.03,0.8200000000000001,16.67,0.14,1.09,10.94,73.75,71.01,9.44,0,,0,,0,0.0,0.0,0.0,,,0.14,,2.33,0.0,0.0,0.0,0.0,0,0.0
A. Rowan,Anthony Rowan,-238471,,FGCU Eagles,,,"LCB3, RCB3, CB",LCB3,41,RCB3,35,CB,14,,,0,,8,656,0,0.0,0,0.01,16.88,55.28,United States,['United States'],,183,75,False,11.39,7.55,70.91,4.66,44.12,0.96,1.74,0.0,5.08,9.17,1.23,2,0.27,1,0.14,0.41000000000000003,0.0,0,0.0,0.0,0,0.0,1,0.14,0.0,0.0,0.0,0.0,0.0,0.0,0.0,0.0,0.0,0.0,1.23,33.33,2.47,33.33,0.0,0.55,0.0,31.01,1.37,0.41000000000000003,47.06,87.17,21.54,79.62,1.92,100.0,41.3,90.37,5.76,64.29,20.42,32.12,0.0,0.27,0.0,0.0,0.0,0.0,0.0,6.86,66.0,0.27,50.0,0.14,0.0,0.0,0.0,8.37,70.49,94.07,18.52,0,,0,,0,0.0,0.0,0.0,,,0.96,,4.66,0.0,0.0,0.0,0.0,0,0.0
L. Windschauer,Lucas Windschauer,-137622,,FGCU Eagles,,,CB,CB,91,,0,,0,24.0,2002-06-01,0,,7,634,0,0.07,0,0.0,12.63,65.17,United States,['United States'],,186,79,False,10.08,7.24,68.63,3.12,68.18,0.43,0.77,0.5700000000000001,4.68,8.46,0.71,1,0.14,0,0.0,0.28,0.0,0,0.0,0.01,0,0.0,1,0.14,0.0,0.0,0.0,0.0,0.0,0.0,0.0,0.0,0.0,0.0,0.5700000000000001,50.0,1.7000000000000002,50.0,0.43,0.0,0.14,35.06,0.28,0.28,55.36,86.67,24.7,77.01,2.56,94.44,46.56,92.07,8.8,58.06,23.46,40.9,0.0,0.0,0.0,0.0,0.0,0.0,0.0,4.4,48.39,0.28,0.0,0.0,0.0,0.0,0.0,11.36,66.25,97.11,24.56,0,,0,,0,0.0,0.0,0.0,,,1.42,,3.12,0.0,0.0,0.0,0.0,0,0.0
B. Burka,Bendegúz Burka,-56163,,North Florida Ospreyes,,,"LCMF, LDMF, RDMF",LCMF,63,LDMF,11,RDMF,11,26.0,1999-09-12,0,,7,630,0,0.28,0,0.0,20.0,48.57,Hungary,['Hungary'],,190,81,False,8.71,6.86,52.08,8.14,50.88,0.0,0.0,0.0,5.14,6.84,2.0,3,0.43,0,0.0,0.86,0.0,0,0.0,0.04,0,0.0,8,1.1400000000000001,25.0,0.0,0.0,0.14,0.0,0.0,0.0,0.14,0.0,0.0,0.71,80.0,2.5700000000000003,44.44,0.5700000000000001,0.43,0.29,11.57,0.43,1.0,29.0,67.98,16.29,57.89,1.8599999999999999,92.31,22.29,76.28,6.57,41.3,21.1,34.91,0.0,0.0,0.0,0.0,0.14,0.0,0.0,7.29,37.25,1.43,40.0,0.5700000000000001,25.0,0.43,0.0,6.86,66.67,81.63,7.0,0,,0,,0,0.0,0.0,0.0,,,0.0,,8.14,1.29,0.71,20.0,0.0,0,0.0
A. McAleenan,Adam McAleenan,461224,Michigan Rangers FC,Lipscomb Bisons,https://cdn5.wyscout.com/photos/team/public/g-25786_120x120.png,,"RDMF, DMF, LDMF",RDMF,70,DMF,16,LDMF,12,25.0,2000-07-13,10000,,7,625,0,0.06,0,0.18,15.12,53.33,Northern Ireland,['Northern Ireland'],,181,77,False,8.78,6.34,63.64,4.75,51.52,0.58,1.09,0.14,4.18,7.91,1.44,1,0.14,1,0.14,0.58,0.0,0,0.0,0.01,0,0.0,2,0.29,0.0,0.0,0.0,0.29,50.0,0.0,0.0,0.29,50.0,0.14,0.29,50.0,0.86,50.0,0.0,0.14,0.14,12.1,0.0,0.14,25.49,80.79,10.66,67.57,2.59,94.44,21.46,86.58,3.74,50.0,20.08,28.93,0.03,0.14,0.0,0.0,0.29,100.0,0.0,4.46,74.19,1.01,42.86,0.29,100.0,0.29,0.29,5.47,63.16,90.91,9.5,0,,0,,0,0.0,0.0,0.0,,,1.01,,4.75,0.0,0.0,0.0,0.14,0,0.0
L. Goldsack,Louis Goldsack,-352491,,Queens Royals,,,"LCMF, LCMF3, RCMF",LCMF,45,LCMF3,16,RCMF,10,27.0,1999-06-18,0,,7,610,2,1.13,0,0.23,24.64,37.72,England,['England'],unknown,175,73,False,7.38,6.49,59.09,3.84,34.62,1.03,1.3900000000000001,0.30000000000000004,2.51,3.38,1.62,3,0.44,0,0.0,1.92,0.30000000000000004,2,0.30000000000000004,0.17,0,0.0,11,1.62,27.27,18.182,0.0,0.44,0.0,0.15,0.0,0.30000000000000004,0.0,0.0,3.69,40.0,10.18,28.99,1.77,0.59,0.15,12.69,1.03,1.48,22.13,72.67,7.23,59.18,5.16,97.14,18.59,80.16,3.1,38.1,19.52,40.64,0.03,0.44,0.0,0.0,0.59,0.0,0.0,5.31,44.44,1.18,37.5,1.62,9.09,0.44,0.0,2.95,70.0,65.91,6.49,0,,0,,0,0.0,0.0,0.0,,,0.0,,3.84,0.0,0.0,0.0,0.0,0,0.0
R. Banks,Ronaldo Banks,-352348,,Jacksonville Dolphins,,,"RCB, LCB",RCB,48,LCB,47,,0,,,0,,7,609,0,0.07,0,0.04,18.77,59.84,Jamaica,['Jamaica'],unknown,185,83,False,8.87,6.65,64.44,4.73,65.63,0.0,0.0,0.89,4.58,7.38,1.18,3,0.44,1,0.15,0.89,0.0,0,0.0,0.01,0,0.0,2,0.30000000000000004,0.0,0.0,0.0,0.15,0.0,0.0,0.0,0.15,0.0,0.0,1.03,85.71,3.55,58.33,0.30000000000000004,1.92,0.44,39.75,0.74,0.74,61.33,86.02,26.6,76.67,1.18,100.0,51.43,91.09,9.9,59.7,21.34,32.96,0.01,0.15,0.0,0.0,0.0,0.0,0.0,10.34,67.14,0.74,40.0,0.30000000000000004,0.0,0.15,0.0,12.56,74.12,93.97,29.41,0,,0,,0,0.0,0.0,0.0,,,0.89,,4.73,0.0,0.0,0.0,0.0,0,0.0
L. Barforosh,Luke Barforosh,-245306,,North Florida Ospreyes,,,"LCB, RB",LCB,76,RB,13,,0,25.0,2001-04-19,0,,7,602,0,0.0,0,0.0,17.49,57.26,Australia,['Australia'],,183,73,False,9.87,6.28,73.81,6.28,47.62,0.30000000000000004,0.38,1.05,4.93,6.19,1.5,1,0.15,0,0.0,0.9,0.0,0,0.0,0.0,0,0.0,0,0.0,0.0,0.0,0.0,0.30000000000000004,50.0,0.0,0.0,0.30000000000000004,50.0,0.15,1.05,71.43,2.84,57.89,0.15,0.30000000000000004,0.0,14.5,0.15,1.05,29.3,76.53,16.0,65.42,1.79,83.33,23.17,84.52,6.13,46.34,22.05,36.15,0.0,0.0,0.0,0.0,0.0,0.0,0.0,5.23,48.57,0.30000000000000004,50.0,0.15,0.0,0.0,0.15,7.18,47.92,91.8,9.12,0,,0,,0,0.0,0.0,0.0,,,0.9,,6.28,0.45,0.0,0.0,0.0,0,0.0
J. Randall,Jonathan Randall,-275457,,Central Arkansas Bears,,,"RAMF, RW, RCMF3",RAMF,20,RW,17,RCMF3,12,,,0,,8,595,0,0.78,0,0.0,22.08,48.63,United States,['United States'],unknown,0,0,False,5.45,5.45,69.44,4.84,56.25,0.45,0.44,0.0,1.21,1.17,1.6600000000000001,2,0.30000000000000004,0,0.0,1.82,0.0,0,0.0,0.12,0,0.0,11,1.6600000000000001,18.18,0.0,0.0,1.06,14.29,0.45,33.33,0.61,0.0,0.15,2.87,47.37,7.41,42.86,1.51,0.91,0.76,8.32,1.3599999999999999,2.27,13.61,57.78,4.24,42.86,2.5700000000000003,76.47,10.89,63.89,1.97,38.46,17.97,39.25,0.0,0.0,0.0,0.0,0.15,0.0,0.15,2.27,53.33,1.51,30.0,0.45,33.33,0.61,0.30000000000000004,2.5700000000000003,64.71,60.87,3.48,0,,0,,0,0.0,0.0,0.0,,,0.0,,4.84,0.15,0.15,0.0,0.0,0,0.0
A. Vilchez-Matias,Alberto  Vilchez-Matias,-352509,,Queens Royals,,,CF,CF,86,,0,,0,,,0,,7,591,0,0.19,0,0.08,23.15,32.89,Peru,['Peru'],,168,75,False,5.48,4.72,58.06,7.16,21.28,0.61,0.8200000000000001,0.0,2.13,2.88,1.07,1,0.15,0,0.0,0.76,0.0,0,0.0,0.03,0,0.0,6,0.91,0.0,0.0,0.0,0.30000000000000004,50.0,0.15,100.0,0.15,0.0,0.15,0.46,100.0,8.38,29.09,0.61,0.61,0.30000000000000004,13.1,2.74,1.83,21.93,73.61,7.16,51.06,6.7,90.91,19.19,76.19,2.44,56.25,15.41,28.19,0.01,0.30000000000000004,0.15,0.0,0.46,33.33,0.30000000000000004,3.5,43.48,1.22,50.0,0.76,40.0,0.30000000000000004,0.15,3.65,58.33,75.76,5.03,0,,0,,0,0.0,0.0,0.0,,,0.0,,7.16,0.0,0.0,0.0,0.0,0,0.0
M. Jones,Malachi Jones,-352392,New York City,Lipscomb Bisons,https://cdn5.wyscout.com/photos/team/public/g27696_120x120.png,MLS,"LAMF, RAMF, LWF",LAMF,50,RAMF,11,LWF,11,22.0,2003-09-23,0,2026-12-31,8,580,4,4.57,0,1.5899999999999999,32.9,42.92,Sierra Leone,"['Sierra Leone', 'United States']",right,178,68,False,5.9,7.45,56.25,3.41,54.55,0.0,0.0,0.0,1.71,2.26,2.79,2,0.31,0,0.0,5.9,0.62,4,0.62,0.71,1,0.16,28,4.34,35.71,14.286,0.0,3.1,10.0,1.4,22.22,1.55,0.0,0.93,8.53,40.0,17.22,36.94,6.05,3.7199999999999998,1.71,20.64,4.34,3.1,25.76,71.08,6.21,65.0,6.98,88.89,21.72,80.71,0.93,50.0,17.48,22.08,0.25,1.24,0.16,0.0,0.93,66.67,0.62,1.55,60.0,3.88,28.0,0.47000000000000003,66.67,1.55,0.31,3.26,90.48,56.6,8.22,0,,0,,0,0.0,0.0,0.0,,,0.16,,3.41,0.0,0.0,0.0,0.0,1,0.0
C. Myers,Colton Myers,-214319,,Stetson Hatters,,,"LB, LWB, LB5",LB,48,LWB,26,LB5,24,,,0,,8,572,0,0.01,0,0.0,15.42,41.84,United States,['United States'],,183,75,False,7.24,7.55,50.0,3.15,45.0,0.63,0.8300000000000001,0.31,2.83,3.75,1.26,1,0.16,0,0.0,1.1,0.0,0,0.0,0.0,0,0.0,1,0.16,0.0,0.0,0.0,2.99,26.32,2.83,27.78,0.16,0.0,0.31,0.79,20.0,1.57,30.0,0.79,0.63,0.0,26.43,0.79,0.31,37.6,71.55,18.72,68.91,5.51,85.71,30.52,78.35,4.25,51.85,19.65,31.02,0.0,0.0,0.16,0.0,0.31,50.0,0.0,6.61,64.29,2.52,12.5,0.31,100.0,0.0,0.79,9.91,76.19,65.96,7.4,0,,0,,0,0.0,0.0,0.0,,,0.47000000000000003,,3.15,0.0,0.0,0.0,0.16,0,0.0
S. Senior,Shandel Senior,458866,America CFL Spurs,FGCU Eagles,https://cdn5.wyscout.com/photos/team/public/g-21150_120x120.png,,"RWB, RCB3, RCB",RWB,45,RCB3,28,RCB,17,27.0,1999-02-28,0,,7,556,0,0.04,0,0.4,19.91,45.53,Jamaica,['Jamaica'],right,182,77,False,6.15,4.53,60.71,3.08,36.84,0.32,0.61,0.32,3.08,5.82,1.46,1,0.16,1,0.16,2.1,0.0,0,0.0,0.01,0,0.0,3,0.49,0.0,0.0,0.0,2.1,30.77,0.16,0.0,1.94,33.33,0.49,3.56,40.91,9.06,42.86,0.32,1.13,0.0,32.86,1.62,2.1,45.32,82.86,15.22,75.53,7.28,100.0,38.53,89.5,5.02,48.39,20.08,37.07,0.06,0.97,0.0,0.0,0.32,0.0,0.0,4.21,57.69,2.27,50.0,0.49,0.0,0.49,0.97,7.45,69.57,89.11,16.35,0,,0,,0,0.0,0.0,0.0,,,1.29,,3.08,0.16,0.16,0.0,0.0,0,0.0
J. Gray,Jabari Gray,-214105,,Jacksonville Dolphins,,,GK,GK,100,,0,,0,26.0,1999-12-09,0,,6,555,0,0.0,0,0.0,0.97,50.0,Trinidad and Tobago,['Trinidad and Tobago'],,185,79,False,1.3,0.0,0.0,0.65,75.0,0.16,0.26,0.0,1.1400000000000001,1.81,0.0,0,0.0,0,0.0,0.0,0.0,0,0.0,0.0,0,0.0,0,0.0,0.0,0.0,0.0,0.0,0.0,0.0,0.0,0.0,0.0,0.0,0.0,0.0,0.0,0.0,0.0,0.0,0.0,18.65,0.16,0.16,27.41,81.66,12.16,62.67,0.0,0.0,18.49,96.49,8.92,50.91,31.33,52.19,0.0,0.0,0.0,0.0,0.0,0.0,0.0,3.08,26.32,0.65,25.0,0.49,33.33,0.16,0.0,5.19,65.63,97.73,14.27,12,1.9500000000000002,34,5.51,0,64.71,9.45,1.53,-2.55,-0.41400000000000003,0.0,0.97,0.65,,,,0.0,0,0.0
N. Ohayon,Nadav Ohayon,-366246,,FGCU Eagles,,,"LCB3, RB, RCB3",LCB3,63,RB,18,RCB3,17,,,0,,7,553,0,0.0,0,0.0,19.69,43.8,Israel,['Israel'],unknown,180,78,False,7.8100000000000005,6.18,60.53,6.35,28.21,0.33,0.58,0.0,3.74,6.63,1.63,2,0.33,0,0.0,0.65,0.0,0,0.0,0.0,0,0.0,0,0.0,0.0,0.0,0.0,0.98,16.67,0.65,25.0,0.33,0.0,0.0,1.3,37.5,3.09,36.84,0.16,2.44,1.1400000000000001,29.78,0.81,0.65,41.5,80.0,18.07,68.47,4.88,93.33,35.64,87.67,5.05,38.71,19.23,28.15,0.0,0.0,0.0,0.0,0.0,0.0,0.0,5.86,52.78,1.63,10.0,0.0,0.0,0.0,0.16,7.0,69.77,90.22,14.97,0,,0,,0,0.0,0.0,0.0,,,1.63,,6.35,0.0,0.0,0.0,0.0,0,0.0
G. Toro,Gabriel Toro,-273965,,Stetson Hatters,,,"RAMF, RW, CF",RAMF,50,RW,19,CF,15,,,0,,9,550,0,0.47000000000000003,2,0.7000000000000001,25.85,33.54,United States,['United States'],unknown,177,69,False,3.93,4.09,60.0,3.27,20.0,0.0,0.0,0.0,1.47,1.54,0.49,0,0.0,0,0.0,4.09,0.0,0,0.0,0.08,0,0.0,7,1.15,42.86,0.0,0.33,3.93,16.67,0.0,0.0,3.93,16.67,0.49,6.22,44.74,15.87,29.9,1.6400000000000001,1.47,1.31,10.47,0.98,1.47,18.65,60.53,6.71,60.98,2.7800000000000002,88.24,13.09,75.0,1.6400000000000001,50.0,18.4,26.99,0.11,0.65,0.0,0.0,0.16,100.0,0.65,1.8,45.45,2.95,27.78,0.16,100.0,0.16,0.98,4.91,73.33,55.17,4.75,0,,0,,0,0.0,0.0,0.0,,,0.0,,3.27,0.0,0.0,0.0,0.0,0,0.0
M. Gun,Micah Gun,-361536,,North Florida Ospreyes,,,GK,GK,100,,0,,0,25.0,2001-05-04,0,,6,547,0,0.0,0,0.0,1.15,57.14,United States,['United States'],unknown,0,0,False,1.97,0.16,100.0,0.8200000000000001,40.0,0.0,0.0,0.0,1.81,2.12,0.0,0,0.0,0,0.0,0.0,0.0,0,0.0,0.0,0,0.0,0,0.0,0.0,0.0,0.0,0.0,0.0,0.0,0.0,0.0,0.0,0.0,0.0,0.0,0.0,0.0,0.0,0.0,0.0,3.46,0.0,0.33,10.37,80.95,9.87,81.67,0.0,0.0,1.65,100.0,8.56,78.85,48.66,53.28,0.0,0.0,0.0,0.0,0.0,0.0,0.0,3.46,76.19,0.0,0.0,0.0,0.0,0.0,0.0,7.73,85.11,100.0,0.33,7,1.15,17,2.8,2,58.82,5.44,0.9,-1.56,-0.257,0.0,1.65,0.8200000000000001,,,,0.0,0,0.0
A. López,Alejandro López Paniagua,-203230,Guanacasteca,Lipscomb Bisons,https://cdn5.wyscout.com/photos/team/public/g13574_120x120.png,,"AMF, RCMF3",AMF,64,RCMF3,10,,0,25.0,2001-04-18,0,,8,546,2,2.45,2,1.08,20.93,45.67,Costa Rica,['Costa Rica'],,179,75,False,5.77,5.6,70.59,2.9699999999999998,44.44,0.16,0.2,0.0,1.65,2.03,0.49,0,0.0,0,0.0,2.31,0.33,2,0.33,0.4,0,0.0,14,2.31,42.86,14.286,0.33,0.33,50.0,0.0,0.0,0.33,50.0,0.0,2.31,21.43,9.73,28.81,1.65,0.66,0.16,18.3,1.48,0.8200000000000001,30.16,81.42,9.89,73.33,4.78,86.21,27.03,83.54,2.8,64.71,18.34,33.44,0.18,1.15,0.16,0.16,0.99,66.67,0.33,5.77,80.0,2.14,84.62,0.8200000000000001,60.0,1.65,0.16,5.6,88.24,90.16,10.05,0,,0,,0,0.0,0.0,0.0,,,0.0,,2.9699999999999998,1.15,0.16,0.0,1.65,0,0.0
M. Sabaly,Moussa Sabaly,-352351,,Jacksonville Dolphins,,,"RAMF, RW, LAMF",RAMF,33,RW,26,LAMF,13,,,0,,8,546,0,0.72,0,0.38,22.58,37.23,Senegal,['Senegal'],,177,70,False,3.96,4.45,40.74,4.12,32.0,0.33,0.44,0.0,1.81,2.41,1.98,1,0.16,0,0.0,1.81,0.0,0,0.0,0.12,0,0.0,7,1.15,0.0,0.0,0.0,1.65,10.0,0.16,0.0,1.48,11.11,0.16,3.13,47.37,11.37,36.23,1.65,1.32,0.66,16.15,2.64,1.48,27.03,72.56,7.91,72.92,5.77,91.43,24.4,77.03,1.15,57.14,16.42,19.24,0.06,1.32,0.0,0.16,0.33,50.0,0.0,2.64,81.25,2.8,35.29,0.33,50.0,1.15,0.16,4.12,80.0,63.46,8.57,0,,0,,0,0.0,0.0,0.0,,,0.0,,4.12,1.15,0.0,0.0,1.65,0,0.0
LJ Estes,LJ Estes,-214068,,North Florida Ospreyes,,,"RCB, CB",RCB,87,CB,11,,0,,,0,,6,545,1,1.01,0,0.07,14.37,56.32,United States,['United States'],unknown,185,83,False,7.1,4.79,68.97,6.11,51.35,0.33,0.44,0.0,3.47,4.63,0.8300000000000001,0,0.0,0,0.0,0.5,0.17,1,0.17,0.17,0,0.0,7,1.16,28.57,14.286,0.0,0.17,0.0,0.0,0.0,0.17,0.0,0.17,0.33,50.0,1.65,50.0,1.49,0.0,0.0,11.06,0.0,0.8300000000000001,26.42,71.25,14.37,60.92,1.32,75.0,17.5,77.36,8.75,60.38,25.83,40.02,0.01,0.17,0.0,0.0,0.0,0.0,0.0,4.13,52.0,0.5,33.33,0.0,0.0,0.33,0.0,8.42,60.78,84.91,8.75,0,,0,,0,0.0,0.0,0.0,,,1.16,,6.11,0.17,0.17,0.0,0.0,0,0.0
Y. Poplawski,Yuri Poplawski,-352350,,Queens Royals,,,RWB,RWB,83,,0,,0,27.0,1999-04-23,0,,6,541,1,0.30000000000000004,1,0.16,23.96,45.83,Brazil,['Brazil'],,181,73,False,9.48,7.65,54.35,4.33,42.31,0.0,0.0,0.0,5.32,7.93,0.67,0,0.0,0,0.0,2.0,0.17,1,0.17,0.05,0,0.0,2,0.33,100.0,50.0,0.17,1.5,33.33,0.17,100.0,1.33,25.0,0.17,3.16,36.84,8.48,39.22,0.33,2.0,0.0,24.62,0.8300000000000001,1.6600000000000001,38.1,79.04,14.64,68.18,5.99,94.44,31.94,84.9,4.66,53.57,20.52,34.98,0.03,0.33,0.0,0.17,0.33,0.0,0.33,6.99,69.05,1.5,44.44,0.67,75.0,0.5,0.8300000000000001,10.81,75.38,83.78,12.31,0,,0,,0,0.0,0.0,0.0,,,0.0,,4.33,0.0,0.0,0.0,0.0,0,0.0
T. Tugwete,Taurayi Tugwete,-352356,,Jacksonville Dolphins,,,"RCMF, AMF, RDMF",RCMF,53,AMF,23,RDMF,15,25.0,2001-04-09,0,,6,540,0,0.01,0,0.0,17.5,40.95,Zimbabwe,['Zimbabwe'],unknown,172,64,False,6.83,6.67,45.0,3.17,47.37,1.0,1.42,0.0,2.83,4.02,2.5,3,0.5,1,0.17,0.8300000000000001,0.0,0,0.0,0.0,0,0.0,2,0.33,0.0,0.0,0.0,0.5,0.0,0.33,0.0,0.17,0.0,0.17,1.5,33.33,4.0,29.17,0.33,1.0,1.0,31.5,1.0,1.17,46.33,78.78,10.83,63.08,9.67,89.66,40.67,84.02,5.17,45.16,18.3,33.17,0.0,0.0,0.0,0.0,0.5,66.67,0.0,5.83,45.71,1.5,55.56,0.5,66.67,1.0,0.17,6.83,65.85,81.48,18.0,0,,0,,0,0.0,0.0,0.0,,,0.8300000000000001,,3.17,0.17,0.0,0.0,0.0,0,0.0
C. Brandao,Caio Brandao,-352389,,Queens Royals,,,"AMF, RCMF3, CF",AMF,61,RCMF3,12,CF,10,,,0,,8,537,0,0.35000000000000003,0,0.02,27.32,35.58,Brazil,['Brazil'],,156,68,False,5.53,6.87,48.78,3.35,25.0,0.0,0.0,0.0,2.18,2.87,0.84,2,0.34,0,0.0,2.51,0.0,0,0.0,0.06,0,0.0,9,1.51,44.44,0.0,0.0,0.5,33.33,0.5,33.33,0.0,0.0,0.0,4.02,41.67,13.74,29.27,0.67,1.17,0.34,18.6,0.5,0.67,32.68,78.97,8.38,58.0,6.54,87.18,30.0,81.56,2.51,53.33,17.27,30.47,0.0,0.67,0.0,0.0,0.67,0.0,0.0,4.53,55.56,1.51,11.11,0.67,0.0,0.0,0.17,3.02,61.11,89.04,12.23,0,,0,,0,0.0,0.0,0.0,,,0.17,,3.35,0.84,0.17,0.0,1.17,0,0.0
B.Swinehart,Bryce Swinehart,-352397,,Liberty Flames,,,"RB, LB",RB,55,LB,44,,0,22.0,2004-01-01,0,,6,533,0,0.9400000000000001,0,0.28,16.38,58.76,United States,['United States'],unknown,180,75,False,10.81,5.4,71.88,4.05,70.83,0.68,0.85,0.34,6.25,7.82,1.18,2,0.34,0,0.0,1.52,0.0,0,0.0,0.16,0,0.0,5,0.84,0.0,0.0,0.0,1.18,28.57,0.34,100.0,0.84,0.0,0.0,1.69,60.0,4.5600000000000005,44.44,1.18,0.84,0.68,23.47,0.68,0.68,34.45,72.55,19.08,69.03,3.38,100.0,28.54,79.88,4.9,37.93,18.22,34.23,0.05,0.17,0.0,0.0,0.34,50.0,0.17,6.59,66.67,1.69,30.0,0.84,40.0,0.51,0.34,8.95,73.58,75.0,6.75,0,,0,,0,0.0,0.0,0.0,,,0.34,,4.05,0.0,0.0,0.0,0.0,0,0.0
J. Dallmann,Jelldrik Dallmann,-288028,Drochtersen / Assel,Lipscomb Bisons,https://cdn5.wyscout.com/photos/team/public/g11230_120x120.png,Regionalliga Nord,CF,CF,100,,0,,0,26.0,2000-05-27,0,2026-06-30,7,530,6,8.62,1,0.54,23.26,36.5,Germany,['Germany'],,195,84,False,2.55,1.87,45.45,8.15,54.17,0.0,0.0,0.17,1.7000000000000002,2.29,1.7000000000000002,3,0.51,0,0.0,2.7199999999999998,1.02,4,0.68,1.46,0,0.0,25,4.25,52.0,24.0,0.17,0.34,0.0,0.0,0.0,0.34,0.0,0.0,1.53,33.33,7.47,22.73,5.26,0.17,0.0,13.25,2.55,1.3599999999999999,18.34,70.37,3.4,55.0,4.25,84.0,17.49,72.82,0.51,33.33,14.09,8.72,0.09,0.85,0.0,0.0,0.0,0.0,0.34,2.38,57.14,1.19,57.14,0.0,0.0,1.19,0.0,2.21,61.54,77.78,6.11,0,,0,,0,0.0,0.0,0.0,,,0.0,,8.15,0.0,0.0,0.0,0.0,3,66.667
J. Brown,Jovoney Brown,-214069,,FGCU Eagles,,,"LWB, RWB, CF",LWB,41,RWB,40,CF,14,,,0,,7,529,1,0.59,1,1.13,28.24,48.19,Jamaica,['Jamaica'],unknown,182,79,False,4.25,5.44,59.38,3.4,50.0,0.0,0.0,0.0,1.02,1.7000000000000002,2.55,2,0.34,0,0.0,6.12,0.17,1,0.17,0.1,0,0.0,6,1.02,33.33,16.667,0.17,1.87,45.45,0.68,25.0,1.19,57.14,0.51,6.8100000000000005,67.5,16.33,45.83,4.76,3.4,0.51,15.48,3.23,2.21,23.65,69.06,7.15,59.52,4.93,86.21,20.76,73.77,1.19,14.29,15.39,32.52,0.19,1.19,0.0,0.0,0.34,100.0,1.02,2.38,35.71,2.7199999999999998,50.0,0.17,100.0,1.53,1.02,3.91,73.91,63.89,6.12,0,,0,,0,0.0,0.0,0.0,,,0.0,,3.4,0.0,0.0,0.0,0.17,0,0.0
S. Stricker,Skyler Stricker,-274250,,Liberty Flames,,,"LCB, RCB",LCB,76,RCB,19,,0,,,0,,6,528,0,0.13,0,0.0,9.89,46.55,United States,['United States'],unknown,188,77,False,7.16,4.43,57.69,3.24,36.84,0.0,0.0,0.68,4.6,5.96,1.19,0,0.0,0,0.0,0.17,0.0,0,0.0,0.02,0,0.0,1,0.17,100.0,0.0,0.0,0.0,0.0,0.0,0.0,0.0,0.0,0.0,0.17,0.0,1.02,0.0,0.17,0.0,0.0,12.95,0.34,0.17,24.38,84.62,9.89,68.97,0.51,66.67,21.82,90.63,2.56,33.33,18.73,26.49,0.0,0.0,0.0,0.0,0.0,0.0,0.0,2.22,76.92,0.34,50.0,0.17,0.0,0.17,0.0,6.31,64.86,96.88,10.91,0,,0,,0,0.0,0.0,0.0,,,0.34,,3.24,0.0,0.0,0.0,0.0,0,0.0
A. Kyra,Aedon Kyra,-218354,NWS Spirit,FGCU Eagles,https://cdn5.wyscout.com/photos/team/public/g-16418_120x120.png,New South Wales NPL,CF,CF,97,,0,,0,28.0,1997-10-09,0,,8,527,1,1.3900000000000001,0,0.6900000000000001,25.96,38.82,Australia,"['Australia', 'Italy']",unknown,185,86,False,2.39,2.22,46.15,6.83,57.5,0.0,0.0,0.0,1.37,2.02,1.37,1,0.17,0,0.0,3.42,0.17,1,0.17,0.24,1,0.17,14,2.39,42.86,7.143,0.0,1.2,28.57,0.17,0.0,1.02,33.33,0.0,3.07,50.0,11.78,24.64,3.07,0.34,0.0,16.05,3.07,1.71,23.06,78.52,5.98,68.57,6.15,94.44,19.64,84.35,2.39,57.14,17.04,25.08,0.12,1.2,0.17,0.0,0.68,75.0,0.34,3.07,61.11,1.54,66.67,0.85,80.0,1.02,0.17,2.39,85.71,72.73,7.51,0,,0,,0,0.0,0.0,0.0,,,0.0,,6.83,0.17,0.17,0.0,0.0,0,0.0
L. Eberle,Luke Eberle,-213808,,Liberty Flames,,,"CF, AMF",CF,84,AMF,12,,0,24.0,2001-08-28,0,,6,524,2,1.87,0,0.99,45.52,49.06,United States,['United States'],unknown,183,84,False,8.07,5.67,72.73,18.55,52.78,0.17,0.2,0.0,3.7800000000000002,4.4,2.75,0,0.0,0,0.0,2.75,0.34,2,0.34,0.32,0,0.0,10,1.72,30.0,20.0,0.0,1.2,14.29,0.52,0.0,0.6900000000000001,25.0,0.17,3.44,55.0,12.71,40.54,4.47,0.6900000000000001,0.0,13.4,2.58,2.23,26.11,75.0,5.84,64.71,5.67,90.91,24.56,79.02,0.52,33.33,14.97,21.93,0.17,1.2,0.0,0.34,0.34,50.0,0.86,3.26,73.68,1.37,37.5,0.34,50.0,1.37,0.17,3.95,69.57,72.09,7.39,0,,0,,0,0.0,0.0,0.0,,,0.0,,18.55,0.0,0.0,0.0,0.0,0,0.0
R. Blake Franzen,Richard Blake Franzen,-234260,,Liberty Flames,,,GK,GK,100,,0,,0,,,0,,5,510,0,0.0,0,0.0,1.5899999999999999,66.67,South Africa,['South Africa'],unknown,188,72,False,2.47,0.18,100.0,1.06,83.33,0.0,0.0,0.0,2.29,3.0,0.18,1,0.18,0,0.0,0.0,0.0,0,0.0,0.0,0,0.0,0,0.0,0.0,0.0,0.0,0.0,0.0,0.0,0.0,0.0,0.0,0.0,0.0,0.0,0.0,0.0,0.0,0.0,0.0,2.47,0.0,0.18,10.94,79.03,7.76,75.0,0.0,0.0,5.47,90.32,5.47,67.74,37.03,49.02,0.0,0.0,0.0,0.0,0.0,0.0,0.0,1.76,80.0,0.0,0.0,0.0,0.0,0.0,0.0,4.59,76.92,88.89,3.18,8,1.4100000000000001,23,4.06,0,65.22,7.27,1.28,-0.73,-0.129,0.0,3.18,1.06,,,,0.0,0,0.0
B. Borutskie,Brayden Borutskie,-234257,Scrosoppi,Liberty Flames,https://cdn5.wyscout.com/photos/team/public/g-23621_120x120.png,,RCB,RCB,99,,0,,0,25.0,2001-01-13,0,,5,510,0,0.37,0,0.0,9.18,53.85,Canada,['Canada'],unknown,187,80,False,10.94,4.94,57.14,2.65,46.67,0.88,1.15,1.4100000000000001,7.24,9.46,0.35000000000000003,1,0.18,0,0.0,0.35000000000000003,0.0,0,0.0,0.06,0,0.0,3,0.53,0.0,0.0,0.0,0.53,66.67,0.35000000000000003,50.0,0.18,100.0,0.0,0.18,0.0,0.35000000000000003,0.0,0.53,0.0,0.0,15.35,0.0,0.35000000000000003,27.53,73.08,18.0,67.65,0.53,100.0,16.41,77.42,10.59,66.67,26.24,38.78,0.0,0.0,0.0,0.0,0.0,0.0,0.0,6.18,62.86,1.4100000000000001,37.5,1.4100000000000001,12.5,0.18,0.35000000000000003,10.59,75.0,81.4,7.59,0,,0,,0,0.0,0.0,0.0,,,0.53,,2.65,0.0,0.0,0.0,0.0,0,0.0
G. Rodriguez,Giovanni  Rodriguez,511611,,Stetson Hatters,,,"LAMF, RAMF, RW",LAMF,26,RAMF,17,RW,14,24.0,2001-07-23,0,,8,510,4,1.43,1,0.44,19.76,42.86,United States,['United States'],,175,70,False,4.59,4.76,59.26,3.35,31.58,0.18,0.22,0.0,1.5899999999999999,2.0,0.53,1,0.18,0,0.0,3.5300000000000002,0.71,3,0.53,0.25,0,0.0,10,1.76,50.0,40.0,0.18,1.76,50.0,0.71,50.0,0.88,40.0,0.0,3.5300000000000002,45.0,7.94,28.89,1.24,0.71,0.88,25.94,1.5899999999999999,1.24,37.94,79.07,11.47,64.62,7.06,92.5,32.82,84.95,3.35,36.84,19.67,29.99,0.08,1.4100000000000001,0.0,0.0,0.18,100.0,0.18,6.88,58.97,2.12,58.33,0.71,75.0,0.53,1.06,7.76,77.27,84.51,12.53,0,,0,,0,0.0,0.0,0.0,,,0.53,,3.35,0.88,0.0,0.0,3.71,1,100.0
T. Mussenden,Tavon Mussenden,-169612,Tusculum Pioneers,Stetson Hatters,https://cdn5.wyscout.com/photos/team/public/g-18491_120x120.png,NCAA D2 South Atlantic Conference,"RDMF, RCMF, DMF",RDMF,48,RCMF,31,DMF,17,23.0,2002-07-25,0,,7,503,0,0.0,0,0.01,16.28,45.05,United States,['United States'],,175,70,False,8.05,6.62,59.46,2.68,26.67,0.18,0.2,0.0,3.94,4.31,1.43,1,0.18,1,0.18,0.0,0.0,0,0.0,0.0,0,0.0,1,0.18,0.0,0.0,0.0,0.18,0.0,0.0,0.0,0.18,0.0,0.0,0.54,0.0,3.76,47.62,0.0,0.0,0.0,22.01,0.18,1.43,32.74,89.62,7.51,73.81,6.98,97.44,30.06,94.64,2.5,35.71,17.66,20.34,0.0,0.18,0.0,0.0,0.0,0.0,0.0,3.58,80.0,0.36,50.0,0.18,100.0,0.36,0.0,2.68,46.67,92.59,14.49,0,,0,,0,0.0,0.0,0.0,,,0.36,,2.68,0.0,0.0,0.0,0.36,0,0.0
T. Spicer,Tyrese Spicer,-234261,Orlando City,Lipscomb Bisons,https://cdn5.wyscout.com/photos/team/public/g13025_120x120.png,MLS,LAMF,LAMF,72,,0,,0,25.0,2000-12-04,0,2028-06-30,8,502,1,1.79,2,0.99,28.69,42.5,Trinidad and Tobago,['Trinidad and Tobago'],left,186,69,False,6.27,4.84,62.96,4.12,39.13,0.18,0.29,0.0,3.05,4.86,2.33,1,0.18,0,0.0,7.53,0.18,1,0.18,0.32,0,0.0,15,2.69,46.67,6.667,0.36,4.12,43.48,3.94,40.91,0.0,0.0,0.72,6.99,58.97,15.78,38.64,4.12,3.41,1.79,17.57,1.97,1.79,26.0,65.52,7.35,56.1,4.84,81.48,21.16,70.34,1.43,50.0,22.38,28.63,0.18,1.08,0.0,0.0,1.25,28.57,0.54,3.41,52.63,3.59,50.0,0.18,0.0,0.9,1.79,4.66,80.77,70.91,9.86,0,,0,,0,0.0,0.0,0.0,,,0.0,,4.12,0.0,0.0,0.0,0.0,0,0.0
P. Alonefti,Ploutarchos Alonefti,-115480,Iraklis Yerolakkou,Lipscomb Bisons,https://cdn5.wyscout.com/photos/team/public/g7629_120x120.png,2. Division,AMF,AMF,84,,0,,0,27.0,1999-04-27,0,,9,497,2,1.28,1,1.46,27.53,37.5,Cyprus,['Cyprus'],right,175,74,False,7.79,6.34,60.0,2.54,42.86,0.36,0.53,0.18,3.62,5.26,2.35,3,0.54,0,0.0,3.08,0.36,2,0.36,0.23,0,0.0,10,1.81,20.0,20.0,0.18,1.81,10.0,0.91,20.0,0.91,0.0,0.36,3.62,50.0,14.31,32.91,3.26,2.35,0.54,20.28,1.27,1.27,34.95,71.5,7.97,56.82,9.42,88.46,31.51,77.01,1.81,30.0,15.25,27.57,0.27,1.63,0.0,0.18,1.45,50.0,0.72,2.9,62.5,2.54,50.0,0.72,25.0,1.99,0.36,3.44,84.21,63.83,8.51,0,,0,,0,0.0,0.0,0.0,,,0.36,,2.54,0.91,0.18,0.0,1.09,0,0.0
M. Maurer,Markus Maurer,494864,,FGCU Eagles,,,"AMF, LWF",AMF,84,LWF,15,,0,26.0,2000-04-05,0,,7,486,2,1.4,1,0.66,21.85,39.83,Germany,['Germany'],,170,65,False,5.0,5.0,62.96,3.7,40.0,0.0,0.0,0.0,1.85,2.9699999999999998,0.37,0,0.0,0,0.0,2.7800000000000002,0.37,2,0.37,0.26,0,0.0,11,2.04,27.27,18.182,0.19,0.93,40.0,0.19,0.0,0.74,50.0,0.0,3.52,42.11,10.74,29.31,1.85,1.11,0.0,19.81,1.67,0.93,27.41,79.05,7.78,69.05,4.63,92.0,25.56,81.88,0.93,40.0,17.74,26.85,0.12,0.37,0.0,0.0,0.93,40.0,0.19,4.26,65.22,2.22,75.0,1.11,33.33,1.3,0.37,5.19,82.14,84.75,10.93,0,,0,,0,0.0,0.0,0.0,,,0.0,,3.7,0.0,0.0,0.0,0.0,0,0.0
G. Findley,Gabe Findley,513823,,Liberty Flames,,,"RAMF, RW",RAMF,60,RW,14,,0,25.0,2001-05-05,0,,6,483,1,0.92,0,1.1,22.55,40.5,United States,['United States'],,168,68,False,5.03,4.29,43.48,1.49,50.0,0.19,0.2,0.0,2.98,3.2,0.56,0,0.0,0,0.0,6.52,0.19,1,0.19,0.17,0,0.0,10,1.8599999999999999,40.0,10.0,0.0,3.54,42.11,0.37,50.0,3.17,41.18,0.19,7.64,53.66,13.42,43.06,2.42,1.49,0.56,14.35,1.12,1.12,23.66,69.29,6.34,61.76,5.22,92.86,17.89,78.13,2.42,38.46,16.67,36.47,0.21,1.49,0.19,0.0,0.56,33.33,1.3,1.6800000000000002,22.22,4.66,44.0,1.12,33.33,1.3,1.49,5.22,60.71,62.5,7.45,0,,0,,0,0.0,0.0,0.0,,,0.19,,1.49,0.0,0.0,0.0,0.37,0,0.0
L. Ameres,Landon Ameres,511319,,FGCU Eagles,,,"AMF, LWB, RWB",AMF,39,LWB,25,RWB,14,23.0,2002-11-17,0,,8,479,0,0.68,1,0.04,17.66,38.3,United States,['United States'],,177,68,False,4.89,4.51,62.5,2.44,15.38,0.19,0.28,0.19,1.88,2.7800000000000002,0.9400000000000001,0,0.0,0,0.0,2.25,0.0,0,0.0,0.13,0,0.0,9,1.69,22.22,0.0,0.19,0.9400000000000001,40.0,0.56,33.33,0.38,50.0,0.19,2.8200000000000003,53.33,7.7,34.15,1.5,1.88,0.19,27.24,0.75,1.5,39.65,81.52,9.96,66.04,12.21,89.23,36.83,85.2,1.88,30.0,18.06,24.67,0.01,0.19,0.0,0.0,0.19,0.0,0.0,4.7,64.0,2.44,38.46,0.38,0.0,0.56,0.38,5.26,64.29,84.48,10.9,0,,0,,0,0.0,0.0,0.0,,,0.38,,2.44,0.0,0.0,0.0,0.19,0,0.0
J. Yearwood,Jaylen Yearwood,-361533,Naples,North Florida Ospreyes,https://cdn5.wyscout.com/photos/team/public/g-22288_120x120.png,USL League 1,"LCMF, RCMF, AMF",LCMF,35,RCMF,23,AMF,14,21.0,2004-08-27,0,,8,476,0,0.33,0,0.05,17.02,47.78,United States,['United States'],unknown,183,75,False,8.13,5.29,53.57,4.92,57.69,0.38,0.36,0.38,4.92,4.73,1.13,0,0.0,0,0.0,0.5700000000000001,0.0,0,0.0,0.06,0,0.0,5,0.9500000000000001,40.0,0.0,0.0,0.5700000000000001,0.0,0.19,0.0,0.19,0.0,0.0,0.19,100.0,2.84,33.33,0.76,0.19,0.19,9.08,0.76,0.5700000000000001,21.18,71.43,6.8100000000000005,36.11,4.16,95.45,18.72,80.81,2.08,0.0,21.54,35.31,0.01,0.19,0.0,0.0,0.0,0.0,0.0,3.4,33.33,0.9500000000000001,0.0,0.19,0.0,0.0,0.19,2.84,40.0,88.57,6.62,0,,0,,0,0.0,0.0,0.0,,,0.19,,4.92,0.0,0.0,0.0,0.0,0,0.0
S. Clark,Seth Clark,518740,Sydney Olympic,Liberty Flames,https://cdn5.wyscout.com/photos/team/public/g150_120x120.png,New South Wales NPL,"LAMF, LCMF3",LAMF,53,LCMF3,34,,0,25.0,2000-09-22,0,,6,473,0,0.5,0,0.41000000000000003,21.69,48.25,New Zealand,['New Zealand'],,172,68,False,7.42,6.47,73.53,3.23,41.18,0.38,0.41000000000000003,0.0,2.2800000000000002,2.43,0.5700000000000001,0,0.0,0,0.0,2.66,0.0,0,0.0,0.1,0,0.0,11,2.09,9.09,0.0,0.0,1.1400000000000001,50.0,0.9500000000000001,40.0,0.19,100.0,0.0,2.2800000000000002,58.33,9.13,37.5,0.9500000000000001,1.9,0.5700000000000001,28.16,1.71,2.09,43.38,82.02,13.51,70.42,7.23,94.74,39.96,83.33,2.47,76.92,17.22,30.86,0.08,0.5700000000000001,0.19,0.0,0.9500000000000001,60.0,0.5700000000000001,6.85,72.22,1.52,87.5,0.9500000000000001,40.0,1.1400000000000001,0.38,5.71,76.67,88.37,16.36,0,,0,,0,0.0,0.0,0.0,,,0.19,,3.23,2.09,0.76,25.0,0.9500000000000001,0,0.0
R. Onwumere,Rio Onwumere,-361531,Binghamton BearCats,North Florida Ospreyes,https://cdn5.wyscout.com/photos/team/public/g-3005_120x120.png,NCAA D1 America East,RB,RB,90,,0,,0,22.0,2003-09-27,0,,6,467,1,0.35000000000000003,0,0.22,19.85,52.43,United States,['United States'],unknown,178,0,False,11.56,9.25,79.17,4.63,29.17,0.77,0.78,0.39,3.47,3.5300000000000002,1.54,1,0.19,0,0.0,0.77,0.19,1,0.19,0.07,0,0.0,2,0.39,50.0,50.0,0.0,0.19,0.0,0.0,0.0,0.19,0.0,0.0,0.77,75.0,2.89,40.0,0.19,0.0,0.0,9.06,0.39,0.39,21.01,55.96,14.07,50.68,0.96,80.0,13.49,71.43,7.32,28.95,26.59,40.64,0.04,0.19,0.0,0.0,0.0,0.0,0.0,6.75,45.71,1.73,11.11,0.77,0.0,0.58,0.0,8.09,59.52,68.18,4.24,0,,0,,0,0.0,0.0,0.0,,,0.0,,4.63,0.0,0.0,0.0,0.0,0,0.0
B. Masker,Braden Masker,-361534,North Florida Ospreyes,North Florida Ospreyes,https://cdn5.wyscout.com/photos/team/public/g-2363_120x120.png,NCAA D1 ASUN,"CF, AMF, RW",CF,62,AMF,11,RW,10,22.0,2003-10-24,0,,8,465,0,0.16,0,0.43,23.42,32.23,United States,['United States'],unknown,155,70,False,6.97,6.77,57.14,5.61,20.69,0.39,0.33,0.0,2.71,2.33,1.35,0,0.0,0,0.0,2.71,0.0,0,0.0,0.03,0,0.0,5,0.97,60.0,0.0,0.0,1.55,62.5,0.0,0.0,1.35,57.14,0.19,2.52,46.15,6.39,36.36,1.55,0.97,1.16,8.13,1.74,1.35,12.58,58.46,4.45,52.17,1.94,80.0,10.26,60.38,0.97,40.0,17.72,16.71,0.08,0.39,0.0,0.0,0.0,0.0,0.19,1.74,33.33,1.16,83.33,0.0,0.0,0.39,0.58,2.9,53.33,57.89,3.68,0,,0,,0,0.0,0.0,0.0,,,0.0,,5.61,0.19,0.0,0.0,1.16,0,0.0
B. Assibey-Rhule,Bernard Assibey-Rhule,-179785,,Central Arkansas Bears,,,"RAMF, RW, RCMF3",RAMF,44,RW,29,RCMF3,10,28.0,1997-09-08,0,,9,461,1,0.93,0,0.44,23.43,52.5,United States,['United States'],,182,79,False,8.0,7.42,65.79,4.69,45.83,0.39,0.34,0.2,2.73,2.35,1.17,0,0.0,0,0.0,4.49,0.2,1,0.2,0.18,0,0.0,7,1.37,57.14,14.286,0.0,2.93,33.33,0.0,0.0,2.93,33.33,0.2,4.69,58.33,8.0,46.34,2.93,2.54,0.39,9.57,1.17,0.98,17.57,56.67,6.44,57.58,3.12,81.25,12.89,62.12,1.9500000000000002,60.0,22.94,18.87,0.09,0.39,0.2,0.0,0.2,0.0,0.39,2.15,45.45,0.98,40.0,0.2,0.0,0.0,0.78,3.12,81.25,52.17,4.49,0,,0,,0,0.0,0.0,0.0,,,0.0,,4.69,0.0,0.0,0.0,0.0,0,0.0
C. Shust,Chris  Shust,-214382,,Bellarmine Knights,,,CF,CF,94,,0,,0,,,0,,8,460,1,0.39,0,0.16,44.41,30.84,United States,['United States'],,188,88,False,5.48,7.04,44.44,19.17,36.73,0.59,0.38,0.0,1.76,1.13,3.13,2,0.39,0,0.0,1.37,0.2,1,0.2,0.08,0,0.0,6,1.17,16.67,16.667,0.0,0.59,100.0,0.2,100.0,0.39,100.0,0.0,3.13,18.75,12.13,17.74,2.74,0.98,0.78,9.0,1.76,0.98,17.8,71.43,5.28,51.85,4.89,80.0,16.43,71.43,0.78,50.0,13.22,7.32,0.03,0.39,0.0,0.0,0.0,0.0,0.2,3.13,31.25,1.57,62.5,0.0,0.0,0.59,0.59,2.35,66.67,77.27,4.3,0,,0,,0,0.0,0.0,0.0,,,0.0,,19.17,0.0,0.0,0.0,0.0,0,0.0
M. Quintana,Miguel Quintana,-214064,,North Florida Ospreyes,,,"RCMF, LW, RDMF",RCMF,25,LW,18,RDMF,15,,,0,,8,460,0,0.03,0,0.25,18.2,49.46,United States,['United States'],unknown,175,73,False,8.02,6.85,60.0,5.48,42.86,0.2,0.21,0.2,3.7199999999999998,4.04,0.78,1,0.2,0,0.0,1.57,0.0,0,0.0,0.01,0,0.0,3,0.59,33.33,0.0,0.0,1.17,66.67,0.2,100.0,0.98,60.0,0.0,0.39,100.0,3.52,33.33,0.59,0.2,0.2,10.76,0.59,0.78,23.48,65.83,10.17,51.92,3.52,83.33,19.76,68.32,2.54,46.15,24.41,25.79,0.05,0.78,0.0,0.2,0.2,100.0,0.2,3.7199999999999998,57.89,2.15,81.82,0.2,0.0,0.78,0.59,6.07,51.61,72.73,6.46,0,,0,,0,0.0,0.0,0.0,,,0.0,,5.48,0.39,0.0,0.0,0.0,0,0.0
J. Schoffstall,Jake Schoffstall,-232767,,North Florida Ospreyes,,,"LCB, RCB",LCB,44,RCB,41,,0,24.0,2001-10-30,0,,7,457,0,0.19,0,0.19,13.0,68.18,United States,['United States'],,183,82,False,6.3,4.33,81.82,3.74,57.89,0.0,0.0,0.2,2.76,3.04,1.18,1,0.2,0,0.0,0.39,0.0,0,0.0,0.04,0,0.0,1,0.2,0.0,0.0,0.0,0.0,0.0,0.0,0.0,0.0,0.0,0.0,0.39,100.0,0.59,66.67,0.39,0.0,0.0,7.88,0.0,1.77,20.48,63.46,12.8,52.31,1.77,77.78,13.79,72.86,6.7,44.12,27.43,43.27,0.04,1.18,0.0,0.0,0.0,0.0,0.0,4.92,40.0,0.59,0.0,0.2,0.0,0.0,0.0,5.91,56.67,85.71,5.51,0,,0,,0,0.0,0.0,0.0,,,1.38,,3.74,0.79,0.0,0.0,0.79,0,0.0
K. Naicker,Kris Naicker,-152904,,Central Arkansas Bears,,,"LAMF, RB, LW",LAMF,45,RB,32,LW,11,23.0,2002-12-08,0,,9,455,1,0.48,1,0.36,20.97,50.94,New Zealand,['New Zealand'],right,180,0,False,6.53,7.12,72.22,4.35,50.0,0.0,0.0,0.0,1.38,1.4100000000000001,1.38,2,0.4,1,0.2,2.18,0.2,1,0.2,0.09,1,0.2,4,0.79,25.0,25.0,0.2,1.78,22.22,1.19,33.33,0.59,0.0,0.0,2.9699999999999998,53.33,7.12,38.89,1.98,0.4,0.0,11.08,1.78,0.99,19.58,67.68,3.56,66.67,4.15,90.48,15.43,74.36,2.5700000000000003,53.85,20.35,28.27,0.07,0.79,0.2,0.0,0.0,0.0,0.4,2.18,63.64,1.98,50.0,0.2,0.0,0.79,0.59,4.55,56.52,54.55,6.53,0,,0,,0,0.0,0.0,0.0,,,0.4,,4.35,0.0,0.0,0.0,0.0,0,0.0
A. Horrocks,Axel Horrocks,-352508,,Queens Royals,,,GK,GK,100,,0,,0,26.0,2000-05-15,0,,5,452,0,0.0,0,0.0,2.39,75.0,Argentina,['Argentina'],,188,84,False,2.59,0.0,0.0,1.99,70.0,0.0,0.0,0.0,2.59,3.58,0.0,0,0.0,0,0.0,0.0,0.0,0,0.0,0.0,0,0.0,0,0.0,0.0,0.0,0.0,0.0,0.0,0.0,0.0,0.0,0.0,0.0,0.0,0.0,0.4,100.0,0.0,0.0,0.0,6.77,0.0,0.6000000000000001,13.54,77.94,11.15,75.0,0.0,0.0,4.18,90.48,9.36,72.34,38.89,44.23,0.0,0.0,0.0,0.0,0.0,0.0,0.0,1.19,83.33,0.0,0.0,0.2,0.0,0.0,0.0,5.77,86.21,91.67,2.39,8,1.5899999999999999,19,3.7800000000000002,2,57.89,7.08,1.4100000000000001,-0.92,-0.183,0.0,2.39,1.99,,,,0.0,0,0.0
N. McGrath,Nolan McGrath,-214373,,Bellarmine Knights,,,CF,CF,100,,0,,0,25.0,2000-10-31,0,,9,451,0,0.42,0,0.6000000000000001,29.73,43.62,United States,['United States'],,185,0,False,2.99,2.39,58.33,16.16,44.44,0.2,0.13,0.2,1.4,0.91,1.6,0,0.0,0,0.0,1.6,0.0,0,0.0,0.08,0,0.0,5,1.0,60.0,0.0,0.0,1.0,0.0,0.4,0.0,0.6000000000000001,0.0,0.2,1.6,62.5,6.78,32.35,2.2,0.4,0.4,10.98,3.59,2.59,23.35,63.25,7.38,45.95,4.79,91.67,20.55,68.93,1.8,33.33,15.06,24.33,0.12,1.0,0.0,0.0,0.2,0.0,0.0,3.59,38.89,1.4,42.86,0.2,0.0,1.0,0.0,3.39,47.06,70.0,5.99,0,,0,,0,0.0,0.0,0.0,,,0.0,,16.16,0.0,0.0,0.0,0.0,0,0.0
L. Tom,Luto Tom,-216238,,North Florida Ospreyes,,,"RCMF, LDMF",RCMF,73,LDMF,11,,0,27.0,1998-09-21,0,,6,447,0,0.12,1,0.08,28.39,46.81,South Africa,['South Africa'],,185,79,False,12.28,11.07,60.0,6.44,28.13,0.4,0.37,0.0,5.23,4.79,2.21,0,0.0,0,0.0,1.4100000000000001,0.0,0,0.0,0.02,0,0.0,4,0.81,25.0,0.0,0.2,0.4,0.0,0.0,0.0,0.4,0.0,0.2,2.21,45.45,6.24,41.94,0.4,0.6000000000000001,0.4,11.68,0.4,1.01,25.17,59.2,11.28,35.71,4.03,85.0,18.32,73.63,6.44,21.88,23.25,41.37,0.02,0.4,0.0,0.0,0.6000000000000001,33.33,0.2,6.85,41.18,2.21,0.0,1.6099999999999999,25.0,0.0,0.0,5.84,48.28,79.41,6.85,0,,0,,0,0.0,0.0,0.0,,,0.0,,6.44,0.0,0.0,0.0,0.0,0,0.0
A. Kiss,Alex Kiss,-278842,Central Arkansas Bears,Central Arkansas Bears,https://cdn5.wyscout.com/photos/team/public/g-2882_120x120.png,NCAA D1 ASUN,"LB, LAMF, RB",LB,37,LAMF,20,RB,19,,,0,,9,444,0,0.06,0,0.33,20.68,52.94,United States,['United States'],unknown,180,76,False,7.7,7.3,61.11,2.84,71.43,0.41000000000000003,0.43,0.41000000000000003,2.84,3.02,1.01,2,0.41000000000000003,0,0.0,4.05,0.0,0,0.0,0.01,0,0.0,1,0.2,100.0,0.0,0.0,2.43,50.0,2.03,50.0,0.41000000000000003,50.0,0.41000000000000003,4.86,54.17,8.72,37.21,1.22,2.23,0.61,12.97,1.22,0.81,27.57,70.59,13.38,65.15,2.84,92.86,21.89,75.0,3.24,56.25,19.12,24.61,0.07,0.61,0.0,0.2,0.0,0.0,0.41000000000000003,5.47,74.07,2.23,36.36,0.2,0.0,0.2,1.22,8.72,62.79,77.5,8.11,0,,0,,0,0.0,0.0,0.0,,,0.0,,2.84,0.0,0.0,0.0,0.2,0,0.0
M. Mitrevski,Marko Mitrevski,-213818,,Liberty Flames,,,"AMF, RCMF3",AMF,44,RCMF3,31,,0,25.0,2001-05-08,0,,6,442,3,1.02,1,1.65,24.64,50.41,United States,['United States'],unknown,180,74,False,11.4,7.53,64.86,1.63,62.5,0.0,0.0,0.0,6.52,6.53,0.61,0,0.0,0,0.0,2.85,0.61,3,0.61,0.21,1,0.2,7,1.43,71.43,42.857,0.2,1.22,50.0,0.61,33.33,0.61,66.67,0.41000000000000003,2.04,40.0,9.37,34.78,1.43,0.81,0.61,18.12,0.61,2.85,32.38,77.36,10.38,58.82,6.11,90.0,28.71,81.56,2.44,41.67,17.33,17.1,0.34,1.43,0.0,0.0,0.61,66.67,0.2,4.68,60.87,2.44,50.0,0.81,50.0,0.81,0.81,5.29,69.23,91.07,11.4,0,,0,,0,0.0,0.0,0.0,,,0.2,,1.63,2.65,0.41000000000000003,100.0,1.83,0,0.0
A. Onyango,Arnold Onyango,-213824,,Liberty Flames,,,"RDMF, DMF, LDMF",RDMF,57,DMF,29,LDMF,11,24.0,2001-09-07,0,,6,440,0,0.1,0,0.0,16.16,41.77,Kenya,['Kenya'],unknown,173,75,False,11.66,8.59,54.76,3.07,33.33,0.0,0.0,0.41000000000000003,6.95,7.97,1.02,0,0.0,0,0.0,0.41000000000000003,0.0,0,0.0,0.02,0,0.0,4,0.8200000000000001,0.0,0.0,0.0,0.41000000000000003,50.0,0.2,0.0,0.0,0.0,0.0,1.02,20.0,2.45,8.33,0.2,0.41000000000000003,0.0,20.86,0.2,0.0,36.41,78.65,12.68,64.52,4.91,87.5,28.64,86.43,7.36,50.0,21.0,31.24,0.0,0.0,0.0,0.0,0.2,0.0,0.0,7.16,62.86,0.8200000000000001,50.0,0.41000000000000003,0.0,0.2,0.2,6.55,81.25,88.73,14.52,0,,0,,0,0.0,0.0,0.0,,,0.2,,3.07,0.41000000000000003,0.0,0.0,0.2,0,0.0
B. Smith,Bryson Smith,-214071,,North Florida Ospreyes,,,"RW, CF",RW,46,CF,45,,0,,,0,,6,440,1,0.72,0,0.2,31.09,42.11,United States,['United States'],unknown,183,78,False,7.98,7.77,71.05,5.11,24.0,0.2,0.2,0.0,2.25,2.24,2.05,0,0.0,0,0.0,2.05,0.2,1,0.2,0.15,0,0.0,4,0.8200000000000001,50.0,25.0,0.0,1.8399999999999999,22.22,0.0,0.0,1.8399999999999999,22.22,0.2,2.86,42.86,12.89,34.92,2.45,1.43,1.23,6.95,2.05,2.05,16.16,72.15,4.91,62.5,4.5,95.45,12.48,85.25,1.8399999999999999,33.33,17.14,23.88,0.04,0.61,0.0,0.0,0.0,0.0,0.0,1.8399999999999999,33.33,1.02,60.0,0.2,0.0,0.2,0.41000000000000003,1.23,83.33,61.11,3.68,0,,0,,0,0.0,0.0,0.0,,,0.0,,5.11,0.0,0.0,0.0,0.0,0,0.0
César Mata,César Andrés Mata Torres,-113176,,Stetson Hatters,,,CF,CF,98,,0,,0,24.0,2002-01-16,0,,9,435,4,1.43,1,0.28,27.72,35.07,Mexico,['Mexico'],,175,65,False,6.0,5.38,61.54,6.21,33.33,0.21,0.2,0.21,2.48,2.37,0.8300000000000001,0,0.0,0,0.0,2.69,0.8300000000000001,4,0.8300000000000001,0.30000000000000004,1,0.21,9,1.8599999999999999,55.56,44.444,0.21,0.41000000000000003,0.0,0.21,0.0,0.21,0.0,0.0,3.31,37.5,12.0,31.03,2.9,0.62,0.62,13.03,3.52,1.24,22.76,67.27,4.55,59.09,6.41,83.87,21.93,67.92,0.41000000000000003,100.0,13.38,6.63,0.06,1.03,0.0,0.0,0.8300000000000001,50.0,0.62,2.48,58.33,2.48,50.0,0.8300000000000001,50.0,1.24,0.0,2.48,66.67,57.69,5.38,0,,0,,0,0.0,0.0,0.0,,,0.0,,6.21,0.0,0.0,0.0,0.21,0,0.0
S . Kgwakgwa,Sean Kgwakgwa,-274266,Mossley,Jacksonville Dolphins,https://cdn5.wyscout.com/photos/team/public/g4913_120x120.png,Non League Div One,"RDMF, LCMF, RB",RDMF,54,LCMF,26,RB,10,,,0,,7,432,0,0.01,0,0.01,29.17,55.0,England,['England'],,177,69,False,10.0,10.63,64.71,3.54,52.94,0.42,0.47000000000000003,0.0,2.71,3.07,1.88,2,0.42,0,0.0,2.08,0.0,0,0.0,0.0,0,0.0,2,0.42,50.0,0.0,0.0,1.25,50.0,0.0,0.0,1.25,50.0,0.21,2.5,50.0,10.42,52.0,0.63,1.25,0.0,27.29,0.63,2.5,46.04,81.45,18.33,63.64,6.67,96.88,38.75,87.63,6.04,48.28,22.0,37.96,0.0,0.42,0.0,0.0,0.0,0.0,0.0,8.96,69.77,1.67,37.5,0.63,0.0,0.63,0.63,9.17,70.45,94.05,17.5,0,,0,,0,0.0,0.0,0.0,,,1.46,,3.54,0.21,0.0,0.0,0.0,0,0.0
S. Clancy,Shane Clancy,-352359,Jacksonville Dolphins,Jacksonville Dolphins,https://cdn5.wyscout.com/photos/team/public/g-3021_120x120.png,NCAA D1 ASUN,"RCB, CB",RCB,79,CB,19,,0,,,0,,5,421,0,0.27,0,0.0,15.39,48.61,United States,['United States'],unknown,189,77,False,10.05,6.2,48.28,5.34,64.0,0.21,0.31,1.07,6.84,10.0,1.71,0,0.0,0,0.0,0.0,0.0,0,0.0,0.06,0,0.0,2,0.43,0.0,0.0,0.0,0.0,0.0,0.0,0.0,0.0,0.0,0.0,0.21,0.0,1.5,28.57,0.86,0.21,0.0,33.99,0.43,0.64,49.6,82.33,21.59,70.3,2.5700000000000003,91.67,39.55,88.65,10.05,57.45,22.89,37.79,0.0,0.0,0.0,0.0,0.0,0.0,0.0,6.41,53.33,0.43,0.0,0.43,0.0,0.0,0.0,8.98,61.9,94.34,22.66,0,,0,,0,0.0,0.0,0.0,,,2.35,,5.34,0.0,0.0,0.0,0.0,0,0.0
J. Acuna,Joaquin Acuna,-273941,Alta,North Florida Ospreyes,https://cdn5.wyscout.com/photos/team/public/g-23288_120x120.png,USL League 1,CF,CF,93,,0,,0,23.0,2003-05-16,0,2026-11-30,7,411,0,0.42,0,0.25,31.09,33.1,United States,['United States'],unknown,191,82,False,4.38,3.5,56.25,11.82,33.33,0.44,0.47000000000000003,0.22,1.97,2.13,2.41,4,0.88,0,0.0,1.97,0.0,0,0.0,0.09,0,0.0,6,1.31,16.67,0.0,0.0,0.88,0.0,0.0,0.0,0.88,0.0,0.22,3.2800000000000002,46.67,9.42,32.56,3.5,0.44,0.0,7.23,1.31,1.31,13.58,62.9,3.7199999999999998,47.06,3.5,87.5,11.82,68.52,0.88,50.0,17.3,20.33,0.05,0.44,0.0,0.0,0.22,100.0,0.22,3.5,50.0,0.44,100.0,0.44,100.0,0.66,0.0,1.75,62.5,57.89,4.16,0,,0,,0,0.0,0.0,0.0,,,0.0,,11.82,0.0,0.0,0.0,0.0,0,0.0
R. Laufer,Rowan Laufer,513820,,Central Arkansas Bears,,,"RCB, LCB",RCB,38,LCB,38,,0,24.0,2002-02-02,0,,9,401,0,0.0,0,0.0,15.26,64.71,United States,['United States'],,187,77,False,12.34,6.28,82.14,4.71,66.67,0.45,0.49,1.35,6.73,7.32,0.45,2,0.45,0,0.0,0.45,0.0,0,0.0,0.0,0,0.0,0,0.0,0.0,0.0,0.0,0.22,100.0,0.22,100.0,0.0,0.0,0.0,0.9,25.0,1.8,25.0,0.22,0.45,0.0,9.43,0.0,0.67,27.38,72.13,11.9,62.26,2.02,100.0,22.0,76.53,5.16,52.17,20.15,28.91,0.0,0.0,0.0,0.0,0.0,0.0,0.0,2.92,53.85,0.9,50.0,0.22,0.0,0.22,0.22,8.3,51.35,81.25,10.77,0,,0,,0,0.0,0.0,0.0,,,0.45,,4.71,0.0,0.0,0.0,0.0,0,0.0
C. Bates,Connor Bates,512857,,Stetson Hatters,,,"AMF, LCMF, RCMF",AMF,34,LCMF,27,RCMF,20,24.0,2001-08-02,0,,8,400,0,0.11,1,0.6000000000000001,18.9,36.9,United States,['United States'],,175,70,False,4.95,6.3,57.14,1.35,33.33,0.23,0.26,0.0,1.13,1.32,1.13,0,0.0,0,0.0,1.58,0.0,0,0.0,0.02,0,0.0,3,0.68,33.33,0.0,0.23,1.13,20.0,0.45,50.0,0.68,0.0,0.0,3.38,33.33,6.98,32.26,0.45,0.68,0.68,21.15,0.23,0.45,35.78,76.73,13.27,55.93,4.95,90.91,33.08,79.59,1.58,57.14,17.43,25.42,0.13,1.35,0.0,0.0,0.23,0.0,0.23,5.63,64.0,2.93,30.77,0.23,0.0,0.45,0.23,4.28,84.21,85.19,12.15,0,,0,,0,0.0,0.0,0.0,,,0.0,,1.35,0.23,0.0,0.0,0.23,0,0.0
B. Shepherd,Burl Shepherd,-243149,,Lipscomb Bisons,,,"LDMF, LCMF3, RCMF",LDMF,65,LCMF3,12,RCMF,10,25.0,2001-05-20,0,,7,395,0,0.01,1,0.71,19.37,60.0,United States,['United States'],,179,70,False,10.48,5.7,76.0,2.05,44.44,1.37,2.02,0.0,4.78,7.08,1.1400000000000001,2,0.46,0,0.0,2.2800000000000002,0.0,0,0.0,0.0,0,0.0,2,0.46,0.0,0.0,0.23,0.68,66.67,0.23,100.0,0.23,0.0,0.23,1.5899999999999999,85.71,7.29,56.25,0.46,4.33,0.23,31.9,0.23,2.73,49.44,86.18,15.49,72.06,8.2,94.44,46.48,87.75,2.2800000000000002,60.0,19.92,33.13,0.16,1.1400000000000001,0.0,0.0,0.91,50.0,0.68,7.29,84.38,2.73,58.33,0.46,0.0,1.37,0.46,7.97,71.43,97.75,20.28,0,,0,,0,0.0,0.0,0.0,,,0.46,,2.05,0.68,0.23,0.0,0.0,0,0.0
M. Pencak,Maxim Pencak,-214121,,Jacksonville Dolphins,,,"LCB, LB",LCB,73,LB,18,,0,24.0,2002-01-23,0,,7,390,0,0.28,0,0.02,16.85,63.01,United States,['United States'],,182,81,False,13.38,7.62,78.79,4.62,60.0,1.38,2.02,1.15,6.0,8.76,0.46,1,0.23,0,0.0,0.23,0.0,0,0.0,0.07,0,0.0,1,0.23,0.0,0.0,0.0,0.0,0.0,0.0,0.0,0.0,0.0,0.0,0.46,50.0,2.08,33.33,0.6900000000000001,0.92,0.0,36.0,0.46,0.6900000000000001,54.69,84.39,24.46,72.64,1.85,100.0,47.08,91.18,7.62,42.42,23.66,45.38,0.0,0.23,0.0,0.0,0.0,0.0,0.23,8.77,57.89,0.92,0.0,0.92,0.0,0.0,0.0,12.92,75.0,94.0,23.08,0,,0,,0,0.0,0.0,0.0,,,0.6900000000000001,,4.62,0.23,0.0,0.0,0.0,0,0.0
T. Stickley,Thomas Stickley,-237454,,Bellarmine Knights,,,"RW, LW",RW,68,LW,27,,0,,,0,,9,388,0,0.24,0,0.13,18.09,52.56,United States,['United States'],,175,77,False,9.74,7.65,57.58,4.64,60.0,0.93,0.72,0.0,4.41,3.43,1.3900000000000001,2,0.46,0,0.0,1.3900000000000001,0.0,0,0.0,0.05,0,0.0,1,0.23,0.0,0.0,0.0,3.25,21.43,1.3900000000000001,33.33,1.62,14.29,0.93,1.3900000000000001,50.0,2.7800000000000002,50.0,1.16,0.23,0.46,9.97,2.32,2.09,18.09,52.56,7.19,32.26,2.7800000000000002,83.33,12.53,62.96,2.55,45.45,21.14,25.71,0.03,0.23,0.0,0.0,0.0,0.0,0.23,4.41,47.37,3.48,33.33,0.46,50.0,0.46,0.7000000000000001,4.18,77.78,60.0,6.96,0,,0,,0,0.0,0.0,0.0,,,0.0,,4.64,0.0,0.0,0.0,0.0,0,0.0
S. Sackey,Sheldon Sackey,-169500,,Stetson Hatters,,,"LCB3, RCB3, RCB",LCB3,53,RCB3,30,RCB,13,23.0,2003-01-01,0,,5,383,0,0.16,0,0.01,12.45,56.6,United States,['United States'],,178,70,False,7.99,5.64,62.5,1.17,20.0,0.0,0.0,0.0,4.46,7.5,0.9400000000000001,1,0.23,0,0.0,0.9400000000000001,0.0,0,0.0,0.04,0,0.0,1,0.23,0.0,0.0,0.0,0.0,0.0,0.0,0.0,0.0,0.0,0.0,0.9400000000000001,100.0,2.11,55.56,0.9400000000000001,0.47000000000000003,0.47000000000000003,34.31,0.47000000000000003,1.4100000000000001,48.41,84.47,20.21,72.09,3.76,93.75,43.47,90.27,4.93,33.33,22.15,42.58,0.0,0.23,0.0,0.0,0.0,0.0,0.0,7.05,60.0,0.47000000000000003,50.0,0.0,0.0,0.0,0.0,8.46,72.22,93.98,19.5,0,,0,,0,0.0,0.0,0.0,,,2.11,,1.17,0.0,0.0,0.0,0.0,0,0.0
J. Izquierdo-CuervoI,Javier Izquierdo-Cuervo,-352513,,Queens Royals,,,GK,GK,100,,0,,0,25.0,2001-03-15,0,,4,379,0,0.0,0,0.0,1.6600000000000001,71.43,Spain,['Spain'],unknown,178,77,False,4.27,0.24,0.0,0.71,100.0,0.0,0.0,0.0,4.27,6.28,0.24,0,0.0,1,0.24,0.0,0.0,0,0.0,0.0,0,0.0,0,0.0,0.0,0.0,0.0,0.0,0.0,0.0,0.0,0.0,0.0,0.0,0.24,0.0,0.47000000000000003,50.0,0.0,0.0,0.0,9.26,0.0,0.47000000000000003,21.61,86.81,15.91,82.09,0.0,0.0,9.74,97.56,11.87,78.0,40.27,51.12,0.0,0.0,0.0,0.0,0.0,0.0,0.0,4.27,72.22,0.0,0.0,0.0,0.0,0.0,0.0,9.97,92.86,100.0,5.46,6,1.42,18,4.27,0,66.67,5.85,1.3900000000000001,-0.15,-0.036000000000000004,0.0,2.61,0.71,,,,0.0,0,0.0
D. Robinson,David Robinson,-352354,,Jacksonville Dolphins,,,"RW, RAMF, LAMF",RW,36,RAMF,27,LAMF,21,,,0,,8,350,1,0.79,0,0.29,29.83,38.79,United States,['United States'],unknown,174,64,False,7.46,6.17,62.5,6.17,16.67,0.26,0.25,0.0,3.34,3.2800000000000002,1.54,1,0.26,0,0.0,4.37,0.26,1,0.26,0.2,0,0.0,3,0.77,100.0,33.333,0.0,2.06,37.5,0.26,0.0,1.8,42.86,0.51,4.89,57.89,14.66,38.6,2.06,2.83,1.29,12.6,1.29,1.8,25.2,74.49,6.69,65.38,7.97,90.32,21.34,79.52,1.8,57.14,15.75,13.73,0.07,0.77,0.0,0.0,0.26,0.0,0.26,2.31,77.78,2.83,54.55,0.26,0.0,1.03,1.03,4.11,68.75,71.43,7.2,0,,0,,0,0.0,0.0,0.0,,,0.0,,6.17,0.0,0.0,0.0,0.0,0,0.0
H. Zed,Haziq Zed,-214388,,Bellarmine Knights,,,RW,RW,92,,0,,0,25.0,2000-12-22,0,,8,335,0,0.39,0,0.04,17.73,45.45,Malaysia,['Malaysia'],,170,0,False,8.06,5.37,70.0,2.15,62.5,0.54,0.37,0.0,3.76,2.61,0.27,0,0.0,0,0.0,1.88,0.0,0,0.0,0.1,0,0.0,7,1.88,14.29,0.0,0.0,1.07,0.0,0.27,0.0,0.81,0.0,0.27,3.49,46.15,6.45,37.5,1.88,1.34,0.54,11.55,1.07,1.07,19.07,69.01,6.18,56.52,2.42,88.89,14.78,83.64,3.22,25.0,19.33,19.21,0.01,0.27,0.0,0.0,0.0,0.0,0.0,3.49,46.15,1.07,0.0,0.27,0.0,0.0,0.0,3.22,58.33,70.0,8.06,0,,0,,0,0.0,0.0,0.0,,,0.0,,2.15,0.0,0.0,0.0,0.0,0,0.0
C. Wood,Carson Wood,-274262,,Jacksonville Dolphins,,,"CF, RAMF, RWB",CF,39,RAMF,29,RWB,10,,,0,,7,334,0,0.37,0,0.19,20.75,32.47,Canada,['Canada'],unknown,177,70,False,4.58,3.77,50.0,2.16,37.5,0.81,0.74,0.27,1.8900000000000001,1.74,1.35,0,0.0,0,0.0,1.35,0.0,0,0.0,0.1,0,0.0,4,1.08,0.0,0.0,0.0,0.81,0.0,0.27,0.0,0.54,0.0,0.0,4.04,33.33,11.59,30.23,1.62,1.35,1.35,11.86,2.96,1.08,21.02,64.1,6.2,39.13,5.93,81.82,19.4,69.44,0.81,0.0,16.64,14.0,0.05,1.08,0.0,0.0,0.27,0.0,0.0,2.43,33.33,1.8900000000000001,42.86,0.27,0.0,0.81,0.0,2.69,60.0,75.0,5.39,0,,0,,0,0.0,0.0,0.0,,,0.0,,2.16,0.0,0.0,0.0,0.0,0,0.0
G. Gora,Gora Gora,-274244,,Liberty Flames,,,"LAMF, CF, LW",LAMF,37,CF,15,LW,14,,,0,,6,332,0,0.28,0,0.6900000000000001,29.28,41.67,United States,['United States'],unknown,185,70,False,8.95,8.13,56.67,7.32,37.04,0.0,0.0,0.0,4.34,4.75,3.25,1,0.27,0,0.0,3.8,0.0,0,0.0,0.08,0,0.0,4,1.08,75.0,0.0,0.0,3.25,16.67,3.25,16.67,0.0,0.0,0.54,5.69,42.86,10.57,35.9,1.9,1.3599999999999999,0.54,14.64,3.8,1.3599999999999999,21.96,64.2,6.78,64.0,3.52,84.62,18.16,73.13,0.81,33.33,17.97,14.1,0.19,0.81,0.0,0.0,0.27,0.0,0.54,1.9,28.57,2.98,27.27,0.27,0.0,0.81,0.81,4.34,68.75,48.28,7.86,0,,0,,0,0.0,0.0,0.0,,,0.0,,7.32,0.27,0.0,0.0,0.27,0,0.0
B. Betts,Brandt Betts,513698,,Liberty Flames,,,"LB, RB",LB,66,RB,33,,0,25.0,2001-02-14,0,,5,329,0,0.01,0,0.01,16.96,56.45,United States,['United States'],,180,70,False,15.05,6.29,56.52,4.1,40.0,0.8200000000000001,0.91,0.27,10.67,11.82,0.8200000000000001,1,0.27,0,0.0,2.74,0.0,0,0.0,0.0,0,0.0,1,0.27,0.0,0.0,0.0,1.09,25.0,0.8200000000000001,33.33,0.27,0.0,0.0,2.46,100.0,3.83,78.57,0.55,0.27,0.55,18.6,0.27,1.37,33.92,71.77,18.05,63.64,3.56,100.0,27.36,79.0,5.47,45.0,19.62,33.54,0.0,0.27,0.0,0.0,0.0,0.0,0.0,7.66,67.86,1.37,40.0,0.0,0.0,0.0,0.27,10.4,60.53,76.67,8.21,0,,0,,0,0.0,0.0,0.0,,,0.27,,4.1,0.0,0.0,0.0,0.0,0,0.0
S. Beeks,Scott Beeks,464873,,North Florida Ospreyes,,,"LW, RW, AMF",LW,59,RW,23,AMF,16,26.0,1999-09-12,0,,7,318,0,0.56,0,0.41000000000000003,22.64,40.0,Finland,['Finland'],,186,73,False,6.51,3.96,78.57,10.19,33.33,0.28,0.29,0.0,3.11,3.2,1.13,0,0.0,0,0.0,1.42,0.0,0,0.0,0.16,0,0.0,4,1.13,0.0,0.0,0.0,2.26,12.5,1.42,0.0,0.85,33.33,1.13,2.26,37.5,6.23,22.73,1.98,0.28,0.5700000000000001,13.02,0.5700000000000001,0.28,28.02,56.57,9.62,50.0,6.79,83.33,22.64,61.25,3.11,54.55,18.07,25.35,0.11,0.5700000000000001,0.0,0.0,0.85,33.33,0.0,4.8100000000000005,47.06,3.4,16.67,0.85,0.0,0.0,0.5700000000000001,4.8100000000000005,52.94,37.04,7.64,0,,0,,0,0.0,0.0,0.0,,,0.28,,10.19,0.5700000000000001,0.0,0.0,0.0,0,0.0
S. Gulden,Scott Gulden,429662,,Lipscomb Bisons,,,LCB,LCB,93,,0,,0,26.0,1999-12-29,0,,3,316,1,0.18,0,0.0,12.53,63.64,Norway,['Norway'],,189,75,False,5.98,3.13,81.82,5.98,61.9,0.5700000000000001,1.22,0.5700000000000001,2.85,6.12,1.1400000000000001,0,0.0,0,0.0,0.5700000000000001,0.28,1,0.28,0.05,1,0.28,1,0.28,100.0,100.0,0.0,0.0,0.0,0.0,0.0,0.0,0.0,0.0,0.28,100.0,0.85,66.67,0.28,0.28,0.28,33.04,0.0,0.5700000000000001,45.28,92.45,12.82,75.56,2.85,90.0,39.02,95.62,6.27,72.73,25.12,44.8,0.0,0.0,0.0,0.0,0.0,0.0,0.0,5.41,84.21,0.5700000000000001,50.0,0.0,0.0,0.0,0.0,6.27,72.73,100.0,28.48,0,,0,,0,0.0,0.0,0.0,,,2.56,,5.98,0.28,0.0,0.0,0.28,0,0.0
D. Abbey,Darren Abbey,-352345,,Queens Royals,,,"RCB3, CB",RCB3,46,CB,42,,0,,,0,,6,310,1,0.24,0,0.0,17.13,49.15,England,['England'],,186,86,False,10.45,8.13,53.57,4.65,43.75,0.29,0.28,0.29,5.8100000000000005,5.66,2.61,2,0.58,0,0.0,0.58,0.29,1,0.29,0.07,0,0.0,2,0.58,50.0,50.0,0.0,0.0,0.0,0.0,0.0,0.0,0.0,0.0,0.58,50.0,1.45,40.0,0.58,0.29,0.29,4.65,0.0,0.58,15.39,64.15,9.87,64.71,1.45,60.0,12.19,69.05,3.19,45.45,19.11,14.15,0.0,0.0,0.0,0.0,0.0,0.0,0.0,2.61,55.56,0.0,0.0,0.0,0.0,0.0,0.0,4.35,53.33,100.0,2.03,0,,0,,0,0.0,0.0,0.0,,,0.87,,4.65,0.0,0.0,0.0,0.0,0,0.0
A. Markowitz,Aaron Markowitz,-278823,,FGCU Eagles,,,"LWB, RWB",LWB,68,RWB,18,,0,23.0,2002-12-22,0,,8,301,1,0.55,0,0.07,26.31,43.18,United States,['United States'],unknown,185,77,False,6.28,5.98,65.0,6.88,52.17,0.0,0.0,0.30000000000000004,2.39,2.79,0.30000000000000004,0,0.0,0,0.0,2.09,0.30000000000000004,1,0.30000000000000004,0.16,0,0.0,3,0.9,33.33,33.333,0.0,1.79,0.0,0.9,0.0,0.9,0.0,0.0,3.89,46.15,9.27,35.48,1.5,3.29,0.9,19.44,1.5,0.6000000000000001,31.1,71.15,9.27,67.74,8.37,85.71,26.61,78.65,2.69,44.44,17.48,16.63,0.02,0.9,0.0,0.0,0.0,0.0,0.30000000000000004,1.79,83.33,1.5,0.0,0.30000000000000004,0.0,0.30000000000000004,0.30000000000000004,5.68,68.42,71.43,8.37,0,,0,,0,0.0,0.0,0.0,,,0.0,,6.88,0.0,0.0,0.0,0.0,0,0.0
A. Taylor,Angus Taylor,-361532,Heidelberg United,North Florida Ospreyes,https://cdn5.wyscout.com/photos/team/public/g5152_120x120.png,Victoria NPL,"CF, RW, RAMF",CF,51,RW,33,RAMF,15,23.0,2002-12-03,0,,7,300,0,0.64,0,0.31,29.4,42.86,United States,['United States'],unknown,156,74,False,7.8,6.0,75.0,7.8,38.46,0.30000000000000004,0.28,0.0,3.0,2.83,1.8,0,0.0,0,0.0,1.2,0.0,0,0.0,0.19,0,0.0,4,1.2,0.0,0.0,0.0,0.0,0.0,0.0,0.0,0.0,0.0,0.0,5.1,17.65,12.9,34.88,1.8,1.8,0.30000000000000004,6.6,1.2,1.8,14.1,78.72,4.2,78.57,3.3,90.91,13.5,80.0,0.6000000000000001,50.0,18.27,12.41,0.09,0.30000000000000004,0.0,0.0,0.30000000000000004,100.0,0.0,2.4,75.0,1.5,60.0,0.0,0.0,0.6000000000000001,0.0,2.7,77.78,50.0,2.4,0,,0,,0,0.0,0.0,0.0,,,0.0,,7.8,0.0,0.0,0.0,0.0,0,0.0
R. Shalash,Rahim Shalash,-214381,,Bellarmine Knights,,,"CF, LCMF, RCMF",CF,41,LCMF,25,RCMF,22,,,0,,9,297,0,0.12,1,0.85,21.82,52.78,United States,['United States'],,175,77,False,8.79,5.15,82.35,8.48,53.57,0.0,0.0,0.0,4.55,2.68,0.30000000000000004,0,0.0,0,0.0,1.52,0.0,0,0.0,0.04,0,0.0,2,0.61,50.0,0.0,0.30000000000000004,0.91,66.67,0.30000000000000004,100.0,0.30000000000000004,0.0,0.30000000000000004,1.82,33.33,4.55,20.0,1.52,0.0,0.0,10.61,0.91,0.61,22.42,66.22,9.7,59.38,2.73,88.89,16.06,75.47,5.45,38.89,23.31,35.13,0.26,1.82,0.0,0.0,0.0,0.0,0.30000000000000004,6.06,40.0,1.82,33.33,0.91,0.0,0.30000000000000004,0.61,6.06,70.0,69.23,7.88,0,,0,,0,0.0,0.0,0.0,,,0.0,,8.48,2.42,0.0,0.0,1.82,0,0.0
J. Hammond,Jahvanie Hammond,511656,,FGCU Eagles,,,"LCMF, AMF, RCMF",LCMF,33,AMF,29,RCMF,27,25.0,2001-06-17,0,,8,286,0,0.07,0,0.04,22.66,52.78,United States,['United States'],,183,72,False,5.98,4.41,42.86,10.07,65.63,0.31,0.4,0.0,3.7800000000000002,4.8,2.2,0,0.0,0,0.0,0.63,0.0,0,0.0,0.02,0,0.0,1,0.31,0.0,0.0,0.0,0.63,0.0,0.0,0.0,0.63,0.0,0.0,0.9400000000000001,66.67,5.03,50.0,0.9400000000000001,0.0,0.0,17.94,0.63,1.57,27.69,70.45,9.76,54.84,5.03,93.75,23.29,79.73,3.7800000000000002,25.0,17.25,25.56,0.01,0.31,0.0,0.0,0.0,0.0,0.0,3.7800000000000002,50.0,1.26,75.0,0.0,0.0,0.9400000000000001,0.0,4.09,53.85,79.31,9.13,0,,0,,0,0.0,0.0,0.0,,,0.31,,10.07,0.0,0.0,0.0,0.0,0,0.0
I. Antunez,Inti Antunez,-214066,,Jacksonville Dolphins,,,"CF, LW",CF,80,LW,12,,0,,,0,,7,273,0,0.54,0,0.08,16.81,54.9,Cuba,['Cuba'],,180,70,False,4.95,3.63,100.0,5.6,35.29,0.0,0.0,0.0,1.32,1.79,0.66,0,0.0,0,0.0,2.31,0.0,0,0.0,0.18,0,0.0,5,1.65,20.0,0.0,0.0,0.99,33.33,0.66,50.0,0.33,0.0,0.33,1.98,83.33,4.95,53.33,5.6,1.32,0.33,10.55,2.31,0.33,18.46,62.5,4.62,71.43,5.27,81.25,17.14,63.46,0.33,100.0,20.37,10.1,0.03,0.33,0.33,0.0,0.0,0.0,0.33,1.32,50.0,1.98,33.33,0.0,0.0,1.98,0.33,2.31,85.71,50.0,3.3,0,,0,,0,0.0,0.0,0.0,,,0.0,,5.6,0.0,0.0,0.0,0.0,0,0.0
P. Gilley,Padraic Gilley,-214061,,North Florida Ospreyes,,,GK,GK,100,,0,,0,,,0,,4,269,0,0.0,0,0.0,1.0,66.67,United States,['United States'],unknown,185,88,False,2.01,0.33,0.0,0.33,100.0,0.0,0.0,0.0,2.01,2.95,0.33,0,0.0,0,0.0,0.0,0.0,0,0.0,0.0,0,0.0,0,0.0,0.0,0.0,0.0,0.0,0.0,0.0,0.0,0.0,0.0,0.0,0.0,0.0,0.33,100.0,0.0,0.0,0.0,7.03,0.0,0.33,12.38,89.19,8.36,84.0,0.0,0.0,9.03,100.0,3.35,60.0,36.46,45.57,0.0,0.0,0.0,0.0,0.0,0.0,0.0,1.34,50.0,0.0,0.0,0.0,0.0,0.0,0.0,2.01,83.33,100.0,3.68,5,1.67,9,3.01,0,44.44,2.9699999999999998,0.99,-2.03,-0.679,0.0,1.0,0.33,,,,0.0,0,0.0
W. Gatkek,Wan Gatkek,-215688,Green Gully,Liberty Flames,https://cdn5.wyscout.com/photos/team/public/g5151_120x120.png,Victoria NPL,"AMF, LW, RW",AMF,54,LW,15,RW,11,26.0,2000-04-18,250000,,6,265,0,0.27,0,0.03,26.15,42.86,New Zealand,['New Zealand'],,0,0,False,6.79,6.11,72.22,3.06,22.22,0.0,0.0,0.0,2.38,2.26,1.7000000000000002,0,0.0,0,0.0,2.38,0.0,0,0.0,0.09,0,0.0,2,0.68,0.0,0.0,0.0,0.68,50.0,0.34,0.0,0.34,100.0,0.34,3.4,50.0,12.23,36.11,1.3599999999999999,1.02,0.0,22.08,1.7000000000000002,0.68,38.38,78.76,9.85,68.97,7.47,86.36,37.7,79.28,0.0,0.0,13.92,0.0,0.01,0.34,0.0,0.0,0.68,50.0,0.0,3.4,90.0,1.7000000000000002,60.0,0.68,50.0,1.02,0.34,5.43,81.25,81.82,11.21,0,,0,,0,0.0,0.0,0.0,,,0.0,,3.06,0.0,0.0,0.0,0.0,0,0.0
M. Goić,Mario Goić,420589,SCAD Bees,Queens Royals,https://cdn5.wyscout.com/photos/team/public/g-22236_120x120.png,NAIA The Sun Conference,"CF, AMF",CF,60,AMF,39,,0,28.0,1998-04-30,0,,3,263,0,0.48,0,0.02,21.9,34.38,Austria,"['Austria', 'Croatia']",left,0,0,False,2.4,1.71,60.0,5.48,37.5,0.0,0.0,0.34,1.37,1.9,1.71,0,0.0,0,0.0,3.08,0.0,0,0.0,0.16,0,0.0,8,2.74,37.5,0.0,0.0,0.34,0.0,0.0,0.0,0.34,0.0,0.0,3.42,60.0,9.24,29.63,1.37,0.68,0.0,12.66,2.05,1.03,14.37,83.33,4.45,84.62,4.11,91.67,13.35,84.62,0.68,100.0,17.31,25.88,0.01,0.34,0.0,0.0,0.0,0.0,0.0,2.74,75.0,0.68,100.0,0.34,100.0,0.68,0.0,3.42,70.0,75.0,2.74,0,,0,,0,0.0,0.0,0.0,,,0.0,,5.48,2.74,0.34,0.0,2.05,0,0.0
J. Gonsalves,Jayden Gonsalves,-273958,,Stetson Hatters,,,"RCB, RCB3, RB",RCB,34,RCB3,31,RB,30,,,0,,7,254,0,0.0,0,0.0,24.09,54.41,United States,['United States'],unknown,168,76,False,12.05,12.05,55.88,4.96,57.14,0.35000000000000003,0.49,0.35000000000000003,4.96,6.89,1.42,1,0.35000000000000003,0,0.0,0.35000000000000003,0.0,0,0.0,0.0,0,0.0,0,0.0,0.0,0.0,0.0,0.35000000000000003,0.0,0.0,0.0,0.35000000000000003,0.0,0.0,0.71,50.0,4.61,53.85,0.35000000000000003,0.35000000000000003,0.0,15.24,0.0,2.48,26.22,75.68,12.05,58.82,1.42,100.0,23.03,84.62,2.83,12.5,17.32,27.8,0.0,0.0,0.0,0.0,0.0,0.0,0.0,4.96,35.71,0.71,0.0,0.0,0.0,0.0,0.0,3.9,72.73,87.5,11.34,0,,0,,0,0.0,0.0,0.0,,,0.35000000000000003,,4.96,0.0,0.0,0.0,0.0,0,0.0
J. Smith,Javanne Smith,-214004,,Lipscomb Bisons,,,CF,CF,100,,0,,0,,,0,,9,251,1,0.9400000000000001,0,0.17,34.06,25.26,England,['England'],unknown,180,72,False,3.59,4.66,53.85,4.66,15.38,0.0,0.0,0.36,1.08,1.6400000000000001,2.15,0,0.0,0,0.0,3.23,0.36,1,0.36,0.34,0,0.0,4,1.43,25.0,25.0,0.0,1.08,33.33,0.0,0.0,1.08,33.33,0.36,4.66,46.15,17.21,22.92,3.59,1.43,0.72,10.4,1.43,2.15,17.21,81.25,2.87,50.0,6.45,88.89,16.14,84.44,0.0,0.0,13.83,0.0,0.06,0.36,0.36,0.0,0.36,100.0,0.36,0.36,100.0,1.79,60.0,0.0,0.0,0.36,0.36,1.43,50.0,88.89,3.23,0,,0,,0,0.0,0.0,0.0,,,0.0,,4.66,0.0,0.0,0.0,0.0,0,0.0
M. Romero,Miguel Romero,-366569,,Stetson Hatters,,,"RDMF, LDMF, RCMF",RDMF,32,LDMF,26,RCMF,25,,,0,,7,251,0,0.05,0,0.15,29.76,39.76,Georgia,['Georgia'],unknown,173,68,False,7.17,12.91,44.44,2.51,28.57,0.72,0.71,0.0,0.72,0.71,2.15,0,0.0,0,0.0,3.59,0.0,0,0.0,0.02,0,0.0,3,1.08,33.33,0.0,0.0,1.08,100.0,0.36,100.0,0.72,100.0,0.0,3.59,60.0,11.83,33.33,0.36,0.36,0.36,21.51,0.36,3.59,34.42,80.21,12.55,65.71,3.94,90.91,31.2,82.76,2.15,33.33,17.05,16.33,0.05,1.08,0.0,0.0,0.0,0.0,0.36,5.74,81.25,2.15,66.67,0.36,0.0,0.0,1.08,5.02,85.71,88.24,12.19,0,,0,,0,0.0,0.0,0.0,,,0.0,,2.51,1.43,0.0,0.0,0.72,0,0.0
C. Sekanina,Christian Sekanina,-352382,Jacksonville Dolphins,Jacksonville Dolphins,https://cdn5.wyscout.com/photos/team/public/g-3021_120x120.png,NCAA D1 ASUN,GK,GK,100,,0,,0,,,0,,3,250,0,0.0,0,0.0,0.36,100.0,Germany,['Germany'],unknown,200,83,False,1.44,0.36,100.0,0.0,0.0,0.0,0.0,0.0,1.08,1.5,0.0,0,0.0,0,0.0,0.0,0.0,0,0.0,0.0,0,0.0,0,0.0,0.0,0.0,0.0,0.0,0.0,0.0,0.0,0.0,0.0,0.0,0.0,0.0,0.0,0.0,0.0,0.0,0.0,11.88,0.0,0.0,22.32,85.48,9.36,73.08,0.0,0.0,18.36,92.16,3.96,54.55,29.38,58.53,0.0,0.0,0.0,0.0,0.0,0.0,0.0,2.88,37.5,0.0,0.0,0.0,0.0,0.0,0.0,3.6,60.0,94.12,12.24,3,1.08,9,3.24,0,66.67,3.03,1.09,0.03,0.011,0.0,1.08,0.0,,,,0.0,0,0.0
M. Alzate,Mateo Alzate,509084,,Liberty Flames,,,"RDMF, LDMF, RCMF3",RDMF,42,LDMF,17,RCMF3,16,25.0,2000-08-30,0,,6,241,0,0.0,0,0.03,21.29,61.4,United States,['United States'],,185,81,False,14.56,10.08,77.78,5.23,57.14,0.0,0.0,0.37,6.72,5.24,1.87,1,0.37,0,0.0,0.37,0.0,0,0.0,0.0,0,0.0,0,0.0,0.0,0.0,0.0,0.75,0.0,0.37,0.0,0.37,0.0,0.0,0.75,50.0,3.36,44.44,0.0,0.0,0.0,16.8,0.0,1.12,28.76,81.82,8.96,83.33,2.99,75.0,26.89,84.72,1.12,66.67,17.98,5.31,0.01,0.37,0.0,0.0,0.0,0.0,0.0,3.36,77.78,0.37,0.0,0.0,0.0,0.0,0.0,4.11,81.82,84.85,12.32,0,,0,,0,0.0,0.0,0.0,,,0.0,,5.23,0.0,0.0,0.0,0.37,0,0.0
D. Travis,Deon Travis,-278815,,FGCU Eagles,,,RCB3,RCB3,87,,0,,0,25.0,2000-10-09,0,,4,239,0,0.0,0,0.44,14.31,71.05,United States,['United States'],unknown,177,77,False,10.92,7.91,80.95,1.51,75.0,0.75,1.25,0.0,3.77,6.25,0.75,1,0.38,0,0.0,0.38,0.0,0,0.0,0.0,0,0.0,0,0.0,0.0,0.0,0.0,0.38,0.0,0.0,0.0,0.0,0.0,0.0,0.38,100.0,2.26,33.33,0.38,0.0,0.0,21.84,0.0,0.38,36.53,80.41,19.58,73.08,1.51,100.0,30.5,86.42,5.65,53.33,19.68,29.43,0.17,0.38,0.0,0.0,0.0,0.0,0.38,6.4,52.94,0.75,0.0,0.0,0.0,0.38,0.0,8.66,69.57,93.75,12.05,0,,0,,0,0.0,0.0,0.0,,,0.38,,1.51,0.0,0.0,0.0,0.0,0,0.0
S. Heim,Simon Heim,-135155,,Queens Royals,,,"LCB3, CB",LCB3,83,CB,10,,0,23.0,2003-01-21,0,,4,237,0,0.0,0,0.0,20.13,66.04,Germany,['Germany'],,185,72,False,14.81,10.63,78.57,1.52,25.0,1.1400000000000001,1.4100000000000001,0.38,5.32,6.5600000000000005,0.38,0,0.0,0,0.0,1.9,0.0,0,0.0,0.0,0,0.0,0,0.0,0.0,0.0,0.0,0.38,0.0,0.38,0.0,0.0,0.0,0.0,1.9,100.0,2.66,100.0,0.38,0.76,0.0,4.94,0.0,0.76,16.33,58.14,8.73,56.52,1.1400000000000001,66.67,10.63,71.43,5.32,35.71,25.08,26.98,0.0,0.0,0.0,0.0,0.0,0.0,0.0,2.2800000000000002,16.67,0.0,0.0,0.0,0.0,0.0,0.0,4.18,54.55,66.67,4.5600000000000005,0,,0,,0,0.0,0.0,0.0,,,0.76,,1.52,0.0,0.0,0.0,0.0,0,0.0
J. Lenhard,Jacob Lenhard,-366568,Stetson Hatters,Stetson Hatters,https://cdn5.wyscout.com/photos/team/public/g-3020_120x120.png,NCAA D1 Non-conference matches,LB,LB,91,,0,,0,,,0,,4,234,0,0.0,0,0.0,17.31,57.78,United States,['United States'],unknown,178,66,False,11.92,10.38,74.07,0.77,50.0,0.0,0.0,0.38,4.23,4.85,0.38,0,0.0,0,0.0,0.38,0.0,0,0.0,0.0,0,0.0,0,0.0,0.0,0.0,0.0,0.38,100.0,0.38,100.0,0.0,0.0,0.0,0.0,0.0,2.31,33.33,0.0,0.38,0.0,14.23,0.77,0.0,25.77,68.66,13.85,58.33,1.92,100.0,16.54,81.4,8.85,43.48,26.85,35.49,0.0,0.0,0.0,0.0,0.0,0.0,0.0,5.38,42.86,0.77,50.0,0.38,100.0,0.0,0.38,6.92,38.89,77.27,8.46,0,,0,,0,0.0,0.0,0.0,,,0.77,,0.77,0.0,0.0,0.0,0.0,0,0.0
A. Barnett,Alex Barnett,-361529,North Florida Ospreyes,North Florida Ospreyes,https://cdn5.wyscout.com/photos/team/public/g-2363_120x120.png,NCAA D1 ASUN,"LCB, RCB",LCB,36,RCB,30,,0,22.0,2003-09-11,0,,7,231,0,0.0,0,0.0,17.14,65.91,United States,['United States'],unknown,186,84,False,12.47,8.57,72.73,4.29,63.64,0.39,0.41000000000000003,0.0,5.84,6.16,0.78,0,0.0,1,0.39,0.0,0.0,0,0.0,0.0,0,0.0,0,0.0,0.0,0.0,0.0,0.0,0.0,0.0,0.0,0.0,0.0,0.0,0.0,0.0,1.56,50.0,0.0,0.0,0.0,9.35,0.0,1.9500000000000002,23.38,68.33,15.58,60.0,0.0,0.0,18.31,80.85,5.06,23.08,20.92,22.86,0.0,0.0,0.0,0.0,0.0,0.0,0.0,3.9,40.0,0.39,0.0,0.0,0.0,0.0,0.0,6.23,43.75,86.67,5.84,0,,0,,0,0.0,0.0,0.0,,,0.0,,4.29,0.0,0.0,0.0,0.0,0,0.0
O. Cunha,Owen Cunha,-361535,Flagler Saints,North Florida Ospreyes,https://cdn5.wyscout.com/photos/team/public/g-2815_120x120.png,NCAA D2 Peach Belt Conference,LW,LW,100,,0,,0,22.0,2003-08-06,0,,6,230,0,0.0,0,0.53,25.04,40.63,United States,['United States'],unknown,155,63,False,14.09,10.17,53.85,5.87,26.67,0.78,0.58,0.0,7.83,5.83,1.57,1,0.39,0,0.0,2.35,0.0,0,0.0,0.0,0,0.0,0,0.0,0.0,0.0,0.0,1.96,60.0,1.57,75.0,0.0,0.0,0.39,3.13,37.5,5.09,46.15,1.17,0.78,0.39,6.65,0.78,0.39,20.35,44.23,10.17,26.92,2.35,66.67,12.52,56.25,5.87,13.33,21.13,22.2,0.21,1.17,0.0,0.0,0.0,0.0,0.0,5.87,20.0,3.13,25.0,1.17,0.0,0.39,1.17,5.48,57.14,61.54,5.09,0,,0,,0,0.0,0.0,0.0,,,0.0,,5.87,0.0,0.0,0.0,0.39,0,0.0
CJ Pycior,Christian Junior Pycior,-280395,,Central Arkansas Bears,,,GK,GK,100,,0,,0,,,0,,2,224,0,0.0,0,0.0,0.4,100.0,United States,['United States'],unknown,177,74,False,2.41,0.0,0.0,0.4,100.0,0.0,0.0,0.0,2.41,3.67,0.0,0,0.0,0,0.0,0.0,0.0,0,0.0,0.0,0,0.0,0,0.0,0.0,0.0,0.0,0.0,0.0,0.0,0.0,0.0,0.0,0.0,0.0,0.0,0.0,0.0,0.0,0.0,0.0,5.22,0.0,0.0,9.64,87.5,6.03,80.0,0.0,0.0,6.43,100.0,3.21,62.5,37.4,45.62,0.0,0.0,0.0,0.0,0.0,0.0,0.0,0.8,50.0,0.0,0.0,0.0,0.0,0.0,0.0,2.81,85.71,100.0,3.62,5,2.01,7,2.81,0,28.57,3.71,1.49,-1.29,-0.518,0.0,0.4,0.4,,,,0.0,0,0.0
G. Gardner,Grayson Gardner,-213811,,Liberty Flames,,,LCB,LCB,90,,0,,0,25.0,2001-01-18,0,,3,222,0,0.56,0,0.04,21.49,50.94,United States,['United States'],unknown,188,79,False,10.54,5.68,71.43,11.76,44.83,0.0,0.0,0.41000000000000003,6.49,11.71,0.81,0,0.0,0,0.0,0.41000000000000003,0.0,0,0.0,0.23,0,0.0,2,0.81,50.0,0.0,0.0,0.41000000000000003,0.0,0.0,0.0,0.41000000000000003,0.0,0.0,0.41000000000000003,0.0,2.03,40.0,1.22,0.41000000000000003,0.0,18.24,0.0,0.41000000000000003,34.05,72.62,13.78,67.65,2.03,40.0,26.76,80.3,6.89,47.06,20.36,38.9,0.02,0.41000000000000003,0.0,0.0,0.0,0.0,0.0,3.24,12.5,0.0,0.0,0.0,0.0,0.0,0.0,5.68,35.71,82.86,14.19,0,,0,,0,0.0,0.0,0.0,,,0.41000000000000003,,11.76,0.0,0.0,0.0,0.0,0,0.0
A. Jokomba,Aiden Jokomba,-199650,,FGCU Eagles,,,"CF, RWB, RCMF3",CF,76,RWB,13,RCMF3,10,26.0,2000-03-14,0,,5,216,1,0.51,0,0.03,30.0,40.28,Jamaica,['Jamaica'],,177,79,False,5.0,5.0,75.0,7.5,38.89,0.0,0.0,0.0,1.25,1.38,2.5,0,0.0,0,0.0,3.33,0.42,1,0.42,0.21,0,0.0,6,2.5,50.0,16.667,0.0,0.42,0.0,0.0,0.0,0.42,0.0,0.0,3.75,55.56,12.08,24.14,5.42,0.8300000000000001,0.8300000000000001,12.08,2.08,0.0,19.58,68.09,8.75,61.9,2.5,83.33,18.75,68.89,0.42,100.0,17.56,6.07,0.01,0.42,0.0,0.0,0.42,0.0,0.42,4.58,45.45,1.25,33.33,0.8300000000000001,50.0,1.67,0.0,3.75,77.78,80.0,4.17,0,,0,,0,0.0,0.0,0.0,,,0.0,,7.5,0.0,0.0,0.0,0.0,0,0.0
A. Gagliardi II,Anthony Gagliardi II,-352346,,FGCU Eagles,,,"LWB, LB",LWB,73,LB,22,,0,,,0,,4,215,0,0.21,1,0.56,18.0,51.16,United States,['United States'],unknown,172,65,False,7.12,6.7,81.25,1.67,75.0,0.0,0.0,0.0,1.67,1.82,0.84,1,0.42,0,0.0,2.51,0.0,0,0.0,0.09,0,0.0,1,0.42,0.0,0.0,0.42,4.19,40.0,3.35,37.5,0.84,50.0,1.26,2.09,40.0,6.7,31.25,1.26,0.84,0.0,21.35,2.51,0.42,28.05,68.66,10.47,52.0,6.28,100.0,21.77,76.92,2.09,40.0,17.7,29.86,0.23,0.84,0.0,0.0,0.0,0.0,0.42,2.93,28.57,4.19,40.0,0.42,0.0,0.0,2.51,7.53,55.56,68.42,7.95,0,,0,,0,0.0,0.0,0.0,,,0.0,,1.67,0.0,0.0,0.0,2.51,0,0.0
J. Fasteen,Jack Fasteen,-196377,,Liberty Flames,,,LDMF,LDMF,100,,0,,0,,,0,,3,204,0,0.0,0,0.62,14.12,50.0,United States,['United States'],,182,81,False,2.21,3.5300000000000002,50.0,3.5300000000000002,37.5,0.0,0.0,0.0,0.44,0.61,1.32,0,0.0,0,0.0,1.76,0.0,0,0.0,0.0,0,0.0,0,0.0,0.0,0.0,0.0,0.44,0.0,0.44,0.0,0.0,0.0,0.0,2.65,50.0,5.29,66.67,0.0,1.32,0.0,16.32,0.0,1.76,25.59,70.69,13.24,56.67,1.32,66.67,22.94,76.92,2.21,20.0,16.78,15.32,0.27,2.21,0.0,0.0,0.44,100.0,0.44,5.29,58.33,0.88,50.0,0.88,50.0,0.44,0.0,5.29,58.33,93.75,7.06,0,,0,,0,0.0,0.0,0.0,,,0.0,,3.5300000000000002,0.0,0.0,0.0,1.32,0,0.0
E. Ash,Ethan Ash,512840,,North Florida Ospreyes,,,RB,RB,100,,0,,0,25.0,2001-04-09,0,,3,198,0,0.0,0,0.0,12.27,70.37,United States,['United States'],,176,70,False,8.64,4.55,90.0,3.18,42.86,0.45,0.81,0.0,4.09,7.3,0.0,0,0.0,0,0.0,0.91,0.0,0,0.0,0.0,0,0.0,1,0.45,0.0,0.0,0.0,0.91,50.0,0.0,0.0,0.91,50.0,0.0,0.45,100.0,4.09,66.67,0.0,1.82,0.91,27.27,0.45,2.27,41.82,76.09,19.09,57.14,6.36,92.86,33.64,81.08,7.27,56.25,16.38,22.92,0.0,0.0,0.0,0.0,0.0,0.0,0.0,9.09,70.0,2.27,40.0,0.0,0.0,0.45,0.45,9.09,70.0,91.67,10.91,0,,0,,0,0.0,0.0,0.0,,,2.73,,3.18,0.91,0.0,0.0,0.0,0,0.0
T. Zech,Timon Zech,-30717,FC Bassersdorf,FGCU Eagles,https://cdn5.wyscout.com/photos/team/public/g12509_120x120.png,,"LCMF, RCMF, LB",LCMF,52,RCMF,23,LB,14,28.0,1998-01-18,0,,6,197,0,0.18,0,0.43,15.53,58.82,Germany,['Germany'],,182,72,False,9.59,8.22,55.56,4.11,77.78,0.91,1.58,0.0,4.11,7.11,1.37,0,0.0,0,0.0,1.37,0.0,0,0.0,0.08,0,0.0,2,0.91,100.0,0.0,0.0,0.46,100.0,0.0,0.0,0.46,100.0,0.0,0.46,0.0,2.74,33.33,1.37,0.46,0.0,30.61,0.91,0.46,46.14,86.14,15.08,72.73,6.4,85.71,42.03,86.96,3.65,75.0,16.76,30.74,0.2,2.2800000000000002,0.46,0.0,0.0,0.0,0.46,7.31,81.25,1.37,66.67,0.46,0.0,1.37,0.46,9.14,80.0,95.83,21.93,0,,0,,0,0.0,0.0,0.0,,,0.46,,4.11,1.83,0.0,0.0,0.91,0,0.0
B. Griffis,Ben  Griffis,-271706,Eastern Illinois Panthers,Bellarmine Knights,https://cdn5.wyscout.com/photos/team/public/g-3027_120x120.png,NCAA D1 Ohio Valley,CF,CF,97,,0,,0,,,0,,9,183,1,0.19,0,0.0,31.48,37.5,United States,['United States'],unknown,185,68,False,8.85,7.87,62.5,5.9,50.0,0.98,0.64,0.0,2.95,1.9100000000000001,0.98,0,0.0,0,0.0,1.97,0.49,1,0.49,0.09,0,0.0,4,1.97,25.0,25.0,0.0,0.98,0.0,0.49,0.0,0.49,0.0,0.0,4.43,33.33,10.33,23.81,2.95,0.49,0.0,17.7,1.48,0.98,27.54,55.36,8.85,33.33,4.43,88.89,25.57,55.77,0.98,100.0,15.55,9.68,0.0,0.0,0.0,0.0,0.0,0.0,0.0,2.95,50.0,1.97,0.0,0.0,0.0,0.0,0.0,4.43,44.44,68.75,7.87,0,,0,,0,0.0,0.0,0.0,,,0.0,,5.9,0.0,0.0,0.0,0.0,0,0.0
R. Singh Gill,Rubyn Singh Gill,453310,Anstey Nomads,Central Arkansas Bears,https://cdn5.wyscout.com/photos/team/public/g21940_120x120.png,Non League Div One,"DMF, LDMF",DMF,47,LDMF,45,,0,26.0,1999-12-17,0,2027-06-30,2,176,0,0.05,0,0.0,21.99,48.84,England,['England'],,180,74,False,10.74,7.16,57.14,5.11,30.0,0.51,0.68,0.0,6.14,8.18,2.05,1,0.51,0,0.0,2.56,0.0,0,0.0,0.03,0,0.0,1,0.51,100.0,0.0,0.0,0.0,0.0,0.0,0.0,0.0,0.0,0.0,2.05,100.0,5.63,63.64,1.53,1.53,0.0,12.27,0.0,2.05,31.7,64.52,14.83,62.07,3.58,71.43,24.55,68.75,7.16,50.0,22.63,35.43,0.0,0.0,0.0,0.0,0.51,0.0,0.0,9.2,44.44,2.56,20.0,1.02,0.0,1.02,0.0,7.16,64.29,68.18,11.25,0,,0,,0,0.0,0.0,0.0,,,0.0,,5.11,0.0,0.0,0.0,0.0,0,0.0
T. Simpson,Tremain Simpson,-214054,,FGCU Eagles,,,"LCB3, RCB3, LWB",LCB3,50,RCB3,26,LWB,11,25.0,2000-08-23,0,,5,176,0,0.0,0,0.0,11.76,47.83,Jamaica,['Jamaica'],,183,79,False,7.16,4.6,55.56,3.58,57.14,1.02,1.82,0.0,3.58,6.36,0.51,0,0.0,0,0.0,0.51,0.0,0,0.0,0.0,0,0.0,0,0.0,0.0,0.0,0.0,1.02,0.0,0.0,0.0,1.02,0.0,0.0,1.02,50.0,3.07,33.33,0.0,0.0,0.0,31.19,0.0,0.51,42.44,84.34,17.39,70.59,5.63,81.82,37.84,90.54,3.58,42.86,15.35,25.24,0.0,0.0,0.0,0.0,0.0,0.0,0.0,4.09,50.0,1.53,0.0,0.0,0.0,0.0,0.0,5.63,63.64,94.12,17.39,0,,0,,0,0.0,0.0,0.0,,,1.53,,3.58,0.0,0.0,0.0,0.0,0,0.0
B. Bice,Bodie Bice,-277258,,Liberty Flames,,,"LB, LDMF",LB,57,LDMF,42,,0,,,0,,2,175,0,0.0,1,0.7000000000000001,13.37,57.69,United States,['United States'],unknown,185,81,False,10.29,6.69,53.85,1.03,100.0,0.0,0.0,0.0,6.69,6.39,0.51,0,0.0,0,0.0,2.06,0.0,0,0.0,0.0,0,0.0,0,0.0,0.0,0.0,0.51,1.03,50.0,1.03,50.0,0.0,0.0,1.03,1.54,100.0,3.09,83.33,0.51,2.5700000000000003,0.51,20.06,0.0,1.03,34.97,70.59,15.43,63.33,4.11,100.0,29.31,75.44,4.63,44.44,17.82,34.0,0.36,0.51,0.0,0.0,0.0,0.0,0.51,6.17,66.67,1.03,50.0,0.0,0.0,0.0,0.51,8.23,50.0,83.33,9.26,0,,0,,0,0.0,0.0,0.0,,,0.0,,1.03,0.0,0.0,0.0,0.0,0,0.0
L. Scattergood,Lewis Scattergood,464756,,Stetson Hatters,,,CF,CF,100,,0,,0,27.0,1999-03-20,0,,5,165,1,0.9400000000000001,0,0.06,20.73,36.84,England,['England'],,185,78,False,1.6400000000000001,2.73,60.0,6.55,50.0,0.0,0.0,0.0,0.0,0.0,1.09,0,0.0,0,0.0,1.6400000000000001,0.55,0,0.0,0.51,0,0.0,3,1.6400000000000001,66.67,33.333,0.0,0.0,0.0,0.0,0.0,0.0,0.0,0.0,2.18,25.0,6.55,16.67,2.73,0.0,0.0,10.91,2.18,0.55,17.45,71.88,3.27,16.67,6.0,90.91,16.91,74.19,0.55,0.0,12.43,3.99,0.03,0.55,0.0,0.0,0.0,0.0,0.0,1.6400000000000001,0.0,0.0,0.0,0.0,0.0,0.0,0.0,1.09,0.0,80.0,2.73,0,,0,,0,0.0,0.0,0.0,,,0.0,,6.55,0.0,0.0,0.0,0.0,1,100.0
D. Walker,Dean Walker,-214089,,North Florida Ospreyes,,,CF,CF,100,,0,,0,,,0,,6,163,0,0.03,0,0.0,33.13,33.33,United States,['United States'],unknown,192,85,False,1.6600000000000001,3.31,16.67,18.77,41.18,0.55,0.33,0.0,0.55,0.33,2.76,2,1.1,0,0.0,0.0,0.0,0,0.0,0.02,0,0.0,1,0.55,0.0,0.0,0.0,0.0,0.0,0.0,0.0,0.0,0.0,0.0,1.1,0.0,4.97,22.22,1.1,0.0,0.0,7.18,1.6600000000000001,1.1,6.63,58.33,1.1,0.0,2.21,100.0,6.07,63.64,0.55,0.0,15.37,4.92,0.0,0.0,0.0,0.0,0.0,0.0,0.0,1.1,0.0,0.0,0.0,0.0,0.0,0.0,0.0,0.55,100.0,66.67,1.6600000000000001,0,,0,,0,0.0,0.0,0.0,,,0.0,,18.77,0.0,0.0,0.0,0.0,0,0.0
A. Rodríguez,Andrés Rodríguez Colín,-87288,,Stetson Hatters,,,"LAMF, LW, LB5",LAMF,42,LW,20,LB5,16,24.0,2002-03-10,0,,5,157,0,0.02,0,0.0,22.36,51.28,Mexico,['Mexico'],,173,67,False,12.61,9.17,62.5,4.01,42.86,2.29,2.0,0.5700000000000001,4.59,4.0,2.87,0,0.0,0,0.0,1.72,0.0,0,0.0,0.01,0,0.0,2,1.15,50.0,0.0,0.0,0.5700000000000001,100.0,0.5700000000000001,100.0,0.0,0.0,0.0,1.72,33.33,6.31,45.45,0.0,1.15,1.15,18.92,0.5700000000000001,0.5700000000000001,26.94,70.21,6.31,45.45,6.31,100.0,21.78,78.95,5.16,33.33,17.88,25.04,0.0,0.0,0.0,0.0,0.0,0.0,0.0,0.5700000000000001,0.0,2.29,50.0,0.5700000000000001,0.0,1.15,0.0,4.59,37.5,68.75,9.17,0,,0,,0,0.0,0.0,0.0,,,0.5700000000000001,,4.01,0.0,0.0,0.0,0.5700000000000001,0,0.0
J. Moreira,Joshua Moreira,-214114,,Jacksonville Dolphins,,,"LDMF, LCMF, RDMF",LDMF,45,LCMF,26,RDMF,17,26.0,2000-03-14,0,,2,150,0,0.0,0,0.2,15.0,60.0,Canada,['Canada'],,180,72,False,11.4,6.6,81.82,4.2,28.57,0.6000000000000001,0.56,0.6000000000000001,5.4,5.0,0.6000000000000001,0,0.0,0,0.0,0.6000000000000001,0.0,0,0.0,0.0,0,0.0,0,0.0,0.0,0.0,0.0,0.0,0.0,0.0,0.0,0.0,0.0,0.0,0.6000000000000001,100.0,1.2,100.0,0.6000000000000001,0.0,0.0,19.8,0.6000000000000001,1.8,27.6,84.78,10.8,72.22,4.8,100.0,24.0,90.0,3.6,50.0,17.42,33.75,0.12,0.6000000000000001,0.0,0.0,0.0,0.0,0.0,4.8,75.0,1.2,50.0,1.2,50.0,0.6000000000000001,0.0,4.8,87.5,84.62,7.8,0,,0,,0,0.0,0.0,0.0,,,0.0,,4.2,0.6000000000000001,0.0,0.0,0.0,0,0.0
P. Fontana,Pietro  Fontana,-205260,Central Arkansas Bears,Central Arkansas Bears,https://cdn5.wyscout.com/photos/team/public/g-2882_120x120.png,NCAA D1 ASUN,"CF, AMF",CF,81,AMF,18,,0,23.0,2003-06-03,0,,5,139,2,0.67,0,0.21,16.83,30.77,Italy,['Italy'],unknown,181,70,False,0.0,1.29,0.0,6.47,30.0,0.0,0.0,0.0,0.0,0.0,1.29,1,0.65,0,0.0,3.24,1.29,2,1.29,0.43,1,0.65,3,1.94,100.0,66.667,0.0,0.65,0.0,0.65,0.0,0.0,0.0,0.0,1.94,66.67,4.53,57.14,3.24,0.0,0.0,7.77,1.29,2.59,18.78,72.41,3.88,66.67,6.47,90.0,17.48,74.07,0.65,100.0,13.0,5.99,0.14,0.65,0.65,0.0,0.0,0.0,0.0,0.65,100.0,1.29,50.0,0.65,100.0,0.65,0.0,2.59,50.0,66.67,5.83,0,,0,,0,0.0,0.0,0.0,,,0.0,,6.47,0.0,0.0,0.0,0.0,0,0.0
A. J. Brown,Anthony Jamahl Brown,-352461,Queens Royals,Queens Royals,https://cdn5.wyscout.com/photos/team/public/g-15331_120x120.png,NCAA D1 ASUN,"CF, LCMF, RWB",CF,32,LCMF,25,RWB,18,,,0,,6,138,0,0.14,0,0.08,39.13,41.67,United States,['United States'],,180,68,False,6.52,8.48,46.15,7.83,25.0,0.65,0.68,0.0,1.96,2.05,1.96,1,0.65,0,0.0,1.96,0.0,0,0.0,0.09,0,0.0,2,1.3,0.0,0.0,0.0,0.65,0.0,0.0,0.0,0.65,0.0,0.65,5.87,33.33,16.96,34.62,3.26,3.26,0.65,13.04,2.61,3.26,18.91,58.62,7.17,45.45,3.91,100.0,16.96,61.54,1.3,50.0,16.45,12.02,0.05,0.65,0.0,0.0,0.0,0.0,0.65,4.57,57.14,1.3,0.0,0.0,0.0,0.0,0.0,5.22,75.0,66.67,3.91,0,,0,,0,0.0,0.0,0.0,,,0.0,,7.83,0.0,0.0,0.0,0.0,0,0.0
M. Mancuso,Michael Mancuso,-352363,,Jacksonville Dolphins,,,"RCMF, AMF, RDMF",RCMF,51,AMF,30,RDMF,12,,,0,,3,138,0,0.0,0,0.0,20.87,50.0,Canada,['Canada'],unknown,156,75,False,8.48,11.09,58.82,3.26,40.0,0.0,0.0,0.0,1.96,1.9100000000000001,1.96,1,0.65,0,0.0,1.96,0.0,0,0.0,0.0,0,0.0,1,0.65,0.0,0.0,0.0,1.3,100.0,0.0,0.0,1.3,100.0,0.0,1.3,50.0,3.91,16.67,0.0,0.0,0.0,13.7,0.65,0.0,30.0,82.61,9.78,73.33,4.57,100.0,26.09,85.0,2.61,50.0,19.55,10.05,0.0,0.0,0.0,0.0,0.0,0.0,0.0,5.22,50.0,2.61,75.0,0.0,0.0,0.0,1.3,4.57,85.71,76.47,11.09,0,,0,,0,0.0,0.0,0.0,,,0.0,,3.26,0.0,0.0,0.0,0.0,0,0.0
M. Porsa,Masood Porsa,512882,,Central Arkansas Bears,,,"RCMF3, LAMF, LW",RCMF3,31,LAMF,27,LW,19,25.0,2001-02-14,0,,6,136,0,0.06,0,0.0,25.15,28.95,United States,['United States'],,177,65,False,7.94,9.93,53.33,3.31,20.0,0.0,0.0,0.0,2.65,2.67,1.32,0,0.0,0,0.0,0.66,0.0,0,0.0,0.04,0,0.0,1,0.66,0.0,0.0,0.0,1.99,33.33,1.99,33.33,0.0,0.0,0.0,2.65,0.0,6.62,0.0,0.66,0.66,0.66,7.28,1.99,0.0,12.57,63.16,3.9699999999999998,50.0,3.9699999999999998,100.0,9.93,73.33,0.66,0.0,14.55,2.2800000000000002,0.0,0.0,0.0,0.66,0.0,0.0,0.0,0.66,0.0,1.32,0.0,0.0,0.0,0.0,0.0,1.99,33.33,0.0,1.99,0,,0,,0,0.0,0.0,0.0,,,0.0,,3.31,0.0,0.0,0.0,0.0,0,0.0
T. Tin,Tyler Tin,-352335,,Queens Royals,,,"RWB, RB5",RWB,62,RB5,27,,0,,,0,,3,135,0,0.0,0,0.0,30.0,53.33,United States,['United States'],,175,70,False,14.0,14.0,66.67,6.0,33.33,1.33,1.94,0.0,3.33,4.84,2.67,1,0.67,0,0.0,2.0,0.0,0,0.0,0.0,0,0.0,0,0.0,0.0,0.0,0.0,2.0,33.33,0.67,0.0,1.33,50.0,0.0,2.0,66.67,5.33,37.5,0.0,0.67,0.0,16.67,2.0,2.0,30.67,69.57,13.33,50.0,5.33,87.5,24.67,78.38,4.0,33.33,25.03,44.24,0.0,0.0,0.0,0.0,0.0,0.0,0.0,5.33,62.5,1.33,100.0,0.0,0.0,0.67,0.67,11.33,52.94,91.67,8.0,0,,0,,0,0.0,0.0,0.0,,,0.0,,6.0,0.0,0.0,0.0,0.0,0,0.0
C. Mendoza,Cesar Mendoza,445013,Queens Royals,Queens Royals,https://cdn5.wyscout.com/photos/team/public/g-15331_120x120.png,NCAA D1 ASUN,"LCMF, AMF, DMF",LCMF,31,AMF,28,DMF,22,31.0,1994-08-17,0,,5,135,0,0.0,0,0.23,28.0,40.48,United States,['United States'],,177,75,False,11.33,10.0,73.33,6.0,33.33,0.0,0.0,0.67,4.0,3.5300000000000002,1.33,0,0.0,0,0.0,0.0,0.0,0,0.0,0.0,0,0.0,0,0.0,0.0,0.0,0.0,0.0,0.0,0.0,0.0,0.0,0.0,0.0,2.0,0.0,7.33,9.09,0.67,1.33,0.67,12.67,0.67,1.33,25.33,65.79,9.33,50.0,2.67,100.0,21.33,71.88,4.0,33.33,19.76,19.12,0.15,1.33,0.0,0.0,0.67,0.0,0.67,6.67,50.0,1.33,0.0,0.67,0.0,0.67,0.0,5.33,62.5,54.55,7.33,0,,0,,0,0.0,0.0,0.0,,,0.0,,6.0,0.0,0.0,0.0,0.67,0,0.0
Z. Board,Zach Board,-214073,,North Florida Ospreyes,,,"LAMF, RW, RAMF",LAMF,43,RW,41,RAMF,14,,,0,,3,134,1,0.2,0,0.0,33.58,44.0,United States,['United States'],unknown,177,64,False,10.07,8.06,75.0,6.72,70.0,0.67,0.88,0.0,3.36,4.41,2.01,0,0.0,1,0.67,2.01,0.67,1,0.67,0.13,1,0.67,1,0.67,100.0,100.0,0.0,0.67,0.0,0.0,0.0,0.67,0.0,0.0,2.69,50.0,17.46,19.23,0.67,2.69,1.34,14.1,2.01,1.34,25.52,73.68,7.39,72.73,8.06,91.67,24.18,75.0,0.67,100.0,17.11,10.71,0.0,0.0,0.0,0.0,0.0,0.0,0.0,1.34,100.0,1.34,50.0,0.0,0.0,0.0,0.0,6.72,80.0,57.14,4.7,0,,0,,0,0.0,0.0,0.0,,,0.0,,6.72,1.34,0.0,0.0,0.67,0,0.0
M. Huss,Michael Huss,-213817,,Liberty Flames,,,"CF, RWF",CF,87,RWF,12,,0,24.0,2001-11-28,0,,4,128,0,0.77,0,0.0,29.53,30.95,United States,['United States'],unknown,185,79,False,2.11,3.52,60.0,8.44,25.0,0.0,0.0,0.0,0.0,0.0,2.11,0,0.0,0,0.0,1.4100000000000001,0.0,0,0.0,0.54,0,0.0,2,1.4100000000000001,100.0,0.0,0.0,0.0,0.0,0.0,0.0,0.0,0.0,0.0,2.81,0.0,9.84,21.43,3.52,0.0,0.0,11.25,1.4100000000000001,2.11,11.25,62.5,0.7000000000000001,0.0,3.52,80.0,10.55,60.0,0.7000000000000001,100.0,18.04,6.63,0.0,0.0,0.0,0.0,0.0,0.0,0.0,1.4100000000000001,50.0,0.7000000000000001,0.0,0.0,0.0,1.4100000000000001,0.0,0.0,0.0,33.33,4.22,0,,0,,0,0.0,0.0,0.0,,,0.0,,8.44,0.0,0.0,0.0,0.0,0,0.0
K. Sutton,Kyle Sutton,-214030,,Central Arkansas Bears,,,"AMF, RAMF",AMF,68,RAMF,10,,0,,,0,,6,123,0,0.0,0,0.05,17.56,45.83,United States,['United States'],unknown,177,72,False,6.59,6.59,77.78,5.12,14.29,0.0,0.0,0.0,1.46,1.3,0.73,0,0.0,0,0.0,0.0,0.0,0,0.0,0.0,0,0.0,0,0.0,0.0,0.0,0.0,1.46,0.0,0.0,0.0,1.46,0.0,0.0,0.73,0.0,2.2,33.33,0.73,0.73,0.0,16.1,0.0,1.46,24.88,47.06,12.44,35.29,2.2,66.67,18.29,56.0,5.85,25.0,20.47,24.11,0.04,1.46,0.0,0.0,1.46,0.0,0.0,6.59,66.67,4.39,33.33,2.2,33.33,1.46,0.0,8.78,50.0,57.14,5.12,0,,0,,0,0.0,0.0,0.0,,,0.0,,5.12,0.0,0.0,0.0,0.0,0,0.0
W. Worley,Wyland Worley,-213992,Lipscomb Bisons,Lipscomb Bisons,https://cdn5.wyscout.com/photos/team/public/g-2991_120x120.png,NCAA D1 ASUN,RB,RB,100,,0,,0,22.0,2001-04-02,0,,2,114,0,0.0,0,0.28,12.63,50.0,United States,"['United States', 'Philippines']",unknown,180,65,False,10.26,4.74,66.67,2.37,0.0,0.79,1.67,0.0,6.32,13.33,2.37,0,0.0,0,0.0,1.58,0.0,0,0.0,0.0,0,0.0,0,0.0,0.0,0.0,0.0,1.58,100.0,0.0,0.0,1.58,100.0,0.0,0.0,0.0,1.58,50.0,0.0,0.79,0.0,30.79,0.79,0.79,48.16,88.52,18.16,91.3,9.47,83.33,43.42,89.09,3.16,75.0,19.65,36.81,0.22,0.79,0.0,0.0,0.79,0.0,0.79,6.32,75.0,3.16,50.0,0.79,0.0,0.0,1.58,15.79,90.0,90.91,17.37,0,,0,,0,0.0,0.0,0.0,,,0.79,,2.37,0.0,0.0,0.0,0.0,0,0.0
W. Worley,Wyland Worley,510445,,Lipscomb Bisons,,,RB,RB,100,,0,,0,25.0,2001-04-02,0,,2,114,0,0.0,0,0.28,12.63,50.0,United States,['United States'],,0,0,False,10.26,4.74,66.67,2.37,0.0,0.79,1.67,0.0,6.32,13.33,2.37,0,0.0,0,0.0,1.58,0.0,0,0.0,0.0,0,0.0,0,0.0,0.0,0.0,0.0,1.58,100.0,0.0,0.0,1.58,100.0,0.0,0.0,0.0,1.58,50.0,0.0,0.79,0.0,30.79,0.79,0.79,48.16,88.52,18.16,91.3,9.47,83.33,43.42,89.09,3.16,75.0,19.65,36.81,0.22,0.79,0.0,0.0,0.79,0.0,0.79,6.32,75.0,3.16,50.0,0.79,0.0,0.0,1.58,15.79,90.0,90.91,17.37,0,,0,,0,0.0,0.0,0.0,,,0.79,,2.37,0.0,0.0,0.0,0.0,0,0.0
C. Betts,Charlie Betts,-361530,,North Florida Ospreyes,,,CF,CF,100,,0,,0,25.0,2001-01-13,0,,4,111,0,0.1,0,0.0,34.05,30.95,United States,['United States'],unknown,175,73,False,7.3,8.11,50.0,11.35,28.57,0.0,0.0,0.81,3.24,3.64,0.0,0,0.0,0,0.0,4.86,0.0,0,0.0,0.08,0,0.0,1,0.81,100.0,0.0,0.0,2.43,33.33,0.0,0.0,2.43,33.33,0.0,3.24,100.0,10.54,30.77,2.43,2.43,2.43,7.3,2.43,0.81,13.78,47.06,4.86,16.67,3.24,100.0,10.54,53.85,0.81,0.0,24.91,12.02,0.0,0.0,0.0,0.0,0.0,0.0,0.0,0.81,0.0,0.81,0.0,0.0,0.0,0.0,1.62,2.43,66.67,100.0,1.62,0,,0,,0,0.0,0.0,0.0,,,0.0,,11.35,0.0,0.0,0.0,0.0,0,0.0
J. Bole,Jack Bole,-216209,Lake Erie Storm,FGCU Eagles,https://cdn5.wyscout.com/photos/team/public/g-18321_120x120.png,NCAA D2 Great Midwest Athletic Conference,"RWB, CB",RWB,74,CB,13,,0,25.0,2001-01-07,0,,6,107,1,0.13,0,0.0,17.66,33.33,United States,['United States'],,168,61,False,5.89,7.57,55.56,2.52,33.33,0.0,0.0,0.0,1.6800000000000002,2.5,0.84,0,0.0,0,0.0,2.52,0.84,1,0.84,0.11,0,0.0,1,0.84,100.0,100.0,0.0,2.52,66.67,0.0,0.0,2.52,66.67,0.0,0.0,0.0,2.52,0.0,1.6800000000000002,0.0,0.0,21.03,2.52,0.84,26.92,78.13,9.25,54.55,6.73,100.0,23.55,82.14,0.84,0.0,17.4,5.18,0.0,0.0,0.0,0.0,0.0,0.0,0.0,3.36,25.0,2.52,66.67,0.0,0.0,0.84,1.6800000000000002,3.36,75.0,75.0,6.73,0,,0,,0,0.0,0.0,0.0,,,1.6800000000000002,,2.52,0.0,0.0,0.0,0.84,0,0.0
L. Peperak,Luke Peperak,-196576,,FGCU Eagles,,,"CF, AMF",CF,84,AMF,15,,0,,,0,,6,106,1,0.66,0,0.44,21.23,28.0,United States,['United States'],,178,75,False,4.25,4.25,40.0,5.09,16.67,1.7000000000000002,1.71,0.0,0.85,0.86,2.55,0,0.0,0,0.0,2.55,0.85,1,0.85,0.56,0,0.0,2,1.7000000000000002,50.0,50.0,0.0,0.85,100.0,0.0,0.0,0.85,100.0,0.0,0.85,100.0,5.94,28.57,2.55,0.0,0.85,16.13,1.7000000000000002,0.85,20.38,83.33,0.0,0.0,8.49,80.0,19.53,82.61,0.0,0.0,10.56,0.0,0.37,1.7000000000000002,0.0,0.0,0.0,0.0,1.7000000000000002,0.0,0.0,1.7000000000000002,100.0,0.0,0.0,0.85,0.85,1.7000000000000002,100.0,88.89,7.64,0,,0,,0,0.0,0.0,0.0,,,0.85,,5.09,0.0,0.0,0.0,0.0,0,0.0
N. Radaelli,Nicolò Radaelli,-65021,Stetson Hatters,Stetson Hatters,https://cdn5.wyscout.com/photos/team/public/g-3020_120x120.png,NCAA D1 Non-conference matches,GK,GK,100,,0,,0,25.0,2001-03-17,0,,1,103,0,0.0,0,0.0,0.0,0.0,Italy,['Italy'],left,189,84,False,0.0,0.0,0.0,0.0,0.0,0.0,0.0,0.0,0.0,0.0,0.0,0,0.0,0,0.0,0.0,0.0,0,0.0,0.0,0,0.0,0,0.0,0.0,0.0,0.0,0.0,0.0,0.0,0.0,0.0,0.0,0.0,0.0,0.0,0.0,0.0,0.0,0.0,0.0,5.24,0.0,0.0,6.99,50.0,6.99,50.0,0.0,0.0,0.0,0.0,6.99,50.0,45.47,45.47,0.0,0.0,0.0,0.0,0.0,0.0,0.0,0.0,0.0,0.0,0.0,0.0,0.0,0.0,0.0,6.99,50.0,0.0,0.0,3,2.62,4,3.5,0,25.0,1.98,1.73,-1.02,-0.891,0.0,0.0,0.0,,,,0.0,0,0.0
D. Cordero,Danny Andrés Cordero Quesada,-117225,,Liberty Flames,,,GK,GK,100,,0,,0,26.0,1999-08-03,0,,1,100,0,0.0,0,0.0,0.9,0.0,Costa Rica,['Costa Rica'],right,188,78,False,1.8,0.0,0.0,0.9,0.0,0.0,0.0,0.0,1.8,3.0,0.0,0,0.0,0,0.0,0.0,0.0,0,0.0,0.0,0,0.0,0,0.0,0.0,0.0,0.0,0.0,0.0,0.0,0.0,0.0,0.0,0.0,0.0,0.0,0.0,0.0,0.0,0.0,0.0,3.6,0.0,0.0,9.9,72.73,5.4,50.0,0.0,0.0,7.2,87.5,2.7,33.33,31.48,38.42,0.0,0.0,0.0,0.0,0.0,0.0,0.0,0.9,0.0,0.0,0.0,0.0,0.0,0.0,0.0,1.8,0.0,100.0,4.5,2,1.8,7,6.3,0,71.43,2.08,1.87,0.08,0.07200000000000001,0.0,1.8,0.9,,,,0.0,0,0.0
Z. Rivas,Zach Rivas,-213827,,Liberty Flames,,,"RB, LB",RB,83,LB,16,,0,24.0,2001-12-10,0,,3,100,0,0.0,0,0.0,18.9,76.19,Haiti,['Haiti'],unknown,177,77,False,15.3,10.8,75.0,4.5,60.0,0.0,0.0,0.0,7.2,12.63,0.9,0,0.0,0,0.0,0.0,0.0,0,0.0,0.0,0,0.0,0,0.0,0.0,0.0,0.0,0.9,0.0,0.0,0.0,0.9,0.0,0.0,0.0,0.0,0.9,100.0,0.0,0.0,0.0,17.1,0.0,2.7,37.8,78.57,20.7,65.22,2.7,100.0,30.6,85.29,6.3,57.14,17.15,19.29,0.0,0.0,0.0,0.0,0.0,0.0,0.0,5.4,83.33,0.9,0.0,0.0,0.0,0.0,0.0,9.0,60.0,90.91,9.9,0,,0,,0,0.0,0.0,0.0,,,0.9,,4.5,0.0,0.0,0.0,0.0,0,0.0
K. Byrne,Killian Byrne,510592,,Lipscomb Bisons,,,"LAMF, AMF, RWF",LAMF,63,AMF,14,RWF,13,24.0,2001-08-25,0,,3,99,0,1.23,0,0.0,25.45,46.43,United States,['United States'],,177,68,False,10.91,9.09,90.0,5.45,0.0,0.0,0.0,0.0,2.73,4.74,0.0,0,0.0,0,0.0,3.64,0.0,0,0.0,1.12,0,0.0,4,3.64,100.0,0.0,0.0,0.91,0.0,0.91,0.0,0.0,0.0,0.91,0.0,0.0,7.27,25.0,4.55,0.91,0.91,20.91,1.82,0.91,24.55,81.48,8.18,88.89,5.45,100.0,22.73,88.0,0.91,0.0,15.73,7.99,0.0,0.0,0.0,0.0,0.91,0.0,0.0,2.73,66.67,0.91,0.0,0.0,0.0,0.91,0.0,2.73,100.0,50.0,5.45,0,,0,,0,0.0,0.0,0.0,,,0.0,,5.45,0.0,0.0,0.0,0.0,0,0.0
M. Feldman,Michel Feldman,-352481,Queens Royals,Queens Royals,https://cdn5.wyscout.com/photos/team/public/g-15331_120x120.png,NCAA D1 ASUN,CF,CF,100,,0,,0,22.0,2003-08-25,0,,5,94,0,0.05,0,0.21,49.79,44.23,Germany,['Germany'],,188,85,False,10.53,10.53,72.73,18.19,31.58,0.0,0.0,0.0,2.87,2.5700000000000003,3.83,0,0.0,0,0.0,1.9100000000000001,0.0,0,0.0,0.05,0,0.0,2,1.9100000000000001,0.0,0.0,0.0,0.96,0.0,0.0,0.0,0.96,0.0,0.0,1.9100000000000001,100.0,16.28,41.18,1.9100000000000001,1.9100000000000001,0.0,9.57,2.87,0.96,31.6,51.52,12.45,53.85,5.74,66.67,29.68,51.61,0.96,100.0,15.48,6.03,0.21,0.96,0.0,0.0,0.0,0.0,0.0,7.66,37.5,2.87,33.33,0.96,100.0,0.0,0.96,3.83,75.0,20.0,4.79,0,,0,,0,0.0,0.0,0.0,,,0.0,,18.19,0.0,0.0,0.0,0.0,0,0.0
N. Smith,Nino Smith,-214070,,North Florida Ospreyes,,,"CF, AMF, LW",CF,53,AMF,29,LW,17,,,0,,4,93,0,0.2,0,0.0,24.19,48.0,United States,['United States'],unknown,178,70,False,10.65,8.71,66.67,10.65,54.55,2.9,3.21,0.0,1.94,2.14,0.0,0,0.0,0,0.0,1.94,0.0,0,0.0,0.2,0,0.0,2,1.94,100.0,0.0,0.0,0.97,0.0,0.97,0.0,0.0,0.0,0.97,0.0,0.0,2.9,0.0,0.97,0.0,0.0,12.58,0.0,0.0,19.35,80.0,4.84,80.0,2.9,100.0,16.45,82.35,1.94,100.0,12.11,5.13,0.0,0.0,0.97,0.0,0.0,0.0,0.0,1.94,50.0,1.94,50.0,0.0,0.0,0.97,0.0,2.9,100.0,75.0,7.74,0,,0,,0,0.0,0.0,0.0,,,0.0,,10.65,0.97,0.0,0.0,0.0,0,0.0
F. Capellan,Francisco Capellan,-214087,,Jacksonville Dolphins,,,"RCB, CB",RCB,65,CB,34,,0,24.0,2001-11-09,0,,3,91,0,0.0,0,0.0,13.85,78.57,Dominican Republic,['Dominican Republic'],,180,74,False,7.91,3.96,100.0,3.96,50.0,0.99,2.31,0.0,2.9699999999999998,6.92,0.0,0,0.0,0,0.0,0.0,0.0,0,0.0,0.0,0,0.0,0,0.0,0.0,0.0,0.0,0.0,0.0,0.0,0.0,0.0,0.0,0.0,0.0,0.0,0.99,100.0,0.0,0.99,0.0,17.8,0.0,1.98,38.57,87.18,15.82,75.0,2.9699999999999998,100.0,27.69,92.86,10.88,72.73,26.79,43.86,0.0,0.0,0.0,0.0,0.0,0.0,0.0,9.89,80.0,0.99,100.0,0.0,0.0,0.99,0.0,8.9,88.89,94.12,16.81,0,,0,,0,0.0,0.0,0.0,,,2.9699999999999998,,3.96,0.0,0.0,0.0,0.0,0,0.0
B. Soria,Bruno Soria,-278837,,Bellarmine Knights,,,"RCMF, LCMF",RCMF,68,LCMF,31,,0,,,0,,6,90,0,0.0,0,0.25,16.0,62.5,Chile,['Chile'],unknown,178,75,False,13.0,4.0,100.0,5.0,60.0,3.0,2.65,1.0,6.0,5.29,0.0,0,0.0,0,0.0,0.0,0.0,0,0.0,0.0,0,0.0,0,0.0,0.0,0.0,0.0,0.0,0.0,0.0,0.0,0.0,0.0,0.0,0.0,0.0,1.0,100.0,0.0,0.0,0.0,8.0,0.0,3.0,22.0,86.36,9.0,66.67,0.0,0.0,19.0,89.47,3.0,66.67,12.85,8.27,0.25,3.0,0.0,0.0,0.0,0.0,0.0,6.0,83.33,1.0,0.0,0.0,0.0,0.0,0.0,3.0,100.0,100.0,10.0,0,,0,,0,0.0,0.0,0.0,,,0.0,,5.0,3.0,0.0,0.0,6.0,0,0.0
G. Moise,Gaston Moise,-352420,,Queens Royals,,,"CF, LWB, AMF",CF,61,LWB,26,AMF,11,,,0,,5,85,0,0.0,0,0.0,27.53,42.31,United States,['United States'],,183,81,False,8.47,8.47,50.0,8.47,50.0,1.06,1.15,0.0,3.18,3.46,4.24,0,0.0,0,0.0,1.06,0.0,0,0.0,0.0,0,0.0,0,0.0,0.0,0.0,0.0,0.0,0.0,0.0,0.0,0.0,0.0,0.0,2.12,50.0,4.24,25.0,0.0,0.0,0.0,5.29,2.12,1.06,12.71,66.67,5.29,60.0,2.12,100.0,11.65,72.73,1.06,0.0,8.37,7.19,0.0,0.0,0.0,0.0,0.0,0.0,0.0,2.12,100.0,0.0,0.0,0.0,0.0,0.0,0.0,5.29,40.0,100.0,3.18,0,,0,,0,0.0,0.0,0.0,,,0.0,,8.47,0.0,0.0,0.0,0.0,0,0.0
A. Lopez,Alejandro Rodriguez Lopez,-214081,,North Florida Ospreyes,,,"LAMF, LW, RCMF",LAMF,38,LW,29,RCMF,15,25.0,2001-05-28,0,,3,83,0,0.5700000000000001,0,0.03,27.11,32.0,Spain,['Spain'],unknown,175,69,False,10.84,13.01,41.67,5.42,40.0,0.0,0.0,0.0,5.42,5.36,2.17,0,0.0,0,0.0,1.08,0.0,0,0.0,0.62,0,0.0,4,4.34,25.0,0.0,0.0,0.0,0.0,0.0,0.0,0.0,0.0,0.0,1.08,0.0,6.51,16.67,5.42,3.25,1.08,15.18,1.08,0.0,22.77,80.95,7.59,42.86,3.25,100.0,19.52,83.33,3.25,66.67,18.38,11.65,0.04,1.08,0.0,0.0,0.0,0.0,0.0,7.59,42.86,1.08,0.0,1.08,0.0,0.0,0.0,2.17,100.0,100.0,7.59,0,,0,,0,0.0,0.0,0.0,,,0.0,,5.42,0.0,0.0,0.0,1.08,0,0.0
F. Burnett,Filip Burnett,-62166,Maryland Bobcats,Liberty Flames,https://cdn5.wyscout.com/photos/team/public/g-13885_120x120.png,NISA,RB,RB,100,,0,,0,27.0,1998-12-18,0,,1,72,0,0.0,1,0.22,17.5,42.86,United States,['United States'],,172,71,False,12.5,8.75,71.43,1.25,0.0,0.0,0.0,0.0,6.25,8.33,0.0,0,0.0,0,0.0,2.5,0.0,0,0.0,0.0,0,0.0,0,0.0,0.0,0.0,1.25,2.5,50.0,0.0,0.0,2.5,50.0,0.0,2.5,50.0,5.0,25.0,1.25,2.5,1.25,52.5,0.0,1.25,63.75,80.39,27.5,86.36,6.25,80.0,57.5,80.43,3.75,100.0,16.08,28.2,0.28,1.25,0.0,0.0,0.0,0.0,1.25,10.0,75.0,0.0,0.0,0.0,0.0,0.0,1.25,18.75,86.67,76.92,16.25,0,,0,,0,0.0,0.0,0.0,,,0.0,,1.25,0.0,0.0,0.0,0.0,0,0.0
M. Catanzarite,Michael Catanzarite,511337,Cedarville Yellow Jackets,Liberty Flames,https://cdn5.wyscout.com/photos/team/public/g-13765_120x120.png,NCAA D2 Great Midwest Athletic Conference,"RAMF, LAMF",RAMF,84,LAMF,15,,0,23.0,2002-11-07,0,,3,72,0,0.38,0,0.06,30.0,29.17,United States,['United States'],,167,68,False,5.0,10.0,25.0,1.25,0.0,0.0,0.0,0.0,2.5,2.4,5.0,0,0.0,0,0.0,5.0,0.0,0,0.0,0.47000000000000003,0,0.0,4,5.0,50.0,0.0,0.0,1.25,0.0,0.0,0.0,1.25,0.0,0.0,6.25,40.0,12.5,20.0,2.5,1.25,1.25,18.75,1.25,0.0,22.5,55.56,7.5,33.33,2.5,100.0,16.25,53.85,5.0,75.0,16.61,22.67,0.07,1.25,0.0,0.0,1.25,0.0,1.25,1.25,100.0,2.5,50.0,2.5,50.0,1.25,0.0,6.25,40.0,62.5,10.0,0,,0,,0,0.0,0.0,0.0,,,0.0,,1.25,0.0,0.0,0.0,0.0,0,0.0
D. Stampatori,Daniel Stampatori,-333714,Toronto II,Lipscomb Bisons,https://cdn5.wyscout.com/photos/team/public/g32871_120x120.png,MLS Next Pro,"LAMF, LB",LAMF,50,LB,49,,0,21.0,2004-07-28,0,2026-12-31,3,70,0,0.02,0,0.05,27.0,52.38,Canada,['Canada'],unknown,156,66,False,15.43,9.0,100.0,3.86,0.0,0.0,0.0,1.29,6.43,13.64,1.29,0,0.0,0,0.0,2.5700000000000003,0.0,0,0.0,0.02,0,0.0,1,1.29,0.0,0.0,0.0,0.0,0.0,0.0,0.0,0.0,0.0,0.0,6.43,40.0,10.29,50.0,1.29,1.29,1.29,23.14,1.29,0.0,33.43,84.62,10.29,75.0,11.57,100.0,32.14,88.0,1.29,0.0,16.72,14.75,0.07,2.5700000000000003,0.0,0.0,0.0,0.0,0.0,3.86,66.67,0.0,0.0,0.0,0.0,1.29,0.0,6.43,60.0,80.0,6.43,0,,0,,0,0.0,0.0,0.0,,,1.29,,3.86,0.0,0.0,0.0,0.0,0,0.0
P. Santanach,Pau  Santanach,-366249,,FGCU Eagles,,,"CF, LWF",CF,78,LWF,14,,0,,,0,,3,68,0,0.38,0,0.0,17.21,38.46,Spain,['Spain'],unknown,180,77,False,5.29,6.62,40.0,0.0,0.0,0.0,0.0,0.0,2.65,3.5300000000000002,2.65,1,1.32,0,0.0,2.65,0.0,0,0.0,0.5,0,0.0,1,1.32,0.0,0.0,0.0,0.0,0.0,0.0,0.0,0.0,0.0,0.0,2.65,100.0,9.26,42.86,2.65,0.0,0.0,19.85,0.0,1.32,21.18,62.5,6.62,40.0,7.94,83.33,19.85,66.67,1.32,0.0,12.12,12.55,0.0,0.0,0.0,0.0,0.0,0.0,0.0,3.9699999999999998,33.33,0.0,0.0,0.0,0.0,0.0,0.0,1.32,100.0,60.0,6.62,0,,0,,0,0.0,0.0,0.0,,,0.0,,0.0,0.0,0.0,0.0,0.0,0,0.0
M. Lebedev,Maximilian Lebedev,-62093,,Queens Royals,,,LWB,LWB,90,,0,,0,25.0,2001-01-19,0,,4,54,0,0.16,0,0.0,26.67,56.25,Germany,"['Germany', 'Bulgaria']",,176,0,False,15.0,13.33,100.0,1.67,0.0,0.0,0.0,0.0,1.67,3.33,0.0,1,1.67,0,0.0,3.33,0.0,0,0.0,0.26,0,0.0,2,3.33,50.0,0.0,0.0,3.33,0.0,3.33,0.0,0.0,0.0,1.67,6.67,25.0,8.33,20.0,3.33,3.33,0.0,15.0,1.67,0.0,31.67,73.68,5.0,66.67,5.0,100.0,20.0,91.67,8.33,60.0,26.32,33.93,0.0,0.0,0.0,0.0,0.0,0.0,0.0,0.0,0.0,1.67,0.0,1.67,0.0,1.67,0.0,5.0,0.0,77.78,15.0,0,,0,,0,0.0,0.0,0.0,,,0.0,,1.67,1.67,1.67,100.0,0.0,0,0.0
I. Bellina,Ignacio Fernando Bellina Siles,-78851,Regis Rangers,Central Arkansas Bears,https://cdn5.wyscout.com/photos/team/public/g-18483_120x120.png,NCAA D2 Rocky Mountain Athletic Conference,"DMF, RAMF, AMF",DMF,50,RAMF,26,AMF,23,21.0,2004-08-26,0,,4,48,0,0.0,0,0.03,28.13,33.33,Peru,['Peru'],,180,77,False,5.63,5.63,100.0,5.63,33.33,0.0,0.0,0.0,0.0,0.0,0.0,0,0.0,0,0.0,1.88,0.0,0,0.0,0.0,0,0.0,0,0.0,0.0,0.0,0.0,0.0,0.0,0.0,0.0,0.0,0.0,0.0,3.75,50.0,11.25,16.67,0.0,0.0,0.0,13.13,1.88,0.0,22.5,58.33,9.38,60.0,5.63,33.33,18.75,70.0,3.75,0.0,9.76,7.69,0.05,1.88,0.0,0.0,0.0,0.0,0.0,5.63,66.67,0.0,0.0,0.0,0.0,0.0,0.0,1.88,100.0,66.67,5.63,0,,0,,0,0.0,0.0,0.0,,,0.0,,5.63,1.88,0.0,0.0,0.0,0,0.0
A. Kyrkjeeide,Alex Kyrkjeeide,-237174,,Bellarmine Knights,,,"AMF, CF, LW",AMF,38,CF,33,LW,27,,,0,,4,47,0,0.0,0,0.0,40.21,42.86,Norway,['Norway'],unknown,193,88,False,7.66,11.49,50.0,11.49,16.67,0.0,0.0,0.0,1.9100000000000001,1.3,3.83,0,0.0,0,0.0,3.83,0.0,0,0.0,0.0,0,0.0,0,0.0,0.0,0.0,0.0,0.0,0.0,0.0,0.0,0.0,0.0,0.0,3.83,100.0,11.49,66.67,0.0,1.9100000000000001,1.9100000000000001,15.32,3.83,1.9100000000000001,26.81,71.43,7.66,50.0,9.57,60.0,24.89,76.92,1.9100000000000001,0.0,10.34,7.84,0.0,0.0,0.0,0.0,0.0,0.0,0.0,0.0,0.0,3.83,0.0,1.9100000000000001,0.0,0.0,0.0,1.9100000000000001,0.0,100.0,5.74,0,,0,,0,0.0,0.0,0.0,,,0.0,,11.49,0.0,0.0,0.0,0.0,0,0.0
M. Allione,Maxime Allione,-132849,Toulon,Stetson Hatters,https://cdn5.wyscout.com/photos/team/public/g2380_120x120.png,National 2,"LWB, LAMF",LWB,67,LAMF,32,,0,26.0,2000-03-17,0,,2,45,0,0.0,0,0.0,22.0,18.18,France,['France'],,180,75,False,8.0,4.0,50.0,8.0,25.0,0.0,0.0,0.0,6.0,11.25,0.0,0,0.0,0,0.0,0.0,0.0,0,0.0,0.0,0,0.0,0,0.0,0.0,0.0,0.0,6.0,0.0,6.0,0.0,0.0,0.0,0.0,6.0,0.0,8.0,0.0,0.0,2.0,2.0,18.0,0.0,0.0,24.0,58.33,2.0,0.0,4.0,100.0,16.0,87.5,2.0,0.0,20.21,17.29,0.0,0.0,0.0,0.0,0.0,0.0,0.0,4.0,0.0,4.0,0.0,0.0,0.0,0.0,0.0,2.0,100.0,57.14,14.0,0,,0,,0,0.0,0.0,0.0,,,0.0,,8.0,0.0,0.0,0.0,0.0,0,0.0
O. Henderlite,Owen Henderlite,-352506,,Queens Royals,,,RWB,RWB,100,,0,,0,,,0,,3,40,0,0.0,0,0.0,,,United States,['United States'],,183,79,False,,,,,,,3.33,,,3.33,,0,,0,,,,0,,,0,,0,,,0.0,,,,,,,,,,,,,,,,,,,,,,,,,,,,,13.62,0.0,,,,,,,,,,,,,,,,,,,,0,,0,,0,0.0,0.0,,,,,,,,,,,0,0.0
H. Outerbridge,Hunter Outerbridge,-352373,Jacksonville Dolphins,Jacksonville Dolphins,https://cdn5.wyscout.com/photos/team/public/g-3021_120x120.png,NCAA D1 ASUN,CF,CF,100,,0,,0,,,0,,2,39,0,0.0,0,0.04,,,Bermuda,['Bermuda'],unknown,156,77,False,,,,,,,0.0,,,3.33,,1,,0,,,,0,,,0,,0,,,0.0,,,,,,,,,,,,,,,,,,,,,,,,,,,,,16.32,11.08,,,,,,,,,,,,,,,,,,,,0,,0,,0,0.0,0.0,,,,,,,,,,,0,0.0
A. Acton-Yanez,Alex  Acton-Yanez,-352447,,Queens Royals,,,"RCMF, AMF, LCMF3",RCMF,53,AMF,25,LCMF3,21,,,0,,2,37,0,0.0,0,0.03,,,United States,['United States'],,168,0,False,,,,,,,2.73,,,1.3599999999999999,,0,,0,,,,0,,,0,,0,,,0.0,,,,,,,,,,,,,,,,,,,,,,,,,,,,,21.06,28.04,,,,,,,,,,,,,,,,,,,,0,,0,,0,0.0,0.0,,,,,,,,,,,0,0.0
R. McKinzy II,Rainier  McKinzy II,-366238,,FGCU Eagles,,,LCB3,LCB3,100,,0,,0,,,0,,2,33,0,0.0,0,0.0,,,United States,['United States'],unknown,177,74,False,,,,,,,0.0,,,5.0,,0,,0,,,,0,,,0,,0,,,0.0,,,,,,,,,,,,,,,,,,,,,,,,,,,,,18.29,0.0,,,,,,,,,,,,,,,,,,,,0,,0,,0,0.0,0.0,,,,,,,,,,,0,0.0
J. Marks,Jackson Marks,-271709,Bellarmine Knights,Bellarmine Knights,https://cdn5.wyscout.com/photos/team/public/g-13209_120x120.png,NCAA D1 ASUN,"RW, LW",RW,61,LW,38,,0,,,0,,2,33,0,0.0,0,0.0,,,United States,['United States'],unknown,175,70,False,,,,,,,0.0,,,1.76,,0,,0,,,,0,,,0,,0,,,0.0,,,,,,,,,,,,,,,,,,,,,,,,,,,,,20.42,0.0,,,,,,,,,,,,,,,,,,,,0,,0,,0,0.0,0.0,,,,,,,,,,,0,0.0
I. Martins,Igor Martins,-214065,,North Florida Ospreyes,,,"RW, RCMF3, CF",RW,41,RCMF3,38,CF,19,,,0,,2,33,0,0.0,0,0.0,,,United States,['United States'],unknown,174,72,False,,,,,,,0.0,,,6.0,,0,,0,,,,0,,,0,,0,,,0.0,,,,,,,,,,,,,,,,,,,,,,,,,,,,,13.96,18.63,,,,,,,,,,,,,,,,,,,,0,,0,,0,0.0,0.0,,,,,,,,,,,0,0.0
J. Tatebe,Jacob Tatebe,-366318,,FGCU Eagles,,,"AMF, LCMF, LWB",AMF,48,LCMF,27,LWB,24,,,0,,2,31,1,0.2,0,0.19,,,United States,['United States'],unknown,165,56,False,,,,,,,0.0,,,0.0,,0,,0,,,,1,,,0,,2,,,50.0,,,,,,,,,,,,,,,,,,,,,,,,,,,,,28.58,20.26,,,,,,,,,,,,,,,,,,,,0,,0,,0,0.0,0.0,,,,,,,,,,,0,0.0
S. Highfield,Seth Highfield,-241485,,Lipscomb Bisons,,,CF,CF,90,,0,,0,,,0,,1,30,0,0.0,0,0.13,,,United States,['United States'],unknown,183,77,False,,,,,,,0.0,,,0.0,,0,,0,,,,0,,,0,,0,,,0.0,,,,,,,,,,,,,,,,,,,,,,,,,,,,,20.21,0.0,,,,,,,,,,,,,,,,,,,,0,,0,,0,0.0,0.0,,,,,,,,,,,0,0.0
S. Norton,Steele Norton,-214320,,Stetson Hatters,,,CF,CF,100,,0,,0,,,0,,3,29,0,0.08,0,0.0,,,United States,['United States'],,183,75,False,,,,,,,0.0,,,6.0,,0,,0,,,,0,,,0,,1,,,0.0,,,,,,,,,,,,,,,,,,,,,,,,,,,,,6.53,0.0,,,,,,,,,,,,,,,,,,,,0,,0,,0,0.0,0.0,,,,,,,,,,,0,0.0
M. González,Marcelo González Villarreal,-87392,,FGCU Eagles,,,GK,GK,100,,0,,0,25.0,2001-05-04,0,,1,26,0,0.0,0,0.0,,,Mexico,['Mexico'],,185,77,False,,,,,,,0.0,,,0.0,,0,,0,,,,0,,,0,,0,,,0.0,,,,,,,,,,,,,,,,,,,,,,,,,,,,,33.33,0.0,,,,,,,,,,,,,,,,,,,,1,,1,,0,0.0,0.81,,-0.19,,,,,,,,,0,0.0
D. Gonzalez,Diego Gonzalez,-137684,,Central Arkansas Bears,,,"RWB, RAMF, RW",RWB,46,RAMF,37,RW,16,24.0,2002-01-01,0,,3,24,0,0.0,0,0.0,,,United States,['United States'],,185,81,False,,,,,,,0.0,,,0.0,,0,,0,,,,0,,,0,,0,,,0.0,,,,,,,,,,,,,,,,,,,,,,,,,,,,,22.53,8.56,,,,,,,,,,,,,,,,,,,,0,,0,,0,0.0,0.0,,,,,,,,,,,0,0.0
S.Farner,Sam  Farner,-352357,Liberty Flames,Liberty Flames,https://cdn5.wyscout.com/photos/team/public/g-2775_120x120.png,NCAA D1 Ohio Valley,"RAMF, RWF, LW",RAMF,45,RWF,30,LW,24,,,0,,3,20,0,0.0,0,0.0,,,United States,['United States'],unknown,175,74,False,,,,,,,0.0,,,0.0,,0,,0,,,,0,,,0,,0,,,0.0,,,,,,,,,,,,,,,,,,,,,,,,,,,,,10.86,0.0,,,,,,,,,,,,,,,,,,,,0,,0,,0,0.0,0.0,,,,,,,,,,,0,0.0
J. Mckechnie,Jarrod Mckechnie,-220287,,Liberty Flames,,,"RDMF, RCMF3, LCMF3",RDMF,45,RCMF3,37,LCMF3,17,,,0,,3,17,0,0.0,0,0.0,,,New Zealand,['New Zealand'],,180,77,False,,,,,,,0.0,,,30.0,,0,,0,,,,0,,,0,,0,,,0.0,,,,,,,,,,,,,,,,,,,,,,,,,,,,,11.77,0.0,,,,,,,,,,,,,,,,,,,,0,,0,,0,0.0,0.0,,,,,,,,,,,0,0.0
S. Linton,Stephen Linton,-213982,,FGCU Eagles,,,"RWB, AMF",RWB,66,AMF,33,,0,24.0,2001-07-28,0,,2,17,0,0.0,0,0.0,,,United States,['United States'],,167,63,False,,,,,,,0.0,,,15.0,,0,,0,,,,0,,,0,,0,,,0.0,,,,,,,,,,,,,,,,,,,,,,,,,,,,,10.38,1.7000000000000002,,,,,,,,,,,,,,,,,,,,0,,0,,0,0.0,0.0,,,,,,,,,,,0,0.0
B. Peterson,Ben Peterson,-273963,,Stetson Hatters,,,"LW, CF",LW,70,CF,29,,0,,,0,,1,14,0,0.0,0,0.0,,,United States,['United States'],unknown,177,68,False,,,,,,,0.0,,,0.0,,0,,0,,,,0,,,0,,0,,,0.0,,,,,,,,,,,,,,,,,,,,,,,,,,,,,8.16,0.0,,,,,,,,,,,,,,,,,,,,0,,0,,0,0.0,0.0,,,,,,,,,,,0,0.0
B. Hughes,Ben Hughes,-179843,,Central Arkansas Bears,,,RCB,RCB,100,,0,,0,26.0,2000-01-01,0,,1,12,0,0.0,0,0.0,,,United States,['United States'],,185,79,False,,,,,,,0.0,,,7.5,,0,,0,,,,0,,,0,,0,,,0.0,,,,,,,,,,,,,,,,,,,,,,,,,,,,,20.43,47.11,,,,,,,,,,,,,,,,,,,,0,,0,,0,0.0,0.0,,,,,,,,,,,0,0.0
A. Fuentes,Alex Fuentes,-214306,,Stetson Hatters,,,RW,RW,100,,0,,0,,,0,,1,12,1,0.76,0,0.0,,,United States,['United States'],,168,0,False,,,,,,,0.0,,,0.0,,0,,0,,,,0,,,0,,1,,,100.0,,,,,,,,,,,,,,,,,,,,,,,,,,,,,14.67,0.0,,,,,,,,,,,,,,,,,,,,0,,0,,0,0.0,0.0,,,,,,,,,,,1,100.0
C. Folds,Collin Folds,-360885,Bellarmine Knights,Bellarmine Knights,https://cdn5.wyscout.com/photos/team/public/g-13209_120x120.png,NCAA D1 ASUN,RCMF,RCMF,100,,0,,0,,,0,,1,11,0,0.0,0,0.0,,,United States,['United States'],unknown,185,82,False,,,,,,,0.0,,,0.0,,0,,0,,,,0,,,0,,0,,,0.0,,,,,,,,,,,,,,,,,,,,,,,,,,,,,16.01,0.0,,,,,,,,,,,,,,,,,,,,0,,0,,0,0.0,0.0,,,,,,,,,,,0,0.0
C. Hester,Chase Hester,-214312,,Stetson Hatters,,,DMF,DMF,100,,0,,0,,,0,,1,11,0,0.0,0,0.0,,,United States,['United States'],,185,73,False,,,,,,,0.0,,,0.0,,0,,0,,,,0,,,0,,0,,,0.0,,,,,,,,,,,,,,,,,,,,,,,,,,,,,0.0,0.0,,,,,,,,,,,,,,,,,,,,0,,0,,0,0.0,0.0,,,,,,,,,,,0,0.0
N. Grimley,Niall Grimley,-278834,,Bellarmine Knights,,,LB,LB,100,,0,,0,,,0,,1,10,0,0.0,0,0.0,,,Northern Ireland,['Northern Ireland'],unknown,195,81,False,,,,,,,0.0,,,0.0,,0,,0,,,,0,,,0,,0,,,0.0,,,,,,,,,,,,,,,,,,,,,,,,,,,,,26.85,30.53,,,,,,,,,,,,,,,,,,,,0,,0,,0,0.0,0.0,,,,,,,,,,,0,0.0
R. Winquist,Ryan Winquist,507885,,Lipscomb Bisons,,,LCMF3,LCMF3,100,,0,,0,25.0,2000-10-02,0,,1,8,0,0.0,0,0.0,,,United States,['United States'],,181,73,False,,,,,,,0.0,,,15.0,,0,,0,,,,0,,,0,,0,,,0.0,,,,,,,,,,,,,,,,,,,,,,,,,,,,,16.78,0.0,,,,,,,,,,,,,,,,,,,,0,,0,,0,0.0,0.0,,,,,,,,,,,0,0.0
S. Russ,Seth Russ,-222419,Stetson Hatters,Stetson Hatters,https://cdn5.wyscout.com/photos/team/public/g-3020_120x120.png,NCAA D1 Non-conference matches,RAMF,RAMF,100,,0,,0,,,0,,1,8,0,0.0,0,0.0,,,United States,['United States'],unknown,180,75,False,,,,,,,0.0,,,0.0,,0,,0,,,,0,,,0,,0,,,0.0,,,,,,,,,,,,,,,,,,,,,,,,,,,,,0.0,0.0,,,,,,,,,,,,,,,,,,,,0,,0,,0,0.0,0.0,,,,,,,,,,,0,0.0
H. Bossman,Hunter Bossman,-214028,,Lipscomb Bisons,,,RCB,RCB,100,,0,,0,,,0,,1,5,0,0.0,0,0.0,,,United States,['United States'],unknown,180,68,False,,,,,,,0.0,,,0.0,,0,,0,,,,0,,,0,,0,,,0.0,,,,,,,,,,,,,,,,,,,,,,,,,,,,,9.55,0.0,,,,,,,,,,,,,,,,,,,,0,,0,,0,0.0,0.0,,,,,,,,,,,0,0.0
E. Spence,Errol Spence,507638,,FGCU Eagles,,,AMF,AMF,100,,0,,0,25.0,2000-08-29,0,,1,4,0,0.0,0,0.0,,,United States,['United States'],,175,68,False,,,,,,,0.0,,,0.0,,0,,0,,,,0,,,0,,0,,,0.0,,,,,,,,,,,,,,,,,,,,,,,,,,,,,18.88,0.0,,,,,,,,,,,,,,,,,,,,0,,0,,0,0.0,0.0,,,,,,,,,,,0,0.0
T. Anderson,Thomas Anderson,512664,,Stetson Hatters,,,RW,RW,100,,0,,0,25.0,2001-06-05,0,,1,4,0,0.0,0,0.0,,,United States,['United States'],,175,73,False,,,,,,,0.0,,,0.0,,0,,0,,,,0,,,0,,0,,,0.0,,,,,,,,,,,,,,,,,,,,,,,,,,,,,0.0,0.0,,,,,,,,,,,,,,,,,,,,0,,0,,0,0.0,0.0,,,,,,,,,,,0,0.0
J. Marwood,Jordan Marwood,-195415,,Lipscomb Bisons,,,GK,GK,100,,0,,0,,,0,,1,3,0,0.0,0,0.0,,,Canada,['Canada'],,189,74,False,,,,,,,0.0,,,0.0,,0,,0,,,,0,,,0,,0,,,0.0,,,,,,,,,,,,,,,,,,,,,,,,,,,,,0.0,0.0,,,,,,,,,,,,,,,,,,,,0,,0,,0,0.0,0.0,,0.0,,,,,,,,,0,0.0
