Player,Full name,Wyscout id,Team,Team within selected timeframe,Team logo,Competition,Position,Primary position,"Primary position, %",Secondary position,"Secondary position, %",Third position,"Third position, %",Age,Birthday,Market value,Contract expires,Matches played,Minutes played,Goals,xG,Assists,xA,Duels per 90,"Duels won, %",Birth country,Passport country,Foot,Height,Weight,On loan,Successful defensive actions per 90,Defensive duels per 90,"Defensive duels won, %",Aerial duels per 90,"Aerial duels won, %",Sliding tackles per 90,PAdj Sliding tackles,Shots blocked per 90,Interceptions per 90,PAdj Interceptions,Fouls per 90,Yellow cards,Yellow cards per 90,Red cards,Red cards per 90,Successful attacking actions per 90,Goals per 90,Non-penalty goals,Non-penalty goals per 90,xG per 90,Head goals,Head goals per 90,Shots,Shots per 90,"Shots on target, %","Goal conversion, %",Assists per 90,Crosses per 90,"Accurate crosses, %",Crosses from left flank per 90,"Accurate crosses from left flank, %",Crosses from right flank per 90,"Accurate crosses from right flank, %",Crosses to goalie box per 90,Dribbles per 90,"Successful dribbles, %",Offensive duels per 90,"Offensive duels won, %",Touches in box per 90,Progressive runs per 90,Accelerations per 90,Received passes per 90,Received long passes per 90,Fouls suffered per 90,Passes per 90,"Accurate passes, %",Forward passes per 90,"Accurate forward passes, %",Back passes per 90,"Accurate back passes, %",Short / medium passes per 90,"Accurate short / medium passes, %",Long passes per 90,"Accurate long passes, %","Average pass length, m","Average long pass length, m",xA per 90,Shot assists per 90,Second assists per 90,Third assists per 90,Smart passes per 90,"Accurate smart passes, %",Key passes per 90,Passes to final third per 90,"Accurate passes to final third, %",Passes to penalty area per 90,"Accurate passes to penalty area, %",Through passes per 90,"Accurate through passes, %",Deep completions per 90,Deep completed crosses per 90,Progressive passes per 90,"Accurate progressive passes, %","Accurate vertical passes, %",Vertical passes per 90,Conceded goals,Conceded goals per 90,Shots against,Shots against per 90,Clean sheets,"Save rate, %",xG against,xG against per 90,Prevented goals,Prevented goals per 90,Back passes received as GK per 90,Exits per 90,Aerial duels per 90,Free kicks per 90,Direct free kicks per 90,"Direct free kicks on target, %",Corners per 90,Penalties taken,"Penalty conversion, %"
J. Seeto,Jayden Seeto,-562170,St. George Saints ,St. George Saints ,https://cdn5.wyscout.com/photos/team/public/g20232_120x120.png,New South Wales NPL,LB,LB,94,,0,,0,23.0,2003-01-01,0,,16,1571,0,0.35000000000000003,0,0.35000000000000003,20.62,66.94,Australia,['Australia'],unknown,0,0,False,12.89,8.99,77.07,3.7800000000000002,66.67,0.17,0.22,0.17,5.79,7.54,0.5700000000000001,1,0.06,0,0.0,1.37,0.0,0,0.0,0.02,0,0.0,3,0.17,33.33,0.0,0.0,1.32,30.43,1.32,30.43,0.0,0.0,0.11,1.2,76.19,5.96,56.73,0.34,1.83,0.23,39.47,0.86,2.01,57.35,84.42,26.01,77.97,7.39,93.02,49.61,90.53,6.59,47.83,18.58,37.94,0.02,0.52,0.06,0.0,0.0,0.0,0.06,7.5600000000000005,68.94,1.37,41.67,0.46,25.0,0.29,0.23,11.63,69.46,92.42,15.12,0,,0,,0,0.0,0.0,0.0,,,0.5700000000000001,,3.7800000000000002,0.0,0.0,0.0,0.0,0,0
J. Wade,Joel  Wade,-429133,Marconi Stallions,Marconi Stallions,https://cdn5.wyscout.com/photos/team/public/g146_120x120.png,New South Wales NPL,GK,GK,100,,0,,0,22.0,2004-01-03,0,,16,1564,0,0.0,0,0.0,0.63,81.82,Australia,['Australia'],,0,0,False,1.6099999999999999,0.12,0.0,0.46,100.0,0.0,0.0,0.0,1.6099999999999999,2.13,0.06,1,0.06,0,0.0,0.0,0.0,0,0.0,0.0,0,0.0,0,0.0,0.0,0.0,0.0,0.0,0.0,0.0,0.0,0.0,0.0,0.0,0.0,0.0,0.0,0.0,0.0,0.0,0.0,9.38,0.52,0.06,17.21,70.57,11.85,58.25,0.0,0.0,8.29,94.44,8.92,48.39,37.0,53.19,0.0,0.0,0.0,0.0,0.0,0.0,0.06,4.26,36.49,0.6900000000000001,8.33,0.86,33.33,0.12,0.0,5.01,80.46,97.67,4.95,12,0.6900000000000001,43,2.47,6,72.09,12.49,0.72,0.49,0.028,0.0,2.01,0.46,,,,0.0,0,0
G. Daniel,George Daniel,-409076,Marconi Stallions,Marconi Stallions,https://cdn5.wyscout.com/photos/team/public/g146_120x120.png,New South Wales NPL,LB,LB,99,,0,,0,22.0,2003-11-10,0,,16,1564,0,0.22,0,0.16,19.91,53.47,Australia,['Australia'],unknown,0,0,False,8.46,8.23,67.13,1.9,39.39,0.0,0.0,0.23,2.93,3.87,1.15,3,0.17,0,0.0,2.36,0.0,0,0.0,0.01,0,0.0,10,0.58,10.0,0.0,0.0,2.8200000000000003,34.69,2.65,32.61,0.17,66.67,0.4,2.3,57.5,7.88,44.53,0.29,1.67,0.23,15.54,0.58,1.5,26.59,66.02,13.93,62.81,3.34,93.1,18.53,76.4,5.24,46.15,20.75,33.61,0.01,0.4,0.0,0.0,0.0,0.0,0.06,5.35,67.74,2.3,35.0,0.35000000000000003,16.67,0.0,0.92,7.94,62.32,58.51,5.41,0,,0,,0,0.0,0.0,0.0,,,0.29,,1.9,0.17,0.0,0.0,0.58,0,0
K. Wright,Kaidyn Wright,-677795,St. George Saints ,St. George Saints ,https://cdn5.wyscout.com/photos/team/public/g20232_120x120.png,New South Wales NPL,RB,RB,79,,0,,0,22.0,2004-02-18,0,,16,1539,3,1.02,0,0.6900000000000001,18.25,52.88,Australia,['Australia'],,0,0,False,11.05,10.29,64.77,1.58,40.74,0.18,0.23,0.29,4.21,5.45,1.46,4,0.23,0,0.0,1.23,0.18,3,0.18,0.06,0,0.0,20,1.17,25.0,15.0,0.0,0.8200000000000001,21.43,0.06,0.0,0.76,23.08,0.06,1.4,45.83,4.5600000000000005,34.62,0.76,1.11,0.0,29.3,0.47000000000000003,0.53,43.33,80.7,15.09,70.16,8.3,92.25,40.06,84.09,2.46,45.24,16.21,30.18,0.04,0.76,0.0,0.0,0.12,100.0,0.35000000000000003,5.67,73.2,1.99,52.94,0.35000000000000003,50.0,0.7000000000000001,0.18,6.78,67.24,85.79,11.11,0,,0,,0,0.0,0.0,0.0,,,0.23,,1.58,0.0,0.0,0.0,0.18,0,0
D. Tsekenis,Damian Tsekenis,-231390,Marconi Stallions,Marconi Stallions,https://cdn5.wyscout.com/photos/team/public/g146_120x120.png,New South Wales NPL,CF,CF,100,,0,,0,25.0,2001-04-16,0,,16,1531,13,10.22,0,1.54,28.69,35.86,Australia,"['Australia', 'Greece']",right,183,74,False,4.64,4.41,61.33,7.35,36.0,0.41000000000000003,0.54,0.18,1.53,2.0,1.76,3,0.18,0,0.0,3.59,0.76,12,0.71,0.6000000000000001,4,0.24,52,3.06,57.69,25.0,0.0,0.8200000000000001,35.71,0.59,40.0,0.18,33.33,0.0,3.88,34.85,12.64,30.23,4.47,1.82,0.06,10.46,2.35,1.35,13.87,63.14,4.17,50.7,3.35,77.19,11.82,66.17,1.23,52.38,16.25,22.98,0.09,0.76,0.06,0.06,0.29,60.0,0.59,1.76,50.0,1.53,53.85,0.47000000000000003,50.0,1.0,0.29,1.88,75.0,68.42,3.35,0,,0,,0,0.0,0.0,0.0,,,0.0,,7.35,0.0,0.0,0.0,0.06,1,100
C. Marques,Christopher Marques,-357803,NWS Spirit,NWS Spirit,https://cdn5.wyscout.com/photos/team/public/g-16418_120x120.png,New South Wales NPL,GK,GK,100,,0,,0,28.0,1997-09-25,0,,16,1524,0,0.0,0,0.0,1.3,68.18,Australia,['Australia'],unknown,0,0,False,2.6,0.41000000000000003,42.86,0.53,88.89,0.0,0.0,0.0,2.42,3.1,0.12,1,0.06,0,0.0,0.06,0.0,0,0.0,0.0,0,0.0,0,0.0,0.0,0.0,0.0,0.0,0.0,0.0,0.0,0.0,0.0,0.0,0.06,100.0,0.30000000000000004,80.0,0.0,0.0,0.0,16.3,0.12,0.18,26.63,83.37,12.52,66.98,0.0,0.0,18.25,98.71,8.39,50.0,29.64,49.77,0.0,0.0,0.0,0.0,0.0,0.0,0.0,2.83,41.67,0.24,25.0,0.30000000000000004,20.0,0.06,0.0,5.26,66.29,98.95,11.28,21,1.24,59,3.48,5,64.41,17.36,1.02,-3.64,-0.215,0.0,1.3599999999999999,0.53,,,,0.0,0,0
J. Armson,Jack Armson,-231391,Marconi Stallions,Marconi Stallions,https://cdn5.wyscout.com/photos/team/public/g146_120x120.png,New South Wales NPL,"LCMF, RDMF, RCMF",LCMF,61,RDMF,18,RCMF,13,27.0,1998-12-11,0,,16,1495,5,2.83,2,0.6900000000000001,15.05,54.4,Australia,['Australia'],,180,78,False,9.69,6.74,70.54,2.47,34.15,0.48,0.64,0.12,4.45,5.94,1.38,2,0.12,0,0.0,1.69,0.30000000000000004,5,0.30000000000000004,0.17,0,0.0,23,1.38,43.48,21.739,0.12,0.84,14.29,0.24,25.0,0.6000000000000001,10.0,0.06,1.44,62.5,4.03,47.76,1.51,0.18,0.0,13.24,0.48,0.96,25.53,64.39,11.44,52.63,2.5300000000000002,88.1,19.57,72.62,5.18,40.7,19.47,38.26,0.04,0.54,0.0,0.0,0.06,100.0,0.24,6.5600000000000005,53.21,1.63,22.22,0.66,36.36,0.6000000000000001,0.30000000000000004,5.42,65.56,70.83,7.22,0,,0,,0,0.0,0.0,0.0,,,0.0,,2.47,0.18,0.0,0.0,0.0,0,0
S. Nicholas,Simon Nicholas,-328299,NWS Spirit,NWS Spirit,https://cdn5.wyscout.com/photos/team/public/g-16418_120x120.png,New South Wales NPL,LCB,LCB,90,,0,,0,26.0,1999-08-05,0,,16,1490,0,0.31,0,0.62,11.42,61.38,Australia,['Australia'],,0,0,False,8.7,6.1,70.3,2.05,61.76,0.12,0.16,0.30000000000000004,4.29,5.5,0.72,4,0.24,0,0.0,0.85,0.0,0,0.0,0.02,0,0.0,6,0.36,50.0,0.0,0.0,0.79,53.85,0.72,50.0,0.06,100.0,0.12,0.30000000000000004,80.0,1.51,44.0,0.24,1.27,0.12,36.06,0.72,0.42,56.05,79.74,27.0,66.67,5.98,93.94,43.61,90.72,11.78,40.51,22.79,42.62,0.04,0.18,0.0,0.06,0.0,0.0,0.06,9.66,61.88,1.63,29.63,0.6000000000000001,50.0,0.30000000000000004,0.30000000000000004,11.84,63.78,93.59,16.97,0,,0,,0,0.0,0.0,0.0,,,2.9,,2.05,0.0,0.0,0.0,0.0,0,0
T. van Amerongen,Thijs van Amerongen,-327020,Sutherland Sharks,Sutherland Sharks,https://cdn5.wyscout.com/photos/team/public/g10493_120x120.png,New South Wales NPL,"LCB3, LCB, CB",LCB3,34,LCB,24,CB,19,27.0,1999-04-09,0,,15,1481,2,1.97,0,0.0,10.15,70.06,Netherlands,['Netherlands'],right,192,0,False,9.12,5.35,78.41,3.2800000000000002,64.81,0.30000000000000004,0.44,1.09,4.62,6.65,0.67,2,0.12,0,0.0,0.36,0.12,2,0.12,0.12,1,0.06,14,0.85,35.71,14.286,0.0,0.06,100.0,0.0,0.0,0.06,100.0,0.0,0.0,0.0,0.49,25.0,1.15,0.36,0.0,33.42,0.18,0.0,50.26,87.55,20.3,74.85,3.1,100.0,45.64,92.28,4.5600000000000005,40.0,21.96,36.86,0.0,0.06,0.0,0.0,0.0,0.0,0.0,6.68,68.18,0.24,50.0,0.06,0.0,0.12,0.0,9.12,70.67,97.61,22.85,0,,0,,0,0.0,0.0,0.0,,,2.43,,3.2800000000000002,0.0,0.0,0.0,0.0,0,0
D. Nižić,Danijel Nižić,327603,Sutherland Sharks,Sutherland Sharks,https://cdn5.wyscout.com/photos/team/public/g10493_120x120.png,New South Wales NPL,GK,GK,100,,0,,0,31.0,1995-03-15,150000,,15,1481,0,0.04,0,0.0,0.85,71.43,Australia,"['Australia', 'Croatia']",left,195,77,False,1.4,0.0,0.0,0.85,71.43,0.0,0.0,0.0,1.4,2.01,0.0,2,0.12,0,0.0,0.0,0.0,0,0.0,0.0,0,0.0,1,0.06,0.0,0.0,0.0,0.0,0.0,0.0,0.0,0.0,0.0,0.0,0.0,0.0,0.0,0.0,0.06,0.0,0.0,12.46,0.18,0.12,20.48,75.96,12.03,60.61,0.0,0.0,11.85,97.95,8.57,46.1,36.32,54.04,0.0,0.0,0.06,0.0,0.0,0.0,0.0,3.4,37.5,0.30000000000000004,0.0,0.06,0.0,0.0,0.0,5.41,62.92,97.56,7.47,22,1.34,86,5.23,3,74.42,19.26,1.17,-2.74,-0.167,0.0,2.01,0.85,,,,0.0,0,0
C. Henderson,Cayden Henderson,-305701,Blacktown City,Blacktown City,https://cdn5.wyscout.com/photos/team/public/g10489_120x120.png,New South Wales NPL,GK,GK,100,,0,,0,21.0,2005-03-09,0,,15,1473,0,0.0,0,0.0,0.73,100.0,Australia,['Australia'],,0,0,False,2.26,0.37,100.0,0.18,100.0,0.0,0.0,0.0,1.8900000000000001,2.5,0.0,0,0.0,0,0.0,0.0,0.0,0,0.0,0.0,0,0.0,0,0.0,0.0,0.0,0.0,0.0,0.0,0.0,0.0,0.0,0.0,0.0,0.0,0.0,0.0,0.0,0.0,0.0,0.0,16.44,0.06,0.12,26.46,82.91,14.6,71.55,0.0,0.0,16.25,98.87,10.2,57.49,30.66,48.55,0.0,0.0,0.0,0.0,0.0,0.0,0.0,3.24,50.94,0.18,0.0,0.12,0.0,0.0,0.0,6.48,72.64,96.57,10.69,28,1.71,107,6.54,2,73.83,30.06,1.8399999999999999,2.06,0.126,0.0,0.92,0.18,,,,0.0,0,0
D. Solsky,Daniel Solsky,-593512,Wollongong Wolves,Wollongong Wolves,https://cdn5.wyscout.com/photos/team/public/g155_120x120.png,New South Wales NPL,GK,GK,100,,0,,0,23.0,2003-02-25,0,,15,1466,0,0.0,0,0.0,2.58,85.71,Australia,['Australia'],,0,0,False,2.76,0.49,50.0,1.47,100.0,0.06,0.08,0.0,2.46,3.02,0.06,1,0.06,0,0.0,0.0,0.0,0,0.0,0.0,0,0.0,0,0.0,0.0,0.0,0.0,0.0,0.0,0.0,0.0,0.0,0.0,0.0,0.0,0.0,0.18,100.0,0.0,0.0,0.0,13.44,0.12,0.49,27.81,85.65,15.29,77.11,0.0,0.0,20.01,98.16,7.67,54.4,27.64,47.05,0.0,0.0,0.0,0.0,0.0,0.0,0.0,1.35,45.45,0.12,0.0,0.18,0.0,0.0,0.0,6.26,58.82,98.3,10.8,14,0.86,78,4.79,5,82.05,21.17,1.3,7.17,0.44,0.0,2.95,1.47,,,,0.0,0,0
T. Vidackovic,Tristan Vidackovic,-427554,Western Sydney W. U21,Western Sydney W. U21,https://cdn5.wyscout.com/photos/team/public/g23047_120x120.png,New South Wales NPL,GK,GK,100,,0,,0,23.0,2003-03-31,0,2026-06-30,15,1458,0,0.0,0,0.0,1.05,94.12,Australia,"['Australia', 'Croatia']",right,201,83,False,1.79,0.06,100.0,0.86,100.0,0.0,0.0,0.0,1.73,1.9,0.0,1,0.06,0,0.0,0.06,0.0,0,0.0,0.0,0,0.0,0,0.0,0.0,0.0,0.0,0.0,0.0,0.0,0.0,0.0,0.0,0.0,0.06,100.0,0.06,100.0,0.06,0.0,0.0,18.83,0.25,0.12,31.42,85.66,12.59,69.61,0.06,0.0,22.96,96.77,8.4,55.88,28.68,50.02,0.0,0.0,0.0,0.0,0.0,0.0,0.0,2.35,34.21,0.25,0.0,0.12,0.0,0.0,0.0,4.69,60.53,97.03,16.6,18,1.11,92,5.68,6,80.43,26.52,1.6400000000000001,8.52,0.526,0.0,2.41,0.86,,,,0.0,0,0
N. Olsen,Nicholas John Olsen,331329,Sutherland Sharks,Sutherland Sharks,https://cdn5.wyscout.com/photos/team/public/g10493_120x120.png,New South Wales NPL,"CF, RW, RWF",CF,41,RW,24,RWF,17,30.0,1995-09-26,0,,15,1457,5,5.85,3,4.4,17.23,43.73,Australia,"['Australia', 'Denmark']",left,175,64,False,3.4,3.15,64.71,1.79,44.83,0.0,0.0,0.0,1.3599999999999999,1.94,1.05,2,0.12,0,0.0,3.64,0.31,2,0.12,0.36,0,0.0,37,2.29,35.14,13.514,0.19,2.04,36.36,0.93,33.33,1.11,38.89,0.56,3.95,50.0,10.01,37.65,2.29,2.04,0.37,18.72,1.79,1.67,25.94,78.57,8.96,71.03,5.37,90.8,20.69,85.67,3.21,59.62,18.58,31.34,0.27,1.9100000000000001,0.06,0.0,0.19,66.67,0.62,4.57,72.97,3.71,58.33,0.8,61.54,1.54,0.68,4.69,86.84,78.99,7.35,0,,0,,0,0.0,0.0,0.0,,,0.19,,1.79,1.67,0.19,0.0,2.1,4,75
B. Giason,Ben Giason,-414469,Sydney Olympic,Sydney Olympic,https://cdn5.wyscout.com/photos/team/public/g150_120x120.png,New South Wales NPL,"RB, LB",RB,70,LB,29,,0,21.0,2004-11-17,0,,15,1455,0,0.08,2,0.88,16.21,50.38,Australia,['Australia'],right,169,0,False,9.28,8.41,64.71,2.91,36.17,0.06,0.07,0.19,3.77,4.43,0.56,2,0.12,0,0.0,1.6099999999999999,0.0,0,0.0,0.0,0,0.0,4,0.25,25.0,0.0,0.12,2.29,45.95,0.31,40.0,1.92,48.39,0.12,1.11,44.44,3.65,32.2,0.49,1.8599999999999999,0.19,29.07,1.11,0.19,41.26,74.36,21.03,69.12,5.07,93.9,33.77,81.14,5.26,42.35,19.46,37.23,0.05,0.49,0.0,0.0,0.12,0.0,0.31,5.57,52.22,2.23,55.56,0.43,14.29,0.31,0.99,10.58,68.42,81.53,9.71,0,,0,,0,0.0,0.0,0.0,,,0.68,,2.91,0.12,0.0,0.0,0.0,0,0
J. Piriz,Jesse Piriz,-186229,Manly United,Manly United,https://cdn5.wyscout.com/photos/team/public/g10491_120x120.png,New South Wales NPL,RB,RB,93,,0,,0,26.0,1999-08-22,0,,15,1447,0,0.54,2,1.52,15.92,51.95,Australia,['Australia'],,0,0,False,10.51,6.78,56.88,3.23,55.77,0.75,0.97,0.5,5.91,7.64,1.6800000000000002,3,0.19,0,0.0,2.3,0.0,0,0.0,0.03,0,0.0,11,0.68,36.36,0.0,0.12,2.3,48.65,0.0,0.0,2.3,48.65,0.25,1.49,62.5,3.92,47.62,0.68,0.87,0.06,25.75,2.36,0.68,38.0,74.3,17.48,62.99,5.04,95.06,27.99,82.22,7.71,53.23,22.02,38.61,0.09,0.62,0.0,0.0,0.06,0.0,0.31,6.78,59.63,2.36,55.26,0.44,71.43,0.44,1.06,10.51,66.27,81.87,10.64,0,,0,,0,0.0,0.0,0.0,,,0.75,,3.23,0.0,0.0,0.0,0.0,0,0
Z. Gordon,Zygmunt Ian Gordon,174589,Sydney Olympic,Sydney Olympic,https://cdn5.wyscout.com/photos/team/public/g150_120x120.png,New South Wales NPL,"LCB, RCB",LCB,64,RCB,27,,0,33.0,1993-04-23,0,,15,1445,1,0.75,1,0.0,9.09,63.7,Scotland,['Scotland'],right,180,77,False,7.72,3.43,72.73,2.93,59.57,0.6900000000000001,0.8,0.81,4.55,5.33,0.62,3,0.19,0,0.0,0.12,0.06,1,0.06,0.05,0,0.0,5,0.31,40.0,20.0,0.06,0.06,0.0,0.0,0.0,0.06,0.0,0.0,0.0,0.0,1.49,45.83,0.31,0.44,0.06,40.86,0.06,0.93,58.73,88.55,28.28,81.06,2.37,89.47,52.51,93.36,6.17,48.48,20.99,44.52,0.0,0.0,0.0,0.0,0.0,0.0,0.06,6.66,67.29,0.44,28.57,0.12,0.0,0.12,0.0,10.4,68.26,96.88,23.92,0,,0,,0,0.0,0.0,0.0,,,1.62,,2.93,0.0,0.0,0.0,0.0,0,0
O. Kalac,Oliver Kalac,-123070,APIA Leichhardt Tigers,APIA Leichhardt Tigers,https://cdn5.wyscout.com/photos/team/public/g10487_120x120.png,New South Wales NPL,GK,GK,100,,0,,0,23.0,2002-11-09,0,,15,1445,0,0.0,0,0.0,0.31,60.0,Australia,['Australia'],right,187,79,False,1.49,0.12,0.0,0.19,100.0,0.0,0.0,0.0,1.49,2.09,0.12,2,0.12,0,0.0,0.0,0.0,0,0.0,0.0,0,0.0,0,0.0,0.0,0.0,0.0,0.0,0.0,0.0,0.0,0.0,0.0,0.0,0.0,0.0,0.0,0.0,0.0,0.0,0.0,12.15,0.0,0.0,19.0,77.05,9.16,63.27,0.0,0.0,12.46,96.0,6.54,40.95,32.31,49.1,0.0,0.0,0.0,0.0,0.0,0.0,0.0,1.62,15.38,0.06,0.0,0.12,0.0,0.0,0.0,3.99,45.31,90.0,9.34,18,1.12,57,3.55,3,68.42,14.36,0.89,-3.64,-0.227,0.0,0.93,0.19,,,,0.0,0,0
N. Kalogerou,Nicholas Kalogerou,-562158,St. George Saints ,St. George Saints ,https://cdn5.wyscout.com/photos/team/public/g20232_120x120.png,New South Wales NPL,RCB,RCB,85,,0,,0,26.0,2000-03-13,0,,15,1439,0,0.03,1,0.22,8.82,54.61,Australia,['Australia'],unknown,0,0,False,8.57,5.25,61.9,1.63,46.15,0.81,1.07,0.38,4.5,5.95,0.75,3,0.19,0,0.0,0.19,0.0,0,0.0,0.0,0,0.0,2,0.13,0.0,0.0,0.06,0.25,75.0,0.06,100.0,0.19,66.67,0.06,0.06,0.0,0.88,21.43,0.19,0.9400000000000001,0.0,46.28,0.38,0.19,65.92,84.82,29.71,70.95,4.0,95.31,55.1,92.62,10.57,44.38,21.58,40.41,0.01,0.13,0.0,0.0,0.06,0.0,0.13,10.13,60.49,0.88,42.86,0.9400000000000001,33.33,0.25,0.19,11.88,69.47,98.28,25.39,0,,0,,0,0.0,0.0,0.0,,,2.13,,1.63,0.0,0.0,0.0,0.0,0,0
S. Monahan-Vaiika,Solomon-Johnn Monahan-Vaiika,522613,St George City FA,St George City FA,https://cdn5.wyscout.com/photos/team/public/g38544_120x120.png,New South Wales NPL,"LCB3, RCMF, CB",LCB3,17,RCMF,17,CB,16,27.0,1999-02-05,0,,15,1428,1,1.43,2,1.81,17.96,47.72,Australia,['Australia'],,0,0,False,10.4,7.31,68.1,2.52,45.0,0.13,0.14,0.5,5.29,5.8100000000000005,0.88,2,0.13,0,0.0,1.26,0.06,1,0.06,0.09,1,0.06,6,0.38,33.33,16.667,0.13,0.5,50.0,0.13,50.0,0.38,50.0,0.0,1.83,48.28,6.3,28.0,1.01,1.6400000000000001,0.19,24.2,0.63,0.44,37.5,79.33,17.52,70.14,3.84,93.44,32.96,83.75,4.03,46.88,18.26,33.56,0.11,0.8200000000000001,0.0,0.0,0.0,0.0,0.44,6.05,63.54,1.76,46.43,0.5700000000000001,44.44,0.63,0.25,8.51,65.93,90.53,10.65,0,,0,,0,0.0,0.0,0.0,,,0.5,,2.52,0.0,0.0,0.0,0.0,0,0
B. Kanaizumi,Banri Kanaizumi,-186228,Wollongong Wolves,Wollongong Wolves,https://cdn5.wyscout.com/photos/team/public/g155_120x120.png,New South Wales NPL,"RCB, LCB",RCB,82,LCB,17,,0,33.0,1993-05-04,0,,15,1418,1,0.49,0,0.0,9.39,54.05,Japan,['Japan'],,0,0,False,7.24,3.74,49.15,3.05,52.08,0.25,0.31,0.51,5.14,6.33,0.5700000000000001,3,0.19,0,0.0,0.19,0.06,1,0.06,0.03,1,0.06,4,0.25,25.0,25.0,0.0,0.0,0.0,0.0,0.0,0.0,0.0,0.0,0.13,100.0,1.27,70.0,0.51,0.51,0.0,32.37,0.06,0.89,49.38,86.76,20.69,76.69,2.48,94.87,42.14,93.07,7.24,50.0,22.21,37.73,0.0,0.0,0.0,0.0,0.0,0.0,0.0,5.46,58.14,0.32,0.0,0.25,25.0,0.06,0.0,9.71,67.32,95.76,22.47,0,,0,,0,0.0,0.0,0.0,,,2.16,,3.05,0.0,0.0,0.0,0.0,0,0
M. Busek,Matej Busek,-253917,Marconi Stallions,Marconi Stallions,https://cdn5.wyscout.com/photos/team/public/g146_120x120.png,New South Wales NPL,"LW, LAMF",LW,71,LAMF,18,,0,21.0,2004-10-25,0,,16,1408,0,1.97,2,2.55,21.61,48.22,Australia,['Australia'],unknown,0,0,False,7.73,6.65,59.62,3.77,40.68,0.32,0.43,0.06,3.45,4.64,1.15,2,0.13,0,0.0,4.09,0.0,0,0.0,0.13,0,0.0,24,1.53,12.5,0.0,0.13,1.73,55.56,1.6,52.0,0.13,100.0,0.45,4.92,59.74,9.78,44.44,1.6600000000000001,2.3,0.19,15.53,1.79,1.28,23.46,73.84,8.82,63.04,5.18,90.12,20.39,77.74,1.34,38.1,15.63,23.09,0.16,1.4100000000000001,0.06,0.0,0.06,0.0,0.58,2.81,63.64,2.05,56.25,0.64,40.0,0.77,0.8300000000000001,4.22,62.12,75.64,4.99,0,,0,,0,0.0,0.0,0.0,,,0.0,,3.77,0.77,0.06,100.0,2.68,0,0
K. Kodai Tanaka,Kodai Tanaka Kodai Tanaka,-675003,Blacktown City,Blacktown City,https://cdn5.wyscout.com/photos/team/public/g10489_120x120.png,New South Wales NPL,"RB, LB",RB,41,LB,34,,0,25.0,2001-05-17,0,,15,1405,0,1.17,0,0.98,19.47,48.68,Japan,['Japan'],unknown,0,0,False,9.22,7.88,61.79,2.11,39.39,0.19,0.25,0.38,4.16,5.52,0.8300000000000001,2,0.13,0,0.0,2.5,0.0,0,0.0,0.07,0,0.0,16,1.02,31.25,0.0,0.0,2.56,27.5,1.22,10.53,1.28,40.0,0.32,2.69,54.76,7.75,39.67,1.28,1.73,0.38,23.96,1.8599999999999999,0.9,35.23,74.91,13.77,63.72,7.94,95.16,27.54,83.72,5.12,51.25,18.86,33.98,0.06,0.51,0.06,0.0,0.0,0.0,0.13,4.55,61.97,2.63,39.02,0.19,0.0,0.26,0.77,6.73,60.95,78.52,8.65,0,,0,,0,0.0,0.0,0.0,,,0.45,,2.11,0.45,0.0,0.0,1.73,0,0
T. Prendergast,Tristan Prendergast,456572,UNSW,UNSW,https://cdn5.wyscout.com/photos/team/public/g33621_120x120.png,New South Wales NPL,GK,GK,100,,0,,0,30.0,1995-06-27,0,,14,1378,0,0.0,0,0.0,0.98,93.33,Australia,['Australia'],,191,78,False,3.5300000000000002,0.07,100.0,0.46,85.71,0.0,0.0,0.0,3.46,4.23,0.0,1,0.07,0,0.0,0.0,0.0,0,0.0,0.0,0,0.0,0,0.0,0.0,0.0,0.0,0.0,0.0,0.0,0.0,0.0,0.0,0.0,0.0,0.0,0.39,100.0,0.0,0.0,0.0,19.07,0.13,0.33,31.35,78.54,20.31,68.81,0.07,0.0,16.13,97.98,15.22,57.94,36.23,51.29,0.0,0.0,0.0,0.0,0.0,0.0,0.07,5.68,49.43,0.59,11.11,0.52,12.5,0.07,0.0,10.84,74.1,98.0,9.8,18,1.18,64,4.18,3,71.88,18.39,1.2,0.39,0.025,0.0,1.5,0.46,,,,0.0,0,0
M. Beattie,Marcus Beattie,-186132,Wollongong Wolves,Wollongong Wolves,https://cdn5.wyscout.com/photos/team/public/g155_120x120.png,New South Wales NPL,"RCMF, LCMF, RB",RCMF,32,LCMF,23,RB,17,30.0,1996-04-01,0,,15,1378,0,1.47,0,0.11,15.54,44.96,Australia,['Australia'],,0,0,False,8.16,6.53,61.0,1.7000000000000002,23.08,0.07,0.08,0.39,4.11,5.11,0.52,3,0.2,0,0.0,0.85,0.0,0,0.0,0.1,0,0.0,12,0.78,33.33,0.0,0.0,0.33,20.0,0.13,50.0,0.2,0.0,0.0,1.57,33.33,5.94,32.97,0.65,1.44,0.26,21.49,1.5,1.31,32.26,81.17,12.41,72.11,4.77,90.41,28.08,85.12,3.85,57.63,19.25,37.38,0.01,0.2,0.0,0.0,0.0,0.0,0.2,5.36,67.07,0.59,55.56,0.39,50.0,0.33,0.0,5.8100000000000005,67.42,90.48,9.6,0,,0,,0,0.0,0.0,0.0,,,0.65,,1.7000000000000002,0.0,0.0,0.0,0.07,0,0
G. Lynch,Grant Lynch,493906,UNSW,UNSW,https://cdn5.wyscout.com/photos/team/public/g33621_120x120.png,New South Wales NPL,"LCB3, LCB, LB",LCB3,43,LCB,39,LB,13,32.0,1993-08-04,0,,14,1377,0,0.11,0,0.56,11.7,57.54,Australia,['Australia'],,0,0,False,9.02,6.08,66.67,2.61,55.0,0.13,0.16,0.59,4.84,5.87,0.72,3,0.2,0,0.0,0.46,0.0,0,0.0,0.01,0,0.0,1,0.07,0.0,0.0,0.0,0.52,25.0,0.52,25.0,0.0,0.0,0.13,0.33,80.0,2.16,36.36,0.26,1.57,0.07,34.38,0.26,0.2,53.73,83.7,26.08,75.69,3.66,91.07,48.5,88.95,4.84,36.49,21.51,39.89,0.04,0.2,0.07,0.0,0.07,100.0,0.07,8.69,68.42,1.05,18.75,0.46,28.57,0.39,0.0,11.76,73.33,94.08,19.87,0,,0,,0,0.0,0.0,0.0,,,1.18,,2.61,0.0,0.0,0.0,0.0,0,0
E. Souris,Evangelo Souris,-562167,St. George Saints ,St. George Saints ,https://cdn5.wyscout.com/photos/team/public/g20232_120x120.png,New South Wales NPL,"LCMF, RDMF, LDMF",LCMF,44,RDMF,20,LDMF,13,22.0,2003-11-17,0,,16,1377,0,0.56,1,0.32,14.58,52.91,Australia,['Australia'],unknown,0,0,False,7.78,7.06,62.96,1.83,53.57,0.52,0.68,0.2,2.81,3.63,1.63,4,0.26,1,0.07,0.85,0.0,0,0.0,0.04,0,0.0,10,0.65,40.0,0.0,0.07,0.33,40.0,0.26,50.0,0.07,0.0,0.07,0.59,77.78,3.99,37.7,0.2,0.72,0.0,37.52,0.26,1.18,51.44,83.99,16.99,66.15,9.08,94.96,46.27,88.56,4.9,44.0,17.39,37.09,0.02,0.46,0.07,0.0,0.0,0.0,0.33,7.58,62.93,1.31,25.0,0.65,60.0,0.39,0.07,7.12,65.14,93.09,16.08,0,,0,,0,0.0,0.0,0.0,,,0.26,,1.83,0.0,0.0,0.0,0.0,0,0
J. Hong,Joshua Hong,-408508,Sydney Olympic,Sydney Olympic,https://cdn5.wyscout.com/photos/team/public/g150_120x120.png,New South Wales NPL,"RCB, LDMF, LCMF",RCB,35,LDMF,27,LCMF,14,24.0,2002-01-14,0,,15,1376,0,0.34,0,0.01,12.1,59.46,Australia,['Australia'],unknown,0,0,False,8.5,6.21,69.47,1.31,45.0,0.26,0.30000000000000004,0.92,3.92,4.52,0.59,4,0.26,0,0.0,0.39,0.0,0,0.0,0.02,0,0.0,4,0.26,0.0,0.0,0.0,0.2,0.0,0.2,0.0,0.0,0.0,0.0,0.33,80.0,3.01,52.17,0.39,0.59,0.0,35.39,0.2,1.11,48.79,80.7,21.72,70.18,5.89,95.56,41.47,87.07,7.19,45.45,20.17,38.21,0.0,0.2,0.0,0.0,0.13,100.0,0.0,7.65,58.97,0.98,26.67,0.72,36.36,0.13,0.0,9.88,60.26,90.16,15.96,0,,0,,0,0.0,0.0,0.0,,,1.7000000000000002,,1.31,0.0,0.0,0.0,0.0,0,0
L. Mcgrath,Lachlan Mcgrath,-191947,SD Raiders,SD Raiders,https://cdn5.wyscout.com/photos/team/public/g36030_120x120.png,New South Wales NPL,"LCB, CB",LCB,50,CB,35,,0,26.0,2000-04-12,0,,14,1370,0,0.21,0,0.15,14.32,64.22,Australia,['Australia'],,0,0,False,9.46,5.98,74.73,3.88,50.85,0.2,0.25,0.39,4.8,6.08,0.46,0,0.0,0,0.0,0.33,0.0,0,0.0,0.01,0,0.0,3,0.2,0.0,0.0,0.0,0.07,0.0,0.07,0.0,0.0,0.0,0.0,0.33,100.0,2.43,54.05,0.26,0.92,0.2,35.41,0.46,0.66,53.15,87.64,21.15,73.91,3.88,91.53,46.84,92.57,6.24,51.58,21.2,39.48,0.01,0.13,0.0,0.0,0.0,0.0,0.0,4.66,57.75,0.59,22.22,0.2,33.33,0.13,0.0,8.74,62.41,98.09,24.11,0,,0,,0,0.0,0.0,0.0,,,2.04,,3.88,0.0,0.0,0.0,0.0,0,0
Q. Blair,Quinten Blair,-170000,Marconi Stallions,Marconi Stallions,https://cdn5.wyscout.com/photos/team/public/g146_120x120.png,New South Wales NPL,"RCMF, LDMF",RCMF,67,LDMF,14,,0,23.0,2003-01-01,0,,14,1362,0,0.5700000000000001,0,0.33,13.88,60.48,United States,['United States'],,183,0,False,9.32,6.87,74.04,1.92,51.72,0.4,0.54,0.07,3.83,5.23,0.73,1,0.07,0,0.0,1.06,0.0,0,0.0,0.04,0,0.0,9,0.59,11.11,0.0,0.0,0.26,50.0,0.07,0.0,0.13,50.0,0.07,1.19,66.67,3.5,47.17,0.93,0.53,0.07,14.87,0.33,0.4,27.69,77.57,9.45,59.44,4.03,93.44,24.98,80.16,2.44,54.05,18.9,38.31,0.02,0.4,0.07,0.0,0.07,100.0,0.07,5.8100000000000005,65.91,0.93,50.0,0.26,50.0,0.53,0.13,4.5600000000000005,79.71,88.08,9.98,0,,0,,0,0.0,0.0,0.0,,,0.4,,1.92,0.07,0.0,0.0,0.0,0,0
A. Mostofi,Aiden Mostofi,-195808,NWS Spirit,NWS Spirit,https://cdn5.wyscout.com/photos/team/public/g-16418_120x120.png,New South Wales NPL,LB,LB,100,,0,,0,22.0,2004-02-14,0,,15,1361,2,0.55,1,1.43,24.14,55.89,Australia,['Australia'],,0,0,False,10.51,8.86,73.13,3.44,53.85,0.6000000000000001,0.76,0.07,3.44,4.42,1.79,2,0.13,1,0.07,2.51,0.13,2,0.13,0.04,0,0.0,9,0.6000000000000001,44.44,22.222,0.07,2.31,22.86,2.31,22.86,0.0,0.0,0.33,2.38,72.22,8.73,41.67,1.52,2.38,0.07,23.34,1.85,0.86,35.38,78.88,10.71,64.2,9.39,97.18,30.75,85.16,2.31,51.43,16.8,28.4,0.09,0.6000000000000001,0.0,0.0,0.0,0.0,0.26,2.31,60.0,1.92,34.48,0.0,0.0,0.46,0.79,4.76,54.17,76.98,8.33,0,,0,,0,0.0,0.0,0.0,,,0.79,,3.44,0.07,0.0,0.0,0.26,0,0
D. Burgess,Darcy Burgess,-186190,Manly United,Manly United,https://cdn5.wyscout.com/photos/team/public/g10491_120x120.png,New South Wales NPL,"AMF, CF",AMF,64,CF,20,,0,27.0,1998-06-14,0,,15,1356,2,1.29,2,2.14,23.83,44.85,Australia,['Australia'],,0,0,False,7.37,6.7,63.37,3.7800000000000002,33.33,0.2,0.26,0.13,2.92,3.79,1.06,0,0.0,0,0.0,1.6600000000000001,0.13,2,0.13,0.09,0,0.0,23,1.53,17.39,8.696,0.13,1.19,44.44,0.53,37.5,0.66,50.0,0.07,1.53,47.83,9.96,42.0,2.06,2.12,0.13,25.42,1.06,1.8599999999999999,39.76,78.63,14.0,66.82,8.56,96.9,36.9,80.58,1.73,61.54,15.69,23.76,0.14,1.33,0.0,0.07,0.27,50.0,0.46,5.51,57.83,1.8599999999999999,46.43,0.4,50.0,0.6000000000000001,0.46,6.24,63.83,79.39,8.69,0,,0,,0,0.0,0.0,0.0,,,0.0,,3.7800000000000002,1.26,0.33,20.0,2.52,0,0
J. Middleton,Jared Middleton,-364966,Sydney FC II,Sydney FC II,https://cdn5.wyscout.com/photos/team/public/g-12408_120x120.png,New South Wales NPL,"LCB3, LCB, LB",LCB3,59,LCB,21,LB,14,20.0,2006-02-22,0,2027-06-30,14,1355,0,1.02,0,0.24,14.41,63.13,Australia,['Australia'],unknown,0,0,False,11.42,7.77,73.5,3.25,57.14,0.13,0.16,0.66,5.58,6.68,1.06,2,0.13,0,0.0,0.27,0.0,0,0.0,0.07,0,0.0,9,0.6000000000000001,22.22,0.0,0.0,0.53,12.5,0.53,12.5,0.0,0.0,0.07,0.13,50.0,1.46,45.45,1.13,0.46,0.0,23.98,0.4,0.53,37.79,84.18,17.8,77.24,3.79,96.49,33.81,88.41,3.45,53.85,17.97,37.22,0.02,0.27,0.0,0.0,0.07,0.0,0.07,3.85,74.14,0.73,54.55,0.27,50.0,0.27,0.07,7.64,64.35,91.82,10.56,0,,0,,0,0.0,0.0,0.0,,,0.73,,3.25,0.0,0.0,0.0,0.0,0,0
A. O'Driscoll,Aaron O'Driscoll,441247,Manly United,Manly United,https://cdn5.wyscout.com/photos/team/public/g10491_120x120.png,New South Wales NPL,RCB,RCB,92,,0,,0,27.0,1999-04-04,0,,14,1352,0,0.78,0,0.92,13.05,64.29,Republic of Ireland,['Republic of Ireland'],right,188,81,False,7.92,4.33,75.38,5.39,64.2,0.47000000000000003,0.59,0.6000000000000001,4.19,5.34,0.73,5,0.33,0,0.0,0.2,0.0,0,0.0,0.05,0,0.0,6,0.4,33.33,0.0,0.0,0.0,0.0,0.0,0.0,0.0,0.0,0.0,0.13,50.0,1.26,63.16,0.67,1.0,0.07,33.28,0.07,0.33,49.93,85.87,22.77,74.27,2.26,94.12,39.94,93.17,9.99,56.67,22.73,40.39,0.06,0.27,0.0,0.0,0.0,0.0,0.13,6.99,59.05,0.53,37.5,0.47000000000000003,28.57,0.2,0.0,9.52,68.53,97.87,21.83,0,,0,,0,0.0,0.0,0.0,,,1.33,,5.39,0.07,0.0,0.0,0.0,0,0
J. Orlovic,Josip Orlovic,-251568,Sydney Olympic,Sydney Olympic,https://cdn5.wyscout.com/photos/team/public/g150_120x120.png,New South Wales NPL,GK,GK,100,,0,,0,21.0,2004-11-26,0,,14,1351,0,0.0,0,0.0,1.13,94.12,Australia,['Australia'],,0,0,False,1.9300000000000002,0.13,100.0,0.8,91.67,0.0,0.0,0.0,1.8,2.11,0.07,0,0.0,1,0.07,0.0,0.0,0,0.0,0.0,0,0.0,0,0.0,0.0,0.0,0.0,0.0,0.0,0.0,0.0,0.0,0.0,0.0,0.0,0.0,0.07,100.0,0.0,0.0,0.0,11.39,0.07,0.2,22.18,88.29,10.59,79.87,0.0,0.0,17.72,96.24,4.4,57.58,25.61,45.84,0.0,0.0,0.0,0.0,0.0,0.0,0.0,0.47000000000000003,14.29,0.0,0.0,0.0,0.0,0.0,0.0,3.33,52.0,97.22,9.59,32,2.13,77,5.13,0,58.44,24.67,1.6400000000000001,-7.33,-0.488,0.0,2.13,0.8,,,,0.0,0,0
S. Duarte,Sebastian Duarte,-678581,Wollongong Wolves,Wollongong Wolves,https://cdn5.wyscout.com/photos/team/public/g155_120x120.png,New South Wales NPL,LB,LB,100,,0,,0,,,0,,15,1347,0,0.49,0,0.81,20.11,51.16,,[],,0,0,False,9.35,7.82,59.83,2.81,42.86,0.87,1.06,0.67,3.81,4.65,1.2,3,0.2,0,0.0,2.07,0.0,0,0.0,0.03,0,0.0,5,0.33,40.0,0.0,0.0,1.87,32.14,1.8,33.33,0.07,0.0,0.2,1.87,67.86,6.88,48.54,0.67,0.9400000000000001,0.07,25.39,0.9400000000000001,1.94,34.01,78.39,15.23,67.98,6.08,94.51,28.2,87.68,4.01,33.33,19.58,38.5,0.05,0.53,0.0,0.0,0.07,100.0,0.47000000000000003,3.94,57.63,1.74,46.15,0.6000000000000001,33.33,0.53,0.67,7.08,63.21,82.88,7.42,0,,0,,0,0.0,0.0,0.0,,,1.1400000000000001,,2.81,0.27,0.0,0.0,0.4,0,0
R. Kobayashi,Riku Kobayashi,-159950,NWS Spirit,NWS Spirit,https://cdn5.wyscout.com/photos/team/public/g-16418_120x120.png,New South Wales NPL,"RW, CF, RAMF",RW,36,CF,36,RAMF,10,24.0,2001-08-02,0,,16,1341,4,4.14,0,0.75,13.96,51.44,Japan,['Japan'],,172,0,False,4.63,4.43,72.73,1.1400000000000001,0.0,0.13,0.17,0.0,1.28,1.65,0.6000000000000001,0,0.0,0,0.0,2.75,0.27,4,0.27,0.28,2,0.13,17,1.1400000000000001,64.71,23.529,0.0,2.01,40.0,0.07,100.0,1.9500000000000002,37.93,0.34,2.21,54.55,6.31,48.94,2.68,1.4100000000000001,0.34,17.18,1.6099999999999999,2.2800000000000002,20.87,75.24,6.85,68.63,5.3,89.87,17.45,81.54,1.6800000000000002,52.0,19.49,34.17,0.05,0.47000000000000003,0.07,0.0,0.07,0.0,0.27,2.89,58.14,1.48,50.0,0.07,0.0,0.47000000000000003,0.6000000000000001,3.09,69.57,73.53,4.5600000000000005,0,,0,,0,0.0,0.0,0.0,,,0.07,,1.1400000000000001,0.0,0.0,0.0,0.2,0,0
L. Kaye,Levi Kaye,-186194,Rockdale Ilinden,Rockdale Ilinden,https://cdn5.wyscout.com/photos/team/public/g14576_120x120.png,New South Wales NPL,GK,GK,100,,0,,0,25.0,2001-03-10,0,,14,1339,0,0.0,0,0.0,0.27,100.0,Australia,['Australia'],right,0,0,False,1.75,0.0,0.0,0.0,0.0,0.0,0.0,0.0,1.75,2.6,0.0,0,0.0,0,0.0,0.0,0.0,0,0.0,0.0,0,0.0,0,0.0,0.0,0.0,0.0,0.0,0.0,0.0,0.0,0.0,0.0,0.0,0.0,0.0,0.13,100.0,0.0,0.0,0.0,14.38,0.07,0.27,24.13,89.14,9.48,74.47,0.0,0.0,19.02,97.88,5.11,56.58,24.5,47.06,0.0,0.0,0.0,0.0,0.0,0.0,0.0,1.34,40.0,0.2,0.0,0.0,0.0,0.0,0.0,3.29,69.39,98.34,12.17,22,1.48,69,4.64,3,68.12,22.71,1.53,0.71,0.048,0.0,1.28,0.0,,,,0.0,0,0
B. Rule,Bailey Rule,-408183,Sydney United,Sydney United,https://cdn5.wyscout.com/photos/team/public/g154_120x120.png,New South Wales NPL,RB,RB,100,,0,,0,25.0,2000-08-30,0,,14,1333,0,0.71,2,0.85,17.69,56.87,Australia,['Australia'],unknown,0,0,False,11.88,9.86,66.44,2.09,45.16,0.54,0.6900000000000001,0.34,4.79,6.12,0.81,2,0.14,1,0.07,1.49,0.0,0,0.0,0.05,0,0.0,10,0.68,30.0,0.0,0.14,1.55,30.43,0.0,0.0,1.55,30.43,0.07,1.28,63.16,4.19,43.55,1.15,1.42,0.07,29.3,1.62,0.68,43.01,80.53,17.35,68.87,6.95,95.15,36.8,86.79,4.73,48.57,18.99,36.21,0.06,0.74,0.0,0.07,0.07,0.0,0.47000000000000003,6.95,64.08,2.84,52.38,0.34,20.0,0.88,0.47000000000000003,9.45,74.29,92.18,12.09,0,,0,,0,0.0,0.0,0.0,,,0.14,,2.09,0.0,0.0,0.0,0.0,0,0
T. Major,Travis Paul Major,393666,Blacktown City,Blacktown City,https://cdn5.wyscout.com/photos/team/public/g10489_120x120.png,New South Wales NPL,"CF, LAMF, LWF",CF,25,LAMF,18,LWF,16,36.0,1990-02-18,0,,14,1327,5,3.75,2,1.5899999999999999,20.21,47.99,Australia,['Australia'],,183,77,False,4.27,3.26,68.75,8.61,57.48,0.07,0.09,0.27,1.97,2.61,0.81,2,0.14,0,0.0,2.85,0.34,4,0.27,0.25,1,0.07,20,1.3599999999999999,70.0,25.0,0.14,2.37,45.71,0.9500000000000001,50.0,1.29,42.11,0.14,1.3599999999999999,55.0,4.82,28.17,3.05,0.81,0.0,20.69,3.19,0.61,29.43,74.65,8.41,66.13,7.66,92.92,24.21,81.23,2.85,42.86,18.41,33.37,0.11,0.54,0.0,0.0,0.07,100.0,0.47000000000000003,3.8,53.57,2.51,64.86,0.2,66.67,0.9500000000000001,1.02,5.15,73.68,73.33,8.14,0,,0,,0,0.0,0.0,0.0,,,0.54,,8.61,0.07,0.07,0.0,0.07,1,100
G. Speranza,Giorgio Speranza,456558,Rockdale Ilinden,Rockdale Ilinden,https://cdn5.wyscout.com/photos/team/public/g14576_120x120.png,New South Wales NPL,LB,LB,100,,0,,0,35.0,1991-05-13,0,,14,1316,3,0.98,0,0.35000000000000003,12.52,57.38,Australia,['Australia'],,0,0,False,8.55,5.88,73.26,1.6400000000000001,58.33,0.0,0.0,0.14,4.24,6.33,0.62,2,0.14,0,0.0,1.98,0.21,3,0.21,0.07,0,0.0,18,1.23,55.56,16.667,0.0,2.5300000000000002,29.73,2.5300000000000002,29.73,0.0,0.0,0.41000000000000003,0.8200000000000001,66.67,3.01,40.91,1.37,0.96,0.07,31.25,0.75,0.89,41.65,76.19,18.94,69.31,7.45,97.25,35.63,82.92,3.62,39.62,16.66,38.72,0.02,0.48,0.0,0.0,0.0,0.0,0.21,6.77,61.62,3.15,39.13,0.41000000000000003,16.67,0.55,0.68,7.73,75.22,66.97,7.45,0,,0,,0,0.0,0.0,0.0,,,0.27,,1.6400000000000001,0.14,0.0,0.0,0.0,0,0
Isaac Danzo,Isaac James Danzo Corbacho,-40675,Rockdale Ilinden,Rockdale Ilinden,https://cdn5.wyscout.com/photos/team/public/g14576_120x120.png,New South Wales NPL,"LDMF, DMF, RDMF",LDMF,48,DMF,36,RDMF,14,26.0,2000-03-28,0,,14,1311,0,0.09,1,0.66,7.35,55.14,Australia,"['Australia', 'Spain']",right,180,60,False,5.49,4.32,66.67,0.6900000000000001,40.0,0.0,0.0,0.14,2.61,3.89,0.76,0,0.0,0,0.0,0.21,0.0,0,0.0,0.01,0,0.0,4,0.27,0.0,0.0,0.07,0.41000000000000003,33.33,0.27,25.0,0.14,50.0,0.0,0.14,50.0,1.37,30.0,0.48,0.55,0.0,44.97,0.14,0.27,59.38,87.17,21.97,77.5,7.89,98.26,54.51,90.81,4.53,46.97,16.63,30.81,0.05,0.6900000000000001,0.0,0.0,0.0,0.0,0.41000000000000003,10.98,75.63,1.85,59.26,0.41000000000000003,50.0,1.17,0.14,9.54,75.54,93.45,18.88,0,,0,,0,0.0,0.0,0.0,,,1.17,,0.6900000000000001,0.0,0.0,0.0,0.0,0,0
K. Yamamura,Kazuya Yamamura,111401,Wollongong Wolves,Wollongong Wolves,https://cdn5.wyscout.com/photos/team/public/g155_120x120.png,New South Wales NPL,"LCMF, CF, RCMF",LCMF,36,CF,21,RCMF,17,36.0,1989-12-02,150000,,14,1309,3,2.73,1,0.38,11.07,49.69,Japan,['Japan'],right,186,80,False,4.95,3.64,60.38,1.99,65.52,0.21,0.26,0.14,2.54,3.18,0.76,1,0.07,0,0.0,1.31,0.21,2,0.14,0.19,0,0.0,19,1.31,52.63,15.789,0.07,0.62,22.22,0.55,25.0,0.07,0.0,0.0,1.17,41.18,3.99,36.21,1.24,1.1,0.0,28.88,1.03,0.34,42.63,82.58,20.49,73.15,3.85,96.43,35.61,89.19,6.39,51.61,18.66,36.35,0.03,0.41000000000000003,0.0,0.0,0.07,0.0,0.14,6.53,61.05,1.99,37.93,0.8300000000000001,25.0,0.76,0.14,8.66,82.54,92.59,12.99,0,,0,,0,0.0,0.0,0.0,,,0.55,,1.99,0.6900000000000001,0.48,28.57,0.0,1,100
M. Fernandez,Marcus Fernandez,-562359,Sydney Olympic,Sydney Olympic,https://cdn5.wyscout.com/photos/team/public/g150_120x120.png,New South Wales NPL,"RCMF, RDMF, DMF",RCMF,34,RDMF,34,DMF,11,20.0,2006-03-06,0,,15,1308,1,0.48,0,1.0,20.44,42.76,Australia,['Australia'],unknown,0,0,False,8.88,8.74,53.54,2.2,43.75,0.76,0.87,0.07,3.44,3.9699999999999998,1.44,4,0.28,0,0.0,1.24,0.07,1,0.07,0.03,0,0.0,8,0.55,25.0,12.5,0.0,2.0,27.59,0.8300000000000001,41.67,1.17,17.65,0.34,1.24,38.89,7.29,32.08,0.8300000000000001,0.89,0.14,28.14,0.41000000000000003,0.76,44.11,75.82,14.11,57.07,9.56,97.12,36.95,83.05,5.23,43.42,19.59,38.32,0.07,0.96,0.07,0.0,0.14,50.0,0.28,7.02,57.84,2.75,47.5,0.41000000000000003,33.33,0.96,0.48,7.84,65.79,82.5,13.76,0,,0,,0,0.0,0.0,0.0,,,0.28,,2.2,1.38,0.14,50.0,1.24,0,0
B. Marszal,Bradley Marszal,-772255,Western Sydney W. U21,Western Sydney W. U21,https://cdn5.wyscout.com/photos/team/public/g23047_120x120.png,New South Wales NPL,RB,RB,90,,0,,0,,,0,,15,1308,0,0.06,0,0.15,17.55,54.12,Australia,['Australia'],,0,0,False,9.56,8.6,58.4,2.96,48.84,0.6900000000000001,0.76,0.0,3.85,4.23,1.58,1,0.07,0,0.0,0.76,0.0,0,0.0,0.0,0,0.0,6,0.41000000000000003,0.0,0.0,0.0,0.62,33.33,0.0,0.0,0.62,33.33,0.0,0.96,57.14,3.85,46.43,0.28,1.58,0.07,30.0,1.44,0.96,40.39,77.68,18.1,60.84,6.61,98.96,34.68,85.32,5.23,30.26,20.29,44.76,0.01,0.21,0.0,0.07,0.07,0.0,0.07,8.12,54.24,1.8599999999999999,44.44,0.76,18.18,0.6900000000000001,0.34,9.63,70.0,88.46,10.73,0,,0,,0,0.0,0.0,0.0,,,0.89,,2.96,0.0,0.0,0.0,0.0,0,0
N. Grimaldi,Nathan Grimaldi,-195804,Blacktown City,Blacktown City,https://cdn5.wyscout.com/photos/team/public/g10489_120x120.png,New South Wales NPL,"LCB, RB",LCB,68,RB,26,,0,24.0,2001-09-15,0,2026-06-30,15,1307,1,0.75,0,0.39,16.53,58.75,Australia,['Australia'],right,191,0,False,12.46,7.78,69.91,4.27,48.39,0.6900000000000001,0.91,0.55,6.34,8.41,0.62,2,0.14,0,0.0,1.1,0.07,1,0.07,0.05,1,0.07,8,0.55,37.5,12.5,0.0,1.38,50.0,0.28,0.0,1.1,62.5,0.21,0.34,60.0,2.55,48.65,1.24,1.1,0.28,34.84,0.9,1.17,51.92,78.78,22.52,64.22,3.79,89.09,40.28,87.86,10.26,46.98,23.21,41.35,0.03,0.41000000000000003,0.0,0.07,0.0,0.0,0.34,10.33,55.33,2.27,30.3,0.6900000000000001,20.0,0.21,0.6900000000000001,11.78,70.18,91.0,20.66,0,,0,,0,0.0,0.0,0.0,,,1.17,,4.27,0.0,0.0,0.0,0.0,0,0
L. Scott,Lachlan Scott,457779,Wollongong Wolves,Wollongong Wolves,https://cdn5.wyscout.com/photos/team/public/g155_120x120.png,New South Wales NPL,CF,CF,100,,0,,0,29.0,1997-04-15,0,,15,1294,4,5.51,3,1.1,31.72,34.65,Australia,['Australia'],right,180,70,False,4.38,5.22,50.67,5.01,40.28,0.14,0.17,0.14,1.6,2.01,2.43,3,0.21,0,0.0,2.43,0.28,4,0.28,0.38,3,0.21,26,1.81,57.69,15.385,0.21,0.56,50.0,0.21,33.33,0.28,75.0,0.07,2.71,41.03,17.46,29.08,3.83,0.56,0.0,17.6,2.71,2.09,27.75,69.17,7.65,43.64,6.47,82.8,25.18,70.17,2.09,63.33,16.65,33.8,0.08,0.8300000000000001,0.21,0.0,0.14,0.0,0.35000000000000003,3.69,56.6,2.02,41.38,0.42,16.67,0.9,0.21,2.7800000000000002,77.5,80.83,8.35,0,,0,,0,0.0,0.0,0.0,,,0.07,,5.01,0.0,0.0,0.0,0.14,0,0
S. Yoshida,Shoki Yoshida,-461763,NWS Spirit,NWS Spirit,https://cdn5.wyscout.com/photos/team/public/g-16418_120x120.png,New South Wales NPL,"LW, LAMF",LW,78,LAMF,14,,0,,,0,,15,1294,4,2.85,1,1.8399999999999999,20.87,45.0,Japan,['Japan'],unknown,171,0,False,6.4,5.08,60.27,2.3,30.3,0.28,0.36,0.0,3.06,3.91,0.8300000000000001,0,0.0,0,0.0,3.76,0.28,4,0.28,0.2,0,0.0,35,2.43,40.0,11.429,0.07,1.88,25.93,1.74,28.0,0.14,0.0,0.35000000000000003,4.24,54.1,10.57,42.11,2.99,2.36,0.14,19.96,2.36,1.74,26.92,72.09,9.95,63.64,5.7,91.46,23.93,77.33,1.18,35.29,15.14,30.2,0.13,1.04,0.0,0.0,0.0,0.0,0.42,2.7800000000000002,57.5,2.16,38.71,0.21,0.0,0.9,0.7000000000000001,4.31,61.29,61.33,5.22,0,,0,,0,0.0,0.0,0.0,,,0.0,,2.3,0.49,0.07,0.0,2.43,0,0
C. Fong,Cameron Fong,-186195,APIA Leichhardt Tigers,APIA Leichhardt Tigers,https://cdn5.wyscout.com/photos/team/public/g10487_120x120.png,New South Wales NPL,RB,RB,95,,0,,0,24.0,2002-02-02,0,,14,1292,1,0.30000000000000004,0,0.31,14.84,60.09,Australia,['Australia'],,0,0,False,9.2,7.38,73.58,2.65,44.74,0.21,0.29,0.07,3.55,4.92,0.77,2,0.14,0,0.0,1.6,0.07,1,0.07,0.02,0,0.0,6,0.42,50.0,16.667,0.0,1.53,31.82,0.0,0.0,1.53,31.82,0.21,1.3900000000000001,65.0,3.34,45.83,0.98,1.04,0.21,26.75,1.25,0.49,37.62,75.93,15.26,67.12,7.11,91.18,32.88,82.42,3.34,29.17,17.77,41.05,0.02,0.35000000000000003,0.0,0.14,0.14,0.0,0.07,6.2,59.55,1.67,33.33,0.63,11.11,0.35000000000000003,0.49,7.24,65.38,78.45,8.08,0,,0,,0,0.0,0.0,0.0,,,0.98,,2.65,0.0,0.0,0.0,0.0,0,0
M. Wells,Mason Benco Wells,-327413,Sydney United,Sydney United,https://cdn5.wyscout.com/photos/team/public/g154_120x120.png,New South Wales NPL,"LW, RW, RAMF",LW,40,RW,31,RAMF,13,22.0,2003-10-17,0,,15,1292,3,2.64,6,2.33,25.08,44.44,Australia,['Australia'],right,180,0,False,8.22,6.83,69.39,3.83,29.09,0.21,0.27,0.0,3.27,4.16,0.7000000000000001,1,0.07,0,0.0,4.8100000000000005,0.21,3,0.21,0.18,0,0.0,31,2.16,51.61,9.677,0.42,2.58,29.73,0.98,21.43,1.6,34.78,0.42,6.34,46.15,12.82,35.87,2.93,1.53,0.35000000000000003,18.6,2.86,1.04,28.49,71.39,7.38,53.77,7.17,92.23,22.92,79.94,3.13,42.22,18.51,36.43,0.16,1.74,0.07,0.07,0.21,0.0,0.56,3.55,62.75,2.7199999999999998,43.59,0.28,25.0,0.91,0.7000000000000001,4.6,75.76,70.73,8.57,0,,0,,0,0.0,0.0,0.0,,,0.0,,3.83,0.14,0.14,100.0,2.44,0,0
M. Glassock,Michael Glassock,522777,Sydney United,Sydney United,https://cdn5.wyscout.com/photos/team/public/g154_120x120.png,New South Wales NPL,"RCB, LCB",RCB,49,LCB,39,,0,26.0,1999-11-04,0,,15,1279,1,0.55,0,0.0,9.78,63.31,Australia,['Australia'],right,191,0,False,7.18,4.5,68.75,2.81,67.5,0.0,0.0,0.49,4.08,5.21,0.7000000000000001,1,0.07,0,0.0,0.21,0.07,1,0.07,0.04,0,0.0,3,0.21,66.67,33.333,0.0,0.0,0.0,0.0,0.0,0.0,0.0,0.0,0.21,33.33,1.13,43.75,0.21,1.2,0.07,38.98,0.42,0.63,56.08,88.46,21.88,77.49,3.03,93.02,50.1,92.84,5.98,51.76,21.71,37.61,0.0,0.14,0.0,0.0,0.0,0.0,0.0,8.66,77.24,0.63,0.0,0.56,12.5,0.14,0.0,10.56,70.0,96.65,27.3,0,,0,,0,0.0,0.0,0.0,,,1.97,,2.81,0.0,0.0,0.0,0.0,0,0
M. Najjar,Moudi Najjar,522721,Rockdale Ilinden,Rockdale Ilinden,https://cdn5.wyscout.com/photos/team/public/g14576_120x120.png,New South Wales NPL,CF,CF,90,,0,,0,25.0,2000-06-20,0,,14,1277,7,6.23,2,0.99,21.14,37.0,Australia,"['Australia', 'Syria']",left,182,72,False,5.22,5.0,53.52,5.14,32.88,0.35000000000000003,0.53,0.28,2.18,3.26,1.48,1,0.07,0,0.0,2.8200000000000003,0.49,7,0.49,0.44,0,0.0,43,3.03,48.84,16.279,0.14,0.63,33.33,0.35000000000000003,20.0,0.28,50.0,0.14,2.26,46.88,7.96,33.63,4.02,1.06,0.14,9.94,2.33,0.99,13.04,71.89,2.8200000000000003,60.0,5.0,97.18,11.91,75.74,0.49,28.57,14.01,10.74,0.07,0.99,0.14,0.0,0.07,100.0,0.49,0.92,69.23,0.99,64.29,0.07,100.0,0.63,0.14,1.34,73.68,63.64,2.33,0,,0,,0,0.0,0.0,0.0,,,0.07,,5.14,0.85,0.14,100.0,1.9,0,0
G. Cornwell,Grant Cornwell,-351921,NWS Spirit,NWS Spirit,https://cdn5.wyscout.com/photos/team/public/g-16418_120x120.png,New South Wales NPL,"RB, RCB",RB,62,RCB,37,,0,35.0,1991-01-30,0,,14,1276,0,0.54,0,0.24,15.52,51.36,Australia,['Australia'],unknown,0,0,False,9.59,6.7,61.05,2.26,46.88,0.28,0.37,0.28,5.22,6.77,0.78,2,0.14,0,0.0,1.13,0.0,0,0.0,0.04,0,0.0,5,0.35000000000000003,60.0,0.0,0.0,0.92,7.69,0.21,0.0,0.71,10.0,0.14,1.06,80.0,3.95,46.43,0.99,1.62,0.21,27.37,0.28,1.06,44.79,77.48,23.21,68.39,2.61,89.19,36.04,85.71,7.9,47.32,21.78,37.25,0.02,0.28,0.0,0.0,0.0,0.0,0.07,7.83,56.76,1.55,22.73,0.35000000000000003,20.0,0.56,0.07,10.72,65.13,89.45,15.38,0,,0,,0,0.0,0.0,0.0,,,0.63,,2.26,0.0,0.0,0.0,0.0,0,0
Y. Fujita,Yuto Fujita,-322803,Sydney Olympic,Sydney Olympic,https://cdn5.wyscout.com/photos/team/public/g150_120x120.png,New South Wales NPL,"LW, LAMF, CF",LW,40,LAMF,38,CF,15,26.0,1999-08-23,0,,15,1274,4,5.62,2,1.6099999999999999,19.57,49.46,Japan,['Japan'],right,170,68,False,3.18,3.5300000000000002,66.0,0.42,83.33,0.0,0.0,0.0,0.85,0.98,0.42,0,0.0,0,0.0,5.79,0.28,4,0.28,0.4,0,0.0,28,1.98,46.43,14.286,0.14,3.32,27.66,2.68,26.32,0.42,33.33,0.28,6.57,60.22,14.55,44.17,2.54,4.87,0.64,21.12,3.18,1.8399999999999999,29.67,79.05,6.71,71.58,11.16,92.41,25.15,87.36,1.55,50.0,17.45,34.25,0.11,0.99,0.0,0.0,0.14,0.0,0.42,2.76,74.36,3.18,37.78,0.35000000000000003,60.0,0.85,0.85,4.8,70.59,70.1,6.85,0,,0,,0,0.0,0.0,0.0,,,0.14,,0.42,0.49,0.21,33.33,2.4,2,0
F. Monge,Fabian Monge,522700,APIA Leichhardt Tigers,APIA Leichhardt Tigers,https://cdn5.wyscout.com/photos/team/public/g10487_120x120.png,New South Wales NPL,"LCMF, LDMF, RDMF",LCMF,33,LDMF,23,RDMF,21,24.0,2001-06-12,200000,,15,1270,1,0.67,0,0.87,14.31,56.44,Australia,['Australia'],,175,65,False,10.84,8.72,75.61,1.28,33.33,0.14,0.19,0.14,4.11,5.63,0.64,1,0.07,0,0.0,0.43,0.07,1,0.07,0.05,0,0.0,5,0.35000000000000003,40.0,20.0,0.0,0.35000000000000003,40.0,0.07,100.0,0.28,25.0,0.0,0.5,28.57,3.05,11.63,0.85,0.28,0.07,36.21,0.64,0.21,50.6,85.01,17.86,72.22,8.5,95.83,48.76,87.21,1.49,23.81,15.43,23.38,0.06,0.85,0.21,0.07,0.07,0.0,0.21,8.08,73.68,1.9100000000000001,37.04,0.21,0.0,0.92,0.14,6.52,76.09,92.2,15.45,0,,0,,0,0.0,0.0,0.0,,,0.71,,1.28,0.0,0.0,0.0,0.07,0,0
A. Pavlesic,Adam Pavlesic,-152509,Sydney United,Sydney United,https://cdn5.wyscout.com/photos/team/public/g154_120x120.png,New South Wales NPL,GK,GK,100,,0,,0,23.0,2002-07-30,100000,2026-06-30,13,1268,0,0.0,0,0.0,0.64,88.89,Australia,"['Australia', 'Croatia']",right,189,87,False,1.92,0.0,0.0,0.64,88.89,0.0,0.0,0.0,1.92,2.5300000000000002,0.07,2,0.14,0,0.0,0.0,0.0,0,0.0,0.0,0,0.0,0,0.0,0.0,0.0,0.0,0.0,0.0,0.0,0.0,0.0,0.0,0.0,0.0,0.0,0.0,0.0,0.0,0.0,0.0,9.58,0.07,0.0,18.03,83.46,8.73,65.85,0.0,0.0,12.71,100.0,5.32,44.0,31.61,50.8,0.0,0.0,0.0,0.0,0.0,0.0,0.0,2.34,24.24,0.43,0.0,0.21,33.33,0.0,0.0,3.41,66.67,100.0,8.73,9,0.64,46,3.26,7,80.43,9.92,0.7000000000000001,0.92,0.065,0.0,2.48,0.64,,,,0.0,0,0
O. Morrison,Oscar Morrison,-554117,Western Sydney W. U21,Western Sydney W. U21,https://cdn5.wyscout.com/photos/team/public/g23047_120x120.png,New South Wales NPL,"LCMF, RCB, RCMF",LCMF,34,RCB,23,RCMF,19,18.0,2007-06-04,0,,13,1265,2,0.48,1,0.49,9.89,57.55,Australia,['Australia'],unknown,0,0,False,7.9,5.41,61.84,2.13,63.33,0.5,0.55,0.36,4.06,4.48,1.07,1,0.07,0,0.0,0.43,0.14,2,0.14,0.03,1,0.07,9,0.64,44.44,22.222,0.07,0.14,100.0,0.07,100.0,0.07,100.0,0.0,0.21,0.0,1.35,36.84,0.43,1.0,0.0,40.06,0.07,0.28,54.85,87.81,19.0,74.91,5.19,95.89,48.95,92.59,5.76,46.91,20.17,38.73,0.03,0.28,0.07,0.0,0.0,0.0,0.28,5.91,68.67,0.85,50.0,0.71,40.0,0.43,0.14,8.32,74.36,96.1,23.69,0,,0,,0,0.0,0.0,0.0,,,0.71,,2.13,0.14,0.07,0.0,0.0,0,0
J. Chipman,Jasper Chipman,-554475,Manly United,Manly United,https://cdn5.wyscout.com/photos/team/public/g10491_120x120.png,New South Wales NPL,"RDMF, LDMF, LCB",RDMF,30,LDMF,25,LCB,22,18.0,2007-06-18,0,,14,1260,0,0.59,0,0.54,17.07,57.32,Australia,['Australia'],unknown,0,0,False,11.64,9.0,69.84,3.43,50.0,0.29,0.37,0.5700000000000001,5.07,6.61,1.9300000000000002,3,0.21,1,0.07,0.86,0.0,0,0.0,0.04,0,0.0,8,0.5700000000000001,0.0,0.0,0.0,0.5700000000000001,50.0,0.14,50.0,0.43,50.0,0.07,0.93,61.54,2.43,41.18,0.64,0.93,0.07,32.79,0.5,0.36,52.5,82.59,22.21,72.03,5.79,92.59,46.43,87.38,5.57,44.87,18.66,35.43,0.04,0.64,0.0,0.0,0.0,0.0,0.21,6.79,67.37,1.57,45.45,0.0,0.0,0.64,0.43,9.07,62.99,93.68,18.07,0,,0,,0,0.0,0.0,0.0,,,0.71,,3.43,0.0,0.0,0.0,0.0,0,0
S. Kambayashi,Seiya Kambayashi,-244861,APIA Leichhardt Tigers,APIA Leichhardt Tigers,https://cdn5.wyscout.com/photos/team/public/g10487_120x120.png,New South Wales NPL,"LAMF, LW",LAMF,41,LW,37,,0,28.0,1998-02-11,0,,15,1253,0,1.8,5,4.26,13.07,45.6,Japan,['Japan'],,173,0,False,4.24,3.3,76.09,0.65,22.22,0.0,0.0,0.07,1.72,2.46,0.14,0,0.0,0,0.0,2.73,0.0,0,0.0,0.13,0,0.0,23,1.65,26.09,0.0,0.36,1.94,40.74,1.29,33.33,0.65,55.56,0.5,3.16,45.45,8.04,33.93,3.16,2.37,0.14,37.92,2.23,0.79,46.47,78.83,13.22,66.3,10.77,91.33,39.29,84.1,5.24,53.42,18.11,37.61,0.31,2.3,0.14,0.14,0.07,100.0,0.72,6.54,61.54,3.52,51.02,1.08,46.67,1.8,0.72,7.9,70.0,79.79,13.86,0,,0,,0,0.0,0.0,0.0,,,0.07,,0.65,0.72,0.07,0.0,2.8,0,0
J. Harb,Jyden Harb,-811640,UNSW,UNSW,https://cdn5.wyscout.com/photos/team/public/g33621_120x120.png,New South Wales NPL,"LW, LWF, LAMF",LW,33,LWF,21,LAMF,14,,,0,,14,1252,6,3.8,2,3.13,17.11,41.18,Australia,['Australia'],unknown,0,0,False,3.95,3.38,53.19,0.36,0.0,0.36,0.45,0.0,1.8,2.27,0.65,1,0.07,0,0.0,5.54,0.43,6,0.43,0.27,0,0.0,41,2.95,48.78,14.634,0.14,3.81,35.85,2.95,34.15,0.79,45.45,0.72,6.18,44.19,12.29,37.43,3.59,1.94,0.22,22.79,2.37,1.01,29.62,66.99,9.63,52.99,5.82,91.36,21.49,75.25,4.46,51.61,21.5,39.06,0.22,1.58,0.22,0.07,0.0,0.0,0.5,4.96,55.07,3.74,44.23,0.65,22.22,0.86,1.22,6.25,80.46,70.99,9.42,0,,0,,0,0.0,0.0,0.0,,,0.36,,0.36,2.08,0.36,40.0,2.88,0,0
M. Jesic,Marko Jesic,65439,Marconi Stallions,Marconi Stallions,https://cdn5.wyscout.com/photos/team/public/g146_120x120.png,New South Wales NPL,"CF, AMF",CF,80,AMF,19,,0,36.0,1989-08-07,0,,16,1250,6,5.27,1,1.72,15.48,38.14,Australia,"['Australia', 'Serbia']",,178,77,False,4.61,4.1,68.42,4.54,23.81,0.14,0.19,0.07,1.6600000000000001,2.24,1.08,1,0.07,0,0.0,1.8,0.43,5,0.36,0.38,1,0.07,32,2.3,46.88,18.75,0.07,0.9400000000000001,30.77,0.58,25.0,0.36,40.0,0.14,0.86,41.67,4.18,31.03,2.45,0.36,0.0,13.75,1.8,1.3,22.61,73.89,5.47,65.79,8.06,87.5,20.02,76.98,1.6600000000000001,60.87,15.54,28.74,0.12,0.9400000000000001,0.07,0.0,0.07,100.0,0.36,2.3,59.38,1.87,50.0,0.43,83.33,0.72,0.29,2.66,70.27,68.57,5.04,0,,0,,0,0.0,0.0,0.0,,,0.14,,4.54,0.43,0.43,50.0,0.0,2,50
C. De Oliveria,Carlos De Oliveria,-186116,Sydney United,Sydney United,https://cdn5.wyscout.com/photos/team/public/g154_120x120.png,New South Wales NPL,"LCMF, AMF, RCMF",LCMF,44,AMF,16,RCMF,15,25.0,2000-11-28,0,,13,1233,4,3.18,1,1.9,21.82,42.81,Australia,['Australia'],,0,0,False,8.25,7.45,52.94,2.48,32.35,0.29,0.39,0.15,4.01,5.32,2.19,4,0.29,0,0.0,2.55,0.29,4,0.29,0.23,0,0.0,49,3.58,30.61,8.163,0.07,1.09,33.33,0.58,25.0,0.44,50.0,0.15,1.97,44.44,9.34,36.72,2.41,1.46,0.15,30.51,0.9500000000000001,1.97,42.12,74.18,15.26,58.85,7.88,87.96,34.96,81.63,6.06,38.55,18.64,39.46,0.14,1.46,0.22,0.0,0.22,100.0,0.66,8.03,62.73,4.01,47.27,0.88,41.67,1.82,0.36,7.96,73.39,81.55,12.26,0,,0,,0,0.0,0.0,0.0,,,0.0,,2.48,0.51,0.22,33.33,0.36,0,0
T. Ofuka,Takumi Ofuka,-408822,Sutherland Sharks,Sutherland Sharks,https://cdn5.wyscout.com/photos/team/public/g10493_120x120.png,New South Wales NPL,"LW, LWF, LAMF",LW,39,LWF,24,LAMF,18,27.0,1999-04-30,0,,15,1231,0,1.58,1,1.6,14.33,43.37,Japan,['Japan'],unknown,0,0,False,4.53,4.17,59.65,1.46,20.0,0.44,0.62,0.0,1.6099999999999999,2.2800000000000002,0.73,0,0.0,0,0.0,2.05,0.0,0,0.0,0.12,0,0.0,16,1.17,25.0,0.0,0.07,0.73,20.0,0.51,28.57,0.22,0.0,0.15,3.22,50.0,7.09,45.36,1.97,0.8,0.15,14.84,1.54,1.9,20.62,80.14,5.63,71.43,7.09,95.88,18.28,86.0,1.6099999999999999,40.91,16.88,21.15,0.12,0.58,0.0,0.0,0.0,0.0,0.37,1.83,76.0,1.17,50.0,0.07,0.0,0.88,0.15,3.22,70.45,75.93,3.95,0,,0,,0,0.0,0.0,0.0,,,0.07,,1.46,0.0,0.0,0.0,0.0,0,0
L. Wood,Liam Wood,396189,UNSW,UNSW,https://cdn5.wyscout.com/photos/team/public/g33621_120x120.png,New South Wales NPL,"RCB3, RCB",RCB3,44,RCB,31,,0,28.0,1998-03-30,100000,,14,1230,0,0.07,0,0.0,13.17,58.89,New Zealand,['New Zealand'],,0,0,False,8.49,5.93,62.96,4.24,62.07,0.44,0.54,0.44,4.32,5.27,0.59,4,0.29,0,0.0,0.07,0.0,0,0.0,0.01,0,0.0,3,0.22,0.0,0.0,0.0,0.0,0.0,0.0,0.0,0.0,0.0,0.0,0.15,50.0,1.3900000000000001,36.84,0.37,0.37,0.0,33.37,0.15,0.9500000000000001,47.2,85.74,20.71,74.2,3.95,100.0,40.98,91.79,6.22,45.88,20.94,34.22,0.0,0.0,0.0,0.0,0.0,0.0,0.0,5.41,52.7,0.44,0.0,0.15,0.0,0.0,0.0,8.71,68.91,96.46,18.59,0,,0,,0,0.0,0.0,0.0,,,2.93,,4.24,0.0,0.0,0.0,0.0,0,0
L. Nieuwenhof,Luke Nieuwenhof,-407833,Manly United,Manly United,https://cdn5.wyscout.com/photos/team/public/g10491_120x120.png,New South Wales NPL,"RDMF, LDMF, LCMF",RDMF,36,LDMF,17,LCMF,10,22.0,2004-01-20,0,,14,1230,2,2.8,0,0.46,21.59,59.66,Australia,['Australia'],unknown,0,0,False,13.68,8.05,70.91,4.98,61.76,1.24,1.63,0.07,6.73,8.82,1.24,5,0.37,1,0.07,1.1,0.15,2,0.15,0.21,1,0.07,16,1.17,18.75,12.5,0.0,0.15,100.0,0.0,0.0,0.15,100.0,0.0,1.24,52.94,5.63,40.26,1.17,1.24,0.0,29.85,0.15,0.73,46.76,85.6,16.39,72.77,7.54,95.15,42.8,88.03,3.8,57.69,18.38,33.97,0.03,0.37,0.22,0.0,0.07,100.0,0.15,4.98,69.12,0.29,75.0,0.15,50.0,0.29,0.15,6.8,67.74,93.22,17.27,0,,0,,0,0.0,0.0,0.0,,,1.02,,4.98,0.07,0.0,0.0,0.0,0,0
F. Madden,Flynn  Madden,-350352,Wollongong Wolves,Wollongong Wolves,https://cdn5.wyscout.com/photos/team/public/g155_120x120.png,New South Wales NPL,"RCMF, CF, LCMF",RCMF,47,CF,23,LCMF,16,21.0,2004-08-21,0,,15,1227,1,1.46,2,2.76,15.33,44.5,Australia,['Australia'],unknown,0,0,False,7.92,5.65,58.44,1.83,32.0,0.66,0.79,0.51,3.96,4.72,0.81,2,0.15,0,0.0,1.9100000000000001,0.07,1,0.07,0.11,1,0.07,17,1.25,29.41,5.882,0.15,0.59,50.0,0.29,75.0,0.22,33.33,0.0,2.5700000000000003,48.57,6.38,39.08,1.3900000000000001,1.17,0.0,27.14,0.9500000000000001,0.59,37.41,80.78,14.08,67.19,5.57,92.11,32.57,84.46,4.25,56.9,19.21,33.73,0.2,1.6099999999999999,0.0,0.15,0.07,0.0,0.44,6.97,62.11,2.71,51.35,0.81,18.18,1.32,0.29,6.89,76.6,89.6,12.69,0,,0,,0,0.0,0.0,0.0,,,0.37,,1.83,1.69,0.15,50.0,3.08,0,0
K. Toyooka,Kota Toyooka,-685179,St. George Saints ,St. George Saints ,https://cdn5.wyscout.com/photos/team/public/g20232_120x120.png,New South Wales NPL,LCB,LCB,81,,0,,0,18.0,2008-01-01,0,,16,1227,0,0.03,1,0.01,10.12,60.87,Australia,['Australia'],,0,0,False,9.02,5.65,68.83,1.83,44.0,1.3900000000000001,1.83,0.51,3.74,4.92,0.73,1,0.07,0,0.0,0.37,0.0,0,0.0,0.0,0,0.0,1,0.07,0.0,0.0,0.07,0.15,50.0,0.0,0.0,0.15,50.0,0.0,0.22,100.0,1.32,50.0,0.15,0.44,0.07,50.1,0.29,0.37,68.88,88.6,25.23,77.33,2.64,91.67,60.0,94.38,8.73,49.58,20.65,37.82,0.0,0.07,0.0,0.0,0.07,100.0,0.07,5.65,54.55,0.81,27.27,0.88,33.33,0.0,0.07,9.32,62.99,96.7,35.57,0,,0,,0,0.0,0.0,0.0,,,0.88,,1.83,0.0,0.0,0.0,0.0,0,0
E. Caspers,Edward Caspers,-186238,APIA Leichhardt Tigers,APIA Leichhardt Tigers,https://cdn5.wyscout.com/photos/team/public/g10487_120x120.png,New South Wales NPL,"RDMF, DMF, LDMF",RDMF,30,DMF,28,LDMF,16,22.0,2003-09-24,0,,14,1216,1,0.85,0,1.32,27.09,57.92,Australia,['Australia'],right,176,0,False,13.84,11.18,75.5,2.52,44.12,0.67,0.9500000000000001,0.30000000000000004,4.74,6.76,1.04,2,0.15,0,0.0,1.78,0.07,1,0.07,0.06,0,0.0,13,0.96,38.46,7.692,0.0,0.30000000000000004,0.0,0.15,0.0,0.07,0.0,0.07,2.59,54.29,10.21,47.1,0.96,1.63,0.15,38.34,0.22,1.55,62.84,81.39,19.76,66.29,8.96,95.04,55.58,85.89,6.96,48.94,18.8,39.5,0.1,0.81,0.07,0.0,0.15,0.0,0.37,10.73,69.66,2.22,26.67,0.96,23.08,0.81,0.0,8.88,72.5,89.22,22.65,0,,0,,0,0.0,0.0,0.0,,,0.59,,2.52,0.0,0.0,0.0,0.0,0,0
A. Berry,Adam Berry,432294,Blacktown City,Blacktown City,https://cdn5.wyscout.com/photos/team/public/g10489_120x120.png,New South Wales NPL,"DMF, LDMF, RDMF",DMF,52,LDMF,13,RDMF,13,29.0,1997-02-20,0,,15,1199,0,0.07,0,0.15,12.99,46.82,Australia,['Australia'],right,175,70,False,7.58,6.83,62.64,1.58,42.86,0.0,0.0,0.23,3.3,4.44,1.28,2,0.15,0,0.0,0.23,0.0,0,0.0,0.0,0,0.0,4,0.30000000000000004,0.0,0.0,0.0,1.2,12.5,0.45,16.67,0.68,11.11,0.0,0.23,33.33,3.23,18.6,0.30000000000000004,0.45,0.0,26.27,0.23,0.6000000000000001,40.98,82.78,10.58,70.21,8.33,93.69,35.05,89.29,4.88,50.77,18.9,35.74,0.01,0.15,0.08,0.0,0.0,0.0,0.08,5.4,62.5,2.1,35.71,0.38,20.0,0.6000000000000001,0.30000000000000004,5.93,62.03,84.73,15.24,0,,0,,0,0.0,0.0,0.0,,,0.8300000000000001,,1.58,0.23,0.0,0.0,0.0,0,0
Brendan Gan,Brendan Gan Seng Ling,68632,Sutherland Sharks,Sutherland Sharks,https://cdn5.wyscout.com/photos/team/public/g10493_120x120.png,New South Wales NPL,"LCB3, RCB3, RCMF",LCB3,28,RCB3,16,RCMF,15,37.0,1988-06-03,200000,,14,1195,1,2.05,0,0.09,13.41,54.49,Australia,"['Australia', 'Malaysia']",right,178,73,False,9.34,5.57,64.86,3.31,52.27,0.0,0.0,0.6000000000000001,5.72,8.06,1.51,5,0.38,0,0.0,0.45,0.08,1,0.08,0.15,1,0.08,8,0.6000000000000001,25.0,12.5,0.0,0.53,28.57,0.15,0.0,0.38,40.0,0.0,0.53,28.57,1.51,35.0,0.98,0.6000000000000001,0.08,25.91,0.6000000000000001,0.53,40.22,79.59,19.66,68.2,3.39,97.78,33.59,87.44,6.1,40.74,20.68,35.18,0.01,0.23,0.0,0.08,0.0,0.0,0.0,7.38,58.16,1.21,31.25,0.30000000000000004,0.0,0.30000000000000004,0.08,8.13,70.37,92.98,12.88,0,,0,,0,0.0,0.0,0.0,,,1.21,,3.31,0.0,0.0,0.0,0.0,0,0
B. Callaghan,Bailey Callaghan,-344281,Sydney Olympic,Sydney Olympic,https://cdn5.wyscout.com/photos/team/public/g150_120x120.png,New South Wales NPL,"CF, RW",CF,38,RW,34,,0,20.0,2005-09-22,0,,15,1192,0,1.07,1,0.56,23.71,33.44,Australia,['Australia'],,0,0,False,4.38,4.53,56.67,5.8100000000000005,32.47,0.08,0.09,0.0,1.74,2.07,0.98,0,0.0,0,0.0,1.43,0.0,0,0.0,0.08,0,0.0,12,0.91,16.67,0.0,0.08,1.13,26.67,0.0,0.0,1.13,26.67,0.08,2.42,37.5,12.01,25.79,1.3599999999999999,1.3599999999999999,0.30000000000000004,14.65,1.81,1.13,22.42,81.82,4.53,70.0,7.63,92.08,20.69,85.77,0.6000000000000001,50.0,15.68,17.76,0.04,0.23,0.15,0.08,0.15,50.0,0.23,2.27,70.0,1.21,37.5,0.08,100.0,0.45,0.23,2.7199999999999998,61.11,80.0,5.29,0,,0,,0,0.0,0.0,0.0,,,0.0,,5.8100000000000005,0.0,0.0,0.0,0.0,0,0
L. Knezević,Luka Knezević,-725519,SD Raiders,SD Raiders,https://cdn5.wyscout.com/photos/team/public/g36030_120x120.png,New South Wales NPL,"RAMF, RCMF3, AMF",RAMF,25,RCMF3,23,AMF,11,,,0,,15,1184,3,3.58,3,1.83,14.06,39.46,Serbia,['Serbia'],unknown,0,0,False,5.63,3.7199999999999998,57.14,1.44,10.53,0.84,1.07,0.15,2.66,3.41,0.84,3,0.23,0,0.0,3.7199999999999998,0.23,2,0.15,0.27,0,0.0,36,2.74,41.67,8.333,0.23,1.67,31.82,0.46,33.33,1.22,31.25,0.23,3.27,55.81,6.92,41.76,2.36,1.9,0.15,21.82,2.36,0.61,32.46,73.3,9.88,61.54,6.46,90.59,27.82,78.96,3.04,45.0,20.37,34.05,0.14,1.06,0.15,0.0,0.38,60.0,0.38,5.32,55.71,1.98,42.31,0.76,30.0,1.22,0.38,5.85,72.73,81.4,9.81,0,,0,,0,0.0,0.0,0.0,,,0.23,,1.44,1.06,0.30000000000000004,25.0,0.99,2,50
R. Farias,Reef Farias,-677877,Sydney FC II,Sydney FC II,https://cdn5.wyscout.com/photos/team/public/g-12408_120x120.png,New South Wales NPL,"RCB3, CB, RCB",RCB3,41,CB,23,RCB,17,19.0,2006-07-17,0,,14,1182,2,0.77,1,0.11,24.29,64.89,Australia,['Australia'],,0,0,False,14.77,11.73,75.32,4.72,61.29,0.84,0.99,0.53,5.1,6.04,1.52,3,0.23,1,0.08,1.1400000000000001,0.15,2,0.15,0.06,1,0.08,9,0.6900000000000001,55.56,22.222,0.08,0.53,42.86,0.0,0.0,0.53,42.86,0.0,0.91,58.33,5.1,44.78,0.6900000000000001,0.61,0.0,24.9,0.23,0.53,41.42,78.31,19.87,67.05,3.43,93.33,34.42,86.95,6.55,36.05,20.48,43.52,0.01,0.30000000000000004,0.08,0.0,0.0,0.0,0.08,6.47,55.29,1.29,29.41,0.61,25.0,0.23,0.23,9.06,57.14,91.39,11.5,0,,0,,0,0.0,0.0,0.0,,,0.99,,4.72,0.0,0.0,0.0,0.0,0,0
J. Poon,Justin Poon,-562171,St. George Saints ,St. George Saints ,https://cdn5.wyscout.com/photos/team/public/g20232_120x120.png,New South Wales NPL,"RW, RAMF, LAMF",RW,36,RAMF,26,LAMF,11,20.0,2005-06-24,0,,16,1179,0,1.9300000000000002,1,1.44,15.11,41.92,Australia,['Australia'],unknown,0,0,False,4.5,3.8200000000000003,54.0,2.37,32.26,0.15,0.2,0.08,2.29,3.02,0.6900000000000001,0,0.0,0,0.0,4.35,0.0,0,0.0,0.15,0,0.0,22,1.6800000000000002,31.82,0.0,0.08,4.27,37.5,1.76,39.13,2.52,36.36,0.6900000000000001,3.8200000000000003,58.0,7.33,43.75,2.37,1.6800000000000002,0.23,22.67,3.13,0.53,31.15,72.3,7.86,63.11,8.32,92.66,25.34,80.12,1.76,34.78,16.97,36.5,0.11,1.22,0.15,0.08,0.0,0.0,0.6900000000000001,3.44,51.11,3.66,41.67,0.23,0.0,0.31,1.76,5.73,61.33,63.33,9.16,0,,0,,0,0.0,0.0,0.0,,,0.0,,2.37,0.53,0.15,0.0,0.23,0,0
M. Jez,Maksim Jez,-351970,Blacktown City,Blacktown City,https://cdn5.wyscout.com/photos/team/public/g10489_120x120.png,New South Wales NPL,"LW, AMF, LCMF3",LW,20,AMF,20,LCMF3,14,23.0,2003-05-04,0,,14,1176,5,2.42,0,0.65,18.06,39.41,Australia,['Australia'],unknown,0,0,False,5.74,6.05,46.84,3.14,31.71,0.15,0.21,0.15,2.76,3.75,2.07,6,0.46,0,0.0,1.8399999999999999,0.38,5,0.38,0.19,2,0.15,25,1.9100000000000001,36.0,20.0,0.0,1.22,18.75,0.77,20.0,0.46,16.67,0.15,1.6099999999999999,57.14,6.58,37.21,2.45,0.15,0.0,16.68,1.45,0.92,25.26,71.82,8.65,60.18,6.73,94.32,20.89,78.75,3.21,45.24,17.8,33.89,0.05,0.6900000000000001,0.08,0.08,0.08,0.0,0.23,3.75,53.06,1.45,26.32,0.38,20.0,0.15,0.23,3.75,69.39,72.0,5.74,0,,0,,0,0.0,0.0,0.0,,,0.23,,3.14,0.84,0.08,100.0,1.45,0,0
T. Russell,Tate Russell,490345,Wollongong Wolves,Wollongong Wolves,https://cdn5.wyscout.com/photos/team/public/g155_120x120.png,New South Wales NPL,RB,RB,90,,0,,0,26.0,1999-08-24,325000,2026-06-30,12,1174,1,0.63,0,0.51,13.49,53.41,Australia,['Australia'],right,178,75,False,9.58,6.52,70.59,1.53,45.0,0.31,0.39,0.38,4.68,5.88,0.54,2,0.15,0,0.0,0.92,0.08,1,0.08,0.05,0,0.0,12,0.92,25.0,8.333,0.0,1.53,30.0,0.31,25.0,1.23,31.25,0.15,0.61,37.5,3.6,34.04,0.61,1.15,0.08,26.98,1.69,0.54,38.02,81.65,14.34,75.4,5.6,93.15,31.89,86.78,4.6,63.33,20.12,36.24,0.04,0.46,0.08,0.0,0.0,0.0,0.08,5.67,66.22,1.99,34.62,0.38,20.0,0.6900000000000001,0.54,9.05,71.19,82.74,12.88,0,,0,,0,0.0,0.0,0.0,,,0.84,,1.53,0.46,0.08,0.0,0.0,0,0
J. Casella,Jaden Casella,-192873,St. George Saints ,St. George Saints ,https://cdn5.wyscout.com/photos/team/public/g20232_120x120.png,New South Wales NPL,"CF, LAMF, RAMF",CF,32,LAMF,19,RAMF,16,26.0,2000-03-10,0,,13,1169,3,4.34,0,1.4100000000000001,15.63,44.33,Australia,['Australia'],left,175,75,False,3.77,2.85,67.57,3.0,38.46,0.0,0.0,0.08,1.85,2.44,0.6900000000000001,5,0.38,0,0.0,4.54,0.23,2,0.15,0.33,0,0.0,38,2.93,36.84,7.895,0.0,3.93,29.41,1.85,20.83,2.08,37.04,0.85,4.16,50.0,8.08,40.0,3.31,1.23,0.08,26.33,2.31,1.0,33.57,74.77,8.85,61.74,9.85,93.75,27.95,82.64,1.77,47.83,18.57,36.29,0.11,1.62,0.0,0.0,0.31,75.0,0.54,4.0,71.15,3.23,38.1,0.38,40.0,0.62,1.31,7.24,72.34,72.36,9.47,0,,0,,0,0.0,0.0,0.0,,,0.0,,3.0,1.08,0.46,50.0,2.39,1,100
T. Burnie,Tyren Burnie,-247057,Marconi Stallions,Marconi Stallions,https://cdn5.wyscout.com/photos/team/public/g146_120x120.png,New South Wales NPL,"RB, RW",RB,63,RW,25,,0,23.0,2002-09-22,0,,15,1166,0,1.03,1,2.03,19.22,61.45,Australia,['Australia'],,0,0,False,10.34,8.57,75.68,1.7000000000000002,63.64,0.39,0.51,0.0,3.47,4.59,1.31,2,0.15,0,0.0,3.7,0.0,0,0.0,0.08,0,0.0,7,0.54,28.57,0.0,0.08,3.4,36.36,0.0,0.0,3.4,36.36,0.77,3.32,69.77,6.95,51.11,1.31,2.55,0.77,15.36,1.16,1.23,27.02,69.14,10.11,51.91,5.79,97.33,20.15,81.61,3.55,30.43,20.06,30.76,0.16,0.93,0.0,0.0,0.08,0.0,0.54,3.7800000000000002,34.69,2.7800000000000002,36.11,0.31,0.0,0.31,1.23,5.02,63.08,75.0,7.41,0,,0,,0,0.0,0.0,0.0,,,0.39,,1.7000000000000002,0.0,0.0,0.0,0.08,0,0
T. Maia,Tariq Maia,416290,Sutherland Sharks,Sutherland Sharks,https://cdn5.wyscout.com/photos/team/public/g10493_120x120.png,New South Wales NPL,"LCMF, RCMF, AMF",LCMF,30,RCMF,27,AMF,13,28.0,1997-06-11,0,,15,1161,3,2.39,0,0.92,18.84,42.39,Australia,['Australia'],,0,0,False,7.44,5.58,65.28,1.71,27.27,0.54,0.79,0.08,3.26,4.72,0.54,0,0.0,0,0.0,1.94,0.23,3,0.23,0.19,0,0.0,17,1.32,41.18,17.647,0.0,0.62,25.0,0.16,50.0,0.47000000000000003,16.67,0.23,2.09,51.85,9.3,30.0,1.16,0.23,0.0,27.83,0.62,0.7000000000000001,41.94,81.52,17.21,71.17,7.44,95.83,37.36,87.34,3.95,35.29,18.14,38.74,0.07,0.62,0.0,0.0,0.23,66.67,0.31,8.45,62.39,2.25,51.72,0.7000000000000001,22.22,0.85,0.16,6.98,72.22,85.0,10.85,0,,0,,0,0.0,0.0,0.0,,,0.16,,1.71,0.39,0.08,100.0,1.01,0,0
C. Fowler,Corby Fowler,-811639,UNSW,UNSW,https://cdn5.wyscout.com/photos/team/public/g33621_120x120.png,New South Wales NPL,"LCMF, RCMF, AMF",LCMF,43,RCMF,32,AMF,10,23.0,2003-01-21,0,,15,1158,1,0.53,0,0.26,19.43,40.4,Australia,['Australia'],unknown,0,0,False,5.52,5.36,63.77,1.09,28.57,0.08,0.09,0.0,2.02,2.44,0.93,3,0.23,0,0.0,1.4,0.08,1,0.08,0.04,0,0.0,7,0.54,71.43,14.286,0.0,0.23,0.0,0.16,0.0,0.08,0.0,0.0,2.25,44.83,11.27,30.34,0.54,0.7000000000000001,0.08,17.1,0.54,1.32,26.19,85.46,6.53,71.43,7.38,93.68,25.18,88.27,0.85,18.18,16.27,14.1,0.02,0.31,0.08,0.0,0.0,0.0,0.0,2.88,72.97,0.62,25.0,0.16,0.0,0.31,0.08,2.7199999999999998,68.57,90.63,7.46,0,,0,,0,0.0,0.0,0.0,,,0.16,,1.09,0.0,0.0,0.0,0.0,0,0
J. Kenny,Jack Kenny,-328097,St George City FA,St George City FA,https://cdn5.wyscout.com/photos/team/public/g38544_120x120.png,New South Wales NPL,GK,GK,100,,0,,0,23.0,2003-01-09,0,,12,1155,0,0.0,0,0.0,0.62,87.5,Australia,['Australia'],,0,0,False,2.5700000000000003,0.0,0.0,0.39,80.0,0.08,0.08,0.0,2.49,2.68,0.0,2,0.16,0,0.0,0.0,0.0,0,0.0,0.0,0,0.0,0,0.0,0.0,0.0,0.0,0.0,0.0,0.0,0.0,0.0,0.0,0.0,0.0,0.0,0.0,0.0,0.0,0.0,0.0,9.19,0.16,0.08,19.87,77.25,12.23,66.88,0.0,0.0,10.99,94.33,8.81,56.64,39.27,56.27,0.0,0.0,0.0,0.0,0.0,0.0,0.0,5.22,47.76,0.47000000000000003,33.33,0.31,0.0,0.23,0.0,6.0,75.32,95.6,7.09,14,1.09,44,3.43,3,68.18,11.08,0.86,-2.92,-0.228,0.0,2.03,0.39,,,,0.0,0,0
H. Van Der Saag,Harry Van Der Saag,-132878,Rockdale Ilinden,Rockdale Ilinden,https://cdn5.wyscout.com/photos/team/public/g14576_120x120.png,New South Wales NPL,"RCB, RB",RCB,76,RB,15,,0,26.0,1999-10-29,250000,2026-06-30,12,1147,0,0.74,1,0.51,14.05,59.78,Australia,"['Australia', 'Netherlands']",right,183,77,False,9.42,5.88,61.33,2.9,51.35,0.31,0.46,0.39,5.49,8.08,1.18,2,0.16,0,0.0,1.1,0.0,0,0.0,0.06,0,0.0,13,1.02,38.46,0.0,0.08,0.31,25.0,0.0,0.0,0.31,25.0,0.08,0.9400000000000001,58.33,3.14,62.5,0.16,2.2,0.16,49.12,0.08,1.18,69.91,85.86,34.52,76.36,5.8100000000000005,93.24,56.81,93.09,12.79,55.21,22.05,40.7,0.04,0.31,0.0,0.08,0.08,100.0,0.16,13.81,64.77,1.57,30.0,1.18,33.33,0.47000000000000003,0.08,14.83,82.54,95.88,20.95,0,,0,,0,0.0,0.0,0.0,,,1.57,,2.9,0.31,0.24,33.33,0.0,0,0
O. Puflett,Oliver Puflett,522728,UNSW,UNSW,https://cdn5.wyscout.com/photos/team/public/g33621_120x120.png,New South Wales NPL,"CF, RW",CF,60,RW,22,,0,26.0,1999-07-26,0,,15,1146,4,2.48,1,0.53,21.13,43.12,Australia,['Australia'],,0,0,False,5.42,5.18,68.18,5.18,42.42,0.39,0.46,0.0,1.49,1.76,1.18,0,0.0,0,0.0,1.88,0.31,4,0.31,0.19,1,0.08,22,1.73,40.91,18.182,0.08,0.9400000000000001,16.67,0.16,50.0,0.79,10.0,0.16,1.73,59.09,7.93,29.7,1.81,0.71,0.08,16.02,2.83,0.71,22.38,70.88,4.4,51.79,6.44,89.02,19.95,75.98,1.49,36.84,16.37,28.71,0.04,0.79,0.08,0.0,0.08,0.0,0.24,2.2800000000000002,55.17,1.4100000000000001,33.33,0.24,33.33,0.86,0.24,2.98,44.74,66.67,6.36,0,,0,,0,0.0,0.0,0.0,,,0.08,,5.18,0.0,0.0,0.0,0.0,0,0
B. Berry,Benjamin Berry,-261958,St George City FA,St George City FA,https://cdn5.wyscout.com/photos/team/public/g38544_120x120.png,New South Wales NPL,"RCB3, RCB",RCB3,54,RCB,34,,0,23.0,2002-06-21,0,,13,1145,0,0.79,1,0.02,12.5,65.41,Australia,['Australia'],,0,0,False,8.49,6.05,64.94,3.77,72.92,0.16,0.17,0.79,4.4,4.73,0.86,2,0.16,1,0.08,0.31,0.0,0,0.0,0.06,0,0.0,3,0.24,0.0,0.0,0.08,0.08,100.0,0.08,100.0,0.0,0.0,0.0,0.24,100.0,1.4100000000000001,61.11,0.63,0.55,0.0,23.11,0.24,0.63,38.67,82.11,21.07,75.0,1.97,100.0,31.91,88.67,6.68,50.59,23.06,38.65,0.0,0.08,0.0,0.0,0.0,0.0,0.0,6.21,63.29,0.55,42.86,0.47000000000000003,50.0,0.55,0.08,10.3,69.47,91.3,12.66,0,,0,,0,0.0,0.0,0.0,,,1.49,,3.77,0.08,0.0,0.0,0.0,0,0
A. Mlinaric,Anton Mlinaric,-142845,Marconi Stallions,Marconi Stallions,https://cdn5.wyscout.com/photos/team/public/g146_120x120.png,New South Wales NPL,LCB,LCB,99,,0,,0,24.0,2002-03-11,0,,13,1143,1,1.38,0,0.15,14.09,64.25,Australia,"['Australia', 'Croatia']",right,190,76,False,10.24,5.35,72.06,4.09,69.23,0.47000000000000003,0.66,0.55,5.91,8.3,0.79,5,0.39,1,0.08,0.39,0.08,1,0.08,0.11,0,0.0,8,0.63,12.5,12.5,0.0,0.31,75.0,0.16,50.0,0.16,100.0,0.0,0.16,50.0,1.73,31.82,0.9400000000000001,0.55,0.08,23.39,0.55,0.55,45.98,79.11,24.65,68.37,2.83,91.67,34.96,88.06,10.71,50.0,24.36,41.62,0.01,0.24,0.0,0.08,0.0,0.0,0.08,9.92,63.49,1.5,52.63,0.55,42.86,0.55,0.16,13.31,76.33,93.3,15.28,0,,0,,0,0.0,0.0,0.0,,,1.5,,4.09,0.0,0.0,0.0,0.0,0,0
L. Middleton,Lachlan Middleton,-364965,Sydney,Sydney FC II,https://cdn5.wyscout.com/photos/team/public/2328_120x120.png,A-League,"RCMF, LCMF, LDMF",RCMF,36,LCMF,27,LDMF,21,20.0,2006-02-22,0,2027-06-30,14,1141,0,1.49,0,0.28,22.87,56.9,Australia,['Australia'],right,183,0,False,13.01,8.76,72.97,2.84,47.22,0.16,0.19,0.24,6.47,7.69,0.87,0,0.0,0,0.0,2.52,0.0,0,0.0,0.12,0,0.0,22,1.74,22.73,0.0,0.0,0.79,40.0,0.39,20.0,0.39,60.0,0.32,2.05,80.77,8.76,45.05,1.42,1.97,0.24,37.7,0.24,0.63,64.44,83.11,21.14,67.54,9.78,94.35,59.79,86.68,3.94,38.0,16.51,33.92,0.02,0.71,0.0,0.08,0.16,100.0,0.55,8.83,64.29,2.05,42.31,0.71,33.33,0.63,0.24,8.83,66.96,89.78,21.61,0,,0,,0,0.0,0.0,0.0,,,0.79,,2.84,0.0,0.0,0.0,0.16,0,0
H. Elliott,Hunter Elliott,-344966,Rockdale Ilinden,Rockdale Ilinden,https://cdn5.wyscout.com/photos/team/public/g14576_120x120.png,New South Wales NPL,RB,RB,100,,0,,0,22.0,2003-12-11,0,,14,1137,0,0.0,1,0.96,17.49,53.39,Australia,['Australia'],unknown,0,0,False,13.38,8.31,63.81,1.6600000000000001,47.62,1.11,1.6400000000000001,0.63,6.97,10.31,0.55,3,0.24,0,0.0,1.42,0.0,0,0.0,0.0,0,0.0,1,0.08,0.0,0.0,0.08,2.14,44.44,0.08,0.0,2.06,46.15,0.16,0.9500000000000001,50.0,5.78,43.84,0.55,1.11,0.24,31.27,0.71,2.06,44.17,79.21,19.55,69.23,7.99,95.05,37.76,86.37,4.27,33.33,17.41,39.19,0.08,0.55,0.08,0.08,0.0,0.0,0.55,7.52,58.95,2.69,50.0,0.24,66.67,0.63,0.9500000000000001,8.79,80.18,83.5,8.15,0,,0,,0,0.0,0.0,0.0,,,0.71,,1.6600000000000001,0.0,0.0,0.0,0.0,0,0
M. Wahby,Matthew Wahby,-678591,St George City FA,St George City FA,https://cdn5.wyscout.com/photos/team/public/g38544_120x120.png,New South Wales NPL,"RB5, RB",RB5,58,RB,38,,0,,,0,,14,1117,0,0.01,0,0.37,17.65,55.71,Australia,['Australia'],,0,0,False,11.12,8.86,69.09,2.58,40.63,0.4,0.43,0.32,4.59,4.87,0.73,2,0.16,0,0.0,2.34,0.0,0,0.0,0.0,0,0.0,2,0.16,0.0,0.0,0.0,2.01,40.0,0.0,0.0,2.01,40.0,0.24,2.09,73.08,5.32,43.94,0.24,2.18,0.32,16.36,0.73,0.48,26.83,66.97,12.57,51.92,5.72,98.59,21.43,75.94,3.63,26.67,21.89,36.07,0.03,0.32,0.0,0.0,0.0,0.0,0.08,3.55,50.0,2.66,27.27,0.08,0.0,0.08,0.73,5.88,54.79,67.12,5.88,0,,0,,0,0.0,0.0,0.0,,,0.89,,2.58,0.0,0.0,0.0,0.0,0,0
A. Takami,Andre Takami,-252771,NWS Spirit,NWS Spirit,https://cdn5.wyscout.com/photos/team/public/g-16418_120x120.png,New South Wales NPL,"RCMF, LCMF",RCMF,69,LCMF,19,,0,24.0,2002-02-05,0,,16,1113,1,1.6800000000000002,1,0.99,11.32,51.43,Australia,['Australia'],,0,0,False,5.58,5.09,61.9,0.89,72.73,0.0,0.0,0.0,2.43,3.1,1.13,2,0.16,0,0.0,0.73,0.08,0,0.0,0.14,0,0.0,9,0.73,22.22,11.111,0.08,0.5700000000000001,28.57,0.24,0.0,0.32,50.0,0.08,0.89,45.45,3.48,27.91,0.4,0.97,0.08,26.04,0.24,0.32,37.68,76.82,14.39,63.48,8.65,92.52,33.72,81.53,3.4,38.1,17.64,34.35,0.08,0.65,0.0,0.08,0.08,0.0,0.32,5.98,54.05,2.18,55.56,0.49,16.67,0.89,0.16,6.31,61.54,84.16,8.17,0,,0,,0,0.0,0.0,0.0,,,0.89,,0.89,1.13,0.16,0.0,0.08,2,50
T. Kuol,Teng Kuol,-409081,Marconi Stallions,Marconi Stallions,https://cdn5.wyscout.com/photos/team/public/g146_120x120.png,New South Wales NPL,RCB,RCB,89,,0,,0,23.0,2003-02-19,0,,12,1111,5,3.08,1,0.5,17.74,65.75,South Sudan,"['South Sudan', 'Australia']",unknown,0,0,False,9.32,6.5600000000000005,74.07,4.62,68.42,0.81,1.1400000000000001,0.32,3.65,5.11,1.05,5,0.41000000000000003,0,0.0,1.62,0.41000000000000003,5,0.41000000000000003,0.25,1,0.08,14,1.13,57.14,35.714,0.08,0.32,25.0,0.16,50.0,0.16,0.0,0.08,1.3,68.75,3.4,50.0,1.54,1.05,0.0,18.71,0.08,0.5700000000000001,32.32,75.69,16.2,60.5,2.03,92.0,23.33,87.85,8.67,44.86,26.01,42.07,0.04,0.32,0.0,0.0,0.0,0.0,0.08,6.8,44.05,0.89,9.09,0.65,25.0,0.24,0.08,7.61,70.21,92.31,11.58,0,,0,,0,0.0,0.0,0.0,,,1.46,,4.62,0.16,0.08,0.0,0.08,1,0
C. Hanagan,Cooper Hanagan,-265200,SD Raiders,SD Raiders,https://cdn5.wyscout.com/photos/team/public/g36030_120x120.png,New South Wales NPL,"RB, RWB",RB,61,RWB,30,,0,,,0,,12,1108,1,0.35000000000000003,1,1.6099999999999999,20.63,50.0,Australia,['Australia'],,0,0,False,7.8,6.17,55.26,1.38,23.53,0.89,1.11,0.16,3.49,4.36,1.38,6,0.49,1,0.08,4.22,0.08,1,0.08,0.03,0,0.0,8,0.65,37.5,12.5,0.08,4.22,30.77,0.08,0.0,4.14,31.37,0.49,4.06,66.0,10.23,55.56,1.46,3.98,1.06,26.48,2.44,1.62,39.56,65.71,19.17,58.47,5.44,89.55,24.29,79.93,11.21,47.83,26.42,42.45,0.13,0.73,0.0,0.0,0.0,0.0,0.49,10.64,54.96,4.06,40.0,0.97,33.33,0.5700000000000001,1.1400000000000001,11.7,75.69,71.79,9.5,0,,0,,0,0.0,0.0,0.0,,,1.46,,1.38,0.08,0.0,0.0,0.0,0,0
J. Perez,Jordan Hendry Perez,-384216,Sutherland Sharks,Sutherland Sharks,https://cdn5.wyscout.com/photos/team/public/g10493_120x120.png,New South Wales NPL,"LB, LWB, LB5",LB,47,LWB,31,LB5,20,23.0,2003-01-03,0,,12,1108,1,0.32,1,0.27,17.38,43.93,Cyprus,['Cyprus'],left,175,0,False,8.69,8.37,54.37,2.03,32.0,0.0,0.0,0.41000000000000003,4.14,5.77,1.54,1,0.08,0,0.0,1.71,0.08,1,0.08,0.03,0,0.0,7,0.5700000000000001,57.14,14.286,0.08,2.84,20.0,2.76,20.59,0.08,0.0,0.32,2.36,34.48,5.28,35.38,0.89,1.06,0.08,23.72,1.54,1.1400000000000001,32.17,60.86,15.43,48.42,6.25,92.21,23.72,72.26,5.69,32.86,21.63,43.53,0.02,0.41000000000000003,0.08,0.08,0.08,0.0,0.16,5.85,47.22,3.01,24.32,0.08,100.0,0.49,0.49,7.96,56.12,61.54,6.34,0,,0,,0,0.0,0.0,0.0,,,0.41000000000000003,,2.03,0.41000000000000003,0.16,50.0,0.0,0,0
N. Ovens,Noah Ovens,-562368,Western Sydney W. U21,Western Sydney W. U21,https://cdn5.wyscout.com/photos/team/public/g23047_120x120.png,New South Wales NPL,RCB,RCB,100,,0,,0,,,0,,12,1104,0,0.13,0,0.1,10.43,63.28,Australia,['Australia'],unknown,0,0,False,8.48,4.57,78.57,2.85,51.43,0.08,0.09,0.73,4.8100000000000005,5.18,0.49,2,0.16,0,0.0,0.24,0.0,0,0.0,0.01,0,0.0,2,0.16,50.0,0.0,0.0,0.0,0.0,0.0,0.0,0.0,0.0,0.0,0.24,66.67,1.63,50.0,0.24,0.65,0.0,43.61,0.16,0.16,60.9,88.09,18.51,72.69,3.34,95.12,55.03,93.93,5.87,33.33,20.57,39.89,0.01,0.08,0.0,0.0,0.0,0.0,0.0,4.65,57.89,0.24,33.33,0.24,33.33,0.0,0.0,8.48,56.73,95.13,33.51,0,,0,,0,0.0,0.0,0.0,,,2.2800000000000002,,2.85,0.0,0.0,0.0,0.0,0,0
T. Muata-Marlow,Themba Muata-Marlow,330382,APIA Leichhardt Tigers,APIA Leichhardt Tigers,https://cdn5.wyscout.com/photos/team/public/g10487_120x120.png,New South Wales NPL,RCB,RCB,100,,0,,0,32.0,1994-04-30,0,,12,1098,0,0.38,0,0.05,12.7,63.87,Australia,['Australia'],,185,79,False,7.3,4.92,75.0,3.77,63.04,0.41000000000000003,0.5700000000000001,0.41000000000000003,3.2,4.47,0.41000000000000003,3,0.25,0,0.0,0.33,0.0,0,0.0,0.03,0,0.0,3,0.25,33.33,0.0,0.0,0.08,0.0,0.08,0.0,0.0,0.0,0.0,0.41000000000000003,60.0,1.6400000000000001,45.0,0.5700000000000001,0.8200000000000001,0.0,35.57,0.41000000000000003,0.49,56.48,88.24,24.75,79.8,3.61,97.73,52.05,91.02,4.34,56.6,21.91,41.25,0.0,0.08,0.0,0.08,0.0,0.0,0.0,8.36,63.73,0.16,50.0,0.16,100.0,0.08,0.0,11.07,82.96,96.07,22.95,0,,0,,0,0.0,0.0,0.0,,,2.13,,3.77,0.0,0.0,0.0,0.0,0,0
S. Hernandez,Sebastian Hernandez,-251759,Wollongong Wolves,Wollongong Wolves,https://cdn5.wyscout.com/photos/team/public/g155_120x120.png,New South Wales NPL,"RW, CF, LW",RW,50,CF,28,LW,21,23.0,2003-03-02,0,,15,1096,2,2.04,2,2.93,19.79,51.45,Australia,['Australia'],,0,0,False,5.34,5.34,58.46,1.31,56.25,0.25,0.31,0.0,1.97,2.44,1.23,1,0.08,0,0.0,6.98,0.16,2,0.16,0.17,0,0.0,29,2.38,44.83,6.897,0.16,4.93,40.0,1.6400000000000001,45.0,3.12,36.84,0.66,6.32,61.04,11.5,48.57,3.45,4.27,0.5700000000000001,17.41,3.04,1.6400000000000001,20.94,65.49,3.5300000000000002,51.16,5.67,86.96,14.7,75.42,1.6400000000000001,55.0,19.84,30.29,0.24,1.23,0.0,0.0,0.08,100.0,1.31,1.72,42.86,4.11,46.0,0.08,100.0,0.66,1.8900000000000001,4.02,71.43,62.07,7.14,0,,0,,0,0.0,0.0,0.0,,,0.08,,1.31,0.0,0.0,0.0,0.08,0,0
A. Lual,Awan  Lual,-496108,Western Sydney W. U21,Western Sydney W. U21,https://cdn5.wyscout.com/photos/team/public/g23047_120x120.png,New South Wales NPL,CF,CF,94,,0,,0,20.0,2006-02-05,0,,12,1093,7,7.31,2,0.39,16.39,31.66,Australia,['Australia'],,0,0,False,2.14,2.39,51.72,2.47,30.0,0.0,0.0,0.16,0.91,1.01,0.66,1,0.08,0,0.0,2.31,0.58,6,0.49,0.6000000000000001,0,0.0,29,2.39,51.72,24.138,0.16,0.49,16.67,0.08,0.0,0.41000000000000003,20.0,0.08,2.22,44.44,8.89,30.56,3.62,1.48,0.49,13.17,1.73,1.15,16.22,81.22,3.21,74.36,4.45,83.33,14.66,85.39,1.07,53.85,16.16,27.77,0.03,0.74,0.25,0.0,0.08,0.0,0.49,1.81,81.82,1.07,76.92,0.33,25.0,1.07,0.08,1.98,91.67,81.25,5.27,0,,0,,0,0.0,0.0,0.0,,,0.0,,2.47,0.0,0.0,0.0,0.08,1,100
L. Tilt,Lachlan Tilt,-590738,Blacktown City,Blacktown City,https://cdn5.wyscout.com/photos/team/public/g10489_120x120.png,New South Wales NPL,"RCB, RB",RCB,60,RB,36,,0,,,0,,12,1092,0,0.02,0,0.16,15.33,60.75,Australia,['Australia'],,0,0,False,10.38,8.57,66.35,3.96,54.17,0.25,0.33,0.41000000000000003,4.45,5.98,0.91,3,0.25,0,0.0,0.25,0.0,0,0.0,0.0,0,0.0,1,0.08,0.0,0.0,0.0,0.74,0.0,0.25,0.0,0.49,0.0,0.0,0.33,75.0,0.91,63.64,0.58,0.49,0.0,29.59,0.41000000000000003,0.25,42.36,80.16,17.88,65.44,3.38,97.56,34.95,89.39,6.76,40.24,20.52,37.41,0.01,0.25,0.0,0.0,0.0,0.0,0.0,6.92,50.0,0.8200000000000001,10.0,0.08,0.0,0.25,0.08,8.08,64.29,91.83,17.14,0,,0,,0,0.0,0.0,0.0,,,2.06,,3.96,0.0,0.0,0.0,0.0,0,0
F. Maya,Franco Michael Maya Valiente,-184692,Marconi Stallions,Marconi Stallions,https://cdn5.wyscout.com/photos/team/public/g146_120x120.png,New South Wales NPL,"RW, RAMF",RW,64,RAMF,25,,0,27.0,1999-05-24,0,,14,1089,2,1.72,3,1.8399999999999999,20.0,52.48,Uruguay,['Uruguay'],left,179,73,False,9.09,6.94,61.9,3.06,59.46,0.8300000000000001,1.11,0.0,3.9699999999999998,5.31,1.74,3,0.25,0,0.0,3.7199999999999998,0.17,2,0.17,0.14,1,0.08,37,3.06,40.54,5.405,0.25,2.48,23.33,0.25,100.0,2.07,16.0,0.25,3.31,57.5,8.18,44.44,1.07,1.24,0.17,17.27,1.74,1.57,27.6,67.66,8.6,52.88,5.37,92.31,19.5,80.08,5.87,43.66,23.13,37.55,0.15,1.07,0.0,0.0,0.17,0.0,0.33,6.2,54.67,3.31,27.5,1.74,19.05,0.25,0.74,6.12,70.27,68.0,10.33,0,,0,,0,0.0,0.0,0.0,,,0.41000000000000003,,3.06,2.56,0.5,16.67,2.31,0,0
Y. Nicolaou,Yianni Nicolaou,-97171,Sutherland Sharks,Sutherland Sharks,https://cdn5.wyscout.com/photos/team/public/g10493_120x120.png,New South Wales NPL,"RCB3, RB, RB5",RCB3,40,RB,32,RB5,10,26.0,2000-01-05,200000,,12,1084,0,0.42,1,1.08,12.62,63.82,Australia,"['Australia', 'Greece']",right,175,80,False,8.47,5.8100000000000005,70.0,3.24,66.67,0.25,0.35000000000000003,0.17,4.15,5.88,0.8300000000000001,3,0.25,0,0.0,1.16,0.0,0,0.0,0.03,0,0.0,2,0.17,0.0,0.0,0.08,1.33,56.25,0.0,0.0,1.33,56.25,0.08,0.75,55.56,2.24,55.56,0.58,1.74,0.08,35.78,0.42,0.58,50.23,82.81,24.08,76.9,5.4,93.85,41.85,88.49,7.06,54.12,21.48,41.96,0.09,0.66,0.0,0.08,0.0,0.0,0.33,10.21,70.73,2.16,57.69,0.75,55.56,0.58,0.58,14.2,80.7,86.63,15.53,0,,0,,0,0.0,0.0,0.0,,,0.8300000000000001,,3.24,0.08,0.0,0.0,0.0,0,0
M. Figueira,Michael Figueira,491990,SD Raiders,SD Raiders,https://cdn5.wyscout.com/photos/team/public/g36030_120x120.png,New South Wales NPL,GK,GK,100,,0,,0,27.0,1998-12-01,0,,11,1084,0,0.0,0,0.0,1.33,81.25,Australia,['Australia'],,0,0,False,3.74,0.42,80.0,0.66,87.5,0.0,0.0,0.0,3.4,4.46,0.0,0,0.0,0,0.0,0.08,0.0,0,0.0,0.0,0,0.0,0,0.0,0.0,0.0,0.0,0.0,0.0,0.0,0.0,0.0,0.0,0.0,0.08,100.0,0.25,66.67,0.0,0.0,0.0,20.67,0.33,0.17,32.38,82.05,15.44,66.13,0.0,0.0,21.34,96.11,10.96,55.3,30.9,50.46,0.0,0.0,0.0,0.08,0.0,0.0,0.0,3.49,40.48,0.0,0.0,0.08,100.0,0.0,0.0,6.97,57.14,96.76,15.36,21,1.74,52,4.32,3,59.62,16.25,1.35,-4.75,-0.394,0.0,1.0,0.66,,,,0.0,0,0
N. O'Brien,Nicholas O'Brien,-244975,Blacktown City,Blacktown City,https://cdn5.wyscout.com/photos/team/public/g10489_120x120.png,New South Wales NPL,"RCB, LCB",RCB,53,LCB,42,,0,24.0,2001-07-06,0,,12,1079,0,0.16,0,0.5,12.59,61.59,Australia,['Australia'],,0,0,False,10.51,6.92,62.65,2.0,50.0,0.08,0.11,0.33,6.09,8.23,1.0,4,0.33,2,0.17,0.42,0.0,0,0.0,0.01,0,0.0,2,0.17,0.0,0.0,0.0,0.5,16.67,0.08,0.0,0.42,20.0,0.0,0.42,80.0,1.67,50.0,0.5,1.42,0.17,36.28,0.58,0.67,57.3,83.11,25.69,73.05,3.0,94.44,47.21,89.22,9.59,56.52,22.84,40.87,0.04,0.42,0.0,0.0,0.0,0.0,0.25,10.01,65.83,1.75,47.62,0.67,50.0,0.58,0.08,13.68,68.9,93.84,23.02,0,,0,,0,0.0,0.0,0.0,,,1.8399999999999999,,2.0,0.0,0.0,0.0,0.0,0,0
M. Glasson,Mitchell Glasson,-413805,Sydney FC II,Sydney FC II,https://cdn5.wyscout.com/photos/team/public/g-12408_120x120.png,New South Wales NPL,"CF, AMF",CF,62,AMF,24,,0,20.0,2006-05-04,0,2027-06-30,14,1076,6,6.83,1,0.9400000000000001,20.66,38.87,Australia,['Australia'],unknown,0,0,False,4.6,3.85,69.57,3.93,23.4,0.08,0.1,0.42,1.8399999999999999,2.21,0.42,1,0.08,0,0.0,3.26,0.5,4,0.33,0.5700000000000001,1,0.08,31,2.59,48.39,19.355,0.08,1.5899999999999999,21.05,0.42,20.0,1.17,21.43,0.25,3.51,47.62,9.37,38.39,4.43,1.8399999999999999,0.08,16.56,1.34,0.84,21.83,72.8,6.02,58.33,5.52,93.94,18.07,79.17,2.17,57.69,19.2,31.1,0.08,0.67,0.0,0.0,0.17,0.0,0.42,3.35,65.0,1.76,52.38,0.42,40.0,0.67,0.5,3.93,74.47,68.92,6.19,0,,0,,0,0.0,0.0,0.0,,,0.0,,3.93,0.0,0.0,0.0,0.0,2,100
J. Letta,James Letta,-725510,SD Raiders,SD Raiders,https://cdn5.wyscout.com/photos/team/public/g36030_120x120.png,New South Wales NPL,"LCB3, RCB, LB",LCB3,28,RCB,24,LB,23,,,0,,12,1069,1,0.16,0,0.0,11.2,48.87,Australia,['Australia'],unknown,0,0,False,9.35,5.39,70.31,2.19,19.23,0.67,0.8300000000000001,0.42,4.88,6.02,0.59,2,0.17,0,0.0,0.17,0.08,1,0.08,0.01,0,0.0,1,0.08,100.0,100.0,0.0,0.08,0.0,0.0,0.0,0.08,0.0,0.0,0.17,50.0,2.02,29.17,0.17,1.01,0.08,24.67,0.59,0.42,38.05,84.07,17.01,74.75,4.13,97.96,34.77,88.86,3.2,34.21,18.3,29.2,0.0,0.08,0.0,0.0,0.0,0.0,0.0,3.96,72.34,0.17,50.0,0.34,25.0,0.17,0.0,6.74,56.25,91.25,13.47,0,,0,,0,0.0,0.0,0.0,,,1.6,,2.19,0.0,0.0,0.0,0.0,0,0
B. Cholakian,Brendan Cholakian,-186144,Rockdale Ilinden,Rockdale Ilinden,https://cdn5.wyscout.com/photos/team/public/g14576_120x120.png,New South Wales NPL,"AMF, LCMF",AMF,59,LCMF,31,,0,33.0,1992-11-06,0,,14,1068,2,1.3900000000000001,4,2.56,26.46,45.22,Australia,['Australia'],,0,0,False,7.08,5.73,57.35,2.61,41.94,1.01,1.51,0.17,2.7800000000000002,4.16,1.69,5,0.42,0,0.0,3.71,0.17,2,0.17,0.12,0,0.0,33,2.7800000000000002,27.27,6.061,0.34,2.5300000000000002,30.0,1.26,26.67,1.26,33.33,0.42,4.47,45.28,14.75,41.71,2.11,1.94,0.34,24.1,0.93,3.12,34.21,72.17,13.57,67.7,6.99,86.75,29.24,77.81,2.44,48.28,15.2,24.94,0.22,1.35,0.0,0.08,0.17,100.0,1.01,5.14,63.93,3.71,45.45,0.34,100.0,1.43,0.84,5.22,74.19,59.21,6.4,0,,0,,0,0.0,0.0,0.0,,,0.08,,2.61,1.26,0.17,0.0,2.7,0,0
L. Constable,Lochlan Constable,522678,Rockdale Ilinden,Rockdale Ilinden,https://cdn5.wyscout.com/photos/team/public/g14576_120x120.png,New South Wales NPL,"RDMF, RCMF, LDMF",RDMF,33,RCMF,25,LDMF,11,25.0,2001-05-21,0,,13,1067,1,0.68,0,0.39,15.69,40.32,Australia,['Australia'],,0,0,False,5.4,4.3,60.78,1.6,36.84,0.08,0.13,0.08,2.7,4.05,1.01,3,0.25,0,0.0,1.43,0.08,1,0.08,0.06,0,0.0,13,1.1,38.46,7.692,0.0,1.18,14.29,0.34,25.0,0.84,10.0,0.08,1.43,41.18,7.76,28.26,0.76,1.6,0.17,36.19,0.42,0.25,47.99,83.83,14.25,73.37,9.11,90.74,44.87,87.59,2.02,37.5,14.73,31.94,0.03,0.59,0.08,0.0,0.34,75.0,0.17,5.31,65.08,2.45,37.93,0.59,57.14,0.59,0.25,6.33,74.67,86.83,14.09,0,,0,,0,0.0,0.0,0.0,,,0.08,,1.6,0.0,0.0,0.0,0.08,0,0
J. Pedersen,Jorn Pedersen,-189785,St George City FA,St George City FA,https://cdn5.wyscout.com/photos/team/public/g38544_120x120.png,New South Wales NPL,CF,CF,96,,0,,0,28.0,1997-12-12,0,,15,1067,2,5.45,1,0.39,31.8,38.46,Japan,['Japan'],,0,0,False,4.47,3.8,66.67,11.39,45.19,0.17,0.19,0.0,1.77,2.01,1.6,0,0.0,0,0.0,1.6,0.17,1,0.08,0.46,1,0.08,31,2.61,29.03,6.452,0.08,0.42,0.0,0.0,0.0,0.34,0.0,0.08,1.69,50.0,11.64,24.64,5.15,0.59,0.08,15.01,2.61,0.76,25.39,76.74,4.13,65.31,9.53,85.84,24.21,79.44,0.84,30.0,14.27,16.95,0.03,0.42,0.08,0.0,0.0,0.0,0.17,1.69,80.0,1.01,66.67,0.08,0.0,0.93,0.0,2.02,41.67,78.95,6.41,0,,0,,0,0.0,0.0,0.0,,,0.25,,11.39,0.0,0.0,0.0,0.0,2,50
J. Cop,Julian Cop,-587719,Western Sydney Wanderers FC II,Western Sydney W. U21,https://cdn5.wyscout.com/photos/team/public/g-12669_120x120.png,,"RCMF, LCMF",RCMF,73,LCMF,19,,0,20.0,2006-02-07,0,,13,1064,0,0.22,1,0.8,16.83,55.28,Australia,['Australia'],,0,0,False,10.32,9.14,59.26,0.85,90.0,0.42,0.47000000000000003,0.17,4.48,5.02,1.44,2,0.17,0,0.0,1.35,0.0,0,0.0,0.02,0,0.0,4,0.34,50.0,0.0,0.08,1.27,33.33,0.25,0.0,0.93,36.36,0.17,1.52,50.0,5.16,50.82,0.25,1.18,0.34,30.54,0.08,1.1,46.78,81.56,16.07,65.79,8.29,93.88,41.02,87.63,4.57,38.89,19.2,38.48,0.07,0.76,0.0,0.17,0.08,0.0,0.25,7.19,61.18,2.37,35.71,0.76,22.22,0.51,0.51,6.77,68.75,88.42,16.07,0,,0,,0,0.0,0.0,0.0,,,1.1,,0.85,0.0,0.0,0.0,0.0,0,0
S. Symons,Sean Symons,493499,APIA Leichhardt Tigers,APIA Leichhardt Tigers,https://cdn5.wyscout.com/photos/team/public/g10487_120x120.png,New South Wales NPL,LB,LB,100,,0,,0,33.0,1993-05-01,0,,12,1060,0,0.4,4,2.24,21.14,50.2,Australia,['Australia'],,0,0,False,7.8100000000000005,6.96,48.78,3.14,59.46,0.17,0.24,0.08,4.25,5.88,1.3599999999999999,3,0.25,0,0.0,3.91,0.0,0,0.0,0.03,0,0.0,11,0.93,27.27,0.0,0.34,3.48,29.27,3.06,33.33,0.42,0.0,0.93,3.91,67.39,8.75,44.66,1.6099999999999999,2.38,0.25,37.7,1.19,0.59,56.29,70.14,26.83,58.86,5.52,90.77,42.96,81.42,10.36,35.25,21.05,44.14,0.19,1.3599999999999999,0.17,0.0,0.08,0.0,0.93,13.33,49.04,5.09,28.33,1.87,22.73,1.19,0.85,12.99,71.9,76.11,15.28,0,,0,,0,0.0,0.0,0.0,,,0.08,,3.14,0.34,0.0,0.0,1.1,0,0
O. Wiggin,Oliver Wiggin,-407789,Rockdale Ilinden,Rockdale Ilinden,https://cdn5.wyscout.com/photos/team/public/g14576_120x120.png,New South Wales NPL,"RAMF, RW",RAMF,59,RW,38,,0,26.0,2000-04-03,0,,14,1058,4,2.16,1,0.86,27.05,39.62,Australia,['Australia'],unknown,0,0,False,5.27,5.1,60.0,2.38,39.29,0.26,0.37,0.09,1.96,2.84,2.04,2,0.17,0,0.0,4.17,0.34,4,0.34,0.18,0,0.0,11,0.9400000000000001,36.36,36.364,0.09,3.5700000000000003,30.95,0.0,0.0,3.49,31.71,0.51,4.08,64.58,16.42,34.2,2.47,1.96,0.51,23.22,2.04,1.87,32.92,78.55,6.72,68.35,10.63,94.4,28.16,84.59,1.3599999999999999,75.0,14.76,20.52,0.07,0.85,0.0,0.0,0.09,100.0,0.51,1.96,69.57,3.32,41.03,0.09,100.0,0.6000000000000001,1.28,4.17,75.51,63.1,7.15,0,,0,,0,0.0,0.0,0.0,,,0.0,,2.38,0.0,0.0,0.0,0.0,0,0
T. Wada,Tomoki Wada,287211,Sydney United,Sydney United,https://cdn5.wyscout.com/photos/team/public/g154_120x120.png,New South Wales NPL,"CF, AMF, RCMF",CF,40,AMF,31,RCMF,23,31.0,1994-10-30,150000,,13,1056,3,2.38,4,3.62,13.89,43.56,Japan,['Japan'],right,172,57,False,6.05,5.45,57.81,1.19,21.43,0.68,0.87,0.09,2.22,2.8200000000000003,0.26,1,0.09,0,0.0,2.22,0.26,3,0.26,0.2,0,0.0,23,1.96,39.13,13.043,0.34,0.85,50.0,0.43,60.0,0.43,40.0,0.09,1.28,46.67,5.37,39.68,2.22,0.51,0.0,27.61,0.68,0.9400000000000001,36.14,75.24,12.19,65.03,8.27,89.69,30.09,80.17,5.2,50.82,17.51,35.42,0.31,2.3,0.0,0.09,0.51,83.33,0.9400000000000001,5.97,58.57,3.84,62.22,1.28,66.67,2.13,0.43,6.82,81.25,79.17,10.23,0,,0,,0,0.0,0.0,0.0,,,0.34,,1.19,1.7000000000000002,0.6000000000000001,42.86,2.64,0,0
J. Cameron,Jesse Cameron,-409084,Western Sydney W. U21,Western Sydney W. U21,https://cdn5.wyscout.com/photos/team/public/g23047_120x120.png,New South Wales NPL,"LB, RB",LB,64,RB,23,,0,20.0,2005-08-11,0,2027-06-30,14,1051,1,1.09,0,0.32,14.81,53.76,Australia,['Australia'],right,185,0,False,8.73,7.36,62.79,3.51,53.66,0.09,0.09,0.09,4.02,4.41,0.86,1,0.09,0,0.0,0.77,0.09,1,0.09,0.09,0,0.0,5,0.43,40.0,20.0,0.0,1.63,26.32,0.6900000000000001,25.0,0.9400000000000001,27.27,0.17,0.77,11.11,2.91,32.35,0.77,0.86,0.09,30.4,2.14,0.6900000000000001,40.59,77.43,16.44,71.88,4.54,90.57,34.25,84.5,4.71,43.64,19.41,32.26,0.03,0.6900000000000001,0.0,0.0,0.09,100.0,0.09,7.02,65.85,2.14,36.0,0.6900000000000001,37.5,0.26,0.43,11.65,69.85,80.5,13.62,0,,0,,0,0.0,0.0,0.0,,,0.17,,3.51,0.0,0.0,0.0,0.0,0,0
M. Tatafu,Mason Tatafu,-176824,St George City FA,St George City FA,https://cdn5.wyscout.com/photos/team/public/g38544_120x120.png,New South Wales NPL,"CB, LCB",CB,50,LCB,34,,0,24.0,2002-04-17,0,,11,1049,0,0.0,0,0.0,13.04,58.55,Australia,['Australia'],right,188,81,False,7.38,4.89,71.93,3.95,63.04,0.0,0.0,0.51,3.86,4.62,0.51,0,0.0,0,0.0,0.17,0.0,0,0.0,0.0,0,0.0,1,0.09,0.0,0.0,0.0,0.09,0.0,0.0,0.0,0.09,0.0,0.09,0.26,66.67,2.06,33.33,0.09,1.29,0.0,29.08,0.17,0.43,45.99,83.77,17.93,69.86,2.4,96.43,39.55,91.11,6.35,39.19,23.61,43.56,0.0,0.09,0.0,0.0,0.0,0.0,0.0,6.01,54.29,0.6000000000000001,14.29,0.6000000000000001,42.86,0.09,0.0,7.38,59.3,94.05,23.08,0,,0,,0,0.0,0.0,0.0,,,0.9400000000000001,,3.95,0.0,0.0,0.0,0.0,0,0
H. Domoto,Hiroto Domoto,-418994,St George City FA,St George City FA,https://cdn5.wyscout.com/photos/team/public/g38544_120x120.png,New South Wales NPL,"LW, CF, LAMF",LW,57,CF,22,LAMF,12,27.0,1998-12-06,0,,13,1030,2,1.88,1,2.88,18.09,48.31,Japan,['Japan'],unknown,0,0,False,7.34,6.55,64.0,0.79,0.0,0.35000000000000003,0.38,0.26,2.8,3.07,1.1400000000000001,2,0.17,0,0.0,4.63,0.17,2,0.17,0.16,1,0.09,25,2.18,40.0,8.0,0.09,2.5300000000000002,41.38,2.36,40.74,0.17,50.0,0.26,4.63,58.49,9.0,46.6,3.06,2.8,0.7000000000000001,17.56,1.49,1.31,23.07,76.52,4.98,64.91,7.25,95.18,19.14,83.56,1.6600000000000001,36.84,17.51,30.59,0.25,1.75,0.0,0.0,0.0,0.0,0.35000000000000003,2.62,66.67,1.75,50.0,0.09,0.0,0.61,1.05,3.5,65.0,62.12,5.77,0,,0,,0,0.0,0.0,0.0,,,0.09,,0.79,0.61,0.17,50.0,2.62,0,0
A. Kimura,Ayumu  Kimura,-713633,Manly United,Manly United,https://cdn5.wyscout.com/photos/team/public/g10491_120x120.png,New South Wales NPL,"RAMF, LAMF, RW",RAMF,45,LAMF,22,RW,11,25.0,2001-04-25,0,,15,1027,1,1.34,3,1.01,18.49,41.23,Japan,['Japan'],,0,0,False,6.84,6.13,70.0,2.02,30.43,0.44,0.53,0.09,2.1,2.54,0.61,1,0.09,0,0.0,2.19,0.09,1,0.09,0.12,0,0.0,22,1.9300000000000002,22.73,4.545,0.26,1.49,29.41,0.0,0.0,1.49,29.41,0.26,2.45,53.57,7.19,25.61,2.45,1.49,0.18,13.23,2.19,0.26,16.21,73.51,5.17,67.8,2.63,90.0,13.67,79.49,1.1400000000000001,61.54,17.14,21.58,0.09,0.61,0.09,0.0,0.09,0.0,0.35000000000000003,1.4,75.0,1.4,43.75,0.09,0.0,0.53,0.35000000000000003,3.51,67.5,72.73,5.78,0,,0,,0,0.0,0.0,0.0,,,0.0,,2.02,0.09,0.09,100.0,0.0,0,0
M. Kouta,Michael Kouta,491989,APIA Leichhardt Tigers,APIA Leichhardt Tigers,https://cdn5.wyscout.com/photos/team/public/g10487_120x120.png,New South Wales NPL,"LCB, LB",LCB,75,LB,24,,0,28.0,1997-09-04,0,,11,1019,1,0.65,3,0.78,14.66,57.23,Australia,['Australia'],,0,0,False,9.1,6.54,70.27,2.38,48.15,0.18,0.25,0.26,4.33,6.02,0.97,3,0.26,0,0.0,0.79,0.09,1,0.09,0.06,1,0.09,6,0.53,16.67,16.667,0.26,0.88,20.0,0.88,20.0,0.0,0.0,0.35000000000000003,0.88,50.0,3.71,42.86,0.71,2.21,0.26,35.59,0.62,0.71,55.38,82.78,24.38,73.55,4.5,96.08,47.34,90.49,7.15,39.51,20.32,38.68,0.07,0.44,0.0,0.18,0.18,50.0,0.18,10.86,67.48,1.5899999999999999,16.67,1.15,15.38,0.18,0.18,11.31,70.31,91.42,20.58,0,,0,,0,0.0,0.0,0.0,,,1.4100000000000001,,2.38,0.18,0.09,0.0,0.79,0,0
E. Vinci,Emilio  Vinci,-453950,UNSW,UNSW,https://cdn5.wyscout.com/photos/team/public/g33621_120x120.png,New South Wales NPL,"LB, LWB",LB,52,LWB,41,,0,22.0,2004-03-05,0,,13,1018,0,0.32,1,0.85,16.44,53.76,Australia,['Australia'],,0,0,False,7.87,5.75,66.15,2.39,48.15,0.27,0.32,0.09,3.8,4.59,0.8,3,0.27,0,0.0,1.5899999999999999,0.0,0,0.0,0.03,0,0.0,3,0.27,0.0,0.0,0.09,1.77,30.0,1.77,30.0,0.0,0.0,0.18,1.4100000000000001,75.0,6.63,44.0,0.88,1.33,0.18,22.37,1.5899999999999999,2.3,30.5,80.58,10.17,68.7,6.19,94.29,27.14,85.99,1.5899999999999999,44.44,17.87,28.66,0.07,0.88,0.0,0.0,0.0,0.0,0.09,4.16,63.83,2.03,34.78,0.09,0.0,0.44,0.44,6.37,72.22,83.17,8.93,0,,0,,0,0.0,0.0,0.0,,,0.35000000000000003,,2.39,0.0,0.0,0.0,0.62,0,0
M. Krslovic,Michael Krslovic,-781165,Sydney United,Sydney United,https://cdn5.wyscout.com/photos/team/public/g154_120x120.png,New South Wales NPL,CF,CF,99,,0,,0,22.0,2004-05-15,0,,15,1014,6,6.57,0,0.44,20.24,38.16,Australia,['Australia'],,0,0,False,3.73,3.11,60.0,4.53,35.29,0.0,0.0,0.0,1.8599999999999999,2.4,1.42,0,0.0,0,0.0,2.5700000000000003,0.53,5,0.44,0.58,0,0.0,25,2.22,56.0,24.0,0.0,0.71,25.0,0.36,0.0,0.27,66.67,0.09,2.49,46.43,9.23,35.58,3.8200000000000003,1.69,0.09,7.8100000000000005,2.5700000000000003,1.6,9.94,66.07,2.31,46.15,3.2,83.33,9.05,69.61,0.36,25.0,15.1,11.86,0.04,0.44,0.09,0.09,0.0,0.0,0.0,0.62,28.57,0.71,37.5,0.0,0.0,0.27,0.09,0.62,71.43,65.22,2.04,0,,0,,0,0.0,0.0,0.0,,,0.0,,4.53,0.0,0.0,0.0,0.0,1,100
M. Fernandez,Martin Fernandez,-186111,SD Raiders,SD Raiders,https://cdn5.wyscout.com/photos/team/public/g36030_120x120.png,New South Wales NPL,"CF, AMF, LAMF",CF,35,AMF,30,LAMF,13,25.0,2000-07-06,0,,15,1013,6,4.22,2,1.31,22.74,43.75,Australia,['Australia'],,0,0,False,7.11,6.75,65.79,1.69,21.05,0.18,0.23,0.0,2.49,3.18,1.15,2,0.18,0,0.0,4.35,0.53,6,0.53,0.38,0,0.0,39,3.46,51.28,15.385,0.18,0.89,20.0,0.44,20.0,0.36,25.0,0.44,4.62,51.92,12.08,36.03,3.29,2.67,0.53,17.68,1.42,0.89,25.5,73.87,8.17,72.83,5.6,87.3,22.03,77.02,2.58,65.52,16.79,23.68,0.12,0.8,0.0,0.0,0.0,0.0,0.62,3.91,63.64,1.78,50.0,0.53,66.67,0.89,0.18,4.26,75.0,70.13,6.84,0,,0,,0,0.0,0.0,0.0,,,0.09,,1.69,0.36,0.27,66.67,0.0,0,0
K. Petratos,Kosta Petratos,432693,NWS Spirit,NWS Spirit,https://cdn5.wyscout.com/photos/team/public/g-16418_120x120.png,New South Wales NPL,CF,CF,89,,0,,0,28.0,1998-03-01,0,,11,1011,3,3.04,0,0.78,29.73,32.63,Australia,"['Australia', 'Greece']",right,181,81,False,5.34,4.8100000000000005,61.11,4.8100000000000005,27.78,0.27,0.35000000000000003,0.09,2.14,2.79,1.25,0,0.0,0,0.0,2.58,0.27,2,0.18,0.27,1,0.09,25,2.23,44.0,12.0,0.0,1.51,23.53,0.71,12.5,0.8,33.33,0.27,3.74,30.95,17.0,27.75,2.94,0.89,0.0,12.91,0.8,1.51,22.43,74.21,7.12,68.75,6.85,92.21,19.58,80.45,1.87,33.33,15.36,32.89,0.07,0.71,0.09,0.09,0.09,100.0,0.09,1.96,54.55,1.96,45.45,0.18,50.0,0.98,0.36,2.31,76.92,61.67,5.34,0,,0,,0,0.0,0.0,0.0,,,0.0,,4.8100000000000005,0.71,0.53,50.0,1.34,1,100
T. Hedley,Taye Ashton Hedley,-562516,Sydney FC II,Sydney FC II,https://cdn5.wyscout.com/photos/team/public/g-12408_120x120.png,New South Wales NPL,"AMF, LWF, LAMF",AMF,30,LWF,23,LAMF,23,20.0,2006-05-04,0,,14,1004,3,2.07,3,2.71,19.36,49.54,Australia,['Australia'],right,168,0,False,4.39,4.75,62.26,0.99,18.18,0.0,0.0,0.0,1.43,1.75,0.27,0,0.0,0,0.0,4.39,0.27,3,0.27,0.19,0,0.0,24,2.15,45.83,12.5,0.27,1.88,28.57,0.9,30.0,0.99,27.27,0.18,4.84,57.41,11.83,49.24,2.7800000000000002,3.05,0.18,27.16,1.25,2.69,34.06,78.95,10.22,73.68,7.17,92.5,29.94,85.33,2.24,36.0,16.11,26.98,0.24,1.7000000000000002,0.09,0.0,0.18,50.0,0.72,4.48,58.0,3.76,54.76,0.81,55.56,1.43,0.72,6.19,73.91,74.26,9.05,0,,0,,0,0.0,0.0,0.0,,,0.0,,0.99,1.17,0.27,33.33,1.97,0,0
A. Masciovecchio,Alex Masciovecchio,-245220,Wollongong Wolves,Wollongong Wolves,https://cdn5.wyscout.com/photos/team/public/g155_120x120.png,New South Wales NPL,"LW, RW",LW,56,RW,35,,0,24.0,2001-09-25,0,,13,1001,2,1.3599999999999999,2,1.67,12.77,57.75,Australia,['Australia'],,0,0,False,4.77,4.41,63.27,0.72,62.5,0.09,0.11,0.09,1.8900000000000001,2.36,0.63,3,0.27,0,0.0,1.98,0.18,2,0.18,0.12,0,0.0,15,1.35,26.67,13.333,0.18,2.07,13.04,0.63,0.0,1.44,18.75,0.09,2.34,57.69,6.02,53.73,2.61,1.8900000000000001,0.45,23.29,1.8,2.07,31.56,76.92,9.53,66.04,8.27,96.74,27.51,83.33,2.16,50.0,18.84,25.91,0.15,1.26,0.0,0.0,0.09,0.0,0.54,4.5,68.0,2.25,36.0,0.27,0.0,0.81,0.18,5.66,85.71,75.86,7.82,0,,0,,0,0.0,0.0,0.0,,,0.27,,0.72,0.09,0.0,0.0,0.09,0,0
R. Kunimoto,Reo Kunimoto,-173132,Rockdale Ilinden,Rockdale Ilinden,https://cdn5.wyscout.com/photos/team/public/g14576_120x120.png,New South Wales NPL,LCB,LCB,100,,0,,0,24.0,2001-09-01,50000,,13,999,0,0.55,0,0.16,12.88,64.34,Japan,['Japan'],left,186,79,False,10.72,6.22,75.36,4.23,53.19,1.26,1.87,0.63,4.77,7.07,0.9,2,0.18,0,0.0,0.09,0.0,0,0.0,0.05,0,0.0,1,0.09,100.0,0.0,0.0,0.0,0.0,0.0,0.0,0.0,0.0,0.0,0.0,0.0,0.54,66.67,0.36,0.27,0.0,36.67,0.0,0.27,52.43,85.4,27.3,79.21,1.62,88.89,45.5,89.7,6.94,57.14,20.96,43.24,0.01,0.09,0.0,0.0,0.09,0.0,0.0,8.02,64.04,0.81,33.33,0.81,22.22,0.27,0.0,13.06,72.41,94.2,18.65,0,,0,,0,0.0,0.0,0.0,,,0.9,,4.23,0.0,0.0,0.0,0.0,0,0
L. Campbell,Lachlan Campbell,-186112,UNSW,UNSW,https://cdn5.wyscout.com/photos/team/public/g33621_120x120.png,New South Wales NPL,"CB, DMF, RCB",CB,30,DMF,26,RCB,20,27.0,1998-11-10,0,,11,996,1,0.9400000000000001,0,0.0,15.36,58.82,Australia,['Australia'],,0,0,False,10.48,6.05,55.22,4.97,70.91,0.63,0.78,0.54,6.51,8.0,1.63,6,0.54,1,0.09,0.36,0.09,1,0.09,0.08,1,0.09,6,0.54,33.33,16.667,0.0,0.0,0.0,0.0,0.0,0.0,0.0,0.0,0.36,50.0,2.44,51.85,0.99,0.54,0.0,27.29,0.27,1.08,46.81,86.49,16.99,72.87,3.89,97.67,41.75,89.18,5.06,64.29,19.55,33.25,0.0,0.0,0.0,0.0,0.0,0.0,0.0,4.52,58.0,0.09,0.0,0.09,0.0,0.27,0.0,7.23,65.0,94.96,21.51,0,,0,,0,0.0,0.0,0.0,,,1.72,,4.97,0.0,0.0,0.0,0.0,0,0
L. Everett,Lachlan Everett,-186160,SD Raiders,SD Raiders,https://cdn5.wyscout.com/photos/team/public/g36030_120x120.png,New South Wales NPL,"RDMF, DMF, RCMF",RDMF,30,DMF,25,RCMF,11,29.0,1997-03-24,0,,13,994,0,0.03,0,0.44,8.33,63.04,Australia,['Australia'],,0,0,False,6.43,4.89,66.67,0.81,44.44,0.45,0.5700000000000001,0.27,2.7199999999999998,3.45,0.72,1,0.09,0,0.0,0.81,0.0,0,0.0,0.0,0,0.0,3,0.27,33.33,0.0,0.0,0.72,12.5,0.27,0.0,0.36,25.0,0.09,0.72,87.5,1.81,60.0,0.0,0.45,0.0,21.46,0.36,0.54,31.78,81.2,10.23,68.14,5.43,95.0,26.35,87.97,4.71,53.85,20.64,38.84,0.04,0.27,0.0,0.0,0.0,0.0,0.0,4.62,64.71,1.3599999999999999,33.33,0.27,0.0,0.36,0.09,5.52,65.57,84.85,11.95,0,,0,,0,0.0,0.0,0.0,,,0.18,,0.81,0.18,0.0,0.0,0.0,0,0
L. Macdonald,Lachlan Macdonald,-328141,Sutherland Sharks,Sutherland Sharks,https://cdn5.wyscout.com/photos/team/public/g10493_120x120.png,New South Wales NPL,"RB5, RWB, RB",RB5,40,RWB,27,RB,18,21.0,2004-10-25,0,,15,988,2,0.43,2,0.85,17.03,51.87,Australia,['Australia'],right,178,0,False,8.93,7.11,64.1,3.55,58.97,0.55,0.81,0.64,3.83,5.65,1.09,1,0.09,0,0.0,1.9100000000000001,0.18,2,0.18,0.04,1,0.09,4,0.36,75.0,50.0,0.18,2.55,32.14,0.09,100.0,2.46,29.63,0.18,1.18,69.23,3.64,30.0,0.8200000000000001,0.91,0.0,24.78,1.82,0.91,34.34,70.29,13.39,55.78,7.83,91.86,28.15,79.29,3.73,26.83,21.11,35.49,0.08,0.64,0.0,0.0,0.0,0.0,0.36,4.74,48.08,2.46,44.44,0.0,0.0,0.36,0.91,7.29,67.5,78.21,7.11,0,,0,,0,0.0,0.0,0.0,,,0.73,,3.55,0.0,0.0,0.0,0.0,0,0
J. Percevski,Jamie Percevski,467561,Sutherland Sharks,Sutherland Sharks,https://cdn5.wyscout.com/photos/team/public/g10493_120x120.png,New South Wales NPL,"CB, RCB",CB,68,RCB,26,,0,25.0,2000-07-20,0,,11,984,2,1.6600000000000001,1,0.64,12.07,66.67,North Macedonia,"['North Macedonia', 'Australia']",right,0,0,False,10.24,4.76,76.92,4.76,61.54,0.18,0.27,0.91,6.4,9.46,0.46,4,0.37,0,0.0,0.55,0.18,2,0.18,0.15,2,0.18,9,0.8200000000000001,55.56,22.222,0.09,0.09,0.0,0.09,0.0,0.0,0.0,0.0,0.0,0.0,0.8200000000000001,44.44,1.1,0.46,0.0,27.53,0.0,0.73,44.73,86.09,13.35,65.07,2.65,96.55,41.25,90.69,3.38,32.43,19.58,32.35,0.06,0.37,0.0,0.0,0.09,100.0,0.27,3.5700000000000003,51.28,0.91,30.0,0.27,66.67,0.46,0.09,5.76,49.21,96.55,23.87,0,,0,,0,0.0,0.0,0.0,,,1.65,,4.76,0.0,0.0,0.0,0.0,0,0
D. Ryan,Dylan Ryan,504752,Wollongong Wolves,Wollongong Wolves,https://cdn5.wyscout.com/photos/team/public/g155_120x120.png,New South Wales NPL,LCB,LCB,99,,0,,0,25.0,2000-06-10,0,,11,977,0,0.30000000000000004,0,0.41000000000000003,11.33,61.79,Australia,['Australia'],left,184,75,False,9.21,3.87,66.67,3.68,62.5,0.37,0.47000000000000003,0.55,6.26,7.97,0.64,0,0.0,1,0.09,0.55,0.0,0,0.0,0.03,0,0.0,3,0.28,66.67,0.0,0.0,0.18,0.0,0.18,0.0,0.0,0.0,0.09,0.37,100.0,1.8399999999999999,65.0,0.37,0.92,0.09,35.19,0.28,0.37,55.09,85.28,27.64,78.67,2.67,89.66,46.06,90.6,8.94,58.76,22.08,40.58,0.04,0.18,0.0,0.0,0.0,0.0,0.09,5.99,70.77,0.92,40.0,0.92,60.0,0.55,0.09,14.28,69.68,93.3,20.63,0,,0,,0,0.0,0.0,0.0,,,2.03,,3.68,0.0,0.0,0.0,0.0,0,0
A. Abdul-Rahman,Alaat Abdul-Rahman,-554470,Western Sydney W. U21,Western Sydney W. U21,https://cdn5.wyscout.com/photos/team/public/g23047_120x120.png,New South Wales NPL,"CF, RW, LW",CF,40,RW,33,LW,10,19.0,2007-04-04,0,2027-06-30,13,976,3,3.59,2,0.72,20.19,40.18,Australia,['Australia'],unknown,0,0,False,6.36,4.98,64.81,2.49,29.63,0.18,0.21,0.09,2.95,3.4,1.01,0,0.0,0,0.0,2.58,0.28,3,0.28,0.33,0,0.0,20,1.8399999999999999,45.0,15.0,0.18,2.03,27.27,0.37,50.0,1.6600000000000001,22.22,0.18,2.58,46.43,9.87,32.71,3.23,1.6600000000000001,0.37,21.12,2.12,1.6600000000000001,26.65,73.36,3.87,57.14,9.22,89.0,24.16,78.24,0.46,20.0,17.92,17.97,0.07,0.46,0.0,0.0,0.0,0.0,0.46,2.31,72.0,1.8399999999999999,60.0,0.09,0.0,0.92,0.65,4.06,72.73,67.95,7.19,0,,0,,0,0.0,0.0,0.0,,,0.09,,2.49,0.0,0.0,0.0,0.0,1,0
S. De Robillard,Stephan De Robillard,-245206,Manly United,Manly United,https://cdn5.wyscout.com/photos/team/public/g10491_120x120.png,New South Wales NPL,"LAMF, RAMF, LW",LAMF,41,RAMF,23,LW,14,23.0,2002-12-02,0,,14,973,3,2.42,0,0.64,26.18,42.05,Australia,['Australia'],,0,0,False,6.01,6.75,57.53,2.59,42.86,0.18,0.25,0.0,1.94,2.66,1.6600000000000001,2,0.18,0,0.0,4.07,0.28,3,0.28,0.22,0,0.0,25,2.31,40.0,12.0,0.0,1.48,18.75,0.92,20.0,0.46,20.0,0.18,6.2,44.78,14.06,36.18,2.68,2.96,0.18,18.5,2.03,1.6600000000000001,24.33,71.48,6.94,64.0,5.73,88.71,21.74,76.17,1.11,50.0,16.73,11.54,0.06,0.28,0.0,0.0,0.09,100.0,0.28,2.31,76.0,1.2,46.15,0.09,100.0,0.65,0.28,2.68,58.62,70.49,5.64,0,,0,,0,0.0,0.0,0.0,,,0.0,,2.59,0.0,0.0,0.0,0.0,0,0
S. Malfara,Sebastian Malfara,-725514,SD Raiders,SD Raiders,https://cdn5.wyscout.com/photos/team/public/g36030_120x120.png,New South Wales NPL,"DMF, RCMF, RDMF",DMF,25,RCMF,25,RDMF,11,30.0,1996-02-05,0,,14,967,0,0.49,0,0.62,17.59,57.14,Australia,['Australia'],unknown,0,0,False,8.56,6.79,56.16,1.21,61.54,1.3,1.71,0.28,3.44,4.51,1.58,2,0.19,1,0.09,1.4,0.0,0,0.0,0.05,0,0.0,6,0.56,33.33,0.0,0.0,0.84,55.56,0.47000000000000003,60.0,0.19,0.0,0.19,1.4,53.33,7.45,51.25,0.28,0.93,0.28,19.17,0.65,2.61,30.53,75.0,13.59,60.96,4.65,94.0,21.78,80.77,8.0,60.47,21.61,36.61,0.06,0.84,0.0,0.0,0.19,0.0,0.0,7.91,57.65,2.23,45.83,1.77,36.84,0.47000000000000003,0.47000000000000003,7.17,79.22,86.81,8.47,0,,0,,0,0.0,0.0,0.0,,,0.37,,1.21,2.05,0.19,50.0,3.35,0,0
Z. Ahluwalia,Zayne Oren Ahluwalia,-451390,NWS Spirit,NWS Spirit,https://cdn5.wyscout.com/photos/team/public/g-16418_120x120.png,New South Wales NPL,"LCMF, RCMF, RDMF",LCMF,44,RCMF,30,RDMF,12,23.0,2003-02-20,0,,15,961,0,0.23,0,0.34,10.58,54.87,Australia,['Australia'],,0,0,False,8.15,5.9,65.08,1.03,36.36,0.09,0.12,0.37,4.21,5.25,1.03,1,0.09,0,0.0,0.47000000000000003,0.0,0,0.0,0.02,0,0.0,11,1.03,0.0,0.0,0.0,0.75,12.5,0.28,0.0,0.47000000000000003,20.0,0.09,0.37,75.0,1.97,47.62,0.09,0.56,0.0,29.97,0.19,0.75,45.33,80.17,17.04,69.78,6.93,94.59,39.61,86.29,4.96,41.51,17.25,24.8,0.03,0.56,0.0,0.0,0.09,100.0,0.09,7.59,53.09,1.97,23.81,0.56,16.67,0.28,0.09,7.21,71.43,83.77,14.42,0,,0,,0,0.0,0.0,0.0,,,0.84,,1.03,0.84,0.19,0.0,0.0,0,0
D. Rose,Dylan  Rose,-346600,Sydney United,Sydney United,https://cdn5.wyscout.com/photos/team/public/g154_120x120.png,New South Wales NPL,"DMF, RCMF, RDMF",DMF,38,RCMF,33,RDMF,16,20.0,2006-04-20,0,,10,958,0,0.03,0,0.21,22.27,54.85,Australia,['Australia'],,0,0,False,14.28,10.05,69.16,2.07,50.0,0.0,0.0,0.38,7.33,9.55,2.35,5,0.47000000000000003,0,0.0,1.13,0.0,0,0.0,0.0,0,0.0,2,0.19,0.0,0.0,0.0,0.19,50.0,0.0,0.0,0.19,50.0,0.0,1.97,47.62,6.95,41.89,0.09,1.97,0.19,29.41,0.19,1.13,49.7,80.34,18.32,59.49,6.01,98.44,43.12,87.36,6.39,33.82,19.87,39.51,0.02,0.47000000000000003,0.09,0.09,0.28,33.33,0.19,10.8,63.48,2.44,34.62,1.4100000000000001,26.67,0.75,0.09,9.68,66.99,92.27,19.45,0,,0,,0,0.0,0.0,0.0,,,0.09,,2.07,0.09,0.0,0.0,0.0,0,0
A. Vlastelica,Adrian Vlastelica,493501,Sydney United,Sydney United,https://cdn5.wyscout.com/photos/team/public/g154_120x120.png,New South Wales NPL,LCB,LCB,97,,0,,0,31.0,1995-01-16,0,,12,940,1,0.25,0,0.01,10.63,62.16,Australia,['Australia'],,185,0,False,7.18,4.31,73.33,3.26,55.88,0.29,0.39,0.48,3.73,5.06,0.38,3,0.29,1,0.1,0.19,0.1,1,0.1,0.02,0,0.0,1,0.1,100.0,100.0,0.0,0.0,0.0,0.0,0.0,0.0,0.0,0.0,0.1,100.0,1.15,58.33,0.48,1.15,0.1,33.99,0.19,0.96,52.28,77.66,25.28,61.36,2.2,91.3,39.16,90.95,13.12,37.96,26.87,46.61,0.0,0.1,0.0,0.0,0.0,0.0,0.0,13.98,55.48,2.59,29.63,2.01,19.05,0.77,0.0,13.31,74.1,96.35,20.97,0,,0,,0,0.0,0.0,0.0,,,1.24,,3.26,0.0,0.0,0.0,0.0,0,0
M. Konestabo,Michael Konestabo,-581935,APIA Leichhardt Tigers,APIA Leichhardt Tigers,https://cdn5.wyscout.com/photos/team/public/g10487_120x120.png,New South Wales NPL,"AMF, CF, RCMF",AMF,45,CF,22,RCMF,11,28.0,1998-03-27,0,,15,936,3,2.18,0,1.15,18.17,49.74,Australia,['Australia'],right,185,0,False,10.19,7.98,66.27,0.38,25.0,0.96,1.3900000000000001,0.1,3.94,5.69,1.54,3,0.29,0,0.0,1.63,0.29,3,0.29,0.21,1,0.1,20,1.92,40.0,15.0,0.0,0.29,0.0,0.19,0.0,0.1,0.0,0.0,1.73,44.44,7.79,30.86,3.08,1.06,0.1,19.9,1.25,1.06,29.9,82.32,7.98,63.86,7.21,90.67,27.79,86.16,1.83,36.84,15.77,22.13,0.11,1.35,0.0,0.0,0.1,100.0,0.77,2.88,66.67,1.54,62.5,0.19,50.0,1.73,0.0,3.08,81.25,92.11,7.31,0,,0,,0,0.0,0.0,0.0,,,0.1,,0.38,0.1,0.0,0.0,0.0,0,0
A. Malfara,Alexander Malfara,-186235,UNSW,UNSW,https://cdn5.wyscout.com/photos/team/public/g33621_120x120.png,New South Wales NPL,"RCMF, LCMF",RCMF,34,LCMF,33,,0,27.0,1999-04-03,0,,13,931,0,0.09,0,0.1,23.59,48.36,Australia,['Australia'],,0,0,False,11.41,11.21,58.62,0.97,60.0,1.06,1.26,0.19,3.77,4.47,2.32,4,0.39,0,0.0,0.97,0.0,0,0.0,0.01,0,0.0,4,0.39,0.0,0.0,0.0,0.58,33.33,0.19,50.0,0.39,25.0,0.0,1.06,72.73,8.8,36.26,0.1,0.77,0.1,21.65,0.19,1.74,34.99,78.73,10.15,54.29,7.93,98.78,30.06,83.92,4.45,50.0,19.27,32.14,0.01,0.19,0.0,0.0,0.0,0.0,0.1,5.61,58.62,0.97,20.0,0.29,0.0,0.1,0.1,4.74,57.14,88.43,11.7,0,,0,,0,0.0,0.0,0.0,,,0.97,,0.97,0.19,0.0,0.0,0.0,0,0
J. Maniti,Jacob Francis Maniti,-248123,Blacktown City,Blacktown City,https://cdn5.wyscout.com/photos/team/public/g10489_120x120.png,New South Wales NPL,"LDMF, RCMF, RDMF",LDMF,31,RCMF,23,RDMF,14,23.0,2002-10-16,0,,14,928,0,0.16,0,0.19,13.97,52.08,Philippines,"['Philippines', 'El Salvador']",right,172,66,False,7.18,7.27,64.0,3.01,38.71,0.19,0.26,0.1,2.33,3.09,1.3599999999999999,4,0.39,1,0.1,0.58,0.0,0,0.0,0.02,0,0.0,3,0.29,33.33,0.0,0.0,0.78,37.5,0.39,50.0,0.39,25.0,0.0,0.48,40.0,2.42,36.0,0.0,0.39,0.0,22.6,0.29,0.48,36.08,79.57,12.7,64.89,7.5600000000000005,93.59,29.97,85.11,5.33,54.55,19.12,33.24,0.02,0.39,0.0,0.0,0.0,0.0,0.0,6.5,68.66,1.8399999999999999,26.32,0.19,50.0,0.1,0.29,7.18,72.97,90.83,10.57,0,,0,,0,0.0,0.0,0.0,,,0.68,,3.01,0.39,0.0,0.0,0.58,0,0
K. Nizam,Kaan Nizam,-572686,NWS Spirit,NWS Spirit,https://cdn5.wyscout.com/photos/team/public/g-16418_120x120.png,New South Wales NPL,"RW, CF",RW,45,CF,27,,0,19.0,2007-01-01,0,,15,919,0,2.1,0,0.28,16.94,38.15,Australia,['Australia'],,0,0,False,5.39,4.31,72.73,2.06,19.05,0.29,0.37,0.0,1.96,2.46,0.88,1,0.1,0,0.0,2.06,0.0,0,0.0,0.21,0,0.0,20,1.96,35.0,0.0,0.0,1.08,18.18,0.29,0.0,0.6900000000000001,28.57,0.2,3.04,35.48,8.52,26.44,1.96,1.47,0.6900000000000001,16.55,1.37,0.6900000000000001,20.27,78.26,5.29,75.93,6.07,93.55,18.51,83.6,0.6900000000000001,28.57,15.75,9.35,0.03,0.49,0.0,0.0,0.1,100.0,0.1,2.15,59.09,2.15,40.91,0.29,33.33,0.88,0.2,3.62,72.97,64.71,4.99,0,,0,,0,0.0,0.0,0.0,,,0.1,,2.06,0.0,0.0,0.0,0.0,0,0
A. Krilic,Anthony Krilic,-205588,Sydney United,Sydney United,https://cdn5.wyscout.com/photos/team/public/g154_120x120.png,New South Wales NPL,LB,LB,89,,0,,0,23.0,2002-08-20,0,,12,918,1,0.65,0,0.34,21.47,57.08,Australia,['Australia'],right,180,0,False,11.67,10.88,66.67,3.73,63.16,0.1,0.12,0.39,4.31,5.24,1.37,0,0.0,0,0.0,1.67,0.1,1,0.1,0.06,1,0.1,10,0.98,20.0,10.0,0.0,1.47,33.33,1.18,33.33,0.29,33.33,0.29,2.06,47.62,4.71,39.58,1.27,2.55,0.59,23.63,1.08,0.59,34.02,71.76,14.71,58.67,5.1,84.62,27.65,81.91,5.0,25.49,20.22,38.7,0.03,0.29,0.1,0.0,0.0,0.0,0.29,5.59,56.14,1.37,64.29,0.2,0.0,0.29,0.49,7.75,56.96,82.8,9.12,0,,0,,0,0.0,0.0,0.0,,,0.2,,3.73,0.0,0.0,0.0,0.0,0,0
C. Ragg,Charlie Ragg,-328422,SD Raiders,SD Raiders,https://cdn5.wyscout.com/photos/team/public/g36030_120x120.png,New South Wales NPL,"LAMF, LWB, LCMF3",LAMF,26,LWB,25,LCMF3,10,22.0,2003-12-07,0,,12,904,3,1.47,0,1.04,17.32,45.98,Australia,['Australia'],,0,0,False,6.67,6.07,59.02,1.5899999999999999,43.75,0.30000000000000004,0.4,0.0,2.79,3.73,0.8,0,0.0,0,0.0,2.59,0.30000000000000004,3,0.30000000000000004,0.15,1,0.1,8,0.8,50.0,37.5,0.0,2.99,40.0,2.09,38.1,0.9,44.44,0.5,2.69,33.33,6.87,33.33,2.29,1.3900000000000001,0.1,23.6,3.88,1.29,31.86,75.0,9.66,69.07,7.07,88.73,24.99,82.07,3.98,57.5,20.93,31.6,0.1,1.0,0.0,0.0,0.1,100.0,0.5,2.99,63.33,2.89,51.72,0.30000000000000004,100.0,0.5,1.19,6.37,68.75,77.78,10.75,0,,0,,0,0.0,0.0,0.0,,,0.30000000000000004,,1.5899999999999999,0.1,0.0,0.0,0.6000000000000001,0,0
K. Nakano,Koya Nakano,-723618,Sydney United,Sydney United,https://cdn5.wyscout.com/photos/team/public/g154_120x120.png,New South Wales NPL,"LB, LCMF",LB,68,LCMF,23,,0,,,0,,12,902,2,0.78,0,0.32,17.86,53.63,Australia,['Australia'],unknown,0,0,False,10.08,6.98,71.43,2.49,56.0,0.1,0.14,0.2,4.99,6.79,0.7000000000000001,1,0.1,0,0.0,2.0,0.2,2,0.2,0.08,1,0.1,9,0.9,44.44,22.222,0.0,1.4,57.14,1.3,53.85,0.1,100.0,0.0,1.7000000000000002,47.06,6.59,31.82,1.0,0.6000000000000001,0.0,27.44,1.5,1.1,40.11,81.34,14.17,66.2,5.09,94.12,33.82,85.55,5.09,58.82,20.87,40.94,0.03,0.4,0.0,0.0,0.0,0.0,0.30000000000000004,6.78,66.18,2.0,60.0,0.4,25.0,0.5,0.7000000000000001,7.18,77.78,91.5,15.27,0,,0,,0,0.0,0.0,0.0,,,0.6000000000000001,,2.49,0.0,0.0,0.0,0.1,0,0
C. Cronin,Corey Cronin,-563828,Sydney FC II,Sydney FC II,https://cdn5.wyscout.com/photos/team/public/g-12408_120x120.png,New South Wales NPL,"LWB, LB",LWB,74,LB,21,,0,21.0,2005-03-24,0,,11,896,0,0.49,1,1.97,10.25,54.9,Australia,['Australia'],,0,0,False,6.53,6.03,70.0,0.8,50.0,0.0,0.0,0.2,2.31,2.73,0.5,1,0.1,0,0.0,1.21,0.0,0,0.0,0.05,0,0.0,7,0.7000000000000001,14.29,0.0,0.1,3.42,23.53,3.31,21.21,0.0,0.0,0.4,0.6000000000000001,50.0,2.21,36.36,1.6099999999999999,1.4100000000000001,0.4,23.0,1.71,0.4,28.83,76.66,8.24,68.29,6.93,92.75,23.5,87.61,1.9100000000000001,36.84,18.68,35.24,0.2,1.31,0.0,0.0,0.1,0.0,0.7000000000000001,2.61,73.08,2.91,34.48,0.6000000000000001,16.67,0.30000000000000004,1.0,5.42,66.67,71.0,10.04,0,,0,,0,0.0,0.0,0.0,,,0.30000000000000004,,0.8,0.7000000000000001,0.2,0.0,1.9100000000000001,0,0
J. Photi,Jesse Photi,-414476,St George City FA,St George City FA,https://cdn5.wyscout.com/photos/team/public/g38544_120x120.png,New South Wales NPL,"RW, CF",RW,43,CF,23,,0,21.0,2004-10-27,0,,15,891,2,1.6099999999999999,0,0.58,19.19,36.32,Australia,['Australia'],,0,0,False,4.24,3.94,58.97,4.14,36.59,0.0,0.0,0.0,1.92,2.11,0.81,0,0.0,0,0.0,1.82,0.2,2,0.2,0.16,0,0.0,11,1.11,36.36,18.182,0.0,1.21,25.0,0.1,0.0,1.11,27.27,0.0,2.73,40.74,8.79,31.03,2.22,2.22,0.81,11.41,1.62,1.82,18.28,74.03,4.24,57.14,5.25,90.38,16.36,80.86,0.71,0.0,13.54,8.86,0.06,0.71,0.0,0.0,0.1,0.0,0.2,1.4100000000000001,71.43,1.4100000000000001,42.86,0.2,0.0,0.4,0.30000000000000004,2.42,58.33,64.71,3.43,0,,0,,0,0.0,0.0,0.0,,,0.1,,4.14,0.0,0.0,0.0,0.0,0,0
H. McCarthy,Harry McCarthy,-189062,Rockdale Ilinden,Rockdale Ilinden,https://cdn5.wyscout.com/photos/team/public/g14576_120x120.png,New South Wales NPL,"LAMF, LW",LAMF,52,LW,39,,0,24.0,2001-11-13,0,,13,883,1,3.43,3,0.97,19.88,38.46,Australia,['Australia'],right,0,0,False,4.89,4.59,55.56,1.83,5.5600000000000005,0.61,0.9,0.1,1.73,2.54,1.33,3,0.31,0,0.0,2.55,0.1,1,0.1,0.35000000000000003,0,0.0,23,2.34,30.43,4.348,0.31,0.31,33.33,0.31,33.33,0.0,0.0,0.1,2.75,55.56,10.91,37.38,3.77,2.45,0.2,22.93,1.53,1.02,31.39,76.95,8.97,63.64,9.48,90.32,30.27,78.45,0.92,33.33,13.84,12.57,0.1,1.33,0.0,0.0,0.31,66.67,0.51,3.67,61.11,1.12,81.82,0.41000000000000003,50.0,1.02,0.1,3.47,82.35,85.96,5.8100000000000005,0,,0,,0,0.0,0.0,0.0,,,0.1,,1.83,0.1,0.0,0.0,0.0,0,0
M. Mallia,Mitchell Mallia,113714,Blacktown City,Blacktown City,https://cdn5.wyscout.com/photos/team/public/g10489_120x120.png,New South Wales NPL,"CF, RW, RAMF",CF,31,RW,19,RAMF,16,34.0,1992-03-22,0,,13,881,4,2.33,3,1.76,13.18,38.76,Australia,"['Australia', 'Malta']",,175,80,False,3.7800000000000002,4.49,56.82,1.23,16.67,0.1,0.13,0.0,1.12,1.44,0.8200000000000001,0,0.0,0,0.0,3.68,0.41000000000000003,4,0.41000000000000003,0.24,0,0.0,22,2.25,50.0,18.182,0.31,3.98,35.9,1.23,33.33,2.76,37.04,0.8200000000000001,3.27,34.38,6.44,31.75,2.35,0.61,0.31,18.49,2.76,0.72,27.38,71.64,6.95,57.35,7.66,93.33,20.12,83.25,3.47,41.18,19.41,33.85,0.18,1.33,0.0,0.0,0.0,0.0,0.61,3.17,58.06,4.49,52.27,0.31,33.33,1.23,1.43,5.62,80.0,65.12,8.79,0,,0,,0,0.0,0.0,0.0,,,0.1,,1.23,0.92,0.41000000000000003,50.0,2.55,0,0
N. Skataric,Nikola Skataric,-409090,Blacktown City,Blacktown City,https://cdn5.wyscout.com/photos/team/public/g10489_120x120.png,New South Wales NPL,CF,CF,77,,0,,0,22.0,2003-06-21,0,,14,875,2,3.15,3,0.97,26.85,37.55,Australia,['Australia'],unknown,168,0,False,4.53,4.53,61.36,4.73,23.91,0.1,0.14,0.0,1.65,2.24,0.8200000000000001,1,0.1,0,0.0,3.09,0.21,2,0.21,0.32,1,0.1,22,2.26,27.27,9.091,0.31,1.13,45.45,0.41000000000000003,25.0,0.72,57.14,0.41000000000000003,3.39,57.58,14.3,32.37,3.19,1.85,0.1,16.66,1.54,1.9500000000000002,26.33,79.3,5.55,61.11,7.2,90.0,24.27,82.2,0.93,44.44,15.14,21.67,0.1,1.03,0.0,0.1,0.1,0.0,0.8200000000000001,2.47,54.17,2.16,57.14,0.41000000000000003,25.0,0.93,0.51,2.7800000000000002,66.67,73.53,6.99,0,,0,,0,0.0,0.0,0.0,,,0.1,,4.73,0.0,0.0,0.0,0.0,0,0
R. Shoueiki,Richard Shoueiki,-610686,Sutherland Sharks,Sutherland Sharks,https://cdn5.wyscout.com/photos/team/public/g10493_120x120.png,New South Wales NPL,CF,CF,95,,0,,0,,,0,,14,871,3,2.3,1,0.53,22.11,31.78,Australia,['Australia'],,0,0,False,5.17,5.79,64.29,5.68,12.73,0.1,0.14,0.0,1.34,1.88,0.72,1,0.1,0,0.0,2.48,0.31,3,0.31,0.24,0,0.0,18,1.8599999999999999,61.11,16.667,0.1,0.93,55.56,0.31,33.33,0.62,66.67,0.21,1.96,42.11,6.82,25.76,2.48,0.8300000000000001,0.0,10.33,2.27,0.41000000000000003,14.47,67.14,2.79,55.56,5.68,78.18,12.92,69.6,0.72,28.57,12.79,11.67,0.05,0.62,0.0,0.0,0.0,0.0,0.31,0.41000000000000003,50.0,0.62,66.67,0.0,0.0,0.62,0.52,1.24,25.0,63.33,3.1,0,,0,,0,0.0,0.0,0.0,,,0.1,,5.68,0.0,0.0,0.0,0.0,0,0
M. Syron,Mackenzie Syron,-186140,Manly United,Manly United,https://cdn5.wyscout.com/photos/team/public/g10491_120x120.png,New South Wales NPL,GK,GK,100,,0,,0,26.0,1999-12-19,0,,9,868,0,0.04,0,0.0,0.62,83.33,Australia,['Australia'],,0,0,False,2.38,0.21,100.0,0.31,100.0,0.0,0.0,0.0,2.18,2.75,0.0,1,0.1,0,0.0,0.0,0.0,0,0.0,0.0,0,0.0,1,0.1,0.0,0.0,0.0,0.0,0.0,0.0,0.0,0.0,0.0,0.0,0.0,0.0,0.1,0.0,0.1,0.0,0.0,14.72,0.1,0.0,23.95,81.39,11.72,68.14,0.0,0.0,14.83,97.2,9.12,55.68,27.8,43.86,0.0,0.0,0.0,0.0,0.0,0.0,0.0,1.56,40.0,0.21,0.0,0.21,0.0,0.0,0.0,5.7,56.36,95.15,10.68,13,1.35,32,3.32,2,59.38,8.57,0.89,-4.43,-0.459,0.0,1.97,0.31,,,,0.0,0,0
J. Fulton,Jack Fulton,-186143,UNSW,UNSW,https://cdn5.wyscout.com/photos/team/public/g33621_120x120.png,New South Wales NPL,"CF, RWF",CF,43,RWF,31,,0,30.0,1995-10-25,0,,15,866,3,1.72,2,0.9,19.54,39.89,Australia,['Australia'],,0,0,False,4.26,4.57,52.27,5.82,37.5,0.21,0.24,0.0,1.6600000000000001,1.9500000000000002,1.25,3,0.31,0,0.0,1.77,0.31,3,0.31,0.18,1,0.1,23,2.39,39.13,13.043,0.21,1.25,16.67,0.1,100.0,1.1400000000000001,9.09,0.1,1.35,46.15,6.76,36.92,1.97,0.1,0.0,16.0,1.56,1.77,20.89,63.68,8.42,44.44,4.88,89.36,16.0,71.43,3.85,45.95,20.48,30.07,0.09,0.52,0.0,0.0,0.0,0.0,0.31,5.92,50.88,2.39,39.13,0.62,16.67,0.8300000000000001,0.1,5.09,71.43,71.43,4.36,0,,0,,0,0.0,0.0,0.0,,,0.1,,5.82,0.1,0.1,0.0,0.0,0,0
L. McGing,Liam McGing,490071,Sydney United,Sydney United,https://cdn5.wyscout.com/photos/team/public/g154_120x120.png,New South Wales NPL,RCB,RCB,95,,0,,0,27.0,1998-12-11,0,,11,866,0,0.62,0,0.0,9.67,65.59,Australia,"['Australia', 'Republic of Ireland']",right,190,78,False,8.42,3.85,67.57,3.5300000000000002,64.71,0.52,0.65,0.62,5.3,6.59,0.21,0,0.0,0,0.0,0.0,0.0,0,0.0,0.06,0,0.0,1,0.1,0.0,0.0,0.0,0.0,0.0,0.0,0.0,0.0,0.0,0.0,0.0,0.0,0.42,50.0,0.31,0.9400000000000001,0.0,28.48,0.21,0.42,45.52,88.13,18.19,77.14,1.97,89.47,41.36,91.71,4.16,52.5,21.13,33.71,0.0,0.0,0.0,0.0,0.0,0.0,0.0,5.2,72.0,0.21,0.0,0.42,0.0,0.21,0.0,7.07,73.53,97.56,21.3,0,,0,,0,0.0,0.0,0.0,,,1.04,,3.5300000000000002,0.0,0.0,0.0,0.0,0,0
J. Stewart,Jack Stewart,-186256,APIA Leichhardt Tigers,APIA Leichhardt Tigers,https://cdn5.wyscout.com/photos/team/public/g10487_120x120.png,New South Wales NPL,"RW, RAMF",RW,51,RAMF,25,,0,28.0,1998-04-03,0,,14,860,6,4.24,4,1.19,23.65,46.02,Australia,['Australia'],,0,0,False,5.23,3.87,70.27,0.9400000000000001,44.44,0.0,0.0,0.0,2.51,3.5300000000000002,0.73,2,0.21,0,0.0,7.95,0.63,4,0.42,0.44,0,0.0,36,3.77,36.11,16.667,0.42,6.07,22.41,1.3599999999999999,15.38,4.6,22.73,1.05,8.58,60.98,17.06,41.1,4.4,5.02,0.9400000000000001,33.28,2.93,0.31,43.43,62.41,15.49,55.41,5.97,92.98,34.53,71.52,3.03,34.48,19.25,29.98,0.12,1.3599999999999999,0.0,0.0,0.21,0.0,0.52,6.17,54.24,8.37,37.5,0.21,0.0,2.62,1.3599999999999999,7.85,84.0,57.93,15.17,0,,0,,0,0.0,0.0,0.0,,,0.0,,0.9400000000000001,0.1,0.0,0.0,1.15,2,100
R. Fransen,Ricky Fransen,-590737,Western Sydney W. U21,Western Sydney W. U21,https://cdn5.wyscout.com/photos/team/public/g23047_120x120.png,New South Wales NPL,LCB,LCB,95,,0,,0,19.0,2007-03-23,0,2027-06-30,10,859,0,0.63,0,0.05,8.17,61.54,Australia,['Australia'],right,195,0,False,8.8,3.35,65.63,3.56,67.65,0.21,0.23,1.47,6.39,6.98,0.63,3,0.31,0,0.0,0.21,0.0,0,0.0,0.07,0,0.0,4,0.42,0.0,0.0,0.0,0.1,100.0,0.1,100.0,0.0,0.0,0.0,0.1,100.0,0.73,28.57,0.84,0.52,0.1,39.19,0.31,0.21,54.9,88.93,18.96,77.35,2.1,90.0,49.24,92.98,5.66,53.7,20.87,37.78,0.0,0.1,0.0,0.0,0.0,0.0,0.0,3.98,50.0,0.31,33.33,0.21,0.0,0.1,0.0,6.8100000000000005,64.62,96.75,29.02,0,,0,,0,0.0,0.0,0.0,,,1.26,,3.56,0.0,0.0,0.0,0.0,0,0
M. Arambasic,Marco John Arambasic,-312402,Sydney Olympic,Sydney Olympic,https://cdn5.wyscout.com/photos/team/public/g150_120x120.png,New South Wales NPL,CF,CF,100,,0,,0,23.0,2002-12-13,0,,12,858,3,3.95,3,2.02,22.87,27.98,Belgium,['Belgium'],unknown,0,0,False,2.73,3.04,48.28,5.98,36.84,0.0,0.0,0.0,1.26,1.46,0.84,0,0.0,0,0.0,2.73,0.31,3,0.31,0.41000000000000003,0,0.0,23,2.41,52.17,13.043,0.31,0.42,25.0,0.0,0.0,0.31,33.33,0.0,2.73,46.15,11.54,18.18,3.04,0.9400000000000001,0.0,8.92,1.26,0.84,16.36,71.79,3.7800000000000002,63.89,5.45,88.46,15.42,73.47,0.52,60.0,15.61,13.38,0.21,0.84,0.0,0.0,0.1,100.0,0.52,1.47,42.86,0.84,87.5,0.1,100.0,1.15,0.21,1.99,68.42,71.43,2.94,0,,0,,0,0.0,0.0,0.0,,,0.0,,5.98,0.0,0.0,0.0,0.0,0,0
E. Beaven,Ethan Beaven,-407768,SD Raiders,SD Raiders,https://cdn5.wyscout.com/photos/team/public/g36030_120x120.png,New South Wales NPL,"RCB, RCB3",RCB,57,RCB3,35,,0,24.0,2002-01-05,0,,10,845,0,0.0,0,0.43,8.73,54.88,Australia,['Australia'],unknown,0,0,False,6.92,4.58,55.81,1.6,66.67,0.21,0.27,0.43,4.15,5.18,0.64,4,0.43,0,0.0,0.0,0.0,0,0.0,0.0,0,0.0,0,0.0,0.0,0.0,0.0,0.21,0.0,0.0,0.0,0.21,0.0,0.0,0.21,0.0,1.07,60.0,0.21,0.85,0.0,26.52,0.21,0.75,42.6,81.75,18.21,68.42,4.37,100.0,35.79,90.18,6.6,38.71,20.62,38.55,0.05,0.21,0.0,0.0,0.0,0.0,0.11,6.39,55.0,0.43,25.0,0.64,16.67,0.11,0.0,8.84,69.88,94.48,15.44,0,,0,,0,0.0,0.0,0.0,,,3.09,,1.6,0.0,0.0,0.0,0.0,0,0
S. Rossello,Stefano Rossello,-337451,St George City FA,St George City FA,https://cdn5.wyscout.com/photos/team/public/g38544_120x120.png,New South Wales NPL,"RCMF, CF, LCMF",RCMF,31,CF,15,LCMF,14,22.0,2004-02-21,0,,14,842,1,1.55,1,0.88,15.93,48.32,Australia,['Australia'],,0,0,False,7.7,5.5600000000000005,71.15,1.18,45.45,0.21,0.24,0.11,3.5300000000000002,3.9,1.07,1,0.11,0,0.0,2.5700000000000003,0.11,1,0.11,0.17,0,0.0,17,1.82,35.29,5.882,0.11,0.53,40.0,0.32,33.33,0.21,50.0,0.0,2.89,55.56,6.84,37.5,2.46,1.6,0.21,18.6,0.32,0.32,29.82,71.33,12.83,63.33,4.28,90.0,25.65,76.25,3.74,40.0,16.58,29.9,0.09,1.18,0.0,0.11,0.32,33.33,0.43,5.13,54.17,2.46,52.17,0.86,62.5,1.3900000000000001,0.21,6.2,60.34,71.01,7.38,0,,0,,0,0.0,0.0,0.0,,,0.11,,1.18,0.11,0.0,0.0,0.11,0,0
L. Pecora,Luca Pecora,-409080,Marconi Stallions,Marconi Stallions,https://cdn5.wyscout.com/photos/team/public/g146_120x120.png,New South Wales NPL,RB,RB,98,,0,,0,21.0,2005-01-07,0,,10,832,0,0.32,2,0.98,15.79,57.53,Australia,['Australia'],unknown,0,0,False,9.95,8.98,69.88,1.9500000000000002,33.33,0.32,0.43,0.11,3.35,4.43,1.3,2,0.22,0,0.0,1.9500000000000002,0.0,0,0.0,0.04,0,0.0,5,0.54,20.0,0.0,0.22,1.19,54.55,0.0,0.0,1.19,54.55,0.32,1.8399999999999999,58.82,3.35,51.61,0.97,0.65,0.11,19.36,0.54,0.43,31.8,76.87,14.06,63.85,5.3,95.92,24.23,86.16,6.38,45.76,20.67,35.1,0.11,0.65,0.0,0.0,0.11,100.0,0.43,7.03,61.54,1.62,60.0,0.65,33.33,0.65,0.65,7.79,76.39,84.21,8.22,0,,0,,0,0.0,0.0,0.0,,,0.97,,1.9500000000000002,0.0,0.0,0.0,0.11,0,0
Kakeru Ono,Kakeru Ono,-811379,Manly United,Manly United,https://cdn5.wyscout.com/photos/team/public/g10491_120x120.png,New South Wales NPL,"LAMF, LB, LW",LAMF,41,LB,30,LW,13,,,0,,15,827,0,1.2,0,1.16,15.67,44.44,Australia,['Australia'],unknown,0,0,False,6.86,6.64,63.93,2.7199999999999998,36.0,0.11,0.14,0.0,2.5,3.27,0.65,0,0.0,0,0.0,2.61,0.0,0,0.0,0.13,0,0.0,11,1.2,27.27,0.0,0.0,3.59,45.45,3.26,43.33,0.33,66.67,0.65,1.74,37.5,4.68,25.58,1.96,1.4100000000000001,0.11,25.47,2.39,0.0,32.32,71.72,9.58,50.0,6.96,93.75,24.16,79.73,4.79,50.0,20.81,28.85,0.13,1.09,0.0,0.0,0.22,0.0,0.33,3.05,57.14,3.48,59.38,1.09,20.0,1.09,1.85,8.71,66.25,79.05,11.43,0,,0,,0,0.0,0.0,0.0,,,0.44,,2.7199999999999998,0.33,0.0,0.0,1.63,0,0
R. Eremugo,Robert Eremugo,-411249,SD Raiders,SD Raiders,https://cdn5.wyscout.com/photos/team/public/g36030_120x120.png,New South Wales NPL,"CF, LWB, RWB",CF,36,LWB,30,RWB,10,25.0,2000-05-25,0,,11,820,2,2.5300000000000002,3,0.9500000000000001,18.88,47.09,Australia,['Australia'],unknown,0,0,False,8.12,5.05,60.87,4.72,46.51,0.22,0.29,0.22,4.83,6.47,1.65,2,0.22,0,0.0,1.54,0.22,2,0.22,0.28,0,0.0,13,1.43,46.15,15.385,0.33,1.21,18.18,0.99,22.22,0.22,0.0,0.22,1.87,35.29,5.82,37.74,2.63,1.54,0.33,13.72,3.84,1.32,20.3,75.68,4.83,68.18,5.16,91.49,18.66,80.0,0.55,40.0,18.29,21.79,0.1,1.32,0.11,0.0,0.0,0.0,0.66,0.88,75.0,1.43,46.15,0.0,0.0,0.88,0.22,3.29,73.33,73.68,6.26,0,,0,,0,0.0,0.0,0.0,,,0.11,,4.72,0.0,0.0,0.0,0.0,0,0
K. Shaw,Kyle Reilly  Shaw,-418406,APIA Leichhardt Tigers,APIA Leichhardt Tigers,https://cdn5.wyscout.com/photos/team/public/g10487_120x120.png,New South Wales NPL,"LCB, RCB",LCB,65,RCB,31,,0,22.0,2004-03-22,0,,10,817,1,1.33,0,0.05,15.2,60.87,Australia,['Australia'],right,196,0,False,7.16,5.4,67.35,4.63,76.19,0.11,0.15,0.33,3.41,4.72,1.21,3,0.33,0,0.0,0.22,0.11,1,0.11,0.15,1,0.11,4,0.44,25.0,25.0,0.0,0.0,0.0,0.0,0.0,0.0,0.0,0.0,0.66,16.67,2.31,14.29,0.55,0.44,0.22,34.59,0.33,0.33,53.98,86.53,18.84,71.35,3.86,97.14,49.68,90.24,4.3,43.59,21.7,41.19,0.01,0.11,0.0,0.0,0.0,0.0,0.0,6.39,62.07,0.22,0.0,0.22,0.0,0.0,0.0,8.04,61.64,95.85,26.55,0,,0,,0,0.0,0.0,0.0,,,2.2,,4.63,0.0,0.0,0.0,0.0,0,0
M. O''Donoghue,Matthew O''Donoghue,-207458,Manly United,Manly United,https://cdn5.wyscout.com/photos/team/public/g10491_120x120.png,New South Wales NPL,LB,LB,91,,0,,0,22.0,2003-10-05,0,,13,812,1,0.65,0,0.01,20.62,54.3,Australia,['Australia'],,0,0,False,11.97,9.42,60.0,2.99,66.67,0.33,0.44,0.22,5.99,7.98,1.44,3,0.33,0,0.0,1.88,0.11,1,0.11,0.07,1,0.11,8,0.89,50.0,12.5,0.0,1.88,29.41,1.88,29.41,0.0,0.0,0.22,1.11,80.0,5.54,44.0,0.44,2.11,0.67,24.72,2.0,1.22,37.8,70.97,16.29,57.82,6.65,93.33,29.59,80.9,6.54,35.59,20.42,35.18,0.0,0.11,0.0,0.0,0.0,0.0,0.0,4.99,51.11,2.33,38.1,0.44,0.0,0.33,0.55,7.76,45.71,77.38,9.31,0,,0,,0,0.0,0.0,0.0,,,0.44,,2.99,0.11,0.0,0.0,0.11,0,0
B. Smith,Bradie Smith,-257940,NWS Spirit,NWS Spirit,https://cdn5.wyscout.com/photos/team/public/g-16418_120x120.png,New South Wales NPL,"RCB, LCB",RCB,88,LCB,11,,0,28.0,1998-01-02,0,,10,809,0,0.01,1,0.0,8.68,57.69,Australia,['Australia'],right,0,0,False,7.34,4.23,76.32,0.89,12.5,0.22,0.27,0.22,3.89,4.79,0.78,1,0.11,0,0.0,0.56,0.0,0,0.0,0.0,0,0.0,1,0.11,0.0,0.0,0.11,0.11,100.0,0.11,100.0,0.0,0.0,0.0,0.44,50.0,1.56,42.86,0.44,0.44,0.11,25.81,0.0,0.67,42.27,81.05,18.13,62.58,1.45,92.31,33.49,91.69,8.68,39.74,25.56,45.51,0.0,0.0,0.0,0.0,0.22,100.0,0.11,8.45,48.68,1.11,40.0,0.67,50.0,0.11,0.11,8.79,69.62,97.56,18.24,0,,0,,0,0.0,0.0,0.0,,,1.11,,0.89,0.0,0.0,0.0,0.0,0,0
A. Barbic,Antony Barbic,-562364,UNSW,UNSW,https://cdn5.wyscout.com/photos/team/public/g33621_120x120.png,New South Wales NPL,"RB, LDMF, LCMF",RB,29,LDMF,15,LCMF,13,21.0,2005-03-23,0,,10,796,0,0.5,1,0.19,14.81,58.02,Australia,['Australia'],unknown,0,0,False,7.35,6.44,59.65,2.49,45.45,0.0,0.0,0.34,3.51,4.41,0.45,1,0.11,0,0.0,2.15,0.0,0,0.0,0.06,0,0.0,7,0.79,28.57,0.0,0.11,1.3599999999999999,25.0,0.11,0.0,1.24,27.27,0.34,1.81,81.25,4.97,61.36,0.79,1.13,0.0,17.19,0.45,1.13,27.7,74.69,9.72,62.79,6.11,92.59,23.52,81.25,2.83,44.0,19.47,32.67,0.02,0.34,0.0,0.0,0.11,100.0,0.23,5.09,64.44,1.7000000000000002,33.33,0.11,100.0,0.34,0.34,5.09,62.22,74.67,8.48,0,,0,,0,0.0,0.0,0.0,,,0.34,,2.49,0.0,0.0,0.0,0.23,0,0
J. Trew,Jake Trew,-150867,St. George Saints ,St. George Saints ,https://cdn5.wyscout.com/photos/team/public/g20232_120x120.png,New South Wales NPL,CF,CF,92,,0,,0,26.0,1999-09-13,0,,12,793,0,1.55,1,0.49,26.22,35.93,Australia,['Australia'],,0,0,False,5.67,5.45,54.17,4.54,30.0,0.23,0.30000000000000004,0.0,2.5,3.3,2.16,0,0.0,0,0.0,3.4,0.0,0,0.0,0.18,0,0.0,16,1.82,18.75,0.0,0.11,3.18,21.43,1.7000000000000002,20.0,1.3599999999999999,25.0,0.45,3.18,71.43,12.94,34.21,3.29,1.9300000000000002,0.0,13.73,3.63,1.7000000000000002,19.97,56.82,3.4,53.33,5.33,85.11,14.3,65.08,2.95,53.85,21.29,30.44,0.06,0.5700000000000001,0.0,0.0,0.11,100.0,0.34,2.61,39.13,2.04,55.56,0.45,75.0,0.79,0.45,2.38,85.71,52.54,6.7,0,,0,,0,0.0,0.0,0.0,,,0.0,,4.54,0.0,0.0,0.0,0.0,0,0
P. Ortiz,Presley Ortiz,-379358,APIA Leichhardt Tigers,APIA Leichhardt Tigers,https://cdn5.wyscout.com/photos/team/public/g10487_120x120.png,New South Wales NPL,CF,CF,100,,0,,0,23.0,2003-03-04,0,,12,792,6,3.81,1,1.3,20.45,31.67,Australia,"['Australia', 'Chile']",unknown,0,0,False,1.82,2.5,45.45,2.95,30.77,0.0,0.0,0.0,0.68,0.96,0.68,0,0.0,0,0.0,4.43,0.68,6,0.68,0.43,0,0.0,27,3.07,48.15,22.222,0.11,0.8,14.29,0.45,25.0,0.23,0.0,0.11,5.34,53.19,13.18,30.17,5.8,2.27,0.23,10.8,2.39,0.68,13.07,75.65,1.25,72.73,6.02,83.02,12.05,79.25,0.23,100.0,13.25,5.31,0.15,0.8,0.0,0.0,0.0,0.0,0.5700000000000001,0.34,66.67,0.68,83.33,0.0,0.0,1.1400000000000001,0.11,0.34,66.67,68.18,2.5,0,,0,,0,0.0,0.0,0.0,,,0.0,,2.95,0.0,0.0,0.0,0.0,0,0
T. Ercan,Tarik Ercan,-407801,St George City FA,St George City FA,https://cdn5.wyscout.com/photos/team/public/g38544_120x120.png,New South Wales NPL,"DMF, RCMF, LCMF",DMF,32,RCMF,28,LCMF,17,31.0,1994-11-08,0,,12,785,0,1.53,0,0.13,12.73,56.76,Australia,['Australia'],unknown,0,0,False,8.14,5.5,58.33,2.64,56.52,0.5700000000000001,0.63,0.34,4.36,4.8100000000000005,1.83,3,0.34,0,0.0,1.15,0.0,0,0.0,0.18,0,0.0,9,1.03,55.56,0.0,0.0,0.0,0.0,0.0,0.0,0.0,0.0,0.0,0.5700000000000001,100.0,2.06,50.0,0.46,0.23,0.0,17.54,0.23,0.46,31.87,78.06,14.22,65.32,5.16,86.67,28.43,81.45,3.44,50.0,17.57,26.11,0.01,0.23,0.0,0.0,0.11,0.0,0.0,5.73,58.0,0.92,12.5,0.5700000000000001,20.0,0.34,0.0,5.04,65.91,89.61,8.83,0,,0,,0,0.0,0.0,0.0,,,0.46,,2.64,0.23,0.23,50.0,0.0,0,0
H. Ryles,Harper Ryles,-554555,Western Sydney W. U21,Western Sydney W. U21,https://cdn5.wyscout.com/photos/team/public/g23047_120x120.png,New South Wales NPL,"CF, AMF",CF,85,AMF,14,,0,18.0,2008-02-14,0,,11,781,2,1.5899999999999999,3,1.96,14.29,44.35,Australia,['Australia'],unknown,0,0,False,3.34,3.92,55.88,2.42,52.38,0.0,0.0,0.23,1.15,1.27,0.81,0,0.0,0,0.0,1.6099999999999999,0.23,2,0.23,0.18,0,0.0,12,1.38,50.0,16.667,0.35000000000000003,1.04,11.11,0.35000000000000003,0.0,0.6900000000000001,16.67,0.23,1.27,54.55,6.11,35.85,3.46,1.27,0.23,11.29,0.92,0.81,15.44,70.15,3.5700000000000003,58.06,4.96,90.7,13.48,76.92,1.04,33.33,16.34,22.16,0.23,1.27,0.12,0.0,0.12,100.0,0.6900000000000001,2.77,54.17,1.73,53.33,0.35000000000000003,100.0,1.04,0.12,1.27,81.82,60.61,3.8,0,,0,,0,0.0,0.0,0.0,,,0.12,,2.42,0.0,0.0,0.0,0.0,0,0
R. Hollingdale,Ryley Hollingdale,-452302,Sutherland Sharks,Sutherland Sharks,https://cdn5.wyscout.com/photos/team/public/g10493_120x120.png,New South Wales NPL,"LCMF, DMF, RCMF",LCMF,27,DMF,21,RCMF,21,20.0,2005-09-16,0,,10,781,1,0.0,1,0.28,20.4,54.8,Australia,['Australia'],right,173,0,False,7.61,8.76,64.47,3.5700000000000003,51.61,0.46,0.65,0.0,1.5,2.12,1.15,1,0.12,0,0.0,0.35000000000000003,0.12,1,0.12,0.0,0,0.0,2,0.23,0.0,50.0,0.12,0.58,20.0,0.23,0.0,0.35000000000000003,33.33,0.23,0.92,25.0,5.88,45.1,0.23,0.23,0.0,26.5,0.6900000000000001,2.07,37.91,83.59,10.72,72.04,7.03,96.72,35.03,87.17,2.3,45.0,16.7,35.12,0.03,0.46,0.0,0.12,0.12,0.0,0.35000000000000003,5.19,75.56,1.27,27.27,0.23,0.0,0.23,0.0,5.65,65.31,86.73,13.02,0,,0,,0,0.0,0.0,0.0,,,0.0,,3.5700000000000003,0.46,0.12,0.0,1.04,0,0
N. Chianese,Noah Chianese,-725517,SD Raiders,SD Raiders,https://cdn5.wyscout.com/photos/team/public/g36030_120x120.png,New South Wales NPL,"CF, AMF",CF,67,AMF,14,,0,30.0,1995-09-12,0,,11,761,3,3.48,0,1.4,14.19,39.17,Australia,['Australia'],unknown,0,0,False,3.07,1.6600000000000001,71.43,4.14,60.0,0.0,0.0,0.12,1.8900000000000001,2.47,0.12,0,0.0,0,0.0,2.01,0.35000000000000003,3,0.35000000000000003,0.41000000000000003,2,0.24,30,3.55,36.67,10.0,0.0,2.13,16.67,0.8300000000000001,14.29,1.18,20.0,0.24,0.59,60.0,5.8,18.37,4.85,0.47000000000000003,0.12,16.68,2.84,0.47000000000000003,23.89,63.86,6.74,50.88,4.85,92.68,18.21,72.73,3.67,45.16,21.45,38.04,0.17,1.06,0.0,0.0,0.0,0.0,0.71,3.7800000000000002,53.13,2.6,36.36,0.59,20.0,0.8300000000000001,0.59,4.14,71.43,69.35,7.33,0,,0,,0,0.0,0.0,0.0,,,0.47000000000000003,,4.14,0.0,0.0,0.0,0.0,0,0
Z. de Jesus,Zachary de Jesus,-364955,Sydney FC II,Sydney FC II,https://cdn5.wyscout.com/photos/team/public/g-12408_120x120.png,New South Wales NPL,"RWB, RAMF, RB",RWB,67,RAMF,19,RB,13,20.0,2006-02-04,0,,10,758,0,0.41000000000000003,0,1.11,18.76,46.84,Australia,['Australia'],right,173,0,False,7.36,7.48,63.49,1.9,31.25,0.24,0.27,0.0,2.37,2.73,1.54,1,0.12,0,0.0,3.44,0.0,0,0.0,0.05,0,0.0,4,0.47000000000000003,25.0,0.0,0.0,5.7,35.42,0.0,0.0,5.7,35.42,0.71,3.21,37.04,7.48,33.33,1.19,2.9699999999999998,0.24,23.15,2.9699999999999998,0.8300000000000001,29.45,71.37,9.14,68.83,4.75,87.5,21.85,83.15,2.14,50.0,17.47,31.08,0.13,1.07,0.0,0.0,0.12,100.0,0.8300000000000001,2.73,73.91,5.7,41.67,0.12,100.0,0.36,1.9,7.12,73.33,64.71,10.09,0,,0,,0,0.0,0.0,0.0,,,0.0,,1.9,0.0,0.0,0.0,0.0,0,0
P. Mitry,Paolo Mitry,-407806,St George City FA,St George City FA,https://cdn5.wyscout.com/photos/team/public/g38544_120x120.png,New South Wales NPL,"LCMF, RCMF3, LDMF",LCMF,24,RCMF3,19,LDMF,19,26.0,2000-04-20,0,,12,747,1,0.6900000000000001,0,0.8200000000000001,19.64,44.17,Australia,['Australia'],unknown,0,0,False,7.47,6.51,64.81,2.05,35.29,0.0,0.0,0.12,3.25,3.7199999999999998,0.72,1,0.12,0,0.0,2.17,0.12,1,0.12,0.08,0,0.0,15,1.81,33.33,6.667,0.0,1.69,35.71,1.08,44.44,0.6000000000000001,20.0,0.36,2.29,36.84,9.04,33.33,1.81,1.08,0.0,20.0,0.48,0.84,31.57,70.99,12.05,60.0,7.11,84.75,26.27,75.69,3.61,53.33,19.56,35.48,0.1,0.84,0.0,0.0,0.12,100.0,0.24,5.78,62.5,2.77,34.78,0.6000000000000001,20.0,0.48,0.6000000000000001,5.54,71.74,74.24,7.95,0,,0,,0,0.0,0.0,0.0,,,0.96,,2.05,1.69,0.12,100.0,0.36,0,0
F. Koko,Farah Koko,-409085,Sydney United,Sydney United,https://cdn5.wyscout.com/photos/team/public/g154_120x120.png,New South Wales NPL,"LW, RW, LAMF",LW,42,RW,27,LAMF,19,23.0,2003-05-11,0,,13,745,3,2.4,1,0.73,21.02,45.4,Australia,['Australia'],unknown,0,0,False,7.61,7.13,69.49,1.33,36.36,0.48,0.65,0.0,2.17,2.9,0.48,1,0.12,0,0.0,3.74,0.36,3,0.36,0.29,0,0.0,25,3.02,44.0,12.0,0.12,2.05,23.53,0.72,0.0,1.21,40.0,0.36,3.87,46.88,10.39,33.72,4.83,1.9300000000000002,0.24,19.93,1.69,1.09,25.61,71.7,6.64,58.18,7.49,88.71,21.5,77.53,2.17,55.56,18.36,21.64,0.09,1.09,0.12,0.0,0.12,100.0,0.36,2.3,57.89,2.3,42.11,0.48,25.0,1.09,0.48,4.47,67.57,75.47,6.4,0,,0,,0,0.0,0.0,0.0,,,0.0,,1.33,0.24,0.24,50.0,0.24,0,0
M. Rodic,Mark Rodic,432129,St. George Saints ,St. George Saints ,https://cdn5.wyscout.com/photos/team/public/g20232_120x120.png,New South Wales NPL,"LCB, RCB, RB",LCB,38,RCB,30,RB,10,28.0,1998-05-09,0,,11,742,0,0.11,0,0.21,12.86,57.55,Croatia,"['Croatia', 'Australia']",,0,0,False,10.8,6.43,66.04,2.67,68.18,1.33,1.81,1.21,5.22,7.09,0.61,2,0.24,0,0.0,0.12,0.0,0,0.0,0.01,0,0.0,1,0.12,0.0,0.0,0.0,0.61,0.0,0.0,0.0,0.61,0.0,0.24,0.24,50.0,2.06,35.29,0.24,0.24,0.0,36.63,0.0,0.36,53.49,84.58,20.62,71.18,3.76,96.77,48.88,89.58,4.0,36.36,18.57,28.96,0.02,0.24,0.12,0.0,0.12,0.0,0.0,7.52,64.52,1.09,0.0,0.85,0.0,0.12,0.0,8.85,73.97,96.02,24.38,0,,0,,0,0.0,0.0,0.0,,,0.73,,2.67,0.0,0.0,0.0,0.0,0,0
Yuto Kokuryo,Yuto Kokuryo,-419088,Sutherland Sharks,Sutherland Sharks,https://cdn5.wyscout.com/photos/team/public/g10493_120x120.png,New South Wales NPL,"RCMF, DMF, LCMF",RCMF,36,DMF,31,LCMF,28,26.0,1999-12-27,0,,10,733,0,0.01,0,0.75,15.35,53.6,Japan,['Japan'],unknown,175,0,False,7.0,7.0,57.89,1.96,37.5,0.0,0.0,0.74,2.95,4.39,1.6,1,0.12,0,0.0,0.61,0.0,0,0.0,0.0,0,0.0,1,0.12,0.0,0.0,0.0,0.37,33.33,0.12,100.0,0.25,0.0,0.12,0.61,80.0,3.93,59.38,0.25,0.37,0.0,23.08,0.0,1.96,31.8,82.63,10.56,62.79,5.53,95.56,27.38,90.13,4.05,36.36,19.62,39.57,0.09,0.49,0.0,0.0,0.0,0.0,0.49,7.0,63.16,1.11,44.44,0.61,20.0,0.25,0.12,5.16,78.57,93.55,11.42,0,,0,,0,0.0,0.0,0.0,,,0.25,,1.96,0.0,0.0,0.0,0.74,0,0
S. Hayward,Sebastian Hayward,-562298,Blacktown City,Blacktown City,https://cdn5.wyscout.com/photos/team/public/g10489_120x120.png,New South Wales NPL,"AMF, RCMF3, CF",AMF,31,RCMF3,26,CF,10,19.0,2006-11-22,0,,13,731,0,0.27,0,0.09,16.87,53.28,Australia,['Australia'],unknown,0,0,False,7.14,6.53,77.36,2.22,38.89,0.62,0.8200000000000001,0.0,1.48,1.98,0.62,1,0.12,1,0.12,1.35,0.0,0,0.0,0.03,0,0.0,4,0.49,50.0,0.0,0.0,0.74,0.0,0.25,0.0,0.49,0.0,0.25,2.59,42.86,6.03,44.9,1.72,1.11,0.37,12.68,0.86,0.86,21.92,69.1,7.14,60.34,4.31,97.14,19.08,74.84,2.09,41.18,15.92,25.65,0.01,0.49,0.0,0.0,0.0,0.0,0.25,3.08,72.0,1.6,15.38,0.0,0.0,0.37,0.0,2.83,56.52,60.98,5.05,0,,0,,0,0.0,0.0,0.0,,,0.25,,2.22,0.0,0.0,0.0,0.0,0,0
C. McStay,Christopher McStay,-90278,St. George Saints ,St. George Saints ,https://cdn5.wyscout.com/photos/team/public/g20232_120x120.png,New South Wales NPL,"RCMF, AMF, DMF",RCMF,32,AMF,32,DMF,20,29.0,1996-05-22,0,,9,730,1,1.19,1,0.52,18.49,44.67,Scotland,['Scotland'],,0,0,False,7.89,5.92,66.67,2.22,61.11,1.11,1.35,0.0,2.84,3.45,1.3599999999999999,6,0.74,1,0.12,1.85,0.12,1,0.12,0.15,0,0.0,16,1.97,25.0,6.25,0.12,2.71,27.27,1.3599999999999999,9.09,1.3599999999999999,45.45,1.23,1.23,50.0,7.89,28.13,1.3599999999999999,1.11,0.0,40.19,0.99,1.11,53.51,70.74,22.32,59.67,8.14,92.42,42.53,79.13,8.26,41.79,19.84,39.79,0.06,0.74,0.0,0.0,0.25,0.0,0.37,12.82,49.04,4.8100000000000005,28.21,2.1,29.41,0.49,0.86,10.6,72.09,75.0,14.79,0,,0,,0,0.0,0.0,0.0,,,0.25,,2.22,0.86,0.25,50.0,1.6,0,0
S. Lancaster,Samuel Lancaster,-456624,Sydney FC II,Sydney FC II,https://cdn5.wyscout.com/photos/team/public/g-12408_120x120.png,New South Wales NPL,"LCMF, CB",LCMF,49,CB,22,,0,19.0,2007-01-02,0,,13,730,0,0.07,0,0.08,20.47,49.4,Australia,['Australia'],,0,0,False,8.63,5.79,74.47,3.45,67.86,0.25,0.30000000000000004,0.74,4.07,4.93,1.23,1,0.12,0,0.0,0.74,0.0,0,0.0,0.01,0,0.0,2,0.25,0.0,0.0,0.0,0.74,50.0,0.62,60.0,0.12,0.0,0.12,0.99,37.5,7.27,28.81,0.49,0.74,0.0,34.15,0.0,1.11,51.78,83.1,20.47,69.88,6.66,96.3,47.1,87.7,4.19,38.24,16.38,29.63,0.01,0.25,0.0,0.0,0.0,0.0,0.0,7.77,65.08,0.74,50.0,0.12,100.0,0.25,0.25,6.9,64.29,93.64,13.56,0,,0,,0,0.0,0.0,0.0,,,1.48,,3.45,0.0,0.0,0.0,0.0,0,0
S. Armson,Sam Armson,-473795,NWS Spirit,NWS Spirit,https://cdn5.wyscout.com/photos/team/public/g-16418_120x120.png,New South Wales NPL,"LCMF, RCMF, LDMF",LCMF,56,RCMF,14,LDMF,13,25.0,2000-12-31,0,,14,728,0,0.39,2,0.32,18.05,56.85,Australia,['Australia'],unknown,0,0,False,9.4,6.43,69.23,3.83,54.84,0.0,0.0,0.25,4.95,6.5600000000000005,0.87,0,0.0,0,0.0,0.87,0.0,0,0.0,0.05,0,0.0,6,0.74,0.0,0.0,0.25,0.74,33.33,0.37,33.33,0.37,33.33,0.0,0.87,57.14,5.32,53.49,0.74,0.49,0.12,32.88,0.25,2.23,49.33,77.44,19.16,65.81,8.04,96.92,42.03,81.47,6.55,56.6,18.17,32.42,0.04,0.87,0.0,0.0,0.12,100.0,0.49,10.38,70.24,2.9699999999999998,37.5,0.49,50.0,1.48,0.25,8.41,72.06,83.47,14.96,0,,0,,0,0.0,0.0,0.0,,,0.99,,3.83,0.0,0.0,0.0,0.0,0,0
T. Makko,Thomas Makko,-562309,SD Raiders,SD Raiders,https://cdn5.wyscout.com/photos/team/public/g36030_120x120.png,New South Wales NPL,"LDMF, LCMF3, LCMF",LDMF,39,LCMF3,28,LCMF,23,24.0,2002-05-02,0,,15,716,0,0.31,0,0.08,20.11,51.25,Australia,['Australia'],unknown,0,0,False,8.17,7.54,71.67,1.01,50.0,0.0,0.0,0.25,2.77,3.63,1.13,3,0.38,0,0.0,1.63,0.0,0,0.0,0.04,0,0.0,4,0.5,25.0,0.0,0.0,0.0,0.0,0.0,0.0,0.0,0.0,0.0,2.51,60.0,9.43,36.0,0.75,2.01,0.5,19.11,0.25,1.38,29.29,88.84,7.92,73.02,7.54,98.33,28.16,91.52,1.13,22.22,16.81,15.79,0.01,0.38,0.0,0.0,0.13,0.0,0.0,3.27,73.08,0.5,25.0,0.25,0.0,0.38,0.0,2.77,68.18,92.11,9.55,0,,0,,0,0.0,0.0,0.0,,,0.5,,1.01,0.0,0.0,0.0,0.0,0,0
S. Bosnjak,Samuel Bosnjak,-421343,Sydney Olympic,Sydney Olympic,https://cdn5.wyscout.com/photos/team/public/g150_120x120.png,New South Wales NPL,"LCB, LB",LCB,73,LB,24,,0,,,0,,10,709,0,0.02,0,0.12,13.96,62.73,Australia,['Australia'],,0,0,False,10.79,4.82,76.32,3.43,66.67,0.76,0.9400000000000001,0.89,6.35,7.8100000000000005,0.63,1,0.13,0,0.0,0.63,0.0,0,0.0,0.0,0,0.0,1,0.13,0.0,0.0,0.0,0.63,20.0,0.63,20.0,0.0,0.0,0.25,0.76,66.67,3.55,39.29,0.25,1.65,0.25,33.89,0.63,0.38,53.95,85.88,26.02,79.51,4.06,93.75,45.83,91.14,7.49,59.32,22.05,42.71,0.02,0.25,0.0,0.0,0.0,0.0,0.13,6.98,65.45,1.4,27.27,1.02,37.5,0.38,0.13,11.68,76.09,93.42,19.29,1,,1,,0,0.0,0.81,0.1,,,1.27,,3.43,0.13,0.0,0.0,0.0,0,0
T. Williams,Tyler Williams,-554480,Sydney,Sydney FC II,https://cdn5.wyscout.com/photos/team/public/2328_120x120.png,A-League,"CB, RCB",CB,45,RCB,34,,0,18.0,2007-12-22,0,,13,708,0,0.0,0,0.11,17.03,58.21,Australia,['Australia'],unknown,0,0,False,10.04,8.01,69.84,2.67,38.1,0.25,0.32,0.76,4.19,5.29,1.65,2,0.25,0,0.0,0.51,0.0,0,0.0,0.0,0,0.0,0,0.0,0.0,0.0,0.0,0.51,25.0,0.38,33.33,0.13,0.0,0.13,0.64,60.0,2.92,60.87,0.64,0.64,0.13,31.4,0.0,0.89,47.92,89.12,20.21,81.76,2.92,95.65,42.97,93.49,4.45,54.29,19.1,36.64,0.01,0.38,0.0,0.0,0.0,0.0,0.13,4.32,76.47,1.02,62.5,0.13,0.0,0.64,0.13,8.14,70.31,94.89,17.42,0,,0,,0,0.0,0.0,0.0,,,0.25,,2.67,0.0,0.0,0.0,0.0,0,0
Luka Krizan,Luka Krizan,-811373,Manly United,Manly United,https://cdn5.wyscout.com/photos/team/public/g10491_120x120.png,New South Wales NPL,LCB,LCB,91,,0,,0,,,0,,8,706,0,0.75,0,0.0,10.07,70.89,Australia,['Australia'],unknown,0,0,False,9.82,4.21,72.73,3.5700000000000003,75.0,0.76,0.93,0.64,5.99,7.27,0.76,4,0.51,0,0.0,0.25,0.0,0,0.0,0.1,0,0.0,4,0.51,25.0,0.0,0.0,0.0,0.0,0.0,0.0,0.0,0.0,0.0,0.13,100.0,0.64,80.0,0.64,1.02,0.25,32.38,0.0,0.51,47.68,85.56,19.25,71.52,3.44,92.59,40.92,90.34,6.76,56.6,23.32,42.07,0.0,0.0,0.0,0.0,0.0,0.0,0.0,3.5700000000000003,53.57,0.51,0.0,0.64,20.0,0.0,0.0,8.92,55.71,98.34,23.07,0,,0,,0,0.0,0.0,0.0,,,3.19,,3.5700000000000003,0.0,0.0,0.0,0.0,0,0
M. Jackson,Matthew Jackson,-494136,St George City FA,St George City FA,https://cdn5.wyscout.com/photos/team/public/g38544_120x120.png,New South Wales NPL,"LB, LB5, RW",LB,32,LB5,17,RW,11,21.0,2004-11-08,0,,11,704,0,0.45,2,0.31,24.03,49.47,Australia,['Australia'],,0,0,False,8.69,7.54,66.1,1.6600000000000001,38.46,0.26,0.31,0.13,3.45,4.13,1.15,0,0.0,0,0.0,4.47,0.0,0,0.0,0.06,0,0.0,11,1.4100000000000001,18.18,0.0,0.26,3.07,33.33,1.92,40.0,1.15,22.22,0.64,5.88,54.35,13.04,41.18,1.6600000000000001,2.17,0.77,21.09,1.02,1.6600000000000001,31.19,77.05,9.97,61.54,8.18,95.31,24.29,87.89,3.84,43.33,22.03,30.9,0.04,0.64,0.0,0.0,0.0,0.0,0.51,2.94,65.22,3.45,55.56,0.26,50.0,0.64,0.89,6.78,67.92,81.67,7.67,0,,0,,0,0.0,0.0,0.0,,,0.38,,1.6600000000000001,0.89,0.0,0.0,0.64,0,0
J. Lacey,Joseph  Lacey,-461060,Sydney,Sydney FC II,https://cdn5.wyscout.com/photos/team/public/2328_120x120.png,A-League,"RCMF, AMF, RCMF3",RCMF,41,AMF,32,RCMF3,11,18.0,2007-06-22,0,,9,703,2,0.61,1,1.47,27.65,52.78,Australia,['Australia'],,0,0,False,10.24,7.68,65.0,2.05,31.25,0.77,0.9,0.26,4.48,5.28,1.92,1,0.13,0,0.0,3.9699999999999998,0.26,2,0.26,0.08,0,0.0,15,1.92,40.0,13.333,0.13,2.8200000000000003,13.64,0.64,20.0,2.18,11.76,0.38,3.84,70.0,14.21,50.45,1.28,2.18,0.26,32.13,0.64,4.35,44.42,72.91,19.97,62.18,6.53,94.12,34.82,85.29,6.79,33.96,18.96,37.33,0.19,1.4100000000000001,0.0,0.0,0.26,50.0,0.9,9.99,53.85,5.25,24.39,1.79,14.29,0.9,0.51,9.99,74.36,75.58,11.01,0,,0,,0,0.0,0.0,0.0,,,0.13,,2.05,1.02,0.13,0.0,0.13,0,0
G. Tilo,Gabriel Tilo,-726686,Sydney United,Sydney United,https://cdn5.wyscout.com/photos/team/public/g154_120x120.png,New South Wales NPL,"RW, RAMF, LW",RW,58,RAMF,21,LW,13,,,0,,14,703,1,1.87,1,0.5,23.94,45.99,Australia,['Australia'],,0,0,False,8.32,6.27,71.43,1.02,12.5,0.77,0.97,0.0,3.07,3.87,0.38,0,0.0,0,0.0,6.27,0.13,1,0.13,0.24,0,0.0,24,3.07,45.83,4.167,0.13,2.94,17.39,0.38,33.33,2.56,15.0,0.51,7.68,56.67,14.59,40.35,4.48,4.22,0.77,18.69,2.94,0.77,23.56,68.48,5.38,54.76,6.4,96.0,19.72,77.92,1.4100000000000001,27.27,16.24,21.36,0.06,0.9,0.0,0.0,0.0,0.0,0.26,2.18,52.94,2.3,27.78,0.26,0.0,0.51,0.38,2.43,73.68,55.1,6.27,0,,0,,0,0.0,0.0,0.0,,,0.0,,1.02,0.0,0.0,0.0,0.0,0,0
B. Koop,Benjamin Koop,522681,Manly United,Manly United,https://cdn5.wyscout.com/photos/team/public/g10491_120x120.png,New South Wales NPL,CF,CF,94,,0,,0,26.0,2000-03-27,0,,15,687,1,2.03,0,0.17,29.61,33.19,Australia,['Australia'],right,0,0,False,4.98,4.19,68.75,10.35,31.65,0.66,0.93,0.13,1.44,2.04,1.05,2,0.26,0,0.0,1.44,0.13,0,0.0,0.27,0,0.0,9,1.18,44.44,11.111,0.0,0.13,0.0,0.13,0.0,0.0,0.0,0.13,1.83,50.0,10.35,22.78,2.23,0.13,0.0,12.71,3.2800000000000002,1.7000000000000002,19.39,79.05,4.19,56.25,5.5,92.86,18.6,81.69,0.66,20.0,13.18,11.53,0.02,0.39,0.0,0.0,0.13,0.0,0.13,1.31,30.0,0.79,50.0,0.13,0.0,0.66,0.0,2.23,41.18,84.38,4.19,0,,0,,0,0.0,0.0,0.0,,,0.0,,10.35,0.0,0.0,0.0,0.0,1,100
G. Duffy,Gil Duffy,-811645,UNSW,UNSW,https://cdn5.wyscout.com/photos/team/public/g33621_120x120.png,New South Wales NPL,"RWB, RB, CB",RWB,38,RB,29,CB,22,20.0,2006-01-23,0,,12,684,0,0.26,2,0.86,16.05,51.64,Australia,['Australia'],unknown,0,0,False,9.47,9.34,56.34,1.8399999999999999,50.0,0.0,0.0,0.26,4.21,5.19,1.45,0,0.0,0,0.0,1.18,0.0,0,0.0,0.03,0,0.0,2,0.26,50.0,0.0,0.26,1.45,45.45,0.0,0.0,1.32,50.0,0.26,0.79,50.0,2.63,25.0,1.05,0.92,0.0,27.37,1.45,0.26,38.16,82.76,11.32,75.58,6.32,87.5,33.29,88.93,3.68,42.86,20.08,32.05,0.11,0.79,0.0,0.0,0.0,0.0,0.53,5.13,58.97,1.05,25.0,0.26,0.0,0.26,0.53,7.37,66.07,85.59,15.53,0,,0,,0,0.0,0.0,0.0,,,1.71,,1.8399999999999999,0.0,0.0,0.0,0.0,0,0
Y. Komura,Yuta Komura,-715577,Sydney Olympic,Sydney Olympic,https://cdn5.wyscout.com/photos/team/public/g150_120x120.png,New South Wales NPL,"LCMF, CF, AMF",LCMF,42,CF,19,AMF,17,25.0,2000-12-02,0,,11,679,1,2.25,2,0.68,17.23,33.85,Japan,['Japan'],,0,0,False,5.17,4.77,52.78,0.66,20.0,0.66,0.79,0.27,1.99,2.36,0.66,2,0.27,0,0.0,1.99,0.13,1,0.13,0.30000000000000004,0,0.0,13,1.72,38.46,7.692,0.27,1.5899999999999999,0.0,1.5899999999999999,0.0,0.0,0.0,0.13,4.24,31.25,9.54,26.39,2.65,1.46,0.27,22.67,0.8,0.93,31.81,72.92,8.88,58.21,9.54,91.67,25.98,82.14,4.51,41.18,19.28,34.13,0.09,0.53,0.0,0.0,0.13,0.0,0.27,6.1,54.35,1.46,0.0,1.06,25.0,0.53,0.13,5.3,57.5,69.64,7.42,0,,0,,0,0.0,0.0,0.0,,,0.27,,0.66,0.0,0.0,0.0,0.0,0,0
S. Hillyer,Saxon Hillyer,-409099,Manly United,Manly United,https://cdn5.wyscout.com/photos/team/public/g10491_120x120.png,New South Wales NPL,"LDMF, LCMF",LDMF,60,LCMF,17,,0,20.0,2005-10-09,0,,14,676,0,0.12,0,0.22,17.04,60.16,Australia,['Australia'],unknown,0,0,False,8.65,5.46,70.73,2.26,52.94,1.07,1.45,0.13,3.73,5.09,1.33,4,0.53,0,0.0,0.53,0.0,0,0.0,0.02,0,0.0,4,0.53,0.0,0.0,0.0,0.4,66.67,0.13,100.0,0.27,50.0,0.0,0.27,100.0,5.99,57.78,0.27,1.2,0.0,27.56,0.0,2.4,43.54,84.71,13.45,73.27,8.52,95.31,39.94,87.67,3.2,50.0,17.69,22.81,0.03,0.27,0.0,0.0,0.0,0.0,0.0,4.79,77.78,0.8,50.0,0.0,0.0,0.13,0.27,7.06,56.6,90.48,13.98,0,,0,,0,0.0,0.0,0.0,,,0.4,,2.26,1.46,0.0,0.0,0.4,0,0
M. Martinello,Max Martinello,-335484,Manly United,Manly United,https://cdn5.wyscout.com/photos/team/public/g10491_120x120.png,New South Wales NPL,"LB, LCB",LB,52,LCB,43,,0,22.0,2003-09-22,0,,11,673,1,0.75,0,0.06,15.38,49.57,Australia,['Australia'],left,187,0,False,8.96,6.29,61.7,2.94,54.55,0.13,0.18,0.4,4.95,6.69,0.4,0,0.0,0,0.0,0.8,0.13,1,0.13,0.1,0,0.0,4,0.53,50.0,25.0,0.0,1.87,14.29,1.74,15.38,0.13,0.0,0.27,0.67,40.0,3.34,24.0,1.07,0.13,0.0,26.61,1.07,0.53,39.85,74.83,18.05,59.26,3.88,100.0,29.82,88.79,8.29,37.1,22.56,37.47,0.01,0.13,0.0,0.0,0.0,0.0,0.27,5.62,47.62,2.27,29.41,1.07,25.0,0.53,0.4,9.09,64.71,87.04,14.44,0,,0,,0,0.0,0.0,0.0,,,0.53,,2.94,0.0,0.0,0.0,0.67,0,0
K. Williams,Kyah  Williams,-566706,NWS Spirit,NWS Spirit,https://cdn5.wyscout.com/photos/team/public/g-16418_120x120.png,New South Wales NPL,"RB, RCB",RB,78,RCB,11,,0,21.0,2005-01-01,0,,10,668,0,0.1,0,0.01,13.47,50.0,Australia,['Australia'],,0,0,False,8.08,6.6,59.18,3.23,50.0,0.54,0.71,0.4,3.64,4.76,0.9400000000000001,3,0.4,0,0.0,0.4,0.0,0,0.0,0.01,0,0.0,3,0.4,0.0,0.0,0.0,0.9400000000000001,14.29,0.13,100.0,0.81,0.0,0.13,0.4,66.67,2.16,31.25,0.9400000000000001,0.9400000000000001,0.0,28.29,1.75,0.13,41.9,83.28,16.84,76.0,5.25,89.74,36.92,87.96,4.04,56.67,16.43,30.69,0.0,0.27,0.13,0.0,0.0,0.0,0.0,7.28,72.22,1.75,46.15,0.4,66.67,1.08,0.13,8.22,80.33,89.16,11.18,0,,0,,0,0.0,0.0,0.0,,,0.54,,3.23,0.0,0.0,0.0,0.0,0,0
J. Tresoglavic,Jacob Tresoglavic,-339599,Sydney Olympic,Sydney Olympic,https://cdn5.wyscout.com/photos/team/public/g150_120x120.png,New South Wales NPL,LB,LB,92,,0,,0,22.0,2004-01-07,0,,8,662,0,0.76,1,0.87,19.31,54.23,Australia,"['Australia', 'Croatia']",both,189,0,False,13.6,10.2,60.0,3.13,47.83,1.09,1.32,0.54,6.39,7.75,0.68,1,0.14,0,0.0,1.63,0.0,0,0.0,0.1,0,0.0,9,1.22,33.33,0.0,0.14,1.22,33.33,0.9500000000000001,42.86,0.14,0.0,0.27,1.63,50.0,3.81,53.57,1.09,1.77,0.14,37.25,0.68,0.68,49.35,78.24,23.11,68.82,7.34,87.04,43.5,82.5,4.76,48.57,19.79,38.65,0.12,0.68,0.0,0.0,0.14,0.0,0.41000000000000003,6.25,54.35,1.63,33.33,0.54,50.0,0.41000000000000003,0.27,10.88,62.5,89.8,13.32,0,,0,,0,0.0,0.0,0.0,,,0.8200000000000001,,3.13,0.0,0.0,0.0,0.0,0,0
W. Kamijo,Wataru Kamijo,-532782,Sydney FC II,Sydney FC II,https://cdn5.wyscout.com/photos/team/public/g-12408_120x120.png,New South Wales NPL,"LCMF, RCMF, RDMF",LCMF,32,RCMF,25,RDMF,24,19.0,2006-04-17,0,2029-06-30,7,655,0,0.06,0,0.25,13.47,52.04,Australia,['Australia'],unknown,0,0,False,7.5600000000000005,6.46,61.7,1.24,44.44,0.41000000000000003,0.49,0.0,3.16,3.75,0.55,1,0.14,0,0.0,0.6900000000000001,0.0,0,0.0,0.01,0,0.0,2,0.27,0.0,0.0,0.0,0.8200000000000001,16.67,0.55,0.0,0.27,50.0,0.0,1.37,40.0,4.53,39.39,0.41000000000000003,1.1,0.0,43.42,0.14,1.1,57.71,83.57,23.91,74.14,5.91,95.35,49.19,89.66,7.83,52.63,19.48,41.58,0.03,0.6900000000000001,0.0,0.0,0.0,0.0,0.41000000000000003,12.37,70.0,3.02,27.27,2.06,6.67,0.55,0.14,10.58,72.73,89.73,20.06,0,,0,,0,0.0,0.0,0.0,,,0.41000000000000003,,1.24,0.6900000000000001,0.0,0.0,0.27,0,0
J. Kim,Junyong Kim,-811965,Sydney Olympic,Sydney Olympic,https://cdn5.wyscout.com/photos/team/public/g150_120x120.png,New South Wales NPL,"DMF, LCMF, LDMF",DMF,40,LCMF,26,LDMF,17,,,0,,10,639,0,0.22,0,0.6000000000000001,9.58,42.65,Australia,['Australia'],unknown,0,0,False,6.34,5.21,59.46,1.13,25.0,0.28,0.37,0.14,2.96,3.91,0.7000000000000001,1,0.14,0,0.0,0.85,0.0,0,0.0,0.03,0,0.0,5,0.7000000000000001,60.0,0.0,0.0,1.27,33.33,0.85,33.33,0.28,50.0,0.14,0.0,0.0,1.55,0.0,0.7000000000000001,0.14,0.0,36.9,0.0,0.14,47.18,85.37,14.37,76.47,9.58,94.12,42.82,89.14,3.24,52.17,15.91,27.64,0.08,0.56,0.14,0.0,0.0,0.0,0.14,5.49,79.49,1.55,36.36,0.7000000000000001,40.0,0.42,0.42,8.45,68.33,89.74,16.48,0,,0,,0,0.0,0.0,0.0,,,0.0,,1.13,0.14,0.0,0.0,0.28,0,0
L. Trajcevski,Lucas Trajcevski,-572682,Wollongong Wolves,Wollongong Wolves,https://cdn5.wyscout.com/photos/team/public/g155_120x120.png,New South Wales NPL,"LW, CF, RW",LW,39,CF,32,RW,22,20.0,2006-01-01,0,,15,638,0,0.37,1,0.34,21.3,41.72,Australia,['Australia'],,0,0,False,6.91,6.77,64.58,1.83,30.77,0.42,0.5,0.0,2.12,2.49,0.99,2,0.28,0,0.0,1.83,0.0,0,0.0,0.05,0,0.0,5,0.71,20.0,0.0,0.14,0.85,50.0,0.71,60.0,0.14,0.0,0.14,2.68,47.37,9.59,32.35,1.97,1.13,0.28,16.08,1.69,0.85,23.13,83.54,5.92,73.81,6.07,93.02,20.03,87.32,2.26,62.5,15.29,21.39,0.05,0.56,0.14,0.0,0.0,0.0,0.28,1.97,71.43,1.13,75.0,0.42,33.33,0.56,0.42,2.96,71.43,84.62,5.5,0,,0,,0,0.0,0.0,0.0,,,0.14,,1.83,0.0,0.0,0.0,0.14,0,0
R. Culina,Roman Culina,-562361,St George City FA,St George City FA,https://cdn5.wyscout.com/photos/team/public/g38544_120x120.png,New South Wales NPL,"LB5, LCB3, LB",LB5,50,LCB3,35,LB,10,19.0,2007-02-05,0,,11,631,0,0.0,0,0.28,13.41,50.0,Australia,['Australia'],unknown,0,0,False,8.42,6.42,57.78,2.42,52.94,0.14,0.14,0.43,4.5600000000000005,4.57,0.29,0,0.0,0,0.0,0.14,0.0,0,0.0,0.0,0,0.0,1,0.14,0.0,0.0,0.0,0.14,0.0,0.14,0.0,0.0,0.0,0.14,1.0,14.29,3.14,27.27,0.0,0.43,0.0,20.4,0.43,0.29,30.38,79.34,12.27,62.79,5.85,92.68,25.67,87.78,4.5600000000000005,34.38,18.95,32.15,0.04,0.14,0.14,0.0,0.0,0.0,0.0,4.28,56.67,0.43,33.33,0.14,0.0,0.14,0.0,5.42,63.16,91.8,8.7,0,,0,,0,0.0,0.0,0.0,,,0.43,,2.42,0.43,0.0,0.0,1.0,0,0
L. Sattout,Lachlan Sattout,-455919,Western Sydney W. U21,Western Sydney W. U21,https://cdn5.wyscout.com/photos/team/public/g23047_120x120.png,New South Wales NPL,"LW, CF, RW",LW,38,CF,25,RW,22,19.0,2006-12-16,0,,13,629,2,1.0,4,2.26,20.75,51.03,Australia,['Australia'],,0,0,False,7.01,5.87,70.73,3.0,47.62,0.43,0.46,0.14,2.43,2.6,0.43,0,0.0,0,0.0,3.7199999999999998,0.29,2,0.29,0.14,0,0.0,10,1.43,30.0,20.0,0.5700000000000001,2.29,37.5,0.86,33.33,1.29,44.44,0.14,3.15,77.27,9.3,47.69,3.58,1.43,0.0,16.31,1.57,1.0,25.76,63.89,7.87,43.64,5.15,88.89,20.46,69.93,3.58,44.0,20.3,23.41,0.32,2.15,0.0,0.0,0.0,0.0,1.1400000000000001,4.29,33.33,2.15,60.0,0.5700000000000001,25.0,1.57,0.86,5.01,60.0,61.4,8.16,0,,0,,0,0.0,0.0,0.0,,,0.14,,3.0,0.29,0.14,0.0,1.0,0,0
Jett Long,Jett Long,-788990,Blacktown City,Blacktown City,https://cdn5.wyscout.com/photos/team/public/g10489_120x120.png,New South Wales NPL,LB,LB,94,,0,,0,,,0,,8,628,0,0.01,0,0.14,20.92,45.21,Australia,['Australia'],,0,0,False,9.03,8.89,58.06,3.15,31.82,0.86,1.16,0.14,3.01,4.06,0.72,1,0.14,0,0.0,0.72,0.0,0,0.0,0.0,0,0.0,2,0.29,0.0,0.0,0.0,1.72,8.33,1.72,8.33,0.0,0.0,0.0,1.15,50.0,6.74,27.66,0.14,1.0,0.29,27.37,1.15,0.86,37.69,76.43,13.33,64.52,7.6,94.34,31.39,85.84,4.73,36.36,16.54,26.84,0.02,0.29,0.0,0.0,0.0,0.0,0.14,4.3,53.33,1.58,36.36,0.14,0.0,0.29,0.14,7.6,64.15,82.54,9.03,0,,0,,0,0.0,0.0,0.0,,,0.43,,3.15,0.0,0.0,0.0,0.0,0,0
J. Cetinic,Joshua Cetinic,-691886,Western Sydney W. U21,Western Sydney W. U21,https://cdn5.wyscout.com/photos/team/public/g23047_120x120.png,New South Wales NPL,"LCMF, RCMF, LDMF",LCMF,70,RCMF,16,LDMF,10,,,0,,10,623,0,0.22,0,0.17,16.76,50.0,Australia,['Australia'],,0,0,False,8.81,8.09,62.5,1.44,20.0,1.01,1.11,0.43,2.74,3.02,0.58,1,0.14,0,0.0,0.87,0.0,0,0.0,0.03,0,0.0,9,1.3,11.11,0.0,0.0,0.87,0.0,0.29,0.0,0.43,0.0,0.0,0.72,100.0,4.04,46.43,0.14,0.87,0.0,36.84,0.43,0.87,50.27,82.76,13.29,57.61,11.12,97.4,45.22,88.18,4.19,41.38,16.84,35.44,0.02,0.43,0.0,0.0,0.0,0.0,0.0,7.08,63.27,1.73,25.0,0.29,0.0,0.43,0.0,5.06,65.71,88.8,18.06,0,,0,,0,0.0,0.0,0.0,,,0.72,,1.44,0.0,0.0,0.0,0.0,0,0
R. Macnamara,Rocco Macnamara,-554596,Western Sydney W. U21,Western Sydney W. U21,https://cdn5.wyscout.com/photos/team/public/g23047_120x120.png,New South Wales NPL,LB,LB,100,,0,,0,17.0,2008-11-01,0,,8,623,0,0.01,0,0.0,18.35,47.24,Australia,['Australia'],unknown,0,0,False,10.98,9.53,54.55,4.19,48.28,1.16,1.28,0.72,4.62,5.11,1.01,3,0.43,0,0.0,0.43,0.0,0,0.0,0.0,0,0.0,1,0.14,0.0,0.0,0.0,1.88,15.38,1.88,15.38,0.0,0.0,0.29,0.87,16.67,2.46,17.65,0.14,0.87,0.0,28.6,2.46,0.29,36.69,72.05,13.87,57.29,8.09,96.43,30.91,77.57,4.04,53.57,21.78,38.59,0.0,0.0,0.0,0.0,0.0,0.0,0.14,3.61,52.0,2.02,28.57,0.58,25.0,0.29,0.29,8.67,56.67,75.68,10.69,0,,0,,0,0.0,0.0,0.0,,,0.29,,4.19,0.0,0.0,0.0,0.0,0,0
M. Marcic,Mihael Marcic,-264419,SD Raiders,SD Raiders,https://cdn5.wyscout.com/photos/team/public/g36030_120x120.png,New South Wales NPL,"CF, RCMF3, RW",CF,16,RCMF3,14,RW,12,25.0,2001-02-08,0,,14,617,0,0.58,0,0.18,16.92,37.93,Australia,['Australia'],,0,0,False,7.44,5.54,52.63,3.94,29.63,0.15,0.19,0.15,4.38,5.77,1.6,2,0.29,0,0.0,1.75,0.0,0,0.0,0.09,0,0.0,9,1.31,22.22,0.0,0.0,2.63,27.78,0.29,0.0,2.33,31.25,0.29,2.04,35.71,5.11,22.86,2.92,1.6,0.15,15.46,2.92,0.29,23.78,63.19,7.44,56.86,4.38,90.0,18.53,71.65,2.63,38.89,18.54,24.66,0.03,0.58,0.15,0.0,0.15,0.0,0.15,3.35,43.48,2.77,31.58,0.73,20.0,0.44,0.73,4.52,54.84,65.22,6.71,0,,0,,0,0.0,0.0,0.0,,,0.15,,3.94,0.0,0.0,0.0,0.0,0,0
J. Skotadis,Jerry Skotadis,522691,Rockdale Ilinden,Rockdale Ilinden,https://cdn5.wyscout.com/photos/team/public/g14576_120x120.png,New South Wales NPL,"RDMF, RCMF, AMF",RDMF,33,RCMF,19,AMF,16,26.0,2000-03-07,150000,,14,613,2,0.74,0,0.29,17.32,46.61,Australia,"['Australia', 'Greece']",right,178,73,False,7.78,7.34,66.0,1.32,11.11,0.15,0.23,0.15,2.79,4.35,1.32,1,0.15,0,0.0,1.62,0.29,2,0.29,0.11,0,0.0,10,1.47,30.0,20.0,0.0,1.03,28.57,0.59,25.0,0.44,33.33,0.15,2.64,33.33,6.46,36.36,2.64,0.73,0.15,25.99,0.29,0.73,38.03,76.06,11.89,61.73,8.08,89.09,34.21,82.4,2.79,15.79,15.78,28.0,0.04,0.73,0.0,0.0,0.15,0.0,0.15,5.29,50.0,2.2,26.67,1.32,0.0,0.59,0.29,4.11,60.71,80.6,9.84,0,,0,,0,0.0,0.0,0.0,,,0.0,,1.32,0.44,0.15,100.0,0.59,0,0
F. Farinella,Franco Farinella,-350881,APIA Leichhardt Tigers,APIA Leichhardt Tigers,https://cdn5.wyscout.com/photos/team/public/g10487_120x120.png,New South Wales NPL,"AMF, LDMF, DMF",AMF,28,LDMF,23,DMF,23,21.0,2004-12-11,0,,13,596,0,0.35000000000000003,0,0.35000000000000003,13.14,45.98,Australia,['Australia'],,0,0,False,9.06,5.44,52.78,1.21,75.0,0.6000000000000001,0.8200000000000001,0.0,5.59,7.6,1.81,1,0.15,0,0.0,0.76,0.0,0,0.0,0.05,0,0.0,10,1.51,20.0,0.0,0.0,0.15,100.0,0.0,0.0,0.15,100.0,0.0,1.06,28.57,3.62,29.17,1.81,0.0,0.0,20.23,1.06,0.0,34.28,83.7,9.66,70.31,5.44,91.67,31.56,86.6,2.5700000000000003,47.06,17.99,24.92,0.05,1.06,0.0,0.0,0.0,0.0,0.76,3.7800000000000002,76.0,1.21,87.5,0.15,100.0,1.06,0.15,5.13,76.47,93.83,12.23,0,,0,,0,0.0,0.0,0.0,,,0.0,,1.21,0.0,0.0,0.0,0.0,0,0
Felipe D'Agostini,Felipe Fiorino D'Agostini,-571103,Wollongong Wolves,Wollongong Wolves,https://cdn5.wyscout.com/photos/team/public/g155_120x120.png,New South Wales NPL,"LW, CF, LCMF",LW,45,CF,22,LCMF,21,26.0,2000-05-09,0,,13,594,1,0.38,0,0.81,25.45,36.9,Brazil,['Brazil'],unknown,0,0,False,8.79,7.42,53.06,3.18,61.9,1.06,1.37,0.0,3.79,4.9,1.67,1,0.15,0,0.0,1.67,0.15,1,0.15,0.06,0,0.0,7,1.06,14.29,14.286,0.0,0.30000000000000004,0.0,0.15,0.0,0.15,0.0,0.0,3.79,40.0,12.42,24.39,2.58,3.03,0.45,21.97,2.27,1.21,29.55,71.28,9.85,60.0,6.21,90.24,27.27,73.33,1.97,53.85,13.67,19.87,0.12,0.91,0.0,0.0,0.15,0.0,0.15,3.64,70.83,0.91,16.67,0.30000000000000004,0.0,0.61,0.0,3.48,60.87,70.83,7.27,0,,0,,0,0.0,0.0,0.0,,,0.15,,3.18,0.91,0.15,0.0,0.76,0,0
O. Moore,Oscar Moore,-452767,Western Sydney W. U21,Western Sydney W. U21,https://cdn5.wyscout.com/photos/team/public/g23047_120x120.png,New South Wales NPL,"RW, CF",RW,51,CF,12,,0,18.0,2007-12-08,0,,11,592,2,1.78,0,0.58,13.83,47.25,Australia,['Australia'],unknown,0,0,False,6.84,5.63,62.16,0.91,50.0,0.76,0.88,0.15,2.58,2.98,0.46,0,0.0,0,0.0,2.13,0.30000000000000004,2,0.30000000000000004,0.27,0,0.0,9,1.37,55.56,22.222,0.0,2.43,12.5,0.15,0.0,2.2800000000000002,13.33,0.15,2.43,43.75,6.54,37.21,2.74,1.37,0.15,16.72,0.91,0.91,22.8,70.67,5.78,60.53,4.71,90.32,18.85,80.65,1.52,40.0,16.14,13.6,0.09,1.52,0.15,0.0,0.15,0.0,0.76,1.98,61.54,2.43,50.0,0.30000000000000004,0.0,1.37,0.30000000000000004,3.34,59.09,71.05,5.78,0,,0,,0,0.0,0.0,0.0,,,0.0,,0.91,0.30000000000000004,0.15,100.0,1.52,0,0
G. Hoefsloot,Gus Hoefsloot,-333999,Sydney,Sydney FC II,https://cdn5.wyscout.com/photos/team/public/2328_120x120.png,A-League,GK,GK,100,,0,,0,20.0,2006-03-13,0,2028-06-30,6,587,0,0.0,0,0.0,1.38,100.0,Australia,['Australia'],right,191,0,False,1.99,0.15,100.0,1.07,100.0,0.0,0.0,0.0,1.8399999999999999,2.12,0.0,0,0.0,0,0.0,0.0,0.0,0,0.0,0.0,0,0.0,0,0.0,0.0,0.0,0.0,0.0,0.0,0.0,0.0,0.0,0.0,0.0,0.0,0.0,0.15,100.0,0.0,0.0,0.0,7.51,0.31,0.15,17.02,81.98,9.2,71.67,0.0,0.0,13.19,96.51,3.83,32.0,28.87,49.84,0.0,0.0,0.0,0.0,0.0,0.0,0.0,1.69,27.27,0.15,0.0,0.15,100.0,0.0,0.0,2.61,52.94,92.86,6.44,10,1.53,38,5.83,0,73.68,9.78,1.5,-0.22,-0.034,0.0,2.3,1.07,,,,0.0,0,0
J. Graoroski,Jordan Graoroski,-554700,Sydney FC II,Sydney FC II,https://cdn5.wyscout.com/photos/team/public/g-12408_120x120.png,New South Wales NPL,"CF, RWF",CF,72,RWF,22,,0,18.0,2008-02-26,0,,11,584,1,2.23,0,0.0,12.17,32.91,Australia,['Australia'],unknown,0,0,False,2.62,1.85,41.67,1.7000000000000002,36.36,0.0,0.0,0.0,1.85,2.24,0.62,1,0.15,0,0.0,1.3900000000000001,0.15,1,0.15,0.34,0,0.0,12,1.85,33.33,8.333,0.0,1.08,14.29,0.31,0.0,0.77,20.0,0.31,1.23,50.0,6.01,33.33,3.08,0.77,0.0,9.71,0.46,0.77,12.02,80.77,3.08,75.0,3.7,95.83,10.63,88.41,0.46,66.67,14.91,12.23,0.0,0.15,0.0,0.0,0.0,0.0,0.0,0.77,80.0,0.46,33.33,0.15,100.0,0.31,0.15,1.7000000000000002,54.55,58.33,1.85,0,,0,,0,0.0,0.0,0.0,,,0.0,,1.7000000000000002,0.15,0.15,0.0,0.0,0,0
O. Gonzalez,Oscar Gonzalez,-715544,APIA Leichhardt Tigers,APIA Leichhardt Tigers,https://cdn5.wyscout.com/photos/team/public/g10487_120x120.png,New South Wales NPL,CF,CF,97,,0,,0,,,0,,15,584,5,2.91,2,0.45,20.8,37.78,Australia,['Australia'],,0,0,False,4.93,6.01,56.41,3.7,25.0,0.0,0.0,0.0,1.54,2.26,2.0,2,0.31,0,0.0,4.01,0.77,5,0.77,0.45,2,0.31,20,3.08,65.0,25.0,0.31,1.23,0.0,0.46,0.0,0.77,0.0,0.46,2.47,81.25,8.78,31.58,5.86,1.7000000000000002,0.46,12.33,2.93,0.62,16.64,62.04,3.08,45.0,4.62,83.33,15.26,67.68,0.46,0.0,13.22,10.83,0.07,0.92,0.0,0.0,0.0,0.0,0.46,0.46,0.0,0.77,20.0,0.0,0.0,0.62,0.0,0.92,16.67,55.0,3.08,0,,0,,0,0.0,0.0,0.0,,,0.0,,3.7,0.0,0.0,0.0,0.0,0,0
P. Politis,Peter Politis,-259941,Sydney Olympic,Sydney Olympic,https://cdn5.wyscout.com/photos/team/public/g150_120x120.png,New South Wales NPL,RCB,RCB,97,,0,,0,23.0,2002-12-11,0,,6,582,0,0.0,0,0.0,12.22,62.03,Australia,['Australia'],,0,0,False,13.76,7.27,74.47,2.47,56.25,0.93,1.07,1.7000000000000002,7.42,8.52,0.62,2,0.31,0,0.0,0.15,0.0,0,0.0,0.0,0,0.0,0,0.0,0.0,0.0,0.0,0.0,0.0,0.0,0.0,0.0,0.0,0.0,0.46,33.33,1.55,30.0,0.15,0.0,0.0,19.02,0.0,0.31,32.01,84.06,14.07,69.23,2.94,100.0,25.67,95.18,6.34,39.02,23.75,43.65,0.0,0.0,0.0,0.0,0.0,0.0,0.0,2.94,57.89,0.15,0.0,0.15,0.0,0.0,0.0,5.57,63.89,95.24,12.99,0,,0,,0,0.0,0.0,0.0,,,2.63,,2.47,0.0,0.0,0.0,0.0,0,0
N. Sorras,Nicholas Sorras,417286,St. George Saints ,St. George Saints ,https://cdn5.wyscout.com/photos/team/public/g20232_120x120.png,New South Wales NPL,GK,GK,100,,0,,0,27.0,1998-06-15,0,,6,580,0,0.0,0,0.0,0.47000000000000003,100.0,Australia,['Australia'],right,194,0,False,1.09,0.0,0.0,0.31,100.0,0.0,0.0,0.0,1.09,1.42,0.0,1,0.16,0,0.0,0.0,0.0,0,0.0,0.0,0,0.0,0,0.0,0.0,0.0,0.0,0.0,0.0,0.0,0.0,0.0,0.0,0.0,0.0,0.0,0.0,0.0,0.0,0.0,0.0,8.84,0.0,0.0,17.07,80.91,9.16,67.8,0.0,0.0,11.02,98.59,6.05,48.72,32.65,52.04,0.0,0.0,0.0,0.0,0.0,0.0,0.0,2.17,21.43,0.31,0.0,0.16,0.0,0.0,0.0,3.41,68.18,95.45,6.83,2,0.31,26,4.03,4,92.31,9.1,1.4100000000000001,7.1,1.102,0.0,2.02,0.31,,,,0.0,0,0
P. O'Shea,Patrick O'Shea,-186154,St. George Saints ,St. George Saints ,https://cdn5.wyscout.com/photos/team/public/g20232_120x120.png,New South Wales NPL,"RCMF, LCB, DMF",RCMF,53,LCB,11,DMF,10,30.0,1996-03-11,0,,10,580,0,0.0,0,0.0,9.78,65.08,Australia,['Australia'],,0,0,False,9.0,5.59,69.44,2.17,57.14,0.93,1.23,0.47000000000000003,4.19,5.55,1.09,2,0.31,0,0.0,0.16,0.0,0,0.0,0.0,0,0.0,0,0.0,0.0,0.0,0.0,0.0,0.0,0.0,0.0,0.0,0.0,0.0,0.16,100.0,0.78,80.0,0.0,0.0,0.0,30.88,0.0,0.47000000000000003,46.24,82.21,18.0,66.38,5.74,100.0,42.36,86.08,3.88,40.0,17.01,26.06,0.0,0.0,0.0,0.0,0.0,0.0,0.0,4.8100000000000005,67.74,0.93,16.67,0.16,0.0,0.16,0.0,7.14,65.22,90.48,16.29,0,,0,,0,0.0,0.0,0.0,,,0.47000000000000003,,2.17,0.0,0.0,0.0,0.0,0,0
Harry Turner,Harry Turner,-811381,Manly United,Manly United,https://cdn5.wyscout.com/photos/team/public/g10491_120x120.png,New South Wales NPL,GK,GK,100,,0,,0,,,0,,6,579,0,0.0,0,0.0,0.78,100.0,Australia,['Australia'],unknown,0,0,False,1.4,0.0,0.0,0.62,100.0,0.0,0.0,0.0,1.4,1.88,0.0,1,0.16,0,0.0,0.0,0.0,0,0.0,0.0,0,0.0,0,0.0,0.0,0.0,0.0,0.0,0.0,0.0,0.0,0.0,0.0,0.0,0.0,0.0,0.16,100.0,0.0,0.0,0.0,7.31,0.16,0.16,12.44,85.0,5.75,75.68,0.0,0.0,8.39,96.3,4.04,61.54,25.7,44.3,0.0,0.0,0.0,0.16,0.0,0.0,0.0,0.31,50.0,0.0,0.0,0.0,0.0,0.0,0.0,2.33,33.33,90.91,5.13,8,1.24,24,3.73,2,66.67,6.34,0.99,-1.6600000000000001,-0.258,0.0,1.55,0.62,,,,0.0,0,0
L. Miccio,Lewis Miccio,-204655,St George City FA,St George City FA,https://cdn5.wyscout.com/photos/team/public/g38544_120x120.png,New South Wales NPL,"LB5, LCB3, LB",LB5,61,LCB3,21,LB,17,27.0,1998-12-02,0,,8,578,0,0.12,0,0.33,17.28,61.26,Australia,['Australia'],left,185,0,False,11.99,8.1,75.0,3.27,76.19,0.47000000000000003,0.52,0.16,5.45,6.03,0.16,1,0.16,0,0.0,1.4,0.0,0,0.0,0.02,0,0.0,4,0.62,0.0,0.0,0.0,1.71,45.45,1.71,45.45,0.0,0.0,0.62,1.09,57.14,3.43,31.82,0.62,0.62,0.16,22.89,1.25,0.16,36.44,72.22,19.78,62.2,3.89,92.0,28.03,81.11,6.7,41.86,19.97,37.95,0.05,0.62,0.0,0.0,0.0,0.0,0.16,6.54,54.76,3.58,34.78,0.31,0.0,0.47000000000000003,0.93,10.9,62.86,80.0,8.56,0,,0,,0,0.0,0.0,0.0,,,0.16,,3.27,0.31,0.0,0.0,1.4,0,0
R. Nolan,Riley  Nolan,-583116,Blacktown City,Blacktown City,https://cdn5.wyscout.com/photos/team/public/g10489_120x120.png,New South Wales NPL,"CF, RCMF3, AMF",CF,44,RCMF3,17,AMF,11,,,0,,13,578,1,0.47000000000000003,0,0.30000000000000004,28.81,38.38,Australia,['Australia'],,0,0,False,5.45,6.07,58.97,8.56,32.73,0.16,0.22,0.0,1.71,2.37,1.25,0,0.0,0,0.0,3.43,0.16,1,0.16,0.07,0,0.0,8,1.25,37.5,12.5,0.0,2.18,21.43,1.25,12.5,0.93,33.33,0.31,4.52,51.72,11.83,35.53,3.43,2.02,0.31,14.64,2.02,1.4,22.58,70.34,4.67,56.67,7.47,85.42,19.15,78.05,1.4,44.44,20.79,18.03,0.05,0.62,0.0,0.0,0.16,100.0,0.16,1.71,54.55,1.4,33.33,0.16,100.0,0.47000000000000003,0.31,2.49,75.0,68.97,4.52,0,,0,,0,0.0,0.0,0.0,,,0.0,,8.56,0.0,0.0,0.0,0.0,0,0
L. Griffiths,Lachlan Griffiths,522515,Rockdale Ilinden,Rockdale Ilinden,https://cdn5.wyscout.com/photos/team/public/g14576_120x120.png,New South Wales NPL,"RCB, LCB",RCB,78,LCB,21,,0,26.0,1999-06-23,0,,8,577,1,1.23,1,0.74,21.84,67.86,Australia,['Australia'],,0,0,False,13.88,9.05,77.59,5.77,67.57,0.47000000000000003,0.74,0.9400000000000001,6.4,10.17,1.25,2,0.31,0,0.0,0.9400000000000001,0.16,1,0.16,0.19,1,0.16,9,1.4,22.22,11.111,0.16,0.31,0.0,0.16,0.0,0.0,0.0,0.16,0.62,100.0,4.21,51.85,2.03,1.72,0.0,39.62,0.0,1.25,65.36,89.26,28.86,82.7,4.68,96.67,59.58,93.98,5.46,42.86,18.86,29.23,0.12,0.62,0.0,0.0,0.0,0.0,0.16,7.02,75.56,1.09,57.14,0.62,25.0,0.62,0.0,12.79,75.61,97.44,24.33,0,,0,,0,0.0,0.0,0.0,,,3.43,,5.77,0.0,0.0,0.0,0.0,0,0
J. Rose,Jai Rose,-562318,Western Sydney W. U21,Western Sydney W. U21,https://cdn5.wyscout.com/photos/team/public/g23047_120x120.png,New South Wales NPL,"LW, CF, LCMF",LW,60,CF,15,LCMF,14,18.0,2007-12-22,0,,7,552,2,1.31,0,0.79,21.03,40.31,Australia,['Australia'],unknown,0,0,False,4.73,4.57,60.71,0.65,25.0,0.49,0.55,0.0,1.47,1.6600000000000001,0.8200000000000001,1,0.16,1,0.16,3.91,0.33,2,0.33,0.21,0,0.0,14,2.2800000000000002,64.29,14.286,0.0,1.3,25.0,0.65,25.0,0.65,25.0,0.0,6.03,35.14,14.84,37.36,2.45,3.1,0.33,17.77,0.49,2.61,26.58,72.39,8.15,64.0,5.22,93.75,22.66,79.14,2.61,37.5,18.24,35.63,0.13,0.8200000000000001,0.0,0.0,0.16,0.0,0.33,5.71,60.0,2.77,41.18,1.63,20.0,1.3,0.49,5.05,70.97,68.89,7.34,0,,0,,0,0.0,0.0,0.0,,,0.33,,0.65,0.65,0.16,0.0,2.12,0,0
B. Mallia,Brooklyn Mallia,-811978,Sydney Olympic,Sydney Olympic,https://cdn5.wyscout.com/photos/team/public/g150_120x120.png,New South Wales NPL,"AMF, RCMF",AMF,54,RCMF,32,,0,,,0,,13,549,0,0.34,0,0.45,23.11,46.81,Australia,['Australia'],unknown,0,0,False,9.02,10.66,66.15,0.8200000000000001,0.0,0.49,0.58,0.0,1.48,1.74,1.48,0,0.0,0,0.0,1.31,0.0,0,0.0,0.06,0,0.0,9,1.48,11.11,0.0,0.0,1.15,14.29,0.16,0.0,0.98,16.67,0.66,2.3,42.86,8.85,29.63,0.98,0.98,0.16,19.34,0.16,0.98,27.38,80.84,7.7,72.34,7.7,95.74,25.25,84.42,0.98,66.67,16.21,12.79,0.07,0.49,0.0,0.0,0.0,0.0,0.33,3.77,69.57,1.8,27.27,0.16,100.0,0.66,0.16,3.44,71.43,72.5,6.5600000000000005,0,,0,,0,0.0,0.0,0.0,,,0.49,,0.8200000000000001,0.0,0.0,0.0,0.33,0,0
E. Dyer,Ethan Nicholas Robert Dyer,-708818,Sydney FC II,Sydney FC II,https://cdn5.wyscout.com/photos/team/public/g-12408_120x120.png,New South Wales NPL,"RCB3, RB",RCB3,51,RB,36,,0,16.0,2009-06-24,0,,7,544,0,0.07,0,0.0,19.03,63.48,Australia,"['Australia', 'New Zealand']",unknown,0,0,False,12.24,10.26,79.03,3.81,47.83,0.5,0.61,0.33,3.64,4.49,0.99,0,0.0,0,0.0,0.33,0.0,0,0.0,0.01,0,0.0,1,0.17,0.0,0.0,0.0,0.66,25.0,0.0,0.0,0.66,25.0,0.0,0.5,33.33,2.81,35.29,0.33,0.66,0.0,13.9,0.33,0.33,25.81,69.23,12.41,56.0,3.31,85.0,22.83,73.19,2.32,42.86,16.25,34.56,0.0,0.0,0.0,0.0,0.0,0.0,0.0,4.14,52.0,0.8300000000000001,20.0,0.33,0.0,0.0,0.17,5.79,42.86,85.71,5.79,0,,0,,0,0.0,0.0,0.0,,,0.5,,3.81,0.0,0.0,0.0,0.0,0,0
R. Cox-Barlow,Riley Cox-Barlow,-725515,SD Raiders,SD Raiders,https://cdn5.wyscout.com/photos/team/public/g36030_120x120.png,New South Wales NPL,"CF, LWB",CF,75,LWB,12,,0,22.0,2004-01-05,0,,12,544,1,1.74,0,0.23,23.82,31.94,Australia,['Australia'],unknown,0,0,False,3.9699999999999998,5.79,37.14,4.14,24.0,0.33,0.44,0.0,1.49,1.99,1.99,2,0.33,0,0.0,1.82,0.17,1,0.17,0.29,0,0.0,9,1.49,55.56,11.111,0.0,1.16,14.29,0.66,0.0,0.5,33.33,0.17,1.82,45.45,9.26,25.0,2.98,1.16,0.0,10.75,2.98,1.32,18.2,73.64,3.9699999999999998,54.17,5.63,91.18,15.22,81.52,1.82,45.45,18.52,21.64,0.04,0.66,0.0,0.0,0.0,0.0,0.0,2.32,57.14,1.32,50.0,0.17,0.0,0.33,0.0,1.82,72.73,74.19,5.13,0,,0,,0,0.0,0.0,0.0,,,0.0,,4.14,0.0,0.0,0.0,0.0,0,0
C. Quilligan,Conor Quilligan,-562162,UNSW,UNSW,https://cdn5.wyscout.com/photos/team/public/g33621_120x120.png,New South Wales NPL,"RCMF, LCMF, LCMF3",RCMF,56,LCMF,17,LCMF3,14,27.0,1999-03-04,0,,11,541,0,0.55,0,0.26,16.14,49.48,Australia,['Australia'],right,0,0,False,9.32,7.82,63.83,3.83,47.83,0.0,0.0,0.17,4.33,5.17,1.6600000000000001,1,0.17,0,0.0,1.33,0.0,0,0.0,0.09,0,0.0,6,1.0,33.33,0.0,0.0,1.6600000000000001,40.0,1.16,42.86,0.5,33.33,0.33,0.8300000000000001,40.0,3.33,35.0,1.6600000000000001,0.33,0.0,28.61,0.5,0.33,48.58,81.51,14.14,68.24,11.48,95.65,41.26,87.5,5.66,50.0,20.62,37.24,0.04,0.8300000000000001,0.33,0.17,0.0,0.0,0.17,9.15,69.09,2.33,42.86,0.5,33.33,0.67,0.67,7.99,81.25,87.1,15.47,0,,0,,0,0.0,0.0,0.0,,,0.5,,3.83,0.8300000000000001,0.0,0.0,1.0,0,0
G. Louca,Giorgos Louca,-811974,Sydney Olympic,Sydney Olympic,https://cdn5.wyscout.com/photos/team/public/g150_120x120.png,New South Wales NPL,"RAMF, RW",RAMF,53,RW,40,,0,,,0,,14,519,4,1.43,0,0.01,30.87,35.96,Australia,['Australia'],unknown,0,0,False,8.32,10.58,49.18,2.25,30.77,0.35000000000000003,0.44,0.17,2.77,3.56,2.25,1,0.17,0,0.0,2.6,0.6900000000000001,4,0.6900000000000001,0.25,0,0.0,12,2.08,33.33,33.333,0.0,1.04,0.0,0.17,0.0,0.87,0.0,0.0,5.03,37.93,16.13,27.96,2.43,1.56,0.17,19.08,1.56,1.9100000000000001,24.97,69.44,7.46,51.16,7.8,93.33,22.37,76.74,1.56,11.11,17.22,15.04,0.0,0.35000000000000003,0.0,0.17,0.35000000000000003,0.0,0.0,4.16,54.17,2.08,25.0,0.52,0.0,0.52,0.0,3.64,61.9,72.41,5.03,0,,0,,0,0.0,0.0,0.0,,,0.0,,2.25,0.0,0.0,0.0,1.21,0,0
J. McLachlan,Jacob McLachlan,-413804,Sutherland Sharks,Sutherland Sharks,https://cdn5.wyscout.com/photos/team/public/g10493_120x120.png,New South Wales NPL,"LB5, LCB",LB5,59,LCB,15,,0,19.0,2006-08-26,0,,11,509,0,0.42,0,0.26,16.27,45.65,Australia,['Australia'],unknown,0,0,False,6.01,5.83,63.64,2.3,38.46,0.18,0.30000000000000004,0.18,2.12,3.6,0.53,0,0.0,0,0.0,3.01,0.0,0,0.0,0.07,0,0.0,5,0.88,40.0,0.0,0.0,4.95,25.0,4.77,25.93,0.0,0.0,0.71,2.3,61.54,6.54,29.73,3.36,2.12,0.35000000000000003,30.77,1.5899999999999999,0.53,43.14,72.13,15.03,60.0,7.96,86.67,34.3,82.47,4.24,45.83,18.5,31.99,0.05,0.53,0.18,0.0,0.18,0.0,0.18,6.54,64.86,3.71,33.33,0.71,50.0,0.71,1.24,9.72,61.82,76.19,14.85,0,,0,,0,0.0,0.0,0.0,,,0.35000000000000003,,2.3,0.18,0.0,0.0,0.0,0,0
C. Windust,Cameron Windust,-318195,Marconi Stallions,Marconi Stallions,https://cdn5.wyscout.com/photos/team/public/g146_120x120.png,New South Wales NPL,"RCB, LCB",RCB,72,LCB,24,,0,25.0,2001-04-27,0,,12,504,0,0.43,1,0.15,15.18,71.76,Australia,['Australia'],right,183,0,False,10.18,6.07,79.41,6.79,71.05,1.07,1.35,0.54,4.29,5.41,0.18,0,0.0,0,0.0,0.0,0.0,0,0.0,0.08,0,0.0,2,0.36,0.0,0.0,0.18,0.0,0.0,0.0,0.0,0.0,0.0,0.0,0.0,0.0,0.54,0.0,0.54,0.36,0.0,17.14,0.18,0.0,33.21,78.49,16.25,63.74,3.39,89.47,27.32,87.58,5.89,36.36,24.67,30.69,0.03,0.18,0.0,0.0,0.0,0.0,0.18,5.54,74.19,0.18,100.0,0.18,0.0,0.18,0.0,8.93,66.0,93.94,11.79,0,,0,,0,0.0,0.0,0.0,,,2.5,,6.79,0.0,0.0,0.0,0.0,0,0
J. Mccue-Shore,Jett Mccue-Shore,-248124,SD Raiders,SD Raiders,https://cdn5.wyscout.com/photos/team/public/g36030_120x120.png,New South Wales NPL,"LCB, LCB3, LB",LCB,36,LCB3,35,LB,28,21.0,2004-08-12,0,,7,500,0,0.07,1,0.5,12.24,60.29,Australia,['Australia'],,0,0,False,9.54,6.66,62.16,2.16,83.33,0.18,0.25,0.54,5.22,7.31,0.9,0,0.0,0,0.0,0.9,0.0,0,0.0,0.01,0,0.0,3,0.54,33.33,0.0,0.18,2.16,25.0,1.62,22.22,0.54,33.33,0.0,0.18,100.0,1.44,37.5,0.0,1.08,0.0,36.72,0.54,0.18,55.26,73.29,26.46,59.86,5.4,83.33,38.88,88.43,14.58,39.51,25.93,45.36,0.09,0.72,0.0,0.0,0.0,0.0,0.18,10.8,46.67,2.34,30.77,0.54,33.33,0.36,0.54,14.4,65.0,87.74,19.08,0,,0,,0,0.0,0.0,0.0,,,1.8,,2.16,0.36,0.18,100.0,1.98,0,0
H. Farrow,Harrison Farrow,-685180,St. George Saints ,St. George Saints ,https://cdn5.wyscout.com/photos/team/public/g20232_120x120.png,New South Wales NPL,CF,CF,98,,0,,0,19.0,2006-12-13,0,,14,495,3,1.29,0,0.14,20.73,25.44,Australia,['Australia'],,186,0,False,2.0,4.36,29.17,2.91,25.0,0.0,0.0,0.18,0.73,0.99,2.73,1,0.18,0,0.0,1.82,0.55,3,0.55,0.23,0,0.0,13,2.36,38.46,23.077,0.0,0.18,0.0,0.18,0.0,0.0,0.0,0.0,1.82,50.0,10.55,18.97,2.73,0.91,0.0,10.18,3.64,1.09,13.27,80.82,1.27,42.86,4.73,88.46,12.91,83.1,0.18,0.0,14.1,1.16,0.02,0.36,0.0,0.0,0.0,0.0,0.0,1.27,28.57,0.55,100.0,0.0,0.0,0.91,0.0,0.91,80.0,82.61,4.18,0,,0,,0,0.0,0.0,0.0,,,0.0,,2.91,0.0,0.0,0.0,0.0,0,0
D. Choi,Danny Seung-Joo Choi,456564,Sutherland Sharks,Sutherland Sharks,https://cdn5.wyscout.com/photos/team/public/g10493_120x120.png,New South Wales NPL,"RAMF, RW, RWF",RAMF,33,RW,25,RWF,19,31.0,1994-12-06,0,,11,491,0,0.16,1,0.78,17.6,43.75,Korea Republic,"['Korea Republic', 'Australia']",left,180,69,False,8.62,7.15,64.1,1.1,0.0,0.73,0.98,0.0,3.3,4.43,0.55,1,0.18,0,0.0,2.02,0.0,0,0.0,0.03,0,0.0,7,1.28,0.0,0.0,0.18,1.47,25.0,0.0,0.0,1.47,25.0,0.18,2.93,50.0,6.97,42.11,1.1,2.02,0.73,25.11,2.2,1.1,35.38,71.5,9.9,61.11,8.62,85.11,29.69,78.4,4.4,37.5,18.72,30.45,0.14,1.28,0.0,0.0,0.37,50.0,0.55,5.5,50.0,2.93,56.25,0.55,33.33,1.47,0.37,6.23,64.71,68.97,10.63,0,,0,,0,0.0,0.0,0.0,,,0.18,,1.1,0.0,0.0,0.0,1.28,0,0
H. Keys,Harry Keys,-683024,St. George Saints ,St. George Saints ,https://cdn5.wyscout.com/photos/team/public/g20232_120x120.png,New South Wales NPL,"LW, LAMF, RAMF",LW,43,LAMF,12,RAMF,11,,,0,,10,489,1,1.16,0,0.51,24.85,42.96,Australia,['Australia'],,0,0,False,6.44,7.73,64.29,2.21,16.67,0.37,0.53,0.0,1.1,1.5899999999999999,2.21,1,0.18,0,0.0,2.94,0.18,1,0.18,0.21,0,0.0,9,1.6600000000000001,66.67,11.111,0.0,1.47,0.0,0.74,0.0,0.74,0.0,0.37,2.94,62.5,11.96,35.38,3.13,1.6600000000000001,0.18,18.4,2.02,1.6600000000000001,24.11,64.89,7.55,56.1,5.71,87.1,22.27,70.25,0.37,0.0,12.73,9.62,0.09,0.37,0.0,0.0,0.0,0.0,0.37,3.68,60.0,1.47,37.5,0.18,0.0,0.55,0.37,4.23,69.57,65.22,4.23,0,,0,,0,0.0,0.0,0.0,,,0.18,,2.21,0.0,0.0,0.0,0.0,0,0
B. Clarkson,Brodie Clarkson,-186156,St George City FA,St George City FA,https://cdn5.wyscout.com/photos/team/public/g38544_120x120.png,New South Wales NPL,"LCMF, LCMF3",LCMF,61,LCMF3,20,,0,25.0,2000-06-14,0,,6,477,0,0.12,0,0.06,9.06,43.75,Australia,['Australia'],,0,0,False,7.92,4.53,58.33,1.32,28.57,0.0,0.0,0.38,5.28,5.49,0.38,0,0.0,0,0.0,0.38,0.0,0,0.0,0.02,0,0.0,4,0.75,0.0,0.0,0.0,0.5700000000000001,0.0,0.5700000000000001,0.0,0.0,0.0,0.0,0.38,100.0,2.08,27.27,0.5700000000000001,0.38,0.0,25.85,0.0,0.19,39.62,77.62,14.53,66.23,6.98,94.59,34.34,81.87,4.72,56.0,18.73,32.8,0.01,0.19,0.0,0.0,0.0,0.0,0.0,5.85,58.06,1.51,25.0,0.38,0.0,0.38,0.19,6.04,56.25,81.67,11.32,0,,0,,0,0.0,0.0,0.0,,,0.9400000000000001,,1.32,0.0,0.0,0.0,0.0,0,0
C. Jackson-Brown,Caleb Jackson-Brown,-244964,Blacktown City,Blacktown City,https://cdn5.wyscout.com/photos/team/public/g10489_120x120.png,New South Wales NPL,"RW, RAMF, LCMF",RW,29,RAMF,17,LCMF,15,23.0,2002-06-15,0,,10,471,1,0.7000000000000001,1,0.49,22.55,49.15,Australia,['Australia'],,0,0,False,9.55,9.36,61.22,4.97,34.62,0.5700000000000001,0.74,0.19,3.25,4.21,1.53,0,0.0,0,0.0,0.96,0.19,1,0.19,0.13,0,0.0,8,1.53,12.5,12.5,0.19,0.96,40.0,0.19,0.0,0.76,50.0,0.0,0.96,40.0,5.35,39.29,2.87,0.96,0.0,14.52,0.5700000000000001,1.53,20.83,69.72,7.07,56.76,6.88,80.56,19.11,74.0,0.76,0.0,13.31,10.39,0.09,0.5700000000000001,0.0,0.0,0.0,0.0,0.5700000000000001,2.29,66.67,0.5700000000000001,33.33,0.0,0.0,0.5700000000000001,0.38,2.29,41.67,69.23,2.48,0,,0,,0,0.0,0.0,0.0,,,0.19,,4.97,0.0,0.0,0.0,0.0,0,0
T. Wohlfiel,Timothy Wohlfiel,466096,UNSW,UNSW,https://cdn5.wyscout.com/photos/team/public/g33621_120x120.png,New South Wales NPL,"RB, RWB",RB,62,RWB,37,,0,29.0,1997-01-21,0,,7,466,1,0.15,0,0.22,20.67,58.88,England,['England'],,0,0,False,15.64,11.01,73.68,0.77,50.0,1.16,1.51,0.39,6.37,8.32,2.32,2,0.39,1,0.19,1.74,0.19,1,0.19,0.03,0,0.0,1,0.19,100.0,100.0,0.0,2.9,33.33,0.0,0.0,2.9,33.33,0.0,0.97,60.0,5.79,30.0,0.39,1.16,0.0,16.03,1.74,0.77,26.85,69.06,8.3,62.79,5.21,96.3,20.47,81.13,3.48,27.78,18.77,32.0,0.04,0.39,0.0,0.19,0.0,0.0,0.0,3.67,73.68,2.9,33.33,0.39,0.0,0.19,0.77,6.76,60.0,65.85,7.92,0,,0,,0,0.0,0.0,0.0,,,0.97,,0.77,0.0,0.0,0.0,0.0,0,0
Y. Sebhatu,Yonatan Sebhatu,-725509,SD Raiders,SD Raiders,https://cdn5.wyscout.com/photos/team/public/g36030_120x120.png,New South Wales NPL,"LB, LCB3",LB,70,LCB3,13,,0,,,0,,10,462,0,0.11,0,0.0,19.09,48.98,Australia,['Australia'],unknown,0,0,False,11.49,7.6,58.97,3.12,56.25,1.3599999999999999,1.8599999999999999,0.0,5.65,7.7,1.9500000000000002,3,0.58,0,0.0,0.78,0.0,0,0.0,0.02,0,0.0,1,0.19,0.0,0.0,0.0,0.78,50.0,0.19,0.0,0.58,66.67,0.0,0.78,50.0,4.48,26.09,0.19,1.17,0.19,20.45,0.58,1.3599999999999999,35.65,78.69,15.19,64.1,5.84,100.0,31.95,82.93,2.92,40.0,15.84,16.47,0.0,0.0,0.0,0.0,0.0,0.0,0.19,5.26,48.15,1.75,44.44,0.58,0.0,0.39,0.19,6.43,66.67,84.21,11.1,0,,0,,0,0.0,0.0,0.0,,,0.39,,3.12,0.0,0.0,0.0,0.0,0,0
K. Kimishima,Katsuyoshi Kimishima,-195379,St. George Saints ,St. George Saints ,https://cdn5.wyscout.com/photos/team/public/g20232_120x120.png,New South Wales NPL,"CF, AMF, RW",CF,41,AMF,20,RW,15,27.0,1998-09-08,0,,9,459,0,1.15,0,0.5,17.25,47.73,Japan,['Japan'],,167,62,False,6.08,5.88,66.67,0.98,20.0,0.39,0.51,0.0,1.76,2.29,0.39,1,0.2,0,0.0,1.76,0.0,0,0.0,0.23,0,0.0,8,1.57,37.5,0.0,0.0,1.37,28.57,0.78,25.0,0.59,33.33,0.0,1.57,50.0,8.43,44.19,1.96,0.59,0.0,18.63,0.59,2.16,27.84,80.99,5.49,67.86,8.04,92.68,24.71,84.13,2.16,63.64,15.13,16.16,0.1,0.98,0.0,0.0,0.0,0.0,0.0,2.55,84.62,0.78,100.0,0.2,100.0,0.39,0.2,3.33,70.59,78.38,7.25,0,,0,,0,0.0,0.0,0.0,,,0.2,,0.98,0.2,0.2,0.0,0.78,0,0
H. McAteer,Hugo McAteer,-724501,St George City FA,St George City FA,https://cdn5.wyscout.com/photos/team/public/g38544_120x120.png,New South Wales NPL,"RW, RWB, RAMF",RW,22,RWB,17,RAMF,16,,,0,,11,458,1,0.46,0,0.46,27.9,37.32,Australia,['Australia'],,0,0,False,7.86,6.48,75.76,3.34,41.18,0.0,0.0,0.0,2.95,3.81,2.16,0,0.0,0,0.0,2.16,0.2,1,0.2,0.09,0,0.0,5,0.98,20.0,20.0,0.0,2.75,21.43,0.39,50.0,2.36,16.67,0.39,5.5,25.0,14.54,18.92,1.57,1.38,0.0,14.93,3.34,0.98,21.81,58.56,7.07,55.56,2.75,85.71,16.9,67.44,2.16,36.36,20.49,24.17,0.09,0.39,0.0,0.0,0.0,0.0,0.2,2.55,53.85,3.93,25.0,0.59,33.33,0.79,0.59,5.11,65.38,46.67,5.9,0,,0,,0,0.0,0.0,0.0,,,0.2,,3.34,0.0,0.0,0.0,0.0,0,0
A. Waraga,Atiya Waraga,-451422,Western Sydney W. U21,Western Sydney W. U21,https://cdn5.wyscout.com/photos/team/public/g23047_120x120.png,New South Wales NPL,"RW, LW, LAMF",RW,49,LW,29,LAMF,12,20.0,2006-02-24,0,,7,458,2,1.9500000000000002,1,0.9500000000000001,22.4,52.63,Australia,['Australia'],,0,0,False,5.7,4.13,76.19,0.98,20.0,0.0,0.0,0.2,2.55,2.83,0.2,0,0.0,0,0.0,10.02,0.39,2,0.39,0.38,0,0.0,19,3.73,63.16,10.526,0.2,5.31,37.04,2.16,27.27,3.14,43.75,1.38,8.45,67.44,16.31,48.19,5.11,4.52,0.59,21.22,2.95,1.38,28.49,62.76,7.27,54.05,3.93,85.0,20.63,74.29,2.75,28.57,21.76,32.77,0.19,1.18,0.39,0.0,0.2,0.0,0.98,4.13,23.81,5.11,42.31,1.38,14.29,0.98,1.77,5.7,68.97,67.24,11.4,0,,0,,0,0.0,0.0,0.0,,,0.0,,0.98,1.18,0.2,0.0,3.93,0,0
N. Roberts,Nathan Roberts,-813533,UNSW,UNSW,https://cdn5.wyscout.com/photos/team/public/g33621_120x120.png,New South Wales NPL,"RW, LW, LWB",RW,27,LW,26,LWB,17,29.0,1997-02-21,0,,10,447,2,0.28,2,1.34,16.31,32.1,Australia,['Australia'],unknown,0,0,False,3.42,5.44,29.63,3.22,25.0,0.0,0.0,0.4,1.81,2.2,2.21,0,0.0,1,0.2,3.42,0.4,2,0.4,0.06,0,0.0,5,1.01,60.0,40.0,0.4,4.03,40.0,2.42,41.67,1.6099999999999999,37.5,0.4,2.01,60.0,5.64,32.14,1.01,0.2,0.0,21.34,2.01,0.4,30.4,61.59,12.08,50.0,5.64,89.29,21.74,69.44,4.63,43.48,22.38,30.62,0.27,2.21,0.0,0.2,0.2,0.0,0.2,5.84,41.38,5.64,32.14,0.6000000000000001,33.33,0.2,1.6099999999999999,8.86,72.73,62.75,10.27,0,,0,,0,0.0,0.0,0.0,,,0.0,,3.22,0.4,0.2,100.0,2.8200000000000003,0,0
K. Lopes,Kevin Lopes,-813529,UNSW,UNSW,https://cdn5.wyscout.com/photos/team/public/g33621_120x120.png,New South Wales NPL,CF,CF,100,,0,,0,30.0,1996-05-09,0,,10,447,2,2.7800000000000002,0,0.21,24.77,35.77,Australia,['Australia'],unknown,0,0,False,3.62,4.63,56.52,6.85,44.12,0.0,0.0,0.0,1.01,1.35,1.6099999999999999,1,0.2,0,0.0,1.01,0.4,2,0.4,0.56,1,0.2,8,1.6099999999999999,37.5,25.0,0.0,0.0,0.0,0.0,0.0,0.0,0.0,0.0,2.21,18.18,9.06,20.0,3.02,0.2,0.0,10.27,1.6099999999999999,1.01,18.72,63.44,4.23,52.38,5.03,92.0,18.12,63.33,0.6000000000000001,66.67,14.17,12.21,0.04,0.6000000000000001,0.2,0.0,0.0,0.0,0.2,2.42,66.67,0.4,0.0,0.0,0.0,0.6000000000000001,0.0,2.01,60.0,57.89,3.83,0,,0,,0,0.0,0.0,0.0,,,0.2,,6.85,0.0,0.0,0.0,0.0,0,0
N. Barrie,Nathan Barrie,-454220,Western Sydney W. U21,Western Sydney W. U21,https://cdn5.wyscout.com/photos/team/public/g23047_120x120.png,New South Wales NPL,LCB,LCB,96,,0,,0,19.0,2006-05-29,0,2027-06-30,5,446,0,0.0,0,0.0,7.87,61.54,Australia,['Australia'],unknown,0,0,False,6.66,2.62,92.31,2.02,60.0,0.2,0.24,0.4,4.04,4.76,0.0,1,0.2,0,0.0,0.0,0.0,0,0.0,0.0,0,0.0,0,0.0,0.0,0.0,0.0,0.0,0.0,0.0,0.0,0.0,0.0,0.0,0.2,0.0,1.6099999999999999,25.0,0.2,3.83,0.4,55.29,0.0,0.81,71.84,90.17,25.43,79.37,4.24,95.24,65.38,93.83,6.46,53.13,21.75,40.13,0.0,0.2,0.0,0.0,0.0,0.0,0.0,7.67,63.16,0.4,0.0,1.21,50.0,0.0,0.0,11.91,76.27,96.74,37.13,0,,0,,0,0.0,0.0,0.0,,,3.63,,2.02,0.0,0.0,0.0,0.0,0,0
J. Segreto,Jordan Segreto,-196940,APIA Leichhardt Tigers,APIA Leichhardt Tigers,https://cdn5.wyscout.com/photos/team/public/g10487_120x120.png,New South Wales NPL,"RAMF, RW",RAMF,64,RW,28,,0,23.0,2002-06-17,0,,7,445,3,1.88,0,0.8300000000000001,20.63,46.08,Australia,['Australia'],,0,0,False,5.66,5.87,68.97,2.02,50.0,0.2,0.28,0.0,1.42,1.96,0.81,1,0.2,0,0.0,4.04,0.61,3,0.61,0.38,0,0.0,21,4.25,28.57,14.286,0.0,3.24,18.75,0.4,0.0,2.83,21.43,0.2,4.45,50.0,9.71,35.42,5.87,1.42,0.0,29.12,3.24,1.21,33.78,68.26,9.1,60.0,8.7,88.37,27.71,77.37,3.03,33.33,18.51,21.92,0.17,1.62,0.0,0.2,0.0,0.0,0.81,4.25,47.62,3.64,22.22,0.81,25.0,2.22,0.61,2.83,64.29,52.38,8.49,0,,0,,0,0.0,0.0,0.0,,,0.4,,2.02,0.4,0.2,0.0,2.02,0,0
J. Malbasa,Jakov Malbasa,-593554,SD Raiders,SD Raiders,https://cdn5.wyscout.com/photos/team/public/g36030_120x120.png,New South Wales NPL,CF,CF,92,,0,,0,22.0,2003-06-09,0,,11,441,2,2.23,1,0.08,11.63,31.58,Australia,['Australia'],right,182,0,False,3.27,2.86,71.43,3.06,26.67,0.0,0.0,0.2,1.22,1.65,0.61,1,0.2,0,0.0,1.22,0.41000000000000003,1,0.2,0.45,0,0.0,15,3.06,26.67,13.333,0.2,0.41000000000000003,0.0,0.2,0.0,0.2,0.0,0.0,0.8200000000000001,50.0,3.88,10.53,2.65,0.0,0.0,9.39,1.43,0.2,12.04,76.27,3.06,53.33,2.65,92.31,11.22,81.82,0.41000000000000003,0.0,14.02,5.1,0.02,0.2,0.0,0.2,0.0,0.0,0.2,1.02,60.0,0.41000000000000003,50.0,0.2,0.0,0.41000000000000003,0.0,0.8200000000000001,50.0,90.91,2.24,0,,0,,0,0.0,0.0,0.0,,,0.0,,3.06,0.41000000000000003,0.41000000000000003,0.0,0.0,1,100
N. Alfaro,Nickolas Alfaro,-554695,Sydney,Sydney FC II,https://cdn5.wyscout.com/photos/team/public/2328_120x120.png,A-League,"AMF, RWF, LCMF",AMF,31,RWF,27,LCMF,10,18.0,2008-02-02,0,2026-06-30,12,440,1,0.8200000000000001,0,0.01,16.36,56.25,Australia,['Australia'],unknown,0,0,False,6.55,5.32,80.77,0.41000000000000003,0.0,0.0,0.0,0.0,2.25,2.92,0.41000000000000003,1,0.2,0,0.0,3.68,0.2,1,0.2,0.17,0,0.0,19,3.89,21.05,5.263,0.0,1.02,60.0,0.2,100.0,0.8200000000000001,50.0,0.0,2.45,91.67,9.41,47.83,1.43,2.25,0.0,36.82,0.0,0.61,48.89,84.1,19.43,69.47,7.77,100.0,41.93,91.22,6.14,40.0,16.3,23.27,0.0,0.2,0.0,0.0,0.2,0.0,0.0,11.86,65.52,3.07,33.33,0.8200000000000001,0.0,1.02,0.2,7.57,83.78,89.47,11.66,0,,0,,0,0.0,0.0,0.0,,,0.0,,0.41000000000000003,0.41000000000000003,0.0,0.0,0.8200000000000001,0,0
T. Mcgowan,Tye Mcgowan,-356956,Sutherland Sharks,Sutherland Sharks,https://cdn5.wyscout.com/photos/team/public/g10493_120x120.png,New South Wales NPL,"CF, LWF",CF,53,LWF,16,,0,21.0,2004-12-16,0,,11,422,0,1.51,0,0.13,28.79,48.15,Australia,['Australia'],,0,0,False,6.4,6.18,75.86,4.69,40.91,0.0,0.0,0.43,1.71,2.61,1.07,0,0.0,0,0.0,2.13,0.0,0,0.0,0.32,0,0.0,9,1.92,22.22,0.0,0.0,1.71,0.0,0.21,0.0,1.49,0.0,0.21,2.13,80.0,13.01,44.26,3.41,1.07,0.0,14.29,1.49,3.63,23.03,68.52,6.18,55.17,6.82,90.63,20.05,76.6,1.28,33.33,17.04,16.58,0.03,0.21,0.21,0.0,0.0,0.0,0.21,1.92,55.56,1.71,37.5,0.0,0.0,1.07,0.0,2.77,46.15,58.82,3.63,0,,0,,0,0.0,0.0,0.0,,,0.0,,4.69,0.0,0.0,0.0,0.21,0,0
M. Macallister,Mathias Macallister,-562317,Sydney,Sydney FC II,https://cdn5.wyscout.com/photos/team/public/2328_120x120.png,A-League,CF,CF,97,,0,,0,19.0,2007-04-12,0,2028-06-30,7,412,1,1.73,0,0.13,18.13,27.71,Australia,"['Australia', 'Norway']",unknown,0,0,False,2.62,2.62,41.67,3.2800000000000002,40.0,0.0,0.0,0.0,1.53,1.88,1.31,2,0.44,0,0.0,2.4,0.22,2,0.44,0.38,0,0.0,15,3.2800000000000002,40.0,13.333,0.0,0.44,50.0,0.22,100.0,0.22,0.0,0.0,1.75,37.5,8.74,25.0,3.5,1.31,0.22,9.17,1.97,1.53,13.11,83.33,2.62,75.0,4.15,94.74,12.23,85.71,0.44,50.0,15.44,10.41,0.03,0.22,0.0,0.0,0.22,100.0,0.44,1.75,75.0,0.44,100.0,0.66,66.67,0.87,0.22,2.4,72.73,83.33,2.62,0,,0,,0,0.0,0.0,0.0,,,0.0,,3.2800000000000002,0.66,0.66,33.33,0.22,0,0
T. Arrarte,Tristan  Arrarte,-685233,Western Sydney W. U21,Western Sydney W. U21,https://cdn5.wyscout.com/photos/team/public/g23047_120x120.png,New South Wales NPL,"LW, CF",LW,80,CF,17,,0,17.0,2008-07-26,0,,9,405,2,0.76,1,0.34,15.33,43.48,Australia,['Australia'],,0,0,False,5.78,7.33,60.61,1.56,14.29,0.0,0.0,0.0,1.33,1.54,1.11,0,0.0,0,0.0,2.0,0.44,2,0.44,0.17,0,0.0,5,1.11,100.0,40.0,0.22,1.33,33.33,1.33,33.33,0.0,0.0,0.22,1.11,40.0,4.44,30.0,1.78,0.44,0.22,15.56,1.11,0.67,22.22,78.0,2.89,61.54,8.89,87.5,20.0,82.22,0.89,50.0,15.39,19.08,0.08,0.67,0.0,0.0,0.0,0.0,0.67,1.56,57.14,2.0,44.44,0.22,0.0,0.67,0.44,1.56,71.43,68.97,6.44,0,,0,,0,0.0,0.0,0.0,,,0.0,,1.56,0.67,0.0,0.0,2.22,0,0
V. Janjetović,Vedran Janjetović,270934,St. George Saints ,St. George Saints ,https://cdn5.wyscout.com/photos/team/public/g20232_120x120.png,New South Wales NPL,GK,GK,100,,0,,0,38.0,1987-08-20,0,,4,404,0,0.0,0,0.0,0.89,100.0,Croatia,"['Croatia', 'Australia']",right,187,84,False,2.23,0.22,100.0,0.67,100.0,0.0,0.0,0.0,2.0,2.48,0.0,0,0.0,0,0.0,0.0,0.0,0,0.0,0.0,0,0.0,0,0.0,0.0,0.0,0.0,0.0,0.0,0.0,0.0,0.0,0.0,0.0,0.0,0.0,0.0,0.0,0.0,0.0,0.0,7.35,0.22,0.0,16.49,82.43,10.02,75.56,0.0,0.0,9.8,93.18,6.68,66.67,33.03,49.67,0.0,0.0,0.0,0.0,0.0,0.0,0.0,1.56,57.14,0.22,0.0,0.0,0.0,0.0,0.0,4.68,76.19,92.0,5.57,8,1.78,19,4.23,0,57.89,4.45,0.99,-3.55,-0.791,0.0,2.45,0.67,,,,0.0,0,0
J. Rodriguez,Javier Rodriguez,-689879,St. George Saints ,St. George Saints ,https://cdn5.wyscout.com/photos/team/public/g20232_120x120.png,New South Wales NPL,"CF, LCMF, RCMF",CF,51,LCMF,21,RCMF,16,,,0,,9,394,0,0.04,1,0.23,17.82,44.87,Australia,['Australia'],,0,0,False,7.54,6.4,71.43,2.06,33.33,0.23,0.31,0.23,2.74,3.67,0.46,0,0.0,0,0.0,1.1400000000000001,0.0,0,0.0,0.01,0,0.0,2,0.46,50.0,0.0,0.23,0.6900000000000001,0.0,0.46,0.0,0.23,0.0,0.0,1.37,50.0,6.4,28.57,0.6900000000000001,0.91,0.0,26.95,1.37,0.6900000000000001,38.6,80.47,11.42,66.0,9.14,97.5,35.86,83.44,2.06,55.56,18.16,21.15,0.05,0.91,0.0,0.0,0.23,100.0,0.46,6.4,57.14,1.6,71.43,0.46,50.0,0.91,0.0,5.94,61.54,85.71,11.19,0,,0,,0,0.0,0.0,0.0,,,0.23,,2.06,0.0,0.0,0.0,0.91,0,0
J. Williams,Jared Williams,-243067,Sydney FC II,Sydney FC II,https://cdn5.wyscout.com/photos/team/public/g-12408_120x120.png,New South Wales NPL,GK,GK,100,,0,,0,18.0,2008-04-06,0,,4,392,0,0.0,0,0.0,0.92,100.0,Australia,['Australia'],,185,0,False,1.8399999999999999,0.0,0.0,0.46,100.0,0.0,0.0,0.0,1.8399999999999999,2.14,0.0,0,0.0,0,0.0,0.0,0.0,0,0.0,0.0,0,0.0,0,0.0,0.0,0.0,0.0,0.0,0.0,0.0,0.0,0.0,0.0,0.0,0.0,0.0,0.23,100.0,0.0,0.0,0.0,2.5300000000000002,0.23,0.23,8.72,76.32,4.59,60.0,0.0,0.0,6.66,96.55,2.07,11.11,23.83,35.62,0.0,0.0,0.0,0.0,0.0,0.0,0.0,0.23,0.0,0.0,0.0,0.0,0.0,0.0,0.0,1.6099999999999999,28.57,92.31,2.98,6,1.38,21,4.82,2,71.43,5.87,1.35,-0.13,-0.03,0.0,1.6099999999999999,0.46,,,,0.0,0,0
L. Ball,Liam Ball,-690094,Wollongong Wolves,Wollongong Wolves,https://cdn5.wyscout.com/photos/team/public/g155_120x120.png,New South Wales NPL,"CF, LCMF, RW",CF,33,LCMF,23,RW,15,,,0,,12,392,1,0.78,0,0.36,20.43,43.82,Australia,['Australia'],,0,0,False,7.8100000000000005,7.58,60.61,1.38,33.33,1.15,1.49,0.23,2.07,2.67,1.8399999999999999,2,0.46,0,0.0,1.38,0.23,1,0.23,0.18,0,0.0,6,1.38,16.67,16.667,0.0,1.15,40.0,0.6900000000000001,33.33,0.46,50.0,0.0,1.6099999999999999,42.86,8.72,42.11,1.38,0.6900000000000001,0.23,17.22,0.23,0.92,26.63,76.72,10.33,62.22,3.9,94.12,21.58,86.17,4.36,42.11,16.52,22.8,0.08,0.92,0.0,0.0,0.23,0.0,0.23,5.74,60.0,2.07,44.44,0.92,25.0,0.92,0.0,4.13,83.33,83.33,6.89,0,,0,,0,0.0,0.0,0.0,,,0.0,,1.38,0.0,0.0,0.0,0.46,0,0
T. Danaskos,Troy Danaskos,417238,St. George Saints ,St. George Saints ,https://cdn5.wyscout.com/photos/team/public/g20232_120x120.png,New South Wales NPL,"LW, LAMF",LW,65,LAMF,24,,0,34.0,1991-11-20,0,,7,391,2,1.62,1,0.8200000000000001,14.96,40.0,Australia,['Australia'],,179,75,False,8.52,6.68,58.62,2.76,33.33,1.15,1.42,0.0,3.45,4.25,0.23,1,0.23,0,0.0,2.76,0.46,2,0.46,0.37,0,0.0,10,2.3,60.0,20.0,0.23,3.91,29.41,3.68,31.25,0.23,0.0,0.6900000000000001,0.92,25.0,3.45,26.67,2.3,0.92,0.0,36.6,2.99,0.23,45.35,69.54,14.04,55.74,11.05,89.58,33.61,80.82,8.06,42.86,20.12,35.42,0.19,1.38,0.0,0.0,0.0,0.0,1.38,8.98,48.72,4.14,22.22,0.92,25.0,0.46,0.92,9.21,70.0,60.0,12.66,0,,0,,0,0.0,0.0,0.0,,,0.46,,2.76,0.0,0.0,0.0,0.23,0,0
T. Mason,Thomas Mason,-701624,NWS Spirit,NWS Spirit,https://cdn5.wyscout.com/photos/team/public/g-16418_120x120.png,New South Wales NPL,"RW, RAMF, CF",RW,44,RAMF,24,CF,12,,,0,,14,391,1,1.12,0,0.48,31.76,41.3,Australia,['Australia'],,0,0,False,10.82,11.28,57.14,2.07,11.11,0.23,0.33,0.0,4.14,5.93,1.8399999999999999,1,0.23,0,0.0,3.68,0.23,1,0.23,0.26,0,0.0,6,1.38,33.33,16.667,0.0,0.6900000000000001,33.33,0.0,0.0,0.6900000000000001,33.33,0.0,4.6,65.0,14.04,37.7,2.5300000000000002,4.14,0.6900000000000001,23.25,2.07,1.6099999999999999,28.77,77.6,6.68,68.97,7.83,94.12,27.39,78.99,0.6900000000000001,66.67,14.21,7.34,0.11,1.15,0.23,0.0,0.0,0.0,0.23,1.38,83.33,2.3,50.0,0.0,0.0,1.6099999999999999,0.0,4.6,60.0,80.77,5.98,0,,0,,0,0.0,0.0,0.0,,,0.23,,2.07,0.0,0.0,0.0,0.23,0,0
S. La Luz,Sebastian La Luz,-451856,St. George Saints ,St. George Saints ,https://cdn5.wyscout.com/photos/team/public/g20232_120x120.png,New South Wales NPL,GK,GK,100,,0,,0,23.0,2003-03-11,0,,4,390,0,0.0,0,0.0,0.6900000000000001,66.67,Australia,['Australia'],unknown,0,0,False,1.15,0.0,0.0,0.23,100.0,0.0,0.0,0.0,1.15,1.43,0.0,0,0.0,0,0.0,0.0,0.0,0,0.0,0.0,0,0.0,0,0.0,0.0,0.0,0.0,0.0,0.0,0.0,0.0,0.0,0.0,0.0,0.0,0.0,0.23,100.0,0.0,0.0,0.0,9.69,0.0,0.46,14.54,84.13,6.69,79.31,0.0,0.0,9.0,94.87,5.54,66.67,27.53,41.62,0.0,0.0,0.0,0.0,0.0,0.0,0.0,0.23,0.0,0.0,0.0,0.23,0.0,0.0,0.0,3.92,58.82,86.21,6.69,10,2.31,18,4.15,1,44.44,4.99,1.15,-5.01,-1.156,0.0,0.92,0.23,,,,0.0,0,0
F. Ballard-McBride,Finn Ballard-McBride,-221606,NWS Spirit,NWS Spirit,https://cdn5.wyscout.com/photos/team/public/g-16418_120x120.png,New South Wales NPL,CF,CF,100,,0,,0,26.0,1999-12-17,0,,8,389,0,1.31,0,0.65,19.2,34.94,Australia,['Australia'],unknown,180,77,False,5.55,4.63,70.0,3.47,33.33,0.0,0.0,0.0,2.31,2.8,0.93,1,0.23,0,0.0,1.16,0.0,0,0.0,0.30000000000000004,0,0.0,6,1.3900000000000001,16.67,0.0,0.0,0.6900000000000001,0.0,0.46,0.0,0.23,0.0,0.0,2.31,40.0,8.1,25.71,3.7,0.6900000000000001,0.0,15.5,3.7,0.46,20.59,76.4,3.7,68.75,7.63,87.88,19.67,80.0,0.23,0.0,15.67,5.34,0.15,1.3900000000000001,0.0,0.0,0.0,0.0,0.93,0.93,25.0,1.16,80.0,0.0,0.0,1.62,0.0,3.24,57.14,73.33,3.47,0,,0,,0,0.0,0.0,0.0,,,0.0,,3.47,0.0,0.0,0.0,0.23,0,0
Y. Kokuryo,Yuto Kokuryo,-720210,Sutherland Sharks,Sutherland Sharks,https://cdn5.wyscout.com/photos/team/public/g10493_120x120.png,New South Wales NPL,"DMF, RCMF, LCMF",DMF,34,RCMF,29,LCMF,28,,,0,,5,385,0,0.01,0,0.46,12.62,55.56,Australia,['Australia'],,0,0,False,5.84,6.08,69.23,1.4,33.33,0.0,0.0,0.9400000000000001,1.6400000000000001,2.63,1.17,1,0.23,0,0.0,0.47000000000000003,0.0,0,0.0,0.0,0,0.0,1,0.23,0.0,0.0,0.0,0.47000000000000003,0.0,0.0,0.0,0.47000000000000003,0.0,0.23,0.7000000000000001,66.67,3.9699999999999998,52.94,0.23,0.47000000000000003,0.0,27.35,0.0,1.4,36.7,87.26,10.99,68.09,5.14,100.0,32.73,94.29,3.51,33.33,19.58,36.55,0.11,0.7000000000000001,0.0,0.0,0.0,0.0,0.7000000000000001,6.78,72.41,1.4,50.0,0.7000000000000001,33.33,0.47000000000000003,0.0,5.38,86.96,98.44,14.96,0,,0,,0,0.0,0.0,0.0,,,0.23,,1.4,0.0,0.0,0.0,1.4,0,0
W. Loucas,William Loucas,-415548,SD Raiders,SD Raiders,https://cdn5.wyscout.com/photos/team/public/g36030_120x120.png,New South Wales NPL,GK,GK,100,,0,,0,19.0,2006-08-06,0,,4,384,0,0.0,0,0.0,1.17,100.0,Australia,['Australia'],unknown,0,0,False,1.6400000000000001,0.0,0.0,0.9400000000000001,100.0,0.0,0.0,0.0,1.6400000000000001,2.02,0.0,1,0.23,0,0.0,0.0,0.0,0,0.0,0.0,0,0.0,0,0.0,0.0,0.0,0.0,0.0,0.0,0.0,0.0,0.0,0.0,0.0,0.0,0.0,0.23,100.0,0.23,0.0,0.0,19.22,0.23,0.23,28.36,85.95,13.59,72.41,0.0,0.0,20.86,96.63,7.5,56.25,26.39,45.0,0.0,0.0,0.0,0.0,0.0,0.0,0.0,1.6400000000000001,14.29,0.23,0.0,0.47000000000000003,0.0,0.0,0.0,3.75,56.25,98.18,12.89,9,2.11,22,5.16,0,59.09,7.91,1.85,-1.09,-0.255,0.0,2.34,0.9400000000000001,,,,0.0,0,0
A. Zaverdinos,Alexander Zaverdinos,-471955,Sydney FC II,Sydney FC II,https://cdn5.wyscout.com/photos/team/public/g-12408_120x120.png,New South Wales NPL,GK,GK,100,,0,,0,19.0,2007-04-06,0,,4,376,0,0.0,0,0.0,1.44,83.33,Australia,"['Australia', 'Greece']",,0,0,False,1.44,0.0,0.0,0.96,100.0,0.0,0.0,0.0,1.44,1.8900000000000001,0.0,0,0.0,0,0.0,0.0,0.0,0,0.0,0.0,0,0.0,0,0.0,0.0,0.0,0.0,0.0,0.0,0.0,0.0,0.0,0.0,0.0,0.0,0.0,0.48,50.0,0.0,0.0,0.0,8.38,0.0,0.24,17.47,79.45,10.53,72.73,0.0,0.0,11.73,100.0,5.74,37.5,30.9,47.96,0.0,0.0,0.0,0.0,0.0,0.0,0.0,1.9100000000000001,37.5,0.0,0.0,0.0,0.0,0.0,0.0,3.59,53.33,92.31,6.22,3,0.72,13,3.11,3,76.92,2.62,0.63,-0.38,-0.091,0.0,3.11,0.96,,,,0.0,0,0
A. Renshaw,Aiden Renshaw,-593574,Blacktown City,Blacktown City,https://cdn5.wyscout.com/photos/team/public/g10489_120x120.png,New South Wales NPL,LB,LB,85,,0,,0,,,0,,7,374,0,0.43,0,0.0,11.55,43.75,Australia,['Australia'],,0,0,False,7.46,5.78,45.83,2.41,40.0,0.0,0.0,0.96,4.8100000000000005,5.83,0.72,0,0.0,0,0.0,0.48,0.0,0,0.0,0.1,0,0.0,2,0.48,0.0,0.0,0.0,0.96,50.0,0.96,50.0,0.0,0.0,0.0,0.0,0.0,1.9300000000000002,50.0,0.72,0.48,0.0,16.84,1.2,0.72,24.55,72.55,7.22,46.67,4.33,100.0,19.73,84.15,3.85,18.75,19.32,26.32,0.0,0.0,0.0,0.0,0.0,0.0,0.0,2.89,25.0,1.2,40.0,0.24,0.0,0.0,0.72,4.09,35.29,75.76,7.94,0,,0,,0,0.0,0.0,0.0,,,1.2,,2.41,0.24,0.0,0.0,0.0,0,0
C. Evans,Cai Evans,-722359,Manly United,Manly United,https://cdn5.wyscout.com/photos/team/public/g10491_120x120.png,New South Wales NPL,"CF, RAMF, RWF",CF,44,RAMF,40,RWF,12,,,0,,8,367,0,0.28,0,0.11,22.32,36.26,Australia,['Australia'],,0,0,False,5.4,5.89,54.17,3.92,25.0,0.0,0.0,0.0,2.21,2.7800000000000002,1.23,0,0.0,0,0.0,0.98,0.0,0,0.0,0.07,0,0.0,3,0.74,33.33,0.0,0.0,1.47,0.0,0.25,0.0,1.23,0.0,0.49,1.47,50.0,9.81,37.5,1.47,2.45,0.49,14.22,2.94,1.47,21.58,75.0,6.87,67.86,7.85,93.75,19.13,82.05,0.98,50.0,12.88,12.6,0.03,0.49,0.0,0.0,0.0,0.0,0.0,1.96,62.5,1.47,33.33,0.0,0.0,0.49,0.25,2.45,30.0,60.0,2.45,0,,0,,0,0.0,0.0,0.0,,,0.0,,3.92,0.0,0.0,0.0,0.0,0,0
A. Taleb,Ahmad Taleb,-326010,St George City FA,St George City FA,https://cdn5.wyscout.com/photos/team/public/g38544_120x120.png,New South Wales NPL,"CF, RW",CF,82,RW,17,,0,24.0,2001-08-19,0,,12,365,1,0.58,0,0.14,25.89,24.76,Australia,"['Australia', 'Lebanon']",unknown,0,0,False,2.71,3.7,33.33,5.42,9.09,0.0,0.0,0.0,1.48,1.6400000000000001,0.99,0,0.0,0,0.0,1.97,0.25,1,0.25,0.14,1,0.25,7,1.73,42.86,14.286,0.0,0.0,0.0,0.0,0.0,0.0,0.0,0.0,2.47,50.0,12.58,31.37,1.97,0.49,0.0,12.08,1.97,0.99,20.47,65.06,7.64,48.39,4.44,94.44,20.22,65.85,0.25,0.0,13.1,1.82,0.04,0.49,0.0,0.0,0.25,0.0,0.0,1.73,71.43,1.23,0.0,0.25,0.0,0.49,0.0,2.22,33.33,64.71,4.19,0,,0,,0,0.0,0.0,0.0,,,0.0,,5.42,0.0,0.0,0.0,0.0,0,0
S. Woods,Sean Woods,-815078,UNSW,UNSW,https://cdn5.wyscout.com/photos/team/public/g33621_120x120.png,New South Wales NPL,"CF, RWB, RW",CF,39,RWB,24,RW,23,16.0,2009-09-01,0,,6,363,2,2.26,1,0.56,29.26,38.14,Australia,['Australia'],,0,0,False,5.7,5.7,65.22,5.45,45.45,0.0,0.0,0.25,1.98,2.26,1.49,0,0.0,0,0.0,3.9699999999999998,0.5,2,0.5,0.56,0,0.0,11,2.73,54.55,18.182,0.25,1.74,14.29,0.25,0.0,1.49,16.67,0.5,4.96,45.0,14.38,25.86,3.7199999999999998,2.48,0.0,17.36,3.9699999999999998,0.74,22.07,71.91,4.71,63.16,5.7,78.26,20.08,76.54,0.25,100.0,12.18,2.66,0.14,1.49,0.25,0.25,0.0,0.0,0.5,1.24,80.0,1.98,37.5,0.0,0.0,0.25,0.5,3.22,61.54,82.61,5.7,0,,0,,0,0.0,0.0,0.0,,,0.0,,5.45,0.0,0.0,0.0,0.0,0,0
M. France,Marin France,-494118,Sydney,Sydney FC II,https://cdn5.wyscout.com/photos/team/public/2328_120x120.png,A-League,"RWB, LWB, LWF",RWB,42,LWB,17,LWF,16,19.0,2007-02-01,0,2027-06-30,8,363,2,0.79,1,0.78,30.74,47.58,Australia,['Australia'],,0,0,False,9.42,9.17,70.27,3.47,28.57,0.0,0.0,0.0,2.98,3.79,1.49,0,0.0,0,0.0,2.98,0.5,2,0.5,0.2,0,0.0,6,1.49,66.67,33.333,0.25,1.49,16.67,0.74,0.0,0.74,33.33,0.25,3.47,50.0,14.13,36.84,2.48,1.74,0.74,22.07,2.98,2.98,27.27,75.45,7.69,67.74,4.46,88.89,23.06,82.8,2.73,45.45,16.4,26.36,0.19,0.99,0.25,0.25,0.25,0.0,0.74,3.22,53.85,2.23,44.44,1.24,40.0,0.74,0.25,4.71,89.47,73.68,9.42,0,,0,,0,0.0,0.0,0.0,,,0.0,,3.47,0.0,0.0,0.0,0.0,0,0
K. Cimenti,Kyle Cimenti,490343,Sydney United,Sydney United,https://cdn5.wyscout.com/photos/team/public/g154_120x120.png,New South Wales NPL,CF,CF,100,,0,,0,27.0,1998-11-05,0,,7,357,0,0.0,1,0.45,15.63,37.1,Australia,['Australia'],,182,70,False,3.2800000000000002,3.2800000000000002,69.23,6.55,30.77,0.0,0.0,0.0,1.01,1.25,1.01,0,0.0,0,0.0,0.0,0.0,0,0.0,0.0,0,0.0,0,0.0,0.0,0.0,0.25,0.25,0.0,0.0,0.0,0.25,0.0,0.0,0.0,0.0,4.29,23.53,0.76,0.25,0.0,4.54,0.5,0.5,11.09,88.64,1.51,66.67,4.79,100.0,10.84,90.7,0.0,0.0,12.44,0.0,0.11,1.26,0.0,0.0,0.0,0.0,0.76,0.76,33.33,0.76,100.0,0.0,0.0,0.76,0.0,0.76,66.67,100.0,1.51,0,,0,,0,0.0,0.0,0.0,,,0.0,,6.55,0.0,0.0,0.0,0.0,0,0
O. Gultekin,Oscar Gultekin,-453637,St George City FA,St George City FA,https://cdn5.wyscout.com/photos/team/public/g38544_120x120.png,New South Wales NPL,"RAMF, CF, LCMF",RAMF,21,CF,17,LCMF,16,19.0,2006-07-14,0,,11,353,2,1.69,0,0.05,21.16,46.99,Australia,['Australia'],,0,0,False,8.41,8.16,65.63,4.08,43.75,0.0,0.0,0.25,3.06,4.19,1.53,0,0.0,0,0.0,2.04,0.51,1,0.25,0.43,0,0.0,9,2.29,55.56,22.222,0.0,0.51,0.0,0.25,0.0,0.25,0.0,0.0,1.27,60.0,6.37,20.0,2.29,0.25,0.0,16.57,2.04,0.25,23.2,73.63,7.39,58.62,4.33,94.12,20.65,80.25,2.04,25.0,15.94,17.25,0.01,0.25,0.0,0.0,0.25,0.0,0.25,4.59,50.0,1.27,20.0,0.76,33.33,0.25,0.0,3.8200000000000003,73.33,75.0,7.14,0,,0,,0,0.0,0.0,0.0,,,0.25,,4.08,0.25,0.0,0.0,0.0,1,100
T. Ozanic,Tomislav Ozanic,-724772,Sydney United,Sydney United,https://cdn5.wyscout.com/photos/team/public/g154_120x120.png,New South Wales NPL,"RCMF, LDMF, LCMF",RCMF,36,LDMF,29,LCMF,26,,,0,,5,351,1,0.31,1,0.41000000000000003,23.59,47.83,Australia,['Australia'],,0,0,False,12.05,10.0,56.41,5.9,39.13,0.77,1.05,0.26,5.64,7.67,2.56,1,0.26,0,0.0,1.03,0.26,1,0.26,0.08,0,0.0,3,0.77,33.33,33.333,0.26,0.51,50.0,0.26,100.0,0.26,0.0,0.0,1.28,40.0,5.13,35.0,1.03,2.31,0.0,28.97,0.26,1.28,45.64,76.4,17.95,60.0,9.23,91.67,41.28,80.12,3.85,40.0,18.88,29.1,0.11,0.51,0.26,0.51,0.26,0.0,0.26,10.0,69.23,0.77,33.33,0.77,33.33,0.51,0.26,8.72,79.41,90.91,11.28,0,,0,,0,0.0,0.0,0.0,,,0.0,,5.9,0.0,0.0,0.0,0.26,0,0
B. Duroux,Benjamin Duroux,-755799,NWS Spirit,NWS Spirit,https://cdn5.wyscout.com/photos/team/public/g-16418_120x120.png,New South Wales NPL,CF,CF,100,,0,,0,,,0,,12,347,1,0.48,0,0.1,19.19,41.89,Australia,['Australia'],,0,0,False,3.63,4.15,37.5,6.48,40.0,0.52,0.73,0.0,1.56,2.2,1.82,2,0.52,0,0.0,1.3,0.26,1,0.26,0.12,0,0.0,7,1.82,14.29,14.286,0.0,0.52,50.0,0.26,100.0,0.26,0.0,0.26,1.04,75.0,5.19,45.0,2.07,0.52,0.26,9.34,1.56,0.78,14.27,67.27,4.67,50.0,2.59,90.0,12.97,68.0,0.78,66.67,15.59,9.19,0.03,0.78,0.0,0.0,0.26,0.0,0.0,1.56,100.0,1.56,50.0,0.26,0.0,1.04,0.26,2.85,72.73,72.22,4.67,0,,0,,0,0.0,0.0,0.0,,,0.0,,6.48,0.0,0.0,0.0,0.0,0,0
J. Da Silva,Joshua Da Silva,-811981,Sydney Olympic,Sydney Olympic,https://cdn5.wyscout.com/photos/team/public/g150_120x120.png,New South Wales NPL,"LB, RB",LB,57,RB,42,,0,,,0,,7,319,0,0.0,0,0.02,18.06,62.5,Australia,['Australia'],unknown,0,0,False,14.67,11.85,64.29,2.26,62.5,1.97,2.16,0.56,5.08,5.57,0.85,1,0.28,0,0.0,1.13,0.0,0,0.0,0.0,0,0.0,0,0.0,0.0,0.0,0.0,0.85,0.0,0.56,0.0,0.28,0.0,0.0,1.13,100.0,2.54,55.56,0.85,0.85,0.0,16.36,0.28,0.56,30.19,73.83,12.7,75.56,4.51,87.5,27.65,79.59,1.69,16.67,17.05,5.74,0.01,0.28,0.0,0.0,0.0,0.0,0.0,3.67,84.62,1.13,25.0,0.0,0.0,0.0,0.0,8.18,51.72,42.86,3.95,0,,0,,0,0.0,0.0,0.0,,,0.85,,2.26,0.0,0.0,0.0,0.28,0,0
O. Henderson,Owen  Henderson,-454876,NWS Spirit,NWS Spirit,https://cdn5.wyscout.com/photos/team/public/g-16418_120x120.png,New South Wales NPL,"RCB, RB",RCB,61,RB,31,,0,21.0,2005-02-18,0,,7,315,0,0.0,0,0.0,9.14,43.75,Australia,['Australia'],,0,0,False,7.43,4.0,78.57,2.0,28.57,0.29,0.36,0.5700000000000001,4.0,5.06,0.29,1,0.29,0,0.0,0.0,0.0,0,0.0,0.0,0,0.0,0,0.0,0.0,0.0,0.0,0.0,0.0,0.0,0.0,0.0,0.0,0.0,0.29,0.0,1.71,0.0,0.29,0.29,0.0,26.29,0.29,0.0,46.0,80.12,24.29,65.88,3.43,100.0,40.29,85.11,5.71,45.0,17.42,25.35,0.0,0.0,0.0,0.0,0.0,0.0,0.0,2.5700000000000003,66.67,0.0,0.0,0.0,0.0,0.0,0.0,9.43,39.39,94.12,14.57,0,,0,,0,0.0,0.0,0.0,,,3.14,,2.0,0.0,0.0,0.0,0.0,0,0
A. Bugarija,Adam Cardeno Bugarija,-293071,Marconi Stallions,Marconi Stallions,https://cdn5.wyscout.com/photos/team/public/g146_120x120.png,New South Wales NPL,"LCMF, CF, AMF",LCMF,37,CF,25,AMF,19,21.0,2005-02-01,0,2027-06-30,11,309,1,0.30000000000000004,2,0.68,27.38,45.74,Croatia,['Croatia'],,0,0,True,11.94,12.23,61.9,3.5,25.0,0.0,0.0,0.58,4.37,4.95,1.75,0,0.0,0,0.0,0.87,0.29,1,0.29,0.09,0,0.0,6,1.75,0.0,16.667,0.58,0.58,0.0,0.58,0.0,0.0,0.0,0.29,1.17,75.0,7.28,36.0,1.17,0.87,0.0,13.4,0.87,0.58,29.13,74.0,12.23,69.05,4.95,94.12,23.01,81.01,5.53,52.63,23.15,26.85,0.2,0.87,0.0,0.0,0.0,0.0,0.87,8.74,60.0,2.04,42.86,1.46,40.0,0.58,0.0,6.99,87.5,62.96,7.86,0,,0,,0,0.0,0.0,0.0,,,0.0,,3.5,1.17,0.29,0.0,2.04,0,0
M. Adam,Mohamed Adam,522661,Rockdale Ilinden,Rockdale Ilinden,https://cdn5.wyscout.com/photos/team/public/g14576_120x120.png,New South Wales NPL,"CF, LAMF, RAMF",CF,42,LAMF,29,RAMF,14,25.0,2000-08-05,0,,12,308,1,1.12,0,0.46,24.25,36.14,Australia,['Australia'],right,178,72,False,3.51,4.97,52.94,2.05,57.14,0.88,1.45,0.0,0.0,0.0,1.46,0,0.0,0,0.0,3.51,0.29,1,0.29,0.33,0,0.0,8,2.34,62.5,12.5,0.0,2.05,0.0,0.0,0.0,2.05,0.0,0.0,3.51,58.33,14.61,28.0,4.09,0.58,0.0,13.15,2.05,0.58,20.75,66.2,2.92,40.0,5.84,90.0,18.41,74.6,0.29,0.0,12.59,1.85,0.13,0.88,0.29,0.0,0.0,0.0,0.29,0.58,100.0,2.05,0.0,0.0,0.0,0.29,0.0,2.63,22.22,62.5,4.68,0,,0,,0,0.0,0.0,0.0,,,0.0,,2.05,0.88,0.29,0.0,0.58,0,0
S. Griffiths,Samuel Griffiths,-595304,Manly United,Manly United,https://cdn5.wyscout.com/photos/team/public/g10491_120x120.png,New South Wales NPL,CF,CF,100,,0,,0,,,0,,6,306,3,2.07,0,0.1,29.41,30.0,Australia,['Australia'],,0,0,False,3.24,4.12,50.0,6.76,34.78,0.29,0.38,0.0,0.88,1.1400000000000001,1.76,0,0.0,0,0.0,1.47,0.88,3,0.88,0.61,0,0.0,6,1.76,66.67,50.0,0.0,0.88,0.0,0.0,0.0,0.59,0.0,0.0,2.35,12.5,13.82,23.4,2.35,2.06,0.0,12.94,3.8200000000000003,1.76,15.0,66.67,2.06,28.57,4.71,93.75,13.53,71.74,0.59,50.0,15.52,11.12,0.03,0.59,0.0,0.0,0.0,0.0,0.0,1.76,50.0,1.76,33.33,0.0,0.0,0.88,0.0,0.59,100.0,53.85,3.8200000000000003,0,,0,,0,0.0,0.0,0.0,,,0.0,,6.76,0.0,0.0,0.0,0.0,0,0
R. Jordan,Rory Jordan,-193158,APIA Leichhardt Tigers,APIA Leichhardt Tigers,https://cdn5.wyscout.com/photos/team/public/g10487_120x120.png,New South Wales NPL,"LW, LAMF, RAMF",LW,29,LAMF,29,RAMF,12,26.0,2000-02-09,0,,10,297,0,0.4,1,0.5,21.82,43.06,Australia,['Australia'],both,171,0,False,6.97,6.36,61.9,1.21,100.0,0.0,0.0,0.0,3.03,4.48,0.61,0,0.0,0,0.0,2.73,0.0,0,0.0,0.12,0,0.0,3,0.91,66.67,0.0,0.30000000000000004,1.21,0.0,0.91,0.0,0.30000000000000004,0.0,0.0,4.85,37.5,11.21,27.03,1.82,3.94,0.0,30.3,2.42,0.61,41.52,73.72,14.85,57.14,8.18,96.3,33.33,80.91,7.27,50.0,20.07,25.6,0.15,0.91,0.0,0.0,0.30000000000000004,100.0,0.91,6.36,76.19,4.85,50.0,2.12,28.57,3.03,0.0,9.39,70.97,83.78,11.21,0,,0,,0,0.0,0.0,0.0,,,0.30000000000000004,,1.21,0.0,0.0,0.0,0.0,0,0
M. Petrovski,Marcus Petrovski,-461153,St. George Saints ,St. George Saints ,https://cdn5.wyscout.com/photos/team/public/g20232_120x120.png,New South Wales NPL,GK,GK,100,,0,,0,20.0,2005-12-23,0,,3,296,0,0.0,0,0.0,0.61,0.0,Australia,['Australia'],,0,0,False,2.74,0.0,0.0,0.0,0.0,0.0,0.0,0.0,2.74,3.7,0.0,0,0.0,0,0.0,0.0,0.0,0,0.0,0.0,0,0.0,0,0.0,0.0,0.0,0.0,0.0,0.0,0.0,0.0,0.0,0.0,0.0,0.30000000000000004,0.0,0.61,0.0,0.0,0.0,0.0,12.16,0.0,0.0,22.8,88.0,7.6,96.0,0.0,0.0,20.37,89.55,2.43,75.0,21.38,40.75,0.0,0.0,0.0,0.0,0.0,0.0,0.0,0.0,0.0,0.0,0.0,0.0,0.0,0.0,0.0,3.65,50.0,83.67,14.9,7,2.13,13,3.95,0,46.15,4.65,1.4100000000000001,-2.35,-0.715,0.0,1.52,0.0,,,,0.0,0,0
C. Fabiano,Claudio Fabiano,-813535,UNSW,UNSW,https://cdn5.wyscout.com/photos/team/public/g33621_120x120.png,New South Wales NPL,"RCB, LCMF",RCB,81,LCMF,12,,0,29.0,1996-06-27,0,,7,283,0,0.74,0,0.0,18.13,63.16,Australia,['Australia'],unknown,0,0,False,13.67,9.54,66.67,2.23,28.57,1.9100000000000001,2.47,0.32,5.41,6.99,1.5899999999999999,1,0.32,0,0.0,0.9500000000000001,0.0,0,0.0,0.24,0,0.0,1,0.32,0.0,0.0,0.0,0.0,0.0,0.0,0.0,0.0,0.0,0.0,0.9500000000000001,100.0,3.5,72.73,0.32,0.64,0.0,18.45,0.64,1.9100000000000001,34.98,74.55,17.49,60.0,2.23,100.0,24.81,88.46,10.18,40.63,22.82,33.42,0.0,0.0,0.0,0.0,0.0,0.0,0.0,7.31,34.78,1.5899999999999999,20.0,0.32,0.0,0.32,0.0,7.31,69.57,91.67,11.45,0,,0,,0,0.0,0.0,0.0,,,2.23,,2.23,0.0,0.0,0.0,0.0,0,0
F. Jan,Franklin Jan,-413809,St George City FA,St George City FA,https://cdn5.wyscout.com/photos/team/public/g38544_120x120.png,New South Wales NPL,GK,GK,100,,0,,0,19.0,2006-05-29,0,,3,281,0,0.0,0,0.0,0.0,0.0,Australia,['Australia'],unknown,0,0,False,1.92,0.0,0.0,0.0,0.0,0.0,0.0,0.0,1.92,2.34,0.0,0,0.0,0,0.0,0.0,0.0,0,0.0,0.0,0,0.0,0,0.0,0.0,0.0,0.0,0.0,0.0,0.0,0.0,0.0,0.0,0.0,0.0,0.0,0.0,0.0,0.0,0.0,0.0,17.94,0.0,0.0,27.86,83.91,13.77,72.09,0.0,0.0,17.94,98.21,9.93,58.06,29.97,45.56,0.0,0.0,0.0,0.0,0.0,0.0,0.0,1.28,25.0,0.0,0.0,0.0,0.0,0.0,0.0,7.37,56.52,94.87,12.49,12,3.84,25,8.01,0,52.0,5.97,1.9100000000000001,-6.03,-1.931,0.0,1.6,0.0,,,,0.0,0,0
A. Denmead,Alex Brendan Denmead,-417962,APIA Leichhardt Tigers,APIA Leichhardt Tigers,https://cdn5.wyscout.com/photos/team/public/g10487_120x120.png,New South Wales NPL,"RAMF, LW",RAMF,44,LW,24,,0,22.0,2004-05-14,0,,11,280,2,0.46,0,0.5700000000000001,20.57,53.13,Australia,['Australia'],,0,0,False,3.21,2.5700000000000003,87.5,1.6099999999999999,20.0,0.0,0.0,0.0,0.96,1.67,0.0,1,0.32,0,0.0,6.75,0.64,2,0.64,0.15,0,0.0,9,2.89,55.56,22.222,0.0,1.9300000000000002,33.33,1.29,25.0,0.64,50.0,0.0,6.43,70.0,13.5,50.0,2.89,3.21,0.0,18.0,1.9300000000000002,1.6099999999999999,21.21,75.76,5.14,68.75,4.82,93.33,18.0,80.36,1.6099999999999999,80.0,19.25,18.66,0.18,1.29,0.0,0.0,0.0,0.0,0.0,2.5700000000000003,75.0,1.9300000000000002,66.67,0.0,0.0,0.96,0.32,2.89,100.0,73.91,7.39,0,,0,,0,0.0,0.0,0.0,,,0.0,,1.6099999999999999,0.64,0.0,0.0,3.21,0,0
T. Theph,Theph Theph,-186187,St George City FA,St George City FA,https://cdn5.wyscout.com/photos/team/public/g38544_120x120.png,New South Wales NPL,LCB3,LCB3,82,,0,,0,24.0,2001-07-19,0,,5,275,0,0.0,0,0.0,16.36,70.0,Australia,['Australia'],,0,0,False,10.15,5.24,75.0,6.87,71.43,0.0,0.0,0.65,6.22,6.55,0.65,1,0.33,0,0.0,0.0,0.0,0,0.0,0.0,0,0.0,0,0.0,0.0,0.0,0.0,0.0,0.0,0.0,0.0,0.0,0.0,0.0,0.65,0.0,2.62,50.0,0.33,1.31,0.0,20.29,0.0,0.33,37.96,80.17,17.35,71.7,0.65,100.0,31.42,86.46,6.55,50.0,21.19,40.76,0.0,0.0,0.0,0.0,0.0,0.0,0.0,7.85,66.67,0.65,0.0,0.65,50.0,0.0,0.0,9.82,66.67,89.58,15.71,0,,0,,0,0.0,0.0,0.0,,,0.33,,6.87,0.0,0.0,0.0,0.0,0,0
L. Saba,Liam Saba,-564385,Sydney Olympic,Sydney Olympic,https://cdn5.wyscout.com/photos/team/public/g150_120x120.png,New South Wales NPL,"RB, LB",RB,84,LB,15,,0,21.0,2004-06-25,0,,5,273,0,0.0,0,0.08,16.81,58.82,Australia,['Australia'],unknown,0,0,False,12.86,10.22,74.19,2.31,14.29,0.33,0.34,0.33,4.95,5.17,1.32,2,0.66,0,0.0,0.66,0.0,0,0.0,0.0,0,0.0,0,0.0,0.0,0.0,0.0,0.66,50.0,0.33,0.0,0.33,100.0,0.0,0.33,100.0,1.65,20.0,0.0,0.99,0.0,18.13,0.99,0.0,26.37,72.5,14.84,64.44,5.27,93.75,23.08,78.57,2.64,25.0,13.72,33.54,0.03,0.99,0.0,0.0,0.0,0.0,0.0,3.63,72.73,1.32,50.0,0.0,0.0,0.0,0.33,7.91,54.17,63.64,3.63,0,,0,,0,0.0,0.0,0.0,,,0.0,,2.31,0.0,0.0,0.0,0.0,0,0
E. Kishimoto,Ejjin Kishimoto,-83452,APIA Leichhardt Tigers,APIA Leichhardt Tigers,https://cdn5.wyscout.com/photos/team/public/g10487_120x120.png,New South Wales NPL,"LCB, RB, RCB",LCB,42,RB,33,RCB,23,30.0,1995-08-30,0,,6,271,0,0.15,1,0.38,16.61,68.0,Japan,['Japan'],,0,0,False,9.3,6.31,84.21,4.98,80.0,1.0,1.48,0.33,2.99,4.43,0.66,1,0.33,0,0.0,0.66,0.0,0,0.0,0.05,0,0.0,1,0.33,0.0,0.0,0.33,1.33,25.0,0.33,0.0,1.0,33.33,0.66,0.33,100.0,3.65,54.55,0.33,0.33,0.0,33.21,0.33,1.33,51.81,80.77,21.92,72.73,2.99,100.0,44.17,85.71,6.31,57.89,21.89,39.24,0.13,0.33,0.0,0.0,0.0,0.0,0.33,6.97,76.19,1.33,25.0,0.0,0.0,0.0,0.33,12.29,62.16,86.11,23.91,0,,0,,0,0.0,0.0,0.0,,,0.66,,4.98,0.0,0.0,0.0,0.0,0,0
K. Kamikura,Kai Kamikura,-261781,UNSW,UNSW,https://cdn5.wyscout.com/photos/team/public/g33621_120x120.png,New South Wales NPL,"LWB, LB",LWB,54,LB,32,,0,22.0,2003-12-08,0,,10,261,0,0.0,1,0.30000000000000004,24.14,42.86,Japan,"['Japan', 'Australia']",,0,0,False,8.97,12.07,51.43,2.41,28.57,0.6900000000000001,1.05,0.6900000000000001,2.07,3.16,2.07,0,0.0,0,0.0,2.07,0.0,0,0.0,0.0,0,0.0,0,0.0,0.0,0.0,0.34,5.52,12.5,5.52,12.5,0.0,0.0,0.34,3.1,44.44,7.93,30.43,0.34,1.72,0.0,21.38,2.41,0.6900000000000001,27.93,69.14,7.24,61.9,7.59,100.0,20.34,86.44,2.07,50.0,20.1,16.17,0.1,0.6900000000000001,0.0,0.0,0.0,0.0,0.34,4.48,53.85,5.52,18.75,0.34,0.0,0.6900000000000001,1.38,5.86,64.71,50.0,8.28,0,,0,,0,0.0,0.0,0.0,,,0.34,,2.41,0.0,0.0,0.0,0.0,0,0
R. Lowe,Ryan Lowe,-714181,Wollongong Wolves,Wollongong Wolves,https://cdn5.wyscout.com/photos/team/public/g155_120x120.png,New South Wales NPL,"RCB, RB",RCB,59,RB,40,,0,,,0,,5,257,0,0.0,0,0.0,16.46,46.81,United States,['United States'],,198,0,False,8.4,7.7,59.09,5.25,40.0,0.0,0.0,0.35000000000000003,3.85,4.85,1.4,0,0.0,0,0.0,0.7000000000000001,0.0,0,0.0,0.0,0,0.0,0,0.0,0.0,0.0,0.0,0.35000000000000003,100.0,0.0,0.0,0.35000000000000003,100.0,0.0,0.35000000000000003,100.0,2.45,42.86,0.0,0.35000000000000003,0.0,28.37,0.7000000000000001,0.7000000000000001,43.77,80.0,17.51,62.0,4.55,100.0,36.42,88.46,7.0,35.0,18.3,36.7,0.0,0.0,0.0,0.0,0.0,0.0,0.0,6.65,52.63,1.4,25.0,0.7000000000000001,0.0,0.0,0.35000000000000003,8.4,62.5,93.75,16.81,0,,0,,0,0.0,0.0,0.0,,,1.75,,5.25,0.0,0.0,0.0,0.0,0,0
D. Wong,Daniel Zhen Sheng Wong,469536,Sydney Olympic,Sydney Olympic,https://cdn5.wyscout.com/photos/team/public/g150_120x120.png,New South Wales NPL,"LAMF, RW, LW",LAMF,32,RW,21,LW,16,28.0,1997-11-17,0,,8,222,1,0.1,0,0.2,26.76,39.39,Australia,['Australia'],right,175,70,False,6.08,4.86,58.33,2.43,33.33,0.81,1.13,0.0,2.43,3.4,0.0,0,0.0,0,0.0,2.03,0.41000000000000003,1,0.41000000000000003,0.04,0,0.0,1,0.41000000000000003,100.0,100.0,0.0,0.81,0.0,0.41000000000000003,0.0,0.41000000000000003,0.0,0.41000000000000003,3.65,44.44,14.59,36.11,1.22,1.62,0.41000000000000003,14.19,1.62,2.03,21.89,70.37,5.68,64.29,9.32,82.61,20.27,74.0,0.81,50.0,13.23,10.27,0.08,0.81,0.0,0.0,0.0,0.0,0.41000000000000003,1.62,50.0,1.22,33.33,0.0,0.0,0.41000000000000003,0.0,3.65,33.33,37.5,3.24,0,,0,,0,0.0,0.0,0.0,,,0.0,,2.43,0.81,0.0,0.0,0.0,0,0
D. Horikoshi,Daizo Horikoshi,-161787,NWS Spirit,NWS Spirit,https://cdn5.wyscout.com/photos/team/public/g-16418_120x120.png,New South Wales NPL,CF,CF,100,,0,,0,29.0,1996-09-14,250000,,4,222,0,0.1,0,0.0,28.78,28.17,Japan,['Japan'],right,171,0,False,3.65,4.05,60.0,7.7,36.84,0.41000000000000003,0.58,0.0,0.81,1.15,0.0,0,0.0,0,0.0,2.03,0.0,0,0.0,0.04,0,0.0,2,0.81,50.0,0.0,0.0,0.0,0.0,0.0,0.0,0.0,0.0,0.0,5.27,30.77,12.57,16.13,2.03,0.81,0.81,8.11,1.22,1.22,11.76,93.1,3.65,77.78,4.86,100.0,11.76,93.1,0.0,0.0,16.33,0.0,0.0,0.0,0.0,0.0,0.0,0.0,0.41000000000000003,0.81,50.0,0.41000000000000003,100.0,0.0,0.0,0.81,0.0,0.41000000000000003,100.0,100.0,2.43,0,,0,,0,0.0,0.0,0.0,,,0.0,,7.7,0.41000000000000003,0.0,0.0,0.0,0,0
R. Smith,Rocco Smith,-562515,St. George Saints ,St. George Saints ,https://cdn5.wyscout.com/photos/team/public/g20232_120x120.png,New South Wales NPL,"LCB, RB, RCB",LCB,49,RB,22,RCB,20,21.0,2004-12-17,0,,5,213,0,0.26,0,0.0,14.37,64.71,Australia,['Australia'],unknown,0,0,False,9.72,7.18,64.71,3.38,75.0,0.0,0.0,0.85,5.07,6.67,2.11,1,0.42,0,0.0,1.27,0.0,0,0.0,0.11,0,0.0,1,0.42,100.0,0.0,0.0,0.0,0.0,0.0,0.0,0.0,0.0,0.0,0.85,100.0,2.11,60.0,0.42,1.27,0.0,26.62,0.0,0.85,42.25,93.0,12.68,90.0,4.23,100.0,38.87,96.74,3.38,50.0,21.88,33.36,0.0,0.0,0.0,0.0,0.0,0.0,0.0,6.34,73.33,0.0,0.0,0.0,0.0,0.0,0.0,7.61,66.67,92.16,21.55,0,,0,,0,0.0,0.0,0.0,,,1.69,,3.38,0.0,0.0,0.0,0.0,0,0
S. Yona,Sunday Yona,-408994,Marconi Stallions,Marconi Stallions,https://cdn5.wyscout.com/photos/team/public/g146_120x120.png,New South Wales NPL,"LW, RW, LAMF",LW,52,RW,29,LAMF,15,23.0,2003-02-09,0,,13,213,1,0.89,0,0.13,35.49,39.29,Australia,['Australia'],right,0,0,False,8.87,10.14,54.17,8.03,26.32,0.0,0.0,0.0,3.38,4.44,1.69,0,0.0,0,0.0,6.34,0.42,1,0.42,0.38,0,0.0,6,2.54,50.0,16.667,0.0,3.8,22.22,2.54,16.67,1.27,33.33,0.0,8.45,50.0,14.37,38.24,6.76,2.54,1.69,9.3,2.54,0.85,16.06,57.89,2.54,66.67,1.27,100.0,11.83,71.43,0.42,0.0,18.47,2.34,0.05,1.27,0.0,0.0,0.0,0.0,0.0,1.69,50.0,2.11,40.0,0.0,0.0,1.27,0.85,2.11,80.0,50.0,8.45,0,,0,,0,0.0,0.0,0.0,,,0.0,,8.03,0.0,0.0,0.0,0.42,0,0
N. Pratezina,Nicholas Pratezina,-376713,Sydney United,Sydney United,https://cdn5.wyscout.com/photos/team/public/g154_120x120.png,New South Wales NPL,"LW, CF",LW,51,CF,22,,0,20.0,2005-07-13,0,,9,213,0,0.0,1,0.73,12.68,30.0,Australia,['Australia'],,0,0,False,2.54,3.8,55.56,3.38,25.0,0.0,0.0,0.0,0.42,0.5700000000000001,1.69,1,0.42,0,0.0,1.69,0.0,0,0.0,0.0,0,0.0,0,0.0,0.0,0.0,0.42,2.11,20.0,2.11,20.0,0.0,0.0,0.0,1.69,25.0,3.8,11.11,1.27,0.0,0.0,11.83,1.69,0.0,18.17,76.74,3.8,77.78,4.65,100.0,14.79,85.71,1.27,66.67,18.67,10.53,0.31,0.85,0.0,0.0,0.85,100.0,0.42,2.11,60.0,2.54,50.0,0.85,100.0,1.69,0.42,2.11,100.0,66.67,7.61,0,,0,,0,0.0,0.0,0.0,,,0.0,,3.38,0.0,0.0,0.0,0.0,0,0
M. Cordier,Mathieu Arthur Cordier,522680,Rockdale Ilinden,Rockdale Ilinden,https://cdn5.wyscout.com/photos/team/public/g14576_120x120.png,New South Wales NPL,"LW, LAMF",LW,48,LAMF,42,,0,27.0,1999-03-08,0,,6,212,1,0.81,0,0.04,23.77,42.86,Australia,['Australia'],left,176,70,False,5.94,5.52,53.85,1.7000000000000002,50.0,0.42,0.71,0.0,2.55,4.29,2.55,1,0.42,0,0.0,3.4,0.42,1,0.42,0.34,0,0.0,6,2.55,33.33,16.667,0.0,5.94,21.43,5.94,21.43,0.0,0.0,1.27,2.9699999999999998,42.86,14.86,34.29,4.25,0.85,0.0,22.08,3.8200000000000003,3.4,30.57,72.22,7.64,66.67,9.76,100.0,23.77,87.5,1.7000000000000002,50.0,18.4,25.45,0.02,0.42,0.0,0.0,0.0,0.0,0.0,2.55,66.67,4.25,30.0,0.0,0.0,1.27,0.42,4.67,81.82,46.15,5.52,0,,0,,0,0.0,0.0,0.0,,,0.0,,1.7000000000000002,0.0,0.0,0.0,0.0,0,0
M. Court,Max Court,-621920,APIA Leichhardt Tigers,APIA Leichhardt Tigers,https://cdn5.wyscout.com/photos/team/public/g10487_120x120.png,New South Wales NPL,"RCMF, AMF",RCMF,42,AMF,32,,0,17.0,2009-01-16,0,,8,206,2,1.32,0,0.05,24.47,57.14,Australia,['Australia'],,0,0,False,7.43,5.68,92.31,3.93,55.56,0.44,0.7000000000000001,0.44,1.75,2.79,0.0,0,0.0,0,0.0,4.8100000000000005,0.87,2,0.87,0.58,1,0.44,11,4.8100000000000005,36.36,18.182,0.0,2.18,40.0,0.87,0.0,1.31,66.67,0.44,3.93,55.56,13.54,41.94,6.99,4.8100000000000005,1.75,20.97,0.87,0.44,30.58,72.86,10.49,58.33,2.62,83.33,25.78,76.27,2.62,66.67,20.23,19.12,0.02,0.87,0.0,0.0,0.0,0.0,0.0,5.68,69.23,3.93,33.33,0.44,100.0,0.87,0.44,3.5,87.5,77.78,11.8,0,,0,,0,0.0,0.0,0.0,,,0.0,,3.93,0.0,0.0,0.0,0.0,0,0
N. Anderson,Noah Anderson,-781134,Marconi Stallions,Marconi Stallions,https://cdn5.wyscout.com/photos/team/public/g146_120x120.png,New South Wales NPL,"CF, RW, LW",CF,51,RW,27,LW,15,25.0,2001-02-17,0,,11,198,1,1.11,0,0.08,29.55,46.15,Australia,['Australia'],,0,0,False,7.27,8.18,55.56,2.27,60.0,0.0,0.0,0.0,2.73,3.4,2.73,0,0.0,0,0.0,5.45,0.45,1,0.45,0.5,1,0.45,8,3.64,37.5,12.5,0.0,2.73,0.0,1.3599999999999999,0.0,1.3599999999999999,0.0,0.91,7.73,52.94,14.55,43.75,4.55,2.73,0.45,7.73,1.3599999999999999,2.27,13.64,50.0,2.73,33.33,4.09,100.0,10.45,60.87,0.45,100.0,13.31,4.03,0.03,0.45,0.45,0.0,0.0,0.0,0.0,1.3599999999999999,33.33,3.64,25.0,0.0,0.0,0.91,0.45,1.82,50.0,40.0,4.55,0,,0,,0,0.0,0.0,0.0,,,0.0,,2.27,0.0,0.0,0.0,0.45,0,0
T. Kumsuz,Tacettin Kumsuz,522695,UNSW,UNSW,https://cdn5.wyscout.com/photos/team/public/g33621_120x120.png,New South Wales NPL,"DMF, RCMF, LCMF",DMF,57,RCMF,23,LCMF,18,27.0,1999-01-06,0,,5,197,0,0.04,1,0.13,19.19,52.38,Australia,['Australia'],,0,0,False,10.51,6.4,71.43,1.37,0.0,0.0,0.0,0.0,5.94,7.22,0.91,0,0.0,1,0.46,3.2,0.0,0,0.0,0.02,0,0.0,2,0.91,0.0,0.0,0.46,0.0,0.0,0.0,0.0,0.0,0.0,0.0,3.65,87.5,8.22,61.11,0.0,2.2800000000000002,0.0,30.15,0.0,0.0,47.06,79.61,17.36,65.79,7.31,93.75,42.03,85.87,5.03,27.27,19.36,28.93,0.06,0.46,0.0,0.46,0.0,0.0,0.46,5.48,33.33,1.83,25.0,0.46,0.0,0.46,0.0,5.48,66.67,91.89,16.9,0,,0,,0,0.0,0.0,0.0,,,1.37,,1.37,0.0,0.0,0.0,0.0,0,0
D. Kelly,Dax Kelly,-259934,Wollongong Wolves,Wollongong Wolves,https://cdn5.wyscout.com/photos/team/public/g155_120x120.png,New South Wales NPL,"RCB, RB",RCB,74,RB,25,,0,22.0,2003-06-04,0,,2,188,0,0.06,0,0.0,9.57,60.0,Australia,['Australia'],,0,0,False,7.18,3.83,62.5,2.87,50.0,0.0,0.0,0.96,4.79,4.92,0.48,1,0.48,0,0.0,0.48,0.0,0,0.0,0.03,0,0.0,1,0.48,100.0,0.0,0.0,0.0,0.0,0.0,0.0,0.0,0.0,0.0,0.0,0.0,1.44,33.33,0.96,0.0,0.0,25.85,0.96,0.0,34.95,89.04,11.49,75.0,3.83,100.0,29.2,93.44,5.74,66.67,20.78,33.8,0.0,0.0,0.0,0.0,0.0,0.0,0.0,2.39,60.0,0.0,0.0,0.0,0.0,0.0,0.0,6.7,57.14,100.0,15.32,0,,0,,0,0.0,0.0,0.0,,,2.39,,2.87,0.0,0.0,0.0,0.0,0,0
Z. Ardiansyah,Zinadein Ardiansyah,-563731,Sydney FC II,Sydney FC II,https://cdn5.wyscout.com/photos/team/public/g-12408_120x120.png,New South Wales NPL,"RW, RAMF, RWF",RW,38,RAMF,31,RWF,30,19.0,2007-04-10,0,,4,182,0,0.07,0,0.11,32.64,45.45,Australia,['Australia'],unknown,0,0,False,10.38,7.91,68.75,3.46,57.14,0.0,0.0,0.49,4.95,6.12,0.0,0,0.0,0,0.0,2.9699999999999998,0.0,0,0.0,0.03,0,0.0,2,0.99,50.0,0.0,0.0,1.98,25.0,1.48,33.33,0.49,0.0,0.49,4.95,40.0,18.3,32.43,0.99,1.48,0.0,20.27,1.48,1.98,29.67,76.67,7.42,60.0,9.4,84.21,25.71,84.62,2.47,20.0,15.93,32.93,0.05,0.99,0.0,0.0,0.0,0.0,0.49,4.45,44.44,1.48,0.0,0.0,0.0,0.0,0.99,3.46,71.43,63.64,5.44,0,,0,,0,0.0,0.0,0.0,,,0.0,,3.46,0.0,0.0,0.0,0.49,0,0
T. Bakewell,Toby Bakewell,-580966,Manly United,Manly United,https://cdn5.wyscout.com/photos/team/public/g10491_120x120.png,New South Wales NPL,"RDMF, RCMF",RDMF,48,RCMF,44,,0,,,0,,3,181,0,0.0,0,0.0,13.43,55.56,Australia,['Australia'],,0,0,False,9.94,6.96,71.43,2.98,33.33,0.5,0.65,0.99,4.48,5.87,0.5,0,0.0,0,0.0,0.0,0.0,0,0.0,0.0,0,0.0,0,0.0,0.0,0.0,0.0,0.0,0.0,0.0,0.0,0.0,0.0,0.0,0.0,0.0,1.49,0.0,0.0,0.99,0.0,32.32,0.0,0.0,45.75,86.96,16.41,78.79,11.44,91.3,41.77,88.1,3.98,75.0,18.17,44.43,0.0,0.0,0.0,0.0,0.0,0.0,0.0,4.48,66.67,0.0,0.0,0.0,0.0,0.0,0.0,6.96,64.29,92.86,13.92,0,,0,,0,0.0,0.0,0.0,,,0.99,,2.98,0.0,0.0,0.0,0.0,0,0
M. Keremelevski,Matt Keremelevski,-407802,Rockdale Ilinden,Rockdale Ilinden,https://cdn5.wyscout.com/photos/team/public/g14576_120x120.png,New South Wales NPL,LCB,LCB,100,,0,,0,23.0,2002-12-02,0,,3,179,0,0.07,0,0.0,14.58,55.17,Australia,['Australia'],unknown,0,0,False,8.04,6.03,66.67,5.53,54.55,0.0,0.0,0.0,4.02,6.15,2.01,1,0.5,0,0.0,0.5,0.0,0,0.0,0.04,0,0.0,1,0.5,0.0,0.0,0.0,0.0,0.0,0.0,0.0,0.0,0.0,0.0,0.5,100.0,2.01,25.0,0.0,2.51,0.0,38.21,0.0,0.0,61.84,87.8,25.64,76.47,2.51,100.0,56.31,91.96,5.53,45.45,14.93,34.45,0.0,0.0,0.0,0.0,0.0,0.0,0.0,6.54,46.15,1.51,0.0,0.5,0.0,0.0,0.0,7.04,92.86,96.3,27.15,0,,0,,0,0.0,0.0,0.0,,,2.01,,5.53,0.0,0.0,0.0,0.0,0,0
J. O'Brien,Jak O'Brien,-186114,Blacktown City,Blacktown City,https://cdn5.wyscout.com/photos/team/public/g10489_120x120.png,New South Wales NPL,"CF, RWF",CF,53,RWF,38,,0,27.0,1998-09-07,0,,6,179,0,0.2,1,0.0,11.56,26.09,Australia,['Australia'],,0,0,False,4.02,3.52,57.14,2.01,0.0,0.0,0.0,0.0,2.01,2.73,1.01,0,0.0,0,0.0,0.5,0.0,0,0.0,0.1,0,0.0,1,0.5,100.0,0.0,0.5,0.5,0.0,0.0,0.0,0.5,0.0,0.0,0.0,0.0,4.02,12.5,1.01,0.5,0.5,11.06,1.01,0.5,13.58,62.96,6.54,46.15,3.52,85.71,10.56,76.19,2.51,20.0,15.52,15.32,0.0,0.0,0.0,0.0,0.0,0.0,0.5,1.01,0.0,0.5,0.0,0.0,0.0,0.0,0.0,2.01,0.0,66.67,1.51,0,,0,,0,0.0,0.0,0.0,,,0.0,,2.01,0.0,0.0,0.0,0.0,0,0
P. Grozos,Peter Grozos,-193160,Sydney Olympic,Sydney Olympic,https://cdn5.wyscout.com/photos/team/public/g150_120x120.png,New South Wales NPL,RAMF,RAMF,100,,0,,0,22.0,2003-10-06,0,,3,178,0,0.13,0,0.02,16.18,34.38,Australia,['Australia'],left,0,0,False,6.07,4.55,77.78,1.01,50.0,0.51,0.47000000000000003,0.0,2.02,1.88,0.51,0,0.0,0,0.0,1.01,0.0,0,0.0,0.06,0,0.0,3,1.52,33.33,0.0,0.0,1.01,0.0,0.0,0.0,1.01,0.0,0.0,1.52,33.33,8.6,11.76,0.51,0.0,0.0,12.13,1.01,1.01,21.24,66.67,5.06,70.0,6.57,76.92,20.22,70.0,0.0,0.0,18.94,0.0,0.01,0.51,0.0,0.0,0.0,0.0,0.51,3.03,33.33,0.51,0.0,0.0,0.0,0.0,0.0,4.55,22.22,77.78,4.55,0,,0,,0,0.0,0.0,0.0,,,0.0,,1.01,1.01,0.0,0.0,0.0,0,0
William Mccreery,William Mccreery,-811378,Manly United,Manly United,https://cdn5.wyscout.com/photos/team/public/g10491_120x120.png,New South Wales NPL,CF,CF,100,,0,,0,,,0,,3,173,0,0.45,0,0.0,30.69,35.59,Australia,['Australia'],unknown,0,0,False,5.2,6.76,46.15,5.72,27.27,0.0,0.0,0.0,2.08,2.5,2.6,2,1.04,1,0.52,2.6,0.0,0,0.0,0.23,0,0.0,3,1.56,66.67,0.0,0.0,1.04,0.0,0.52,0.0,0.52,0.0,0.0,1.56,100.0,13.53,34.62,1.56,1.04,0.0,6.76,1.56,1.04,12.49,58.33,1.04,50.0,3.12,83.33,11.45,63.64,0.52,0.0,14.47,18.89,0.0,0.0,0.0,0.0,0.0,0.0,0.0,0.52,100.0,0.0,0.0,0.0,0.0,0.52,0.0,0.52,0.0,42.86,3.64,0,,0,,0,0.0,0.0,0.0,,,0.0,,5.72,0.0,0.0,0.0,0.0,0,0
R. Costa,Rafael Costa,-823291,St. George Saints ,St. George Saints ,https://cdn5.wyscout.com/photos/team/public/g20232_120x120.png,New South Wales NPL,"CF, LW, RCMF",CF,40,LW,18,RCMF,14,,,0,,6,170,0,0.28,0,0.08,23.82,35.56,Australia,['Australia'],unknown,0,0,False,9.53,6.88,61.54,3.71,42.86,1.5899999999999999,2.9,0.0,3.71,6.77,2.65,0,0.0,0,0.0,1.06,0.0,0,0.0,0.15,0,0.0,3,1.5899999999999999,0.0,0.0,0.0,1.5899999999999999,33.33,1.06,50.0,0.53,0.0,0.53,2.65,20.0,10.59,25.0,4.24,1.5899999999999999,0.53,19.06,2.65,1.06,24.88,74.47,4.24,37.5,6.35,83.33,22.76,79.07,0.53,0.0,13.01,4.73,0.04,1.06,0.0,0.0,0.0,0.0,0.53,1.06,50.0,1.06,0.0,0.0,0.0,0.0,0.53,2.12,75.0,78.57,7.41,0,,0,,0,0.0,0.0,0.0,,,0.0,,3.71,0.0,0.0,0.0,0.0,0,0
Z. Fowler,Zac Fowler,-428499,Sydney FC II,Sydney FC II,https://cdn5.wyscout.com/photos/team/public/g-12408_120x120.png,New South Wales NPL,"CF, LWF, RWB",CF,66,LWF,21,RWB,11,18.0,2007-12-21,0,,6,168,0,0.12,0,0.25,19.82,35.14,Australia,['Australia'],unknown,0,0,False,4.82,3.75,85.71,2.68,40.0,0.0,0.0,0.0,1.6099999999999999,2.37,2.14,1,0.54,0,0.0,2.68,0.0,0,0.0,0.06,0,0.0,3,1.6099999999999999,33.33,0.0,0.0,1.6099999999999999,66.67,0.54,100.0,1.07,50.0,0.0,1.07,100.0,9.64,22.22,2.14,0.54,0.0,15.0,3.21,1.07,20.36,73.68,3.75,42.86,3.21,100.0,17.68,75.76,1.07,50.0,16.15,18.47,0.13,0.54,0.0,0.0,0.0,0.0,0.54,2.68,40.0,1.07,50.0,0.0,0.0,0.0,0.54,3.21,83.33,76.92,6.96,0,,0,,0,0.0,0.0,0.0,,,0.0,,2.68,0.0,0.0,0.0,0.0,0,0
N. Stavropoulos,Nicholas Stavropoulos,-822861,St. George Saints ,St. George Saints ,https://cdn5.wyscout.com/photos/team/public/g20232_120x120.png,New South Wales NPL,"CF, LAMF",CF,68,LAMF,22,,0,20.0,2006-05-09,0,,5,164,1,0.8,0,0.0,15.37,60.71,Australia,['Australia'],,0,0,False,3.84,3.29,83.33,3.84,71.43,0.0,0.0,0.0,1.1,1.62,0.0,0,0.0,0,0.0,3.29,0.55,1,0.55,0.44,0,0.0,8,4.39,37.5,12.5,0.0,1.1,50.0,1.1,50.0,0.0,0.0,0.0,1.65,66.67,7.13,38.46,3.84,1.1,0.0,16.46,1.1,1.1,21.4,56.41,7.13,30.77,4.94,77.78,19.76,55.56,0.55,100.0,15.32,5.45,0.0,0.0,0.0,0.0,0.0,0.0,0.0,3.29,33.33,1.1,50.0,0.0,0.0,0.55,0.0,2.74,40.0,55.56,4.94,0,,0,,0,0.0,0.0,0.0,,,0.0,,3.84,0.0,0.0,0.0,0.0,0,0
J. Briggs,Jake Briggs,-705515,Blacktown City,Blacktown City,https://cdn5.wyscout.com/photos/team/public/g10489_120x120.png,New South Wales NPL,"RCB, CB, RB",RCB,50,CB,36,RB,13,18.0,2008-01-01,0,,4,161,0,0.0,0,0.0,16.21,72.41,Australia,['Australia'],,0,0,False,13.42,7.83,71.43,3.91,100.0,1.12,1.46,1.12,6.71,8.78,1.12,0,0.0,0,0.0,0.0,0.0,0,0.0,0.0,0,0.0,0,0.0,0.0,0.0,0.0,0.0,0.0,0.0,0.0,0.0,0.0,0.0,0.0,0.0,3.35,33.33,0.0,1.6800000000000002,0.0,27.95,0.0,1.12,38.57,82.61,20.68,70.27,2.8,100.0,34.1,86.89,4.47,50.0,22.79,25.31,0.0,0.0,0.0,0.0,0.0,0.0,0.0,8.94,62.5,0.56,0.0,0.0,0.0,0.0,0.0,11.74,76.19,95.83,13.42,0,,0,,0,0.0,0.0,0.0,,,1.6800000000000002,,3.91,0.0,0.0,0.0,0.0,0,0
M. Milliner,Miles Edward Milliner,-676217,Sydney FC II,Sydney FC II,https://cdn5.wyscout.com/photos/team/public/g-12408_120x120.png,New South Wales NPL,"LB, LWB, RB5",LB,51,LWB,29,RB5,19,16.0,2009-08-10,0,,3,160,0,0.07,0,0.32,28.13,48.0,Australia,['Australia'],unknown,0,0,False,11.25,11.25,55.0,4.5,50.0,0.56,0.58,0.56,4.5,4.62,0.56,0,0.0,0,0.0,4.5,0.0,0,0.0,0.04,0,0.0,2,1.13,50.0,0.0,0.0,2.25,25.0,1.69,33.33,0.56,0.0,0.0,3.94,85.71,10.69,47.37,0.0,2.25,0.0,28.13,0.56,1.69,41.63,68.92,21.94,58.97,1.69,66.67,32.06,80.7,7.31,30.77,17.14,24.36,0.18,2.25,0.0,0.0,0.0,0.0,0.0,5.06,44.44,3.38,16.67,0.0,0.0,0.56,0.0,9.56,41.18,70.59,9.56,0,,0,,0,0.0,0.0,0.0,,,0.0,,4.5,0.56,0.0,0.0,1.69,0,0
G. Fiorese,Gian Lino Fiorese,-120385,Sutherland Sharks,Sutherland Sharks,https://cdn5.wyscout.com/photos/team/public/g10493_120x120.png,New South Wales NPL,RCB3,RCB3,98,,0,,0,25.0,2000-11-24,0,,4,156,0,0.0,0,0.0,8.08,64.29,Australia,['Australia'],,0,0,False,7.5,4.62,62.5,2.31,100.0,0.0,0.0,1.73,4.62,7.5,1.15,0,0.0,0,0.0,0.0,0.0,0,0.0,0.0,0,0.0,0,0.0,0.0,0.0,0.0,0.0,0.0,0.0,0.0,0.0,0.0,0.0,0.0,0.0,0.0,0.0,0.58,0.0,0.0,40.96,0.0,0.0,60.0,80.77,31.73,69.09,2.88,100.0,44.42,85.71,15.58,66.67,25.39,39.08,0.0,0.0,0.0,0.0,0.0,0.0,0.0,9.23,43.75,1.73,33.33,1.73,33.33,0.0,0.0,15.58,74.07,96.97,19.04,0,,0,,0,0.0,0.0,0.0,,,1.15,,2.31,0.0,0.0,0.0,0.0,0,0
A. Morabito,Anthony Morabito,-564722,St. George Saints ,St. George Saints ,https://cdn5.wyscout.com/photos/team/public/g20232_120x120.png,New South Wales NPL,"RW, RAMF",RW,80,RAMF,19,,0,28.0,1998-05-13,0,,5,155,0,0.04,0,0.01,20.9,50.0,Australia,['Australia'],,0,0,False,6.39,6.39,54.55,2.32,50.0,0.0,0.0,0.58,2.9,3.85,1.16,0,0.0,0,0.0,0.0,0.0,0,0.0,0.02,0,0.0,1,0.58,0.0,0.0,0.0,0.58,0.0,0.0,0.0,0.58,0.0,0.0,0.58,0.0,10.45,44.44,1.16,0.0,0.0,13.35,0.58,5.23,21.48,75.68,6.97,58.33,4.65,87.5,20.32,77.14,0.58,100.0,13.82,5.73,0.01,0.58,0.0,0.0,0.0,0.0,0.58,0.0,0.0,1.16,0.0,0.0,0.0,0.58,0.0,1.74,33.33,71.43,4.06,0,,0,,0,0.0,0.0,0.0,,,0.0,,2.32,0.0,0.0,0.0,0.0,0,0
M. Radovancevic,Marko Radovancevic,-719521,Western Sydney W. U21,Western Sydney W. U21,https://cdn5.wyscout.com/photos/team/public/g23047_120x120.png,New South Wales NPL,"RCMF, LCMF, LDMF",RCMF,50,LCMF,37,LDMF,12,19.0,2007-03-21,0,,4,153,0,0.11,0,0.02,13.53,47.83,Australia,['Australia'],right,0,0,False,10.0,5.88,60.0,2.35,50.0,0.0,0.0,0.59,6.47,7.02,0.0,0,0.0,0,0.0,1.18,0.0,0,0.0,0.06,0,0.0,3,1.76,33.33,0.0,0.0,0.0,0.0,0.0,0.0,0.0,0.0,0.0,0.59,100.0,1.76,33.33,0.0,0.0,0.0,39.41,0.0,0.0,59.41,87.13,15.29,69.23,10.59,94.44,54.12,89.13,5.29,66.67,16.15,25.2,0.01,0.59,0.0,0.0,0.0,0.0,0.0,7.06,75.0,0.59,100.0,0.0,0.0,0.59,0.0,8.24,71.43,95.35,25.29,0,,0,,0,0.0,0.0,0.0,,,1.18,,2.35,0.0,0.0,0.0,0.0,0,0
J. Rodriguez,Julian Rodriguez,-570819,Blacktown City,Blacktown City,https://cdn5.wyscout.com/photos/team/public/g10489_120x120.png,New South Wales NPL,"CF, RAMF, RW",CF,32,RAMF,27,RW,24,,,0,,8,152,0,0.02,0,0.04,27.24,52.17,Australia,['Australia'],,0,0,False,7.7,7.7,92.31,2.96,20.0,0.0,0.0,0.0,0.59,1.07,1.78,0,0.0,0,0.0,2.37,0.0,0,0.0,0.01,0,0.0,1,0.59,0.0,0.0,0.0,1.78,33.33,0.0,0.0,1.78,33.33,0.0,4.14,42.86,10.07,41.18,1.78,2.37,0.0,13.03,2.37,1.18,23.68,67.5,10.07,58.82,6.51,81.82,20.13,73.53,1.78,33.33,17.31,16.5,0.03,0.59,0.0,0.0,0.0,0.0,0.0,3.55,50.0,2.37,50.0,0.59,0.0,0.59,0.59,5.33,66.67,66.67,5.33,0,,0,,0,0.0,0.0,0.0,,,0.0,,2.96,0.0,0.0,0.0,0.0,0,0
D. King,Dylan King,-695887,Wollongong Wolves,Wollongong Wolves,https://cdn5.wyscout.com/photos/team/public/g155_120x120.png,New South Wales NPL,"CF, RW, LW",CF,29,RW,26,LW,15,,,0,,11,143,0,0.18,0,0.0,20.77,57.58,Australia,['Australia'],,0,0,False,10.07,13.22,71.43,1.26,0.0,0.0,0.0,0.0,0.63,0.8300000000000001,2.52,1,0.63,0,0.0,2.52,0.0,0,0.0,0.11,0,0.0,3,1.8900000000000001,33.33,0.0,0.0,0.63,100.0,0.0,0.0,0.0,0.0,0.0,1.26,100.0,3.7800000000000002,50.0,1.26,2.52,0.63,16.99,1.8900000000000001,0.63,21.4,79.41,7.55,58.33,3.7800000000000002,100.0,17.62,89.29,3.15,20.0,12.71,12.5,0.0,0.0,0.0,0.0,0.0,0.0,0.0,5.03,75.0,0.0,0.0,1.26,0.0,0.0,0.63,2.52,75.0,60.0,3.15,0,,0,,0,0.0,0.0,0.0,,,0.0,,1.26,0.0,0.0,0.0,0.0,0,0
W. Faulder,William Faulder,-563739,Manly United,Manly United,https://cdn5.wyscout.com/photos/team/public/g10491_120x120.png,New South Wales NPL,"RAMF, AMF, RW",RAMF,70,AMF,17,RW,11,21.0,2005-04-08,0,,6,143,0,0.04,0,0.03,19.51,51.61,Australia,['Australia'],unknown,0,0,False,10.07,8.81,71.43,1.8900000000000001,66.67,1.8900000000000001,3.0,0.0,1.8900000000000001,3.0,0.63,0,0.0,0,0.0,1.8900000000000001,0.0,0,0.0,0.03,0,0.0,1,0.63,0.0,0.0,0.0,1.8900000000000001,33.33,0.0,0.0,1.8900000000000001,33.33,0.0,1.26,100.0,3.7800000000000002,33.33,2.52,0.63,0.0,21.4,3.15,0.63,35.87,64.91,11.96,47.37,6.92,100.0,32.73,67.31,1.26,50.0,13.81,14.12,0.02,1.26,0.0,0.0,0.0,0.0,1.26,3.7800000000000002,50.0,4.41,28.57,0.0,0.0,0.63,0.63,4.41,57.14,73.33,9.44,0,,0,,0,0.0,0.0,0.0,,,0.0,,1.8900000000000001,0.0,0.0,0.0,0.0,0,0
C. Kavanagh,Corey Kavanagh,-357809,NWS Spirit,NWS Spirit,https://cdn5.wyscout.com/photos/team/public/g-16418_120x120.png,New South Wales NPL,"LCMF, DMF, LW",LCMF,44,DMF,33,LW,15,24.0,2002-01-02,0,,3,143,0,0.22,0,0.6900000000000001,28.32,66.67,Australia,['Australia'],,176,0,False,11.96,10.07,75.0,5.66,44.44,0.0,0.0,0.0,4.41,6.18,1.26,1,0.63,0,0.0,5.66,0.0,0,0.0,0.14,0,0.0,4,2.52,0.0,0.0,0.0,3.15,20.0,1.8900000000000001,33.33,1.26,0.0,1.26,5.03,100.0,8.81,78.57,2.52,3.15,0.0,30.84,0.0,2.52,50.98,69.14,16.36,46.15,6.29,100.0,42.8,79.41,5.03,12.5,20.72,26.04,0.43,1.26,0.0,0.0,0.63,0.0,0.63,10.07,43.75,6.29,20.0,1.26,0.0,1.26,0.63,10.7,64.71,73.53,21.4,0,,0,,0,0.0,0.0,0.0,,,1.26,,5.66,1.26,0.0,0.0,1.26,0,0
T. Antonis,Terry Antonis,148952,St. George Saints ,St. George Saints ,https://cdn5.wyscout.com/photos/team/public/g20232_120x120.png,New South Wales NPL,"RDMF, LDMF",RDMF,51,LDMF,48,,0,32.0,1993-11-26,300000,,2,136,0,0.01,0,0.0,10.59,43.75,Australia,"['Australia', 'Greece']",right,180,74,False,7.28,5.29,37.5,1.99,100.0,0.66,0.81,0.66,4.63,5.68,1.32,1,0.66,0,0.0,0.0,0.0,0,0.0,0.0,0,0.0,1,0.66,0.0,0.0,0.0,0.0,0.0,0.0,0.0,0.0,0.0,0.0,0.66,0.0,3.31,20.0,0.66,0.66,0.0,51.62,0.0,0.66,68.82,75.96,27.79,54.76,17.87,96.3,52.94,90.0,15.88,29.17,22.99,43.67,0.0,0.0,0.0,0.66,0.66,0.0,0.0,18.53,39.29,4.63,0.0,4.63,0.0,0.0,0.0,7.94,83.33,88.46,17.21,0,,0,,0,0.0,0.0,0.0,,,1.99,,1.99,0.0,0.0,0.0,0.0,0,0
C. Marshall-Witte,Caelan Marshall-Witte,-720638,Sydney FC II,Sydney FC II,https://cdn5.wyscout.com/photos/team/public/g-12408_120x120.png,New South Wales NPL,"RWB, RCB3",RWB,64,RCB3,26,,0,,,0,,3,130,0,0.0,0,0.02,22.85,51.52,Australia,['Australia'],,0,0,False,9.69,6.23,55.56,6.92,40.0,1.38,1.82,0.6900000000000001,4.85,6.36,0.6900000000000001,0,0.0,0,0.0,0.6900000000000001,0.0,0,0.0,0.0,0,0.0,0,0.0,0.0,0.0,0.0,0.0,0.0,0.0,0.0,0.0,0.0,0.0,0.6900000000000001,100.0,8.31,50.0,0.0,0.0,0.0,18.0,0.0,4.15,33.92,73.47,15.92,60.87,4.85,100.0,29.08,83.33,4.85,14.29,14.46,8.6,0.01,0.6900000000000001,0.0,0.0,0.0,0.0,0.0,4.85,42.86,1.38,100.0,0.0,0.0,0.6900000000000001,0.0,6.92,50.0,90.0,6.92,0,,0,,0,0.0,0.0,0.0,,,0.0,,6.92,0.0,0.0,0.0,0.0,0,0
J. Mcclatchie,Jack Mcclatchie,-832771,Wollongong Wolves,Wollongong Wolves,https://cdn5.wyscout.com/photos/team/public/g155_120x120.png,New South Wales NPL,"LCMF, RCMF",LCMF,60,RCMF,39,,0,,,0,,3,129,0,0.0,0,0.0,20.93,33.33,Australia,['Australia'],,0,0,False,8.37,9.07,46.15,5.58,12.5,0.0,0.0,0.7000000000000001,4.19,4.19,0.7000000000000001,1,0.7000000000000001,0,0.0,0.0,0.0,0,0.0,0.0,0,0.0,0,0.0,0.0,0.0,0.0,0.0,0.0,0.0,0.0,0.0,0.0,0.0,0.7000000000000001,0.0,4.19,33.33,0.0,0.0,0.0,8.37,0.0,1.4,18.84,85.19,7.67,90.91,2.79,100.0,18.84,85.19,0.0,0.0,12.62,0.0,0.0,0.0,0.0,0.0,0.0,0.0,0.0,3.49,100.0,0.0,0.0,0.0,0.0,0.0,0.0,3.49,60.0,83.33,4.19,0,,0,,0,0.0,0.0,0.0,,,0.0,,5.58,0.0,0.0,0.0,0.0,0,0
S. Kukucka,Sebastian Kukucka,-839684,Sydney Olympic,Sydney Olympic,https://cdn5.wyscout.com/photos/team/public/g150_120x120.png,New South Wales NPL,"RAMF, CF",RAMF,82,CF,17,,0,,,0,,3,125,0,0.12,0,0.0,28.08,35.9,,[],,0,0,False,7.92,8.64,58.33,6.48,11.11,0.0,0.0,0.0,2.88,4.0,1.44,0,0.0,0,0.0,2.88,0.0,0,0.0,0.09,0,0.0,1,0.72,0.0,0.0,0.0,1.44,50.0,0.0,0.0,1.44,50.0,0.0,3.6,60.0,10.8,33.33,2.88,3.6,0.72,15.12,2.16,0.72,25.2,74.29,6.48,77.78,5.76,75.0,22.32,77.42,1.44,50.0,14.44,11.32,0.0,0.0,0.0,0.0,0.0,0.0,0.0,4.32,83.33,1.44,50.0,0.0,0.0,0.0,0.72,4.32,83.33,70.0,7.2,0,,0,,0,0.0,0.0,0.0,,,0.0,,6.48,0.0,0.0,0.0,0.0,0,0
M. Luburic,Maxamillion Luburic,-379443,Sydney Olympic,Sydney Olympic,https://cdn5.wyscout.com/photos/team/public/g150_120x120.png,New South Wales NPL,"LCMF, RCMF",LCMF,59,RCMF,17,,0,22.0,2004-05-01,0,,8,124,0,0.0,0,0.0,15.97,40.91,Croatia,['Croatia'],unknown,0,0,False,11.61,7.98,54.55,2.18,33.33,2.9,4.8,0.0,4.35,7.2,2.18,0,0.0,0,0.0,0.0,0.0,0,0.0,0.0,0,0.0,0,0.0,0.0,0.0,0.0,1.45,0.0,0.73,0.0,0.73,0.0,0.73,0.0,0.0,5.8100000000000005,25.0,0.0,0.0,0.0,37.02,0.0,0.0,52.26,84.72,13.79,68.42,17.42,100.0,49.35,88.24,1.45,50.0,19.5,8.91,0.0,0.0,0.0,0.0,0.0,0.0,0.0,10.89,80.0,1.45,0.0,0.0,0.0,0.0,0.0,6.53,55.56,94.44,13.06,0,,0,,0,0.0,0.0,0.0,,,1.45,,2.18,0.0,0.0,0.0,0.73,0,0
L. Khoury,Louis James Khoury,453107,St George City FA,St George City FA,https://cdn5.wyscout.com/photos/team/public/g38544_120x120.png,New South Wales NPL,"RCMF, RCMF3, LW",RCMF,65,RCMF3,23,LW,10,25.0,2000-10-08,0,,4,124,0,0.0,0,0.0,26.13,58.33,Australia,['Australia'],,0,0,False,12.34,13.06,66.67,2.18,33.33,0.0,0.0,0.73,3.63,3.06,1.45,0,0.0,0,0.0,0.73,0.0,0,0.0,0.0,0,0.0,0,0.0,0.0,0.0,0.0,0.0,0.0,0.0,0.0,0.0,0.0,0.0,0.73,100.0,7.26,60.0,0.73,1.45,1.45,18.15,0.0,2.9,32.66,84.44,10.16,78.57,8.71,91.67,29.76,87.8,2.9,50.0,17.1,18.35,0.0,0.0,0.0,0.0,0.0,0.0,0.0,5.08,71.43,2.18,33.33,0.0,0.0,0.73,0.0,3.63,60.0,80.0,10.89,0,,0,,0,0.0,0.0,0.0,,,0.0,,2.18,0.0,0.0,0.0,0.73,0,0
S. Tserpes,Stavros Tserpes,-318180,NWS Spirit,NWS Spirit,https://cdn5.wyscout.com/photos/team/public/g-16418_120x120.png,New South Wales NPL,"RB, RW, LCMF",RB,65,RW,14,LCMF,12,28.0,1998-04-09,0,,5,122,1,0.31,0,0.0,19.18,57.69,Australia,"['Australia', 'Cyprus']",right,176,0,False,15.49,8.85,83.33,4.43,33.33,0.0,0.0,0.74,8.11,10.65,0.0,1,0.74,0,0.0,3.69,0.74,1,0.74,0.23,0,0.0,3,2.21,66.67,33.333,0.0,3.69,40.0,0.0,0.0,3.69,40.0,1.48,0.74,100.0,4.43,50.0,2.21,0.0,0.0,22.13,1.48,0.74,35.41,58.33,17.7,54.17,2.95,100.0,25.08,67.65,7.38,40.0,24.3,27.44,0.0,0.0,0.0,0.0,0.0,0.0,0.0,4.43,50.0,4.43,50.0,0.74,0.0,0.0,1.48,10.33,57.14,60.0,11.07,0,,0,,0,0.0,0.0,0.0,,,0.0,,4.43,0.74,0.0,0.0,0.0,0,0
T. Santarossa,Thomas Santarossa,-725521,SD Raiders,SD Raiders,https://cdn5.wyscout.com/photos/team/public/g36030_120x120.png,New South Wales NPL,"LW, LWB, LB5",LW,49,LWB,15,LB5,13,,,0,,6,109,0,0.06,0,0.0,16.51,45.0,Australia,['Australia'],unknown,0,0,False,7.43,6.61,50.0,2.48,33.33,0.8300000000000001,1.15,0.0,3.3,4.62,0.8300000000000001,0,0.0,0,0.0,3.3,0.0,0,0.0,0.05,0,0.0,3,2.48,0.0,0.0,0.0,1.65,0.0,1.65,0.0,0.0,0.0,0.8300000000000001,4.13,80.0,4.13,80.0,1.65,2.48,0.8300000000000001,8.26,1.65,0.8300000000000001,12.39,53.33,3.3,25.0,1.65,100.0,7.43,77.78,3.3,25.0,13.87,14.58,0.0,0.0,0.0,0.0,0.0,0.0,0.0,1.65,50.0,1.65,0.0,0.8300000000000001,0.0,0.0,0.0,1.65,100.0,62.5,6.61,0,,0,,0,0.0,0.0,0.0,,,0.0,,2.48,0.8300000000000001,0.0,0.0,2.48,0,0
J. Pavlovic,Johnny Pavlovic,-680325,Western Sydney W. U21,Western Sydney W. U21,https://cdn5.wyscout.com/photos/team/public/g23047_120x120.png,New South Wales NPL,"CF, RCMF",CF,88,RCMF,11,,0,16.0,2009-10-14,0,,6,108,1,0.09,0,0.05,18.33,36.36,Australia,['Australia'],,0,0,False,4.17,5.0,83.33,3.33,0.0,0.0,0.0,0.0,0.0,0.0,1.67,0,0.0,0,0.0,2.5,0.8300000000000001,1,0.8300000000000001,0.07,0,0.0,3,2.5,33.33,33.333,0.0,4.17,20.0,1.67,0.0,2.5,33.33,0.0,2.5,33.33,9.17,27.27,4.17,0.8300000000000001,0.0,18.33,1.67,1.67,23.33,53.57,8.33,40.0,3.33,75.0,18.33,63.64,0.8300000000000001,0.0,13.65,2.29,0.04,0.8300000000000001,0.0,0.0,0.0,0.0,0.8300000000000001,2.5,66.67,2.5,33.33,0.0,0.0,0.0,0.8300000000000001,5.0,83.33,77.78,7.5,0,,0,,0,0.0,0.0,0.0,,,0.0,,3.33,0.8300000000000001,0.0,0.0,0.8300000000000001,0,0
K. Baccus,Kade  Baccus,-498149,Western Sydney W. U21,Western Sydney W. U21,https://cdn5.wyscout.com/photos/team/public/g23047_120x120.png,New South Wales NPL,"LDMF, RW, RCMF",LDMF,52,RW,32,RCMF,14,18.0,2008-03-31,0,,3,106,0,0.0,0,0.0,13.58,31.25,Australia,['Australia'],,0,0,False,6.79,8.49,40.0,3.4,25.0,0.0,0.0,0.0,3.4,3.75,0.85,1,0.85,0,0.0,0.0,0.0,0,0.0,0.0,0,0.0,0,0.0,0.0,0.0,0.0,0.0,0.0,0.0,0.0,0.0,0.0,0.0,0.0,0.0,0.85,0.0,0.85,0.0,0.0,39.06,0.0,0.0,50.94,86.67,14.43,64.71,13.58,100.0,46.7,92.73,4.25,20.0,16.93,24.26,0.0,0.0,0.0,0.0,0.0,0.0,0.85,5.94,42.86,0.85,0.0,0.85,0.0,0.0,0.0,2.55,33.33,100.0,20.38,0,,0,,0,0.0,0.0,0.0,,,0.85,,3.4,0.0,0.0,0.0,0.0,0,0
A. Tomelic,Anthony Tomelic,416288,Sydney United,Sydney United,https://cdn5.wyscout.com/photos/team/public/g154_120x120.png,New South Wales NPL,"LCMF, RCMF",LCMF,74,RCMF,14,,0,32.0,1994-03-08,0,,7,106,0,0.0,0,0.0,15.28,44.44,Australia,['Australia'],,0,0,False,10.19,8.49,50.0,4.25,40.0,0.0,0.0,0.0,5.94,6.77,3.4,0,0.0,0,0.0,0.0,0.0,0,0.0,0.0,0,0.0,0,0.0,0.0,0.0,0.0,0.0,0.0,0.0,0.0,0.0,0.0,0.0,0.0,0.0,1.7000000000000002,0.0,0.0,0.0,0.0,7.64,0.0,0.0,20.38,58.33,11.04,30.77,4.25,80.0,16.98,65.0,3.4,25.0,17.51,10.39,0.0,0.0,0.0,0.0,0.0,0.0,0.0,6.79,50.0,0.0,0.0,0.0,0.0,0.0,0.0,3.4,75.0,100.0,4.25,0,,0,,0,0.0,0.0,0.0,,,0.0,,4.25,0.0,0.0,0.0,0.0,0,0
A. Marvello,Antonio Marvello,-824499,Marconi Stallions,Marconi Stallions,https://cdn5.wyscout.com/photos/team/public/g146_120x120.png,New South Wales NPL,LCB,LCB,94,,0,,0,,,0,,2,103,0,0.0,0,0.0,20.97,62.5,Australia,['Australia'],,0,0,False,12.23,6.12,100.0,6.99,50.0,0.0,0.0,0.87,6.12,7.24,0.87,0,0.0,0,0.0,0.87,0.0,0,0.0,0.0,0,0.0,0,0.0,0.0,0.0,0.0,0.0,0.0,0.0,0.0,0.0,0.0,0.0,0.87,100.0,4.37,80.0,0.0,0.0,0.0,20.97,0.0,0.0,35.83,75.61,13.11,46.67,3.5,100.0,27.96,81.25,7.86,55.56,20.55,23.02,0.0,0.0,0.0,0.87,0.0,0.0,0.0,6.12,42.86,1.75,0.0,0.87,0.0,0.0,0.0,8.74,40.0,94.12,14.85,0,,0,,0,0.0,0.0,0.0,,,3.5,,6.99,0.0,0.0,0.0,0.0,0,0
N. Calder,Nicolas Calder,-413143,Sydney FC II,Sydney FC II,https://cdn5.wyscout.com/photos/team/public/g-12408_120x120.png,New South Wales NPL,"CB, RCB",CB,88,RCB,11,,0,20.0,2006-01-10,0,,4,101,0,0.04,0,0.0,17.82,55.0,Australia,"['Australia', 'Switzerland']",unknown,0,0,False,9.8,7.13,75.0,5.35,50.0,0.0,0.0,0.0,4.46,6.82,2.67,1,0.89,0,0.0,0.0,0.0,0,0.0,0.04,0,0.0,1,0.89,0.0,0.0,0.0,0.0,0.0,0.0,0.0,0.0,0.0,0.0,0.0,0.0,1.78,50.0,0.89,0.0,0.0,17.82,0.89,0.89,28.51,87.5,9.8,90.91,1.78,100.0,27.62,90.32,0.89,0.0,14.68,2.38,0.0,0.0,0.0,0.0,0.0,0.0,0.0,0.89,0.0,0.0,0.0,0.0,0.0,0.0,0.0,0.89,0.0,93.33,13.37,0,,0,,0,0.0,0.0,0.0,,,0.89,,5.35,0.0,0.0,0.0,0.0,0,0
D. Ciano,Dominic Ciano,-788915,Sydney Olympic,Sydney Olympic,https://cdn5.wyscout.com/photos/team/public/g150_120x120.png,New South Wales NPL,LCB,LCB,100,,0,,0,,,0,,1,99,0,0.0,0,0.0,8.18,66.67,Australia,['Australia'],,0,0,False,2.73,0.0,0.0,4.55,60.0,0.0,0.0,1.82,2.73,3.0,0.0,0,0.0,0,0.0,0.0,0.0,0,0.0,0.0,0,0.0,0,0.0,0.0,0.0,0.0,0.0,0.0,0.0,0.0,0.0,0.0,0.0,0.0,0.0,2.73,66.67,0.0,0.0,0.0,54.55,0.0,2.73,80.0,90.91,40.91,86.67,3.64,50.0,70.91,96.15,9.09,50.0,20.86,43.76,0.0,0.0,0.0,0.0,0.0,0.0,0.0,4.55,40.0,0.91,0.0,0.0,0.0,0.0,0.0,11.82,61.54,100.0,31.82,0,,0,,0,0.0,0.0,0.0,,,1.82,,4.55,0.0,0.0,0.0,0.0,0,0
J. Fedele,Julian Fedele,-813453,Sutherland Sharks,Sutherland Sharks,https://cdn5.wyscout.com/photos/team/public/g10493_120x120.png,New South Wales NPL,"CF, LCMF3, LW",CF,70,LCMF3,16,LW,12,,,0,,5,98,1,0.76,0,0.0,17.45,42.11,Australia,['Australia'],,0,0,False,1.8399999999999999,1.8399999999999999,0.0,5.51,33.33,0.0,0.0,0.0,1.8399999999999999,5.45,1.8399999999999999,0,0.0,0,0.0,2.76,0.92,1,0.92,0.7000000000000001,0,0.0,6,5.51,16.67,16.667,0.0,0.0,0.0,0.0,0.0,0.0,0.0,0.0,3.67,50.0,8.27,55.56,5.51,0.92,0.0,15.61,0.92,1.8399999999999999,16.53,77.78,3.67,75.0,7.35,87.5,15.61,82.35,0.92,0.0,10.85,8.48,0.0,0.0,0.0,0.0,0.0,0.0,0.0,1.8399999999999999,100.0,2.76,66.67,0.0,0.0,1.8399999999999999,0.0,3.67,50.0,50.0,1.8399999999999999,0,,0,,0,0.0,0.0,0.0,,,0.0,,5.51,0.0,0.0,0.0,0.0,0,0
C. Flavell,Cassius Flavell,-541512,UNSW,UNSW,https://cdn5.wyscout.com/photos/team/public/g33621_120x120.png,New South Wales NPL,GK,GK,100,,0,,0,19.0,2007-04-20,0,,1,97,0,0.0,0,0.0,0.93,0.0,Australia,['Australia'],unknown,0,0,False,0.93,0.93,0.0,0.0,0.0,0.0,0.0,0.0,0.93,1.07,0.0,0,0.0,0,0.0,0.0,0.0,0,0.0,0.0,0,0.0,0,0.0,0.0,0.0,0.0,0.0,0.0,0.0,0.0,0.0,0.0,0.0,0.0,0.0,0.0,0.0,0.0,0.0,0.0,12.99,0.0,0.0,16.7,83.33,8.35,66.67,0.0,0.0,11.13,100.0,5.57,50.0,25.83,41.46,0.0,0.0,0.0,0.0,0.0,0.0,0.0,0.93,0.0,0.0,0.0,0.0,0.0,0.0,0.0,2.7800000000000002,33.33,100.0,8.35,5,4.64,9,8.35,0,44.44,3.8,3.5300000000000002,-1.2,-1.113,0.0,1.8599999999999999,0.0,,,,0.0,0,0
A. Akon,Akol Akon,-554600,Sydney,Sydney FC II,https://cdn5.wyscout.com/photos/team/public/2328_120x120.png,A-League,"AMF, LWF",AMF,51,LWF,48,,0,16.0,2009-05-21,0,2028-06-30,2,95,0,0.32,0,0.0,21.79,65.22,Australia,['Australia'],unknown,0,0,False,4.74,2.84,100.0,4.74,60.0,0.0,0.0,0.0,1.8900000000000001,2.31,0.0,0,0.0,0,0.0,7.58,0.0,0,0.0,0.30000000000000004,0,0.0,4,3.79,25.0,0.0,0.0,0.9500000000000001,100.0,0.0,0.0,0.9500000000000001,100.0,0.0,5.68,100.0,13.26,64.29,2.84,0.9500000000000001,0.0,11.37,0.9500000000000001,0.9500000000000001,14.21,73.33,4.74,80.0,4.74,60.0,13.26,71.43,0.0,0.0,13.79,0.0,0.0,0.0,0.0,0.0,0.0,0.0,0.9500000000000001,0.9500000000000001,100.0,0.9500000000000001,100.0,0.0,0.0,0.0,0.9500000000000001,1.8900000000000001,100.0,100.0,0.9500000000000001,0,,0,,0,0.0,0.0,0.0,,,0.0,,4.74,0.0,0.0,0.0,0.0,0,0
A. Carreras,Anthony Carreras,-563748,Sydney Olympic,Sydney Olympic,https://cdn5.wyscout.com/photos/team/public/g150_120x120.png,New South Wales NPL,GK,GK,100,,0,,0,22.0,2004-01-01,0,,1,94,0,0.0,0,0.0,0.96,100.0,Australia,['Australia'],unknown,0,0,False,0.96,0.0,0.0,0.96,100.0,0.0,0.0,0.0,0.96,1.07,0.0,0,0.0,0,0.0,0.0,0.0,0,0.0,0.0,0,0.0,0,0.0,0.0,0.0,0.0,0.0,0.0,0.0,0.0,0.0,0.0,0.0,0.0,0.0,0.0,0.0,0.0,0.0,0.0,3.83,0.0,0.0,8.62,100.0,4.79,100.0,0.0,0.0,4.79,100.0,3.83,100.0,43.46,56.28,0.0,0.0,0.0,0.0,0.0,0.0,0.0,0.96,100.0,0.0,0.0,0.0,0.0,0.0,0.0,3.83,100.0,100.0,3.83,2,1.9100000000000001,5,4.79,0,60.0,1.79,1.72,-0.21,-0.201,0.0,0.96,0.96,,,,0.0,0,0
M. Savic,Marcus Savic,-710845,Western Sydney W. U21,Western Sydney W. U21,https://cdn5.wyscout.com/photos/team/public/g23047_120x120.png,New South Wales NPL,"LCB, LB",LCB,77,LB,16,,0,17.0,2009-03-21,0,,2,92,0,0.0,0,0.0,6.85,71.43,Australia,['Australia'],unknown,0,0,False,3.91,1.96,100.0,1.96,50.0,0.0,0.0,0.98,1.96,1.94,0.0,0,0.0,0,0.0,0.98,0.0,0,0.0,0.0,0,0.0,0,0.0,0.0,0.0,0.0,0.0,0.0,0.0,0.0,0.0,0.0,0.0,0.98,100.0,2.93,66.67,0.0,0.98,0.0,39.13,0.0,1.96,45.98,91.49,16.63,76.47,4.89,100.0,44.02,95.56,1.96,0.0,20.91,51.48,0.0,0.0,0.0,0.0,0.0,0.0,0.0,4.89,60.0,0.98,0.0,0.0,0.0,0.0,0.0,8.8,77.78,100.0,22.5,0,,0,,0,0.0,0.0,0.0,,,1.96,,1.96,0.0,0.0,0.0,0.0,0,0
M. Da Silva Santos,Matias Da Silva Santos,-811643,UNSW,UNSW,https://cdn5.wyscout.com/photos/team/public/g33621_120x120.png,New South Wales NPL,"LW, RW, AMF",LW,40,RW,33,AMF,13,,,0,,6,89,0,0.0,0,0.17,16.18,31.25,Australia,['Australia'],unknown,0,0,False,4.04,4.04,75.0,2.02,0.0,0.0,0.0,0.0,1.01,1.88,0.0,0,0.0,0,0.0,1.01,0.0,0,0.0,0.0,0,0.0,0,0.0,0.0,0.0,0.0,1.01,100.0,0.0,0.0,1.01,100.0,0.0,2.02,0.0,9.1,11.11,1.01,1.01,0.0,11.12,1.01,1.01,12.13,58.33,4.04,25.0,3.03,66.67,10.11,50.0,2.02,100.0,18.69,16.38,0.17,1.01,0.0,0.0,0.0,0.0,0.0,2.02,50.0,0.0,0.0,0.0,0.0,0.0,0.0,2.02,50.0,80.0,5.06,0,,0,,0,0.0,0.0,0.0,,,0.0,,2.02,1.01,0.0,0.0,2.02,0,0
E. Gasowski,Ewan Gasowski,-554704,Western Sydney W. U21,Western Sydney W. U21,https://cdn5.wyscout.com/photos/team/public/g23047_120x120.png,New South Wales NPL,"LW, CF",LW,69,CF,30,,0,18.0,2008-03-09,0,,4,83,0,0.0,0,0.0,19.52,27.78,Australia,['Australia'],unknown,0,0,False,5.42,7.59,57.14,1.08,0.0,0.0,0.0,0.0,1.08,1.15,0.0,0,0.0,0,0.0,0.0,0.0,0,0.0,0.0,0,0.0,0,0.0,0.0,0.0,0.0,2.17,0.0,2.17,0.0,0.0,0.0,0.0,3.25,0.0,9.76,11.11,0.0,2.17,1.08,13.01,0.0,1.08,14.1,46.15,3.25,0.0,6.51,83.33,9.76,66.67,2.17,0.0,11.64,11.81,0.0,0.0,0.0,0.0,0.0,0.0,0.0,0.0,0.0,2.17,0.0,0.0,0.0,0.0,1.08,2.17,0.0,33.33,3.25,0,,0,,0,0.0,0.0,0.0,,,0.0,,1.08,0.0,0.0,0.0,0.0,0,0
C. Kealy,Callum Kealy,-169934,NWS Spirit,NWS Spirit,https://cdn5.wyscout.com/photos/team/public/g-16418_120x120.png,New South Wales NPL,CF,CF,100,,0,,0,27.0,1998-09-26,0,,1,73,0,0.0,0,0.0,19.73,6.25,Australia,"['Australia', 'England']",right,0,0,False,2.47,0.0,0.0,11.1,11.11,0.0,0.0,0.0,2.47,3.75,2.47,1,1.23,1,1.23,0.0,0.0,0,0.0,0.0,0,0.0,0,0.0,0.0,0.0,0.0,0.0,0.0,0.0,0.0,0.0,0.0,0.0,1.23,0.0,6.16,0.0,1.23,0.0,0.0,3.7,0.0,0.0,6.16,80.0,0.0,0.0,4.93,75.0,6.16,80.0,0.0,0.0,11.81,0.0,0.0,0.0,0.0,0.0,0.0,0.0,0.0,0.0,0.0,0.0,0.0,0.0,0.0,0.0,0.0,0.0,0.0,100.0,1.23,0,,0,,0,0.0,0.0,0.0,,,0.0,,11.1,0.0,0.0,0.0,0.0,0,0
M. Lee,Matthew Lee,-725522,SD Raiders,SD Raiders,https://cdn5.wyscout.com/photos/team/public/g36030_120x120.png,New South Wales NPL,"DMF, RDMF, LCMF",DMF,41,RDMF,36,LCMF,21,,,0,,4,68,0,0.0,0,0.05,11.91,55.56,Australia,['Australia'],unknown,0,0,False,11.91,3.9699999999999998,100.0,3.9699999999999998,33.33,0.0,0.0,0.0,7.94,13.85,0.0,0,0.0,0,0.0,0.0,0.0,0,0.0,0.0,0,0.0,0,0.0,0.0,0.0,0.0,0.0,0.0,0.0,0.0,0.0,0.0,0.0,0.0,0.0,3.9699999999999998,33.33,0.0,0.0,0.0,41.03,0.0,1.32,54.26,85.37,15.88,75.0,9.26,100.0,50.29,86.84,3.9699999999999998,66.67,20.45,16.8,0.07,3.9699999999999998,0.0,0.0,0.0,0.0,0.0,6.62,80.0,0.0,0.0,0.0,0.0,0.0,0.0,9.26,71.43,100.0,19.85,0,,0,,0,0.0,0.0,0.0,,,1.32,,3.9699999999999998,0.0,0.0,0.0,0.0,0,0
D. Jovcevski,Dean Jovcevski,-541549,Rockdale Ilinden,Rockdale Ilinden,https://cdn5.wyscout.com/photos/team/public/g14576_120x120.png,New South Wales NPL,"RW, RAMF, LDMF",RW,23,RAMF,20,LDMF,16,18.0,2007-11-26,0,,6,65,0,0.0,0,0.0,22.15,68.75,Australia,['Australia'],unknown,0,0,False,9.69,8.31,100.0,1.38,100.0,0.0,0.0,0.0,1.38,2.73,1.38,0,0.0,0,0.0,1.38,0.0,0,0.0,0.0,0,0.0,0,0.0,0.0,0.0,0.0,1.38,0.0,0.0,0.0,1.38,0.0,1.38,1.38,100.0,12.46,44.44,1.38,2.77,1.38,22.15,0.0,2.77,34.62,84.0,9.69,57.14,11.08,100.0,31.85,86.96,1.38,100.0,15.78,4.73,0.0,0.0,0.0,0.0,1.38,0.0,0.0,5.54,25.0,1.38,0.0,1.38,0.0,0.0,0.0,2.77,100.0,85.71,9.69,0,,0,,0,0.0,0.0,0.0,,,0.0,,1.38,0.0,0.0,0.0,0.0,0,0
M. Popovic,Milislav Popovic,414395,Sutherland Sharks,Sutherland Sharks,https://cdn5.wyscout.com/photos/team/public/g10493_120x120.png,New South Wales NPL,"CF, RW",CF,63,RW,36,,0,29.0,1997-03-06,0,,2,64,0,0.0,0,0.0,9.84,14.29,Australia,"['Australia', 'Croatia']",left,190,81,False,2.81,2.81,50.0,2.81,0.0,0.0,0.0,1.4100000000000001,1.4100000000000001,4.29,1.4100000000000001,0,0.0,0,0.0,0.0,0.0,0,0.0,0.0,0,0.0,0,0.0,0.0,0.0,0.0,0.0,0.0,0.0,0.0,0.0,0.0,0.0,0.0,0.0,4.22,0.0,2.81,0.0,0.0,4.22,1.4100000000000001,0.0,16.88,58.33,8.44,50.0,5.63,75.0,15.47,63.64,1.4100000000000001,0.0,18.57,26.26,0.0,0.0,0.0,0.0,0.0,0.0,0.0,2.81,100.0,2.81,0.0,0.0,0.0,0.0,0.0,1.4100000000000001,0.0,100.0,1.4100000000000001,0,,0,,0,0.0,0.0,0.0,,,0.0,,2.81,0.0,0.0,0.0,0.0,0,0
T. Hynes,Thomas Hynes,-811646,UNSW,UNSW,https://cdn5.wyscout.com/photos/team/public/g33621_120x120.png,New South Wales NPL,"LCMF, RWB, LWF",LCMF,54,RWB,18,LWF,17,,,0,,4,64,0,0.0,1,0.0,16.88,58.33,Australia,['Australia'],unknown,0,0,False,14.06,9.84,71.43,0.0,0.0,0.0,0.0,0.0,7.03,9.38,0.0,0,0.0,0,0.0,1.4100000000000001,0.0,0,0.0,0.0,0,0.0,0,0.0,0.0,0.0,1.4100000000000001,1.4100000000000001,100.0,0.0,0.0,1.4100000000000001,100.0,0.0,0.0,0.0,5.63,50.0,0.0,0.0,0.0,21.09,0.0,2.81,33.75,87.5,15.47,72.73,5.63,100.0,29.53,90.48,4.22,66.67,19.69,46.61,0.0,0.0,0.0,0.0,0.0,0.0,1.4100000000000001,4.22,66.67,0.0,0.0,1.4100000000000001,100.0,0.0,0.0,4.22,100.0,100.0,11.25,0,,0,,0,0.0,0.0,0.0,,,0.0,,0.0,0.0,0.0,0.0,0.0,0,0
O. Velnic,Oliver Velnic,-812796,SD Raiders,SD Raiders,https://cdn5.wyscout.com/photos/team/public/g36030_120x120.png,New South Wales NPL,"CF, RCMF, RCMF3",CF,42,RCMF,31,RCMF3,26,,,0,,2,62,0,0.38,0,0.22,8.71,50.0,Australia,['Australia'],unknown,0,0,False,5.8100000000000005,1.45,0.0,0.0,0.0,1.45,1.76,0.0,4.35,5.29,0.0,0,0.0,0,0.0,4.35,0.0,0,0.0,0.55,0,0.0,1,1.45,100.0,0.0,0.0,2.9,0.0,0.0,0.0,2.9,0.0,0.0,4.35,66.67,7.26,60.0,2.9,0.0,1.45,24.68,0.0,1.45,31.94,86.36,8.71,100.0,5.8100000000000005,100.0,27.58,100.0,1.45,0.0,18.13,18.01,0.32,1.45,0.0,0.0,0.0,0.0,1.45,4.35,100.0,2.9,0.0,1.45,0.0,1.45,0.0,8.71,100.0,62.5,11.61,0,,0,,0,0.0,0.0,0.0,,,0.0,,0.0,0.0,0.0,0.0,0.0,0,0
L. Sciuriaga,Levi Sciuriaga,-409056,APIA Leichhardt Tigers,APIA Leichhardt Tigers,https://cdn5.wyscout.com/photos/team/public/g10487_120x120.png,New South Wales NPL,"CF, RW, LCMF",CF,68,RW,19,LCMF,12,21.0,2005-01-17,0,,5,62,0,0.04,0,0.0,34.84,20.83,Australia,['Australia'],unknown,0,0,False,2.9,4.35,66.67,7.26,0.0,0.0,0.0,0.0,0.0,0.0,2.9,0,0.0,0,0.0,1.45,0.0,0,0.0,0.06,0,0.0,1,1.45,100.0,0.0,0.0,2.9,0.0,0.0,0.0,2.9,0.0,0.0,5.8100000000000005,0.0,21.77,20.0,2.9,0.0,0.0,11.61,2.9,0.0,21.77,80.0,1.45,0.0,7.26,80.0,18.87,92.31,0.0,0.0,18.65,0.0,0.0,0.0,0.0,0.0,0.0,0.0,0.0,0.0,0.0,1.45,100.0,0.0,0.0,2.9,0.0,1.45,100.0,100.0,8.71,0,,0,,0,0.0,0.0,0.0,,,0.0,,7.26,0.0,0.0,0.0,0.0,0,0
J. Muir,Jared Muir,-726532,Manly United,Manly United,https://cdn5.wyscout.com/photos/team/public/g10491_120x120.png,New South Wales NPL,"RWF, AMF, LWF",RWF,43,AMF,40,LWF,10,,,0,,3,60,0,0.33,0,0.30000000000000004,21.0,14.29,Australia,['Australia'],,0,0,False,4.5,6.0,25.0,4.5,33.33,1.5,2.73,0.0,1.5,2.73,3.0,0,0.0,0,0.0,1.5,0.0,0,0.0,0.49,0,0.0,2,3.0,50.0,0.0,0.0,0.0,0.0,0.0,0.0,0.0,0.0,0.0,1.5,0.0,6.0,0.0,1.5,0.0,0.0,21.0,0.0,1.5,22.5,73.33,10.5,57.14,7.5,100.0,21.0,78.57,1.5,0.0,11.26,15.45,0.45,3.0,0.0,0.0,0.0,0.0,0.0,1.5,0.0,0.0,0.0,0.0,0.0,0.0,0.0,1.5,0.0,100.0,1.5,0,,0,,0,0.0,0.0,0.0,,,1.5,,4.5,1.5,1.5,100.0,3.0,0,0
Navid Alizada,Navid Alizada,-832396,APIA Leichhardt Tigers,APIA Leichhardt Tigers,https://cdn5.wyscout.com/photos/team/public/g10487_120x120.png,New South Wales NPL,LB,LB,100,,0,,0,,,0,,3,59,0,0.0,0,0.16,28.98,57.89,Australia,['Australia'],,0,0,False,10.68,13.73,66.67,0.0,0.0,0.0,0.0,0.0,1.53,2.31,1.53,0,0.0,0,0.0,3.05,0.0,0,0.0,0.0,0,0.0,0,0.0,0.0,0.0,0.0,1.53,0.0,1.53,0.0,0.0,0.0,0.0,7.63,40.0,13.73,55.56,0.0,3.05,0.0,28.98,1.53,1.53,38.14,80.0,9.15,66.67,10.68,100.0,36.61,83.33,0.0,0.0,12.49,0.0,0.24,1.53,0.0,0.0,0.0,0.0,1.53,4.58,100.0,3.05,50.0,0.0,0.0,1.53,0.0,6.1,50.0,80.0,7.63,0,,0,,0,0.0,0.0,0.0,,,0.0,,0.0,0.0,0.0,0.0,0.0,0,0
M. Seaman,Mitchell Seaman,-563744,Manly United,Manly United,https://cdn5.wyscout.com/photos/team/public/g10491_120x120.png,New South Wales NPL,"AMF, LDMF, RCMF",AMF,47,LDMF,26,RCMF,23,19.0,2006-06-20,0,,4,59,0,0.30000000000000004,0,0.01,15.25,60.0,Australia,['Australia'],unknown,0,0,False,7.63,9.15,66.67,3.05,50.0,0.0,0.0,0.0,1.53,2.5,0.0,0,0.0,0,0.0,1.53,0.0,0,0.0,0.45,0,0.0,1,1.53,0.0,0.0,0.0,1.53,100.0,1.53,100.0,0.0,0.0,0.0,0.0,0.0,0.0,0.0,3.05,1.53,0.0,15.25,0.0,0.0,28.98,73.68,4.58,100.0,7.63,80.0,25.93,70.59,1.53,100.0,10.97,8.53,0.02,1.53,0.0,0.0,0.0,0.0,0.0,0.0,0.0,1.53,100.0,0.0,0.0,0.0,1.53,4.58,100.0,66.67,4.58,0,,0,,0,0.0,0.0,0.0,,,0.0,,3.05,0.0,0.0,0.0,4.58,0,0
L. Williams,Lucas Williams,-841132,Sydney Olympic,Sydney Olympic,https://cdn5.wyscout.com/photos/team/public/g150_120x120.png,New South Wales NPL,"AMF, RAMF, RW",AMF,44,RAMF,37,RW,18,18.0,2007-09-16,0,,2,58,0,0.0,0,0.0,26.38,35.29,Australia,['Australia'],,0,0,False,4.66,9.31,33.33,4.66,33.33,0.0,0.0,0.0,1.55,2.73,1.55,0,0.0,0,0.0,0.0,0.0,0,0.0,0.0,0,0.0,0,0.0,0.0,0.0,0.0,1.55,0.0,0.0,0.0,1.55,0.0,0.0,0.0,0.0,10.86,28.57,0.0,0.0,0.0,10.86,0.0,0.0,18.62,50.0,6.21,25.0,4.66,100.0,15.52,60.0,1.55,0.0,14.59,23.35,0.0,0.0,0.0,0.0,0.0,0.0,0.0,4.66,0.0,1.55,0.0,0.0,0.0,0.0,0.0,0.0,0.0,0.0,1.55,0,,0,,0,0.0,0.0,0.0,,,0.0,,4.66,0.0,0.0,0.0,0.0,0,0
A. Knez,Adrian Knez,-328130,Sydney United,Sydney United,https://cdn5.wyscout.com/photos/team/public/g154_120x120.png,New South Wales NPL,"RCMF, AMF, LDMF",RCMF,62,AMF,21,LDMF,16,22.0,2004-01-11,0,,4,57,0,0.0,0,0.0,36.32,52.17,Australia,['Australia'],unknown,0,0,False,23.68,22.11,57.14,7.89,60.0,4.74,6.0,1.58,6.32,8.0,9.47,2,3.16,0,0.0,1.58,0.0,0,0.0,0.0,0,0.0,0,0.0,0.0,0.0,0.0,0.0,0.0,0.0,0.0,0.0,0.0,0.0,1.58,100.0,6.32,25.0,0.0,1.58,0.0,18.95,0.0,1.58,28.42,83.33,12.63,62.5,3.16,100.0,26.84,88.24,1.58,0.0,16.9,10.1,0.0,0.0,0.0,0.0,3.16,0.0,0.0,4.74,100.0,3.16,0.0,3.16,0.0,0.0,0.0,3.16,100.0,100.0,7.89,0,,0,,0,0.0,0.0,0.0,,,0.0,,7.89,0.0,0.0,0.0,0.0,0,0
C. Quilliganx,Conor Quilliganx,-811644,UNSW,UNSW,https://cdn5.wyscout.com/photos/team/public/g33621_120x120.png,New South Wales NPL,"DMF, CF",DMF,54,CF,45,,0,,,0,,2,54,0,0.0,0,0.0,25.0,46.67,Australia,['Australia'],unknown,0,0,False,11.67,8.33,80.0,5.0,33.33,0.0,0.0,0.0,5.0,10.0,0.0,0,0.0,0,0.0,1.67,0.0,0,0.0,0.0,0,0.0,0,0.0,0.0,0.0,0.0,1.67,100.0,0.0,0.0,1.67,100.0,0.0,0.0,0.0,8.33,40.0,0.0,0.0,0.0,31.67,1.67,1.67,56.67,79.41,13.33,50.0,20.0,100.0,50.0,83.33,5.0,33.33,19.99,25.72,0.0,0.0,0.0,0.0,0.0,0.0,0.0,5.0,33.33,3.33,50.0,0.0,0.0,0.0,1.67,3.33,100.0,75.0,20.0,0,,0,,0,0.0,0.0,0.0,,,0.0,,5.0,1.67,0.0,0.0,3.33,0,0
B. Ovens,Brae Ovens,-344967,St George City FA,St George City FA,https://cdn5.wyscout.com/photos/team/public/g38544_120x120.png,New South Wales NPL,"RAMF, AMF, RCMF3",RAMF,38,AMF,36,RCMF3,24,21.0,2004-08-15,0,,2,52,1,0.92,0,0.0,27.69,56.25,Australia,['Australia'],unknown,0,0,False,3.46,3.46,100.0,3.46,50.0,0.0,0.0,0.0,0.0,0.0,0.0,0,0.0,0,0.0,13.85,1.73,1,1.73,1.6,0,0.0,2,3.46,50.0,50.0,0.0,1.73,100.0,0.0,0.0,1.73,100.0,0.0,12.12,71.43,20.77,50.0,8.65,0.0,0.0,24.23,1.73,1.73,36.35,66.67,20.77,58.33,3.46,50.0,29.42,70.59,5.19,33.33,22.34,42.61,0.0,0.0,0.0,0.0,1.73,100.0,0.0,13.85,50.0,10.38,33.33,3.46,100.0,3.46,1.73,5.19,100.0,80.0,8.65,0,,0,,0,0.0,0.0,0.0,,,0.0,,3.46,1.73,0.0,0.0,0.0,0,0
T. Rugsat,Tanakorn Rugsat,-832499,St. George Saints ,St. George Saints ,https://cdn5.wyscout.com/photos/team/public/g20232_120x120.png,New South Wales NPL,"CF, RW",CF,52,RW,47,,0,20.0,2006-01-01,0,,1,51,0,0.04,0,0.0,26.47,33.33,Australia,['Australia'],,0,0,False,8.82,10.59,50.0,0.0,0.0,0.0,0.0,0.0,3.5300000000000002,5.0,1.76,0,0.0,0,0.0,0.0,0.0,0,0.0,0.07,0,0.0,1,1.76,0.0,0.0,0.0,0.0,0.0,0.0,0.0,0.0,0.0,0.0,1.76,0.0,8.82,0.0,3.5300000000000002,0.0,0.0,22.94,1.76,0.0,31.76,77.78,10.59,66.67,7.06,100.0,31.76,77.78,0.0,0.0,14.43,0.0,0.0,0.0,0.0,0.0,0.0,0.0,0.0,3.5300000000000002,50.0,0.0,0.0,0.0,0.0,0.0,0.0,7.06,100.0,100.0,5.29,0,,0,,0,0.0,0.0,0.0,,,0.0,,0.0,0.0,0.0,0.0,0.0,0,0
P. Kalamvokis,Paul Kalamvokis,-455936,Rockdale Ilinden,Rockdale Ilinden,https://cdn5.wyscout.com/photos/team/public/g14576_120x120.png,New South Wales NPL,"LCB, RCB, LB",LCB,43,RCB,25,LB,23,21.0,2004-11-02,0,,4,50,0,0.0,0,0.0,21.6,66.67,Australia,['Australia'],,0,0,False,7.2,9.0,60.0,5.4,66.67,1.8,3.0,0.0,0.0,0.0,0.0,0,0.0,0,0.0,0.0,0.0,0,0.0,0.0,0,0.0,0,0.0,0.0,0.0,0.0,0.0,0.0,0.0,0.0,0.0,0.0,0.0,0.0,0.0,1.8,100.0,0.0,0.0,0.0,21.6,0.0,3.6,39.6,77.27,23.4,84.62,1.8,100.0,32.4,83.33,7.2,50.0,19.06,19.23,0.0,0.0,0.0,0.0,0.0,0.0,0.0,10.8,83.33,0.0,0.0,0.0,0.0,0.0,0.0,12.6,71.43,66.67,5.4,0,,0,,0,0.0,0.0,0.0,,,0.0,,5.4,0.0,0.0,0.0,0.0,0,0
B. Mewett,Ben Mewett,-554460,Western Sydney W. U21,Western Sydney W. U21,https://cdn5.wyscout.com/photos/team/public/g23047_120x120.png,New South Wales NPL,"LW, LB",LW,67,LB,32,,0,19.0,2007-02-28,0,2027-06-30,2,49,0,0.0,0,0.0,34.9,42.11,Australia,['Australia'],unknown,0,0,False,11.02,12.86,57.14,0.0,0.0,1.8399999999999999,2.14,0.0,1.8399999999999999,2.14,1.8399999999999999,0,0.0,0,0.0,3.67,0.0,0,0.0,0.0,0,0.0,0,0.0,0.0,0.0,0.0,1.8399999999999999,100.0,1.8399999999999999,100.0,0.0,0.0,0.0,1.8399999999999999,100.0,14.69,50.0,0.0,0.0,0.0,27.55,0.0,1.8399999999999999,34.9,94.74,5.51,66.67,12.86,100.0,31.22,100.0,1.8399999999999999,0.0,16.54,6.08,0.0,0.0,0.0,0.0,0.0,0.0,0.0,1.8399999999999999,100.0,1.8399999999999999,100.0,0.0,0.0,0.0,1.8399999999999999,5.51,66.67,100.0,12.86,0,,0,,0,0.0,0.0,0.0,,,0.0,,0.0,0.0,0.0,0.0,0.0,0,0
M. Walker,Max Walker,-563754,Manly United,Manly United,https://cdn5.wyscout.com/photos/team/public/g10491_120x120.png,New South Wales NPL,RAMF,RAMF,100,,0,,0,21.0,2005-01-01,0,,2,49,0,0.0,0,0.0,14.69,25.0,Australia,['Australia'],unknown,0,0,False,5.51,1.8399999999999999,100.0,3.67,0.0,0.0,0.0,0.0,3.67,6.67,0.0,0,0.0,0,0.0,0.0,0.0,0,0.0,0.0,0,0.0,0,0.0,0.0,0.0,0.0,0.0,0.0,0.0,0.0,0.0,0.0,0.0,0.0,0.0,5.51,0.0,1.8399999999999999,1.8399999999999999,1.8399999999999999,20.2,3.67,0.0,23.88,76.92,0.0,0.0,5.51,66.67,23.88,76.92,0.0,0.0,10.25,0.0,0.0,0.0,0.0,0.0,0.0,0.0,0.0,1.8399999999999999,0.0,0.0,0.0,0.0,0.0,0.0,0.0,0.0,0.0,50.0,3.67,0,,0,,0,0.0,0.0,0.0,,,0.0,,3.67,0.0,0.0,0.0,0.0,0,0
N. Conde,Namory Junior Conde,-413807,Sydney FC II,Sydney FC II,https://cdn5.wyscout.com/photos/team/public/g-12408_120x120.png,New South Wales NPL,"LWF, AMF, LW",LWF,38,AMF,33,LW,27,19.0,2007-03-08,0,,3,46,0,0.0,0,0.0,23.48,50.0,Australia,['Australia'],unknown,0,0,False,5.87,5.87,66.67,9.78,60.0,0.0,0.0,1.96,1.96,2.73,1.96,0,0.0,0,0.0,0.0,0.0,0,0.0,0.0,0,0.0,0,0.0,0.0,0.0,0.0,0.0,0.0,0.0,0.0,0.0,0.0,0.0,0.0,0.0,5.87,33.33,0.0,0.0,0.0,23.48,1.96,1.96,29.35,73.33,7.83,50.0,9.78,80.0,29.35,73.33,0.0,0.0,12.22,0.0,0.0,0.0,0.0,0.0,0.0,0.0,0.0,3.91,0.0,0.0,0.0,0.0,0.0,0.0,0.0,0.0,0.0,100.0,1.96,0,,0,,0,0.0,0.0,0.0,,,0.0,,9.78,0.0,0.0,0.0,0.0,0,0
J. Stamos,John Stamos,-574221,St George City FA,St George City FA,https://cdn5.wyscout.com/photos/team/public/g38544_120x120.png,New South Wales NPL,"LWB, CF",LWB,61,CF,38,,0,,,0,,2,41,0,0.0,0,0.0,,,Australia,['Australia'],,0,0,False,,,,,,,0.0,,,3.0,,0,,0,,,,0,,,0,,0,,,0.0,,,,,,,,,,,,,,,,,,,,,,,,,,,,,22.39,0.0,,,,,,,,,,,,,,,,,,,,0,,0,,0,0.0,0.0,,,,,,,,,,,0,0
J. Fulete,Jordi Fulete,-701511,Rockdale Ilinden,Rockdale Ilinden,https://cdn5.wyscout.com/photos/team/public/g14576_120x120.png,New South Wales NPL,"RAMF, RW, LB",RAMF,56,RW,32,LB,11,,,0,,4,41,0,0.0,0,0.06,,,Australia,['Australia'],,0,0,False,,,,,,,0.0,,,3.33,,0,,0,,,,0,,,0,,0,,,0.0,,,,,,,,,,,,,,,,,,,,,,,,,,,,,13.28,14.6,,,,,,,,,,,,,,,,,,,,0,,0,,0,0.0,0.0,,,,,,,,,,,0,0
E. Cabezas,Ethan Cabezas,-843357,St. George Saints ,St. George Saints ,https://cdn5.wyscout.com/photos/team/public/g20232_120x120.png,New South Wales NPL,"RWB, RW",RWB,51,RW,48,,0,,,0,,1,40,0,0.0,0,0.0,,,,[],,0,0,False,,,,,,,0.0,,,0.0,,0,,0,,,,0,,,0,,0,,,0.0,,,,,,,,,,,,,,,,,,,,,,,,,,,,,34.95,0.0,,,,,,,,,,,,,,,,,,,,0,,0,,0,0.0,0.0,,,,,,,,,,,0,0
T. Hammond,Tristan Hammond,-142822,NWS Spirit,NWS Spirit,https://cdn5.wyscout.com/photos/team/public/g-16418_120x120.png,New South Wales NPL,"RW, CF",RW,58,CF,41,,0,23.0,2003-01-05,0,,2,38,0,0.01,0,0.0,,,Australia,"['Australia', 'Italy']",right,173,69,False,,,,,,,0.0,,,0.0,,1,,0,,,,0,,,0,,1,,,0.0,,,,,,,,,,,,,,,,,,,,,,,,,,,,,15.78,0.0,,,,,,,,,,,,,,,,,,,,0,,0,,0,0.0,0.0,,,,,,,,,,,0,0
N. Mathie,Noah Mathie,-554455,Wollongong Wolves,Wollongong Wolves,https://cdn5.wyscout.com/photos/team/public/g155_120x120.png,New South Wales NPL,CF,CF,100,,0,,0,19.0,2007-01-10,0,,4,38,0,0.0,0,0.0,,,Australia,['Australia'],unknown,0,0,False,,,,,,,0.0,,,2.5,,0,,0,,,,0,,,0,,0,,,0.0,,,,,,,,,,,,,,,,,,,,,,,,,,,,,9.24,12.12,,,,,,,,,,,,,,,,,,,,0,,0,,0,0.0,0.0,,,,,,,,,,,0,0
J. Maltz,Jay Maltz,-554588,Sydney FC II,Sydney FC II,https://cdn5.wyscout.com/photos/team/public/g-12408_120x120.png,New South Wales NPL,"RCMF, RWF",RCMF,67,RWF,32,,0,17.0,2008-04-28,0,,2,37,0,0.0,0,0.01,,,Australia,['Australia'],unknown,0,0,False,,,,,,,0.0,,,2.5,,0,,0,,,,0,,,0,,0,,,0.0,,,,,,,,,,,,,,,,,,,,,,,,,,,,,8.65,29.16,,,,,,,,,,,,,,,,,,,,0,,0,,0,0.0,0.0,,,,,,,,,,,0,0
J. Azzi,Joshua Azzi,-541522,Sydney United,Sydney United,https://cdn5.wyscout.com/photos/team/public/g154_120x120.png,New South Wales NPL,"AMF, CF",AMF,59,CF,40,,0,18.0,2007-08-07,0,,2,37,0,0.13,0,0.0,,,Australia,['Australia'],unknown,0,0,False,,,,,,,0.0,,,0.0,,0,,0,,,,0,,,0,,1,,,0.0,,,,,,,,,,,,,,,,,,,,,,,,,,,,,18.92,24.31,,,,,,,,,,,,,,,,,,,,0,,0,,0,0.0,0.0,,,,,,,,,,,0,0
L. Ribarevski,Lukas Ribarevski,-590739,Rockdale Ilinden,Rockdale Ilinden,https://cdn5.wyscout.com/photos/team/public/g14576_120x120.png,New South Wales NPL,"LAMF, RAMF",LAMF,52,RAMF,47,,0,,,0,,2,34,0,0.0,0,0.16,,,Australia,['Australia'],,0,0,False,,,,,,,0.0,,,12.86,,0,,0,,,,0,,,0,,0,,,0.0,,,,,,,,,,,,,,,,,,,,,,,,,,,,,20.97,0.0,,,,,,,,,,,,,,,,,,,,0,,0,,0,0.0,0.0,,,,,,,,,,,0,0
Kang Min-Gu,Min-Gu Kang,506159,SD Raiders,SD Raiders,https://cdn5.wyscout.com/photos/team/public/g36030_120x120.png,New South Wales NPL,RW,RW,100,,0,,0,30.0,1995-11-20,0,,1,32,0,0.0,0,0.05,,,Korea Republic,['Korea Republic'],,0,0,False,,,,,,,3.33,,,3.33,,0,,0,,,,0,,,0,,0,,,0.0,,,,,,,,,,,,,,,,,,,,,,,,,,,,,17.37,57.84,,,,,,,,,,,,,,,,,,,,0,,0,,0,0.0,0.0,,,,,,,,,,,0,0
C. Lardieri,Christian Lardieri,-692254,Sydney United,Sydney United,https://cdn5.wyscout.com/photos/team/public/g154_120x120.png,New South Wales NPL,"AMF, CF",AMF,57,CF,42,,0,,,0,,3,31,0,0.0,0,0.0,,,Australia,['Australia'],,0,0,False,,,,,,,0.0,,,0.0,,0,,0,,,,0,,,0,,0,,,0.0,,,,,,,,,,,,,,,,,,,,,,,,,,,,,9.9,0.0,,,,,,,,,,,,,,,,,,,,0,,0,,0,0.0,0.0,,,,,,,,,,,0,0
J. Chambers,Jackson  Chambers,-817675,UNSW,UNSW,https://cdn5.wyscout.com/photos/team/public/g33621_120x120.png,New South Wales NPL,CB,CB,100,,0,,0,20.0,2006-02-07,0,,1,29,0,0.0,0,0.0,,,Republic of Ireland,['Republic of Ireland'],,0,0,False,,,,,,,0.0,,,12.86,,0,,0,,,,0,,,0,,0,,,0.0,,,,,,,,,,,,,,,,,,,,,,,,,,,,,21.17,0.0,,,,,,,,,,,,,,,,,,,,0,,0,,0,0.0,0.0,,,,,,,,,,,0,0
S. Simonoski,Stefan Simonoski,-751230,Rockdale Ilinden,Rockdale Ilinden,https://cdn5.wyscout.com/photos/team/public/g14576_120x120.png,New South Wales NPL,"LDMF, LAMF",LDMF,51,LAMF,48,,0,,,0,,2,29,0,0.0,0,0.0,,,Australia,['Australia'],,0,0,False,,,,,,,0.0,,,5.0,,0,,0,,,,0,,,0,,0,,,0.0,,,,,,,,,,,,,,,,,,,,,,,,,,,,,21.42,24.17,,,,,,,,,,,,,,,,,,,,0,,0,,0,0.0,0.0,,,,,,,,,,,0,0
M. Marcic,Michael Marcic,-722241,SD Raiders,SD Raiders,https://cdn5.wyscout.com/photos/team/public/g36030_120x120.png,New South Wales NPL,AMF,AMF,100,,0,,0,,,0,,1,28,0,0.0,0,0.0,,,Australia,['Australia'],unknown,0,0,False,,,,,,,0.0,,,0.0,,1,,0,,,,0,,,0,,0,,,0.0,,,,,,,,,,,,,,,,,,,,,,,,,,,,,14.95,0.0,,,,,,,,,,,,,,,,,,,,0,,0,,0,0.0,0.0,,,,,,,,,,,0,0
L. Orsina,Luke Orsina,-829944,St George City FA,St George City FA,https://cdn5.wyscout.com/photos/team/public/g38544_120x120.png,New South Wales NPL,"LCMF3, RW",LCMF3,57,RW,42,,0,17.0,2008-08-21,0,,2,26,0,0.0,0,0.0,,,Australia,['Australia'],,0,0,False,,,,,,,0.0,,,7.5,,0,,0,,,,0,,,0,,0,,,0.0,,,,,,,,,,,,,,,,,,,,,,,,,,,,,22.82,27.49,,,,,,,,,,,,,,,,,,,,0,,0,,0,0.0,0.0,,,,,,,,,,,0,0
S. Stanic-Floody,Stevan Stanic-Floody,-715575,St. George Saints ,St. George Saints ,https://cdn5.wyscout.com/photos/team/public/g20232_120x120.png,New South Wales NPL,"LW, LB",LW,53,LB,46,,0,22.0,2003-09-29,0,,2,26,0,0.0,0,0.17,,,Australia,['Australia'],,0,0,False,,,,,,,0.0,,,0.0,,0,,0,,,,0,,,0,,0,,,0.0,,,,,,,,,,,,,,,,,,,,,,,,,,,,,15.76,0.0,,,,,,,,,,,,,,,,,,,,0,,0,,0,0.0,0.0,,,,,,,,,,,0,0
G. Hassarati,Georgio Hassarati,-710850,Western Sydney W. U21,Western Sydney W. U21,https://cdn5.wyscout.com/photos/team/public/g23047_120x120.png,New South Wales NPL,"AMF, CF",AMF,71,CF,28,,0,17.0,2009-03-03,0,,2,26,0,0.0,0,0.0,,,Australia,['Australia'],unknown,0,0,False,,,,,,,0.0,,,0.0,,0,,0,,,,0,,,0,,0,,,0.0,,,,,,,,,,,,,,,,,,,,,,,,,,,,,31.85,20.25,,,,,,,,,,,,,,,,,,,,0,,0,,0,0.0,0.0,,,,,,,,,,,0,0
E. Katrib,Emile Katrib,-775168,Western Sydney W. U21,Western Sydney W. U21,https://cdn5.wyscout.com/photos/team/public/g23047_120x120.png,New South Wales NPL,RB,RB,100,,0,,0,17.0,2009-04-02,0,,1,25,0,0.0,0,0.0,,,Australia,['Australia'],unknown,0,0,False,,,,,,,3.75,,,3.75,,0,,0,,,,0,,,0,,0,,,0.0,,,,,,,,,,,,,,,,,,,,,,,,,,,,,20.25,0.0,,,,,,,,,,,,,,,,,,,,0,,0,,0,0.0,0.0,,,,,,,,,,,0,0
J. Monge,Julian Monge,-572073,Marconi Stallions,Marconi Stallions,https://cdn5.wyscout.com/photos/team/public/g146_120x120.png,New South Wales NPL,"RDMF, CF, LCMF",RDMF,54,CF,28,LCMF,17,,,0,,3,25,0,0.0,0,0.0,,,Australia,['Australia'],,0,0,False,,,,,,,0.0,,,12.0,,1,,0,,,,0,,,0,,0,,,0.0,,,,,,,,,,,,,,,,,,,,,,,,,,,,,20.78,19.06,,,,,,,,,,,,,,,,,,,,0,,0,,0,0.0,0.0,,,,,,,,,,,0,0
J. Gavanas,Jonathan Gavanas,-827365,Sydney United,Sydney United,https://cdn5.wyscout.com/photos/team/public/g154_120x120.png,New South Wales NPL,RW,RW,100,,0,,0,,,0,,1,24,0,0.0,0,0.0,,,Australia,['Australia'],,0,0,False,,,,,,,3.75,,,3.75,,1,,0,,,,0,,,0,,0,,,0.0,,,,,,,,,,,,,,,,,,,,,,,,,,,,,20.26,30.43,,,,,,,,,,,,,,,,,,,,0,,0,,0,0.0,0.0,,,,,,,,,,,0,0
H. Donghwa,Ham Donghwa,-772256,SD Raiders,SD Raiders,https://cdn5.wyscout.com/photos/team/public/g36030_120x120.png,New South Wales NPL,"RW, LCMF",RW,68,LCMF,31,,0,20.0,2006-03-14,0,,2,22,0,0.0,0,0.0,,,Australia,['Australia'],,0,0,False,,,,,,,15.0,,,7.5,,0,,0,,,,0,,,0,,0,,,0.0,,,,,,,,,,,,,,,,,,,,,,,,,,,,,16.37,15.37,,,,,,,,,,,,,,,,,,,,0,,0,,0,0.0,0.0,,,,,,,,,,,0,0
Cristian Lombardo,Cristian Lombardo,-826888,APIA Leichhardt Tigers,APIA Leichhardt Tigers,https://cdn5.wyscout.com/photos/team/public/g10487_120x120.png,New South Wales NPL,RW,RW,100,,0,,0,18.0,2007-08-25,0,,1,16,0,0.38,0,0.0,,,Australia,['Australia'],,0,0,False,,,,,,,7.5,,,0.0,,0,,0,,,,0,,,0,,2,,,0.0,,,,,,,,,,,,,,,,,,,,,,,,,,,,,19.16,0.0,,,,,,,,,,,,,,,,,,,,0,,0,,0,0.0,0.0,,,,,,,,,,,0,0
N. Robson,Nate Robson,-554686,Western Sydney W. U21,Western Sydney W. U21,https://cdn5.wyscout.com/photos/team/public/g23047_120x120.png,New South Wales NPL,RCMF,RCMF,100,,0,,0,17.0,2009-02-01,0,,1,16,0,0.0,0,0.0,,,Australia,['Australia'],unknown,0,0,False,,,,,,,0.0,,,0.0,,0,,0,,,,0,,,0,,0,,,0.0,,,,,,,,,,,,,,,,,,,,,,,,,,,,,16.84,0.0,,,,,,,,,,,,,,,,,,,,0,,0,,0,0.0,0.0,,,,,,,,,,,0,0
M. Marcevski,Michael  Marcevski,-453793,Rockdale Ilinden,Rockdale Ilinden,https://cdn5.wyscout.com/photos/team/public/g14576_120x120.png,New South Wales NPL,"RB, AMF",RB,51,AMF,48,,0,21.0,2004-10-20,0,,2,15,0,0.0,0,0.0,,,Australia,['Australia'],,0,0,False,,,,,,,0.0,,,10.0,,0,,0,,,,0,,,0,,0,,,0.0,,,,,,,,,,,,,,,,,,,,,,,,,,,,,19.74,19.6,,,,,,,,,,,,,,,,,,,,0,,0,,0,0.0,0.0,,,,,,,,,,,0,0
M. Linton,Max Linton,-811469,Wollongong Wolves,Wollongong Wolves,https://cdn5.wyscout.com/photos/team/public/g155_120x120.png,New South Wales NPL,CF,CF,100,,0,,0,,,0,,1,13,0,0.0,0,0.0,,,Australia,['Australia'],,0,0,False,,,,,,,0.0,,,0.0,,0,,0,,,,0,,,0,,0,,,0.0,,,,,,,,,,,,,,,,,,,,,,,,,,,,,10.14,0.0,,,,,,,,,,,,,,,,,,,,0,,0,,0,0.0,0.0,,,,,,,,,,,0,0
A. Rizzo,Antonio Rizzo,-215088,APIA Leichhardt Tigers,APIA Leichhardt Tigers,https://cdn5.wyscout.com/photos/team/public/g10487_120x120.png,New South Wales NPL,CF,CF,100,,0,,0,21.0,2005-01-01,0,2026-06-30,1,12,0,0.0,0,0.0,,,Australia,['Australia'],unknown,183,73,False,,,,,,,0.0,,,0.0,,0,,0,,,,0,,,0,,0,,,0.0,,,,,,,,,,,,,,,,,,,,,,,,,,,,,14.16,0.0,,,,,,,,,,,,,,,,,,,,0,,0,,0,0.0,0.0,,,,,,,,,,,0,0
L. Henderson,Lachlan Henderson,-567332,Western Sydney Wanderers FC II,Western Sydney W. U21,https://cdn5.wyscout.com/photos/team/public/g-12669_120x120.png,,RW,RW,100,,0,,0,19.0,2007-01-01,0,,1,12,0,0.0,0,0.0,,,Australia,['Australia'],,0,0,False,,,,,,,0.0,,,7.5,,1,,0,,,,0,,,0,,0,,,0.0,,,,,,,,,,,,,,,,,,,,,,,,,,,,,28.16,53.4,,,,,,,,,,,,,,,,,,,,0,,0,,0,0.0,0.0,,,,,,,,,,,0,0
M. Martincich,Max Martincich,-829945,St George City FA,St George City FA,https://cdn5.wyscout.com/photos/team/public/g38544_120x120.png,New South Wales NPL,RB,RB,100,,0,,0,,,0,,1,11,0,0.0,0,0.0,,,,[],,0,0,False,,,,,,,0.0,,,10.0,,0,,0,,,,0,,,0,,0,,,0.0,,,,,,,,,,,,,,,,,,,,,,,,,,,,,19.97,41.89,,,,,,,,,,,,,,,,,,,,0,,0,,0,0.0,0.0,,,,,,,,,,,0,0
D. McHugh,Daniel McHugh,-554454,Blacktown City,Blacktown City,https://cdn5.wyscout.com/photos/team/public/g10489_120x120.png,New South Wales NPL,RCB3,RCB3,100,,0,,0,19.0,2007-01-03,0,,1,11,0,0.0,0,0.0,,,Australia,['Australia'],unknown,0,0,False,,,,,,,0.0,,,15.0,,0,,0,,,,0,,,0,,0,,,0.0,,,,,,,,,,,,,,,,,,,,,,,,,,,,,22.29,43.76,,,,,,,,,,,,,,,,,,,,0,,0,,0,0.0,0.0,,,,,,,,,,,0,0
D. Petratos,Dimi Petratos,-186236,Marconi Stallions,Marconi Stallions,https://cdn5.wyscout.com/photos/team/public/g146_120x120.png,New South Wales NPL,CF,CF,100,,0,,0,26.0,1999-08-07,0,,1,9,0,0.0,0,0.0,,,Australia,['Australia'],,0,0,False,,,,,,,0.0,,,0.0,,0,,0,,,,0,,,0,,0,,,0.0,,,,,,,,,,,,,,,,,,,,,,,,,,,,,22.14,0.0,,,,,,,,,,,,,,,,,,,,0,,0,,0,0.0,0.0,,,,,,,,,,,0,0
T. Demito,Taj Demito,-554119,Wollongong Wolves,Wollongong Wolves,https://cdn5.wyscout.com/photos/team/public/g155_120x120.png,New South Wales NPL,AMF,AMF,100,,0,,0,18.0,2007-08-01,0,,1,9,0,0.0,0,0.0,,,Australia,['Australia'],unknown,0,0,False,,,,,,,0.0,,,0.0,,0,,0,,,,0,,,0,,0,,,0.0,,,,,,,,,,,,,,,,,,,,,,,,,,,,,15.01,0.0,,,,,,,,,,,,,,,,,,,,0,,0,,0,0.0,0.0,,,,,,,,,,,0,0
D. Osei,Daniel Osei,-841131,Marconi Stallions,Marconi Stallions,https://cdn5.wyscout.com/photos/team/public/g146_120x120.png,New South Wales NPL,LW,LW,100,,0,,0,,,0,,1,8,0,0.0,0,0.0,,,Ghana,['Ghana'],,0,0,False,,,,,,,0.0,,,0.0,,0,,0,,,,0,,,0,,0,,,0.0,,,,,,,,,,,,,,,,,,,,,,,,,,,,,14.41,0.0,,,,,,,,,,,,,,,,,,,,0,,0,,0,0.0,0.0,,,,,,,,,,,0,0
Z. Harrison,Zac Harrison,-554725,Sydney FC II,Sydney FC II,https://cdn5.wyscout.com/photos/team/public/g-12408_120x120.png,New South Wales NPL,RCB,RCB,100,,0,,0,17.0,2008-03-17,0,,1,7,0,0.0,0,0.0,,,Australia,['Australia'],unknown,0,0,False,,,,,,,0.0,,,0.0,,0,,0,,,,0,,,0,,0,,,0.0,,,,,,,,,,,,,,,,,,,,,,,,,,,,,0.0,0.0,,,,,,,,,,,,,,,,,,,,0,,0,,0,0.0,0.0,,,,,,,,,,,0,0
J. Douglas,John  Douglas,-822742,Manly United,Manly United,https://cdn5.wyscout.com/photos/team/public/g10491_120x120.png,New South Wales NPL,RDMF,RDMF,100,,0,,0,,,0,,1,7,0,0.0,0,0.0,,,,[],,0,0,False,,,,,,,0.0,,,0.0,,0,,0,,,,0,,,0,,0,,,0.0,,,,,,,,,,,,,,,,,,,,,,,,,,,,,23.26,34.53,,,,,,,,,,,,,,,,,,,,0,,0,,0,0.0,0.0,,,,,,,,,,,0,0
O. Stanic,Olivier Stanic,-811648,UNSW,UNSW,https://cdn5.wyscout.com/photos/team/public/g33621_120x120.png,New South Wales NPL,LCMF,LCMF,100,,0,,0,,,0,,1,6,0,0.0,0,0.0,,,Australia,['Australia'],unknown,0,0,False,,,,,,,0.0,,,0.0,,0,,0,,,,0,,,0,,0,,,0.0,,,,,,,,,,,,,,,,,,,,,,,,,,,,,18.44,0.0,,,,,,,,,,,,,,,,,,,,0,,0,,0,0.0,0.0,,,,,,,,,,,0,0
P. Kasawaya,Pearson Kasawaya,-364961,Marconi Stallions,Marconi Stallions,https://cdn5.wyscout.com/photos/team/public/g146_120x120.png,New South Wales NPL,CF,CF,100,,0,,0,19.0,2006-10-14,0,,1,4,0,0.0,0,0.0,,,Australia,['Australia'],left,181,0,False,,,,,,,0.0,,,0.0,,0,,0,,,,0,,,0,,0,,,0.0,,,,,,,,,,,,,,,,,,,,,,,,,,,,,8.06,0.0,,,,,,,,,,,,,,,,,,,,0,,0,,0,0.0,0.0,,,,,,,,,,,0,0
J. Christie,Jude Christie,-724778,Wollongong Wolves,Wollongong Wolves,https://cdn5.wyscout.com/photos/team/public/g155_120x120.png,New South Wales NPL,CF,CF,100,,0,,0,,,0,,1,3,0,0.0,0,0.0,,,Australia,['Australia'],,0,0,False,,,,,,,0.0,,,0.0,,0,,0,,,,0,,,0,,0,,,0.0,,,,,,,,,,,,,,,,,,,,,,,,,,,,,4.67,0.0,,,,,,,,,,,,,,,,,,,,0,,0,,0,0.0,0.0,,,,,,,,,,,0,0
M. Buratto,Max Buratto,-409089,Sydney United,Sydney United,https://cdn5.wyscout.com/photos/team/public/g154_120x120.png,New South Wales NPL,LW,LW,100,,0,,0,20.0,2005-12-05,0,,1,2,0,0.0,0,0.0,,,Australia,['Australia'],unknown,0,0,False,,,,,,,0.0,,,0.0,,0,,0,,,,0,,,0,,0,,,0.0,,,,,,,,,,,,,,,,,,,,,,,,,,,,,0.0,0.0,,,,,,,,,,,,,,,,,,,,0,,0,,0,0.0,0.0,,,,,,,,,,,0,0
