Player,Full name,Wyscout id,Team,Team within selected timeframe,Team logo,Competition,Position,Primary position,"Primary position, %",Secondary position,"Secondary position, %",Third position,"Third position, %",Age,Birthday,Market value,Contract expires,Matches played,Minutes played,Goals,xG,Assists,xA,Duels per 90,"Duels won, %",Birth country,Passport country,Foot,Height,Weight,On loan,Successful defensive actions per 90,Defensive duels per 90,"Defensive duels won, %",Aerial duels per 90,"Aerial duels won, %",Sliding tackles per 90,PAdj Sliding tackles,Shots blocked per 90,Interceptions per 90,PAdj Interceptions,Fouls per 90,Yellow cards,Yellow cards per 90,Red cards,Red cards per 90,Successful attacking actions per 90,Goals per 90,Non-penalty goals,Non-penalty goals per 90,xG per 90,Head goals,Head goals per 90,Shots,Shots per 90,"Shots on target, %","Goal conversion, %",Assists per 90,Crosses per 90,"Accurate crosses, %",Crosses from left flank per 90,"Accurate crosses from left flank, %",Crosses from right flank per 90,"Accurate crosses from right flank, %",Crosses to goalie box per 90,Dribbles per 90,"Successful dribbles, %",Offensive duels per 90,"Offensive duels won, %",Touches in box per 90,Progressive runs per 90,Accelerations per 90,Received passes per 90,Received long passes per 90,Fouls suffered per 90,Passes per 90,"Accurate passes, %",Forward passes per 90,"Accurate forward passes, %",Back passes per 90,"Accurate back passes, %",Short / medium passes per 90,"Accurate short / medium passes, %",Long passes per 90,"Accurate long passes, %","Average pass length, m","Average long pass length, m",xA per 90,Shot assists per 90,Second assists per 90,Third assists per 90,Smart passes per 90,"Accurate smart passes, %",Key passes per 90,Passes to final third per 90,"Accurate passes to final third, %",Passes to penalty area per 90,"Accurate passes to penalty area, %",Through passes per 90,"Accurate through passes, %",Deep completions per 90,Deep completed crosses per 90,Progressive passes per 90,"Accurate progressive passes, %","Accurate vertical passes, %",Vertical passes per 90,Conceded goals,Conceded goals per 90,Shots against,Shots against per 90,Clean sheets,"Save rate, %",xG against,xG against per 90,Prevented goals,Prevented goals per 90,Back passes received as GK per 90,Exits per 90,Aerial duels per 90,Free kicks per 90,Direct free kicks per 90,"Direct free kicks on target, %",Corners per 90,Penalties taken,"Penalty conversion, %"
M. Córdova,Matías Córdova Espinel,-60963,Comerciantes Unidos,Comerciantes Unidos,https://cdn5.wyscout.com/photos/team/public/g17195_120x120.png,Primera División,GK,GK,100,,0,,0,24.0,2002-05-06,100000,2027-12-31,24,2433,0,0.0,0,0.0,0.44,91.67,Peru,['Peru'],right,195,84,False,0.55,0.07,50.0,0.22,100.0,0.0,0.0,0.0,0.52,0.84,0.0,3,0.11,0,0.0,0.0,0.0,0,0.0,0.0,0,0.0,0,0.0,0.0,0.0,0.0,0.0,0.0,0.0,0.0,0.0,0.0,0.0,0.0,0.0,0.11,100.0,0.0,0.0,0.0,6.18,0.15,0.26,11.95,78.95,6.18,62.87,0.0,0.0,7.95,95.35,3.96,46.73,34.58,50.33,0.0,0.0,0.04,0.0,0.0,0.0,0.0,1.5899999999999999,41.86,0.11,0.0,0.07,0.0,0.0,0.0,3.22,58.62,96.6,5.44,33,1.22,108,4.0,5,69.44,30.32,1.12,-2.68,-0.099,0.0,1.4100000000000001,0.22,,,,0.0,0,0.0
M. Vega,Matías Alejandro Vega,59265,Juan Pablo II College,Juan Pablo II College,https://cdn5.wyscout.com/photos/team/public/g-23170_120x120.png,Primera División,GK,GK,100,,0,,0,40.0,1986-04-18,25000,2026-12-31,24,2432,0,0.0,0,0.0,0.93,80.0,Argentina,['Argentina'],right,191,79,False,1.33,0.19,40.0,0.48,92.31,0.04,0.05,0.0,1.22,1.76,0.0,1,0.04,0,0.0,0.04,0.0,0,0.0,0.0,0,0.0,0,0.0,0.0,0.0,0.0,0.0,0.0,0.0,0.0,0.0,0.0,0.0,0.04,100.0,0.19,100.0,0.0,0.0,0.0,5.11,0.11,0.37,11.77,72.01,8.33,64.44,0.0,0.0,5.11,94.93,6.59,54.49,39.16,50.56,0.0,0.0,0.0,0.04,0.0,0.0,0.0,1.92,46.15,0.07,0.0,0.04,0.0,0.0,0.0,4.96,66.42,90.12,3.0,50,1.85,133,4.92,2,62.41,46.17,1.71,-3.83,-0.14200000000000002,0.0,1.5899999999999999,0.48,,,,0.0,0,0.0
R. Tapia,Rodrigo Ernesto Tapia,432114,Atlético Grau,Atlético Grau,https://cdn5.wyscout.com/photos/team/public/3746_120x120.png,Primera División,"RCB3, RCB, RB",RCB3,38,RCB,34,RB,24,31.0,1994-09-28,250000,2026-12-31,24,2411,1,0.37,0,0.34,9.82,60.46,Argentina,['Argentina'],right,184,82,False,9.56,5.34,61.54,2.5,59.7,0.52,0.71,0.45,5.75,7.86,0.9,3,0.11,0,0.0,0.41000000000000003,0.04,1,0.04,0.01,1,0.04,6,0.22,33.33,16.667,0.0,0.49,53.85,0.0,0.0,0.49,53.85,0.04,0.07,100.0,0.63,58.82,0.52,0.26,0.04,20.27,0.6000000000000001,0.34,33.6,80.33,18.29,72.65,2.8,92.0,27.59,87.01,5.52,49.32,21.18,36.94,0.01,0.37,0.0,0.0,0.0,0.0,0.11,5.15,68.12,0.86,60.87,0.11,66.67,0.26,0.26,9.26,68.55,91.25,8.96,0,,0,,0,0.0,0.0,0.0,,,1.49,,2.5,0.0,0.0,0.0,0.0,0,0.0
P. Zubczuk,Patrick Sergei Zubczuk Meléndez,349869,Deportivo Garcilaso,Deportivo Garcilaso,https://cdn5.wyscout.com/photos/team/public/g37890_120x120.png,Primera División,GK,GK,100,,0,,0,31.0,1995-02-21,425000,2027-12-31,24,2405,0,0.0,0,0.03,0.67,88.89,Peru,"['Peru', 'Argentina']",right,188,78,False,0.64,0.11,66.67,0.30000000000000004,100.0,0.0,0.0,0.0,0.56,0.79,0.04,0,0.0,0,0.0,0.0,0.0,0,0.0,0.0,0,0.0,0,0.0,0.0,0.0,0.0,0.0,0.0,0.0,0.0,0.0,0.0,0.0,0.0,0.0,0.15,100.0,0.0,0.0,0.0,9.06,0.19,0.15,16.39,79.45,10.29,68.36,0.0,0.0,9.17,97.96,7.22,55.96,37.96,54.79,0.0,0.04,0.0,0.0,0.0,0.0,0.04,2.58,42.03,0.45,0.0,0.26,14.29,0.0,0.0,4.94,72.73,97.95,5.46,21,0.79,104,3.89,10,79.81,27.55,1.03,6.55,0.245,0.0,1.98,0.30000000000000004,,,,0.0,0,0.0
D. Enriquez,Diego Mauricio Enriquez Gutierrez,-60964,Sporting Cristal,Sporting Cristal,https://cdn5.wyscout.com/photos/team/public/541_120x120.png,Primera División,GK,GK,100,,0,,0,24.0,2002-01-24,0,2027-12-31,24,2404,0,0.0,0,0.0,0.41000000000000003,54.55,Peru,['Peru'],right,183,76,False,0.9400000000000001,0.19,20.0,0.07,100.0,0.04,0.06,0.0,0.86,1.46,0.0,0,0.0,0,0.0,0.0,0.0,0,0.0,0.0,0,0.0,0,0.0,0.0,0.0,0.0,0.0,0.0,0.0,0.0,0.0,0.0,0.0,0.0,0.0,0.07,100.0,0.0,0.0,0.0,13.85,0.22,0.07,21.68,92.92,8.91,84.45,0.11,100.0,17.37,98.92,4.27,69.3,26.91,40.97,0.0,0.0,0.0,0.0,0.0,0.0,0.0,0.79,42.86,0.04,0.0,0.04,100.0,0.0,0.0,3.11,74.7,99.05,11.83,38,1.42,113,4.23,4,66.37,32.64,1.22,-5.36,-0.201,0.0,0.79,0.07,,,,0.0,0,0.0
A. Zamudio,Ángel Gustavo Zamudio Chávez,404023,Sport Huancayo,Sport Huancayo,https://cdn5.wyscout.com/photos/team/public/1671_120x120.png,Primera División,GK,GK,100,,0,,0,29.0,1997-04-21,500000,2027-12-31,24,2392,0,0.0,0,0.0,0.38,100.0,Peru,['Peru'],right,185,79,False,1.13,0.15,100.0,0.19,100.0,0.0,0.0,0.0,0.98,1.43,0.04,2,0.08,0,0.0,0.0,0.0,0,0.0,0.0,0,0.0,0,0.0,0.0,0.0,0.0,0.0,0.0,0.0,0.0,0.0,0.0,0.0,0.0,0.0,0.0,0.0,0.0,0.0,0.0,7.0,0.15,0.11,13.96,84.37,8.35,78.38,0.0,0.0,9.18,99.18,4.74,56.35,32.6,45.84,0.0,0.0,0.0,0.04,0.0,0.0,0.0,1.17,51.61,0.08,0.0,0.11,0.0,0.04,0.0,3.76,71.0,93.43,5.15,41,1.54,104,3.91,4,60.58,33.83,1.27,-7.17,-0.27,0.0,0.8300000000000001,0.19,,,,0.0,0,0.0
A. Gómez,Agustín Gómez,492658,Deportivo Garcilaso,Deportivo Garcilaso,https://cdn5.wyscout.com/photos/team/public/g37890_120x120.png,Primera División,"LCB, RCB",LCB,50,RCB,44,,0,30.0,1996-08-28,0,2026-12-31,24,2382,0,1.72,0,0.01,8.99,60.5,Argentina,['Argentina'],both,187,84,False,9.03,3.63,66.67,3.48,55.43,0.11,0.16,0.72,6.5,9.1,0.53,2,0.08,0,0.0,0.23,0.0,0,0.0,0.06,0,0.0,11,0.42,9.09,0.0,0.0,0.04,0.0,0.0,0.0,0.04,0.0,0.0,0.26,71.43,0.8300000000000001,68.18,0.53,0.30000000000000004,0.11,18.93,0.23,0.23,32.64,78.36,15.34,63.55,1.1,82.76,26.75,86.58,5.86,41.29,23.58,45.39,0.0,0.04,0.0,0.0,0.0,0.0,0.0,3.7,36.73,0.49,7.69,0.26,42.86,0.08,0.0,6.08,52.8,94.03,13.3,0,,0,,0,0.0,0.0,0.0,,,0.72,,3.48,0.0,0.0,0.0,0.0,0,0.0
M. Gaona,Marcelo Enrique Gaona Flores,-60898,Sport Huancayo,Sport Huancayo,https://cdn5.wyscout.com/photos/team/public/1671_120x120.png,Primera División,"RCB, LCB",RCB,74,LCB,13,,0,27.0,1999-03-26,325000,2028-12-31,24,2360,0,0.66,1,0.25,9.72,61.57,Peru,['Peru'],right,180,73,False,8.31,3.7,74.23,4.54,52.1,0.42,0.62,0.5,5.15,7.5600000000000005,0.65,4,0.15,0,0.0,0.19,0.0,0,0.0,0.03,0,0.0,7,0.27,28.57,0.0,0.04,0.15,50.0,0.04,0.0,0.11,66.67,0.0,0.04,100.0,0.53,50.0,0.5,0.11,0.08,19.14,0.5,0.15,33.25,84.52,14.26,72.19,1.6800000000000002,93.18,27.88,90.83,5.26,51.45,22.84,41.08,0.01,0.11,0.0,0.0,0.0,0.0,0.08,4.19,60.0,0.5,23.08,0.27,28.57,0.15,0.08,6.06,67.92,96.83,14.45,0,,0,,0,0.0,0.0,0.0,,,1.26,,4.54,0.0,0.0,0.0,0.0,0,0.0
R. Salcedo,Ricardo Enrique Salcedo Smith,116021,Sport Huancayo,Sport Huancayo,https://cdn5.wyscout.com/photos/team/public/1671_120x120.png,Primera División,"DMF, LDMF, LCMF",DMF,32,LDMF,30,LCMF,23,36.0,1990-03-23,225000,2026-12-31,24,2329,1,1.57,1,0.18,14.61,56.61,Peru,['Peru'],right,175,70,False,9.39,7.84,64.04,1.51,43.59,0.85,1.23,0.23,3.52,5.1,1.78,5,0.19,1,0.04,0.66,0.04,1,0.04,0.06,0,0.0,17,0.66,29.41,5.882,0.04,0.23,0.0,0.12,0.0,0.12,0.0,0.12,0.7000000000000001,66.67,4.13,46.73,0.39,0.7000000000000001,0.12,18.01,0.35000000000000003,1.12,29.76,86.88,9.97,79.07,3.25,90.48,27.09,90.44,2.47,54.69,17.54,32.16,0.01,0.27,0.04,0.08,0.0,0.0,0.08,4.37,86.73,0.81,57.14,0.04,0.0,0.43,0.0,4.64,70.83,92.12,11.28,0,,0,,0,0.0,0.0,0.0,,,0.15,,1.51,0.0,0.0,0.0,0.0,0,0.0
M. Lliuya,Marcos Alexander Lliuya Campos,420896,UTC Cajamarca,UTC Cajamarca,https://cdn5.wyscout.com/photos/team/public/g6809_120x120.png,Primera División,"AMF, CF, LCMF",AMF,44,CF,24,LCMF,13,34.0,1992-03-27,450000,2026-12-31,24,2292,4,2.38,4,3.87,8.56,46.79,Peru,['Peru'],right,170,71,False,1.34,1.26,59.38,0.12,0.0,0.0,0.0,0.0,0.59,0.91,0.24,2,0.08,0,0.0,2.79,0.16,3,0.12,0.09,0,0.0,46,1.81,39.13,8.696,0.16,1.22,32.26,0.71,33.33,0.51,30.77,0.31,2.32,69.49,6.52,48.8,0.51,1.69,0.12,38.48,1.06,1.18,45.79,83.88,17.55,76.51,5.42,94.93,37.19,89.55,7.42,63.49,19.79,36.99,0.15,2.0,0.04,0.08,0.08,100.0,0.51,12.13,80.26,3.65,40.86,1.34,38.24,1.18,0.47000000000000003,11.11,91.17,88.52,15.39,0,,0,,0,0.0,0.0,0.0,,,0.0,,0.12,1.26,0.43,54.55,2.75,1,100.0
A. Duarte,Alejandro Cristoph Duarte Preuss,180905,Alianza Lima,Alianza Lima,https://cdn5.wyscout.com/photos/team/public/551_120x120.png,Primera División,GK,GK,100,,0,,0,32.0,1994-04-05,450000,2028-12-31,23,2287,0,0.0,0,0.0,0.39,90.0,Peru,"['Peru', 'Germany']",right,183,79,False,0.71,0.0,0.0,0.16,100.0,0.0,0.0,0.0,0.71,1.2,0.0,0,0.0,0,0.0,0.0,0.0,0,0.0,0.0,0,0.0,0,0.0,0.0,0.0,0.0,0.0,0.0,0.0,0.0,0.0,0.0,0.0,0.0,0.0,0.2,80.0,0.0,0.0,0.04,10.23,0.43,0.2,18.97,93.15,8.26,87.14,0.04,100.0,15.03,97.91,3.94,75.0,28.7,42.42,0.0,0.0,0.0,0.0,0.0,0.0,0.0,0.87,59.09,0.04,0.0,0.0,0.0,0.0,0.0,3.15,75.0,99.6,9.92,14,0.55,69,2.7199999999999998,10,79.71,14.11,0.56,0.11,0.004,0.0,1.02,0.16,,,,0.0,0,0.0
C. Pimienta,Carlos Daniel Pimienta Cotto,323104,Los Chankas,Los Chankas,https://cdn5.wyscout.com/photos/team/public/g32259_120x120.png,Primera División,"CB, RCB3, LCB3",CB,39,RCB3,32,LCB3,13,34.0,1992-01-19,150000,2026-12-31,23,2278,1,0.62,0,0.01,9.36,60.34,Uruguay,['Uruguay'],right,185,82,False,6.32,3.2,71.6,4.15,60.0,0.32,0.46,0.47000000000000003,3.71,5.38,0.63,4,0.16,1,0.04,0.32,0.04,1,0.04,0.02,0,0.0,16,0.63,31.25,6.25,0.0,0.28,42.86,0.12,33.33,0.16,50.0,0.04,0.0,0.0,0.71,55.56,0.4,0.2,0.04,21.53,0.47000000000000003,0.47000000000000003,33.15,81.17,16.0,70.37,1.3,100.0,26.51,89.27,6.36,49.07,23.41,41.03,0.0,0.04,0.04,0.0,0.0,0.0,0.0,4.39,52.25,0.8300000000000001,33.33,0.16,25.0,0.2,0.16,6.6,64.07,91.42,13.35,0,,0,,0,0.0,0.0,0.0,,,0.4,,4.15,0.0,0.0,0.0,0.0,0,0.0
O. Mora,Oslimg Roberto Mora Pasache,-63166,Sport Boys,Sport Boys,https://cdn5.wyscout.com/photos/team/public/552_120x120.png,Primera División,"RB, LDMF, DMF",RB,29,LDMF,18,DMF,15,27.0,1999-06-02,400000,2027-12-31,24,2248,1,1.05,0,1.01,10.29,57.2,Peru,['Peru'],right,171,70,False,5.24,3.76,65.96,0.84,23.81,0.16,0.25,0.04,2.6,4.1,0.68,2,0.08,0,0.0,1.32,0.04,1,0.04,0.04,0,0.0,26,1.04,23.08,3.846,0.0,0.6000000000000001,53.33,0.04,100.0,0.56,50.0,0.12,1.12,64.29,4.8,58.33,0.48,1.3599999999999999,0.08,28.19,0.52,1.12,39.56,89.17,13.61,81.76,5.5600000000000005,95.68,36.07,92.23,2.92,58.9,18.02,34.88,0.04,0.68,0.04,0.0,0.2,20.0,0.2,6.21,81.94,1.56,51.28,0.2,20.0,0.68,0.28,7.37,80.43,93.06,14.41,0,,0,,0,0.0,0.0,0.0,,,0.24,,0.84,0.0,0.0,0.0,0.0,0,0.0
O. Takeuchi,Oshiro Carlos Takeuchi Bambaren,395784,Los Chankas,Los Chankas,https://cdn5.wyscout.com/photos/team/public/g32259_120x120.png,Primera División,"RWB, RB5, RW",RWB,48,RB5,27,RW,18,31.0,1994-10-13,300000,2027-12-31,24,2231,3,3.74,1,2.74,7.66,40.53,Peru,"['Peru', 'Japan']",right,181,78,False,3.75,2.14,47.17,1.49,59.46,0.04,0.06,0.12,2.7,3.84,0.65,3,0.12,0,0.0,1.6099999999999999,0.12,4,0.16,0.15,3,0.12,30,1.21,33.33,13.333,0.04,2.18,35.19,0.04,100.0,2.1,32.69,0.32,1.01,44.0,3.39,29.76,2.14,1.33,0.24,21.66,1.94,0.4,28.2,80.26,7.99,70.71,4.6,89.47,24.81,86.34,1.29,37.5,17.37,29.56,0.11,0.97,0.0,0.04,0.0,0.0,0.52,2.54,66.67,2.22,41.82,0.12,33.33,0.48,0.77,5.24,76.92,83.33,9.68,0,,0,,0,0.0,0.0,0.0,,,0.12,,1.49,0.0,0.0,0.0,0.0,0,0.0
R. Guarderas,Rafael Nicanor Guarderas Saravia,241172,Atlético Grau,Atlético Grau,https://cdn5.wyscout.com/photos/team/public/3746_120x120.png,Primera División,"LCMF, LDMF, LCMF3",LCMF,43,LDMF,26,LCMF3,12,32.0,1993-09-12,250000,2026-12-31,23,2226,1,0.4,1,1.15,9.1,48.89,Peru,['Peru'],left,176,72,False,5.01,4.12,55.88,1.5,54.05,0.12,0.17,0.24,2.59,3.58,1.21,5,0.2,0,0.0,0.73,0.04,1,0.04,0.02,0,0.0,12,0.49,33.33,8.333,0.04,1.01,32.0,0.97,29.17,0.04,100.0,0.08,0.36,33.33,2.02,28.0,0.53,0.5700000000000001,0.0,23.01,0.49,0.32,35.09,79.38,13.58,68.45,4.45,90.91,29.84,85.09,4.37,49.07,19.09,34.94,0.05,0.73,0.0,0.04,0.16,75.0,0.28,6.27,70.32,1.78,47.73,0.65,37.5,0.61,0.4,7.32,74.59,88.01,11.81,0,,0,,0,0.0,0.0,0.0,,,0.49,,1.5,0.0,0.0,0.0,0.04,0,0.0
H. Camacho,Hairo José Camacho Cumpa,247766,Los Chankas,Los Chankas,https://cdn5.wyscout.com/photos/team/public/g32259_120x120.png,Primera División,GK,GK,100,,0,,0,32.0,1994-04-05,200000,2026-12-31,22,2212,0,0.0,0,0.0,0.41000000000000003,80.0,Peru,['Peru'],right,185,77,False,0.9,0.08,0.0,0.16,100.0,0.0,0.0,0.0,0.9,1.31,0.04,1,0.04,0,0.0,0.0,0.0,0,0.0,0.0,0,0.0,0,0.0,0.0,0.0,0.0,0.0,0.0,0.0,0.0,0.0,0.0,0.0,0.0,0.0,0.08,100.0,0.0,0.0,0.0,5.86,0.12,0.12,11.72,80.56,6.51,67.5,0.0,0.0,7.24,98.31,4.48,51.82,34.72,49.01,0.0,0.0,0.0,0.0,0.0,0.0,0.0,1.1,48.15,0.16,0.0,0.08,0.0,0.0,0.0,2.9699999999999998,64.38,96.69,4.92,33,1.34,103,4.19,6,67.96,34.71,1.4100000000000001,1.71,0.07,0.0,1.42,0.16,,,,0.0,0,0.0
P. Álvarez,Patricio Leonel Álvarez Noguera,241174,Atlético Grau,Atlético Grau,https://cdn5.wyscout.com/photos/team/public/3746_120x120.png,Primera División,GK,GK,100,,0,,0,32.0,1994-01-24,350000,2026-12-31,22,2210,2,1.52,0,0.0,0.61,66.67,Peru,['Peru'],right,180,74,False,1.06,0.16,25.0,0.24,83.33,0.0,0.0,0.0,1.02,1.3900000000000001,0.0,0,0.0,0,0.0,0.12,0.08,0,0.0,0.06,0,0.0,2,0.08,100.0,100.0,0.0,0.0,0.0,0.0,0.0,0.0,0.0,0.0,0.04,100.0,0.12,100.0,0.04,0.0,0.0,10.02,0.29,0.12,17.63,84.76,9.24,72.25,0.04,100.0,11.24,98.91,6.39,59.87,34.93,54.23,0.0,0.0,0.0,0.0,0.0,0.0,0.0,2.73,47.76,0.2,20.0,0.16,25.0,0.0,0.0,4.48,77.27,98.95,7.78,22,0.9,113,4.6,8,80.53,25.86,1.05,3.86,0.157,0.0,1.3,0.24,,,,0.0,2,100.0
D. Melián,Diego Melián de León,287318,Sport Boys,Sport Boys,https://cdn5.wyscout.com/photos/team/public/552_120x120.png,Primera División,GK,GK,100,,0,,0,34.0,1991-11-04,300000,2027-12-31,22,2206,0,0.0,0,0.31,0.29,85.71,Uruguay,['Uruguay'],right,186,79,False,0.73,0.0,0.0,0.04,100.0,0.0,0.0,0.0,0.73,1.19,0.0,0,0.0,0,0.0,0.0,0.0,0,0.0,0.0,0,0.0,0,0.0,0.0,0.0,0.0,0.0,0.0,0.0,0.0,0.0,0.0,0.0,0.0,0.0,0.2,80.0,0.0,0.04,0.0,7.14,0.08,0.2,13.42,84.8,7.38,74.03,0.04,100.0,8.65,98.58,4.73,60.34,32.29,51.03,0.01,0.04,0.0,0.0,0.0,0.0,0.04,1.22,43.33,0.04,0.0,0.04,0.0,0.0,0.0,3.18,74.36,97.76,5.47,19,0.78,79,3.22,11,75.95,21.47,0.88,2.47,0.101,0.0,0.8200000000000001,0.04,,,,0.0,0,0.0
A. Arias,Alexis Arias Tuesta,341093,Comerciantes Unidos,Comerciantes Unidos,https://cdn5.wyscout.com/photos/team/public/g17195_120x120.png,Primera División,"LCMF, LDMF, RDMF",LCMF,32,LDMF,28,RDMF,21,30.0,1995-12-13,650000,,24,2203,0,0.7000000000000001,1,1.8399999999999999,8.87,52.53,Peru,['Peru'],right,164,64,False,6.21,3.92,66.67,1.02,44.0,0.33,0.53,0.33,3.27,5.27,0.41000000000000003,2,0.08,0,0.0,0.9400000000000001,0.0,0,0.0,0.03,0,0.0,23,0.9400000000000001,30.43,0.0,0.04,1.1400000000000001,28.57,0.37,55.56,0.78,15.79,0.08,0.33,75.0,2.66,41.54,0.65,0.53,0.04,30.19,0.37,0.9400000000000001,42.9,81.9,16.55,74.07,3.47,84.71,33.25,88.33,8.58,63.81,21.96,37.91,0.08,1.02,0.04,0.0,0.08,100.0,0.49,9.23,69.03,2.29,51.79,0.86,71.43,1.06,0.41000000000000003,8.87,80.65,90.02,17.61,0,,0,,0,0.0,0.0,0.0,,,0.08,,1.02,0.12,0.0,0.0,0.04,0,0.0
C. Fara,Cain Jair Fara,470847,Universitario,Universitario,https://cdn5.wyscout.com/photos/team/public/540_120x120.png,Primera División,"RCB3, RCB",RCB3,67,RCB,20,,0,32.0,1994-03-06,125000,2026-12-31,23,2190,2,1.07,1,0.5,11.1,62.22,Argentina,['Argentina'],right,184,78,False,7.6,4.19,69.61,3.0,60.27,0.58,0.84,0.33,4.11,5.99,0.78,3,0.12,0,0.0,1.15,0.08,2,0.08,0.04,1,0.04,18,0.74,27.78,11.111,0.04,0.99,33.33,0.12,33.33,0.86,33.33,0.04,0.7000000000000001,88.24,1.8900000000000001,60.87,0.86,1.19,0.08,22.73,0.9,0.78,33.45,82.56,15.49,76.39,2.22,96.3,27.86,89.82,4.68,50.0,21.2,43.09,0.02,0.21,0.04,0.0,0.0,0.0,0.16,5.63,69.34,1.27,25.81,0.41000000000000003,30.0,0.25,0.25,7.07,73.26,85.24,11.14,0,,0,,0,0.0,0.0,0.0,,,0.9,,3.0,0.0,0.0,0.0,0.0,0,0.0
J. Rodríguez Silva,Juan José Rodríguez Silva,-124481,Comerciantes Unidos,Comerciantes Unidos,https://cdn5.wyscout.com/photos/team/public/g17195_120x120.png,Primera División,"LCB, LCB3",LCB,61,LCB3,34,,0,29.0,1996-12-13,10000,2026-12-31,22,2180,3,2.35,1,0.44,11.77,58.6,Uruguay,['Uruguay'],left,184,80,False,7.39,3.55,63.95,4.71,64.91,0.12,0.2,0.74,5.0,8.21,1.07,11,0.45,1,0.04,0.87,0.12,3,0.12,0.1,2,0.08,29,1.2,27.59,10.345,0.04,0.41000000000000003,50.0,0.21,80.0,0.17,25.0,0.04,0.41000000000000003,80.0,1.8599999999999999,51.11,1.24,0.45,0.04,20.06,0.5,0.5,31.79,81.43,14.74,69.19,1.53,91.89,25.64,89.53,5.78,47.86,24.55,45.9,0.02,0.12,0.0,0.04,0.0,0.0,0.08,5.12,54.84,0.54,23.08,0.29,14.29,0.04,0.21,6.48,69.43,93.38,13.09,0,,0,,0,0.0,0.0,0.0,,,0.91,,4.71,0.04,0.0,0.0,0.0,0,0.0
B. Duarte,Bruno Ezequiel Duarte,485743,UTC Cajamarca,UTC Cajamarca,https://cdn5.wyscout.com/photos/team/public/g6809_120x120.png,Primera División,LCB,LCB,83,,0,,0,31.0,1995-06-20,0,,22,2177,2,1.35,1,0.5,10.29,69.88,Argentina,['Argentina'],right,190,79,False,8.14,3.31,73.75,5.71,73.19,0.37,0.5700000000000001,0.58,5.33,8.18,0.79,8,0.33,1,0.04,0.21,0.08,2,0.08,0.06,2,0.08,14,0.58,35.71,14.286,0.04,0.08,0.0,0.04,0.0,0.04,0.0,0.08,0.0,0.0,0.37,44.44,1.12,0.12,0.0,16.5,0.21,0.5,27.7,86.57,11.91,78.47,0.9500000000000001,100.0,24.89,90.37,2.73,54.55,20.8,31.34,0.02,0.08,0.0,0.0,0.0,0.0,0.08,1.4100000000000001,58.82,0.21,20.0,0.04,0.0,0.17,0.0,4.26,56.31,95.08,12.61,0,,0,,0,0.0,0.0,0.0,,,0.74,,5.71,0.0,0.0,0.0,0.0,0,0.0
R. Vilca,Rodrigo Gary Vilca Betetta,-108987,Comerciantes Unidos,Comerciantes Unidos,https://cdn5.wyscout.com/photos/team/public/g17195_120x120.png,Primera División,"AMF, LWF, LAMF",AMF,36,LWF,17,LAMF,16,27.0,1999-03-12,200000,2027-11-30,24,2168,5,4.47,5,3.61,15.61,45.48,Peru,"['Peru', 'Spain']",right,175,70,False,3.65,3.61,55.17,1.16,25.0,0.04,0.07,0.08,1.62,2.61,0.87,2,0.08,0,0.0,2.8200000000000003,0.21,3,0.12,0.19,0,0.0,54,2.24,33.33,9.259,0.21,1.16,42.86,0.62,40.0,0.54,46.15,0.12,3.32,47.5,9.3,45.98,1.2,1.29,0.12,19.88,1.4100000000000001,2.03,26.19,82.25,6.48,65.38,5.94,92.31,22.79,87.8,2.32,46.43,19.73,32.83,0.15,1.6600000000000001,0.08,0.0,0.08,0.0,0.46,3.86,68.82,2.03,55.1,0.66,31.25,1.04,0.54,3.65,76.14,87.93,9.63,0,,0,,0,0.0,0.0,0.0,,,0.08,,1.16,1.37,0.17,0.0,2.03,2,100.0
L. Advíncula,Luis Jan Piers Advíncula Castrillón,76412,Alianza Lima,Alianza Lima,https://cdn5.wyscout.com/photos/team/public/551_120x120.png,Primera División,RB,RB,78,,0,,0,36.0,1990-03-02,1000000,2027-12-31,23,2167,0,0.6000000000000001,1,1.5,12.54,47.68,Peru,['Peru'],right,180,80,False,4.9,5.15,54.03,1.16,50.0,0.25,0.41000000000000003,0.08,1.87,3.11,1.54,7,0.29,0,0.0,1.7000000000000002,0.0,0,0.0,0.02,0,0.0,17,0.71,23.53,0.0,0.04,2.5300000000000002,29.51,0.0,0.0,2.5300000000000002,29.51,0.29,1.29,61.29,4.73,41.23,1.0,1.58,0.46,22.63,2.33,0.87,30.07,83.56,8.8,76.42,5.48,96.97,24.25,91.61,3.32,65.0,21.53,37.6,0.06,0.54,0.0,0.08,0.0,0.0,0.42,3.61,72.41,2.5300000000000002,42.62,0.12,33.33,0.46,0.79,5.9,80.99,83.0,10.26,0,,0,,0,0.0,0.0,0.0,,,1.12,,1.16,0.0,0.0,0.0,0.0,0,0.0
R. Garcés,Renzo Renato Garcés Mori,290712,Alianza Lima,Alianza Lima,https://cdn5.wyscout.com/photos/team/public/551_120x120.png,Primera División,"RCB, CB, LCB",RCB,73,CB,16,LCB,10,30.0,1996-06-12,800000,2028-12-31,22,2142,5,2.74,2,0.52,10.42,59.68,Peru,['Peru'],right,180,76,False,5.88,3.61,62.79,3.45,56.1,0.21,0.34,0.55,3.4,5.55,1.13,8,0.34,0,0.0,0.71,0.21,5,0.21,0.12,3,0.13,13,0.55,46.15,38.462,0.08,0.25,66.67,0.0,0.0,0.25,66.67,0.0,0.34,87.5,1.6800000000000002,67.5,0.8,1.22,0.08,28.24,0.59,1.3,40.76,90.52,16.39,83.59,1.76,95.24,34.92,94.71,5.59,65.41,21.75,38.13,0.02,0.21,0.08,0.0,0.0,0.0,0.17,5.71,74.26,0.92,63.64,0.25,50.0,0.46,0.17,8.11,82.9,95.92,18.53,0,,0,,0,0.0,0.0,0.0,,,1.26,,3.45,0.0,0.0,0.0,0.0,0,0.0
P. Díaz,Pedro Anthony Díaz Mendoza,473262,Cusco,Cusco,https://cdn5.wyscout.com/photos/team/public/3745_120x120.png,Primera División,GK,GK,100,,0,,0,28.0,1998-04-21,0,2028-12-31,22,2115,0,0.0,0,0.0,0.43,80.0,Peru,['Peru'],right,185,78,False,0.85,0.09,0.0,0.26,100.0,0.0,0.0,0.0,0.85,1.3599999999999999,0.09,3,0.13,1,0.04,0.0,0.0,0,0.0,0.0,0,0.0,0,0.0,0.0,0.0,0.0,0.0,0.0,0.0,0.0,0.0,0.0,0.0,0.0,0.0,0.04,100.0,0.0,0.0,0.0,16.09,0.30000000000000004,0.13,23.4,88.0,12.34,80.34,0.04,100.0,16.72,97.96,6.64,63.46,31.29,50.23,0.0,0.0,0.0,0.0,0.0,0.0,0.0,1.62,42.11,0.09,50.0,0.09,50.0,0.0,0.0,4.38,66.02,97.19,10.6,29,1.23,105,4.47,4,72.38,24.67,1.05,-4.33,-0.184,0.0,1.87,0.26,,,,0.0,0,0.0
C. Grados,Carlos Alfonso Grados Heredia,328477,CD Moquegua,CD Moquegua,https://cdn5.wyscout.com/photos/team/public/g-25564_120x120.png,Primera División,GK,GK,100,,0,,0,31.0,1995-05-15,450000,2026-12-31,21,2111,0,0.0,0,0.0,0.68,93.75,Peru,['Peru'],right,185,82,False,1.02,0.26,83.33,0.34,100.0,0.0,0.0,0.0,0.81,1.03,0.0,3,0.13,0,0.0,0.0,0.0,0,0.0,0.0,0,0.0,0,0.0,0.0,0.0,0.0,0.0,0.0,0.0,0.0,0.0,0.0,0.0,0.0,0.0,0.09,100.0,0.0,0.0,0.0,6.61,0.09,0.21,13.47,78.48,8.78,69.42,0.0,0.0,7.38,95.95,6.1,57.34,38.07,50.79,0.0,0.0,0.0,0.0,0.0,0.0,0.0,1.79,59.52,0.04,0.0,0.0,0.0,0.0,0.0,4.69,70.91,96.15,4.43,27,1.15,101,4.31,7,73.27,30.11,1.28,3.11,0.133,0.0,1.96,0.34,,,,0.0,0,0.0
A. Polo,Andy Jorman Polo Andrade,180970,Universitario,Universitario,https://cdn5.wyscout.com/photos/team/public/540_120x120.png,Primera División,"RWB, RB5, RB",RWB,44,RB5,31,RB,21,31.0,1994-09-29,0,2026-12-31,22,2110,1,1.3599999999999999,3,2.18,10.58,48.39,Peru,['Peru'],right,173,72,False,4.95,3.33,58.97,1.19,25.0,0.04,0.06,0.17,2.94,4.37,0.38,0,0.0,1,0.04,2.05,0.04,1,0.04,0.06,0,0.0,14,0.6000000000000001,7.14,7.143,0.13,2.56,21.67,0.0,0.0,2.47,22.41,0.38,2.18,66.67,4.73,52.25,2.0,2.3,0.26,28.54,2.09,0.47000000000000003,37.45,81.89,10.45,72.65,7.68,93.89,32.08,88.56,2.9,60.29,17.76,38.73,0.09,0.85,0.04,0.09,0.0,0.0,0.43,3.88,72.53,1.88,36.36,0.21,0.0,0.55,0.55,6.01,76.6,82.01,10.19,0,,0,,0,0.0,0.0,0.0,,,0.30000000000000004,,1.19,0.34,0.0,0.0,1.28,0,0.0
H. Ángeles,Hugo Alexis Ademir Ángeles Chávez,241136,Sport Huancayo,Sport Huancayo,https://cdn5.wyscout.com/photos/team/public/1671_120x120.png,Primera División,LB,LB,94,,0,,0,32.0,1993-12-18,300000,2027-12-31,22,2104,2,1.23,2,1.8399999999999999,11.16,51.72,Peru,['Peru'],left,180,73,False,6.16,4.66,56.88,1.8399999999999999,41.86,0.17,0.25,0.04,3.34,4.96,0.98,7,0.30000000000000004,1,0.04,2.4,0.09,2,0.09,0.05,1,0.04,14,0.6000000000000001,42.86,14.286,0.09,4.19,31.63,4.19,31.63,0.0,0.0,0.34,1.24,65.52,3.42,51.25,0.77,1.03,0.13,26.44,1.4100000000000001,0.9400000000000001,35.12,75.76,14.67,70.55,4.83,94.69,26.39,88.33,4.88,42.98,19.8,38.96,0.08,0.81,0.0,0.04,0.04,0.0,0.6000000000000001,5.95,66.91,4.32,33.66,0.34,12.5,0.30000000000000004,1.37,7.53,78.98,70.8,9.67,0,,0,,0,0.0,0.0,0.0,,,0.17,,1.8399999999999999,0.0,0.0,0.0,0.0,0,0.0
J. Palomino,Jorge Samir Palomino Poma,-404904,Los Chankas,Los Chankas,https://cdn5.wyscout.com/photos/team/public/g32259_120x120.png,Primera División,"DMF, RCMF",DMF,70,RCMF,12,,0,30.0,1995-09-07,0,2026-12-31,22,2103,0,0.2,0,0.46,16.01,56.42,Peru,['Peru'],right,175,73,False,9.67,8.43,56.85,3.0,58.57,1.03,1.5,0.30000000000000004,3.85,5.64,1.8,7,0.30000000000000004,1,0.04,0.77,0.0,0,0.0,0.01,0,0.0,4,0.17,50.0,0.0,0.0,0.39,66.67,0.04,100.0,0.30000000000000004,57.14,0.04,0.56,76.92,3.3,53.25,0.43,0.47000000000000003,0.0,24.27,0.17,0.9,38.86,88.33,11.9,80.58,5.65,93.18,36.33,90.34,2.14,58.0,17.26,33.53,0.02,0.64,0.04,0.0,0.0,0.0,0.13,4.71,82.73,0.56,84.62,0.04,0.0,0.47000000000000003,0.17,5.52,74.42,93.11,15.53,0,,0,,0,0.0,0.0,0.0,,,0.30000000000000004,,3.0,0.0,0.0,0.0,0.0,0,0.0
M. Antoni,Mateo Antoni Pavón,-373404,Alianza Lima,Alianza Lima,https://cdn5.wyscout.com/photos/team/public/551_120x120.png,Primera División,"LCB, LCB3",LCB,84,LCB3,11,,0,23.0,2003-04-22,0,2029-12-31,22,2093,0,0.52,0,0.41000000000000003,11.09,60.85,Uruguay,['Uruguay'],left,181,77,True,7.35,4.52,69.52,3.27,59.21,0.30000000000000004,0.51,0.26,3.91,6.66,0.77,6,0.26,0,0.0,0.52,0.0,0,0.0,0.02,0,0.0,5,0.22,0.0,0.0,0.0,0.47000000000000003,18.18,0.47000000000000003,18.18,0.0,0.0,0.04,0.6000000000000001,71.43,1.8900000000000001,52.27,0.52,1.6800000000000002,0.09,33.2,0.86,0.73,46.27,83.92,20.64,73.54,2.54,98.31,36.94,90.69,8.9,59.42,23.93,44.1,0.02,0.26,0.0,0.04,0.09,0.0,0.17,8.0,64.52,1.2,42.86,0.17,25.0,0.39,0.04,10.23,77.73,94.27,18.02,0,,0,,0,0.0,0.0,0.0,,,0.9,,3.27,0.0,0.0,0.0,0.0,0,0.0
J. Vélez,Jairo David Vélez Cedeño,288382,Alianza Lima,Alianza Lima,https://cdn5.wyscout.com/photos/team/public/551_120x120.png,Primera División,"LCMF3, AMF, RCMF3",LCMF3,34,AMF,17,RCMF3,15,31.0,1995-04-21,700000,2028-12-31,23,2092,4,2.99,4,6.17,20.39,48.31,Ecuador,['Ecuador'],right,174,73,False,6.28,5.89,66.42,2.71,46.03,0.13,0.22,0.04,2.24,3.76,1.2,1,0.04,0,0.0,3.18,0.17,4,0.17,0.13,1,0.04,35,1.51,34.29,11.429,0.17,1.72,40.0,0.9500000000000001,40.91,0.73,35.29,0.26,3.44,56.25,10.07,40.17,2.5,1.5899999999999999,0.26,26.2,1.6800000000000002,1.12,35.88,76.5,12.13,66.67,6.71,92.95,30.42,81.75,3.79,50.0,17.72,36.43,0.27,2.07,0.04,0.13,0.13,33.33,0.65,5.51,67.19,3.23,45.33,0.73,35.29,1.2,0.6900000000000001,5.98,81.29,80.99,10.41,0,,0,,0,0.0,0.0,0.0,,,0.22,,2.71,0.86,0.13,0.0,2.24,0,0.0
Cristiano,Cristiano da Silva Leite,324683,Sporting Cristal,Sporting Cristal,https://cdn5.wyscout.com/photos/team/public/541_120x120.png,Primera División,LB,LB,93,,0,,0,33.0,1993-08-29,650000,2026-12-31,22,2089,0,0.26,1,1.6,11.12,51.55,Brazil,['Brazil'],left,178,78,False,6.12,5.47,52.76,1.38,53.13,0.22,0.36,0.22,3.02,5.04,1.16,2,0.09,0,0.0,2.2800000000000002,0.0,0,0.0,0.01,0,0.0,7,0.30000000000000004,14.29,0.0,0.04,3.19,36.49,3.1,36.11,0.04,100.0,0.6000000000000001,1.46,73.53,3.23,52.0,0.56,1.34,0.17,30.5,2.07,0.8200000000000001,40.28,80.0,15.68,73.63,5.99,94.96,33.04,88.79,4.09,42.11,19.48,44.86,0.07,0.6900000000000001,0.04,0.09,0.04,0.0,0.39,5.34,64.52,3.75,41.38,0.56,30.77,0.43,1.16,8.44,78.06,78.39,11.76,0,,0,,0,0.0,0.0,0.0,,,0.43,,1.38,0.0,0.0,0.0,0.13,0,0.0
E. Perleche,Erick Anthony Perleche Cruzado,-116447,Alianza Atlético,Alianza Atlético,https://cdn5.wyscout.com/photos/team/public/545_120x120.png,Primera División,RB,RB,89,,0,,0,26.0,2000-08-15,325000,2026-12-31,22,2071,1,1.24,1,2.51,12.21,48.04,Peru,['Peru'],right,170,68,False,6.78,5.91,58.09,1.6099999999999999,37.84,0.22,0.28,0.22,3.13,4.07,1.0,2,0.09,0,0.0,1.74,0.04,1,0.04,0.05,0,0.0,8,0.35000000000000003,62.5,12.5,0.04,2.3,39.62,0.04,100.0,2.26,38.46,0.13,1.0,56.52,3.39,42.31,0.56,0.87,0.09,21.86,1.87,0.74,30.25,77.01,11.91,67.88,4.39,88.12,24.12,85.41,4.0,46.74,18.1,38.76,0.11,0.87,0.04,0.13,0.09,50.0,0.52,4.22,68.04,3.13,40.28,0.39,33.33,0.35000000000000003,1.0,7.17,67.27,75.94,8.13,0,,0,,0,0.0,0.0,0.0,,,0.30000000000000004,,1.6099999999999999,0.04,0.0,0.0,0.0,0,0.0
W. Tandazo,Walter Angello Tandazo Silva,-63163,Melgar,Melgar,https://cdn5.wyscout.com/photos/team/public/546_120x120.png,Primera División,"RCMF, RDMF, LDMF",RCMF,33,RDMF,28,LDMF,15,26.0,2000-06-14,550000,2027-12-31,22,2069,0,1.98,0,1.17,7.66,50.57,Peru,['Peru'],right,170,68,False,6.66,4.05,60.22,1.0,26.09,1.0,1.52,0.30000000000000004,3.22,4.89,0.8300000000000001,6,0.26,0,0.0,0.43,0.0,0,0.0,0.09,0,0.0,21,0.91,19.05,0.0,0.0,0.87,15.0,0.04,0.0,0.8300000000000001,15.79,0.04,0.09,100.0,1.26,51.72,0.65,0.22,0.0,33.45,0.5700000000000001,0.43,43.24,84.31,11.79,72.69,7.57,91.95,38.63,88.06,3.83,60.23,16.8,36.28,0.05,0.61,0.30000000000000004,0.0,0.09,50.0,0.17,5.35,78.05,1.87,46.51,0.17,50.0,0.74,0.17,6.79,66.67,88.2,16.23,0,,0,,0,0.0,0.0,0.0,,,0.13,,1.0,0.17,0.0,0.0,0.43,0,0.0
C. Enciso,Cristian Ramón Enciso Barreto,304690,CD Moquegua,CD Moquegua,https://cdn5.wyscout.com/photos/team/public/g-25564_120x120.png,Primera División,LCB,LCB,90,,0,,0,35.0,1991-05-12,150000,2026-12-31,22,2064,0,0.11,1,0.14,7.72,66.1,Paraguay,['Paraguay'],,184,85,False,8.2,3.31,72.37,3.14,61.11,0.17,0.22,0.8300000000000001,5.63,7.13,0.52,3,0.13,0,0.0,0.17,0.0,0,0.0,0.0,0,0.0,3,0.13,33.33,0.0,0.04,0.04,0.0,0.04,0.0,0.0,0.0,0.0,0.13,100.0,0.44,80.0,0.48,0.0,0.0,11.38,0.22,0.5700000000000001,21.72,71.69,11.82,59.04,0.74,88.24,15.17,84.77,6.5,41.61,27.13,44.72,0.01,0.04,0.0,0.0,0.0,0.0,0.04,4.06,45.16,0.52,16.67,0.22,20.0,0.13,0.0,6.1,61.43,89.77,7.67,0,,0,,0,0.0,0.0,0.0,,,0.44,,3.14,0.04,0.0,0.0,0.0,0,0.0
G. Díaz,Germán Gastón Díaz,-134761,Alianza Atlético,Alianza Atlético,https://cdn5.wyscout.com/photos/team/public/545_120x120.png,Primera División,"DMF, RDMF, LDMF",DMF,50,RDMF,26,LDMF,14,30.0,1996-06-18,0,,23,2059,1,1.27,1,2.21,13.59,52.41,Argentina,['Argentina'],right,173,67,False,7.5600000000000005,6.64,55.92,1.1400000000000001,46.15,0.22,0.29,0.35000000000000003,3.63,4.79,1.01,2,0.09,1,0.04,1.05,0.04,0,0.0,0.06,0,0.0,18,0.79,27.78,5.556,0.04,0.66,40.0,0.22,60.0,0.44,30.0,0.13,1.18,48.15,4.11,46.81,0.26,0.7000000000000001,0.13,31.91,0.26,0.87,47.43,79.63,20.5,66.74,3.58,92.68,37.5,86.01,9.27,56.6,22.45,42.79,0.1,0.96,0.0,0.0,0.04,0.0,0.31,10.27,61.7,2.27,34.62,0.87,10.0,0.61,0.17,10.45,78.24,89.95,18.71,0,,0,,0,0.0,0.0,0.0,,,0.17,,1.1400000000000001,0.74,0.09,50.0,0.74,1,100.0
A. Cossío,Alexis Cossío Zamora,247761,Comerciantes Unidos,Comerciantes Unidos,https://cdn5.wyscout.com/photos/team/public/g17195_120x120.png,Primera División,"LB, LWB",LB,62,LWB,25,,0,31.0,1995-02-11,300000,2026-12-31,22,2057,1,0.51,2,1.62,9.19,57.14,Peru,['Peru'],left,186,79,False,6.83,4.11,59.57,2.63,61.67,0.35000000000000003,0.5700000000000001,0.44,4.03,6.54,0.61,3,0.13,0,0.0,1.75,0.04,1,0.04,0.02,0,0.0,15,0.66,46.67,6.667,0.09,4.03,30.43,4.03,30.43,0.0,0.0,0.39,0.35000000000000003,62.5,1.75,50.0,0.7000000000000001,0.48,0.0,20.96,2.32,0.66,30.63,72.71,11.11,66.93,4.16,95.79,22.45,85.38,4.38,45.0,24.48,43.83,0.07,0.66,0.0,0.04,0.0,0.0,0.44,3.94,63.33,4.16,40.0,0.35000000000000003,37.5,0.74,1.31,7.18,70.12,69.96,11.07,0,,0,,0,0.0,0.0,0.0,,,0.31,,2.63,0.22,0.04,100.0,0.13,0,0.0
E. Castillo,Eryc Leonel Castillo Arroyo,279622,Alianza Lima,Alianza Lima,https://cdn5.wyscout.com/photos/team/public/551_120x120.png,Primera División,"CF, LAMF, LW",CF,62,LAMF,14,LW,13,31.0,1995-02-05,600000,2028-12-31,23,2054,15,13.48,3,0.97,13.8,40.95,Ecuador,['Ecuador'],right,178,80,False,2.23,1.75,57.5,1.53,31.43,0.04,0.07,0.04,1.18,1.98,0.88,2,0.09,1,0.04,3.64,0.66,15,0.66,0.59,2,0.09,75,3.29,42.67,20.0,0.13,1.31,26.67,0.74,29.41,0.5700000000000001,23.08,0.18,3.15,59.72,8.89,40.89,4.64,2.19,0.44,15.73,2.32,0.88,17.75,76.05,2.67,60.66,4.73,90.74,15.95,79.95,0.5700000000000001,69.23,15.79,13.29,0.04,0.74,0.09,0.0,0.09,0.0,0.35000000000000003,1.49,73.53,1.75,52.5,0.09,0.0,1.05,0.35000000000000003,1.88,81.4,74.83,6.27,0,,0,,0,0.0,0.0,0.0,,,0.0,,1.53,0.09,0.0,0.0,0.13,0,0.0
C. Garcés,Carlos John Garcés Acosta,282462,Cienciano,Cienciano,https://cdn5.wyscout.com/photos/team/public/542_120x120.png,Primera División,CF,CF,99,,0,,0,36.0,1990-03-01,300000,2026-12-31,24,2048,13,11.66,1,2.21,16.04,44.38,Ecuador,['Ecuador'],right,186,78,False,2.99,1.9300000000000002,63.64,9.32,42.45,0.09,0.15,0.09,1.67,2.81,0.92,6,0.26,0,0.0,1.4100000000000001,0.5700000000000001,12,0.53,0.51,8,0.35000000000000003,63,2.77,44.44,20.635,0.04,0.18,25.0,0.04,0.0,0.09,50.0,0.09,0.31,42.86,2.68,44.26,4.44,0.09,0.0,8.31,2.24,1.23,9.84,71.43,2.5,50.88,2.42,85.45,9.27,72.51,0.44,60.0,14.55,11.83,0.1,0.53,0.04,0.0,0.0,0.0,0.26,1.27,68.97,0.53,25.0,0.0,0.0,0.35000000000000003,0.04,0.88,80.0,78.46,2.86,0,,0,,0,0.0,0.0,0.0,,,0.09,,9.32,0.0,0.0,0.0,0.0,2,50.0
Esteban Pavez,Esteban Andrés Pavez Suazo,75811,Alianza Lima,Alianza Lima,https://cdn5.wyscout.com/photos/team/public/551_120x120.png,Primera División,"DMF, RDMF",DMF,73,RDMF,10,,0,36.0,1990-05-01,550000,2026-12-31,21,2045,1,0.51,2,0.59,7.26,64.24,Chile,['Chile'],right,180,76,False,6.6,3.7,70.24,1.01,60.87,0.7000000000000001,1.17,0.0,3.3,5.46,0.48,2,0.09,0,0.0,0.75,0.04,1,0.04,0.02,0,0.0,21,0.92,33.33,4.7620000000000005,0.09,0.26,50.0,0.09,50.0,0.18,50.0,0.0,0.31,85.71,1.23,60.71,0.44,0.97,0.0,39.34,0.13,0.31,52.64,90.55,17.25,81.38,4.62,97.14,47.0,93.54,5.37,66.39,20.47,37.22,0.03,0.35000000000000003,0.09,0.0,0.18,25.0,0.22,10.03,81.58,1.28,55.17,0.31,42.86,0.7000000000000001,0.13,9.73,86.43,95.79,25.09,0,,0,,0,0.0,0.0,0.0,,,0.79,,1.01,0.0,0.0,0.0,0.0,0,0.0
R. Chipao,Ricardo Felix Chipao Falcón,-436492,CD Moquegua,CD Moquegua,https://cdn5.wyscout.com/photos/team/public/g-25564_120x120.png,Primera División,"LDMF, LCMF, DMF",LDMF,38,LCMF,23,DMF,17,29.0,1997-04-20,0,2026-12-31,23,2027,2,1.07,2,1.34,13.59,60.13,Peru,['Peru'],unknown,0,0,False,11.63,6.22,65.0,3.77,61.18,1.07,1.34,0.49,6.53,8.2,1.02,5,0.22,0,0.0,0.18,0.09,2,0.09,0.05,1,0.04,11,0.49,27.27,18.182,0.09,0.13,0.0,0.04,0.0,0.09,0.0,0.0,0.18,25.0,1.9100000000000001,46.51,0.31,0.22,0.0,15.63,0.22,1.02,28.42,82.81,11.41,72.37,3.37,93.42,25.49,87.46,2.8,44.44,18.5,33.82,0.06,0.36,0.0,0.0,0.04,0.0,0.13,4.71,64.15,0.71,43.75,0.27,33.33,0.31,0.0,4.93,73.87,88.79,9.5,0,,0,,0,0.0,0.0,0.0,,,0.53,,3.77,0.0,0.0,0.0,0.0,0,0.0
M. Lazo,Matías Fernando Lazo Zapata,-158404,Melgar,Melgar,https://cdn5.wyscout.com/photos/team/public/546_120x120.png,Primera División,"RB, RCB3",RB,79,RCB3,14,,0,23.0,2003-07-11,0,,22,2019,0,1.46,1,1.2,13.55,63.82,Peru,['Peru'],,0,0,False,8.51,6.06,67.65,2.5,62.5,0.13,0.2,0.31,4.28,6.47,1.03,4,0.18,0,0.0,1.07,0.0,0,0.0,0.07,0,0.0,5,0.22,0.0,0.0,0.04,0.76,52.94,0.0,0.0,0.76,52.94,0.0,1.11,60.0,3.43,59.74,1.25,0.98,0.13,39.54,0.98,1.2,49.7,87.44,22.73,82.16,3.21,86.11,43.91,92.89,5.08,44.74,18.29,38.05,0.05,0.4,0.0,0.04,0.04,0.0,0.4,8.34,78.61,1.16,38.46,0.31,0.0,0.18,0.45,9.23,79.71,94.41,16.76,0,,0,,0,0.0,0.0,0.0,,,0.58,,2.5,0.0,0.0,0.0,0.0,0,0.0
A. Gordillo,Anthony Manuel Alberto Gordillo Vásquez,330158,Alianza Atlético,Alianza Atlético,https://cdn5.wyscout.com/photos/team/public/545_120x120.png,Primera División,LB,LB,95,,0,,0,32.0,1994-04-30,325000,2026-12-31,22,2018,0,0.37,1,1.87,11.11,51.81,Peru,['Peru'],left,174,70,False,7.85,5.13,60.0,1.92,46.51,0.27,0.35000000000000003,0.22,4.5,5.92,0.71,5,0.22,0,0.0,1.25,0.0,0,0.0,0.02,0,0.0,15,0.67,20.0,0.0,0.04,2.41,29.63,2.36,30.19,0.04,0.0,0.18,0.71,56.25,2.63,40.68,0.54,0.58,0.04,18.55,2.14,0.58,25.33,75.88,10.44,68.38,3.08,92.75,19.04,86.42,4.06,51.65,20.22,36.52,0.08,0.62,0.04,0.0,0.0,0.0,0.36,3.21,59.72,2.27,29.41,0.4,55.56,0.36,0.76,5.22,62.39,73.53,7.58,0,,0,,0,0.0,0.0,0.0,,,0.18,,1.92,0.18,0.0,0.0,0.36,0,0.0
N. Da Campo,Hernán Nicolás Da Campo,391031,Sport Boys,Sport Boys,https://cdn5.wyscout.com/photos/team/public/552_120x120.png,Primera División,"RDMF, LDMF, LCMF",RDMF,24,LDMF,15,LCMF,15,32.0,1994-08-06,175000,2027-12-31,22,2011,2,2.08,0,0.91,15.13,62.72,Argentina,['Argentina'],right,181,70,False,9.04,6.4,66.43,2.6,65.52,0.18,0.28,0.27,4.61,7.3,1.3,5,0.22,1,0.04,1.79,0.09,2,0.09,0.09,0,0.0,30,1.34,23.33,6.667,0.0,1.03,52.17,0.27,33.33,0.76,58.82,0.27,1.12,84.0,4.3,58.33,1.12,1.7000000000000002,0.09,24.03,0.13,1.3900000000000001,36.21,80.59,11.99,69.4,6.0,95.52,30.3,85.38,4.92,56.36,19.04,39.25,0.04,0.36,0.04,0.04,0.04,0.0,0.27,6.36,67.61,2.06,45.65,0.45,20.0,0.72,0.58,6.67,78.52,85.76,12.89,0,,0,,0,0.0,0.0,0.0,,,0.22,,2.6,0.13,0.0,0.0,0.0,0,0.0
A. Muñoz,Adolfo Alejandro Muñoz Cervantes,401814,UTC Cajamarca,UTC Cajamarca,https://cdn5.wyscout.com/photos/team/public/g6809_120x120.png,Primera División,"LAMF, LW",LAMF,44,LW,28,,0,28.0,1997-12-12,300000,,23,2002,3,3.14,2,2.96,13.26,38.31,Ecuador,['Ecuador'],right,166,60,False,4.68,3.87,55.81,1.98,34.09,0.13,0.21,0.04,2.38,3.66,0.58,4,0.18,1,0.04,2.29,0.13,3,0.13,0.14,0,0.0,27,1.21,48.15,11.111,0.09,1.75,35.9,1.6600000000000001,35.14,0.09,50.0,0.36,1.9300000000000002,53.49,5.84,31.54,2.74,1.57,0.22,20.72,2.43,0.67,26.84,76.55,7.1,67.72,4.54,91.09,22.93,82.16,2.2,51.02,16.88,29.52,0.13,0.99,0.18,0.0,0.04,100.0,0.49,3.46,68.83,2.43,44.44,0.27,66.67,1.03,0.67,4.18,70.97,75.93,9.71,0,,0,,0,0.0,0.0,0.0,,,0.04,,1.98,0.0,0.0,0.0,0.13,0,0.0
Á. Ampuero,Álvaro Ampuero García Rossell,195986,Cusco,Cusco,https://cdn5.wyscout.com/photos/team/public/3745_120x120.png,Primera División,"LCB, LB, LCB3",LCB,56,LB,13,LCB3,11,33.0,1992-09-25,250000,2026-12-31,20,1982,1,2.05,0,0.38,9.08,53.0,Peru,"['Peru', 'Italy']",left,183,77,False,5.72,2.91,56.25,3.5,42.86,0.18,0.29,0.77,3.91,6.19,0.54,1,0.05,0,0.0,0.86,0.05,1,0.05,0.09,0,0.0,14,0.64,28.57,7.143,0.0,0.73,50.0,0.64,50.0,0.05,100.0,0.05,0.45,70.0,1.45,62.5,0.73,1.0,0.09,34.24,0.91,0.36,45.68,90.26,16.03,82.72,3.5,94.81,40.41,94.83,4.59,56.44,22.41,43.37,0.02,0.27,0.0,0.05,0.0,0.0,0.23,3.81,67.86,0.9500000000000001,57.14,0.18,50.0,0.05,0.32,7.04,75.48,96.4,21.43,0,,0,,0,0.0,0.0,0.0,,,1.77,,3.5,0.0,0.0,0.0,0.0,0,0.0
L. Acevedo,Lucas Javier Acevedo,254937,Atlético Grau,Atlético Grau,https://cdn5.wyscout.com/photos/team/public/3746_120x120.png,Primera División,"CB, RCB, LCB",CB,43,RCB,30,LCB,25,34.0,1991-11-08,150000,2026-12-31,22,1976,1,1.52,0,0.01,12.8,62.28,Argentina,['Argentina'],right,194,97,False,8.11,3.92,65.12,5.51,65.29,0.14,0.19,0.68,5.42,7.41,1.37,3,0.14,2,0.09,0.27,0.05,1,0.05,0.07,1,0.05,11,0.5,27.27,9.091,0.0,0.0,0.0,0.0,0.0,0.0,0.0,0.0,0.14,100.0,0.8200000000000001,55.56,0.59,0.18,0.05,15.71,0.36,0.5,27.15,85.07,10.38,68.86,2.51,96.36,23.55,89.94,3.6,53.16,22.96,41.77,0.0,0.05,0.0,0.0,0.0,0.0,0.0,2.51,56.36,0.23,20.0,0.05,0.0,0.05,0.0,4.87,63.55,96.67,12.3,0,,0,,0,0.0,0.0,0.0,,,1.78,,5.51,0.0,0.0,0.0,0.0,0,0.0
Luis Pérez,Luis Felipe Pérez Valencia,435522,ADT,ADT,https://cdn5.wyscout.com/photos/team/public/g17201_120x120.png,Primera División,"RDMF, DMF, RCMF",RDMF,22,DMF,15,RCMF,13,30.0,1996-05-28,350000,2026-12-31,21,1968,0,1.13,0,0.35000000000000003,11.57,50.99,Colombia,['Colombia'],left,176,73,False,7.82,5.17,58.41,2.52,49.09,0.18,0.33,0.18,4.62,8.39,1.46,5,0.23,1,0.05,0.96,0.0,0,0.0,0.05,0,0.0,29,1.33,27.59,0.0,0.0,0.78,35.29,0.09,0.0,0.6900000000000001,40.0,0.05,0.55,58.33,2.42,39.62,0.6900000000000001,0.64,0.14,34.85,0.73,0.46,45.78,85.81,14.27,73.4,3.89,95.29,38.96,89.44,6.08,69.17,20.79,42.03,0.02,0.59,0.0,0.05,0.05,0.0,0.18,7.23,70.25,1.42,38.71,0.64,50.0,0.23,0.27,7.45,73.62,92.81,20.99,0,,0,,0,0.0,0.0,0.0,,,0.37,,2.52,0.0,0.0,0.0,0.05,0,0.0
E. Canales,Erick Alfredo Canales Colunga,-170127,Deportivo Garcilaso,Deportivo Garcilaso,https://cdn5.wyscout.com/photos/team/public/g37890_120x120.png,Primera División,RB,RB,93,,0,,0,25.0,2001-06-07,325000,2026-12-31,21,1961,0,0.42,0,0.61,10.79,49.79,Peru,['Peru'],right,175,67,False,6.93,5.23,56.14,1.19,42.31,0.23,0.33,0.14,3.76,5.48,1.47,7,0.32,1,0.05,1.74,0.0,0,0.0,0.02,0,0.0,17,0.78,17.65,0.0,0.0,2.16,29.79,0.0,0.0,2.16,29.79,0.05,1.15,80.0,3.21,50.0,0.32,1.97,0.23,19.55,1.47,0.46,29.19,71.38,12.8,60.22,4.13,94.44,21.85,80.88,5.37,48.72,22.8,42.62,0.03,0.32,0.0,0.0,0.05,100.0,0.23,5.69,61.29,2.43,28.3,0.32,42.86,0.23,0.6000000000000001,7.07,70.13,75.54,8.44,0,,0,,0,0.0,0.0,0.0,,,0.6900000000000001,,1.19,0.0,0.0,0.0,0.0,0,0.0
Beto da Silva,Luiz Humberto da Silva Silva,290705,Deportivo Garcilaso,Deportivo Garcilaso,https://cdn5.wyscout.com/photos/team/public/g37890_120x120.png,Primera División,"LAMF, LW, LWF",LAMF,31,LW,22,LWF,15,29.0,1996-12-28,325000,2027-12-31,23,1956,10,7.41,3,1.57,19.14,41.59,Peru,"['Peru', 'Brazil']",right,179,69,False,4.69,3.91,54.12,3.13,33.82,0.14,0.19,0.18,2.44,3.35,0.92,6,0.28,0,0.0,2.76,0.46,7,0.32,0.34,1,0.05,38,1.75,47.37,26.316,0.14,1.01,36.36,0.87,36.84,0.14,33.33,0.14,2.76,55.0,10.77,40.6,2.07,1.33,0.09,19.28,1.8399999999999999,2.39,26.5,80.21,6.44,69.29,5.71,90.32,24.34,82.61,1.33,65.52,15.96,33.1,0.07,0.78,0.0,0.0,0.09,50.0,0.51,2.99,80.0,1.52,51.52,0.14,66.67,0.92,0.37,3.54,80.52,80.93,8.93,0,,0,,0,0.0,0.0,0.0,,,0.0,,3.13,0.0,0.0,0.0,0.0,4,75.0
A. González,Agustín González Pereira,472799,Deportivo Garcilaso,Deportivo Garcilaso,https://cdn5.wyscout.com/photos/team/public/g37890_120x120.png,Primera División,"LDMF, LCMF, LCMF3",LDMF,35,LCMF,21,LCMF3,17,29.0,1997-01-25,350000,2026-12-31,22,1928,0,1.98,2,2.31,14.56,56.73,Uruguay,['Uruguay'],left,174,65,False,7.94,6.63,63.38,1.07,47.83,0.0,0.0,0.14,3.73,5.25,1.49,4,0.19,0,0.0,1.96,0.0,0,0.0,0.09,0,0.0,30,1.4,36.67,0.0,0.09,1.07,34.78,0.98,38.1,0.09,0.0,0.05,1.49,65.63,5.7,52.46,0.98,1.03,0.0,25.72,0.51,1.87,37.3,78.47,14.0,69.33,5.37,88.7,32.82,82.65,3.45,52.7,17.53,32.65,0.11,0.84,0.14,0.0,0.09,100.0,0.47000000000000003,6.12,70.23,1.4,40.0,0.23,40.0,0.37,0.37,6.3,71.85,85.89,11.58,0,,0,,0,0.0,0.0,0.0,,,0.37,,1.07,0.65,0.23,40.0,0.7000000000000001,0,0.0
J. Vidales,Johnny Víctor Vidales Lature,240980,Melgar,Melgar,https://cdn5.wyscout.com/photos/team/public/546_120x120.png,Primera División,"LAMF, CF, AMF",LAMF,24,CF,22,AMF,20,34.0,1992-04-22,300000,2026-12-31,24,1927,11,9.39,1,1.94,14.34,42.02,Peru,['Peru'],right,180,74,False,3.41,2.76,59.32,2.76,27.12,0.05,0.08,0.19,1.73,2.7800000000000002,0.65,1,0.05,0,0.0,3.22,0.51,8,0.37,0.44,1,0.05,36,1.6800000000000002,61.11,30.556,0.05,1.82,38.46,0.84,55.56,0.98,23.81,0.14,2.38,58.82,7.29,41.03,2.62,1.77,0.14,22.89,2.62,1.07,27.0,81.31,6.96,71.81,6.96,95.97,24.29,86.35,1.12,29.17,17.14,23.17,0.09,0.98,0.19,0.05,0.19,50.0,0.56,2.62,75.0,2.34,64.0,0.33,42.86,1.07,0.79,3.83,84.15,79.56,8.45,0,,0,,0,0.0,0.0,0.0,,,0.05,,2.76,0.0,0.0,0.0,0.09,3,100.0
C. Ramos,Carlos Ignacio Ramos Rodríguez,448445,Deportivo Garcilaso,Deportivo Garcilaso,https://cdn5.wyscout.com/photos/team/public/g37890_120x120.png,Primera División,"RDMF, RCMF, RCMF3",RDMF,38,RCMF,24,RCMF3,13,27.0,1999-05-26,200000,2027-12-31,23,1926,1,1.44,1,1.22,12.1,54.05,Venezuela,['Venezuela'],right,178,66,True,7.8,7.62,54.6,1.6400000000000001,60.0,0.09,0.13,0.19,3.55,5.04,1.92,6,0.28,0,0.0,0.56,0.05,1,0.05,0.07,0,0.0,20,0.93,40.0,5.0,0.05,0.47000000000000003,30.0,0.09,0.0,0.37,37.5,0.05,0.28,16.67,1.87,50.0,0.56,0.42,0.05,21.96,0.51,0.93,32.9,80.54,11.59,65.32,5.14,90.0,29.25,83.87,3.27,57.14,18.86,38.95,0.06,0.61,0.05,0.0,0.0,0.0,0.14,5.79,71.77,1.3599999999999999,17.24,0.23,40.0,0.19,0.09,5.75,73.17,91.24,11.73,0,,0,,0,0.0,0.0,0.0,,,0.7000000000000001,,1.6400000000000001,1.4,0.47000000000000003,60.0,0.84,0,0.0
L. Nequecaur,Luciano Nequecaur,304994,Sport Boys,Sport Boys,https://cdn5.wyscout.com/photos/team/public/552_120x120.png,Primera División,CF,CF,100,,0,,0,34.0,1992-07-19,300000,2026-12-31,21,1923,6,7.98,2,0.96,20.17,39.68,Argentina,"['Argentina', 'Italy']",right,193,90,False,3.79,3.42,56.16,5.52,44.07,0.14,0.22,0.19,1.73,2.7,1.31,5,0.23,0,0.0,1.5899999999999999,0.28,5,0.23,0.37,0,0.0,36,1.6800000000000002,47.22,16.667,0.09,0.37,25.0,0.14,0.0,0.23,40.0,0.09,1.45,41.94,8.1,32.95,3.51,0.7000000000000001,0.0,9.64,2.5700000000000003,1.92,14.04,72.0,3.84,54.88,3.56,88.16,12.92,73.91,0.8,64.71,14.9,25.68,0.04,0.56,0.0,0.05,0.14,66.67,0.42,1.4,63.33,1.12,37.5,0.09,100.0,0.98,0.05,1.78,73.68,76.56,3.0,0,,0,,0,0.0,0.0,0.0,,,0.0,,5.52,0.0,0.0,0.0,0.0,3,33.333
J. Durán,Jack Kevin Durán Abán,167036,Juan Pablo II College,Juan Pablo II College,https://cdn5.wyscout.com/photos/team/public/g-23170_120x120.png,Primera División,"LCMF, LCMF3, LDMF",LCMF,29,LCMF3,25,LDMF,10,34.0,1991-12-08,225000,,22,1923,1,0.77,0,1.05,13.24,56.89,Peru,['Peru'],right,165,60,False,4.17,3.0,57.81,1.03,40.91,0.19,0.27,0.19,2.25,3.29,0.75,3,0.14,0,0.0,2.06,0.05,1,0.05,0.04,0,0.0,15,0.7000000000000001,46.67,6.667,0.0,0.9400000000000001,30.0,0.42,44.44,0.47000000000000003,10.0,0.19,1.87,75.0,7.82,59.88,0.37,1.92,0.51,29.91,0.8,2.76,40.62,86.06,11.75,72.51,4.12,96.59,33.93,90.62,5.76,68.29,21.53,43.16,0.05,0.56,0.05,0.0,0.09,50.0,0.23,8.14,70.11,1.54,39.39,0.19,0.0,0.37,0.33,6.83,82.19,92.31,19.47,0,,0,,0,0.0,0.0,0.0,,,0.37,,1.03,0.51,0.05,100.0,0.7000000000000001,0,0.0
H. Riojas,Hansell Argenis Riojas La Rosa,132338,Sport Boys,Sport Boys,https://cdn5.wyscout.com/photos/team/public/552_120x120.png,Primera División,"LCB, RCB, RCB3",LCB,48,RCB,20,RCB3,10,34.0,1991-10-15,175000,2027-12-31,20,1916,2,0.9,0,0.71,11.37,61.16,Peru,['Peru'],right,185,80,False,9.63,4.79,64.71,3.1,51.52,0.33,0.52,0.56,6.2,9.85,0.99,9,0.42,0,0.0,0.33,0.09,1,0.05,0.04,1,0.05,5,0.23,60.0,40.0,0.0,0.23,40.0,0.14,33.33,0.09,50.0,0.05,0.23,40.0,2.02,58.14,0.28,1.3599999999999999,0.05,26.63,0.7000000000000001,0.7000000000000001,41.9,84.87,18.46,74.55,3.24,98.55,35.75,91.46,5.92,46.83,21.08,40.54,0.03,0.23,0.0,0.0,0.05,0.0,0.0,6.06,62.02,0.66,14.29,0.19,0.0,0.05,0.09,7.5600000000000005,74.53,93.07,15.59,0,,0,,0,0.0,0.0,0.0,,,1.55,,3.1,0.05,0.0,0.0,0.0,1,100.0
Y. Zapata,Yorman Zapata Mina,-137152,CD Moquegua,CD Moquegua,https://cdn5.wyscout.com/photos/team/public/g-25564_120x120.png,Primera División,"LAMF, CF, LW",LAMF,39,CF,26,LW,17,26.0,2000-09-01,0,2026-12-31,23,1913,2,2.13,4,2.33,15.85,41.54,Colombia,['Colombia'],right,175,75,False,3.95,4.14,57.95,1.13,12.5,0.05,0.06,0.09,1.51,1.96,1.65,9,0.42,1,0.05,2.96,0.09,2,0.09,0.1,0,0.0,29,1.3599999999999999,41.38,6.897,0.19,2.31,26.53,1.88,27.5,0.38,25.0,0.33,2.63,62.5,7.57,45.34,1.83,1.98,0.42,12.47,1.46,1.51,17.97,72.51,4.28,61.54,3.39,90.28,14.16,83.39,1.69,38.89,19.2,28.3,0.11,1.13,0.05,0.0,0.14,100.0,0.52,2.26,64.58,2.68,29.82,0.33,57.14,0.52,0.8,2.87,73.77,71.03,6.82,0,,0,,0,0.0,0.0,0.0,,,0.0,,1.13,0.05,0.0,0.0,0.14,0,0.0
A. Valera,Alex Eduardo Valera Sandoval,-169380,Universitario,Universitario,https://cdn5.wyscout.com/photos/team/public/540_120x120.png,Primera División,CF,CF,100,,0,,0,30.0,1996-05-16,0,2026-12-31,22,1902,13,13.58,2,2.36,17.74,34.93,Peru,['Peru'],left,183,76,False,1.6099999999999999,1.8900000000000001,40.0,5.39,46.49,0.09,0.14,0.05,0.76,1.12,1.04,1,0.05,0,0.0,2.98,0.62,9,0.43,0.64,5,0.24,77,3.64,41.56,15.584,0.09,1.6600000000000001,40.0,1.09,39.13,0.5700000000000001,41.67,0.14,1.6099999999999999,47.06,8.0,26.04,5.11,1.1400000000000001,0.19,16.28,3.41,0.76,21.1,76.91,3.45,67.12,5.96,90.48,17.79,81.91,1.7000000000000002,58.33,17.33,28.92,0.11,0.9500000000000001,0.05,0.05,0.05,100.0,0.62,1.8,73.68,1.7000000000000002,50.0,0.05,100.0,0.76,0.5700000000000001,2.18,82.61,73.86,7.24,0,,0,,0,0.0,0.0,0.0,,,0.05,,5.39,0.0,0.0,0.0,0.0,3,100.0
A. Fuentes,Aldair Amarildo Fuentes Siguas,471283,Cusco,Cusco,https://cdn5.wyscout.com/photos/team/public/3745_120x120.png,Primera División,"RCB, RCB3",RCB,79,RCB3,20,,0,28.0,1998-01-25,300000,2026-12-31,20,1893,0,1.03,0,0.39,10.6,62.33,Peru,['Peru'],right,191,85,False,7.5600000000000005,4.04,57.65,4.09,69.77,0.43,0.68,0.62,4.8,7.59,1.24,9,0.43,1,0.05,0.19,0.0,0,0.0,0.05,0,0.0,9,0.43,33.33,0.0,0.0,0.0,0.0,0.0,0.0,0.0,0.0,0.0,0.05,100.0,1.1400000000000001,50.0,0.62,0.38,0.0,34.04,0.9500000000000001,0.9,45.5,89.76,21.2,82.96,2.76,96.55,41.55,93.25,3.95,53.01,20.61,41.54,0.02,0.14,0.05,0.0,0.05,0.0,0.05,5.04,68.87,0.48,30.0,0.5700000000000001,50.0,0.19,0.0,7.75,74.23,96.7,17.31,0,,0,,0,0.0,0.0,0.0,,,2.09,,4.09,0.0,0.0,0.0,0.0,0,0.0
F. Torres,Franco Nicolás Torres,-46616,Los Chankas,Los Chankas,https://cdn5.wyscout.com/photos/team/public/g32259_120x120.png,Primera División,CF,CF,83,,0,,0,30.0,1996-08-28,150000,2026-12-31,21,1891,9,6.39,4,2.54,18.66,43.62,Argentina,['Argentina'],right,174,68,False,3.09,3.2800000000000002,63.77,1.9,20.0,0.0,0.0,0.1,1.0,1.47,1.1400000000000001,5,0.24,1,0.05,3.86,0.43,7,0.33,0.30000000000000004,1,0.05,55,2.62,47.27,16.364,0.19,1.57,42.42,0.19,75.0,1.33,35.71,0.29,3.14,57.58,10.8,43.17,2.47,1.33,0.43,19.37,2.5700000000000003,2.67,22.51,65.12,7.23,51.97,3.95,85.54,18.85,69.7,2.09,40.91,18.21,28.78,0.12,1.43,0.05,0.05,0.24,60.0,0.43,3.66,49.35,2.09,47.73,0.38,37.5,0.86,0.62,3.76,79.75,70.92,6.71,0,,0,,0,0.0,0.0,0.0,,,0.0,,1.9,1.24,0.52,54.55,2.05,2,100.0
A. Perleche,Aldair Perleche Romero,303771,CD Moquegua,CD Moquegua,https://cdn5.wyscout.com/photos/team/public/g-25564_120x120.png,Primera División,"RB, LB",RB,70,LB,28,,0,31.0,1995-06-04,275000,2026-12-31,22,1891,0,1.24,0,0.26,11.04,49.57,Peru,['Peru'],right,176,72,False,8.0,6.14,56.59,1.57,33.33,0.67,0.86,0.43,3.86,4.95,1.19,4,0.19,0,0.0,0.81,0.0,0,0.0,0.06,0,0.0,8,0.38,25.0,0.0,0.0,1.52,25.0,0.19,25.0,1.33,25.0,0.19,0.48,70.0,2.09,47.73,0.52,0.52,0.0,13.85,0.86,0.52,21.08,75.62,9.28,67.18,4.0,92.86,16.75,83.52,2.86,55.0,18.79,40.13,0.01,0.24,0.05,0.0,0.0,0.0,0.14,3.05,62.5,1.33,39.29,0.19,50.0,0.14,0.52,4.14,63.22,76.67,4.28,0,,0,,0,0.0,0.0,0.0,,,0.33,,1.57,0.0,0.0,0.0,0.0,0,0.0
J. Valoyes,Jimmy Valoyes Córdoba,303657,Sport Huancayo,Sport Huancayo,https://cdn5.wyscout.com/photos/team/public/1671_120x120.png,Primera División,LCB,LCB,88,,0,,0,39.0,1986-11-30,50000,2026-12-31,20,1889,1,1.98,0,0.68,10.15,59.15,Colombia,['Colombia'],right,190,77,False,6.38,2.33,63.27,3.91,60.98,0.1,0.15,0.62,4.8100000000000005,7.41,0.67,6,0.29,0,0.0,0.52,0.05,1,0.05,0.09,1,0.05,27,1.29,18.52,3.7039999999999997,0.0,0.24,40.0,0.14,33.33,0.1,50.0,0.05,0.24,80.0,1.81,47.37,1.0,0.76,0.1,25.92,0.81,0.76,40.93,82.19,17.87,70.93,3.5700000000000003,92.0,30.21,89.12,10.48,63.18,25.64,43.75,0.03,0.38,0.0,0.0,0.0,0.0,0.19,7.1,63.76,0.62,38.46,0.38,62.5,0.24,0.1,10.62,71.75,91.88,17.01,0,,0,,0,0.0,0.0,0.0,,,2.19,,3.91,0.0,0.0,0.0,0.0,0,0.0
D. Gonzáles,David Martín Gonzáles García,471463,Los Chankas,Los Chankas,https://cdn5.wyscout.com/photos/team/public/g32259_120x120.png,Primera División,LCB3,LCB3,91,,0,,0,29.0,1997-01-17,200000,2026-12-31,21,1889,1,0.7000000000000001,0,0.05,6.57,52.17,Peru,['Peru'],left,176,66,False,5.15,2.5700000000000003,53.7,2.48,46.15,0.19,0.26,0.43,3.5700000000000003,4.95,0.19,1,0.05,0,0.0,0.05,0.05,1,0.05,0.03,1,0.05,3,0.14,33.33,33.333,0.0,0.1,0.0,0.1,0.0,0.0,0.0,0.0,0.1,0.0,0.5700000000000001,41.67,0.14,0.19,0.0,17.2,0.24,0.5700000000000001,27.82,85.27,12.72,77.9,1.48,93.55,23.25,91.6,4.48,54.26,21.91,39.33,0.0,0.1,0.1,0.05,0.0,0.0,0.0,2.24,68.09,0.1,0.0,0.14,33.33,0.0,0.0,5.34,58.93,92.14,10.91,0,,0,,0,0.0,0.0,0.0,,,1.05,,2.48,0.0,0.0,0.0,0.0,0,0.0
M. Sen,Matías Eric Sen,251631,Comerciantes Unidos,Comerciantes Unidos,https://cdn5.wyscout.com/photos/team/public/g17195_120x120.png,Primera División,CF,CF,98,,0,,0,34.0,1991-10-29,325000,2027-12-31,23,1880,9,6.29,1,0.35000000000000003,17.71,37.3,Argentina,['Argentina'],right,184,0,False,2.2,2.01,54.76,8.38,40.57,0.14,0.24,0.14,0.96,1.57,1.6800000000000002,3,0.14,1,0.05,1.53,0.43,8,0.38,0.30000000000000004,4,0.19,55,2.63,47.27,16.364,0.05,0.24,0.0,0.05,0.0,0.19,0.0,0.05,0.72,40.0,4.02,20.24,3.59,0.24,0.0,7.04,2.15,0.62,11.2,73.5,1.6800000000000002,51.43,4.26,93.26,10.68,75.34,0.29,66.67,14.84,6.54,0.02,0.19,0.0,0.0,0.05,0.0,0.19,0.86,50.0,0.34,14.29,0.05,0.0,0.34,0.0,0.72,80.0,63.33,2.87,0,,0,,0,0.0,0.0,0.0,,,0.0,,8.38,0.34,0.34,28.57,0.0,1,100.0
R. Lagos,Ricardo César Lagos Puyén,481379,Cusco,Cusco,https://cdn5.wyscout.com/photos/team/public/3745_120x120.png,Primera División,LB,LB,99,,0,,0,30.0,1996-04-20,500000,2026-12-31,20,1878,0,0.46,3,1.7000000000000002,9.92,54.59,Peru,['Peru'],left,172,70,False,7.38,5.27,58.18,2.06,48.84,0.38,0.56,0.29,3.93,5.72,1.1,4,0.19,1,0.05,0.86,0.0,0,0.0,0.02,0,0.0,9,0.43,22.22,0.0,0.14,1.44,46.67,1.44,46.67,0.0,0.0,0.19,0.29,33.33,1.63,50.0,0.48,0.24,0.0,22.62,1.34,0.67,31.1,78.12,14.81,71.52,3.98,90.36,23.67,85.83,6.23,53.85,21.66,41.42,0.08,0.81,0.0,0.0,0.0,0.0,0.38,5.32,67.57,1.92,47.5,0.34,57.14,0.38,0.72,8.58,73.74,84.27,8.53,0,,0,,0,0.0,0.0,0.0,,,0.24,,2.06,0.81,0.0,0.0,0.58,0,0.0
I. Colman,Iván Leonardo Colman,366789,Cusco,Cusco,https://cdn5.wyscout.com/photos/team/public/3745_120x120.png,Primera División,"AMF, LCMF",AMF,40,LCMF,36,,0,31.0,1995-05-06,400000,2027-12-31,22,1873,5,6.14,2,3.05,12.11,47.22,Argentina,['Argentina'],right,173,68,False,3.94,2.98,64.52,1.35,39.29,0.1,0.16,0.14,1.92,3.19,0.77,7,0.34,0,0.0,2.98,0.24,4,0.19,0.29,1,0.05,42,2.02,47.62,11.905,0.1,2.98,27.42,1.97,21.95,0.91,31.58,0.14,1.92,55.0,6.73,45.0,1.6800000000000002,2.31,0.14,52.09,2.02,1.06,63.76,81.91,21.09,71.75,11.24,94.02,54.3,88.23,6.68,52.52,18.06,35.36,0.15,1.3,0.14,0.0,0.34,42.86,0.72,12.16,73.52,5.57,36.21,1.5899999999999999,27.27,1.3900000000000001,0.8200000000000001,9.03,80.85,82.53,20.9,0,,0,,0,0.0,0.0,0.0,,,0.77,,1.35,0.96,0.1,0.0,1.97,2,50.0
J. Orejuela,Jefferson Gabriel Orejuela Izquierdo,236331,FC Cajamarca,FC Cajamarca,https://cdn5.wyscout.com/photos/team/public/g-25565_120x120.png,Primera División,"RDMF, RCMF, LDMF",RDMF,36,RCMF,29,LDMF,19,33.0,1993-02-14,75000,2026-12-31,21,1871,0,0.21,0,0.61,7.7,56.25,Ecuador,['Ecuador'],right,179,75,False,5.1,3.13,56.92,1.6800000000000002,54.29,0.34,0.47000000000000003,0.29,2.98,4.2,1.11,5,0.24,1,0.05,0.05,0.0,0,0.0,0.01,0,0.0,2,0.1,0.0,0.0,0.0,0.0,0.0,0.0,0.0,0.0,0.0,0.0,0.1,50.0,1.97,53.66,0.0,0.29,0.0,27.61,0.24,0.77,39.88,86.25,12.51,72.69,4.38,94.51,34.83,89.92,5.05,60.95,20.74,37.61,0.03,0.29,0.0,0.0,0.0,0.0,0.1,6.88,68.53,0.63,53.85,0.19,50.0,0.34,0.0,5.96,78.23,93.61,17.32,0,,0,,0,0.0,0.0,0.0,,,0.48,,1.6800000000000002,0.0,0.0,0.0,0.0,0,0.0
A. Hohberg,Alejandro  Hohberg González,230406,Cienciano,Cienciano,https://cdn5.wyscout.com/photos/team/public/542_120x120.png,Primera División,"AMF, CF",AMF,64,CF,14,,0,35.0,1991-08-20,400000,2027-12-31,22,1862,12,13.29,5,4.84,8.41,44.25,Peru,"['Peru', 'Uruguay']",right,169,72,False,2.18,1.69,57.14,1.5,35.48,0.19,0.34,0.0,1.02,1.79,0.34,1,0.05,1,0.05,3.63,0.58,8,0.39,0.64,1,0.05,86,4.16,44.19,13.953,0.24,2.61,37.04,0.92,52.63,1.69,28.57,0.44,1.5,54.84,4.3,42.7,2.61,1.21,0.19,25.04,2.22,0.73,31.51,73.62,9.47,59.18,5.03,96.15,25.09,79.77,3.96,57.32,20.28,42.14,0.23,1.8900000000000001,0.0,0.15,0.1,0.0,0.73,6.38,66.67,3.8200000000000003,41.77,0.44,55.56,1.06,1.02,5.37,89.19,77.06,11.17,0,,0,,0,0.0,0.0,0.0,,,0.34,,1.5,2.32,0.87,55.56,3.05,5,80.0
H. Benincasa,Horacio Cristian Benincasa Olaya,180972,ADT,ADT,https://cdn5.wyscout.com/photos/team/public/g17201_120x120.png,Primera División,"LCB, LB, LCB3",LCB,68,LB,16,LCB3,15,32.0,1994-04-11,300000,2027-12-31,20,1862,0,0.93,0,0.30000000000000004,7.59,60.51,Argentina,"['Argentina', 'Peru']",left,185,79,True,6.77,2.8,58.62,2.85,64.41,0.34,0.5,0.63,4.79,7.09,0.58,3,0.15,0,0.0,0.34,0.0,0,0.0,0.04,0,0.0,7,0.34,28.57,0.0,0.0,0.29,16.67,0.24,20.0,0.05,0.0,0.0,0.29,66.67,0.77,56.25,0.48,0.44,0.05,21.94,0.39,0.29,33.25,84.88,15.47,74.06,2.08,95.35,28.66,91.06,4.35,47.78,21.96,40.84,0.01,0.24,0.0,0.0,0.0,0.0,0.1,3.96,62.2,0.44,11.11,0.19,25.0,0.1,0.05,6.48,71.64,95.06,12.71,0,,0,,0,0.0,0.0,0.0,,,1.69,,2.85,0.0,0.0,0.0,0.0,0,0.0
A. Quiroz,Adrian Paolo Quiroz Figueroa,-61772,Universitario,Universitario,https://cdn5.wyscout.com/photos/team/public/540_120x120.png,Primera División,"RCMF3, LCMF3, LCMF",RCMF3,53,LCMF3,17,LCMF,11,27.0,1999-06-08,0,2028-12-31,23,1861,1,1.04,3,4.51,13.06,41.48,Peru,['Peru'],,0,0,False,4.59,3.24,52.24,1.11,34.78,0.15,0.21,0.19,2.76,3.9699999999999998,0.73,4,0.19,0,0.0,2.42,0.05,1,0.05,0.05,0,0.0,22,1.06,36.36,4.545,0.15,1.98,48.78,1.45,40.0,0.53,72.73,0.24,2.13,47.73,7.3,39.07,0.73,1.6,0.34,32.55,1.26,1.69,41.3,83.14,13.44,73.74,6.38,93.94,34.43,89.33,4.88,53.47,19.6,38.33,0.22,1.8399999999999999,0.05,0.0,0.15,33.33,0.77,8.8,65.93,3.05,46.03,1.16,41.67,0.87,1.06,7.98,83.64,84.95,15.43,0,,0,,0,0.0,0.0,0.0,,,0.15,,1.11,1.11,0.1,50.0,1.55,0,0.0
C. Mejía,Cristian Adrián Mejía Quintanilla,330155,CD Moquegua,CD Moquegua,https://cdn5.wyscout.com/photos/team/public/g-25564_120x120.png,Primera División,"AMF, RDMF, LCMF",AMF,21,RDMF,18,LCMF,14,33.0,1992-12-15,275000,2026-12-31,23,1860,2,2.07,1,0.35000000000000003,9.1,34.04,Peru,['Peru'],right,179,78,False,4.02,3.1,50.0,2.85,23.73,0.1,0.13,0.39,2.37,3.13,0.77,2,0.1,0,0.0,0.24,0.1,2,0.1,0.1,1,0.05,13,0.63,15.38,15.385,0.05,0.77,12.5,0.24,0.0,0.53,18.18,0.1,0.15,33.33,1.98,19.51,1.31,0.24,0.05,12.24,1.16,0.15,20.37,74.58,7.84,59.88,2.08,93.02,16.5,82.4,3.1,48.44,19.93,31.75,0.02,0.29,0.05,0.0,0.0,0.0,0.19,3.44,52.11,1.4,24.14,0.19,25.0,0.24,0.15,3.63,62.67,82.28,7.65,0,,0,,0,0.0,0.0,0.0,,,0.29,,2.85,0.0,0.0,0.0,0.0,0,0.0
K. Becerra,Kevin Steeven Becerra Wila,432286,Cienciano,Cienciano,https://cdn5.wyscout.com/photos/team/public/542_120x120.png,Primera División,"LCB, RCB, LCB3",LCB,63,RCB,14,LCB3,10,30.0,1996-01-05,275000,2026-12-31,20,1857,0,0.34,1,0.09,10.23,63.98,Ecuador,['Ecuador'],right,0,0,False,8.82,4.36,73.33,3.9699999999999998,62.2,0.1,0.16,0.68,5.53,9.12,0.73,0,0.0,0,0.0,0.15,0.0,0,0.0,0.02,0,0.0,7,0.34,14.29,0.0,0.05,0.29,33.33,0.24,20.0,0.05,100.0,0.0,0.0,0.0,0.63,38.46,0.24,0.92,0.05,20.74,0.58,0.24,32.42,81.32,14.2,69.28,2.04,90.48,26.27,90.77,5.86,41.32,24.84,44.26,0.0,0.15,0.1,0.1,0.05,0.0,0.19,6.3,56.92,0.92,31.58,0.24,40.0,0.24,0.15,6.98,71.53,90.85,13.76,0,,0,,0,0.0,0.0,0.0,,,1.55,,3.9699999999999998,0.05,0.0,0.0,0.0,0,0.0
J. Lupu,Joel Hernan Lupu Atoche,-158162,Alianza Atlético,Alianza Atlético,https://cdn5.wyscout.com/photos/team/public/545_120x120.png,Primera División,"RCMF3, RDMF, LDMF",RCMF3,28,RDMF,17,LDMF,15,22.0,2004-01-15,0,2026-12-31,24,1829,2,2.24,2,1.28,11.51,55.13,Peru,['Peru'],,0,0,False,6.99,4.53,59.78,2.26,43.48,0.44,0.59,0.39,3.84,5.1,1.38,5,0.25,0,0.0,0.98,0.1,2,0.1,0.11,0,0.0,13,0.64,30.77,15.385,0.1,0.74,53.33,0.1,100.0,0.64,46.15,0.0,0.49,70.0,3.05,54.84,1.43,0.74,0.1,18.6,0.34,1.33,26.57,81.48,8.32,69.23,3.84,94.87,22.19,86.92,3.69,54.67,18.61,33.65,0.06,0.59,0.05,0.1,0.05,100.0,0.44,3.99,64.2,0.93,47.37,0.25,20.0,0.30000000000000004,0.34,4.18,67.06,86.7,9.99,0,,0,,0,0.0,0.0,0.0,,,0.39,,2.26,0.0,0.0,0.0,0.0,0,0.0
O. Núñez,Orlando Núñez Castillo,-170134,ADT,ADT,https://cdn5.wyscout.com/photos/team/public/g17201_120x120.png,Primera División,"LB, LWB",LB,78,LWB,12,,0,26.0,2000-01-16,325000,2026-12-31,21,1824,0,0.32,0,0.72,13.32,45.19,Peru,['Peru'],left,170,66,False,5.87,4.98,50.5,2.02,41.46,0.25,0.38,0.1,3.11,4.85,1.18,6,0.30000000000000004,0,0.0,1.23,0.0,0,0.0,0.02,0,0.0,6,0.30000000000000004,33.33,0.0,0.0,1.6800000000000002,35.29,1.6800000000000002,35.29,0.0,0.0,0.0,0.79,62.5,4.88,45.45,0.44,0.99,0.05,22.75,2.17,1.92,30.15,80.03,11.3,68.12,6.12,95.97,24.97,87.15,3.7,49.33,18.59,37.55,0.04,0.44,0.05,0.0,0.05,100.0,0.30000000000000004,3.5,63.38,1.97,42.5,0.30000000000000004,66.67,0.35000000000000003,0.6900000000000001,5.97,71.07,80.38,7.8,0,,0,,0,0.0,0.0,0.0,,,0.6900000000000001,,2.02,0.39,0.05,100.0,0.35000000000000003,0,0.0
L. Urruti,Luis Alfredo Urruti Giménez,300683,Sport Boys,Sport Boys,https://cdn5.wyscout.com/photos/team/public/552_120x120.png,Primera División,"LAMF, AMF, CF",LAMF,30,AMF,18,CF,13,33.0,1992-09-11,400000,2026-12-31,22,1820,3,3.85,2,1.6,13.65,38.77,Uruguay,"['Uruguay', 'Peru']",right,172,64,False,3.66,2.8200000000000003,50.88,2.08,33.33,0.45,0.71,0.0,1.78,2.84,0.9400000000000001,5,0.25,1,0.05,2.27,0.15,3,0.15,0.19,2,0.1,37,1.83,35.14,8.108,0.1,2.13,32.56,0.9400000000000001,42.11,1.19,25.0,0.30000000000000004,1.53,58.06,7.47,35.1,3.21,1.43,0.30000000000000004,16.66,2.18,1.78,21.07,70.66,6.63,61.19,3.66,86.49,16.62,77.68,2.37,54.17,18.68,29.93,0.08,0.74,0.15,0.05,0.05,100.0,0.4,3.51,70.42,2.52,39.22,0.30000000000000004,50.0,0.64,0.84,4.1,72.29,69.34,6.77,0,,0,,0,0.0,0.0,0.0,,,0.05,,2.08,0.4,0.05,0.0,0.6900000000000001,0,0.0
R. Lutiger,Rafael Julián Lutiger Vidalón,-60945,Sporting Cristal,Sporting Cristal,https://cdn5.wyscout.com/photos/team/public/541_120x120.png,Primera División,LCB,LCB,87,,0,,0,25.0,2001-07-03,0,2028-12-31,20,1815,1,0.88,0,0.18,9.22,62.37,Peru,"['Peru', 'Switzerland']",left,187,74,False,7.19,3.12,71.43,3.77,63.16,0.0,0.0,0.84,4.96,8.55,0.79,6,0.30000000000000004,0,0.0,0.15,0.05,1,0.05,0.04,1,0.05,7,0.35000000000000003,28.57,14.286,0.0,0.05,0.0,0.05,0.0,0.0,0.0,0.0,0.1,50.0,0.99,45.0,0.45,1.04,0.1,29.6,0.35000000000000003,0.9400000000000001,42.55,90.56,16.81,82.6,2.23,93.33,37.29,94.28,5.21,64.76,21.35,37.2,0.01,0.1,0.05,0.0,0.0,0.0,0.05,4.17,75.0,0.30000000000000004,50.0,0.2,75.0,0.25,0.0,6.74,74.26,96.64,19.19,0,,0,,0,0.0,0.0,0.0,,,1.29,,3.77,0.0,0.0,0.0,0.0,0,0.0
M. Llontop,Mathías Daniel Llontop Díaz,-64468,Sport Boys,Sport Boys,https://cdn5.wyscout.com/photos/team/public/552_120x120.png,Primera División,"LB, LWB",LB,66,LWB,15,,0,24.0,2002-05-22,300000,2026-12-31,20,1812,0,0.71,3,1.88,10.38,46.89,Peru,['Peru'],left,169,60,True,6.06,4.22,51.76,1.79,36.11,0.1,0.15,0.30000000000000004,3.77,5.69,0.89,1,0.05,0,0.0,1.19,0.0,0,0.0,0.04,0,0.0,7,0.35000000000000003,28.57,0.0,0.15,1.8399999999999999,40.54,1.79,38.89,0.05,100.0,0.15,0.55,63.64,2.7800000000000002,50.0,0.89,1.04,0.2,18.13,0.79,0.89,26.03,77.48,9.14,69.02,4.87,94.9,21.41,85.15,2.98,40.0,17.47,33.36,0.09,0.65,0.0,0.0,0.0,0.0,0.45,2.73,61.82,1.79,55.56,0.05,100.0,0.30000000000000004,0.75,4.52,62.64,76.87,7.3,0,,0,,0,0.0,0.0,0.0,,,0.1,,1.79,0.25,0.0,0.0,0.65,0,0.0
Y. Yotún,Víctor Yoshimar Yotún Flores,31571,Sporting Cristal,Sporting Cristal,https://cdn5.wyscout.com/photos/team/public/541_120x120.png,Primera División,"LDMF, LCMF, LCMF3",LDMF,32,LCMF,19,LCMF3,15,36.0,1990-04-07,600000,2026-12-31,20,1810,4,2.5,7,5.88,13.97,49.47,Peru,['Peru'],left,173,68,False,6.5600000000000005,4.97,51.0,2.09,47.62,0.85,1.37,0.15,3.18,5.18,1.3900000000000001,7,0.35000000000000003,0,0.0,1.54,0.2,2,0.1,0.12,1,0.05,24,1.19,25.0,16.667,0.35000000000000003,1.29,30.77,1.19,25.0,0.1,100.0,0.15,1.09,68.18,6.31,48.03,1.19,1.29,0.2,42.86,1.04,1.8900000000000001,54.9,84.87,17.65,75.49,7.66,92.21,47.14,88.61,6.71,67.41,20.18,39.84,0.29,1.54,0.05,0.1,0.15,66.67,0.9,9.7,78.46,3.18,56.25,0.7000000000000001,50.0,1.54,0.45,9.1,79.23,89.76,22.82,0,,0,,0,0.0,0.0,0.0,,,0.6000000000000001,,2.09,0.75,0.0,0.0,1.49,2,100.0
H. Barcos,Hernán Barcos,20270,Sporting Cristal,Sporting Cristal,https://cdn5.wyscout.com/photos/team/public/541_120x120.png,Primera División,CF,CF,99,,0,,0,42.0,1984-04-11,100000,2026-12-31,24,1809,11,6.29,2,1.82,16.47,40.48,Argentina,"['Argentina', 'Peru']",right,189,81,False,2.84,1.74,57.14,5.57,44.64,0.1,0.14,0.0,1.74,2.42,0.7000000000000001,1,0.05,0,0.0,1.69,0.55,10,0.5,0.31,2,0.1,36,1.79,52.78,30.556,0.1,0.8,18.75,0.30000000000000004,33.33,0.45,0.0,0.2,1.29,46.15,6.42,31.78,2.14,0.5,0.05,13.48,1.8399999999999999,0.8,22.14,68.54,7.51,49.01,5.52,89.19,17.86,74.09,3.58,50.0,17.76,31.98,0.09,1.0,0.05,0.0,0.05,0.0,0.7000000000000001,3.98,51.25,2.89,41.38,0.8,18.75,1.24,0.2,3.08,70.97,73.08,6.47,0,,0,,0,0.0,0.0,0.0,,,0.25,,5.57,0.25,0.15,33.33,0.0,2,50.0
M. Alaníz,Diego Martín Alaníz Ávila,282516,Juan Pablo II College,Juan Pablo II College,https://cdn5.wyscout.com/photos/team/public/g-23170_120x120.png,Primera División,"RCMF3, RCMF, CF",RCMF3,29,RCMF,25,CF,11,33.0,1993-02-19,400000,2026-12-31,19,1808,4,3.4,7,4.32,9.31,47.59,Uruguay,['Uruguay'],left,175,67,False,3.43,2.79,50.0,0.6000000000000001,41.67,0.15,0.22,0.1,1.8900000000000001,2.73,0.45,5,0.25,0,0.0,1.94,0.2,2,0.1,0.17,0,0.0,33,1.6400000000000001,36.36,12.121,0.35000000000000003,1.0,70.0,0.35000000000000003,57.14,0.65,76.92,0.1,1.24,48.0,4.78,46.88,1.0,1.54,0.30000000000000004,25.59,1.3900000000000001,1.6400000000000001,32.21,77.28,12.1,61.73,4.38,90.91,26.63,80.93,4.68,58.51,19.79,39.84,0.22,1.54,0.05,0.0,0.2,25.0,0.6000000000000001,6.67,59.7,2.54,52.94,1.1400000000000001,13.04,0.8,0.65,7.22,77.93,88.24,11.0,0,,0,,0,0.0,0.0,0.0,,,0.0,,0.6000000000000001,0.9,0.15,33.33,1.69,2,100.0
J. Concha,Jairo Jair Concha Gonzáles,475482,Universitario,Universitario,https://cdn5.wyscout.com/photos/team/public/540_120x120.png,Primera División,"LCMF3, LCMF, AMF",LCMF3,73,LCMF,11,AMF,10,27.0,1999-05-27,0,2026-12-31,22,1789,3,1.16,6,3.69,14.39,51.05,Peru,['Peru'],right,175,69,False,5.99,4.02,55.0,1.06,38.1,0.45,0.68,0.1,3.32,4.95,0.65,0,0.0,0,0.0,2.67,0.15,3,0.15,0.06,0,0.0,27,1.3599999999999999,22.22,11.111,0.30000000000000004,2.87,33.33,2.26,35.56,0.6000000000000001,25.0,0.1,2.16,53.49,7.95,53.8,0.8,1.26,0.1,34.76,1.51,2.7199999999999998,44.72,80.54,17.0,73.08,5.18,97.09,35.37,88.9,6.89,55.47,20.78,38.89,0.19,1.51,0.1,0.1,0.45,55.56,0.8,10.82,75.35,5.18,48.54,1.71,41.18,1.9100000000000001,0.8,11.22,87.89,81.02,16.7,0,,0,,0,0.0,0.0,0.0,,,0.0,,1.06,0.7000000000000001,0.1,50.0,2.52,0,0.0
J. Lojas,Juan Diego Lojas Solano,69031,CD Moquegua,CD Moquegua,https://cdn5.wyscout.com/photos/team/public/g-25564_120x120.png,Primera División,"RCB, LCB",RCB,82,LCB,12,,0,37.0,1989-04-23,125000,2026-12-31,20,1776,0,0.36,0,0.07,9.22,54.4,Peru,['Peru'],right,188,85,False,7.55,3.45,54.41,3.29,55.38,0.1,0.13,1.11,5.57,7.11,1.27,6,0.30000000000000004,0,0.0,0.05,0.0,0,0.0,0.02,0,0.0,4,0.2,0.0,0.0,0.0,0.0,0.0,0.0,0.0,0.0,0.0,0.0,0.05,100.0,0.61,58.33,0.41000000000000003,0.15,0.0,14.65,0.25,0.71,24.83,82.04,12.42,70.2,1.11,95.45,18.8,91.64,6.03,52.1,25.48,39.7,0.0,0.1,0.0,0.0,0.0,0.0,0.0,3.55,55.71,0.35000000000000003,0.0,0.05,0.0,0.05,0.0,5.88,69.83,95.36,9.83,0,,0,,0,0.0,0.0,0.0,,,0.71,,3.29,0.1,0.0,0.0,0.0,0,0.0
D. Camacho,David Andrés Camacho Valencia,439266,UTC Cajamarca,UTC Cajamarca,https://cdn5.wyscout.com/photos/team/public/g6809_120x120.png,Primera División,"RAMF, CF, RW",RAMF,38,CF,24,RW,22,29.0,1997-06-12,500000,2026-12-31,23,1755,4,4.69,2,1.13,16.51,42.24,Colombia,['Colombia'],right,178,72,False,5.23,5.49,60.75,2.41,34.04,0.1,0.16,0.05,1.79,2.71,1.6400000000000001,2,0.1,1,0.05,1.5899999999999999,0.21,4,0.21,0.24,3,0.15,32,1.6400000000000001,50.0,12.5,0.1,0.67,23.08,0.0,0.0,0.67,23.08,0.05,1.03,55.0,6.67,31.54,2.46,0.87,0.31,17.95,1.74,1.08,23.38,84.87,3.74,75.34,7.18,95.71,22.15,87.04,0.62,75.0,14.31,15.84,0.06,0.8200000000000001,0.0,0.0,0.05,100.0,0.41000000000000003,2.05,67.5,0.87,58.82,0.05,100.0,0.77,0.1,1.6400000000000001,65.63,84.92,6.46,0,,0,,0,0.0,0.0,0.0,,,0.05,,2.41,0.0,0.0,0.0,0.0,0,0.0
J. Valencia,Juan David Valencia Arboleda,192409,ADT,ADT,https://cdn5.wyscout.com/photos/team/public/g17201_120x120.png,Primera División,GK,GK,100,,0,,0,33.0,1993-03-19,200000,2026-12-31,17,1754,0,0.0,0,0.0,0.46,55.56,Colombia,['Colombia'],right,183,75,False,1.18,0.15,33.33,0.15,100.0,0.0,0.0,0.0,1.13,1.98,0.05,3,0.15,0,0.0,0.0,0.0,0,0.0,0.0,0,0.0,0,0.0,0.0,0.0,0.0,0.0,0.0,0.0,0.0,0.0,0.0,0.0,0.0,0.0,0.05,100.0,0.0,0.0,0.0,7.44,0.26,0.1,14.93,81.44,9.44,72.28,0.05,100.0,9.34,99.45,5.59,51.38,35.63,51.65,0.0,0.0,0.0,0.0,0.0,0.0,0.0,1.5899999999999999,41.94,0.15,0.0,0.1,0.0,0.0,0.0,4.26,72.29,97.03,5.18,27,1.3900000000000001,82,4.21,3,67.07,26.92,1.38,-0.08,-0.004,0.0,1.5899999999999999,0.15,,,,0.0,0,0.0
M. Almirón,Matías Kevin Almirón Llanes,-291288,Juan Pablo II College,Juan Pablo II College,https://cdn5.wyscout.com/photos/team/public/g-23170_120x120.png,Primera División,LCB,LCB,92,,0,,0,30.0,1995-10-04,0,2026-12-31,18,1746,0,0.98,0,0.0,10.88,55.92,Uruguay,['Uruguay'],right,188,0,False,7.89,4.59,66.29,3.71,47.22,0.46,0.63,0.72,4.38,5.96,0.88,5,0.26,0,0.0,0.36,0.0,0,0.0,0.05,0,0.0,10,0.52,20.0,0.0,0.0,0.21,75.0,0.1,50.0,0.1,100.0,0.0,0.26,40.0,0.93,38.89,1.03,0.15,0.05,18.09,0.5700000000000001,0.36,30.67,79.5,14.59,67.84,2.06,95.0,24.18,86.35,6.29,53.28,24.09,44.87,0.0,0.0,0.0,0.0,0.05,0.0,0.0,3.92,52.63,0.5700000000000001,45.45,0.31,16.67,0.26,0.1,7.58,62.59,91.98,10.93,0,,0,,0,0.0,0.0,0.0,,,1.49,,3.71,0.0,0.0,0.0,0.0,0,0.0
B. Cuesta,Bernardo Nicolás Cuesta Veratrini,81998,Melgar,Melgar,https://cdn5.wyscout.com/photos/team/public/546_120x120.png,Primera División,CF,CF,92,,0,,0,37.0,1988-12-20,350000,2026-12-31,23,1745,9,11.08,6,2.45,9.34,37.57,Argentina,"['Argentina', 'Peru']",right,181,76,False,2.42,1.75,38.24,2.68,36.54,0.0,0.0,0.1,1.75,2.76,0.52,2,0.1,1,0.05,2.11,0.46,9,0.46,0.5700000000000001,1,0.05,62,3.2,45.16,14.516,0.31,0.98,21.05,0.5700000000000001,9.09,0.41000000000000003,37.5,0.05,0.77,53.33,3.71,41.67,5.0,0.67,0.05,15.32,1.9100000000000001,0.62,18.67,70.99,3.51,51.47,5.11,88.89,16.76,76.0,0.98,36.84,17.32,21.84,0.13,0.77,0.05,0.05,0.1,50.0,0.77,1.75,58.82,1.44,32.14,0.1,50.0,1.34,0.1,1.29,76.0,70.27,5.72,0,,0,,0,0.0,0.0,0.0,,,0.05,,2.68,0.0,0.0,0.0,0.05,1,0.0
C. Penilla,Cristian Anderson Penilla Caicedo,115037,Alianza Atlético,Alianza Atlético,https://cdn5.wyscout.com/photos/team/public/545_120x120.png,Primera División,"LAMF, LW, LWF",LAMF,44,LW,22,LWF,15,35.0,1991-05-02,50000,2026-12-31,23,1733,5,3.84,2,2.77,11.94,50.87,Ecuador,['Ecuador'],right,174,75,False,2.8,2.29,65.91,1.19,34.78,0.1,0.14,0.05,1.19,1.58,0.5700000000000001,0,0.0,0,0.0,4.26,0.26,4,0.21,0.2,0,0.0,50,2.6,38.0,10.0,0.1,2.86,43.64,2.39,41.3,0.42,50.0,0.31,3.17,63.93,7.06,48.53,1.92,1.6099999999999999,0.16,17.61,2.03,1.04,22.44,73.38,6.08,64.1,4.31,89.16,17.19,80.06,2.6,62.0,19.96,32.1,0.14,1.45,0.05,0.0,0.0,0.0,0.8300000000000001,3.38,66.15,2.96,49.12,0.47000000000000003,55.56,0.73,1.09,5.19,78.0,73.68,7.89,0,,0,,0,0.0,0.0,0.0,,,0.16,,1.19,0.88,0.1,100.0,1.6099999999999999,1,100.0
J. Escobar,Juan Marcelo Escobar Chena,330483,Melgar,Melgar,https://cdn5.wyscout.com/photos/team/public/546_120x120.png,Primera División,"RCB, CB",RCB,78,CB,15,,0,31.0,1995-07-11,5000000,2027-12-31,18,1724,0,0.71,0,0.02,9.45,59.67,Paraguay,['Paraguay'],right,176,74,False,7.41,3.13,61.67,4.33,63.86,0.21,0.32,0.68,5.27,8.12,0.78,5,0.26,0,0.0,0.21,0.0,0,0.0,0.04,0,0.0,9,0.47000000000000003,11.11,0.0,0.0,0.37,14.29,0.05,0.0,0.31,16.67,0.05,0.26,40.0,0.99,42.11,0.84,0.52,0.0,38.37,0.5700000000000001,0.37,51.37,91.67,16.39,82.17,2.04,97.44,46.1,96.6,4.91,51.06,21.28,38.02,0.0,0.1,0.0,0.0,0.0,0.0,0.0,3.86,71.62,0.42,25.0,0.1,0.0,0.26,0.05,5.79,65.77,96.88,28.4,0,,0,,0,0.0,0.0,0.0,,,1.4100000000000001,,4.33,0.0,0.0,0.0,0.0,0,0.0
J. Falconí,Jean Franco Falconí Humarán,363205,Sport Huancayo,Sport Huancayo,https://cdn5.wyscout.com/photos/team/public/1671_120x120.png,Primera División,RB,RB,89,,0,,0,30.0,1996-06-04,0,,20,1720,0,0.49,2,1.6400000000000001,9.42,52.22,Peru,['Peru'],right,175,67,False,7.85,5.55,58.49,0.89,47.06,0.21,0.30000000000000004,0.42,4.4,6.27,0.73,2,0.1,0,0.0,1.2,0.0,0,0.0,0.03,0,0.0,7,0.37,14.29,0.0,0.1,2.3,38.64,0.0,0.0,2.3,38.64,0.26,0.26,80.0,1.94,43.24,0.47000000000000003,0.52,0.1,24.49,2.09,0.31,34.64,78.25,14.18,74.54,3.56,89.71,27.42,83.4,5.28,66.34,19.51,42.33,0.09,0.99,0.05,0.0,0.1,50.0,0.42,5.65,74.07,2.67,47.06,0.37,28.57,0.47000000000000003,0.84,9.26,77.4,82.93,10.73,0,,0,,0,0.0,0.0,0.0,,,0.16,,0.89,0.0,0.0,0.0,0.0,0,0.0
A. Rodas,Alexis Adrián Rodas Silvero,-80482,Monagas,FC Cajamarca,https://cdn5.wyscout.com/photos/team/public/997_120x120.png,Primera División,"RCB, RCB3",RCB,84,RCB3,13,,0,29.0,1997-02-06,0,2026-12-31,17,1701,0,0.48,0,0.18,10.9,57.28,Paraguay,['Paraguay'],right,182,77,False,8.47,4.76,55.56,3.92,62.16,0.26,0.36,0.58,5.5600000000000005,7.57,1.01,4,0.21,0,0.0,0.37,0.0,0,0.0,0.03,0,0.0,6,0.32,33.33,0.0,0.0,0.21,50.0,0.05,100.0,0.16,33.33,0.05,0.21,75.0,1.22,52.17,0.53,0.26,0.0,16.35,0.21,0.21,30.58,78.89,14.6,66.67,1.43,88.89,23.33,86.39,7.04,54.89,24.4,41.13,0.01,0.11,0.0,0.0,0.0,0.0,0.11,4.6,52.87,0.42,50.0,0.63,50.0,0.21,0.11,7.88,69.13,92.37,12.49,0,,0,,0,0.0,0.0,0.0,,,1.11,,3.92,0.0,0.0,0.0,0.0,0,0.0
J. Narváez,John William Narváez Arroyo,84760,ADT,ADT,https://cdn5.wyscout.com/photos/team/public/g17201_120x120.png,Primera División,RCB,RCB,75,,0,,0,35.0,1991-06-12,225000,2026-12-31,18,1698,0,0.58,2,0.44,14.05,57.74,Ecuador,['Ecuador'],right,180,72,False,9.7,7.0,68.18,2.76,44.23,0.27,0.48,0.21,4.66,8.41,1.48,7,0.37,2,0.11,0.58,0.0,0,0.0,0.03,0,0.0,6,0.32,33.33,0.0,0.11,0.64,41.67,0.11,50.0,0.53,40.0,0.11,0.42,50.0,1.96,40.54,0.32,0.74,0.11,23.27,1.38,0.64,36.36,84.11,15.21,72.82,2.17,92.68,31.33,90.52,4.45,45.24,21.43,41.54,0.02,0.48,0.0,0.0,0.0,0.0,0.21,5.57,60.95,1.54,31.03,0.53,10.0,0.21,0.32,6.25,72.03,93.1,15.37,0,,0,,0,0.0,0.0,0.0,,,1.22,,2.76,0.05,0.0,0.0,0.0,0,0.0
D. Romero,Diego Alonso Romero Cachay,-99413,Universitario,Universitario,https://cdn5.wyscout.com/photos/team/public/540_120x120.png,Primera División,GK,GK,100,,0,,0,25.0,2001-08-17,475000,2027-12-31,17,1698,0,0.0,0,0.0,0.53,60.0,Peru,['Peru'],right,185,78,False,0.9,0.16,33.33,0.21,75.0,0.05,0.08,0.0,0.8,1.1400000000000001,0.0,1,0.05,0,0.0,0.0,0.0,0,0.0,0.0,0,0.0,0,0.0,0.0,0.0,0.0,0.0,0.0,0.0,0.0,0.0,0.0,0.0,0.0,0.0,0.11,50.0,0.0,0.0,0.0,4.4,0.11,0.05,11.55,84.4,7.0,77.27,0.0,0.0,7.79,97.28,3.76,57.75,31.86,43.87,0.0,0.0,0.0,0.0,0.0,0.0,0.0,0.8,20.0,0.16,0.0,0.05,0.0,0.0,0.0,2.76,65.38,95.12,4.35,18,0.9500000000000001,72,3.8200000000000003,5,75.0,19.8,1.05,1.8,0.095,0.0,2.44,0.21,,,,0.0,0,0.0
E. Lastre,Edgar Eyffer Lastre Mercado,-193086,CD Moquegua,CD Moquegua,https://cdn5.wyscout.com/photos/team/public/g-25564_120x120.png,Primera División,"RAMF, RW",RAMF,47,RW,22,,0,26.0,1999-09-13,300000,2026-12-31,22,1694,8,4.36,4,2.38,13.39,45.24,Ecuador,['Ecuador'],right,177,73,False,2.55,2.55,50.0,1.12,38.1,0.0,0.0,0.11,1.28,1.73,0.96,4,0.21,0,0.0,3.08,0.43,8,0.43,0.23,0,0.0,36,1.9100000000000001,33.33,22.222,0.21,2.87,24.07,0.32,16.67,2.5,23.4,0.21,2.6,67.35,7.76,45.21,2.13,1.5899999999999999,0.53,13.81,2.76,1.17,17.9,64.99,4.73,59.55,4.04,88.16,13.81,75.0,1.7000000000000002,43.75,18.16,21.71,0.13,0.9,0.0,0.0,0.0,0.0,0.43,2.2800000000000002,62.79,2.6,30.61,0.0,0.0,0.43,0.58,3.29,74.19,47.79,6.0,0,,0,,0,0.0,0.0,0.0,,,0.0,,1.12,0.6900000000000001,0.27,40.0,0.8,0,0.0
J. Bauman,Jonathan Jesús Bauman,100035,ADT,ADT,https://cdn5.wyscout.com/photos/team/public/g17201_120x120.png,Primera División,CF,CF,100,,0,,0,35.0,1991-03-30,225000,2026-12-31,21,1691,5,6.72,0,0.59,10.96,41.75,Argentina,['Argentina'],right,178,73,False,2.13,1.54,34.48,4.31,44.44,0.21,0.37,0.16,1.38,2.4,0.8,4,0.21,1,0.05,1.17,0.27,5,0.27,0.36,0,0.0,43,2.29,34.88,11.628,0.0,0.27,0.0,0.21,0.0,0.05,0.0,0.0,0.37,71.43,3.25,49.18,3.19,0.16,0.0,9.47,1.38,1.49,11.98,73.78,2.55,56.25,3.5700000000000003,89.55,10.96,75.24,0.75,78.57,14.98,16.53,0.03,0.59,0.0,0.0,0.11,100.0,0.37,1.06,50.0,1.17,36.36,0.21,100.0,0.64,0.05,0.85,81.25,73.91,3.67,0,,0,,0,0.0,0.0,0.0,,,0.0,,4.31,0.05,0.05,0.0,0.0,1,0.0
R. Rojas,Fabio Renato Rojas Prieto,479788,Comerciantes Unidos,Comerciantes Unidos,https://cdn5.wyscout.com/photos/team/public/g17195_120x120.png,Primera División,"RB, RWB",RB,57,RWB,29,,0,27.0,1999-08-04,250000,2026-12-31,19,1689,0,0.12,1,1.09,12.58,50.85,Peru,['Peru'],right,180,69,False,7.83,5.91,58.56,2.4,44.44,0.37,0.64,0.43,4.0,6.82,1.3900000000000001,3,0.16,0,0.0,1.23,0.0,0,0.0,0.01,0,0.0,4,0.21,25.0,0.0,0.05,2.13,37.5,0.11,50.0,2.02,36.84,0.16,0.8,40.0,2.77,34.62,0.32,0.64,0.0,21.9,1.76,1.12,30.85,75.99,12.47,67.09,4.53,96.47,25.15,84.96,3.62,35.29,20.44,36.63,0.06,1.28,0.0,0.0,0.05,100.0,0.37,4.9,52.17,2.45,34.78,0.43,37.5,0.21,0.85,6.07,70.18,73.58,8.47,0,,0,,0,0.0,0.0,0.0,,,0.16,,2.4,0.11,0.0,0.0,0.0,0,0.0
J. Cabezudo,Jorge Denilson Cabezudo Ormeño,-110906,Melgar,Melgar,https://cdn5.wyscout.com/photos/team/public/546_120x120.png,Primera División,GK,GK,100,,0,,0,24.0,2001-10-21,0,2027-12-31,17,1686,0,0.0,0,0.0,0.43,100.0,Peru,['Peru'],right,185,78,False,0.75,0.05,100.0,0.21,100.0,0.0,0.0,0.0,0.6900000000000001,1.11,0.0,0,0.0,0,0.0,0.0,0.0,0,0.0,0.0,0,0.0,0,0.0,0.0,0.0,0.0,0.0,0.0,0.0,0.0,0.0,0.0,0.0,0.0,0.0,0.05,100.0,0.0,0.0,0.0,8.06,0.05,0.11,15.48,87.93,8.43,81.65,0.0,0.0,11.69,98.17,3.74,57.14,27.58,43.75,0.0,0.0,0.0,0.0,0.0,0.0,0.0,1.23,60.87,0.16,0.0,0.0,0.0,0.0,0.0,3.04,66.67,95.37,5.77,15,0.8,71,3.79,6,78.87,16.76,0.89,1.76,0.094,0.0,1.87,0.21,,,,0.0,0,0.0
N. Quagliata,Nicolás Quagliata Platero,-113262,Melgar,Melgar,https://cdn5.wyscout.com/photos/team/public/546_120x120.png,Primera División,"AMF, LAMF",AMF,53,LAMF,11,,0,27.0,1999-06-05,0,2029-12-31,19,1683,5,5.58,9,6.95,11.71,42.47,Uruguay,"['Uruguay', 'Italy']",right,172,68,False,2.62,2.7800000000000002,50.0,0.48,33.33,0.11,0.17,0.11,1.12,1.77,0.37,1,0.05,0,0.0,4.17,0.27,4,0.21,0.30000000000000004,0,0.0,64,3.42,34.38,7.813,0.48,2.7800000000000002,34.62,0.86,37.5,1.9300000000000002,33.33,0.64,3.26,59.02,7.49,40.71,3.32,2.19,0.21,33.8,2.14,0.43,39.68,81.81,10.21,75.92,8.07,92.72,34.49,87.44,2.51,53.19,17.53,34.8,0.37,1.98,0.05,0.21,0.32,33.33,1.07,5.99,79.46,3.58,44.78,0.48,33.33,1.5,1.23,7.17,82.84,81.47,13.85,0,,0,,0,0.0,0.0,0.0,,,0.0,,0.48,1.98,0.91,35.29,3.5300000000000002,1,100.0
N. Luján,Nahuel Isaías Luján,340779,Sport Huancayo,Sport Huancayo,https://cdn5.wyscout.com/photos/team/public/1671_120x120.png,Primera División,"AMF, LW, RW",AMF,35,LW,30,RW,10,31.0,1995-08-23,200000,2027-12-31,24,1682,4,4.09,4,2.45,23.65,50.45,Argentina,['Argentina'],left,176,78,False,6.15,4.28,58.75,2.73,37.25,0.64,0.9400000000000001,0.0,3.0,4.41,1.28,5,0.27,0,0.0,3.69,0.21,4,0.21,0.22,1,0.05,41,2.19,39.02,9.756,0.21,2.46,28.26,0.7000000000000001,15.38,1.77,33.33,0.27,3.75,57.14,15.57,50.52,2.46,2.73,0.27,30.23,2.94,3.85,37.62,82.93,11.56,80.09,6.1,92.11,33.39,87.98,1.82,61.76,15.18,26.66,0.13,1.3900000000000001,0.11,0.05,0.05,0.0,0.86,5.46,83.33,3.16,47.46,0.21,0.0,1.02,0.8,4.92,83.7,78.89,10.65,0,,0,,0,0.0,0.0,0.0,,,0.05,,2.73,0.21,0.11,100.0,0.27,0,0.0
Á. Ojeda,Ángel Ojeda Allauca,131324,ADT,ADT,https://cdn5.wyscout.com/photos/team/public/g17201_120x120.png,Primera División,"LB, RB",LB,48,RB,10,,0,34.0,1992-08-11,275000,,20,1681,1,0.53,0,0.59,7.71,56.25,Peru,['Peru'],right,174,75,False,5.19,3.85,61.11,1.02,42.11,0.32,0.55,0.32,2.52,4.3,1.02,6,0.32,0,0.0,0.8,0.05,1,0.05,0.03,0,0.0,12,0.64,16.67,8.333,0.0,0.64,50.0,0.64,50.0,0.0,0.0,0.0,0.37,100.0,1.71,59.38,0.48,0.48,0.16,23.56,1.18,0.59,33.62,81.37,15.42,73.26,3.69,92.75,27.52,87.35,5.51,54.37,21.32,38.39,0.03,0.37,0.0,0.05,0.0,0.0,0.11,6.05,69.03,1.28,41.67,0.37,14.29,0.37,0.32,7.17,71.64,88.29,10.98,0,,0,,0,0.0,0.0,0.0,,,1.12,,1.02,0.0,0.0,0.0,0.0,0,0.0
J. Toledo,Jorge Jair Toledo Bravo,433105,Juan Pablo II College,Juan Pablo II College,https://cdn5.wyscout.com/photos/team/public/g-23170_120x120.png,Primera División,"RB, RB5, RCB",RB,46,RB5,19,RCB,15,30.0,1996-06-22,225000,2027-12-31,22,1680,1,0.7000000000000001,0,0.72,11.79,42.73,Peru,['Peru'],right,175,71,False,6.43,5.36,45.0,2.3,30.23,0.16,0.23,0.38,3.86,5.55,1.77,4,0.21,1,0.05,1.71,0.05,1,0.05,0.04,0,0.0,7,0.38,42.86,14.286,0.0,2.04,39.47,0.05,100.0,1.98,37.84,0.27,0.86,87.5,2.89,50.0,0.59,0.75,0.05,20.04,1.88,0.32,29.95,77.46,11.57,62.96,4.77,94.38,23.41,88.33,4.66,39.08,21.06,41.59,0.04,0.27,0.05,0.0,0.0,0.0,0.16,3.21,53.33,1.9300000000000002,36.11,0.43,37.5,0.16,0.64,6.32,65.25,81.98,9.21,0,,0,,0,0.0,0.0,0.0,,,0.21,,2.3,0.0,0.0,0.0,0.0,0,0.0
A. Quintana,Ayrthon Carlos Edú Quintana Azalde,-170391,Los Chankas,Los Chankas,https://cdn5.wyscout.com/photos/team/public/g32259_120x120.png,Primera División,"LWB, LB5",LWB,50,LB5,32,,0,25.0,2001-03-14,375000,2026-12-31,23,1678,0,1.17,5,2.26,13.41,55.2,Peru,['Peru'],left,168,60,False,7.19,5.47,61.76,1.6099999999999999,46.67,0.21,0.30000000000000004,0.0,3.59,5.09,1.34,3,0.16,0,0.0,1.9300000000000002,0.0,0,0.0,0.06,0,0.0,28,1.5,21.43,0.0,0.27,3.27,24.59,3.27,24.59,0.0,0.0,0.54,1.77,45.45,4.88,53.85,0.48,1.29,0.27,24.73,2.41,1.6099999999999999,33.63,71.61,12.98,59.5,5.52,96.12,26.44,83.37,4.08,30.26,21.4,41.7,0.12,1.07,0.0,0.05,0.05,0.0,0.48,5.26,57.14,3.65,26.47,0.64,8.33,0.38,1.02,8.42,66.88,70.87,11.05,0,,0,,0,0.0,0.0,0.0,,,0.43,,1.6099999999999999,0.7000000000000001,0.0,0.0,0.86,0,0.0
D. Caro,Dylan Pave Caro Salas,407766,UTC Cajamarca,UTC Cajamarca,https://cdn5.wyscout.com/photos/team/public/g6809_120x120.png,Primera División,LB,LB,96,,0,,0,27.0,1999-03-23,250000,2026-12-31,21,1676,0,0.32,2,1.77,11.33,50.71,Peru,['Peru'],left,170,65,False,7.14,5.1,58.95,1.9300000000000002,63.89,0.32,0.48,0.27,3.81,5.65,1.45,3,0.16,1,0.05,1.24,0.0,0,0.0,0.02,0,0.0,8,0.43,0.0,0.0,0.11,3.38,31.75,3.38,31.75,0.0,0.0,0.27,0.59,27.27,3.06,42.11,1.18,0.91,0.11,24.11,2.52,0.7000000000000001,31.09,77.55,10.74,73.5,5.16,93.75,24.7,88.48,3.22,38.33,19.36,36.27,0.1,0.7000000000000001,0.0,0.05,0.0,0.0,0.48,3.38,66.67,2.74,41.18,0.21,0.0,0.32,0.97,6.12,71.93,74.39,8.81,0,,0,,0,0.0,0.0,0.0,,,0.21,,1.9300000000000002,0.0,0.0,0.0,0.0,0,0.0
C. Cabello,Carlos Miguel Cabello Anagua,443166,Cienciano,Cienciano,https://cdn5.wyscout.com/photos/team/public/542_120x120.png,Primera División,"RB, RW",RB,41,RW,23,,0,28.0,1997-09-22,450000,2027-12-31,21,1668,0,1.57,5,2.39,12.57,54.08,Peru,['Peru'],right,175,68,False,5.67,4.37,72.84,1.35,32.0,0.11,0.18,0.22,2.37,4.02,0.76,3,0.16,2,0.11,2.64,0.0,0,0.0,0.08,0,0.0,16,0.86,56.25,0.0,0.27,2.16,37.5,0.22,0.0,1.94,41.67,0.27,2.05,65.79,5.13,47.37,1.35,2.16,0.7000000000000001,22.34,2.16,1.35,28.92,75.37,9.39,70.11,3.99,85.14,24.17,81.25,2.75,52.94,17.69,30.28,0.13,1.19,0.0,0.16,0.05,0.0,0.54,3.7800000000000002,64.29,2.75,37.25,0.32,33.33,0.49,0.81,5.67,79.05,75.13,10.2,0,,0,,0,0.0,0.0,0.0,,,0.11,,1.35,0.11,0.0,0.0,0.32,0,0.0
E. Rodas,Elsar Rodas Mendoza,216064,Atlético Grau,Atlético Grau,https://cdn5.wyscout.com/photos/team/public/3746_120x120.png,Primera División,"LB, LWB, LB5",LB,63,LWB,18,LB5,17,32.0,1994-02-28,350000,2026-12-31,22,1666,0,0.28,1,1.55,14.37,54.14,Peru,['Peru'],left,177,67,False,8.32,7.5600000000000005,57.14,1.51,46.43,0.32,0.44,0.16,3.67,4.94,1.24,3,0.16,0,0.0,1.24,0.0,0,0.0,0.01,0,0.0,6,0.32,16.67,0.0,0.05,2.0,40.54,2.0,40.54,0.0,0.0,0.16,0.7000000000000001,53.85,3.3,59.02,0.81,0.7000000000000001,0.05,20.26,1.4,1.3,29.28,77.12,12.7,71.49,4.38,87.65,22.09,85.33,5.29,56.12,21.52,35.24,0.08,0.7000000000000001,0.0,0.0,0.0,0.0,0.32,4.59,65.88,2.38,47.73,0.38,14.29,0.49,0.81,8.27,75.82,78.2,7.18,0,,0,,0,0.0,0.0,0.0,,,0.49,,1.51,0.0,0.0,0.0,0.11,0,0.0
C. Inga,César Johan Inga Velásquez,-319476,Universitario,Universitario,https://cdn5.wyscout.com/photos/team/public/540_120x120.png,Primera División,"LWB, LCB3, LB",LWB,36,LCB3,28,LB,24,24.0,2002-04-30,0,2027-12-31,21,1661,1,0.88,2,1.76,14.52,54.48,Peru,['Peru'],left,0,0,False,6.29,5.42,59.0,2.44,60.0,0.11,0.16,0.33,2.98,4.31,0.33,0,0.0,0,0.0,3.52,0.05,1,0.05,0.05,1,0.05,9,0.49,44.44,11.111,0.11,3.14,39.66,3.03,37.5,0.11,100.0,0.27,3.47,59.38,5.85,49.07,1.46,1.73,0.11,26.71,1.79,0.38,39.28,80.69,15.44,74.74,5.04,96.77,31.86,87.93,4.55,55.95,18.26,34.7,0.1,0.81,0.05,0.0,0.05,0.0,0.54,5.04,72.04,3.25,48.33,0.22,0.0,0.54,1.08,8.13,72.67,84.06,11.22,0,,0,,0,0.0,0.0,0.0,,,0.16,,2.44,0.0,0.0,0.0,0.05,0,0.0
M. Huamán,Marco Lenhyn Huamán Asis,-249346,Alianza Lima,Alianza Lima,https://cdn5.wyscout.com/photos/team/public/551_120x120.png,Primera División,"LB, RB",LB,73,RB,13,,0,23.0,2002-09-25,425000,2027-12-31,18,1656,0,0.75,3,1.05,14.13,53.85,Peru,['Peru'],right,170,68,False,7.83,5.92,68.81,1.47,37.04,0.22,0.38,0.05,3.5300000000000002,6.11,0.54,2,0.11,0,0.0,1.85,0.0,0,0.0,0.04,0,0.0,11,0.6000000000000001,36.36,0.0,0.16,2.01,54.05,1.6800000000000002,61.29,0.33,16.67,0.22,1.58,34.48,5.0,39.13,0.98,1.4100000000000001,0.33,24.18,2.12,1.25,36.36,86.85,12.66,81.55,6.79,97.6,31.3,90.8,3.1,68.42,18.61,32.51,0.06,0.65,0.0,0.16,0.0,0.0,0.43,3.86,83.1,2.01,56.76,0.22,75.0,0.43,0.92,6.9,79.53,86.38,11.58,0,,0,,0,0.0,0.0,0.0,,,0.43,,1.47,0.0,0.0,0.0,0.0,0,0.0
M. Araujo,Miguel Gianpierre Araujo Blanco,180954,Sporting Cristal,Sporting Cristal,https://cdn5.wyscout.com/photos/team/public/541_120x120.png,Primera División,RCB,RCB,92,,0,,0,31.0,1994-10-24,850000,2026-12-31,17,1651,2,1.35,0,0.02,8.83,60.49,Peru,['Peru'],right,181,78,False,6.6,3.8200000000000003,64.29,3.27,55.0,0.16,0.27,0.49,3.98,6.5600000000000005,0.55,3,0.16,0,0.0,0.38,0.11,2,0.11,0.07,1,0.05,9,0.49,44.44,22.222,0.0,0.11,0.0,0.0,0.0,0.11,0.0,0.0,0.22,75.0,0.87,62.5,0.6000000000000001,1.2,0.0,29.38,0.93,0.49,41.59,90.83,18.48,85.84,2.34,95.35,37.83,94.96,3.65,50.75,20.55,38.32,0.0,0.16,0.0,0.0,0.0,0.0,0.0,5.5600000000000005,74.51,0.49,22.22,0.16,0.0,0.11,0.0,7.85,81.94,94.87,17.01,0,,0,,0,0.0,0.0,0.0,,,1.8,,3.27,0.0,0.0,0.0,0.0,0,0.0
A. Figuera,Arquímedes José Figuera Salazar,115196,UTC Cajamarca,UTC Cajamarca,https://cdn5.wyscout.com/photos/team/public/g6809_120x120.png,Primera División,"LDMF, DMF, LCMF",LDMF,30,DMF,30,LCMF,12,36.0,1989-10-06,150000,2026-12-31,21,1650,0,0.16,0,0.11,11.84,48.85,Venezuela,['Venezuela'],right,170,65,False,6.33,5.4,49.49,1.58,37.93,0.33,0.52,0.49,3.33,5.24,2.29,8,0.44,0,0.0,0.22,0.0,0,0.0,0.01,0,0.0,6,0.33,16.67,0.0,0.0,0.27,20.0,0.11,0.0,0.16,33.33,0.0,0.38,28.57,3.27,51.67,0.11,0.65,0.11,28.75,0.05,1.6400000000000001,40.25,86.86,13.09,76.25,4.15,93.42,36.16,90.65,3.87,54.93,18.72,39.11,0.01,0.27,0.0,0.05,0.0,0.0,0.0,6.49,69.75,0.93,17.65,0.22,50.0,0.16,0.11,4.85,71.91,93.67,17.24,0,,0,,0,0.0,0.0,0.0,,,0.6000000000000001,,1.58,0.0,0.0,0.0,0.0,0,0.0
M. Arrasco,José Mauricio Arrasco Calderón,-404909,FC Cajamarca,FC Cajamarca,https://cdn5.wyscout.com/photos/team/public/g-25565_120x120.png,Primera División,"LDMF, AMF, LCMF",LDMF,24,AMF,21,LCMF,18,22.0,2004-05-26,0,2026-12-31,23,1650,5,3.21,3,1.6800000000000002,15.98,44.71,Peru,['Peru'],,173,65,False,4.47,4.64,56.47,0.98,22.22,0.6000000000000001,0.88,0.11,1.25,1.83,0.87,6,0.33,0,0.0,1.96,0.27,5,0.27,0.18,1,0.05,42,2.29,42.86,11.905,0.16,0.55,30.0,0.22,25.0,0.33,33.33,0.05,2.29,35.71,9.0,40.0,1.3599999999999999,1.75,0.05,21.11,0.98,1.96,26.45,83.51,7.75,78.17,6.05,90.09,24.93,85.56,1.09,60.0,14.8,24.33,0.09,1.15,0.11,0.11,0.11,0.0,0.49,4.04,74.32,1.47,55.56,0.22,50.0,0.98,0.16,3.8200000000000003,80.0,80.95,6.87,0,,0,,0,0.0,0.0,0.0,,,0.05,,0.98,0.98,0.27,20.0,1.15,1,0.0
N. Amasifuén,Josè Nicolás Amasifuén de Paz,-379304,CD Moquegua,CD Moquegua,https://cdn5.wyscout.com/photos/team/public/g-25564_120x120.png,Primera División,LB,LB,95,,0,,0,21.0,2005-07-05,0,2027-12-31,17,1636,0,0.23,2,0.84,18.48,52.68,Peru,['Peru'],left,186,66,False,8.42,7.92,61.81,2.26,60.98,0.22,0.29,0.22,3.3,4.39,1.49,2,0.11,0,0.0,2.92,0.0,0,0.0,0.01,0,0.0,10,0.55,30.0,0.0,0.11,2.48,53.33,2.42,54.55,0.06,0.0,0.22,2.64,54.17,6.77,39.02,0.28,1.6,0.44,13.15,0.8300000000000001,0.55,22.11,66.17,11.22,60.78,2.09,86.84,13.92,75.1,6.11,52.25,24.38,38.62,0.05,0.55,0.06,0.0,0.0,0.0,0.28,4.9,59.55,2.64,47.92,0.33,33.33,0.33,1.1,7.59,66.67,71.56,6.0,0,,0,,0,0.0,0.0,0.0,,,0.17,,2.26,0.11,0.0,0.0,0.0,0,0.0
A. Robles,Ademar Guillermo Alder Robles Zevallos,443006,Cienciano,Cienciano,https://cdn5.wyscout.com/photos/team/public/542_120x120.png,Primera División,"LDMF, LB, LCMF",LDMF,37,LB,20,LCMF,17,31.0,1994-11-29,0,2026-12-31,21,1632,0,0.2,0,2.04,10.37,50.53,Peru,['Peru'],left,0,0,False,5.4,4.14,53.33,1.38,52.0,0.06,0.09,0.17,3.14,5.1,0.39,1,0.06,0,0.0,2.21,0.0,0,0.0,0.01,0,0.0,6,0.33,16.67,0.0,0.0,2.48,55.56,1.82,51.52,0.61,63.64,0.17,1.21,59.09,3.69,47.76,0.44,2.48,0.22,24.43,1.05,0.66,39.21,81.86,13.95,71.94,6.01,96.33,31.21,88.87,5.85,54.72,20.01,37.31,0.11,0.88,0.06,0.06,0.11,50.0,0.5,7.5600000000000005,73.72,3.25,57.63,0.66,33.33,1.1,1.16,8.6,81.41,85.99,14.17,0,,0,,0,0.0,0.0,0.0,,,0.55,,1.38,0.39,0.0,0.0,0.9400000000000001,0,0.0
J. Sanguinetti,Javier Andrés Sanguinetti,273708,Sport Huancayo,Sport Huancayo,https://cdn5.wyscout.com/photos/team/public/1671_120x120.png,Primera División,"LCMF, LAMF, AMF",LCMF,28,LAMF,27,AMF,11,36.0,1990-08-29,100000,2027-12-31,21,1628,4,2.91,1,4.62,9.73,47.16,Argentina,['Argentina'],right,173,67,False,3.43,3.15,61.4,0.9400000000000001,35.29,0.11,0.17,0.06,1.38,2.11,0.5,3,0.17,0,0.0,2.49,0.22,4,0.22,0.16,0,0.0,55,3.04,27.27,7.273,0.06,2.05,29.73,1.27,43.48,0.72,7.69,0.44,1.6,55.17,4.8100000000000005,37.93,2.05,1.0,0.11,35.21,2.32,0.61,42.18,81.91,13.21,70.71,7.3,94.7,35.55,87.4,4.75,62.79,18.61,41.81,0.26,2.27,0.17,0.0,0.28,60.0,0.55,7.91,68.53,3.32,43.33,0.72,46.15,1.38,0.66,8.29,80.0,86.0,13.82,0,,0,,0,0.0,0.0,0.0,,,0.06,,0.9400000000000001,1.77,0.39,28.57,4.37,0,0.0
D. Soto,Diego Paolo Soto Vidarte,-64192,Cusco,Cusco,https://cdn5.wyscout.com/photos/team/public/3745_120x120.png,Primera División,"RCMF, RDMF",RCMF,31,RDMF,29,,0,25.0,2001-08-31,300000,,22,1620,0,1.33,0,1.06,10.5,47.09,Peru,['Peru'],right,175,71,False,6.61,4.33,64.1,1.28,43.48,0.28,0.41000000000000003,0.61,3.56,5.27,1.11,3,0.17,0,0.0,0.8300000000000001,0.0,0,0.0,0.07,0,0.0,16,0.89,25.0,0.0,0.0,1.06,52.63,0.06,100.0,0.9400000000000001,47.06,0.06,0.28,20.0,3.2800000000000002,32.2,0.9400000000000001,0.89,0.06,28.72,0.44,0.72,38.11,87.46,10.0,73.89,6.17,93.69,34.33,90.61,2.7199999999999998,61.22,17.96,30.05,0.06,0.56,0.06,0.0,0.11,0.0,0.33,5.78,75.96,1.44,57.69,0.39,28.57,0.39,0.56,4.22,73.68,91.73,14.78,0,,0,,0,0.0,0.0,0.0,,,0.5,,1.28,0.0,0.0,0.0,0.0,0,0.0
I. Tapia,Ignacio Alejandro Tapia Bustamante,451152,Atlético Grau,Atlético Grau,https://cdn5.wyscout.com/photos/team/public/3746_120x120.png,Primera División,"LCB3, LCB",LCB3,51,LCB,35,,0,27.0,1999-02-22,300000,,18,1609,0,0.18,0,0.03,9.12,58.9,Chile,['Chile'],left,189,81,False,6.1,3.36,61.67,2.5700000000000003,54.35,0.39,0.55,0.39,3.64,5.13,0.78,5,0.28,0,0.0,0.22,0.0,0,0.0,0.01,0,0.0,3,0.17,100.0,0.0,0.0,0.0,0.0,0.0,0.0,0.0,0.0,0.0,0.17,33.33,0.89,43.75,0.28,0.73,0.0,22.43,0.28,0.45,35.3,82.88,17.12,74.51,2.18,94.87,28.69,88.5,6.6,58.47,21.29,41.07,0.0,0.06,0.0,0.0,0.0,0.0,0.0,5.09,61.54,0.39,28.57,0.28,20.0,0.11,0.0,7.5,69.4,91.67,12.75,0,,0,,0,0.0,0.0,0.0,,,1.6800000000000002,,2.5700000000000003,0.0,0.0,0.0,0.0,0,0.0
M. Gonzales Vigil,Matias Zegarra  Gonzales Vigil,-792570,Melgar,Melgar,https://cdn5.wyscout.com/photos/team/public/546_120x120.png,Primera División,"LB, LAMF, LWB",LB,58,LAMF,17,LWB,14,19.0,2006-12-16,0,,23,1600,3,3.62,3,3.49,15.02,51.69,Peru,['Peru'],unknown,0,0,False,6.53,4.33,55.84,2.64,51.06,0.39,0.6000000000000001,0.11,3.71,5.66,1.35,2,0.11,1,0.06,3.04,0.17,3,0.17,0.2,0,0.0,25,1.4100000000000001,32.0,12.0,0.17,2.7,16.67,2.5300000000000002,17.78,0.17,0.0,0.51,2.93,73.08,6.75,52.5,2.64,1.58,0.28,19.63,1.52,0.73,26.55,69.28,9.06,63.35,6.36,88.5,21.32,80.47,2.64,29.79,18.23,24.28,0.2,1.07,0.0,0.06,0.0,0.0,0.73,2.98,50.94,2.25,25.0,0.23,0.0,0.68,0.51,5.06,68.89,61.87,7.82,0,,0,,0,0.0,0.0,0.0,,,0.17,,2.64,0.11,0.0,0.0,0.28,0,0.0
R. Suárez,Román Gastón Suárez,-160784,Alianza Atlético,Alianza Atlético,https://cdn5.wyscout.com/photos/team/public/545_120x120.png,Primera División,RCB,RCB,92,,0,,0,25.0,2001-02-21,0,,19,1595,0,0.12,0,0.03,8.97,63.52,Argentina,['Argentina'],,189,79,False,6.77,3.5,64.52,3.55,57.14,0.11,0.15,0.34,4.4,5.88,1.07,7,0.39,1,0.06,0.0,0.0,0,0.0,0.01,0,0.0,3,0.17,0.0,0.0,0.0,0.0,0.0,0.0,0.0,0.0,0.0,0.0,0.0,0.0,0.51,66.67,0.06,0.28,0.17,14.78,0.11,0.51,27.25,79.09,14.61,69.5,1.6400000000000001,93.1,20.37,90.86,6.88,44.26,24.84,45.58,0.0,0.06,0.0,0.0,0.0,0.0,0.06,5.3,50.0,0.68,25.0,0.51,44.44,0.17,0.0,6.38,69.91,91.5,8.63,0,,0,,0,0.0,0.0,0.0,,,1.18,,3.55,0.11,0.06,0.0,0.0,0,0.0
M. Távara,Gerald Martin Távara Mogollón,399031,Sporting Cristal,Sporting Cristal,https://cdn5.wyscout.com/photos/team/public/541_120x120.png,Primera División,"RDMF, DMF, LCMF",RDMF,28,DMF,23,LCMF,17,27.0,1999-03-25,500000,2026-12-31,23,1594,2,2.46,1,2.5,10.78,50.79,Peru,['Peru'],left,180,73,False,6.38,4.52,58.75,1.8599999999999999,45.45,0.56,0.99,0.17,3.16,5.5600000000000005,1.3,6,0.34,0,0.0,1.69,0.11,1,0.06,0.14,0,0.0,41,2.31,29.27,4.878,0.06,1.13,35.0,0.4,42.86,0.73,30.77,0.11,0.9,68.75,2.94,46.15,0.51,0.56,0.11,38.45,0.62,1.07,50.76,84.09,17.28,71.24,5.14,92.31,41.84,88.39,7.85,67.63,21.32,41.23,0.14,1.52,0.06,0.0,0.0,0.0,0.4,11.12,74.62,2.71,39.58,0.51,44.44,0.73,0.51,9.03,80.63,91.99,21.85,0,,0,,0,0.0,0.0,0.0,,,0.79,,1.8599999999999999,2.03,0.51,55.56,2.71,1,100.0
F. Alcedo,Flavio Gabriel Alcedo Gutiérrez,-60998,Comerciantes Unidos,Comerciantes Unidos,https://cdn5.wyscout.com/photos/team/public/g17195_120x120.png,Primera División,"RCB3, RCB, RB",RCB3,45,RCB,41,RB,11,23.0,2003-01-19,0,2027-12-31,19,1593,1,0.9500000000000001,0,0.11,10.85,53.13,Peru,['Peru'],right,184,79,True,6.16,4.29,55.26,2.88,50.98,0.06,0.09,0.68,3.73,5.72,1.3599999999999999,7,0.4,0,0.0,0.17,0.06,1,0.06,0.05,0,0.0,5,0.28,40.0,20.0,0.0,0.11,0.0,0.06,0.0,0.06,0.0,0.0,0.06,100.0,1.92,61.76,0.45,0.56,0.0,19.44,0.68,0.96,27.68,81.84,12.82,70.48,2.26,100.0,22.71,90.3,4.86,44.19,21.52,39.15,0.01,0.06,0.0,0.0,0.0,0.0,0.0,3.22,64.91,0.62,36.36,0.28,20.0,0.23,0.06,5.76,65.69,93.57,9.66,0,,0,,0,0.0,0.0,0.0,,,1.02,,2.88,0.0,0.0,0.0,0.0,0,0.0
K. Sánchez,Kelvin Denis Sánchez Vasquez,399030,Los Chankas,Los Chankas,https://cdn5.wyscout.com/photos/team/public/g32259_120x120.png,Primera División,"LCMF3, DMF, RCMF3",LCMF3,50,DMF,18,RCMF3,12,27.0,1999-01-03,375000,2026-12-31,23,1556,0,0.44,0,0.49,10.7,48.65,Peru,['Peru'],right,179,70,False,5.9,4.69,61.73,1.6800000000000002,41.38,0.87,1.26,0.06,2.14,3.11,1.16,2,0.12,1,0.06,0.4,0.0,0,0.0,0.03,0,0.0,10,0.58,10.0,0.0,0.0,0.23,25.0,0.12,50.0,0.12,0.0,0.0,0.58,50.0,2.7199999999999998,34.04,0.23,0.4,0.29,17.87,0.35000000000000003,0.52,28.34,85.92,9.2,74.84,3.07,94.34,26.09,90.02,2.02,40.0,18.04,26.66,0.03,0.35000000000000003,0.0,0.0,0.06,0.0,0.17,4.22,72.6,0.58,20.0,0.12,0.0,0.17,0.06,3.64,79.37,91.22,11.86,0,,0,,0,0.0,0.0,0.0,,,0.23,,1.6800000000000002,0.0,0.0,0.0,0.0,0,0.0
J. Collazos,Jeferson Collazos Viveros,330178,CD Moquegua,CD Moquegua,https://cdn5.wyscout.com/photos/team/public/g-25564_120x120.png,Primera División,CF,CF,97,,0,,0,35.0,1990-12-01,50000,2026-12-31,22,1540,4,5.24,1,1.04,15.49,41.13,Colombia,['Colombia'],right,180,84,False,2.45,1.46,52.0,6.49,46.85,0.18,0.22,0.0,1.52,1.92,0.76,1,0.06,0,0.0,1.17,0.23,3,0.18,0.31,1,0.06,26,1.52,50.0,15.385,0.06,0.29,20.0,0.0,0.0,0.29,20.0,0.0,0.88,40.0,6.25,36.45,1.99,0.23,0.06,8.88,1.4,1.4,13.85,73.0,4.09,61.43,3.04,90.38,12.33,76.3,1.23,52.38,16.34,13.7,0.06,0.35000000000000003,0.06,0.06,0.06,0.0,0.23,2.75,55.32,1.23,38.1,0.06,0.0,0.7000000000000001,0.06,1.9300000000000002,81.82,68.92,4.32,0,,0,,0,0.0,0.0,0.0,,,0.0,,6.49,0.0,0.0,0.0,0.0,3,33.333
J. Quintero,Jarlín Medardo Quintero León,229518,Los Chankas,Los Chankas,https://cdn5.wyscout.com/photos/team/public/g32259_120x120.png,Primera División,CF,CF,99,,0,,0,33.0,1993-08-19,350000,2026-12-31,20,1539,6,6.72,1,0.61,16.73,37.76,Colombia,['Colombia'],right,188,80,False,1.58,1.23,47.62,3.39,29.31,0.0,0.0,0.0,0.99,1.45,0.9400000000000001,0,0.0,0,0.0,2.2800000000000002,0.35000000000000003,6,0.35000000000000003,0.39,2,0.12,42,2.46,47.62,14.286,0.06,0.53,22.22,0.12,100.0,0.41000000000000003,0.0,0.0,1.81,54.84,9.47,37.04,2.98,0.58,0.0,7.37,0.99,1.75,10.99,72.34,2.63,55.56,3.04,90.38,9.82,76.19,0.64,54.55,15.61,17.05,0.04,0.53,0.0,0.0,0.0,0.0,0.23,1.23,61.9,1.23,42.86,0.0,0.0,0.58,0.12,1.05,83.33,72.41,3.39,0,,0,,0,0.0,0.0,0.0,,,0.0,,3.39,0.0,0.0,0.0,0.0,0,0.0
D. Dioses,David Josué Dioses Agurto,443478,UTC Cajamarca,UTC Cajamarca,https://cdn5.wyscout.com/photos/team/public/g6809_120x120.png,Primera División,"RDMF, RCMF, RCMF3",RDMF,34,RCMF,22,RCMF3,11,30.0,1996-02-20,300000,2026-10-31,20,1527,0,0.44,1,0.35000000000000003,11.91,49.5,Peru,['Peru'],right,175,70,False,8.49,6.95,55.08,1.24,47.62,0.71,1.03,0.29,3.95,5.74,1.24,3,0.18,0,0.0,0.29,0.0,0,0.0,0.03,0,0.0,7,0.41000000000000003,0.0,0.0,0.06,0.8300000000000001,14.29,0.12,0.0,0.71,16.67,0.0,0.41000000000000003,28.57,2.65,40.0,0.71,0.88,0.06,41.2,0.41000000000000003,0.8300000000000001,54.64,88.57,15.62,78.87,6.95,95.76,50.04,91.52,3.77,65.63,17.51,34.78,0.02,0.65,0.06,0.0,0.06,100.0,0.12,6.95,83.05,1.5899999999999999,33.33,0.41000000000000003,28.57,0.41000000000000003,0.18,6.95,79.66,92.01,22.87,0,,0,,0,0.0,0.0,0.0,,,0.47000000000000003,,1.24,0.12,0.0,0.0,0.0,0,0.0
M. Castro,Maxloren Sannoe Castro Rufino,-473088,Sporting Cristal,Sporting Cristal,https://cdn5.wyscout.com/photos/team/public/541_120x120.png,Primera División,"LAMF, LW, LWF",LAMF,34,LW,32,LWF,17,18.0,2007-12-08,0,2028-12-31,23,1526,3,3.05,4,2.31,17.81,44.04,Peru,['Peru'],unknown,0,0,False,5.84,5.13,59.77,2.54,32.56,0.12,0.2,0.0,2.65,4.53,1.06,0,0.0,0,0.0,3.13,0.18,3,0.18,0.18,0,0.0,25,1.47,32.0,12.0,0.24,2.71,26.09,2.18,27.03,0.47000000000000003,12.5,0.35000000000000003,3.66,51.61,9.2,39.74,2.89,2.36,0.71,18.99,2.71,1.3,25.42,74.01,5.78,68.37,6.78,93.91,21.94,81.45,0.9400000000000001,31.25,18.1,23.11,0.14,1.06,0.06,0.0,0.06,100.0,0.47000000000000003,1.71,55.17,2.18,37.84,0.12,50.0,0.77,0.65,2.65,75.56,64.75,7.2,0,,0,,0,0.0,0.0,0.0,,,0.29,,2.54,0.06,0.0,0.0,0.18,0,0.0
A. Rodríguez,Agustín Rodríguez da Luz,-262308,Comerciantes Unidos,Comerciantes Unidos,https://cdn5.wyscout.com/photos/team/public/g17195_120x120.png,Primera División,"RCMF, RDMF, LDMF",RCMF,45,RDMF,27,LDMF,11,26.0,2000-05-18,275000,2026-12-31,21,1526,0,0.64,0,0.17,12.5,50.0,Uruguay,['Uruguay'],right,175,68,False,6.25,5.96,48.51,3.36,56.14,0.41000000000000003,0.63,0.41000000000000003,2.95,4.53,1.65,5,0.29,0,0.0,0.24,0.0,0,0.0,0.04,0,0.0,5,0.29,20.0,0.0,0.0,0.12,50.0,0.06,100.0,0.06,0.0,0.0,0.24,50.0,1.71,34.48,0.24,0.12,0.0,12.74,0.29,0.59,22.0,83.11,8.08,65.69,3.36,98.25,19.7,86.83,2.18,51.35,18.3,26.17,0.01,0.24,0.0,0.12,0.0,0.0,0.12,2.95,54.0,0.47000000000000003,50.0,0.06,100.0,0.24,0.06,3.36,63.16,93.02,7.61,0,,0,,0,0.0,0.0,0.0,,,0.53,,3.36,0.0,0.0,0.0,0.0,0,0.0
J. Soto,Jhair Soto,-374177,ADT,ADT,https://cdn5.wyscout.com/photos/team/public/g17201_120x120.png,Primera División,LCB,LCB,75,,0,,0,23.0,2003-06-03,0,2027-12-31,16,1520,0,0.8200000000000001,1,0.92,11.07,56.68,Peru,['Peru'],,0,0,False,8.23,5.15,58.62,3.61,52.46,0.47000000000000003,0.85,0.47000000000000003,4.74,8.45,1.18,4,0.24,1,0.06,0.41000000000000003,0.0,0,0.0,0.05,0,0.0,7,0.41000000000000003,14.29,0.0,0.06,0.06,100.0,0.06,100.0,0.0,0.0,0.0,0.36,83.33,0.77,61.54,0.47000000000000003,0.9500000000000001,0.06,24.63,0.47000000000000003,0.53,39.97,85.04,17.64,76.17,2.19,89.19,33.57,90.65,6.34,55.14,22.55,37.27,0.05,0.18,0.0,0.0,0.0,0.0,0.12,4.86,56.1,0.65,18.18,0.47000000000000003,25.0,0.12,0.06,7.46,65.87,94.46,16.05,0,,0,,0,0.0,0.0,0.0,,,1.18,,3.61,0.0,0.0,0.0,0.0,0,0.0
P. Guzmán,Piero Estefano Guzmán Simbala,-61739,Comerciantes Unidos,Comerciantes Unidos,https://cdn5.wyscout.com/photos/team/public/g17195_120x120.png,Primera División,"CB, RCB, LCB",CB,45,RCB,35,LCB,13,26.0,2000-01-21,350000,2026-12-31,18,1518,1,0.85,0,0.13,8.3,52.14,Peru,['Peru'],right,193,83,False,7.0,2.02,41.18,4.33,61.64,0.12,0.19,1.13,6.05,9.94,0.8300000000000001,1,0.06,0,0.0,0.18,0.06,1,0.06,0.05,0,0.0,8,0.47000000000000003,37.5,12.5,0.0,0.06,0.0,0.0,0.0,0.06,0.0,0.0,0.12,0.0,0.59,20.0,0.65,0.06,0.0,17.67,0.30000000000000004,0.18,30.06,80.08,13.1,66.06,1.01,100.0,24.07,88.92,5.93,45.0,23.67,37.29,0.01,0.12,0.06,0.0,0.0,0.0,0.06,2.96,42.0,0.24,0.0,0.18,0.0,0.12,0.0,5.22,51.14,91.85,13.81,0,,0,,0,0.0,0.0,0.0,,,0.59,,4.33,0.0,0.0,0.0,0.0,0,0.0
G. Falcón,Gonzalo Adrián Falcón Vitancour,391029,Cienciano,Cienciano,https://cdn5.wyscout.com/photos/team/public/542_120x120.png,Primera División,GK,GK,100,,0,,0,29.0,1996-11-16,300000,2027-12-31,15,1514,0,0.0,0,0.0,0.30000000000000004,80.0,Uruguay,['Uruguay'],right,190,71,True,1.13,0.0,0.0,0.12,50.0,0.0,0.0,0.0,1.13,1.92,0.0,0,0.0,0,0.0,0.0,0.0,0,0.0,0.0,0,0.0,0,0.0,0.0,0.0,0.0,0.0,0.0,0.0,0.0,0.0,0.0,0.0,0.0,0.0,0.18,100.0,0.0,0.0,0.06,7.61,0.06,0.18,18.01,86.8,11.06,81.18,0.0,0.0,11.0,98.38,7.01,68.64,32.08,46.97,0.0,0.0,0.0,0.0,0.0,0.0,0.0,1.37,47.83,0.12,0.0,0.06,0.0,0.0,0.0,5.47,78.26,95.37,6.42,22,1.31,62,3.69,3,64.52,18.37,1.09,-3.63,-0.216,0.0,0.8300000000000001,0.12,,,,0.0,0,0.0
L. Colitto,Lucas Andrés Colitto,253075,Cusco,Cusco,https://cdn5.wyscout.com/photos/team/public/3745_120x120.png,Primera División,"RW, RAMF",RW,39,RAMF,32,,0,32.0,1994-06-01,325000,2027-12-31,20,1513,3,2.76,5,4.61,11.9,46.5,Argentina,"['Argentina', 'Italy']",left,170,68,False,3.99,3.75,49.21,0.77,15.38,0.30000000000000004,0.46,0.0,1.8399999999999999,2.84,0.42,0,0.0,0,0.0,5.0,0.18,3,0.18,0.16,1,0.06,21,1.25,28.57,14.286,0.30000000000000004,5.77,38.14,2.14,41.67,3.5700000000000003,35.0,1.13,3.93,60.61,6.54,50.0,2.2,1.07,0.24,31.82,2.56,0.42,40.57,78.01,6.42,69.44,8.98,94.7,33.97,85.99,0.89,26.67,16.25,20.82,0.27,1.78,0.0,0.06,0.12,50.0,0.8300000000000001,2.44,73.17,5.83,41.84,0.24,25.0,0.65,2.44,5.77,79.38,71.54,15.47,0,,0,,0,0.0,0.0,0.0,,,0.12,,0.77,0.24,0.0,0.0,1.67,0,0.0
L. Sosa,Leandro Sosa Toranza,322468,Sporting Cristal,Sporting Cristal,https://cdn5.wyscout.com/photos/team/public/541_120x120.png,Primera División,RB,RB,94,,0,,0,32.0,1994-06-24,500000,2026-12-31,19,1506,1,0.71,1,0.64,9.02,51.66,Uruguay,['Uruguay'],right,177,71,False,6.57,4.12,62.32,1.25,28.57,0.84,1.49,0.24,3.17,5.64,0.06,1,0.06,0,0.0,1.9100000000000001,0.06,1,0.06,0.04,0,0.0,10,0.6000000000000001,30.0,10.0,0.06,3.35,33.93,0.0,0.0,3.35,33.93,0.12,1.08,55.56,2.93,46.94,1.2,1.31,0.36,31.2,2.87,0.9,40.64,80.74,15.48,76.83,5.38,90.0,34.24,88.31,3.23,48.15,18.75,35.75,0.04,0.48,0.0,0.06,0.0,0.0,0.42,4.48,77.33,2.87,33.33,0.42,28.57,0.24,1.02,8.49,69.01,81.04,12.61,0,,0,,0,0.0,0.0,0.0,,,0.36,,1.25,0.0,0.0,0.0,0.12,0,0.0
B. Palacios,Brandon Roberto Palacios Bustamante,-60893,FC Cajamarca,FC Cajamarca,https://cdn5.wyscout.com/photos/team/public/g-25565_120x120.png,Primera División,"AMF, CF, LAMF",AMF,32,CF,22,LAMF,22,28.0,1998-03-26,400000,2026-12-31,22,1499,6,6.68,1,0.85,17.35,51.9,Mexico,"['Mexico', 'Peru']",left,176,58,False,7.93,6.3,63.81,2.46,43.9,0.36,0.52,0.24,3.54,5.12,1.5,3,0.18,0,0.0,2.1,0.36,6,0.36,0.4,0,0.0,43,2.58,41.86,13.953,0.06,0.6000000000000001,30.0,0.24,0.0,0.36,50.0,0.12,1.8,43.33,7.2,50.0,2.58,1.74,0.42,18.91,2.1,2.2800000000000002,22.45,77.27,7.26,59.5,4.68,89.74,20.11,82.69,1.74,31.03,16.49,26.37,0.05,0.54,0.18,0.0,0.06,100.0,0.36,2.88,58.33,1.62,55.56,0.30000000000000004,40.0,0.72,0.18,3.42,71.93,83.84,5.94,0,,0,,0,0.0,0.0,0.0,,,0.06,,2.46,0.12,0.12,0.0,0.12,1,0.0
P. Míguez,Pablo Nicolás Míguez Farre,80238,Juan Pablo II College,Juan Pablo II College,https://cdn5.wyscout.com/photos/team/public/g-23170_120x120.png,Primera División,"RCB, DMF, LCB",RCB,38,DMF,14,LCB,13,39.0,1987-06-19,125000,2026-12-31,18,1496,0,0.31,0,0.07,9.81,50.92,Uruguay,"['Uruguay', 'Peru']",right,184,81,False,7.52,3.9699999999999998,62.12,3.25,53.7,0.30000000000000004,0.39,0.72,4.75,6.2,0.78,2,0.12,1,0.06,0.06,0.0,0,0.0,0.02,0,0.0,4,0.24,0.0,0.0,0.0,0.0,0.0,0.0,0.0,0.0,0.0,0.0,0.12,50.0,1.08,22.22,0.42,0.12,0.0,16.18,0.18,0.18,26.65,85.78,10.41,73.41,2.17,94.44,23.34,90.21,3.31,54.55,19.71,31.25,0.0,0.06,0.06,0.06,0.0,0.0,0.0,2.77,67.39,0.18,0.0,0.0,0.0,0.18,0.0,4.45,63.51,94.29,10.53,0,,0,,0,0.0,0.0,0.0,,,0.66,,3.25,0.0,0.0,0.0,0.0,0,0.0
G. Barreto,Gerson Alexis Barreto Gamboa,323939,Cienciano,Cienciano,https://cdn5.wyscout.com/photos/team/public/542_120x120.png,Primera División,"RDMF, DMF, RCMF",RDMF,33,DMF,18,RCMF,12,31.0,1995-08-18,400000,2026-12-31,21,1493,0,0.2,1,0.64,13.44,50.22,Peru,['Peru'],right,175,70,False,7.29,6.21,54.37,2.41,55.0,0.96,1.5899999999999999,0.18,2.95,4.87,1.57,5,0.30000000000000004,0,0.0,1.09,0.0,0,0.0,0.01,0,0.0,14,0.84,14.29,0.0,0.06,1.27,52.38,0.24,25.0,1.02,58.82,0.18,0.72,41.67,3.26,44.44,0.54,1.09,0.06,25.14,0.54,0.96,37.37,81.77,12.12,68.66,5.0,96.39,31.59,87.6,4.52,49.33,18.72,31.02,0.04,0.78,0.0,0.12,0.06,0.0,0.24,6.87,73.68,2.17,55.56,0.48,12.5,0.66,0.66,6.75,83.93,86.92,14.29,0,,0,,0,0.0,0.0,0.0,,,0.12,,2.41,0.30000000000000004,0.06,0.0,0.30000000000000004,0,0.0
M. Di Benedetto,Matías Ezequiel Di Benedetto,389831,Universitario,Universitario,https://cdn5.wyscout.com/photos/team/public/540_120x120.png,Primera División,"LCB3, LCB",LCB3,67,LCB,26,,0,33.0,1992-11-19,400000,2027-12-31,15,1487,0,0.76,0,0.0,9.87,61.35,Argentina,['Argentina'],left,184,83,False,7.14,4.3,71.83,3.75,56.45,0.42,0.62,0.48,3.63,5.29,0.85,3,0.18,0,0.0,0.24,0.0,0,0.0,0.05,0,0.0,8,0.48,25.0,0.0,0.0,0.18,33.33,0.06,0.0,0.0,0.0,0.0,0.18,33.33,0.85,28.57,0.67,0.73,0.0,18.34,0.97,0.12,28.87,87.63,13.98,82.68,0.79,92.31,24.75,92.67,3.99,57.58,20.44,36.27,0.0,0.0,0.0,0.0,0.06,0.0,0.0,4.3,74.65,0.36,33.33,0.18,33.33,0.12,0.06,6.11,80.2,91.71,10.95,0,,0,,0,0.0,0.0,0.0,,,0.30000000000000004,,3.75,0.0,0.0,0.0,0.0,0,0.0
O. Valenzuela,Oswaldo Josúe Valenzuela Dileo,-62567,Cusco,Cusco,https://cdn5.wyscout.com/photos/team/public/3745_120x120.png,Primera División,"LDMF, LCMF, DMF",LDMF,40,LCMF,28,DMF,28,25.0,2000-12-20,300000,2026-12-31,21,1483,0,0.1,1,0.08,7.95,51.91,Peru,['Peru'],right,171,70,False,7.34,4.07,52.24,1.27,52.38,0.18,0.30000000000000004,0.42,5.04,8.38,1.15,2,0.12,1,0.06,0.30000000000000004,0.0,0,0.0,0.01,0,0.0,7,0.42,28.57,0.0,0.06,0.30000000000000004,40.0,0.12,50.0,0.18,33.33,0.06,0.12,50.0,1.76,48.28,0.0,0.12,0.06,36.17,0.06,0.79,48.85,89.69,15.96,79.85,4.98,95.12,43.57,92.34,5.04,69.88,19.81,29.86,0.0,0.30000000000000004,0.0,0.0,0.06,0.0,0.06,8.37,74.64,0.97,50.0,0.73,41.67,0.30000000000000004,0.12,7.65,79.37,95.07,20.94,0,,0,,0,0.0,0.0,0.0,,,0.73,,1.27,0.0,0.0,0.0,0.0,0,0.0
A. Salazar,Héctor Aldair Salazar Tejada,289792,Deportivo Garcilaso,Deportivo Garcilaso,https://cdn5.wyscout.com/photos/team/public/g37890_120x120.png,Primera División,"RCB, RB",RCB,66,RB,22,,0,32.0,1994-08-19,275000,2026-12-31,19,1471,2,1.29,0,0.0,9.48,61.29,Peru,['Peru'],right,179,70,False,7.83,5.26,63.95,2.94,58.33,0.24,0.32,0.8,4.22,5.59,1.1,5,0.31,0,0.0,0.18,0.12,2,0.12,0.08,1,0.06,9,0.55,22.22,22.222,0.0,0.12,0.0,0.0,0.0,0.12,0.0,0.0,0.06,100.0,0.49,50.0,0.37,0.31,0.0,14.68,0.24,0.31,22.27,76.65,11.01,63.33,1.35,95.45,17.38,85.56,4.83,45.57,25.39,44.55,0.0,0.0,0.0,0.0,0.0,0.0,0.06,4.1,43.28,0.37,0.0,0.24,25.0,0.0,0.0,4.83,59.49,88.89,7.71,0,,0,,0,0.0,0.0,0.0,,,0.67,,2.94,0.06,0.06,0.0,0.0,0,0.0
C. Núñez,Claudio Ronaldo Núñez Aquino,472064,Cienciano,Cienciano,https://cdn5.wyscout.com/photos/team/public/542_120x120.png,Primera División,"RB, RCB, RCB3",RB,48,RCB,24,RCB3,11,30.0,1995-11-19,450000,2026-12-31,18,1469,0,0.9400000000000001,0,0.49,10.97,60.34,Paraguay,['Paraguay'],right,179,78,False,8.09,5.7,62.37,3.19,55.77,0.43,0.7000000000000001,0.61,4.1,6.68,1.1,2,0.12,0,0.0,0.25,0.0,0,0.0,0.06,0,0.0,6,0.37,50.0,0.0,0.0,0.18,33.33,0.0,0.0,0.18,33.33,0.0,0.0,0.0,0.61,80.0,0.49,0.25,0.06,18.56,0.49,0.25,30.94,80.2,15.19,68.55,2.51,95.12,25.79,86.46,4.96,49.38,21.9,38.95,0.03,0.37,0.0,0.0,0.06,0.0,0.12,5.7,61.29,0.92,26.67,0.43,28.57,0.31,0.06,7.66,78.4,91.93,9.86,0,,0,,0,0.0,0.0,0.0,,,1.04,,3.19,0.06,0.0,0.0,0.0,0,0.0
J. Herrera,Josuee Jesús Herrera Taber,-94487,Comerciantes Unidos,Comerciantes Unidos,https://cdn5.wyscout.com/photos/team/public/g17195_120x120.png,Primera División,"RAMF, RWF, RW",RAMF,49,RWF,19,RW,13,27.0,1999-02-04,250000,2026-12-31,23,1466,3,3.45,4,1.27,12.71,47.83,Peru,['Peru'],left,170,0,False,3.01,2.09,55.88,1.6600000000000001,44.44,0.37,0.61,0.18,1.47,2.44,0.31,4,0.25,0,0.0,2.58,0.18,3,0.18,0.21,1,0.06,40,2.46,42.5,7.5,0.25,1.8399999999999999,33.33,0.61,30.0,1.23,35.0,0.37,1.9,48.39,7.06,48.7,2.39,1.04,0.12,19.77,2.8200000000000003,2.76,24.13,72.01,7.12,58.62,4.54,95.95,17.74,79.58,4.6,58.67,20.17,32.96,0.08,0.92,0.06,0.06,0.06,0.0,0.74,4.48,61.64,2.89,53.19,0.37,66.67,1.04,0.74,5.22,76.47,72.54,8.72,0,,0,,0,0.0,0.0,0.0,,,0.06,,1.6600000000000001,0.61,0.18,33.33,0.8,0,0.0
M. Ruidías,Marlon Brayan Ruidías Cutipa,-169352,Cusco,Cusco,https://cdn5.wyscout.com/photos/team/public/3745_120x120.png,Primera División,"RB, RCMF",RB,75,RCMF,18,,0,27.0,1999-05-13,400000,2027-12-31,16,1461,1,0.56,1,1.6600000000000001,10.72,55.75,Peru,['Peru'],right,175,68,False,6.53,5.48,66.29,1.42,47.83,0.12,0.2,0.12,2.77,4.5,0.92,3,0.18,0,0.0,1.72,0.06,1,0.06,0.03,0,0.0,13,0.8,23.08,7.692,0.06,2.59,35.71,0.06,0.0,2.46,37.5,0.31,0.8,69.23,2.71,38.64,0.68,1.6,0.12,41.27,2.09,0.31,52.3,85.63,16.2,74.14,9.61,97.44,43.86,91.71,6.1,59.6,19.97,37.16,0.1,0.62,0.0,0.0,0.18,33.33,0.31,6.96,76.11,3.08,50.0,0.92,40.0,0.99,0.86,9.3,79.47,89.51,18.79,0,,0,,0,0.0,0.0,0.0,,,1.79,,1.42,0.0,0.0,0.0,0.0,0,0.0
J. Alvino,Josue Alvino,-141608,ADT,ADT,https://cdn5.wyscout.com/photos/team/public/g17201_120x120.png,Primera División,"DMF, RDMF, RCMF",DMF,26,RDMF,22,RCMF,15,22.0,2003-09-24,0,,20,1460,1,0.8,0,0.11,10.17,64.24,Peru,['Peru'],,0,0,False,6.47,5.18,69.05,1.42,52.17,0.12,0.21,0.25,2.77,4.77,0.68,2,0.12,0,0.0,0.68,0.06,1,0.06,0.05,1,0.06,11,0.68,45.45,9.091,0.0,0.12,50.0,0.0,0.0,0.12,50.0,0.0,0.49,62.5,2.77,62.22,0.31,0.55,0.12,25.89,0.74,1.05,34.95,89.77,8.94,80.0,4.25,98.55,31.81,91.86,3.02,69.39,18.9,36.45,0.01,0.49,0.06,0.0,0.0,0.0,0.0,4.87,79.75,0.55,55.56,0.12,50.0,0.31,0.06,4.62,78.67,94.35,15.29,0,,0,,0,0.0,0.0,0.0,,,0.43,,1.42,0.0,0.0,0.0,0.0,0,0.0
F. Callejo,Facundo Julián Callejo,294622,Cusco,Cusco,https://cdn5.wyscout.com/photos/team/public/3745_120x120.png,Primera División,CF,CF,98,,0,,0,34.0,1992-07-02,350000,2027-12-31,20,1458,14,12.53,3,1.57,8.83,39.86,Argentina,['Argentina'],right,170,67,False,1.17,1.48,25.0,4.44,55.56,0.12,0.19,0.06,0.68,1.06,0.99,2,0.12,0,0.0,2.04,0.86,11,0.68,0.77,3,0.19,56,3.46,48.21,25.0,0.19,0.62,20.0,0.31,40.0,0.31,0.0,0.0,0.25,100.0,1.3599999999999999,36.36,4.75,0.31,0.06,12.1,2.47,0.37,12.28,75.88,1.23,40.0,4.14,94.03,10.93,81.36,0.8,38.46,16.57,17.83,0.1,0.49,0.06,0.0,0.0,0.0,0.37,0.8,46.15,0.43,42.86,0.0,0.0,0.56,0.06,0.99,50.0,68.66,4.14,0,,0,,0,0.0,0.0,0.0,,,0.12,,4.44,0.06,0.0,0.0,0.0,5,60.0
J. Luján,José Félix Luján Feijoo,471285,Alianza Atlético,Alianza Atlético,https://cdn5.wyscout.com/photos/team/public/545_120x120.png,Primera División,LCB,LCB,97,,0,,0,29.0,1997-01-12,275000,,17,1447,1,0.65,0,0.44,8.46,63.24,Peru,['Peru'],left,184,78,False,9.14,4.04,64.62,2.92,57.45,0.19,0.25,0.68,6.34,8.67,0.68,2,0.12,0,0.0,0.19,0.06,1,0.06,0.04,0,0.0,4,0.25,50.0,25.0,0.0,0.0,0.0,0.0,0.0,0.0,0.0,0.0,0.06,100.0,0.68,72.73,0.31,0.12,0.0,14.74,0.25,0.37,25.44,83.37,12.44,73.5,1.18,94.74,21.09,88.79,4.35,57.14,22.07,36.29,0.03,0.12,0.0,0.0,0.0,0.0,0.0,2.43,33.33,0.19,0.0,0.06,0.0,0.06,0.0,4.42,61.97,93.83,10.08,0,,0,,0,0.0,0.0,0.0,,,0.93,,2.92,0.06,0.0,0.0,0.0,0,0.0
A. de la Cruz,Adrián de la Cruz,-676581,Atlético Grau,Atlético Grau,https://cdn5.wyscout.com/photos/team/public/3746_120x120.png,Primera División,"RCMF, DMF, RDMF",RCMF,38,DMF,28,RDMF,24,22.0,2003-09-17,0,,21,1443,0,0.4,0,0.8,13.6,51.38,Peru,['Peru'],right,175,0,False,6.8,6.49,55.77,1.9300000000000002,54.84,0.19,0.25,0.37,2.99,4.03,1.5,2,0.12,0,0.0,0.81,0.0,0,0.0,0.02,0,0.0,15,0.9400000000000001,26.67,0.0,0.0,0.5,37.5,0.0,0.0,0.5,37.5,0.12,0.62,60.0,3.43,40.0,0.25,0.9400000000000001,0.12,18.84,0.12,0.5,30.69,81.3,12.35,70.2,2.99,97.92,26.07,86.84,4.24,51.47,20.22,35.48,0.05,0.44,0.0,0.0,0.0,0.0,0.25,6.36,73.53,0.75,58.33,0.25,50.0,0.37,0.12,6.92,73.87,88.71,11.6,0,,0,,0,0.0,0.0,0.0,,,0.31,,1.9300000000000002,0.0,0.0,0.0,0.0,0,0.0
J. Salas,Javier Alván Salas Salazar,227486,,Melgar,,,"LCMF, LDMF, RDMF",LCMF,23,LDMF,23,RDMF,22,33.0,1993-08-20,1200000,,16,1440,1,0.52,0,0.21,10.13,52.47,Mexico,['Mexico'],right,181,73,False,6.44,4.88,56.41,2.63,50.0,0.19,0.30000000000000004,0.25,3.5,5.51,1.31,2,0.13,0,0.0,0.19,0.06,1,0.06,0.03,1,0.06,5,0.31,40.0,20.0,0.0,0.19,0.0,0.0,0.0,0.19,0.0,0.0,0.0,0.0,1.62,50.0,0.5,0.25,0.0,28.44,0.13,0.75,38.75,88.55,10.75,72.09,5.44,96.55,35.94,92.35,2.63,42.86,17.41,29.12,0.01,0.44,0.0,0.06,0.13,50.0,0.13,4.0,71.88,0.6900000000000001,36.36,0.25,25.0,0.38,0.06,4.19,67.16,96.09,16.0,0,,0,,0,0.0,0.0,0.0,,,0.06,,2.63,0.0,0.0,0.0,0.0,0,0.0
C. Souza,Cristian Souza España,414711,Cienciano,Cienciano,https://cdn5.wyscout.com/photos/team/public/542_120x120.png,Primera División,"RAMF, RW, RB5",RAMF,39,RW,17,RB5,11,30.0,1995-08-28,300000,2026-12-31,20,1436,1,2.41,3,6.19,13.98,48.43,Uruguay,"['Uruguay', 'Italy']",right,170,67,False,4.95,3.76,63.33,0.81,38.46,0.0,0.0,0.06,2.5700000000000003,4.52,0.75,1,0.06,0,0.0,6.89,0.06,1,0.06,0.15,0,0.0,20,1.25,40.0,5.0,0.19,9.15,39.04,0.9400000000000001,40.0,8.21,38.93,0.9400000000000001,4.39,62.86,8.59,44.53,2.88,2.13,0.19,22.44,3.45,0.81,31.71,66.6,5.77,63.04,6.52,88.46,20.31,80.86,2.76,50.0,19.86,36.47,0.39,2.76,0.25,0.0,0.06,100.0,1.82,2.32,59.46,7.02,47.32,0.31,20.0,0.56,3.32,6.46,85.44,62.09,13.22,0,,0,,0,0.0,0.0,0.0,,,0.25,,0.81,0.31,0.0,0.0,1.75,0,0.0
F. Gaibor,Fernando Vicente Gaibor Orellana,113401,Alianza Lima,Alianza Lima,https://cdn5.wyscout.com/photos/team/public/551_120x120.png,Primera División,"RCMF3, LDMF, DMF",RCMF3,43,LDMF,10,DMF,10,34.0,1991-10-08,650000,2026-12-31,19,1434,3,1.27,1,3.83,11.49,45.9,Ecuador,['Ecuador'],right,179,75,False,4.96,4.52,56.94,1.0,25.0,0.13,0.22,0.0,2.26,3.96,0.9400000000000001,2,0.13,0,0.0,1.9500000000000002,0.19,3,0.19,0.08,0,0.0,20,1.26,45.0,15.0,0.06,1.51,58.33,0.13,100.0,1.38,54.55,0.13,0.75,50.0,4.21,38.81,0.6900000000000001,1.0,0.19,39.85,1.51,0.75,50.65,85.38,18.45,76.53,6.34,96.04,41.86,90.1,7.41,63.56,18.24,35.99,0.24,1.88,0.31,0.06,0.31,40.0,0.56,11.17,78.09,3.77,56.67,1.51,50.0,1.63,0.88,11.36,85.08,89.7,18.89,0,,0,,0,0.0,0.0,0.0,,,0.13,,1.0,1.38,0.06,0.0,2.76,0,0.0
C. Neira,Christian Neira Herrera,-219063,Alianza Lima,Alianza Lima,https://cdn5.wyscout.com/photos/team/public/551_120x120.png,Primera División,"AMF, RAMF, LAMF",AMF,18,RAMF,15,LAMF,14,25.0,2000-11-23,650000,2027-12-31,20,1433,1,3.13,1,2.36,21.48,42.4,Peru,['Peru'],right,168,62,False,4.33,5.78,56.52,0.88,21.43,0.0,0.0,0.06,1.07,1.6,1.7000000000000002,3,0.19,0,0.0,3.39,0.06,1,0.06,0.2,0,0.0,25,1.57,36.0,4.0,0.06,2.01,43.75,1.32,33.33,0.63,70.0,0.31,4.15,46.97,11.68,40.86,2.51,2.14,0.38,27.45,2.14,2.32,34.79,82.13,8.23,72.52,8.1,92.25,29.71,87.53,3.27,55.77,17.56,35.02,0.15,1.13,0.0,0.0,0.0,0.0,0.38,4.27,75.0,3.64,50.0,0.75,50.0,1.26,0.75,5.4,76.74,83.24,11.62,0,,0,,0,0.0,0.0,0.0,,,0.13,,0.88,1.13,0.19,0.0,2.26,0,0.0
F. Arancibia,Francisco Andrés Arancibia Silva,326282,Deportivo Garcilaso,Deportivo Garcilaso,https://cdn5.wyscout.com/photos/team/public/g37890_120x120.png,Primera División,"RAMF, RW, RWF",RAMF,49,RW,28,RWF,14,29.0,1996-11-12,300000,2026-12-31,20,1425,5,1.57,3,4.23,17.75,46.62,Chile,['Chile'],left,170,69,False,2.9699999999999998,2.65,54.76,1.2,36.84,0.06,0.09,0.0,1.45,2.01,0.88,3,0.19,0,0.0,5.5600000000000005,0.32,5,0.32,0.1,0,0.0,14,0.88,50.0,35.714,0.19,2.59,56.1,0.19,66.67,2.4,55.26,0.44,6.06,59.38,12.51,46.97,3.09,3.73,0.25,10.74,2.34,1.77,14.15,77.68,3.09,71.43,3.09,95.92,10.99,83.33,0.63,60.0,17.79,16.18,0.27,1.45,0.06,0.0,0.06,100.0,1.2,1.58,72.0,2.02,50.0,0.13,100.0,0.76,1.52,2.9699999999999998,82.98,77.78,5.12,0,,0,,0,0.0,0.0,0.0,,,0.0,,1.2,0.0,0.0,0.0,0.0,0,0.0
L. Garro,Luis Fernando Garro Sánchez,468958,UTC Cajamarca,UTC Cajamarca,https://cdn5.wyscout.com/photos/team/public/g6809_120x120.png,Primera División,RB,RB,91,,0,,0,30.0,1996-07-20,300000,2026-12-31,21,1420,0,0.05,0,0.64,13.12,54.59,Peru,['Peru'],right,175,72,False,7.99,6.85,61.11,1.77,67.86,0.63,0.9500000000000001,0.06,3.17,4.76,1.3900000000000001,3,0.19,0,0.0,1.33,0.0,0,0.0,0.0,0,0.0,4,0.25,0.0,0.0,0.0,2.47,33.33,0.06,0.0,2.41,34.21,0.38,1.1400000000000001,44.44,3.42,33.33,0.38,0.38,0.32,23.83,1.8399999999999999,0.63,29.15,79.78,10.9,75.0,5.2,89.02,24.72,86.41,2.2800000000000002,50.0,17.86,32.3,0.04,0.51,0.0,0.0,0.0,0.0,0.32,3.36,71.7,2.54,40.0,0.19,100.0,0.38,0.89,6.08,69.79,76.52,7.29,0,,0,,0,0.0,0.0,0.0,,,0.38,,1.77,0.0,0.0,0.0,0.0,0,0.0
J. Castillo,Jesús Abdallah Castillo Molina,-78788,ES Tunis,Universitario,https://cdn5.wyscout.com/photos/team/public/2031_120x120.png,Ligue 1,DMF,DMF,91,,0,,0,25.0,2001-06-11,700000,2029-06-30,19,1420,0,0.25,0,0.7000000000000001,9.7,54.25,Peru,['Peru'],right,185,80,False,7.35,4.63,49.32,1.8399999999999999,55.17,0.32,0.48,0.32,4.75,7.21,1.65,3,0.19,0,0.0,0.5700000000000001,0.0,0,0.0,0.02,0,0.0,11,0.7000000000000001,18.18,0.0,0.0,0.63,60.0,0.06,100.0,0.5700000000000001,55.56,0.06,0.19,33.33,1.33,52.38,0.13,0.25,0.0,37.2,0.19,0.5700000000000001,52.16,85.91,19.84,75.4,5.01,98.73,42.27,91.6,9.32,61.9,22.48,39.0,0.04,0.44,0.0,0.06,0.0,0.0,0.25,11.28,75.84,2.2800000000000002,44.44,0.7000000000000001,18.18,0.5700000000000001,0.44,10.27,83.33,92.92,22.37,0,,0,,0,0.0,0.0,0.0,,,0.06,,1.8399999999999999,0.19,0.0,0.0,0.0,0,0.0
D. Prieto,Daniel Arturo Prieto Solimano,240969,Alianza Atlético,Alianza Atlético,https://cdn5.wyscout.com/photos/team/public/545_120x120.png,Primera División,GK,GK,100,,0,,0,30.0,1995-09-18,175000,2026-12-31,14,1409,0,0.0,0,0.0,0.89,92.86,Peru,['Peru'],right,191,94,False,2.62,0.0,0.0,0.51,100.0,0.0,0.0,0.0,2.62,3.46,0.0,2,0.13,0,0.0,0.0,0.0,0,0.0,0.0,0,0.0,0,0.0,0.0,0.0,0.0,0.0,0.0,0.0,0.0,0.0,0.0,0.0,0.0,0.0,0.38,83.33,0.0,0.0,0.0,7.92,0.26,0.38,14.95,86.75,8.56,77.61,0.0,0.0,10.79,99.41,4.02,55.56,31.81,53.64,0.0,0.0,0.0,0.0,0.0,0.0,0.0,1.6,36.0,0.26,0.0,0.06,0.0,0.0,0.0,2.68,78.57,98.91,5.88,14,0.89,49,3.13,4,71.43,13.1,0.84,-0.9,-0.057,0.0,2.36,0.51,,,,0.0,0,0.0
N. Bandiera,Neri Ricardo Bandiera,221335,Cienciano,Cienciano,https://cdn5.wyscout.com/photos/team/public/542_120x120.png,Primera División,"LAMF, LW",LAMF,49,LW,13,,0,37.0,1989-07-03,250000,2026-12-31,20,1404,6,7.39,0,1.9300000000000002,12.31,46.35,Argentina,['Argentina'],right,170,65,False,2.8200000000000003,1.92,60.0,2.95,39.13,0.26,0.44,0.13,1.4100000000000001,2.41,0.71,1,0.06,0,0.0,1.92,0.38,6,0.38,0.47000000000000003,2,0.13,28,1.79,53.57,21.429,0.0,1.47,34.78,1.15,27.78,0.26,75.0,0.19,1.09,35.29,5.26,51.22,2.95,0.64,0.06,8.14,1.6,2.24,10.77,63.1,3.01,55.32,1.73,77.78,8.01,72.8,1.4100000000000001,31.82,16.63,24.89,0.12,0.58,0.0,0.0,0.06,100.0,0.38,1.35,47.62,1.35,38.1,0.19,66.67,0.38,0.51,2.12,72.73,52.0,3.21,0,,0,,0,0.0,0.0,0.0,,,0.06,,2.95,0.0,0.0,0.0,0.0,0,0.0
E. Saba,Emilio Esteban Saba Fassioli,-64191,Sport Boys,Sport Boys,https://cdn5.wyscout.com/photos/team/public/552_120x120.png,Primera División,RB,RB,88,,0,,0,25.0,2001-03-26,475000,2026-12-31,16,1388,1,1.8399999999999999,1,0.97,14.01,54.17,Peru,['Peru'],right,180,72,False,8.43,6.68,66.99,2.4,56.76,0.32,0.51,0.13,3.63,5.68,1.04,5,0.32,0,0.0,1.56,0.06,1,0.06,0.12,0,0.0,12,0.78,66.67,8.333,0.06,1.82,35.71,0.0,0.0,1.82,35.71,0.39,0.78,50.0,3.44,28.3,1.56,1.17,0.13,19.45,2.07,0.39,28.4,76.03,12.26,69.31,4.6,91.55,23.28,83.57,3.44,43.4,17.22,33.36,0.06,0.58,0.0,0.0,0.0,0.0,0.52,3.96,60.66,2.27,42.86,0.06,0.0,0.52,0.65,5.45,70.24,68.75,6.22,0,,0,,0,0.0,0.0,0.0,,,0.52,,2.4,0.0,0.0,0.0,0.06,0,0.0
C. Flores,Christian Martín Flores Córdova,-258802,Juan Pablo II College,Juan Pablo II College,https://cdn5.wyscout.com/photos/team/public/g-23170_120x120.png,Primera División,"DMF, LCMF, RCMF",DMF,50,LCMF,18,RCMF,13,25.0,2001-01-12,225000,2027-12-31,20,1378,0,0.0,0,0.0,10.78,51.52,Peru,['Peru'],right,175,70,False,7.9,5.68,44.83,2.48,57.89,0.72,1.01,0.39,4.64,6.53,1.24,4,0.26,0,0.0,0.2,0.0,0,0.0,0.0,0,0.0,0,0.0,0.0,0.0,0.0,0.0,0.0,0.0,0.0,0.0,0.0,0.0,0.33,60.0,1.76,66.67,0.0,0.0,0.0,24.3,0.07,1.04,36.31,85.97,10.12,67.74,5.29,91.36,33.44,88.28,2.87,59.09,17.82,28.11,0.0,0.07,0.0,0.0,0.0,0.0,0.0,4.83,68.92,0.33,40.0,0.13,0.0,0.13,0.0,4.77,65.75,93.67,14.43,0,,0,,0,0.0,0.0,0.0,,,0.33,,2.48,0.0,0.0,0.0,0.0,0,0.0
Fabio Agurto,Fabio Eduardo Agurto Monteza,-676363,Juan Pablo II College,Juan Pablo II College,https://cdn5.wyscout.com/photos/team/public/g-23170_120x120.png,Primera División,"LB, RB",LB,43,RB,38,,0,21.0,2005-04-26,0,2026-12-31,16,1377,0,0.36,0,0.01,12.55,59.38,Peru,['Peru'],right,178,0,False,11.11,6.73,67.96,3.07,53.19,0.78,1.08,0.39,5.75,7.9,0.98,1,0.07,1,0.07,0.65,0.0,0,0.0,0.02,0,0.0,3,0.2,33.33,0.0,0.0,0.65,20.0,0.13,0.0,0.52,25.0,0.13,0.65,70.0,1.63,52.0,0.33,0.65,0.0,19.08,1.37,0.52,28.63,75.57,15.03,66.52,2.29,88.57,24.44,82.09,3.5300000000000002,40.74,19.16,35.39,0.0,0.13,0.0,0.07,0.0,0.0,0.07,4.05,58.06,1.11,29.41,0.13,50.0,0.26,0.13,6.93,58.49,85.19,7.06,0,,0,,0,0.0,0.0,0.0,,,0.07,,3.07,0.0,0.0,0.0,0.0,0,0.0
E. Ramírez Manrique,Erinson Raimundo Ramírez Manrique,435257,Juan Pablo II College,Juan Pablo II College,https://cdn5.wyscout.com/photos/team/public/g-23170_120x120.png,Primera División,"RW, LW, RWF",RW,44,LW,13,RWF,12,28.0,1998-03-15,400000,,20,1377,4,4.33,5,2.29,8.95,46.72,Peru,['Peru'],right,175,77,False,4.51,2.16,75.76,1.05,25.0,0.13,0.2,0.0,2.75,4.12,0.07,0,0.0,0,0.0,2.61,0.26,0,0.0,0.28,0,0.0,25,1.63,44.0,16.0,0.33,2.03,32.26,0.33,40.0,1.63,32.0,0.33,1.9,65.52,4.51,39.13,1.5,1.44,0.26,19.8,2.03,0.59,26.27,74.88,7.25,63.96,6.34,93.81,21.37,81.04,3.01,58.7,18.85,35.05,0.15,1.18,0.0,0.07,0.0,0.0,0.92,4.05,67.74,2.94,46.67,0.2,66.67,1.11,0.78,4.97,76.32,75.0,7.84,0,,0,,0,0.0,0.0,0.0,,,0.07,,1.05,0.13,0.13,50.0,0.07,4,100.0
J. Canela,Jeremy Jorge Canela Torres Temoche,501451,ADT,ADT,https://cdn5.wyscout.com/photos/team/public/g17201_120x120.png,Primera División,"RW, RAMF, AMF",RW,42,RAMF,21,AMF,11,28.0,1998-03-06,400000,2027-12-31,21,1373,3,2.68,3,1.6800000000000002,12.98,48.48,Peru,['Peru'],right,163,60,False,3.8,3.15,47.92,1.31,30.0,0.46,0.8,0.0,1.8399999999999999,3.19,1.25,2,0.13,1,0.07,2.29,0.2,3,0.2,0.18,0,0.0,33,2.16,21.21,9.091,0.2,2.95,20.0,0.46,0.0,2.49,23.68,0.52,1.6400000000000001,72.0,6.88,55.24,2.1,2.1,0.13,20.32,3.08,2.56,24.32,74.12,4.72,69.44,5.51,83.33,19.47,81.82,2.03,74.19,20.16,29.66,0.11,1.05,0.2,0.0,0.07,100.0,0.52,3.02,84.78,3.2800000000000002,36.0,0.2,66.67,0.72,0.59,3.93,73.33,70.83,9.44,0,,0,,0,0.0,0.0,0.0,,,0.0,,1.31,0.59,0.2,33.33,0.72,0,0.0
S. Enciso,Sebastian Enciso Avila,-65182,FC Cajamarca,FC Cajamarca,https://cdn5.wyscout.com/photos/team/public/g-25565_120x120.png,Primera División,"LB, RAMF, RW",LB,38,RAMF,22,RW,10,23.0,2002-10-31,0,,16,1355,1,0.72,4,1.21,12.22,46.2,Peru,['Peru'],,166,0,False,6.04,4.45,62.69,1.0,26.67,0.53,0.76,0.07,2.7199999999999998,3.89,0.53,0,0.0,0,0.0,1.9300000000000002,0.07,1,0.07,0.05,0,0.0,22,1.46,22.73,4.545,0.27,1.3900000000000001,47.62,1.2,44.44,0.2,66.67,0.13,1.73,53.85,6.04,39.56,0.93,1.2,0.13,20.46,1.79,0.73,26.83,79.21,10.16,68.63,4.18,96.83,22.98,84.97,2.52,42.11,19.53,34.17,0.08,0.73,0.0,0.07,0.0,0.0,0.6000000000000001,3.79,71.93,1.3900000000000001,47.62,0.13,0.0,0.27,0.66,5.58,77.38,84.43,8.1,0,,0,,0,0.0,0.0,0.0,,,0.07,,1.0,0.46,0.2,0.0,0.6000000000000001,0,0.0
A. Dávila,Allonso Dávila,-332616,CD Moquegua,CD Moquegua,https://cdn5.wyscout.com/photos/team/public/g-25564_120x120.png,Primera División,"RW, LW, RAMF",RW,38,LW,23,RAMF,16,24.0,2002-05-28,0,,23,1353,0,1.21,0,1.43,14.04,51.18,Peru,['Peru'],unknown,174,0,False,6.25,4.12,50.0,2.66,42.5,1.33,1.63,0.13,2.86,3.51,0.6000000000000001,4,0.27,0,0.0,2.5300000000000002,0.0,0,0.0,0.08,0,0.0,21,1.4,28.57,0.0,0.0,1.46,31.82,1.06,25.0,0.4,50.0,0.07,2.5300000000000002,65.79,6.25,56.38,0.86,0.93,0.4,15.43,1.8599999999999999,2.33,21.02,67.72,7.05,54.72,3.46,90.38,16.23,75.0,3.39,47.06,20.27,29.07,0.1,1.0,0.13,0.0,0.0,0.0,0.2,3.33,56.0,2.2,33.33,0.27,0.0,0.53,0.47000000000000003,4.99,66.67,69.81,7.05,0,,0,,0,0.0,0.0,0.0,,,0.0,,2.66,0.8,0.2,100.0,1.33,0,0.0
J. Guivin,Jordan Marcelo Guivin Tanta,472258,Universitario,Universitario,https://cdn5.wyscout.com/photos/team/public/540_120x120.png,Primera División,"LDMF, RCMF, LCMF",LDMF,28,RCMF,21,LCMF,15,28.0,1998-02-23,425000,2028-12-31,18,1352,5,2.8,0,1.13,8.05,40.5,Peru,['Peru'],right,170,65,False,3.73,3.39,54.9,0.2,33.33,0.27,0.44,0.27,1.6,2.63,0.73,2,0.13,0,0.0,1.6600000000000001,0.33,5,0.33,0.19,0,0.0,37,2.46,40.54,13.514,0.0,1.33,30.0,0.67,20.0,0.67,40.0,0.0,1.2,22.22,3.73,28.57,1.6,1.4,0.27,32.29,1.46,0.6000000000000001,36.48,88.69,11.65,81.14,5.39,93.83,30.42,95.19,4.99,61.33,19.68,44.39,0.08,0.93,0.07,0.07,0.0,0.0,0.47000000000000003,7.79,79.49,1.8599999999999999,35.71,0.6000000000000001,33.33,0.67,0.33,6.12,92.39,90.32,14.45,0,,0,,0,0.0,0.0,0.0,,,0.07,,0.2,0.27,0.2,100.0,0.2,0,0.0
P. Guerrero,José Paolo Guerrero Gonzáles,2009,Alianza Lima,Alianza Lima,https://cdn5.wyscout.com/photos/team/public/551_120x120.png,Primera División,"CF, AMF",CF,74,AMF,20,,0,42.0,1984-01-01,100000,2026-12-31,19,1340,4,5.95,0,1.2,18.13,35.19,Peru,['Peru'],right,185,86,False,2.15,2.35,34.29,7.05,50.48,0.0,0.0,0.07,1.34,2.51,1.4100000000000001,4,0.27,0,0.0,1.01,0.27,2,0.13,0.4,0,0.0,36,2.42,33.33,11.111,0.0,0.13,0.0,0.0,0.0,0.13,0.0,0.07,0.74,27.27,6.58,20.41,2.62,0.2,0.0,12.22,1.48,0.67,18.47,76.0,4.7,48.57,5.1,90.79,18.0,76.87,0.34,60.0,13.79,7.49,0.08,0.6000000000000001,0.0,0.07,0.07,0.0,0.27,1.6800000000000002,56.0,0.9400000000000001,28.57,0.07,0.0,0.9400000000000001,0.0,1.6800000000000002,56.0,84.85,4.43,0,,0,,0,0.0,0.0,0.0,,,0.0,,7.05,0.27,0.27,0.0,0.0,2,100.0
R. Ruidíaz,Raúl Mario Ruidíaz Misitich,99641,Atlético Grau,Atlético Grau,https://cdn5.wyscout.com/photos/team/public/3746_120x120.png,Primera División,CF,CF,97,,0,,0,36.0,1990-07-25,2000000,2029-12-31,19,1338,3,7.09,1,0.53,13.86,36.89,Peru,"['Peru', 'Croatia']",right,167,65,False,1.6800000000000002,1.6800000000000002,40.0,4.04,33.33,0.07,0.09,0.0,0.9400000000000001,1.29,0.9400000000000001,2,0.13,0,0.0,2.62,0.2,2,0.13,0.48,0,0.0,56,3.77,39.29,5.357,0.07,0.61,11.11,0.27,0.0,0.34,20.0,0.13,1.88,57.14,6.26,40.86,3.5,0.27,0.07,12.71,2.89,1.28,14.66,77.98,3.63,68.52,3.36,94.0,13.39,81.41,0.67,70.0,18.34,18.03,0.04,0.47000000000000003,0.0,0.0,0.0,0.0,0.13,1.75,84.62,0.87,38.46,0.0,0.0,0.2,0.2,1.9500000000000002,75.86,78.38,4.98,0,,0,,0,0.0,0.0,0.0,,,0.2,,4.04,0.27,0.27,25.0,0.27,3,33.333
P. Magallanes,Piero Alessandro Magallanes Broggi,-98341,Sport Huancayo,Sport Huancayo,https://cdn5.wyscout.com/photos/team/public/1671_120x120.png,Primera División,"RAMF, LAMF, RW",RAMF,32,LAMF,26,RW,11,25.0,2001-04-03,0,2027-12-31,21,1337,3,3.14,1,2.08,20.67,45.6,Peru,['Peru'],right,0,0,False,3.5700000000000003,3.43,58.82,1.6800000000000002,32.0,0.54,0.76,0.0,1.01,1.42,0.88,2,0.13,0,0.0,4.71,0.2,2,0.13,0.21,0,0.0,34,2.29,35.29,8.824,0.07,2.76,34.15,0.9400000000000001,28.57,1.75,38.46,0.34,5.99,48.31,13.87,45.15,3.43,3.16,0.2,23.69,3.23,2.36,29.28,72.18,7.67,52.63,5.86,90.8,23.83,80.23,3.1,43.48,18.14,33.22,0.14,1.48,0.13,0.07,0.07,100.0,0.47000000000000003,3.9699999999999998,55.93,3.16,38.3,0.4,33.33,1.28,0.81,3.77,80.36,77.08,9.69,0,,0,,0,0.0,0.0,0.0,,,0.0,,1.6800000000000002,0.47000000000000003,0.07,0.0,0.27,1,100.0
K. Sandoval,Kevin Armando Sandoval Laynes,472080,Deportivo Garcilaso,Deportivo Garcilaso,https://cdn5.wyscout.com/photos/team/public/g37890_120x120.png,Primera División,"RW, AMF, LAMF",RW,26,AMF,25,LAMF,14,29.0,1997-05-03,500000,2026-12-31,21,1328,1,1.56,3,1.8399999999999999,10.03,36.49,Peru,['Peru'],left,174,62,False,3.66,2.7800000000000002,53.66,1.42,14.29,0.27,0.38,0.0,1.9,2.63,0.75,1,0.07,0,0.0,1.63,0.07,1,0.07,0.11,0,0.0,20,1.3599999999999999,35.0,5.0,0.2,0.88,53.85,0.54,50.0,0.34,60.0,0.14,1.29,52.63,5.08,33.33,0.81,1.02,0.14,17.89,1.02,0.9500000000000001,23.52,81.56,6.57,70.1,4.47,93.94,21.14,84.94,1.56,52.17,17.49,23.69,0.12,1.08,0.0,0.07,0.14,0.0,0.2,3.86,73.68,1.63,58.33,0.14,0.0,0.61,0.41000000000000003,3.66,68.52,87.61,7.66,0,,0,,0,0.0,0.0,0.0,,,0.27,,1.42,1.56,0.07,0.0,2.17,0,0.0
C. Zambrano,Carlos Augusto Zambrano Ochandarte,39442,Sport Boys,Sport Boys,https://cdn5.wyscout.com/photos/team/public/552_120x120.png,Primera División,"RCB, CB",RCB,76,CB,21,,0,37.0,1989-07-10,375000,2026-12-31,14,1321,0,0.05,0,0.35000000000000003,8.65,52.76,Peru,['Peru'],right,185,79,False,5.65,3.27,50.0,2.52,43.24,0.07,0.11,0.27,3.95,6.67,1.16,4,0.27,0,0.0,0.07,0.0,0,0.0,0.0,0,0.0,3,0.2,0.0,0.0,0.0,0.14,0.0,0.0,0.0,0.14,0.0,0.07,0.07,100.0,1.02,53.33,0.14,0.75,0.07,21.6,0.61,0.9500000000000001,31.34,86.3,14.92,77.63,3.41,94.0,25.14,91.6,6.06,66.29,22.27,38.37,0.02,0.14,0.0,0.0,0.0,0.0,0.07,4.43,70.77,0.61,44.44,0.2,33.33,0.27,0.0,5.72,71.43,94.64,11.45,0,,0,,0,0.0,0.0,0.0,,,2.59,,2.52,0.0,0.0,0.0,0.0,0,0.0
W. Riveros,Williams Riveros Ibáñez,139118,Universitario,Universitario,https://cdn5.wyscout.com/photos/team/public/540_120x120.png,Primera División,CB,CB,87,,0,,0,33.0,1992-11-20,500000,2027-12-31,16,1315,2,0.68,0,0.0,9.38,59.12,Paraguay,['Paraguay'],right,186,82,False,7.46,3.01,72.73,4.11,53.33,0.14,0.21,0.96,5.13,7.76,0.75,4,0.27,1,0.07,0.34,0.14,2,0.14,0.05,0,0.0,4,0.27,75.0,50.0,0.0,0.0,0.0,0.0,0.0,0.0,0.0,0.0,0.14,100.0,0.89,46.15,0.55,0.62,0.0,20.33,0.14,0.55,31.83,87.96,12.05,78.98,0.8200000000000001,100.0,26.97,92.89,4.86,60.56,21.72,38.48,0.0,0.0,0.0,0.0,0.0,0.0,0.0,2.81,60.98,0.27,25.0,0.14,50.0,0.07,0.0,5.41,72.15,95.36,16.22,0,,0,,0,0.0,0.0,0.0,,,0.55,,4.11,0.0,0.0,0.0,0.0,0,0.0
P. Fuentes,Paolo Gessú Fuentes Varcárcel,395858,,Juan Pablo II College,,,"RCB, CB",RCB,56,CB,37,,0,30.0,1996-05-11,400000,,14,1310,3,2.91,1,0.23,9.48,47.1,Peru,['Peru'],right,180,70,False,7.76,3.5,52.94,3.5700000000000003,42.31,0.41000000000000003,0.61,1.1,5.5,8.08,1.03,5,0.34,1,0.07,0.27,0.21,3,0.21,0.2,0,0.0,7,0.48,57.14,42.857,0.07,0.0,0.0,0.0,0.0,0.0,0.0,0.0,0.0,0.0,0.76,54.55,0.6900000000000001,0.27,0.0,15.25,0.34,0.6900000000000001,23.63,88.95,8.59,76.8,1.79,100.0,19.72,94.77,3.92,59.65,22.49,35.43,0.02,0.07,0.0,0.0,0.0,0.0,0.07,1.37,65.0,0.21,66.67,0.07,100.0,0.27,0.0,3.64,64.15,96.49,11.75,0,,0,,0,0.0,0.0,0.0,,,1.37,,3.5700000000000003,0.0,0.0,0.0,0.0,0,0.0
X. Moreno,Xavi Moreno Layme,-259914,Deportivo Garcilaso,Deportivo Garcilaso,https://cdn5.wyscout.com/photos/team/public/g37890_120x120.png,Primera División,LB,LB,61,,0,,0,23.0,2003-08-13,125000,2027-12-31,15,1302,0,0.1,0,0.0,9.68,50.0,Peru,['Peru'],left,0,0,False,7.19,5.12,54.05,1.18,58.82,0.21,0.28,0.55,4.22,5.61,1.18,4,0.28,0,0.0,0.55,0.0,0,0.0,0.01,0,0.0,2,0.14,50.0,0.0,0.0,0.48,28.57,0.48,28.57,0.0,0.0,0.14,0.48,71.43,2.49,44.44,0.35000000000000003,0.41000000000000003,0.14,15.9,0.48,0.48,23.5,76.47,8.71,62.7,3.73,88.89,19.7,85.26,3.39,30.61,19.34,39.84,0.0,0.0,0.0,0.14,0.0,0.0,0.0,2.9,50.0,1.04,26.67,0.0,0.0,0.07,0.14,3.87,53.57,85.45,7.6,0,,0,,0,0.0,0.0,0.0,,,0.35000000000000003,,1.18,0.0,0.0,0.0,0.0,0,0.0
C. Olivares,Christopher Robin Olivares Burga,399024,Deportivo Garcilaso,Deportivo Garcilaso,https://cdn5.wyscout.com/photos/team/public/g37890_120x120.png,Primera División,CF,CF,100,,0,,0,27.0,1999-04-03,0,2026-12-31,22,1301,7,6.35,2,0.66,14.8,34.11,Greece,"['Greece', 'Peru']",right,188,73,False,2.7,2.21,50.0,5.26,39.47,0.14,0.19,0.07,1.45,2.0,1.45,1,0.07,0,0.0,0.8300000000000001,0.48,7,0.48,0.44,2,0.14,27,1.87,33.33,25.926,0.14,0.21,0.0,0.07,0.0,0.14,0.0,0.0,0.62,11.11,5.74,26.51,2.35,0.62,0.0,10.1,1.6600000000000001,0.48,11.41,73.33,1.87,55.56,3.39,87.76,11.21,74.69,0.0,0.0,11.82,0.0,0.05,0.55,0.0,0.0,0.35000000000000003,40.0,0.21,0.6900000000000001,60.0,0.48,28.57,0.28,50.0,0.35000000000000003,0.0,0.55,62.5,68.89,3.11,0,,0,,0,0.0,0.0,0.0,,,0.0,,5.26,0.0,0.0,0.0,0.0,0,0.0
L. Benites,Luis Enrique Benites Vargas,434440,Atlético Grau,Atlético Grau,https://cdn5.wyscout.com/photos/team/public/3746_120x120.png,Primera División,"RAMF, LCMF, AMF",RAMF,24,LCMF,22,AMF,15,30.0,1996-07-09,0,2026-12-31,22,1301,3,4.87,2,2.52,11.28,39.88,Peru,['Peru'],right,165,60,False,3.87,4.22,45.9,1.11,37.5,0.28,0.45,0.07,1.6600000000000001,2.68,1.04,2,0.14,0,0.0,2.2800000000000002,0.21,2,0.14,0.34,0,0.0,24,1.6600000000000001,54.17,12.5,0.14,1.45,57.14,0.62,44.44,0.6900000000000001,60.0,0.14,1.25,44.44,4.36,42.86,1.31,1.25,0.14,29.95,1.25,1.11,35.21,84.87,9.89,72.73,6.64,91.67,30.16,88.07,3.74,68.52,17.4,29.85,0.17,1.52,0.0,0.07,0.14,0.0,0.6900000000000001,5.19,76.0,2.63,55.26,0.8300000000000001,16.67,1.04,0.8300000000000001,4.84,77.14,88.3,13.01,0,,0,,0,0.0,0.0,0.0,,,0.28,,1.11,0.55,0.0,0.0,1.87,2,50.0
J. Rojas,Joao Robin Rojas Mendoza,22808,ADT,ADT,https://cdn5.wyscout.com/photos/team/public/g17201_120x120.png,Primera División,"LAMF, LW, AMF",LAMF,47,LW,16,AMF,11,37.0,1989-06-14,300000,2026-12-31,15,1298,2,3.54,2,1.52,16.09,51.29,Ecuador,"['Ecuador', 'Mexico']",right,174,67,False,1.5899999999999999,1.32,68.42,0.97,35.71,0.07,0.12,0.0,0.62,1.09,0.07,1,0.07,0,0.0,4.85,0.14,2,0.14,0.25,1,0.07,29,2.01,48.28,6.897,0.14,2.5700000000000003,37.84,2.01,41.38,0.55,25.0,0.07,4.37,65.08,11.3,49.69,3.95,3.67,0.21,22.47,2.84,2.01,28.57,79.13,5.27,64.47,6.66,93.75,24.96,84.44,1.25,44.44,16.74,34.23,0.11,1.32,0.14,0.0,0.21,33.33,0.49,2.7,69.23,2.7,48.72,0.28,25.0,1.11,0.97,3.54,82.35,76.06,9.85,0,,0,,0,0.0,0.0,0.0,,,0.07,,0.97,0.55,0.21,66.67,0.97,0,0.0
R. Aguilar,Rotceh Américo Aguilar Rupany,-117643,Cienciano,Cienciano,https://cdn5.wyscout.com/photos/team/public/542_120x120.png,Primera División,"RB, CB, RCB",RB,33,CB,22,RCB,20,25.0,2001-06-12,300000,2026-12-31,18,1294,0,1.15,1,0.37,11.34,57.67,Peru,['Peru'],right,175,67,False,8.0,4.52,70.77,4.38,50.79,0.49,0.8300000000000001,0.35000000000000003,4.31,7.32,0.9,4,0.28,1,0.07,0.77,0.0,0,0.0,0.08,0,0.0,12,0.8300000000000001,50.0,0.0,0.07,0.77,27.27,0.0,0.0,0.77,27.27,0.28,0.14,100.0,1.04,40.0,0.8300000000000001,0.63,0.0,20.03,0.77,0.56,33.32,81.63,14.88,72.43,2.5700000000000003,89.19,27.82,87.25,4.73,57.35,20.94,36.44,0.03,0.42,0.0,0.0,0.0,0.0,0.21,4.94,69.01,0.97,35.71,0.21,33.33,0.21,0.21,7.58,68.81,90.16,12.73,0,,0,,0,0.0,0.0,0.0,,,0.77,,4.38,0.0,0.0,0.0,0.0,0,0.0
C. Meza,Carlos Daniel Meza Villa,-60984,FC Cajamarca,FC Cajamarca,https://cdn5.wyscout.com/photos/team/public/g-25565_120x120.png,Primera División,"RW, RAMF, LAMF",RW,30,RAMF,21,LAMF,16,23.0,2002-10-31,125000,2026-12-31,20,1293,3,1.4,1,0.74,17.12,42.28,Peru,['Peru'],right,165,60,False,5.36,6.19,51.69,1.67,29.17,0.21,0.31,0.14,1.9500000000000002,2.85,1.9500000000000002,3,0.21,0,0.0,1.18,0.21,3,0.21,0.1,1,0.07,9,0.63,44.44,33.333,0.07,0.7000000000000001,10.0,0.0,0.0,0.7000000000000001,10.0,0.14,1.3900000000000001,55.0,7.03,42.57,1.11,0.49,0.0,15.45,1.04,1.6,22.48,79.26,5.57,58.75,5.36,94.81,20.67,83.5,1.18,41.18,17.98,22.24,0.05,0.35000000000000003,0.0,0.0,0.14,50.0,0.07,2.02,48.28,1.25,22.22,0.14,50.0,0.21,0.07,2.44,57.14,83.64,7.66,0,,0,,0,0.0,0.0,0.0,,,0.35000000000000003,,1.67,0.0,0.0,0.0,0.07,0,0.0
M. Succar,Juan Matías Succar Cañote,514901,Cienciano,Cienciano,https://cdn5.wyscout.com/photos/team/public/542_120x120.png,Primera División,"CF, RAMF, AMF",CF,48,RAMF,15,AMF,13,27.0,1999-02-16,0,2027-12-31,23,1283,5,6.9,1,0.85,20.27,37.37,Peru,"['Peru', 'Lebanon']",left,184,81,True,3.51,3.23,54.35,6.59,37.23,0.14,0.24,0.14,1.6099999999999999,2.73,0.98,1,0.07,1,0.07,2.1,0.35000000000000003,5,0.35000000000000003,0.48,1,0.07,36,2.5300000000000002,38.89,13.889,0.07,1.33,26.32,0.98,35.71,0.28,0.0,0.21,1.54,50.0,7.58,29.63,4.07,0.56,0.0,13.05,3.37,1.26,15.5,69.23,3.23,47.83,2.95,88.1,13.4,75.39,0.77,36.36,16.7,11.71,0.06,0.7000000000000001,0.07,0.0,0.0,0.0,0.35000000000000003,1.54,31.82,1.6099999999999999,34.78,0.07,0.0,0.7000000000000001,0.49,1.47,61.9,72.62,5.89,0,,0,,0,0.0,0.0,0.0,,,0.0,,6.59,0.07,0.07,0.0,0.0,0,0.0
J. Alarcón,Jostin Alexis Alarcón Paquiyauri,-121763,Sport Boys,Sport Boys,https://cdn5.wyscout.com/photos/team/public/552_120x120.png,Primera División,"AMF, RWB, LAMF",AMF,18,RWB,13,LAMF,13,24.0,2002-07-12,550000,2027-12-31,22,1280,2,2.09,3,2.49,11.95,48.24,Peru,['Peru'],right,180,72,False,5.48,3.8,64.81,0.91,30.77,0.0,0.0,0.14,3.02,4.96,0.7000000000000001,3,0.21,1,0.07,1.9,0.14,2,0.14,0.15,0,0.0,22,1.55,27.27,9.091,0.21,1.97,21.43,0.98,14.29,0.98,28.57,0.28,2.6,37.84,6.33,35.56,1.55,1.05,0.14,24.19,1.34,0.98,31.85,80.13,10.48,68.46,6.54,93.55,26.65,85.75,3.23,69.57,18.3,28.57,0.18,1.55,0.07,0.21,0.14,50.0,0.63,5.13,72.6,2.5300000000000002,44.44,0.56,50.0,0.98,0.42,5.77,82.93,83.69,9.91,0,,0,,0,0.0,0.0,0.0,,,0.28,,0.91,1.2,0.14,0.0,2.04,0,0.0
A. Arroyo,Abdiel Arroyo Molinar,166554,UTC Cajamarca,UTC Cajamarca,https://cdn5.wyscout.com/photos/team/public/g6809_120x120.png,Primera División,"CF, RAMF",CF,61,RAMF,14,,0,32.0,1993-12-13,200000,2026-12-31,22,1268,3,3.37,0,0.28,13.56,45.55,Panama,['Panama'],right,187,80,False,2.7,1.56,36.36,3.83,64.81,0.0,0.0,0.07,2.13,3.77,0.92,1,0.07,0,0.0,1.42,0.21,3,0.21,0.24,0,0.0,27,1.92,33.33,11.111,0.0,0.92,15.38,0.21,33.33,0.71,10.0,0.0,1.35,47.37,6.32,33.71,2.7,0.85,0.21,11.14,1.99,1.28,15.05,82.08,2.34,75.76,4.05,92.98,13.56,86.91,0.64,66.67,15.96,12.77,0.02,0.35000000000000003,0.0,0.0,0.07,0.0,0.21,0.5700000000000001,75.0,0.92,30.77,0.07,0.0,0.43,0.07,0.78,63.64,72.6,5.18,0,,0,,0,0.0,0.0,0.0,,,0.0,,3.83,0.0,0.0,0.0,0.07,0,0.0
J. Zevallos,José Fernando Zevallos Villanueva,-88783,Cusco,Cusco,https://cdn5.wyscout.com/photos/team/public/3745_120x120.png,Primera División,"RB, LB",RB,64,LB,32,,0,27.0,1999-01-13,225000,2026-12-31,16,1265,0,0.44,1,0.73,11.88,52.1,Peru,['Peru'],right,175,70,False,7.83,5.05,56.34,1.1400000000000001,62.5,0.71,1.07,0.43,4.27,6.41,1.21,5,0.36,0,0.0,2.06,0.0,0,0.0,0.03,0,0.0,4,0.28,50.0,0.0,0.07,1.99,42.86,0.5700000000000001,25.0,1.42,50.0,0.21,1.71,62.5,4.55,48.44,0.36,1.49,0.64,33.72,2.56,1.07,43.75,86.99,16.22,79.39,7.9,96.4,38.99,90.88,2.99,66.67,17.56,32.01,0.05,0.85,0.0,0.07,0.0,0.0,0.5700000000000001,4.62,76.92,2.2800000000000002,50.0,0.07,0.0,0.64,0.78,7.61,71.96,89.07,13.02,0,,0,,0,0.0,0.0,0.0,,,1.42,,1.1400000000000001,0.0,0.0,0.0,0.0,0,0.0
Carlos Gómez,Carlos Daniel Gómez Casani,-91762,FC Cajamarca,FC Cajamarca,https://cdn5.wyscout.com/photos/team/public/g-25565_120x120.png,Primera División,RB,RB,92,,0,,0,21.0,2005-02-09,0,2026-12-31,16,1261,0,0.14,1,1.29,12.13,52.94,Peru,['Peru'],right,0,0,False,6.78,5.85,64.63,1.5,38.1,0.0,0.0,0.07,3.0,4.36,0.79,2,0.14,0,0.0,1.28,0.0,0,0.0,0.01,0,0.0,3,0.21,33.33,0.0,0.07,1.3599999999999999,47.37,0.0,0.0,1.3599999999999999,47.37,0.14,1.07,53.33,3.7800000000000002,43.4,0.43,0.71,0.0,20.63,1.57,0.86,28.55,76.5,10.85,63.16,5.28,91.89,23.48,83.89,3.7800000000000002,39.62,20.49,37.23,0.09,0.79,0.0,0.0,0.0,0.0,0.64,3.64,58.82,1.9300000000000002,40.74,0.36,40.0,0.29,0.64,6.57,59.78,81.37,7.28,0,,0,,0,0.0,0.0,0.0,,,0.64,,1.5,0.0,0.0,0.0,0.0,0,0.0
M. Martinich,Marcos Daniel Martinich,504685,Cienciano,Cienciano,https://cdn5.wyscout.com/photos/team/public/542_120x120.png,Primera División,"LB, LWB, LB5",LB,61,LWB,15,LB5,11,30.0,1996-08-08,150000,,18,1246,0,0.87,0,1.49,11.99,63.86,Argentina,"['Argentina', 'Croatia']",left,176,74,False,7.44,5.35,64.86,1.37,73.68,0.14,0.24,0.0,3.83,6.41,0.72,2,0.14,0,0.0,2.6,0.0,0,0.0,0.06,0,0.0,16,1.16,18.75,0.0,0.0,4.55,26.98,4.41,26.23,0.0,0.0,0.72,1.73,66.67,3.11,62.79,1.01,1.52,0.07,26.44,1.88,0.51,38.14,69.13,13.65,62.43,5.78,92.5,27.81,81.04,6.21,43.02,21.86,40.48,0.11,0.79,0.0,0.0,0.0,0.0,0.36,6.5,58.89,4.48,30.65,0.14,0.0,0.51,1.3,9.68,75.37,63.13,12.93,0,,0,,0,0.0,0.0,0.0,,,0.79,,1.37,0.14,0.0,0.0,0.14,0,0.0
V. Cedrón,Victor Andrés Cedrón Zurita,176543,ADT,ADT,https://cdn5.wyscout.com/photos/team/public/g17201_120x120.png,Primera División,"AMF, RCMF",AMF,60,RCMF,11,,0,32.0,1993-10-06,400000,2026-12-31,15,1241,2,1.06,1,1.25,11.82,44.17,Peru,['Peru'],left,173,70,False,3.12,3.48,56.25,2.1,31.03,0.58,0.97,0.07,0.58,0.97,1.02,5,0.36,0,0.0,1.45,0.15,1,0.07,0.08,0,0.0,14,1.02,28.57,14.286,0.07,1.45,50.0,0.51,28.57,0.9400000000000001,61.54,0.0,0.87,50.0,4.64,42.19,0.58,0.8,0.0,32.93,2.25,1.23,38.51,84.75,12.76,76.7,5.8,92.5,30.46,90.0,6.6,68.13,19.39,37.71,0.09,1.16,0.0,0.0,0.15,0.0,0.22,8.78,76.03,3.26,46.67,0.9400000000000001,30.77,1.02,0.9400000000000001,8.05,90.09,86.63,13.56,0,,0,,0,0.0,0.0,0.0,,,0.22,,2.1,0.9400000000000001,0.15,0.0,2.18,1,100.0
P. Serra,Piero Joel Serra Aguilar,-108988,UTC Cajamarca,UTC Cajamarca,https://cdn5.wyscout.com/photos/team/public/g6809_120x120.png,Primera División,RCB,RCB,82,,0,,0,29.0,1997-07-03,300000,2026-12-31,14,1236,0,0.52,0,0.07,11.5,59.49,Peru,['Peru'],right,180,73,False,8.67,4.44,72.13,3.06,47.62,0.22,0.33,0.66,5.24,7.91,1.24,3,0.22,2,0.15,0.22,0.0,0,0.0,0.04,0,0.0,6,0.44,33.33,0.0,0.0,0.15,0.0,0.0,0.0,0.15,0.0,0.0,0.07,100.0,1.75,50.0,0.36,0.15,0.0,19.15,0.51,0.51,31.38,81.21,16.09,71.95,1.46,100.0,23.37,92.83,7.86,48.15,25.38,46.23,0.01,0.07,0.0,0.0,0.0,0.0,0.07,5.53,51.32,0.9500000000000001,15.38,1.02,7.14,0.22,0.0,6.77,72.04,90.2,11.14,0,,0,,0,0.0,0.0,0.0,,,0.9500000000000001,,3.06,0.07,0.0,0.0,0.0,0,0.0
M. Amondarain,Maximiliano Javier Amondarain Colzada,272069,Cienciano,Cienciano,https://cdn5.wyscout.com/photos/team/public/542_120x120.png,Primera División,"RCB, CB",RCB,69,CB,18,,0,33.0,1993-01-22,400000,2026-12-31,15,1235,0,0.27,0,0.11,10.49,60.42,Uruguay,"['Uruguay', 'Spain']",right,185,79,False,7.72,4.37,66.67,3.86,58.49,0.29,0.5,0.22,4.52,7.69,0.87,1,0.07,1,0.07,0.36,0.0,0,0.0,0.02,0,0.0,3,0.22,33.33,0.0,0.0,0.58,37.5,0.0,0.0,0.58,37.5,0.15,0.15,50.0,0.51,57.14,0.58,1.09,0.0,21.64,0.66,0.58,34.11,83.97,18.87,77.22,2.04,89.29,25.8,90.68,7.8,64.49,26.31,41.96,0.01,0.15,0.0,0.0,0.0,0.0,0.15,6.78,72.04,1.31,38.89,0.36,40.0,0.36,0.22,8.96,83.74,94.19,11.3,0,,0,,0,0.0,0.0,0.0,,,1.53,,3.86,0.0,0.0,0.0,0.0,0,0.0
J. Manzaneda,José Miguel Manzaneda Pineda,289791,Cusco,Cusco,https://cdn5.wyscout.com/photos/team/public/3745_120x120.png,Primera División,"LAMF, LW, LWB",LAMF,40,LW,32,LWB,13,31.0,1994-09-10,325000,,22,1229,3,1.27,4,2.06,17.21,44.26,Peru,['Peru'],right,182,72,False,3.73,4.39,45.0,1.6099999999999999,50.0,0.29,0.48,0.0,1.46,2.42,0.9500000000000001,2,0.15,0,0.0,4.83,0.22,3,0.22,0.09,1,0.07,15,1.1,46.67,20.0,0.29,4.76,38.46,4.03,38.18,0.66,44.44,0.29,4.98,50.0,9.74,41.35,2.42,2.7800000000000002,0.07,23.73,3.0,1.3900000000000001,31.56,81.44,5.13,80.0,9.81,94.78,25.7,90.6,1.24,52.94,16.53,20.04,0.15,1.76,0.15,0.15,0.0,0.0,0.81,1.54,76.19,4.25,53.45,0.15,0.0,1.1,1.98,3.81,78.85,69.75,8.71,0,,0,,0,0.0,0.0,0.0,,,0.07,,1.6099999999999999,0.07,0.0,0.0,0.07,0,0.0
H. González,Héctor Miguel Alejandro González,277838,Los Chankas,Los Chankas,https://cdn5.wyscout.com/photos/team/public/g32259_120x120.png,Primera División,CB,CB,94,,0,,0,34.0,1992-08-29,75000,2026-12-31,15,1229,1,0.41000000000000003,0,0.02,8.64,71.19,Argentina,['Argentina'],,0,0,False,9.81,3.22,72.73,3.73,68.63,0.07,0.1,0.73,7.4,10.1,0.22,3,0.22,0,0.0,0.37,0.07,1,0.07,0.03,0,0.0,12,0.88,25.0,8.333,0.0,0.44,0.0,0.0,0.0,0.44,0.0,0.07,0.29,50.0,1.24,70.59,1.17,0.44,0.0,22.34,0.44,0.73,37.93,78.76,17.5,64.02,1.98,96.3,28.41,88.66,9.08,51.61,25.66,43.23,0.0,0.15,0.0,0.0,0.0,0.0,0.0,5.79,58.23,1.24,35.29,0.22,0.0,0.29,0.07,9.3,66.14,93.3,16.4,0,,0,,0,0.0,0.0,0.0,,,1.17,,3.73,0.0,0.0,0.0,0.07,0,0.0
P. Erustes,Pablo Agustín Erustes,-404834,Sport Boys,Sport Boys,https://cdn5.wyscout.com/photos/team/public/552_120x120.png,Primera División,"CF, RAMF, RW",CF,35,RAMF,35,RW,12,32.0,1994-03-24,0,2026-12-31,20,1223,5,5.01,0,0.74,15.6,36.32,Argentina,['Argentina'],left,175,68,False,3.31,3.46,46.81,3.16,34.88,0.15,0.24,0.0,1.55,2.5300000000000002,1.4,1,0.07,0,0.0,1.9100000000000001,0.37,5,0.37,0.37,2,0.15,28,2.06,42.86,17.857,0.0,1.25,35.29,0.44,50.0,0.81,27.27,0.0,1.18,43.75,7.14,31.96,2.94,0.96,0.15,15.16,1.8399999999999999,1.03,21.64,74.15,5.67,53.25,6.84,90.32,19.65,77.15,0.81,63.64,14.19,14.05,0.05,0.59,0.0,0.07,0.07,100.0,0.44,1.9100000000000001,50.0,1.4,42.11,0.15,50.0,0.44,0.37,2.2800000000000002,61.29,69.86,5.37,0,,0,,0,0.0,0.0,0.0,,,0.07,,3.16,0.0,0.0,0.0,0.52,1,0.0
G. Paredes,Gilmar Alonso Paredes Esquives,-78847,UTC Cajamarca,UTC Cajamarca,https://cdn5.wyscout.com/photos/team/public/g6809_120x120.png,Primera División,RB,RB,75,,0,,0,23.0,2003-01-08,0,,20,1220,0,0.2,2,1.58,15.12,50.73,Peru,['Peru'],right,187,68,False,7.01,6.57,55.06,1.33,44.44,0.30000000000000004,0.49,0.07,3.1,5.1,1.18,2,0.15,0,0.0,2.43,0.0,0,0.0,0.01,0,0.0,10,0.74,30.0,0.0,0.15,2.36,40.63,0.07,0.0,2.29,41.94,0.37,2.21,56.67,5.61,47.37,1.11,1.55,0.07,27.74,2.07,0.89,36.0,78.89,10.7,68.28,7.67,95.19,31.35,84.47,2.29,41.94,16.36,27.47,0.12,0.96,0.0,0.07,0.0,0.0,0.44,3.98,55.56,2.66,36.11,0.15,50.0,0.30000000000000004,0.96,5.61,76.32,80.99,10.48,0,,0,,0,0.0,0.0,0.0,,,0.44,,1.33,0.0,0.0,0.0,0.0,0,0.0
M. Juambeltz,Maximiliano Juambeltz Fernández,-57226,Progreso,Juan Pablo II College,https://cdn5.wyscout.com/photos/team/public/978_120x120.png,Primera División,CF,CF,99,,0,,0,24.0,2002-06-09,0,,17,1215,3,1.73,1,0.22,16.59,32.14,Uruguay,['Uruguay'],right,185,73,False,2.15,1.7000000000000002,65.22,7.78,29.52,0.07,0.11,0.0,0.96,1.45,0.37,2,0.15,0,0.0,0.59,0.22,3,0.22,0.13,1,0.07,10,0.74,50.0,30.0,0.07,0.22,0.0,0.0,0.0,0.22,0.0,0.07,0.52,42.86,5.26,28.17,1.4100000000000001,0.30000000000000004,0.07,7.63,1.04,0.96,12.15,74.39,2.44,60.61,3.63,83.67,10.96,77.7,0.96,53.85,13.35,20.58,0.02,0.52,0.15,0.0,0.0,0.0,0.15,1.78,58.33,0.30000000000000004,0.0,0.07,0.0,0.22,0.0,1.4100000000000001,68.42,75.0,3.56,0,,0,,0,0.0,0.0,0.0,,,0.0,,7.78,0.0,0.0,0.0,0.0,0,0.0
Y. Vílchez,Yordi Eduardo Vílchez Cienfuegos,347379,FC Cajamarca,FC Cajamarca,https://cdn5.wyscout.com/photos/team/public/g-25565_120x120.png,Primera División,"LCB, RCB",LCB,52,RCB,32,,0,31.0,1995-02-13,550000,2026-12-31,15,1212,0,0.03,1,0.5700000000000001,7.43,57.0,Peru,['Peru'],right,180,81,False,7.72,3.34,53.33,2.75,54.05,0.30000000000000004,0.47000000000000003,0.59,5.64,8.84,0.59,2,0.15,1,0.07,0.22,0.0,0,0.0,0.0,0,0.0,2,0.15,0.0,0.0,0.07,0.22,33.33,0.0,0.0,0.22,33.33,0.0,0.15,100.0,0.74,60.0,0.15,0.0,0.0,23.02,0.52,0.45,34.68,87.37,15.89,79.91,1.11,86.67,28.74,94.57,5.79,52.56,21.18,35.45,0.04,0.22,0.07,0.0,0.0,0.0,0.22,4.53,55.74,1.26,29.41,0.52,57.14,0.30000000000000004,0.07,6.09,74.39,94.58,15.07,0,,0,,0,0.0,0.0,0.0,,,0.89,,2.75,0.07,0.0,0.0,0.0,0,0.0
A. Sánchez,José Arón Sánchez Flores,-63121,Juan Pablo II College,Juan Pablo II College,https://cdn5.wyscout.com/photos/team/public/g-23170_120x120.png,Primera División,"LCB, LCB3",LCB,51,LCB3,42,,0,23.0,2003-05-04,250000,2026-12-31,12,1207,1,0.89,0,0.54,9.92,59.4,Peru,['Peru'],right,185,74,False,10.14,4.77,65.63,3.2800000000000002,61.36,0.52,0.77,0.30000000000000004,6.49,9.56,0.67,0,0.0,0,0.0,0.22,0.07,1,0.07,0.07,1,0.07,10,0.75,10.0,10.0,0.0,0.07,0.0,0.0,0.0,0.07,0.0,0.0,0.22,66.67,0.52,57.14,0.75,0.45,0.07,16.11,0.67,0.52,25.5,81.58,11.04,68.92,1.34,94.44,20.51,89.09,4.92,51.52,23.43,41.45,0.04,0.07,0.07,0.0,0.0,0.0,0.07,3.5,48.94,0.30000000000000004,50.0,0.37,40.0,0.15,0.0,5.29,61.97,91.2,9.32,0,,0,,0,0.0,0.0,0.0,,,0.6000000000000001,,3.2800000000000002,0.0,0.0,0.0,0.0,0,0.0
J.Sanchez,Jose Sanchez,-162232,,Juan Pablo II College,,,"LCB, LCB3",LCB,51,LCB3,42,,0,25.0,2001-01-01,0,,12,1207,1,0.89,0,0.54,9.92,59.4,Peru,['Peru'],,0,0,False,10.14,4.77,65.63,3.2800000000000002,61.36,0.52,0.77,0.30000000000000004,6.49,9.56,0.67,0,0.0,0,0.0,0.22,0.07,1,0.07,0.07,1,0.07,10,0.75,10.0,10.0,0.0,0.07,0.0,0.0,0.0,0.07,0.0,0.0,0.22,66.67,0.52,57.14,0.75,0.45,0.07,16.11,0.67,0.52,25.5,81.58,11.04,68.92,1.34,94.44,20.51,89.09,4.92,51.52,23.43,41.45,0.04,0.07,0.07,0.0,0.0,0.0,0.07,3.5,48.94,0.30000000000000004,50.0,0.37,40.0,0.15,0.0,5.29,61.97,91.2,9.32,0,,0,,0,0.0,0.0,0.0,,,0.6000000000000001,,3.2800000000000002,0.0,0.0,0.0,0.0,0,0.0
Gustavo Cazonatti,Gustavo Cazonatti,443963,Mirassol,Sporting Cristal,https://cdn5.wyscout.com/photos/team/public/1643_120x120.png,Serie A,"RCMF, RDMF, LCMF",RCMF,30,RDMF,24,LCMF,14,30.0,1996-07-03,500000,2026-12-31,16,1202,3,1.99,0,0.01,12.2,50.92,Brazil,['Brazil'],right,178,66,False,7.71,4.57,57.38,3.59,54.17,1.05,1.8,0.45,4.04,6.95,1.35,5,0.37,1,0.07,0.52,0.22,3,0.22,0.15,1,0.07,13,0.97,38.46,23.077,0.0,0.22,0.0,0.0,0.0,0.22,0.0,0.0,0.37,20.0,2.85,34.21,1.05,0.9,0.22,31.6,0.15,1.05,42.3,87.26,14.08,80.32,4.49,96.67,39.76,89.83,2.32,51.61,18.18,33.24,0.0,0.07,0.0,0.0,0.15,50.0,0.0,6.51,86.21,0.75,50.0,0.37,40.0,0.30000000000000004,0.0,6.66,69.66,93.56,17.45,0,,0,,0,0.0,0.0,0.0,,,0.67,,3.59,0.0,0.0,0.0,0.0,0,0.0
D. Rodríguez,Diego Augusto Rodríguez Carreño,-283749,Atlético Grau,Atlético Grau,https://cdn5.wyscout.com/photos/team/public/3746_120x120.png,Primera División,"RB, RWB, RB5",RB,40,RWB,27,RB5,16,24.0,2002-06-22,0,2026-12-31,14,1197,0,0.0,0,0.6000000000000001,15.94,51.89,Peru,['Peru'],right,174,69,True,10.6,7.44,64.65,3.46,43.48,0.0,0.0,0.30000000000000004,5.79,7.57,0.6000000000000001,2,0.15,0,0.0,1.43,0.0,0,0.0,0.0,0,0.0,0,0.0,0.0,0.0,0.0,2.03,37.04,0.0,0.0,2.03,37.04,0.0,1.28,52.94,3.31,34.09,0.45,0.75,0.08,13.08,1.2,0.45,20.3,66.67,7.89,57.14,2.93,89.74,14.89,74.24,3.5300000000000002,51.06,19.25,28.38,0.05,0.38,0.08,0.0,0.0,0.0,0.30000000000000004,2.71,63.89,1.88,40.0,0.08,0.0,0.15,0.75,5.49,64.38,69.44,5.41,0,,0,,0,0.0,0.0,0.0,,,0.30000000000000004,,3.46,0.0,0.0,0.0,0.0,0,0.0
C. Torrejón,Claudio Torrejón Tineo,169131,Deportivo Garcilaso,Deportivo Garcilaso,https://cdn5.wyscout.com/photos/team/public/g37890_120x120.png,Primera División,"DMF, LCMF",DMF,77,LCMF,13,,0,33.0,1993-05-14,300000,2027-12-31,14,1192,0,0.1,0,0.07,8.38,50.45,United States,"['United States', 'Peru']",right,180,78,False,6.64,4.45,55.93,1.06,57.14,0.30000000000000004,0.46,0.30000000000000004,3.85,5.86,0.98,3,0.23,0,0.0,0.15,0.0,0,0.0,0.01,0,0.0,4,0.30000000000000004,25.0,0.0,0.0,0.08,100.0,0.08,100.0,0.0,0.0,0.0,0.0,0.0,1.74,43.48,0.30000000000000004,0.08,0.0,23.26,0.23,0.6000000000000001,34.28,85.02,12.16,70.81,3.25,90.7,30.35,89.8,3.85,47.06,18.45,29.03,0.01,0.08,0.0,0.0,0.0,0.0,0.08,3.47,69.57,0.30000000000000004,50.0,0.0,0.0,0.0,0.08,5.51,57.53,94.62,14.04,0,,0,,0,0.0,0.0,0.0,,,0.76,,1.06,0.0,0.0,0.0,0.0,0,0.0
Luis Gomez,Luis Moises Gomez Cuero,-184225,ADT,ADT,https://cdn5.wyscout.com/photos/team/public/g17201_120x120.png,Primera División,RB,RB,84,,0,,0,26.0,2000-01-13,0,,14,1183,1,0.52,0,1.26,9.74,63.28,Ecuador,['Ecuador'],,0,0,False,7.76,5.63,68.92,0.68,33.33,0.0,0.0,0.23,3.88,6.86,0.61,1,0.08,0,0.0,2.21,0.08,1,0.08,0.04,0,0.0,5,0.38,60.0,20.0,0.0,3.42,33.33,0.23,33.33,3.2,33.33,0.38,1.22,68.75,2.59,61.76,1.1400000000000001,0.68,0.0,19.48,2.66,0.68,30.66,76.67,13.24,77.01,3.88,86.27,23.96,87.3,3.35,45.45,19.27,32.07,0.1,0.76,0.0,0.0,0.0,0.0,0.38,2.89,65.79,2.89,47.37,0.08,0.0,0.53,1.1400000000000001,6.31,73.49,71.93,8.67,0,,0,,0,0.0,0.0,0.0,,,0.23,,0.68,0.0,0.0,0.0,0.0,0,0.0
I. Barrios,Ignacio Luis Barrios Hernández,247638,UTC Cajamarca,UTC Cajamarca,https://cdn5.wyscout.com/photos/team/public/g6809_120x120.png,Primera División,GK,GK,100,,0,,0,33.0,1992-10-26,400000,2026-12-31,12,1163,0,0.0,0,0.17,0.15,50.0,Uruguay,['Uruguay'],right,188,88,False,0.7000000000000001,0.08,0.0,0.08,100.0,0.08,0.13,0.0,0.62,1.03,0.0,0,0.0,1,0.08,0.0,0.0,0,0.0,0.0,0,0.0,0,0.0,0.0,0.0,0.0,0.0,0.0,0.0,0.0,0.0,0.0,0.0,0.0,0.0,0.0,0.0,0.0,0.0,0.0,7.58,0.23,0.0,13.31,83.14,8.2,75.47,0.0,0.0,7.97,97.09,5.34,62.32,35.28,45.58,0.01,0.08,0.0,0.0,0.0,0.0,0.0,2.63,67.65,0.15,50.0,0.0,0.0,0.0,0.0,3.95,80.39,95.24,4.88,22,1.7000000000000002,64,4.95,2,65.63,21.24,1.6400000000000001,-0.76,-0.059000000000000004,0.0,0.54,0.08,,,,0.0,0,0.0
C. Diez,Carlos Stéfano Diez Lino,387495,Cusco,Cusco,https://cdn5.wyscout.com/photos/team/public/3745_120x120.png,Primera División,"RCMF, RDMF",RCMF,37,RDMF,26,,0,30.0,1996-04-18,325000,2027-12-31,22,1161,0,0.39,0,0.27,9.3,40.83,Peru,['Peru'],right,176,71,False,3.41,3.5700000000000003,54.35,1.09,35.71,0.23,0.37,0.0,1.24,1.98,0.39,1,0.08,0,0.0,0.7000000000000001,0.0,0,0.0,0.03,0,0.0,8,0.62,25.0,0.0,0.0,0.85,36.36,0.16,100.0,0.7000000000000001,22.22,0.08,0.93,25.0,3.95,31.37,0.93,0.7000000000000001,0.0,26.82,1.09,0.78,33.41,90.02,7.67,86.87,5.74,93.24,31.86,91.97,0.7000000000000001,66.67,14.03,7.57,0.02,0.47000000000000003,0.23,0.08,0.0,0.0,0.23,3.33,90.7,1.16,53.33,0.16,50.0,0.47000000000000003,0.31,3.88,78.0,89.26,11.55,0,,0,,0,0.0,0.0,0.0,,,0.39,,1.09,0.0,0.0,0.0,0.0,0,0.0
L. Alzugaray,Lisandro Joel Alzugaray,220665,Universitario,Universitario,https://cdn5.wyscout.com/photos/team/public/540_120x120.png,Primera División,"CF, RCMF3",CF,75,RCMF3,19,,0,36.0,1990-04-17,500000,2027-12-31,17,1161,3,3.08,3,1.65,15.27,33.5,Argentina,['Argentina'],left,176,69,False,4.26,4.88,47.62,1.16,13.33,0.08,0.11,0.08,1.8599999999999999,2.5700000000000003,1.16,1,0.08,0,0.0,2.17,0.23,3,0.23,0.24,0,0.0,38,2.95,31.58,7.895,0.23,0.85,36.36,0.39,40.0,0.47000000000000003,33.33,0.16,1.94,36.0,6.82,32.95,2.95,0.85,0.23,20.23,2.17,1.09,24.34,76.11,6.9,57.3,4.42,98.25,21.4,79.71,2.09,55.56,17.88,27.59,0.13,1.8599999999999999,0.08,0.0,0.47000000000000003,50.0,0.7000000000000001,3.26,64.29,2.17,57.14,0.54,42.86,1.24,0.31,3.88,84.0,82.88,8.6,0,,0,,0,0.0,0.0,0.0,,,0.0,,1.16,1.32,0.54,57.14,1.47,0,0.0
S. González,Santiago Emanuel González,507485,Sporting Cristal,Sporting Cristal,https://cdn5.wyscout.com/photos/team/public/541_120x120.png,Primera División,"RAMF, RW, RWF",RAMF,39,RW,30,RWF,12,27.0,1999-07-25,0,2026-12-31,16,1161,2,3.7,4,2.58,12.71,32.32,Argentina,['Argentina'],right,169,60,False,2.48,3.02,41.03,1.32,0.0,0.0,0.0,0.0,1.24,2.17,1.32,3,0.23,0,0.0,4.73,0.16,2,0.16,0.29,0,0.0,24,1.8599999999999999,45.83,8.333,0.31,5.12,42.42,0.47000000000000003,16.67,4.65,45.0,0.54,3.64,46.81,6.9,35.96,3.02,1.63,0.62,23.88,3.88,0.39,27.83,74.09,5.19,58.21,5.74,97.3,22.25,82.23,0.93,41.67,18.59,26.6,0.2,1.8599999999999999,0.0,0.08,0.16,0.0,0.78,1.63,57.14,4.5,50.0,0.23,0.0,0.62,1.8599999999999999,3.95,86.27,69.57,10.7,0,,0,,0,0.0,0.0,0.0,,,0.16,,1.32,0.39,0.08,100.0,1.94,0,0.0
C. Cueva,Christian Alberto Cueva Bravo,40529,Sport Boys,Sport Boys,https://cdn5.wyscout.com/photos/team/public/552_120x120.png,Primera División,"CF, AMF, LCMF",CF,46,AMF,17,LCMF,10,34.0,1991-11-23,500000,2027-12-31,19,1149,2,3.04,3,3.38,16.29,42.79,Peru,['Peru'],right,169,62,True,2.27,2.11,48.15,1.57,25.0,0.16,0.25,0.08,1.1,1.76,0.55,5,0.39,1,0.08,2.27,0.16,0,0.0,0.24,0,0.0,14,1.1,42.86,14.286,0.23,1.1,35.71,0.78,40.0,0.23,0.0,0.23,1.88,70.83,9.71,45.97,1.57,2.11,0.16,23.58,3.05,2.04,30.31,78.81,8.85,68.14,7.6,93.81,27.42,81.43,1.88,62.5,15.52,28.93,0.26,1.6400000000000001,0.08,0.0,0.16,50.0,0.78,3.76,79.17,3.37,48.84,0.47000000000000003,66.67,1.1,0.31,3.99,92.16,79.49,9.16,0,,0,,0,0.0,0.0,0.0,,,0.0,,1.57,1.4100000000000001,0.63,37.5,1.96,2,100.0
N. Silva,Nicolás Alexis Silva,301865,Cusco,Cusco,https://cdn5.wyscout.com/photos/team/public/3745_120x120.png,Primera División,"LW, RW, RAMF",LW,22,RW,22,RAMF,18,36.0,1990-01-24,150000,2026-12-31,23,1146,1,2.23,1,0.45,11.39,42.76,Argentina,['Argentina'],right,163,58,False,3.5300000000000002,3.61,56.52,1.18,40.0,0.0,0.0,0.0,1.49,2.59,0.79,1,0.08,0,0.0,2.04,0.08,1,0.08,0.17,0,0.0,24,1.88,41.67,4.167,0.08,1.96,32.0,0.86,27.27,1.1,35.71,0.39,1.26,50.0,5.18,37.88,2.51,1.26,0.47000000000000003,25.37,1.73,1.57,29.45,80.0,6.68,71.76,7.15,91.21,26.15,84.98,1.49,47.37,17.53,28.09,0.04,0.63,0.08,0.08,0.0,0.0,0.24,1.88,83.33,2.36,53.33,0.16,50.0,0.86,0.79,4.71,76.67,71.2,9.82,0,,0,,0,0.0,0.0,0.0,,,0.0,,1.18,0.08,0.0,0.0,0.0,0,0.0
M. Ganoza,Manuel Alonso Ganoza Cacho Sousa,-81270,UTC Cajamarca,UTC Cajamarca,https://cdn5.wyscout.com/photos/team/public/g6809_120x120.png,Primera División,RCB,RCB,85,,0,,0,27.0,1999-06-09,325000,2026-12-31,16,1145,0,0.26,0,0.05,12.81,55.21,Peru,['Peru'],right,183,72,False,7.94,6.92,60.23,3.14,57.5,0.16,0.25,0.79,3.62,5.66,1.65,4,0.31,1,0.08,0.08,0.0,0,0.0,0.02,0,0.0,3,0.24,0.0,0.0,0.0,0.08,100.0,0.0,0.0,0.08,100.0,0.0,0.16,0.0,1.8900000000000001,33.33,0.24,1.1,0.0,27.28,0.47000000000000003,0.31,40.17,91.78,18.39,87.61,1.49,89.47,37.57,93.93,2.52,59.38,18.06,26.51,0.0,0.08,0.0,0.0,0.0,0.0,0.16,4.4,80.36,0.24,33.33,0.0,0.0,0.08,0.08,6.68,77.65,97.21,16.9,0,,0,,0,0.0,0.0,0.0,,,0.39,,3.14,0.0,0.0,0.0,0.0,0,0.0
D. Carabaño,Diego César Carabaño Molero,471369,Sport Huancayo,Sport Huancayo,https://cdn5.wyscout.com/photos/team/public/1671_120x120.png,Primera División,"RDMF, RCMF, LCMF",RDMF,45,RCMF,32,LCMF,15,28.0,1997-10-19,375000,2027-12-31,21,1145,1,1.6099999999999999,5,3.17,6.84,41.38,Peru,['Peru'],left,170,71,False,3.14,2.91,54.05,1.02,53.85,0.0,0.0,0.0,1.57,2.38,0.47000000000000003,2,0.16,0,0.0,1.49,0.08,0,0.0,0.13,0,0.0,25,1.97,32.0,4.0,0.39,1.57,40.0,0.86,45.45,0.71,33.33,0.16,0.39,20.0,1.49,10.53,0.39,0.63,0.16,36.47,0.79,0.24,46.45,79.7,17.84,64.32,4.48,96.49,33.41,88.0,11.63,60.81,23.17,37.28,0.25,1.73,0.16,0.0,0.24,66.67,0.71,13.28,68.64,4.87,37.1,1.26,31.25,1.57,0.47000000000000003,11.79,82.0,88.51,18.47,0,,0,,0,0.0,0.0,0.0,,,0.08,,1.02,1.4100000000000001,0.08,100.0,1.02,1,100.0
C. Gamarra,Carlos Alexander Gamarra Cárdenas,-118248,Cusco,Cusco,https://cdn5.wyscout.com/photos/team/public/3745_120x120.png,Primera División,"LCB, CB",LCB,73,CB,19,,0,26.0,2000-03-02,0,2027-12-31,19,1134,0,0.24,0,0.26,10.16,57.03,Peru,['Peru'],,0,0,False,6.75,4.68,62.71,3.81,50.0,0.08,0.13,0.56,3.73,5.95,0.87,2,0.16,0,0.0,0.24,0.0,0,0.0,0.02,0,0.0,2,0.16,50.0,0.0,0.0,0.16,0.0,0.16,0.0,0.0,0.0,0.0,0.16,100.0,0.56,57.14,0.24,0.08,0.0,29.76,0.24,0.4,40.71,87.91,15.16,75.39,1.75,90.91,35.08,94.8,5.48,46.38,21.15,29.92,0.02,0.08,0.0,0.0,0.0,0.0,0.0,2.7,26.47,0.32,50.0,0.0,0.0,0.24,0.0,4.68,55.93,96.91,20.56,0,,0,,0,0.0,0.0,0.0,,,1.35,,3.81,0.0,0.0,0.0,0.0,0,0.0
W. Guzmán,Williams Aldair Guzmán Vargas,-147235,Alianza Atlético,Alianza Atlético,https://cdn5.wyscout.com/photos/team/public/545_120x120.png,Primera División,"RCB, LCB, RB",RCB,37,LCB,30,RB,28,26.0,2000-08-21,225000,2026-12-31,16,1134,1,1.08,0,0.07,12.62,50.94,Peru,['Peru'],right,185,77,False,10.16,6.35,53.75,3.73,51.06,0.56,0.7000000000000001,0.71,6.19,7.8,0.87,1,0.08,1,0.08,0.56,0.08,1,0.08,0.09,0,0.0,4,0.32,50.0,25.0,0.0,0.63,37.5,0.0,0.0,0.63,37.5,0.0,0.16,100.0,1.03,30.77,0.4,0.48,0.16,13.57,0.9500000000000001,0.16,25.32,83.39,12.14,77.12,1.9,95.83,20.63,92.31,4.05,45.1,18.31,29.29,0.01,0.16,0.0,0.0,0.0,0.0,0.0,3.02,63.16,0.9500000000000001,25.0,0.4,20.0,0.08,0.24,4.68,61.02,92.45,8.41,0,,0,,0,0.0,0.0,0.0,,,0.87,,3.73,0.0,0.0,0.0,0.0,0,0.0
M. de Jesús,Marlon Jonathan de Jesús Pabón,23136,UTC Cajamarca,UTC Cajamarca,https://cdn5.wyscout.com/photos/team/public/g6809_120x120.png,Primera División,CF,CF,98,,0,,0,34.0,1991-09-04,300000,2026-12-31,21,1132,4,6.18,0,0.4,18.13,36.4,Ecuador,['Ecuador'],right,188,81,False,1.83,1.11,42.86,5.72,45.83,0.16,0.25,0.24,1.19,1.87,0.72,1,0.08,0,0.0,2.54,0.32,2,0.16,0.49,0,0.0,44,3.5,38.64,9.091,0.0,0.72,33.33,0.32,25.0,0.32,25.0,0.08,1.75,54.55,7.71,30.93,4.05,1.11,0.24,8.67,1.51,0.9500000000000001,11.93,76.0,2.07,46.15,4.21,92.45,11.05,79.14,0.24,33.33,21.81,8.47,0.03,0.56,0.0,0.0,0.0,0.0,0.16,0.9500000000000001,50.0,0.8,50.0,0.0,0.0,0.4,0.24,0.56,71.43,83.33,3.34,0,,0,,0,0.0,0.0,0.0,,,0.0,,5.72,0.0,0.0,0.0,0.0,2,100.0
E. Montenegro,Eros Enrique Montenegro Chacón,-344077,CD Moquegua,CD Moquegua,https://cdn5.wyscout.com/photos/team/public/g-25564_120x120.png,Primera División,RB,RB,85,,0,,0,24.0,2002-02-21,0,,19,1128,0,0.21,0,0.2,14.52,52.75,Peru,['Peru'],,0,0,False,8.78,8.7,54.13,1.99,40.0,0.4,0.51,0.32,3.67,4.71,1.12,2,0.16,1,0.08,0.48,0.0,0,0.0,0.02,0,0.0,6,0.48,0.0,0.0,0.0,0.56,28.57,0.0,0.0,0.56,28.57,0.0,0.48,66.67,2.07,53.85,0.32,0.4,0.16,13.4,0.64,0.8,20.9,79.77,8.78,67.27,2.71,94.12,17.87,84.38,2.47,58.06,16.77,23.43,0.02,0.24,0.0,0.0,0.0,0.0,0.16,2.07,53.85,0.88,27.27,0.0,0.0,0.08,0.32,4.31,61.11,90.59,6.78,0,,0,,0,0.0,0.0,0.0,,,0.56,,1.99,0.0,0.0,0.0,0.0,0,0.0
J. Alcantar,Jesús Alberto Alcantar Rodriguez,-169179,Melgar,Melgar,https://cdn5.wyscout.com/photos/team/public/546_120x120.png,Primera División,"LCB, LCB3",LCB,85,LCB3,14,,0,23.0,2003-07-30,500000,2026-12-31,14,1127,1,1.38,0,0.17,10.46,62.6,Mexico,['Mexico'],left,191,82,True,7.11,3.59,68.89,4.63,63.79,0.16,0.25,0.64,4.47,6.97,0.64,2,0.16,1,0.08,0.8,0.08,1,0.08,0.11,0,0.0,10,0.8,40.0,10.0,0.0,0.24,66.67,0.24,66.67,0.0,0.0,0.0,0.4,80.0,0.96,50.0,1.04,0.96,0.0,24.44,0.8,0.24,35.7,85.46,17.73,74.32,2.16,100.0,29.23,92.35,6.31,54.43,23.1,38.01,0.01,0.24,0.0,0.0,0.0,0.0,0.16,6.07,67.11,0.56,42.86,0.4,0.0,0.24,0.16,8.07,76.24,97.13,13.9,0,,0,,0,0.0,0.0,0.0,,,1.52,,4.63,0.08,0.08,0.0,0.0,0,0.0
S. Aspajo,Samuel Alejandro Aspajo Cohen,-590479,FC Cajamarca,FC Cajamarca,https://cdn5.wyscout.com/photos/team/public/g-25565_120x120.png,Primera División,GK,GK,100,,0,,0,21.0,2005-05-24,0,,11,1114,0,0.0,0,0.0,0.5700000000000001,71.43,Venezuela,['Venezuela'],,0,0,False,0.48,0.0,0.0,0.24,66.67,0.0,0.0,0.0,0.48,0.71,0.0,0,0.0,0,0.0,0.0,0.0,0,0.0,0.0,0,0.0,0,0.0,0.0,0.0,0.0,0.0,0.0,0.0,0.0,0.0,0.0,0.0,0.0,0.0,0.32,75.0,0.0,0.0,0.0,5.17,0.16,0.4,12.6,71.79,8.08,60.0,0.0,0.0,7.03,98.85,5.57,37.68,35.02,53.11,0.0,0.0,0.0,0.08,0.0,0.0,0.0,1.37,41.18,0.08,0.0,0.0,0.0,0.0,0.0,4.44,52.73,91.67,3.88,19,1.54,67,5.41,0,71.64,18.26,1.47,-0.74,-0.06,0.0,2.02,0.24,,,,0.0,0,0.0
N. Chavez,Nicolas Chavez Lezcano,-74950,CD Moquegua,CD Moquegua,https://cdn5.wyscout.com/photos/team/public/g-25564_120x120.png,Primera División,"AMF, RCMF, RDMF",AMF,21,RCMF,17,RDMF,16,32.0,1993-10-16,125000,2026-12-31,20,1111,0,0.56,2,1.06,7.86,48.45,Paraguay,"['Paraguay', 'Italy']",both,183,0,False,5.91,4.05,60.0,0.5700000000000001,42.86,0.16,0.23,0.16,3.32,4.69,0.97,2,0.16,0,0.0,0.5700000000000001,0.0,0,0.0,0.05,0,0.0,20,1.62,10.0,0.0,0.16,0.24,33.33,0.08,0.0,0.16,50.0,0.0,0.24,33.33,2.03,32.0,0.5700000000000001,0.32,0.16,21.71,0.65,0.0,37.75,77.04,14.82,60.66,4.94,93.44,31.19,84.42,6.32,42.31,21.09,34.99,0.09,1.46,0.0,0.0,0.41000000000000003,60.0,0.41000000000000003,8.99,60.36,2.27,42.86,0.89,45.45,0.89,0.08,7.45,71.74,86.9,13.61,0,,0,,0,0.0,0.0,0.0,,,0.73,,0.5700000000000001,2.59,0.5700000000000001,28.57,1.78,0,0.0
Y. Mena,Yorley Mena Palacios,103886,Llaneros,Sport Huancayo,https://cdn5.wyscout.com/photos/team/public/g21661_120x120.png,Liga BetPlay,CF,CF,98,,0,,0,35.0,1991-07-20,650000,2027-06-30,17,1107,5,3.85,0,0.75,11.38,27.86,Colombia,['Colombia'],right,182,79,False,1.71,1.71,42.86,2.68,27.27,0.0,0.0,0.08,0.98,1.49,0.81,2,0.16,0,0.0,1.06,0.41000000000000003,4,0.33,0.31,2,0.16,20,1.63,40.0,25.0,0.0,0.33,0.0,0.0,0.0,0.24,0.0,0.0,1.38,29.41,5.69,22.86,2.03,0.65,0.08,5.69,2.2800000000000002,0.89,8.54,80.0,2.03,60.0,3.25,95.0,7.97,83.67,0.24,66.67,16.62,4.59,0.06,0.5700000000000001,0.0,0.0,0.0,0.0,0.0,0.65,50.0,0.5700000000000001,57.14,0.08,100.0,0.49,0.0,0.5700000000000001,100.0,75.0,1.3,0,,0,,0,0.0,0.0,0.0,,,0.0,,2.68,0.0,0.0,0.0,0.0,1,100.0
Á. Campos,Ángelo Ademir Campos Turriarte,247866,UTC Cajamarca,UTC Cajamarca,https://cdn5.wyscout.com/photos/team/public/g6809_120x120.png,Primera División,GK,GK,100,,0,,0,33.0,1993-04-27,700000,,12,1104,0,0.0,0,0.0,0.33,75.0,Peru,['Peru'],right,182,82,False,2.04,0.08,0.0,0.0,0.0,0.0,0.0,0.0,2.04,3.04,0.0,3,0.24,0,0.0,0.0,0.0,0,0.0,0.0,0,0.0,0,0.0,0.0,0.0,0.0,0.0,0.0,0.0,0.0,0.0,0.0,0.0,0.0,0.0,0.24,100.0,0.0,0.0,0.0,3.91,0.41000000000000003,0.16,9.62,69.49,7.5,61.96,0.0,0.0,4.16,98.04,5.46,47.76,39.77,48.35,0.0,0.0,0.0,0.0,0.0,0.0,0.0,1.96,37.5,0.24,0.0,0.16,0.0,0.0,0.0,3.75,65.22,100.0,1.79,15,1.22,40,3.26,2,62.5,14.25,1.16,-0.75,-0.061,0.0,0.8200000000000001,0.0,,,,0.0,0,0.0
C. Mosquera,Carlos Alexander Mosquera Blandón,275620,FC Cajamarca,FC Cajamarca,https://cdn5.wyscout.com/photos/team/public/g-25565_120x120.png,Primera División,GK,GK,100,,0,,0,31.0,1994-10-19,300000,2026-12-31,11,1094,0,0.0,0,0.0,0.66,62.5,Colombia,['Colombia'],right,191,83,False,1.56,0.33,75.0,0.16,50.0,0.16,0.22,0.0,1.15,1.56,0.08,1,0.08,0,0.0,0.0,0.0,0,0.0,0.0,0,0.0,0,0.0,0.0,0.0,0.0,0.0,0.0,0.0,0.0,0.0,0.0,0.0,0.0,0.0,0.16,50.0,0.08,0.0,0.0,6.25,0.08,0.08,12.59,83.66,7.73,76.6,0.0,0.0,7.49,97.8,5.02,63.93,35.89,56.72,0.0,0.0,0.0,0.0,0.0,0.0,0.0,2.63,62.5,0.33,25.0,0.16,0.0,0.08,0.0,3.62,88.64,96.23,4.36,19,1.56,65,5.35,0,70.77,18.69,1.54,-0.31,-0.026000000000000002,0.0,2.06,0.16,,,,0.0,0,0.0
J. Carabalí,José Joel Carabalí Prado,-171687,LDU Quito,Universitario,https://cdn5.wyscout.com/photos/team/public/528_120x120.png,Liga Pro,"LB5, LWB",LB5,57,LWB,40,,0,29.0,1997-05-19,600000,2029-12-31,15,1077,1,0.39,3,1.85,15.79,52.91,Ecuador,['Ecuador'],left,170,73,False,6.6,5.26,63.49,2.59,54.84,0.08,0.13,0.08,3.18,4.79,1.5899999999999999,1,0.08,1,0.08,3.43,0.08,1,0.08,0.03,0,0.0,4,0.33,75.0,25.0,0.25,4.76,28.07,4.76,28.07,0.0,0.0,0.17,3.18,57.89,6.27,44.0,2.01,2.84,0.33,29.83,4.09,0.5,42.45,74.61,14.87,67.42,5.85,95.71,33.34,83.71,4.51,53.7,18.74,35.42,0.15,1.5,0.17,0.08,0.17,0.0,0.92,5.85,61.43,5.6,47.76,0.84,30.0,1.92,1.42,9.94,76.47,74.32,12.37,0,,0,,0,0.0,0.0,0.0,,,0.0,,2.59,0.0,0.0,0.0,0.0,0,0.0
J. Pérez,Jimmy Maguin Pérez Rodríguez,-78797,Alianza Atlético,Alianza Atlético,https://cdn5.wyscout.com/photos/team/public/545_120x120.png,Primera División,"LCMF3, AMF",LCMF3,51,AMF,12,,0,25.0,2001-06-05,275000,2026-12-31,19,1071,1,1.07,0,0.84,11.34,45.19,Peru,['Peru'],right,175,67,False,4.71,4.2,58.0,1.18,14.29,0.08,0.11,0.0,2.18,2.9,0.76,1,0.08,0,0.0,1.01,0.08,1,0.08,0.09,1,0.08,9,0.76,33.33,11.111,0.0,0.34,25.0,0.17,50.0,0.17,0.0,0.08,1.18,50.0,4.71,42.86,0.5,0.76,0.08,32.35,1.34,1.26,40.25,86.43,13.45,75.63,6.97,93.98,36.39,89.61,3.5300000000000002,59.52,17.35,30.05,0.07,0.92,0.08,0.0,0.17,50.0,0.34,7.48,77.53,1.76,57.14,1.09,38.46,0.67,0.0,7.39,82.95,91.33,12.61,0,,0,,0,0.0,0.0,0.0,,,0.08,,1.18,0.25,0.0,0.0,0.76,0,0.0
A. Deneumostier,Alec Hugo Deneumostier Ortmann,-84135,Melgar,Melgar,https://cdn5.wyscout.com/photos/team/public/546_120x120.png,Primera División,"RCB, LCB, LCB3",RCB,41,LCB,37,LCB3,11,27.0,1999-05-05,600000,2026-12-31,13,1061,1,0.71,0,0.0,11.03,58.46,Peru,"['Peru', 'Belgium']",right,186,80,False,6.62,4.5,66.04,4.16,63.27,0.34,0.52,0.25,3.31,5.02,0.85,6,0.51,1,0.08,0.08,0.08,1,0.08,0.06,0,0.0,6,0.51,16.67,16.667,0.0,0.17,0.0,0.08,0.0,0.08,0.0,0.0,0.08,0.0,1.19,28.57,0.85,0.93,0.0,28.5,0.08,0.34,40.8,88.36,18.32,82.41,1.6099999999999999,94.74,35.46,93.78,5.17,54.1,20.16,35.25,0.0,0.0,0.0,0.0,0.0,0.0,0.0,4.24,70.0,0.42,40.0,0.17,100.0,0.17,0.08,7.21,71.76,94.95,16.8,0,,0,,0,0.0,0.0,0.0,,,1.27,,4.16,0.0,0.0,0.0,0.0,0,0.0
G. Chávez,Gianfranco Chávez Massoni,471284,Alianza Lima,Alianza Lima,https://cdn5.wyscout.com/photos/team/public/551_120x120.png,Primera División,"RCB, RCB3, DMF",RCB,42,RCB3,32,DMF,11,28.0,1998-08-10,800000,2027-12-31,14,1057,0,0.06,0,0.0,10.13,58.82,Peru,['Peru'],right,178,74,False,6.3,4.0,70.21,3.49,43.9,0.34,0.51,0.17,3.15,4.74,0.68,2,0.17,0,0.0,0.17,0.0,0,0.0,0.0,0,0.0,2,0.17,0.0,0.0,0.0,0.09,0.0,0.0,0.0,0.09,0.0,0.0,0.34,50.0,1.28,53.33,0.34,0.51,0.0,19.67,0.43,0.6000000000000001,30.57,86.91,12.52,78.23,3.15,91.89,26.4,90.65,4.09,64.58,19.97,31.23,0.0,0.09,0.0,0.09,0.0,0.0,0.0,3.75,75.0,0.17,50.0,0.0,0.0,0.09,0.0,5.53,67.69,93.7,10.81,0,,0,,0,0.0,0.0,0.0,,,1.7000000000000002,,3.49,0.0,0.0,0.0,0.0,0,0.0
C. López,Carlos Augusto López Venegas,481488,Sport Boys,Sport Boys,https://cdn5.wyscout.com/photos/team/public/552_120x120.png,Primera División,"RAMF, RW, RWB",RAMF,38,RW,18,RWB,17,32.0,1994-08-01,550000,2027-12-31,19,1055,1,1.42,1,1.49,14.76,47.4,Colombia,['Colombia'],right,182,75,False,4.61,4.18,63.27,2.05,58.33,0.09,0.14,0.09,1.88,2.9699999999999998,0.85,2,0.17,1,0.09,4.18,0.09,1,0.09,0.12,0,0.0,23,1.96,30.43,4.348,0.09,4.61,50.0,0.85,40.0,3.67,51.16,0.51,2.22,53.85,7.34,36.05,1.71,1.28,0.34,21.07,4.01,1.19,25.42,69.13,6.31,60.81,3.5,90.24,18.34,76.74,2.64,45.16,18.18,22.13,0.13,1.19,0.0,0.0,0.17,50.0,0.51,1.88,50.0,4.78,55.36,0.34,75.0,0.77,2.39,4.44,84.62,70.49,10.41,0,,0,,0,0.0,0.0,0.0,,,0.0,,2.05,1.28,0.6000000000000001,28.57,1.45,0,0.0
J. Tévez,Juan Manuel Tévez,66406,Cusco,Cusco,https://cdn5.wyscout.com/photos/team/public/3745_120x120.png,Primera División,CF,CF,89,,0,,0,39.0,1987-08-28,225000,2026-12-31,22,1047,3,3.45,0,0.19,13.07,31.58,Argentina,['Argentina'],right,0,80,False,1.55,1.81,38.1,4.38,37.25,0.0,0.0,0.17,0.86,1.3900000000000001,1.2,1,0.09,0,0.0,0.9500000000000001,0.26,3,0.26,0.30000000000000004,0,0.0,20,1.72,30.0,15.0,0.0,0.6000000000000001,14.29,0.34,25.0,0.26,0.0,0.0,0.6900000000000001,50.0,4.47,25.0,2.66,0.86,0.09,7.91,2.06,0.9500000000000001,10.66,74.19,2.15,56.0,3.27,89.47,9.89,79.13,0.34,0.0,12.9,4.64,0.02,0.17,0.0,0.0,0.0,0.0,0.09,1.29,53.33,0.86,30.0,0.0,0.0,0.17,0.09,0.9500000000000001,72.73,61.54,3.35,0,,0,,0,0.0,0.0,0.0,,,0.0,,4.38,0.0,0.0,0.0,0.0,0,0.0
H. Caparo,Henry Estuardo Caparo Bendezu,-473074,Cienciano,Cienciano,https://cdn5.wyscout.com/photos/team/public/542_120x120.png,Primera División,"RCMF, RDMF",RCMF,34,RDMF,26,,0,21.0,2005-01-29,0,2026-12-31,16,1030,0,0.17,0,0.12,14.68,45.83,Peru,['Peru'],unknown,0,0,True,7.34,8.04,48.91,2.88,51.52,0.44,0.77,0.26,2.9699999999999998,5.23,2.71,2,0.17,0,0.0,0.26,0.0,0,0.0,0.01,0,0.0,5,0.44,0.0,0.0,0.0,0.35000000000000003,75.0,0.09,100.0,0.17,100.0,0.09,0.0,0.0,1.83,28.57,0.09,0.17,0.09,19.92,0.0,0.44,31.81,82.69,11.01,65.87,4.28,97.96,27.96,86.25,3.5,55.0,18.35,25.24,0.01,0.26,0.0,0.0,0.0,0.0,0.0,5.16,77.97,1.31,53.33,0.17,50.0,0.44,0.26,5.68,69.23,91.3,12.06,0,,0,,0,0.0,0.0,0.0,,,0.44,,2.88,0.0,0.0,0.0,0.0,0,0.0
A. Pósito,Alejandro Jesús Pósito Olazábal,-320944,FC Cajamarca,FC Cajamarca,https://cdn5.wyscout.com/photos/team/public/g-25565_120x120.png,Primera División,RCB,RCB,88,,0,,0,20.0,2005-09-05,0,2027-12-31,13,1028,0,0.14,1,0.05,9.37,57.01,Peru,['Peru'],,0,0,True,6.74,3.76,46.51,3.33,68.42,0.53,0.87,0.53,4.46,7.39,0.88,4,0.35000000000000003,0,0.0,0.18,0.0,0,0.0,0.01,0,0.0,1,0.09,100.0,0.0,0.09,0.0,0.0,0.0,0.0,0.0,0.0,0.0,0.26,33.33,1.05,41.67,0.18,0.26,0.09,25.21,0.53,0.35000000000000003,38.0,85.25,16.11,72.28,2.45,96.43,32.04,91.8,5.95,50.0,24.2,43.22,0.0,0.35000000000000003,0.0,0.0,0.0,0.0,0.09,5.6,60.94,0.44,20.0,0.18,0.0,0.09,0.0,7.18,68.29,95.85,16.9,0,,0,,0,0.0,0.0,0.0,,,1.8399999999999999,,3.33,0.0,0.0,0.0,0.0,0,0.0
J. Del Castillo,Jorge Andree Del Castillo Díaz,-158160,Alianza Atlético,Alianza Atlético,https://cdn5.wyscout.com/photos/team/public/545_120x120.png,Primera División,"AMF, RAMF, LWF",AMF,35,RAMF,25,LWF,11,21.0,2004-09-28,0,2026-12-31,18,1021,4,2.38,0,0.99,16.84,46.07,Peru,['Peru'],right,175,61,False,4.23,3.35,52.63,2.38,40.74,0.09,0.12,0.0,2.38,3.12,1.06,2,0.18,1,0.09,2.29,0.35000000000000003,4,0.35000000000000003,0.21,2,0.18,26,2.29,30.77,15.385,0.0,1.67,26.32,0.62,28.57,1.06,25.0,0.26,2.03,56.52,10.05,47.37,2.29,1.85,0.26,23.62,1.85,2.73,28.38,83.23,6.26,69.01,6.43,93.15,24.51,90.65,2.47,39.29,19.23,33.15,0.09,0.79,0.26,0.0,0.09,0.0,0.35000000000000003,3.5300000000000002,65.0,2.56,51.72,0.18,0.0,0.97,0.44,3.35,86.84,81.55,9.08,0,,0,,0,0.0,0.0,0.0,,,0.0,,2.38,0.35000000000000003,0.09,0.0,0.18,0,0.0
M. Torres,Marlon Junior Torres Obeso,-114923,Los Chankas,Los Chankas,https://cdn5.wyscout.com/photos/team/public/g32259_120x120.png,Primera División,"CF, LWF",CF,78,LWF,10,,0,24.0,2002-05-16,200000,,18,1011,3,2.68,2,1.1,15.13,37.65,Colombia,['Colombia'],right,176,69,False,2.31,2.31,42.31,2.4,33.33,0.09,0.15,0.0,1.25,2.05,0.8,1,0.09,0,0.0,3.2,0.27,3,0.27,0.24,2,0.18,22,1.96,45.45,13.636,0.18,1.51,35.29,1.07,41.67,0.45,20.0,0.18,2.67,63.33,8.28,40.86,3.03,0.98,0.0,11.75,0.8,1.6,16.11,81.22,3.56,82.5,5.07,92.98,14.51,85.89,0.09,100.0,16.68,1.8399999999999999,0.1,0.8,0.09,0.0,0.18,50.0,0.53,1.16,76.92,1.51,58.82,0.09,100.0,0.89,0.53,1.51,94.12,71.15,4.63,0,,0,,0,0.0,0.0,0.0,,,0.0,,2.4,0.0,0.0,0.0,0.09,0,0.0
N. Cabanillas,Nelson Jhonny Luis Cabanillas Jesús,475086,Melgar,Melgar,https://cdn5.wyscout.com/photos/team/public/546_120x120.png,Primera División,LB,LB,83,,0,,0,26.0,2000-02-08,0,2027-12-31,14,1009,0,0.04,1,0.19,14.0,55.41,Peru,['Peru'],left,170,65,False,7.94,5.71,60.94,2.23,40.0,0.09,0.14,0.09,4.37,6.68,0.71,0,0.0,0,0.0,1.25,0.0,0,0.0,0.0,0,0.0,4,0.36,25.0,0.0,0.09,1.52,35.29,1.52,35.29,0.0,0.0,0.09,0.89,70.0,4.91,60.0,0.62,1.34,0.09,31.31,1.25,2.14,41.57,83.91,14.81,75.3,4.46,98.0,36.04,89.85,4.01,48.89,17.29,34.2,0.02,0.45,0.09,0.09,0.0,0.0,0.18,7.49,78.57,1.78,45.0,0.09,100.0,0.45,0.54,9.1,75.49,88.31,13.74,0,,0,,0,0.0,0.0,0.0,,,0.09,,2.23,0.0,0.0,0.0,0.0,0,0.0
P. de la Cruz,Paulo César de la Cruz Telles,-65115,Atlético Grau,Atlético Grau,https://cdn5.wyscout.com/photos/team/public/3746_120x120.png,Primera División,"RW, RAMF, LW",RW,26,RAMF,16,LW,12,26.0,1999-10-22,425000,2026-12-31,19,1006,1,1.26,1,0.81,15.21,34.71,Peru,['Peru'],right,165,60,False,5.28,4.92,54.55,2.33,15.38,0.18,0.25,0.09,2.42,3.4,0.72,0,0.0,1,0.09,1.97,0.09,1,0.09,0.11,0,0.0,19,1.7000000000000002,47.37,5.263,0.09,1.52,29.41,0.36,0.0,1.16,38.46,0.0,1.97,36.36,5.73,29.69,2.33,1.43,0.36,18.52,1.52,0.81,23.71,78.87,5.73,65.63,5.37,91.67,20.67,84.42,1.6099999999999999,50.0,14.98,20.73,0.07,0.63,0.0,0.0,0.0,0.0,0.63,3.13,74.29,1.6099999999999999,38.89,0.09,0.0,0.63,0.36,3.31,75.68,80.77,6.98,0,,0,,0,0.0,0.0,0.0,,,0.18,,2.33,0.0,0.0,0.0,0.09,0,0.0
A. Yovera,Freddy Alonso Yovera Pérez,-84483,Cienciano,Cienciano,https://cdn5.wyscout.com/photos/team/public/542_120x120.png,Primera División,"LCB, LCB3, LB",LCB,50,LCB3,31,LB,18,25.0,2001-02-11,350000,2026-12-31,14,1003,0,0.22,0,0.04,11.13,57.26,Peru,['Peru'],left,182,73,False,8.17,4.04,60.0,4.13,63.04,0.18,0.32,0.27,5.5600000000000005,9.79,1.35,1,0.09,0,0.0,0.72,0.0,0,0.0,0.02,0,0.0,3,0.27,33.33,0.0,0.0,0.99,36.36,0.99,36.36,0.0,0.0,0.09,0.45,60.0,1.97,50.0,0.54,0.54,0.09,22.88,0.54,0.36,37.24,78.31,17.32,69.95,2.87,90.63,28.53,86.16,7.8100000000000005,54.02,23.58,38.72,0.0,0.27,0.0,0.0,0.0,0.0,0.09,5.65,60.32,1.26,57.14,0.09,0.0,0.45,0.45,8.52,70.53,88.51,13.28,0,,0,,0,0.0,0.0,0.0,,,1.08,,4.13,0.0,0.0,0.0,0.0,0,0.0
G. Rizzo,Gonzalo Nicolás Rizzo Sánchez,429720,Los Chankas,Los Chankas,https://cdn5.wyscout.com/photos/team/public/g32259_120x120.png,Primera División,"RCB3, RCB",RCB3,72,RCB,11,,0,30.0,1995-12-27,400000,2026-12-31,14,998,1,0.88,0,0.13,13.89,55.84,Uruguay,['Uruguay'],right,188,80,False,8.84,6.85,52.63,3.34,62.16,0.54,0.9,0.63,4.69,7.8,1.53,0,0.0,1,0.09,1.08,0.09,1,0.09,0.08,0,0.0,11,0.99,18.18,9.091,0.0,0.9,20.0,0.09,0.0,0.81,22.22,0.09,0.72,87.5,2.5300000000000002,53.57,0.9,0.9,0.09,22.09,0.54,0.54,34.72,75.06,18.49,71.22,1.8,85.0,26.42,84.98,7.48,45.78,22.86,37.01,0.01,0.18,0.0,0.09,0.09,100.0,0.27,6.31,55.71,1.8,20.0,0.72,12.5,0.36,0.18,9.65,63.55,77.05,11.0,0,,0,,0,0.0,0.0,0.0,,,0.72,,3.34,0.09,0.09,0.0,0.0,0,0.0
A. Santamaría,Anderson Santamaría Bardales,149552,Universitario,Universitario,https://cdn5.wyscout.com/photos/team/public/540_120x120.png,Primera División,"CB, LCB3",CB,55,LCB3,36,,0,34.0,1992-01-10,0,2027-12-31,13,995,1,0.9,1,0.53,10.31,50.88,Peru,['Peru'],right,184,82,False,7.6,4.34,54.17,3.08,58.82,0.72,1.1400000000000001,0.18,4.52,7.11,1.3599999999999999,4,0.36,1,0.09,0.54,0.09,1,0.09,0.08,1,0.09,8,0.72,37.5,12.5,0.09,0.45,40.0,0.18,50.0,0.27,33.33,0.09,0.09,100.0,1.27,35.71,0.9,0.81,0.09,23.34,0.63,0.27,37.09,87.07,16.64,79.89,0.99,100.0,30.93,92.98,5.79,57.81,22.63,42.56,0.05,0.18,0.0,0.09,0.0,0.0,0.09,6.42,70.42,0.99,36.36,0.45,0.0,0.18,0.18,7.33,79.01,94.02,16.64,0,,0,,0,0.0,0.0,0.0,,,0.45,,3.08,0.09,0.09,0.0,0.0,0,0.0
J. González,Juan Cruz González,437152,Sporting Cristal,Sporting Cristal,https://cdn5.wyscout.com/photos/team/public/541_120x120.png,Primera División,"RB, RW",RB,74,RW,14,,0,30.0,1996-03-15,650000,2026-12-31,16,994,0,0.6900000000000001,1,1.23,15.48,49.12,Argentina,['Argentina'],right,171,65,False,8.78,7.52,59.04,1.81,40.0,0.81,1.29,0.54,3.5300000000000002,5.6,1.54,3,0.27,1,0.09,2.9,0.0,0,0.0,0.06,0,0.0,22,1.99,40.91,0.0,0.09,2.9,37.5,0.09,0.0,2.81,38.71,0.45,1.72,57.89,4.8,43.4,1.45,1.72,0.0,32.6,2.08,1.18,40.2,77.93,16.03,76.27,4.16,93.48,31.87,86.08,5.61,53.23,19.86,38.97,0.11,0.91,0.0,0.0,0.0,0.0,0.54,7.61,70.24,2.9,37.5,0.27,33.33,0.54,1.0,9.87,84.4,74.66,13.22,0,,0,,0,0.0,0.0,0.0,,,0.45,,1.81,0.09,0.09,0.0,0.09,0,0.0
V. Robaldo,Valentín  Robaldo,-557892,Alianza Atlético,Alianza Atlético,https://cdn5.wyscout.com/photos/team/public/545_120x120.png,Primera División,CF,CF,80,,0,,0,26.0,2000-05-04,0,,18,993,3,3.7199999999999998,1,0.21,17.58,34.54,Argentina,['Argentina'],right,168,0,False,3.99,3.81,47.62,6.44,33.8,0.09,0.12,0.09,2.08,2.7,1.3599999999999999,2,0.18,0,0.0,2.18,0.27,3,0.27,0.34,0,0.0,36,3.26,44.44,8.333,0.09,0.45,20.0,0.27,33.33,0.18,0.0,0.0,1.63,33.33,5.44,28.33,3.44,0.8200000000000001,0.0,12.05,1.27,0.8200000000000001,14.68,69.14,3.63,47.5,2.99,87.88,13.6,72.67,0.63,28.57,15.18,11.41,0.02,0.36,0.09,0.0,0.18,50.0,0.18,2.54,57.14,0.73,25.0,0.27,33.33,0.45,0.09,1.81,60.0,77.08,4.35,0,,0,,0,0.0,0.0,0.0,,,0.0,,6.44,0.09,0.09,0.0,0.0,0,0.0
C. Bordacahar,Cristian Ariel Bordacahar,234886,Melgar,Melgar,https://cdn5.wyscout.com/photos/team/public/546_120x120.png,Primera División,"RAMF, RW",RAMF,53,RW,20,,0,34.0,1991-10-27,400000,2026-12-31,14,978,4,2.13,1,0.92,19.6,40.38,Argentina,['Argentina'],right,179,82,False,5.61,4.6,46.0,5.06,36.36,0.28,0.41000000000000003,0.37,3.22,4.84,1.2,2,0.18,0,0.0,2.58,0.37,4,0.37,0.2,2,0.18,14,1.29,42.86,28.571,0.09,3.31,33.33,0.09,100.0,3.13,32.35,0.28,1.29,64.29,8.19,43.82,2.67,0.64,0.18,27.98,2.12,1.47,38.28,67.79,11.32,45.53,7.91,95.35,31.2,73.45,4.23,47.83,17.71,33.89,0.08,0.55,0.0,0.09,0.18,50.0,0.64,5.71,40.32,4.05,45.45,0.28,33.33,0.74,1.01,6.9,74.67,65.87,11.6,0,,0,,0,0.0,0.0,0.0,,,0.0,,5.06,0.0,0.0,0.0,0.0,0,0.0
I. Wisdom,Ian Wisdom Pestana,-78923,Sporting Cristal,Sporting Cristal,https://cdn5.wyscout.com/photos/team/public/541_120x120.png,Primera División,"AMF, RCMF3, LDMF",AMF,24,RCMF3,22,LDMF,16,20.0,2005-09-14,0,2026-12-31,17,976,1,1.88,1,0.61,14.29,48.39,Peru,['Peru'],right,0,0,False,6.73,5.16,69.64,1.57,35.29,1.01,1.85,0.09,2.12,3.88,0.37,0,0.0,0,0.0,1.38,0.09,1,0.09,0.17,0,0.0,11,1.01,36.36,9.091,0.09,0.8300000000000001,11.11,0.28,0.0,0.46,20.0,0.28,1.38,60.0,5.35,43.1,2.03,1.57,0.18,29.51,0.46,1.29,38.27,85.3,9.87,73.83,8.58,95.7,36.24,87.53,1.29,64.29,19.51,17.64,0.06,0.46,0.0,0.09,0.18,50.0,0.55,3.6,71.79,1.38,26.67,0.37,25.0,0.37,0.09,4.15,80.0,89.55,12.36,0,,0,,0,0.0,0.0,0.0,,,0.28,,1.57,0.0,0.0,0.0,0.0,0,0.0
José Villegas,José Carlos Villegas,322054,Alianza Atlético,Alianza Atlético,https://cdn5.wyscout.com/photos/team/public/545_120x120.png,Primera División,"LCB, RCB",LCB,53,RCB,46,,0,30.0,1996-04-17,0,2027-12-31,12,957,0,0.30000000000000004,0,0.01,12.51,62.41,Argentina,['Argentina'],right,190,83,False,8.75,4.7,70.0,4.23,55.56,0.09,0.13,0.56,5.36,7.63,1.13,3,0.28,2,0.19,0.09,0.0,0,0.0,0.03,0,0.0,3,0.28,0.0,0.0,0.0,0.09,100.0,0.09,100.0,0.0,0.0,0.09,0.0,0.0,0.9400000000000001,40.0,0.66,0.38,0.0,15.42,0.19,0.47000000000000003,31.13,78.55,14.48,65.58,2.35,100.0,25.58,87.5,5.45,36.21,22.88,39.46,0.0,0.19,0.0,0.0,0.0,0.0,0.0,3.95,50.0,0.85,22.22,0.66,42.86,0.19,0.09,6.49,52.17,94.74,10.72,0,,0,,0,0.0,0.0,0.0,,,2.07,,4.23,0.0,0.0,0.0,0.0,0,0.0
G. Dulanto,Gustavo Alfonso Dulanto Sanguinetti,404018,Sport Boys,Sport Boys,https://cdn5.wyscout.com/photos/team/public/552_120x120.png,Primera División,"LCB, LCB3",LCB,80,LCB3,19,,0,30.0,1995-09-05,650000,2026-12-31,12,946,0,0.26,1,0.02,10.47,65.45,Peru,"['Peru', 'Italy']",left,196,89,True,9.32,5.52,63.79,3.62,73.68,0.5700000000000001,0.79,0.5700000000000001,5.23,7.24,0.86,3,0.29,0,0.0,0.19,0.0,0,0.0,0.02,0,0.0,7,0.67,28.57,0.0,0.1,0.29,0.0,0.29,0.0,0.0,0.0,0.0,0.0,0.0,0.38,25.0,0.29,0.38,0.0,22.36,0.1,0.19,36.25,78.48,20.07,68.72,1.81,100.0,27.68,87.29,8.28,51.72,23.01,41.16,0.0,0.1,0.0,0.0,0.0,0.0,0.1,7.04,55.41,0.86,22.22,0.67,14.29,0.29,0.0,9.51,74.0,92.37,12.46,0,,0,,0,0.0,0.0,0.0,,,0.9500000000000001,,3.62,0.29,0.29,33.33,0.0,0,0.0
J. Betancourt,Jonathan Enrique Betancourt Mina,268819,FC Cajamarca,FC Cajamarca,https://cdn5.wyscout.com/photos/team/public/g-25565_120x120.png,Primera División,"LAMF, LW, CF",LAMF,47,LW,25,CF,11,31.0,1995-02-14,250000,2026-12-31,18,942,2,1.33,0,0.76,19.39,54.19,Ecuador,['Ecuador'],right,181,75,False,3.15,3.15,60.61,1.43,46.67,0.1,0.15,0.0,1.15,1.75,1.24,1,0.1,0,0.0,4.49,0.19,2,0.19,0.13,0,0.0,14,1.34,35.71,14.286,0.0,2.1,27.27,1.9100000000000001,25.0,0.1,0.0,0.1,4.2,75.0,12.99,53.68,2.1,3.8200000000000003,0.1,18.44,2.01,1.72,24.46,67.58,7.36,64.94,4.59,79.17,20.45,73.83,2.01,42.86,15.08,15.97,0.07,1.05,0.1,0.1,0.38,75.0,0.5700000000000001,3.54,67.57,3.54,40.54,0.76,37.5,1.24,0.5700000000000001,4.11,79.07,61.84,7.26,0,,0,,0,0.0,0.0,0.0,,,0.0,,1.43,0.19,0.1,100.0,0.29,0,0.0
N. Ramirez,Nilton Cesar Ramirez Barrera,-436419,Juan Pablo II College,Juan Pablo II College,https://cdn5.wyscout.com/photos/team/public/g-23170_120x120.png,Primera División,"LW, CF, RCMF3",LW,26,CF,26,RCMF3,15,21.0,2005-08-08,0,2027-12-31,17,942,1,2.36,0,1.27,14.81,45.16,Peru,['Peru'],unknown,0,0,False,3.15,2.87,56.67,1.53,12.5,0.1,0.13,0.1,1.43,1.97,0.86,0,0.0,0,0.0,2.68,0.1,1,0.1,0.23,0,0.0,16,1.53,12.5,6.25,0.0,0.86,33.33,0.38,25.0,0.48,40.0,0.19,3.44,58.33,8.5,48.31,1.72,1.9100000000000001,0.0,15.0,1.62,2.2,18.44,76.17,4.59,60.42,3.54,91.89,15.67,81.71,1.9100000000000001,50.0,19.05,22.38,0.12,0.86,0.1,0.1,0.19,100.0,0.48,2.48,69.23,2.2,56.52,0.38,75.0,1.05,0.29,3.15,72.73,80.6,6.4,0,,0,,0,0.0,0.0,0.0,,,0.1,,1.53,0.0,0.0,0.0,0.38,0,0.0
A. Muñoz,Elian Ariel Muñoz Aizcorbe,-88093,Alianza Atlético,Alianza Atlético,https://cdn5.wyscout.com/photos/team/public/545_120x120.png,Primera División,"RCMF, RWF, LCMF3",RCMF,16,RWF,15,LCMF3,15,26.0,2000-07-21,0,,17,941,2,1.9100000000000001,2,0.66,17.79,50.0,Argentina,['Argentina'],left,175,68,False,5.55,5.55,51.72,1.34,50.0,0.1,0.12,0.0,2.58,3.19,0.96,4,0.38,0,0.0,3.16,0.19,1,0.1,0.18,0,0.0,23,2.2,43.48,8.696,0.19,0.38,50.0,0.19,50.0,0.19,50.0,0.0,2.96,64.52,9.56,51.0,0.67,2.58,0.38,20.47,0.67,0.77,29.27,85.95,7.65,77.5,4.59,87.5,27.74,87.24,1.15,66.67,15.46,19.01,0.06,1.43,0.1,0.1,0.29,33.33,0.29,5.07,84.91,1.34,64.29,0.38,25.0,0.96,0.19,4.3,88.89,91.26,9.85,0,,0,,0,0.0,0.0,0.0,,,0.0,,1.34,0.29,0.0,0.0,1.05,1,100.0
S. Arias,Santiago Daniel Arias Fierro,499291,Cienciano,Cienciano,https://cdn5.wyscout.com/photos/team/public/542_120x120.png,Primera División,"RDMF, LDMF, RCMF",RDMF,35,LDMF,30,RCMF,14,31.0,1995-06-19,450000,2026-12-31,15,937,0,0.58,1,0.22,10.57,50.0,Uruguay,['Uruguay'],right,180,79,False,6.53,5.96,56.45,1.06,36.36,0.0,0.0,0.0,3.17,4.88,1.54,5,0.48,0,0.0,0.96,0.0,0,0.0,0.06,0,0.0,18,1.73,33.33,0.0,0.1,0.67,28.57,0.29,0.0,0.38,50.0,0.19,0.67,28.57,2.79,48.28,0.67,1.25,0.1,30.35,0.67,0.77,43.99,81.22,15.66,67.48,5.38,92.86,37.84,85.79,5.47,56.14,20.24,36.04,0.02,0.58,0.0,0.0,0.0,0.0,0.19,8.55,74.16,2.02,38.1,0.0,0.0,0.58,0.38,6.92,76.39,87.77,18.06,0,,0,,0,0.0,0.0,0.0,,,0.67,,1.06,0.1,0.0,0.0,0.0,0,0.0
M. Pérez Guedes,Martín Pérez Guedes,161757,Universitario,Universitario,https://cdn5.wyscout.com/photos/team/public/540_120x120.png,Primera División,RCMF3,RCMF3,84,,0,,0,35.0,1991-08-18,450000,2026-12-31,14,933,2,1.73,0,2.27,10.9,39.82,Argentina,"['Argentina', 'Peru']",right,179,77,False,3.47,2.89,56.67,2.41,16.0,0.39,0.59,0.1,1.45,2.23,0.58,2,0.19,0,0.0,2.7,0.19,2,0.19,0.17,2,0.19,19,1.83,15.79,10.526,0.0,2.8,55.17,0.29,100.0,2.51,50.0,0.19,1.9300000000000002,45.0,4.34,33.33,3.18,1.25,0.0,35.5,1.54,0.29,42.73,85.78,7.43,75.32,6.95,95.83,35.31,89.07,4.63,79.17,19.91,36.76,0.22,1.45,0.0,0.0,0.0,0.0,1.16,5.02,78.85,3.09,65.63,0.29,33.33,0.87,1.54,5.59,82.76,88.57,20.26,0,,0,,0,0.0,0.0,0.0,,,0.1,,2.41,0.0,0.0,0.0,0.29,0,0.0
F. Illanes,Federico Arturo Illanes,396312,Sport Boys,Sport Boys,https://cdn5.wyscout.com/photos/team/public/552_120x120.png,Primera División,"RCMF, DMF, RDMF",RCMF,34,DMF,31,RDMF,13,32.0,1994-06-29,300000,2026-12-31,14,927,0,0.09,0,0.14,13.98,57.64,Argentina,['Argentina'],right,178,80,False,8.16,8.54,60.23,2.33,58.33,0.58,0.91,0.19,2.43,3.79,2.23,5,0.49,0,0.0,0.1,0.0,0,0.0,0.01,0,0.0,3,0.29,0.0,0.0,0.0,0.1,100.0,0.0,0.0,0.1,100.0,0.0,0.1,0.0,1.94,40.0,0.1,0.49,0.0,20.78,0.19,0.68,31.36,89.16,9.71,78.0,2.91,100.0,28.74,93.24,2.52,42.31,19.65,26.71,0.01,0.1,0.0,0.1,0.0,0.0,0.0,4.5600000000000005,74.47,0.78,50.0,0.29,0.0,0.29,0.0,4.66,83.33,94.38,15.53,0,,0,,0,0.0,0.0,0.0,,,0.58,,2.33,0.0,0.0,0.0,0.0,0,0.0
F. Coronel,Franco Emir Coronel,369287,,Alianza Atlético,,,"CF, LWF, RAMF",CF,61,LWF,14,RAMF,10,33.0,1993-07-08,0,,13,922,3,4.44,2,0.5700000000000001,8.2,35.71,Argentina,['Argentina'],right,175,70,False,1.9500000000000002,1.46,60.0,0.68,14.29,0.0,0.0,0.1,1.07,1.63,0.59,1,0.1,0,0.0,2.54,0.29,3,0.29,0.43,0,0.0,29,2.83,51.72,10.345,0.2,1.76,27.78,1.17,8.33,0.59,66.67,0.29,0.98,60.0,4.3,43.18,4.0,0.68,0.29,12.2,3.03,0.98,12.79,67.94,2.54,57.69,3.03,90.32,10.15,75.0,0.98,60.0,19.21,18.45,0.06,0.59,0.0,0.0,0.0,0.0,0.1,1.37,64.29,1.46,40.0,0.1,0.0,0.59,0.39,1.6600000000000001,70.59,58.7,4.49,0,,0,,0,0.0,0.0,0.0,,,0.0,,0.68,0.0,0.0,0.0,0.1,0,0.0
E. Villar Callupe,Edú Marcelo Villar Callupe,-645507,Sport Huancayo,Sport Huancayo,https://cdn5.wyscout.com/photos/team/public/1671_120x120.png,Primera División,"RCMF, RDMF",RCMF,54,RDMF,19,,0,22.0,2004-06-12,0,2027-12-31,15,907,0,0.11,0,0.76,15.78,53.46,Peru,['Peru'],,0,0,False,7.74,6.75,61.76,1.49,60.0,0.6000000000000001,0.85,0.0,2.98,4.23,1.3900000000000001,2,0.2,0,0.0,1.19,0.0,0,0.0,0.01,0,0.0,4,0.4,25.0,0.0,0.0,0.89,33.33,0.2,50.0,0.6900000000000001,28.57,0.1,1.29,53.85,4.66,46.81,0.4,1.09,0.1,24.01,0.79,0.79,33.44,82.2,10.52,72.64,4.86,87.76,30.07,84.82,2.58,65.38,16.27,29.64,0.08,0.89,0.0,0.0,0.1,100.0,0.4,4.47,80.0,1.09,45.45,0.4,75.0,0.2,0.30000000000000004,4.86,79.59,89.09,10.92,0,,0,,0,0.0,0.0,0.0,,,0.1,,1.49,0.0,0.0,0.0,0.0,0,0.0
I. Espinoza,Ítalo Gilmar Espinoza Gómez,290711,Cienciano,Cienciano,https://cdn5.wyscout.com/photos/team/public/542_120x120.png,Primera División,GK,GK,100,,0,,0,30.0,1996-04-17,250000,2027-12-31,9,907,0,0.0,0,0.0,0.6900000000000001,57.14,Peru,['Peru'],right,186,78,False,1.69,0.2,50.0,0.2,100.0,0.0,0.0,0.0,1.5899999999999999,2.58,0.0,0,0.0,0,0.0,0.0,0.0,0,0.0,0.0,0,0.0,0,0.0,0.0,0.0,0.0,0.0,0.0,0.0,0.0,0.0,0.0,0.0,0.2,0.0,0.30000000000000004,33.33,0.0,0.0,0.0,9.53,0.4,0.2,19.45,82.14,12.9,73.85,0.0,0.0,11.71,98.31,7.74,57.69,36.61,51.77,0.0,0.0,0.0,0.0,0.0,0.0,0.0,2.88,58.62,0.5,20.0,0.1,0.0,0.1,0.0,5.66,84.21,98.46,6.45,13,1.29,39,3.87,1,66.67,13.8,1.37,0.8,0.079,0.0,1.19,0.2,,,,0.0,0,0.0
F. Girotti,Federico Girotti Bonazza,-109566,Alianza Lima,Alianza Lima,https://cdn5.wyscout.com/photos/team/public/551_120x120.png,Primera División,CF,CF,96,,0,,0,27.0,1999-06-02,2500000,2028-12-31,17,899,3,3.49,0,1.11,17.52,38.29,Argentina,"['Argentina', 'Italy']",right,189,82,False,1.8,1.6,43.75,6.01,55.0,0.1,0.18,0.2,1.0,1.79,0.7000000000000001,1,0.1,0,0.0,3.0,0.30000000000000004,3,0.30000000000000004,0.35000000000000003,0,0.0,35,3.5,31.43,8.571,0.0,1.5,40.0,0.5,20.0,1.0,50.0,0.2,1.9,57.89,7.91,26.58,4.1,0.9,0.1,16.42,3.9,0.4,21.32,69.48,2.8,46.43,4.61,82.61,17.62,72.73,2.3,60.87,17.76,18.21,0.11,0.6000000000000001,0.0,0.0,0.2,100.0,0.6000000000000001,1.9,57.89,1.9,68.42,0.2,100.0,0.9,0.6000000000000001,2.8,78.57,68.57,10.51,0,,0,,0,0.0,0.0,0.0,,,0.0,,6.01,0.1,0.1,0.0,0.0,0,0.0
S. Rivadeneyra,Steven Aldair Rivadeneyra del Villar,338283,Alianza Atlético,Alianza Atlético,https://cdn5.wyscout.com/photos/team/public/545_120x120.png,Primera División,GK,GK,100,,0,,0,31.0,1994-11-02,350000,2026-12-31,9,897,0,0.0,0,0.0,0.2,100.0,Peru,['Peru'],right,189,86,True,0.7000000000000001,0.1,100.0,0.0,0.0,0.1,0.13,0.0,0.5,0.66,0.0,0,0.0,0,0.0,0.0,0.0,0,0.0,0.0,0,0.0,0,0.0,0.0,0.0,0.0,0.0,0.0,0.0,0.0,0.0,0.0,0.0,0.0,0.0,0.0,0.0,0.0,0.0,0.0,5.72,0.0,0.0,13.75,73.72,8.73,62.07,0.0,0.0,7.63,97.37,6.12,44.26,36.59,52.47,0.0,0.0,0.0,0.0,0.0,0.0,0.0,1.9100000000000001,42.11,0.2,0.0,0.0,0.0,0.0,0.0,4.52,55.56,93.62,4.72,15,1.51,53,5.32,1,71.7,14.9,1.5,-0.1,-0.01,0.0,2.11,0.0,,,,0.0,0,0.0
A. Cantero,Alan Martín Cantero,-216284,Alianza Lima,Alianza Lima,https://cdn5.wyscout.com/photos/team/public/551_120x120.png,Primera División,"AMF, LCMF, RAMF",AMF,48,LCMF,23,RAMF,13,28.0,1998-06-28,1000000,2028-12-31,19,888,2,2.8,3,0.9500000000000001,20.37,49.75,Argentina,['Argentina'],right,184,80,False,4.46,4.05,52.5,2.43,50.0,0.51,0.97,0.2,1.82,3.48,0.91,2,0.2,0,0.0,3.65,0.2,2,0.2,0.28,0,0.0,26,2.64,34.62,7.692,0.30000000000000004,0.71,42.86,0.41000000000000003,50.0,0.30000000000000004,33.33,0.30000000000000004,3.55,60.0,11.86,52.14,2.74,3.24,0.61,24.12,1.42,3.04,27.57,77.94,7.2,67.61,4.05,92.5,25.24,80.32,1.62,56.25,17.22,15.94,0.1,1.01,0.0,0.0,0.51,60.0,0.61,5.17,68.63,2.43,50.0,0.81,62.5,1.11,0.30000000000000004,4.86,77.08,79.25,10.74,0,,0,,0,0.0,0.0,0.0,,,0.1,,2.43,0.41000000000000003,0.30000000000000004,66.67,0.1,0,0.0
I. Ávila,Irven Beybe Ávila Acero,24109,Sporting Cristal,Sporting Cristal,https://cdn5.wyscout.com/photos/team/public/541_120x120.png,Primera División,CF,CF,84,,0,,0,36.0,1990-07-02,300000,2026-12-31,17,886,3,2.69,2,0.75,13.71,31.11,Peru,['Peru'],right,170,70,False,2.95,3.25,50.0,1.73,41.18,0.2,0.36,0.0,1.12,2.0,1.02,0,0.0,0,0.0,1.22,0.30000000000000004,3,0.30000000000000004,0.27,1,0.1,14,1.42,50.0,21.429,0.2,1.22,16.67,0.1,0.0,1.02,20.0,0.30000000000000004,0.61,50.0,6.4,23.81,3.66,0.91,0.30000000000000004,22.35,1.52,0.91,28.75,80.92,5.69,66.07,8.74,88.37,27.02,84.59,0.61,33.33,15.27,10.12,0.08,0.91,0.1,0.0,0.0,0.0,0.81,2.74,70.37,1.22,33.33,0.1,0.0,0.81,0.30000000000000004,2.84,78.57,80.26,7.72,0,,0,,0,0.0,0.0,0.0,,,0.0,,1.73,0.0,0.0,0.0,0.0,0,0.0
L. Arce,Luis Arturo Arce Mina,-115710,UTC Cajamarca,UTC Cajamarca,https://cdn5.wyscout.com/photos/team/public/g6809_120x120.png,Primera División,"LDMF, RDMF, AMF",LDMF,29,RDMF,22,AMF,11,32.0,1993-12-03,150000,2026-12-31,18,885,1,0.92,0,0.56,12.2,52.5,Ecuador,['Ecuador'],right,176,72,False,6.41,4.37,62.79,2.85,53.57,0.2,0.31,0.0,3.46,5.31,0.92,1,0.1,1,0.1,2.34,0.1,1,0.1,0.09,0,0.0,33,3.36,36.36,3.03,0.0,2.44,25.0,0.92,33.33,1.42,21.43,0.2,0.81,62.5,3.86,44.74,0.61,0.92,0.1,31.42,0.61,1.02,36.81,80.39,11.08,67.89,3.15,93.55,30.92,88.82,3.56,45.71,19.54,32.6,0.06,0.41000000000000003,0.0,0.0,0.0,0.0,0.2,6.41,69.84,2.64,34.62,0.1,100.0,0.61,0.61,5.8,77.19,85.0,16.27,0,,0,,0,0.0,0.0,0.0,,,0.31,,2.85,1.63,1.02,40.0,2.14,0,0.0
D. Barreto,Diego Fabian Barreto Lara,283457,Atlético Grau,Atlético Grau,https://cdn5.wyscout.com/photos/team/public/3746_120x120.png,Primera División,"AMF, RCMF, LCMF",AMF,50,RCMF,19,LCMF,11,33.0,1993-05-31,150000,,18,876,1,1.29,1,2.41,14.9,43.45,Paraguay,"['Paraguay', 'Italy']",right,181,77,False,3.8,4.01,53.85,2.5700000000000003,48.0,0.0,0.0,0.1,1.6400000000000001,2.29,1.03,2,0.21,0,0.0,2.67,0.1,1,0.1,0.13,0,0.0,19,1.9500000000000002,31.58,5.263,0.1,1.54,33.33,0.8200000000000001,37.5,0.72,28.57,0.21,2.47,58.33,7.71,37.33,1.6400000000000001,1.03,0.21,28.97,1.75,0.41000000000000003,38.32,82.31,12.33,69.17,6.68,92.31,33.39,87.69,3.39,51.52,17.76,26.39,0.25,1.75,0.0,0.0,0.1,100.0,0.72,6.58,70.31,2.47,54.17,0.41000000000000003,25.0,1.23,0.51,6.68,84.62,86.51,12.95,0,,0,,0,0.0,0.0,0.0,,,0.21,,2.5700000000000003,0.8200000000000001,0.0,0.0,2.26,0,0.0
T. Andrade,Tomás Gustavo Andrade,443649,FC Cajamarca,FC Cajamarca,https://cdn5.wyscout.com/photos/team/public/g-25565_120x120.png,Primera División,"AMF, LCMF, RDMF",AMF,33,LCMF,12,RDMF,12,29.0,1996-11-16,300000,2026-12-31,9,864,0,0.26,2,0.92,18.44,46.33,Argentina,"['Argentina', 'Italy']",left,174,76,False,5.63,5.94,59.65,1.35,15.38,0.21,0.30000000000000004,0.0,1.88,2.67,1.46,3,0.31,0,0.0,3.33,0.0,0,0.0,0.03,0,0.0,11,1.15,36.36,0.0,0.21,3.44,36.36,0.8300000000000001,12.5,2.4,43.48,0.63,3.13,53.33,8.44,44.44,1.25,1.25,0.1,25.21,1.04,1.25,36.98,80.28,10.52,72.28,5.52,92.45,30.94,87.54,2.6,52.0,17.88,33.43,0.1,1.15,0.0,0.0,0.1,0.0,0.31,6.04,65.52,3.75,50.0,0.42,50.0,0.63,1.25,6.25,81.67,80.65,12.92,0,,0,,0,0.0,0.0,0.0,,,0.0,,1.35,1.46,0.21,50.0,2.5,0,0.0
M. Peralta,Juan Martín Peralta,-340899,Juan Pablo II College,Juan Pablo II College,https://cdn5.wyscout.com/photos/team/public/g-23170_120x120.png,Primera División,"RCB3, LCB",RCB3,54,LCB,28,,0,22.0,2003-09-27,0,2026-12-31,13,858,1,0.32,0,0.01,11.01,54.29,Peru,['Peru'],unknown,0,0,False,10.7,5.14,73.47,2.62,36.0,0.1,0.15,0.73,6.82,9.85,0.9400000000000001,2,0.21,1,0.1,0.31,0.1,1,0.1,0.03,1,0.1,5,0.52,40.0,20.0,0.0,0.21,0.0,0.1,0.0,0.1,0.0,0.0,0.1,100.0,1.3599999999999999,53.85,0.52,0.9400000000000001,0.31,18.99,0.73,0.42,31.68,81.46,14.69,71.43,2.52,87.5,27.38,88.12,4.09,41.03,19.08,29.8,0.0,0.31,0.0,0.1,0.0,0.0,0.0,3.46,63.64,0.42,25.0,0.21,0.0,0.1,0.1,5.66,61.11,91.26,10.8,0,,0,,0,0.0,0.0,0.0,,,0.52,,2.62,0.0,0.0,0.0,0.0,0,0.0
A. Graneros,Miguel Agustín Graneros,413420,Deportivo Riestra,Deportivo Garcilaso,https://cdn5.wyscout.com/photos/team/public/g7583_120x120.png,Liga Profesional de Fútbol,CF,CF,100,,0,,0,30.0,1996-04-28,0,2027-12-31,14,854,0,3.14,0,0.14,15.6,33.78,Argentina,['Argentina'],right,180,73,False,2.42,2.63,52.0,2.74,30.77,0.0,0.0,0.0,1.05,1.6400000000000001,1.05,1,0.11,0,0.0,2.32,0.0,0,0.0,0.33,0,0.0,22,2.32,45.45,0.0,0.0,1.26,16.67,0.84,12.5,0.42,25.0,0.0,2.42,39.13,7.17,26.47,3.58,0.9500000000000001,0.0,6.11,0.9500000000000001,0.53,8.85,69.05,1.16,72.73,2.74,92.31,7.48,78.87,0.21,50.0,15.54,5.24,0.02,0.53,0.0,0.0,0.11,100.0,0.11,0.42,75.0,1.37,30.77,0.11,100.0,0.63,0.21,0.63,83.33,55.56,2.85,0,,0,,0,0.0,0.0,0.0,,,0.0,,2.74,0.0,0.0,0.0,0.0,0,0.0
R. Huaccha,Ronal Omar Huaccha Jurado,330379,Sport Huancayo,Sport Huancayo,https://cdn5.wyscout.com/photos/team/public/1671_120x120.png,Primera División,"CF, RW",CF,74,RW,11,,0,32.0,1993-12-20,400000,2026-12-31,21,837,4,2.69,0,1.0,10.43,37.11,Peru,['Peru'],right,175,71,False,3.01,1.6099999999999999,53.33,2.9,29.63,0.0,0.0,0.22,2.15,3.61,0.65,1,0.11,0,0.0,1.29,0.43,4,0.43,0.29,2,0.22,13,1.4,38.46,30.769,0.0,1.08,40.0,0.32,66.67,0.75,28.57,0.11,0.54,60.0,3.87,38.89,4.19,0.32,0.0,13.76,2.8,1.08,17.53,84.05,2.58,70.83,6.13,92.98,15.81,87.76,0.65,66.67,14.76,9.94,0.11,1.08,0.0,0.11,0.0,0.0,0.54,1.08,80.0,1.08,70.0,0.0,0.0,0.75,0.43,1.51,85.71,75.0,4.3,0,,0,,0,0.0,0.0,0.0,,,0.0,,2.9,0.0,0.0,0.0,0.0,0,0.0
C. Tizón,Cristhian Andrés Tizón Correa,-124554,Juan Pablo II College,Juan Pablo II College,https://cdn5.wyscout.com/photos/team/public/g-23170_120x120.png,Primera División,"LW, LAMF, CF",LW,47,LAMF,12,CF,10,30.0,1996-01-26,300000,2026-12-31,12,835,1,1.6,1,0.84,10.13,46.81,Uruguay,['Uruguay'],left,175,70,False,1.94,2.26,38.1,1.51,42.86,0.0,0.0,0.0,1.08,1.65,0.86,1,0.11,0,0.0,2.16,0.11,1,0.11,0.17,0,0.0,16,1.72,37.5,6.25,0.11,3.34,19.35,2.91,18.52,0.32,0.0,0.54,1.62,53.33,4.85,55.56,2.26,1.08,0.11,14.98,1.94,2.37,18.75,63.79,6.04,57.14,3.77,94.29,13.15,81.15,2.37,31.82,18.94,34.42,0.09,0.54,0.0,0.0,0.11,0.0,0.22,1.83,47.06,3.34,16.13,0.43,0.0,0.65,0.43,3.23,76.67,47.92,5.17,0,,0,,0,0.0,0.0,0.0,,,0.0,,1.51,0.54,0.11,0.0,0.54,0,0.0
L. Guzmán,Brian Lautaro Guzmán,-74163,Melgar,Melgar,https://cdn5.wyscout.com/photos/team/public/546_120x120.png,Primera División,"RW, RAMF, AMF",RW,22,RAMF,20,AMF,15,26.0,2000-01-18,0,2026-12-31,18,833,1,0.56,1,1.71,12.75,40.68,Argentina,['Argentina'],left,173,64,False,4.21,2.48,52.17,1.08,30.0,0.43,0.71,0.22,2.48,4.06,0.65,1,0.11,1,0.11,2.16,0.11,1,0.11,0.06,0,0.0,18,1.94,16.67,5.556,0.11,1.73,25.0,0.65,50.0,1.08,10.0,0.22,2.16,55.0,8.1,41.33,1.62,1.4,0.22,24.09,1.73,1.62,31.12,73.96,8.54,62.03,7.24,94.03,27.55,79.22,2.05,36.84,19.42,26.48,0.18,1.19,0.22,0.11,0.32,66.67,0.43,3.13,68.97,2.81,42.31,0.32,66.67,1.08,0.54,5.08,63.83,74.12,9.18,0,,0,,0,0.0,0.0,0.0,,,0.0,,1.08,1.08,0.32,0.0,2.27,0,0.0
R. Alfani,Renzo Alfani,469790,Sport Boys,Sport Boys,https://cdn5.wyscout.com/photos/team/public/552_120x120.png,Primera División,"RCB, LCB, RCB3",RCB,56,LCB,23,RCB3,18,30.0,1996-02-18,100000,2026-12-31,10,829,0,0.41000000000000003,0,0.01,12.81,58.47,Argentina,['Argentina'],right,186,79,False,8.58,5.32,65.31,5.43,56.0,0.22,0.34,1.3,4.89,7.63,0.87,3,0.33,0,0.0,0.11,0.0,0,0.0,0.04,0,0.0,5,0.54,20.0,0.0,0.0,0.0,0.0,0.0,0.0,0.0,0.0,0.0,0.11,0.0,0.76,14.29,0.76,0.43,0.0,19.65,0.54,0.22,34.74,76.56,22.36,69.9,0.87,100.0,24.54,85.4,10.21,55.32,25.01,35.64,0.0,0.11,0.0,0.0,0.0,0.0,0.0,5.54,58.82,0.54,20.0,0.33,33.33,0.22,0.0,11.07,66.67,88.51,9.45,0,,0,,0,0.0,0.0,0.0,,,0.43,,5.43,0.11,0.0,0.0,0.0,0,0.0
B. Angulo,Bryan Dennis Angulo Tenorio,335625,CD Moquegua,CD Moquegua,https://cdn5.wyscout.com/photos/team/public/g-25564_120x120.png,Primera División,CF,CF,91,,0,,0,30.0,1995-11-30,600000,2026-12-31,18,828,3,2.92,1,0.07,18.59,30.99,Ecuador,['Ecuador'],right,183,70,False,2.17,2.39,36.36,8.26,30.26,0.11,0.17,0.0,1.2,1.8399999999999999,1.09,1,0.11,0,0.0,1.3,0.33,2,0.22,0.32,0,0.0,13,1.4100000000000001,61.54,23.077,0.11,0.43,50.0,0.11,0.0,0.33,66.67,0.0,0.65,16.67,5.0,23.91,2.07,0.33,0.0,11.52,3.26,1.4100000000000001,17.39,76.25,3.04,50.0,4.35,92.5,15.98,77.55,1.2,72.73,16.38,19.02,0.01,0.33,0.0,0.0,0.11,100.0,0.11,1.96,55.56,1.09,60.0,0.22,50.0,0.65,0.0,1.96,77.78,79.63,5.87,0,,0,,0,0.0,0.0,0.0,,,0.0,,8.26,0.0,0.0,0.0,0.0,1,100.0
Gabriel,Gabriel Santana Pinto,170927,Sporting Cristal,Sporting Cristal,https://cdn5.wyscout.com/photos/team/public/541_120x120.png,Primera División,"CF, AMF, RW",CF,31,AMF,16,RW,14,36.0,1990-01-06,350000,2026-12-31,14,825,1,1.6400000000000001,2,1.12,7.96,46.58,Brazil,['Brazil'],right,178,67,False,3.93,2.4,63.64,1.09,40.0,0.22,0.34,0.33,2.18,3.41,0.55,0,0.0,0,0.0,1.85,0.11,1,0.11,0.18,0,0.0,15,1.6400000000000001,33.33,6.667,0.22,1.6400000000000001,40.0,0.76,28.57,0.76,57.14,0.11,0.76,71.43,3.93,36.11,2.51,1.53,0.22,33.82,1.96,0.33,42.44,83.8,10.69,74.49,8.95,93.9,38.62,86.72,2.51,60.87,17.04,30.61,0.12,1.31,0.11,0.11,0.11,100.0,0.33,5.45,80.0,2.29,52.38,0.22,50.0,0.87,0.55,6.55,78.33,84.85,14.4,0,,0,,0,0.0,0.0,0.0,,,0.55,,1.09,0.11,0.0,0.0,1.31,0,0.0
L. Iberico,Luis Enrique Iberico Robalino,330347,Sporting Cristal,Sporting Cristal,https://cdn5.wyscout.com/photos/team/public/541_120x120.png,Primera División,"CF, LAMF, RWF",CF,28,LAMF,27,RWF,12,28.0,1998-02-06,600000,2026-12-31,17,810,4,2.51,0,0.11,19.89,45.81,Peru,['Peru'],right,181,79,False,5.44,5.0,64.44,3.22,27.59,0.44,0.78,0.0,1.78,3.12,1.44,1,0.11,0,0.0,2.67,0.44,4,0.44,0.28,1,0.11,16,1.78,56.25,25.0,0.0,0.89,12.5,0.33,0.0,0.44,25.0,0.33,1.78,87.5,9.78,44.32,2.67,0.67,0.0,17.0,0.89,2.44,22.89,83.5,5.44,61.22,6.11,96.36,21.11,87.37,0.89,62.5,13.28,3.63,0.01,0.33,0.22,0.0,0.11,0.0,0.22,1.8900000000000001,94.12,1.67,20.0,0.44,25.0,0.89,0.11,2.56,78.26,82.69,5.78,0,,0,,0,0.0,0.0,0.0,,,0.0,,3.22,0.0,0.0,0.0,0.0,0,0.0
F. Caballero,Franco Javier Caballero,222030,Sport Huancayo,Sport Huancayo,https://cdn5.wyscout.com/photos/team/public/1671_120x120.png,Primera División,CF,CF,98,,0,,0,33.0,1993-03-07,75000,,17,808,4,5.09,0,0.0,13.92,34.4,Argentina,['Argentina'],right,182,78,False,1.56,1.56,35.71,5.57,42.0,0.0,0.0,0.0,1.0,1.44,1.34,2,0.22,0,0.0,1.78,0.45,4,0.45,0.5700000000000001,3,0.33,29,3.23,44.83,13.793,0.0,0.0,0.0,0.0,0.0,0.0,0.0,0.0,0.56,60.0,4.57,26.83,4.46,0.22,0.0,8.02,1.8900000000000001,0.67,9.69,75.86,1.45,38.46,3.56,96.88,9.13,79.27,0.56,20.0,14.78,9.06,0.0,0.0,0.11,0.0,0.0,0.0,0.0,0.89,37.5,0.45,25.0,0.11,0.0,0.33,0.0,0.78,57.14,67.86,3.12,0,,0,,0,0.0,0.0,0.0,,,0.0,,5.57,0.0,0.0,0.0,0.0,1,0.0
M. Pérez,Elbio Maximiliano Pérez Azambuya,351013,Comerciantes Unidos,Comerciantes Unidos,https://cdn5.wyscout.com/photos/team/public/g17195_120x120.png,Primera División,"CF, AMF",CF,82,AMF,11,,0,31.0,1995-05-08,200000,2026-12-31,20,805,3,3.32,0,0.18,16.55,41.22,Uruguay,['Uruguay'],right,185,75,False,2.12,2.68,41.67,7.71,43.48,0.0,0.0,0.0,1.01,1.8399999999999999,1.57,2,0.22,0,0.0,0.78,0.34,1,0.11,0.37,0,0.0,14,1.57,42.86,21.429,0.0,0.22,0.0,0.11,0.0,0.11,0.0,0.0,0.11,100.0,2.5700000000000003,26.09,3.13,0.56,0.11,8.61,2.5700000000000003,0.56,12.86,69.57,2.5700000000000003,34.78,4.36,89.74,12.41,72.07,0.22,0.0,13.19,4.17,0.02,0.45,0.11,0.0,0.0,0.0,0.11,1.34,50.0,0.89,37.5,0.0,0.0,0.34,0.11,0.78,57.14,72.73,3.69,0,,0,,0,0.0,0.0,0.0,,,0.0,,7.71,0.0,0.0,0.0,0.0,2,100.0
A. Ayarza,Abdiel Armando Ayarza Cocanegra,471938,Los Chankas,Los Chankas,https://cdn5.wyscout.com/photos/team/public/g32259_120x120.png,Primera División,"LCMF3, RCMF3, RCMF",LCMF3,42,RCMF3,32,RCMF,10,33.0,1992-09-12,500000,2026-12-31,21,792,5,2.48,0,0.01,10.11,52.81,Panama,['Panama'],right,190,77,False,4.09,2.84,48.0,4.09,55.56,0.23,0.35000000000000003,0.34,2.5,3.8200000000000003,0.8,1,0.11,0,0.0,1.02,0.5700000000000001,5,0.5700000000000001,0.28,2,0.23,15,1.7000000000000002,33.33,33.333,0.0,0.23,50.0,0.0,0.0,0.23,50.0,0.0,0.45,75.0,1.5899999999999999,35.71,2.27,0.34,0.0,11.59,0.68,0.68,15.91,77.86,5.57,69.39,2.39,71.43,15.34,80.0,0.45,0.0,14.54,8.86,0.0,0.23,0.0,0.0,0.11,0.0,0.0,1.7000000000000002,60.0,0.11,0.0,0.11,0.0,0.0,0.0,1.9300000000000002,52.94,95.0,4.55,0,,0,,0,0.0,0.0,0.0,,,0.0,,4.09,0.0,0.0,0.0,0.0,0,0.0
C. Vásquez,Christian James Vásquez Pérez,-79091,Atlético Grau,Atlético Grau,https://cdn5.wyscout.com/photos/team/public/3746_120x120.png,Primera División,"RB, RWB",RB,69,RWB,21,,0,26.0,1999-10-15,300000,2026-12-31,10,786,0,0.15,0,0.41000000000000003,11.56,52.48,Peru,['Peru'],right,177,71,False,6.41,4.92,58.14,1.37,25.0,0.0,0.0,0.11,3.55,5.03,1.26,1,0.11,0,0.0,1.83,0.0,0,0.0,0.02,0,0.0,7,0.8,0.0,0.0,0.0,2.86,40.0,0.0,0.0,2.86,40.0,0.34,0.92,75.0,4.01,54.29,0.46,0.5700000000000001,0.23,17.06,2.06,0.5700000000000001,24.85,71.89,9.39,54.88,4.8100000000000005,90.48,17.52,87.58,5.04,29.55,20.31,35.86,0.05,0.5700000000000001,0.0,0.0,0.0,0.0,0.34,3.7800000000000002,33.33,3.09,40.74,0.5700000000000001,20.0,0.23,1.6,5.95,67.31,71.43,7.21,0,,0,,0,0.0,0.0,0.0,,,0.11,,1.37,0.0,0.0,0.0,0.0,0,0.0
R. Biojo,Ronny Alfonso Biojo Preciado,-109355,Mushuc Runa,ADT,https://cdn5.wyscout.com/photos/team/public/g21111_120x120.png,Liga Pro,"RCB, LCB, RCB3",RCB,45,LCB,31,RCB3,14,27.0,1999-07-20,250000,2026-12-31,12,784,0,0.37,0,0.0,11.59,56.44,Ecuador,['Ecuador'],,0,0,False,7.35,5.28,60.87,3.67,62.5,0.11,0.2,0.23,4.02,6.91,0.92,1,0.11,0,0.0,0.23,0.0,0,0.0,0.04,0,0.0,3,0.34,33.33,0.0,0.0,0.11,100.0,0.0,0.0,0.11,100.0,0.0,0.11,0.0,0.92,37.5,0.34,0.6900000000000001,0.0,21.81,1.8399999999999999,0.23,34.32,87.63,14.23,75.81,2.41,95.24,29.85,92.31,4.36,55.26,22.28,31.37,0.0,0.0,0.0,0.0,0.0,0.0,0.0,4.02,77.14,0.11,100.0,0.0,0.0,0.0,0.11,6.2,68.52,96.99,15.27,0,,0,,0,0.0,0.0,0.0,,,0.6900000000000001,,3.67,0.0,0.0,0.0,0.0,0,0.0
J. Granda,José Luis Granda Bravo,119122,CD Moquegua,CD Moquegua,https://cdn5.wyscout.com/photos/team/public/g-25564_120x120.png,Primera División,RCB,RCB,85,,0,,0,34.0,1992-04-13,125000,2026-12-31,11,779,0,0.09,0,0.0,10.63,43.48,Peru,['Peru'],right,178,67,False,5.31,4.04,60.0,3.47,33.33,0.23,0.32,0.23,2.66,3.63,0.92,1,0.12,1,0.12,0.12,0.0,0,0.0,0.01,0,0.0,2,0.23,50.0,0.0,0.0,0.0,0.0,0.0,0.0,0.0,0.0,0.0,0.0,0.0,1.27,54.55,0.46,0.46,0.0,14.21,0.23,0.58,22.41,77.32,12.48,65.74,1.16,90.0,15.94,90.58,6.47,44.64,26.81,42.21,0.0,0.0,0.12,0.0,0.0,0.0,0.0,4.74,48.78,0.46,25.0,0.58,40.0,0.12,0.0,5.66,69.39,95.24,7.28,0,,0,,0,0.0,0.0,0.0,,,1.04,,3.47,0.0,0.0,0.0,0.0,0,0.0
C. Correa,Carlos Armando Correa Flores,396782,FC Cajamarca,FC Cajamarca,https://cdn5.wyscout.com/photos/team/public/g-25565_120x120.png,Primera División,"LCMF, LDMF, RDMF",LCMF,33,LDMF,32,RDMF,16,31.0,1995-01-25,400000,2026-12-31,14,771,0,0.09,1,0.06,13.89,49.58,Peru,['Peru'],right,165,62,False,8.17,8.64,51.35,1.05,55.56,0.93,1.48,0.12,2.8,4.44,2.45,4,0.47000000000000003,0,0.0,0.23,0.0,0,0.0,0.01,0,0.0,2,0.23,0.0,0.0,0.12,0.12,0.0,0.0,0.0,0.12,0.0,0.0,0.23,100.0,1.63,57.14,0.12,0.47000000000000003,0.12,19.38,0.23,0.8200000000000001,30.23,82.63,11.56,72.73,2.5700000000000003,90.91,26.96,83.98,3.15,74.07,17.12,25.89,0.01,0.35000000000000003,0.12,0.0,0.0,0.0,0.12,4.44,86.84,0.47000000000000003,50.0,0.0,0.0,0.12,0.0,6.19,69.81,90.1,11.79,0,,0,,0,0.0,0.0,0.0,,,0.0,,1.05,0.0,0.0,0.0,0.0,0,0.0
P. Lavandeira,Pablo Damián Lavandeira Hernández,197089,Atlético Grau,Atlético Grau,https://cdn5.wyscout.com/photos/team/public/3746_120x120.png,Primera División,"AMF, LW, RCMF",AMF,32,LW,26,RCMF,18,36.0,1990-05-11,350000,2027-12-31,11,769,1,2.12,1,1.18,16.15,43.48,Uruguay,"['Uruguay', 'Peru']",right,173,70,False,3.86,3.39,62.07,2.5700000000000003,27.27,0.0,0.0,0.12,1.76,2.2800000000000002,0.9400000000000001,1,0.12,0,0.0,2.22,0.12,0,0.0,0.25,0,0.0,17,1.99,29.41,5.882,0.12,0.8200000000000001,28.57,0.35000000000000003,33.33,0.47000000000000003,25.0,0.12,2.22,57.89,7.37,49.21,2.34,1.76,0.12,15.68,1.6400000000000001,1.29,22.94,70.92,7.72,54.55,5.03,81.4,19.54,76.65,2.69,39.13,17.34,31.92,0.14,1.29,0.12,0.0,0.12,100.0,0.59,3.86,48.48,1.6400000000000001,35.71,0.59,40.0,0.47000000000000003,0.23,2.5700000000000003,72.73,75.93,6.32,0,,0,,0,0.0,0.0,0.0,,,0.0,,2.5700000000000003,0.7000000000000001,0.23,50.0,0.47000000000000003,1,100.0
J. Castillo,Jesús Castillo Peña,-73132,Alianza Lima,Alianza Lima,https://cdn5.wyscout.com/photos/team/public/551_120x120.png,Primera División,"LCMF3, AMF, LDMF",LCMF3,36,AMF,26,LDMF,15,30.0,1996-03-10,0,2026-12-31,14,763,0,0.54,3,0.87,11.68,53.54,Peru,['Peru'],left,175,72,False,7.9,5.43,60.87,2.36,50.0,0.59,0.89,0.47000000000000003,4.01,6.04,1.65,1,0.12,0,0.0,1.18,0.0,0,0.0,0.06,0,0.0,6,0.71,33.33,0.0,0.35000000000000003,1.3,63.64,1.18,70.0,0.12,0.0,0.0,0.24,50.0,3.3,46.43,1.42,0.47000000000000003,0.0,23.47,0.8300000000000001,0.71,31.26,76.98,10.73,67.03,5.19,93.18,27.72,80.0,2.36,50.0,16.14,26.43,0.1,1.42,0.12,0.0,0.0,0.0,0.59,5.9,74.0,1.65,50.0,0.0,0.0,0.24,0.8300000000000001,5.43,63.04,83.78,8.73,0,,0,,0,0.0,0.0,0.0,,,0.0,,2.36,0.0,0.0,0.0,0.0,0,0.0
G. Larios,Guillermo Alessandro Larios Saavedra,-61702,Alianza Atlético,Alianza Atlético,https://cdn5.wyscout.com/photos/team/public/545_120x120.png,Primera División,"RAMF, CF, RW",RAMF,33,CF,24,RW,12,24.0,2002-05-11,300000,2026-12-31,15,761,2,2.23,2,0.54,16.79,42.96,Chile,"['Chile', 'Peru']",right,178,73,False,3.7800000000000002,3.55,66.67,4.49,26.32,0.0,0.0,0.0,1.42,2.11,1.3,1,0.12,0,0.0,0.71,0.24,2,0.24,0.26,0,0.0,17,2.01,29.41,11.765,0.24,0.71,0.0,0.0,0.0,0.71,0.0,0.35000000000000003,0.24,50.0,5.5600000000000005,46.81,2.6,0.8300000000000001,0.0,9.82,1.8900000000000001,1.77,12.18,65.05,4.49,76.32,1.77,60.0,10.76,70.33,0.8300000000000001,42.86,14.9,21.39,0.06,0.8300000000000001,0.0,0.0,0.0,0.0,0.24,1.54,76.92,1.3,45.45,0.12,0.0,0.71,0.12,1.8900000000000001,75.0,50.0,2.84,0,,0,,0,0.0,0.0,0.0,,,0.0,,4.49,0.0,0.0,0.0,0.0,0,0.0
J. Bolívar,José Vidal Bolívar Ormeño,399033,Cusco,Cusco,https://cdn5.wyscout.com/photos/team/public/3745_120x120.png,Primera División,"LB, LCB3",LB,83,LCB3,11,,0,26.0,2000-01-17,450000,,11,747,0,0.0,1,0.86,12.89,55.14,Peru,['Peru'],left,175,75,False,8.07,6.02,60.0,2.65,63.64,0.12,0.17,0.36,4.34,6.28,0.72,0,0.0,0,0.0,1.45,0.0,0,0.0,0.0,0,0.0,0,0.0,0.0,0.0,0.12,1.69,35.71,1.69,35.71,0.0,0.0,0.12,1.45,58.33,3.49,41.38,0.72,0.72,0.0,28.67,0.6000000000000001,0.48,40.84,83.78,18.8,78.85,4.7,94.87,34.7,89.93,4.58,55.26,18.89,29.28,0.1,0.48,0.12,0.24,0.0,0.0,0.48,5.3,68.18,1.33,45.45,0.24,50.0,0.24,0.48,8.55,70.42,86.73,11.81,0,,0,,0,0.0,0.0,0.0,,,0.12,,2.65,0.0,0.0,0.0,0.0,0,0.0
A. Ascues,Adrián Ademir Ascues Earl,-63686,Deportivo Garcilaso,Deportivo Garcilaso,https://cdn5.wyscout.com/photos/team/public/g37890_120x120.png,Primera División,"AMF, RCMF, RCMF3",AMF,38,RCMF,20,RCMF3,14,23.0,2002-11-15,450000,2027-12-31,19,746,2,0.89,2,0.93,15.44,49.22,Peru,['Peru'],left,181,69,False,5.43,5.19,67.44,1.45,16.67,0.0,0.0,0.0,1.9300000000000002,3.12,1.21,0,0.0,0,0.0,2.29,0.24,2,0.24,0.11,0,0.0,19,2.29,26.32,10.526,0.24,1.33,36.36,0.84,57.14,0.48,0.0,0.24,2.29,47.37,8.08,44.78,0.72,1.57,0.0,22.2,1.9300000000000002,1.45,27.39,80.62,10.01,71.08,5.67,97.87,22.56,86.1,3.86,56.25,21.86,35.34,0.11,1.09,0.0,0.12,0.12,100.0,0.24,6.39,73.58,2.5300000000000002,47.62,0.36,66.67,0.72,0.72,4.95,82.93,83.56,8.81,0,,0,,0,0.0,0.0,0.0,,,0.24,,1.45,1.57,0.48,25.0,1.57,0,0.0
F. Flores,Franchesco Angel Flores Ayo,-81636,Alianza Atlético,Alianza Atlético,https://cdn5.wyscout.com/photos/team/public/545_120x120.png,Primera División,"RWF, RW, RCMF3",RWF,20,RW,18,RCMF3,16,25.0,2001-06-15,175000,2026-12-31,17,745,1,2.42,0,0.65,15.95,40.15,Peru,['Peru'],right,170,63,False,3.87,4.83,47.5,1.57,15.38,0.0,0.0,0.24,1.57,2.15,1.81,1,0.12,0,0.0,2.05,0.12,1,0.12,0.29,0,0.0,16,1.9300000000000002,31.25,6.25,0.0,1.09,44.44,0.12,0.0,0.85,57.14,0.0,2.66,36.36,8.09,38.81,1.81,1.69,0.12,17.28,1.57,1.45,22.95,80.53,5.92,61.22,6.89,92.98,20.9,82.66,1.09,66.67,14.1,12.08,0.08,0.85,0.0,0.0,0.0,0.0,0.36,2.7800000000000002,69.57,1.45,58.33,0.12,0.0,0.6000000000000001,0.6000000000000001,3.02,60.0,82.5,4.83,0,,0,,0,0.0,0.0,0.0,,,0.0,,1.57,0.0,0.0,0.0,0.0,0,0.0
M. Kaufman,Michel Abe Kaufman Gómez,-262363,Los Chankas,Los Chankas,https://cdn5.wyscout.com/photos/team/public/g32259_120x120.png,Primera División,"RCB3, RB",RCB3,78,RB,13,,0,24.0,2002-03-04,0,,14,742,0,0.09,0,0.06,10.8,55.06,Peru,['Peru'],,0,0,False,7.64,6.19,66.67,1.21,30.0,0.0,0.0,0.24,3.52,5.3,0.85,3,0.36,0,0.0,0.24,0.0,0,0.0,0.01,0,0.0,3,0.36,0.0,0.0,0.0,0.73,33.33,0.0,0.0,0.73,33.33,0.0,0.24,0.0,1.58,30.77,0.61,0.97,0.0,25.35,0.85,0.12,38.33,78.48,19.89,68.29,2.3,89.47,31.78,87.02,5.94,36.73,20.92,30.18,0.01,0.12,0.12,0.0,0.0,0.0,0.24,6.31,48.08,1.33,36.36,0.61,40.0,0.0,0.36,8.49,75.71,91.35,12.61,0,,0,,0,0.0,0.0,0.0,,,0.73,,1.21,0.0,0.0,0.0,0.0,0,0.0
J. Posito,Janio Carlo Pósito Olazábal,24038,Juan Pablo II College,Juan Pablo II College,https://cdn5.wyscout.com/photos/team/public/g-23170_120x120.png,Primera División,CF,CF,100,,0,,0,36.0,1989-10-10,200000,2026-12-31,14,738,5,4.14,0,0.48,15.37,27.78,Peru,['Peru'],right,179,71,False,2.32,1.46,50.0,6.1,24.0,0.12,0.16,0.0,1.46,1.97,0.98,0,0.0,0,0.0,1.34,0.61,4,0.49,0.5,2,0.24,17,2.07,58.82,23.529,0.0,0.37,0.0,0.0,0.0,0.37,0.0,0.12,0.37,33.33,4.15,32.35,4.51,0.49,0.12,12.07,1.46,1.46,15.61,73.44,2.32,57.89,4.88,90.0,14.02,76.52,1.22,60.0,13.09,14.3,0.06,0.61,0.12,0.0,0.0,0.0,0.24,1.34,45.45,0.61,40.0,0.0,0.0,0.73,0.0,1.34,72.73,71.88,3.9,0,,0,,0,0.0,0.0,0.0,,,0.0,,6.1,0.0,0.0,0.0,0.0,0,0.0
L. Abram,Luis Alfonso Abram Ugarelli,290704,Sporting Cristal,Sporting Cristal,https://cdn5.wyscout.com/photos/team/public/541_120x120.png,Primera División,"LCB, RCB",LCB,52,RCB,38,,0,30.0,1996-02-27,0,2028-06-30,8,725,0,0.0,1,0.0,6.33,60.78,Peru,"['Peru', 'Italy']",left,181,76,False,7.82,3.6,62.07,1.99,68.75,0.12,0.2,1.24,5.46,8.92,0.62,2,0.25,0,0.0,0.0,0.0,0,0.0,0.0,0,0.0,0,0.0,0.0,0.0,0.12,0.0,0.0,0.0,0.0,0.0,0.0,0.0,0.0,0.0,0.0,0.0,0.25,0.0,0.0,28.43,0.25,0.12,40.84,93.92,12.29,83.84,1.8599999999999999,100.0,37.61,95.71,3.23,73.08,20.06,35.63,0.0,0.0,0.0,0.0,0.0,0.0,0.12,1.49,66.67,0.0,0.0,0.0,0.0,0.12,0.0,3.85,67.74,98.32,22.22,0,,0,,0,0.0,0.0,0.0,,,1.37,,1.99,0.0,0.0,0.0,0.0,0,0.0
C. Cáceda,Carlos Alberto Cáceda Oyaguez,169118,Melgar,Melgar,https://cdn5.wyscout.com/photos/team/public/546_120x120.png,Primera División,GK,GK,100,,0,,0,34.0,1991-09-27,450000,2026-12-31,7,716,0,0.0,0,0.0,0.38,66.67,Peru,['Peru'],right,183,76,False,1.13,0.0,0.0,0.38,66.67,0.0,0.0,0.0,1.13,1.63,0.0,0,0.0,0,0.0,0.0,0.0,0,0.0,0.0,0,0.0,0,0.0,0.0,0.0,0.0,0.0,0.0,0.0,0.0,0.0,0.0,0.0,0.0,0.0,0.0,0.0,0.0,0.0,0.0,7.92,0.25,0.13,14.71,82.91,7.79,67.74,0.13,100.0,10.06,100.0,4.65,45.95,29.95,49.94,0.0,0.0,0.0,0.0,0.0,0.0,0.0,0.63,40.0,0.0,0.0,0.0,0.0,0.0,0.0,3.9,58.06,100.0,6.41,13,1.63,39,4.9,0,66.67,11.92,1.5,-1.08,-0.136,0.0,1.51,0.38,,,,0.0,0,0.0
S. Fernández,Stéfano José Fernández Pizarro,-330318,Alianza Atlético,Alianza Atlético,https://cdn5.wyscout.com/photos/team/public/545_120x120.png,Primera División,"DMF, RB, RCMF3",DMF,20,RB,17,RCMF3,15,24.0,2002-02-12,0,2026-12-31,17,711,0,0.42,1,0.66,10.13,41.25,Peru,['Peru'],right,0,0,False,7.09,4.3,47.06,1.77,28.57,0.51,0.6900000000000001,0.38,4.5600000000000005,6.24,1.1400000000000001,4,0.51,0,0.0,0.63,0.0,0,0.0,0.05,0,0.0,4,0.51,25.0,0.0,0.13,0.63,20.0,0.13,0.0,0.51,25.0,0.0,0.76,50.0,3.29,38.46,0.38,0.51,0.13,20.25,0.38,0.51,31.27,75.71,10.0,54.43,5.19,90.24,28.23,79.37,2.41,47.37,16.17,27.47,0.08,0.51,0.0,0.0,0.0,0.0,0.25,4.8100000000000005,50.0,0.89,57.14,0.25,50.0,0.25,0.38,4.5600000000000005,41.67,86.11,9.11,0,,0,,0,0.0,0.0,0.0,,,0.89,,1.77,0.0,0.0,0.0,0.0,0,0.0
Felipe Vizeu,Felipe Vizeu do Carmo,434545,Sporting Cristal,Sporting Cristal,https://cdn5.wyscout.com/photos/team/public/541_120x120.png,Primera División,CF,CF,100,,0,,0,29.0,1997-03-12,500000,2026-12-31,11,710,5,4.12,0,0.27,14.07,37.84,Brazil,['Brazil'],right,184,82,False,2.41,2.79,54.55,2.79,40.91,0.25,0.45,0.13,0.63,1.12,1.52,3,0.38,0,0.0,1.9,0.63,5,0.63,0.52,1,0.13,20,2.54,40.0,25.0,0.0,0.51,0.0,0.25,0.0,0.13,0.0,0.0,1.3900000000000001,63.64,6.97,34.55,4.18,0.89,0.0,10.27,0.89,0.63,14.07,78.38,2.66,47.62,3.93,87.1,13.18,82.69,0.38,33.33,15.0,2.84,0.03,0.38,0.0,0.13,0.0,0.0,0.25,1.1400000000000001,77.78,0.63,20.0,0.0,0.0,0.38,0.0,0.51,25.0,87.5,4.06,0,,0,,0,0.0,0.0,0.0,,,0.0,,2.79,0.0,0.0,0.0,0.0,0,0.0
P. Reyna,Paolo Alessandro Reyna Lea,-117888,Juan Pablo II College,Juan Pablo II College,https://cdn5.wyscout.com/photos/team/public/g-23170_120x120.png,Primera División,"LB, LWB",LB,73,LWB,11,,0,24.0,2001-10-13,700000,2027-12-31,9,709,0,0.45,2,0.56,13.71,65.74,Peru,['Peru'],left,180,73,False,9.77,7.49,67.8,1.52,58.33,0.76,1.05,0.25,3.94,5.44,1.1400000000000001,1,0.13,0,0.0,1.78,0.0,0,0.0,0.06,0,0.0,6,0.76,50.0,0.0,0.25,2.03,37.5,1.9,40.0,0.13,0.0,0.25,1.02,62.5,3.17,64.0,1.65,0.51,0.0,22.21,2.67,1.27,31.99,75.4,13.84,70.64,3.94,100.0,26.66,80.48,3.3,57.69,19.29,40.11,0.07,0.76,0.0,0.13,0.0,0.0,0.25,2.2800000000000002,38.89,2.2800000000000002,38.89,0.13,0.0,0.38,0.89,5.97,70.21,75.36,8.76,0,,0,,0,0.0,0.0,0.0,,,0.13,,1.52,0.89,0.13,0.0,1.52,0,0.0
Á. Rojas,Álvaro Joaquin Rojas Quesada,-78913,Juan Pablo II College,Juan Pablo II College,https://cdn5.wyscout.com/photos/team/public/g-23170_120x120.png,Primera División,"RCMF, RW, LCMF3",RCMF,35,RW,23,LCMF3,12,21.0,2005-03-12,0,2026-12-31,12,705,2,1.73,0,0.85,13.28,46.15,Peru,['Peru'],right,170,62,True,4.47,4.09,53.13,1.53,16.67,0.13,0.18,0.0,2.17,3.09,1.4,1,0.13,1,0.13,3.06,0.26,2,0.26,0.22,0,0.0,20,2.55,30.0,10.0,0.0,2.43,42.11,0.64,60.0,1.79,35.71,0.26,2.43,52.63,7.02,45.45,2.3,1.28,0.0,22.98,1.53,1.53,30.13,77.12,8.68,70.59,4.85,86.84,25.15,83.25,2.68,52.38,18.99,32.44,0.11,0.77,0.38,0.0,0.13,0.0,0.64,4.72,78.38,2.43,52.63,0.26,0.0,0.51,1.02,6.38,74.0,79.27,10.47,0,,0,,0,0.0,0.0,0.0,,,0.26,,1.53,0.64,0.0,0.0,0.89,0,0.0
M. Rasmussen,Michael Ademir Rasmussen Grados,-90903,FC Cajamarca,FC Cajamarca,https://cdn5.wyscout.com/photos/team/public/g-25565_120x120.png,Primera División,"RAMF, LW",RAMF,31,LW,13,,0,27.0,1999-08-14,175000,2026-12-31,21,704,5,2.92,3,1.69,14.96,41.88,Peru,"['Peru', 'Denmark']",right,171,66,False,5.63,5.37,47.62,2.43,26.32,0.26,0.47000000000000003,0.13,2.81,5.2,1.92,5,0.64,1,0.13,1.79,0.64,4,0.51,0.37,1,0.13,18,2.3,38.89,27.778,0.38,2.68,14.29,0.38,33.33,2.3,11.11,0.26,0.38,100.0,5.5,46.51,2.17,1.28,0.13,25.44,1.28,0.89,35.54,78.42,8.95,65.71,7.16,89.29,30.3,86.92,2.81,40.91,18.22,28.98,0.22,1.4100000000000001,0.13,0.0,0.26,50.0,0.38,4.09,68.75,2.56,30.0,0.64,20.0,0.51,0.51,4.47,77.14,79.38,12.4,0,,0,,0,0.0,0.0,0.0,,,0.13,,2.43,0.64,0.0,0.0,1.79,1,100.0
G. Alfaro,Gabriel Ernesto Alfaro Martínez,-61010,Atlético Grau,Atlético Grau,https://cdn5.wyscout.com/photos/team/public/3746_120x120.png,Primera División,"LWB, LB, LW",LWB,38,LB,33,LW,13,23.0,2003-06-13,0,,13,703,0,0.51,0,0.4,9.09,38.03,Peru,['Peru'],left,181,66,False,4.61,3.33,42.31,1.79,28.57,0.26,0.36,0.13,2.94,4.18,1.02,0,0.0,0,0.0,2.3,0.0,0,0.0,0.07,0,0.0,4,0.51,25.0,0.0,0.0,3.84,40.0,3.84,40.0,0.0,0.0,0.51,1.02,62.5,2.56,40.0,0.77,0.38,0.0,20.36,1.92,0.0,28.55,72.2,11.14,60.92,5.5,90.7,22.28,81.61,2.94,43.48,20.48,35.16,0.05,0.38,0.0,0.0,0.0,0.0,0.26,3.84,63.33,3.71,34.48,0.51,0.0,0.13,1.28,6.79,62.26,71.88,8.19,0,,0,,0,0.0,0.0,0.0,,,0.0,,1.79,0.51,0.0,0.0,0.13,0,0.0
Jeremy Rostaing,Jeremy Martín Rostaing Verástegui,294698,Sport Huancayo,Sport Huancayo,https://cdn5.wyscout.com/photos/team/public/1671_120x120.png,Primera División,"RB, LB",RB,76,LB,18,,0,31.0,1995-05-23,325000,,9,702,0,0.28,0,0.0,11.41,44.94,Peru,['Peru'],right,180,78,False,7.44,6.15,41.67,1.79,50.0,1.28,1.94,0.0,3.59,5.42,1.92,4,0.51,1,0.13,0.64,0.0,0,0.0,0.04,0,0.0,2,0.26,50.0,0.0,0.0,1.67,23.08,0.13,0.0,1.54,25.0,0.26,0.26,50.0,1.54,41.67,0.26,0.77,0.0,31.28,2.44,0.64,42.44,82.78,17.95,71.43,4.1,100.0,36.03,90.04,4.87,50.0,20.03,44.92,0.0,0.13,0.0,0.13,0.0,0.0,0.0,8.08,65.08,2.44,26.32,0.77,16.67,0.26,0.26,9.36,78.08,85.05,13.72,0,,0,,0,0.0,0.0,0.0,,,0.77,,1.79,0.26,0.0,0.0,0.13,0,0.0
C. Solís,Carlos Martín Solís Ugarte,234601,ADT,ADT,https://cdn5.wyscout.com/photos/team/public/g17201_120x120.png,Primera División,GK,GK,100,,0,,0,35.0,1990-09-20,200000,2026-12-31,7,700,0,0.0,0,0.0,0.26,50.0,Peru,['Peru'],right,184,79,False,1.16,0.0,0.0,0.0,0.0,0.0,0.0,0.0,1.16,2.05,0.0,1,0.13,0,0.0,0.0,0.0,0,0.0,0.0,0,0.0,0,0.0,0.0,0.0,0.0,0.0,0.0,0.0,0.0,0.0,0.0,0.0,0.0,0.0,0.13,100.0,0.0,0.0,0.0,9.64,0.26,0.13,15.43,82.5,8.49,74.24,0.0,0.0,10.93,96.47,4.5,48.57,33.08,54.87,0.0,0.0,0.0,0.0,0.0,0.0,0.0,1.67,30.77,0.26,0.0,0.13,0.0,0.0,0.0,2.31,72.22,94.23,6.69,9,1.16,26,3.34,3,65.38,7.31,0.9400000000000001,-1.69,-0.217,0.0,0.51,0.0,,,,0.0,0,0.0
J. Murrugarra,Jorge Salvador Murrugarra Torres,442174,Universitario,Universitario,https://cdn5.wyscout.com/photos/team/public/540_120x120.png,Primera División,"DMF, RCMF, RCMF3",DMF,60,RCMF,21,RCMF3,14,29.0,1997-03-22,550000,2026-12-31,18,696,0,0.0,0,0.12,16.29,45.24,Peru,['Peru'],right,178,70,False,9.7,9.7,45.33,2.46,47.37,0.65,0.97,0.39,4.66,6.97,3.62,4,0.52,0,0.0,0.13,0.0,0,0.0,0.0,0,0.0,1,0.13,0.0,0.0,0.0,0.13,0.0,0.0,0.0,0.0,0.0,0.0,0.26,50.0,2.07,56.25,0.39,0.13,0.0,20.17,0.13,0.91,33.36,83.72,11.51,73.03,2.2,88.24,29.87,86.58,3.36,61.54,18.73,23.46,0.02,0.13,0.0,0.13,0.0,0.0,0.13,5.43,73.81,0.78,50.0,0.13,100.0,0.52,0.0,6.47,68.0,93.14,13.19,0,,0,,0,0.0,0.0,0.0,,,0.0,,2.46,0.0,0.0,0.0,0.0,0,0.0
Leonel González,Leonel Hernán González,312471,Melgar,Melgar,https://cdn5.wyscout.com/photos/team/public/546_120x120.png,Primera División,"LCB, LCB3",LCB,81,LCB3,17,,0,32.0,1994-03-15,250000,2027-12-31,7,696,0,0.03,0,0.07,10.22,55.7,Argentina,['Argentina'],left,179,78,False,8.41,4.4,58.82,2.7199999999999998,61.9,0.0,0.0,0.52,5.82,8.88,0.65,2,0.26,0,0.0,0.91,0.0,0,0.0,0.0,0,0.0,2,0.26,0.0,0.0,0.0,0.78,50.0,0.39,66.67,0.39,33.33,0.13,0.65,80.0,2.07,50.0,0.78,1.29,0.0,38.15,0.78,0.26,53.53,89.61,21.72,84.52,2.2,94.12,48.49,93.6,4.4,52.94,21.38,51.0,0.01,0.13,0.0,0.0,0.0,0.0,0.13,6.72,82.69,0.91,28.57,0.0,0.0,0.13,0.39,9.05,72.86,94.92,25.47,0,,0,,0,0.0,0.0,0.0,,,1.16,,2.7199999999999998,0.0,0.0,0.0,0.0,0,0.0
M. Vargas,Miguel Angel Vargas Mañan,290520,Universitario,Universitario,https://cdn5.wyscout.com/photos/team/public/540_120x120.png,Primera División,GK,GK,100,,0,,0,30.0,1996-06-15,450000,2026-12-31,7,695,0,0.0,0,0.0,0.26,50.0,Chile,"['Chile', 'Peru']",right,183,79,False,0.65,0.0,0.0,0.13,100.0,0.0,0.0,0.0,0.65,1.03,0.0,0,0.0,0,0.0,0.0,0.0,0,0.0,0.0,0,0.0,0,0.0,0.0,0.0,0.0,0.0,0.0,0.0,0.0,0.0,0.0,0.0,0.0,0.0,0.0,0.0,0.0,0.0,0.0,4.01,0.0,0.0,10.23,91.14,5.18,82.5,0.0,0.0,7.9,100.0,2.33,61.11,29.16,49.95,0.0,0.0,0.0,0.0,0.0,0.0,0.0,0.91,28.57,0.0,0.0,0.0,0.0,0.0,0.0,1.42,90.91,100.0,4.53,6,0.78,21,2.7199999999999998,3,71.43,4.78,0.62,-1.22,-0.158,0.0,0.91,0.13,,,,0.0,0,0.0
G. Carabajal,Horacio Gabriel Carabajal,220675,San Martín Tucumán,Cusco,https://cdn5.wyscout.com/photos/team/public/1085_120x120.png,Primera Nacional,"AMF, RWF, LCMF",AMF,24,RWF,14,LCMF,13,35.0,1990-12-09,400000,2026-12-31,17,688,2,1.7000000000000002,0,0.97,13.74,46.67,Argentina,['Argentina'],right,178,75,False,2.62,3.01,47.83,1.18,88.89,0.0,0.0,0.0,1.18,1.88,0.52,2,0.26,0,0.0,3.5300000000000002,0.26,2,0.26,0.22,0,0.0,17,2.22,52.94,11.765,0.0,1.83,35.71,0.65,20.0,1.18,44.44,0.13,4.19,40.63,8.9,42.65,0.92,1.44,0.13,27.47,2.35,2.49,35.19,78.07,10.86,61.45,6.28,93.75,27.47,88.1,6.02,43.48,21.86,39.7,0.13,1.57,0.0,0.13,0.0,0.0,0.65,5.63,60.47,4.06,45.16,1.44,18.18,1.18,0.52,7.33,75.0,78.72,12.3,0,,0,,0,0.0,0.0,0.0,,,0.0,,1.18,1.57,0.26,50.0,1.18,0,0.0
É. Flores,Édison Michael Flores Peralta,180974,Universitario,Universitario,https://cdn5.wyscout.com/photos/team/public/540_120x120.png,Primera División,"CF, LW",CF,87,LW,12,,0,32.0,1994-05-14,0,2028-12-31,15,685,3,3.1,2,2.25,15.77,40.0,Peru,['Peru'],left,170,72,False,2.1,2.76,52.38,4.07,48.39,0.0,0.0,0.13,0.66,1.05,1.31,1,0.13,0,0.0,3.02,0.39,3,0.39,0.41000000000000003,0,0.0,23,3.02,26.09,13.043,0.26,3.02,52.17,2.36,38.89,0.66,100.0,0.26,1.18,55.56,6.57,32.0,5.12,0.39,0.13,14.58,1.8399999999999999,1.05,20.1,75.82,3.2800000000000002,60.0,4.99,81.58,15.37,81.2,1.8399999999999999,64.29,18.8,21.14,0.30000000000000004,1.8399999999999999,0.0,0.13,0.0,0.0,1.58,1.8399999999999999,57.14,3.15,62.5,0.26,50.0,1.45,1.45,3.68,89.29,80.33,8.01,0,,0,,0,0.0,0.0,0.0,,,0.0,,4.07,1.05,0.26,0.0,1.18,0,0.0
C. Ramírez,Claudio Guillermo Ramírez Llamocca,-201222,CD Moquegua,CD Moquegua,https://cdn5.wyscout.com/photos/team/public/g-25564_120x120.png,Primera División,"RDMF, RCMF, LCMF",RDMF,28,RCMF,26,LCMF,11,26.0,2000-06-03,0,2026-12-31,19,685,0,0.38,0,0.28,14.72,41.07,Peru,['Peru'],right,175,0,False,8.41,7.49,42.11,2.63,50.0,1.45,2.17,0.66,3.81,5.72,2.89,6,0.79,0,0.0,0.39,0.0,0,0.0,0.05,0,0.0,7,0.92,0.0,0.0,0.0,0.53,50.0,0.0,0.0,0.53,50.0,0.13,0.39,33.33,2.89,45.45,0.26,0.26,0.0,14.85,0.39,1.45,23.39,76.4,8.28,60.32,3.42,92.31,18.66,82.39,4.34,54.55,21.93,34.3,0.04,0.39,0.0,0.0,0.0,0.0,0.39,4.47,58.82,1.45,27.27,0.53,25.0,0.39,0.13,5.26,65.0,84.21,7.49,0,,0,,0,0.0,0.0,0.0,,,0.39,,2.63,0.26,0.0,0.0,0.0,0,0.0
P. Liza,Carlos Percy Liza Espinoza,-60933,Sport Boys,Sport Boys,https://cdn5.wyscout.com/photos/team/public/552_120x120.png,Primera División,"CF, RAMF, LAMF",CF,56,RAMF,14,LAMF,11,26.0,2000-04-10,225000,2027-12-31,17,676,1,2.6,0,0.52,22.77,45.03,Peru,['Peru'],right,185,86,True,4.39,4.93,45.95,6.39,54.17,0.4,0.7000000000000001,0.13,1.73,3.05,3.06,3,0.4,1,0.13,3.2,0.13,1,0.13,0.35000000000000003,0,0.0,19,2.5300000000000002,47.37,5.263,0.0,1.33,50.0,0.4,33.33,0.8,66.67,0.0,2.8,47.62,8.65,36.92,4.66,2.0,0.27,12.25,3.33,2.13,18.11,74.26,3.46,76.92,4.79,88.89,16.38,76.42,0.53,75.0,13.88,9.09,0.07,0.8,0.0,0.0,0.0,0.0,0.27,1.2,77.78,1.6,58.33,0.0,0.0,0.67,0.53,1.8599999999999999,71.43,69.57,6.12,0,,0,,0,0.0,0.0,0.0,,,0.13,,6.39,0.0,0.0,0.0,0.0,0,0.0
A. Vásquez,César Aldair Vásquez Garcés,-109036,Atlético Grau,Atlético Grau,https://cdn5.wyscout.com/photos/team/public/3746_120x120.png,Primera División,"RAMF, AMF, LW",RAMF,22,AMF,22,LW,16,23.0,2003-02-23,0,2027-12-31,16,674,1,1.28,0,0.68,16.42,52.85,Peru,['Peru'],right,168,60,True,4.41,3.47,69.23,3.87,48.28,0.4,0.59,0.0,1.6,2.37,0.8,0,0.0,0,0.0,2.67,0.13,1,0.13,0.17,0,0.0,10,1.34,50.0,10.0,0.0,1.6,16.67,0.93,28.57,0.67,0.0,0.13,2.4,72.22,6.68,48.0,2.8,0.8,0.0,18.96,2.94,1.47,25.64,60.94,7.74,50.0,3.87,82.76,22.43,66.07,1.6,33.33,16.08,18.66,0.09,0.67,0.0,0.0,0.0,0.0,0.53,3.34,48.0,4.54,38.24,0.53,0.0,1.6,0.53,3.07,65.22,63.33,8.01,0,,0,,0,0.0,0.0,0.0,,,0.13,,3.87,0.0,0.0,0.0,0.0,0,0.0
Arley Rodríguez,Arley José Rodríguez Henry,209273,,FC Cajamarca,,,"RAMF, RW, CF",RAMF,45,RW,20,CF,16,33.0,1993-02-13,350000,,8,673,2,0.87,0,0.46,18.32,40.88,Colombia,['Colombia'],right,180,74,False,4.68,4.01,60.0,6.15,43.48,0.13,0.19,0.13,2.14,3.08,2.14,4,0.53,0,0.0,0.9400000000000001,0.27,2,0.27,0.12,0,0.0,8,1.07,25.0,25.0,0.0,1.2,11.11,0.27,0.0,0.9400000000000001,14.29,0.13,0.67,80.0,4.41,42.42,2.01,0.4,0.13,15.78,2.54,0.9400000000000001,22.33,74.25,6.29,48.94,6.29,95.74,19.52,82.19,1.6,25.0,17.87,28.23,0.06,0.53,0.27,0.0,0.0,0.0,0.27,3.08,39.13,1.34,30.0,0.13,100.0,0.67,0.27,2.41,61.11,71.43,5.62,0,,0,,0,0.0,0.0,0.0,,,0.27,,6.15,0.13,0.0,0.0,0.0,0,0.0
K. Minda,Kevin Andrés Minda Ruales,425841,Melgar,Melgar,https://cdn5.wyscout.com/photos/team/public/546_120x120.png,Primera División,"LDMF, LCMF, RDMF",LDMF,42,LCMF,29,RDMF,15,27.0,1998-11-21,0,2027-12-31,7,671,0,0.12,0,0.36,7.38,56.36,Ecuador,['Ecuador'],right,176,70,True,6.84,3.08,65.22,2.15,56.25,0.13,0.2,0.4,4.69,7.05,0.54,1,0.13,0,0.0,0.27,0.0,0,0.0,0.02,0,0.0,4,0.54,0.0,0.0,0.0,0.13,100.0,0.0,0.0,0.13,100.0,0.0,0.27,50.0,1.07,50.0,0.13,0.13,0.0,38.09,0.27,0.4,49.76,90.84,14.89,81.08,5.63,97.62,43.99,92.68,5.77,76.74,18.55,35.47,0.05,0.27,0.0,0.13,0.0,0.0,0.27,6.17,84.78,1.07,62.5,0.0,0.0,0.9400000000000001,0.0,7.65,66.67,94.05,22.53,0,,0,,0,0.0,0.0,0.0,,,0.9400000000000001,,2.15,0.0,0.0,0.0,0.0,0,0.0
J. Sinisterra,José Luis Sinisterra Castillo,461292,Deportivo Garcilaso,Deportivo Garcilaso,https://cdn5.wyscout.com/photos/team/public/g37890_120x120.png,Primera División,"LW, RW, LWF",LW,44,RW,24,LWF,10,27.0,1998-07-23,250000,2026-12-31,16,670,0,1.12,0,0.6900000000000001,13.97,46.15,Colombia,['Colombia'],right,171,69,False,3.9,3.09,60.87,0.9400000000000001,28.57,0.27,0.43,0.0,1.75,2.83,0.81,1,0.13,0,0.0,3.09,0.0,0,0.0,0.15,0,0.0,15,2.01,26.67,0.0,0.0,1.48,45.45,0.9400000000000001,71.43,0.54,0.0,0.0,3.63,51.85,8.46,42.86,1.48,1.88,0.4,17.6,2.15,1.34,23.91,74.16,6.04,57.78,4.16,100.0,20.69,77.92,1.88,57.14,16.75,19.85,0.09,1.21,0.0,0.0,0.13,0.0,0.54,2.2800000000000002,52.94,2.15,25.0,0.27,0.0,0.54,0.4,3.9,72.41,72.13,8.19,0,,0,,0,0.0,0.0,0.0,,,0.0,,0.9400000000000001,0.0,0.0,0.0,0.27,0,0.0
J. Huerto,Carlos Junior Huerto Saavedra,398999,UTC Cajamarca,UTC Cajamarca,https://cdn5.wyscout.com/photos/team/public/g6809_120x120.png,Primera División,LB,LB,72,,0,,0,27.0,1999-04-26,250000,2026-12-31,13,647,2,1.26,0,0.74,9.88,56.34,Peru,['Peru'],left,180,74,False,5.98,3.62,69.23,3.2,47.83,0.14,0.24,0.28,3.34,5.67,0.97,4,0.56,0,0.0,2.23,0.28,2,0.28,0.18,1,0.14,9,1.25,44.44,22.222,0.0,2.09,53.33,1.9500000000000002,50.0,0.14,100.0,0.42,0.8300000000000001,66.67,2.36,58.82,1.53,0.42,0.0,22.12,0.56,0.42,30.46,76.71,10.02,66.67,5.01,86.11,24.76,83.15,4.03,48.28,18.14,24.62,0.1,1.11,0.14,0.0,0.0,0.0,0.28,4.03,62.07,2.23,50.0,0.0,0.0,0.42,0.97,5.7,70.73,82.56,11.96,0,,0,,0,0.0,0.0,0.0,,,0.42,,3.2,0.56,0.14,0.0,0.42,0,0.0
I. Camargo,Isaac David Camargo Pineda,-245930,Boyacá Chicó,Atlético Grau,https://cdn5.wyscout.com/photos/team/public/953_120x120.png,Liga BetPlay,CF,CF,93,,0,,0,26.0,1999-12-14,300000,2027-06-30,15,642,2,2.18,0,0.15,20.33,26.21,Colombia,['Colombia'],right,176,69,False,3.22,3.5,52.0,5.05,16.67,0.14,0.21,0.0,1.26,1.9,2.24,2,0.28,0,0.0,0.98,0.28,2,0.28,0.31,0,0.0,11,1.54,27.27,18.182,0.0,0.42,0.0,0.0,0.0,0.42,0.0,0.0,1.12,50.0,7.85,26.79,3.64,0.14,0.0,11.21,2.66,0.42,15.84,76.11,1.54,54.55,4.91,91.43,14.86,79.25,0.7000000000000001,40.0,14.45,15.87,0.02,0.28,0.0,0.0,0.0,0.0,0.28,1.26,66.67,0.84,16.67,0.14,0.0,0.28,0.0,0.42,100.0,74.19,4.35,0,,0,,0,0.0,0.0,0.0,,,0.42,,5.05,0.0,0.0,0.0,0.0,0,0.0
J. Olivares Uccelli,Jean Carlo Olivares Uccelli,-519488,Comerciantes Unidos,Comerciantes Unidos,https://cdn5.wyscout.com/photos/team/public/g17195_120x120.png,Primera División,"AMF, CF, LAMF",AMF,49,CF,28,LAMF,11,23.0,2002-10-28,0,2026-12-31,16,633,2,2.95,1,0.25,18.48,41.54,United States,['United States'],unknown,0,0,False,3.55,4.12,44.83,5.26,37.84,0.0,0.0,0.14,1.71,2.63,1.99,1,0.14,0,0.0,2.13,0.28,2,0.28,0.42,0,0.0,13,1.85,46.15,15.385,0.14,0.85,50.0,0.5700000000000001,50.0,0.28,50.0,0.14,1.85,46.15,7.39,42.31,2.56,1.56,0.0,16.21,2.42,2.42,21.33,83.33,3.13,63.64,7.54,94.34,19.05,85.82,1.42,70.0,14.68,19.69,0.04,0.71,0.28,0.0,0.0,0.0,0.43,2.42,70.59,1.0,57.14,0.0,0.0,0.43,0.5700000000000001,2.7,63.16,80.39,7.25,0,,0,,0,0.0,0.0,0.0,,,0.0,,5.26,0.0,0.0,0.0,0.14,0,0.0
G. Aguirre,Gonzalo Junior Aguirre,-353740,Cienciano,Cienciano,https://cdn5.wyscout.com/photos/team/public/542_120x120.png,Primera División,"LDMF, LW, LCMF",LDMF,23,LW,23,LCMF,15,23.0,2003-05-06,0,,14,628,0,0.18,2,0.71,14.47,54.46,Argentina,"['Argentina', 'Peru']",left,179,70,False,7.74,6.02,61.9,2.01,57.14,0.29,0.49,0.14,3.73,6.34,1.43,0,0.0,1,0.14,1.0,0.0,0,0.0,0.03,0,0.0,8,1.15,12.5,0.0,0.29,2.01,28.57,1.58,36.36,0.43,0.0,0.29,1.0,28.57,5.45,47.37,0.5700000000000001,1.43,0.14,25.8,1.72,0.72,39.27,77.74,13.18,67.39,6.88,89.58,31.96,82.06,5.45,71.05,19.16,32.24,0.1,0.72,0.0,0.0,0.0,0.0,0.29,7.45,73.08,2.87,40.0,0.14,0.0,0.86,0.43,7.6,75.47,83.33,14.62,0,,0,,0,0.0,0.0,0.0,,,0.14,,2.01,0.14,0.0,0.0,1.43,0,0.0
F. Oncoy,Freddy Alejandro Oncoy Huarote,475078,Atlético Grau,Atlético Grau,https://cdn5.wyscout.com/photos/team/public/3746_120x120.png,Primera División,"RCMF, LDMF, RDMF",RCMF,34,LDMF,19,RDMF,11,25.0,2000-09-29,375000,,12,616,0,0.0,0,0.13,14.17,42.27,Peru,['Peru'],right,180,72,False,5.84,4.82,54.55,4.68,46.88,0.44,0.6000000000000001,0.44,2.7800000000000002,3.8,1.46,1,0.15,0,0.0,0.15,0.0,0,0.0,0.0,0,0.0,0,0.0,0.0,0.0,0.0,0.29,0.0,0.0,0.0,0.29,0.0,0.15,0.44,33.33,2.7800000000000002,15.79,0.58,0.15,0.0,19.29,0.58,0.29,29.22,84.5,9.35,68.75,3.21,95.45,25.42,87.93,3.51,66.67,16.87,33.28,0.02,0.88,0.0,0.0,0.0,0.0,0.0,3.65,84.0,0.58,25.0,0.15,100.0,0.29,0.0,4.09,75.0,94.67,10.96,0,,0,,0,0.0,0.0,0.0,,,0.0,,4.68,0.0,0.0,0.0,0.0,0,0.0
E. Franco,Emiliano Franco Pola,434407,Deportivo Morón,Atlético Grau,https://cdn5.wyscout.com/photos/team/public/3452_120x120.png,Primera Nacional,"RDMF, RCMF, RCMF3",RDMF,46,RCMF,23,RCMF3,14,31.0,1994-10-21,0,,13,614,1,0.81,0,0.05,12.61,37.21,Argentina,['Argentina'],right,182,74,False,6.16,5.57,57.89,1.32,44.44,0.15,0.22,0.44,2.79,4.13,1.6099999999999999,1,0.15,1,0.15,0.73,0.15,1,0.15,0.12,1,0.15,5,0.73,40.0,20.0,0.0,0.29,100.0,0.15,100.0,0.15,100.0,0.0,0.59,25.0,3.52,12.5,0.88,0.0,0.0,23.89,0.73,0.0,35.18,84.58,12.02,79.27,3.66,96.0,33.57,86.46,1.32,33.33,14.53,14.06,0.01,0.29,0.0,0.0,0.0,0.0,0.15,4.69,71.88,0.88,66.67,0.15,0.0,0.29,0.15,5.72,79.49,88.1,12.31,0,,0,,0,0.0,0.0,0.0,,,0.29,,1.32,0.0,0.0,0.0,0.0,0,0.0
R. Campodónico,Rick Antonny Campodónico Pérez,444289,Sport Huancayo,Sport Huancayo,https://cdn5.wyscout.com/photos/team/public/1671_120x120.png,Primera División,"LW, RAMF",LW,40,RAMF,30,,0,30.0,1996-01-10,250000,,18,614,0,0.9500000000000001,0,0.64,18.91,46.51,Peru,['Peru'],right,179,69,False,5.28,3.81,65.38,2.64,27.78,0.29,0.43,0.29,2.49,3.64,1.17,1,0.15,0,0.0,3.22,0.0,0,0.0,0.14,0,0.0,18,2.64,22.22,0.0,0.0,2.93,30.0,1.32,33.33,1.6099999999999999,27.27,0.15,3.22,54.55,10.11,43.48,3.22,1.47,0.15,24.92,1.9100000000000001,2.05,34.45,80.85,8.65,71.19,7.92,92.59,28.29,88.6,3.52,54.17,17.52,24.21,0.09,1.17,0.0,0.0,0.0,0.0,0.44,3.52,62.5,2.49,47.06,0.59,50.0,1.17,1.03,4.84,81.82,79.45,10.7,0,,0,,0,0.0,0.0,0.0,,,0.15,,2.64,0.15,0.15,0.0,1.03,0,0.0
A. Ramos,Elías Alejandro Ramos Castillo,481887,ADT,ADT,https://cdn5.wyscout.com/photos/team/public/g17201_120x120.png,Primera División,RB,RB,64,,0,,0,27.0,1998-09-13,0,2026-12-31,12,614,0,0.30000000000000004,0,1.37,11.87,51.85,Peru,['Peru'],right,170,66,False,5.72,4.4,66.67,1.6099999999999999,72.73,0.0,0.0,0.0,2.79,5.7,0.59,1,0.15,0,0.0,3.08,0.0,0,0.0,0.04,0,0.0,8,1.17,0.0,0.0,0.0,3.22,54.55,0.29,50.0,2.93,55.0,0.29,1.9100000000000001,69.23,4.54,38.71,0.44,1.17,0.15,29.46,1.03,0.0,38.99,86.47,13.19,82.22,7.04,100.0,31.81,94.01,4.1,53.57,20.68,29.08,0.2,1.6099999999999999,0.0,0.0,0.0,0.0,1.17,6.45,77.27,3.52,54.17,0.29,50.0,0.44,1.6099999999999999,9.23,82.54,83.87,13.63,0,,0,,0,0.0,0.0,0.0,,,0.44,,1.6099999999999999,0.59,0.0,0.0,2.2,0,0.0
H. Fértoli,Héctor Hugo Fértoli,339381,Universitario,Universitario,https://cdn5.wyscout.com/photos/team/public/540_120x120.png,Primera División,"RCMF3, LCMF3, RW",RCMF3,34,LCMF3,26,RW,17,31.0,1994-12-03,0,2027-12-31,13,608,0,0.46,0,0.66,16.13,35.78,Argentina,"['Argentina', 'Italy']",right,175,66,True,5.03,5.03,52.94,2.96,30.0,0.15,0.2,0.0,2.22,3.0,0.89,1,0.15,0,0.0,0.89,0.0,0,0.0,0.07,0,0.0,5,0.74,0.0,0.0,0.0,1.33,0.0,0.74,0.0,0.59,0.0,0.30000000000000004,1.63,45.45,6.8100000000000005,30.43,1.48,2.07,0.15,27.09,0.44,0.74,36.56,79.35,11.4,64.94,8.14,87.27,30.64,86.47,4.74,53.13,17.86,37.45,0.1,0.74,0.44,0.0,0.30000000000000004,50.0,0.15,6.66,68.89,2.66,38.89,1.18,50.0,0.89,0.15,5.33,72.22,85.0,11.84,0,,0,,0,0.0,0.0,0.0,,,0.0,,2.96,0.0,0.0,0.0,0.59,0,0.0
J. Torres,Juan David Torres Henríquez,-153025,Sport Boys,Sport Boys,https://cdn5.wyscout.com/photos/team/public/552_120x120.png,Primera División,"AMF, RW, RAMF",AMF,43,RW,23,RAMF,11,25.0,2001-03-31,0,2026-11-30,14,605,0,1.1,0,1.35,12.94,37.93,Colombia,['Colombia'],left,171,65,True,4.76,4.02,62.96,1.34,11.11,0.30000000000000004,0.51,0.15,1.9300000000000002,3.31,0.74,0,0.0,0,0.0,2.08,0.0,0,0.0,0.16,0,0.0,19,2.83,10.53,0.0,0.0,3.42,39.13,1.04,42.86,2.08,42.86,0.30000000000000004,1.49,20.0,5.95,25.0,1.34,1.34,0.0,30.64,1.6400000000000001,0.89,38.98,76.34,11.45,58.44,8.33,100.0,30.05,83.17,5.8,58.97,19.19,28.13,0.2,1.79,0.0,0.0,0.45,33.33,0.30000000000000004,6.1,58.54,6.55,50.0,1.79,41.67,1.79,1.49,6.84,78.26,78.57,14.58,0,,0,,0,0.0,0.0,0.0,,,0.0,,1.34,1.79,0.6000000000000001,25.0,1.49,0,0.0
J. Parodi,José Antonio Parodi Colunga,-77108,Comerciantes Unidos,Comerciantes Unidos,https://cdn5.wyscout.com/photos/team/public/g17195_120x120.png,Primera División,"LDMF, RDMF, RAMF",LDMF,24,RDMF,21,RAMF,15,28.0,1997-09-27,250000,2026-12-31,13,603,1,1.04,0,0.02,10.45,51.43,Peru,['Peru'],right,179,71,False,5.97,5.52,56.76,1.34,44.44,0.15,0.25,0.15,2.69,4.46,1.19,1,0.15,0,0.0,0.9,0.15,1,0.15,0.16,1,0.15,7,1.04,28.57,14.286,0.0,1.34,33.33,0.15,0.0,1.19,37.5,0.30000000000000004,0.30000000000000004,50.0,2.84,52.63,1.04,0.45,0.0,24.33,0.75,0.9,32.84,82.27,10.45,68.57,4.63,96.77,27.61,88.65,3.88,53.85,18.65,23.86,0.0,0.30000000000000004,0.30000000000000004,0.0,0.0,0.0,0.15,3.73,68.0,1.19,37.5,0.15,100.0,0.15,0.30000000000000004,5.82,61.54,87.06,12.69,0,,0,,0,0.0,0.0,0.0,,,0.15,,1.34,0.0,0.0,0.0,0.15,0,0.0
Miguel,Miguel Silveira dos Santos,-125198,Cusco,Cusco,https://cdn5.wyscout.com/photos/team/public/3745_120x120.png,Primera División,"LCMF3, LW, RCMF3",LCMF3,43,LW,31,RCMF3,12,23.0,2003-03-26,1200000,2026-12-31,13,602,1,2.5700000000000003,0,0.99,15.85,44.34,Brazil,['Brazil'],right,174,66,False,4.49,5.98,40.0,1.94,38.46,0.15,0.24,0.15,1.94,3.17,1.79,1,0.15,0,0.0,2.09,0.15,1,0.15,0.38,0,0.0,10,1.5,40.0,10.0,0.0,1.6400000000000001,27.27,1.5,30.0,0.15,0.0,0.15,1.94,46.15,6.88,50.0,2.54,1.94,0.0,25.56,1.5,2.24,30.8,75.73,11.66,71.79,5.68,92.11,25.27,82.84,4.04,51.85,18.67,34.55,0.15,1.5,0.15,0.0,0.15,100.0,0.6000000000000001,4.93,72.73,4.34,44.83,0.45,33.33,1.6400000000000001,0.30000000000000004,6.13,85.37,73.21,8.37,0,,0,,0,0.0,0.0,0.0,,,0.0,,1.94,0.15,0.0,0.0,0.6000000000000001,0,0.0
J. Cantt,Joshua David Cantt Cerro,-61014,UTC Cajamarca,UTC Cajamarca,https://cdn5.wyscout.com/photos/team/public/g6809_120x120.png,Primera División,"DMF, RCMF, RCMF3",DMF,42,RCMF,22,RCMF3,16,23.0,2003-03-10,0,2026-12-31,11,595,0,0.08,0,0.38,11.34,52.0,Peru,['Peru'],,0,0,False,6.8100000000000005,6.05,55.0,0.91,33.33,0.45,0.67,0.76,3.03,4.44,1.3599999999999999,3,0.45,0,0.0,0.15,0.0,0,0.0,0.01,0,0.0,1,0.15,0.0,0.0,0.0,0.30000000000000004,50.0,0.0,0.0,0.30000000000000004,50.0,0.0,0.0,0.0,2.87,52.63,0.0,0.45,0.0,23.14,0.15,1.21,31.76,90.0,9.68,76.56,5.6,100.0,28.74,93.16,2.7199999999999998,61.11,18.1,22.68,0.06,0.30000000000000004,0.0,0.0,0.0,0.0,0.15,3.7800000000000002,80.0,0.91,33.33,0.0,0.0,0.30000000000000004,0.15,3.18,85.71,95.65,10.44,0,,0,,0,0.0,0.0,0.0,,,0.61,,0.91,0.0,0.0,0.0,0.0,0,0.0
N. Delgadillo,Nicolás Delgadillo Godoy,404126,Atlético Grau,Atlético Grau,https://cdn5.wyscout.com/photos/team/public/3746_120x120.png,Primera División,"LAMF, LW, CF",LAMF,36,LW,32,CF,14,28.0,1997-10-02,225000,2026-12-31,14,591,1,0.75,0,0.77,15.38,44.55,Argentina,['Argentina'],left,177,70,False,2.44,2.74,44.44,1.37,33.33,0.0,0.0,0.0,1.22,1.82,1.22,1,0.15,0,0.0,6.09,0.15,1,0.15,0.11,0,0.0,16,2.44,50.0,6.25,0.0,6.24,31.71,5.03,30.3,1.22,37.5,0.76,5.33,54.29,9.75,45.31,3.2,2.44,0.46,17.51,0.46,0.91,23.91,69.43,5.94,76.92,5.63,89.19,16.45,83.33,1.83,66.67,21.43,25.12,0.12,1.07,0.0,0.0,0.15,0.0,0.15,2.59,76.47,4.87,40.63,0.30000000000000004,50.0,0.91,1.6800000000000002,5.18,91.18,52.54,8.98,0,,0,,0,0.0,0.0,0.0,,,0.30000000000000004,,1.37,0.61,0.30000000000000004,100.0,1.98,0,0.0
I. Iriarte,Iago Joaquín Iriarte,-232063,Temperley,Juan Pablo II College,https://cdn5.wyscout.com/photos/team/public/3604_120x120.png,Primera Nacional,"RB, LCB, RCB",RB,34,LCB,32,RCB,29,26.0,2000-05-29,125000,2027-12-31,9,583,2,1.7000000000000002,1,0.75,11.89,58.44,Argentina,['Argentina'],right,188,0,False,9.57,5.71,64.86,3.55,65.22,0.15,0.24,0.77,5.71,8.74,1.23,1,0.15,1,0.15,0.93,0.31,2,0.31,0.26,1,0.15,5,0.77,60.0,40.0,0.15,0.77,40.0,0.46,33.33,0.31,50.0,0.15,0.15,100.0,0.77,60.0,1.7000000000000002,0.46,0.0,15.28,0.77,0.46,25.93,77.38,13.12,65.88,1.23,100.0,20.53,83.46,4.63,56.67,22.35,31.75,0.12,0.15,0.15,0.0,0.0,0.0,0.15,2.01,53.85,0.15,0.0,0.0,0.0,0.15,0.15,6.33,56.1,91.07,8.64,0,,0,,0,0.0,0.0,0.0,,,0.31,,3.55,0.0,0.0,0.0,0.0,0,0.0
J. Ingratti,José María Ingratti,-122955,Alianza Atlético,Alianza Atlético,https://cdn5.wyscout.com/photos/team/public/545_120x120.png,Primera División,"CF, RW, AMF",CF,49,RW,15,AMF,14,26.0,2000-07-28,0,2026-12-31,7,580,2,2.56,0,0.72,13.66,46.59,Argentina,['Argentina'],right,178,72,True,5.59,3.41,59.09,4.19,44.44,0.0,0.0,0.0,3.5700000000000003,4.73,1.24,1,0.16,0,0.0,2.17,0.31,2,0.31,0.4,0,0.0,13,2.02,38.46,15.385,0.0,2.02,38.46,0.0,0.0,2.02,38.46,0.0,0.93,66.67,4.34,42.86,3.41,1.09,0.31,11.17,3.26,0.16,17.07,73.64,4.66,63.33,3.5700000000000003,95.65,13.97,80.0,1.4,66.67,16.5,17.65,0.11,1.24,0.16,0.0,0.0,0.0,0.93,2.95,63.16,1.71,54.55,0.0,0.0,0.93,0.47000000000000003,1.8599999999999999,75.0,78.13,4.97,0,,0,,0,0.0,0.0,0.0,,,0.0,,4.19,0.16,0.0,0.0,0.16,0,0.0
S. Cavero,Sebastián José Cavero Nakahoro,-64474,Cienciano,Cienciano,https://cdn5.wyscout.com/photos/team/public/542_120x120.png,Primera División,"LB, LAMF, LWB",LB,57,LAMF,14,LWB,12,24.0,2002-06-20,225000,2026-12-31,11,575,0,0.24,0,0.74,17.53,52.68,Peru,['Peru'],left,175,67,False,8.14,7.04,53.33,3.44,40.91,0.9400000000000001,1.62,0.31,3.44,5.95,2.19,3,0.47000000000000003,0,0.0,2.66,0.0,0,0.0,0.04,0,0.0,4,0.63,50.0,0.0,0.0,3.44,27.27,3.44,27.27,0.0,0.0,0.16,1.72,81.82,4.7,60.0,0.9400000000000001,1.72,0.16,20.97,1.1,0.9400000000000001,30.05,72.4,11.58,67.57,4.23,92.59,22.07,83.69,4.85,48.39,20.23,29.23,0.12,0.9400000000000001,0.0,0.0,0.0,0.0,0.31,4.85,61.29,4.07,53.85,0.16,0.0,1.57,1.1,7.2,78.26,67.21,9.55,0,,0,,0,0.0,0.0,0.0,,,0.16,,3.44,0.16,0.0,0.0,0.0,0,0.0
G. Gentile,Gaspar Gentile,432691,Alianza Lima,Alianza Lima,https://cdn5.wyscout.com/photos/team/public/551_120x120.png,Primera División,"AMF, LAMF, RAMF",AMF,25,LAMF,18,RAMF,12,31.0,1995-02-16,450000,2027-12-31,18,568,0,1.81,0,0.56,17.59,43.24,Argentina,['Argentina'],right,182,71,False,4.75,6.18,51.28,1.58,50.0,0.16,0.27,0.0,1.43,2.41,0.9500000000000001,0,0.0,0,0.0,4.91,0.0,0,0.0,0.29,0,0.0,18,2.85,44.44,0.0,0.0,3.01,36.84,1.27,37.5,1.74,36.36,0.32,4.6,55.17,8.4,43.4,4.12,3.01,0.16,17.27,3.17,0.48,20.92,69.7,5.07,59.38,5.7,83.33,17.11,75.93,1.11,71.43,17.87,12.16,0.09,0.63,0.16,0.0,0.0,0.0,0.63,1.27,75.0,2.22,50.0,0.0,0.0,0.79,0.79,3.8,58.33,67.57,5.86,0,,0,,0,0.0,0.0,0.0,,,0.0,,1.58,0.0,0.0,0.0,0.48,0,0.0
T. Salinas,Thiago Alessandro Salinas Melgar,-96124,Comerciantes Unidos,Comerciantes Unidos,https://cdn5.wyscout.com/photos/team/public/g17195_120x120.png,Primera División,"RCMF, RCMF3, RDMF",RCMF,21,RCMF3,19,RDMF,18,20.0,2006-07-14,0,,15,563,1,0.5,1,0.81,15.83,48.48,Peru,['Peru'],left,174,65,True,5.6,6.07,57.89,2.4,40.0,0.48,0.85,0.0,1.6,2.83,2.08,2,0.32,0,0.0,1.6,0.16,1,0.16,0.08,1,0.16,4,0.64,50.0,25.0,0.16,0.8,40.0,0.48,33.33,0.32,50.0,0.0,1.6,60.0,4.96,38.71,0.8,2.24,0.32,20.14,0.8,0.48,29.73,83.33,8.47,66.04,4.8,90.0,26.86,86.31,2.08,61.54,17.79,18.87,0.13,1.28,0.16,0.0,0.0,0.0,0.48,4.48,71.43,1.6,50.0,0.0,0.0,0.64,0.32,3.52,72.73,91.78,11.67,0,,0,,0,0.0,0.0,0.0,,,0.32,,2.4,0.32,0.0,0.0,0.96,0,0.0
A. Gutiérrez,Arthur Alexander Gutiérrez Inga,-262813,FC Cajamarca,FC Cajamarca,https://cdn5.wyscout.com/photos/team/public/g-25565_120x120.png,Primera División,"LB, LAMF",LB,82,LAMF,10,,0,25.0,2000-12-13,125000,2027-12-31,11,557,0,0.07,0,0.21,13.25,58.54,Peru,['Peru'],left,178,0,False,7.43,5.33,60.61,1.78,45.45,0.16,0.28,0.32,4.04,7.01,1.13,2,0.32,0,0.0,1.29,0.0,0,0.0,0.01,0,0.0,3,0.48,33.33,0.0,0.0,1.62,30.0,1.62,30.0,0.0,0.0,0.0,0.97,66.67,4.36,55.56,0.65,0.81,0.16,25.69,2.75,1.78,35.71,84.62,10.66,74.24,7.76,93.75,32.96,88.73,1.45,33.33,14.9,17.0,0.03,0.32,0.0,0.0,0.0,0.0,0.32,2.75,58.82,1.45,44.44,0.32,50.0,0.16,0.48,4.36,62.96,81.03,9.37,0,,0,,0,0.0,0.0,0.0,,,0.16,,1.78,0.0,0.0,0.0,0.0,0,0.0
B. Guevara,Brayan Alfredo Guevara Uchofen,466739,Los Chankas,Los Chankas,https://cdn5.wyscout.com/photos/team/public/g32259_120x120.png,Primera División,"LWB, LB",LWB,50,LB,33,,0,28.0,1998-05-05,300000,2026-12-31,15,553,0,0.47000000000000003,0,0.99,12.53,46.75,Peru,['Peru'],left,0,0,False,5.86,4.88,50.0,2.12,38.46,0.0,0.0,0.0,3.42,6.12,0.65,0,0.0,0,0.0,3.58,0.0,0,0.0,0.08,0,0.0,8,1.3,62.5,0.0,0.0,2.93,55.56,2.93,55.56,0.0,0.0,0.16,2.2800000000000002,50.0,4.39,48.15,0.81,0.81,0.0,22.62,1.79,0.81,30.27,79.57,10.09,72.58,3.42,90.48,24.09,85.14,3.42,57.14,20.5,34.21,0.16,1.3,0.0,0.0,0.0,0.0,0.81,4.88,66.67,2.44,53.33,0.16,100.0,0.16,1.63,7.65,82.98,81.25,10.42,0,,0,,0,0.0,0.0,0.0,,,0.0,,2.12,0.0,0.0,0.0,0.16,0,0.0
J. Barreda,Juan Augusto Barreda Bellido,241114,Sport Huancayo,Sport Huancayo,https://cdn5.wyscout.com/photos/team/public/1671_120x120.png,Primera División,"RCB, CB",RCB,77,CB,15,,0,33.0,1993-03-20,175000,2026-12-31,10,552,0,0.07,0,0.0,13.7,64.29,Peru,['Peru'],right,186,79,False,8.64,5.87,80.56,4.57,57.14,0.49,0.66,0.16,3.42,4.63,0.65,0,0.0,1,0.16,0.0,0.0,0,0.0,0.01,0,0.0,1,0.16,0.0,0.0,0.0,0.0,0.0,0.0,0.0,0.0,0.0,0.0,0.16,0.0,0.8200000000000001,40.0,0.16,0.16,0.0,15.0,0.33,0.49,24.13,84.46,9.62,76.27,1.63,70.0,20.71,90.55,3.42,47.62,19.14,27.58,0.0,0.0,0.0,0.0,0.0,0.0,0.0,3.59,45.45,0.33,50.0,0.65,0.0,0.16,0.0,4.08,60.0,93.85,10.6,0,,0,,0,0.0,0.0,0.0,,,0.8200000000000001,,4.57,0.0,0.0,0.0,0.0,0,0.0
Adán Henricks,Adán Henricks Ayarza,-466533,Juan Pablo II College,Juan Pablo II College,https://cdn5.wyscout.com/photos/team/public/g-23170_120x120.png,Primera División,CF,CF,76,,0,,0,22.0,2004-02-25,0,,15,552,1,1.18,0,0.06,18.26,37.5,Panama,['Panama'],,0,0,True,3.26,4.89,46.67,4.24,38.46,0.0,0.0,0.33,0.98,1.73,0.8200000000000001,1,0.16,0,0.0,1.63,0.16,1,0.16,0.19,1,0.16,9,1.47,33.33,11.111,0.0,0.8200000000000001,20.0,0.33,0.0,0.49,33.33,0.16,1.3,75.0,7.66,27.66,2.93,0.98,0.0,7.5,1.1400000000000001,0.8200000000000001,14.18,72.41,2.77,70.59,4.4,85.19,12.07,78.38,1.3,50.0,15.49,12.28,0.01,0.65,0.0,0.0,0.16,0.0,0.16,0.8200000000000001,40.0,1.3,25.0,0.16,0.0,0.33,0.33,1.47,55.56,63.33,4.89,0,,0,,0,0.0,0.0,0.0,,,0.0,,4.24,0.0,0.0,0.0,0.0,0,0.0
A. Rodríguez,Marco Aldair Rodríguez Iraola,243951,ADT,ADT,https://cdn5.wyscout.com/photos/team/public/g17201_120x120.png,Primera División,"RAMF, CF, AMF",RAMF,49,CF,19,AMF,16,32.0,1994-08-06,400000,2026-12-31,13,551,0,0.9,0,0.28,14.86,37.36,Peru,['Peru'],right,184,79,False,2.7800000000000002,2.94,38.89,2.61,37.5,0.49,0.9400000000000001,0.0,1.1400000000000001,2.19,1.63,3,0.49,0,0.0,1.8,0.0,0,0.0,0.15,0,0.0,7,1.1400000000000001,28.57,0.0,0.0,1.63,10.0,0.0,0.0,1.63,10.0,0.0,2.12,61.54,6.37,38.46,1.96,1.1400000000000001,0.0,17.97,0.98,0.65,22.87,81.43,4.74,72.41,5.55,97.06,20.74,87.4,0.65,50.0,14.41,5.59,0.05,0.8200000000000001,0.16,0.0,0.0,0.0,0.16,1.47,55.56,1.47,55.56,0.0,0.0,0.8200000000000001,0.16,1.63,60.0,77.78,5.88,0,,0,,0,0.0,0.0,0.0,,,0.16,,2.61,0.0,0.0,0.0,0.16,0,0.0
D. Ramírez,Diego Antonio Ramírez Cutti,341095,CD Moquegua,CD Moquegua,https://cdn5.wyscout.com/photos/team/public/g-25564_120x120.png,Primera División,"RCMF, RDMF, CF",RCMF,47,RDMF,35,CF,13,31.0,1994-11-02,250000,2026-12-31,12,540,0,0.2,0,0.0,16.83,48.51,Peru,['Peru'],right,175,72,False,6.33,5.5,48.48,3.0,38.89,0.0,0.0,0.0,3.67,4.49,1.33,2,0.33,0,0.0,0.8300000000000001,0.0,0,0.0,0.03,0,0.0,3,0.5,33.33,0.0,0.0,0.67,50.0,0.17,0.0,0.5,66.67,0.0,0.8300000000000001,40.0,6.67,50.0,0.5,0.8300000000000001,0.0,16.33,0.5,1.0,26.33,79.11,10.83,67.69,5.5,90.91,21.33,84.38,4.33,57.69,18.42,26.89,0.0,0.0,0.0,0.0,0.17,0.0,0.0,3.5,61.9,1.17,57.14,0.5,66.67,0.17,0.33,5.67,64.71,85.0,6.67,0,,0,,0,0.0,0.0,0.0,,,0.5,,3.0,0.33,0.17,100.0,1.33,0,0.0
H. Timaná,Hairo Eduardo Timaná Álvarez,-262366,FC Cajamarca,FC Cajamarca,https://cdn5.wyscout.com/photos/team/public/g-25565_120x120.png,Primera División,"LCB3, LB, RCB",LCB3,39,LB,20,RCB,11,26.0,2000-06-11,0,2026-12-31,9,535,0,0.19,0,0.0,12.79,55.26,Peru,['Peru'],right,177,70,False,11.61,6.5600000000000005,64.1,3.5300000000000002,52.38,1.6800000000000002,2.26,0.34,5.72,7.67,1.85,3,0.5,1,0.17,0.5,0.0,0,0.0,0.03,0,0.0,4,0.67,0.0,0.0,0.0,0.17,0.0,0.17,0.0,0.0,0.0,0.0,0.67,75.0,1.18,57.14,0.34,0.0,0.0,21.7,0.17,0.5,30.79,77.05,15.98,66.32,0.67,75.0,22.88,86.76,7.91,48.94,26.27,46.26,0.0,0.17,0.0,0.0,0.0,0.0,0.0,5.89,40.0,1.01,33.33,1.51,33.33,0.34,0.0,6.9,73.17,88.57,11.78,0,,0,,0,0.0,0.0,0.0,,,0.17,,3.5300000000000002,0.0,0.0,0.0,0.0,0,0.0
J. Cáceres,Jefferson Justo Cáceres Chávez,-213784,Melgar,Melgar,https://cdn5.wyscout.com/photos/team/public/546_120x120.png,Primera División,"RAMF, RWB, LW",RAMF,51,RWB,21,LW,11,24.0,2002-08-22,500000,2027-06-30,14,533,1,1.56,1,1.43,14.18,66.67,Peru,['Peru'],right,170,61,False,6.59,4.05,83.33,1.52,55.56,0.17,0.29,0.0,3.04,5.29,0.51,0,0.0,0,0.0,4.73,0.17,1,0.17,0.26,0,0.0,12,2.03,50.0,8.333,0.17,3.88,52.17,0.84,60.0,3.04,50.0,0.51,2.36,71.43,6.75,60.0,3.55,2.87,0.17,40.86,2.2,2.87,50.32,84.23,12.16,77.78,11.99,95.77,44.92,88.72,1.52,33.33,15.38,19.0,0.24,2.03,0.17,0.34,0.0,0.0,1.69,4.73,89.29,5.07,43.33,0.17,0.0,1.52,1.52,5.91,80.0,80.72,14.02,0,,0,,0,0.0,0.0,0.0,,,0.17,,1.52,0.0,0.0,0.0,1.01,0,0.0
H. Rengifo,Hernán Rengifo Trigoso,14366,ADT,ADT,https://cdn5.wyscout.com/photos/team/public/g17201_120x120.png,Primera División,CF,CF,94,,0,,0,43.0,1983-04-18,25000,2026-12-31,15,525,0,1.09,0,0.44,8.06,46.81,Peru,['Peru'],right,183,77,False,2.5700000000000003,2.06,50.0,3.43,50.0,0.0,0.0,0.0,1.54,3.18,0.86,0,0.0,1,0.17,0.34,0.0,0,0.0,0.19,0,0.0,7,1.2,28.57,0.0,0.0,0.0,0.0,0.0,0.0,0.0,0.0,0.0,0.0,0.0,1.37,25.0,2.4,0.34,0.0,4.46,1.37,0.17,7.03,73.17,1.03,33.33,1.37,100.0,6.86,72.5,0.17,100.0,11.21,2.13,0.08,1.37,0.17,0.0,0.17,0.0,0.51,0.6900000000000001,75.0,0.51,33.33,0.17,0.0,0.6900000000000001,0.0,0.51,33.33,60.0,2.5700000000000003,0,,0,,0,0.0,0.0,0.0,,,0.0,,3.43,0.0,0.0,0.0,0.0,0,0.0
L. Ramos,Luis Alejandro Ramos Leiva,-124827,Alianza Lima,Alianza Lima,https://cdn5.wyscout.com/photos/team/public/551_120x120.png,Primera División,CF,CF,90,,0,,0,26.0,1999-12-13,0,2028-12-31,13,522,0,1.08,2,0.66,19.14,31.53,Peru,['Peru'],right,183,76,False,1.55,2.07,41.67,9.83,29.82,0.0,0.0,0.0,0.6900000000000001,1.12,1.9,0,0.0,0,0.0,0.6900000000000001,0.0,0,0.0,0.19,0,0.0,7,1.21,42.86,0.0,0.34,0.0,0.0,0.0,0.0,0.0,0.0,0.0,0.34,50.0,4.83,28.57,3.2800000000000002,0.34,0.0,9.14,1.72,1.21,13.97,65.43,3.1,61.11,2.59,73.33,13.45,67.95,0.52,0.0,14.59,4.9,0.11,0.86,0.0,0.0,0.17,0.0,0.52,1.03,50.0,1.38,50.0,0.17,0.0,1.38,0.0,1.21,14.29,72.73,5.69,0,,0,,0,0.0,0.0,0.0,,,0.0,,9.83,0.0,0.0,0.0,0.0,0,0.0
A. Fernández,Néstor Adrián Fernández Palacios,291555,Atlético Grau,Atlético Grau,https://cdn5.wyscout.com/photos/team/public/3746_120x120.png,Primera División,CF,CF,100,,0,,0,34.0,1992-08-04,500000,2026-12-31,7,510,1,1.58,0,0.12,19.59,53.15,Paraguay,['Paraguay'],left,184,78,False,3.35,3.5300000000000002,45.0,8.47,64.58,0.0,0.0,0.18,1.76,2.34,1.76,0,0.0,0,0.0,2.12,0.18,1,0.18,0.28,1,0.18,18,3.18,27.78,5.556,0.0,0.71,0.0,0.53,0.0,0.18,0.0,0.0,1.5899999999999999,77.78,5.29,56.67,3.0,0.88,0.0,15.18,3.71,0.53,18.53,55.24,4.76,29.63,3.35,84.21,16.59,59.57,1.24,28.57,16.43,22.37,0.02,0.35000000000000003,0.0,0.0,0.0,0.0,0.35000000000000003,1.76,40.0,1.76,20.0,0.35000000000000003,0.0,0.35000000000000003,0.0,2.65,40.0,57.89,6.71,0,,0,,0,0.0,0.0,0.0,,,0.0,,8.47,0.0,0.0,0.0,0.0,0,0.0
C. Carbajal,Christian Humberto Carbajal Díaz,-60886,Alianza Lima,Alianza Lima,https://cdn5.wyscout.com/photos/team/public/551_120x120.png,Primera División,"LB, LCB3",LB,73,LCB3,20,,0,26.0,1999-09-20,300000,2028-12-31,10,507,0,0.0,0,0.31,14.38,51.85,Peru,['Peru'],left,180,77,False,9.05,9.23,55.77,1.42,37.5,0.36,0.55,0.0,3.55,5.45,2.13,2,0.36,0,0.0,2.13,0.0,0,0.0,0.0,0,0.0,1,0.18,0.0,0.0,0.0,4.44,40.0,4.44,40.0,0.0,0.0,0.53,1.07,33.33,2.31,46.15,0.71,2.66,0.18,23.61,0.89,0.89,32.66,78.26,12.25,78.26,2.84,81.25,24.85,87.14,3.55,60.0,20.14,14.21,0.06,0.71,0.0,0.0,0.0,0.0,0.0,4.44,80.0,4.08,39.13,0.18,100.0,0.0,1.9500000000000002,9.23,71.15,77.33,13.31,0,,0,,0,0.0,0.0,0.0,,,0.36,,1.42,0.0,0.0,0.0,0.18,0,0.0
J. Rivera,José Daniel Rivera Martínez,457103,Universitario,Universitario,https://cdn5.wyscout.com/photos/team/public/540_120x120.png,Primera División,CF,CF,96,,0,,0,29.0,1997-05-08,700000,2026-12-31,15,503,1,3.14,0,0.47000000000000003,18.43,43.69,Peru,['Peru'],right,172,69,False,2.15,2.68,60.0,3.94,45.45,0.36,0.49,0.0,0.18,0.24,1.43,1,0.18,0,0.0,2.5,0.18,1,0.18,0.56,0,0.0,18,3.22,16.67,5.556,0.0,0.89,40.0,0.18,0.0,0.72,50.0,0.18,2.5,64.29,8.77,42.86,3.58,1.07,0.0,9.48,2.33,1.25,11.81,75.76,1.43,37.5,3.4,84.21,10.56,77.97,0.36,100.0,14.05,5.7,0.08,0.54,0.0,0.0,0.18,0.0,0.0,1.43,62.5,0.89,20.0,0.18,0.0,0.0,0.36,1.07,50.0,80.0,4.47,0,,0,,0,0.0,0.0,0.0,,,0.0,,3.94,0.0,0.0,0.0,0.0,0,0.0
W. Ayoví,Wilter Andrés Ayoví Mina,290653,Comerciantes Unidos,Comerciantes Unidos,https://cdn5.wyscout.com/photos/team/public/g17195_120x120.png,Primera División,"LAMF, RAMF, LW",LAMF,25,RAMF,20,LW,14,29.0,1997-04-17,0,2026-12-31,14,502,2,1.47,2,1.28,10.76,51.67,Ecuador,['Ecuador'],right,168,65,False,2.15,1.97,63.64,1.08,66.67,0.36,0.74,0.0,0.54,1.11,0.72,1,0.18,0,0.0,4.48,0.36,2,0.36,0.26,0,0.0,12,2.15,41.67,16.667,0.36,3.23,55.56,1.97,72.73,1.25,28.57,0.36,3.41,52.63,5.74,53.13,4.66,1.43,0.0,19.18,3.05,0.54,23.49,77.1,4.48,72.0,5.38,93.33,18.65,81.73,1.79,60.0,15.5,21.94,0.23,2.15,0.0,0.36,0.0,0.0,2.15,1.79,60.0,3.05,52.94,0.0,0.0,0.9,1.79,3.76,80.95,68.52,9.68,0,,0,,0,0.0,0.0,0.0,,,0.0,,1.08,0.18,0.18,100.0,0.36,0,0.0
P. Antón,Piero Alonso Antón Castillo,-128731,Juan Pablo II College,Juan Pablo II College,https://cdn5.wyscout.com/photos/team/public/g-23170_120x120.png,Primera División,"LB, LB5",LB,57,LB5,33,,0,26.0,2000-01-11,0,,11,493,0,0.0,0,0.19,13.33,56.16,Peru,['Peru'],left,0,0,False,8.95,6.39,74.29,1.83,20.0,0.0,0.0,0.18,4.2,7.67,0.55,0,0.0,0,0.0,1.46,0.0,0,0.0,0.0,0,0.0,0,0.0,0.0,0.0,0.0,1.46,25.0,1.46,25.0,0.0,0.0,0.0,1.83,60.0,4.02,50.0,0.73,1.1,0.18,14.06,1.6400000000000001,0.0,23.18,68.5,11.14,67.21,2.56,100.0,19.17,75.24,2.56,42.86,18.3,26.11,0.04,0.55,0.0,0.0,0.18,0.0,0.55,3.29,61.11,2.19,33.33,0.73,25.0,0.55,0.37,5.48,73.33,63.33,5.48,0,,0,,0,0.0,0.0,0.0,,,0.18,,1.83,0.0,0.0,0.0,0.0,0,0.0
C. Cabellos,Jeffrey Catriel Cabellos Vázquez,-158155,Sporting Cristal,Sporting Cristal,https://cdn5.wyscout.com/photos/team/public/541_120x120.png,Primera División,"AMF, RAMF, RDMF",AMF,22,RAMF,18,RDMF,15,22.0,2004-08-18,0,,16,487,0,0.98,1,0.54,16.26,43.18,Argentina,"['Argentina', 'Peru']",right,172,65,False,5.54,5.54,43.33,1.29,14.29,0.18,0.34,0.0,2.96,5.52,1.6600000000000001,4,0.74,1,0.18,2.59,0.0,0,0.0,0.18,0,0.0,11,2.03,27.27,0.0,0.18,2.03,36.36,0.37,50.0,1.6600000000000001,33.33,0.18,1.85,70.0,7.58,56.1,2.77,2.22,0.37,31.23,0.74,1.29,41.4,84.38,13.68,77.03,6.47,91.43,36.59,89.39,2.77,53.33,16.54,18.62,0.1,0.55,0.0,0.0,0.0,0.0,0.37,5.36,75.86,2.77,53.33,0.18,100.0,0.74,0.74,6.28,85.29,90.28,13.31,0,,0,,0,0.0,0.0,0.0,,,0.55,,1.29,0.0,0.0,0.0,0.37,0,0.0
S. González,Santiago Andrés Torres González,-222246,,Atlético Grau,,,"RB, RW, RB5",RB,36,RW,31,RB5,17,26.0,2000-05-10,0,,9,485,0,0.29,0,0.67,12.25,43.94,Argentina,"['Argentina', 'Peru']",right,174,67,False,6.31,4.64,52.0,1.67,22.22,0.0,0.0,0.19,3.9,6.43,1.3,1,0.19,0,0.0,3.71,0.0,0,0.0,0.05,0,0.0,6,1.11,0.0,0.0,0.0,6.31,32.35,0.0,0.0,6.31,32.35,0.93,2.6,57.14,5.38,44.83,1.11,1.3,0.19,24.49,2.23,0.56,31.18,67.86,11.13,68.33,3.71,80.0,20.78,83.93,4.64,40.0,24.94,42.67,0.13,1.67,0.0,0.0,0.19,100.0,1.11,6.12,63.64,4.82,38.46,0.56,66.67,0.37,1.8599999999999999,8.72,76.6,62.26,9.84,0,,0,,0,0.0,0.0,0.0,,,0.37,,1.67,0.37,0.19,0.0,0.56,0,0.0
K. Quevedo,Kevin Martín Quevedo Mathey,446159,Alianza Lima,Alianza Lima,https://cdn5.wyscout.com/photos/team/public/551_120x120.png,Primera División,"RAMF, RW, LAMF",RAMF,38,RW,22,LAMF,20,29.0,1997-02-22,0,2027-12-31,8,475,0,0.71,0,0.89,15.92,29.76,Peru,['Peru'],right,174,71,False,2.65,2.27,41.67,2.27,33.33,0.0,0.0,0.0,1.71,2.9699999999999998,0.5700000000000001,1,0.19,0,0.0,3.41,0.0,0,0.0,0.14,0,0.0,12,2.27,50.0,0.0,0.0,2.84,26.67,0.76,50.0,2.08,18.18,0.76,3.22,47.06,9.28,32.65,2.08,2.65,0.19,23.87,1.8900000000000001,0.9500000000000001,29.37,75.48,8.34,61.36,5.31,89.29,24.82,80.92,1.71,77.78,18.05,26.94,0.17,1.1400000000000001,0.38,0.0,0.38,0.0,0.38,4.36,78.26,4.55,45.83,0.9500000000000001,40.0,1.71,1.52,5.87,87.1,74.14,10.99,0,,0,,0,0.0,0.0,0.0,,,0.0,,2.27,0.0,0.0,0.0,0.19,0,0.0
B. Bernaola,Brian Robert Edson Bernaola Acosta,328498,César Vallejo,FC Cajamarca,https://cdn5.wyscout.com/photos/team/public/547_120x120.png,,"LCB, CB",LCB,53,CB,39,,0,31.0,1995-01-17,200000,2026-12-31,6,473,0,0.0,0,0.0,7.23,39.47,Peru,['Peru'],right,179,77,False,6.28,2.85,40.0,2.66,35.71,0.38,0.51,0.5700000000000001,4.76,6.36,1.33,0,0.0,0,0.0,0.0,0.0,0,0.0,0.0,0,0.0,0,0.0,0.0,0.0,0.0,0.0,0.0,0.0,0.0,0.0,0.0,0.0,0.0,0.0,0.0,0.0,0.0,0.0,0.0,11.99,0.38,0.38,21.12,82.88,8.94,65.96,0.5700000000000001,100.0,18.84,87.88,2.2800000000000002,41.67,20.25,22.42,0.0,0.0,0.0,0.0,0.0,0.0,0.0,1.1400000000000001,66.67,0.0,0.0,0.19,0.0,0.0,0.0,3.81,45.0,96.0,9.51,0,,0,,0,0.0,0.0,0.0,,,0.19,,2.66,0.0,0.0,0.0,0.0,0,0.0
F. Cavagna,Francesco Cavagna Salazar,-62832,UTC Cajamarca,UTC Cajamarca,https://cdn5.wyscout.com/photos/team/public/g6809_120x120.png,Primera División,"LCB, LCB3",LCB,82,LCB3,10,,0,25.0,2000-09-16,275000,2026-12-31,8,469,0,0.0,0,0.01,10.36,48.15,Peru,['Peru'],left,184,78,False,8.44,4.8,60.0,2.3,33.33,0.19,0.31,0.77,5.37,8.66,1.15,0,0.0,0,0.0,0.38,0.0,0,0.0,0.0,0,0.0,0,0.0,0.0,0.0,0.0,0.0,0.0,0.0,0.0,0.0,0.0,0.0,0.77,50.0,1.34,57.14,0.0,0.38,0.19,23.41,0.58,0.58,35.88,86.1,14.01,72.6,3.26,82.35,33.2,91.33,2.69,21.43,17.43,34.9,0.0,0.19,0.0,0.0,0.0,0.0,0.0,4.03,57.14,0.38,0.0,0.38,0.0,0.0,0.0,7.48,64.1,96.47,16.31,0,,0,,0,0.0,0.0,0.0,,,2.3,,2.3,0.0,0.0,0.0,0.0,0,0.0
M. Trauco,Miguel Ángel Trauco Saavedra,176390,Sport Boys,Sport Boys,https://cdn5.wyscout.com/photos/team/public/552_120x120.png,Primera División,"AMF, LCMF3",AMF,49,LCMF3,36,,0,34.0,1992-08-25,0,2026-12-31,8,469,0,0.29,1,0.97,14.78,38.96,Peru,['Peru'],left,175,70,False,3.07,4.8,28.0,1.15,50.0,0.0,0.0,0.19,1.73,3.07,1.34,2,0.38,1,0.19,1.73,0.0,0,0.0,0.06,0,0.0,6,1.15,16.67,0.0,0.19,2.49,23.08,2.3,16.67,0.19,100.0,0.96,1.34,71.43,7.48,43.59,0.77,0.58,0.0,25.33,0.96,1.15,35.5,76.76,14.97,74.36,4.22,86.36,27.83,84.83,5.57,58.62,19.36,28.53,0.19,2.49,0.19,0.0,0.19,0.0,0.38,7.29,71.05,4.41,43.48,1.15,50.0,1.34,0.77,6.91,88.89,78.95,10.94,0,,0,,0,0.0,0.0,0.0,,,0.0,,1.15,1.54,0.38,0.0,2.88,0,0.0
A. Mazzo Luya,Aylton Aryed Lucas Mazzo Luya,-808351,ADT,ADT,https://cdn5.wyscout.com/photos/team/public/g17201_120x120.png,Primera División,"LW, RW, LAMF",LW,30,RW,23,LAMF,17,23.0,2003-08-04,0,,9,467,1,1.53,0,0.37,14.65,47.37,Peru,['Peru'],right,0,0,False,4.05,3.85,70.0,2.31,25.0,0.58,1.06,0.0,0.77,1.4100000000000001,0.58,0,0.0,1,0.19,3.47,0.19,1,0.19,0.30000000000000004,0,0.0,14,2.7,50.0,7.143,0.0,1.54,12.5,0.96,20.0,0.58,0.0,0.39,3.08,62.5,7.9,46.34,3.66,2.51,0.0,17.54,2.7,0.96,17.92,73.12,2.7,35.71,6.36,87.88,16.0,80.72,0.58,0.0,17.14,14.18,0.07,1.16,0.0,0.0,0.0,0.0,0.39,0.77,50.0,0.96,40.0,0.0,0.0,0.19,0.39,1.54,25.0,73.08,5.01,0,,0,,0,0.0,0.0,0.0,,,0.19,,2.31,0.19,0.0,0.0,0.39,0,0.0
C. Montaño,Jean Carlos Montaño Valencia,482650,Cusco,Cusco,https://cdn5.wyscout.com/photos/team/public/3745_120x120.png,Primera División,"DMF, LDMF, LCMF",DMF,70,LDMF,14,LCMF,14,27.0,1999-01-28,150000,,6,459,0,0.01,1,0.77,13.53,55.07,Ecuador,['Ecuador'],right,180,74,False,5.88,6.47,51.52,1.76,44.44,0.0,0.0,0.39,2.55,3.86,2.75,1,0.2,0,0.0,1.57,0.0,0,0.0,0.0,0,0.0,3,0.59,0.0,0.0,0.2,0.39,50.0,0.2,100.0,0.2,0.0,0.0,1.18,100.0,4.51,69.57,0.0,0.59,0.2,34.31,0.2,1.96,41.96,90.19,11.37,84.48,6.47,100.0,38.63,92.89,2.94,60.0,19.65,47.12,0.15,0.2,0.0,0.0,0.2,100.0,0.2,6.08,74.19,0.59,33.33,0.2,100.0,0.39,0.2,4.31,81.82,91.01,17.45,0,,0,,0,0.0,0.0,0.0,,,1.37,,1.76,0.0,0.0,0.0,0.0,0,0.0
M. Carpio,Mathías Petter Carpio Ferro,-150984,Comerciantes Unidos,Comerciantes Unidos,https://cdn5.wyscout.com/photos/team/public/g17195_120x120.png,Primera División,LAMF,LAMF,76,,0,,0,23.0,2002-11-15,225000,2026-12-31,10,459,0,0.17,2,1.45,9.41,45.83,Peru,['Peru'],left,170,66,False,3.14,3.14,56.25,0.78,25.0,0.39,0.76,0.0,0.98,1.9,0.59,0,0.0,0,0.0,2.35,0.0,0,0.0,0.03,0,0.0,4,0.78,0.0,0.0,0.39,2.35,50.0,1.76,55.56,0.59,33.33,0.2,1.96,50.0,5.1,46.15,1.18,0.0,0.0,23.33,0.98,1.37,30.2,80.52,7.06,72.22,8.04,92.68,25.88,84.85,2.16,54.55,15.9,23.89,0.29,2.16,0.0,0.0,0.2,100.0,1.18,2.75,57.14,3.33,52.94,0.39,50.0,0.78,1.18,4.9,88.0,79.17,9.41,0,,0,,0,0.0,0.0,0.0,,,0.0,,0.78,0.39,0.0,0.0,1.37,0,0.0
S. Aranda,Sebastián Alexandre Aranda Vallumbrosio,-131574,FK Auda,Sport Boys,https://cdn5.wyscout.com/photos/team/public/g1396_120x120.png,Virsliga,LB,LB,100,,0,,0,22.0,2003-10-07,0,2028-12-31,5,451,0,0.32,0,0.12,17.76,61.8,Peru,['Peru'],left,175,73,True,8.18,6.39,81.25,2.0,60.0,0.6000000000000001,0.97,0.0,2.39,3.87,0.6000000000000001,0,0.0,0,0.0,3.19,0.0,0,0.0,0.06,0,0.0,3,0.6000000000000001,66.67,0.0,0.0,2.79,28.57,2.79,28.57,0.0,0.0,0.2,3.79,52.63,8.38,52.38,0.6000000000000001,2.99,0.2,22.35,2.0,1.8,30.33,81.58,8.78,75.0,5.59,100.0,24.75,91.13,3.19,56.25,18.37,34.4,0.02,0.6000000000000001,0.0,0.0,0.0,0.0,0.0,3.79,73.68,2.99,33.33,0.0,0.0,0.8,0.6000000000000001,4.79,66.67,79.63,10.78,0,,0,,0,0.0,0.0,0.0,,,0.2,,2.0,0.0,0.0,0.0,0.0,0,0.0
M. da Luz,Mauro Andrés Da Luz Regalado,452054,Atlético Grau,Atlético Grau,https://cdn5.wyscout.com/photos/team/public/3746_120x120.png,Primera División,"CF, LAMF, RWF",CF,46,LAMF,17,RWF,15,31.0,1994-09-05,400000,2027-12-31,7,449,1,1.5899999999999999,0,0.32,16.64,38.55,Uruguay,['Uruguay'],right,174,70,False,3.21,3.21,50.0,4.61,43.48,0.0,0.0,0.4,1.6,2.03,1.8,2,0.4,0,0.0,1.4,0.2,1,0.2,0.32,0,0.0,10,2.0,30.0,10.0,0.0,0.6000000000000001,0.0,0.2,0.0,0.4,0.0,0.0,1.8,33.33,6.01,36.67,3.61,1.4,0.0,10.62,2.2,0.6000000000000001,13.43,71.64,2.2,54.55,4.21,95.24,12.43,77.42,0.6000000000000001,0.0,13.31,18.54,0.06,0.6000000000000001,0.0,0.0,0.2,100.0,0.6000000000000001,0.6000000000000001,33.33,1.2,66.67,0.2,100.0,0.8,0.4,0.8,25.0,44.44,3.61,0,,0,,0,0.0,0.0,0.0,,,0.0,,4.61,0.0,0.0,0.0,0.0,0,0.0
D. Lino,Daniel Jhonatan Lino Justiniano,-118914,Comerciantes Unidos,Comerciantes Unidos,https://cdn5.wyscout.com/photos/team/public/g17195_120x120.png,Primera División,"LB, LWB, LW",LB,54,LWB,20,LW,14,24.0,2002-02-18,0,2026-12-31,5,440,0,0.08,0,0.14,9.61,59.57,Bolivia,['Bolivia'],left,184,70,False,5.52,4.7,65.22,2.05,70.0,0.2,0.32,0.41000000000000003,2.25,3.51,1.23,2,0.41000000000000003,0,0.0,0.61,0.0,0,0.0,0.02,0,0.0,2,0.41000000000000003,50.0,0.0,0.0,1.23,33.33,1.23,33.33,0.0,0.0,0.2,0.0,0.0,0.8200000000000001,25.0,0.41000000000000003,0.41000000000000003,0.0,10.64,1.23,0.41000000000000003,16.16,62.03,9.41,54.35,1.8399999999999999,77.78,10.84,75.47,4.09,35.0,21.27,36.78,0.03,0.41000000000000003,0.0,0.0,0.0,0.0,0.41000000000000003,2.86,42.86,1.23,33.33,0.2,0.0,0.2,0.41000000000000003,4.7,65.22,72.22,3.68,0,,0,,0,0.0,0.0,0.0,,,0.41000000000000003,,2.05,0.2,0.0,0.0,0.0,0,0.0
J. Requena,Juan Manuel Requena,-109453,Universitario,Universitario,https://cdn5.wyscout.com/photos/team/public/540_120x120.png,Primera División,"DMF, RCMF",DMF,75,RCMF,19,,0,27.0,1999-01-24,200000,2026-12-31,7,439,0,0.02,0,0.0,10.25,46.0,Argentina,['Argentina'],right,178,71,False,7.59,5.95,55.17,3.08,40.0,0.21,0.29,0.41000000000000003,4.1,5.83,1.6400000000000001,2,0.41000000000000003,0,0.0,0.0,0.0,0,0.0,0.0,0,0.0,1,0.21,0.0,0.0,0.0,0.0,0.0,0.0,0.0,0.0,0.0,0.0,0.0,0.0,1.03,20.0,0.41000000000000003,0.0,0.21,28.5,0.0,0.21,41.41,91.58,12.51,88.52,3.2800000000000002,93.75,39.16,92.15,2.26,81.82,18.43,29.57,0.0,0.0,0.0,0.0,0.0,0.0,0.0,5.95,86.21,0.21,100.0,0.0,0.0,0.21,0.0,4.1,75.0,93.41,18.66,0,,0,,0,0.0,0.0,0.0,,,0.41000000000000003,,3.08,0.0,0.0,0.0,0.0,0,0.0
K. Barrios,Kenyi Fidel Barrios Li,-110839,Los Chankas,Los Chankas,https://cdn5.wyscout.com/photos/team/public/g32259_120x120.png,Primera División,"RB, RWB, CF",RB,28,RWB,27,CF,15,30.0,1996-03-16,225000,,20,429,1,0.29,0,0.14,12.17,53.45,Peru,['Peru'],right,180,0,False,5.87,2.52,66.67,2.52,41.67,0.0,0.0,0.0,4.2,6.82,0.42,1,0.21,0,0.0,1.6800000000000002,0.21,1,0.21,0.06,0,0.0,6,1.26,33.33,16.667,0.0,5.03,8.33,0.21,0.0,4.83,8.7,0.63,1.6800000000000002,50.0,6.5,51.61,1.05,1.8900000000000001,0.42,31.47,1.47,2.31,42.17,79.6,10.07,79.17,9.23,93.18,34.41,90.85,2.94,64.29,17.46,13.26,0.03,0.63,0.0,0.0,0.0,0.0,0.21,5.45,76.92,4.2,20.0,0.0,0.0,0.42,1.05,8.18,71.79,72.6,15.31,0,,0,,0,0.0,0.0,0.0,,,1.26,,2.52,0.84,0.21,0.0,0.42,0,0.0
J. Molina,Jairo Gabriel Molina Ospino,248290,Alianza Atlético,Alianza Atlético,https://cdn5.wyscout.com/photos/team/public/545_120x120.png,Primera División,"CF, AMF",CF,81,AMF,18,,0,33.0,1993-04-28,50000,,7,427,3,3.04,0,0.22,13.7,29.23,Colombia,['Colombia'],right,183,78,False,1.9,1.9,11.11,4.22,35.0,0.0,0.0,0.21,1.69,2.38,1.9,1,0.21,0,0.0,1.9,0.63,3,0.63,0.64,1,0.21,15,3.16,53.33,20.0,0.0,0.21,100.0,0.0,0.0,0.21,100.0,0.0,0.0,0.0,4.22,35.0,3.79,0.42,0.21,7.38,1.9,1.26,10.96,82.69,1.05,60.0,5.06,79.17,10.54,82.0,0.21,100.0,12.55,11.29,0.05,0.21,0.0,0.0,0.0,0.0,0.21,0.63,66.67,0.42,50.0,0.0,0.0,0.21,0.21,1.05,80.0,92.31,2.74,0,,0,,0,0.0,0.0,0.0,,,0.0,,4.22,0.0,0.0,0.0,0.0,0,0.0
G. Lapadula,Gianluca Lapadula Vargas,142406,Universitario,Universitario,https://cdn5.wyscout.com/photos/team/public/540_120x120.png,Primera División,CF,CF,100,,0,,0,36.0,1990-02-07,1500000,2027-12-31,7,407,5,2.83,1,0.56,11.5,40.38,Italy,"['Italy', 'Peru']",left,178,71,False,0.88,1.11,40.0,4.2,47.37,0.0,0.0,0.0,0.44,0.67,1.55,0,0.0,0,0.0,1.99,1.11,4,0.88,0.62,1,0.22,11,2.43,54.55,45.455,0.22,2.21,20.0,0.66,33.33,1.55,14.29,0.66,0.66,33.33,5.31,33.33,5.97,0.44,0.0,16.36,2.87,2.43,18.8,64.71,4.42,50.0,3.76,88.24,15.48,71.43,1.11,60.0,15.23,27.83,0.12,0.88,0.0,0.0,0.0,0.0,0.88,1.55,42.86,2.43,36.36,0.0,0.0,0.66,0.66,2.21,80.0,56.52,5.09,0,,0,,0,0.0,0.0,0.0,,,0.0,,4.2,0.22,0.22,0.0,0.0,1,100.0
J. D'Arrigo,Jhamir Adriánper D'Arrigo Huanca,-170133,Melgar,Melgar,https://cdn5.wyscout.com/photos/team/public/546_120x120.png,Primera División,"LB, RWB, LAMF",LB,36,RWB,14,LAMF,12,26.0,1999-11-15,0,,17,405,0,0.11,0,0.21,16.0,54.17,Peru,['Peru'],right,168,63,False,6.89,4.89,59.09,0.89,75.0,0.44,0.79,0.22,3.56,6.32,2.22,2,0.44,0,0.0,2.0,0.0,0,0.0,0.03,0,0.0,3,0.67,0.0,0.0,0.0,1.33,50.0,1.11,60.0,0.22,0.0,0.0,2.22,60.0,7.5600000000000005,50.0,0.22,0.89,0.44,16.89,1.56,0.89,24.67,78.38,8.0,58.33,5.33,91.67,22.0,81.82,1.33,50.0,15.59,10.38,0.05,0.67,0.0,0.0,0.0,0.0,0.22,3.11,42.86,1.78,62.5,0.0,0.0,0.67,0.44,3.11,92.86,90.32,6.89,0,,0,,0,0.0,0.0,0.0,,,1.11,,0.89,0.0,0.0,0.0,0.0,0,0.0
L. Díaz,Leonardo Díaz Laffore,-78857,Sporting Cristal,Sporting Cristal,https://cdn5.wyscout.com/photos/team/public/541_120x120.png,Primera División,"LCB, LCB3",LCB,62,LCB3,26,,0,22.0,2004-03-19,350000,,7,396,0,0.19,0,0.0,12.27,59.26,Peru,['Peru'],left,185,86,False,10.45,4.77,66.67,4.55,65.0,0.45,0.78,1.3599999999999999,6.82,11.69,0.68,0,0.0,0,0.0,0.0,0.0,0,0.0,0.04,0,0.0,1,0.23,0.0,0.0,0.0,0.0,0.0,0.0,0.0,0.0,0.0,0.0,0.0,0.0,1.5899999999999999,28.57,0.23,0.45,0.0,36.82,1.5899999999999999,0.68,50.91,88.84,23.64,81.73,3.41,93.33,43.41,94.24,7.5,57.58,21.26,37.24,0.0,0.0,0.0,0.0,0.0,0.0,0.0,3.64,56.25,0.23,0.0,0.23,100.0,0.0,0.0,7.95,68.57,96.63,20.23,0,,0,,0,0.0,0.0,0.0,,,2.5,,4.55,0.0,0.0,0.0,0.0,0,0.0
N. Díaz,Nicolás Andrés Díaz Huincales,481731,Alianza Lima,Alianza Lima,https://cdn5.wyscout.com/photos/team/public/551_120x120.png,Primera División,LB,LB,94,,0,,0,27.0,1999-05-20,0,2027-06-30,5,390,0,0.30000000000000004,0,1.07,12.23,47.17,Chile,['Chile'],left,180,73,True,7.15,5.31,47.83,1.85,50.0,0.46,0.8200000000000001,0.46,4.15,7.4,1.38,2,0.46,0,0.0,3.92,0.0,0,0.0,0.07,0,0.0,2,0.46,50.0,0.0,0.0,3.69,81.25,3.23,85.71,0.46,50.0,0.0,0.92,75.0,4.15,44.44,1.38,0.92,0.46,32.77,2.77,1.15,45.46,83.76,14.08,68.85,9.46,97.56,39.0,85.21,3.23,71.43,15.31,33.03,0.25,1.85,0.0,0.23,0.0,0.0,1.62,6.0,88.46,3.46,86.67,0.0,0.0,0.46,2.77,11.08,72.92,87.88,15.23,0,,0,,0,0.0,0.0,0.0,,,0.6900000000000001,,1.85,0.0,0.0,0.0,0.0,0,0.0
J. Ataupillco,José María Ataupillco Portal,-247687,Atlético Grau,Atlético Grau,https://cdn5.wyscout.com/photos/team/public/3746_120x120.png,Primera División,LCB,LCB,94,,0,,0,25.0,2001-04-04,125000,,4,380,1,0.8300000000000001,0,0.0,14.45,60.66,Peru,['Peru'],left,185,77,False,7.58,7.11,76.67,4.97,47.62,0.47000000000000003,0.65,0.24,1.6600000000000001,2.2800000000000002,0.9500000000000001,2,0.47000000000000003,0,0.0,0.24,0.24,1,0.24,0.2,0,0.0,2,0.47000000000000003,50.0,50.0,0.0,0.0,0.0,0.0,0.0,0.0,0.0,0.0,0.0,0.0,0.24,0.0,0.47000000000000003,0.24,0.0,12.55,0.71,0.0,22.26,77.66,13.03,65.45,1.42,66.67,17.29,84.93,4.97,52.38,20.84,40.35,0.0,0.0,0.0,0.0,0.0,0.0,0.0,3.79,50.0,0.71,0.0,0.47000000000000003,0.0,0.0,0.0,4.5,57.89,100.0,5.45,0,,0,,0,0.0,0.0,0.0,,,0.71,,4.97,0.0,0.0,0.0,0.0,0,0.0
R. Díaz,Rolando Javier Díaz Cáceres,449938,Sport Boys,Sport Boys,https://cdn5.wyscout.com/photos/team/public/552_120x120.png,Primera División,"CF, RW",CF,44,RW,20,,0,27.0,1999-05-07,250000,2026-12-31,17,378,0,1.15,0,0.0,24.05,26.73,Peru,"['Peru', 'Cuba']",right,179,78,False,4.76,4.76,50.0,5.71,12.5,0.0,0.0,0.0,2.38,4.41,2.38,0,0.0,0,0.0,3.1,0.0,0,0.0,0.27,0,0.0,12,2.86,41.67,0.0,0.0,1.19,0.0,0.24,0.0,0.9500000000000001,0.0,0.24,3.81,50.0,10.48,25.0,3.1,2.38,0.48,13.1,1.43,0.48,16.9,67.61,5.48,60.87,3.33,92.86,13.57,80.7,2.14,22.22,21.1,21.7,0.0,0.24,0.24,0.0,0.0,0.0,0.0,1.9,37.5,1.19,20.0,0.0,0.0,0.24,0.24,3.5700000000000003,53.33,65.38,6.19,0,,0,,0,0.0,0.0,0.0,,,0.0,,5.71,0.0,0.0,0.0,0.0,0,0.0
J. Garcilazo,Jhojan Garcilazo,-722511,ADT,ADT,https://cdn5.wyscout.com/photos/team/public/g17201_120x120.png,Primera División,"RB, RWB, RW",RB,30,RWB,25,RW,24,21.0,2005-01-14,0,,7,376,0,0.38,1,0.0,12.45,28.85,Peru,['Peru'],,0,0,False,2.87,3.59,20.0,1.44,33.33,0.0,0.0,0.24,2.15,3.86,1.2,1,0.24,0,0.0,1.6800000000000002,0.0,0,0.0,0.09,0,0.0,3,0.72,33.33,0.0,0.24,3.11,7.69,0.0,0.0,3.11,7.69,1.2,2.39,50.0,6.7,35.71,1.9100000000000001,2.63,0.24,24.89,2.87,1.2,28.72,80.0,5.51,73.91,6.46,100.0,24.89,90.38,0.72,33.33,14.28,12.22,0.0,0.0,0.0,0.0,0.0,0.0,0.24,1.6800000000000002,71.43,1.6800000000000002,14.29,0.24,0.0,0.0,0.24,2.39,80.0,70.97,7.42,0,,0,,0,0.0,0.0,0.0,,,0.0,,1.44,0.0,0.0,0.0,0.0,0,0.0
H. Orzán,Horacio De Dios Orzán,221333,Melgar,Melgar,https://cdn5.wyscout.com/photos/team/public/546_120x120.png,Primera División,"DMF, RCB, LCB",DMF,40,RCB,19,LCB,13,38.0,1988-04-14,250000,2026-12-31,6,369,0,0.01,0,0.0,8.54,57.14,Argentina,"['Argentina', 'Peru']",right,177,74,False,7.5600000000000005,3.66,53.33,3.17,61.54,0.24,0.42,0.0,5.37,9.17,0.73,0,0.0,0,0.0,0.0,0.0,0,0.0,0.0,0,0.0,1,0.24,0.0,0.0,0.0,0.0,0.0,0.0,0.0,0.0,0.0,0.0,0.24,0.0,1.46,66.67,0.0,0.98,0.0,34.88,0.49,0.49,49.51,91.63,15.61,79.69,3.66,100.0,43.66,93.85,5.85,75.0,21.5,32.63,0.0,0.0,0.0,0.0,0.0,0.0,0.0,4.88,80.0,0.98,25.0,0.73,0.0,0.24,0.0,8.54,77.14,98.13,26.1,0,,0,,0,0.0,0.0,0.0,,,1.46,,3.17,0.0,0.0,0.0,0.0,0,0.0
A. Vasquez,Lisardo André Vasquez Pizarro,-63659,Los Chankas,Los Chankas,https://cdn5.wyscout.com/photos/team/public/g32259_120x120.png,Primera División,"AMF, RCMF3, LCMF3",AMF,24,RCMF3,21,LCMF3,14,23.0,2003-01-30,425000,2027-12-31,9,363,0,0.04,0,0.25,14.13,47.37,Peru,['Peru'],right,170,64,True,5.45,4.21,70.59,1.74,28.57,0.25,0.43,0.5,2.23,3.91,1.49,3,0.74,0,0.0,1.49,0.0,0,0.0,0.01,0,0.0,2,0.5,0.0,0.0,0.0,1.98,25.0,0.25,0.0,1.74,28.57,0.25,1.74,57.14,6.69,33.33,0.99,0.99,0.0,32.73,0.99,0.99,43.14,81.03,10.66,69.77,7.19,93.1,39.17,87.34,2.48,10.0,15.5,18.47,0.06,0.74,0.25,0.0,0.0,0.0,0.5,6.69,77.78,2.23,33.33,0.25,0.0,0.25,0.5,4.96,65.0,82.46,14.13,0,,0,,0,0.0,0.0,0.0,,,0.0,,1.74,0.25,0.0,0.0,0.74,0,0.0
Jhan Vega,Jhan Carlos  Vega Hidrogo,-809829,FC Cajamarca,FC Cajamarca,https://cdn5.wyscout.com/photos/team/public/g-25565_120x120.png,Primera División,"RB5, RB",RB5,51,RB,48,,0,24.0,2002-01-12,0,,4,359,0,0.04,0,0.0,13.29,52.83,Peru,['Peru'],right,172,0,False,11.28,8.27,66.67,0.75,33.33,1.25,1.65,0.0,4.51,5.93,0.5,0,0.0,0,0.0,1.0,0.0,0,0.0,0.01,0,0.0,2,0.5,50.0,0.0,0.0,1.5,33.33,0.0,0.0,1.5,33.33,0.5,0.25,100.0,3.01,25.0,0.0,0.75,0.0,16.55,1.5,0.25,26.07,73.08,11.28,66.67,2.51,90.0,21.06,79.76,3.76,46.67,20.37,28.62,0.0,0.0,0.0,0.0,0.0,0.0,0.0,5.52,59.09,3.26,23.08,1.0,25.0,0.25,0.5,6.27,76.0,80.65,7.77,0,,0,,0,0.0,0.0,0.0,,,0.0,,0.75,0.0,0.0,0.0,0.0,0,0.0
M. Hoyos,Michael Ryan Hoyos,110202,Sporting Cristal,Sporting Cristal,https://cdn5.wyscout.com/photos/team/public/541_120x120.png,Primera División,"CF, AMF",CF,75,AMF,24,,0,35.0,1991-08-02,750000,2027-12-31,7,359,3,1.6600000000000001,0,0.42,10.78,53.49,Argentina,"['Argentina', 'Ecuador']",left,181,78,False,0.75,0.5,0.0,4.26,76.47,0.0,0.0,0.0,0.75,1.2,1.0,1,0.25,0,0.0,2.01,0.75,3,0.75,0.41000000000000003,2,0.5,10,2.51,60.0,30.0,0.0,0.5,0.0,0.25,0.0,0.25,0.0,0.0,0.5,100.0,4.01,37.5,3.51,0.5,0.0,18.3,2.26,2.26,21.81,80.46,4.76,84.21,5.52,90.91,19.3,84.42,2.01,62.5,18.4,23.04,0.11,1.25,0.0,0.0,0.0,0.0,0.75,3.01,83.33,1.0,75.0,0.0,0.0,1.5,0.0,3.51,71.43,75.0,7.02,0,,0,,0,0.0,0.0,0.0,,,0.25,,4.26,0.0,0.0,0.0,0.0,0,0.0
C. Benavente,Cristian Benavente Bristol,180973,Sporting Cristal,Sporting Cristal,https://cdn5.wyscout.com/photos/team/public/541_120x120.png,Primera División,"AMF, LW, LCMF3",AMF,46,LW,28,LCMF3,11,32.0,1994-05-19,325000,2026-12-31,9,358,0,1.3900000000000001,0,0.08,11.56,43.48,Spain,"['Spain', 'Peru']",both,172,73,False,3.02,2.26,44.44,2.77,45.45,0.25,0.52,0.0,1.76,3.62,0.0,0,0.0,0,0.0,3.27,0.0,0,0.0,0.35000000000000003,0,0.0,9,2.26,22.22,0.0,0.0,3.02,41.67,1.01,50.0,2.01,37.5,0.5,1.76,85.71,5.78,39.13,4.78,2.26,0.0,27.4,2.01,1.01,33.94,77.78,7.79,77.42,7.29,86.21,28.66,84.21,2.26,44.44,20.31,41.41,0.02,0.5,0.5,0.25,0.0,0.0,0.25,4.27,76.47,3.02,25.0,0.25,0.0,0.75,1.01,4.27,94.12,78.95,14.33,0,,0,,0,0.0,0.0,0.0,,,0.0,,2.77,0.0,0.0,0.0,0.25,0,0.0
R. Sandoval,Ray Anderson Sandoval Baylón,-10097,Cienciano,Cienciano,https://cdn5.wyscout.com/photos/team/public/542_120x120.png,Primera División,"RAMF, AMF, LAMF",RAMF,28,AMF,24,LAMF,16,31.0,1995-02-13,0,2026-12-31,9,355,0,0.9400000000000001,0,0.1,14.7,41.38,Peru,['Peru'],right,174,72,False,2.03,1.27,60.0,1.77,28.57,0.25,0.44,0.0,1.01,1.76,0.25,1,0.25,0,0.0,2.2800000000000002,0.0,0,0.0,0.24,0,0.0,9,2.2800000000000002,11.11,0.0,0.0,4.31,5.88,0.51,0.0,3.8,6.67,0.51,2.79,63.64,10.65,45.24,2.79,2.54,0.0,20.03,1.77,2.79,25.1,68.69,6.34,64.0,4.82,94.74,20.03,82.28,1.01,50.0,24.43,13.04,0.03,0.25,0.0,0.0,0.0,0.0,0.0,3.3,84.62,3.55,7.14,0.0,0.0,0.51,0.25,3.04,75.0,55.88,8.62,0,,0,,0,0.0,0.0,0.0,,,0.25,,1.77,0.0,0.0,0.0,0.0,0,0.0
J. Ospina,Juan Diego Ospina Gómez,-184487,Los Chankas,Los Chankas,https://cdn5.wyscout.com/photos/team/public/g32259_120x120.png,Primera División,RCMF3,RCMF3,68,,0,,0,25.0,2001-05-18,100000,,9,355,0,0.01,0,0.30000000000000004,12.42,38.78,Colombia,['Colombia'],left,170,61,False,2.54,2.54,30.0,1.52,83.33,0.25,0.37,0.25,1.52,2.22,0.25,1,0.25,0,0.0,0.25,0.0,0,0.0,0.0,0,0.0,2,0.51,0.0,0.0,0.0,1.52,16.67,0.76,33.33,0.76,0.0,0.25,0.51,0.0,6.85,25.93,0.76,1.27,0.0,23.83,0.25,2.2800000000000002,33.21,80.15,10.9,67.44,4.31,88.24,29.15,85.22,2.54,60.0,18.33,23.86,0.08,1.27,0.0,0.0,0.0,0.0,0.76,5.32,66.67,3.55,21.43,0.51,0.0,0.51,0.25,5.32,76.19,82.98,11.92,0,,0,,0,0.0,0.0,0.0,,,0.25,,1.52,1.01,0.0,0.0,0.51,0,0.0
K. Ruíz,Kevin Alejandro Ruíz Rosales,334567,CD Moquegua,CD Moquegua,https://cdn5.wyscout.com/photos/team/public/g-25564_120x120.png,Primera División,"LW, LAMF, LCMF",LW,49,LAMF,20,LCMF,14,31.0,1995-02-14,325000,2026-12-31,9,353,2,0.6900000000000001,0,0.03,26.26,43.69,Peru,['Peru'],right,180,72,False,6.63,5.35,52.38,5.61,36.36,0.25,0.28,0.25,3.5700000000000003,3.96,2.04,0,0.0,0,0.0,1.78,0.51,2,0.51,0.18,1,0.25,8,2.04,50.0,25.0,0.0,0.25,0.0,0.25,0.0,0.0,0.0,0.25,1.27,60.0,11.22,36.36,1.78,1.53,0.25,11.47,0.76,2.04,20.4,67.5,7.39,55.17,4.08,93.75,17.85,74.29,2.29,22.22,12.97,20.69,0.01,0.76,0.0,0.0,0.0,0.0,0.25,3.5700000000000003,57.14,0.51,0.0,0.0,0.0,0.0,0.0,1.78,42.86,62.5,4.08,0,,0,,0,0.0,0.0,0.0,,,0.0,,5.61,0.0,0.0,0.0,0.0,0,0.0
S. Peralta,Said Peralta,-456484,ADT,ADT,https://cdn5.wyscout.com/photos/team/public/g17201_120x120.png,Primera División,"CF, AMF, RWF",CF,56,AMF,21,RWF,15,22.0,2003-11-07,0,2026-12-31,10,353,0,1.74,0,0.61,23.2,24.18,Peru,['Peru'],unknown,177,0,False,2.04,3.8200000000000003,20.0,6.88,22.22,0.0,0.0,0.51,1.27,2.34,3.31,1,0.25,0,0.0,1.27,0.0,0,0.0,0.44,0,0.0,8,2.04,25.0,0.0,0.0,1.02,25.0,0.51,0.0,0.51,50.0,0.0,0.76,66.67,8.67,26.47,2.29,0.76,0.0,10.71,0.51,1.27,15.81,74.19,3.5700000000000003,64.29,5.35,85.71,13.77,79.63,1.02,50.0,12.45,10.13,0.15,1.02,0.0,0.0,0.0,0.0,0.25,1.02,25.0,0.76,66.67,0.25,0.0,0.51,0.25,2.29,66.67,61.11,4.59,0,,0,,0,0.0,0.0,0.0,,,0.0,,6.88,0.0,0.0,0.0,0.0,0,0.0
C. García,Cristian Gabriel García,329366,Juan Pablo II College,Juan Pablo II College,https://cdn5.wyscout.com/photos/team/public/g-23170_120x120.png,Primera División,"DMF, LCMF",DMF,48,LCMF,34,,0,29.0,1996-07-22,300000,,9,346,0,0.0,0,0.0,14.05,57.41,Argentina,"['Argentina', 'Spain']",right,180,82,False,11.71,9.1,57.14,3.12,75.0,0.52,0.75,0.26,5.98,8.63,2.08,2,0.52,1,0.26,0.0,0.0,0,0.0,0.0,0,0.0,0,0.0,0.0,0.0,0.0,0.0,0.0,0.0,0.0,0.0,0.0,0.0,0.26,0.0,0.78,0.0,0.26,0.0,0.0,15.09,0.0,0.0,27.05,84.62,8.84,70.59,2.86,90.91,24.45,85.11,2.6,80.0,18.71,23.2,0.0,0.0,0.0,0.0,0.0,0.0,0.0,2.86,63.64,0.26,0.0,0.0,0.0,0.26,0.0,3.38,76.92,89.47,9.88,0,,0,,0,0.0,0.0,0.0,,,0.0,,3.12,0.0,0.0,0.0,0.0,0,0.0
J. Pereyra,Joaquín Alejandro Pereyra Cantero,395448,ADT,ADT,https://cdn5.wyscout.com/photos/team/public/g17201_120x120.png,Primera División,"CB, RCB, LCB3",CB,48,RCB,31,LCB3,14,32.0,1994-07-10,300000,2026-12-31,5,345,0,0.38,0,0.0,10.17,51.28,Uruguay,['Uruguay'],right,187,85,False,4.96,4.7,44.44,3.91,60.0,0.0,0.0,0.78,2.87,5.24,0.78,0,0.0,1,0.26,0.26,0.0,0,0.0,0.1,0,0.0,3,0.78,33.33,0.0,0.0,0.0,0.0,0.0,0.0,0.0,0.0,0.0,0.0,0.0,0.78,66.67,1.3,0.0,0.0,22.7,0.52,0.52,33.91,83.85,14.35,70.91,1.04,100.0,27.39,89.52,6.52,60.0,23.19,36.22,0.0,0.0,0.0,0.0,0.0,0.0,0.0,4.96,57.89,0.26,100.0,0.0,0.0,0.78,0.0,6.52,68.0,96.67,15.65,0,,0,,0,0.0,0.0,0.0,,,0.52,,3.91,0.0,0.0,0.0,0.0,0,0.0
N. Loyola,Nilson Evair Loyola Morales,330358,Sport Boys,Sport Boys,https://cdn5.wyscout.com/photos/team/public/552_120x120.png,Primera División,"LCB3, LB",LCB3,54,LB,32,,0,31.0,1994-10-26,425000,2026-12-31,4,337,0,0.0,0,0.0,10.68,62.5,Peru,['Peru'],left,178,73,False,6.14,4.27,62.5,3.2,83.33,0.27,0.59,0.27,3.2,7.06,0.53,0,0.0,0,0.0,0.0,0.0,0,0.0,0.0,0,0.0,1,0.27,0.0,0.0,0.0,0.53,0.0,0.53,0.0,0.0,0.0,0.0,0.27,0.0,1.6,33.33,0.0,0.0,0.0,21.1,1.07,0.53,29.38,79.09,12.28,65.22,6.94,96.15,24.04,88.89,4.8100000000000005,38.89,20.0,35.0,0.0,0.0,0.0,0.0,0.0,0.0,0.0,4.01,40.0,1.07,0.0,0.53,0.0,0.0,0.0,4.27,56.25,85.19,7.21,0,,0,,0,0.0,0.0,0.0,,,0.53,,3.2,0.0,0.0,0.0,0.0,0,0.0
J. Gallardo,José Anthony Gallardo Flores,-124867,FC Cajamarca,FC Cajamarca,https://cdn5.wyscout.com/photos/team/public/g-25565_120x120.png,Primera División,RB,RB,100,,0,,0,25.0,2001-02-15,150000,2026-12-31,5,335,0,0.0,0,0.08,13.7,49.02,Peru,['Peru'],right,170,66,False,8.6,7.52,64.29,1.34,20.0,0.54,0.75,0.0,3.22,4.5,1.07,1,0.27,0,0.0,2.15,0.0,0,0.0,0.0,0,0.0,0,0.0,0.0,0.0,0.0,2.42,44.44,0.0,0.0,2.42,44.44,0.27,1.88,57.14,3.49,38.46,0.81,0.54,0.27,25.25,0.54,0.27,34.66,73.64,15.31,59.65,4.03,93.33,29.01,76.85,3.49,69.23,17.95,21.86,0.02,0.27,0.0,0.0,0.0,0.0,0.27,4.3,68.75,2.42,55.56,0.27,100.0,0.27,1.07,6.72,56.0,82.5,10.75,0,,0,,0,0.0,0.0,0.0,,,0.54,,1.34,0.0,0.0,0.0,0.0,0,0.0
R. Salazar,Renzo Salazar,-389124,Cienciano,Cienciano,https://cdn5.wyscout.com/photos/team/public/542_120x120.png,Primera División,"RWB, RB, RB5",RWB,37,RB,31,RB5,14,23.0,2003-04-09,0,2027-12-31,8,335,0,0.33,0,0.27,13.43,50.0,Peru,['Peru'],right,0,0,True,6.45,5.64,61.9,2.15,37.5,0.54,1.02,0.0,2.42,4.58,1.34,0,0.0,1,0.27,3.49,0.0,0,0.0,0.09,0,0.0,3,0.81,100.0,0.0,0.0,5.37,35.0,0.0,0.0,5.37,35.0,0.27,1.34,60.0,4.03,33.33,1.07,0.54,0.0,20.96,2.69,1.07,29.01,67.59,11.28,52.38,4.03,93.33,18.81,82.86,4.84,44.44,19.12,19.52,0.07,1.07,0.0,0.0,0.0,0.0,0.27,3.22,58.33,5.64,42.86,0.0,0.0,0.27,2.15,9.13,70.59,66.67,9.67,0,,0,,0,0.0,0.0,0.0,,,0.27,,2.15,0.0,0.0,0.0,0.0,0,0.0
A. Corzo,Aldo Sebastián Corzo Chávez,23837,Universitario,Universitario,https://cdn5.wyscout.com/photos/team/public/540_120x120.png,Primera División,RCB3,RCB3,94,,0,,0,37.0,1989-05-20,375000,2026-12-31,5,321,0,0.21,0,0.0,10.65,68.42,Peru,['Peru'],right,173,75,False,7.29,5.33,68.42,2.8,60.0,0.28,0.51,0.28,3.36,6.1,0.84,1,0.28,0,0.0,0.28,0.0,0,0.0,0.06,0,0.0,1,0.28,0.0,0.0,0.0,0.56,50.0,0.0,0.0,0.56,50.0,0.0,0.0,0.0,0.84,66.67,0.56,0.84,0.0,23.83,0.56,1.12,33.08,88.14,14.86,81.13,1.6800000000000002,83.33,29.16,91.35,3.36,66.67,16.6,26.34,0.0,0.0,0.0,0.0,0.0,0.0,0.0,5.33,78.95,0.56,100.0,0.28,100.0,0.28,0.28,6.17,81.82,100.0,8.97,0,,0,,0,0.0,0.0,0.0,,,0.56,,2.8,0.0,0.0,0.0,0.0,0,0.0
M. Carranza,Miguel Alexander Carranza Macahuachi,342447,,Comerciantes Unidos,,,"LAMF, RAMF, RW",LAMF,27,RAMF,25,RW,11,30.0,1995-11-03,250000,,7,315,0,0.04,0,0.21,17.71,41.94,Peru,['Peru'],right,165,62,False,3.43,3.71,61.54,2.5700000000000003,33.33,0.5700000000000001,1.09,0.0,0.5700000000000001,1.09,0.5700000000000001,0,0.0,0,0.0,1.43,0.0,0,0.0,0.01,0,0.0,1,0.29,0.0,0.0,0.0,0.86,33.33,0.29,0.0,0.5700000000000001,50.0,0.29,2.0,57.14,8.57,40.0,1.43,1.43,0.29,10.57,0.29,1.71,18.57,66.15,6.0,38.1,3.43,91.67,15.43,70.37,2.29,50.0,16.22,21.97,0.06,1.1400000000000001,0.0,0.0,0.29,0.0,0.29,3.43,41.67,2.86,40.0,0.5700000000000001,0.0,1.1400000000000001,0.29,2.5700000000000003,77.78,80.0,4.29,0,,0,,0,0.0,0.0,0.0,,,0.0,,2.5700000000000003,0.0,0.0,0.0,1.1400000000000001,0,0.0
Adriano Espinoza,Adriano Espinoza,-99245,Juan Pablo II College,Juan Pablo II College,https://cdn5.wyscout.com/photos/team/public/g-23170_120x120.png,Primera División,"LB5, LB, LWB",LB5,49,LB,31,LWB,18,21.0,2005-01-01,0,,7,313,0,0.04,0,0.48,12.65,52.27,Peru,['Peru'],,0,0,False,8.91,7.48,53.85,1.44,40.0,0.0,0.0,0.0,4.89,6.3,1.15,0,0.0,0,0.0,1.15,0.0,0,0.0,0.01,0,0.0,2,0.58,0.0,0.0,0.0,0.58,0.0,0.58,0.0,0.0,0.0,0.29,2.59,44.44,2.59,44.44,0.86,0.86,0.0,12.08,1.73,0.0,18.98,69.7,7.76,70.37,2.88,80.0,16.1,80.36,2.3,12.5,14.28,16.05,0.14,0.29,0.0,0.0,0.0,0.0,0.29,0.58,50.0,0.29,0.0,0.0,0.0,0.29,0.29,2.59,44.44,57.14,4.03,0,,0,,0,0.0,0.0,0.0,,,0.0,,1.44,0.0,0.0,0.0,0.0,0,0.0
É. Hermoza,Éder Alberto Hermoza Guevara,23824,Alianza Atlético,Alianza Atlético,https://cdn5.wyscout.com/photos/team/public/545_120x120.png,Primera División,GK,GK,100,,0,,0,36.0,1990-04-04,50000,2026-12-31,3,313,0,0.0,0,0.0,0.29,0.0,Peru,['Peru'],right,179,78,False,1.15,0.0,0.0,0.29,0.0,0.0,0.0,0.0,1.15,1.67,0.0,1,0.29,0,0.0,0.0,0.0,0,0.0,0.0,0,0.0,0,0.0,0.0,0.0,0.0,0.0,0.0,0.0,0.0,0.0,0.0,0.0,0.0,0.0,0.0,0.0,0.0,0.29,0.29,6.04,0.29,0.0,11.79,75.61,6.61,60.87,0.0,0.0,6.9,95.83,4.89,47.06,33.04,49.61,0.0,0.0,0.0,0.0,0.0,0.0,0.0,1.15,0.0,0.29,0.0,0.0,0.0,0.0,0.0,3.16,54.55,94.12,4.89,4,1.15,14,4.03,1,71.43,2.39,0.6900000000000001,-1.6099999999999999,-0.463,0.0,1.73,0.29,,,,0.0,0,0.0
R. Suárez,Renato  Mijhael Suárez García,-456481,FC Cajamarca,FC Cajamarca,https://cdn5.wyscout.com/photos/team/public/g-25565_120x120.png,Primera División,"RB, RCB3",RB,89,RCB3,10,,0,22.0,2004-04-30,0,,3,313,0,0.01,0,0.0,9.49,45.45,Peru,['Peru'],unknown,188,0,False,6.9,6.04,47.62,1.15,25.0,0.29,0.41000000000000003,0.58,3.74,5.27,2.01,2,0.58,0,0.0,0.86,0.0,0,0.0,0.0,0,0.0,1,0.29,0.0,0.0,0.0,1.44,20.0,0.0,0.0,1.44,20.0,0.0,0.86,66.67,2.01,42.86,0.0,0.58,0.0,11.79,0.86,0.29,18.12,85.71,7.48,80.77,2.3,100.0,14.95,96.15,2.3,50.0,22.77,45.41,0.0,0.29,0.0,0.29,0.0,0.0,0.0,2.59,66.67,1.15,25.0,0.0,0.0,0.0,0.29,2.88,70.0,87.5,4.6,0,,0,,0,0.0,0.0,0.0,,,0.0,,1.15,0.0,0.0,0.0,0.0,0,0.0
J. Núñez,Jhosep Joel Anderson Núñez Quintana,-319363,UTC Cajamarca,UTC Cajamarca,https://cdn5.wyscout.com/photos/team/public/g6809_120x120.png,Primera División,"LCMF3, LAMF, LW",LCMF3,34,LAMF,20,LW,13,22.0,2003-11-04,0,,13,312,2,0.81,1,0.27,17.31,63.33,Peru,['Peru'],right,0,0,False,6.06,5.19,72.22,0.29,100.0,0.0,0.0,0.0,2.31,5.11,1.73,1,0.29,0,0.0,4.9,0.58,2,0.58,0.23,0,0.0,9,2.6,33.33,22.222,0.29,2.02,57.14,1.44,60.0,0.58,50.0,0.29,3.46,83.33,10.1,60.0,2.88,2.88,0.0,22.21,1.73,2.88,26.25,78.02,7.5,73.08,6.92,87.5,22.79,83.54,1.44,20.0,15.53,13.41,0.08,1.73,0.0,0.29,0.0,0.0,0.58,3.46,58.33,2.6,33.33,0.0,0.0,0.0,1.44,4.04,71.43,72.0,7.21,0,,0,,0,0.0,0.0,0.0,,,0.0,,0.29,0.0,0.0,0.0,0.0,0,0.0
G. Choi,Gu Rum Choi Guevara,-81286,Cusco,Cusco,https://cdn5.wyscout.com/photos/team/public/3745_120x120.png,Primera División,RCB,RCB,95,,0,,0,27.0,1998-08-22,0,,4,309,0,0.0,0,0.0,6.7,47.83,Peru,['Peru'],both,185,78,False,7.57,2.62,44.44,2.91,50.0,0.29,0.43,0.87,6.12,9.0,0.29,0,0.0,0,0.0,0.0,0.0,0,0.0,0.0,0,0.0,0,0.0,0.0,0.0,0.0,0.0,0.0,0.0,0.0,0.0,0.0,0.0,0.0,0.0,0.0,0.0,0.0,0.0,0.0,28.54,0.29,0.0,36.41,89.6,12.82,84.09,2.04,100.0,33.2,91.23,3.2,72.73,34.7,47.51,0.0,0.0,0.0,0.0,0.0,0.0,0.0,3.2,63.64,0.0,0.0,0.0,0.0,0.0,0.0,6.99,62.5,91.3,20.1,0,,0,,0,0.0,0.0,0.0,,,1.75,,2.91,0.0,0.0,0.0,0.0,0,0.0
F. Zanelatto,Franco Zanelatto Téllez,-62848,Melgar,Melgar,https://cdn5.wyscout.com/photos/team/public/546_120x120.png,Primera División,"RWF, CF, LW",RWF,26,CF,15,LW,13,26.0,2000-05-09,850000,2026-12-31,10,305,0,0.41000000000000003,1,0.18,14.75,54.0,Paraguay,"['Paraguay', 'Peru']",right,175,66,False,4.43,3.54,66.67,2.66,55.56,0.0,0.0,0.0,2.07,3.62,0.59,1,0.30000000000000004,0,0.0,2.95,0.0,0,0.0,0.12,0,0.0,5,1.48,20.0,0.0,0.30000000000000004,2.66,44.44,0.89,33.33,1.77,50.0,0.59,1.77,83.33,5.9,60.0,4.43,1.48,0.89,13.87,1.48,1.77,16.52,78.57,2.95,60.0,3.54,91.67,13.87,85.11,0.0,0.0,19.12,0.0,0.05,0.59,0.0,0.0,0.0,0.0,0.30000000000000004,0.89,66.67,1.48,60.0,0.0,0.0,0.30000000000000004,1.18,1.77,66.67,83.33,5.31,0,,0,,0,0.0,0.0,0.0,,,0.0,,2.66,0.0,0.0,0.0,0.30000000000000004,0,0.0
R. Figueroa,Renzo Figueroa,-808575,CD Moquegua,CD Moquegua,https://cdn5.wyscout.com/photos/team/public/g-25564_120x120.png,Primera División,GK,GK,100,,0,,0,27.0,1998-09-12,0,,3,303,0,0.0,0,0.0,1.49,40.0,Peru,['Peru'],unknown,184,0,False,2.9699999999999998,0.59,50.0,0.89,33.33,0.0,0.0,0.0,2.67,4.09,0.30000000000000004,1,0.30000000000000004,0,0.0,0.0,0.0,0,0.0,0.0,0,0.0,0,0.0,0.0,0.0,0.0,0.0,0.0,0.0,0.0,0.0,0.0,0.0,0.0,0.0,0.0,0.0,0.0,0.0,0.0,7.13,0.0,0.30000000000000004,13.96,82.98,8.02,70.37,0.0,0.0,8.02,100.0,5.94,60.0,35.76,52.83,0.0,0.0,0.0,0.0,0.0,0.0,0.0,1.78,33.33,0.0,0.0,0.0,0.0,0.0,0.0,3.86,84.62,100.0,5.94,5,1.49,18,5.35,0,72.22,5.84,1.73,0.84,0.25,0.0,2.08,0.89,,,,0.0,0,0.0
J. Mendieta,Jesús Alexander Mendieta Rojas,399023,Alianza Atlético,Alianza Atlético,https://cdn5.wyscout.com/photos/team/public/545_120x120.png,Primera División,"LB, LCB, LDMF",LB,39,LCB,20,LDMF,13,28.0,1998-04-11,400000,,9,300,0,0.01,0,0.21,11.7,46.15,Peru,['Peru'],left,174,66,False,5.1,3.6,41.67,2.1,42.86,0.0,0.0,0.6000000000000001,3.6,5.14,0.6000000000000001,0,0.0,0,0.0,1.8,0.0,0,0.0,0.0,0,0.0,3,0.9,0.0,0.0,0.0,1.2,50.0,1.2,50.0,0.0,0.0,0.0,2.1,57.14,3.3,54.55,0.6000000000000001,0.30000000000000004,0.0,14.7,1.2,0.9,21.6,75.0,8.4,60.71,3.3,100.0,17.7,83.05,2.7,33.33,12.01,14.85,0.06,1.2,0.0,0.0,0.0,0.0,0.30000000000000004,3.3,63.64,1.2,25.0,0.30000000000000004,0.0,0.0,0.9,4.5,66.67,90.48,6.3,0,,0,,0,0.0,0.0,0.0,,,0.6000000000000001,,2.1,1.5,0.6000000000000001,0.0,0.6000000000000001,0,0.0
H. Calcaterra,Horacio Martín Calcaterra,176389,Universitario,Universitario,https://cdn5.wyscout.com/photos/team/public/540_120x120.png,Primera División,RCMF3,RCMF3,78,,0,,0,37.0,1989-02-22,325000,2026-12-31,9,294,0,0.33,0,0.25,16.84,41.82,Argentina,"['Argentina', 'Peru']",right,176,72,False,5.82,4.59,60.0,1.22,0.0,0.92,1.45,0.31,2.14,3.39,0.92,1,0.31,0,0.0,3.37,0.0,0,0.0,0.1,0,0.0,6,1.8399999999999999,66.67,0.0,0.0,3.98,38.46,0.61,50.0,3.37,36.36,0.92,1.22,50.0,9.49,38.71,2.45,2.14,0.0,39.49,1.8399999999999999,2.45,51.43,81.55,13.78,71.11,10.41,91.18,42.55,88.49,5.2,58.82,19.58,24.19,0.08,0.92,0.0,0.0,0.0,0.0,0.31,7.96,73.08,5.2,70.59,0.31,100.0,2.45,1.8399999999999999,7.96,88.46,87.72,17.45,0,,0,,0,0.0,0.0,0.0,,,0.0,,1.22,0.0,0.0,0.0,0.92,0,0.0
J. Cuesta,Juan Manuel Cuesta Baena,-64433,Sporting Cristal,Sporting Cristal,https://cdn5.wyscout.com/photos/team/public/541_120x120.png,Primera División,"LAMF, RAMF",LAMF,70,RAMF,13,,0,24.0,2002-02-09,0,2028-06-30,4,290,0,0.41000000000000003,0,0.17,8.07,42.31,Colombia,['Colombia'],right,172,71,False,1.55,1.24,25.0,1.55,40.0,0.0,0.0,0.0,1.24,2.07,0.62,0,0.0,0,0.0,2.17,0.0,0,0.0,0.13,0,0.0,4,1.24,75.0,0.0,0.0,2.17,14.29,1.24,25.0,0.93,0.0,0.0,1.24,75.0,4.97,50.0,2.79,0.93,0.0,24.21,2.17,1.55,27.31,70.45,7.45,58.33,6.83,95.45,22.03,77.46,3.1,60.0,17.69,45.27,0.05,0.62,0.0,0.0,0.0,0.0,0.31,3.1,40.0,2.17,14.29,0.0,0.0,0.62,0.0,3.7199999999999998,75.0,60.87,7.14,0,,0,,0,0.0,0.0,0.0,,,0.0,,1.55,0.0,0.0,0.0,0.31,0,0.0
C. Velarde,Christian Martín Velarde Arrunátegui,449570,Los Chankas,Los Chankas,https://cdn5.wyscout.com/photos/team/public/g32259_120x120.png,Primera División,"DMF, LCMF, LCMF3",DMF,37,LCMF,25,LCMF3,15,28.0,1998-06-20,275000,2026-12-31,7,281,0,0.15,1,0.12,24.02,38.67,Peru,['Peru'],right,178,74,False,9.61,7.05,36.36,3.52,63.64,0.96,1.5,0.96,6.09,9.5,2.88,3,0.96,0,0.0,1.92,0.0,0,0.0,0.05,0,0.0,5,1.6,20.0,0.0,0.32,1.28,50.0,0.0,0.0,1.28,50.0,0.32,1.92,50.0,10.25,34.38,0.64,0.96,0.0,22.1,0.32,1.28,31.07,83.51,10.25,71.88,4.48,85.71,26.58,89.16,3.2,50.0,13.55,24.11,0.04,0.32,0.0,0.0,0.0,0.0,0.32,4.16,53.85,1.6,40.0,0.0,0.0,0.0,0.64,5.12,75.0,87.5,10.25,0,,0,,0,0.0,0.0,0.0,,,0.0,,3.52,0.0,0.0,0.0,0.0,0,0.0
Y. Murillo,Yonatan Yovanny Murillo Alegría,186137,Sport Huancayo,Sport Huancayo,https://cdn5.wyscout.com/photos/team/public/1671_120x120.png,Primera División,"LCB, LCB3",LCB,66,LCB3,33,,0,34.0,1992-07-05,350000,2026-12-31,6,279,0,0.0,0,0.0,7.1,63.64,Colombia,['Colombia'],left,183,70,False,7.42,3.87,58.33,2.58,75.0,0.0,0.0,0.65,5.16,6.08,1.29,1,0.32,0,0.0,0.32,0.0,0,0.0,0.0,0,0.0,0,0.0,0.0,0.0,0.0,0.32,100.0,0.32,100.0,0.0,0.0,0.0,0.0,0.0,0.32,0.0,0.0,0.0,0.0,15.81,0.32,0.0,24.19,77.33,13.23,70.73,1.94,100.0,18.71,89.66,5.16,31.25,21.95,35.59,0.0,0.0,0.0,0.0,0.0,0.0,0.0,3.87,41.67,0.65,50.0,0.0,0.0,0.0,0.32,4.84,73.33,82.61,7.42,0,,0,,0,0.0,0.0,0.0,,,0.65,,2.58,0.0,0.0,0.0,0.0,0,0.0
C. Valladolid,Christian Jahir Valladolid Paredes,-131578,Alianza Atlético,Alianza Atlético,https://cdn5.wyscout.com/photos/team/public/545_120x120.png,Primera División,"CF, RAMF, LWF",CF,53,RAMF,22,LWF,11,22.0,2004-04-29,0,,6,276,1,1.16,0,0.43,16.96,30.77,Peru,['Peru'],,0,0,False,3.26,3.91,58.33,1.63,20.0,0.33,0.48,0.0,0.65,0.9500000000000001,1.63,1,0.33,0,0.0,2.93,0.33,1,0.33,0.38,0,0.0,6,1.96,83.33,16.667,0.0,1.63,20.0,0.33,0.0,1.3,25.0,0.0,3.26,30.0,8.48,15.38,2.61,1.3,0.33,12.72,1.63,0.0,15.0,76.09,2.93,55.56,5.22,93.75,12.39,84.21,0.98,66.67,13.59,10.88,0.14,0.65,0.0,0.0,0.0,0.0,0.65,1.96,83.33,1.63,60.0,0.0,0.0,0.65,0.33,1.96,66.67,71.43,4.57,0,,0,,0,0.0,0.0,0.0,,,0.0,,1.63,0.0,0.0,0.0,0.0,0,0.0
Josué Canova,Josué Aaron Canova Silva,-676378,Pirata,Juan Pablo II College,https://cdn5.wyscout.com/photos/team/public/g-9300_120x120.png,Segunda División,"RB, LB, CF",RB,31,LB,31,CF,18,21.0,2004-10-06,0,2027-12-31,7,275,0,0.11,0,0.0,14.73,64.44,Peru,['Peru'],right,0,0,True,9.16,6.55,65.0,1.31,50.0,1.31,2.18,0.33,3.6,6.0,0.65,0,0.0,1,0.33,2.62,0.0,0,0.0,0.04,0,0.0,4,1.31,25.0,0.0,0.0,2.29,14.29,0.33,0.0,1.96,16.67,0.33,2.62,75.0,4.91,73.33,0.98,1.6400000000000001,0.33,14.73,2.29,1.31,26.18,78.75,5.89,66.67,5.5600000000000005,100.0,22.25,85.29,1.96,66.67,17.03,23.55,0.0,0.0,0.0,0.0,0.0,0.0,0.0,0.65,50.0,1.6400000000000001,40.0,0.0,0.0,0.65,0.65,1.96,50.0,83.33,9.82,0,,0,,0,0.0,0.0,0.0,,,0.33,,1.31,0.0,0.0,0.0,0.0,0,0.0
E. Gonzáles,Erick Paul Gonzáles Aponte,293574,Sport Boys,Sport Boys,https://cdn5.wyscout.com/photos/team/public/552_120x120.png,Primera División,"LDMF, RCMF, DMF",LDMF,34,RCMF,25,DMF,18,30.0,1996-04-11,350000,2026-12-31,10,267,0,0.0,0,0.14,13.15,43.59,Peru,['Peru'],right,190,84,False,5.39,7.42,45.45,3.71,45.45,0.0,0.0,0.0,2.02,3.4,3.37,0,0.0,1,0.34,0.67,0.0,0,0.0,0.0,0,0.0,0,0.0,0.0,0.0,0.0,0.34,100.0,0.34,100.0,0.0,0.0,0.0,0.0,0.0,1.01,0.0,0.34,0.34,0.0,27.98,0.34,0.0,37.42,85.59,14.16,78.57,3.37,90.0,34.38,88.24,2.7,50.0,16.04,13.27,0.05,0.67,0.0,0.0,0.34,100.0,0.0,5.39,81.25,1.35,75.0,0.67,100.0,1.01,0.34,5.73,76.47,90.7,14.49,0,,0,,0,0.0,0.0,0.0,,,0.0,,3.71,0.0,0.0,0.0,0.0,0,0.0
J. Herrera,Joel Douglas Herrera Gonsalez,-78863,Cusco,Cusco,https://cdn5.wyscout.com/photos/team/public/3745_120x120.png,Primera División,"RW, LW",RW,41,LW,32,,0,22.0,2004-06-15,0,,9,265,1,0.23,0,0.23,17.32,50.98,Peru,['Peru'],right,170,65,False,3.74,3.4,60.0,1.7000000000000002,40.0,1.02,1.5,0.0,0.68,1.0,1.02,1,0.34,0,0.0,4.08,0.34,1,0.34,0.08,0,0.0,4,1.3599999999999999,25.0,25.0,0.0,2.7199999999999998,37.5,0.34,100.0,2.38,28.57,0.34,4.08,66.67,9.51,60.71,2.7199999999999998,1.02,0.68,14.26,2.38,2.04,20.04,74.58,4.08,83.33,6.11,88.89,16.98,82.0,0.34,0.0,12.45,4.97,0.08,0.34,0.0,0.0,0.0,0.0,0.34,0.34,100.0,0.68,0.0,0.0,0.0,0.0,0.68,1.3599999999999999,100.0,78.57,4.75,0,,0,,0,0.0,0.0,0.0,,,0.0,,1.7000000000000002,0.0,0.0,0.0,0.0,0,0.0
J. Torres,Josué Manuel Torres Llasca,-568682,Juan Pablo II College,Juan Pablo II College,https://cdn5.wyscout.com/photos/team/public/g-23170_120x120.png,Primera División,"LAMF, LW, LWF",LAMF,37,LW,27,LWF,14,22.0,2004-05-16,0,,5,264,2,0.62,0,0.0,16.7,44.9,Peru,['Peru'],right,170,0,False,3.75,5.45,37.5,2.39,57.14,0.68,0.9400000000000001,0.34,1.02,1.4100000000000001,2.05,1,0.34,0,0.0,2.05,0.68,2,0.68,0.21,0,0.0,4,1.3599999999999999,50.0,50.0,0.0,1.02,66.67,0.68,50.0,0.34,100.0,0.0,1.02,66.67,7.16,47.62,2.73,0.34,0.0,19.77,2.39,2.05,22.84,82.09,5.8,76.47,6.48,94.74,20.45,83.33,1.3599999999999999,75.0,17.84,24.15,0.0,0.0,0.34,0.0,0.0,0.0,0.34,2.39,42.86,1.02,66.67,0.0,0.0,0.34,0.68,2.39,71.43,76.19,7.16,0,,0,,0,0.0,0.0,0.0,,,0.34,,2.39,0.0,0.0,0.0,0.0,0,0.0
F. Castelli,Facundo Castelli,351381,Deportivo Garcilaso,Deportivo Garcilaso,https://cdn5.wyscout.com/photos/team/public/g37890_120x120.png,Primera División,CF,CF,100,,0,,0,31.0,1995-02-18,800000,2027-12-31,6,263,1,1.9300000000000002,1,0.5,16.77,51.02,Argentina,['Argentina'],right,183,78,True,5.82,3.42,60.0,5.13,53.33,0.0,0.0,0.0,3.76,5.59,2.4,1,0.34,0,0.0,1.37,0.34,0,0.0,0.66,0,0.0,7,2.4,42.86,14.286,0.34,0.68,0.0,0.68,0.0,0.0,0.0,0.0,1.03,33.33,5.48,43.75,3.08,0.68,0.0,9.24,3.76,2.74,13.0,71.05,2.4,57.14,3.76,81.82,11.98,77.14,0.34,0.0,16.83,4.87,0.17,1.03,0.0,0.0,0.0,0.0,0.68,1.03,66.67,0.68,50.0,0.0,0.0,0.34,0.0,1.71,60.0,72.73,3.76,0,,0,,0,0.0,0.0,0.0,,,0.0,,5.13,0.0,0.0,0.0,0.0,1,100.0
A. Vidal,Andy Gabriel Vidal Chihuán,240934,Cusco,Cusco,https://cdn5.wyscout.com/photos/team/public/3745_120x120.png,Primera División,GK,GK,100,,0,,0,32.0,1994-08-23,300000,2026-12-31,3,263,0,0.0,0,0.0,1.03,66.67,Peru,['Peru'],left,194,88,False,1.03,0.34,0.0,0.0,0.0,0.0,0.0,0.0,1.03,1.3599999999999999,0.34,0,0.0,0,0.0,0.0,0.0,0,0.0,0.0,0,0.0,0,0.0,0.0,0.0,0.0,0.0,0.0,0.0,0.0,0.0,0.0,0.0,0.0,0.0,0.34,100.0,0.0,0.0,0.0,13.35,0.0,0.34,23.95,81.43,13.0,73.68,0.0,0.0,15.74,93.48,8.21,58.33,26.92,39.62,0.0,0.0,0.0,0.0,0.0,0.0,0.0,1.03,0.0,0.34,0.0,0.0,0.0,0.0,0.0,4.11,50.0,93.1,9.92,7,2.4,22,7.53,0,68.18,6.51,2.23,-0.49,-0.168,0.0,2.74,0.0,,,,0.0,0,0.0
A. Campos,Accel Roberto Campos Segura,410549,Los Chankas,Los Chankas,https://cdn5.wyscout.com/photos/team/public/g32259_120x120.png,Primera División,"LCMF3, RCMF3",LCMF3,53,RCMF3,46,,0,29.0,1997-07-31,250000,2026-12-31,4,261,0,0.14,0,0.18,13.45,53.85,Peru,['Peru'],right,170,63,False,4.14,2.41,42.86,1.03,100.0,0.0,0.0,0.34,3.1,4.35,1.38,1,0.34,0,0.0,2.76,0.0,0,0.0,0.05,0,0.0,3,1.03,33.33,0.0,0.0,1.38,50.0,1.03,66.67,0.34,0.0,0.34,2.07,83.33,9.31,51.85,1.38,1.38,0.0,16.55,1.38,2.07,23.1,80.6,6.9,75.0,6.9,85.0,21.03,83.61,1.03,66.67,16.62,39.89,0.06,0.34,0.6900000000000001,0.0,0.0,0.0,0.34,4.14,75.0,1.72,40.0,0.0,0.0,0.0,0.34,4.14,66.67,88.89,6.21,0,,0,,0,0.0,0.0,0.0,,,0.0,,1.03,0.34,0.0,0.0,0.34,0,0.0
S. Pineau,Sebastien Gerard Pineau Flores,-154353,FC Cajamarca,FC Cajamarca,https://cdn5.wyscout.com/photos/team/public/g-25565_120x120.png,Primera División,CF,CF,90,,0,,0,23.0,2003-01-20,100000,,8,255,1,0.42,0,0.0,22.24,34.92,Chile,"['Chile', 'Peru']",right,188,78,False,4.59,5.65,62.5,8.82,28.0,0.0,0.0,0.0,1.06,1.88,2.47,0,0.0,0,0.0,0.71,0.35000000000000003,1,0.35000000000000003,0.15,1,0.35000000000000003,3,1.06,33.33,33.333,0.0,0.35000000000000003,100.0,0.35000000000000003,100.0,0.0,0.0,0.0,0.71,0.0,4.59,15.38,2.47,0.71,0.0,5.65,1.4100000000000001,0.71,6.35,44.44,1.4100000000000001,0.0,2.8200000000000003,62.5,6.0,41.18,0.0,0.0,11.45,0.0,0.0,0.0,0.0,0.0,0.0,0.0,0.0,0.71,0.0,0.0,0.0,0.0,0.0,0.35000000000000003,0.35000000000000003,0.35000000000000003,0.0,100.0,1.06,0,,0,,0,0.0,0.0,0.0,,,0.0,,8.82,0.0,0.0,0.0,0.0,0,0.0
A. Hidalgo,Alexander Anderson Hidalgo Jorge,-563437,ADT,ADT,https://cdn5.wyscout.com/photos/team/public/g17201_120x120.png,Primera División,"LB, LWF",LB,71,LWF,19,,0,23.0,2003-05-16,0,2026-12-31,6,252,0,0.0,0,0.13,11.79,54.55,Peru,['Peru'],unknown,0,0,False,4.29,3.5700000000000003,50.0,1.07,33.33,0.71,1.43,0.36,1.79,3.5700000000000003,1.07,0,0.0,0,0.0,2.86,0.0,0,0.0,0.0,0,0.0,0,0.0,0.0,0.0,0.0,2.5,57.14,2.5,57.14,0.0,0.0,0.71,1.43,100.0,5.71,68.75,0.71,1.79,0.0,26.43,3.93,2.5,33.21,78.49,9.64,59.26,6.79,100.0,27.86,87.18,2.86,12.5,19.83,30.58,0.05,0.71,0.0,0.0,0.0,0.0,0.71,2.86,50.0,3.21,55.56,0.71,0.0,0.71,1.43,5.71,75.0,77.14,12.5,0,,0,,0,0.0,0.0,0.0,,,0.71,,1.07,0.0,0.0,0.0,0.36,0,0.0
D. Porozo,Daniel Guillermo Porozo Valencia,290651,Sport Huancayo,Sport Huancayo,https://cdn5.wyscout.com/photos/team/public/1671_120x120.png,Primera División,"CF, AMF",CF,83,AMF,16,,0,28.0,1997-09-20,350000,2026-12-31,7,249,0,1.88,0,0.38,16.99,36.17,Ecuador,['Ecuador'],right,172,67,False,2.5300000000000002,2.5300000000000002,42.86,4.7,15.38,0.0,0.0,0.0,1.45,2.61,2.17,0,0.0,0,0.0,0.72,0.0,0,0.0,0.68,0,0.0,6,2.17,0.0,0.0,0.0,0.72,0.0,0.36,0.0,0.36,0.0,0.0,2.17,33.33,6.14,35.29,3.61,0.72,0.0,7.59,2.5300000000000002,1.08,12.65,68.57,2.5300000000000002,57.14,3.98,90.91,11.93,72.73,0.0,0.0,14.08,0.0,0.14,0.72,0.0,0.0,0.36,0.0,0.72,0.0,0.0,0.36,0.0,0.36,0.0,1.08,0.36,0.36,0.0,50.0,2.17,0,,0,,0,0.0,0.0,0.0,,,0.36,,4.7,0.0,0.0,0.0,0.0,0,0.0
F. Lora,Fabian Fabrizio Lora Saavedra,-473072,Sporting Cristal,Sporting Cristal,https://cdn5.wyscout.com/photos/team/public/541_120x120.png,Primera División,"LB, LB5",LB,88,LB5,11,,0,20.0,2005-08-30,0,,3,248,0,0.0,0,0.19,13.79,55.26,Peru,['Peru'],unknown,0,0,False,10.52,6.9,73.68,1.09,33.33,1.09,2.0,0.0,4.35,8.0,1.09,1,0.36,0,0.0,1.81,0.0,0,0.0,0.0,0,0.0,0,0.0,0.0,0.0,0.0,2.18,33.33,2.18,33.33,0.0,0.0,0.36,1.09,100.0,3.63,40.0,1.09,0.73,0.0,22.5,0.36,0.36,31.94,78.41,10.52,68.97,4.72,92.31,28.31,82.05,1.45,75.0,16.89,23.53,0.07,0.73,0.0,0.0,0.0,0.0,0.73,2.54,71.43,2.9,50.0,0.0,0.0,0.73,0.73,5.08,57.14,81.82,11.98,0,,0,,0,0.0,0.0,0.0,,,0.73,,1.09,0.0,0.0,0.0,0.0,0,0.0
H. Ancajima,Hugo Axell Ancajima Effio,-60892,Juan Pablo II College,Universitario,https://cdn5.wyscout.com/photos/team/public/g-23170_120x120.png,Primera División,"RWB, RB5, RCB3",RWB,47,RB5,35,RCB3,10,28.0,1998-02-10,325000,2026-12-31,5,235,0,0.01,0,0.41000000000000003,16.09,59.52,Peru,['Peru'],right,180,72,True,4.98,7.28,42.11,0.77,50.0,0.38,0.51,0.0,1.53,2.03,0.77,0,0.0,0,0.0,5.36,0.0,0,0.0,0.0,0,0.0,1,0.38,0.0,0.0,0.0,6.13,25.0,0.0,0.0,6.13,25.0,1.15,4.6,83.33,7.28,84.21,1.15,2.3,0.0,23.74,4.6,1.9100000000000001,33.7,73.86,9.96,61.54,4.98,100.0,23.74,90.32,3.83,50.0,17.94,33.74,0.16,1.53,0.0,0.0,0.0,0.0,0.38,1.9100000000000001,60.0,5.36,35.71,0.0,0.0,0.38,1.9100000000000001,5.74,60.0,67.86,10.72,0,,0,,0,0.0,0.0,0.0,,,0.0,,0.77,1.15,0.0,0.0,0.77,0,0.0
Ó. Pinto,Óscar Manuel Pinto Marín,-64488,Comerciantes Unidos,Comerciantes Unidos,https://cdn5.wyscout.com/photos/team/public/g17195_120x120.png,Primera División,"RAMF, RW, LWB",RAMF,26,RW,23,LWB,17,24.0,2002-01-20,375000,,8,231,0,0.44,0,0.0,21.04,37.04,Peru,['Peru'],right,179,74,False,2.34,3.9,40.0,2.73,57.14,0.0,0.0,0.0,0.78,1.3599999999999999,0.78,0,0.0,0,0.0,2.73,0.0,0,0.0,0.17,0,0.0,3,1.17,0.0,0.0,0.0,2.73,0.0,1.17,0.0,1.56,0.0,0.78,4.29,63.64,12.08,32.26,1.9500000000000002,3.51,0.78,16.36,2.73,0.78,19.48,68.0,6.62,58.82,3.12,100.0,15.19,82.05,1.56,50.0,30.47,11.58,0.0,0.0,0.0,0.0,0.39,0.0,0.0,3.9,70.0,3.51,11.11,0.39,0.0,0.0,0.0,5.06,84.62,62.5,6.23,0,,0,,0,0.0,0.0,0.0,,,0.0,,2.73,0.0,0.0,0.0,0.0,0,0.0
J. Goicochea,Juan Pablo Goicochea del Carpio,-154349,Juan Pablo II College,Juan Pablo II College,https://cdn5.wyscout.com/photos/team/public/g-23170_120x120.png,Primera División,"LW, LWF, RW",LW,45,LWF,39,RW,14,21.0,2005-01-12,0,2026-12-31,3,230,0,0.29,0,0.24,14.87,42.11,Peru,['Peru'],right,184,78,True,3.91,4.3,54.55,0.39,0.0,0.0,0.0,0.0,1.57,1.9,0.78,0,0.0,0,0.0,4.3,0.0,0,0.0,0.11,0,0.0,2,0.78,50.0,0.0,0.0,2.35,33.33,1.96,40.0,0.39,0.0,0.39,5.09,61.54,8.22,38.1,3.13,4.3,0.78,23.09,3.13,0.0,28.96,79.73,7.83,65.0,8.22,90.48,25.04,85.94,1.57,50.0,17.48,54.44,0.09,1.57,0.0,0.39,0.39,0.0,1.17,2.35,33.33,1.96,40.0,0.39,0.0,0.78,0.39,3.91,80.0,83.33,7.04,0,,0,,0,0.0,0.0,0.0,,,0.0,,0.39,0.0,0.0,0.0,0.0,0,0.0
Nicolás Leguizamón,Nicolás Leguizamón,443149,Juan Pablo II College,Juan Pablo II College,https://cdn5.wyscout.com/photos/team/public/g-23170_120x120.png,Primera División,CF,CF,97,,0,,0,31.0,1995-01-26,100000,,4,229,1,0.9500000000000001,0,0.13,9.43,45.83,Argentina,['Argentina'],right,181,73,False,1.18,0.0,0.0,5.9,66.67,0.0,0.0,0.39,1.18,1.6400000000000001,0.79,0,0.0,0,0.0,1.57,0.39,1,0.39,0.37,0,0.0,5,1.97,80.0,20.0,0.0,0.0,0.0,0.0,0.0,0.0,0.0,0.0,0.79,0.0,1.97,20.0,2.75,0.39,0.0,10.22,2.36,0.0,13.36,61.76,3.14,37.5,3.54,100.0,11.79,63.33,1.57,50.0,15.17,19.67,0.05,0.39,0.0,0.0,0.0,0.0,0.39,1.97,20.0,0.79,0.0,0.0,0.0,0.39,0.0,1.18,33.33,42.86,2.75,0,,0,,0,0.0,0.0,0.0,,,0.0,,5.9,0.0,0.0,0.0,0.0,0,0.0
J. Portales,Jefferson Carlos Portales Lavalle,-60883,Deportivo Garcilaso,Deportivo Garcilaso,https://cdn5.wyscout.com/photos/team/public/g37890_120x120.png,Primera División,"RCB, LCB, CB",RCB,70,LCB,16,CB,12,28.0,1997-11-29,300000,2026-12-31,6,228,0,0.0,0,0.0,7.89,20.0,Peru,['Peru'],right,194,83,False,4.74,2.76,28.57,2.76,14.29,0.0,0.0,0.0,3.95,5.17,0.79,0,0.0,0,0.0,0.0,0.0,0,0.0,0.0,0,0.0,0,0.0,0.0,0.0,0.0,0.0,0.0,0.0,0.0,0.0,0.0,0.0,0.39,0.0,0.39,0.0,0.0,0.0,0.0,11.05,0.0,0.0,20.92,79.25,8.29,61.9,1.18,100.0,17.76,84.44,3.16,50.0,15.56,20.56,0.0,0.0,0.0,0.0,0.0,0.0,0.0,1.18,0.0,0.0,0.0,0.0,0.0,0.0,0.0,3.95,30.0,92.0,9.87,0,,0,,0,0.0,0.0,0.0,,,1.18,,2.76,0.0,0.0,0.0,0.0,0,0.0
H. Bazán,Héctor Rodrigo Bazán Cieza,-129615,Juan Pablo II College,Juan Pablo II College,https://cdn5.wyscout.com/photos/team/public/g-23170_120x120.png,Primera División,"CF, RW, LCMF",CF,66,RW,17,LCMF,16,24.0,2001-11-15,0,,10,227,0,0.52,0,0.0,10.7,40.74,Peru,['Peru'],,0,0,False,2.7800000000000002,2.7800000000000002,42.86,2.38,33.33,0.4,0.79,0.4,1.19,2.37,0.4,1,0.4,0,0.0,1.19,0.0,0,0.0,0.21,0,0.0,3,1.19,33.33,0.0,0.0,0.79,50.0,0.4,100.0,0.4,0.0,0.0,0.4,100.0,3.5700000000000003,33.33,1.98,0.0,0.0,9.52,1.19,0.79,13.48,73.53,0.79,100.0,3.96,70.0,12.69,75.0,0.4,100.0,9.84,5.52,0.0,0.4,0.0,0.0,0.0,0.0,0.0,0.0,0.0,0.4,0.0,0.0,0.0,0.4,0.0,0.4,100.0,72.73,4.36,0,,0,,0,0.0,0.0,0.0,,,0.0,,2.38,0.0,0.0,0.0,0.0,0,0.0
C. Gonzáles,Christofer  Gonzáles Crespo,232715,Sporting Cristal,Sporting Cristal,https://cdn5.wyscout.com/photos/team/public/541_120x120.png,Primera División,"RAMF, AMF",RAMF,55,AMF,44,,0,33.0,1992-10-12,500000,2026-12-31,3,226,0,1.0,0,0.03,9.96,36.0,Peru,['Peru'],right,177,70,False,3.98,3.19,50.0,2.79,42.86,1.19,2.5,0.0,1.19,2.5,0.4,0,0.0,0,0.0,1.99,0.0,0,0.0,0.4,0,0.0,5,1.99,40.0,0.0,0.0,1.19,66.67,0.8,100.0,0.4,0.0,0.0,0.8,50.0,3.98,20.0,0.4,2.79,0.0,31.86,1.5899999999999999,0.4,32.65,92.68,8.76,86.36,7.17,100.0,30.27,93.42,1.19,100.0,15.62,16.94,0.01,0.4,0.0,0.0,0.0,0.0,0.4,5.58,92.86,1.5899999999999999,75.0,0.8,100.0,0.4,0.8,5.97,93.33,91.3,9.16,0,,0,,0,0.0,0.0,0.0,,,0.0,,2.79,0.8,0.4,100.0,1.5899999999999999,1,0.0
A. Chávez,Axel Joel Chávez Ydrogo,-75987,Los Chankas,Los Chankas,https://cdn5.wyscout.com/photos/team/public/g32259_120x120.png,Primera División,"LB5, LB, LWB",LB5,31,LB,22,LWB,19,28.0,1998-03-22,300000,2026-12-31,6,219,0,0.07,0,0.01,14.38,51.43,Peru,['Peru'],left,175,70,False,6.16,4.52,63.64,2.88,57.14,0.41000000000000003,0.56,0.0,2.88,3.89,0.41000000000000003,0,0.0,0,0.0,2.88,0.0,0,0.0,0.03,0,0.0,2,0.8200000000000001,0.0,0.0,0.0,3.29,37.5,2.47,50.0,0.41000000000000003,0.0,0.0,2.47,66.67,4.93,50.0,0.41000000000000003,1.6400000000000001,0.41000000000000003,13.97,1.6400000000000001,1.23,23.01,69.64,6.58,50.0,4.52,90.91,18.9,76.09,0.8200000000000001,50.0,18.59,6.57,0.01,0.8200000000000001,0.0,0.0,0.0,0.0,0.0,1.23,66.67,2.05,40.0,0.0,0.0,0.0,1.23,4.52,45.45,83.33,4.93,0,,0,,0,0.0,0.0,0.0,,,1.6400000000000001,,2.88,0.0,0.0,0.0,0.0,0,0.0
Y. Ruidíaz,Yamir Ruidíaz Misitich,-61735,Atlético Grau,Atlético Grau,https://cdn5.wyscout.com/photos/team/public/3746_120x120.png,Primera División,"CF, LCMF3",CF,62,LCMF3,10,,0,24.0,2001-12-29,0,2026-12-31,9,218,0,0.4,1,0.06,21.47,26.92,Peru,['Peru'],right,165,0,False,2.48,3.7199999999999998,22.22,9.08,18.18,0.41000000000000003,0.75,0.0,1.24,2.25,3.3,0,0.0,0,0.0,0.8300000000000001,0.0,0,0.0,0.17,0,0.0,4,1.65,0.0,0.0,0.41000000000000003,0.0,0.0,0.0,0.0,0.0,0.0,0.0,1.65,50.0,6.19,40.0,1.65,1.24,0.0,9.08,2.06,0.41000000000000003,12.8,67.74,4.95,58.33,2.06,100.0,11.97,68.97,0.8300000000000001,50.0,12.98,6.15,0.02,0.41000000000000003,0.0,0.0,0.0,0.0,0.41000000000000003,1.65,50.0,1.65,25.0,0.41000000000000003,0.0,0.41000000000000003,0.0,2.06,40.0,80.0,2.06,0,,0,,0,0.0,0.0,0.0,,,0.0,,9.08,0.0,0.0,0.0,0.0,0,0.0
B. Reyna,Bryan Roberto Reyna Casaverde,399035,Universitario,Universitario,https://cdn5.wyscout.com/photos/team/public/540_120x120.png,Primera División,"LCMF3, CF, LW",LCMF3,34,CF,31,LW,16,27.0,1998-08-23,0,,7,214,0,0.15,0,0.6000000000000001,22.29,49.06,Peru,['Peru'],right,171,65,False,5.47,5.05,75.0,2.1,80.0,0.42,0.79,0.0,1.26,2.37,1.26,1,0.42,0,0.0,3.36,0.0,0,0.0,0.06,0,0.0,2,0.84,0.0,0.0,0.0,2.94,14.29,2.52,0.0,0.42,100.0,0.42,5.89,50.0,10.93,46.15,3.79,3.36,0.42,18.5,1.26,1.6800000000000002,23.13,69.09,4.21,80.0,7.57,88.89,19.35,76.09,1.26,66.67,17.06,18.87,0.25,1.26,0.0,0.0,0.42,0.0,0.84,2.1,60.0,2.1,60.0,0.42,0.0,0.84,0.42,2.94,71.43,53.33,6.31,0,,0,,0,0.0,0.0,0.0,,,0.0,,2.1,0.0,0.0,0.0,0.84,0,0.0
J. Martínez,Juan Martínez,-474426,Sport Huancayo,Sport Huancayo,https://cdn5.wyscout.com/photos/team/public/1671_120x120.png,Primera División,"CF, RWF, RW",CF,57,RWF,14,RW,12,21.0,2005-02-12,0,,8,212,0,0.98,0,0.27,16.13,34.21,Peru,['Peru'],unknown,0,0,False,4.67,3.8200000000000003,55.56,4.67,18.18,0.42,0.79,0.42,2.12,3.95,1.7000000000000002,0,0.0,0,0.0,1.7000000000000002,0.0,0,0.0,0.42,0,0.0,5,2.12,40.0,0.0,0.0,0.0,0.0,0.0,0.0,0.0,0.0,0.0,1.27,66.67,5.09,50.0,3.8200000000000003,0.42,0.42,7.22,1.27,1.7000000000000002,12.31,93.1,1.27,66.67,6.37,100.0,12.31,93.1,0.0,0.0,11.63,0.0,0.11,0.42,0.0,0.0,0.0,0.0,0.42,0.42,100.0,0.42,100.0,0.0,0.0,1.27,0.0,0.0,0.0,100.0,2.12,0,,0,,0,0.0,0.0,0.0,,,0.0,,4.67,0.0,0.0,0.0,0.0,0,0.0
J. Lucumí,Juan David Lucumí Cuero,-140073,ADT,ADT,https://cdn5.wyscout.com/photos/team/public/g17201_120x120.png,Primera División,"RAMF, LWB, RWB",RAMF,27,LWB,23,RWB,22,27.0,1999-06-01,0,,3,212,0,0.09,0,0.08,11.89,46.43,Colombia,['Colombia'],,0,0,False,1.7000000000000002,2.55,50.0,0.85,50.0,0.0,0.0,0.0,0.42,0.9400000000000001,0.85,0,0.0,0,0.0,0.85,0.0,0,0.0,0.04,0,0.0,2,0.85,0.0,0.0,0.0,2.55,0.0,2.12,0.0,0.42,0.0,1.27,0.85,100.0,8.07,47.37,1.7000000000000002,3.4,0.0,18.68,1.7000000000000002,1.27,21.23,62.0,5.52,46.15,5.94,85.71,18.68,70.45,0.42,0.0,16.94,21.65,0.04,0.85,0.0,0.0,0.85,0.0,0.42,2.55,50.0,2.55,0.0,0.85,0.0,0.42,1.27,4.25,50.0,58.82,7.22,0,,0,,0,0.0,0.0,0.0,,,0.0,,0.85,0.42,0.0,0.0,1.7000000000000002,0,0.0
J. Medina,Jonathan Benito Medina Angulo,276410,FC Cajamarca,FC Cajamarca,https://cdn5.wyscout.com/photos/team/public/g-25565_120x120.png,Primera División,GK,GK,100,,0,,0,33.0,1993-04-29,75000,2026-12-31,2,211,0,0.0,0,0.0,0.85,0.0,Peru,['Peru'],right,189,81,False,0.85,0.43,0.0,0.43,0.0,0.0,0.0,0.0,0.85,1.33,0.85,1,0.43,0,0.0,0.0,0.0,0,0.0,0.0,0,0.0,0,0.0,0.0,0.0,0.0,0.0,0.0,0.0,0.0,0.0,0.0,0.0,0.0,0.0,0.0,0.0,0.0,0.0,0.0,6.82,0.0,0.0,11.09,84.62,8.1,78.95,0.0,0.0,6.82,100.0,4.27,60.0,34.47,57.49,0.0,0.0,0.0,0.0,0.0,0.0,0.0,0.85,50.0,0.0,0.0,0.0,0.0,0.0,0.0,3.41,75.0,100.0,1.71,6,2.56,11,4.69,0,45.45,5.76,2.46,-0.24,-0.10200000000000001,0.0,0.43,0.43,,,,0.0,0,0.0
A. Calderón,Aamet José Guillermo Calderón Tello,505536,Atlético Grau,Atlético Grau,https://cdn5.wyscout.com/photos/team/public/3746_120x120.png,Primera División,GK,GK,100,,0,,0,28.0,1998-07-01,75000,2026-12-31,2,210,0,0.0,0,0.0,0.0,0.0,Peru,['Peru'],right,184,81,True,0.0,0.0,0.0,0.0,0.0,0.0,0.0,0.0,0.0,0.0,0.0,1,0.43,0,0.0,0.0,0.0,0,0.0,0.0,0,0.0,0,0.0,0.0,0.0,0.0,0.0,0.0,0.0,0.0,0.0,0.0,0.0,0.0,0.0,0.0,0.0,0.0,0.0,0.0,8.57,0.0,0.0,14.57,76.47,7.71,66.67,0.0,0.0,9.0,95.24,5.57,46.15,34.58,48.47,0.0,0.0,0.0,0.0,0.0,0.0,0.0,3.0,57.14,0.43,0.0,0.0,0.0,0.0,0.0,6.0,50.0,86.67,6.43,1,0.43,6,2.5700000000000003,1,83.33,1.21,0.52,0.21,0.09,0.0,3.0,0.0,,,,0.0,0,0.0
L. Pretel,Luis Pretel,-347938,Los Chankas,Los Chankas,https://cdn5.wyscout.com/photos/team/public/g32259_120x120.png,Primera División,GK,GK,100,,0,,0,24.0,2002-01-01,0,,2,203,0,0.0,0,0.0,0.89,50.0,Peru,['Peru'],left,182,0,False,2.22,0.89,50.0,0.0,0.0,0.0,0.0,0.0,1.77,2.45,0.0,1,0.44,0,0.0,0.0,0.0,0,0.0,0.0,0,0.0,0,0.0,0.0,0.0,0.0,0.0,0.0,0.0,0.0,0.0,0.0,0.0,0.0,0.0,0.0,0.0,0.0,0.44,0.0,5.32,0.44,0.0,15.07,73.53,9.31,61.9,0.0,0.0,9.75,100.0,5.32,25.0,32.71,45.02,0.0,0.0,0.0,0.0,0.0,0.0,0.0,1.77,50.0,0.0,0.0,0.0,0.0,0.0,0.0,5.32,50.0,91.67,5.32,4,1.77,11,4.88,0,63.64,2.29,1.01,-1.71,-0.758,0.0,0.89,0.0,,,,0.0,0,0.0
F. Espinoza,Félix Eduardo Espinoza Vega,475481,Los Chankas,Los Chankas,https://cdn5.wyscout.com/photos/team/public/g32259_120x120.png,Primera División,"CF, LW, LAMF",CF,34,LW,28,LAMF,12,27.0,1999-05-08,225000,2026-12-31,5,202,1,0.5,1,0.36,15.15,58.82,Peru,['Peru'],right,175,68,False,2.67,2.23,40.0,4.46,80.0,0.0,0.0,0.0,1.78,3.24,0.89,1,0.45,0,0.0,4.46,0.45,1,0.45,0.22,0,0.0,7,3.12,57.14,14.286,0.45,3.12,28.57,2.23,20.0,0.89,50.0,0.45,2.67,66.67,6.24,57.14,4.46,0.89,0.0,24.95,2.67,0.89,32.08,76.39,10.25,60.87,4.9,100.0,27.62,82.26,1.34,66.67,16.42,12.14,0.16,2.23,0.0,0.0,0.0,0.0,0.89,3.12,57.14,4.01,33.33,0.0,0.0,0.45,0.89,4.01,77.78,79.17,10.69,0,,0,,0,0.0,0.0,0.0,,,0.0,,4.46,0.0,0.0,0.0,2.23,0,0.0
A. Huamán,Antonio Huamán,-217628,Alianza Lima,Alianza Lima,https://cdn5.wyscout.com/photos/team/public/551_120x120.png,Primera División,"LB5, RB",LB5,51,RB,48,,0,,,0,,2,199,1,0.27,0,0.27,13.57,40.0,Peru,['Peru'],,0,0,False,8.14,8.59,42.11,1.3599999999999999,33.33,0.0,0.0,0.9,4.52,6.12,0.45,0,0.0,0,0.0,1.81,0.45,1,0.45,0.12,0,0.0,1,0.45,100.0,100.0,0.0,3.17,28.57,0.45,0.0,2.71,33.33,0.9,0.45,100.0,3.17,28.57,0.9,0.45,0.0,29.85,1.81,0.45,39.8,86.36,10.85,83.33,9.5,100.0,34.37,96.05,2.26,20.0,18.75,47.61,0.12,0.9,0.0,0.0,0.0,0.0,0.0,5.88,61.54,4.07,33.33,0.0,0.0,0.45,0.9,6.33,92.86,78.38,16.73,0,,0,,0,0.0,0.0,0.0,,,0.0,,1.3599999999999999,0.0,0.0,0.0,0.0,0,0.0
H. Arakaki,Hideyoshi Enrique Arakaki Chinen,399032,ADT,ADT,https://cdn5.wyscout.com/photos/team/public/g17201_120x120.png,Primera División,LAMF,LAMF,79,,0,,0,28.0,1998-01-02,350000,2026-12-31,5,199,1,1.01,0,0.2,12.21,44.44,Peru,"['Peru', 'Japan']",right,165,64,False,3.62,3.62,62.5,1.3599999999999999,33.33,0.0,0.0,0.0,1.3599999999999999,2.37,0.9,0,0.0,0,0.0,1.81,0.45,1,0.45,0.45,0,0.0,2,0.9,50.0,50.0,0.0,1.3599999999999999,66.67,1.3599999999999999,66.67,0.0,0.0,0.0,2.26,20.0,5.43,25.0,1.3599999999999999,0.9,0.0,8.59,0.9,0.9,11.76,88.46,1.81,100.0,3.17,100.0,9.95,90.91,0.45,100.0,16.74,6.53,0.09,0.9,0.0,0.0,0.0,0.0,0.45,0.45,100.0,1.81,75.0,0.0,0.0,0.45,0.9,2.26,80.0,70.0,4.52,0,,0,,0,0.0,0.0,0.0,,,0.0,,1.3599999999999999,0.0,0.0,0.0,0.0,0,0.0
J. Soto,José David Soto Peceros,-61700,FC Cajamarca,FC Cajamarca,https://cdn5.wyscout.com/photos/team/public/g-25565_120x120.png,Primera División,"LB, LWB",LB,87,LWB,12,,0,24.0,2002-03-21,150000,2026-12-31,2,192,0,0.01,0,0.13,5.63,33.33,Peru,['Peru'],left,180,61,False,4.22,3.2800000000000002,42.86,0.0,0.0,0.0,0.0,0.0,2.81,4.86,1.88,1,0.47000000000000003,1,0.47000000000000003,0.9400000000000001,0.0,0,0.0,0.0,0,0.0,1,0.47000000000000003,0.0,0.0,0.0,0.9400000000000001,100.0,0.9400000000000001,100.0,0.0,0.0,0.0,0.0,0.0,1.4100000000000001,33.33,0.9400000000000001,0.0,0.0,29.06,2.81,0.0,36.09,84.42,13.59,65.52,7.03,93.33,33.75,86.11,1.4100000000000001,33.33,16.93,31.42,0.06,0.47000000000000003,0.0,0.47000000000000003,0.0,0.0,0.47000000000000003,3.2800000000000002,71.43,2.34,80.0,0.0,0.0,0.9400000000000001,0.9400000000000001,5.63,66.67,100.0,11.25,0,,0,,0,0.0,0.0,0.0,,,1.4100000000000001,,0.0,0.0,0.0,0.0,0.0,0,0.0
D. La Torre,Didier Jeanpier La Torre Arana,-203219,Cienciano,Cienciano,https://cdn5.wyscout.com/photos/team/public/542_120x120.png,Primera División,"AMF, RW, LAMF",AMF,33,RW,31,LAMF,12,24.0,2002-03-21,200000,2026-12-31,6,190,0,0.34,0,0.03,17.05,52.78,Peru,['Peru'],right,180,0,False,1.8900000000000001,2.37,40.0,2.37,20.0,0.47000000000000003,0.86,0.0,0.47000000000000003,0.86,0.47000000000000003,1,0.47000000000000003,0,0.0,4.26,0.0,0,0.0,0.16,0,0.0,2,0.9500000000000001,50.0,0.0,0.0,1.42,0.0,0.47000000000000003,0.0,0.9500000000000001,0.0,0.0,4.74,80.0,11.37,62.5,0.9500000000000001,3.32,0.0,17.05,0.47000000000000003,1.42,21.32,68.89,7.11,73.33,4.74,80.0,19.89,73.81,0.47000000000000003,0.0,16.3,10.46,0.02,0.47000000000000003,0.0,0.0,0.0,0.0,0.0,2.37,80.0,1.42,33.33,0.0,0.0,0.47000000000000003,0.47000000000000003,4.26,55.56,58.33,5.68,0,,0,,0,0.0,0.0,0.0,,,0.0,,2.37,0.0,0.0,0.0,1.42,0,0.0
J. De Santis,Jeriel Nicolas De Santis Cordova,-118629,Melgar,Melgar,https://cdn5.wyscout.com/photos/team/public/546_120x120.png,Primera División,CF,CF,100,,0,,0,24.0,2002-06-18,0,2026-12-31,6,179,1,0.71,0,0.03,21.12,33.33,Venezuela,"['Venezuela', 'Italy']",right,190,85,True,5.03,4.02,37.5,4.53,33.33,0.0,0.0,0.5,3.52,7.24,2.01,3,1.51,1,0.5,1.51,0.5,1,0.5,0.36,0,0.0,3,1.51,100.0,33.333,0.0,0.0,0.0,0.0,0.0,0.0,0.0,0.0,1.01,0.0,10.06,20.0,1.01,1.01,0.0,17.6,3.02,2.01,22.63,77.78,6.54,76.92,5.03,70.0,20.11,77.5,2.51,80.0,16.57,16.14,0.01,1.01,0.0,0.0,0.0,0.0,0.0,5.03,80.0,2.01,75.0,0.0,0.0,1.01,0.0,4.02,50.0,84.62,6.54,0,,0,,0,0.0,0.0,0.0,,,0.5,,4.53,0.0,0.0,0.0,0.0,0,0.0
G. García,Gian Carlo del Piero  García Bernaola,-557412,Melgar,Melgar,https://cdn5.wyscout.com/photos/team/public/546_120x120.png,Primera División,"LDMF, LCMF, LWB",LDMF,52,LCMF,27,LWB,14,20.0,2005-10-15,0,2028-12-31,6,179,0,0.0,0,0.08,16.09,53.13,Peru,['Peru'],,194,80,False,7.54,7.54,60.0,0.0,0.0,1.51,2.31,0.0,1.51,2.31,2.01,1,0.5,0,0.0,0.5,0.0,0,0.0,0.0,0,0.0,0,0.0,0.0,0.0,0.0,0.0,0.0,0.0,0.0,0.0,0.0,0.0,0.5,100.0,5.03,30.0,1.01,1.01,0.0,26.65,0.0,1.51,33.18,86.36,8.04,62.5,6.03,91.67,31.17,87.1,2.01,75.0,15.52,6.17,0.04,0.5,0.0,0.0,0.0,0.0,0.5,2.51,80.0,0.5,0.0,0.0,0.0,0.5,0.0,3.52,57.14,93.1,14.58,0,,0,,0,0.0,0.0,0.0,,,0.0,,0.0,0.0,0.0,0.0,0.0,0,0.0
G. Aliaga,Gustavo Romario Aliaga Romero,116028,Juan Pablo II College,Juan Pablo II College,https://cdn5.wyscout.com/photos/team/public/g-23170_120x120.png,Primera División,"RCMF, RW",RCMF,50,RW,40,,0,35.0,1991-02-04,75000,2026-12-31,6,174,0,0.0,0,0.0,11.38,40.91,Peru,['Peru'],,0,0,False,6.21,6.72,69.23,1.55,0.0,0.52,1.11,0.0,1.03,2.22,0.52,0,0.0,0,0.0,0.0,0.0,0,0.0,0.0,0,0.0,0,0.0,0.0,0.0,0.0,1.03,0.0,0.0,0.0,1.03,0.0,0.0,0.52,0.0,3.1,0.0,0.52,1.03,0.0,23.28,0.52,0.0,29.48,84.21,7.76,80.0,7.76,93.33,27.93,87.04,0.52,100.0,14.02,8.05,0.0,0.0,0.0,0.0,0.52,0.0,0.0,2.59,60.0,1.55,0.0,0.52,0.0,0.52,0.0,2.07,75.0,80.0,7.76,0,,0,,0,0.0,0.0,0.0,,,0.0,,1.55,1.03,0.0,0.0,0.52,0,0.0
S. Gassama,Sekou Gassama Cissokho,318959,,Universitario,,,CF,CF,100,,0,,0,31.0,1995-05-06,500000,,4,174,0,0.31,0,0.0,24.83,37.5,Spain,"['Spain', 'Senegal']",left,189,89,False,1.55,2.07,75.0,9.31,38.89,0.0,0.0,0.0,0.0,0.0,3.1,1,0.52,0,0.0,0.52,0.0,0,0.0,0.16,0,0.0,2,1.03,50.0,0.0,0.0,0.0,0.0,0.0,0.0,0.0,0.0,0.0,1.03,0.0,7.76,33.33,1.03,0.0,0.0,6.72,2.07,2.07,11.38,77.27,1.03,0.0,2.59,80.0,9.83,78.95,1.55,66.67,17.14,20.14,0.0,0.0,0.0,0.0,0.0,0.0,0.0,2.07,75.0,0.0,0.0,0.52,0.0,0.0,0.0,1.55,66.67,90.91,5.69,0,,0,,0,0.0,0.0,0.0,,,0.0,,9.31,0.0,0.0,0.0,0.0,0,0.0
J. Jiménez,Jimmy Rangell Jiménez Cárdenas,-385836,CD Moquegua,CD Moquegua,https://cdn5.wyscout.com/photos/team/public/g-25564_120x120.png,Primera División,"LB, LWB",LB,72,LWB,16,,0,23.0,2003-03-03,0,2026-12-31,8,174,0,0.02,0,0.0,8.28,31.25,Peru,['Peru'],left,177,0,False,9.31,5.17,40.0,1.03,50.0,1.03,1.4,0.52,6.21,8.37,1.55,1,0.52,0,0.0,0.52,0.0,0,0.0,0.01,0,0.0,1,0.52,100.0,0.0,0.0,0.0,0.0,0.0,0.0,0.0,0.0,0.0,0.0,0.0,1.55,0.0,0.0,1.03,0.0,12.41,0.52,0.0,18.1,68.57,8.79,41.18,3.1,100.0,13.97,81.48,4.14,25.0,20.43,22.06,0.0,0.0,0.0,0.0,0.0,0.0,0.0,2.07,50.0,0.52,0.0,0.0,0.0,0.0,0.0,3.1,33.33,88.89,4.66,0,,0,,0,0.0,0.0,0.0,,,0.52,,1.03,0.0,0.0,0.0,0.0,0,0.0
A. Lecaros,Alexander Lecaros Aragón,422907,CD Moquegua,CD Moquegua,https://cdn5.wyscout.com/photos/team/public/g-25564_120x120.png,Primera División,"LW, AMF, RW",LW,43,AMF,36,RW,19,26.0,1999-10-13,175000,2026-12-31,4,171,0,0.30000000000000004,0,0.0,14.74,35.71,Peru,['Peru'],left,169,65,False,5.79,3.16,50.0,0.0,0.0,0.0,0.0,0.0,4.21,5.71,1.05,1,0.53,0,0.0,1.58,0.0,0,0.0,0.16,0,0.0,3,1.58,0.0,0.0,0.0,0.53,100.0,0.0,0.0,0.53,100.0,0.0,2.11,50.0,8.95,35.29,0.53,2.63,0.0,15.79,1.58,2.63,20.53,79.49,6.84,76.92,5.26,90.0,17.89,79.41,2.11,75.0,14.15,19.36,0.0,0.0,0.0,0.0,0.0,0.0,0.0,2.11,75.0,0.53,100.0,0.0,0.0,0.0,0.53,4.74,77.78,87.5,4.21,0,,0,,0,0.0,0.0,0.0,,,0.0,,0.0,1.58,0.53,0.0,0.53,0,0.0
L. Villar,Leonardo Marcelo Villar Callupe,-124829,Sport Huancayo,Sport Huancayo,https://cdn5.wyscout.com/photos/team/public/1671_120x120.png,Primera División,"RCMF, LCMF3, LCMF",RCMF,47,LCMF3,29,LCMF,19,26.0,2000-03-18,250000,2026-12-31,5,166,0,0.13,0,0.19,11.93,50.0,Peru,['Peru'],right,180,73,False,5.42,4.88,55.56,1.08,100.0,1.08,1.58,0.0,1.63,2.37,0.54,0,0.0,0,0.0,1.08,0.0,0,0.0,0.07,0,0.0,1,0.54,100.0,0.0,0.0,0.0,0.0,0.0,0.0,0.0,0.0,0.0,1.08,50.0,3.25,16.67,1.63,0.0,0.0,24.4,1.08,1.08,34.16,84.13,10.84,65.0,7.05,92.31,28.19,88.46,5.96,63.64,16.27,26.66,0.1,1.08,0.0,0.0,0.0,0.0,0.54,5.96,63.64,2.17,50.0,1.08,0.0,0.54,0.0,5.96,81.82,90.0,10.84,0,,0,,0,0.0,0.0,0.0,,,0.0,,1.08,0.0,0.0,0.0,0.54,0,0.0
J. Archimbaud,Jean Pierre Archimbaud Arriarán,248315,Alianza Lima,Alianza Lima,https://cdn5.wyscout.com/photos/team/public/551_120x120.png,Primera División,"LCMF3, LDMF, RCMF3",LCMF3,66,LDMF,19,RCMF3,11,32.0,1994-08-16,475000,2026-12-31,9,161,0,0.15,0,0.0,13.42,45.83,Peru,['Peru'],left,183,73,False,5.03,5.03,33.33,5.03,66.67,0.56,1.07,0.0,2.8,5.36,0.56,0,0.0,0,0.0,0.56,0.0,0,0.0,0.08,0,0.0,6,3.35,0.0,0.0,0.0,1.6800000000000002,0.0,1.12,0.0,0.56,0.0,0.0,0.56,100.0,2.8,40.0,1.6800000000000002,0.56,0.0,27.39,1.12,0.56,43.04,75.32,16.21,65.52,5.03,100.0,36.89,81.82,4.47,50.0,20.42,22.34,0.0,0.0,0.0,0.0,0.0,0.0,0.0,9.5,64.71,1.6800000000000002,0.0,0.56,0.0,0.56,0.0,7.83,64.29,77.27,12.3,0,,0,,0,0.0,0.0,0.0,,,0.0,,5.03,0.0,0.0,0.0,0.0,0,0.0
A. Cubas,Anthony  Cubas,-676848,,ADT,,,"LW, AMF, RW",LW,50,AMF,26,RW,19,23.0,2002-11-20,0,,4,154,0,0.11,0,0.04,12.86,27.27,Peru,['Peru'],right,167,0,False,4.68,3.51,33.33,2.34,25.0,0.0,0.0,0.0,3.51,6.21,0.58,1,0.58,0,0.0,1.75,0.0,0,0.0,0.06,0,0.0,3,1.75,33.33,0.0,0.0,2.34,25.0,1.75,33.33,0.58,0.0,0.58,2.34,25.0,6.43,27.27,0.58,4.68,1.17,21.62,1.17,0.0,31.56,81.48,8.18,78.57,5.26,100.0,26.88,89.13,2.34,50.0,19.7,14.27,0.02,1.17,0.0,0.0,0.0,0.0,0.0,2.92,60.0,4.09,42.86,0.0,0.0,1.17,0.58,4.09,71.43,68.42,11.1,0,,0,,0,0.0,0.0,0.0,,,0.0,,2.34,0.0,0.0,0.0,0.0,0,0.0
R. Bettocchi,Ricardo Bettocchi Matallana,-126649,UTC Cajamarca,UTC Cajamarca,https://cdn5.wyscout.com/photos/team/public/g6809_120x120.png,Primera División,GK,GK,100,,0,,0,24.0,2001-12-29,0,,2,148,0,0.0,0,0.0,0.61,100.0,Peru,['Peru'],,186,73,False,0.0,0.0,0.0,0.61,100.0,0.0,0.0,0.0,0.0,0.0,0.0,0,0.0,0,0.0,0.0,0.0,0,0.0,0.0,0,0.0,0,0.0,0.0,0.0,0.0,0.0,0.0,0.0,0.0,0.0,0.0,0.0,0.0,0.0,0.0,0.0,0.0,0.0,0.0,8.51,0.0,0.61,15.2,68.0,7.3,41.67,0.0,0.0,9.12,80.0,6.08,50.0,34.13,57.49,0.0,0.0,0.0,0.0,0.0,0.0,0.0,1.22,0.0,0.61,0.0,0.0,0.0,0.0,0.0,4.26,14.29,90.91,6.69,4,2.43,13,7.91,0,69.23,3.08,1.87,-0.92,-0.559,0.0,1.22,0.61,,,,0.0,0,0.0
C. Villanueva,Vaughn Elber Chase Villanueva Siguas,-324420,Juan Pablo II College,Juan Pablo II College,https://cdn5.wyscout.com/photos/team/public/g-23170_120x120.png,Primera División,"LW, LCMF3, LWF",LW,55,LCMF3,12,LWF,11,24.0,2002-04-05,0,2026-12-31,4,147,0,0.36,1,1.19,22.65,43.24,Peru,"['Peru', 'United States']",,175,66,False,2.45,1.22,0.0,0.61,0.0,0.0,0.0,0.0,2.45,3.43,1.22,1,0.61,0,0.0,4.9,0.0,0,0.0,0.22,0,0.0,6,3.67,0.0,0.0,0.61,1.8399999999999999,66.67,1.22,50.0,0.61,100.0,0.0,4.29,85.71,18.98,48.39,4.29,1.22,0.0,23.27,3.67,3.06,33.06,75.93,6.12,40.0,6.73,72.73,28.78,78.72,2.45,50.0,13.78,27.62,0.73,3.06,0.0,0.0,0.0,0.0,3.06,3.67,66.67,4.9,62.5,0.0,0.0,2.45,1.22,4.29,85.71,80.0,12.24,0,,0,,0,0.0,0.0,0.0,,,0.0,,0.61,0.0,0.0,0.0,0.0,0,0.0
M. Rodríguez,Mateo Fabiano Rodríguez Dávila,-109063,Juan Pablo II College,Juan Pablo II College,https://cdn5.wyscout.com/photos/team/public/g-23170_120x120.png,Primera División,"CF, RWF",CF,82,RWF,17,,0,20.0,2006-08-04,0,2026-12-31,5,147,0,0.62,0,0.0,15.31,52.0,Peru,['Peru'],left,178,67,True,1.8399999999999999,4.9,37.5,6.12,70.0,0.0,0.0,0.0,0.0,0.0,3.06,1,0.61,0,0.0,0.61,0.0,0,0.0,0.38,0,0.0,6,3.67,16.67,0.0,0.0,0.61,0.0,0.61,0.0,0.0,0.0,0.0,0.61,0.0,2.45,75.0,7.96,0.61,0.0,14.08,1.8399999999999999,1.22,15.92,84.62,1.22,100.0,4.9,87.5,13.47,90.91,1.8399999999999999,66.67,15.9,23.16,0.0,0.0,0.0,0.0,0.0,0.0,0.0,0.61,100.0,1.22,50.0,0.0,0.0,1.22,0.0,0.61,100.0,66.67,5.51,0,,0,,0,0.0,0.0,0.0,,,0.0,,6.12,0.0,0.0,0.0,0.0,0,0.0
S. García,Sinclair Osnar García Quezada,182187,ADT,ADT,https://cdn5.wyscout.com/photos/team/public/g17201_120x120.png,Primera División,"LB, RB, LW",LB,26,RB,16,LW,12,32.0,1993-08-16,125000,,6,143,0,0.0,0,0.13,15.73,40.0,Peru,['Peru'],,0,0,False,9.44,8.18,46.15,0.63,0.0,3.15,5.5600000000000005,0.0,2.52,4.44,1.26,1,0.63,0,0.0,3.15,0.0,0,0.0,0.0,0,0.0,0,0.0,0.0,0.0,0.0,6.29,30.0,1.8900000000000001,33.33,4.41,28.57,0.0,3.7800000000000002,33.33,6.29,40.0,0.0,1.8900000000000001,0.0,29.58,6.29,0.63,40.91,72.31,11.96,78.95,5.66,88.89,30.84,85.71,3.7800000000000002,33.33,17.91,15.26,0.08,1.8900000000000001,0.0,0.0,0.0,0.0,0.63,6.29,80.0,7.55,33.33,1.26,0.0,0.63,1.8900000000000001,6.92,63.64,66.67,16.99,0,,0,,0,0.0,0.0,0.0,,,0.0,,0.63,0.0,0.0,0.0,0.0,0,0.0
M. Barreda,Jorge Mariano Barreda Botto,-404963,Alianza Atlético,Alianza Atlético,https://cdn5.wyscout.com/photos/team/public/545_120x120.png,Primera División,"LWF, CF, LAMF",LWF,48,CF,38,LAMF,12,23.0,2003-06-07,0,2026-12-31,5,140,0,0.38,1,0.32,23.79,29.73,Peru,"['Peru', 'Argentina']",right,167,60,True,8.36,10.29,31.25,2.5700000000000003,0.0,0.64,0.88,0.0,4.5,6.18,3.86,0,0.0,0,0.0,1.29,0.0,0,0.0,0.24,0,0.0,3,1.9300000000000002,0.0,0.0,0.64,0.64,0.0,0.0,0.0,0.64,0.0,0.0,2.5700000000000003,25.0,7.71,33.33,1.9300000000000002,2.5700000000000003,0.64,12.86,2.5700000000000003,0.64,10.29,62.5,1.29,0.0,2.5700000000000003,100.0,9.0,71.43,0.64,0.0,10.11,4.91,0.2,0.64,0.0,0.0,0.64,100.0,0.64,0.64,100.0,1.9300000000000002,33.33,0.64,100.0,0.64,0.0,0.64,100.0,40.0,3.21,0,,0,,0,0.0,0.0,0.0,,,0.0,,2.5700000000000003,0.0,0.0,0.0,0.0,0,0.0
J. Giménez,Juan José Giménez Delgado,-345613,Sport Huancayo,Sport Huancayo,https://cdn5.wyscout.com/photos/team/public/1671_120x120.png,Primera División,"RW, RAMF, LW",RW,61,RAMF,26,LW,12,23.0,2003-06-01,0,2026-12-31,5,140,1,0.25,0,0.0,19.29,56.67,Paraguay,['Paraguay'],right,168,75,True,4.5,4.5,57.14,0.64,0.0,0.64,1.43,0.0,1.29,2.86,0.0,1,0.64,0,0.0,5.14,0.64,1,0.64,0.16,0,0.0,7,4.5,28.57,14.286,0.0,1.29,50.0,0.0,0.0,1.29,50.0,0.0,5.79,55.56,13.5,57.14,1.9300000000000002,2.5700000000000003,0.0,27.64,3.21,3.86,31.5,73.47,10.93,64.71,5.14,75.0,28.93,75.56,1.29,50.0,13.63,16.88,0.0,0.0,0.0,0.0,0.0,0.0,0.0,4.5,71.43,3.21,60.0,0.0,0.0,1.29,0.64,6.43,80.0,90.91,7.07,0,,0,,0,0.0,0.0,0.0,,,0.0,,0.64,0.0,0.0,0.0,0.0,0,0.0
Leonardo Rugel,Leonardo José Rugel Morán,-65127,ADT,ADT,https://cdn5.wyscout.com/photos/team/public/g17201_120x120.png,Primera División,"RCB, RCB3, LCB3",RCB,70,RCB3,16,LCB3,12,25.0,2001-06-02,350000,,4,136,0,0.0,0,0.0,5.29,62.5,Peru,['Peru'],right,188,78,False,11.25,1.32,50.0,3.31,60.0,0.0,0.0,0.0,10.59,18.46,0.66,0,0.0,0,0.0,0.0,0.0,0,0.0,0.0,0,0.0,0,0.0,0.0,0.0,0.0,0.0,0.0,0.0,0.0,0.0,0.0,0.0,0.0,0.0,0.66,100.0,1.32,0.66,0.0,12.57,0.0,0.66,15.88,79.17,3.9699999999999998,83.33,0.66,100.0,13.9,90.48,1.99,0.0,12.82,14.25,0.0,0.0,0.0,0.0,0.0,0.0,0.0,0.66,0.0,0.0,0.0,0.0,0.0,0.0,0.0,1.32,0.0,76.92,8.6,0,,0,,0,0.0,0.0,0.0,,,0.0,,3.31,0.0,0.0,0.0,0.0,0,0.0
A. Burlamaqui,Alessandro Burlamaqui Apaolaza,-119175,Alianza Lima,Alianza Lima,https://cdn5.wyscout.com/photos/team/public/551_120x120.png,Primera División,"RDMF, RCMF, RB",RDMF,28,RCMF,24,RB,14,24.0,2002-02-18,0,2028-12-31,8,136,0,0.0,0,0.0,15.88,33.33,Peru,"['Peru', 'Spain']",right,180,70,False,9.26,7.28,36.36,3.9699999999999998,16.67,0.0,0.0,0.0,6.62,15.0,2.65,0,0.0,0,0.0,1.32,0.0,0,0.0,0.0,0,0.0,0,0.0,0.0,0.0,0.0,1.99,66.67,0.0,0.0,1.99,66.67,0.0,0.66,0.0,1.99,66.67,0.0,1.99,0.0,14.56,0.0,0.0,31.1,76.6,13.24,70.0,3.31,100.0,27.13,78.05,1.99,66.67,18.42,11.41,0.0,0.0,0.0,0.0,0.0,0.0,0.0,2.65,50.0,1.99,100.0,0.0,0.0,0.66,1.32,3.9699999999999998,66.67,91.67,7.94,0,,0,,0,0.0,0.0,0.0,,,0.0,,3.9699999999999998,0.0,0.0,0.0,0.0,0,0.0
E. Páucar,Enmanuel Jesús Páucar Reyes,290720,FC Cajamarca,FC Cajamarca,https://cdn5.wyscout.com/photos/team/public/g-25565_120x120.png,Primera División,"LCMF, DMF, RDMF",LCMF,39,DMF,28,RDMF,18,30.0,1996-08-09,250000,2026-12-31,5,129,0,0.0,0,0.0,8.37,41.67,Peru,['Peru'],right,177,72,False,4.88,4.88,42.86,2.09,66.67,0.7000000000000001,0.77,0.0,2.09,2.31,1.4,0,0.0,0,0.0,0.0,0.0,0,0.0,0.0,0,0.0,0,0.0,0.0,0.0,0.0,0.0,0.0,0.0,0.0,0.0,0.0,0.0,0.0,0.0,0.7000000000000001,0.0,0.0,0.0,0.0,15.35,0.0,0.0,20.93,83.33,9.07,69.23,2.79,100.0,17.44,84.0,3.49,80.0,18.47,28.25,0.0,0.0,0.0,0.0,0.0,0.0,0.0,2.09,66.67,0.7000000000000001,0.0,0.0,0.0,0.0,0.0,2.79,75.0,100.0,6.28,0,,0,,0,0.0,0.0,0.0,,,0.0,,2.09,0.0,0.0,0.0,0.0,0,0.0
P. Goyoneche,Paulo César Goyoneche Yaranga,234422,FC Cajamarca,FC Cajamarca,https://cdn5.wyscout.com/photos/team/public/g-25565_120x120.png,Primera División,"RB, LDMF",RB,76,LDMF,23,,0,33.0,1993-04-08,150000,2026-12-31,2,129,0,0.0,0,0.0,9.77,50.0,Peru,['Peru'],right,177,69,False,6.28,4.88,71.43,3.49,20.0,0.0,0.0,1.4,2.79,4.14,0.7000000000000001,0,0.0,0,0.0,0.0,0.0,0,0.0,0.0,0,0.0,0,0.0,0.0,0.0,0.0,0.0,0.0,0.0,0.0,0.0,0.0,0.0,0.0,0.0,1.4,50.0,0.0,0.0,0.0,30.7,0.0,0.7000000000000001,41.16,89.83,18.14,76.92,4.88,100.0,36.98,94.34,4.19,50.0,18.31,45.9,0.0,0.0,0.0,0.7000000000000001,0.0,0.0,0.0,6.28,66.67,0.0,0.0,0.0,0.0,0.0,0.0,7.67,81.82,100.0,13.95,0,,0,,0,0.0,0.0,0.0,,,0.7000000000000001,,3.49,0.0,0.0,0.0,0.0,0,0.0
Y. Celi,Yuriel Dario Celi Guerrero,-64450,Sport Boys,Sport Boys,https://cdn5.wyscout.com/photos/team/public/552_120x120.png,Primera División,"LCMF, RW, RAMF",LCMF,33,RW,18,RAMF,15,24.0,2002-02-20,375000,2026-12-31,4,128,2,1.04,0,0.29,14.77,61.9,Peru,['Peru'],left,177,78,True,4.22,2.11,100.0,2.11,66.67,0.0,0.0,0.0,2.11,3.91,0.7000000000000001,0,0.0,0,0.0,7.03,1.4100000000000001,1,0.7000000000000001,0.73,0,0.0,5,3.52,40.0,40.0,0.0,6.33,55.56,3.52,80.0,2.81,25.0,2.11,2.11,100.0,9.84,50.0,3.52,0.7000000000000001,0.0,29.53,2.11,2.11,34.45,71.43,13.36,68.42,4.92,57.14,25.31,80.56,4.92,28.57,19.0,47.08,0.2,1.4100000000000001,0.0,0.0,0.0,0.0,0.7000000000000001,4.92,57.14,3.52,60.0,0.0,0.0,0.0,4.22,6.33,66.67,75.0,11.25,0,,0,,0,0.0,0.0,0.0,,,0.0,,2.11,0.7000000000000001,0.0,0.0,2.81,1,100.0
E. Aubert,Edson Diego Aubert Cervantes,23911,FC Cajamarca,FC Cajamarca,https://cdn5.wyscout.com/photos/team/public/g-25565_120x120.png,Primera División,"LCMF, LDMF",LCMF,50,LDMF,49,,0,37.0,1988-11-24,125000,2026-12-31,3,128,0,0.0,0,0.03,14.77,42.86,Peru,['Peru'],left,172,65,False,7.03,7.03,50.0,2.81,50.0,0.0,0.0,0.7000000000000001,3.52,5.5600000000000005,2.81,0,0.0,0,0.0,0.7000000000000001,0.0,0,0.0,0.0,0,0.0,0,0.0,0.0,0.0,0.0,0.7000000000000001,0.0,0.0,0.0,0.7000000000000001,0.0,0.0,0.7000000000000001,100.0,2.81,25.0,0.0,0.7000000000000001,0.0,42.19,0.0,0.0,56.95,88.89,18.28,76.92,4.92,100.0,48.52,95.65,7.73,54.55,21.66,27.45,0.02,0.7000000000000001,0.0,0.0,0.0,0.0,0.7000000000000001,10.55,53.33,1.4100000000000001,0.0,0.0,0.0,0.0,0.0,7.03,80.0,93.94,23.2,0,,0,,0,0.0,0.0,0.0,,,0.0,,2.81,0.0,0.0,0.0,0.7000000000000001,0,0.0
P. Cejas,Pedro Santiago Cejas,-122763,FC Cajamarca,FC Cajamarca,https://cdn5.wyscout.com/photos/team/public/g-25565_120x120.png,Primera División,CF,CF,100,,0,,0,25.0,2001-05-08,0,,2,125,0,0.4,0,0.0,18.0,32.0,Argentina,['Argentina'],,192,0,False,1.44,2.16,66.67,2.88,25.0,0.0,0.0,0.0,0.0,0.0,0.0,0,0.0,0,0.0,0.72,0.0,0,0.0,0.29,0,0.0,3,2.16,33.33,0.0,0.0,0.0,0.0,0.0,0.0,0.0,0.0,0.0,0.0,0.0,10.08,28.57,2.16,0.0,0.0,3.6,1.44,0.72,10.08,78.57,1.44,0.0,2.16,100.0,10.08,78.57,0.0,0.0,10.36,0.0,0.0,0.0,0.72,0.0,0.72,0.0,0.0,2.88,50.0,0.0,0.0,0.72,0.0,0.0,0.0,0.72,100.0,66.67,2.16,0,,0,,0,0.0,0.0,0.0,,,0.0,,2.88,0.72,0.72,0.0,0.0,0,0.0
J. Navarro,Jerry Jerson Navarro Huayta,-147277,ADT,ADT,https://cdn5.wyscout.com/photos/team/public/g17201_120x120.png,Primera División,"RWB, RB",RWB,68,RB,31,,0,24.0,2002-04-26,0,,4,122,0,0.0,0,0.0,13.28,44.44,Peru,['Peru'],right,177,69,False,8.11,6.64,44.44,2.95,50.0,1.48,3.16,0.0,3.69,7.89,2.21,0,0.0,0,0.0,0.0,0.0,0,0.0,0.0,0,0.0,0,0.0,0.0,0.0,0.0,2.21,0.0,0.0,0.0,2.21,0.0,0.74,0.0,0.0,2.21,33.33,0.74,0.0,0.0,6.64,1.48,0.0,14.75,60.0,9.59,69.23,0.0,0.0,10.33,85.71,2.21,0.0,10.47,19.18,0.0,0.0,0.0,0.0,0.0,0.0,0.0,2.95,75.0,2.21,33.33,0.74,0.0,0.74,0.74,2.95,50.0,25.0,2.95,0,,0,,0,0.0,0.0,0.0,,,0.0,,2.95,0.0,0.0,0.0,0.0,0,0.0
N. Rengifo Melgar,Nicolas Alonzo Rengifo Melgar,-472900,ADT,ADT,https://cdn5.wyscout.com/photos/team/public/g17201_120x120.png,Primera División,CF,CF,84,,0,,0,19.0,2007-02-15,0,2026-12-31,5,121,0,0.16,0,0.08,11.16,26.67,Peru,['Peru'],unknown,0,0,True,1.49,3.7199999999999998,20.0,3.7199999999999998,60.0,0.0,0.0,0.0,0.74,1.88,1.49,0,0.0,0,0.0,0.0,0.0,0,0.0,0.12,0,0.0,2,1.49,0.0,0.0,0.0,0.0,0.0,0.0,0.0,0.0,0.0,0.0,0.0,0.0,2.23,0.0,2.23,0.0,0.0,2.98,0.74,0.0,5.21,100.0,0.74,100.0,3.7199999999999998,100.0,5.21,100.0,0.0,0.0,6.92,0.0,0.06,0.74,0.0,0.0,0.0,0.0,0.0,0.0,0.0,0.0,0.0,0.0,0.0,0.0,0.0,0.0,0.0,0.0,0.0,0,,0,,0,0.0,0.0,0.0,,,0.0,,3.7199999999999998,0.0,0.0,0.0,0.0,0,0.0
Piero Quispe,Piero Quispe,-61725,Universitario,Universitario,https://cdn5.wyscout.com/photos/team/public/540_120x120.png,Primera División,LCMF3,LCMF3,100,,0,,0,25.0,2001-08-14,0,,3,120,0,0.11,0,0.07,20.25,37.04,Peru,['Peru'],,0,0,False,5.25,6.0,37.5,0.75,0.0,0.0,0.0,0.0,3.0,5.0,0.0,0,0.0,0,0.0,0.75,0.0,0,0.0,0.08,0,0.0,2,1.5,50.0,0.0,0.0,0.75,0.0,0.0,0.0,0.75,0.0,0.0,2.25,0.0,12.75,41.18,1.5,2.25,0.75,51.0,0.0,3.75,55.5,91.89,15.75,80.95,8.25,100.0,51.75,94.2,3.0,75.0,16.84,36.07,0.05,1.5,0.0,0.0,0.0,0.0,0.75,9.0,100.0,0.75,0.0,0.0,0.0,1.5,0.0,9.0,83.33,90.91,16.5,0,,0,,0,0.0,0.0,0.0,,,0.75,,0.75,0.0,0.0,0.0,0.75,0,0.0
J. López,José Francisco López Quintanilla,-385837,,CD Moquegua,,,"RW, AMF, RAMF",RW,49,AMF,28,RAMF,14,23.0,2003-02-16,0,,5,119,0,0.03,0,0.0,12.86,52.94,Peru,['Peru'],right,0,0,False,6.8100000000000005,4.54,83.33,1.51,50.0,0.76,1.2,0.76,2.27,3.6,0.76,0,0.0,0,0.0,2.27,0.0,0,0.0,0.02,0,0.0,2,1.51,50.0,0.0,0.0,2.27,33.33,0.0,0.0,2.27,33.33,0.0,0.76,100.0,4.54,33.33,0.76,0.76,0.0,14.37,1.51,1.51,24.96,78.79,9.83,76.92,3.7800000000000002,100.0,20.42,81.48,2.27,100.0,18.16,28.63,0.0,0.0,0.0,0.0,0.76,0.0,0.0,2.27,33.33,3.03,25.0,0.76,0.0,0.76,0.76,3.7800000000000002,80.0,55.56,6.8100000000000005,0,,0,,0,0.0,0.0,0.0,,,0.0,,1.51,0.0,0.0,0.0,0.76,0,0.0
R. Torres,Róger Mauricio Torres Hoya,92312,CD Moquegua,CD Moquegua,https://cdn5.wyscout.com/photos/team/public/g-25564_120x120.png,Primera División,"AMF, RW, RCMF",AMF,55,RW,20,RCMF,13,35.0,1991-07-13,300000,2026-12-31,3,117,0,0.18,0,0.01,13.08,29.41,Colombia,"['Colombia', 'United States']",right,169,67,False,1.54,1.54,0.0,0.77,0.0,0.77,1.5,0.0,0.77,1.5,0.77,0,0.0,0,0.0,3.85,0.0,0,0.0,0.14,0,0.0,3,2.31,66.67,0.0,0.0,3.85,40.0,3.08,50.0,0.77,0.0,0.77,0.77,0.0,7.69,30.0,0.77,1.54,0.77,40.77,2.31,0.77,46.92,75.41,25.38,75.76,3.85,80.0,31.54,87.8,11.54,53.33,23.02,36.13,0.0,0.77,0.0,0.77,0.77,100.0,0.0,18.46,79.17,7.69,30.0,5.38,28.57,0.77,1.54,13.08,94.12,75.0,12.31,0,,0,,0,0.0,0.0,0.0,,,0.0,,0.77,1.54,0.77,100.0,3.08,0,0.0
J. Reyes,Jair Spencer Reyes Reyes,-78872,ADT,ADT,https://cdn5.wyscout.com/photos/team/public/g17201_120x120.png,Primera División,"LCMF3, RDMF, AMF",LCMF3,58,RDMF,13,AMF,11,22.0,2004-02-09,0,,3,115,0,0.0,0,0.0,12.52,68.75,Peru,['Peru'],,0,0,False,10.17,7.83,60.0,2.35,100.0,2.35,7.5,0.0,3.13,10.0,1.57,1,0.78,0,0.0,0.0,0.0,0,0.0,0.0,0,0.0,0,0.0,0.0,0.0,0.0,0.78,0.0,0.78,0.0,0.0,0.0,0.0,0.0,0.0,1.57,50.0,0.78,0.0,0.0,20.35,0.0,0.78,32.09,78.05,10.17,61.54,3.13,100.0,27.39,85.71,3.91,40.0,21.53,35.53,0.0,0.0,0.0,0.0,0.0,0.0,0.0,3.91,40.0,1.57,0.0,0.0,0.0,0.0,0.0,4.7,66.67,81.25,12.52,0,,0,,0,0.0,0.0,0.0,,,0.0,,2.35,0.0,0.0,0.0,0.0,0,0.0
S. Ramírez,Sharif Aaron Ramírez Naupari,-204336,Deportivo Garcilaso,Deportivo Garcilaso,https://cdn5.wyscout.com/photos/team/public/g37890_120x120.png,Primera División,"LCMF3, RDMF, LDMF",LCMF3,24,RDMF,22,LDMF,18,23.0,2003-03-13,125000,2026-12-31,7,114,2,0.29,0,0.29,12.63,43.75,Peru,['Peru'],right,176,69,False,2.37,2.37,33.33,1.58,0.0,0.0,0.0,0.0,1.58,2.5,0.79,0,0.0,0,0.0,2.37,1.58,2,1.58,0.23,0,0.0,3,2.37,66.67,66.667,0.0,1.58,0.0,0.79,0.0,0.79,0.0,0.0,2.37,33.33,7.89,50.0,1.58,2.37,0.0,22.89,1.58,1.58,27.63,60.0,12.63,43.75,3.95,100.0,20.53,76.92,5.53,14.29,26.54,38.26,0.23,0.79,0.79,0.0,0.0,0.0,0.79,5.53,28.57,3.16,0.0,0.79,0.0,0.79,0.0,7.89,30.0,50.0,6.32,0,,0,,0,0.0,0.0,0.0,,,0.79,,1.58,0.0,0.0,0.0,0.0,0,0.0
C. Zambrano,Carlos Eduardo Zambrano Alfaro,-411838,Peñarol Reserve,Sport Boys,https://cdn5.wyscout.com/photos/team/public/g-11650_120x120.png,,CB,CB,100,,0,,0,21.0,2005-04-07,0,,1,111,0,0.0,0,0.0,8.92,54.55,Colombia,['Colombia'],,0,0,False,5.68,4.05,40.0,1.62,100.0,0.81,1.5,0.0,3.24,6.0,3.24,1,0.81,0,0.0,0.0,0.0,0,0.0,0.0,0,0.0,0,0.0,0.0,0.0,0.0,0.0,0.0,0.0,0.0,0.0,0.0,0.0,0.0,0.0,0.81,0.0,0.0,0.0,0.0,6.49,0.0,0.81,13.78,88.24,5.68,71.43,0.81,100.0,12.16,93.33,1.62,50.0,21.36,36.27,0.0,0.0,0.0,0.0,0.0,0.0,0.0,0.0,0.0,0.0,0.0,0.0,0.0,0.0,0.0,2.43,33.33,100.0,4.86,0,,0,,0,0.0,0.0,0.0,,,0.81,,1.62,0.0,0.0,0.0,0.0,0,0.0
J. Lugo,José Reinaldo Lugo Quiñónez,162254,FC Cajamarca,FC Cajamarca,https://cdn5.wyscout.com/photos/team/public/g-25565_120x120.png,Primera División,CF,CF,100,,0,,0,33.0,1993-03-31,300000,2026-12-31,3,111,1,1.3,0,0.49,18.65,47.83,Ecuador,['Ecuador'],right,0,0,False,3.24,2.43,33.33,2.43,0.0,0.81,1.3599999999999999,0.0,1.62,2.73,1.62,0,0.0,0,0.0,6.49,0.81,0,0.0,1.05,0,0.0,7,5.68,28.57,14.286,0.0,0.81,100.0,0.0,0.0,0.0,0.0,0.0,4.05,100.0,12.16,60.0,5.68,3.24,0.0,13.78,2.43,0.0,12.16,66.67,4.05,40.0,3.24,100.0,10.54,69.23,0.81,0.0,13.38,11.08,0.4,1.62,0.81,0.0,0.0,0.0,0.81,2.43,33.33,1.62,50.0,0.81,0.0,0.81,0.81,2.43,66.67,100.0,1.62,0,,0,,0,0.0,0.0,0.0,,,0.0,,2.43,0.81,0.81,0.0,0.0,1,100.0
J. Quiñones,Juan Jesús Quiñones Goicochea,-78802,Alianza Atlético,Alianza Atlético,https://cdn5.wyscout.com/photos/team/public/545_120x120.png,Primera División,LB,LB,100,,0,,0,25.0,2001-03-25,300000,2026-12-31,1,109,0,0.0,0,0.0,9.91,58.33,Peru,['Peru'],left,184,72,False,4.95,3.3,50.0,3.3,100.0,0.8300000000000001,1.5,0.0,2.48,4.5,1.65,0,0.0,0,0.0,0.8300000000000001,0.0,0,0.0,0.0,0,0.0,0,0.0,0.0,0.0,0.0,2.48,33.33,2.48,33.33,0.0,0.0,0.0,0.8300000000000001,0.0,1.65,0.0,0.8300000000000001,0.8300000000000001,0.8300000000000001,13.21,3.3,0.0,24.77,80.0,9.91,75.0,0.8300000000000001,100.0,19.82,91.67,2.48,33.33,21.93,50.86,0.0,0.0,0.0,0.0,0.0,0.0,0.8300000000000001,2.48,66.67,0.8300000000000001,100.0,0.0,0.0,0.8300000000000001,0.8300000000000001,4.95,83.33,100.0,7.43,0,,0,,0,0.0,0.0,0.0,,,0.0,,3.3,0.0,0.0,0.0,0.0,0,0.0
Y. Gamero,Yimy Manuel Gamero López,-213785,Melgar,Melgar,https://cdn5.wyscout.com/photos/team/public/546_120x120.png,Primera División,"RDMF, DMF, RAMF",RDMF,30,DMF,23,RAMF,22,24.0,2002-01-07,400000,2026-12-31,4,106,0,0.01,0,0.25,11.89,35.71,Peru,['Peru'],right,175,66,False,5.09,3.4,50.0,4.25,20.0,0.0,0.0,0.85,3.4,5.0,0.0,0,0.0,0,0.0,0.85,0.0,0,0.0,0.01,0,0.0,1,0.85,0.0,0.0,0.0,1.7000000000000002,0.0,0.85,0.0,0.85,0.0,0.0,0.0,0.0,3.4,25.0,0.85,0.0,0.0,9.34,0.0,0.85,15.28,77.78,4.25,80.0,3.4,100.0,13.58,87.5,0.0,0.0,23.07,0.0,0.21,0.85,0.0,0.0,0.85,100.0,0.85,0.0,0.0,1.7000000000000002,50.0,0.85,100.0,0.85,0.0,0.85,100.0,60.0,4.25,0,,0,,0,0.0,0.0,0.0,,,0.0,,4.25,0.85,0.0,0.0,0.0,0,0.0
M. Cari,Mart Piero Cari Velarde,-473003,Alianza Lima,Alianza Lima,https://cdn5.wyscout.com/photos/team/public/551_120x120.png,Primera División,"AMF, LAMF, RAMF",AMF,51,LAMF,22,RAMF,17,19.0,2007-08-21,0,2027-12-31,4,102,0,0.0,0,0.1,23.82,33.33,Peru,['Peru'],unknown,0,0,False,6.18,7.06,62.5,0.88,100.0,0.0,0.0,0.0,1.76,2.73,0.0,0,0.0,0,0.0,1.76,0.0,0,0.0,0.0,0,0.0,0,0.0,0.0,0.0,0.0,1.76,50.0,0.88,100.0,0.88,0.0,0.0,3.5300000000000002,25.0,15.0,17.65,1.76,5.29,0.88,25.59,1.76,0.88,32.65,89.19,5.29,66.67,6.18,100.0,29.12,93.94,2.65,33.33,18.36,23.6,0.09,1.76,0.0,0.0,0.0,0.0,0.0,2.65,66.67,1.76,100.0,0.88,0.0,0.88,0.88,2.65,66.67,93.75,14.12,0,,0,,0,0.0,0.0,0.0,,,0.0,,0.88,0.0,0.0,0.0,0.88,0,0.0
J. Cuenca,Joao Stefhano Cuenca Melgar,-592026,Sporting Cristal,Sporting Cristal,https://cdn5.wyscout.com/photos/team/public/541_120x120.png,Primera División,"RW, RB, RWB",RW,59,RB,23,RWB,16,19.0,2007-04-19,0,,3,101,0,0.0,0,0.55,32.08,41.67,Peru,['Peru'],unknown,0,0,False,9.8,11.58,53.85,7.13,25.0,0.0,0.0,0.0,3.56,5.71,0.89,0,0.0,0,0.0,7.13,0.0,0,0.0,0.0,0,0.0,0,0.0,0.0,0.0,0.0,6.24,42.86,0.0,0.0,6.24,42.86,0.89,8.02,55.56,10.69,41.67,0.89,5.35,0.0,21.39,3.56,0.89,31.19,74.29,8.02,88.89,3.56,75.0,24.95,82.14,0.0,0.0,12.81,0.0,0.49,1.78,0.89,0.0,0.0,0.0,1.78,0.89,100.0,6.24,42.86,0.0,0.0,0.89,2.67,5.35,83.33,64.29,12.48,0,,0,,0,0.0,0.0,0.0,,,0.0,,7.13,0.0,0.0,0.0,0.0,0,0.0
L. Alburqueque,Luiggi Aldair Alburqueque Sánchez,-219028,Alianza Atlético,Alianza Atlético,https://cdn5.wyscout.com/photos/team/public/545_120x120.png,Primera División,"RB, RDMF",RB,87,RDMF,12,,0,23.0,2002-11-14,150000,2026-12-31,2,100,0,0.0,0,0.04,17.1,52.63,Peru,['Peru'],right,0,0,False,11.7,10.8,50.0,4.5,60.0,0.0,0.0,0.0,6.3,10.0,1.8,1,0.9,0,0.0,1.8,0.0,0,0.0,0.0,0,0.0,0,0.0,0.0,0.0,0.0,2.7,66.67,0.0,0.0,2.7,66.67,0.0,0.0,0.0,0.0,0.0,0.0,0.9,0.0,18.9,2.7,0.0,32.4,80.56,11.7,76.92,5.4,100.0,27.0,83.33,2.7,66.67,21.67,19.91,0.03,0.9,0.0,0.0,0.0,0.0,0.0,2.7,33.33,2.7,66.67,0.0,0.0,0.0,1.8,6.3,100.0,76.92,11.7,0,,0,,0,0.0,0.0,0.0,,,1.8,,4.5,0.0,0.0,0.0,0.0,0,0.0
J. Carhuallanqui,Jack Forsith Carhuallanqui Navarro,-99441,Juan Pablo II College,Juan Pablo II College,https://cdn5.wyscout.com/photos/team/public/g-23170_120x120.png,Primera División,"LCMF, RCMF, DMF",LCMF,54,RCMF,28,DMF,10,22.0,2004-05-09,0,2028-12-31,3,99,0,0.0,0,0.0,13.64,46.67,Peru,['Peru'],right,173,0,False,7.27,4.55,60.0,2.73,33.33,0.91,1.67,0.0,3.64,6.67,1.82,0,0.0,0,0.0,0.0,0.0,0,0.0,0.0,0,0.0,0,0.0,0.0,0.0,0.0,0.0,0.0,0.0,0.0,0.0,0.0,0.0,0.0,0.0,3.64,50.0,0.0,0.0,0.0,20.0,0.91,2.73,30.0,93.94,4.55,80.0,7.27,100.0,29.09,93.75,0.91,100.0,15.86,17.89,0.0,0.0,0.0,0.0,0.0,0.0,0.0,0.91,100.0,0.0,0.0,0.0,0.0,0.0,0.0,1.82,50.0,92.31,11.82,0,,0,,0,0.0,0.0,0.0,,,0.91,,2.73,0.0,0.0,0.0,0.0,0,0.0
D. Otoya,Diego Martín Otoya Torres,-332930,Monterey Bay FC,Sporting Cristal,https://cdn5.wyscout.com/photos/team/public/g-15157_120x120.png,USL Championship,"CF, RCMF3",CF,85,RCMF3,14,,0,21.0,2004-09-13,0,2027-12-31,4,98,0,0.02,0,0.0,17.45,15.79,United States,"['United States', 'Peru']",right,188,72,True,1.8399999999999999,1.8399999999999999,0.0,4.59,0.0,0.0,0.0,0.92,1.8399999999999999,3.5300000000000002,1.8399999999999999,0,0.0,0,0.0,0.0,0.0,0,0.0,0.02,0,0.0,2,1.8399999999999999,0.0,0.0,0.0,0.0,0.0,0.0,0.0,0.0,0.0,0.0,0.0,0.0,6.43,14.29,0.92,0.0,0.0,4.59,1.8399999999999999,1.8399999999999999,4.59,100.0,0.92,100.0,2.76,100.0,4.59,100.0,0.0,0.0,5.94,0.0,0.0,0.0,0.0,0.0,0.0,0.0,0.0,0.0,0.0,0.92,100.0,0.0,0.0,0.92,0.0,0.92,100.0,0.0,0.0,0,,0,,0,0.0,0.0,0.0,,,0.0,,4.59,0.0,0.0,0.0,0.0,0,0.0
A. Rosell,José Anthony Rosell Delgado,337827,Deportivo Garcilaso,Deportivo Garcilaso,https://cdn5.wyscout.com/photos/team/public/g37890_120x120.png,Primera División,LB,LB,92,,0,,0,31.0,1995-04-20,350000,2026-12-31,3,98,0,0.0,0,0.0,5.51,33.33,Peru,['Peru'],left,176,70,False,7.35,2.76,66.67,0.92,0.0,0.0,0.0,0.92,5.51,11.25,0.0,0,0.0,0,0.0,0.0,0.0,0,0.0,0.0,0,0.0,0,0.0,0.0,0.0,0.0,0.92,0.0,0.92,0.0,0.0,0.0,0.0,0.0,0.0,0.92,0.0,0.92,0.0,0.0,16.53,1.8399999999999999,0.0,21.12,82.61,9.18,80.0,2.76,100.0,16.53,88.89,3.67,75.0,22.01,34.29,0.0,0.0,0.0,0.0,0.0,0.0,0.0,3.67,75.0,0.0,0.0,0.0,0.0,0.0,0.0,5.51,100.0,71.43,6.43,0,,0,,0,0.0,0.0,0.0,,,0.0,,0.92,0.0,0.0,0.0,0.0,0,0.0
G. Viscarra,Guillermo Viscarra Bruckner,281359,Alianza Lima,Alianza Lima,https://cdn5.wyscout.com/photos/team/public/551_120x120.png,Primera División,GK,GK,100,,0,,0,33.0,1993-02-07,500000,2026-12-31,1,97,0,0.0,0,0.0,0.0,0.0,Bolivia,['Bolivia'],right,190,80,False,1.8599999999999999,0.0,0.0,0.0,0.0,0.0,0.0,0.0,1.8599999999999999,2.14,0.0,0,0.0,0,0.0,0.0,0.0,0,0.0,0.0,0,0.0,0,0.0,0.0,0.0,0.0,0.0,0.0,0.0,0.0,0.0,0.0,0.0,0.0,0.0,0.0,0.0,0.0,0.0,0.0,6.49,0.0,0.0,17.63,84.21,7.42,62.5,0.0,0.0,11.13,100.0,6.49,57.14,32.22,54.89,0.0,0.0,0.0,0.0,0.0,0.0,0.0,4.64,40.0,0.0,0.0,0.0,0.0,0.0,0.0,3.71,100.0,100.0,8.35,1,0.93,5,4.64,0,80.0,0.33,0.31,-0.67,-0.622,0.0,0.0,0.0,,,,0.0,0,0.0
Carlos Saavedra,Carlos Orlando  Saavedra Fernández,-556800,Comerciantes Unidos U18,Comerciantes Unidos,https://cdn5.wyscout.com/photos/team/public/g-25222_120x120.png,Torneo Nacional Juvenil Sub 18,"RWF, LCMF3, RAMF",RWF,51,LCMF3,22,RAMF,16,18.0,2007-10-29,0,2026-12-31,3,96,0,0.0,0,0.0,28.13,30.0,Peru,['Peru'],unknown,0,0,False,5.63,8.44,33.33,1.88,0.0,0.0,0.0,0.0,2.81,4.5,4.69,1,0.9400000000000001,0,0.0,3.75,0.0,0,0.0,0.0,0,0.0,0,0.0,0.0,0.0,0.0,2.81,33.33,0.0,0.0,2.81,33.33,0.0,6.5600000000000005,42.86,13.13,35.71,0.0,0.0,0.0,6.5600000000000005,0.9400000000000001,3.75,9.38,40.0,2.81,33.33,0.9400000000000001,100.0,5.63,50.0,1.88,50.0,22.27,23.38,0.0,0.0,0.0,0.0,0.0,0.0,0.0,0.9400000000000001,0.0,0.9400000000000001,0.0,0.0,0.0,0.0,0.9400000000000001,0.9400000000000001,0.0,66.67,2.81,0,,0,,0,0.0,0.0,0.0,,,0.0,,1.88,0.0,0.0,0.0,0.0,0,0.0
A. Quiñónez,Aldo Emmanuel Quiñónez Ayala,408395,Sport Huancayo,Sport Huancayo,https://cdn5.wyscout.com/photos/team/public/1671_120x120.png,Primera División,"LDMF, RDMF, RCMF",LDMF,29,RDMF,21,RCMF,20,35.0,1991-02-08,0,2026-12-31,5,94,0,0.01,0,0.13,16.28,23.53,Paraguay,['Paraguay'],right,175,72,False,7.66,6.7,28.57,0.0,0.0,0.96,1.43,0.0,4.79,7.14,3.83,1,0.96,0,0.0,0.96,0.0,0,0.0,0.01,0,0.0,1,0.96,100.0,0.0,0.0,0.96,0.0,0.96,0.0,0.0,0.0,0.0,0.0,0.0,7.66,0.0,0.0,0.96,0.0,29.68,0.96,0.96,40.21,78.57,7.66,75.0,6.7,85.71,37.34,82.05,1.9100000000000001,50.0,20.26,20.61,0.12,1.9100000000000001,0.0,0.0,0.0,0.0,0.0,5.74,50.0,0.0,0.0,0.96,100.0,0.0,0.0,3.83,50.0,82.35,16.28,0,,0,,0,0.0,0.0,0.0,,,0.96,,0.0,0.0,0.0,0.0,1.9100000000000001,0,0.0
M. Portillo,Marcos Ezequiel Portillo,486394,Melgar,Melgar,https://cdn5.wyscout.com/photos/team/public/546_120x120.png,Primera División,"RCMF, AMF",RCMF,55,AMF,22,,0,26.0,2000-01-31,0,2027-12-31,5,92,0,0.09,0,0.01,15.65,56.25,Argentina,['Argentina'],right,174,70,True,5.87,2.93,66.67,2.93,66.67,0.0,0.0,0.0,3.91,6.67,2.93,1,0.98,0,0.0,0.98,0.0,0,0.0,0.09,0,0.0,1,0.98,0.0,0.0,0.0,0.98,0.0,0.0,0.0,0.98,0.0,0.0,2.93,33.33,7.83,50.0,0.98,4.89,1.96,45.98,0.98,1.96,58.7,78.33,18.59,68.42,4.89,100.0,48.91,84.0,8.8,55.56,18.47,16.23,0.01,0.98,0.0,0.0,0.0,0.0,0.98,17.61,66.67,2.93,33.33,0.0,0.0,0.98,0.0,13.7,78.57,80.77,25.43,0,,0,,0,0.0,0.0,0.0,,,0.0,,2.93,2.93,0.0,0.0,0.0,0,0.0
S. Villacorta,Samir Héctor Villacorta Villacorta,-556835,Deportivo Garcilaso,Deportivo Garcilaso,https://cdn5.wyscout.com/photos/team/public/g37890_120x120.png,Primera División,"RB, LCMF3, RWF",RB,64,LCMF3,15,RWF,10,22.0,2004-08-13,0,2026-12-31,4,91,0,0.0,0,0.18,15.82,62.5,Peru,['Peru'],,0,0,False,10.88,11.87,58.33,0.0,0.0,0.99,1.76,0.0,2.9699999999999998,5.29,0.0,0,0.0,0,0.0,1.98,0.0,0,0.0,0.0,0,0.0,0,0.0,0.0,0.0,0.0,0.99,0.0,0.0,0.0,0.99,0.0,0.0,1.98,100.0,3.96,75.0,1.98,1.98,0.0,13.85,0.99,0.0,23.74,70.83,8.9,33.33,3.96,100.0,21.76,77.27,0.99,0.0,18.48,11.83,0.18,0.99,0.0,0.0,0.0,0.0,0.99,3.96,25.0,2.9699999999999998,66.67,0.0,0.0,1.98,0.0,2.9699999999999998,66.67,100.0,5.93,0,,0,,0,0.0,0.0,0.0,,,0.99,,0.0,0.0,0.0,0.0,0.0,0,0.0
K. Moreno,Kevin Manuel Moreno Alzamora,471605,,CD Moquegua,,,LB,LB,100,,0,,0,29.0,1997-05-08,175000,,1,86,0,0.0,0,0.0,8.37,75.0,Peru,['Peru'],left,178,71,False,11.51,7.33,71.43,0.0,0.0,0.0,0.0,0.0,6.28,9.0,0.0,0,0.0,0,0.0,0.0,0.0,0,0.0,0.0,0,0.0,0,0.0,0.0,0.0,0.0,0.0,0.0,0.0,0.0,0.0,0.0,0.0,0.0,0.0,0.0,0.0,0.0,0.0,0.0,10.47,1.05,0.0,24.07,69.57,16.74,56.25,0.0,0.0,18.84,77.78,5.23,40.0,20.75,41.81,0.0,0.0,0.0,0.0,0.0,0.0,0.0,3.14,33.33,1.05,0.0,0.0,0.0,0.0,0.0,8.37,50.0,100.0,4.19,0,,0,,0,0.0,0.0,0.0,,,0.0,,0.0,0.0,0.0,0.0,0.0,0,0.0
S. Gálvez,Santiago Gálvez del Cuadro,-414874,UTC Cajamarca,UTC Cajamarca,https://cdn5.wyscout.com/photos/team/public/g6809_120x120.png,Primera División,"RW, RWF",RW,74,RWF,17,,0,22.0,2004-01-03,0,,4,85,0,0.0,0,0.29,23.29,36.36,Peru,['Peru'],,0,0,False,6.35,6.35,33.33,3.18,33.33,0.0,0.0,0.0,4.24,8.57,2.12,0,0.0,0,0.0,5.29,0.0,0,0.0,0.0,0,0.0,0,0.0,0.0,0.0,0.0,2.12,50.0,0.0,0.0,2.12,50.0,1.06,5.29,80.0,10.59,50.0,3.18,0.0,0.0,9.53,0.0,1.06,16.94,75.0,4.24,75.0,5.29,100.0,13.76,84.62,1.06,0.0,14.79,7.38,0.30000000000000004,1.06,0.0,0.0,0.0,0.0,1.06,3.18,66.67,0.0,0.0,0.0,0.0,0.0,1.06,3.18,66.67,50.0,4.24,0,,0,,0,0.0,0.0,0.0,,,1.06,,3.18,0.0,0.0,0.0,0.0,0,0.0
J. Vega,Jhon Richard Vega Ramos,473830,FC Cajamarca,FC Cajamarca,https://cdn5.wyscout.com/photos/team/public/g-25565_120x120.png,Primera División,"RCMF, RDMF",RCMF,57,RDMF,35,,0,31.0,1995-03-21,200000,2026-12-31,4,85,0,0.06,0,0.1,5.29,40.0,Peru,['Peru'],right,181,0,False,4.24,3.18,33.33,1.06,0.0,1.06,2.31,0.0,2.12,4.62,1.06,0,0.0,0,0.0,1.06,0.0,0,0.0,0.06,0,0.0,1,1.06,100.0,0.0,0.0,0.0,0.0,0.0,0.0,0.0,0.0,0.0,0.0,0.0,0.0,0.0,0.0,0.0,0.0,18.0,0.0,0.0,20.12,89.47,7.41,85.71,4.24,100.0,18.0,88.24,2.12,100.0,17.41,16.6,0.11,1.06,0.0,0.0,0.0,0.0,1.06,1.06,100.0,1.06,100.0,0.0,0.0,1.06,0.0,1.06,100.0,85.71,7.41,0,,0,,0,0.0,0.0,0.0,,,0.0,,1.06,0.0,0.0,0.0,0.0,0,0.0
J. Serrato,Jossimar Leandro Serrato,241026,Juan Pablo II College,Juan Pablo II College,https://cdn5.wyscout.com/photos/team/public/g-23170_120x120.png,Primera División,CF,CF,91,,0,,0,33.0,1992-08-09,0,,3,84,0,0.02,0,0.0,10.71,40.0,Peru,['Peru'],,173,64,False,3.21,3.21,66.67,3.21,0.0,0.0,0.0,0.0,1.07,1.67,1.07,0,0.0,0,0.0,1.07,0.0,0,0.0,0.02,0,0.0,1,1.07,0.0,0.0,0.0,1.07,0.0,1.07,0.0,0.0,0.0,0.0,2.14,50.0,4.29,50.0,2.14,2.14,0.0,2.14,0.0,1.07,6.43,66.67,1.07,0.0,2.14,100.0,5.36,80.0,0.0,0.0,43.43,0.0,0.0,0.0,0.0,0.0,0.0,0.0,0.0,0.0,0.0,0.0,0.0,0.0,0.0,0.0,0.0,1.07,0.0,100.0,1.07,0,,0,,0,0.0,0.0,0.0,,,0.0,,3.21,0.0,0.0,0.0,0.0,0,0.0
K. Paico,Keyvin Rubén Paico Dios,443176,FC Cajamarca,FC Cajamarca,https://cdn5.wyscout.com/photos/team/public/g-25565_120x120.png,Primera División,"LDMF, RCMF",LDMF,83,RCMF,16,,0,31.0,1995-04-08,250000,2026-12-31,2,83,0,0.0,0,0.0,14.1,53.85,Peru,['Peru'],right,170,72,False,13.01,6.51,66.67,0.0,0.0,3.25,6.0,0.0,5.42,10.0,1.08,1,1.08,0,0.0,0.0,0.0,0,0.0,0.0,0,0.0,0,0.0,0.0,0.0,0.0,0.0,0.0,0.0,0.0,0.0,0.0,0.0,0.0,0.0,2.17,0.0,0.0,0.0,0.0,18.43,0.0,0.0,35.78,90.91,5.42,60.0,4.34,75.0,32.53,96.67,3.25,33.33,16.05,20.84,0.0,0.0,0.0,0.0,0.0,0.0,0.0,4.34,50.0,0.0,0.0,0.0,0.0,0.0,0.0,3.25,66.67,100.0,19.52,0,,0,,0,0.0,0.0,0.0,,,0.0,,0.0,0.0,0.0,0.0,0.0,0,0.0
M. Negrón Guerrini,Marcello Negrón Guerrini,-808578,CD Moquegua,CD Moquegua,https://cdn5.wyscout.com/photos/team/public/g-25564_120x120.png,Primera División,"CF, RW, LCMF3",CF,60,RW,19,LCMF3,16,21.0,2005-07-19,0,,4,79,0,0.0,0,0.0,11.39,10.0,Peru,['Peru'],right,0,0,False,1.1400000000000001,2.2800000000000002,50.0,2.2800000000000002,0.0,0.0,0.0,0.0,0.0,0.0,1.1400000000000001,0,0.0,0,0.0,0.0,0.0,0,0.0,0.0,0,0.0,0,0.0,0.0,0.0,0.0,2.2800000000000002,0.0,0.0,0.0,2.2800000000000002,0.0,1.1400000000000001,0.0,0.0,6.84,0.0,2.2800000000000002,0.0,0.0,11.39,0.0,0.0,13.67,66.67,1.1400000000000001,100.0,2.2800000000000002,100.0,11.39,80.0,0.0,0.0,18.53,0.0,0.0,0.0,0.0,0.0,0.0,0.0,0.0,0.0,0.0,1.1400000000000001,0.0,0.0,0.0,0.0,0.0,0.0,0.0,66.67,6.84,0,,0,,0,0.0,0.0,0.0,,,0.0,,2.2800000000000002,0.0,0.0,0.0,0.0,0,0.0
J. Sánchez,Jhon Jairo Sánchez Enríquez,324694,Comerciantes Unidos,Comerciantes Unidos,https://cdn5.wyscout.com/photos/team/public/g17195_120x120.png,Primera División,"LW, RW, RAMF",LW,50,RW,28,RAMF,21,27.0,1999-07-30,300000,2026-12-31,2,78,0,0.0,0,0.0,5.77,20.0,Ecuador,['Ecuador'],right,175,0,False,2.31,0.0,0.0,1.15,0.0,0.0,0.0,0.0,2.31,5.45,0.0,0,0.0,0,0.0,0.0,0.0,0,0.0,0.0,0,0.0,0,0.0,0.0,0.0,0.0,1.15,0.0,0.0,0.0,1.15,0.0,0.0,0.0,0.0,3.46,33.33,1.15,1.15,0.0,28.85,2.31,1.15,33.46,72.41,3.46,0.0,10.38,100.0,28.85,84.0,3.46,0.0,25.73,51.29,0.0,0.0,0.0,0.0,0.0,0.0,0.0,3.46,0.0,4.62,0.0,0.0,0.0,0.0,0.0,2.31,50.0,68.75,18.46,0,,0,,0,0.0,0.0,0.0,,,1.15,,1.15,0.0,0.0,0.0,0.0,0,0.0
E. García,Emerson García,-808354,ADT,ADT,https://cdn5.wyscout.com/photos/team/public/g17201_120x120.png,Primera División,"RW, RWB",RW,81,RWB,11,,0,18.0,2008-02-11,0,,3,74,0,0.05,0,0.0,23.11,47.37,Peru,['Peru'],unknown,0,0,False,7.3,6.08,40.0,0.0,0.0,1.22,2.73,0.0,3.65,8.18,3.65,0,0.0,0,0.0,1.22,0.0,0,0.0,0.06,0,0.0,3,3.65,0.0,0.0,0.0,0.0,0.0,0.0,0.0,0.0,0.0,0.0,1.22,100.0,12.16,50.0,1.22,1.22,0.0,23.11,3.65,3.65,26.76,77.27,6.08,60.0,3.65,100.0,25.54,76.19,1.22,100.0,14.12,15.19,0.0,0.0,0.0,0.0,0.0,0.0,0.0,0.0,0.0,2.43,50.0,0.0,0.0,0.0,0.0,2.43,0.0,66.67,10.95,0,,0,,0,0.0,0.0,0.0,,,0.0,,0.0,0.0,0.0,0.0,0.0,0,0.0
L. Solís,Augusto Leonel Solís Ramírez,445820,Sport Boys,Sport Boys,https://cdn5.wyscout.com/photos/team/public/552_120x120.png,Primera División,"LDMF, LW, LCMF",LDMF,58,LW,22,LCMF,18,29.0,1996-08-30,400000,2027-12-31,4,73,0,0.0,0,0.02,7.4,50.0,Peru,['Peru'],right,181,76,False,4.93,3.7,66.67,0.0,0.0,0.0,0.0,0.0,2.47,4.62,2.47,1,1.23,0,0.0,0.0,0.0,0,0.0,0.0,0,0.0,2,2.47,0.0,0.0,0.0,0.0,0.0,0.0,0.0,0.0,0.0,0.0,0.0,0.0,1.23,0.0,1.23,0.0,0.0,23.42,0.0,1.23,25.89,80.95,6.16,60.0,1.23,100.0,24.66,85.0,1.23,0.0,14.1,6.05,0.02,1.23,0.0,0.0,0.0,0.0,0.0,4.93,50.0,0.0,0.0,1.23,0.0,1.23,0.0,3.7,33.33,100.0,11.1,0,,0,,0,0.0,0.0,0.0,,,0.0,,0.0,0.0,0.0,0.0,0.0,0,0.0
J. Gonzáles,Juan Carlos Gonzáles Peña,-78845,Sport Boys,Sport Boys,https://cdn5.wyscout.com/photos/team/public/552_120x120.png,Primera División,"CF, LWB, LAMF",CF,45,LWB,36,LAMF,18,22.0,2003-08-20,0,2026-12-31,3,68,0,0.06,0,0.52,6.62,60.0,Peru,['Peru'],,164,0,False,3.9699999999999998,1.32,100.0,1.32,0.0,0.0,0.0,0.0,2.65,6.0,0.0,0,0.0,0,0.0,2.65,0.0,0,0.0,0.08,0,0.0,1,1.32,0.0,0.0,0.0,1.32,100.0,1.32,100.0,0.0,0.0,0.0,2.65,50.0,2.65,50.0,2.65,0.0,0.0,13.24,3.9699999999999998,0.0,14.56,90.91,2.65,50.0,3.9699999999999998,100.0,13.24,90.0,0.0,0.0,10.33,0.0,0.6900000000000001,1.32,0.0,0.0,1.32,0.0,1.32,1.32,0.0,1.32,100.0,1.32,0.0,1.32,1.32,2.65,100.0,100.0,5.29,0,,0,,0,0.0,0.0,0.0,,,0.0,,1.32,0.0,0.0,0.0,0.0,0,0.0
E. Correa,Eslyn Imanol Correa Vilela,-414873,Atlético Grau,Atlético Grau,https://cdn5.wyscout.com/photos/team/public/3746_120x120.png,Primera División,"RCMF, AMF, DMF",RCMF,40,AMF,34,DMF,18,21.0,2005-06-29,0,,4,66,0,0.0,0,0.0,16.36,33.33,Peru,['Peru'],,0,0,False,6.82,8.18,50.0,1.3599999999999999,100.0,1.3599999999999999,1.76,0.0,1.3599999999999999,1.76,1.3599999999999999,0,0.0,0,0.0,0.0,0.0,0,0.0,0.0,0,0.0,0,0.0,0.0,0.0,0.0,0.0,0.0,0.0,0.0,0.0,0.0,0.0,0.0,0.0,6.82,0.0,1.3599999999999999,0.0,0.0,16.36,1.3599999999999999,0.0,31.36,65.22,16.36,50.0,1.3599999999999999,100.0,27.27,75.0,4.09,0.0,19.48,25.95,0.0,0.0,0.0,0.0,0.0,0.0,0.0,8.18,33.33,1.3599999999999999,0.0,0.0,0.0,0.0,0.0,5.45,25.0,85.71,9.55,0,,0,,0,0.0,0.0,0.0,,,0.0,,1.3599999999999999,0.0,0.0,0.0,0.0,0,0.0
C. Espinoza,Cesar manuel Flores espinoza,-796930,Deportivo Garcilaso U18,Deportivo Garcilaso,https://cdn5.wyscout.com/photos/team/public/g-25233_120x120.png,Torneo Nacional Juvenil Sub 18,LDMF,LDMF,100,,0,,0,18.0,2008-01-08,0,,1,66,0,0.0,0,0.0,8.18,33.33,Peru,['Peru'],unknown,0,0,False,4.09,1.3599999999999999,100.0,2.73,50.0,0.0,0.0,0.0,2.73,3.0,1.3599999999999999,0,0.0,0,0.0,0.0,0.0,0,0.0,0.0,0,0.0,0,0.0,0.0,0.0,0.0,0.0,0.0,0.0,0.0,0.0,0.0,0.0,0.0,0.0,1.3599999999999999,0.0,0.0,0.0,0.0,13.64,0.0,0.0,20.45,80.0,4.09,33.33,1.3599999999999999,100.0,20.45,80.0,0.0,0.0,14.37,0.0,0.0,0.0,0.0,0.0,0.0,0.0,0.0,0.0,0.0,0.0,0.0,0.0,0.0,0.0,0.0,4.09,33.33,100.0,6.82,0,,0,,0,0.0,0.0,0.0,,,0.0,,2.73,0.0,0.0,0.0,0.0,0,0.0
A. Flores,Arnold Enrique Flores Ruíz,-586311,Atlético Grau,Atlético Grau,https://cdn5.wyscout.com/photos/team/public/3746_120x120.png,Primera División,"LAMF, LB, LWB",LAMF,44,LB,32,LWB,22,22.0,2004-06-29,0,,3,58,0,0.37,0,0.0,18.62,41.67,Peru,['Peru'],,0,0,False,7.76,12.41,62.5,3.1,0.0,0.0,0.0,0.0,0.0,0.0,6.21,0,0.0,0,0.0,0.0,0.0,0,0.0,0.5700000000000001,0,0.0,1,1.55,0.0,0.0,0.0,3.1,0.0,3.1,0.0,0.0,0.0,0.0,0.0,0.0,0.0,0.0,1.55,1.55,0.0,21.72,3.1,0.0,27.93,66.67,9.31,66.67,4.66,66.67,18.62,75.0,6.21,75.0,22.49,13.87,0.0,0.0,0.0,0.0,0.0,0.0,0.0,4.66,33.33,3.1,0.0,1.55,100.0,0.0,1.55,7.76,40.0,33.33,4.66,0,,0,,0,0.0,0.0,0.0,,,1.55,,3.1,1.55,0.0,0.0,0.0,0,0.0
A. Moyano,Axel Aarón Moyano Durand,-63668,FC Cajamarca,FC Cajamarca,https://cdn5.wyscout.com/photos/team/public/g-25565_120x120.png,Primera División,"LDMF, LCMF, RCMF",LDMF,43,LCMF,36,RCMF,19,25.0,2001-01-03,325000,2026-12-31,4,58,0,0.0,0,0.0,12.41,12.5,Peru,['Peru'],right,172,61,False,3.1,3.1,0.0,4.66,0.0,0.0,0.0,1.55,3.1,5.0,4.66,1,1.55,0,0.0,0.0,0.0,0,0.0,0.0,0,0.0,0,0.0,0.0,0.0,0.0,0.0,0.0,0.0,0.0,0.0,0.0,0.0,0.0,0.0,0.0,0.0,0.0,0.0,0.0,10.86,0.0,1.55,15.52,90.0,4.66,100.0,4.66,66.67,15.52,90.0,0.0,0.0,14.14,0.0,0.0,0.0,0.0,0.0,0.0,0.0,0.0,1.55,100.0,0.0,0.0,0.0,0.0,0.0,0.0,1.55,0.0,100.0,6.21,0,,0,,0,0.0,0.0,0.0,,,0.0,,4.66,0.0,0.0,0.0,0.0,0,0.0
Y. Lopez,Yhonier Andrés Lopez Murillo,-300003,,CD Moquegua,,,"CF, LW",CF,60,LW,39,,0,22.0,2004-02-27,0,,2,54,0,0.30000000000000004,0,0.16,30.0,50.0,Colombia,['Colombia'],unknown,0,0,False,11.67,6.67,100.0,6.67,50.0,0.0,0.0,0.0,5.0,7.5,0.0,0,0.0,0,0.0,6.67,0.0,0,0.0,0.49,0,0.0,4,6.67,50.0,0.0,0.0,3.33,100.0,1.67,100.0,1.67,100.0,0.0,0.0,0.0,13.33,37.5,6.67,3.33,5.0,11.67,1.67,0.0,18.33,72.73,3.33,100.0,3.33,50.0,15.0,66.67,0.0,0.0,23.03,0.0,0.27,1.67,0.0,0.0,0.0,0.0,3.33,1.67,100.0,3.33,100.0,0.0,0.0,1.67,3.33,8.33,80.0,83.33,10.0,0,,0,,0,0.0,0.0,0.0,,,0.0,,6.67,0.0,0.0,0.0,0.0,0,0.0
J. Barreto Quijano,Jorge Alberto  Barreto Quijano,-721823,Juan Pablo II U18,Juan Pablo II College,https://cdn5.wyscout.com/photos/team/public/g-25223_120x120.png,Torneo Nacional Juvenil Sub 18,"LW, RW, RWF",LW,56,RW,30,RWF,12,18.0,2008-05-02,0,,4,52,0,0.77,0,0.0,13.85,37.5,Peru,['Peru'],,0,0,False,1.73,0.0,0.0,3.46,0.0,0.0,0.0,0.0,1.73,3.75,0.0,0,0.0,0,0.0,6.92,0.0,0,0.0,1.33,0,0.0,3,5.19,66.67,0.0,0.0,1.73,0.0,1.73,0.0,0.0,0.0,0.0,3.46,100.0,6.92,75.0,8.65,1.73,0.0,15.58,0.0,1.73,20.77,66.67,5.19,33.33,3.46,100.0,13.85,100.0,5.19,0.0,15.3,19.05,0.0,0.0,0.0,0.0,0.0,0.0,0.0,1.73,0.0,1.73,100.0,0.0,0.0,1.73,0.0,1.73,100.0,66.67,5.19,0,,0,,0,0.0,0.0,0.0,,,0.0,,3.46,0.0,0.0,0.0,0.0,0,0.0
G. Castillo Lurita,Gerson Jose  Castillo Lurita,-793345,Sporting Cristal,Sporting Cristal,https://cdn5.wyscout.com/photos/team/public/541_120x120.png,Primera División,"DMF, LDMF",DMF,76,LDMF,23,,0,17.0,2008-07-24,0,,2,51,0,0.0,0,0.28,15.88,55.56,Peru,['Peru'],unknown,0,0,False,14.12,10.59,66.67,0.0,0.0,0.0,0.0,0.0,7.06,17.14,0.0,0,0.0,0,0.0,0.0,0.0,0,0.0,0.0,0,0.0,0,0.0,0.0,0.0,0.0,5.29,0.0,0.0,0.0,5.29,0.0,0.0,3.5300000000000002,0.0,3.5300000000000002,0.0,0.0,5.29,3.5300000000000002,47.65,1.76,1.76,68.82,76.92,38.82,81.82,5.29,66.67,56.47,87.5,7.06,50.0,19.42,21.67,0.49,5.29,0.0,0.0,0.0,0.0,0.0,12.35,71.43,5.29,33.33,0.0,0.0,1.76,0.0,15.88,100.0,80.0,17.65,0,,0,,0,0.0,0.0,0.0,,,0.0,,0.0,0.0,0.0,0.0,7.06,0,0.0
A. Huaman,Alexis Leonell Huaman Romero,-78866,Sport Boys,Sport Boys,https://cdn5.wyscout.com/photos/team/public/552_120x120.png,Primera División,"LAMF, AMF, LWB",LAMF,64,AMF,25,LWB,10,22.0,2004-05-05,0,2026-12-31,3,49,0,0.06,0,0.36,33.06,38.89,Peru,['Peru'],,0,0,False,5.51,9.18,40.0,3.67,50.0,1.8399999999999999,5.0,0.0,0.0,0.0,7.35,0,0.0,0,0.0,1.8399999999999999,0.0,0,0.0,0.12,0,0.0,1,1.8399999999999999,0.0,0.0,0.0,0.0,0.0,0.0,0.0,0.0,0.0,0.0,5.51,33.33,11.02,50.0,5.51,0.0,0.0,9.18,0.0,5.51,16.53,77.78,5.51,66.67,3.67,50.0,16.53,77.78,0.0,0.0,14.17,0.0,0.66,1.8399999999999999,0.0,0.0,0.0,0.0,0.0,0.0,0.0,0.0,0.0,0.0,0.0,1.8399999999999999,0.0,1.8399999999999999,100.0,100.0,7.35,0,,0,,0,0.0,0.0,0.0,,,0.0,,3.67,0.0,0.0,0.0,0.0,0,0.0
J. Astudillo,Julinho Aldair Astudillo Chamorro,-472891,César Vallejo,Cusco,https://cdn5.wyscout.com/photos/team/public/547_120x120.png,,RB,RB,100,,0,,0,21.0,2005-01-07,0,,1,48,0,0.0,0,0.0,13.13,42.86,Peru,['Peru'],right,175,67,True,7.5,7.5,50.0,3.75,50.0,0.0,0.0,0.0,3.75,4.62,0.0,0,0.0,0,0.0,0.0,0.0,0,0.0,0.0,0,0.0,0,0.0,0.0,0.0,0.0,0.0,0.0,0.0,0.0,0.0,0.0,0.0,1.88,0.0,1.88,0.0,0.0,0.0,0.0,5.63,0.0,0.0,15.0,50.0,7.5,75.0,1.88,100.0,15.0,50.0,0.0,0.0,21.64,0.0,0.0,0.0,0.0,0.0,0.0,0.0,0.0,0.0,0.0,1.88,100.0,0.0,0.0,1.88,0.0,11.25,33.33,0.0,3.75,0,,0,,0,0.0,0.0,0.0,,,0.0,,3.75,0.0,0.0,0.0,0.0,0,0.0
I. Garrafa,Inti Amaru Garrafa Tapia,258957,Tacna Heroica,Deportivo Garcilaso,https://cdn5.wyscout.com/photos/team/public/g37897_120x120.png,,"RCMF, LCMF",RCMF,61,LCMF,38,,0,30.0,1995-09-10,0,2026-12-31,2,46,0,0.17,0,0.0,13.7,14.29,Peru,['Peru'],right,175,67,False,1.96,3.91,0.0,1.96,0.0,1.96,4.29,0.0,0.0,0.0,3.91,1,1.96,0,0.0,1.96,0.0,0,0.0,0.33,0,0.0,2,3.91,50.0,0.0,0.0,0.0,0.0,0.0,0.0,0.0,0.0,0.0,0.0,0.0,7.83,25.0,3.91,0.0,0.0,23.48,3.91,1.96,29.35,86.67,7.83,75.0,3.91,100.0,29.35,86.67,0.0,0.0,6.03,0.0,0.0,0.0,0.0,0.0,0.0,0.0,0.0,3.91,50.0,0.0,0.0,0.0,0.0,0.0,0.0,1.96,100.0,100.0,5.87,0,,0,,0,0.0,0.0,0.0,,,0.0,,1.96,0.0,0.0,0.0,0.0,0,0.0
F. Ambrosio,Fernando Ocas Ambrosio,-808313,FC Cajamarca,FC Cajamarca,https://cdn5.wyscout.com/photos/team/public/g-25565_120x120.png,Primera División,"RW, RAMF, LW",RW,56,RAMF,28,LW,15,26.0,2000-08-18,0,,4,46,0,0.0,0,0.0,19.57,60.0,Peru,['Peru'],left,0,0,False,9.78,11.74,50.0,0.0,0.0,0.0,0.0,0.0,3.91,6.67,1.96,0,0.0,0,0.0,3.91,0.0,0,0.0,0.0,0,0.0,0,0.0,0.0,0.0,0.0,1.96,0.0,0.0,0.0,1.96,0.0,0.0,3.91,100.0,7.83,75.0,7.83,3.91,0.0,17.61,1.96,0.0,31.3,68.75,5.87,66.67,1.96,100.0,29.35,73.33,1.96,0.0,15.16,14.08,0.0,0.0,0.0,0.0,0.0,0.0,0.0,0.0,0.0,0.0,0.0,0.0,0.0,0.0,0.0,3.91,0.0,55.56,17.61,0,,0,,0,0.0,0.0,0.0,,,0.0,,0.0,0.0,0.0,0.0,0.0,0,0.0
J. Mendoza Ayala,Joao Neitan  Mendoza Ayala,-793197,Deportivo Garcilaso,Deportivo Garcilaso,https://cdn5.wyscout.com/photos/team/public/g37890_120x120.png,Primera División,"LB, RB",LB,69,RB,21,,0,19.0,2007-02-12,0,,3,46,0,0.0,0,0.0,19.57,70.0,Peru,['Peru'],unknown,0,0,False,5.87,1.96,100.0,0.0,0.0,1.96,3.0,0.0,1.96,3.0,0.0,0,0.0,0,0.0,3.91,0.0,0,0.0,0.0,0,0.0,0,0.0,0.0,0.0,0.0,0.0,0.0,0.0,0.0,0.0,0.0,0.0,3.91,100.0,17.61,66.67,0.0,1.96,0.0,13.7,0.0,5.87,23.48,83.33,7.83,75.0,7.83,100.0,21.52,90.91,1.96,0.0,15.39,6.5,0.0,0.0,0.0,0.0,0.0,0.0,0.0,3.91,50.0,0.0,0.0,0.0,0.0,0.0,0.0,3.91,100.0,0.0,1.96,0,,0,,0,0.0,0.0,0.0,,,0.0,,0.0,0.0,0.0,0.0,0.0,0,0.0
N. Figueroa,Nicolás Amadeo Figueroa Rodriguez,-64486,Melgar,Melgar,https://cdn5.wyscout.com/photos/team/public/546_120x120.png,Primera División,"AMF, LW, LAMF",AMF,54,LW,28,LAMF,16,24.0,2002-05-24,200000,2026-12-31,3,45,0,0.0,0,0.0,22.0,45.45,Peru,['Peru'],right,184,72,False,10.0,2.0,0.0,12.0,66.67,2.0,3.33,0.0,8.0,13.33,0.0,0,0.0,0,0.0,0.0,0.0,0,0.0,0.0,0,0.0,0,0.0,0.0,0.0,0.0,0.0,0.0,0.0,0.0,0.0,0.0,0.0,2.0,0.0,6.0,33.33,0.0,2.0,0.0,8.0,2.0,2.0,12.0,83.33,4.0,100.0,2.0,0.0,10.0,80.0,2.0,100.0,8.64,6.36,0.0,0.0,0.0,0.0,0.0,0.0,0.0,0.0,0.0,0.0,0.0,0.0,0.0,0.0,0.0,0.0,0.0,100.0,4.0,0,,0,,0,0.0,0.0,0.0,,,0.0,,12.0,0.0,0.0,0.0,0.0,0,0.0
J. Delgado,Juan  Delgado,-456482,Alianza Atlético,Alianza Atlético,https://cdn5.wyscout.com/photos/team/public/545_120x120.png,Primera División,"LCMF, LCMF3, DMF",LCMF,42,LCMF3,34,DMF,22,21.0,2005-05-08,0,,4,43,0,0.02,0,0.0,,,Peru,['Peru'],unknown,177,0,False,,,,,,,0.0,,,5.0,,0,,0,,,,0,,,0,,1,,,0.0,,,,,,,,,,,,,,,,,,,,,,,,,,,,,18.47,0.0,,,,,,,,,,,,,,,,,,,,0,,0,,0,0.0,0.0,,,,,,,,,,,0,0.0
D. Alvarado,David Sebastian Alvarado Maca,-620610,Sport Boys,Sport Boys,https://cdn5.wyscout.com/photos/team/public/552_120x120.png,Primera División,"CB, RCB, LCB",CB,38,RCB,31,LCB,29,22.0,2003-09-13,0,2027-12-31,1,38,0,0.0,0,0.0,,,Peru,['Peru'],,0,0,False,,,,,,,0.0,,,0.0,,1,,0,,,,0,,,0,,0,,,0.0,,,,,,,,,,,,,,,,,,,,,,,,,,,,,18.63,49.74,,,,,,,,,,,,,,,,,,,,0,,0,,0,0.0,0.0,,,,,,,,,,,0,0.0
V. Sandoval,Valentino Ybrahin Sandoval Sánchez,-84472,FC Cajamarca,FC Cajamarca,https://cdn5.wyscout.com/photos/team/public/g-25565_120x120.png,Primera División,"LAMF, RAMF",LAMF,66,RAMF,33,,0,23.0,2003-08-06,0,2026-12-31,2,38,0,0.13,0,0.21,,,Peru,['Peru'],right,174,67,False,,,,,,,0.0,,,0.0,,0,,0,,,,0,,,0,,1,,,0.0,,,,,,,,,,,,,,,,,,,,,,,,,,,,,15.26,0.0,,,,,,,,,,,,,,,,,,,,0,,0,,0,0.0,0.0,,,,,,,,,,,0,0.0
J. Moretti,Jair Alexander Moretti Chuy,-147573,Sporting Cristal,Sporting Cristal,https://cdn5.wyscout.com/photos/team/public/541_120x120.png,Primera División,RAMF,RAMF,100,,0,,0,19.0,2007-02-01,0,2026-12-31,1,30,1,0.04,0,0.0,,,Peru,['Peru'],left,0,0,False,,,,,,,0.0,,,0.0,,0,,0,,,,1,,,0,,1,,,100.0,,,,,,,,,,,,,,,,,,,,,,,,,,,,,22.94,0.0,,,,,,,,,,,,,,,,,,,,0,,0,,0,0.0,0.0,,,,,,,,,,,0,0.0
J. Mellan Burga,Jose Maria  Mellan Burga,-793342,Sporting Cristal,Sporting Cristal,https://cdn5.wyscout.com/photos/team/public/541_120x120.png,Primera División,"LW, RCMF3",LW,51,RCMF3,48,,0,19.0,2007-01-20,0,,2,29,0,0.16,0,0.0,,,Peru,['Peru'],unknown,0,0,False,,,,,,,0.0,,,15.0,,0,,0,,,,0,,,0,,2,,,0.0,,,,,,,,,,,,,,,,,,,,,,,,,,,,,16.29,0.0,,,,,,,,,,,,,,,,,,,,0,,0,,0,0.0,0.0,,,,,,,,,,,0,0.0
L. Ríos,Lucas Ríos,-263355,Deportivo Garcilaso,Deportivo Garcilaso,https://cdn5.wyscout.com/photos/team/public/g37890_120x120.png,Primera División,RAMF,RAMF,100,,0,,0,24.0,2001-11-05,0,2026-12-31,1,25,0,0.0,0,0.21,,,Argentina,['Argentina'],left,172,69,True,,,,,,,0.0,,,0.0,,0,,0,,,,0,,,0,,0,,,0.0,,,,,,,,,,,,,,,,,,,,,,,,,,,,,14.23,0.0,,,,,,,,,,,,,,,,,,,,0,,0,,0,0.0,0.0,,,,,,,,,,,0,0.0
Y. Del Valle,Carlos Yamir del Valle Uculmana,-432250,Sporting Cristal,Sporting Cristal,https://cdn5.wyscout.com/photos/team/public/541_120x120.png,Primera División,LB,LB,100,,0,,0,20.0,2006-02-13,0,,1,25,0,0.0,0,0.0,,,Peru,['Peru'],right,0,0,False,,,,,,,0.0,,,15.0,,0,,0,,,,0,,,0,,0,,,0.0,,,,,,,,,,,,,,,,,,,,,,,,,,,,,18.47,0.0,,,,,,,,,,,,,,,,,,,,0,,0,,0,0.0,0.0,,,,,,,,,,,0,0.0
Jefferson Caceres,Jefferson Caceres,-64133,Melgar Res.,Melgar,https://cdn5.wyscout.com/photos/team/public/g27797_120x120.png,Torneo Reservas,RW,RW,100,,0,,0,24.0,2002-01-01,0,,1,24,0,0.0,0,0.02,,,Peru,['Peru'],,0,0,False,,,,,,,0.0,,,20.0,,0,,0,,,,0,,,0,,0,,,0.0,,,,,,,,,,,,,,,,,,,,,,,,,,,,,18.58,15.98,,,,,,,,,,,,,,,,,,,,0,,0,,0,0.0,0.0,,,,,,,,,,,0,0.0
A. Villacorta,Anderson Mishael Villacorta Beltrán,-351562,Sporting Cristal,Sporting Cristal,https://cdn5.wyscout.com/photos/team/public/541_120x120.png,Primera División,RB,RB,100,,0,,0,21.0,2005-07-25,0,2028-06-30,1,19,0,0.0,0,0.0,,,Peru,['Peru'],right,178,68,True,,,,,,,0.0,,,0.0,,0,,0,,,,0,,,0,,0,,,0.0,,,,,,,,,,,,,,,,,,,,,,,,,,,,,13.88,0.0,,,,,,,,,,,,,,,,,,,,0,,0,,0,0.0,0.0,,,,,,,,,,,0,0.0
D. Montenegro,D´Alessandro Montenegro,-374175,Alianza Lima,Alianza Lima,https://cdn5.wyscout.com/photos/team/public/551_120x120.png,Primera División,LWB,LWB,100,,0,,0,23.0,2003-06-14,0,2028-12-31,1,18,0,0.0,0,0.0,,,Peru,['Peru'],unknown,0,0,False,,,,,,,0.0,,,0.0,,0,,0,,,,0,,,0,,0,,,0.0,,,,,,,,,,,,,,,,,,,,,,,,,,,,,9.95,0.0,,,,,,,,,,,,,,,,,,,,0,,0,,0,0.0,0.0,,,,,,,,,,,0,0.0
E. Santillán,Edgar Miguel Santillán Vargas,433122,CD Moquegua,CD Moquegua,https://cdn5.wyscout.com/photos/team/public/g-25564_120x120.png,Primera División,RB,RB,100,,0,,0,29.0,1996-10-07,100000,2026-12-31,1,15,0,0.0,0,0.0,,,Peru,['Peru'],right,175,65,False,,,,,,,0.0,,,30.0,,0,,0,,,,0,,,0,,0,,,0.0,,,,,,,,,,,,,,,,,,,,,,,,,,,,,12.59,0.0,,,,,,,,,,,,,,,,,,,,0,,0,,0,0.0,0.0,,,,,,,,,,,0,0.0
A. Álvarez,Agustín Álvarez Wallace,-116403,Racing,Sporting Cristal,https://cdn5.wyscout.com/photos/team/public/1320_120x120.png,Primera División,DMF,DMF,100,,0,,0,25.0,2001-04-20,700000,2027-12-31,1,14,0,0.0,0,0.0,,,Uruguay,['Uruguay'],right,179,75,True,,,,,,,0.0,,,10.0,,0,,0,,,,0,,,0,,0,,,0.0,,,,,,,,,,,,,,,,,,,,,,,,,,,,,22.0,40.76,,,,,,,,,,,,,,,,,,,,0,,0,,0,0.0,0.0,,,,,,,,,,,0,0.0
G. Motta,Geray Rossel Motta,-594922,Alianza Lima,Alianza Lima,https://cdn5.wyscout.com/photos/team/public/551_120x120.png,Primera División,"RWF, CF",RWF,55,CF,44,,0,17.0,2009-02-21,0,,2,13,0,0.0,0,0.03,,,Peru,['Peru'],unknown,0,0,False,,,,,,,0.0,,,0.0,,0,,0,,,,0,,,0,,0,,,0.0,,,,,,,,,,,,,,,,,,,,,,,,,,,,,10.31,0.0,,,,,,,,,,,,,,,,,,,,0,,0,,0,0.0,0.0,,,,,,,,,,,0,0.0
H. Villegas,Henri Espinoza  Villegas,-792149,Atlético Grau U18,Atlético Grau,https://cdn5.wyscout.com/photos/team/public/g-25221_120x120.png,Torneo Nacional Juvenil Sub 18,RAMF,RAMF,100,,0,,0,19.0,2007-01-30,0,,1,11,0,0.0,0,0.0,,,Peru,['Peru'],unknown,0,0,False,,,,,,,0.0,,,0.0,,0,,0,,,,0,,,0,,0,,,0.0,,,,,,,,,,,,,,,,,,,,,,,,,,,,,24.91,0.0,,,,,,,,,,,,,,,,,,,,0,,0,,0,0.0,0.0,,,,,,,,,,,0,0.0
P. Aquino,Pedro Jesús Aquino Sánchez,180962,Santos Laguna,Alianza Lima,https://cdn5.wyscout.com/photos/team/public/589_120x120.png,Liga MX,RDMF,RDMF,100,,0,,0,31.0,1995-04-13,0,2027-12-31,1,11,0,0.0,0,0.0,,,Peru,['Peru'],right,175,71,False,,,,,,,0.0,,,0.0,,0,,0,,,,0,,,0,,0,,,0.0,,,,,,,,,,,,,,,,,,,,,,,,,,,,,17.94,0.0,,,,,,,,,,,,,,,,,,,,0,,0,,0,0.0,0.0,,,,,,,,,,,0,0.0
J. Gutiérrez,Jorge Abdiel Gutiérrez Cornejo,402421,Universitario,Universitario,https://cdn5.wyscout.com/photos/team/public/540_120x120.png,Primera División,LWB,LWB,100,,0,,0,27.0,1998-09-01,0,2026-12-31,1,11,0,0.0,0,0.0,,,Panama,['Panama'],,0,0,True,,,,,,,0.0,,,0.0,,0,,0,,,,0,,,0,,0,,,0.0,,,,,,,,,,,,,,,,,,,,,,,,,,,,,15.59,0.0,,,,,,,,,,,,,,,,,,,,0,,0,,0,0.0,0.0,,,,,,,,,,,0,0.0
J. Estrada,Josué Daniel Estrada Aguilar,284263,Alianza Lima,Alianza Lima,https://cdn5.wyscout.com/photos/team/public/551_120x120.png,Primera División,"RB5, AMF",RB5,75,AMF,24,,0,31.0,1994-09-07,0,2027-06-30,2,11,0,0.0,0,0.0,,,Peru,['Peru'],right,179,71,False,,,,,,,0.0,,,20.0,,1,,0,,,,0,,,0,,0,,,0.0,,,,,,,,,,,,,,,,,,,,,,,,,,,,,0.0,0.0,,,,,,,,,,,,,,,,,,,,0,,0,,0,0.0,0.0,,,,,,,,,,,0,0.0
J. Alí Gutiérrez,José Dilan Alí Gutiérrez,-595321,Cusco,Cusco,https://cdn5.wyscout.com/photos/team/public/3745_120x120.png,Primera División,LW,LW,100,,0,,0,21.0,2005-05-13,0,,1,10,0,0.0,1,0.0,,,Bolivia,['Bolivia'],,0,0,False,,,,,,,0.0,,,0.0,,0,,0,,,,0,,,0,,0,,,0.0,,,,,,,,,,,,,,,,,,,,,,,,,,,,,8.47,0.0,,,,,,,,,,,,,,,,,,,,0,,0,,0,0.0,0.0,,,,,,,,,,,0,0.0
P. Alegria,Patrick Alegria,-61444,FC Cajamarca,FC Cajamarca,https://cdn5.wyscout.com/photos/team/public/g-25565_120x120.png,Primera División,LB,LB,100,,0,,0,22.0,2004-02-25,0,,1,9,0,0.0,0,0.0,,,Peru,['Peru'],,0,0,False,,,,,,,0.0,,,0.0,,0,,0,,,,0,,,0,,0,,,0.0,,,,,,,,,,,,,,,,,,,,,,,,,,,,,0.0,0.0,,,,,,,,,,,,,,,,,,,,0,,0,,0,0.0,0.0,,,,,,,,,,,0,0.0
N. Paz,Nicolas Paz,-676562,Sport Boys,Sport Boys,https://cdn5.wyscout.com/photos/team/public/552_120x120.png,Primera División,RDMF,RDMF,100,,0,,0,20.0,2005-08-23,0,2026-12-31,1,7,0,0.0,0,0.0,,,United States,"['United States', 'Peru']",right,173,0,False,,,,,,,0.0,,,0.0,,0,,0,,,,0,,,0,,0,,,0.0,,,,,,,,,,,,,,,,,,,,,,,,,,,,,6.65,0.0,,,,,,,,,,,,,,,,,,,,0,,0,,0,0.0,0.0,,,,,,,,,,,0,0.0
J. Yabiku Sanchez,Jose Ryu  Yabiku Sanchez,-792579,Melgar,Melgar,https://cdn5.wyscout.com/photos/team/public/546_120x120.png,Primera División,CF,CF,100,,0,,0,19.0,2006-10-25,0,,1,6,0,0.0,0,0.0,,,Peru,['Peru'],unknown,0,0,False,,,,,,,0.0,,,0.0,,0,,0,,,,0,,,0,,0,,,0.0,,,,,,,,,,,,,,,,,,,,,,,,,,,,,17.96,0.0,,,,,,,,,,,,,,,,,,,,0,,0,,0,0.0,0.0,,,,,,,,,,,0,0.0
M. Panizo Boza,Mathias Fernando Panizo Boza,-808577,CD Moquegua,CD Moquegua,https://cdn5.wyscout.com/photos/team/public/g-25564_120x120.png,Primera División,LB,LB,100,,0,,0,18.0,2007-09-13,0,,1,1,0,0.0,0,0.0,,,Peru,['Peru'],unknown,186,0,False,,,,,,,0.0,,,0.0,,0,,0,,,,0,,,0,,0,,,0.0,,,,,,,,,,,,,,,,,,,,,,,,,,,,,18.9,0.0,,,,,,,,,,,,,,,,,,,,0,,0,,0,0.0,0.0,,,,,,,,,,,0,0.0
