Player,Full name,Wyscout id,Team,Team within selected timeframe,Team logo,Competition,Position,Primary position,"Primary position, %",Secondary position,"Secondary position, %",Third position,"Third position, %",Age,Birthday,Market value,Contract expires,Matches played,Minutes played,Goals,xG,Assists,xA,Duels per 90,"Duels won, %",Birth country,Passport country,Foot,Height,Weight,On loan,Successful defensive actions per 90,Defensive duels per 90,"Defensive duels won, %",Aerial duels per 90,"Aerial duels won, %",Sliding tackles per 90,PAdj Sliding tackles,Shots blocked per 90,Interceptions per 90,PAdj Interceptions,Fouls per 90,Yellow cards,Yellow cards per 90,Red cards,Red cards per 90,Successful attacking actions per 90,Goals per 90,Non-penalty goals,Non-penalty goals per 90,xG per 90,Head goals,Head goals per 90,Shots,Shots per 90,"Shots on target, %","Goal conversion, %",Assists per 90,Crosses per 90,"Accurate crosses, %",Crosses from left flank per 90,"Accurate crosses from left flank, %",Crosses from right flank per 90,"Accurate crosses from right flank, %",Crosses to goalie box per 90,Dribbles per 90,"Successful dribbles, %",Offensive duels per 90,"Offensive duels won, %",Touches in box per 90,Progressive runs per 90,Accelerations per 90,Received passes per 90,Received long passes per 90,Fouls suffered per 90,Passes per 90,"Accurate passes, %",Forward passes per 90,"Accurate forward passes, %",Back passes per 90,"Accurate back passes, %",Short / medium passes per 90,"Accurate short / medium passes, %",Long passes per 90,"Accurate long passes, %","Average pass length, m","Average long pass length, m",xA per 90,Shot assists per 90,Second assists per 90,Third assists per 90,Smart passes per 90,"Accurate smart passes, %",Key passes per 90,Passes to final third per 90,"Accurate passes to final third, %",Passes to penalty area per 90,"Accurate passes to penalty area, %",Through passes per 90,"Accurate through passes, %",Deep completions per 90,Deep completed crosses per 90,Progressive passes per 90,"Accurate progressive passes, %","Accurate vertical passes, %",Vertical passes per 90,Conceded goals,Conceded goals per 90,Shots against,Shots against per 90,Clean sheets,"Save rate, %",xG against,xG against per 90,Prevented goals,Prevented goals per 90,Back passes received as GK per 90,Exits per 90,Aerial duels per 90,Free kicks per 90,Direct free kicks per 90,"Direct free kicks on target, %",Corners per 90,Penalties taken,"Penalty conversion, %"
L. Fairnie,Laith Fairnie,-419207,Greenock Morton,Greenock Morton,https://cdn5.wyscout.com/photos/team/public/1232_120x120.png,Championship,LCB,LCB,93,,0,,0,21.0,2005-04-21,0,,4,385,0,0.6000000000000001,0,0.0,10.29,63.64,England,['England'],,0,0,False,4.91,2.1,33.33,5.84,68.0,0.0,0.0,0.7000000000000001,4.21,4.86,1.6400000000000001,3,0.7000000000000001,0,0.0,0.23,0.0,0,0.0,0.14,0,0.0,3,0.7000000000000001,33.33,0.0,0.0,0.0,0.0,0.0,0.0,0.0,0.0,0.0,0.0,0.0,0.9400000000000001,100.0,0.7000000000000001,0.23,0.0,23.38,0.23,0.7000000000000001,34.6,67.57,18.0,46.75,1.4,100.0,26.88,80.0,7.71,24.24,22.36,44.37,0.0,0.0,0.0,0.0,0.0,0.0,0.0,5.84,36.0,0.47000000000000003,0.0,0.0,0.0,0.0,0.0,7.48,43.75,90.57,12.39,0,,0,,0,0.0,0.0,0.0,,,1.17,,5.84,0.23,0.0,0.0,0.0,0,0
E. Harrison,Elyh Samuel Harrison,-359489,Greenock Morton,Greenock Morton,https://cdn5.wyscout.com/photos/team/public/1232_120x120.png,Championship,GK,GK,100,,0,,0,20.0,2006-02-19,0,2027-06-30,4,385,0,0.0,0,0.0,0.23,100.0,England,"['England', 'South Africa']",right,0,0,True,0.7000000000000001,0.0,0.0,0.0,0.0,0.0,0.0,0.0,0.7000000000000001,0.81,0.0,0,0.0,0,0.0,0.0,0.0,0,0.0,0.0,0,0.0,0,0.0,0.0,0.0,0.0,0.0,0.0,0.0,0.0,0.0,0.0,0.0,0.0,0.0,0.23,100.0,0.0,0.0,0.0,13.32,0.47000000000000003,0.23,25.95,72.07,12.86,49.09,0.23,100.0,16.6,95.77,9.35,30.0,33.6,49.23,0.0,0.0,0.0,0.0,0.0,0.0,0.0,3.27,7.14,0.23,0.0,0.0,0.0,0.0,0.0,6.08,42.31,94.23,12.16,6,1.4,22,5.14,0,72.73,6.76,1.58,0.76,0.178,0.0,4.21,0.0,,,,0.0,0,0
L. McFarlane,Liam McFarlane,-313864,Partick Thistle,Partick Thistle,https://cdn5.wyscout.com/photos/team/public/1230_120x120.png,Championship,GK,GK,100,,0,,0,21.0,2004-09-26,0,2028-05-31,4,381,0,0.0,0,0.0,0.24,100.0,Scotland,['Scotland'],right,0,0,True,0.9400000000000001,0.0,0.0,0.0,0.0,0.0,0.0,0.0,0.9400000000000001,1.62,0.0,0,0.0,0,0.0,0.0,0.0,0,0.0,0.0,0,0.0,0,0.0,0.0,0.0,0.0,0.0,0.0,0.0,0.0,0.0,0.0,0.0,0.0,0.0,0.24,100.0,0.0,0.0,0.0,18.43,0.24,0.24,30.47,80.62,14.17,65.0,0.0,0.0,19.37,98.78,11.1,48.94,33.6,49.29,0.0,0.0,0.0,0.0,0.0,0.0,0.0,3.7800000000000002,43.75,0.47000000000000003,0.0,0.0,0.0,0.24,0.0,7.5600000000000005,62.5,94.12,16.06,1,0.24,3,0.71,3,66.67,0.78,0.18,-0.22,-0.052000000000000005,0.0,1.42,0.0,,,,0.0,0,0
C. Loughrey,Cale Loughrey,-203487,Partick Thistle,Partick Thistle,https://cdn5.wyscout.com/photos/team/public/1230_120x120.png,Championship,RCB,RCB,100,,0,,0,25.0,2001-08-04,0,,4,381,0,0.86,0,0.0,11.81,58.0,Canada,['Canada'],,192,90,False,5.91,4.72,50.0,5.2,59.09,0.0,0.0,0.0,3.54,6.08,1.18,0,0.0,0,0.0,0.71,0.0,0,0.0,0.2,0,0.0,4,0.9400000000000001,50.0,0.0,0.0,0.0,0.0,0.0,0.0,0.0,0.0,0.0,0.24,100.0,0.71,66.67,1.42,0.71,0.0,37.32,0.71,0.24,55.28,91.88,21.97,84.95,2.83,83.33,51.73,94.06,3.54,60.0,20.29,42.62,0.0,0.0,0.0,0.0,0.0,0.0,0.0,7.5600000000000005,87.5,0.71,33.33,0.0,0.0,0.24,0.0,7.5600000000000005,75.0,100.0,24.33,0,,0,,0,0.0,0.0,0.0,,,1.8900000000000001,,5.2,0.0,0.0,0.0,0.0,0,0
D. O'Reilly,Daniel O'Reilly,213966,Partick Thistle,Partick Thistle,https://cdn5.wyscout.com/photos/team/public/1230_120x120.png,Championship,LCB,LCB,100,,0,,0,31.0,1995-04-11,200000,2027-05-31,4,381,0,0.41000000000000003,0,0.0,10.87,67.39,Republic of Ireland,['Republic of Ireland'],,179,70,False,6.61,1.8900000000000001,25.0,7.5600000000000005,75.0,0.0,0.0,0.9400000000000001,6.14,10.54,0.9400000000000001,1,0.24,0,0.0,0.24,0.0,0,0.0,0.1,0,0.0,4,0.9400000000000001,25.0,0.0,0.0,0.0,0.0,0.0,0.0,0.0,0.0,0.0,0.0,0.0,0.9400000000000001,100.0,1.18,1.8900000000000001,0.0,44.65,0.47000000000000003,0.9400000000000001,66.38,89.32,28.35,80.83,3.54,100.0,56.69,93.33,9.69,65.85,22.31,43.11,0.0,0.0,0.0,0.0,0.0,0.0,0.0,12.28,78.85,1.42,50.0,0.0,0.0,0.71,0.0,13.94,76.27,96.61,27.87,0,,0,,0,0.0,0.0,0.0,,,2.36,,7.5600000000000005,0.0,0.0,0.0,0.0,0,0
Paddy Reading,Patrick James Reading,423977,Partick Thistle,Partick Thistle,https://cdn5.wyscout.com/photos/team/public/1230_120x120.png,Championship,LB,LB,100,,0,,0,27.0,1999-05-29,250000,2027-05-31,4,381,0,0.13,0,0.33,14.41,47.54,Scotland,['Scotland'],left,179,70,False,8.5,5.43,43.48,4.25,61.11,0.24,0.41000000000000003,0.24,5.91,10.14,0.71,1,0.24,0,0.0,1.65,0.0,0,0.0,0.03,0,0.0,4,0.9400000000000001,0.0,0.0,0.0,2.83,41.67,2.83,41.67,0.0,0.0,0.24,0.9400000000000001,50.0,2.6,36.36,0.71,1.65,0.0,40.63,1.18,0.47000000000000003,52.68,78.48,22.68,76.04,11.1,89.36,45.12,82.2,4.96,66.67,19.05,40.83,0.08,0.71,0.0,0.0,0.0,0.0,0.47000000000000003,10.39,72.73,4.49,57.89,0.0,0.0,1.18,1.18,12.52,83.02,72.34,11.1,0,,0,,0,0.0,0.0,0.0,,,0.71,,4.25,0.24,0.0,0.0,0.0,0,0
J. Rowe,Jai Rowe,-168215,Raith Rovers,Raith Rovers,https://cdn5.wyscout.com/photos/team/public/2653_120x120.png,Championship,"RB, RCB",RB,75,RCB,24,,0,25.0,2001-08-08,0,2027-05-31,4,381,0,0.25,0,0.0,11.34,60.42,England,['England'],right,181,0,False,4.25,3.54,40.0,5.67,79.17,0.0,0.0,0.0,2.83,4.24,1.65,0,0.0,0,0.0,0.0,0.0,0,0.0,0.06,0,0.0,5,1.18,0.0,0.0,0.0,1.42,0.0,0.0,0.0,1.42,0.0,0.0,0.0,0.0,1.18,60.0,1.42,0.24,0.24,41.34,1.65,0.9400000000000001,52.2,82.81,17.72,65.33,7.5600000000000005,96.88,44.88,91.05,5.91,40.0,23.31,46.83,0.0,0.0,0.0,0.0,0.0,0.0,0.0,8.5,55.56,1.65,14.29,0.24,0.0,0.24,0.0,8.27,68.57,92.31,21.5,0,,0,,0,0.0,0.0,0.0,,,1.65,,5.67,0.0,0.0,0.0,0.0,0,0
A. Dowds,Anton Dowds,-109394,Raith Rovers,Raith Rovers,https://cdn5.wyscout.com/photos/team/public/2653_120x120.png,Championship,CF,CF,100,,0,,0,29.0,1996-11-16,300000,2027-05-31,4,381,3,2.06,0,0.23,18.19,35.06,Scotland,['Scotland'],right,186,0,False,2.13,2.13,33.33,10.63,42.22,0.0,0.0,0.0,1.42,2.12,0.9400000000000001,1,0.24,0,0.0,1.42,0.71,2,0.47000000000000003,0.49,0,0.0,8,1.8900000000000001,75.0,37.5,0.0,0.47000000000000003,0.0,0.0,0.0,0.47000000000000003,0.0,0.0,0.0,0.0,2.13,11.11,3.07,0.24,0.0,10.63,3.31,0.24,13.46,66.67,2.83,41.67,4.02,88.24,12.76,68.52,0.24,100.0,12.61,6.14,0.06,0.47000000000000003,0.0,0.0,0.0,0.0,0.47000000000000003,0.71,66.67,0.9400000000000001,50.0,0.0,0.0,0.9400000000000001,0.0,0.9400000000000001,75.0,58.82,4.02,0,,0,,0,0.0,0.0,0.0,,,0.0,,10.63,0.0,0.0,0.0,0.0,1,100
J. Rae,Josh Rae,460400,Raith Rovers,Raith Rovers,https://cdn5.wyscout.com/photos/team/public/2653_120x120.png,Championship,GK,GK,100,,0,,0,25.0,2000-10-17,200000,2027-05-31,4,381,0,0.0,0,0.0,0.24,100.0,Scotland,['Scotland'],right,188,74,False,0.0,0.0,0.0,0.0,0.0,0.0,0.0,0.0,0.0,0.0,0.0,0,0.0,0,0.0,0.0,0.0,0,0.0,0.0,0,0.0,0,0.0,0.0,0.0,0.0,0.0,0.0,0.0,0.0,0.0,0.0,0.0,0.0,0.0,0.24,100.0,0.0,0.0,0.0,26.69,0.47000000000000003,0.24,35.91,82.89,16.3,62.32,0.0,0.0,24.33,99.03,11.57,48.98,34.2,53.99,0.0,0.0,0.0,0.0,0.0,0.0,0.0,4.02,52.94,0.0,0.0,0.0,0.0,0.0,0.0,8.27,68.57,100.0,18.43,3,0.71,12,2.83,1,75.0,3.81,0.9,0.81,0.191,0.0,2.13,0.0,,,,0.0,0,0
J. Wills,Jack Wills,-257470,Queen's Park,Queen's Park,https://cdn5.wyscout.com/photos/team/public/g1937_120x120.png,Championship,GK,GK,100,,0,,0,23.0,2002-10-16,0,2028-05-31,4,380,0,0.0,0,0.0,0.0,0.0,Scotland,['Scotland'],right,191,74,False,0.71,0.0,0.0,0.0,0.0,0.0,0.0,0.0,0.71,0.75,0.0,1,0.24,0,0.0,0.0,0.0,0,0.0,0.0,0,0.0,0,0.0,0.0,0.0,0.0,0.0,0.0,0.0,0.0,0.0,0.0,0.0,0.0,0.0,0.0,0.0,0.0,0.0,0.0,16.82,0.0,0.0,27.0,74.56,15.16,57.81,0.0,0.0,13.5,100.0,13.5,49.12,37.83,49.6,0.0,0.0,0.0,0.0,0.0,0.0,0.0,5.21,36.36,0.0,0.0,0.0,0.0,0.0,0.0,8.76,75.68,95.83,11.37,6,1.42,25,5.92,1,76.0,8.35,1.98,2.35,0.557,0.0,1.42,0.0,,,,0.0,0,0
E. Murray,Euan Murray,234461,Queen's Park,Queen's Park,https://cdn5.wyscout.com/photos/team/public/g1937_120x120.png,Championship,"RCB, CB",RCB,62,CB,37,,0,32.0,1994-01-20,125000,2027-05-31,4,380,0,0.36,1,0.78,8.76,67.57,Scotland,['Scotland'],right,190,79,False,10.66,1.18,80.0,6.39,62.96,0.0,0.0,0.9500000000000001,9.71,10.25,0.0,0,0.0,0,0.0,0.24,0.0,0,0.0,0.08,0,0.0,2,0.47000000000000003,50.0,0.0,0.24,0.24,0.0,0.24,0.0,0.0,0.0,0.24,0.0,0.0,0.71,100.0,0.9500000000000001,0.0,0.0,30.55,0.47000000000000003,0.47000000000000003,40.26,85.29,13.97,64.41,2.13,100.0,33.87,93.01,6.16,46.15,24.96,38.72,0.18,0.24,0.0,0.0,0.0,0.0,0.24,4.26,50.0,0.71,0.0,0.0,0.0,0.24,0.24,6.39,66.67,97.94,22.97,0,,0,,0,0.0,0.0,0.0,,,2.13,,6.39,0.0,0.0,0.0,0.0,0,0
C. Pignatiello,Carlo Pignatiello,498009,Queen's Park,Queen's Park,https://cdn5.wyscout.com/photos/team/public/g1937_120x120.png,Championship,"RB, RCB3",RB,62,RCB3,37,,0,26.0,2000-01-16,0,,4,380,0,0.01,0,0.0,11.61,57.14,Scotland,['Scotland'],right,181,66,False,7.82,6.16,61.54,0.9500000000000001,75.0,0.0,0.0,0.0,4.03,4.25,0.9500000000000001,2,0.47000000000000003,0,0.0,0.47000000000000003,0.0,0,0.0,0.0,0,0.0,1,0.24,0.0,0.0,0.0,1.42,33.33,0.0,0.0,1.42,33.33,0.0,0.24,0.0,3.32,50.0,0.24,0.47000000000000003,0.0,25.34,0.9500000000000001,0.71,37.66,77.36,19.66,71.08,6.39,92.59,28.89,83.61,7.34,61.29,18.96,38.71,0.0,0.24,0.0,0.0,0.0,0.0,0.0,7.11,66.67,2.37,30.0,0.0,0.0,0.47000000000000003,0.47000000000000003,9.47,75.0,70.97,7.34,0,,0,,0,0.0,0.0,0.0,,,1.18,,0.9500000000000001,0.0,0.0,0.0,0.47000000000000003,0,0
Brooklyn Kabongolo,Brooklyn Kabongolo,-301641,Livingston,Livingston,https://cdn5.wyscout.com/photos/team/public/1226_120x120.png,Championship,RCB,RCB,100,,0,,0,23.0,2002-10-16,0,2027-05-31,4,379,0,0.15,0,0.0,15.44,63.08,England,['England'],right,195,0,False,7.36,4.27,50.0,9.02,68.42,0.0,0.0,1.19,5.22,8.8,1.6600000000000001,2,0.47000000000000003,0,0.0,0.0,0.0,0,0.0,0.04,0,0.0,2,0.47000000000000003,0.0,0.0,0.0,0.0,0.0,0.0,0.0,0.0,0.0,0.0,0.24,0.0,1.6600000000000001,57.14,1.19,1.42,0.0,30.4,0.24,0.71,48.21,83.25,22.08,72.04,2.37,100.0,41.79,89.77,6.41,40.74,22.2,45.5,0.0,0.0,0.0,0.0,0.0,0.0,0.0,7.6,62.5,0.24,0.0,0.0,0.0,0.0,0.0,8.55,66.67,96.0,17.81,0,,0,,0,0.0,0.0,0.0,,,2.14,,9.02,0.0,0.0,0.0,0.0,0,0
T. O'Brien,Thomas O'Brien,136150,Arbroath,Arbroath,https://cdn5.wyscout.com/photos/team/public/4269_120x120.png,Championship,LCB,LCB,100,,0,,0,35.0,1991-08-07,0,,4,379,1,1.17,0,0.0,11.16,80.85,Scotland,['Scotland'],right,205,69,False,8.55,3.56,66.67,5.46,86.96,0.0,0.0,0.0,6.17,7.72,0.9500000000000001,1,0.24,0,0.0,0.9500000000000001,0.24,1,0.24,0.28,0,0.0,6,1.42,66.67,16.667,0.0,0.0,0.0,0.0,0.0,0.0,0.0,0.0,0.0,0.0,1.6600000000000001,85.71,1.9,0.47000000000000003,0.24,29.45,0.71,1.42,47.49,83.5,21.85,71.74,2.85,91.67,39.42,90.36,8.07,50.0,21.33,43.47,0.0,0.0,0.0,0.0,0.0,0.0,0.0,7.6,59.38,0.71,0.0,0.0,0.0,0.24,0.0,9.26,66.67,97.3,17.57,0,,0,,0,0.0,0.0,0.0,,,1.19,,5.46,0.24,0.0,0.0,0.0,0,0
C. Watson,Craig Watson,241735,Arbroath,Arbroath,https://cdn5.wyscout.com/photos/team/public/4269_120x120.png,Championship,"RB, RCB",RB,63,RCB,36,,0,31.0,1995-02-13,150000,2027-05-31,4,379,0,0.11,0,0.36,8.31,65.71,Scotland,['Scotland'],right,183,71,False,8.55,3.56,73.33,3.56,66.67,0.24,0.30000000000000004,0.24,5.7,7.13,0.9500000000000001,1,0.24,0,0.0,0.47000000000000003,0.0,0,0.0,0.03,0,0.0,1,0.24,0.0,0.0,0.0,2.14,22.22,0.0,0.0,2.14,22.22,0.24,0.0,0.0,0.24,0.0,0.47000000000000003,0.24,0.24,25.88,0.9500000000000001,0.24,43.46,73.22,18.76,59.49,5.7,95.83,33.01,81.29,8.31,54.29,20.04,36.38,0.09,0.71,0.0,0.0,0.0,0.0,0.47000000000000003,6.65,53.57,2.37,20.0,0.0,0.0,0.24,0.47000000000000003,9.02,65.79,80.33,14.49,0,,0,,0,0.0,0.0,0.0,,,0.9500000000000001,,3.56,0.0,0.0,0.0,0.0,0,0
Jérôme Prior,Jérôme Prior,259268,Livingston,Livingston,https://cdn5.wyscout.com/photos/team/public/1226_120x120.png,Championship,GK,GK,100,,0,,0,31.0,1995-08-08,400000,2028-05-31,4,379,0,0.0,0,0.0,0.0,0.0,France,['France'],both,187,85,False,0.24,0.0,0.0,0.0,0.0,0.0,0.0,0.0,0.24,0.4,0.0,0,0.0,0,0.0,0.0,0.0,0,0.0,0.0,0,0.0,0,0.0,0.0,0.0,0.0,0.0,0.0,0.0,0.0,0.0,0.0,0.0,0.0,0.0,0.0,0.0,0.0,0.0,0.0,24.22,0.24,0.0,36.33,87.58,18.05,80.26,0.0,0.0,26.12,96.36,9.97,66.67,29.58,44.71,0.0,0.0,0.0,0.0,0.0,0.0,0.0,2.61,54.55,0.24,100.0,0.0,0.0,0.0,0.0,8.79,62.16,95.65,16.39,3,0.71,16,3.8,2,81.25,3.81,0.91,0.81,0.192,0.0,0.9500000000000001,0.0,,,,0.0,0,0
Robbie Muirhead,Robbie Muirhead,261365,Livingston,Livingston,https://cdn5.wyscout.com/photos/team/public/1226_120x120.png,Championship,"CF, RAMF, RW",CF,41,RAMF,20,RW,13,30.0,1996-03-08,250000,2027-05-31,4,379,3,2.12,0,0.51,15.67,43.94,Scotland,['Scotland'],left,191,75,False,2.85,3.8,43.75,6.17,46.15,0.24,0.4,0.0,0.9500000000000001,1.6,1.19,0,0.0,0,0.0,2.37,0.71,3,0.71,0.5,0,0.0,14,3.32,42.86,21.429,0.0,0.71,66.67,0.47000000000000003,50.0,0.24,100.0,0.0,0.71,66.67,5.22,40.91,3.32,0.47000000000000003,0.0,22.56,1.6600000000000001,1.6600000000000001,25.88,78.9,7.12,53.33,7.36,87.1,22.56,82.11,2.61,54.55,16.49,40.37,0.12,0.71,0.0,0.0,0.0,0.0,0.47000000000000003,3.8,56.25,2.14,88.89,0.0,0.0,1.6600000000000001,0.47000000000000003,3.8,81.25,88.89,6.41,0,,0,,0,0.0,0.0,0.0,,,0.0,,6.17,0.71,0.24,0.0,0.71,0,0
A. Mcadams,Aidan Mcadams,423867,Arbroath,Arbroath,https://cdn5.wyscout.com/photos/team/public/4269_120x120.png,Championship,GK,GK,100,,0,,0,27.0,1999-03-23,10000,2028-05-31,4,379,0,0.0,0,0.0,0.24,100.0,Scotland,['Scotland'],right,190,0,False,0.24,0.0,0.0,0.0,0.0,0.0,0.0,0.0,0.24,0.30000000000000004,0.0,0,0.0,0,0.0,0.24,0.0,0,0.0,0.0,0,0.0,0,0.0,0.0,0.0,0.0,0.0,0.0,0.0,0.0,0.0,0.0,0.0,0.24,100.0,0.24,100.0,0.0,0.0,0.0,10.69,0.0,0.0,20.9,87.5,10.92,76.09,0.0,0.0,11.64,97.96,9.26,74.36,36.47,49.55,0.0,0.0,0.0,0.0,0.0,0.0,0.0,2.14,44.44,0.47000000000000003,0.0,0.0,0.0,0.0,0.0,6.17,88.46,100.0,9.5,3,0.71,14,3.32,2,78.57,2.93,0.7000000000000001,-0.07,-0.017,0.0,2.14,0.0,,,,0.0,0,0
S. Bright,Scott Bright,-638934,Stenhousemuir,Stenhousemuir,https://cdn5.wyscout.com/photos/team/public/g1929_120x120.png,Championship,"LCB, LCB3, LB",LCB,47,LCB3,22,LB,17,20.0,2006-08-03,0,2027-05-31,4,378,0,0.06,1,0.75,11.19,57.45,Scotland,['Scotland'],,0,0,False,7.86,5.24,68.18,2.86,50.0,0.24,0.29,0.24,4.05,4.86,0.71,0,0.0,0,0.0,0.9500000000000001,0.0,0,0.0,0.01,0,0.0,1,0.24,0.0,0.0,0.24,1.19,40.0,0.48,0.0,0.71,66.67,0.48,0.48,100.0,2.14,55.56,0.24,1.19,0.0,23.57,0.48,0.9500000000000001,34.29,77.78,17.62,67.57,2.86,100.0,28.1,86.44,5.0,38.1,22.69,36.78,0.18,1.43,0.0,0.0,0.0,0.0,0.48,6.9,44.83,1.43,50.0,0.0,0.0,0.24,0.48,9.29,82.05,89.58,11.43,0,,0,,0,0.0,0.0,0.0,,,0.48,,2.86,0.48,0.0,0.0,3.1,0,0
S. Young,Sam Young,-353228,Stenhousemuir,Stenhousemuir,https://cdn5.wyscout.com/photos/team/public/g1929_120x120.png,Championship,"RCB, CB, LCB",RCB,64,CB,22,LCB,13,20.0,2006-01-16,0,,4,378,1,0.34,0,0.36,12.14,68.63,Scotland,['Scotland'],unknown,0,0,False,10.24,2.38,60.0,6.67,67.86,0.0,0.0,0.24,8.81,10.57,0.9500000000000001,0,0.0,0,0.0,0.24,0.24,1,0.24,0.08,1,0.24,2,0.48,50.0,50.0,0.0,0.24,0.0,0.24,0.0,0.0,0.0,0.0,0.24,0.0,0.71,33.33,0.9500000000000001,0.0,0.0,16.19,0.24,0.71,31.19,84.73,12.38,67.31,2.62,100.0,26.67,91.96,4.29,44.44,23.36,41.3,0.09,0.48,0.0,0.0,0.0,0.0,0.24,3.33,35.71,0.71,33.33,0.0,0.0,0.71,0.0,4.52,63.16,96.77,14.76,0,,0,,0,0.0,0.0,0.0,,,1.67,,6.67,0.0,0.0,0.0,0.0,0,0
D. Jamieson,Darren Jamieson,87738,Stenhousemuir,Stenhousemuir,https://cdn5.wyscout.com/photos/team/public/g1929_120x120.png,Championship,GK,GK,100,,0,,0,35.0,1991-02-15,0,2027-05-31,4,378,0,0.0,0,0.0,0.0,0.0,Scotland,['Scotland'],right,185,71,False,1.67,0.0,0.0,0.0,0.0,0.0,0.0,0.0,1.67,2.0,0.0,0,0.0,0,0.0,0.0,0.0,0,0.0,0.0,0,0.0,0,0.0,0.0,0.0,0.0,0.0,0.0,0.0,0.0,0.0,0.0,0.0,0.0,0.0,0.0,0.0,0.0,0.0,0.0,11.19,0.0,0.0,25.48,71.03,15.48,58.46,0.0,0.0,10.95,95.65,14.52,52.46,42.55,52.84,0.0,0.0,0.0,0.0,0.0,0.0,0.0,5.71,45.83,0.71,0.0,0.0,0.0,0.0,0.0,8.57,69.44,89.47,9.05,2,0.48,12,2.86,2,83.33,4.18,1.0,2.18,0.519,0.0,0.9500000000000001,0.0,,,,0.0,0,0
R. Meechan,Ross Meechan,323795,Stenhousemuir,Stenhousemuir,https://cdn5.wyscout.com/photos/team/public/g1929_120x120.png,Championship,"RB, RWB",RB,77,RWB,22,,0,31.0,1994-11-10,0,2027-05-31,4,378,0,0.15,0,0.0,12.14,52.94,Scotland,['Scotland'],,178,0,False,10.71,4.05,64.71,5.95,52.0,0.0,0.0,0.24,8.1,9.71,0.0,0,0.0,0,0.0,0.24,0.0,0,0.0,0.04,0,0.0,3,0.71,33.33,0.0,0.0,0.71,0.0,0.0,0.0,0.71,0.0,0.0,0.24,0.0,1.19,40.0,0.71,0.9500000000000001,0.0,22.14,1.67,0.24,35.0,66.67,20.95,61.36,5.0,90.48,28.81,75.21,5.71,29.17,19.11,39.3,0.0,0.24,0.24,0.24,0.0,0.0,0.0,7.62,53.13,0.9500000000000001,25.0,0.0,0.0,0.24,0.0,8.57,66.67,69.57,5.48,0,,0,,0,0.0,0.0,0.0,,,0.71,,5.95,0.0,0.0,0.0,0.0,0,0
M. Anderson,Michael Anderson,491091,Stenhousemuir,Stenhousemuir,https://cdn5.wyscout.com/photos/team/public/g1929_120x120.png,Championship,"LDMF, RCMF",LDMF,57,RCMF,36,,0,26.0,2000-02-07,0,2027-05-31,4,378,1,0.35000000000000003,0,0.09,12.14,50.98,Scotland,['Scotland'],,0,0,False,5.48,5.24,50.0,2.86,66.67,0.0,0.0,0.0,2.86,3.43,1.9,1,0.24,0,0.0,1.19,0.24,1,0.24,0.08,0,0.0,5,1.19,60.0,20.0,0.0,0.71,0.0,0.24,0.0,0.48,0.0,0.0,0.48,100.0,2.86,25.0,1.43,0.0,0.24,17.62,0.9500000000000001,0.0,33.81,69.72,14.29,55.0,7.14,90.0,30.48,75.0,2.62,27.27,15.23,36.35,0.02,0.71,0.0,0.0,0.0,0.0,0.24,5.0,47.62,1.19,0.0,0.0,0.0,0.0,0.0,4.29,61.11,71.88,7.62,0,,0,,0,0.0,0.0,0.0,,,0.71,,2.86,0.24,0.24,0.0,0.0,0,0
S. Harding,Samuel Harding,-381843,Dunfermline Athletic,Dunfermline Athletic,https://cdn5.wyscout.com/photos/team/public/1231_120x120.png,Championship,"RCB, RCB3, CB",RCB,55,RCB3,25,CB,19,20.0,2006-03-26,0,,4,378,0,0.17,0,0.04,11.19,63.83,Scotland,['Scotland'],right,188,0,True,9.05,2.62,45.45,4.76,55.0,0.24,0.34,0.48,7.62,11.03,0.9500000000000001,1,0.24,0,0.0,1.19,0.0,0,0.0,0.04,0,0.0,2,0.48,50.0,0.0,0.0,0.48,0.0,0.24,0.0,0.24,0.0,0.0,0.9500000000000001,100.0,1.67,85.71,0.71,1.67,0.0,35.71,1.43,0.9500000000000001,49.05,82.04,16.9,61.97,1.67,100.0,39.52,92.77,9.05,39.47,26.0,49.37,0.01,0.24,0.0,0.0,0.0,0.0,0.24,9.52,50.0,0.9500000000000001,25.0,0.0,0.0,0.24,0.0,8.33,68.57,93.52,25.71,0,,0,,0,0.0,0.0,0.0,,,1.19,,4.76,0.0,0.0,0.0,0.0,0,0
R. Fraser,Robbie Fraser,-293260,Dunfermline Athletic,Dunfermline Athletic,https://cdn5.wyscout.com/photos/team/public/1231_120x120.png,Championship,"LB, LWB",LB,55,LWB,44,,0,23.0,2003-04-02,0,2028-05-31,4,378,0,0.0,0,0.12,17.38,50.68,Scotland,['Scotland'],left,182,67,False,4.29,4.29,44.44,6.9,58.62,0.24,0.34,0.0,2.14,3.1,0.9500000000000001,0,0.0,0,0.0,1.67,0.0,0,0.0,0.0,0,0.0,0,0.0,0.0,0.0,0.0,5.24,13.64,5.24,13.64,0.0,0.0,1.43,2.14,44.44,5.0,47.62,0.71,3.5700000000000003,0.71,38.33,3.1,0.71,54.52,75.55,20.0,72.62,7.14,83.33,42.62,85.47,7.14,56.67,21.71,44.76,0.03,0.71,0.24,0.0,0.0,0.0,0.24,9.52,70.0,5.71,29.17,0.24,0.0,0.9500000000000001,1.43,14.29,71.67,72.22,21.43,0,,0,,0,0.0,0.0,0.0,,,0.71,,6.9,0.0,0.0,0.0,0.0,0,0
D. Watret,Dylan Watret,-396894,Ayr United,Ayr United,https://cdn5.wyscout.com/photos/team/public/2928_120x120.png,Championship,"RB, RWB",RB,69,RWB,30,,0,19.0,2006-09-26,0,2028-05-31,4,375,0,0.33,0,0.06,8.64,22.22,Scotland,['Scotland'],,0,0,False,6.72,4.5600000000000005,36.84,1.2,0.0,0.0,0.0,0.48,5.04,4.96,0.48,0,0.0,0,0.0,0.24,0.0,0,0.0,0.08,0,0.0,4,0.96,0.0,0.0,0.0,1.44,16.67,0.0,0.0,1.44,16.67,0.24,0.24,0.0,2.88,8.33,1.2,0.96,0.24,22.32,2.88,0.48,29.04,71.9,9.6,52.5,5.28,90.91,24.24,80.2,3.6,40.0,19.47,42.87,0.01,0.48,0.0,0.0,0.0,0.0,0.48,2.64,54.55,1.6800000000000002,71.43,0.0,0.0,0.48,0.24,4.32,50.0,78.79,7.92,0,,0,,0,0.0,0.0,0.0,,,0.24,,1.2,0.0,0.0,0.0,0.0,0,0
L. McBeth,Luke McBeth,-238112,Ayr United,Ayr United,https://cdn5.wyscout.com/photos/team/public/2928_120x120.png,Championship,"RCB, RDMF, CB",RCB,40,RDMF,25,CB,24,26.0,1999-09-23,0,2027-05-31,4,375,1,0.58,0,0.0,10.32,65.12,Scotland,['Scotland'],,185,82,False,11.52,5.04,66.67,3.12,69.23,0.48,0.47000000000000003,1.2,7.68,7.5600000000000005,0.72,1,0.24,0,0.0,0.24,0.24,1,0.24,0.14,1,0.24,3,0.72,33.33,33.333,0.0,0.72,0.0,0.0,0.0,0.72,0.0,0.24,0.0,0.0,1.2,40.0,1.2,0.24,0.0,24.96,0.0,0.48,40.32,78.57,17.28,62.5,1.44,100.0,30.72,87.5,9.12,52.63,24.98,44.49,0.0,0.24,0.0,0.0,0.0,0.0,0.24,5.52,56.52,1.6800000000000002,14.29,0.0,0.0,0.72,0.0,9.12,60.53,92.11,18.24,0,,0,,0,0.0,0.0,0.0,,,0.72,,3.12,0.0,0.0,0.0,0.0,0,0
H. Stone,Harry Stone,-223353,Ayr United,Ayr United,https://cdn5.wyscout.com/photos/team/public/2928_120x120.png,Championship,GK,GK,100,,0,,0,24.0,2002-04-20,50000,2028-05-31,4,375,0,0.0,0,0.0,0.0,0.0,Scotland,['Scotland'],right,188,70,True,0.0,0.0,0.0,0.0,0.0,0.0,0.0,0.0,0.0,0.0,0.0,0,0.0,0,0.0,0.0,0.0,0,0.0,0.0,0,0.0,0,0.0,0.0,0.0,0.0,0.0,0.0,0.0,0.0,0.0,0.0,0.0,0.0,0.0,0.0,0.0,0.0,0.0,0.0,8.4,0.0,0.0,16.08,86.57,10.08,78.57,0.0,0.0,9.12,100.0,6.96,68.97,33.73,51.08,0.0,0.0,0.0,0.0,0.0,0.0,0.0,2.16,33.33,0.48,0.0,0.0,0.0,0.0,0.0,4.08,94.12,100.0,5.28,4,0.96,14,3.36,1,71.43,4.51,1.08,0.51,0.122,0.0,2.4,0.0,,,,0.0,0,0
R. Lyon,Reece Lyon,-101433,Ayr United,Ayr United,https://cdn5.wyscout.com/photos/team/public/2928_120x120.png,Championship,"DMF, AMF, RDMF",DMF,24,AMF,21,RDMF,20,26.0,2000-03-13,0,,4,375,0,0.0,0,0.0,10.08,57.14,Scotland,['Scotland'],right,183,64,False,5.28,4.5600000000000005,52.63,2.16,66.67,0.24,0.24,0.24,2.64,2.6,1.2,0,0.0,0,0.0,0.24,0.0,0,0.0,0.0,0,0.0,0,0.0,0.0,0.0,0.0,0.0,0.0,0.0,0.0,0.0,0.0,0.0,0.48,50.0,1.92,62.5,0.24,0.24,0.0,27.12,0.48,1.44,38.88,88.27,7.44,67.74,6.48,96.3,36.72,88.89,2.16,77.78,16.42,33.76,0.0,0.0,0.24,0.0,0.0,0.0,0.0,4.32,88.89,0.24,0.0,0.0,0.0,0.24,0.0,2.88,75.0,98.48,15.84,0,,0,,0,0.0,0.0,0.0,,,0.24,,2.16,0.0,0.0,0.0,0.0,0,0
K. Holt,Kevin Holt,159233,Ayr United,Ayr United,https://cdn5.wyscout.com/photos/team/public/2928_120x120.png,Championship,"LCB, LCB3",LCB,69,LCB3,24,,0,33.0,1993-01-25,300000,2027-05-31,4,375,0,0.0,0,0.0,8.4,68.57,Scotland,['Scotland'],left,185,73,False,8.4,3.36,78.57,2.88,66.67,0.0,0.0,0.96,5.76,5.67,0.72,0,0.0,0,0.0,0.24,0.0,0,0.0,0.0,0,0.0,0,0.0,0.0,0.0,0.0,0.24,0.0,0.24,0.0,0.0,0.0,0.0,0.24,100.0,0.96,50.0,0.0,0.48,0.0,31.68,0.24,0.24,43.68,85.71,20.4,70.59,2.16,100.0,36.96,93.51,6.48,44.44,21.02,40.17,0.0,0.0,0.0,0.0,0.0,0.0,0.0,5.28,45.45,2.16,22.22,0.0,0.0,0.24,0.0,5.76,75.0,100.0,16.56,0,,0,,0,0.0,0.0,0.0,,,1.44,,2.88,0.24,0.0,0.0,0.0,0,0
Graeme Shinnie,Graeme  Shinnie,86703,Inverness CT,Inverness CT,https://cdn5.wyscout.com/photos/team/public/304_120x120.png,Championship,LDMF,LDMF,87,,0,,0,35.0,1991-08-04,350000,2028-05-31,4,374,0,0.34,0,0.19,18.29,55.26,Scotland,['Scotland'],left,175,72,False,6.02,5.53,47.83,6.74,60.71,0.24,0.38,0.0,3.13,5.0,1.2,2,0.48,0,0.0,0.96,0.0,0,0.0,0.08,0,0.0,5,1.2,40.0,0.0,0.0,0.96,0.0,0.96,0.0,0.0,0.0,0.24,0.48,100.0,4.8100000000000005,60.0,0.24,0.48,0.0,32.73,0.0,2.65,45.72,84.21,17.81,77.03,7.22,86.67,40.91,90.0,3.85,43.75,17.17,37.71,0.05,0.96,0.0,0.0,0.0,0.0,0.24,9.14,78.95,2.41,30.0,0.0,0.0,0.48,0.0,7.94,72.73,85.71,13.48,0,,0,,0,0.0,0.0,0.0,,,0.0,,6.74,0.0,0.0,0.0,0.0,0,0
D. Devine,Daniel Devine,158891,Inverness CT,Inverness CT,https://cdn5.wyscout.com/photos/team/public/304_120x120.png,Championship,RCB,RCB,100,,0,,0,33.0,1992-09-07,200000,2027-05-31,4,374,0,0.11,0,0.0,11.07,71.74,Northern Ireland,['Northern Ireland'],right,183,70,False,11.07,5.78,66.67,3.85,68.75,0.24,0.38,1.2,6.98,11.15,0.96,0,0.0,0,0.0,0.48,0.0,0,0.0,0.03,0,0.0,1,0.24,0.0,0.0,0.0,0.48,0.0,0.24,0.0,0.24,0.0,0.0,0.48,100.0,0.72,100.0,0.72,0.96,0.0,40.43,0.24,0.24,64.25,79.03,27.91,61.21,2.17,100.0,52.7,89.5,11.07,32.61,22.9,43.64,0.0,0.0,0.0,0.0,0.0,0.0,0.24,10.59,43.18,0.72,0.0,0.0,0.0,0.0,0.0,7.7,71.88,93.1,27.91,0,,0,,0,0.0,0.0,0.0,,,1.2,,3.85,0.0,0.0,0.0,0.0,0,0
R. Munro,Ross Munro,451119,Inverness CT,Inverness CT,https://cdn5.wyscout.com/photos/team/public/304_120x120.png,Championship,GK,GK,100,,0,,0,26.0,2000-04-01,75000,2028-05-31,4,374,0,0.0,0,0.0,0.24,100.0,Scotland,['Scotland'],left,182,83,False,0.0,0.0,0.0,0.0,0.0,0.0,0.0,0.0,0.0,0.0,0.0,0,0.0,0,0.0,0.0,0.0,0,0.0,0.0,0,0.0,0,0.0,0.0,0.0,0.0,0.0,0.0,0.0,0.0,0.0,0.0,0.0,0.0,0.0,0.24,100.0,0.0,0.0,0.0,21.66,1.2,0.24,29.6,86.99,12.99,70.37,0.0,0.0,21.42,100.0,8.18,52.94,31.2,47.84,0.0,0.0,0.0,0.0,0.0,0.0,0.0,0.72,0.0,0.0,0.0,0.0,0.0,0.0,0.0,5.05,57.14,100.0,16.12,4,0.96,12,2.89,2,66.67,2.7,0.65,-1.3,-0.313,0.0,0.72,0.0,,,,0.0,0,0
R. Savage,Remi Savage,506414,Inverness CT,Inverness CT,https://cdn5.wyscout.com/photos/team/public/304_120x120.png,Championship,LCB,LCB,100,,0,,0,24.0,2001-10-26,0,2027-05-31,4,374,0,0.1,0,0.0,14.2,74.58,England,['England'],left,0,0,False,9.14,3.13,69.23,6.74,82.14,0.0,0.0,0.48,6.98,11.15,0.48,1,0.24,0,0.0,0.48,0.0,0,0.0,0.03,0,0.0,2,0.48,0.0,0.0,0.0,0.24,100.0,0.24,100.0,0.0,0.0,0.0,0.24,100.0,1.6800000000000002,42.86,0.48,0.48,0.0,36.34,0.24,0.72,55.35,86.52,23.58,70.41,4.33,94.44,48.13,94.0,6.98,34.48,23.1,41.6,0.0,0.0,0.0,0.0,0.0,0.0,0.0,5.53,47.83,0.72,33.33,0.0,0.0,0.0,0.24,7.94,66.67,98.0,24.06,0,,0,,0,0.0,0.0,0.0,,,3.13,,6.74,0.0,0.0,0.0,0.0,0,0
M. Garrity,Michael Garrity,-267626,Greenock Morton,Greenock Morton,https://cdn5.wyscout.com/photos/team/public/1232_120x120.png,Championship,"RAMF, LAMF",RAMF,63,LAMF,28,,0,24.0,2002-07-06,50000,2027-05-31,4,372,0,0.15,1,0.74,10.89,60.0,Scotland,['Scotland'],right,181,0,False,4.84,3.87,62.5,1.21,40.0,0.24,0.28,0.24,2.18,2.48,0.73,0,0.0,0,0.0,3.15,0.0,0,0.0,0.04,0,0.0,6,1.45,16.67,0.0,0.24,1.94,50.0,0.97,25.0,0.97,75.0,0.24,2.9,66.67,5.5600000000000005,60.87,2.66,1.69,0.24,18.63,1.94,1.21,22.02,70.33,5.8100000000000005,45.83,6.29,96.15,17.42,79.17,2.66,27.27,17.9,39.01,0.18,0.97,0.0,0.0,0.0,0.0,1.21,2.42,40.0,2.18,66.67,0.0,0.0,0.97,0.73,5.8100000000000005,54.17,75.0,4.84,0,,0,,0,0.0,0.0,0.0,,,0.0,,1.21,0.24,0.0,0.0,0.24,0,0
A. Connolly,Aidan Connolly,278298,Queen's Park,Queen's Park,https://cdn5.wyscout.com/photos/team/public/g1937_120x120.png,Championship,"LCMF, RCMF3, RAMF",LCMF,25,RCMF3,25,RAMF,16,31.0,1995-08-15,325000,2028-05-31,4,371,0,0.01,0,0.36,9.7,52.5,Scotland,['Scotland'],left,165,65,False,5.09,3.88,50.0,0.49,0.0,0.0,0.0,0.0,3.15,3.33,0.49,0,0.0,0,0.0,0.49,0.0,0,0.0,0.0,0,0.0,2,0.49,0.0,0.0,0.0,1.21,0.0,0.49,0.0,0.73,0.0,0.73,0.49,50.0,4.61,63.16,1.46,1.21,0.0,18.92,1.7000000000000002,1.94,28.87,83.19,6.06,76.0,5.09,85.71,25.71,88.68,1.94,62.5,16.11,38.06,0.09,0.73,0.0,0.0,0.24,100.0,0.49,2.67,81.82,1.21,20.0,0.24,100.0,0.24,0.0,3.15,53.85,80.0,12.13,0,,0,,0,0.0,0.0,0.0,,,0.24,,0.49,1.46,0.24,0.0,0.49,0,0
O. Stirton,Owen  Stirton,-492859,Ayr United,Ayr United,https://cdn5.wyscout.com/photos/team/public/2928_120x120.png,Championship,CF,CF,100,,0,,0,19.0,2007-01-30,0,2028-05-31,4,371,0,0.85,0,0.14,17.47,34.72,Scotland,['Scotland'],,0,0,False,1.7000000000000002,0.73,33.33,8.49,48.57,0.0,0.0,0.0,1.46,1.44,0.0,0,0.0,0,0.0,1.46,0.0,0,0.0,0.21,0,0.0,6,1.46,50.0,0.0,0.0,0.49,50.0,0.0,0.0,0.49,50.0,0.0,0.73,66.67,5.34,22.73,2.18,0.0,0.24,14.31,2.67,1.46,17.95,71.62,5.82,50.0,4.37,100.0,16.74,75.36,0.73,0.0,13.09,19.66,0.03,0.49,0.0,0.0,0.0,0.0,0.24,1.94,50.0,1.46,16.67,0.0,0.0,0.24,0.24,1.46,83.33,64.29,3.4,0,,0,,0,0.0,0.0,0.0,,,0.0,,8.49,0.24,0.24,100.0,0.0,0,0
S. Constable,Scott Alexander Constable,-479669,Arbroath,Arbroath,https://cdn5.wyscout.com/photos/team/public/4269_120x120.png,Championship,RDMF,RDMF,96,,0,,0,19.0,2007-08-22,0,,4,370,0,0.04,0,0.0,13.14,59.26,Scotland,['Scotland'],right,0,0,True,9.73,7.05,51.72,2.92,75.0,0.0,0.0,0.73,6.08,7.58,2.68,2,0.49,1,0.24,0.49,0.0,0,0.0,0.01,0,0.0,2,0.49,0.0,0.0,0.0,0.49,50.0,0.0,0.0,0.49,50.0,0.0,0.24,100.0,2.68,63.64,0.0,0.0,0.49,18.73,0.49,0.49,31.62,76.15,9.0,45.95,4.86,85.0,27.97,82.61,3.41,21.43,18.8,33.75,0.0,0.0,0.0,0.0,0.0,0.0,0.0,5.11,57.14,0.49,50.0,0.0,0.0,0.0,0.24,3.65,53.33,92.98,13.86,0,,0,,0,0.0,0.0,0.0,,,0.24,,2.92,0.0,0.0,0.0,0.0,0,0
A. Allan Stewart,Alfie Allan Stewart,-330585,Inverness CT,Inverness CT,https://cdn5.wyscout.com/photos/team/public/304_120x120.png,Championship,"AMF, LCMF3",AMF,86,LCMF3,13,,0,20.0,2006-07-31,0,,4,368,0,0.65,0,0.58,10.76,43.18,Great Britain,['Great Britain'],unknown,0,0,False,4.4,5.63,39.13,3.42,42.86,0.24,0.39,0.24,1.96,3.12,0.98,2,0.49,0,0.0,1.47,0.0,0,0.0,0.16,0,0.0,5,1.22,40.0,0.0,0.0,1.96,25.0,0.49,50.0,1.47,16.67,0.49,0.24,100.0,1.47,66.67,1.22,0.98,0.0,34.48,0.49,0.24,48.91,71.0,18.59,48.68,10.03,90.24,40.6,77.71,6.36,42.31,18.66,43.47,0.14,1.47,0.0,0.0,0.49,50.0,0.24,8.32,55.88,4.16,29.41,0.49,50.0,0.73,0.73,8.56,65.71,82.14,13.7,0,,0,,0,0.0,0.0,0.0,,,0.49,,3.42,1.96,0.24,100.0,2.93,0,0
R. Dow,Ryan Dow,46957,Arbroath,Arbroath,https://cdn5.wyscout.com/photos/team/public/4269_120x120.png,Championship,LAMF,LAMF,100,,0,,0,35.0,1991-06-07,75000,2027-05-31,4,367,0,1.17,0,0.36,12.51,50.98,Scotland,['Scotland'],right,176,65,False,4.41,3.19,69.23,2.21,44.44,0.49,0.61,0.0,1.72,2.12,0.25,0,0.0,0,0.0,1.47,0.0,0,0.0,0.29,0,0.0,6,1.47,16.67,0.0,0.0,1.23,60.0,1.23,60.0,0.0,0.0,0.0,0.98,50.0,5.89,45.83,2.45,2.21,0.0,22.56,2.45,2.21,29.43,75.0,6.62,55.56,7.85,96.88,25.26,77.67,3.19,53.85,16.58,34.21,0.09,0.98,0.0,0.0,0.0,0.0,0.25,2.94,41.67,2.45,40.0,0.0,0.0,0.74,0.74,4.66,42.11,71.05,9.32,0,,0,,0,0.0,0.0,0.0,,,0.0,,2.21,0.49,0.25,0.0,1.23,0,0
E. Brophy,Eamonn Brophy,292164,Greenock Morton,Greenock Morton,https://cdn5.wyscout.com/photos/team/public/1232_120x120.png,Championship,CF,CF,100,,0,,0,30.0,1996-03-10,450000,2027-05-31,4,365,1,1.06,0,0.11,17.51,28.17,Scotland,['Scotland'],right,175,68,False,1.97,1.23,40.0,6.16,28.0,0.0,0.0,0.0,1.48,1.67,0.74,1,0.25,0,0.0,0.25,0.25,1,0.25,0.26,0,0.0,5,1.23,20.0,20.0,0.0,1.23,0.0,0.25,0.0,0.99,0.0,0.25,0.25,0.0,7.64,25.81,2.96,0.49,0.25,10.6,1.48,0.99,14.3,67.24,3.7,46.67,3.95,87.5,11.84,75.0,1.23,60.0,15.43,37.65,0.03,0.25,0.0,0.25,0.0,0.0,0.25,1.48,33.33,0.49,0.0,0.0,0.0,0.49,0.0,0.25,100.0,64.29,3.45,0,,0,,0,0.0,0.0,0.0,,,0.74,,6.16,0.0,0.0,0.0,0.0,0,0
S. Mackie,Sean Mackie,409682,Arbroath,Arbroath,https://cdn5.wyscout.com/photos/team/public/4269_120x120.png,Championship,LB,LB,100,,0,,0,27.0,1998-11-04,150000,,4,363,0,0.02,1,0.86,9.17,67.57,Scotland,['Scotland'],left,173,69,False,6.94,2.98,50.0,2.48,60.0,0.0,0.0,0.5,5.45,6.8,0.74,1,0.25,0,0.0,2.73,0.0,0,0.0,0.0,0,0.0,2,0.5,100.0,0.0,0.25,4.21,29.41,3.7199999999999998,26.67,0.5,50.0,0.74,0.99,100.0,2.98,83.33,0.5,1.24,0.0,35.21,2.23,1.49,46.12,63.98,22.56,51.65,6.45,88.46,33.97,74.45,8.43,38.24,21.61,38.99,0.21,1.24,0.0,0.0,0.0,0.0,0.5,10.41,52.38,6.69,29.63,0.0,0.0,0.74,0.99,9.92,70.0,71.7,13.14,0,,0,,0,0.0,0.0,0.0,,,0.5,,2.48,1.24,0.0,0.0,2.48,0,0
O. Smyth,Oisin Smyth,-126320,Partick Thistle,Partick Thistle,https://cdn5.wyscout.com/photos/team/public/1230_120x120.png,Championship,DMF,DMF,100,,0,,0,26.0,2000-05-05,125000,2028-05-31,4,359,0,0.5,0,1.1400000000000001,9.78,38.46,Northern Ireland,['Northern Ireland'],right,181,72,False,5.52,2.26,33.33,2.76,72.73,0.25,0.42,0.25,4.51,7.5,1.0,1,0.25,0,0.0,2.26,0.0,0,0.0,0.12,0,0.0,6,1.5,83.33,0.0,0.0,1.5,66.67,0.75,66.67,0.75,66.67,0.0,0.0,0.0,2.76,18.18,1.5,0.75,0.5,38.86,0.25,0.0,56.91,82.82,20.81,74.7,6.27,92.0,49.39,86.29,6.02,58.33,19.75,41.06,0.29,1.0,0.0,0.0,0.0,0.0,1.0,10.28,78.05,4.26,70.59,0.0,0.0,2.01,1.0,10.78,81.4,91.01,22.31,0,,0,,0,0.0,0.0,0.0,,,0.0,,2.76,0.5,0.5,100.0,0.0,0,0
Z. Delaney,Zak Delaney,-95308,Raith Rovers,Raith Rovers,https://cdn5.wyscout.com/photos/team/public/2653_120x120.png,Championship,"LB, LCB",LB,80,LCB,19,,0,24.0,2002-01-10,275000,2028-05-31,4,354,0,0.18,1,0.38,10.17,52.5,Republic of Ireland,['Republic of Ireland'],left,0,0,False,5.85,4.58,38.89,2.54,70.0,0.25,0.4,0.0,3.81,6.0,1.02,0,0.0,0,0.0,0.76,0.0,0,0.0,0.05,0,0.0,1,0.25,100.0,0.0,0.25,2.03,25.0,2.03,25.0,0.0,0.0,0.25,0.0,0.0,2.29,55.56,1.02,0.51,0.0,43.22,1.27,0.76,52.88,80.77,21.36,64.29,5.85,95.65,46.53,87.98,4.83,31.58,19.48,46.19,0.1,0.25,0.0,0.51,0.0,0.0,0.25,7.12,57.14,2.54,20.0,0.0,0.0,0.51,0.25,9.66,68.42,90.41,18.56,0,,0,,0,0.0,0.0,0.0,,,0.76,,2.54,0.0,0.0,0.0,0.0,0,0
G. Gillespie,Grant Gillespie,46514,Greenock Morton,Greenock Morton,https://cdn5.wyscout.com/photos/team/public/1232_120x120.png,Championship,"LDMF, RDMF, DMF",LDMF,49,RDMF,38,DMF,12,35.0,1991-07-02,200000,2027-05-31,4,352,0,0.0,0,0.0,12.53,40.82,Scotland,['Scotland'],right,176,75,False,8.44,5.11,55.0,2.81,9.09,1.02,1.18,0.26,4.6,5.29,1.79,3,0.77,0,0.0,0.26,0.0,0,0.0,0.0,0,0.0,0,0.0,0.0,0.0,0.0,0.0,0.0,0.0,0.0,0.0,0.0,0.0,0.26,100.0,4.09,50.0,0.0,0.51,0.0,25.82,0.26,1.28,42.44,82.53,15.6,67.21,4.86,89.47,36.56,88.11,5.88,47.83,19.99,42.6,0.0,0.0,0.26,0.0,0.0,0.0,0.0,8.18,68.75,1.28,40.0,0.0,0.0,0.51,0.0,6.65,76.92,94.92,15.09,0,,0,,0,0.0,0.0,0.0,,,0.51,,2.81,0.0,0.0,0.0,0.0,0,0
C. Sandilands,Callum Sandilands,-509108,Greenock Morton,Greenock Morton,https://cdn5.wyscout.com/photos/team/public/1232_120x120.png,Championship,"AMF, LAMF",AMF,53,LAMF,34,,0,20.0,2005-09-07,0,2027-05-31,4,347,0,0.4,1,0.36,13.75,41.51,Scotland,['Scotland'],,0,0,False,3.89,4.15,68.75,2.59,10.0,0.26,0.31,0.26,0.78,0.92,1.04,0,0.0,0,0.0,1.04,0.0,0,0.0,0.1,0,0.0,5,1.3,40.0,0.0,0.26,1.04,25.0,1.04,25.0,0.0,0.0,0.26,0.52,50.0,6.22,33.33,1.82,1.04,0.52,19.71,1.3,2.07,24.64,77.89,6.22,58.33,7.0,96.3,21.53,85.54,2.07,25.0,16.84,44.87,0.09,1.04,0.0,0.0,0.0,0.0,0.26,2.59,70.0,1.3,80.0,0.0,0.0,0.78,0.26,3.37,61.54,76.92,6.74,0,,0,,0,0.0,0.0,0.0,,,0.78,,2.59,2.33,0.26,100.0,2.85,0,0
Scott Pittman,Scott Pittman,183100,Livingston,Livingston,https://cdn5.wyscout.com/photos/team/public/1226_120x120.png,Championship,"RCMF, AMF, RCMF3",RCMF,42,AMF,27,RCMF3,26,34.0,1992-07-09,300000,2027-05-31,4,343,0,0.39,2,0.58,10.5,35.0,Scotland,"['Scotland', 'United States']",right,177,72,False,3.67,2.36,44.44,3.67,28.57,0.0,0.0,0.26,2.62,4.35,1.31,0,0.0,0,0.0,0.0,0.0,0,0.0,0.1,0,0.0,4,1.05,0.0,0.0,0.52,0.79,0.0,0.0,0.0,0.79,0.0,0.0,0.0,0.0,3.67,21.43,2.36,0.26,0.0,21.78,1.8399999999999999,1.05,35.95,83.21,9.18,68.57,7.87,96.67,33.32,88.19,1.8399999999999999,28.57,15.01,31.46,0.15,1.05,0.0,0.0,0.0,0.0,0.52,4.2,81.25,2.1,25.0,0.0,0.0,0.79,0.26,4.46,52.94,87.5,10.5,0,,0,,0,0.0,0.0,0.0,,,0.52,,3.67,0.0,0.0,0.0,0.0,0,0
A. Fitzpatrick,Aidan Fitzpatrick,497915,Partick Thistle,Partick Thistle,https://cdn5.wyscout.com/photos/team/public/1230_120x120.png,Championship,"LWF, LW",LWF,71,LW,19,,0,25.0,2001-03-20,350000,2027-05-31,4,342,0,0.46,1,1.57,16.05,57.38,Scotland,['Scotland'],right,177,72,False,4.47,2.89,90.91,1.58,50.0,0.26,0.47000000000000003,0.0,1.58,2.81,0.0,0,0.0,0,0.0,3.16,0.0,0,0.0,0.12,0,0.0,4,1.05,0.0,0.0,0.26,4.21,31.25,3.95,33.33,0.26,0.0,0.79,2.37,77.78,9.74,45.95,6.84,3.68,0.53,25.26,3.42,1.8399999999999999,34.47,69.47,7.63,62.07,7.37,82.14,29.21,74.77,1.32,60.0,17.18,31.79,0.41000000000000003,3.16,0.0,0.0,0.0,0.0,2.11,1.32,100.0,4.47,70.59,0.0,0.0,2.37,1.05,4.47,88.24,75.56,11.84,0,,0,,0,0.0,0.0,0.0,,,0.0,,1.58,0.79,0.0,0.0,3.42,0,0
N. Boutin,Noa Boutin,-362748,Inverness CT,Inverness CT,https://cdn5.wyscout.com/photos/team/public/304_120x120.png,Championship,LB,LB,100,,0,,0,22.0,2003-09-11,0,2028-05-31,4,340,0,0.02,0,0.12,14.29,44.44,France,"['France', ""Côte d'Ivoire""]",unknown,0,0,False,6.62,4.24,62.5,2.65,50.0,0.26,0.41000000000000003,0.0,3.71,5.75,1.06,0,0.0,0,0.0,2.12,0.0,0,0.0,0.01,0,0.0,2,0.53,50.0,0.0,0.0,2.38,44.44,2.38,44.44,0.0,0.0,0.53,1.32,60.0,6.35,29.17,0.53,1.32,0.26,30.18,2.38,1.32,41.56,75.8,16.15,59.02,7.94,96.67,34.15,83.72,5.29,40.0,18.73,42.44,0.03,0.53,0.0,0.0,0.0,0.0,0.53,5.03,63.16,3.18,50.0,0.26,0.0,0.53,0.79,7.68,62.07,85.0,10.59,0,,0,,0,0.0,0.0,0.0,,,0.79,,2.65,0.0,0.0,0.0,0.0,0,0
B. Summers,Ben Summers,-372671,Ayr United,Ayr United,https://cdn5.wyscout.com/photos/team/public/2928_120x120.png,Championship,"LDMF, LCMF3, LCMF",LDMF,46,LCMF3,33,LCMF,12,22.0,2004-06-16,0,,4,338,1,0.13,0,0.29,16.24,44.26,Scotland,['Scotland'],right,0,0,False,5.06,5.59,66.67,0.27,0.0,0.0,0.0,0.0,1.33,1.3,0.8,1,0.27,0,0.0,2.4,0.27,1,0.27,0.03,0,0.0,5,1.33,20.0,20.0,0.0,1.6,66.67,1.33,60.0,0.27,100.0,0.27,2.66,40.0,9.05,32.35,1.07,1.33,0.27,26.63,0.53,1.6,40.47,80.92,14.11,69.81,5.33,95.0,35.95,84.44,2.93,45.45,15.71,44.91,0.08,0.8,0.0,0.0,0.0,0.0,0.8,7.19,70.37,3.2,66.67,0.0,0.0,0.8,1.07,8.79,81.82,86.27,13.58,0,,0,,0,0.0,0.0,0.0,,,0.0,,0.27,0.0,0.0,0.0,0.0,0,0
K. Montagu,Kai Montagu,-598031,Raith Rovers,Raith Rovers,https://cdn5.wyscout.com/photos/team/public/2653_120x120.png,Championship,"AMF, RCMF, LDMF",AMF,45,RCMF,20,LDMF,12,,,0,2027-05-31,4,331,0,0.18,0,0.01,10.88,40.0,Scotland,['Scotland'],unknown,0,0,False,3.81,5.17,31.58,1.63,50.0,0.0,0.0,0.0,2.18,3.29,2.18,1,0.27,0,0.0,0.27,0.0,0,0.0,0.05,0,0.0,3,0.8200000000000001,33.33,0.0,0.0,0.8200000000000001,0.0,0.27,0.0,0.54,0.0,0.0,0.0,0.0,2.99,54.55,2.18,0.8200000000000001,0.0,29.91,0.8200000000000001,1.09,38.34,83.69,7.89,65.52,7.34,81.48,35.89,87.88,1.63,33.33,17.54,35.26,0.0,0.27,0.0,0.0,0.0,0.0,0.0,4.08,60.0,0.54,0.0,0.0,0.0,0.0,0.0,3.5300000000000002,76.92,93.1,15.77,0,,0,,0,0.0,0.0,0.0,,,1.09,,1.63,0.0,0.0,0.0,0.0,0,0
R. Taylor,Ross Taylor,-267627,Ayr United,Ayr United,https://cdn5.wyscout.com/photos/team/public/2928_120x120.png,Championship,"RAMF, CF, RW",RAMF,48,CF,30,RW,17,22.0,2003-09-29,0,2027-05-31,4,329,1,1.29,1,0.81,15.32,46.43,Scotland,['Scotland'],,0,0,False,4.38,4.65,35.29,1.9100000000000001,28.57,0.0,0.0,0.0,2.74,2.75,1.6400000000000001,0,0.0,0,0.0,3.01,0.27,1,0.27,0.35000000000000003,0,0.0,5,1.37,60.0,20.0,0.27,1.37,20.0,0.27,100.0,1.09,0.0,0.55,2.46,77.78,7.66,60.71,2.46,2.74,0.8200000000000001,14.77,2.19,2.19,18.6,70.59,5.2,68.42,4.1,80.0,15.05,76.36,2.19,62.5,17.65,35.87,0.22,1.09,0.0,0.0,0.0,0.0,0.0,1.37,80.0,0.55,0.0,0.0,0.0,0.0,0.55,3.01,45.45,60.0,5.47,0,,0,,0,0.0,0.0,0.0,,,0.27,,1.9100000000000001,1.09,0.0,0.0,2.74,0,0
C. MacLeod,Calum MacLeod,-598573,Inverness CT,Inverness CT,https://cdn5.wyscout.com/photos/team/public/304_120x120.png,Championship,RB,RB,100,,0,,0,20.0,2006-05-25,0,2027-05-31,4,322,0,0.45,0,0.6000000000000001,19.29,47.83,Scotland,['Scotland'],unknown,0,0,False,7.55,6.43,39.13,5.59,60.0,0.0,0.0,0.0,5.03,7.94,0.84,1,0.28,0,0.0,2.24,0.0,0,0.0,0.13,0,0.0,1,0.28,0.0,0.0,0.0,2.52,33.33,0.0,0.0,2.52,33.33,0.84,1.4,100.0,5.03,44.44,2.52,2.24,0.0,40.81,1.6800000000000002,0.84,55.34,79.8,22.64,69.14,11.74,92.86,50.59,82.32,2.52,77.78,15.17,40.9,0.17,0.84,0.0,0.0,0.0,0.0,0.56,3.91,78.57,2.24,25.0,0.0,0.0,0.84,0.28,9.5,64.71,75.0,11.18,0,,0,,0,0.0,0.0,0.0,,,0.56,,5.59,0.0,0.0,0.0,0.0,0,0
T. Letsosa,Tsoanelo Letsosa,-153704,Partick Thistle,Partick Thistle,https://cdn5.wyscout.com/photos/team/public/1230_120x120.png,Championship,"RCMF3, RCMF",RCMF3,69,RCMF,30,,0,22.0,2004-06-06,0,2027-05-31,4,322,1,1.63,0,0.0,11.18,35.0,Lesotho,"['Lesotho', 'Scotland']",right,173,0,False,4.47,2.52,44.44,1.6800000000000002,16.67,0.0,0.0,0.0,3.35,5.63,0.84,1,0.28,0,0.0,1.6800000000000002,0.28,1,0.28,0.46,0,0.0,6,1.6800000000000002,16.67,16.667,0.0,0.28,100.0,0.0,0.0,0.28,100.0,0.0,2.24,50.0,6.43,34.78,2.8,1.4,0.28,16.49,0.0,0.28,26.55,82.11,4.47,62.5,9.5,91.18,25.43,83.52,1.12,50.0,14.76,29.07,0.0,0.0,0.0,0.0,0.28,0.0,0.0,1.12,75.0,1.4,40.0,0.28,0.0,0.84,0.0,3.35,50.0,88.89,7.55,0,,0,,0,0.0,0.0,0.0,,,1.12,,1.6800000000000002,0.0,0.0,0.0,0.0,0,0
P. McMullan,Paul McMullan,271089,Raith Rovers,Raith Rovers,https://cdn5.wyscout.com/photos/team/public/2653_120x120.png,Championship,"LAMF, LW, RAMF",LAMF,51,LW,21,RAMF,14,30.0,1996-02-25,450000,2027-05-31,4,321,1,0.74,1,0.45,15.14,51.85,Scotland,['Scotland'],right,181,70,False,5.89,6.73,58.33,0.84,0.0,0.0,0.0,0.0,1.96,2.8,1.12,0,0.0,0,0.0,3.36,0.28,1,0.28,0.21,0,0.0,6,1.6800000000000002,50.0,16.667,0.28,2.52,44.44,1.96,57.14,0.56,0.0,0.0,1.6800000000000002,83.33,6.17,50.0,1.6800000000000002,1.96,0.0,23.27,2.24,1.6800000000000002,31.4,73.21,7.85,50.0,8.41,90.0,27.76,76.77,1.4,40.0,15.15,39.52,0.13,1.4,0.0,0.0,0.0,0.0,0.84,2.52,55.56,3.64,53.85,0.0,0.0,0.84,1.6800000000000002,5.89,61.9,75.0,8.97,0,,0,,0,0.0,0.0,0.0,,,0.0,,0.84,0.0,0.0,0.0,0.0,0,0
A. Bavidge,Alfie Bavidge,-330584,Inverness CT,Inverness CT,https://cdn5.wyscout.com/photos/team/public/304_120x120.png,Championship,CF,CF,92,,0,,0,20.0,2006-04-11,0,2027-05-31,4,318,1,1.44,0,0.14,14.15,36.0,Scotland,['Scotland'],right,0,0,True,4.25,3.68,46.15,5.66,30.0,0.0,0.0,0.0,2.55,3.9699999999999998,1.42,1,0.28,0,0.0,1.7000000000000002,0.28,1,0.28,0.41000000000000003,1,0.28,8,2.26,25.0,12.5,0.0,0.85,66.67,0.28,100.0,0.5700000000000001,50.0,0.0,0.5700000000000001,100.0,3.4,41.67,3.4,0.5700000000000001,0.0,12.17,2.83,0.28,15.57,78.18,3.96,71.43,6.23,90.91,14.15,80.0,0.85,66.67,15.31,37.75,0.04,0.28,0.0,0.0,0.0,0.0,0.85,2.26,75.0,0.85,33.33,0.0,0.0,0.5700000000000001,0.28,1.98,85.71,66.67,3.4,0,,0,,0,0.0,0.0,0.0,,,0.0,,5.66,0.0,0.0,0.0,0.0,0,0
R. Duncan,Ryan Duncan,-153211,Inverness CT,Inverness CT,https://cdn5.wyscout.com/photos/team/public/304_120x120.png,Championship,"RAMF, RWF",RAMF,84,RWF,15,,0,22.0,2004-01-18,300000,2028-05-31,4,313,0,1.06,1,0.98,12.08,42.86,Scotland,['Scotland'],left,185,67,False,2.88,2.3,50.0,5.18,44.44,0.0,0.0,0.29,1.73,2.69,0.86,0,0.0,0,0.0,3.16,0.0,0,0.0,0.30000000000000004,0,0.0,5,1.44,60.0,0.0,0.29,4.89,29.41,0.58,50.0,4.31,26.67,0.29,1.73,50.0,4.03,42.86,2.59,0.58,0.29,30.48,0.58,0.86,35.65,64.52,9.78,52.94,6.61,91.3,25.3,80.68,6.33,27.27,20.9,44.97,0.28,1.44,0.0,0.0,0.0,0.0,0.86,7.48,38.46,4.89,29.41,0.58,0.0,0.86,1.15,6.04,71.43,53.49,12.36,0,,0,,0,0.0,0.0,0.0,,,0.0,,5.18,0.0,0.0,0.0,0.29,0,0
P. Hanlon,Paul Hanlon,22356,Raith Rovers,Raith Rovers,https://cdn5.wyscout.com/photos/team/public/2653_120x120.png,Championship,LCB,LCB,100,,0,,0,36.0,1990-01-20,250000,2027-05-31,4,311,0,0.0,0,0.0,6.95,83.33,Scotland,['Scotland'],left,180,70,False,9.84,2.03,85.71,3.18,72.73,0.0,0.0,1.45,8.1,12.0,0.0,0,0.0,0,0.0,0.0,0.0,0,0.0,0.0,0,0.0,0,0.0,0.0,0.0,0.0,0.0,0.0,0.0,0.0,0.0,0.0,0.0,0.0,0.0,1.16,100.0,0.29,0.0,0.0,50.93,1.45,1.16,66.56,92.17,23.73,89.02,4.05,78.57,58.75,94.58,7.8100000000000005,74.07,22.42,47.17,0.0,0.0,0.0,0.0,0.0,0.0,0.0,9.84,82.35,0.29,0.0,0.0,0.0,0.0,0.0,11.29,74.36,96.49,32.99,0,,0,,0,0.0,0.0,0.0,,,2.32,,3.18,0.0,0.0,0.0,0.0,0,0
J. Doherty,Jordan Doherty,477625,Livingston,Livingston,https://cdn5.wyscout.com/photos/team/public/1226_120x120.png,Championship,RB,RB,100,,0,,0,26.0,2000-08-29,200000,,4,309,0,0.55,0,0.53,14.85,43.14,Republic of Ireland,['Republic of Ireland'],right,180,72,False,7.28,5.24,61.11,3.2,18.18,0.0,0.0,0.0,4.08,6.67,0.29,0,0.0,0,0.0,3.2,0.0,0,0.0,0.16,0,0.0,2,0.58,50.0,0.0,0.0,5.83,35.0,0.0,0.0,5.83,35.0,0.29,0.87,100.0,5.24,38.89,2.62,2.33,0.58,32.91,2.04,0.29,46.89,72.67,18.06,67.74,9.03,96.77,35.53,86.07,6.12,28.57,21.05,38.19,0.15,0.87,0.0,0.0,0.0,0.0,0.58,6.41,59.09,2.91,40.0,0.0,0.0,0.0,1.46,9.03,58.06,75.76,9.61,0,,0,,0,0.0,0.0,0.0,,,0.87,,3.2,0.0,0.0,0.0,0.0,0,0
R. Lamie,Ricki Lamie,230440,Queen's Park,Queen's Park,https://cdn5.wyscout.com/photos/team/public/g1937_120x120.png,Championship,"LCB, LCB3",LCB,61,LCB3,38,,0,33.0,1993-06-20,325000,,4,307,0,0.0,0,0.0,10.26,60.0,Scotland,['Scotland'],left,185,83,False,10.55,4.4,46.67,4.1,78.57,0.0,0.0,0.29,8.5,9.06,1.47,0,0.0,0,0.0,0.0,0.0,0,0.0,0.0,0,0.0,0,0.0,0.0,0.0,0.0,0.29,0.0,0.29,0.0,0.0,0.0,0.0,0.0,0.0,0.59,50.0,0.59,0.29,0.0,25.8,0.29,0.59,37.82,82.17,17.88,73.77,2.05,85.71,32.54,86.49,4.98,58.82,22.2,42.15,0.0,0.29,0.0,0.0,0.0,0.0,0.0,4.4,73.33,0.88,0.0,0.0,0.0,0.0,0.0,6.45,68.18,92.16,14.95,0,,0,,0,0.0,0.0,0.0,,,1.17,,4.1,0.0,0.0,0.0,0.0,0,0
J. Robertson,John Robertson,497939,Raith Rovers,Raith Rovers,https://cdn5.wyscout.com/photos/team/public/2653_120x120.png,Championship,"RAMF, RW, AMF",RAMF,62,RW,22,AMF,15,25.0,2001-08-26,0,2028-05-31,4,305,0,0.44,0,0.64,17.11,48.28,Scotland,['Scotland'],,0,0,False,5.02,5.31,44.44,3.54,50.0,0.0,0.0,0.0,2.66,4.09,1.48,0,0.0,0,0.0,3.25,0.0,0,0.0,0.13,0,0.0,10,2.95,20.0,0.0,0.0,3.25,18.18,0.59,0.0,2.66,22.22,1.18,3.84,53.85,7.38,56.0,3.25,1.77,0.0,24.49,2.66,1.77,30.69,70.19,7.08,54.17,10.03,91.18,25.97,78.41,1.48,40.0,20.45,25.15,0.19,1.18,0.0,0.0,0.0,0.0,1.18,3.54,25.0,2.36,62.5,0.0,0.0,1.18,0.89,3.54,66.67,64.52,9.15,0,,0,,0,0.0,0.0,0.0,,,0.0,,3.54,0.59,0.30000000000000004,100.0,1.18,0,0
L. Sole,Liam Sole,-93627,Inverness CT,Inverness CT,https://cdn5.wyscout.com/photos/team/public/304_120x120.png,Championship,"LAMF, RAMF",LAMF,77,RAMF,15,,0,26.0,1999-12-21,0,2027-05-31,4,298,1,0.79,0,0.68,15.7,44.23,England,['England'],,175,65,False,4.23,2.11,42.86,3.02,30.0,0.0,0.0,0.0,3.32,5.16,0.0,1,0.30000000000000004,0,0.0,5.74,0.30000000000000004,1,0.30000000000000004,0.24,0,0.0,2,0.6000000000000001,100.0,50.0,0.0,6.95,21.74,4.83,18.75,2.11,28.57,2.11,6.04,60.0,9.66,53.13,3.02,1.81,0.0,23.56,1.81,1.21,30.5,62.38,7.25,50.0,6.34,95.24,22.65,77.33,1.21,0.0,16.26,18.21,0.21,1.21,0.0,0.0,0.0,0.0,1.21,2.42,37.5,5.74,21.05,0.0,0.0,0.30000000000000004,1.81,4.83,81.25,40.0,10.57,0,,0,,0,0.0,0.0,0.0,,,0.30000000000000004,,3.02,0.30000000000000004,0.0,0.0,2.11,0,0
H. Cochrane,Harry Cochrane,497958,Greenock Morton,Greenock Morton,https://cdn5.wyscout.com/photos/team/public/1232_120x120.png,Championship,"RDMF, AMF",RDMF,64,AMF,35,,0,25.0,2001-04-24,0,,4,294,0,0.23,0,0.02,11.02,47.22,Scotland,['Scotland'],right,178,62,False,7.35,4.29,57.14,2.14,14.29,0.0,0.0,0.0,4.9,5.39,1.8399999999999999,2,0.61,0,0.0,0.31,0.0,0,0.0,0.07,0,0.0,3,0.92,0.0,0.0,0.0,0.61,0.0,0.0,0.0,0.61,0.0,0.0,0.31,100.0,3.37,63.64,0.31,0.31,0.31,26.33,0.31,2.14,39.8,86.92,9.8,68.75,9.8,96.88,36.43,90.76,2.76,55.56,17.31,35.42,0.01,0.61,0.31,0.0,0.0,0.0,0.0,3.98,53.85,1.8399999999999999,33.33,0.0,0.0,0.31,0.0,6.12,70.0,93.18,13.47,0,,0,,0,0.0,0.0,0.0,,,0.61,,2.14,0.0,0.0,0.0,0.0,0,0
Dean Black,Dean  Black,-799621,Greenock Morton,Greenock Morton,https://cdn5.wyscout.com/photos/team/public/1232_120x120.png,Championship,RB,RB,91,,0,,0,,,0,,3,291,1,0.04,0,0.0,17.01,58.18,Scotland,['Scotland'],,0,0,False,16.08,10.21,75.76,2.7800000000000002,22.22,1.24,1.43,0.31,7.11,8.21,1.24,0,0.0,0,0.0,1.24,0.31,1,0.31,0.01,0,0.0,1,0.31,100.0,100.0,0.0,0.62,0.0,0.0,0.0,0.62,0.0,0.0,1.24,75.0,2.16,57.14,0.0,1.8599999999999999,0.0,15.77,1.24,0.31,22.27,66.67,12.37,52.5,1.8599999999999999,100.0,17.94,74.14,4.02,38.46,21.65,45.58,0.0,0.31,0.0,0.0,0.0,0.0,0.0,4.33,42.86,1.55,40.0,0.0,0.0,0.31,0.0,4.64,66.67,84.21,5.88,0,,0,,0,0.0,0.0,0.0,,,0.62,,2.7800000000000002,0.0,0.0,0.0,0.0,0,0
K. Moore,Kris Moore,-197652,Greenock Morton,Greenock Morton,https://cdn5.wyscout.com/photos/team/public/1232_120x120.png,Championship,RCB,RCB,91,,0,,0,22.0,2003-11-13,0,2027-05-31,3,291,0,0.0,0,0.0,6.49,71.43,England,['England'],right,0,0,False,7.73,2.7800000000000002,66.67,3.09,70.0,0.31,0.36,0.62,5.57,6.43,0.62,0,0.0,0,0.0,0.0,0.0,0,0.0,0.0,0,0.0,0,0.0,0.0,0.0,0.0,0.31,0.0,0.0,0.0,0.31,0.0,0.0,0.0,0.0,0.62,100.0,0.62,0.31,0.0,20.1,0.0,0.62,29.38,77.89,12.06,56.41,1.55,80.0,24.74,87.5,4.33,28.57,23.85,47.9,0.0,0.0,0.0,0.0,0.0,0.0,0.0,4.95,56.25,0.31,0.0,0.0,0.0,0.0,0.0,5.57,61.11,97.62,12.99,0,,0,,0,0.0,0.0,0.0,,,0.93,,3.09,0.0,0.0,0.0,0.0,0,0
L. Murphy,Louie  Murphy,-723408,Greenock Morton,Greenock Morton,https://cdn5.wyscout.com/photos/team/public/1232_120x120.png,Championship,LB,LB,100,,0,,0,17.0,2008-11-02,0,,4,289,0,0.02,0,0.0,10.59,47.06,Scotland,['Scotland'],,0,0,False,6.54,7.16,43.48,1.56,40.0,0.0,0.0,0.0,3.43,4.02,1.25,0,0.0,0,0.0,0.31,0.0,0,0.0,0.0,0,0.0,1,0.31,0.0,0.0,0.0,0.62,0.0,0.62,0.0,0.0,0.0,0.0,0.31,100.0,1.25,75.0,0.31,1.56,0.0,28.03,0.62,0.62,34.88,76.79,17.13,60.0,5.29,100.0,29.27,88.3,4.98,18.75,25.11,47.79,0.0,0.0,0.0,0.31,0.0,0.0,0.0,7.47,45.83,1.25,25.0,0.0,0.0,0.0,0.0,4.98,75.0,91.3,7.16,0,,0,,0,0.0,0.0,0.0,,,0.31,,1.56,0.0,0.0,0.0,0.0,0,0
Alfons Amade,Alfons Antonio Chico Amade,440859,Dunfermline Athletic,Dunfermline Athletic,https://cdn5.wyscout.com/photos/team/public/1231_120x120.png,Championship,"RDMF, RCMF, DMF",RDMF,38,RCMF,36,DMF,24,26.0,1999-11-12,300000,2027-05-31,4,289,0,0.33,0,0.17,7.47,62.5,Germany,"['Germany', 'Mozambique']",right,170,64,False,6.54,4.36,78.57,0.93,33.33,0.0,0.0,0.0,3.11,4.76,0.31,0,0.0,0,0.0,0.62,0.0,0,0.0,0.1,0,0.0,3,0.93,33.33,0.0,0.0,0.0,0.0,0.0,0.0,0.0,0.0,0.0,0.31,100.0,1.25,50.0,0.31,0.0,0.0,30.83,0.0,0.31,52.32,88.69,14.33,82.61,8.1,96.15,46.4,89.93,5.92,78.95,20.56,49.23,0.05,0.31,0.0,0.0,0.0,0.0,0.31,9.97,81.25,1.25,50.0,0.0,0.0,0.31,0.0,6.54,80.95,90.16,19.0,0,,0,,0,0.0,0.0,0.0,,,0.93,,0.93,0.0,0.0,0.0,0.0,0,0
K. Bilham,Kinlay Bilham,-267615,Stenhousemuir,Stenhousemuir,https://cdn5.wyscout.com/photos/team/public/g1929_120x120.png,Championship,"LB, LWB, LW",LB,51,LWB,25,LW,23,24.0,2002-08-22,0,2027-05-31,4,288,0,0.0,0,0.0,14.06,31.11,Scotland,['Scotland'],,0,0,False,6.25,4.06,38.46,5.0,25.0,0.31,0.36,0.0,4.38,5.0,1.25,2,0.63,0,0.0,0.9400000000000001,0.0,0,0.0,0.0,0,0.0,0,0.0,0.0,0.0,0.0,2.5,12.5,2.5,12.5,0.0,0.0,0.31,1.25,50.0,4.06,30.77,0.63,1.25,0.0,18.13,2.5,0.63,26.88,65.12,10.31,51.52,7.8100000000000005,100.0,20.63,77.27,4.06,38.46,21.86,41.23,0.0,0.0,0.0,0.0,0.0,0.0,0.0,4.69,20.0,1.56,20.0,0.0,0.0,0.31,0.0,3.44,72.73,52.94,5.31,0,,0,,0,0.0,0.0,0.0,,,0.63,,5.0,0.63,0.0,0.0,0.0,0,0
S. Drozd,Seb Drozd,-360060,Partick Thistle,Partick Thistle,https://cdn5.wyscout.com/photos/team/public/1230_120x120.png,Championship,"RWF, RW",RWF,84,RW,10,,0,23.0,2003-04-28,0,,4,284,1,1.3599999999999999,0,0.63,26.3,63.86,England,['England'],unknown,0,0,False,6.02,6.02,52.63,0.9500000000000001,100.0,0.63,1.09,0.0,2.22,3.8200000000000003,2.22,1,0.32,0,0.0,8.56,0.32,1,0.32,0.43,0,0.0,10,3.17,40.0,10.0,0.0,3.17,40.0,0.32,100.0,2.85,33.33,0.9500000000000001,7.29,82.61,16.48,67.31,6.65,6.02,0.0,23.77,3.49,2.54,31.69,73.0,5.7,55.56,11.41,88.89,27.89,77.27,0.63,50.0,14.64,28.0,0.2,1.58,0.32,0.0,0.0,0.0,1.27,0.63,50.0,5.39,47.06,0.0,0.0,1.27,1.58,3.8,66.67,66.67,7.61,0,,0,,0,0.0,0.0,0.0,,,0.0,,0.9500000000000001,0.63,0.32,0.0,4.44,0,0
L. O’Donnell,Lewis  O’Donnell,-329595,Stenhousemuir,Stenhousemuir,https://cdn5.wyscout.com/photos/team/public/g1929_120x120.png,Championship,"LAMF, AMF, CF",LAMF,58,AMF,25,CF,16,21.0,2005-06-21,0,,4,283,2,0.43,2,0.6900000000000001,13.67,37.21,Scotland,['Scotland'],right,178,66,False,2.54,2.86,22.22,1.27,50.0,0.32,0.39,0.0,1.5899999999999999,1.9500000000000002,0.64,0,0.0,0,0.0,2.86,0.64,2,0.64,0.14,0,0.0,7,2.23,42.86,28.571,0.64,3.18,10.0,1.9100000000000001,16.67,1.27,0.0,0.9500000000000001,2.23,71.43,9.54,40.0,1.9100000000000001,0.9500000000000001,0.32,15.9,0.9500000000000001,0.32,22.9,69.44,5.72,61.11,5.41,100.0,17.49,80.0,2.23,71.43,19.59,37.11,0.22,1.27,0.0,0.0,0.0,0.0,0.9500000000000001,1.27,25.0,3.5,27.27,0.0,0.0,0.9500000000000001,0.9500000000000001,2.86,66.67,56.67,9.54,0,,0,,0,0.0,0.0,0.0,,,0.32,,1.27,0.9500000000000001,0.32,0.0,3.5,0,0
A. Oxborough,Aston Jay Oxborough,387373,Dunfermline Athletic,Dunfermline Athletic,https://cdn5.wyscout.com/photos/team/public/1231_120x120.png,Championship,GK,GK,100,,0,,0,28.0,1998-05-09,150000,2027-05-31,3,283,0,0.0,0,0.0,0.32,100.0,England,['England'],right,196,98,False,0.32,0.0,0.0,0.32,100.0,0.0,0.0,0.0,0.32,0.45,0.0,0,0.0,0,0.0,0.0,0.0,0,0.0,0.0,0,0.0,0,0.0,0.0,0.0,0.0,0.0,0.0,0.0,0.0,0.0,0.0,0.0,0.0,0.0,0.0,0.0,0.0,0.0,0.0,10.81,0.32,0.32,19.08,76.67,9.86,64.52,0.0,0.0,10.81,97.06,8.27,50.0,38.06,50.3,0.0,0.0,0.0,0.0,0.0,0.0,0.0,2.23,14.29,0.0,0.0,0.0,0.0,0.0,0.0,5.41,64.71,92.59,8.59,2,0.64,14,4.45,2,85.71,4.34,1.38,2.34,0.744,0.0,1.27,0.32,,,,0.0,0,0
D. Carrick,Dale Carrick,256158,Stenhousemuir,Stenhousemuir,https://cdn5.wyscout.com/photos/team/public/g1929_120x120.png,Championship,CF,CF,100,,0,,0,32.0,1994-01-07,0,2027-05-31,4,278,0,0.45,1,0.28,15.22,25.53,Scotland,['Scotland'],right,180,70,False,2.59,2.27,14.29,7.45,30.43,0.32,0.4,0.0,1.94,2.4,1.62,0,0.0,0,0.0,1.29,0.0,0,0.0,0.15,0,0.0,6,1.94,33.33,0.0,0.32,0.97,66.67,0.0,0.0,0.97,66.67,0.32,0.0,0.0,4.53,14.29,2.59,0.32,0.0,11.01,1.62,0.97,12.63,71.79,3.56,54.55,2.91,66.67,11.01,70.59,0.65,100.0,13.32,17.51,0.09,1.62,0.0,0.0,0.0,0.0,1.62,2.27,42.86,2.27,57.14,0.0,0.0,1.29,0.65,1.62,80.0,75.0,2.59,0,,0,,0,0.0,0.0,0.0,,,0.0,,7.45,0.0,0.0,0.0,0.0,0,0
M. McKenna,Michael McKenna,351705,Arbroath,Arbroath,https://cdn5.wyscout.com/photos/team/public/4269_120x120.png,Championship,"RAMF, AMF",RAMF,68,AMF,31,,0,35.0,1991-01-04,200000,2027-05-31,4,275,0,0.12,0,0.33,18.0,41.82,Scotland,['Scotland'],right,178,0,False,6.87,5.5600000000000005,47.06,5.24,43.75,0.33,0.4,0.0,3.93,4.8,2.29,0,0.0,0,0.0,0.65,0.0,0,0.0,0.04,0,0.0,2,0.65,50.0,0.0,0.0,0.98,33.33,0.65,50.0,0.33,0.0,0.33,0.33,0.0,6.55,40.0,0.65,0.0,0.33,19.31,2.62,1.31,27.49,58.33,10.15,41.94,7.53,69.57,24.87,63.16,1.6400000000000001,0.0,18.27,22.14,0.11,0.33,0.0,0.0,0.0,0.0,0.33,3.6,27.27,2.62,37.5,0.0,0.0,0.65,0.33,4.25,38.46,78.57,4.58,0,,0,,0,0.0,0.0,0.0,,,0.0,,5.24,0.65,0.33,0.0,0.33,0,0
A. Tod,Andrew Tod,-353229,Dunfermline Athl. Youth,Dunfermline Athletic,https://cdn5.wyscout.com/photos/team/public/g31313_120x120.png,,"AMF, LAMF",AMF,56,LAMF,35,,0,20.0,2006-02-26,0,2028-05-31,4,268,1,0.58,0,0.4,17.8,41.51,Scotland,['Scotland'],unknown,0,0,False,4.37,2.35,28.57,5.37,43.75,0.0,0.0,0.0,3.69,4.93,1.01,0,0.0,0,0.0,4.37,0.34,1,0.34,0.2,0,0.0,10,3.36,60.0,10.0,0.0,1.34,25.0,1.01,33.33,0.34,0.0,0.0,2.01,83.33,8.73,50.0,2.69,2.01,0.0,25.86,2.01,1.01,30.9,75.0,7.72,60.87,9.4,96.43,25.52,80.26,4.37,53.85,21.4,43.91,0.13,0.67,0.0,0.0,0.34,100.0,0.34,4.03,66.67,1.01,33.33,0.34,100.0,0.0,0.34,4.03,66.67,84.0,8.4,0,,0,,0,0.0,0.0,0.0,,,0.0,,5.37,0.0,0.0,0.0,3.02,0,0
G. Reilly,Gavin Reilly,137597,Arbroath,Arbroath,https://cdn5.wyscout.com/photos/team/public/4269_120x120.png,Championship,"AMF, CF",AMF,59,CF,40,,0,33.0,1993-05-10,0,2027-05-31,4,263,1,1.4,0,0.02,14.71,39.53,Scotland,['Scotland'],right,181,73,False,3.08,3.42,40.0,5.82,29.41,0.0,0.0,0.0,1.71,2.08,1.37,0,0.0,0,0.0,1.37,0.34,0,0.0,0.48,0,0.0,5,1.71,40.0,20.0,0.0,1.37,0.0,0.68,0.0,0.68,0.0,0.34,1.03,66.67,4.79,50.0,1.03,0.34,0.34,13.0,2.74,1.37,20.53,65.0,4.11,25.0,6.16,88.89,18.48,72.22,0.68,0.0,14.69,19.81,0.01,0.34,0.0,0.0,0.34,0.0,0.0,2.05,16.67,1.71,0.0,0.34,0.0,0.0,0.34,2.05,33.33,53.33,5.13,0,,0,,0,0.0,0.0,0.0,,,0.0,,5.82,0.0,0.0,0.0,0.0,1,100
A. Samuel,Alex Samuel,212240,Partick Thistle,Partick Thistle,https://cdn5.wyscout.com/photos/team/public/1230_120x120.png,Championship,CF,CF,100,,0,,0,30.0,1995-09-20,200000,2027-05-31,4,262,0,1.34,0,0.05,21.98,37.5,Wales,['Wales'],right,183,75,False,1.72,1.03,66.67,8.24,25.0,0.0,0.0,0.34,1.03,1.9100000000000001,1.03,0,0.0,0,0.0,0.34,0.0,0,0.0,0.46,0,0.0,4,1.37,25.0,0.0,0.0,0.0,0.0,0.0,0.0,0.0,0.0,0.0,0.0,0.0,8.24,54.17,4.47,1.37,0.34,9.62,1.37,2.06,14.43,66.67,4.12,41.67,3.44,80.0,13.74,67.5,0.6900000000000001,50.0,12.68,18.82,0.02,0.34,0.0,0.0,0.0,0.0,0.34,1.37,25.0,1.03,66.67,0.0,0.0,1.03,0.0,0.0,0.0,64.29,4.8100000000000005,0,,0,,0,0.0,0.0,0.0,,,0.0,,8.24,0.0,0.0,0.0,0.0,0,0
S. Martin,Scott Martin,392342,Queen's Park,Queen's Park,https://cdn5.wyscout.com/photos/team/public/g1937_120x120.png,Championship,"RCMF, LCMF3, AMF",RCMF,50,LCMF3,30,AMF,10,29.0,1997-04-01,150000,,3,253,0,0.02,0,0.0,11.38,37.5,Scotland,['Scotland'],right,170,74,False,6.76,6.05,47.06,1.07,0.0,0.36,0.33,0.71,3.56,3.33,2.13,0,0.0,0,0.0,0.0,0.0,0,0.0,0.01,0,0.0,2,0.71,0.0,0.0,0.0,0.0,0.0,0.0,0.0,0.0,0.0,0.0,0.36,0.0,3.56,40.0,0.36,0.71,0.0,12.45,0.71,1.07,23.48,77.27,9.6,51.85,3.56,100.0,20.28,84.21,3.2,33.33,17.53,27.01,0.0,0.0,0.0,0.0,0.0,0.0,0.0,2.49,71.43,0.36,0.0,0.0,0.0,0.0,0.0,4.62,46.15,100.0,6.76,0,,0,,0,0.0,0.0,0.0,,,0.71,,1.07,0.0,0.0,0.0,0.0,0,0
F. Robson,Finn Robson,-221913,Stenhousemuir,Stenhousemuir,https://cdn5.wyscout.com/photos/team/public/g1929_120x120.png,Championship,"RDMF, LCMF",RDMF,50,LCMF,46,,0,23.0,2003-07-29,0,2027-05-31,4,251,0,0.12,1,0.0,12.91,50.0,Scotland,['Scotland'],,0,0,False,5.38,6.45,55.56,1.79,60.0,0.0,0.0,0.36,1.79,2.34,2.15,0,0.0,0,0.0,0.72,0.0,0,0.0,0.04,0,0.0,1,0.36,0.0,0.0,0.36,0.36,0.0,0.0,0.0,0.36,0.0,0.36,0.36,100.0,3.94,36.36,0.72,0.36,0.0,17.57,0.0,1.08,27.97,76.92,10.4,58.62,6.45,100.0,24.02,83.58,3.59,40.0,17.83,30.84,0.0,0.0,0.0,0.0,0.36,100.0,0.36,5.38,53.33,0.36,0.0,0.36,100.0,0.0,0.36,4.66,53.85,85.0,7.17,0,,0,,0,0.0,0.0,0.0,,,0.36,,1.79,0.0,0.0,0.0,0.0,0,0
C. MacPherson,Cammy MacPherson,490530,Livingston,Livingston,https://cdn5.wyscout.com/photos/team/public/1226_120x120.png,Championship,"DMF, LDMF, RDMF",DMF,74,LDMF,12,RDMF,12,27.0,1998-12-29,0,,4,251,0,0.0,0,0.12,9.32,50.0,Scotland,['Scotland'],right,173,70,False,4.3,4.66,46.15,1.79,80.0,0.0,0.0,0.0,2.15,3.67,1.79,2,0.72,1,0.36,0.36,0.0,0,0.0,0.0,0,0.0,0,0.0,0.0,0.0,0.0,0.72,50.0,0.36,100.0,0.36,0.0,0.36,0.0,0.0,1.79,40.0,0.36,0.0,0.0,36.93,0.0,0.72,50.2,89.29,11.83,78.79,6.8100000000000005,94.74,45.18,91.27,4.3,75.0,20.63,40.85,0.04,1.43,0.0,0.0,0.0,0.0,0.36,8.61,91.67,1.43,75.0,0.0,0.0,0.36,0.36,6.8100000000000005,94.74,93.42,27.25,0,,0,,0,0.0,0.0,0.0,,,1.08,,1.79,0.72,0.0,0.0,3.59,0,0
A. Mackinnon,Adam Mackinnon,-198330,Inverness CT,Inverness CT,https://cdn5.wyscout.com/photos/team/public/304_120x120.png,Championship,"RDMF, RCMF3",RDMF,89,RCMF3,10,,0,23.0,2003-04-30,50000,2027-05-31,4,250,0,0.53,0,0.0,17.64,61.22,Scotland,['Scotland'],right,175,76,False,6.12,3.96,81.82,5.76,56.25,0.36,0.53,0.36,2.52,3.68,1.08,0,0.0,0,0.0,1.8,0.0,0,0.0,0.19,0,0.0,8,2.88,37.5,0.0,0.0,1.44,0.0,1.08,0.0,0.36,0.0,0.72,0.72,100.0,6.84,52.63,2.52,0.36,0.36,33.12,0.36,2.88,50.4,81.43,13.32,56.76,10.08,96.43,46.08,86.72,2.88,37.5,15.94,37.69,0.0,0.36,0.0,0.0,0.0,0.0,0.0,5.76,62.5,1.08,0.0,0.0,0.0,0.0,0.0,5.76,68.75,90.24,14.76,0,,0,,0,0.0,0.0,0.0,,,1.08,,5.76,0.0,0.0,0.0,0.0,0,0
R. Mclean,Ross Mclean,-697787,Queen's Park,Queen's Park,https://cdn5.wyscout.com/photos/team/public/g1937_120x120.png,Championship,"RWB, AMF, LW",RWB,38,AMF,37,LW,13,,,0,,4,249,1,0.97,0,0.06,18.07,60.0,Scotland,['Scotland'],,0,0,False,9.04,8.31,69.57,3.25,66.67,0.0,0.0,0.36,3.25,3.86,1.81,0,0.0,0,0.0,1.45,0.36,1,0.36,0.35000000000000003,0,0.0,3,1.08,66.67,33.333,0.0,2.5300000000000002,14.29,1.08,33.33,1.45,0.0,0.72,1.08,33.33,5.78,50.0,2.5300000000000002,1.45,0.0,18.8,1.45,1.81,23.13,64.06,7.59,42.86,4.34,91.67,19.16,75.47,1.45,0.0,15.67,13.71,0.02,0.36,0.0,0.0,0.0,0.0,0.0,1.81,40.0,2.17,50.0,0.0,0.0,1.45,0.36,3.98,54.55,76.47,6.14,0,,0,,0,0.0,0.0,0.0,,,0.36,,3.25,0.0,0.0,0.0,0.0,0,0
M. Ruth,Michael Ruth,-75752,Queen's Park,Queen's Park,https://cdn5.wyscout.com/photos/team/public/g1937_120x120.png,Championship,CF,CF,84,,0,,0,24.0,2002-01-08,0,2027-05-31,4,246,0,0.16,0,0.0,13.17,22.22,Scotland,['Scotland'],,0,0,False,1.46,1.1,0.0,5.12,21.43,0.0,0.0,0.0,1.46,1.6,1.46,0,0.0,0,0.0,0.0,0.0,0,0.0,0.06,0,0.0,2,0.73,0.0,0.0,0.0,0.37,0.0,0.0,0.0,0.37,0.0,0.0,0.37,0.0,5.12,28.57,1.46,0.73,0.0,10.24,0.73,1.46,14.63,87.5,1.83,60.0,4.76,100.0,13.17,91.67,1.1,66.67,16.61,42.76,0.0,0.0,0.0,0.0,0.0,0.0,0.0,0.73,50.0,0.37,0.0,0.0,0.0,0.0,0.0,0.73,100.0,83.33,4.39,0,,0,,0,0.0,0.0,0.0,,,1.1,,5.12,0.0,0.0,0.0,0.0,0,0
O. Shaw,Oli Shaw,411677,Dunfermline Athletic,Dunfermline Athletic,https://cdn5.wyscout.com/photos/team/public/1231_120x120.png,Championship,CF,CF,100,,0,,0,28.0,1998-03-12,250000,2027-05-31,3,246,0,0.37,0,0.5,13.9,36.84,Scotland,['Scotland'],right,188,72,False,2.2,2.56,57.14,5.85,50.0,0.0,0.0,0.0,0.73,0.97,0.37,0,0.0,0,0.0,1.46,0.0,0,0.0,0.14,0,0.0,3,1.1,33.33,0.0,0.0,0.73,50.0,0.73,50.0,0.0,0.0,0.0,0.73,50.0,3.66,20.0,2.56,0.73,0.0,17.93,4.02,0.73,19.02,78.85,4.39,58.33,4.76,92.31,17.93,79.59,0.37,100.0,17.24,17.68,0.18,0.73,0.0,0.0,0.37,100.0,1.1,1.83,80.0,1.1,66.67,0.37,100.0,0.73,0.37,2.2,83.33,94.74,6.95,0,,0,,0,0.0,0.0,0.0,,,0.0,,5.85,0.0,0.0,0.0,0.0,0,0
A. Winter,Andrew Winter,-57294,Arbroath,Arbroath,https://cdn5.wyscout.com/photos/team/public/4269_120x120.png,Championship,CF,CF,100,,0,,0,24.0,2002-03-10,0,2027-05-31,4,245,0,0.22,0,0.0,22.78,30.65,Scotland,['Scotland'],right,170,61,False,1.1,4.04,18.18,11.02,26.67,0.0,0.0,0.37,0.37,0.42,1.1,0,0.0,0,0.0,0.73,0.0,0,0.0,0.08,0,0.0,3,1.1,66.67,0.0,0.0,0.37,0.0,0.0,0.0,0.37,0.0,0.0,0.0,0.0,5.51,46.67,2.2,0.0,0.37,11.76,3.31,2.2,12.86,68.57,4.41,66.67,1.8399999999999999,80.0,12.12,69.7,0.37,100.0,16.04,14.88,0.0,0.0,0.0,0.0,0.0,0.0,0.0,3.31,55.56,0.73,0.0,0.0,0.0,0.0,0.0,1.47,50.0,53.85,4.78,0,,0,,0,0.0,0.0,0.0,,,0.0,,11.02,0.0,0.0,0.0,0.0,0,0
L. Longridge,Louis Longridge,237249,Queen's Park,Queen's Park,https://cdn5.wyscout.com/photos/team/public/g1937_120x120.png,Championship,"LCMF, DMF, LDMF",LCMF,39,DMF,33,LDMF,27,35.0,1991-07-05,100000,2027-05-31,3,243,0,0.0,0,0.16,11.11,63.33,Scotland,['Scotland'],right,177,71,False,15.56,6.3,82.35,2.59,42.86,0.0,0.0,1.11,10.37,10.63,0.37,0,0.0,0,0.0,1.11,0.0,0,0.0,0.0,0,0.0,0,0.0,0.0,0.0,0.0,0.74,100.0,0.0,0.0,0.74,100.0,0.0,0.37,100.0,1.85,40.0,0.74,0.0,0.0,12.22,0.0,0.37,27.78,69.33,9.26,32.0,4.07,100.0,23.33,74.6,4.07,36.36,21.82,45.07,0.06,0.37,0.0,0.0,0.0,0.0,0.0,4.44,25.0,1.11,66.67,0.0,0.0,0.37,0.37,3.33,44.44,91.67,8.89,0,,0,,0,0.0,0.0,0.0,,,1.11,,2.59,0.74,0.0,0.0,0.37,0,0
C. Dewar,Charlie Dewar,-676639,Arbroath,Arbroath,https://cdn5.wyscout.com/photos/team/public/4269_120x120.png,Championship,RCB,RCB,100,,0,,0,19.0,2007-03-12,0,,3,240,0,0.0,0,0.01,12.75,61.76,England,['England'],,0,0,False,8.25,5.25,50.0,4.5,75.0,0.0,0.0,0.38,5.63,7.76,2.25,0,0.0,0,0.0,0.38,0.0,0,0.0,0.0,0,0.0,0,0.0,0.0,0.0,0.0,0.38,0.0,0.38,0.0,0.0,0.0,0.0,0.38,100.0,2.25,50.0,0.75,0.0,0.0,20.25,0.38,1.5,34.13,76.92,14.63,64.1,1.13,66.67,28.88,84.42,4.88,38.46,20.5,41.95,0.0,0.38,0.0,0.0,0.0,0.0,0.0,4.88,46.15,0.38,0.0,0.0,0.0,0.75,0.0,7.13,52.63,87.8,15.38,0,,0,,0,0.0,0.0,0.0,,,0.75,,4.5,0.0,0.0,0.0,0.0,0,0
C. Adamson,Calum Adamson,-383117,Raith Rovers,Raith Rovers,https://cdn5.wyscout.com/photos/team/public/2653_120x120.png,Championship,"LDMF, RDMF, LCMF",LDMF,35,RDMF,27,LCMF,25,19.0,2007-08-07,0,,3,240,0,0.29,0,0.0,16.88,44.44,Scotland,['Scotland'],unknown,0,0,True,4.5,6.0,31.25,4.13,54.55,0.0,0.0,0.0,2.63,3.56,2.25,1,0.38,0,0.0,0.75,0.0,0,0.0,0.11,0,0.0,3,1.13,33.33,0.0,0.0,0.0,0.0,0.0,0.0,0.0,0.0,0.0,0.38,100.0,5.63,53.33,0.75,0.75,0.0,39.0,0.38,1.88,53.63,83.22,12.0,53.13,10.88,96.55,48.75,86.92,4.88,46.15,16.82,40.78,0.0,0.0,0.0,0.0,0.0,0.0,0.38,8.63,65.22,1.13,33.33,0.0,0.0,0.0,0.0,6.0,50.0,95.31,24.0,0,,0,,0,0.0,0.0,0.0,,,0.0,,4.13,0.0,0.0,0.0,0.0,0,0
L. Dick,Liam Dick,204027,Ayr United,Ayr United,https://cdn5.wyscout.com/photos/team/public/2928_120x120.png,Championship,"LB, RCB3",LB,68,RCB3,15,,0,31.0,1995-08-19,250000,2027-05-31,4,240,0,0.02,0,0.0,10.88,51.72,Scotland,['Scotland'],left,185,0,False,8.63,4.13,36.36,3.75,50.0,0.0,0.0,0.75,7.13,6.48,0.38,0,0.0,0,0.0,0.38,0.0,0,0.0,0.01,0,0.0,1,0.38,0.0,0.0,0.0,1.88,0.0,1.88,0.0,0.0,0.0,0.0,0.38,100.0,2.63,71.43,1.13,1.88,0.38,26.25,1.13,1.13,34.88,72.04,15.38,65.85,5.25,92.86,27.0,84.72,6.0,37.5,18.71,36.9,0.0,0.0,0.0,0.0,0.0,0.0,0.0,5.63,53.33,2.25,0.0,0.0,0.0,0.0,0.0,6.75,66.67,69.57,8.63,0,,0,,0,0.0,0.0,0.0,,,1.13,,3.75,0.0,0.0,0.0,0.0,0,0
L. Hodgkiss,Lewis Hodgkiss,-532719,Stenhousemuir,Stenhousemuir,https://cdn5.wyscout.com/photos/team/public/g1929_120x120.png,Championship,"AMF, RW",AMF,80,RW,19,,0,19.0,2007-06-11,0,,4,234,1,0.33,0,0.0,19.23,36.0,Scotland,['Scotland'],unknown,0,0,False,3.46,5.0,30.77,3.46,22.22,0.0,0.0,0.0,1.92,2.42,2.31,0,0.0,0,0.0,1.54,0.38,1,0.38,0.13,1,0.38,3,1.15,33.33,33.333,0.0,1.15,0.0,0.0,0.0,1.15,0.0,0.38,2.31,50.0,10.0,42.31,4.23,2.31,0.77,13.46,1.54,1.15,18.08,72.34,4.62,50.0,4.23,90.91,15.38,80.0,1.54,50.0,28.12,40.04,0.0,0.0,0.0,0.0,0.0,0.0,0.0,3.85,50.0,1.15,33.33,0.0,0.0,0.38,0.0,1.92,60.0,69.23,5.0,0,,0,,0,0.0,0.0,0.0,,,1.54,,3.46,0.0,0.0,0.0,0.0,0,0
S. Stewart,Scott Stewart,309156,Arbroath,Arbroath,https://cdn5.wyscout.com/photos/team/public/4269_120x120.png,Championship,"RB, RAMF",RB,59,RAMF,40,,0,30.0,1996-04-29,175000,2027-05-31,3,234,0,0.45,0,0.06,13.46,57.14,Scotland,['Scotland'],,188,0,False,6.92,3.46,44.44,7.31,57.89,0.0,0.0,0.77,5.38,6.0,0.77,0,0.0,0,0.0,1.54,0.0,0,0.0,0.17,0,0.0,4,1.54,0.0,0.0,0.0,1.92,40.0,0.0,0.0,1.92,40.0,0.0,0.77,100.0,2.69,71.43,2.31,1.15,1.15,21.54,0.38,1.15,38.08,63.64,15.38,42.5,3.85,100.0,30.0,73.08,6.15,25.0,21.24,45.36,0.02,0.38,0.0,0.0,0.0,0.0,0.38,7.31,26.32,3.08,37.5,0.0,0.0,0.38,0.77,9.62,56.0,72.41,11.15,0,,0,,0,0.0,0.0,0.0,,,0.77,,7.31,0.0,0.0,0.0,0.0,0,0
C. Telfer,Charles Telfer,214793,Raith Rovers,Raith Rovers,https://cdn5.wyscout.com/photos/team/public/2653_120x120.png,Championship,"RDMF, DMF, LDMF",RDMF,41,DMF,29,LDMF,28,31.0,1995-07-04,150000,2028-05-31,4,232,1,0.49,0,0.16,11.64,43.33,Scotland,['Scotland'],right,173,74,False,3.49,5.82,33.33,3.1,62.5,0.0,0.0,0.39,1.55,2.31,2.7199999999999998,2,0.78,0,0.0,0.78,0.39,1,0.39,0.19,0,0.0,3,1.16,66.67,33.333,0.0,0.39,0.0,0.0,0.0,0.39,0.0,0.0,0.0,0.0,1.55,25.0,0.39,1.94,0.0,46.16,0.0,0.0,58.19,93.33,9.7,72.0,11.25,100.0,54.7,95.74,3.1,62.5,21.15,38.45,0.06,0.39,0.39,0.0,0.0,0.0,0.0,7.37,89.47,0.39,0.0,0.0,0.0,0.0,0.0,4.27,72.73,96.39,32.2,0,,0,,0,0.0,0.0,0.0,,,0.78,,3.1,1.16,0.0,0.0,1.55,0,0
T. Sinclair,Tyrese Sinclair,459544,Livingston,Livingston,https://cdn5.wyscout.com/photos/team/public/1226_120x120.png,Championship,"LW, LWF, RAMF",LW,40,LWF,20,RAMF,20,25.0,2001-02-04,0,2028-06-30,4,231,0,1.27,1,0.96,18.7,37.5,England,"['England', 'Jamaica']",right,175,70,False,5.06,4.29,27.27,1.56,25.0,0.0,0.0,0.0,3.9,7.14,0.39,0,0.0,0,0.0,5.06,0.0,0,0.0,0.5,0,0.0,9,3.51,22.22,0.0,0.39,3.12,37.5,2.34,16.67,0.78,100.0,0.78,6.23,50.0,12.08,41.94,5.45,4.68,0.78,39.35,3.12,1.9500000000000002,43.25,79.28,10.91,60.71,13.64,97.14,38.18,84.69,2.34,50.0,17.69,21.85,0.37,1.56,0.39,0.0,0.0,0.0,1.17,2.34,66.67,3.12,37.5,0.0,0.0,0.78,1.17,5.45,71.43,71.88,12.47,0,,0,,0,0.0,0.0,0.0,,,0.39,,1.56,0.0,0.0,0.0,0.39,0,0
J. Hamilton,Jack Hamilton,490524,Queen's Park,Queen's Park,https://cdn5.wyscout.com/photos/team/public/g1937_120x120.png,Championship,"CF, AMF",CF,86,AMF,13,,0,26.0,2000-06-30,300000,,4,230,0,0.30000000000000004,0,0.0,26.22,37.31,Scotland,['Scotland'],right,187,80,False,3.52,2.35,16.67,18.0,39.13,0.0,0.0,0.39,3.13,3.24,2.35,0,0.0,0,0.0,0.39,0.0,0,0.0,0.12,0,0.0,2,0.78,50.0,0.0,0.0,0.0,0.0,0.0,0.0,0.0,0.0,0.0,0.0,0.0,5.09,46.15,1.17,0.78,0.0,12.52,4.7,1.57,14.09,72.22,5.09,61.54,2.35,83.33,12.91,75.76,1.17,33.33,17.3,37.06,0.0,0.39,0.0,0.0,0.0,0.0,0.0,2.35,50.0,0.39,0.0,0.0,0.0,0.0,0.0,0.78,100.0,80.0,1.96,0,,0,,0,0.0,0.0,0.0,,,0.0,,18.0,0.0,0.0,0.0,0.39,0,0
Bruce Anderson,Bruce Anderson,451082,Livingston,Livingston,https://cdn5.wyscout.com/photos/team/public/1226_120x120.png,Championship,CF,CF,100,,0,,0,27.0,1998-09-23,550000,,3,223,0,0.62,0,0.0,16.14,25.0,Scotland,['Scotland'],right,173,66,False,1.21,2.02,40.0,7.67,26.32,0.0,0.0,0.0,0.4,0.7000000000000001,1.6099999999999999,0,0.0,0,0.0,0.0,0.0,0,0.0,0.25,0,0.0,4,1.6099999999999999,0.0,0.0,0.0,0.0,0.0,0.0,0.0,0.0,0.0,0.0,0.4,0.0,4.04,30.0,4.04,0.0,0.0,12.11,3.23,1.6099999999999999,11.7,62.07,2.42,66.67,3.23,87.5,11.7,62.07,0.0,0.0,12.56,0.0,0.0,0.0,0.0,0.4,0.0,0.0,0.0,1.21,33.33,0.0,0.0,0.0,0.0,0.0,0.0,0.4,100.0,62.5,3.23,0,,0,,0,0.0,0.0,0.0,,,0.0,,7.67,0.0,0.0,0.0,0.0,0,0
B. McPherson,Ben McPherson,-153699,Partick Thistle,Partick Thistle,https://cdn5.wyscout.com/photos/team/public/1230_120x120.png,Championship,RB,RB,100,,0,,0,22.0,2004-03-19,0,,3,220,0,0.22,1,0.78,10.64,61.54,Scotland,['Scotland'],right,181,72,False,6.14,5.73,64.29,0.41000000000000003,0.0,0.0,0.0,0.0,2.45,4.74,0.41000000000000003,0,0.0,0,0.0,2.86,0.0,0,0.0,0.09,0,0.0,2,0.8200000000000001,0.0,0.0,0.41000000000000003,3.68,44.44,0.0,0.0,3.68,44.44,0.41000000000000003,1.6400000000000001,75.0,4.09,70.0,4.09,3.68,0.0,42.55,2.45,0.41000000000000003,53.59,81.68,16.77,73.17,9.41,100.0,47.05,86.09,3.27,62.5,19.33,37.53,0.32,0.8200000000000001,0.0,0.41000000000000003,0.0,0.0,0.8200000000000001,9.82,83.33,3.68,44.44,0.0,0.0,1.23,1.23,8.59,85.71,79.55,18.0,0,,0,,0,0.0,0.0,0.0,,,1.23,,0.41000000000000003,0.0,0.0,0.0,0.0,0,0
B. van Hoeven,Bradly van Hoeven,463704,Livingston,Livingston,https://cdn5.wyscout.com/photos/team/public/1226_120x120.png,Championship,"LAMF, LW, LWF",LAMF,49,LW,24,LWF,19,26.0,2000-04-17,275000,,4,220,1,0.25,0,0.93,15.95,48.72,Netherlands,['Netherlands'],left,174,67,False,5.32,5.32,53.85,3.68,11.11,0.0,0.0,0.0,2.45,4.09,0.41000000000000003,0,0.0,0,0.0,5.73,0.41000000000000003,1,0.41000000000000003,0.1,0,0.0,3,1.23,66.67,33.333,0.0,4.91,58.33,3.68,66.67,1.23,33.33,0.41000000000000003,2.45,83.33,6.55,68.75,6.14,1.23,0.0,24.14,4.5,2.86,29.05,74.65,6.55,68.75,6.14,100.0,23.32,78.95,1.23,33.33,16.01,35.89,0.38,2.45,0.0,0.0,0.0,0.0,2.05,0.8200000000000001,0.0,4.91,50.0,0.0,0.0,2.45,2.86,2.05,80.0,71.43,8.59,0,,0,,0,0.0,0.0,0.0,,,0.0,,3.68,0.0,0.0,0.0,3.27,0,0
R. Flynn,Ryan Flynn,23223,Arbroath,Arbroath,https://cdn5.wyscout.com/photos/team/public/4269_120x120.png,Championship,LDMF,LDMF,95,,0,,0,37.0,1988-09-04,100000,2027-05-31,3,217,0,0.0,0,0.0,7.05,58.82,Scotland,['Scotland'],right,171,60,False,2.49,0.8300000000000001,100.0,3.32,75.0,0.0,0.0,0.0,1.6600000000000001,2.35,0.41000000000000003,0,0.0,0,0.0,0.41000000000000003,0.0,0,0.0,0.0,0,0.0,0,0.0,0.0,0.0,0.0,1.24,33.33,0.41000000000000003,0.0,0.8300000000000001,50.0,0.0,0.0,0.0,2.07,40.0,0.41000000000000003,0.41000000000000003,0.41000000000000003,31.94,0.41000000000000003,1.24,45.62,85.45,16.59,75.0,7.47,100.0,39.82,90.63,4.5600000000000005,54.55,17.44,23.38,0.0,0.0,0.0,0.0,0.0,0.0,0.0,7.47,77.78,2.07,40.0,0.0,0.0,0.8300000000000001,0.41000000000000003,8.71,80.95,90.0,16.59,0,,0,,0,0.0,0.0,0.0,,,1.24,,3.32,0.0,0.0,0.0,0.0,0,0
L. Stewart,Lewis Stewart,-358419,Queen's Park,Queen's Park,https://cdn5.wyscout.com/photos/team/public/g1937_120x120.png,Championship,"RW, LW, CF",RW,37,LW,22,CF,15,19.0,2007-04-27,0,,4,214,0,0.27,0,0.01,14.72,37.14,Scotland,['Scotland'],unknown,0,0,False,4.21,4.63,45.45,3.36,25.0,0.0,0.0,0.42,2.1,2.14,0.84,0,0.0,0,0.0,0.84,0.0,0,0.0,0.11,0,0.0,2,0.84,0.0,0.0,0.0,2.52,16.67,0.42,100.0,2.1,0.0,0.84,0.42,100.0,5.89,42.86,1.26,1.26,0.42,17.66,0.42,2.1,22.29,64.15,6.31,53.33,5.47,92.31,18.93,73.33,0.84,0.0,16.44,22.43,0.0,0.42,0.0,0.0,0.0,0.0,0.0,3.79,44.44,2.1,0.0,0.0,0.0,0.42,0.84,4.21,80.0,50.0,5.05,0,,0,,0,0.0,0.0,0.0,,,0.84,,3.36,0.0,0.0,0.0,0.84,0,0
C. Gilmour,Charlie Gilmour,376593,Dunfermline Athletic,Dunfermline Athletic,https://cdn5.wyscout.com/photos/team/public/1231_120x120.png,Championship,"LCMF, RCMF, LDMF",LCMF,60,RCMF,22,LDMF,17,27.0,1999-02-11,225000,2028-05-31,4,206,0,0.05,1,0.17,12.67,62.07,England,"['England', 'Scotland']",right,187,67,False,6.12,4.8100000000000005,63.64,3.93,66.67,0.0,0.0,0.44,3.06,4.67,1.75,1,0.44,0,0.0,0.0,0.0,0,0.0,0.02,0,0.0,1,0.44,0.0,0.0,0.44,0.44,0.0,0.44,0.0,0.0,0.0,0.0,0.0,0.0,3.06,71.43,0.87,0.87,0.0,42.82,0.0,1.75,58.98,91.85,15.29,85.71,9.17,100.0,54.17,93.55,4.37,80.0,16.09,24.6,0.07,1.31,0.0,0.0,0.0,0.0,0.87,7.86,83.33,0.87,100.0,0.0,0.0,0.87,0.0,5.24,75.0,98.21,24.47,0,,0,,0,0.0,0.0,0.0,,,0.0,,3.93,0.0,0.0,0.0,0.87,0,0
C. Fordyce,Callum Fordyce,187207,Raith Rovers,Raith Rovers,https://cdn5.wyscout.com/photos/team/public/2653_120x120.png,Championship,RCB,RCB,100,,0,,0,34.0,1992-06-23,125000,2027-05-31,3,203,0,0.0,0,0.0,13.3,53.33,Scotland,['Scotland'],left,180,80,False,6.21,4.43,60.0,7.54,58.82,0.0,0.0,0.44,3.55,5.71,0.89,1,0.44,0,0.0,0.0,0.0,0,0.0,0.0,0,0.0,0,0.0,0.0,0.0,0.0,0.0,0.0,0.0,0.0,0.0,0.0,0.0,0.0,0.0,0.89,0.0,0.0,0.0,0.0,50.99,1.33,0.0,66.95,92.05,22.17,88.0,5.76,92.31,61.18,96.38,5.76,46.15,14.23,26.39,0.0,0.0,0.0,0.0,0.0,0.0,0.0,3.1,71.43,0.44,0.0,0.0,0.0,0.0,0.0,10.64,66.67,96.0,33.25,0,,0,,0,0.0,0.0,0.0,,,3.55,,7.54,0.0,0.0,0.0,0.0,0,0
C. Penman,Calum Penman,-416941,Stenhousemuir,Stenhousemuir,https://cdn5.wyscout.com/photos/team/public/g1929_120x120.png,Championship,"RAMF, RW",RAMF,89,RW,10,,0,19.0,2007-05-05,0,2027-05-31,3,202,0,0.04,1,0.09,13.37,40.0,Scotland,['Scotland'],unknown,0,0,False,3.12,3.56,50.0,3.56,37.5,0.0,0.0,0.0,1.34,1.7000000000000002,0.45,0,0.0,0,0.0,0.89,0.0,0,0.0,0.02,0,0.0,1,0.45,0.0,0.0,0.45,1.34,0.0,0.0,0.0,1.34,0.0,0.0,1.34,66.67,4.9,27.27,0.89,0.45,0.0,22.72,2.67,0.45,25.4,68.42,9.8,54.55,3.56,100.0,20.94,80.85,3.12,14.29,18.46,26.42,0.04,0.89,0.0,0.0,0.0,0.0,0.45,5.79,69.23,2.23,20.0,0.0,0.0,0.45,0.0,7.13,75.0,66.67,6.68,0,,0,,0,0.0,0.0,0.0,,,0.0,,3.56,0.0,0.0,0.0,0.0,0,0
N. Abdulai,Nurudeen Abdulai,-402707,Dunfermline Athletic,Dunfermline Athletic,https://cdn5.wyscout.com/photos/team/public/1231_120x120.png,Championship,LCB,LCB,100,,0,,0,22.0,2004-08-01,0,2028-05-31,2,191,0,0.0,0,0.14,15.08,75.0,Ghana,['Ghana'],right,186,0,False,8.95,1.88,75.0,8.95,84.21,0.0,0.0,0.47000000000000003,7.54,11.16,0.9400000000000001,0,0.0,0,0.0,0.47000000000000003,0.0,0,0.0,0.0,0,0.0,0,0.0,0.0,0.0,0.0,1.4100000000000001,0.0,1.4100000000000001,0.0,0.0,0.0,0.0,0.47000000000000003,100.0,1.4100000000000001,100.0,0.9400000000000001,1.4100000000000001,0.0,26.86,0.0,0.9400000000000001,41.94,84.27,13.66,68.97,4.24,100.0,35.34,92.0,5.18,54.55,19.95,41.3,0.06,0.47000000000000003,0.0,0.0,0.0,0.0,0.47000000000000003,3.3,57.14,0.47000000000000003,0.0,0.0,0.0,0.47000000000000003,0.0,5.18,72.73,92.11,17.91,0,,0,,0,0.0,0.0,0.0,,,1.4100000000000001,,8.95,0.0,0.0,0.0,0.0,0,0
Dylan Lobban,Dylan Lobban,-301198,Dunfermline Athletic,Dunfermline Athletic,https://cdn5.wyscout.com/photos/team/public/1231_120x120.png,Championship,RB,RB,100,,0,,0,21.0,2005-08-26,0,2028-06-30,2,191,0,0.11,0,0.23,14.14,50.0,Scotland,['Scotland'],right,0,0,True,4.24,4.71,40.0,2.36,100.0,0.0,0.0,0.0,2.36,3.49,0.47000000000000003,0,0.0,0,0.0,6.13,0.0,0,0.0,0.05,0,0.0,2,0.9400000000000001,100.0,0.0,0.0,5.18,54.55,0.0,0.0,5.18,54.55,0.47000000000000003,4.71,50.0,6.6,42.86,0.47000000000000003,5.18,0.9400000000000001,29.69,1.88,0.47000000000000003,46.65,81.82,13.19,71.43,9.42,95.0,36.75,87.18,5.18,63.64,20.07,40.79,0.11,1.4100000000000001,0.0,0.0,0.0,0.0,0.0,5.65,75.0,5.18,63.64,0.0,0.0,0.47000000000000003,2.83,10.84,73.91,80.49,19.32,0,,0,,0,0.0,0.0,0.0,,,0.9400000000000001,,2.36,1.4100000000000001,0.47000000000000003,100.0,3.77,0,0
Babacar Fati,Babacar Fati,509540,Livingston,Livingston,https://cdn5.wyscout.com/photos/team/public/1226_120x120.png,Championship,LB,LB,100,,0,,0,26.0,2000-02-01,0,2029-05-31,2,190,0,0.58,0,0.31,10.89,47.83,Portugal,"['Portugal', 'Guinea-Bissau']",left,177,67,False,7.58,5.68,41.67,2.37,60.0,0.47000000000000003,0.81,0.0,4.74,8.11,0.47000000000000003,0,0.0,0,0.0,1.8900000000000001,0.0,0,0.0,0.27,0,0.0,3,1.42,33.33,0.0,0.0,2.37,60.0,2.37,60.0,0.0,0.0,0.0,0.0,0.0,1.8900000000000001,50.0,1.8900000000000001,1.8900000000000001,0.0,33.63,3.32,0.9500000000000001,42.63,84.44,15.63,84.85,12.79,96.3,36.47,88.31,3.79,62.5,17.66,36.68,0.15,1.42,0.0,0.0,0.0,0.0,1.42,4.26,77.78,2.37,60.0,0.0,0.0,0.47000000000000003,1.8900000000000001,9.47,75.0,85.71,9.95,0,,0,,0,0.0,0.0,0.0,,,1.8900000000000001,,2.37,0.0,0.0,0.0,0.0,0,0
C. Morrison,Callumn Morrison,426846,Dunfermline Athletic,Dunfermline Athletic,https://cdn5.wyscout.com/photos/team/public/1231_120x120.png,Championship,"RAMF, RWF",RAMF,48,RWF,37,,0,27.0,1999-07-05,200000,2028-05-31,3,189,0,0.8200000000000001,0,0.38,14.76,45.16,Scotland,['Scotland'],right,173,74,False,2.38,1.43,33.33,3.33,42.86,0.0,0.0,0.0,1.9,2.86,0.9500000000000001,0,0.0,0,0.0,6.67,0.0,0,0.0,0.39,0,0.0,7,3.33,28.57,0.0,0.0,7.14,33.33,0.48,100.0,6.67,28.57,1.9,5.71,58.33,9.52,50.0,4.76,1.43,0.48,26.67,5.71,0.48,29.52,72.58,2.86,33.33,11.43,100.0,21.43,88.89,1.43,0.0,16.98,16.32,0.18,0.9500000000000001,0.0,0.0,0.0,0.0,0.9500000000000001,1.9,50.0,6.67,35.71,0.0,0.0,0.0,2.38,2.86,83.33,50.0,10.48,0,,0,,0,0.0,0.0,0.0,,,0.0,,3.33,0.0,0.0,0.0,0.0,0,0
S. Kearney,Shea Kearney,-465782,Dunfermline Athletic,Dunfermline Athletic,https://cdn5.wyscout.com/photos/team/public/1231_120x120.png,Championship,RWB,RWB,90,,0,,0,22.0,2004-03-26,0,2028-05-31,2,187,0,0.12,1,0.19,13.96,58.62,Northern Ireland,['Northern Ireland'],unknown,0,0,False,10.59,8.18,58.82,1.44,33.33,0.0,0.0,0.96,5.78,8.18,0.96,0,0.0,0,0.0,2.41,0.0,0,0.0,0.06,0,0.0,3,1.44,0.0,0.0,0.48,5.29,27.27,0.0,0.0,5.29,27.27,1.44,1.44,66.67,3.85,62.5,1.9300000000000002,3.37,0.0,38.98,3.85,0.0,48.13,71.0,10.59,50.0,12.03,92.0,39.47,80.49,3.85,25.0,16.82,44.11,0.09,0.48,0.0,0.0,0.0,0.0,0.48,3.37,57.14,4.8100000000000005,30.0,0.0,0.0,0.48,1.9300000000000002,11.07,56.52,66.67,17.33,0,,0,,0,0.0,0.0,0.0,,,0.96,,1.44,0.0,0.0,0.0,0.0,0,0
R. Crawford,Robbie Crawford,206474,Partick Thistle,Partick Thistle,https://cdn5.wyscout.com/photos/team/public/1230_120x120.png,Championship,"LCMF3, LCMF",LCMF3,62,LCMF,37,,0,32.0,1994-06-22,275000,2027-05-31,4,182,1,0.4,0,0.0,11.87,37.5,Scotland,['Scotland'],right,174,74,False,5.44,5.93,58.33,2.47,40.0,0.0,0.0,0.0,1.98,3.64,1.98,1,0.49,0,0.0,0.49,0.49,1,0.49,0.2,0,0.0,2,0.99,50.0,50.0,0.0,0.49,0.0,0.49,0.0,0.0,0.0,0.0,0.0,0.0,1.98,0.0,5.93,0.49,0.0,22.25,0.0,0.49,29.18,71.19,14.34,55.17,4.45,100.0,26.21,71.7,2.47,80.0,16.34,26.89,0.0,0.0,0.0,0.0,0.0,0.0,0.0,3.46,57.14,0.0,0.0,0.0,0.0,0.49,0.0,4.95,80.0,73.33,7.42,0,,0,,0,0.0,0.0,0.0,,,0.49,,2.47,0.0,0.0,0.0,0.0,0,0
D. Easton,Dylan Easton,229580,Raith Rovers,Raith Rovers,https://cdn5.wyscout.com/photos/team/public/2653_120x120.png,Championship,"LAMF, AMF, LW",LAMF,53,AMF,31,LW,14,32.0,1994-04-06,250000,2028-05-31,4,182,0,0.39,0,0.24,16.32,72.73,Scotland,['Scotland'],right,168,67,False,4.95,5.93,58.33,0.49,100.0,0.0,0.0,0.0,1.48,2.25,0.99,0,0.0,0,0.0,4.95,0.0,0,0.0,0.19,0,0.0,5,2.47,20.0,0.0,0.0,4.45,33.33,3.46,42.86,0.99,0.0,1.98,3.46,85.71,9.89,80.0,1.98,3.46,0.0,38.08,0.99,3.46,50.93,79.61,10.88,72.73,11.87,95.83,41.54,84.52,5.44,72.73,20.09,45.36,0.12,0.99,0.49,0.0,0.0,0.0,0.49,4.95,70.0,5.93,33.33,0.0,0.0,0.99,0.99,8.41,82.35,73.81,20.77,0,,0,,0,0.0,0.0,0.0,,,0.0,,0.49,1.98,0.99,50.0,1.48,0,0
A. Oyirwoth,Allan Oyirwoth,-540797,Dunfermline Athletic,Dunfermline Athletic,https://cdn5.wyscout.com/photos/team/public/1231_120x120.png,Championship,"LDMF, LCMF3",LDMF,46,LCMF3,39,,0,19.0,2007-01-23,0,2028-12-31,2,181,0,1.08,0,0.08,22.87,54.35,Uganda,['Uganda'],unknown,185,0,True,6.96,6.46,53.85,6.96,57.14,0.0,0.0,0.99,3.48,5.12,1.99,0,0.0,0,0.0,0.99,0.0,0,0.0,0.54,0,0.0,6,2.98,16.67,0.0,0.0,0.5,0.0,0.5,0.0,0.0,0.0,0.0,0.99,50.0,7.46,60.0,2.49,0.5,0.0,26.35,0.99,2.49,41.77,79.76,10.94,77.27,7.46,100.0,36.3,79.45,4.97,90.0,17.53,39.41,0.04,1.49,0.0,0.0,0.0,0.0,0.0,6.96,71.43,2.98,50.0,0.0,0.0,0.5,0.0,6.96,78.57,81.25,15.91,0,,0,,0,0.0,0.0,0.0,,,0.0,,6.96,0.0,0.0,0.0,0.0,0,0
M. McKenzie,Mark McKenzie,-132936,Ayr United,Ayr United,https://cdn5.wyscout.com/photos/team/public/2928_120x120.png,Championship,"RCMF3, AMF",RCMF3,54,AMF,45,,0,26.0,2000-08-17,220000,2027-05-31,2,172,0,0.11,0,0.0,17.79,50.0,Scotland,['Scotland'],,0,0,False,7.33,4.19,50.0,4.19,37.5,0.0,0.0,0.0,5.23,5.26,0.52,0,0.0,0,0.0,0.52,0.0,0,0.0,0.06,0,0.0,1,0.52,0.0,0.0,0.0,0.52,0.0,0.0,0.0,0.52,0.0,0.0,0.52,100.0,6.8,46.15,2.09,0.0,0.0,15.17,0.52,2.09,28.78,70.91,8.9,52.94,7.33,85.71,27.21,75.0,1.05,0.0,12.93,21.59,0.0,0.0,0.0,0.0,0.0,0.0,0.0,2.62,40.0,1.57,33.33,0.0,0.0,0.52,0.0,1.05,50.0,66.67,4.71,0,,0,,0,0.0,0.0,0.0,,,0.0,,4.19,0.0,0.0,0.0,0.0,0,0
M. O'Halloran,Michael O'Halloran,169717,Greenock Morton,Greenock Morton,https://cdn5.wyscout.com/photos/team/public/1232_120x120.png,Championship,"RAMF, CF, LAMF",RAMF,50,CF,18,LAMF,15,35.0,1991-01-06,150000,2027-05-31,4,172,0,0.66,0,0.15,9.94,52.63,Scotland,['Scotland'],right,188,79,False,3.14,2.09,50.0,1.05,0.0,0.0,0.0,0.0,2.09,2.86,0.0,0,0.0,0,0.0,3.14,0.0,0,0.0,0.34,0,0.0,4,2.09,25.0,0.0,0.0,2.62,40.0,0.0,0.0,2.62,40.0,0.52,2.09,75.0,5.76,63.64,3.66,5.76,2.62,20.41,1.05,2.09,25.12,77.08,6.28,91.67,5.23,80.0,21.45,82.93,1.57,66.67,16.38,34.05,0.08,0.52,0.0,0.0,0.0,0.0,1.05,3.14,83.33,2.09,50.0,0.0,0.0,1.57,0.52,4.19,87.5,71.43,7.33,0,,0,,0,0.0,0.0,0.0,,,0.52,,1.05,0.0,0.0,0.0,0.0,0,0
L. Grant,Leyton Grant,-358393,Stenhousemuir,Stenhousemuir,https://cdn5.wyscout.com/photos/team/public/g1929_120x120.png,Championship,"RCB3, RCB, LCB",RCB3,49,RCB,29,LCB,18,20.0,2006-04-17,0,,4,169,0,0.12,0,0.0,14.38,44.44,Scotland,['Scotland'],right,0,0,False,9.05,3.2,50.0,9.05,35.29,0.0,0.0,0.0,7.46,8.94,1.07,1,0.53,0,0.0,0.0,0.0,0,0.0,0.06,0,0.0,1,0.53,0.0,0.0,0.0,0.0,0.0,0.0,0.0,0.0,0.0,0.0,0.0,0.0,0.53,100.0,1.07,0.53,0.0,10.12,0.0,1.07,25.56,70.83,14.91,71.43,4.26,100.0,20.77,74.36,4.79,55.56,16.35,16.92,0.0,0.0,0.0,0.53,0.0,0.0,0.0,3.73,71.43,0.53,0.0,0.0,0.0,0.0,0.0,8.52,56.25,57.14,3.73,0,,0,,0,0.0,0.0,0.0,,,1.07,,9.05,0.0,0.0,0.0,0.0,0,0
B. Stanway,Ben Stanway,-283577,Partick Thistle,Partick Thistle,https://cdn5.wyscout.com/photos/team/public/1230_120x120.png,Championship,LCMF3,LCMF3,100,,0,,0,21.0,2004-09-20,0,2027-05-31,3,168,0,0.84,0,0.31,19.29,38.89,Scotland,['Scotland'],,0,0,False,7.5,6.43,58.33,4.82,44.44,0.0,0.0,0.0,3.75,6.18,1.6099999999999999,0,0.0,0,0.0,2.14,0.0,0,0.0,0.45,0,0.0,7,3.75,57.14,0.0,0.0,1.6099999999999999,0.0,1.07,0.0,0.54,0.0,0.54,0.54,0.0,6.96,15.38,5.89,0.0,0.0,17.14,0.54,1.07,30.54,78.95,11.79,72.73,5.89,90.91,27.32,84.31,1.6099999999999999,66.67,15.75,31.73,0.17,1.07,0.0,0.0,0.0,0.0,1.07,3.21,66.67,4.82,55.56,0.0,0.0,2.68,0.0,3.75,71.43,61.54,6.96,0,,0,,0,0.0,0.0,0.0,,,1.07,,4.82,0.0,0.0,0.0,1.6099999999999999,0,0
J. Bonnar,Jude Bonnar,-372160,Arbroath,Arbroath,https://cdn5.wyscout.com/photos/team/public/4269_120x120.png,Championship,"AMF, RAMF",AMF,55,RAMF,44,,0,20.0,2005-11-17,0,,2,164,1,0.42,0,0.11,9.88,38.89,Scotland,['Scotland'],,0,0,True,4.39,3.84,42.86,1.65,33.33,0.0,0.0,0.0,2.74,3.5700000000000003,1.65,0,0.0,0,0.0,1.1,0.55,1,0.55,0.23,0,0.0,3,1.65,33.33,33.333,0.0,1.65,33.33,0.0,0.0,1.65,33.33,0.0,0.0,0.0,3.84,28.57,2.74,1.65,0.0,21.4,2.74,1.1,28.54,73.08,10.98,55.0,5.49,100.0,23.6,79.07,3.29,50.0,16.62,22.67,0.06,0.55,0.0,0.0,0.0,0.0,0.55,4.94,44.44,3.29,50.0,0.0,0.0,1.1,1.1,4.94,44.44,50.0,4.39,0,,0,,0,0.0,0.0,0.0,,,0.0,,1.65,0.55,0.55,0.0,0.0,0,0
S. McMann,Scott McMann,275847,Ayr United,Ayr United,https://cdn5.wyscout.com/photos/team/public/2928_120x120.png,Championship,"LB, LW, LWB",LB,57,LW,28,LWB,13,30.0,1996-07-09,325000,2028-05-31,3,164,0,0.0,0,0.01,13.17,62.5,Scotland,['Scotland'],left,183,73,False,7.68,3.84,71.43,3.84,71.43,0.0,0.0,1.1,4.94,4.82,0.55,0,0.0,0,0.0,1.1,0.0,0,0.0,0.0,0,0.0,0,0.0,0.0,0.0,0.0,3.29,16.67,2.74,20.0,0.55,0.0,1.1,0.55,100.0,3.29,66.67,0.55,0.55,0.0,23.05,0.55,1.65,30.73,78.57,9.33,82.35,7.68,92.86,26.34,87.5,1.65,33.33,15.97,24.46,0.0,0.55,0.0,0.0,0.0,0.0,0.0,1.65,100.0,2.2,25.0,0.0,0.0,0.0,0.55,4.39,50.0,64.29,7.68,0,,0,,0,0.0,0.0,0.0,,,0.55,,3.84,0.55,0.0,0.0,0.0,0,0
L. Robinson,Luke Robinson,-150478,Dunfermline Athletic,Dunfermline Athletic,https://cdn5.wyscout.com/photos/team/public/1231_120x120.png,Championship,LCB3,LCB3,100,,0,,0,24.0,2001-11-20,175000,2028-06-30,2,161,0,0.0,0,0.0,12.3,68.18,Scotland,"['Scotland', 'England']",left,176,72,False,7.83,6.15,72.73,2.24,50.0,1.12,1.67,0.0,2.24,3.33,0.0,0,0.0,0,0.0,0.0,0.0,0,0.0,0.0,0,0.0,0,0.0,0.0,0.0,0.0,0.56,0.0,0.56,0.0,0.0,0.0,0.0,0.56,0.0,1.6800000000000002,33.33,0.0,0.56,0.0,39.13,0.0,0.56,51.43,79.35,25.16,66.67,3.35,83.33,43.04,83.12,8.39,60.0,22.64,39.44,0.0,0.0,0.0,0.0,0.56,0.0,0.0,6.71,66.67,0.56,0.0,0.56,0.0,0.0,0.0,10.06,55.56,93.55,17.33,0,,0,,0,0.0,0.0,0.0,,,0.56,,2.24,0.0,0.0,0.0,0.0,0,0
M. Robertson,Mitchell Robertson,-372138,Livingston,Livingston,https://cdn5.wyscout.com/photos/team/public/1226_120x120.png,Championship,LCB,LCB,100,,0,,0,21.0,2005-02-18,0,,2,156,0,0.30000000000000004,0,0.0,15.0,46.15,Scotland,['Scotland'],left,0,0,False,5.19,4.04,0.0,8.65,60.0,0.0,0.0,0.58,5.19,8.44,3.46,1,0.58,0,0.0,0.0,0.0,0,0.0,0.17,0,0.0,2,1.15,0.0,0.0,0.0,0.0,0.0,0.0,0.0,0.0,0.0,0.0,0.0,0.0,0.0,0.0,1.73,2.88,0.0,41.54,0.0,0.0,60.0,77.88,27.69,62.5,2.88,80.0,51.92,84.44,8.08,35.71,22.9,39.88,0.0,0.0,0.0,0.0,0.0,0.0,0.0,9.81,64.71,0.58,0.0,0.0,0.0,0.0,0.0,15.0,57.69,93.18,25.38,0,,0,,0,0.0,0.0,0.0,,,1.73,,8.65,0.0,0.0,0.0,0.0,0,0
M. MacKenzie,Magnus MacKenzie,-321682,Queen's Park,Queen's Park,https://cdn5.wyscout.com/photos/team/public/g1937_120x120.png,Championship,"LWB, LB",LWB,71,LB,28,,0,21.0,2005-05-03,0,2027-05-31,2,156,0,0.0,0,0.0,12.69,54.55,Scotland,['Scotland'],left,0,0,False,8.08,7.5,53.85,2.88,80.0,0.0,0.0,0.0,4.04,4.88,0.0,0,0.0,0,0.0,1.15,0.0,0,0.0,0.0,0,0.0,0,0.0,0.0,0.0,0.0,2.88,40.0,2.88,40.0,0.0,0.0,0.0,0.0,0.0,1.15,0.0,0.58,1.73,0.0,22.5,1.73,0.0,29.42,74.51,9.23,43.75,6.35,100.0,21.92,92.11,4.62,12.5,23.62,40.39,0.0,0.0,0.0,0.0,0.0,0.0,0.0,4.04,42.86,2.88,40.0,0.0,0.0,0.0,1.15,6.35,54.55,75.0,9.23,0,,0,,0,0.0,0.0,0.0,,,0.0,,2.88,0.0,0.0,0.0,0.0,0,0
T. Watt,Anthony Paul Watt,104766,Partick Thistle,Partick Thistle,https://cdn5.wyscout.com/photos/team/public/1230_120x120.png,Championship,"CF, RCMF3",CF,76,RCMF3,23,,0,32.0,1993-12-29,400000,2027-05-31,4,156,0,0.42,0,0.0,19.04,48.48,Scotland,['Scotland'],right,186,89,False,3.46,4.04,42.86,6.35,45.45,0.0,0.0,0.58,1.73,3.21,2.31,0,0.0,0,0.0,2.31,0.0,0,0.0,0.24,0,0.0,4,2.31,50.0,0.0,0.0,2.31,0.0,0.58,0.0,1.73,0.0,0.0,1.73,66.67,7.5,61.54,4.04,2.31,0.0,15.58,1.15,1.73,21.92,60.53,6.92,41.67,3.46,100.0,17.31,66.67,2.31,75.0,18.49,20.12,0.0,0.0,0.0,0.0,0.0,0.0,0.0,1.73,66.67,3.46,33.33,0.0,0.0,0.58,0.0,3.46,66.67,72.73,6.35,0,,0,,0,0.0,0.0,0.0,,,0.0,,6.35,0.0,0.0,0.0,0.0,0,0
I. Wilson,Iain Wilson,400635,Greenock Morton,Greenock Morton,https://cdn5.wyscout.com/photos/team/public/1232_120x120.png,Championship,LDMF,LDMF,100,,0,,0,27.0,1998-12-15,25000,2027-05-31,2,153,0,0.8300000000000001,0,0.0,14.12,50.0,Scotland,['Scotland'],right,188,67,False,5.88,5.29,66.67,4.12,42.86,0.0,0.0,0.0,2.35,2.61,0.0,0,0.0,0,0.0,1.18,0.0,0,0.0,0.49,0,0.0,4,2.35,0.0,0.0,0.0,1.18,50.0,0.59,0.0,0.59,100.0,0.0,1.76,33.33,4.12,42.86,2.35,1.18,0.0,17.65,0.59,0.59,32.94,73.21,10.0,47.06,3.5300000000000002,100.0,26.47,77.78,5.29,55.56,25.48,48.15,0.0,0.0,0.0,0.0,0.0,0.0,0.0,7.65,53.85,2.35,75.0,0.0,0.0,1.18,0.59,7.65,69.23,88.46,15.29,0,,0,,0,0.0,0.0,0.0,,,0.59,,4.12,0.0,0.0,0.0,0.0,0,0
K. Bray,Keith Bray,-353213,Dunfermline Athletic,Dunfermline Athletic,https://cdn5.wyscout.com/photos/team/public/1231_120x120.png,Championship,"AMF, RCMF3",AMF,49,RCMF3,46,,0,20.0,2006-04-01,0,2029-05-31,3,152,0,0.53,0,0.0,15.39,57.69,Scotland,['Scotland'],unknown,0,0,False,3.55,2.96,40.0,2.37,50.0,0.0,0.0,0.0,2.37,3.24,1.78,0,0.0,0,0.0,1.78,0.0,0,0.0,0.32,0,0.0,3,1.78,33.33,0.0,0.0,0.0,0.0,0.0,0.0,0.0,0.0,0.0,2.37,50.0,8.29,57.14,3.55,1.18,0.0,13.62,0.59,4.74,17.76,63.33,6.51,45.45,3.55,83.33,17.76,63.33,0.0,0.0,12.95,0.0,0.0,0.0,0.0,0.0,0.0,0.0,0.0,1.18,100.0,0.0,0.0,0.0,0.0,0.0,0.0,1.78,66.67,66.67,3.55,0,,0,,0,0.0,0.0,0.0,,,0.0,,2.37,0.0,0.0,0.0,0.0,0,0
Z. Rudden,Zak Rudden,404509,Dunfermline Athletic,Dunfermline Athletic,https://cdn5.wyscout.com/photos/team/public/1231_120x120.png,Championship,"CF, LWF",CF,55,LWF,44,,0,26.0,2000-02-06,350000,2027-05-31,3,151,0,0.19,0,0.46,19.07,34.38,Scotland,['Scotland'],right,187,80,False,0.6000000000000001,4.17,14.29,6.5600000000000005,18.18,0.0,0.0,0.0,0.0,0.0,4.17,0,0.0,0,0.0,1.19,0.0,0,0.0,0.11,0,0.0,3,1.79,0.0,0.0,0.0,0.6000000000000001,100.0,0.6000000000000001,100.0,0.0,0.0,0.0,1.79,33.33,5.96,60.0,3.58,0.6000000000000001,0.6000000000000001,22.05,2.38,1.79,25.63,74.42,4.17,57.14,5.36,100.0,22.65,81.58,2.38,0.0,15.83,21.65,0.27,1.19,0.0,0.0,0.0,0.0,0.6000000000000001,3.58,66.67,1.19,0.0,0.0,0.0,0.6000000000000001,0.6000000000000001,3.58,50.0,75.0,11.92,0,,0,,0,0.0,0.0,0.0,,,0.0,,6.5600000000000005,0.0,0.0,0.0,0.0,0,0
J. Murphy,Jamie Murphy,13103,Ayr United,Ayr United,https://cdn5.wyscout.com/photos/team/public/2928_120x120.png,Championship,"LAMF, LW, LCMF3",LAMF,60,LW,17,LCMF3,11,37.0,1989-08-28,200000,2027-05-31,4,147,1,0.56,0,0.64,4.9,25.0,Scotland,['Scotland'],right,178,72,False,2.45,1.22,0.0,0.61,100.0,0.0,0.0,0.0,2.45,2.4,0.0,0,0.0,0,0.0,0.61,0.61,1,0.61,0.34,0,0.0,1,0.61,100.0,100.0,0.0,1.22,0.0,1.22,0.0,0.0,0.0,0.0,0.61,0.0,3.06,20.0,0.0,2.45,0.0,26.94,1.8399999999999999,0.61,30.61,72.0,12.24,55.0,4.9,100.0,23.27,84.21,6.12,40.0,18.16,22.44,0.39,1.8399999999999999,0.0,0.0,0.0,0.0,0.0,8.57,64.29,3.06,60.0,1.22,50.0,1.8399999999999999,0.0,6.12,80.0,82.35,10.41,0,,0,,0,0.0,0.0,0.0,,,0.0,,0.61,2.45,0.61,100.0,0.61,0,0
M. Shiels,Matthew Shiels,498005,Queen's Park,Queen's Park,https://cdn5.wyscout.com/photos/team/public/g1937_120x120.png,Championship,"LB, LCB",LB,66,LCB,33,,0,25.0,2000-09-13,0,2028-05-31,2,144,0,0.0,0,0.14,8.13,23.08,Scotland,['Scotland'],,0,0,False,5.63,4.38,28.57,3.13,20.0,0.0,0.0,0.0,4.38,4.04,0.63,1,0.63,0,0.0,0.63,0.0,0,0.0,0.0,0,0.0,0,0.0,0.0,0.0,0.0,1.88,33.33,1.25,50.0,0.63,0.0,0.0,0.63,0.0,0.63,0.0,0.0,0.0,0.0,10.0,0.63,0.0,17.5,46.43,10.0,37.5,0.63,100.0,11.88,52.63,3.75,33.33,17.25,38.07,0.09,0.63,0.0,0.0,0.0,0.0,0.63,1.25,50.0,3.13,20.0,0.0,0.0,0.0,0.63,6.25,40.0,57.14,4.38,0,,0,,0,0.0,0.0,0.0,,,0.63,,3.13,0.0,0.0,0.0,0.0,0,0
S. McGill,Scott McGill,-212585,Arbroath,Arbroath,https://cdn5.wyscout.com/photos/team/public/4269_120x120.png,Championship,LDMF,LDMF,100,,0,,0,24.0,2002-01-27,100000,,2,140,0,0.06,0,0.03,12.86,45.0,Scotland,['Scotland'],right,183,73,False,8.36,7.71,50.0,2.5700000000000003,50.0,0.0,0.0,0.64,4.5,4.57,1.9300000000000002,0,0.0,0,0.0,0.0,0.0,0,0.0,0.04,0,0.0,2,1.29,0.0,0.0,0.0,0.0,0.0,0.0,0.0,0.0,0.0,0.0,0.64,0.0,1.9300000000000002,33.33,1.9300000000000002,0.0,0.0,19.29,0.0,0.64,36.0,76.79,10.29,68.75,7.71,83.33,31.5,83.67,4.5,28.57,17.46,31.57,0.02,1.29,0.0,0.0,0.0,0.0,0.0,3.21,60.0,0.64,100.0,0.0,0.0,0.64,0.0,3.86,33.33,73.68,12.21,0,,0,,0,0.0,0.0,0.0,,,0.64,,2.5700000000000003,0.0,0.0,0.0,0.0,0,0
C. Palmer,Cameron 'Cammy' Palmer,498007,Livingston,Livingston,https://cdn5.wyscout.com/photos/team/public/1226_120x120.png,Championship,"LCMF, LCMF3",LCMF,56,LCMF3,34,,0,26.0,2000-05-15,75000,,2,138,0,0.09,0,0.19,9.13,57.14,Northern Ireland,"['Northern Ireland', 'Scotland']",,0,0,False,7.83,6.52,70.0,0.65,100.0,0.0,0.0,0.0,3.26,5.77,1.96,0,0.0,0,0.0,0.0,0.0,0,0.0,0.06,0,0.0,1,0.65,0.0,0.0,0.0,0.65,0.0,0.0,0.0,0.65,0.0,0.0,0.65,0.0,1.3,0.0,4.57,1.96,0.0,26.74,1.3,0.0,28.04,86.05,8.48,84.62,6.52,100.0,25.43,92.31,1.96,33.33,16.16,34.5,0.13,1.96,0.0,0.0,0.0,0.0,1.3,3.26,80.0,2.61,100.0,0.0,0.0,3.26,0.0,1.3,100.0,90.91,7.17,0,,0,,0,0.0,0.0,0.0,,,0.0,,0.65,0.0,0.0,0.0,0.0,0,0
P. Allan,Paul Allan,515301,Inverness CT,Inverness CT,https://cdn5.wyscout.com/photos/team/public/304_120x120.png,Championship,"RDMF, DMF, RCMF3",RDMF,64,DMF,20,RCMF3,15,26.0,2000-02-07,50000,2027-05-31,3,136,0,0.18,1,0.35000000000000003,13.9,47.62,Scotland,['Scotland'],right,175,0,False,8.6,5.96,66.67,3.31,60.0,0.0,0.0,0.66,4.63,10.0,0.66,0,0.0,0,0.0,1.32,0.0,0,0.0,0.12,0,0.0,3,1.99,33.33,0.0,0.66,1.32,50.0,0.0,0.0,1.32,50.0,1.32,0.0,0.0,3.9699999999999998,16.67,1.99,0.66,0.0,45.0,0.0,0.66,59.56,84.44,20.51,70.97,14.56,95.45,52.28,87.34,5.96,66.67,17.95,28.06,0.23,0.66,0.66,0.66,0.0,0.0,0.66,6.62,60.0,2.65,50.0,0.66,0.0,0.66,0.66,9.93,53.33,91.67,15.88,0,,0,,0,0.0,0.0,0.0,,,0.66,,3.31,1.32,0.0,0.0,1.32,0,0
K. Mitchell,Kenzie Mitchell,-672314,Ayr United,Ayr United,https://cdn5.wyscout.com/photos/team/public/2928_120x120.png,Championship,"LWB, LAMF",LWB,56,LAMF,43,,0,18.0,2008-03-31,0,,3,136,0,0.0,1,0.0,15.22,30.43,Scotland,['Scotland'],,0,0,False,5.29,3.9699999999999998,33.33,1.99,0.0,0.0,0.0,0.0,3.9699999999999998,4.29,0.66,0,0.0,0,0.0,0.66,0.0,0,0.0,0.0,0,0.0,0,0.0,0.0,0.0,0.66,3.9699999999999998,0.0,3.9699999999999998,0.0,0.0,0.0,0.66,0.66,100.0,9.26,35.71,1.32,1.32,0.0,29.12,2.65,0.66,34.41,63.46,13.9,61.9,9.26,100.0,29.78,73.33,1.32,0.0,10.29,30.68,0.0,0.0,0.0,0.0,0.0,0.0,0.66,5.29,62.5,1.32,0.0,0.0,0.0,0.0,0.66,5.29,62.5,0.0,3.31,0,,0,,0,0.0,0.0,0.0,,,0.0,,1.99,0.0,0.0,0.0,1.99,0,0
T. McDonell,Tyrece McDonnell,-604628,Queen's Park,Queen's Park,https://cdn5.wyscout.com/photos/team/public/g1937_120x120.png,Championship,"LAMF, LW",LAMF,53,LW,46,,0,20.0,2006-01-26,0,,3,132,0,0.01,0,0.17,15.0,40.91,Scotland,['Scotland'],right,185,0,False,3.41,4.09,33.33,3.41,20.0,0.0,0.0,0.0,2.05,2.37,2.05,0,0.0,0,0.0,2.05,0.0,0,0.0,0.01,0,0.0,2,1.3599999999999999,0.0,0.0,0.0,1.3599999999999999,50.0,1.3599999999999999,50.0,0.0,0.0,0.0,1.3599999999999999,100.0,7.5,54.55,0.68,3.41,0.68,15.68,1.3599999999999999,1.3599999999999999,26.59,69.23,4.09,33.33,10.23,73.33,24.55,69.44,0.68,100.0,12.83,16.2,0.12,0.68,0.0,0.0,0.0,0.0,0.68,0.68,100.0,1.3599999999999999,0.0,0.0,0.0,0.0,0.68,3.41,20.0,70.0,6.82,0,,0,,0,0.0,0.0,0.0,,,0.0,,3.41,0.68,0.68,0.0,0.0,0,0
M. Gillies,Matthew Gillies,-376201,Hearts,Stenhousemuir,https://cdn5.wyscout.com/photos/team/public/297_120x120.png,Premiership,"RDMF, LCMF",RDMF,64,LCMF,26,,0,19.0,2007-02-16,0,,2,130,0,0.25,0,0.0,22.15,46.88,Scotland,['Scotland'],,0,0,False,5.54,8.31,50.0,1.38,100.0,0.0,0.0,0.0,1.38,1.43,2.08,1,0.6900000000000001,0,0.0,2.08,0.0,0,0.0,0.17,0,0.0,1,0.6900000000000001,0.0,0.0,0.0,0.0,0.0,0.0,0.0,0.0,0.0,0.0,4.85,42.86,10.38,40.0,0.6900000000000001,2.08,0.0,15.92,0.0,2.08,23.54,64.71,11.77,47.06,3.46,100.0,20.77,73.33,2.77,0.0,15.43,15.28,0.0,0.0,0.0,0.0,0.0,0.0,0.0,4.85,42.86,2.08,33.33,0.0,0.0,0.0,0.0,5.54,37.5,87.5,5.54,0,,0,,0,0.0,0.0,0.0,,,0.0,,1.38,0.0,0.0,0.0,0.0,0,0
Ben Brannan,Ben Brannan,-376187,Queen's Park,Queen's Park,https://cdn5.wyscout.com/photos/team/public/g1937_120x120.png,Championship,"LB, LCMF3, LWB",LB,74,LCMF3,13,LWB,11,19.0,2007-01-30,0,2028-05-31,2,128,0,0.05,0,0.15,16.88,54.17,Scotland,['Scotland'],right,173,0,False,9.14,9.84,50.0,2.11,0.0,0.0,0.0,0.7000000000000001,4.22,4.29,0.7000000000000001,1,0.7000000000000001,0,0.0,2.11,0.0,0,0.0,0.03,0,0.0,1,0.7000000000000001,0.0,0.0,0.0,2.11,33.33,2.11,33.33,0.0,0.0,0.0,1.4100000000000001,100.0,4.22,83.33,0.0,1.4100000000000001,0.0,21.09,0.7000000000000001,2.11,33.05,76.6,12.66,66.67,4.22,100.0,26.02,81.08,5.63,62.5,12.86,19.73,0.1,0.7000000000000001,0.0,0.0,0.0,0.0,0.7000000000000001,0.7000000000000001,100.0,2.11,33.33,0.0,0.0,0.7000000000000001,0.7000000000000001,10.55,53.33,71.43,9.84,0,,0,,0,0.0,0.0,0.0,,,0.0,,2.11,0.0,0.0,0.0,0.7000000000000001,0,0
B. McLuckie,Bobby McLuckie,-386218,Greenock Morton,Greenock Morton,https://cdn5.wyscout.com/photos/team/public/1232_120x120.png,Championship,"LAMF, LWB, LW",LAMF,66,LWB,20,LW,13,20.0,2006-06-30,0,,2,126,0,0.36,0,0.4,10.71,66.67,Scotland,['Scotland'],left,0,0,False,8.57,3.5700000000000003,100.0,2.86,25.0,0.0,0.0,0.71,5.0,6.36,0.71,0,0.0,0,0.0,2.86,0.0,0,0.0,0.26,0,0.0,2,1.43,0.0,0.0,0.0,2.14,100.0,0.71,100.0,1.43,100.0,0.71,0.71,100.0,3.5700000000000003,80.0,2.14,0.71,0.0,18.57,5.71,1.43,20.71,65.52,5.71,37.5,7.14,80.0,17.86,64.0,1.43,50.0,13.37,20.42,0.29,1.43,0.0,0.0,0.0,0.0,1.43,2.14,66.67,1.43,100.0,0.0,0.0,0.71,1.43,5.0,57.14,100.0,3.5700000000000003,0,,0,,0,0.0,0.0,0.0,,,0.0,,2.86,0.0,0.0,0.0,0.71,0,0
Liam Polworth,Liam Polworth,154182,Livingston,Livingston,https://cdn5.wyscout.com/photos/team/public/1226_120x120.png,Championship,"LDMF, RDMF",LDMF,72,RDMF,27,,0,31.0,1994-10-12,350000,2027-05-31,2,125,0,0.03,0,0.12,6.48,33.33,Scotland,['Scotland'],right,179,72,False,4.32,2.16,33.33,0.72,0.0,0.0,0.0,2.16,3.6,5.36,0.72,0,0.0,0,0.0,0.72,0.0,0,0.0,0.02,0,0.0,1,0.72,0.0,0.0,0.0,0.72,100.0,0.0,0.0,0.72,100.0,0.0,0.0,0.0,2.88,25.0,0.72,1.44,0.0,33.84,0.0,0.72,43.2,80.0,12.96,66.67,7.2,90.0,39.6,81.82,2.88,50.0,16.75,33.05,0.08,0.72,0.0,0.0,0.0,0.0,0.72,2.16,33.33,1.44,100.0,0.0,0.0,1.44,0.0,2.88,75.0,83.33,17.28,0,,0,,0,0.0,0.0,0.0,,,0.0,,0.72,0.72,0.0,0.0,0.72,0,0
G. Stevenson,Gus Stevenson,-376190,Stenhousemuir,Stenhousemuir,https://cdn5.wyscout.com/photos/team/public/g1929_120x120.png,Championship,"AMF, CF",AMF,86,CF,13,,0,19.0,2007-01-30,0,,3,124,1,0.22,0,0.0,11.61,31.25,Scotland,['Scotland'],unknown,0,0,False,0.73,4.35,16.67,1.45,50.0,0.0,0.0,0.0,0.0,0.0,3.63,1,0.73,0,0.0,1.45,0.73,1,0.73,0.16,0,0.0,2,1.45,100.0,50.0,0.0,1.45,0.0,0.0,0.0,1.45,0.0,0.0,0.73,0.0,4.35,50.0,2.18,1.45,0.0,11.61,0.73,0.0,17.42,75.0,5.08,42.86,5.8100000000000005,100.0,15.24,80.95,1.45,50.0,18.91,32.35,0.0,0.0,0.0,0.0,0.0,0.0,0.0,0.73,0.0,1.45,50.0,0.0,0.0,1.45,0.0,0.73,0.0,75.0,2.9,0,,0,,0,0.0,0.0,0.0,,,0.73,,1.45,0.0,0.0,0.0,0.0,0,0
C. Kane,Chris Kane,237203,Dunfermline Athletic,Dunfermline Athletic,https://cdn5.wyscout.com/photos/team/public/1231_120x120.png,Championship,CF,CF,92,,0,,0,31.0,1994-09-05,350000,2027-05-31,4,124,0,0.0,0,0.2,21.77,40.0,Scotland,['Scotland'],right,180,76,False,4.35,2.9,50.0,6.53,33.33,0.0,0.0,0.0,2.9,4.44,2.9,2,1.45,0,0.0,0.73,0.0,0,0.0,0.0,0,0.0,0,0.0,0.0,0.0,0.0,1.45,0.0,0.73,0.0,0.73,0.0,0.0,0.0,0.0,10.16,50.0,0.73,1.45,1.45,22.5,3.63,2.9,31.21,74.42,7.98,45.45,7.26,90.0,28.31,76.92,1.45,100.0,14.19,18.61,0.14,0.73,0.0,0.0,0.73,100.0,0.73,4.35,83.33,3.63,40.0,0.73,100.0,2.18,0.0,6.53,77.78,78.57,10.16,0,,0,,0,0.0,0.0,0.0,,,0.0,,6.53,0.0,0.0,0.0,0.0,0,0
B. Iseni,Besir Iseni,-248896,Livingston,Livingston,https://cdn5.wyscout.com/photos/team/public/1226_120x120.png,Championship,LCB,LCB,100,,0,,0,26.0,2000-05-02,125000,2028-06-30,2,122,0,0.0,0,0.0,16.97,52.17,North Macedonia,['North Macedonia'],,188,0,False,11.07,3.69,40.0,10.33,64.29,0.0,0.0,0.74,9.59,15.0,1.48,1,0.74,0,0.0,0.0,0.0,0,0.0,0.0,0,0.0,0,0.0,0.0,0.0,0.0,0.0,0.0,0.0,0.0,0.0,0.0,0.0,0.0,0.0,2.21,33.33,0.0,2.21,0.0,42.05,0.74,0.74,55.33,81.33,30.98,73.81,2.95,100.0,50.16,82.35,5.16,71.43,19.5,50.42,0.0,0.0,0.0,0.0,0.0,0.0,0.0,11.07,73.33,0.74,0.0,0.0,0.0,0.0,0.0,16.23,68.18,93.33,11.07,0,,0,,0,0.0,0.0,0.0,,,2.95,,10.33,0.0,0.0,0.0,0.0,0,0
A. Donnelly,Aaron Donnelly,-153635,Dunfermline Athletic,Dunfermline Athletic,https://cdn5.wyscout.com/photos/team/public/1231_120x120.png,Championship,"CB, LCB",CB,78,LCB,14,,0,23.0,2003-06-08,0,2027-05-31,2,121,0,0.17,0,0.0,14.88,65.0,Northern Ireland,"['Northern Ireland', 'Republic of Ireland']",left,185,74,False,9.67,6.69,88.89,3.7199999999999998,60.0,0.74,1.07,0.0,2.98,4.29,0.0,0,0.0,0,0.0,0.0,0.0,0,0.0,0.13,0,0.0,1,0.74,0.0,0.0,0.0,1.49,0.0,0.74,0.0,0.74,0.0,0.0,0.0,0.0,1.49,0.0,0.74,1.49,0.0,60.25,0.74,0.0,81.82,84.55,28.26,63.16,3.7199999999999998,100.0,72.89,92.86,7.44,20.0,23.73,35.46,0.0,0.0,0.0,0.0,0.0,0.0,0.0,8.93,50.0,2.23,0.0,0.0,0.0,0.74,0.0,9.67,53.85,96.49,42.4,0,,0,,0,0.0,0.0,0.0,,,2.23,,3.7199999999999998,0.0,0.0,0.0,0.0,0,0
E. O'Reilly,Euan O'Reilly,451668,Stenhousemuir,Stenhousemuir,https://cdn5.wyscout.com/photos/team/public/g1929_120x120.png,Championship,"RAMF, CF, RDMF",RAMF,40,CF,29,RDMF,13,26.0,2000-05-02,0,,4,120,1,0.48,0,0.0,26.25,28.57,Scotland,['Scotland'],,0,0,False,7.5,6.0,37.5,7.5,10.0,0.0,0.0,0.75,5.25,6.5600000000000005,2.25,1,0.75,0,0.0,2.25,0.75,1,0.75,0.36,0,0.0,2,1.5,50.0,50.0,0.0,3.75,0.0,1.5,0.0,2.25,0.0,0.0,1.5,100.0,12.0,37.5,1.5,1.5,0.0,12.75,3.75,2.25,15.75,33.33,5.25,14.29,3.0,75.0,9.75,46.15,3.0,25.0,17.88,17.35,0.0,0.0,0.75,0.0,0.0,0.0,0.0,1.5,0.0,3.0,0.0,0.0,0.0,0.0,0.0,2.25,0.0,28.57,5.25,0,,0,,0,0.0,0.0,0.0,,,0.0,,7.5,0.75,0.0,0.0,2.25,0,0
A. Montgomery,Adam Montgomery,-245141,Livingston,Livingston,https://cdn5.wyscout.com/photos/team/public/1226_120x120.png,Championship,LB,LB,100,,0,,0,24.0,2002-07-18,500000,2027-06-30,2,120,0,0.0,0,0.0,17.25,56.52,Scotland,['Scotland'],left,173,58,False,7.5,5.25,57.14,3.0,25.0,0.0,0.0,0.0,4.5,6.92,1.5,0,0.0,0,0.0,0.0,0.0,0,0.0,0.0,0,0.0,0,0.0,0.0,0.0,0.0,1.5,0.0,1.5,0.0,0.0,0.0,0.0,0.75,0.0,7.5,60.0,0.75,1.5,0.0,25.5,0.75,3.75,38.25,76.47,13.5,66.67,6.75,88.89,34.5,80.43,2.25,66.67,14.74,34.39,0.0,0.0,0.75,0.0,0.0,0.0,0.0,3.0,100.0,3.75,60.0,0.0,0.0,3.0,0.0,11.25,53.33,72.73,8.25,0,,0,,0,0.0,0.0,0.0,,,0.0,,3.0,0.0,0.0,0.0,0.0,0,0
A. Mccallion,Aiden Mccallion,-383131,Queen's Park,Queen's Park,https://cdn5.wyscout.com/photos/team/public/g1937_120x120.png,Championship,"RDMF, LDMF, RCMF",RDMF,38,LDMF,22,RCMF,13,18.0,2008-06-15,0,2027-06-30,4,118,0,0.06,0,0.0,5.34,0.0,Scotland,['Scotland'],,0,0,False,4.58,3.05,0.0,0.0,0.0,0.0,0.0,0.0,4.58,6.43,2.29,1,0.76,0,0.0,0.76,0.0,0,0.0,0.05,0,0.0,1,0.76,100.0,0.0,0.0,0.76,0.0,0.0,0.0,0.76,0.0,0.0,0.0,0.0,2.29,0.0,0.0,0.76,0.0,32.03,0.76,0.0,48.05,80.95,14.49,73.68,12.97,88.24,43.47,84.21,3.81,60.0,15.46,10.48,0.0,0.0,0.0,0.0,0.0,0.0,0.0,8.39,72.73,1.53,0.0,0.0,0.0,0.0,0.0,8.39,63.64,82.35,12.97,0,,0,,0,0.0,0.0,0.0,,,1.53,,0.0,0.0,0.0,0.0,0.76,0,0
G. Carey,Graham Carey,74509,Livingston,Livingston,https://cdn5.wyscout.com/photos/team/public/1226_120x120.png,Championship,"RW, RWF",RW,59,RWF,40,,0,37.0,1989-05-20,250000,2027-06-30,2,117,0,0.15,0,0.59,12.31,75.0,Republic of Ireland,['Republic of Ireland'],left,183,71,False,5.38,2.31,100.0,1.54,50.0,0.0,0.0,0.77,3.08,5.22,0.0,0,0.0,0,0.0,6.15,0.0,0,0.0,0.12,0,0.0,6,4.62,16.67,0.0,0.0,6.92,22.22,0.0,0.0,6.92,22.22,0.77,4.62,83.33,6.92,77.78,1.54,6.92,0.0,39.23,0.77,1.54,44.62,68.97,9.23,58.33,9.23,100.0,34.62,84.44,3.85,0.0,18.58,39.98,0.46,3.08,0.0,0.0,0.0,0.0,1.54,6.15,37.5,10.77,50.0,0.0,0.0,3.08,1.54,9.23,83.33,60.0,19.23,0,,0,,0,0.0,0.0,0.0,,,0.0,,1.54,0.77,0.0,0.0,3.85,0,0
N. McAllister,Nicholas David McAllister,-133487,Ayr United,Ayr United,https://cdn5.wyscout.com/photos/team/public/2928_120x120.png,Championship,"RCB, RCB3",RCB,82,RCB3,14,,0,25.0,2001-01-17,275000,2027-05-31,3,114,0,0.01,0,0.0,7.89,60.0,Scotland,['Scotland'],,0,0,False,11.84,2.37,66.67,3.95,80.0,0.0,0.0,0.79,10.26,12.58,0.79,0,0.0,0,0.0,0.0,0.0,0,0.0,0.01,0,0.0,1,0.79,0.0,0.0,0.0,0.0,0.0,0.0,0.0,0.0,0.0,0.0,0.0,0.0,1.58,0.0,0.79,2.37,1.58,37.11,0.0,0.79,56.05,83.1,24.47,74.19,3.16,100.0,47.37,90.0,8.68,45.45,10.98,16.37,0.0,0.0,0.0,0.0,0.0,0.0,0.0,13.42,52.94,1.58,0.0,0.0,0.0,0.0,0.0,7.89,80.0,88.89,21.32,0,,0,,0,0.0,0.0,0.0,,,1.58,,3.95,0.0,0.0,0.0,0.0,0,0
Emmanuel Danso,Emmanuel Danso,-117131,Livingston,Livingston,https://cdn5.wyscout.com/photos/team/public/1226_120x120.png,Championship,"RDMF, LCMF",RDMF,56,LCMF,43,,0,25.0,2000-11-10,250000,2028-05-31,2,113,0,0.0,0,0.0,16.73,28.57,Ghana,['Ghana'],right,175,65,False,7.96,5.58,14.29,3.19,0.0,0.0,0.0,0.0,7.17,11.74,1.5899999999999999,1,0.8,0,0.0,0.0,0.0,0,0.0,0.0,0,0.0,1,0.8,0.0,0.0,0.0,0.0,0.0,0.0,0.0,0.0,0.0,0.0,0.0,0.0,7.96,50.0,0.0,0.0,0.0,39.82,0.0,1.5899999999999999,58.94,85.14,15.93,65.0,10.35,92.31,51.77,92.31,7.17,33.33,22.09,44.23,0.0,0.0,0.0,0.0,0.0,0.0,0.0,11.15,71.43,0.8,0.0,0.0,0.0,0.0,0.0,11.15,71.43,91.43,27.88,0,,0,,0,0.0,0.0,0.0,,,0.0,,3.19,0.0,0.0,0.0,0.0,0,0
M. Bates,Morgan Bates,-640524,Inverness CT,Inverness CT,https://cdn5.wyscout.com/photos/team/public/304_120x120.png,Championship,"CF, LAMF",CF,58,LAMF,41,,0,19.0,2006-10-02,0,,4,111,0,0.31,0,0.06,28.38,40.0,Wales,['Wales'],unknown,0,0,True,4.86,4.86,50.0,15.41,42.11,0.0,0.0,0.0,2.43,5.0,4.05,1,0.81,0,0.0,2.43,0.0,0,0.0,0.25,0,0.0,3,2.43,100.0,0.0,0.0,0.0,0.0,0.0,0.0,0.0,0.0,0.0,0.81,0.0,5.68,42.86,3.24,0.81,0.0,11.35,1.62,2.43,11.35,64.29,2.43,33.33,3.24,75.0,10.54,69.23,0.81,0.0,6.72,7.54,0.05,0.81,0.0,0.0,0.0,0.0,0.0,0.81,0.0,0.0,0.0,0.0,0.0,0.0,0.0,1.62,0.0,50.0,1.62,0,,0,,0,0.0,0.0,0.0,,,0.0,,15.41,0.0,0.0,0.0,0.0,0,0
N. Todorov,Nikolay Todorov,417382,Queen's Park,Queen's Park,https://cdn5.wyscout.com/photos/team/public/g1937_120x120.png,Championship,CF,CF,100,,0,,0,30.0,1996-08-24,175000,,2,111,0,0.0,0,0.0,33.24,36.59,Bulgaria,['Bulgaria'],right,191,80,False,2.43,2.43,33.33,20.27,40.0,0.0,0.0,0.0,1.62,1.88,0.81,0,0.0,0,0.0,0.0,0.0,0,0.0,0.0,0,0.0,0,0.0,0.0,0.0,0.0,0.0,0.0,0.0,0.0,0.0,0.0,0.0,0.0,0.0,4.05,60.0,0.81,0.0,0.0,6.49,2.43,2.43,12.16,60.0,4.05,40.0,2.43,100.0,9.73,75.0,2.43,0.0,14.96,31.68,0.0,0.0,0.0,0.0,0.0,0.0,0.0,0.81,0.0,0.81,0.0,0.0,0.0,0.0,0.0,0.81,0.0,0.0,1.62,0,,0,,0,0.0,0.0,0.0,,,0.0,,20.27,0.0,0.0,0.0,0.0,0,0
A. Olamilekan,Adams Olamilekan Alade,-378169,Dunfermline Athletic,Dunfermline Athletic,https://cdn5.wyscout.com/photos/team/public/1231_120x120.png,Championship,"CF, AMF",CF,67,AMF,24,,0,21.0,2004-10-11,0,,3,106,0,0.44,0,0.0,16.98,50.0,Nigeria,['Nigeria'],unknown,0,0,False,0.85,0.85,0.0,4.25,40.0,0.0,0.0,0.0,0.85,1.58,0.0,0,0.0,0,0.0,3.4,0.0,0,0.0,0.37,0,0.0,4,3.4,0.0,0.0,0.0,0.85,100.0,0.85,100.0,0.0,0.0,0.0,2.55,100.0,6.79,62.5,4.25,0.85,0.0,22.92,2.55,0.85,28.02,84.85,5.94,71.43,5.09,100.0,27.17,84.38,0.85,100.0,15.93,19.09,0.0,0.0,0.0,0.0,0.0,0.0,0.0,2.55,33.33,2.55,66.67,0.0,0.0,2.55,0.0,0.0,0.0,81.82,9.34,0,,0,,0,0.0,0.0,0.0,,,0.0,,4.25,0.0,0.0,0.0,0.0,0,0
K. Corbally,Kian Corbally,-251128,Dunfermline Athletic,Dunfermline Athletic,https://cdn5.wyscout.com/photos/team/public/1231_120x120.png,Championship,"LCMF, RCMF",LCMF,61,RCMF,29,,0,22.0,2003-12-31,0,2028-05-31,2,102,0,0.01,0,0.0,20.29,39.13,Republic of Ireland,['Republic of Ireland'],left,173,66,False,7.06,4.41,60.0,9.71,18.18,0.88,1.2,0.0,3.5300000000000002,4.8,1.76,0,0.0,0,0.0,1.76,0.0,0,0.0,0.01,0,0.0,1,0.88,0.0,0.0,0.0,0.0,0.0,0.0,0.0,0.0,0.0,0.0,1.76,100.0,3.5300000000000002,75.0,0.0,0.88,0.0,19.41,0.0,0.88,37.94,86.05,10.59,75.0,8.82,100.0,36.18,85.37,1.76,100.0,17.04,13.56,0.0,0.0,0.0,0.0,0.0,0.0,0.0,3.5300000000000002,100.0,0.0,0.0,0.0,0.0,0.0,0.0,6.18,71.43,93.33,13.24,0,,0,,0,0.0,0.0,0.0,,,0.0,,9.71,0.0,0.0,0.0,1.76,0,0
Ryan McGowan,Ryan McGowan,13038,Livingston,Livingston,https://cdn5.wyscout.com/photos/team/public/1226_120x120.png,Championship,LCB,LCB,100,,0,,0,37.0,1989-08-15,200000,2027-05-31,3,101,0,0.0,0,0.0,12.48,42.86,Australia,"['Australia', 'Scotland']",right,191,75,False,13.37,6.24,28.57,3.56,25.0,0.89,2.0,0.89,10.69,24.0,3.56,0,0.0,0,0.0,0.89,0.0,0,0.0,0.0,0,0.0,0,0.0,0.0,0.0,0.0,0.89,0.0,0.89,0.0,0.0,0.0,0.0,0.89,100.0,0.89,100.0,0.0,0.0,0.0,32.97,0.0,0.89,58.81,80.3,22.28,60.0,2.67,100.0,49.9,87.5,8.02,44.44,22.82,44.09,0.0,0.0,0.0,0.89,0.0,0.0,0.0,3.56,75.0,0.89,0.0,0.0,0.0,0.0,0.0,7.13,37.5,93.1,25.84,0,,0,,0,0.0,0.0,0.0,,,2.67,,3.56,0.0,0.0,0.0,0.0,0,0
G. Mackay-Steven,Gary Mackay-Steven,170014,Partick Thistle,Partick Thistle,https://cdn5.wyscout.com/photos/team/public/1230_120x120.png,Championship,"RW, RWF",RW,69,RWF,30,,0,35.0,1990-08-31,250000,2027-05-31,2,97,0,0.24,0,0.21,12.99,57.14,Scotland,['Scotland'],left,175,0,False,6.49,5.57,83.33,0.0,0.0,0.0,0.0,0.0,1.8599999999999999,3.33,0.93,1,0.93,0,0.0,0.93,0.0,0,0.0,0.22,0,0.0,2,1.8599999999999999,50.0,0.0,0.0,3.71,0.0,0.0,0.0,3.71,0.0,0.93,0.0,0.0,7.42,37.5,4.64,0.93,1.8599999999999999,15.77,1.8599999999999999,0.0,21.34,65.22,4.64,60.0,6.49,100.0,14.85,87.5,2.7800000000000002,33.33,18.45,33.67,0.19,1.8599999999999999,0.0,0.0,0.0,0.0,0.0,3.71,25.0,3.71,50.0,0.0,0.0,1.8599999999999999,0.0,1.8599999999999999,50.0,57.14,6.49,0,,0,,0,0.0,0.0,0.0,,,0.0,,0.0,1.8599999999999999,0.0,0.0,0.93,0,0
L. Stevenson,Lewis Stevenson,13084,Raith Rovers,Raith Rovers,https://cdn5.wyscout.com/photos/team/public/2653_120x120.png,Championship,LB,LB,100,,0,,0,38.0,1988-01-05,100000,2027-05-31,2,96,0,0.0,1,0.02,7.5,75.0,Scotland,['Scotland'],left,170,67,False,4.69,1.88,50.0,1.88,100.0,0.0,0.0,0.0,3.75,4.8,0.0,0,0.0,0,0.0,2.81,0.0,0,0.0,0.0,0,0.0,0,0.0,0.0,0.0,0.9400000000000001,0.9400000000000001,0.0,0.9400000000000001,0.0,0.0,0.0,0.0,2.81,100.0,2.81,100.0,0.9400000000000001,0.9400000000000001,0.0,31.88,0.9400000000000001,0.0,49.69,88.68,16.88,77.78,16.88,94.44,44.06,95.74,4.69,40.0,17.0,20.48,0.02,0.9400000000000001,0.0,0.0,0.0,0.0,0.9400000000000001,10.31,72.73,0.9400000000000001,0.0,0.0,0.0,0.0,0.0,10.31,81.82,90.91,10.31,0,,0,,0,0.0,0.0,0.0,,,0.0,,1.88,0.0,0.0,0.0,0.0,0,0
Musa Dibaga,Musa Dibaga Nimaga,-230597,Dunfermline Athletic,Dunfermline Athletic,https://cdn5.wyscout.com/photos/team/public/1231_120x120.png,Championship,GK,GK,100,,0,,0,26.0,2000-04-27,0,2028-05-31,1,95,0,0.0,0,0.0,0.0,0.0,Spain,['Spain'],unknown,0,0,False,0.0,0.0,0.0,0.0,0.0,0.0,0.0,0.0,0.0,0.0,0.0,0,0.0,0,0.0,0.0,0.0,0,0.0,0.0,0,0.0,0,0.0,0.0,0.0,0.0,0.0,0.0,0.0,0.0,0.0,0.0,0.0,0.0,0.0,0.0,0.0,0.0,0.0,0.0,10.42,0.0,0.0,18.0,78.95,5.68,33.33,0.0,0.0,13.26,100.0,4.74,20.0,30.49,50.2,0.0,0.0,0.0,0.0,0.0,0.0,0.0,1.8900000000000001,0.0,0.0,0.0,0.0,0.0,0.0,0.0,0.9500000000000001,0.0,100.0,11.37,1,0.9500000000000001,2,1.8900000000000001,0,50.0,1.53,1.45,0.53,0.502,0.0,2.84,0.0,,,,0.0,0,0
R. Millen,Ross Millen,283496,Raith Rovers,Raith Rovers,https://cdn5.wyscout.com/photos/team/public/2653_120x120.png,Championship,RB,RB,100,,0,,0,31.0,1994-09-28,250000,,1,95,0,0.73,0,0.05,2.84,100.0,Scotland,['Scotland'],right,186,64,False,4.74,1.8900000000000001,100.0,0.0,0.0,0.0,0.0,0.0,2.84,4.5,0.0,0,0.0,0,0.0,2.84,0.0,0,0.0,0.6900000000000001,0,0.0,1,0.9500000000000001,0.0,0.0,0.0,5.68,33.33,0.0,0.0,5.68,33.33,0.9500000000000001,0.9500000000000001,100.0,0.9500000000000001,100.0,0.9500000000000001,0.0,0.0,62.53,3.79,0.0,68.21,90.28,18.0,84.21,19.89,100.0,55.89,100.0,6.63,57.14,19.78,51.88,0.05,0.9500000000000001,0.0,0.0,0.0,0.0,0.0,9.47,70.0,6.63,28.57,0.0,0.0,0.0,2.84,13.26,92.86,77.78,17.05,0,,0,,0,0.0,0.0,0.0,,,1.8900000000000001,,0.0,0.0,0.0,0.0,0.0,0,0
C. Cupps,Christopher  Cupps,-573507,Chicago Fire,Greenock Morton,https://cdn5.wyscout.com/photos/team/public/687_120x120.png,MLS,RCB,RCB,100,,0,,0,18.0,2008-05-26,0,2028-12-31,1,94,0,0.0,0,0.0,3.83,50.0,United States,['United States'],,186,79,False,5.74,0.96,100.0,1.9100000000000001,50.0,0.0,0.0,0.96,4.79,5.5600000000000005,0.0,0,0.0,0,0.0,0.0,0.0,0,0.0,0.0,0,0.0,0,0.0,0.0,0.0,0.0,0.0,0.0,0.0,0.0,0.0,0.0,0.0,0.0,0.0,0.96,0.0,0.0,0.0,0.0,41.17,0.96,0.0,58.4,88.52,25.85,74.07,1.9100000000000001,100.0,53.62,96.43,4.79,0.0,20.64,36.73,0.0,0.0,0.0,0.0,0.0,0.0,0.0,3.83,25.0,0.0,0.0,0.0,0.0,0.0,0.0,6.7,57.14,100.0,23.94,0,,0,,0,0.0,0.0,0.0,,,1.9100000000000001,,1.9100000000000001,0.0,0.0,0.0,0.0,0,0
C. Ballantyne,Cammy Ballantyne,316202,Greenock Morton,Greenock Morton,https://cdn5.wyscout.com/photos/team/public/1232_120x120.png,Championship,RB,RB,100,,0,,0,29.0,1997-04-13,150000,2027-05-31,1,94,0,0.0,0,0.07,12.45,69.23,Scotland,['Scotland'],right,175,0,False,15.32,9.57,60.0,1.9100000000000001,100.0,2.87,3.33,0.0,6.7,7.78,0.96,0,0.0,0,0.0,0.0,0.0,0,0.0,0.0,0,0.0,0,0.0,0.0,0.0,0.0,1.9100000000000001,0.0,0.0,0.0,1.9100000000000001,0.0,0.0,0.0,0.0,0.0,0.0,0.96,1.9100000000000001,0.0,29.68,1.9100000000000001,0.96,41.17,81.4,16.28,64.71,6.7,100.0,34.47,91.67,4.79,40.0,18.98,41.56,0.06,0.96,0.0,0.0,0.0,0.0,0.0,4.79,20.0,3.83,25.0,0.0,0.0,0.96,0.0,6.7,71.43,83.33,11.49,0,,0,,0,0.0,0.0,0.0,,,1.9100000000000001,,1.9100000000000001,0.0,0.0,0.0,0.0,0,0
Ethan Ingram,Ethan Ingram,-141948,Partick Thistle,Partick Thistle,https://cdn5.wyscout.com/photos/team/public/1230_120x120.png,Championship,"RB, RWF",RB,84,RWF,15,,0,23.0,2003-04-16,275000,2028-05-31,3,93,0,0.0,0,0.22,25.16,69.23,England,['England'],right,179,68,False,8.71,5.8100000000000005,16.67,7.74,75.0,0.0,0.0,0.97,7.74,14.12,2.9,0,0.0,0,0.0,4.84,0.0,0,0.0,0.0,0,0.0,0,0.0,0.0,0.0,0.0,4.84,60.0,0.0,0.0,4.84,60.0,0.0,1.94,100.0,10.65,90.91,2.9,1.94,0.0,38.71,5.8100000000000005,3.87,49.35,60.78,26.13,40.74,7.74,87.5,35.81,67.57,8.71,33.33,18.94,35.72,0.22,1.94,0.0,0.0,0.0,0.0,2.9,6.77,57.14,5.8100000000000005,66.67,0.0,0.0,0.97,2.9,13.55,64.29,91.67,11.61,0,,0,,0,0.0,0.0,0.0,,,0.97,,7.74,0.0,0.0,0.0,0.0,0,0
A. Lyall,Arron John Lyall,-119173,Raith Rovers,Raith Rovers,https://cdn5.wyscout.com/photos/team/public/2653_120x120.png,Championship,"LDMF, RDMF",LDMF,69,RDMF,21,,0,22.0,2003-09-27,25000,2028-05-31,2,92,0,0.0,0,0.0,5.87,66.67,Scotland,['Scotland'],right,0,0,False,4.89,1.96,100.0,0.98,0.0,0.0,0.0,0.0,2.93,4.5,0.0,0,0.0,0,0.0,0.98,0.0,0,0.0,0.0,0,0.0,0,0.0,0.0,0.0,0.0,0.0,0.0,0.0,0.0,0.0,0.0,0.0,0.98,100.0,2.93,66.67,0.98,0.98,0.98,43.04,0.0,0.98,58.7,91.67,11.74,66.67,12.72,100.0,56.74,91.38,1.96,100.0,17.52,39.59,0.0,0.0,0.0,0.0,0.0,0.0,0.0,1.96,50.0,0.0,0.0,0.0,0.0,0.0,0.0,2.93,66.67,100.0,23.48,0,,0,,0,0.0,0.0,0.0,,,0.98,,0.98,0.0,0.0,0.0,0.0,0,0
O. MacIntyre,Oscar MacIntyre,-324209,Stenhousemuir,Stenhousemuir,https://cdn5.wyscout.com/photos/team/public/g1929_120x120.png,Championship,"LB, LWB",LB,87,LWB,12,,0,21.0,2004-12-21,0,2027-06-30,3,90,0,0.11,0,0.0,15.0,33.33,Scotland,['Scotland'],unknown,0,0,False,7.0,3.0,0.0,5.0,40.0,0.0,0.0,0.0,7.0,10.5,0.0,0,0.0,0,0.0,1.0,0.0,0,0.0,0.11,0,0.0,1,1.0,0.0,0.0,0.0,0.0,0.0,0.0,0.0,0.0,0.0,0.0,1.0,100.0,7.0,42.86,2.0,2.0,0.0,13.0,2.0,1.0,29.0,72.41,15.0,60.0,10.0,90.0,22.0,77.27,7.0,57.14,25.08,37.41,0.0,1.0,2.0,0.0,0.0,0.0,0.0,7.0,57.14,0.0,0.0,0.0,0.0,0.0,0.0,5.0,100.0,0.0,1.0,0,,0,,0,0.0,0.0,0.0,,,0.0,,5.0,1.0,0.0,0.0,0.0,0,0
S. Brown,Scott Brown,257986,Raith Rovers,Raith Rovers,https://cdn5.wyscout.com/photos/team/public/2653_120x120.png,Championship,"RDMF, DMF",RDMF,69,DMF,30,,0,31.0,1994-11-25,275000,2027-05-31,3,87,0,0.0,0,0.0,18.62,44.44,Scotland,['Scotland'],right,178,78,False,9.31,9.31,66.67,4.14,0.0,1.03,1.5,0.0,2.07,3.0,2.07,0,0.0,0,0.0,0.0,0.0,0,0.0,0.0,0,0.0,0,0.0,0.0,0.0,0.0,0.0,0.0,0.0,0.0,0.0,0.0,0.0,1.03,0.0,4.14,25.0,0.0,2.07,0.0,45.52,0.0,1.03,54.83,92.45,12.41,75.0,9.31,100.0,52.76,96.08,2.07,0.0,18.58,23.34,0.0,0.0,0.0,0.0,0.0,0.0,0.0,5.17,60.0,0.0,0.0,0.0,0.0,1.03,0.0,4.14,100.0,100.0,24.83,0,,0,,0,0.0,0.0,0.0,,,0.0,,4.14,0.0,0.0,0.0,0.0,0,0
J. Cooper,Josh Cooper,-267631,Dunfermline Athletic,Dunfermline Athletic,https://cdn5.wyscout.com/photos/team/public/1231_120x120.png,Championship,"CF, AMF, LW",CF,38,AMF,21,LW,20,23.0,2002-12-10,0,2028-05-31,4,85,1,0.49,0,0.17,28.59,66.67,Scotland,['Scotland'],,0,0,False,9.53,6.35,100.0,6.35,66.67,0.0,0.0,0.0,3.18,6.92,1.06,0,0.0,0,0.0,7.41,1.06,1,1.06,0.52,0,0.0,3,3.18,33.33,33.333,0.0,2.12,0.0,2.12,0.0,0.0,0.0,0.0,6.35,100.0,13.76,53.85,5.29,4.24,1.06,33.88,0.0,0.0,43.41,78.05,11.65,63.64,7.41,71.43,38.12,83.33,3.18,66.67,19.2,20.57,0.18,3.18,0.0,0.0,0.0,0.0,2.12,3.18,33.33,4.24,50.0,0.0,0.0,2.12,0.0,7.41,42.86,87.5,16.94,0,,0,,0,0.0,0.0,0.0,,,1.06,,6.35,0.0,0.0,0.0,2.12,0,0
J. Baird,Jack Baird,334374,Raith Rovers,Raith Rovers,https://cdn5.wyscout.com/photos/team/public/2653_120x120.png,Championship,RCB,RCB,100,,0,,0,30.0,1996-02-07,250000,2027-05-31,1,83,0,0.0,0,0.0,16.27,53.33,Scotland,['Scotland'],right,183,68,False,8.67,3.25,33.33,7.59,71.43,0.0,0.0,1.08,7.59,9.55,1.08,0,0.0,0,0.0,1.08,0.0,0,0.0,0.0,0,0.0,0,0.0,0.0,0.0,0.0,0.0,0.0,0.0,0.0,0.0,0.0,0.0,1.08,100.0,3.25,66.67,0.0,0.0,0.0,21.69,1.08,1.08,30.36,64.29,16.27,53.33,2.17,50.0,15.18,92.86,15.18,35.71,32.79,42.21,0.0,0.0,0.0,0.0,0.0,0.0,0.0,10.84,40.0,2.17,0.0,0.0,0.0,0.0,0.0,8.67,62.5,81.82,11.93,0,,0,,0,0.0,0.0,0.0,,,1.08,,7.59,0.0,0.0,0.0,0.0,0,0
Scott Tiffoney,Scott Tiffoney,435918,Raith Rovers,Raith Rovers,https://cdn5.wyscout.com/photos/team/public/2653_120x120.png,Championship,"RAMF, AMF, LAMF",RAMF,64,AMF,19,LAMF,15,28.0,1998-08-26,400000,2027-05-31,2,76,0,0.41000000000000003,0,0.0,14.21,58.33,Scotland,['Scotland'],right,176,70,True,7.11,4.74,75.0,0.0,0.0,0.0,0.0,0.0,3.55,6.43,1.18,0,0.0,0,0.0,7.11,0.0,0,0.0,0.48,0,0.0,2,2.37,100.0,0.0,0.0,5.92,40.0,2.37,50.0,2.37,50.0,2.37,2.37,100.0,7.11,50.0,3.55,5.92,2.37,21.32,0.0,1.18,28.42,70.83,4.74,50.0,9.47,87.5,22.5,78.95,0.0,0.0,16.05,0.0,0.0,0.0,0.0,0.0,0.0,0.0,0.0,2.37,50.0,3.55,33.33,0.0,0.0,0.0,1.18,2.37,100.0,80.0,5.92,0,,0,,0,0.0,0.0,0.0,,,1.18,,0.0,0.0,0.0,0.0,2.37,0,0
J. Tod,John Tod,-721816,Dunfermline Athletic,Dunfermline Athletic,https://cdn5.wyscout.com/photos/team/public/1231_120x120.png,Championship,RCB3,RCB3,100,,0,,0,19.0,2007-05-16,0,2027-05-31,1,75,0,0.0,0,0.0,9.6,50.0,Scotland,['Scotland'],,0,0,False,8.4,3.6,33.33,2.4,100.0,2.4,3.0,0.0,4.8,6.0,1.2,0,0.0,0,0.0,0.0,0.0,0,0.0,0.0,0,0.0,0,0.0,0.0,0.0,0.0,0.0,0.0,0.0,0.0,0.0,0.0,0.0,0.0,0.0,3.6,33.33,0.0,2.4,0.0,38.4,0.0,1.2,60.0,80.0,31.2,73.08,6.0,100.0,50.4,88.1,9.6,37.5,21.6,47.4,0.0,0.0,0.0,0.0,0.0,0.0,0.0,8.4,57.14,0.0,0.0,0.0,0.0,0.0,0.0,10.8,100.0,80.0,18.0,0,,0,,0,0.0,0.0,0.0,,,0.0,,2.4,0.0,0.0,0.0,0.0,0,0
Cammy Kerr,Cammy Kerr,296958,Livingston,Livingston,https://cdn5.wyscout.com/photos/team/public/1226_120x120.png,Championship,RB,RB,97,,0,,0,30.0,1995-09-10,325000,2027-05-31,2,72,0,0.0,0,0.15,8.75,28.57,Scotland,['Scotland'],right,178,69,False,5.0,2.5,0.0,3.75,33.33,0.0,0.0,0.0,5.0,10.0,2.5,0,0.0,0,0.0,6.25,0.0,0,0.0,0.0,0,0.0,0,0.0,0.0,0.0,0.0,8.75,71.43,0.0,0.0,8.75,71.43,0.0,0.0,0.0,2.5,50.0,0.0,2.5,0.0,35.0,1.25,1.25,50.0,77.5,17.5,71.43,12.5,90.0,33.75,85.19,10.0,62.5,18.12,19.29,0.18,1.25,0.0,0.0,0.0,0.0,1.25,6.25,80.0,6.25,60.0,0.0,0.0,0.0,3.75,13.75,63.64,70.0,12.5,0,,0,,0,0.0,0.0,0.0,,,0.0,,3.75,0.0,0.0,0.0,0.0,0,0
C. Smith,Callum Smith,449778,Queen's Park,Queen's Park,https://cdn5.wyscout.com/photos/team/public/g1937_120x120.png,Championship,CF,CF,100,,0,,0,26.0,1999-11-13,200000,,2,70,0,0.45,0,0.0,6.43,40.0,Scotland,['Scotland'],right,171,64,False,0.0,0.0,0.0,1.29,0.0,0.0,0.0,0.0,0.0,0.0,0.0,0,0.0,0,0.0,2.5700000000000003,0.0,0,0.0,0.58,0,0.0,3,3.86,66.67,0.0,0.0,0.0,0.0,0.0,0.0,0.0,0.0,0.0,0.0,0.0,5.14,50.0,3.86,0.0,0.0,24.43,6.43,1.29,21.86,76.47,1.29,100.0,9.0,85.71,19.29,80.0,2.5700000000000003,50.0,17.14,28.83,0.0,0.0,0.0,0.0,0.0,0.0,0.0,0.0,0.0,0.0,0.0,0.0,0.0,0.0,0.0,0.0,0.0,60.0,6.43,0,,0,,0,0.0,0.0,0.0,,,1.29,,1.29,0.0,0.0,0.0,0.0,0,0
J. Longridge,Jackson Longridge,241704,Greenock Morton,Greenock Morton,https://cdn5.wyscout.com/photos/team/public/1232_120x120.png,Championship,LB,LB,100,,0,,0,31.0,1995-04-12,50000,2027-05-31,1,70,0,0.0,0,0.05,12.86,50.0,Scotland,['Scotland'],left,183,79,False,18.0,6.43,60.0,1.29,100.0,1.29,1.25,0.0,12.86,12.5,2.5700000000000003,0,0.0,0,0.0,0.0,0.0,0,0.0,0.0,0,0.0,0,0.0,0.0,0.0,0.0,1.29,0.0,0.0,0.0,1.29,0.0,0.0,0.0,0.0,3.86,33.33,3.86,0.0,0.0,14.14,0.0,1.29,24.43,52.63,16.71,46.15,0.0,0.0,19.29,60.0,3.86,33.33,22.54,33.64,0.07,1.29,0.0,0.0,0.0,0.0,1.29,2.5700000000000003,50.0,0.0,0.0,0.0,0.0,2.5700000000000003,0.0,5.14,50.0,100.0,1.29,0,,0,,0,0.0,0.0,0.0,,,0.0,,1.29,0.0,0.0,0.0,0.0,0,0
J. Wilkie,Jack Wilkie,-214207,Livingston,Livingston,https://cdn5.wyscout.com/photos/team/public/1226_120x120.png,Championship,LB,LB,100,,0,,0,23.0,2002-12-20,0,,2,70,0,0.37,0,0.31,12.86,40.0,Scotland,['Scotland'],right,188,66,False,5.14,5.14,50.0,7.71,33.33,0.0,0.0,0.0,2.5700000000000003,5.0,1.29,0,0.0,0,0.0,2.5700000000000003,0.0,0,0.0,0.48,0,0.0,1,1.29,0.0,0.0,0.0,5.14,50.0,5.14,50.0,0.0,0.0,1.29,0.0,0.0,0.0,0.0,1.29,0.0,0.0,38.57,2.5700000000000003,0.0,42.43,69.7,18.0,50.0,9.0,100.0,27.0,85.71,10.29,37.5,19.92,40.61,0.39,2.5700000000000003,0.0,0.0,0.0,0.0,2.5700000000000003,10.29,50.0,6.43,40.0,0.0,0.0,0.0,2.5700000000000003,7.71,100.0,62.5,10.29,0,,0,,0,0.0,0.0,0.0,,,0.0,,7.71,1.29,0.0,0.0,0.0,0,0
Stevie May,Stevie May,110344,Livingston,Livingston,https://cdn5.wyscout.com/photos/team/public/1226_120x120.png,Championship,"LCMF3, LCMF",LCMF3,64,LCMF,30,,0,33.0,1992-11-03,250000,2027-05-31,3,68,0,0.21,1,0.23,11.91,55.56,Scotland,['Scotland'],right,178,67,False,5.29,6.62,60.0,0.0,0.0,0.0,0.0,0.0,1.32,2.5,1.32,0,0.0,0,0.0,2.65,0.0,0,0.0,0.28,0,0.0,1,1.32,0.0,0.0,1.32,2.65,50.0,2.65,50.0,0.0,0.0,0.0,1.32,100.0,3.9699999999999998,66.67,2.65,2.65,0.0,17.21,0.0,0.0,33.09,80.0,9.26,57.14,11.91,88.89,29.12,81.82,1.32,100.0,14.7,12.67,0.31,2.65,0.0,0.0,0.0,0.0,2.65,2.65,100.0,5.29,25.0,0.0,0.0,1.32,1.32,3.9699999999999998,100.0,75.0,5.29,0,,0,,0,0.0,0.0,0.0,,,0.0,,0.0,0.0,0.0,0.0,0.0,0,0
C. Logan,Cammy Logan,-82763,Partick Thistle,Partick Thistle,https://cdn5.wyscout.com/photos/team/public/1230_120x120.png,Championship,RB,RB,100,,0,,0,24.0,2002-01-28,0,2027-05-31,2,62,0,0.0,0,0.06,11.61,75.0,Scotland,['Scotland'],right,176,69,False,11.61,4.35,100.0,2.9,100.0,1.45,2.0,0.0,5.8100000000000005,8.0,0.0,0,0.0,0,0.0,5.8100000000000005,0.0,0,0.0,0.0,0,0.0,0,0.0,0.0,0.0,0.0,8.71,50.0,0.0,0.0,8.71,50.0,1.45,2.9,50.0,4.35,33.33,1.45,0.0,1.45,33.39,1.45,0.0,43.55,73.33,13.06,55.56,10.16,85.71,30.48,90.48,5.8100000000000005,25.0,9.95,16.25,0.09,1.45,0.0,0.0,0.0,0.0,1.45,2.9,100.0,8.71,50.0,0.0,0.0,0.0,4.35,8.71,66.67,72.73,15.97,0,,0,,0,0.0,0.0,0.0,,,0.0,,2.9,0.0,0.0,0.0,0.0,0,0
L. King,Leon King,-119324,Ayr United,Ayr United,https://cdn5.wyscout.com/photos/team/public/2928_120x120.png,Championship,RCB3,RCB3,100,,0,,0,22.0,2004-01-14,800000,2028-05-31,2,62,0,0.0,0,0.0,11.61,62.5,Scotland,['Scotland'],right,183,75,False,13.06,2.9,100.0,7.26,40.0,0.0,0.0,2.9,10.16,14.0,1.45,0,0.0,1,1.45,0.0,0.0,0,0.0,0.0,0,0.0,0,0.0,0.0,0.0,0.0,0.0,0.0,0.0,0.0,0.0,0.0,0.0,0.0,0.0,0.0,0.0,1.45,0.0,0.0,46.45,2.9,0.0,69.68,79.17,34.84,62.5,4.35,100.0,58.06,87.5,11.61,37.5,19.17,22.08,0.0,0.0,0.0,1.45,0.0,0.0,0.0,10.16,42.86,1.45,0.0,0.0,0.0,0.0,0.0,14.52,50.0,93.33,21.77,0,,0,,0,0.0,0.0,0.0,,,1.45,,7.26,0.0,0.0,0.0,0.0,0,0
E. Henderson,Euan Henderson,484683,Partick Thistle,Partick Thistle,https://cdn5.wyscout.com/photos/team/public/1230_120x120.png,Championship,"LW, LWF",LW,55,LWF,44,,0,26.0,2000-06-29,150000,2028-05-31,2,55,0,0.11,0,0.68,16.36,60.0,Scotland,['Scotland'],right,175,75,False,4.91,1.6400000000000001,100.0,0.0,0.0,0.0,0.0,0.0,3.27,5.0,0.0,0,0.0,0,0.0,6.55,0.0,0,0.0,0.18,0,0.0,1,1.6400000000000001,100.0,0.0,0.0,3.27,50.0,3.27,50.0,0.0,0.0,0.0,8.18,40.0,14.73,55.56,3.27,6.55,1.6400000000000001,44.18,3.27,3.27,54.0,84.85,16.36,70.0,16.36,90.0,49.09,90.0,1.6400000000000001,0.0,13.65,14.28,1.11,6.55,0.0,0.0,0.0,0.0,1.6400000000000001,6.55,75.0,1.6400000000000001,0.0,0.0,0.0,0.0,1.6400000000000001,3.27,100.0,83.33,9.82,0,,0,,0,0.0,0.0,0.0,,,0.0,,0.0,1.6400000000000001,0.0,0.0,1.6400000000000001,0,0
S. Robinson,Scott Robinson,31541,Arbroath,Arbroath,https://cdn5.wyscout.com/photos/team/public/4269_120x120.png,Championship,"AMF, CF",AMF,52,CF,47,,0,34.0,1992-03-11,150000,2027-05-31,2,55,0,0.33,0,0.0,16.36,40.0,Scotland,['Scotland'],right,168,68,False,3.27,0.0,0.0,11.45,57.14,0.0,0.0,0.0,3.27,6.0,0.0,0,0.0,0,0.0,1.6400000000000001,0.0,0,0.0,0.54,0,0.0,1,1.6400000000000001,100.0,0.0,0.0,1.6400000000000001,0.0,0.0,0.0,1.6400000000000001,0.0,0.0,0.0,0.0,3.27,0.0,3.27,0.0,0.0,16.36,6.55,0.0,16.36,80.0,6.55,50.0,1.6400000000000001,100.0,14.73,88.89,0.0,0.0,8.29,0.0,0.0,0.0,0.0,0.0,0.0,0.0,0.0,0.0,0.0,3.27,50.0,0.0,0.0,0.0,0.0,0.0,0.0,100.0,1.6400000000000001,0,,0,,0,0.0,0.0,0.0,,,0.0,,11.45,0.0,0.0,0.0,0.0,0,0
K. Smith,Kerr Smith,-223727,Inverness CT,Inverness CT,https://cdn5.wyscout.com/photos/team/public/304_120x120.png,Championship,RB,RB,100,,0,,0,21.0,2004-12-12,150000,2027-05-31,2,52,0,0.0,0,0.0,8.65,80.0,Scotland,['Scotland'],right,183,75,False,3.46,0.0,0.0,3.46,50.0,0.0,0.0,0.0,3.46,6.67,0.0,0,0.0,0,0.0,1.73,0.0,0,0.0,0.0,0,0.0,0,0.0,0.0,0.0,0.0,0.0,0.0,0.0,0.0,0.0,0.0,0.0,1.73,100.0,5.19,100.0,0.0,0.0,0.0,65.77,0.0,1.73,83.08,91.67,31.15,83.33,17.31,100.0,79.62,95.65,3.46,0.0,18.66,23.87,0.0,0.0,0.0,0.0,0.0,0.0,0.0,10.38,83.33,0.0,0.0,0.0,0.0,0.0,0.0,15.58,66.67,93.33,25.96,0,,0,,0,0.0,0.0,0.0,,,0.0,,3.46,0.0,0.0,0.0,0.0,0,0
M. Carse,MacKenzie Carse,-119166,,Greenock Morton,,,"RCMF3, LCMF, LDMF",RCMF3,52,LCMF,33,LDMF,13,22.0,2004-02-29,0,,2,49,0,0.0,0,0.0,7.35,50.0,Scotland,['Scotland'],right,0,0,False,7.35,5.51,66.67,1.8399999999999999,0.0,0.0,0.0,3.67,3.67,7.5,1.8399999999999999,0,0.0,0,0.0,0.0,0.0,0,0.0,0.0,0,0.0,0,0.0,0.0,0.0,0.0,0.0,0.0,0.0,0.0,0.0,0.0,0.0,0.0,0.0,0.0,0.0,0.0,0.0,0.0,1.8399999999999999,0.0,0.0,7.35,75.0,3.67,50.0,3.67,100.0,5.51,100.0,1.8399999999999999,0.0,13.8,16.82,0.0,0.0,0.0,0.0,0.0,0.0,0.0,1.8399999999999999,0.0,0.0,0.0,0.0,0.0,0.0,0.0,0.0,0.0,0.0,0.0,0,,0,,0,0.0,0.0,0.0,,,0.0,,1.8399999999999999,0.0,0.0,0.0,0.0,0,0
M. Aitken,Matthew Aitken,442603,Stenhousemuir,Stenhousemuir,https://cdn5.wyscout.com/photos/team/public/g1929_120x120.png,Championship,CF,CF,100,,0,,0,29.0,1997-07-19,0,2027-05-31,2,48,0,0.03,0,0.0,22.5,25.0,Scotland,['Scotland'],,0,0,False,3.75,0.0,0.0,13.13,14.29,0.0,0.0,0.0,3.75,4.29,1.88,0,0.0,0,0.0,1.88,0.0,0,0.0,0.06,0,0.0,1,1.88,100.0,0.0,0.0,0.0,0.0,0.0,0.0,0.0,0.0,0.0,0.0,0.0,7.5,25.0,1.88,0.0,0.0,11.25,3.75,3.75,15.0,87.5,5.63,100.0,1.88,100.0,15.0,87.5,0.0,0.0,13.96,0.0,0.0,0.0,1.88,0.0,0.0,0.0,0.0,3.75,100.0,0.0,0.0,0.0,0.0,0.0,0.0,3.75,100.0,0.0,0.0,0,,0,,0,0.0,0.0,0.0,,,0.0,,13.13,0.0,0.0,0.0,0.0,0,0
B. Dempsey,Ben Dempsey,-83323,Partick Thistle,Partick Thistle,https://cdn5.wyscout.com/photos/team/public/1230_120x120.png,Championship,"RCMF3, DMF",RCMF3,52,DMF,47,,0,26.0,1999-11-25,275000,,2,46,0,0.0,0,0.0,21.52,54.55,England,['England'],right,179,70,False,7.83,7.83,25.0,9.78,60.0,0.0,0.0,0.0,5.87,12.86,5.87,0,0.0,0,0.0,0.0,0.0,0,0.0,0.0,0,0.0,0,0.0,0.0,0.0,0.0,1.96,0.0,0.0,0.0,1.96,0.0,0.0,0.0,0.0,1.96,100.0,3.91,0.0,0.0,33.26,1.96,3.91,45.0,69.57,17.61,77.78,5.87,66.67,39.13,80.0,3.91,0.0,18.06,12.07,0.0,0.0,0.0,0.0,0.0,0.0,0.0,9.78,80.0,3.91,50.0,0.0,0.0,1.96,0.0,5.87,66.67,83.33,11.74,0,,0,,0,0.0,0.0,0.0,,,0.0,,9.78,0.0,0.0,0.0,0.0,0,0
D. Mackay,Daniel Mackay,509266,Inverness CT,Inverness CT,https://cdn5.wyscout.com/photos/team/public/304_120x120.png,Championship,"LWF, LAMF",LWF,62,LAMF,37,,0,25.0,2001-04-20,300000,,2,43,0,0.0,0,0.0,,,Scotland,['Scotland'],right,174,69,False,,,,,,,0.0,,,20.0,,0,,0,,,,0,,,0,,0,,,0.0,,,,,,,,,,,,,,,,,,,,,,,,,,,,,13.52,0.0,,,,,,,,,,,,,,,,,,,,0,,0,,0,0.0,0.0,,,,,,,,,,,0,0
T. Hatton,Thomas Hatton,-372162,Ayr United,Ayr United,https://cdn5.wyscout.com/photos/team/public/2928_120x120.png,Championship,"LAMF, RW",LAMF,60,RW,39,,0,20.0,2006-08-02,0,,2,41,0,0.0,0,0.05,,,Scotland,['Scotland'],,0,0,True,,,,,,,0.0,,,2.31,,0,,0,,,,0,,,0,,1,,,0.0,,,,,,,,,,,,,,,,,,,,,,,,,,,,,23.04,13.14,,,,,,,,,,,,,,,,,,,,0,,0,,0,0.0,0.0,,,,,,,,,,,0,0
G. Buchanan,Gregor Buchanan,254599,Stenhousemuir,Stenhousemuir,https://cdn5.wyscout.com/photos/team/public/g1929_120x120.png,Championship,LCB,LCB,100,,0,,0,36.0,1990-03-31,0,2027-05-31,2,35,1,0.41000000000000003,0,0.0,,,Scotland,['Scotland'],right,191,76,False,,,,,,,0.0,,,12.0,,0,,0,,,,1,,,0,,3,,,33.333,,,,,,,,,,,,,,,,,,,,,,,,,,,,,36.41,29.34,,,,,,,,,,,,,,,,,,,,0,,0,,0,0.0,0.0,,,,,,,,,,,0,0
C. Daly,Cormac Daly,-376197,Arbroath,Arbroath,https://cdn5.wyscout.com/photos/team/public/4269_120x120.png,Championship,"RAMF, LAMF",RAMF,65,LAMF,34,,0,19.0,2007-03-17,0,2028-05-31,2,35,0,0.0,0,0.0,,,Scotland,['Scotland'],,0,0,True,,,,,,,0.0,,,7.5,,0,,0,,,,0,,,0,,0,,,0.0,,,,,,,,,,,,,,,,,,,,,,,,,,,,,16.23,0.0,,,,,,,,,,,,,,,,,,,,0,,0,,0,0.0,0.0,,,,,,,,,,,0,0
G. Savoury,Grant Savoury,460425,Greenock Morton,Greenock Morton,https://cdn5.wyscout.com/photos/team/public/1232_120x120.png,Championship,"AMF, LDMF",AMF,71,LDMF,28,,0,26.0,2000-07-07,275000,,2,34,0,0.0,0,0.0,,,Scotland,['Scotland'],,0,0,False,,,,,,,0.0,,,0.0,,0,,0,,,,0,,,0,,0,,,0.0,,,,,,,,,,,,,,,,,,,,,,,,,,,,,13.02,0.0,,,,,,,,,,,,,,,,,,,,0,,0,,0,0.0,0.0,,,,,,,,,,,0,0
T. Beadling,Tom Beadling,393690,Arbroath,Arbroath,https://cdn5.wyscout.com/photos/team/public/4269_120x120.png,Championship,"LDMF, RDMF",LDMF,65,RDMF,34,,0,30.0,1996-01-16,300000,2027-05-31,2,34,0,0.0,0,0.0,,,England,"['England', 'Australia']",right,186,75,False,,,,,,,0.0,,,0.0,,0,,0,,,,0,,,0,,0,,,0.0,,,,,,,,,,,,,,,,,,,,,,,,,,,,,29.98,34.09,,,,,,,,,,,,,,,,,,,,0,,0,,0,0.0,0.0,,,,,,,,,,,0,0
A. Greenock,Aaron Greenock,-860158,,Greenock Morton,,,"RAMF, RWB",RAMF,61,RWB,38,,0,18.0,2008-01-01,0,,2,32,0,0.0,0,0.0,,,Scotland,['Scotland'],unknown,0,0,False,,,,,,,0.0,,,10.0,,0,,0,,,,0,,,0,,0,,,0.0,,,,,,,,,,,,,,,,,,,,,,,,,,,,,14.3,12.15,,,,,,,,,,,,,,,,,,,,0,,0,,0,0.0,0.0,,,,,,,,,,,0,0
L. Longstaff,Luis Longstaff,459357,Inverness CT,Inverness CT,https://cdn5.wyscout.com/photos/team/public/304_120x120.png,Championship,"LAMF, LB",LAMF,77,LB,22,,0,25.0,2001-02-24,150000,2027-05-31,3,31,0,0.0,0,0.18,,,England,['England'],left,167,60,False,,,,,,,0.0,,,15.0,,0,,0,,,,0,,,0,,0,,,0.0,,,,,,,,,,,,,,,,,,,,,,,,,,,,,21.39,7.0,,,,,,,,,,,,,,,,,,,,0,,0,,0,0.0,0.0,,,,,,,,,,,0,0
O. Fisher,Oliver  Fisher,-858794,Queen's Park,Queen's Park,https://cdn5.wyscout.com/photos/team/public/g1937_120x120.png,Championship,LCB3,LCB3,100,,0,,0,19.0,2007-04-14,0,,1,25,0,0.0,0,0.0,,,Scotland,['Scotland'],unknown,0,0,False,,,,,,,0.0,,,0.0,,0,,0,,,,0,,,0,,0,,,0.0,,,,,,,,,,,,,,,,,,,,,,,,,,,,,20.78,42.24,,,,,,,,,,,,,,,,,,,,0,,0,,0,0.0,0.0,,,,,,,,,,,0,0
Z. lawson,Zebedee lawson,-656141,Queen's Park,Queen's Park,https://cdn5.wyscout.com/photos/team/public/g1937_120x120.png,Championship,"RW, RAMF",RW,64,RAMF,35,,0,17.0,2008-11-11,0,,2,25,0,0.0,0,0.0,,,England,['England'],unknown,0,0,False,,,,,,,0.0,,,0.0,,0,,0,,,,0,,,0,,0,,,0.0,,,,,,,,,,,,,,,,,,,,,,,,,,,,,14.87,0.0,,,,,,,,,,,,,,,,,,,,0,,0,,0,0.0,0.0,,,,,,,,,,,0,0
K. Turner,Kyle Turner,419731,Raith Rovers,Raith Rovers,https://cdn5.wyscout.com/photos/team/public/2653_120x120.png,Championship,LDMF,LDMF,100,,0,,0,28.0,1997-11-10,375000,2028-05-31,2,25,0,0.04,0,0.0,,,Scotland,['Scotland'],right,176,64,False,,,,,,,0.0,,,0.0,,0,,0,,,,0,,,0,,1,,,0.0,,,,,,,,,,,,,,,,,,,,,,,,,,,,,18.66,28.66,,,,,,,,,,,,,,,,,,,,0,,0,,0,0.0,0.0,,,,,,,,,,,0,0
M. Falconer,Matthew Falconer,-667036,Partick Thistle U18,Partick Thistle,https://cdn5.wyscout.com/photos/team/public/g-9399_120x120.png,,RB,RB,100,,0,,0,19.0,2007-01-01,0,,1,22,0,0.0,0,0.0,,,Scotland,['Scotland'],,0,0,False,,,,,,,0.0,,,20.0,,0,,0,,,,0,,,0,,0,,,0.0,,,,,,,,,,,,,,,,,,,,,,,,,,,,,26.61,52.79,,,,,,,,,,,,,,,,,,,,0,,0,,0,0.0,0.0,,,,,,,,,,,0,0
M. Keir,Miller  Keir,-858838,Inverness CT,Inverness CT,https://cdn5.wyscout.com/photos/team/public/304_120x120.png,Championship,"CF, AMF",CF,71,AMF,28,,0,19.0,2006-11-18,0,,2,21,0,0.0,0,0.0,,,Scotland,['Scotland'],unknown,0,0,False,,,,,,,0.0,,,0.0,,0,,0,,,,0,,,0,,0,,,0.0,,,,,,,,,,,,,,,,,,,,,,,,,,,,,8.99,0.0,,,,,,,,,,,,,,,,,,,,0,,0,,0,0.0,0.0,,,,,,,,,,,0,0
K. Robertson,Kerr Robertson,-293256,Greenock Morton,Greenock Morton,https://cdn5.wyscout.com/photos/team/public/1232_120x120.png,Championship,RDMF,RDMF,100,,0,,0,20.0,2006-03-19,0,2027-05-31,1,18,0,0.0,0,0.0,,,Scotland,['Scotland'],,0,0,False,,,,,,,0.0,,,0.0,,1,,0,,,,0,,,0,,0,,,0.0,,,,,,,,,,,,,,,,,,,,,,,,,,,,,23.08,51.08,,,,,,,,,,,,,,,,,,,,0,,0,,0,0.0,0.0,,,,,,,,,,,0,0
Z. Mauchin,Zach Mauchin,-267608,Queen's Park,Queen's Park,https://cdn5.wyscout.com/photos/team/public/g1937_120x120.png,Championship,LWB,LWB,100,,0,,0,21.0,2005-01-01,0,2027-05-31,1,18,0,0.0,0,0.0,,,Scotland,['Scotland'],right,0,0,False,,,,,,,0.0,,,20.0,,0,,0,,,,0,,,0,,0,,,0.0,,,,,,,,,,,,,,,,,,,,,,,,,,,,,35.74,35.74,,,,,,,,,,,,,,,,,,,,0,,0,,0,0.0,0.0,,,,,,,,,,,0,0
S. Want,Shaun Want,441689,Ayr United,Ayr United,https://cdn5.wyscout.com/photos/team/public/2928_120x120.png,Championship,LWB,LWB,100,,0,,0,29.0,1997-02-09,75000,2027-05-31,1,17,0,0.0,0,0.0,,,Scotland,['Scotland'],right,188,74,False,,,,,,,0.0,,,0.0,,0,,0,,,,0,,,0,,0,,,0.0,,,,,,,,,,,,,,,,,,,,,,,,,,,,,21.6,40.31,,,,,,,,,,,,,,,,,,,,0,,0,,0,0.0,0.0,,,,,,,,,,,0,0
Andrew Shinnie,Andrew Shinnie,12952,Stenhousemuir,Stenhousemuir,https://cdn5.wyscout.com/photos/team/public/g1929_120x120.png,Championship,AMF,AMF,100,,0,,0,37.0,1989-07-17,150000,,1,17,0,0.0,0,0.0,,,Scotland,['Scotland'],right,181,70,False,,,,,,,0.0,,,10.0,,0,,0,,,,0,,,0,,0,,,0.0,,,,,,,,,,,,,,,,,,,,,,,,,,,,,15.08,0.0,,,,,,,,,,,,,,,,,,,,0,,0,,0,0.0,0.0,,,,,,,,,,,0,0
S. Culbert,Sam Culbert,-557454,Livingston,Livingston,https://cdn5.wyscout.com/photos/team/public/1226_120x120.png,Championship,"LDMF, RCMF",LDMF,88,RCMF,11,,0,20.0,2006-05-04,0,2029-05-31,2,17,0,0.0,0,0.0,,,Scotland,['Scotland'],,0,0,False,,,,,,,0.0,,,60.0,,0,,0,,,,0,,,0,,0,,,0.0,,,,,,,,,,,,,,,,,,,,,,,,,,,,,8.82,16.53,,,,,,,,,,,,,,,,,,,,0,,0,,0,0.0,0.0,,,,,,,,,,,0,0
B. Paterson,Brody Paterson,509548,Arbroath,Arbroath,https://cdn5.wyscout.com/photos/team/public/4269_120x120.png,Championship,LB,LB,100,,0,,0,25.0,2001-04-24,0,2027-05-31,1,16,0,0.0,0,0.0,,,Scotland,['Scotland'],left,178,66,False,,,,,,,0.0,,,15.0,,0,,0,,,,0,,,0,,0,,,0.0,,,,,,,,,,,,,,,,,,,,,,,,,,,,,21.67,46.25,,,,,,,,,,,,,,,,,,,,0,,0,,0,0.0,0.0,,,,,,,,,,,0,0
R. MacGregor,Roddy MacGregor,-100247,Inverness CT,Inverness CT,https://cdn5.wyscout.com/photos/team/public/304_120x120.png,Championship,RDMF,RDMF,100,,0,,0,24.0,2001-12-21,200000,2028-06-30,1,15,0,0.0,0,0.0,,,Scotland,['Scotland'],left,183,64,False,,,,,,,0.0,,,10.0,,0,,0,,,,0,,,0,,0,,,0.0,,,,,,,,,,,,,,,,,,,,,,,,,,,,,11.64,0.0,,,,,,,,,,,,,,,,,,,,0,,0,,0,0.0,0.0,,,,,,,,,,,0,0
J. Douglas,Jamie Douglas,139104,,Ayr United,,,RAMF,RAMF,93,,0,,0,34.0,1992-07-04,0,,1,15,0,0.0,0,0.0,,,Northern Ireland,['Northern Ireland'],left,188,0,False,,,,,,,0.0,,,0.0,,0,,0,,,,0,,,0,,0,,,0.0,,,,,,,,,,,,,,,,,,,,,,,,,,,,,28.54,90.59,,,,,,,,,,,,,,,,,,,,0,,0,,0,0.0,0.0,,,,,,,,,,,0,0
K. Shanks,Kieran  Shanks,-353307,Ayr United,Ayr United,https://cdn5.wyscout.com/photos/team/public/2928_120x120.png,Championship,CF,CF,100,,0,,0,24.0,2002-04-30,0,2029-05-31,1,14,0,0.0,0,0.0,,,Scotland,['Scotland'],right,0,0,False,,,,,,,0.0,,,7.5,,0,,0,,,,0,,,0,,0,,,0.0,,,,,,,,,,,,,,,,,,,,,,,,,,,,,9.94,0.0,,,,,,,,,,,,,,,,,,,,0,,0,,0,0.0,0.0,,,,,,,,,,,0,0
J. O'Toole,Joey  O'Toole,-858603,Greenock Morton,Greenock Morton,https://cdn5.wyscout.com/photos/team/public/1232_120x120.png,Championship,CF,CF,100,,0,,0,,,0,,1,12,0,0.0,0,0.06,,,Jersey,['Jersey'],unknown,0,0,False,,,,,,,0.0,,,0.0,,0,,0,,,,0,,,0,,0,,,0.0,,,,,,,,,,,,,,,,,,,,,,,,,,,,,5.7,0.0,,,,,,,,,,,,,,,,,,,,0,,0,,0,0.0,0.0,,,,,,,,,,,0,0
L. Gibson,Lewis Gibson,-357325,Airdrieonians,Raith Rovers,https://cdn5.wyscout.com/photos/team/public/1228_120x120.png,League One,LAMF,LAMF,100,,0,,0,21.0,2005-07-25,0,2027-05-31,1,11,0,0.0,0,0.0,,,Scotland,['Scotland'],unknown,0,0,False,,,,,,,0.0,,,0.0,,0,,0,,,,0,,,0,,0,,,0.0,,,,,,,,,,,,,,,,,,,,,,,,,,,,,24.95,55.64,,,,,,,,,,,,,,,,,,,,0,,0,,0,0.0,0.0,,,,,,,,,,,0,0
S. Bashir,Sahil Bashir,-363564,Huddersfield Town U21,Greenock Morton,https://cdn5.wyscout.com/photos/team/public/g25576_120x120.png,Professional Development League,LAMF,LAMF,100,,0,,0,20.0,2006-01-26,0,,1,7,0,0.0,0,0.0,,,England,"['England', 'Pakistan']",right,0,0,False,,,,,,,0.0,,,0.0,,0,,0,,,,0,,,0,,0,,,0.0,,,,,,,,,,,,,,,,,,,,,,,,,,,,,12.92,0.0,,,,,,,,,,,,,,,,,,,,0,,0,,0,0.0,0.0,,,,,,,,,,,0,0
j. Douglas,Jamie Douglas,-881300,Ayr United,Ayr United,https://cdn5.wyscout.com/photos/team/public/2928_120x120.png,Championship,CF,CF,100,,0,,0,16.0,2010-02-03,0,,1,4,0,0.0,0,0.0,,,Scotland,['Scotland'],,0,0,False,,,,,,,0.0,,,30.0,,0,,0,,,,0,,,0,,0,,,0.0,,,,,,,,,,,,,,,,,,,,,,,,,,,,,0.0,0.0,,,,,,,,,,,,,,,,,,,,0,,0,,0,0.0,0.0,,,,,,,,,,,0,0
C. Beattie,Calvin Beattie,-724960,Arbroath,Arbroath,https://cdn5.wyscout.com/photos/team/public/4269_120x120.png,Championship,AMF,AMF,100,,0,,0,18.0,2008-03-12,0,,1,3,0,0.0,0,0.0,,,Scotland,['Scotland'],unknown,0,0,False,,,,,,,0.0,,,0.0,,0,,0,,,,0,,,0,,0,,,0.0,,,,,,,,,,,,,,,,,,,,,,,,,,,,,12.64,0.0,,,,,,,,,,,,,,,,,,,,0,,0,,0,0.0,0.0,,,,,,,,,,,0,0
J. Hislop,Jamie Hislop,-524666,,Ayr United,,,LCMF3,LCMF3,100,,0,,0,18.0,2008-07-15,0,,1,2,0,0.0,0,0.0,,,Scotland,['Scotland'],unknown,0,0,False,,,,,,,0.0,,,0.0,,0,,0,,,,0,,,0,,0,,,0.0,,,,,,,,,,,,,,,,,,,,,,,,,,,,,0.0,0.0,,,,,,,,,,,,,,,,,,,,0,,0,,0,0.0,0.0,,,,,,,,,,,0,0
