Player,Full name,Wyscout id,Team,Team within selected timeframe,Team logo,Competition,Position,Primary position,"Primary position, %",Secondary position,"Secondary position, %",Third position,"Third position, %",Age,Birthday,Market value,Contract expires,Matches played,Minutes played,Goals,xG,Assists,xA,Duels per 90,"Duels won, %",Birth country,Passport country,Foot,Height,Weight,On loan,Successful defensive actions per 90,Defensive duels per 90,"Defensive duels won, %",Aerial duels per 90,"Aerial duels won, %",Sliding tackles per 90,PAdj Sliding tackles,Shots blocked per 90,Interceptions per 90,PAdj Interceptions,Fouls per 90,Yellow cards,Yellow cards per 90,Red cards,Red cards per 90,Successful attacking actions per 90,Goals per 90,Non-penalty goals,Non-penalty goals per 90,xG per 90,Head goals,Head goals per 90,Shots,Shots per 90,"Shots on target, %","Goal conversion, %",Assists per 90,Crosses per 90,"Accurate crosses, %",Crosses from left flank per 90,"Accurate crosses from left flank, %",Crosses from right flank per 90,"Accurate crosses from right flank, %",Crosses to goalie box per 90,Dribbles per 90,"Successful dribbles, %",Offensive duels per 90,"Offensive duels won, %",Touches in box per 90,Progressive runs per 90,Accelerations per 90,Received passes per 90,Received long passes per 90,Fouls suffered per 90,Passes per 90,"Accurate passes, %",Forward passes per 90,"Accurate forward passes, %",Back passes per 90,"Accurate back passes, %",Short / medium passes per 90,"Accurate short / medium passes, %",Long passes per 90,"Accurate long passes, %","Average pass length, m","Average long pass length, m",xA per 90,Shot assists per 90,Second assists per 90,Third assists per 90,Smart passes per 90,"Accurate smart passes, %",Key passes per 90,Passes to final third per 90,"Accurate passes to final third, %",Passes to penalty area per 90,"Accurate passes to penalty area, %",Through passes per 90,"Accurate through passes, %",Deep completions per 90,Deep completed crosses per 90,Progressive passes per 90,"Accurate progressive passes, %","Accurate vertical passes, %",Vertical passes per 90,Conceded goals,Conceded goals per 90,Shots against,Shots against per 90,Clean sheets,"Save rate, %",xG against,xG against per 90,Prevented goals,Prevented goals per 90,Back passes received as GK per 90,Exits per 90,Aerial duels per 90,Free kicks per 90,Direct free kicks per 90,"Direct free kicks on target, %",Corners per 90,Penalties taken,"Penalty conversion, %"
A. Hadzimujović,Ahmed  Hadzimujović,-570804,Novi Pazar,Novi Pazar,https://cdn5.wyscout.com/photos/team/public/3838_120x120.png,Super Liga,RCB,RCB,97,,0,,0,19,2007-08-17,0,2027-06-30,7,679,0,0.26,0,0.47000000000000003,6.89,55.77,Serbia,['Serbia'],,0,0,False,7.95,2.92,59.09,2.52,52.63,0.13,0.2,0.8,6.1,9.39,0.8,2,0.27,0,0.0,0.27,0.0,0,0.0,0.03,0,0.0,3,0.4,33.33,0.0,0.0,0.0,0.0,0.0,0.0,0.0,0.0,0.0,0.13,100.0,0.4,100.0,0.4,0.93,0.13,32.74,0.4,0.27,45.6,87.21,17.63,72.18,2.92,100.0,36.45,93.82,9.15,60.87,26.31,42.96,0.06,0.8,0.0,0.0,0.0,0.0,0.27,7.82,66.1,0.8,50.0,0.0,0.0,0.4,0.0,10.34,83.33,95.86,22.4,0,,0,,0,0.0,0.0,0.0,,,2.12,,2.52,0.13,0.0,0.0,0.0,0,0
J. Marinković,Jovan Marinković,478285,Novi Pazar,Novi Pazar,https://cdn5.wyscout.com/photos/team/public/3838_120x120.png,Super Liga,LCB,LCB,97,,0,,0,29,1996-09-12,250000,2027-06-30,7,679,0,0.46,0,0.0,9.28,45.71,Serbia,['Serbia'],right,186,82,False,6.89,2.92,50.0,4.37,42.42,0.0,0.0,0.66,5.43,8.37,1.19,3,0.4,0,0.0,0.13,0.0,0,0.0,0.06,0,0.0,3,0.4,0.0,0.0,0.0,0.0,0.0,0.0,0.0,0.0,0.0,0.0,0.13,100.0,1.06,37.5,0.8,0.8,0.0,29.96,0.27,0.4,45.73,86.67,18.16,72.26,2.92,95.45,39.9,92.69,5.83,45.45,22.54,46.99,0.0,0.0,0.0,0.0,0.0,0.0,0.0,3.58,55.56,0.66,40.0,0.0,0.0,0.27,0.0,7.42,64.29,97.39,20.28,0,,0,,0,0.0,0.0,0.0,,,1.8599999999999999,,4.37,0.0,0.0,0.0,0.0,0,0
V. Novicic,Vasilije  Novicic,-484281,IMT Novi Beograd,IMT Novi Beograd,https://cdn5.wyscout.com/photos/team/public/g30905_120x120.png,Super Liga,"RCMF, RDMF, LDMF",RCMF,54,RDMF,25,LDMF,12,18,2008-05-07,0,,7,679,1,1.7000000000000002,2,1.03,9.68,61.64,Serbia,['Serbia'],unknown,0,0,False,5.57,3.84,65.52,4.11,67.74,0.0,0.0,0.4,3.05,4.63,0.93,1,0.13,0,0.0,0.8,0.13,0,0.0,0.23,0,0.0,8,1.06,50.0,12.5,0.27,0.66,40.0,0.27,50.0,0.4,33.33,0.13,0.0,0.0,1.46,45.45,0.0,0.27,0.13,27.04,0.13,0.66,39.63,85.95,14.05,75.47,5.17,94.87,35.26,88.35,3.71,71.43,19.63,36.72,0.14,1.46,0.0,0.0,0.0,0.0,0.27,6.1,78.26,1.06,37.5,0.0,0.0,0.53,0.27,7.29,85.45,92.37,15.64,0,,0,,0,0.0,0.0,0.0,,,1.19,,4.11,2.25,0.53,25.0,4.9,2,50
O. Čančarević,Ognjen Čančarević,136154,IMT Novi Beograd,IMT Novi Beograd,https://cdn5.wyscout.com/photos/team/public/g30905_120x120.png,Super Liga,GK,GK,100,,0,,0,36,1989-09-25,200000,,7,679,0,0.0,0,0.0,0.27,100.0,Armenia,"['Armenia', 'Serbia']",left,187,87,False,0.0,0.0,0.0,0.13,100.0,0.0,0.0,0.0,0.0,0.0,0.0,0,0.0,0,0.0,0.0,0.0,0,0.0,0.0,0,0.0,0,0.0,0.0,0.0,0.0,0.0,0.0,0.0,0.0,0.0,0.0,0.0,0.0,0.0,0.13,100.0,0.0,0.0,0.0,20.28,0.66,0.27,29.16,71.82,17.89,58.52,0.13,100.0,14.85,98.21,14.18,44.86,38.18,52.52,0.0,0.0,0.13,0.0,0.0,0.0,0.0,5.43,39.02,0.8,0.0,0.0,0.0,0.0,0.0,7.69,67.24,93.83,10.74,4,0.53,18,2.39,4,77.78,4.51,0.6000000000000001,0.51,0.068,0.13,1.19,0.13,,,,0.0,0,0
Iván Martos,Iván Martos Campillo,429080,IMT Novi Beograd,IMT Novi Beograd,https://cdn5.wyscout.com/photos/team/public/g30905_120x120.png,Super Liga,LB,LB,95,,0,,0,29,1997-05-15,400000,,7,679,1,0.64,0,0.51,10.87,48.78,Spain,['Spain'],left,183,68,False,7.16,5.7,32.56,1.99,60.0,0.27,0.4,0.27,5.04,7.65,1.5899999999999999,2,0.27,0,0.0,0.8,0.13,1,0.13,0.08,1,0.13,4,0.53,25.0,25.0,0.0,1.72,30.77,1.72,30.77,0.0,0.0,0.27,0.13,100.0,1.99,80.0,0.66,0.53,0.0,25.98,1.8599999999999999,1.8599999999999999,36.05,75.74,12.33,63.44,5.96,97.78,28.76,83.41,5.57,50.0,21.89,42.23,0.07,0.4,0.0,0.0,0.0,0.0,0.27,5.7,60.47,3.31,36.0,0.13,100.0,0.8,0.53,8.22,75.81,80.0,13.25,0,,0,,0,0.0,0.0,0.0,,,1.19,,1.99,0.0,0.0,0.0,0.13,0,0
M. Sissako,Moussa Sissako,506161,IMT Novi Beograd,IMT Novi Beograd,https://cdn5.wyscout.com/photos/team/public/g30905_120x120.png,Super Liga,RCB,RCB,95,,0,,0,25,2000-11-10,400000,2027-06-30,7,679,0,0.32,0,0.0,9.54,62.5,France,"['France', 'Mali']",right,188,82,False,7.82,3.18,66.67,3.58,70.37,0.13,0.2,0.8,5.57,8.46,0.66,0,0.0,0,0.0,0.13,0.0,0,0.0,0.04,0,0.0,2,0.27,0.0,0.0,0.0,0.0,0.0,0.0,0.0,0.0,0.0,0.0,0.13,100.0,1.33,40.0,0.4,0.66,0.0,32.87,0.53,1.06,48.25,88.46,15.64,75.42,3.98,96.67,43.48,92.07,4.77,55.56,22.56,42.19,0.0,0.0,0.0,0.0,0.0,0.0,0.0,5.3,72.5,0.27,0.0,0.0,0.0,0.0,0.0,7.42,76.79,94.48,23.99,0,,0,,0,0.0,0.0,0.0,,,2.65,,3.58,0.0,0.0,0.0,0.0,0,0
A. Miljković,Aleksandar Miljković,46468,Novi Pazar,Novi Pazar,https://cdn5.wyscout.com/photos/team/public/3838_120x120.png,Super Liga,RB,RB,97,,0,,0,36,1990-02-26,175000,2027-06-30,7,678,0,1.48,0,0.38,7.7,56.9,Serbia,['Serbia'],right,184,77,False,6.9,4.12,48.39,2.26,70.59,0.13,0.2,0.4,4.78,7.35,1.46,1,0.13,0,0.0,0.4,0.0,0,0.0,0.2,0,0.0,6,0.8,33.33,0.0,0.0,1.33,10.0,0.0,0.0,1.33,10.0,0.13,0.0,0.0,0.66,80.0,1.33,0.53,0.0,23.89,0.8,0.53,34.78,80.53,14.34,74.07,5.04,94.74,31.19,85.96,2.26,47.06,18.01,42.99,0.05,0.53,0.0,0.0,0.13,0.0,0.27,3.58,66.67,1.8599999999999999,14.29,0.13,0.0,0.27,0.13,5.97,71.11,80.26,10.09,0,,0,,0,0.0,0.0,0.0,,,1.06,,2.26,0.0,0.0,0.0,0.0,0,0
K. Szűcs,Kornél Szűcs,-80319,Vojvodina,Vojvodina,https://cdn5.wyscout.com/photos/team/public/700_120x120.png,Super Liga,"RCB, RCB3, LCB",RCB,74,RCB3,14,LCB,11,24,2001-09-24,250000,2029-06-30,7,675,0,0.93,0,0.14,9.73,52.05,Hungary,['Hungary'],right,190,77,False,6.93,3.73,50.0,4.53,58.82,0.0,0.0,0.67,5.07,8.14,0.93,0,0.0,0,0.0,0.13,0.0,0,0.0,0.12,0,0.0,4,0.53,25.0,0.0,0.0,0.0,0.0,0.0,0.0,0.0,0.0,0.0,0.0,0.0,0.4,0.0,0.67,0.0,0.0,28.53,0.27,0.27,38.13,89.86,14.67,80.0,1.73,92.31,35.33,92.08,2.8,61.9,21.15,44.3,0.02,0.13,0.0,0.0,0.0,0.0,0.13,3.87,79.31,0.13,0.0,0.0,0.0,0.27,0.0,5.73,65.12,97.39,20.4,0,,0,,0,0.0,0.0,0.0,,,0.93,,4.53,0.0,0.0,0.0,0.0,0,0
D. Rosić,Dragan Rosić,451214,Vojvodina,Vojvodina,https://cdn5.wyscout.com/photos/team/public/700_120x120.png,Super Liga,GK,GK,100,,0,,0,29,1996-09-22,0,2029-06-30,7,675,0,0.0,0,0.0,0.53,100.0,Serbia,['Serbia'],left,194,86,False,1.33,0.0,0.0,0.4,100.0,0.0,0.0,0.0,1.33,2.14,0.0,0,0.0,0,0.0,0.0,0.0,0,0.0,0.0,0,0.0,0,0.0,0.0,0.0,0.0,0.0,0.0,0.0,0.0,0.0,0.0,0.0,0.0,0.0,0.13,100.0,0.0,0.0,0.0,7.73,0.27,0.4,19.33,79.31,10.67,72.5,0.13,100.0,12.53,96.81,6.67,48.0,29.9,50.26,0.0,0.0,0.0,0.0,0.0,0.0,0.0,1.33,20.0,0.0,0.0,0.0,0.0,0.0,0.0,4.4,54.55,91.23,7.6,6,0.8,36,4.8,4,83.33,10.76,1.43,4.76,0.635,0.0,2.0,0.4,,,,0.0,0,0
S. Sladojević,Slobodan Sladojević,-248746,Mačva Šabac,Mačva Šabac,https://cdn5.wyscout.com/photos/team/public/g3221_120x120.png,Super Liga,LCB,LCB,100,,0,,0,23,2002-10-02,150000,2027-06-30,7,674,0,0.79,1,0.42,10.68,63.75,Serbia,['Serbia'],,0,0,False,10.01,2.94,59.09,6.41,70.83,0.13,0.16,1.47,8.15,10.05,0.93,2,0.27,0,0.0,0.13,0.0,0,0.0,0.11,0,0.0,2,0.27,50.0,0.0,0.13,0.13,0.0,0.13,0.0,0.0,0.0,0.13,0.13,0.0,0.8,33.33,0.4,0.0,0.0,15.76,0.13,0.67,27.91,77.03,12.95,60.82,1.2,100.0,22.17,87.95,5.61,35.71,24.11,45.97,0.06,0.27,0.0,0.0,0.0,0.0,0.13,2.94,36.36,0.67,0.0,0.13,0.0,0.13,0.0,5.47,46.34,92.41,10.55,0,,0,,0,0.0,0.0,0.0,,,0.67,,6.41,0.0,0.0,0.0,0.0,0,0
M. Živković,Mladen Živković,143430,Zemun,Zemun,https://cdn5.wyscout.com/photos/team/public/1258_120x120.png,Super Liga,GK,GK,100,,0,,0,37,1989-08-26,100000,,7,674,0,0.0,0,0.0,0.27,100.0,Serbia,['Serbia'],right,188,81,False,0.4,0.0,0.0,0.0,0.0,0.0,0.0,0.0,0.4,0.42,0.0,0,0.0,0,0.0,0.0,0.0,0,0.0,0.0,0,0.0,0,0.0,0.0,0.0,0.0,0.0,0.0,0.0,0.0,0.0,0.0,0.0,0.0,0.0,0.27,100.0,0.0,0.0,0.0,10.68,0.0,0.27,19.76,75.0,10.42,58.97,0.0,0.0,10.28,98.7,9.48,49.3,35.08,47.75,0.0,0.0,0.0,0.0,0.0,0.0,0.0,1.2,44.44,0.13,0.0,0.0,0.0,0.0,0.0,7.74,53.45,92.54,8.95,14,1.87,53,7.08,0,73.58,17.14,2.29,3.14,0.419,0.0,0.8,0.0,,,,0.0,0,0
I. Ostojić,Ivan Ostojić,236921,Zemun,Zemun,https://cdn5.wyscout.com/photos/team/public/1258_120x120.png,Super Liga,RCB,RCB,100,,0,,0,37,1989-06-26,150000,,7,674,0,0.22,0,0.0,11.08,54.22,Serbia,['Serbia'],right,190,81,False,7.08,4.54,47.06,4.8100000000000005,63.89,0.13,0.14,1.34,4.8100000000000005,5.05,0.27,1,0.13,0,0.0,0.4,0.0,0,0.0,0.03,0,0.0,1,0.13,0.0,0.0,0.0,0.53,50.0,0.0,0.0,0.53,50.0,0.13,0.13,100.0,0.8,66.67,0.27,0.4,0.0,22.97,0.27,0.53,34.85,84.29,15.49,78.45,2.14,100.0,29.24,89.5,5.07,57.89,23.07,42.85,0.0,0.0,0.0,0.0,0.0,0.0,0.13,4.41,63.64,0.93,42.86,0.0,0.0,0.0,0.27,8.81,72.73,90.83,14.55,0,,0,,0,0.0,0.0,0.0,,,1.87,,4.8100000000000005,0.13,0.0,0.0,0.0,0,0
I. Maiga,Ismael Alves Gaetan Maiga,-418920,Čukarički,Čukarički,https://cdn5.wyscout.com/photos/team/public/702_120x120.png,Super Liga,"RCB, LCB",RCB,74,LCB,25,,0,22,2003-11-23,0,2028-06-30,7,671,0,0.27,0,0.0,9.93,66.22,Côte d'Ivoire,"[""Côte d'Ivoire""]",,0,0,False,9.39,4.43,69.7,2.55,57.89,0.13,0.16,0.8,6.17,7.5,0.67,1,0.13,0,0.0,0.27,0.0,0,0.0,0.04,0,0.0,2,0.27,50.0,0.0,0.0,0.0,0.0,0.0,0.0,0.0,0.0,0.0,0.27,50.0,1.88,57.14,0.4,0.9400000000000001,0.0,26.15,0.27,1.07,37.02,85.14,13.68,69.61,4.69,100.0,32.59,92.59,4.43,30.3,21.15,40.74,0.0,0.0,0.0,0.0,0.0,0.0,0.13,4.16,51.61,0.27,50.0,0.13,100.0,0.0,0.0,4.43,60.61,95.5,14.89,0,,0,,0,0.0,0.0,0.0,,,3.76,,2.55,0.0,0.0,0.0,0.0,0,0
N. Miletić,Nemanja Miletić,201570,Čukarički,Čukarički,https://cdn5.wyscout.com/photos/team/public/702_120x120.png,Super Liga,RB,RB,85,,0,,0,35,1991-01-16,350000,2027-06-30,7,671,0,0.12,0,0.65,10.33,45.45,Serbia,['Serbia'],right,187,83,False,7.65,5.23,51.28,1.34,30.0,0.0,0.0,0.27,4.96,6.03,1.34,1,0.13,0,0.0,1.21,0.0,0,0.0,0.02,0,0.0,1,0.13,0.0,0.0,0.0,1.74,53.85,0.13,100.0,1.6099999999999999,50.0,0.13,0.4,66.67,2.68,40.0,1.07,0.8,0.13,18.24,1.6099999999999999,0.8,25.48,81.58,10.46,67.95,4.83,91.67,21.33,86.79,2.55,57.89,19.1,40.87,0.09,0.8,0.0,0.0,0.0,0.0,0.27,3.08,65.22,1.74,53.85,0.0,0.0,0.27,0.8,5.5,70.73,92.86,7.51,0,,0,,0,0.0,0.0,0.0,,,0.9400000000000001,,1.34,0.0,0.0,0.0,0.0,0,0
S. Šapić,Stefan Šapić,441265,IMT Novi Beograd,IMT Novi Beograd,https://cdn5.wyscout.com/photos/team/public/g30905_120x120.png,Super Liga,LCB,LCB,97,,0,,0,29,1997-02-26,250000,,7,670,1,0.44,0,0.05,7.52,66.07,Serbia,['Serbia'],right,202,93,False,8.6,2.42,66.67,3.76,67.86,0.0,0.0,0.81,6.99,10.54,0.67,1,0.13,0,0.0,0.4,0.13,1,0.13,0.06,1,0.13,3,0.4,66.67,33.333,0.0,0.0,0.0,0.0,0.0,0.0,0.0,0.0,0.13,100.0,0.27,100.0,0.54,0.4,0.0,29.28,0.13,0.13,41.78,92.93,14.91,85.59,3.09,100.0,39.09,93.47,2.69,85.0,19.91,38.59,0.01,0.27,0.0,0.0,0.0,0.0,0.13,4.43,81.82,0.13,0.0,0.0,0.0,0.13,0.0,6.58,83.67,97.33,20.15,0,,0,,0,0.0,0.0,0.0,,,2.55,,3.76,0.0,0.0,0.0,0.0,0,0
S. Stamenković,Saša Stamenković,47169,Mladost Lučani,Mladost Lučani,https://cdn5.wyscout.com/photos/team/public/703_120x120.png,Super Liga,GK,GK,100,,0,,0,41,1985-01-05,50000,2027-06-30,7,660,0,0.0,0,0.0,0.27,50.0,Serbia,['Serbia'],right,194,85,False,0.55,0.0,0.0,0.27,50.0,0.0,0.0,0.0,0.55,0.5700000000000001,0.0,0,0.0,0,0.0,0.0,0.0,0,0.0,0.0,0,0.0,0,0.0,0.0,0.0,0.0,0.0,0.0,0.0,0.0,0.0,0.0,0.0,0.0,0.0,0.0,0.0,0.0,0.0,0.0,8.45,0.27,0.14,18.95,73.38,12.55,63.04,0.0,0.0,8.32,95.08,10.64,56.41,39.53,51.94,0.0,0.0,0.0,0.0,0.0,0.0,0.0,2.86,52.38,0.27,50.0,0.0,0.0,0.14,0.0,8.59,65.08,93.18,6.0,6,0.8200000000000001,38,5.18,3,84.21,7.74,1.05,1.74,0.23700000000000002,0.0,3.0,0.27,,,,0.0,0,0
N. Cirković,Nikola Cirković,162615,Mladost Lučani,Mladost Lučani,https://cdn5.wyscout.com/photos/team/public/703_120x120.png,Super Liga,CB,CB,98,,0,,0,34,1991-12-04,200000,,7,660,2,0.23,0,0.0,7.09,61.54,Serbia,['Serbia'],right,188,75,False,8.73,3.0,63.64,2.59,68.42,0.14,0.14,0.68,6.68,7.0,0.14,0,0.0,0,0.0,0.41000000000000003,0.27,2,0.27,0.03,1,0.14,2,0.27,100.0,100.0,0.0,0.0,0.0,0.0,0.0,0.0,0.0,0.0,0.14,100.0,1.09,50.0,0.27,0.0,0.27,15.82,0.14,0.8200000000000001,29.86,85.84,10.91,71.25,1.09,87.5,25.91,92.11,3.95,44.83,22.89,40.97,0.0,0.0,0.0,0.0,0.0,0.0,0.0,2.05,46.67,0.0,0.0,0.14,0.0,0.0,0.0,4.5,57.58,94.5,14.86,0,,0,,0,0.0,0.0,0.0,,,0.8200000000000001,,2.59,0.0,0.0,0.0,0.0,0,0
N. Andrič,Nikola Andrič,302756,Mladost Lučani,Mladost Lučani,https://cdn5.wyscout.com/photos/team/public/703_120x120.png,Super Liga,RCB3,RCB3,98,,0,,0,34,1992-05-23,75000,,7,660,0,0.48,0,0.03,9.14,50.75,Serbia,['Serbia'],right,183,72,False,11.32,4.36,56.25,3.41,32.0,0.14,0.14,0.9500000000000001,8.73,9.14,0.9500000000000001,1,0.14,0,0.0,0.27,0.0,0,0.0,0.07,0,0.0,3,0.41000000000000003,33.33,0.0,0.0,0.0,0.0,0.0,0.0,0.0,0.0,0.0,0.14,100.0,0.9500000000000001,100.0,0.41000000000000003,0.14,0.27,15.82,0.27,0.55,28.64,79.52,13.36,65.31,2.45,94.44,23.45,83.14,5.18,63.16,21.94,41.44,0.0,0.14,0.0,0.0,0.0,0.0,0.0,4.09,56.67,0.41000000000000003,33.33,0.0,0.0,0.0,0.0,6.14,55.56,91.04,9.14,0,,0,,0,0.0,0.0,0.0,,,0.8200000000000001,,3.41,0.14,0.0,0.0,0.0,0,0
A. Varjačić,Aleksandar Varjačić,136165,Mladost Lučani,Mladost Lučani,https://cdn5.wyscout.com/photos/team/public/703_120x120.png,Super Liga,RWB,RWB,98,,0,,0,35,1991-05-23,50000,,7,656,0,0.52,3,1.88,9.74,54.93,Serbia,['Serbia'],right,187,75,False,5.49,2.88,57.14,2.47,38.89,0.27,0.29,0.14,3.5700000000000003,3.75,0.8200000000000001,2,0.27,0,0.0,2.33,0.0,0,0.0,0.07,0,0.0,5,0.6900000000000001,40.0,0.0,0.41000000000000003,4.39,31.25,0.27,100.0,4.12,26.67,0.41000000000000003,1.1,62.5,3.98,62.07,0.6900000000000001,2.06,0.55,19.34,1.65,1.65,25.66,62.57,9.47,44.93,2.74,95.0,17.7,73.64,3.84,46.43,21.46,42.51,0.26,1.65,0.14,0.0,0.0,0.0,0.6900000000000001,3.16,43.48,4.8,31.43,0.0,0.0,0.27,1.51,6.31,58.7,65.15,9.05,0,,0,,0,0.0,0.0,0.0,,,0.27,,2.47,0.8200000000000001,0.14,100.0,2.61,0,0
U. Stojanović,Uroš Stojanović,461707,OFK Beograd,OFK Beograd,https://cdn5.wyscout.com/photos/team/public/705_120x120.png,Super Liga,"LB, LCB, LWB",LB,58,LCB,29,LWB,12,31,1995-08-23,250000,,7,655,0,0.38,1,0.44,12.92,58.51,Serbia,['Serbia'],both,181,75,False,9.89,5.91,58.14,3.5700000000000003,73.08,0.14,0.23,1.1,6.32,10.45,1.24,0,0.0,0,0.0,0.41000000000000003,0.0,0,0.0,0.05,0,0.0,4,0.55,50.0,0.0,0.14,0.14,100.0,0.0,0.0,0.14,100.0,0.0,0.0,0.0,1.92,57.14,0.96,0.27,0.0,26.79,0.96,0.8200000000000001,38.06,84.48,16.21,71.19,3.98,96.55,33.66,89.39,4.26,45.16,18.32,37.88,0.06,0.41000000000000003,0.0,0.0,0.0,0.0,0.41000000000000003,3.98,75.86,0.41000000000000003,33.33,0.0,0.0,0.0,0.14,6.6,68.75,94.74,13.05,0,,0,,0,0.0,0.0,0.0,,,0.6900000000000001,,3.5700000000000003,0.0,0.0,0.0,0.0,0,0
U. Miladinović,Uroš Miladinović,-291492,Čukarički,Čukarički,https://cdn5.wyscout.com/photos/team/public/702_120x120.png,Super Liga,"AMF, LAMF",AMF,70,LAMF,18,,0,22,2004-06-16,0,2028-06-30,7,649,4,3.4,2,1.34,21.49,44.52,Serbia,['Serbia'],right,0,0,False,4.3,5.55,42.5,1.94,7.14,0.0,0.0,0.28,1.94,2.35,1.8,3,0.42,0,0.0,4.85,0.55,3,0.42,0.47000000000000003,0,0.0,22,3.05,36.36,18.182,0.28,0.97,14.29,0.55,25.0,0.42,0.0,0.14,5.41,66.67,12.76,53.26,3.74,2.63,0.28,17.33,2.91,1.53,20.39,69.39,5.41,51.28,3.74,81.48,18.58,72.39,0.97,71.43,15.73,30.49,0.19,0.8300000000000001,0.0,0.0,0.0,0.0,0.8300000000000001,2.5,55.56,2.22,43.75,0.0,0.0,1.53,0.14,3.33,62.5,75.0,6.1,0,,0,,0,0.0,0.0,0.0,,,0.0,,1.94,0.0,0.0,0.0,0.42,1,100
M. Joksimović,Milan Joksimović,143788,Mladost Lučani,Mladost Lučani,https://cdn5.wyscout.com/photos/team/public/703_120x120.png,Super Liga,LCB3,LCB3,100,,0,,0,36,1990-02-09,250000,,7,648,0,0.0,0,0.08,6.53,44.68,Serbia,['Serbia'],left,184,78,False,7.36,2.7800000000000002,45.0,2.5,55.56,0.0,0.0,0.6900000000000001,6.11,6.32,0.97,1,0.14,0,0.0,0.56,0.0,0,0.0,0.0,0,0.0,0,0.0,0.0,0.0,0.0,0.6900000000000001,60.0,0.56,50.0,0.14,100.0,0.0,0.14,100.0,0.97,14.29,0.14,0.97,0.0,23.47,0.97,0.0,33.33,79.58,17.22,70.97,2.5,94.44,25.69,88.11,7.08,50.98,22.54,40.87,0.01,0.14,0.0,0.0,0.0,0.0,0.14,5.97,65.12,1.11,37.5,0.14,0.0,0.0,0.42,8.33,68.33,87.34,10.97,0,,0,,0,0.0,0.0,0.0,,,1.53,,2.5,0.0,0.0,0.0,0.0,0,0
D. Silue,Dognimani Yacouba Silue,-243453,OFK Beograd,OFK Beograd,https://cdn5.wyscout.com/photos/team/public/705_120x120.png,Super Liga,CF,CF,94,,0,,0,24,2002-01-01,800000,,7,643,4,3.84,0,1.07,18.76,36.57,Côte d'Ivoire,"[""Côte d'Ivoire""]",right,185,80,False,3.22,2.1,46.67,4.2,23.33,0.0,0.0,0.0,2.24,3.64,1.26,1,0.14,0,0.0,3.08,0.56,4,0.56,0.54,1,0.14,21,2.94,33.33,19.048,0.0,1.82,30.77,0.42,33.33,1.26,33.33,0.42,2.38,58.82,9.66,39.13,4.06,1.82,0.0,16.38,2.38,1.54,19.18,70.8,4.34,58.06,5.74,85.37,16.8,75.83,0.56,50.0,15.14,20.76,0.15,0.98,0.0,0.0,0.14,100.0,0.98,1.54,72.73,0.98,42.86,0.14,100.0,0.7000000000000001,0.7000000000000001,2.52,61.11,66.67,5.46,0,,0,,0,0.0,0.0,0.0,,,0.0,,4.2,0.0,0.0,0.0,0.0,0,0
S. Sissoko,Sambou Sissoko,-89468,Čukarički,Čukarički,https://cdn5.wyscout.com/photos/team/public/702_120x120.png,Super Liga,"RDMF, RCMF",RDMF,81,RCMF,10,,0,26,2000-06-29,850000,2027-06-30,7,625,0,0.5,0,0.0,11.38,49.37,Mali,['Mali'],right,181,70,False,7.2,6.62,47.83,2.59,66.67,0.72,0.89,0.58,3.31,4.08,1.15,3,0.43,0,0.0,0.43,0.0,0,0.0,0.07,0,0.0,2,0.29,50.0,0.0,0.0,0.14,100.0,0.14,100.0,0.0,0.0,0.0,0.43,33.33,1.3,33.33,0.14,0.43,0.14,17.42,0.0,0.0,27.94,88.66,10.66,78.38,4.03,100.0,24.77,90.12,3.02,76.19,20.14,39.15,0.0,0.0,0.0,0.0,0.14,0.0,0.0,5.9,85.37,1.15,75.0,0.14,0.0,0.72,0.14,5.9,80.49,92.31,9.36,0,,0,,0,0.0,0.0,0.0,,,0.43,,2.59,0.0,0.0,0.0,0.0,0,0
Z. Šehović,Zlatan Šehović,467536,Čukarički,Čukarički,https://cdn5.wyscout.com/photos/team/public/702_120x120.png,Super Liga,LB,LB,97,,0,,0,26,2000-08-08,400000,2028-06-30,7,618,0,0.62,1,0.09,16.31,51.79,Serbia,['Serbia'],left,180,76,True,8.45,7.57,46.15,2.48,70.59,0.15,0.17,0.15,4.8100000000000005,5.63,1.75,0,0.0,0,0.0,0.58,0.0,0,0.0,0.09,0,0.0,4,0.58,25.0,0.0,0.15,1.75,25.0,1.75,25.0,0.0,0.0,0.0,0.58,0.0,3.35,39.13,1.46,1.02,0.15,15.44,2.48,1.8900000000000001,22.57,60.65,10.78,55.41,2.77,78.95,16.89,64.66,4.22,58.62,21.91,37.63,0.01,0.15,0.0,0.0,0.0,0.0,0.29,3.5,62.5,1.6,18.18,0.15,100.0,0.15,0.29,5.97,46.34,62.5,5.83,0,,0,,0,0.0,0.0,0.0,,,0.15,,2.48,0.15,0.0,0.0,0.0,0,0
M. Vidakov,Milan Vidakov,-113899,Mačva Šabac,Mačva Šabac,https://cdn5.wyscout.com/photos/team/public/g3221_120x120.png,Super Liga,CF,CF,100,,0,,0,26,2000-08-19,600000,2028-06-30,7,615,3,2.58,0,0.29,21.37,41.78,Serbia,['Serbia'],right,184,77,False,4.39,3.37,56.52,9.95,36.76,0.15,0.18,0.15,2.34,2.93,1.9,2,0.29,0,0.0,1.32,0.44,3,0.44,0.38,0,0.0,17,2.49,35.29,17.647,0.0,0.44,0.0,0.29,0.0,0.15,0.0,0.15,1.02,42.86,5.71,41.03,3.22,0.73,0.15,11.56,2.05,1.9,15.07,68.93,4.68,46.88,4.68,87.5,13.32,72.53,1.32,55.56,15.93,24.52,0.04,0.15,0.0,0.0,0.0,0.0,0.44,2.49,47.06,0.88,0.0,0.0,0.0,0.29,0.0,2.49,41.18,58.82,2.49,0,,0,,0,0.0,0.0,0.0,,,0.15,,9.95,0.0,0.0,0.0,0.0,0,0
I. Davidović,Ivan Davidović,-275796,Novi Pazar,Novi Pazar,https://cdn5.wyscout.com/photos/team/public/3838_120x120.png,Super Liga,"LDMF, AMF",LDMF,78,AMF,11,,0,30,1996-01-23,0,2027-06-30,7,611,1,0.56,0,0.38,8.84,58.33,Serbia,['Serbia'],right,180,0,False,6.19,3.98,59.26,1.33,77.78,0.15,0.23,1.33,3.68,5.77,1.18,1,0.15,0,0.0,1.03,0.15,1,0.15,0.08,0,0.0,10,1.47,30.0,10.0,0.0,1.18,37.5,0.74,40.0,0.44,33.33,0.59,0.59,25.0,3.09,42.86,1.77,0.29,0.0,26.22,0.74,1.33,35.06,84.87,9.28,68.25,7.36,94.0,30.79,89.95,3.09,52.38,19.13,33.3,0.06,0.74,0.0,0.0,0.0,0.0,0.59,3.68,52.0,1.47,30.0,0.0,0.0,0.29,0.44,3.83,73.08,88.64,12.96,0,,0,,0,0.0,0.0,0.0,,,1.62,,1.33,0.15,0.15,100.0,0.0,0,0
O. Ilić,Ognjen Ilić,443620,Zemun,Zemun,https://cdn5.wyscout.com/photos/team/public/1258_120x120.png,Super Liga,"RCMF, RDMF, LDMF",RCMF,34,RDMF,28,LDMF,15,27,1999-09-02,350000,,7,610,0,0.48,0,0.11,14.16,69.79,Serbia,['Serbia'],right,184,74,False,9.44,6.05,75.61,1.48,50.0,0.44,0.46,0.44,4.43,4.62,0.89,1,0.15,0,0.0,0.89,0.0,0,0.0,0.07,0,0.0,4,0.59,0.0,0.0,0.0,0.44,33.33,0.15,0.0,0.30000000000000004,50.0,0.0,1.03,71.43,5.16,77.14,0.30000000000000004,0.44,0.15,20.8,0.44,2.36,31.87,86.57,10.33,72.86,4.43,93.33,27.89,88.36,3.84,73.08,18.32,41.01,0.02,0.30000000000000004,0.0,0.0,0.0,0.0,0.15,4.28,79.31,1.03,71.43,0.0,0.0,0.44,0.15,4.72,78.13,94.12,12.54,0,,0,,0,0.0,0.0,0.0,,,0.15,,1.48,0.15,0.0,0.0,0.15,0,0
M. Docić,Marko Docić,303788,Čukarički,Čukarički,https://cdn5.wyscout.com/photos/team/public/702_120x120.png,Super Liga,"LDMF, RCMF, LCMF",LDMF,73,RCMF,12,LCMF,10,33,1993-04-21,2000000,2027-06-01,7,598,0,0.54,0,0.66,9.48,49.21,Serbia,['Serbia'],left,176,71,False,6.62,4.97,51.52,0.75,20.0,0.0,0.0,0.15,4.06,5.03,0.6000000000000001,1,0.15,0,0.0,0.75,0.0,0,0.0,0.08,0,0.0,5,0.75,60.0,0.0,0.0,0.6000000000000001,0.0,0.15,0.0,0.45,0.0,0.15,0.30000000000000004,100.0,3.01,45.0,0.15,0.6000000000000001,0.0,22.27,0.30000000000000004,0.6000000000000001,33.11,78.64,13.39,66.29,5.12,91.18,27.09,84.44,5.57,56.76,20.75,36.57,0.1,1.05,0.0,0.0,0.0,0.0,0.15,5.87,69.23,1.6600000000000001,18.18,0.0,0.0,0.30000000000000004,0.0,8.13,72.22,89.55,10.08,0,,0,,0,0.0,0.0,0.0,,,0.45,,0.75,1.2,0.15,100.0,3.01,0,0
D. Djordjic,Djordje Djordjic,-469946,Mačva Šabac,Mačva Šabac,https://cdn5.wyscout.com/photos/team/public/g3221_120x120.png,Super Liga,"AMF, CF",AMF,80,CF,15,,0,21,2004-12-17,0,,7,587,1,0.62,0,0.56,14.11,48.91,Serbia,['Serbia'],unknown,175,0,False,5.06,4.29,67.86,1.69,36.36,0.15,0.19,0.15,1.99,2.41,0.77,0,0.0,0,0.0,1.69,0.15,1,0.15,0.1,0,0.0,6,0.92,33.33,16.667,0.0,0.15,0.0,0.0,0.0,0.15,0.0,0.0,1.8399999999999999,75.0,7.21,38.3,0.61,1.07,0.0,14.26,0.46,1.38,20.55,73.88,8.43,63.64,2.61,94.12,19.01,76.61,1.53,40.0,17.22,35.93,0.09,0.61,0.15,0.0,0.0,0.0,0.15,3.83,68.0,0.46,0.0,0.15,0.0,0.15,0.0,3.99,53.85,79.49,5.98,0,,0,,0,0.0,0.0,0.0,,,0.15,,1.69,1.23,0.15,100.0,1.23,0,0
P. Sukacev,Petar Sukacev,-484152,Vojvodina,Vojvodina,https://cdn5.wyscout.com/photos/team/public/700_120x120.png,Super Liga,"LB, LWB, LAMF",LB,57,LWB,16,LAMF,14,21,2005-08-28,0,2029-06-30,7,579,2,2.11,1,0.9500000000000001,18.19,50.43,Serbia,['Serbia'],left,173,0,False,7.62,6.84,50.0,4.51,51.72,0.31,0.49,0.31,3.89,6.15,1.4,2,0.31,0,0.0,2.8,0.31,2,0.31,0.33,0,0.0,15,2.33,40.0,13.333,0.16,2.8,5.5600000000000005,2.33,6.67,0.31,0.0,0.31,2.18,78.57,6.22,50.0,3.26,1.87,0.47000000000000003,20.36,2.49,0.62,26.58,59.65,9.33,45.0,4.2,92.59,20.05,69.77,3.73,45.83,18.69,45.54,0.15,0.78,0.16,0.0,0.0,0.0,0.62,3.58,47.83,2.95,10.53,0.16,0.0,0.31,0.31,4.66,56.67,51.92,8.08,0,,0,,0,0.0,0.0,0.0,,,0.16,,4.51,0.16,0.0,0.0,0.0,0,0
V. Draskić,Vuk Draskić,-483221,OFK Beograd,OFK Beograd,https://cdn5.wyscout.com/photos/team/public/705_120x120.png,Super Liga,GK,GK,100,,0,,0,19,2007-05-11,0,2028-06-30,6,578,0,0.0,0,0.0,0.47000000000000003,100.0,Serbia,['Serbia'],right,0,0,False,0.93,0.16,100.0,0.16,100.0,0.0,0.0,0.0,0.78,1.27,0.0,0,0.0,0,0.0,0.0,0.0,0,0.0,0.0,0,0.0,0,0.0,0.0,0.0,0.0,0.0,0.0,0.0,0.0,0.0,0.0,0.0,0.0,0.0,0.16,100.0,0.0,0.0,0.0,15.73,0.0,0.31,26.16,81.55,14.17,69.23,0.0,0.0,16.35,99.05,9.81,52.38,30.52,49.34,0.0,0.0,0.0,0.0,0.0,0.0,0.0,2.96,63.16,0.31,0.0,0.0,0.0,0.0,0.0,7.47,64.58,95.89,11.37,8,1.25,22,3.43,2,63.64,5.96,0.93,-2.04,-0.318,0.0,1.71,0.16,,,,0.0,0,0
M. Popović,Miloš Popović,-472389,Radnik Surdulica,Radnik Surdulica,https://cdn5.wyscout.com/photos/team/public/g6756_120x120.png,Super Liga,"RDMF, LDMF",RDMF,65,LDMF,33,,0,22,2004-04-05,0,2028-06-30,6,577,0,0.31,0,0.21,8.58,52.73,Serbia,['Serbia'],unknown,0,0,False,3.59,3.12,55.0,3.12,50.0,0.16,0.22,0.0,1.72,2.46,1.09,1,0.16,0,0.0,0.62,0.0,0,0.0,0.05,0,0.0,8,1.25,50.0,0.0,0.0,0.31,0.0,0.16,0.0,0.16,0.0,0.0,0.31,0.0,2.03,53.85,0.47000000000000003,0.16,0.0,24.96,0.16,1.25,35.88,83.91,12.79,68.29,3.9,100.0,31.51,88.61,4.06,53.85,19.11,43.32,0.03,0.78,0.16,0.0,0.0,0.0,0.31,5.93,68.42,2.18,28.57,0.16,0.0,0.78,0.0,5.62,77.78,90.8,13.57,0,,0,,0,0.0,0.0,0.0,,,0.31,,3.12,0.0,0.0,0.0,0.0,0,0
D. Stojanovic,David Stojanovic,-236308,Radnik Surdulica,Radnik Surdulica,https://cdn5.wyscout.com/photos/team/public/g6756_120x120.png,Super Liga,"LCB, RCB",LCB,61,RCB,38,,0,24,2002-02-14,0,,6,577,0,0.01,1,0.04,11.23,61.11,Serbia,['Serbia'],,0,0,False,8.89,4.21,59.26,3.59,69.57,0.31,0.45,0.16,6.08,8.73,0.47000000000000003,1,0.16,0,0.0,0.0,0.0,0,0.0,0.0,0,0.0,2,0.31,0.0,0.0,0.16,0.0,0.0,0.0,0.0,0.0,0.0,0.0,0.16,0.0,2.34,46.67,0.0,0.9400000000000001,0.16,27.3,0.62,1.56,43.36,82.73,20.75,72.18,1.87,83.33,35.56,89.04,7.8,54.0,23.84,40.61,0.01,0.16,0.0,0.0,0.0,0.0,0.16,7.95,70.59,1.09,14.29,0.0,0.0,0.31,0.0,9.83,66.67,96.58,18.25,0,,0,,0,0.0,0.0,0.0,,,0.9400000000000001,,3.59,0.0,0.0,0.0,0.0,0,0
S. Abubakar,Sadick Abubakar,-186502,Radnik Surdulica,Radnik Surdulica,https://cdn5.wyscout.com/photos/team/public/g6756_120x120.png,Super Liga,"RCB, LCB",RCB,61,LCB,31,,0,28,1998-02-02,0,2027-06-30,6,577,0,0.18,1,0.06,14.04,61.11,Ghana,['Ghana'],right,187,79,False,10.14,5.77,56.76,5.15,72.73,0.0,0.0,0.78,6.86,9.85,2.03,2,0.31,0,0.0,0.0,0.0,0,0.0,0.03,0,0.0,2,0.31,0.0,0.0,0.16,0.47000000000000003,0.0,0.0,0.0,0.47000000000000003,0.0,0.16,0.16,0.0,1.87,50.0,0.31,0.78,0.0,22.31,0.62,0.78,34.94,83.48,11.23,68.06,2.96,89.47,30.1,90.67,4.37,42.86,21.56,40.12,0.01,0.31,0.0,0.16,0.0,0.0,0.16,3.43,59.09,0.78,20.0,0.0,0.0,0.0,0.0,5.46,57.14,93.58,17.0,0,,0,,0,0.0,0.0,0.0,,,1.87,,5.15,0.0,0.0,0.0,0.0,0,0
S. Ranđelović,Stefan Ranđelović,217860,Radnik Surdulica,Radnik Surdulica,https://cdn5.wyscout.com/photos/team/public/g6756_120x120.png,Super Liga,GK,GK,100,,0,,0,27,1999-01-27,800000,2027-06-30,6,577,0,0.0,0,0.0,0.16,0.0,Serbia,['Serbia'],right,188,84,False,0.47000000000000003,0.16,0.0,0.0,0.0,0.0,0.0,0.0,0.47000000000000003,0.67,0.0,1,0.16,0,0.0,0.0,0.0,0,0.0,0.0,0,0.0,0,0.0,0.0,0.0,0.0,0.0,0.0,0.0,0.0,0.0,0.0,0.0,0.0,0.0,0.0,0.0,0.0,0.0,0.0,7.49,0.31,0.0,18.72,84.17,7.8,74.0,0.16,0.0,13.88,95.51,4.84,51.61,32.45,50.41,0.0,0.0,0.0,0.0,0.0,0.0,0.0,1.4,11.11,0.16,0.0,0.0,0.0,0.0,0.0,3.59,60.87,92.31,10.14,9,1.4,31,4.84,2,70.97,10.37,1.62,1.37,0.214,0.0,0.9400000000000001,0.0,,,,0.0,0,0
L. Lijeskić,Luka Lijeskić,-300434,Radnički Kragujevac,Radnički Kragujevac,https://cdn5.wyscout.com/photos/team/public/g2849_120x120.png,Super Liga,GK,GK,100,,0,,0,21,2005-02-23,0,2027-06-30,6,576,0,0.0,0,0.0,0.78,60.0,Serbia,['Serbia'],right,186,75,False,0.63,0.47000000000000003,66.67,0.0,0.0,0.0,0.0,0.0,0.31,0.5700000000000001,0.0,0,0.0,0,0.0,0.0,0.0,0,0.0,0.0,0,0.0,0,0.0,0.0,0.0,0.0,0.0,0.0,0.0,0.0,0.0,0.0,0.0,0.0,0.0,0.31,50.0,0.0,0.0,0.0,24.06,0.47000000000000003,0.16,34.84,83.86,15.0,70.83,0.31,100.0,25.78,97.58,8.91,45.61,30.3,50.01,0.0,0.0,0.0,0.0,0.0,0.0,0.0,2.9699999999999998,26.32,0.31,0.0,0.0,0.0,0.0,0.0,6.41,63.41,93.22,18.44,6,0.9400000000000001,27,4.22,2,77.78,6.82,1.07,0.8200000000000001,0.128,0.0,0.63,0.0,,,,0.0,0,0
B. Nikčević,Bojica Nikčević,464195,Radnički Kragujevac,Radnički Kragujevac,https://cdn5.wyscout.com/photos/team/public/g2849_120x120.png,Super Liga,"RB, RWB",RB,82,RWB,10,,0,26,2000-02-04,1000000,,6,576,0,0.28,2,0.73,12.03,46.75,Montenegro,"['Montenegro', 'Serbia']",right,182,79,False,4.84,5.0,43.75,0.9400000000000001,50.0,0.0,0.0,0.31,2.66,4.86,2.19,0,0.0,0,0.0,2.19,0.0,0,0.0,0.04,0,0.0,5,0.78,40.0,0.0,0.31,3.44,13.64,0.16,0.0,3.2800000000000002,14.29,0.63,2.19,64.29,4.69,53.33,1.88,2.9699999999999998,0.63,22.81,1.56,0.63,30.78,68.53,12.34,62.03,5.31,97.06,25.31,79.01,2.03,30.77,19.74,48.01,0.11,0.47000000000000003,0.0,0.0,0.0,0.0,0.47000000000000003,3.13,55.0,2.5,25.0,0.0,0.0,0.31,0.63,7.34,61.7,63.16,8.91,0,,0,,0,0.0,0.0,0.0,,,0.9400000000000001,,0.9400000000000001,0.16,0.0,0.0,0.78,0,0
N. Petrović,Njegoš Petrović,423585,Vojvodina,Vojvodina,https://cdn5.wyscout.com/photos/team/public/700_120x120.png,Super Liga,"DMF, RDMF, CB",DMF,41,RDMF,32,CB,16,27,1999-07-18,0,2028-06-30,7,576,0,0.1,2,0.39,13.28,51.76,Serbia,['Serbia'],right,185,72,False,6.88,5.94,55.26,3.13,40.0,0.47000000000000003,0.74,0.31,3.13,4.92,2.19,1,0.16,0,0.0,0.31,0.0,0,0.0,0.02,0,0.0,4,0.63,25.0,0.0,0.31,0.16,100.0,0.0,0.0,0.16,100.0,0.0,0.0,0.0,2.66,64.71,0.47000000000000003,0.78,0.0,21.56,0.31,1.09,36.25,84.48,10.63,70.59,6.72,97.67,33.44,86.45,2.66,58.82,16.62,45.06,0.06,0.47000000000000003,0.16,0.16,0.0,0.0,0.0,4.53,79.31,0.63,100.0,0.0,0.0,0.31,0.16,3.91,72.0,88.89,12.66,0,,0,,0,0.0,0.0,0.0,,,0.47000000000000003,,3.13,0.9400000000000001,0.16,0.0,2.34,0,0
D. Jovančić,Dušan Jovančić,258641,Mladost Lučani,Mladost Lučani,https://cdn5.wyscout.com/photos/team/public/703_120x120.png,Super Liga,RCMF,RCMF,99,,0,,0,35,1990-10-19,150000,2026-12-31,7,568,0,0.18,0,0.30000000000000004,15.21,61.46,Serbia,['Serbia'],right,186,79,False,8.08,7.76,46.94,2.85,77.78,0.16,0.17,0.48,4.28,4.5,1.9,2,0.32,0,0.0,0.63,0.0,0,0.0,0.03,0,0.0,3,0.48,0.0,0.0,0.0,0.48,33.33,0.16,100.0,0.32,0.0,0.0,0.79,60.0,3.64,73.91,0.79,0.9500000000000001,0.0,21.71,0.32,3.01,35.65,81.78,12.2,62.34,6.97,95.45,31.85,83.08,3.33,76.19,16.87,40.68,0.05,0.32,0.0,0.16,0.0,0.0,0.16,5.23,75.76,0.9500000000000001,66.67,0.0,0.0,0.48,0.16,6.34,67.5,95.38,10.3,0,,0,,0,0.0,0.0,0.0,,,0.16,,2.85,0.0,0.0,0.0,0.0,0,0
M. Kolarevic,Milan Kolarevic,-560627,Vojvodina,Vojvodina,https://cdn5.wyscout.com/photos/team/public/700_120x120.png,Super Liga,"LW, LAMF, LWF",LW,56,LAMF,24,LWF,16,22,2004-04-07,0,2029-06-30,7,567,0,0.78,1,2.2800000000000002,14.44,54.95,Serbia,['Serbia'],unknown,0,0,False,4.29,3.9699999999999998,64.0,1.27,37.5,0.0,0.0,0.0,1.75,2.84,0.9500000000000001,1,0.16,0,0.0,5.71,0.0,0,0.0,0.12,0,0.0,14,2.22,7.14,0.0,0.16,4.44,57.14,4.29,55.56,0.16,100.0,0.32,4.29,62.96,8.41,56.6,2.54,2.06,0.16,19.68,2.7,1.9,26.51,68.86,7.62,52.08,4.76,96.67,19.52,73.98,2.86,55.56,20.4,46.26,0.36,2.54,0.0,0.16,0.32,100.0,2.06,2.38,60.0,5.71,47.22,0.32,100.0,1.11,2.22,5.71,72.22,69.64,8.89,0,,0,,0,0.0,0.0,0.0,,,0.16,,1.27,0.0,0.0,0.0,1.5899999999999999,0,0
N. Glišić,Nikola Glišić,-193263,IMT Novi Beograd,IMT Novi Beograd,https://cdn5.wyscout.com/photos/team/public/g30905_120x120.png,Super Liga,"LW, LAMF",LW,47,LAMF,38,,0,27,1999-06-30,1000000,2027-01-10,7,566,1,2.29,1,0.31,16.54,40.38,Serbia,['Serbia'],right,175,65,False,4.45,3.8200000000000003,50.0,2.23,28.57,0.0,0.0,0.16,2.54,3.9699999999999998,1.75,1,0.16,0,0.0,2.86,0.16,1,0.16,0.36,1,0.16,16,2.54,43.75,6.25,0.16,2.39,20.0,2.23,21.43,0.16,0.0,0.16,2.39,53.33,8.9,41.07,4.13,2.07,0.16,16.7,2.86,1.5899999999999999,20.67,64.62,5.72,55.56,5.72,94.44,16.22,75.49,2.23,28.57,18.86,38.42,0.05,0.48,0.0,0.0,0.0,0.0,0.32,3.02,57.89,2.39,46.67,0.0,0.0,0.64,0.64,3.34,85.71,60.53,6.04,0,,0,,0,0.0,0.0,0.0,,,0.0,,2.23,0.0,0.0,0.0,0.0,0,0
D. Sadi,Dominic Sadi,-289430,Novi Pazar,Novi Pazar,https://cdn5.wyscout.com/photos/team/public/3838_120x120.png,Super Liga,"AMF, RDMF",AMF,72,RDMF,12,,0,22,2003-09-02,0,2028-06-30,7,560,1,3.04,1,1.28,12.7,49.37,England,['England'],,0,0,False,4.34,3.05,63.16,2.41,46.67,0.16,0.25,0.16,2.25,3.44,0.32,0,0.0,0,0.0,2.73,0.16,1,0.16,0.49,0,0.0,19,3.05,36.84,5.263,0.16,1.9300000000000002,33.33,0.16,0.0,1.77,36.36,0.48,1.45,66.67,5.63,42.86,3.38,1.6099999999999999,0.0,20.25,1.29,1.45,22.98,69.23,8.2,58.82,3.05,89.47,20.09,74.4,0.96,33.33,17.27,27.55,0.21,1.77,0.0,0.0,0.32,0.0,0.64,4.18,46.15,2.89,33.33,0.32,0.0,0.48,0.8,3.7,78.26,73.81,6.75,0,,0,,0,0.0,0.0,0.0,,,0.0,,2.41,1.29,0.0,0.0,4.18,0,0
L. Nikolić,Lazar Nikolić,444192,Vojvodina,Vojvodina,https://cdn5.wyscout.com/photos/team/public/700_120x120.png,Super Liga,"RB, RWB",RB,82,RWB,17,,0,27,1999-08-01,500000,2028-06-30,6,560,0,0.0,1,0.54,10.61,43.94,Serbia,['Serbia'],right,177,71,False,6.27,4.34,37.04,2.25,50.0,0.16,0.27,0.8,4.5,7.43,2.09,1,0.16,0,0.0,1.29,0.0,0,0.0,0.0,0,0.0,0,0.0,0.0,0.0,0.16,1.6099999999999999,50.0,0.0,0.0,1.6099999999999999,50.0,0.0,0.64,75.0,2.89,44.44,0.16,0.8,0.16,29.25,1.77,0.8,40.18,76.4,20.89,73.08,4.34,88.89,33.59,81.82,5.3,48.48,20.58,39.78,0.09,0.8,0.0,0.0,0.0,0.0,0.32,6.27,61.54,2.25,50.0,0.0,0.0,0.48,0.64,9.96,67.74,82.81,10.29,0,,0,,0,0.0,0.0,0.0,,,0.64,,2.25,0.0,0.0,0.0,0.0,0,0
R. Milosavljević,Radomir Milosavljević,145022,Radnički Niš,Radnički Niš,https://cdn5.wyscout.com/photos/team/public/g2850_120x120.png,Super Liga,"RDMF, RCMF, LDMF",RDMF,65,RCMF,17,LDMF,17,34,1992-07-30,350000,2027-06-30,6,559,0,0.32,0,0.75,16.42,55.88,Serbia,['Serbia'],left,183,73,False,6.76,5.64,57.14,3.7,73.91,0.32,0.52,0.16,3.22,5.17,1.9300000000000002,2,0.32,0,0.0,2.09,0.0,0,0.0,0.05,0,0.0,6,0.97,16.67,0.0,0.0,1.29,50.0,0.0,0.0,1.29,50.0,0.16,1.6099999999999999,70.0,5.96,45.95,1.13,0.97,0.16,21.09,0.48,0.81,38.64,79.58,15.78,67.35,4.67,79.31,32.84,85.29,4.67,44.83,18.41,38.22,0.12,0.64,0.0,0.0,0.16,100.0,0.64,6.92,67.44,2.74,58.82,0.16,100.0,0.64,0.64,7.25,77.78,89.87,12.72,0,,0,,0,0.0,0.0,0.0,,,0.16,,3.7,0.0,0.0,0.0,0.0,0,0
J. Tiendrébéogo,Wendkuuni Josué Tiendrébéogo,-619722,IMT Novi Beograd,IMT Novi Beograd,https://cdn5.wyscout.com/photos/team/public/g30905_120x120.png,Super Liga,"LCMF, LDMF, CF",LCMF,40,LDMF,25,CF,16,23,2002-11-21,0,,7,551,1,0.75,0,0.26,18.95,44.83,Burkina Faso,['Burkina Faso'],right,169,65,False,7.02,9.8,41.67,2.12,38.46,0.0,0.0,0.0,2.94,4.43,2.94,2,0.33,0,0.0,1.96,0.16,1,0.16,0.12,0,0.0,14,2.29,21.43,7.143,0.0,0.8200000000000001,60.0,0.16,0.0,0.65,75.0,0.16,1.8,54.55,5.88,55.56,1.1400000000000001,1.63,0.16,22.54,0.16,2.29,32.99,80.2,9.8,60.0,7.02,93.02,28.42,85.06,3.76,47.83,19.87,35.39,0.04,0.8200000000000001,0.0,0.0,0.33,0.0,0.49,5.88,63.89,2.94,33.33,0.33,0.0,0.65,0.49,6.04,78.38,87.84,12.09,0,,0,,0,0.0,0.0,0.0,,,0.49,,2.12,0.16,0.16,0.0,0.0,0,0
K. Tojčić,Kristijan Tojčić,523223,Mačva Šabac,Mačva Šabac,https://cdn5.wyscout.com/photos/team/public/g3221_120x120.png,Super Liga,"RDMF, RCB, RCMF",RDMF,52,RCB,34,RCMF,12,26,1999-12-06,500000,,7,547,0,0.11,0,0.0,9.87,48.33,Bosnia and Herzegovina,"['Bosnia and Herzegovina', 'Serbia']",right,191,84,False,7.24,3.62,40.91,2.63,62.5,0.0,0.0,0.99,5.76,7.05,1.97,3,0.49,0,0.0,0.33,0.0,0,0.0,0.02,0,0.0,1,0.16,100.0,0.0,0.0,0.0,0.0,0.0,0.0,0.0,0.0,0.0,0.49,33.33,2.63,43.75,0.33,0.16,0.0,16.29,0.49,1.15,27.97,81.76,12.34,69.33,2.14,92.31,24.68,88.0,3.29,35.0,18.65,42.43,0.0,0.0,0.0,0.0,0.0,0.0,0.0,3.46,52.38,0.33,0.0,0.0,0.0,0.16,0.0,6.09,54.05,93.75,7.9,0,,0,,0,0.0,0.0,0.0,,,0.33,,2.63,0.0,0.0,0.0,0.0,0,0
L. Randelović,Lazar Randelović,461778,Vojvodina,Vojvodina,https://cdn5.wyscout.com/photos/team/public/700_120x120.png,Super Liga,"RW, RAMF, RWF",RW,44,RAMF,37,RWF,17,29,1997-08-05,1800000,2029-06-30,7,547,2,1.9500000000000002,6,2.46,13.33,38.27,Serbia,['Serbia'],right,175,68,False,1.65,3.46,19.05,1.32,25.0,0.0,0.0,0.0,0.99,1.58,0.8200000000000001,2,0.33,0,0.0,4.11,0.33,2,0.33,0.32,0,0.0,14,2.3,35.71,14.286,0.99,4.77,34.48,0.16,100.0,4.44,33.33,1.15,2.3,71.43,7.07,51.16,6.42,1.81,0.33,29.12,4.61,1.15,33.07,75.62,7.24,56.82,8.39,96.08,25.83,82.17,2.8,76.47,17.92,38.49,0.4,1.81,0.0,0.0,0.0,0.0,1.81,2.47,80.0,4.11,44.0,0.16,100.0,2.47,2.14,5.59,76.47,69.35,10.2,0,,0,,0,0.0,0.0,0.0,,,0.49,,1.32,0.0,0.0,0.0,0.0,0,0
L. Pejovic,Luka  Pejovic,-193202,Mačva Šabac,Mačva Šabac,https://cdn5.wyscout.com/photos/team/public/g3221_120x120.png,Super Liga,"LAMF, LW",LAMF,79,LW,13,,0,27,1999-06-22,0,,7,545,1,0.86,0,0.54,18.5,43.75,Serbia,['Serbia'],,0,0,False,5.61,7.43,40.0,2.31,57.14,0.17,0.21,0.0,2.48,3.08,2.15,2,0.33,0,0.0,1.98,0.17,1,0.17,0.14,0,0.0,10,1.65,30.0,10.0,0.0,2.15,23.08,2.15,23.08,0.0,0.0,0.0,1.98,41.67,7.27,45.45,1.82,1.49,0.5,16.18,2.48,1.82,20.97,65.35,5.78,51.43,4.79,82.76,16.84,74.51,2.31,35.71,19.85,39.27,0.09,0.5,0.17,0.0,0.17,100.0,0.66,3.14,52.63,1.98,50.0,0.17,100.0,0.8300000000000001,0.33,4.62,46.43,55.56,5.94,0,,0,,0,0.0,0.0,0.0,,,0.0,,2.31,0.0,0.0,0.0,0.0,0,0
T. De Barr,Tjay De Barr,427675,OFK Beograd,OFK Beograd,https://cdn5.wyscout.com/photos/team/public/705_120x120.png,Super Liga,"LW, LCMF, RCMF",LW,35,LCMF,20,RCMF,18,26,2000-03-13,0,2029-06-30,7,543,1,1.25,0,0.77,19.56,51.69,Gibraltar,['Gibraltar'],right,175,74,False,6.96,6.96,52.38,2.8200000000000003,29.41,0.8300000000000001,1.34,0.33,2.49,4.02,1.33,1,0.17,0,0.0,2.8200000000000003,0.17,1,0.17,0.21,0,0.0,9,1.49,33.33,11.111,0.0,1.99,41.67,1.33,50.0,0.66,25.0,0.17,2.15,61.54,7.62,60.87,1.6600000000000001,0.99,0.0,22.87,1.33,3.65,30.33,74.86,8.78,56.6,7.13,95.35,25.69,79.35,2.65,56.25,17.19,44.27,0.13,0.66,0.0,0.0,0.17,100.0,0.66,3.81,52.17,2.98,44.44,0.17,100.0,0.8300000000000001,0.99,4.8100000000000005,68.97,75.47,8.78,0,,0,,0,0.0,0.0,0.0,,,0.5,,2.8200000000000003,0.0,0.0,0.0,0.0,0,0
N. Belaković,Nemanja Belaković,391939,Zemun,Zemun,https://cdn5.wyscout.com/photos/team/public/1258_120x120.png,Super Liga,"LW, RAMF",LW,48,RAMF,39,,0,29,1997-01-08,350000,2027-06-30,7,538,0,0.76,1,0.68,17.9,63.55,Serbia,['Serbia'],right,183,75,False,6.36,4.52,74.07,2.68,37.5,0.0,0.0,0.17,3.01,3.14,0.5,2,0.33,0,0.0,3.85,0.0,0,0.0,0.13,0,0.0,7,1.17,14.29,0.0,0.17,3.35,40.0,1.67,40.0,1.67,40.0,0.84,2.84,76.47,9.37,66.07,2.01,2.51,0.33,14.72,1.17,3.01,20.91,72.0,5.02,60.0,4.85,93.1,17.23,77.67,0.5,66.67,17.53,14.81,0.11,1.51,0.0,0.0,0.17,100.0,0.84,1.34,87.5,3.35,40.0,0.17,100.0,0.17,1.51,2.17,76.92,68.09,7.86,0,,0,,0,0.0,0.0,0.0,,,0.0,,2.68,1.17,0.0,0.0,2.01,0,0
S. Simović,Slobodan Simović,90084,Radnički Kragujevac,Radnički Kragujevac,https://cdn5.wyscout.com/photos/team/public/g2849_120x120.png,Super Liga,"LCB, RCB",LCB,71,RCB,17,,0,37,1989-05-22,75000,2027-06-30,6,537,1,1.06,0,0.0,14.75,68.18,Serbia,"['Serbia', 'Hungary']",right,192,90,False,13.07,6.54,71.79,3.69,59.09,0.17,0.31,0.5,8.21,15.31,1.6800000000000002,1,0.17,0,0.0,1.17,0.17,1,0.17,0.18,0,0.0,6,1.01,83.33,16.667,0.0,0.0,0.0,0.0,0.0,0.0,0.0,0.0,0.5,66.67,2.51,73.33,1.34,2.51,0.17,36.87,0.5,1.6800000000000002,53.3,88.36,19.61,79.49,2.85,88.24,46.09,92.0,7.21,65.12,24.36,44.11,0.0,0.0,0.0,0.0,0.0,0.0,0.0,6.54,79.49,0.34,0.0,0.17,0.0,0.17,0.0,8.72,65.38,96.99,27.82,0,,0,,0,0.0,0.0,0.0,,,2.51,,3.69,0.0,0.0,0.0,0.0,0,0
D. Zukić,Dejan Zukić,517433,Vojvodina,Vojvodina,https://cdn5.wyscout.com/photos/team/public/700_120x120.png,Super Liga,"LCMF, RCMF, LDMF",LCMF,38,RCMF,29,LDMF,17,25,2001-05-07,0,2029-06-30,7,514,5,3.58,0,0.54,7.7,40.91,Serbia,['Serbia'],right,181,70,False,1.75,2.45,50.0,2.2800000000000002,46.15,0.0,0.0,0.0,0.53,0.86,1.58,3,0.53,0,0.0,1.75,0.88,5,0.88,0.63,2,0.35000000000000003,13,2.2800000000000002,53.85,38.462,0.0,0.53,66.67,0.18,0.0,0.35000000000000003,100.0,0.18,0.53,0.0,2.63,26.67,3.33,0.35000000000000003,0.0,24.69,0.88,0.88,33.62,85.94,9.63,87.27,7.7,88.64,31.87,86.81,1.23,71.43,15.3,17.43,0.09,1.05,0.0,0.0,0.18,100.0,0.53,4.55,92.31,1.75,70.0,0.18,100.0,1.4,0.35000000000000003,5.25,76.67,88.89,9.46,0,,0,,0,0.0,0.0,0.0,,,0.35000000000000003,,2.2800000000000002,0.0,0.0,0.0,0.0,1,0
I. Abass,Issah Abass,476000,Radnički Niš,Radnički Niš,https://cdn5.wyscout.com/photos/team/public/g2850_120x120.png,Super Liga,"LAMF, LW",LAMF,77,LW,19,,0,27,1998-09-26,225000,,6,507,1,2.21,0,1.32,18.46,48.08,Ghana,['Ghana'],right,173,69,False,3.91,4.62,46.15,2.66,60.0,0.0,0.0,0.0,1.78,2.94,2.49,2,0.36,0,0.0,4.79,0.18,1,0.18,0.39,0,0.0,16,2.84,43.75,6.25,0.0,3.91,40.91,3.73,42.86,0.18,0.0,0.36,3.55,50.0,9.94,46.43,4.44,3.37,0.0,29.47,3.73,2.66,34.08,75.0,7.8100000000000005,63.64,6.92,89.74,26.98,82.24,3.55,55.0,21.72,50.05,0.23,1.78,0.36,0.0,0.71,25.0,1.24,4.44,60.0,5.86,57.58,0.71,25.0,2.66,1.6,8.88,82.0,74.03,13.67,0,,0,,0,0.0,0.0,0.0,,,0.89,,2.66,0.0,0.0,0.0,2.13,1,0
K. Rakonic,Kosta Rakonic,-256534,Mačva Šabac,Mačva Šabac,https://cdn5.wyscout.com/photos/team/public/g3221_120x120.png,Super Liga,GK,GK,100,,0,,0,21,2004-10-25,0,,6,504,0,0.0,0,0.0,0.54,100.0,Serbia,['Serbia'],,0,0,False,0.36,0.0,0.0,0.0,0.0,0.0,0.0,0.0,0.36,0.46,0.0,0,0.0,0,0.0,0.0,0.0,0,0.0,0.0,0,0.0,0,0.0,0.0,0.0,0.0,0.0,0.0,0.0,0.0,0.0,0.0,0.0,0.0,0.0,0.54,100.0,0.0,0.0,0.0,12.14,0.0,0.54,21.07,80.51,10.36,67.24,0.0,0.0,14.11,94.94,6.96,51.28,27.61,44.37,0.0,0.0,0.0,0.0,0.0,0.0,0.0,1.07,33.33,0.0,0.0,0.0,0.0,0.0,0.0,6.25,48.57,92.45,9.46,12,2.14,29,5.18,1,58.62,10.74,1.92,-1.26,-0.225,0.0,1.25,0.0,,,,0.0,0,0
D. Tabaković,Dimitrije Tabaković,-155280,Zemun,Zemun,https://cdn5.wyscout.com/photos/team/public/1258_120x120.png,Super Liga,"LAMF, CF, RW",LAMF,34,CF,28,RW,14,22,2004-06-03,0,2027-06-30,7,503,0,0.72,0,0.2,15.03,35.71,Serbia,['Serbia'],right,0,0,False,4.47,4.83,40.74,3.22,61.11,0.36,0.37,0.0,2.15,2.21,1.6099999999999999,1,0.18,0,0.0,0.54,0.0,0,0.0,0.13,0,0.0,6,1.07,33.33,0.0,0.0,0.54,0.0,0.36,0.0,0.18,0.0,0.18,0.54,33.33,6.26,20.0,1.79,0.54,0.36,11.45,1.43,0.54,16.28,72.53,3.94,72.73,3.58,80.0,15.39,74.42,0.36,100.0,14.0,10.31,0.04,0.36,0.0,0.0,0.0,0.0,0.36,0.89,100.0,0.89,60.0,0.0,0.0,0.54,0.0,1.79,50.0,80.0,4.47,0,,0,,0,0.0,0.0,0.0,,,0.0,,3.22,0.0,0.0,0.0,0.0,0,0
D. Zagar,Dušan  Zagar,-484073,IMT Novi Beograd,IMT Novi Beograd,https://cdn5.wyscout.com/photos/team/public/g30905_120x120.png,Super Liga,"RAMF, RW, LW",RAMF,43,RW,39,LW,10,19,2006-10-28,0,,6,499,1,1.19,0,1.03,10.46,50.0,Serbia,['Serbia'],,0,0,False,3.61,3.25,38.89,1.08,0.0,0.18,0.27,0.0,2.16,3.27,1.8,1,0.18,0,0.0,4.33,0.18,1,0.18,0.21,0,0.0,16,2.89,43.75,6.25,0.0,2.89,18.75,0.54,0.0,2.34,23.08,0.18,2.89,87.5,5.77,62.5,2.89,3.07,0.36,16.95,3.25,0.54,20.2,64.29,4.51,64.0,4.15,91.3,15.33,74.12,1.98,54.55,19.0,30.14,0.19,0.9,0.0,0.0,0.0,0.0,0.9,2.16,75.0,3.25,27.78,0.0,0.0,0.54,0.72,4.33,79.17,58.54,7.39,0,,0,,0,0.0,0.0,0.0,,,0.18,,1.08,0.0,0.0,0.0,0.0,0,0
S. Peña,Sergio Fernando Peña Flores,240975,OFK Beograd,OFK Beograd,https://cdn5.wyscout.com/photos/team/public/705_120x120.png,Super Liga,"RCMF, RDMF, LCMF",RCMF,55,RDMF,17,LCMF,15,30,1995-09-28,0,2028-12-31,7,499,1,0.14,1,0.09,12.08,53.73,Peru,"['Peru', 'Spain']",right,178,70,False,7.39,6.31,68.57,1.44,37.5,0.18,0.28,0.18,2.89,4.53,0.36,0,0.0,0,0.0,1.08,0.18,1,0.18,0.03,0,0.0,4,0.72,75.0,25.0,0.18,0.9,20.0,0.0,0.0,0.9,20.0,0.0,0.9,40.0,3.79,38.1,0.18,0.36,0.0,43.83,0.54,1.08,62.77,87.07,16.05,71.91,9.74,100.0,54.11,91.33,7.94,63.64,21.32,42.73,0.02,0.18,0.0,0.18,0.18,0.0,0.0,9.56,77.36,2.71,40.0,0.18,0.0,0.72,0.18,9.38,76.92,91.72,28.32,0,,0,,0,0.0,0.0,0.0,,,2.34,,1.44,1.08,0.0,0.0,0.36,0,0
M. Roganović,Milan Roganović,-209495,Partizan,Partizan,https://cdn5.wyscout.com/photos/team/public/699_120x120.png,Super Liga,RB,RB,100,,0,,0,20,2005-10-28,0,2030-06-30,5,495,0,0.07,1,0.56,10.36,61.4,Montenegro,['Montenegro'],right,0,0,False,5.64,4.18,56.52,2.73,73.33,0.0,0.0,0.0,3.27,5.74,0.55,0,0.0,0,0.0,2.91,0.0,0,0.0,0.01,0,0.0,2,0.36,0.0,0.0,0.18,4.73,46.15,0.0,0.0,4.73,46.15,0.18,1.09,66.67,2.91,68.75,0.36,0.73,0.0,37.09,2.73,1.09,51.27,81.91,17.82,74.49,6.73,97.3,41.82,89.13,4.91,55.56,18.7,37.21,0.1,0.91,0.0,0.0,0.0,0.0,1.09,5.64,80.65,4.91,51.85,0.0,0.0,0.36,2.0,11.09,77.05,80.81,18.0,0,,0,,0,0.0,0.0,0.0,,,0.73,,2.73,0.0,0.0,0.0,0.0,0,0
S. Milić,Stefan Milić,466664,Partizan,Partizan,https://cdn5.wyscout.com/photos/team/public/699_120x120.png,Super Liga,"RCB, LCB",RCB,59,LCB,40,,0,26,2000-07-06,300000,2029-06-30,5,492,0,0.25,0,0.0,11.34,66.13,Montenegro,['Montenegro'],right,187,0,False,8.78,4.21,65.22,4.57,64.0,0.18,0.32,0.91,5.85,10.21,0.73,1,0.18,0,0.0,0.37,0.0,0,0.0,0.05,0,0.0,1,0.18,0.0,0.0,0.0,1.1,16.67,0.18,0.0,0.91,20.0,0.0,0.18,100.0,1.46,87.5,1.1,2.01,0.0,35.67,0.91,1.28,55.43,88.45,22.13,83.47,2.74,86.67,50.85,91.73,3.48,63.16,19.97,42.1,0.0,0.0,0.0,0.0,0.0,0.0,0.18,7.32,87.5,1.83,30.0,0.0,0.0,0.18,0.18,9.33,78.43,91.94,22.68,0,,0,,0,0.0,0.0,0.0,,,2.01,,4.57,0.0,0.0,0.0,0.0,0,0
J. Ćirić,Jovan Ćirić,-523909,Mladost Lučani,Mladost Lučani,https://cdn5.wyscout.com/photos/team/public/703_120x120.png,Super Liga,LWF,LWF,100,,0,,0,19,2007-02-25,0,,7,490,0,0.59,1,0.78,13.41,46.58,Serbia,['Serbia'],left,175,0,False,1.29,1.8399999999999999,50.0,1.29,28.57,0.0,0.0,0.0,0.37,0.37,1.29,0,0.0,0,0.0,2.94,0.0,0,0.0,0.11,0,0.0,10,1.8399999999999999,40.0,0.0,0.18,2.02,18.18,1.8399999999999999,20.0,0.18,0.0,0.18,3.67,50.0,9.55,48.08,1.65,3.12,0.55,15.43,2.39,1.65,18.37,63.0,5.69,48.39,4.78,88.46,15.98,70.11,0.55,0.0,16.02,11.84,0.14,0.55,0.0,0.37,0.0,0.0,0.55,1.1,50.0,2.5700000000000003,42.86,0.0,0.0,0.92,0.37,2.5700000000000003,42.86,57.14,3.86,0,,0,,0,0.0,0.0,0.0,,,0.0,,1.29,0.0,0.0,0.0,0.0,0,0
L. Izderic,Luka Izderic,-454732,Radnički Niš,Radnički Niš,https://cdn5.wyscout.com/photos/team/public/g2850_120x120.png,Super Liga,AMF,AMF,90,,0,,0,20,2006-03-13,0,2028-06-30,6,484,1,0.49,0,0.15,14.88,48.75,Serbia,"['Serbia', 'Austria']",unknown,0,0,False,3.5300000000000002,4.28,52.17,3.9,23.81,0.0,0.0,0.0,1.3,2.2800000000000002,1.8599999999999999,0,0.0,0,0.0,1.67,0.19,1,0.19,0.09,0,0.0,4,0.74,75.0,25.0,0.0,1.12,33.33,0.74,25.0,0.37,50.0,0.19,1.3,57.14,5.76,58.06,4.28,0.74,0.19,14.32,0.37,1.3,24.36,80.15,4.83,57.69,7.44,92.5,21.94,82.2,1.49,75.0,15.74,31.55,0.03,0.37,0.0,0.0,0.0,0.0,0.56,2.23,66.67,0.74,50.0,0.0,0.0,0.37,0.37,2.05,63.64,82.5,7.44,0,,0,,0,0.0,0.0,0.0,,,0.0,,3.9,0.0,0.0,0.0,0.37,0,0
M. Momcilović,Miljan Momcilović,-110600,OFK Beograd,OFK Beograd,https://cdn5.wyscout.com/photos/team/public/705_120x120.png,Super Liga,"LCMF, DMF, CB",LCMF,35,DMF,32,CB,16,25,2001-03-17,0,2027-06-30,7,482,0,0.08,0,0.11,14.0,68.0,Bosnia and Herzegovina,"['Bosnia and Herzegovina', 'Serbia']",right,184,79,False,8.59,6.91,67.57,2.43,69.23,0.0,0.0,0.75,3.92,6.85,1.12,1,0.19,0,0.0,0.56,0.0,0,0.0,0.01,0,0.0,3,0.56,33.33,0.0,0.0,0.19,100.0,0.0,0.0,0.19,100.0,0.19,0.37,50.0,4.11,68.18,0.19,0.75,0.19,23.34,0.0,2.05,37.72,84.65,9.9,66.04,4.67,96.0,33.61,88.33,3.92,52.38,20.77,38.74,0.02,0.19,0.0,0.0,0.0,0.0,0.19,4.85,76.92,0.93,60.0,0.0,0.0,0.37,0.19,5.04,62.96,90.63,17.93,0,,0,,0,0.0,0.0,0.0,,,1.6800000000000002,,2.43,0.0,0.0,0.0,0.0,0,0
A. Vukičević,Aleksej Vukičević,-294588,OFK Beograd,OFK Beograd,https://cdn5.wyscout.com/photos/team/public/705_120x120.png,Super Liga,"LCB, RCB",LCB,59,RCB,40,,0,21,2005-06-11,0,2027-06-30,5,481,0,0.18,0,0.0,8.98,70.83,Serbia,['Serbia'],right,0,0,False,5.43,1.12,66.67,4.3,65.22,0.19,0.29,0.37,4.49,7.06,0.9400000000000001,2,0.37,0,0.0,0.37,0.0,0,0.0,0.03,0,0.0,2,0.37,50.0,0.0,0.0,0.19,0.0,0.19,0.0,0.0,0.0,0.0,0.19,100.0,2.43,69.23,0.37,1.31,0.19,29.0,0.37,2.06,41.16,87.73,14.78,75.95,1.87,100.0,36.3,94.85,4.68,36.0,21.29,39.75,0.0,0.0,0.0,0.0,0.0,0.0,0.0,4.3,56.52,0.56,0.0,0.0,0.0,0.0,0.0,5.24,64.29,94.59,20.77,0,,0,,0,0.0,0.0,0.0,,,1.5,,4.3,0.0,0.0,0.0,0.0,0,0
N. Marjanovic,Nikola Marjanovic,-354766,Radnički Kragujevac,Radnički Kragujevac,https://cdn5.wyscout.com/photos/team/public/g2849_120x120.png,Super Liga,"RCB, LCB",RCB,67,LCB,19,,0,28,1998-04-16,0,,5,480,0,1.17,0,0.25,13.31,59.15,Serbia,['Serbia'],right,190,0,False,8.63,5.06,51.85,5.8100000000000005,61.29,0.0,0.0,0.9400000000000001,6.0,10.55,1.88,4,0.75,0,0.0,0.19,0.0,0,0.0,0.22,0,0.0,5,0.9400000000000001,20.0,0.0,0.0,0.0,0.0,0.0,0.0,0.0,0.0,0.0,0.0,0.0,1.31,85.71,1.5,2.44,0.19,34.88,0.75,1.13,53.44,87.37,18.56,77.78,4.69,92.0,49.12,90.08,4.31,56.52,21.05,40.75,0.05,0.56,0.0,0.0,0.0,0.0,0.38,6.19,78.79,0.38,50.0,0.0,0.0,0.38,0.0,9.56,68.63,95.07,26.63,0,,0,,0,0.0,0.0,0.0,,,3.56,,5.8100000000000005,0.19,0.0,0.0,0.0,0,0
N. Vidojević,Nemanja  Vidojević,-294629,Železničar Pancevo,Železničar Pancevo,https://cdn5.wyscout.com/photos/team/public/g34577_120x120.png,Super Liga,LCB,LCB,96,,0,,0,22,2004-07-05,0,,5,480,0,0.0,0,0.0,10.88,65.52,Serbia,['Serbia'],left,0,0,False,6.94,3.38,55.56,4.13,77.27,0.56,0.9500000000000001,0.75,4.5,7.58,2.25,1,0.19,0,0.0,0.19,0.0,0,0.0,0.0,0,0.0,0,0.0,0.0,0.0,0.0,0.0,0.0,0.0,0.0,0.0,0.0,0.0,0.19,100.0,2.06,63.64,0.0,0.38,0.0,66.0,0.56,1.88,80.81,94.66,24.19,84.5,4.5,95.83,76.69,96.33,4.13,63.64,18.35,48.25,0.0,0.0,0.0,0.0,0.0,0.0,0.19,6.94,78.38,0.56,0.0,0.19,100.0,0.0,0.0,7.5,72.5,99.1,41.44,0,,0,,0,0.0,0.0,0.0,,,2.44,,4.13,0.0,0.0,0.0,0.0,0,0
N. Đuričić,Nikola Đuričić,-186512,Železničar Pancevo,Železničar Pancevo,https://cdn5.wyscout.com/photos/team/public/g34577_120x120.png,Super Liga,LB,LB,96,,0,,0,26,1999-12-12,0,,5,480,1,0.5700000000000001,0,0.34,12.75,54.41,Serbia,['Serbia'],left,180,73,False,4.13,3.19,52.94,4.88,65.38,0.19,0.32,0.19,2.25,3.79,0.9400000000000001,0,0.0,0,0.0,1.13,0.19,1,0.19,0.11,0,0.0,4,0.75,25.0,25.0,0.0,0.56,33.33,0.56,33.33,0.0,0.0,0.0,0.75,100.0,3.38,61.11,1.5,0.56,0.0,49.88,1.88,0.9400000000000001,62.25,88.25,22.13,78.81,7.5,95.0,56.25,91.67,5.63,56.67,18.39,43.62,0.06,0.56,0.19,0.0,0.0,0.0,0.19,8.06,74.42,0.9400000000000001,80.0,0.19,0.0,0.75,0.19,10.31,69.09,95.69,21.75,0,,0,,0,0.0,0.0,0.0,,,0.38,,4.88,0.0,0.0,0.0,0.0,0,0
Z. Popović,Zoran Popović,258594,Železničar Pancevo,Železničar Pancevo,https://cdn5.wyscout.com/photos/team/public/g34577_120x120.png,Super Liga,GK,GK,100,,0,,0,38,1988-05-28,50000,2027-06-30,5,480,0,0.0,0,0.0,0.0,0.0,Serbia,"['Serbia', 'Croatia']",right,188,81,False,0.19,0.0,0.0,0.0,0.0,0.0,0.0,0.0,0.19,0.32,0.0,0,0.0,0,0.0,0.0,0.0,0,0.0,0.0,0,0.0,0,0.0,0.0,0.0,0.0,0.0,0.0,0.0,0.0,0.0,0.0,0.0,0.0,0.0,0.0,0.0,0.0,0.0,0.0,20.25,0.38,0.0,30.0,83.13,14.81,73.42,0.0,0.0,19.88,98.11,10.13,53.7,28.5,48.55,0.0,0.0,0.0,0.0,0.0,0.0,0.0,3.38,50.0,0.0,0.0,0.0,0.0,0.19,0.0,8.06,60.47,91.43,13.13,5,0.9400000000000001,17,3.19,1,70.59,5.96,1.12,0.96,0.18,0.0,1.13,0.0,,,,0.0,0,0
V. Bakić,Vasilije Bakić,464187,Zemun,Zemun,https://cdn5.wyscout.com/photos/team/public/1258_120x120.png,Super Liga,LCB,LCB,100,,0,,0,26,2000-05-24,400000,,5,480,0,0.45,0,0.0,12.38,63.64,Serbia,['Serbia'],left,192,84,False,11.81,7.5,60.0,3.56,73.68,0.19,0.2,2.44,7.13,7.65,1.5,4,0.75,0,0.0,0.56,0.0,0,0.0,0.08,0,0.0,3,0.56,66.67,0.0,0.0,0.0,0.0,0.0,0.0,0.0,0.0,0.0,0.0,0.0,0.38,50.0,0.75,0.56,0.0,22.31,0.38,0.56,33.38,85.96,13.88,75.68,0.56,100.0,31.13,89.76,2.25,33.33,19.88,42.03,0.0,0.0,0.0,0.0,0.19,100.0,0.0,1.5,62.5,0.38,0.0,0.19,100.0,0.19,0.0,4.69,60.0,92.86,15.75,0,,0,,0,0.0,0.0,0.0,,,0.19,,3.56,0.0,0.0,0.0,0.0,0,0
A. Hameed Ayinde,Aderoju Hameed Ayinde,-613323,OFK Beograd,OFK Beograd,https://cdn5.wyscout.com/photos/team/public/705_120x120.png,Super Liga,"RW, RAMF",RW,80,RAMF,19,,0,21,2005-06-25,0,,7,479,0,1.06,3,2.48,22.36,44.54,Nigeria,['Nigeria'],right,0,0,False,7.52,6.2,42.42,1.88,40.0,0.0,0.0,0.0,4.89,7.5,1.5,2,0.38,0,0.0,3.95,0.0,0,0.0,0.2,0,0.0,13,2.44,15.38,0.0,0.56,4.89,23.08,0.56,33.33,4.32,21.74,0.19,3.01,75.0,11.46,44.26,3.95,4.51,0.56,16.72,2.07,1.13,24.24,62.02,6.95,67.57,3.76,70.0,18.23,72.16,1.13,66.67,16.51,17.34,0.47000000000000003,2.07,0.0,0.0,0.19,100.0,2.07,1.5,37.5,4.89,23.08,0.19,100.0,1.5,1.5,4.13,68.18,50.0,8.27,0,,0,,0,0.0,0.0,0.0,,,0.0,,1.88,0.0,0.0,0.0,0.38,0,0
M. Vukotić,Milan Vukotić,518005,Partizan,Partizan,https://cdn5.wyscout.com/photos/team/public/699_120x120.png,Super Liga,"RCMF, LCMF, LDMF",RCMF,40,LCMF,19,LDMF,19,23,2002-10-05,0,2029-06-30,6,475,1,0.92,2,1.03,10.61,53.57,Montenegro,['Montenegro'],right,178,0,False,2.84,3.03,56.25,0.9500000000000001,40.0,0.0,0.0,0.19,1.1400000000000001,2.17,1.1400000000000001,2,0.38,0,0.0,2.65,0.19,1,0.19,0.17,0,0.0,15,2.84,13.33,6.667,0.38,3.41,38.89,0.5700000000000001,33.33,2.84,40.0,0.5700000000000001,1.1400000000000001,66.67,5.68,53.33,0.76,1.71,0.0,54.57,0.9500000000000001,1.52,67.45,88.48,20.27,81.31,8.15,95.35,57.22,93.71,7.39,69.23,19.93,43.01,0.2,1.71,0.0,0.0,0.19,100.0,1.33,11.94,85.71,4.74,48.0,0.38,100.0,1.1400000000000001,1.33,11.18,84.75,90.73,28.61,0,,0,,0,0.0,0.0,0.0,,,1.1400000000000001,,0.9500000000000001,1.1400000000000001,0.19,100.0,1.8900000000000001,0,0
V. Ilić,Vladimir Ilić,-88406,Mačva Šabac,Mačva Šabac,https://cdn5.wyscout.com/photos/team/public/g3221_120x120.png,Super Liga,RB,RB,100,,0,,0,27,1999-02-24,250000,2027-06-30,6,473,0,0.05,0,0.22,13.51,47.89,Serbia,['Serbia'],right,180,70,False,6.85,6.85,36.11,1.52,50.0,0.38,0.46,0.9500000000000001,4.0,4.85,1.9,2,0.38,0,0.0,0.9500000000000001,0.0,0,0.0,0.01,0,0.0,1,0.19,0.0,0.0,0.0,0.9500000000000001,0.0,0.0,0.0,0.9500000000000001,0.0,0.0,0.9500000000000001,100.0,4.57,66.67,0.5700000000000001,0.76,0.19,13.13,0.76,2.47,19.79,71.15,9.13,54.17,1.9,100.0,15.79,81.93,3.23,35.29,20.35,34.57,0.04,0.38,0.0,0.0,0.0,0.0,0.38,1.9,60.0,1.52,12.5,0.0,0.0,0.38,0.0,5.52,41.38,77.27,4.19,0,,0,,0,0.0,0.0,0.0,,,0.19,,1.52,0.0,0.0,0.0,0.0,0,0
J. Jevremović,Janko Jevremović,-256540,Železničar Pancevo,Železničar Pancevo,https://cdn5.wyscout.com/photos/team/public/g34577_120x120.png,Super Liga,"RCMF3, RCMF, DMF",RCMF3,36,RCMF,33,DMF,21,22,2004-07-14,0,2027-06-30,5,470,2,1.92,0,0.09,9.19,60.42,Serbia,['Serbia'],left,181,74,False,4.02,2.49,61.54,1.15,66.67,0.0,0.0,0.38,2.49,4.24,0.77,0,0.0,0,0.0,1.53,0.38,2,0.38,0.37,0,0.0,10,1.9100000000000001,40.0,20.0,0.0,0.5700000000000001,33.33,0.19,100.0,0.38,0.0,0.19,0.77,75.0,4.4,60.87,1.53,1.53,0.5700000000000001,31.21,0.0,2.3,37.72,85.79,9.19,66.67,6.89,94.44,36.0,87.23,1.34,71.43,16.19,20.78,0.02,0.5700000000000001,0.19,0.0,0.0,0.0,0.5700000000000001,3.45,72.22,1.34,42.86,0.0,0.0,0.77,0.0,3.06,75.0,90.67,14.36,0,,0,,0,0.0,0.0,0.0,,,1.34,,1.15,0.0,0.0,0.0,0.0,0,0
N. Lainović,Nikola Lainović,-240483,Mačva Šabac,Mačva Šabac,https://cdn5.wyscout.com/photos/team/public/g3221_120x120.png,Super Liga,"LB, RB",LB,49,RB,42,,0,24,2001-12-19,75000,2027-06-30,7,468,0,0.03,0,0.61,12.88,53.73,Serbia,['Serbia'],,181,74,False,6.15,3.46,55.56,1.35,42.86,0.0,0.0,0.19,4.23,5.45,0.58,0,0.0,0,0.0,2.31,0.0,0,0.0,0.01,0,0.0,3,0.58,0.0,0.0,0.0,1.35,28.57,0.38,50.0,0.96,20.0,0.19,2.69,71.43,7.5,51.28,0.58,0.96,0.38,16.35,0.19,1.35,27.31,76.76,11.73,68.85,4.62,95.83,23.27,83.47,2.69,42.86,16.93,31.58,0.12,0.96,0.0,0.0,0.0,0.0,0.38,3.08,68.75,1.35,42.86,0.0,0.0,0.58,0.38,5.38,50.0,81.82,6.35,0,,0,,0,0.0,0.0,0.0,,,1.73,,1.35,0.58,0.0,0.0,0.0,0,0
M. Gobeljić,Marko  Gobeljić,201572,OFK Beograd,OFK Beograd,https://cdn5.wyscout.com/photos/team/public/705_120x120.png,Super Liga,RB,RB,96,,0,,0,33,1992-09-13,300000,,7,468,0,0.28,1,0.5,11.73,59.02,Serbia,['Serbia'],right,185,72,False,6.92,4.8100000000000005,56.0,3.08,50.0,0.0,0.0,0.19,4.23,6.53,1.35,1,0.19,0,0.0,1.73,0.0,0,0.0,0.05,0,0.0,1,0.19,0.0,0.0,0.19,1.35,42.86,0.0,0.0,1.35,42.86,0.38,1.15,100.0,2.5,76.92,0.58,0.58,0.58,24.81,2.69,0.96,36.54,75.79,17.12,69.66,7.31,89.47,29.42,83.01,5.77,46.67,15.33,29.49,0.1,0.77,0.0,0.0,0.0,0.0,0.58,5.58,65.52,4.42,39.13,0.19,100.0,1.15,0.58,9.04,61.7,74.42,8.27,0,,0,,0,0.0,0.0,0.0,,,1.35,,3.08,0.0,0.0,0.0,0.0,0,0
J. Agwom Dauda,Johnson Agwom Dauda,-771406,,Novi Pazar,,,RAMF,RAMF,91,,0,,0,19,2007-05-04,0,,7,465,0,1.16,1,0.88,15.68,44.44,Nigeria,['Nigeria'],,0,0,False,6.0,5.8100000000000005,50.0,3.48,38.89,0.0,0.0,0.0,3.1,4.71,1.94,2,0.39,0,0.0,2.71,0.0,0,0.0,0.23,0,0.0,12,2.32,25.0,0.0,0.19,2.13,27.27,0.0,0.0,2.13,27.27,0.19,2.32,66.67,5.23,44.44,3.1,2.71,0.39,17.81,2.9,0.77,21.48,67.57,6.0,48.39,4.06,95.24,18.58,73.96,0.97,20.0,16.32,22.46,0.17,0.97,0.0,0.0,0.19,0.0,0.77,1.55,62.5,2.71,35.71,0.19,0.0,0.77,0.58,3.1,75.0,64.52,6.0,0,,0,,0,0.0,0.0,0.0,,,0.19,,3.48,0.0,0.0,0.0,0.0,0,0
Honi Uzuegbunam,John Mary Honi Uzuegbunam,396717,Mladost Lučani,Mladost Lučani,https://cdn5.wyscout.com/photos/team/public/703_120x120.png,Super Liga,CF,CF,100,,0,,0,33,1993-03-09,375000,2027-06-30,7,464,0,1.33,0,0.0,18.43,28.42,Nigeria,"['Nigeria', 'Cameroon']",right,186,82,False,2.91,1.3599999999999999,0.0,8.15,30.95,0.0,0.0,0.19,2.91,3.0,2.13,1,0.19,0,0.0,0.97,0.0,0,0.0,0.26,0,0.0,9,1.75,22.22,0.0,0.0,0.19,0.0,0.0,0.0,0.19,0.0,0.0,0.97,60.0,6.59,26.47,2.52,0.39,0.19,9.31,3.3,0.78,14.35,74.32,2.33,75.0,5.24,77.78,13.19,79.41,0.97,20.0,14.26,15.24,0.0,0.0,0.19,0.0,0.0,0.0,0.19,1.75,100.0,0.39,0.0,0.0,0.0,0.19,0.0,1.75,77.78,72.73,4.27,0,,0,,0,0.0,0.0,0.0,,,0.19,,8.15,0.0,0.0,0.0,0.0,0,0
T. Drammeh,Tijan Sonha Drammeh,-619820,Radnik Surdulica,Radnik Surdulica,https://cdn5.wyscout.com/photos/team/public/g6756_120x120.png,Super Liga,LB,LB,100,,0,,0,25,2001-07-31,0,2029-06-30,6,451,0,0.02,0,0.71,11.57,50.0,Spain,"['Spain', 'Gambia']",unknown,0,0,False,6.78,5.59,35.71,2.2,72.73,0.4,0.53,0.2,4.39,5.84,1.2,2,0.4,0,0.0,1.6,0.0,0,0.0,0.0,0,0.0,2,0.4,0.0,0.0,0.0,2.59,30.77,2.59,30.77,0.0,0.0,0.2,0.8,100.0,2.59,76.92,0.4,1.6,0.2,19.96,2.0,0.8,31.13,76.28,15.76,72.15,2.39,91.67,23.55,83.9,5.59,60.71,20.56,40.66,0.14,0.8,0.0,0.2,0.0,0.0,0.8,7.18,72.22,2.39,16.67,0.0,0.0,0.0,0.8,9.18,76.09,78.05,8.18,0,,0,,0,0.0,0.0,0.0,,,0.0,,2.2,0.0,0.0,0.0,0.0,0,0
Ž. Udovičić,Žarko Udovičić,144998,Mladost Lučani,Mladost Lučani,https://cdn5.wyscout.com/photos/team/public/703_120x120.png,Super Liga,LWB,LWB,98,,0,,0,38,1987-08-31,50000,2027-06-30,5,450,0,0.0,0,0.56,4.4,36.36,Serbia,['Serbia'],left,185,72,False,6.0,3.2,31.25,0.2,0.0,0.0,0.0,0.4,5.0,5.32,0.6000000000000001,1,0.2,0,0.0,1.8,0.0,0,0.0,0.0,0,0.0,1,0.2,0.0,0.0,0.0,4.0,45.0,4.0,45.0,0.0,0.0,0.2,0.0,0.0,0.8,50.0,0.2,1.2,0.6000000000000001,25.6,1.2,0.6000000000000001,33.6,70.83,15.2,56.58,4.4,95.45,25.4,82.68,4.4,27.27,20.63,45.42,0.11,1.2,0.0,0.0,0.0,0.0,0.8,5.2,34.62,5.2,42.31,0.0,0.0,0.4,1.8,8.0,67.5,77.55,9.8,0,,0,,0,0.0,0.0,0.0,,,0.2,,0.2,0.6000000000000001,0.0,0.0,0.0,0,0
M. Todosijević,Mihailo Todosijević,-483610,Mladost Lučani,Mladost Lučani,https://cdn5.wyscout.com/photos/team/public/703_120x120.png,Super Liga,"RWF, CF, LCMF",RWF,32,CF,26,LCMF,20,18,2007-11-27,0,,7,449,3,1.26,0,0.33,17.84,35.96,Serbia,['Serbia'],unknown,0,0,False,3.41,3.61,27.78,5.8100000000000005,44.83,0.0,0.0,0.0,2.41,2.43,2.0,0,0.0,0,0.0,1.6,0.6000000000000001,3,0.6000000000000001,0.25,2,0.4,10,2.0,40.0,30.0,0.0,0.8,50.0,0.8,50.0,0.0,0.0,0.2,1.0,40.0,7.02,31.43,2.61,0.8,0.0,9.02,2.0,0.6000000000000001,15.23,60.53,4.21,38.1,3.61,88.89,13.43,64.18,1.2,33.33,16.58,26.4,0.07,0.6000000000000001,0.0,0.0,0.0,0.0,0.2,1.8,33.33,1.6,12.5,0.0,0.0,0.2,0.4,2.0,60.0,56.52,4.61,0,,0,,0,0.0,0.0,0.0,,,0.0,,5.8100000000000005,0.0,0.0,0.0,0.0,0,0
N. Kalat,Nemanja Kalat,-483843,Zemun,Zemun,https://cdn5.wyscout.com/photos/team/public/1258_120x120.png,Super Liga,"CF, LAMF",CF,78,LAMF,11,,0,20,2005-10-13,0,,7,448,0,1.04,0,0.01,12.66,33.33,Serbia,['Serbia'],unknown,0,0,False,3.62,1.81,33.33,4.82,45.83,0.0,0.0,0.2,3.01,3.02,1.0,1,0.2,0,0.0,0.4,0.0,0,0.0,0.21,0,0.0,6,1.21,0.0,0.0,0.0,0.8,0.0,0.4,0.0,0.4,0.0,0.0,1.0,40.0,4.82,25.0,2.41,0.8,0.4,10.65,1.21,0.6000000000000001,16.47,70.73,4.62,56.52,3.21,87.5,14.26,77.46,1.4100000000000001,42.86,17.06,22.01,0.0,0.2,0.0,0.0,0.6000000000000001,0.0,0.0,1.4100000000000001,57.14,1.6099999999999999,12.5,0.8,0.0,0.2,0.0,2.41,66.67,72.73,4.42,0,,0,,0,0.0,0.0,0.0,,,0.2,,4.82,0.0,0.0,0.0,0.0,0,0
I. Ristivojević,Igor Ristivojević,359477,Mačva Šabac,Mačva Šabac,https://cdn5.wyscout.com/photos/team/public/g3221_120x120.png,Super Liga,RCB,RCB,94,,0,,0,38,1988-08-08,75000,,7,445,0,0.19,0,0.18,8.09,50.0,Serbia,['Serbia'],right,183,77,False,10.72,2.22,36.36,3.24,56.25,0.0,0.0,0.81,9.91,13.13,1.01,3,0.61,0,0.0,0.0,0.0,0,0.0,0.04,0,0.0,1,0.2,0.0,0.0,0.0,0.0,0.0,0.0,0.0,0.0,0.0,0.0,0.2,0.0,1.01,60.0,0.4,0.0,0.0,17.6,0.4,0.4,27.71,75.91,11.73,63.79,2.02,80.0,21.64,85.05,6.07,43.33,23.23,29.84,0.04,0.2,0.0,0.0,0.0,0.0,0.2,2.02,40.0,0.81,0.0,0.0,0.0,0.2,0.0,6.07,36.67,85.0,12.13,0,,0,,0,0.0,0.0,0.0,,,1.42,,3.24,0.0,0.0,0.0,0.0,0,0
T. Dadić,Tomislav Dadić,413987,Novi Pazar,Novi Pazar,https://cdn5.wyscout.com/photos/team/public/3838_120x120.png,Super Liga,LB,LB,96,,0,,0,28,1997-12-15,350000,2027-06-30,5,442,0,0.14,0,0.21,11.81,55.17,Croatia,['Croatia'],left,185,77,False,7.33,5.29,46.15,1.02,60.0,0.41000000000000003,0.63,0.41000000000000003,4.48,6.95,1.02,1,0.2,0,0.0,1.63,0.0,0,0.0,0.03,0,0.0,1,0.2,0.0,0.0,0.0,3.05,20.0,3.05,20.0,0.0,0.0,0.61,1.63,62.5,4.28,57.14,1.02,0.61,0.61,28.51,1.83,1.43,36.24,78.09,13.03,67.19,7.13,100.0,27.69,88.24,5.7,57.14,22.05,44.3,0.04,0.81,0.0,0.0,0.0,0.0,0.41000000000000003,3.05,60.0,3.26,31.25,0.0,0.0,0.61,0.81,7.53,72.97,78.43,10.38,0,,0,,0,0.0,0.0,0.0,,,1.22,,1.02,0.41000000000000003,0.0,0.0,0.41000000000000003,0,0
F. Kanouté,Elimane Franck Kanouté,454741,Radnički Niš,Radnički Niš,https://cdn5.wyscout.com/photos/team/public/g2850_120x120.png,Super Liga,"LDMF, LCMF",LDMF,78,LCMF,21,,0,27,1998-12-13,1000000,2027-06-30,5,440,0,0.42,0,0.48,10.84,54.72,Senegal,['Senegal'],right,186,78,False,5.73,3.68,44.44,1.23,33.33,0.0,0.0,0.2,4.09,7.14,2.05,1,0.2,0,0.0,1.6400000000000001,0.0,0,0.0,0.09,0,0.0,13,2.66,38.46,0.0,0.0,0.2,0.0,0.2,0.0,0.0,0.0,0.0,0.61,100.0,4.7,65.22,0.2,0.2,0.2,32.32,0.2,2.05,44.18,83.8,16.16,73.42,6.34,90.32,37.64,87.5,6.55,62.5,21.53,45.31,0.1,0.41000000000000003,0.0,0.0,0.0,0.0,0.2,9.61,70.21,2.25,54.55,0.0,0.0,1.23,0.0,7.16,82.86,90.7,17.59,0,,0,,0,0.0,0.0,0.0,,,0.8200000000000001,,1.23,1.6400000000000001,0.8200000000000001,50.0,0.0,0,0
K. Dixon,Kaheim Dixon,-561365,Novi Pazar,Novi Pazar,https://cdn5.wyscout.com/photos/team/public/3838_120x120.png,Super Liga,"LAMF, AMF",LAMF,79,AMF,11,,0,21,2004-10-04,0,2029-06-30,5,440,1,1.6099999999999999,1,0.76,17.18,53.57,Jamaica,['Jamaica'],right,181,72,False,6.34,4.5,50.0,4.7,47.83,0.41000000000000003,0.62,0.2,3.68,5.57,1.02,1,0.2,0,0.0,2.25,0.2,1,0.2,0.33,0,0.0,8,1.6400000000000001,50.0,12.5,0.2,0.61,66.67,0.61,66.67,0.0,0.0,0.0,1.43,71.43,6.95,61.76,1.6400000000000001,0.61,0.0,15.95,2.25,2.05,23.11,76.11,7.77,65.79,2.86,92.86,20.05,80.61,2.86,42.86,17.84,36.59,0.16,1.43,0.0,0.0,0.41000000000000003,0.0,1.43,4.3,71.43,2.45,75.0,0.41000000000000003,0.0,2.66,0.2,4.7,78.26,85.29,6.95,0,,0,,0,0.0,0.0,0.0,,,0.0,,4.7,0.0,0.0,0.0,0.0,0,0
U. Lazić,Uroš Lazić,-153354,Radnik Surdulica,Radnik Surdulica,https://cdn5.wyscout.com/photos/team/public/g6756_120x120.png,Super Liga,"RB, LB",RB,88,LB,11,,0,23,2003-03-15,0,2029-06-30,6,431,0,0.06,0,0.11,12.95,48.39,Serbia,['Serbia'],right,175,68,False,6.06,6.06,44.83,3.34,50.0,0.0,0.0,0.42,3.34,4.62,1.67,1,0.21,0,0.0,1.04,0.0,0,0.0,0.01,0,0.0,4,0.84,25.0,0.0,0.0,1.67,25.0,0.21,0.0,1.46,28.57,0.0,0.42,100.0,2.51,50.0,0.21,0.84,0.0,21.51,3.13,1.04,30.07,68.06,13.16,53.97,3.76,88.89,21.72,75.0,7.1,55.88,17.44,33.93,0.02,0.21,0.0,0.0,0.0,0.0,0.21,5.22,60.0,3.34,37.5,0.0,0.0,0.84,0.63,8.98,65.12,75.0,10.02,0,,0,,0,0.0,0.0,0.0,,,0.63,,3.34,0.0,0.0,0.0,0.0,0,0
A. Cisse,Aboubacar Cisse,-399346,Čukarički,Čukarički,https://cdn5.wyscout.com/photos/team/public/702_120x120.png,Super Liga,"RAMF, RW, LAMF",RAMF,45,RW,30,LAMF,19,22,2004-02-20,0,2028-06-30,6,430,1,0.8,0,0.47000000000000003,14.44,40.58,Senegal,['Senegal'],,181,75,False,4.19,6.49,32.26,1.05,20.0,0.21,0.23,0.0,1.88,2.05,1.47,2,0.42,0,0.0,3.14,0.21,1,0.21,0.17,0,0.0,9,1.88,33.33,11.111,0.0,2.93,42.86,0.42,100.0,2.51,33.33,0.21,1.67,75.0,5.02,62.5,3.14,1.88,0.42,13.19,2.3,1.26,19.47,64.52,4.4,52.38,5.44,73.08,14.65,70.0,2.09,60.0,19.07,53.68,0.1,0.42,0.0,0.21,0.0,0.0,0.63,2.51,41.67,1.47,57.14,0.0,0.0,0.42,1.05,2.93,57.14,56.67,6.28,0,,0,,0,0.0,0.0,0.0,,,0.42,,1.05,0.0,0.0,0.0,0.0,0,0
V. Tasovski,Vasil Tasovski,-483736,Mladost Lučani,Mladost Lučani,https://cdn5.wyscout.com/photos/team/public/703_120x120.png,Super Liga,RWF,RWF,92,,0,,0,19,2007-03-11,0,,7,429,2,1.47,0,0.74,19.93,38.95,Serbia,['Serbia'],unknown,0,0,False,6.29,5.87,42.86,3.15,20.0,0.21,0.24,0.42,3.5700000000000003,4.05,1.6800000000000002,1,0.21,0,0.0,2.94,0.42,2,0.42,0.31,0,0.0,11,2.31,45.45,18.182,0.0,0.63,0.0,0.21,0.0,0.42,0.0,0.21,2.94,64.29,9.86,38.3,3.36,1.47,0.42,16.78,1.05,2.31,22.45,79.44,6.5,64.52,6.29,96.67,20.98,82.0,0.84,75.0,13.31,20.2,0.15,0.84,0.0,0.0,0.0,0.0,0.63,2.1,80.0,1.26,50.0,0.0,0.0,1.05,0.0,2.94,50.0,83.33,3.7800000000000002,0,,0,,0,0.0,0.0,0.0,,,0.0,,3.15,0.0,0.0,0.0,0.0,0,0
R. Jokić,Ranko Jokić,-40690,Radnički Niš,Radnički Niš,https://cdn5.wyscout.com/photos/team/public/g2850_120x120.png,Super Liga,LCB,LCB,100,,0,,0,27,1999-04-22,250000,,5,428,0,0.48,0,0.0,10.93,67.31,Serbia,['Serbia'],left,186,73,False,7.36,3.79,50.0,5.05,79.17,0.0,0.0,0.63,5.47,9.18,1.26,2,0.42,0,0.0,0.63,0.0,0,0.0,0.1,0,0.0,2,0.42,50.0,0.0,0.0,0.63,66.67,0.63,66.67,0.0,0.0,0.0,0.0,0.0,1.26,66.67,0.84,0.42,0.0,42.06,0.21,0.84,54.67,86.54,23.97,74.56,1.8900000000000001,100.0,46.05,95.43,8.2,35.9,24.09,47.76,0.0,0.0,0.0,0.0,0.0,0.0,0.0,9.88,61.7,1.47,57.14,0.0,0.0,0.42,0.21,10.09,75.0,97.35,23.76,0,,0,,0,0.0,0.0,0.0,,,1.47,,5.05,0.0,0.0,0.0,0.0,0,0
C. Keita,Charly Keita,-283573,IMT Novi Beograd,IMT Novi Beograd,https://cdn5.wyscout.com/photos/team/public/g30905_120x120.png,Super Liga,CF,CF,100,,0,,0,27,1999-06-16,400000,2027-06-30,7,428,2,2.27,0,0.2,20.4,46.39,Côte d'Ivoire,"[""Côte d'Ivoire"", 'France']",right,192,74,False,1.26,1.47,28.57,7.57,52.78,0.0,0.0,0.21,0.84,1.35,2.94,1,0.21,0,0.0,1.26,0.42,2,0.42,0.48,0,0.0,11,2.31,45.45,18.182,0.0,0.0,0.0,0.0,0.0,0.0,0.0,0.0,0.21,100.0,6.94,45.45,4.84,0.84,0.42,8.62,2.52,2.31,13.88,71.21,3.79,55.56,3.5700000000000003,94.12,13.88,71.21,0.0,0.0,10.42,0.0,0.04,0.84,0.0,0.0,0.0,0.0,0.21,1.8900000000000001,55.56,1.05,80.0,0.0,0.0,1.05,0.0,1.05,100.0,87.5,1.6800000000000002,0,,0,,0,0.0,0.0,0.0,,,0.0,,7.57,0.0,0.0,0.0,0.0,0,0
I. Babić,Ilija Babić,-101379,Radnički Kragujevac,Radnički Kragujevac,https://cdn5.wyscout.com/photos/team/public/g2849_120x120.png,Super Liga,"LB, LW, RW",LB,71,LW,11,RW,11,24,2002-08-03,0,2028-06-30,6,425,0,0.34,1,0.49,16.09,39.47,Serbia,"['Serbia', 'Bosnia and Herzegovina']",right,185,75,False,7.62,5.51,42.31,1.06,40.0,0.21,0.43,0.21,5.08,10.29,2.33,3,0.64,0,0.0,1.48,0.0,0,0.0,0.07,0,0.0,3,0.64,33.33,0.0,0.21,1.9100000000000001,33.33,1.27,16.67,0.64,66.67,0.0,1.27,50.0,6.99,39.39,2.54,1.27,0.42,18.21,1.48,1.48,27.32,73.64,9.11,55.81,6.78,93.75,23.08,81.65,2.33,27.27,17.38,30.61,0.1,0.85,0.0,0.0,0.0,0.0,0.64,2.33,72.73,2.54,50.0,0.0,0.0,0.85,0.85,5.51,38.46,75.68,7.84,0,,0,,0,0.0,0.0,0.0,,,0.64,,1.06,0.21,0.0,0.0,0.0,0,0
N. Mulahusejnović,Nardin Mulahusejnović,489576,Vojvodina,Vojvodina,https://cdn5.wyscout.com/photos/team/public/700_120x120.png,Super Liga,CF,CF,99,,0,,0,28,1998-02-09,400000,2029-06-30,7,424,3,4.72,1,0.41000000000000003,14.86,38.57,Bosnia and Herzegovina,['Bosnia and Herzegovina'],right,190,86,False,2.55,1.7000000000000002,37.5,8.07,42.11,0.0,0.0,0.42,1.9100000000000001,2.9699999999999998,2.12,1,0.21,0,0.0,1.9100000000000001,0.64,3,0.64,1.0,0,0.0,15,3.18,53.33,20.0,0.21,0.21,100.0,0.0,0.0,0.21,100.0,0.0,0.0,0.0,3.18,40.0,4.67,0.64,0.21,9.76,0.64,0.64,13.58,73.44,4.46,66.67,2.9699999999999998,71.43,12.74,73.33,0.85,75.0,14.0,26.67,0.09,0.85,0.0,0.0,0.21,0.0,0.85,3.18,73.33,1.27,66.67,0.21,0.0,0.85,0.0,2.55,66.67,83.33,2.55,0,,0,,0,0.0,0.0,0.0,,,0.0,,8.07,0.0,0.0,0.0,0.0,0,0
N. Glavčić,Nemanja Glavčić,317306,Radnički Kragujevac,Radnički Kragujevac,https://cdn5.wyscout.com/photos/team/public/g2849_120x120.png,Super Liga,"RCMF, LDMF",RCMF,70,LDMF,20,,0,29,1997-02-19,400000,,5,423,0,0.51,1,1.0,12.77,48.33,Serbia,['Serbia'],left,170,66,False,5.74,4.47,71.43,2.13,30.0,0.64,1.18,0.21,1.9100000000000001,3.55,1.49,2,0.43,0,0.0,1.06,0.0,0,0.0,0.11,0,0.0,7,1.49,28.57,0.0,0.21,1.9100000000000001,22.22,0.85,0.0,1.06,40.0,0.21,0.85,25.0,4.89,34.78,1.28,0.64,0.21,28.3,1.7000000000000002,1.28,38.09,80.45,14.04,78.79,6.38,86.67,31.91,86.67,4.26,60.0,17.93,38.53,0.21,2.13,0.21,0.21,0.0,0.0,0.64,5.96,78.57,5.11,54.17,0.0,0.0,1.49,0.43,6.8100000000000005,78.13,78.57,11.91,0,,0,,0,0.0,0.0,0.0,,,0.21,,2.13,0.64,0.21,100.0,3.62,0,0
V. Bogdanović,Vukašin Bogdanović,-188642,Radnik Surdulica,Radnik Surdulica,https://cdn5.wyscout.com/photos/team/public/g6756_120x120.png,Super Liga,CF,CF,100,,0,,0,23,2002-10-04,250000,2028-06-30,5,422,1,2.09,0,0.05,20.69,42.27,Serbia,['Serbia'],right,184,75,False,2.56,1.71,50.0,10.45,36.73,0.0,0.0,0.21,1.71,2.73,1.92,0,0.0,0,0.0,1.28,0.21,0,0.0,0.45,0,0.0,12,2.56,33.33,8.333,0.0,0.21,0.0,0.0,0.0,0.21,0.0,0.0,0.43,100.0,6.82,50.0,5.12,0.85,0.0,14.93,2.13,2.77,19.62,76.09,3.63,41.18,7.25,94.12,19.41,76.92,0.0,0.0,11.26,0.0,0.01,0.64,0.0,0.0,0.0,0.0,0.21,1.07,40.0,0.64,0.0,0.0,0.0,0.0,0.0,0.85,50.0,76.19,4.48,0,,0,,0,0.0,0.0,0.0,,,0.0,,10.45,0.0,0.0,0.0,0.0,1,100
S. Pedro,Simão Pedro,-655115,Železničar Pancevo,Železničar Pancevo,https://cdn5.wyscout.com/photos/team/public/g34577_120x120.png,Super Liga,"LW, LWF",LW,56,LWF,43,,0,20,2006-08-31,0,,5,420,1,0.97,2,0.15,12.43,53.45,Angola,['Angola'],,0,0,False,4.93,3.0,64.29,1.29,33.33,0.43,0.77,0.0,2.5700000000000003,4.62,0.43,1,0.21,0,0.0,3.0,0.21,1,0.21,0.21,0,0.0,12,2.5700000000000003,25.0,8.333,0.43,3.0,28.57,2.79,30.77,0.21,0.0,0.43,1.9300000000000002,77.78,7.93,51.35,3.64,2.5700000000000003,0.21,21.64,2.14,2.14,25.29,78.81,1.71,50.0,12.64,96.61,21.86,85.29,0.43,100.0,16.5,8.09,0.03,0.43,0.21,0.0,0.0,0.0,0.64,0.43,100.0,2.36,27.27,0.0,0.0,0.21,1.29,2.14,50.0,58.82,7.29,0,,0,,0,0.0,0.0,0.0,,,0.21,,1.29,0.43,0.21,100.0,0.64,0,0
V. Kijevčanin,Veljko Kijevčanin,488105,Mladost Lučani,Mladost Lučani,https://cdn5.wyscout.com/photos/team/public/703_120x120.png,Super Liga,LCMF,LCMF,89,,0,,0,27,1999-08-03,600000,,7,414,0,0.11,2,0.32,13.04,53.33,Serbia,['Serbia'],left,185,73,False,7.17,8.26,52.63,1.74,50.0,0.22,0.21,0.22,2.61,2.5700000000000003,3.26,3,0.65,0,0.0,0.87,0.0,0,0.0,0.02,0,0.0,2,0.43,50.0,0.0,0.43,0.43,50.0,0.0,0.0,0.43,50.0,0.0,0.65,66.67,2.39,63.64,1.3,0.22,0.0,22.61,0.22,0.65,34.57,76.73,13.26,63.93,4.57,95.24,28.26,82.31,5.87,51.85,20.75,41.07,0.07,0.65,0.0,0.0,0.22,0.0,0.65,6.09,53.57,2.17,40.0,0.22,0.0,0.65,0.22,6.09,67.86,84.62,11.3,0,,0,,0,0.0,0.0,0.0,,,0.0,,1.74,0.0,0.0,0.0,0.0,0,0
M. Novaković,Martin Novaković,517413,Radnik Surdulica,Radnik Surdulica,https://cdn5.wyscout.com/photos/team/public/g6756_120x120.png,Super Liga,"AMF, LDMF",AMF,83,LDMF,16,,0,25,2001-01-05,400000,2028-06-30,5,412,0,0.76,0,0.54,17.48,42.5,Serbia,['Serbia'],right,175,70,False,5.68,6.55,53.33,2.18,30.0,0.0,0.0,0.0,2.18,3.45,1.31,2,0.44,0,0.0,1.53,0.0,0,0.0,0.17,0,0.0,12,2.62,25.0,0.0,0.0,1.53,28.57,0.66,66.67,0.87,0.0,0.87,2.18,20.0,8.3,39.47,1.75,1.53,0.22,26.21,1.53,2.4,35.61,77.3,11.58,75.47,5.46,84.0,31.02,83.8,3.06,35.71,14.89,15.05,0.12,1.75,0.0,0.0,0.0,0.0,0.87,5.9,81.48,3.2800000000000002,33.33,0.0,0.0,0.87,0.87,6.77,64.52,77.08,10.49,0,,0,,0,0.0,0.0,0.0,,,0.0,,2.18,0.44,0.0,0.0,1.31,0,0
M. Spasić,Miloš Spasić,455321,Radnički Niš,Radnički Niš,https://cdn5.wyscout.com/photos/team/public/g2850_120x120.png,Super Liga,"RAMF, CF",RAMF,54,CF,45,,0,29,1997-07-29,250000,,5,410,0,0.32,2,0.6900000000000001,16.24,41.89,Serbia,['Serbia'],right,186,76,False,4.39,4.17,63.16,6.15,32.14,0.0,0.0,0.0,1.76,2.64,1.54,1,0.22,0,0.0,0.44,0.0,0,0.0,0.07,0,0.0,6,1.32,0.0,0.0,0.44,0.66,0.0,0.0,0.0,0.66,0.0,0.0,0.44,100.0,4.39,30.0,2.63,0.66,0.22,13.17,2.85,1.32,16.68,76.32,4.17,68.42,3.95,94.44,15.15,78.26,0.88,100.0,15.73,23.65,0.15,1.32,0.0,0.0,0.22,0.0,0.88,2.2,70.0,1.1,60.0,0.22,0.0,1.1,0.0,2.63,66.67,72.73,4.83,0,,0,,0,0.0,0.0,0.0,,,0.0,,6.15,0.0,0.0,0.0,0.0,0,0
V. Radočaj,Vladimir Radočaj,-77355,IMT Novi Beograd,IMT Novi Beograd,https://cdn5.wyscout.com/photos/team/public/g30905_120x120.png,Super Liga,"RB, RW",RB,51,RW,40,,0,27,1998-12-24,1000000,2027-12-31,6,399,0,0.24,0,0.58,13.98,51.61,Serbia,['Serbia'],right,176,73,False,6.54,5.41,58.33,3.61,43.75,0.0,0.0,0.23,3.38,5.23,1.58,1,0.23,0,0.0,2.71,0.0,0,0.0,0.05,0,0.0,5,1.13,40.0,0.0,0.0,4.51,30.0,0.0,0.0,4.51,30.0,0.68,1.58,57.14,3.38,46.67,1.8,1.35,0.45,20.53,2.26,0.68,28.42,63.49,9.25,53.66,4.96,77.27,20.98,70.97,3.16,57.14,21.81,48.35,0.13,0.9,0.0,0.0,0.0,0.0,0.9,2.03,77.78,3.83,52.94,0.0,0.0,1.13,1.35,6.09,62.96,65.85,9.25,0,,0,,0,0.0,0.0,0.0,,,0.23,,3.61,0.0,0.0,0.0,0.0,0,0
F. Mulić,Fejsal Mulić,245371,Novi Pazar,Novi Pazar,https://cdn5.wyscout.com/photos/team/public/3838_120x120.png,Super Liga,CF,CF,100,,0,,0,31,1994-10-03,450000,2027-06-30,5,398,1,1.99,1,0.55,17.86,40.51,Serbia,['Serbia'],right,203,84,False,3.39,1.58,14.29,8.59,47.37,0.0,0.0,0.0,3.17,5.06,1.58,1,0.23,0,0.0,2.04,0.23,1,0.23,0.45,0,0.0,17,3.84,41.18,5.882,0.23,0.68,0.0,0.23,0.0,0.45,0.0,0.0,0.45,100.0,6.78,33.33,4.52,0.68,0.0,13.79,3.84,1.3599999999999999,21.26,68.09,5.2,47.83,5.43,79.17,19.67,71.26,0.9,50.0,16.11,17.64,0.12,0.45,0.0,0.0,0.0,0.0,0.45,2.26,60.0,1.13,20.0,0.0,0.0,0.68,0.0,2.04,66.67,71.43,6.33,0,,0,,0,0.0,0.0,0.0,,,0.0,,8.59,0.68,0.68,66.67,0.0,0,0
D. Terzic,Darko Terzic,-268622,Mačva Šabac,Mačva Šabac,https://cdn5.wyscout.com/photos/team/public/g3221_120x120.png,Super Liga,"RDMF, LCMF, RCMF",RDMF,49,LCMF,16,RCMF,14,27,1998-10-17,0,2027-06-30,6,398,0,0.47000000000000003,0,0.13,9.95,43.18,Serbia,['Serbia'],left,186,0,False,6.5600000000000005,4.97,63.64,2.04,33.33,0.0,0.0,0.45,3.39,4.09,1.58,1,0.23,0,0.0,0.23,0.0,0,0.0,0.11,0,0.0,6,1.3599999999999999,16.67,0.0,0.0,0.23,0.0,0.23,0.0,0.0,0.0,0.0,0.9,0.0,2.26,10.0,0.23,0.0,0.0,22.39,0.23,0.23,34.15,79.47,10.85,58.33,6.33,96.43,28.94,87.5,4.97,36.36,20.4,37.72,0.03,0.45,0.23,0.0,0.0,0.0,0.0,3.62,37.5,1.13,0.0,0.23,0.0,0.0,0.0,3.84,52.94,89.09,12.44,0,,0,,0,0.0,0.0,0.0,,,0.9,,2.04,0.0,0.0,0.0,0.0,0,0
N. Simić,Nikola Simić,-339770,Partizan,Partizan,https://cdn5.wyscout.com/photos/team/public/699_120x120.png,Super Liga,"RCB, LCB",RCB,50,LCB,49,,0,19,2007-03-30,0,2029-06-30,4,398,0,0.15,0,0.0,10.85,60.42,Serbia,['Serbia'],right,185,0,False,6.11,3.39,73.33,5.65,44.0,0.0,0.0,0.9,3.62,6.23,0.23,0,0.0,0,0.0,0.23,0.0,0,0.0,0.03,0,0.0,1,0.23,0.0,0.0,0.0,0.45,50.0,0.45,50.0,0.0,0.0,0.0,0.0,0.0,0.68,66.67,1.3599999999999999,0.45,0.0,32.56,0.45,0.68,45.68,89.6,18.77,85.54,2.26,80.0,41.61,91.85,3.62,68.75,20.51,35.69,0.0,0.0,0.0,0.0,0.0,0.0,0.0,6.5600000000000005,72.41,0.45,50.0,0.0,0.0,0.23,0.23,6.78,76.67,93.68,21.48,0,,0,,0,0.0,0.0,0.0,,,1.3599999999999999,,5.65,0.0,0.0,0.0,0.0,0,0
B. Matijasevic,Bogdan Matijasevic,-568900,Novi Pazar,Novi Pazar,https://cdn5.wyscout.com/photos/team/public/3838_120x120.png,Super Liga,GK,GK,100,,0,,0,22,2004-05-27,0,2027-06-30,4,397,0,0.0,0,0.0,0.45,100.0,Serbia,['Serbia'],,0,0,True,0.23,0.23,100.0,0.0,0.0,0.0,0.0,0.0,0.0,0.0,0.0,0,0.0,0,0.0,0.0,0.0,0,0.0,0.0,0,0.0,0,0.0,0.0,0.0,0.0,0.0,0.0,0.0,0.0,0.0,0.0,0.0,0.0,0.0,0.23,100.0,0.0,0.0,0.0,13.15,0.23,0.23,21.54,85.26,10.43,78.26,0.0,0.0,13.6,95.0,7.93,68.57,34.41,50.88,0.0,0.0,0.0,0.0,0.0,0.0,0.0,1.3599999999999999,66.67,0.0,0.0,0.0,0.0,0.0,0.0,8.39,64.86,91.11,10.2,4,0.91,21,4.76,1,80.95,6.14,1.3900000000000001,2.14,0.485,0.0,1.81,0.0,,,,0.0,0,0
V. Durdevic,Vukasin Durdevic,-155253,Partizan,Partizan,https://cdn5.wyscout.com/photos/team/public/699_120x120.png,Super Liga,"LB, RCB",LB,75,RCB,24,,0,22,2004-01-24,0,,4,397,0,0.24,0,0.30000000000000004,8.61,55.26,Serbia,['Serbia'],right,184,74,False,4.76,4.08,38.89,2.27,80.0,0.0,0.0,0.0,3.17,5.6,0.68,1,0.23,0,0.0,2.49,0.0,0,0.0,0.05,0,0.0,3,0.68,33.33,0.0,0.0,3.4,40.0,3.4,40.0,0.0,0.0,0.0,0.91,100.0,2.04,55.56,2.7199999999999998,0.91,0.0,46.47,2.27,0.45,61.21,84.44,21.99,74.23,5.89,96.15,54.18,89.54,4.31,47.37,19.36,41.8,0.07,1.13,0.0,0.0,0.0,0.0,0.68,7.48,81.82,2.7199999999999998,50.0,0.0,0.0,0.91,1.3599999999999999,11.56,76.47,90.91,27.43,0,,0,,0,0.0,0.0,0.0,,,2.7199999999999998,,2.27,0.0,0.0,0.0,0.0,0,0
M. Krunić,Miloš Krunić,425614,Partizan,Partizan,https://cdn5.wyscout.com/photos/team/public/699_120x120.png,Super Liga,GK,GK,100,,0,,0,29,1996-11-22,600000,2028-06-30,4,395,0,0.0,0,0.0,0.68,66.67,Serbia,['Serbia'],right,198,80,False,0.46,0.46,50.0,0.0,0.0,0.0,0.0,0.0,0.23,0.4,0.0,0,0.0,0,0.0,0.0,0.0,0,0.0,0.0,0,0.0,0,0.0,0.0,0.0,0.0,0.0,0.0,0.0,0.0,0.0,0.0,0.0,0.0,0.0,0.23,100.0,0.0,0.0,0.0,15.27,0.68,0.23,23.47,80.58,14.13,72.58,0.0,0.0,15.49,97.06,7.97,48.57,30.8,47.46,0.0,0.0,0.0,0.0,0.0,0.0,0.0,1.1400000000000001,20.0,0.23,0.0,0.0,0.0,0.0,0.0,7.06,54.84,92.31,8.89,7,1.5899999999999999,16,3.65,0,56.25,6.17,1.4100000000000001,-0.8300000000000001,-0.189,0.0,0.68,0.0,,,,0.0,0,0
I. Kostić,Ivan Kostić,458897,Radnički Niš,Radnički Niš,https://cdn5.wyscout.com/photos/team/public/g2850_120x120.png,Super Liga,GK,GK,100,,0,,0,30,1995-10-24,200000,,4,393,0,0.0,0,0.0,0.6900000000000001,100.0,Serbia,['Serbia'],right,191,90,False,0.92,0.23,100.0,0.0,0.0,0.0,0.0,0.0,0.6900000000000001,1.11,0.0,0,0.0,0,0.0,0.23,0.0,0,0.0,0.0,0,0.0,0,0.0,0.0,0.0,0.0,0.0,0.0,0.0,0.0,0.0,0.0,0.0,0.23,100.0,0.46,100.0,0.0,0.23,0.23,11.91,0.0,0.23,20.61,80.0,10.08,63.64,0.46,100.0,14.2,98.39,6.41,39.29,35.18,49.73,0.0,0.0,0.0,0.0,0.0,0.0,0.0,2.06,11.11,0.46,0.0,0.0,0.0,0.0,0.0,3.66,62.5,95.35,9.85,2,0.46,17,3.89,2,88.24,3.58,0.8200000000000001,1.58,0.362,0.0,0.6900000000000001,0.0,,,,0.0,0,0
M. Cissé,Mohamed Cissé,-136485,Radnički Kragujevac,Radnički Kragujevac,https://cdn5.wyscout.com/photos/team/public/g2849_120x120.png,Super Liga,"RW, LW, RAMF",RW,57,LW,19,RAMF,16,25,2001-04-26,0,2028-06-30,6,390,2,0.71,0,1.3599999999999999,17.77,49.35,France,"['France', 'Senegal']",,171,65,False,3.23,2.77,50.0,1.85,25.0,0.0,0.0,0.0,1.85,3.58,0.6900000000000001,0,0.0,0,0.0,5.08,0.46,2,0.46,0.16,0,0.0,11,2.54,27.27,18.182,0.0,3.92,29.41,2.08,33.33,1.85,25.0,0.6900000000000001,5.08,63.64,11.77,56.86,3.23,2.54,0.23,16.38,3.69,2.77,21.0,68.13,6.23,70.37,3.92,82.35,16.85,78.08,0.23,0.0,16.62,8.39,0.31,1.38,0.23,0.0,0.0,0.0,0.92,1.38,50.0,3.92,35.29,0.0,0.0,1.38,1.62,4.15,61.11,59.38,7.38,0,,0,,0,0.0,0.0,0.0,,,0.0,,1.85,0.0,0.0,0.0,0.0,0,0
N. Zecević,Nikola Zecević,-387636,Radnički Niš,Radnički Niš,https://cdn5.wyscout.com/photos/team/public/g2850_120x120.png,Super Liga,"RCB, LCB",RCB,59,LCB,40,,0,22,2004-06-16,0,2027-12-31,4,389,0,0.0,0,0.0,12.26,49.06,Serbia,['Serbia'],right,190,78,True,8.33,7.17,48.39,3.01,46.15,0.0,0.0,0.46,4.86,7.5,1.3900000000000001,1,0.23,0,0.0,0.23,0.0,0,0.0,0.0,0,0.0,0,0.0,0.0,0.0,0.0,0.0,0.0,0.0,0.0,0.0,0.0,0.0,0.23,100.0,0.93,50.0,0.23,0.23,0.0,28.92,0.46,0.0,43.73,83.6,15.73,69.12,3.01,100.0,39.33,90.0,4.4,26.32,23.53,41.75,0.0,0.0,0.0,0.0,0.0,0.0,0.0,6.02,53.85,0.23,0.0,0.0,0.0,0.0,0.0,5.55,66.67,96.74,21.29,0,,0,,0,0.0,0.0,0.0,,,2.7800000000000002,,3.01,0.0,0.0,0.0,0.0,0,0
L. Jovanovic,Luka Jovanovic,-636104,Radnik Surdulica,Radnik Surdulica,https://cdn5.wyscout.com/photos/team/public/g6756_120x120.png,Super Liga,"LAMF, RAMF",LAMF,59,RAMF,38,,0,18,2008-01-10,0,,6,389,1,0.74,0,0.01,12.49,35.19,Serbia,['Serbia'],unknown,0,0,False,4.4,4.16,44.44,2.31,30.0,0.0,0.0,0.0,2.54,3.67,0.6900000000000001,0,0.0,0,0.0,1.85,0.23,1,0.23,0.17,0,0.0,12,2.7800000000000002,33.33,8.333,0.0,1.62,42.86,1.16,60.0,0.46,0.0,0.6900000000000001,0.93,25.0,5.32,34.78,2.31,0.46,0.46,11.8,1.16,1.16,14.11,62.3,5.32,60.87,2.31,80.0,11.11,64.58,1.62,71.43,15.05,29.49,0.0,0.23,0.0,0.0,0.0,0.0,0.0,1.85,62.5,1.3900000000000001,33.33,0.0,0.0,0.0,0.46,2.31,80.0,50.0,3.24,0,,0,,0,0.0,0.0,0.0,,,0.0,,2.31,0.0,0.0,0.0,0.46,0,0
D. Nikolić,Djordje Nikolić,317310,Čukarički,Čukarički,https://cdn5.wyscout.com/photos/team/public/702_120x120.png,Super Liga,GK,GK,100,,0,,0,29,1997-04-13,250000,2026-12-31,4,387,0,0.0,1,0.73,0.0,0.0,Serbia,['Serbia'],right,195,91,False,0.23,0.0,0.0,0.0,0.0,0.0,0.0,0.0,0.23,0.29,0.0,0,0.0,0,0.0,0.0,0.0,0,0.0,0.0,0,0.0,0,0.0,0.0,0.0,0.23,0.0,0.0,0.0,0.0,0.0,0.0,0.0,0.0,0.0,0.0,0.0,0.0,0.0,0.0,10.7,0.93,0.0,20.0,80.23,13.26,73.68,0.0,0.0,10.93,91.49,9.07,66.67,38.39,55.17,0.17,0.23,0.0,0.0,0.0,0.0,0.23,2.79,66.67,0.47000000000000003,0.0,0.0,0.0,0.0,0.0,8.14,77.14,92.59,6.28,3,0.7000000000000001,19,4.42,2,84.21,5.2,1.21,2.2,0.512,0.0,0.93,0.0,,,,0.0,0,0
M. Djokovic,Milan  Djokovic,-354866,Čukarički,Čukarički,https://cdn5.wyscout.com/photos/team/public/702_120x120.png,Super Liga,LCB,LCB,100,,0,,0,22,2003-09-25,0,2028-01-31,4,385,1,0.28,0,0.1,11.45,57.14,Serbia,['Serbia'],unknown,0,0,False,7.95,4.44,36.84,4.44,73.68,0.0,0.0,1.17,6.31,6.86,0.9400000000000001,0,0.0,0,0.0,0.47000000000000003,0.23,1,0.23,0.07,0,0.0,2,0.47000000000000003,50.0,50.0,0.0,0.0,0.0,0.0,0.0,0.0,0.0,0.0,0.23,100.0,1.17,60.0,1.17,0.23,0.0,12.86,0.0,0.47000000000000003,23.84,78.43,11.92,62.75,1.87,87.5,18.7,90.0,5.14,36.36,23.94,44.47,0.02,0.23,0.0,0.0,0.0,0.0,0.0,2.81,33.33,0.23,0.0,0.0,0.0,0.23,0.0,4.68,60.0,97.3,8.65,0,,0,,0,0.0,0.0,0.0,,,0.7000000000000001,,4.44,0.0,0.0,0.0,0.0,0,0
Dejan Paradjina,Dejan Paradjina,523005,Zemun,Zemun,https://cdn5.wyscout.com/photos/team/public/1258_120x120.png,Super Liga,RB,RB,100,,0,,0,27,1999-02-05,75000,,5,384,0,0.26,0,0.1,11.25,45.83,Serbia,['Serbia'],right,177,65,False,7.73,4.92,38.1,1.88,75.0,0.0,0.0,0.7000000000000001,5.86,6.3,0.9400000000000001,1,0.23,1,0.23,0.9400000000000001,0.0,0,0.0,0.06,0,0.0,2,0.47000000000000003,0.0,0.0,0.0,1.88,50.0,0.0,0.0,1.88,50.0,0.47000000000000003,0.23,0.0,2.58,36.36,0.23,1.17,0.47000000000000003,16.41,2.11,0.7000000000000001,21.8,68.82,9.61,60.98,3.52,86.67,16.88,77.78,3.05,30.77,17.92,29.09,0.02,0.23,0.0,0.0,0.0,0.0,0.23,4.45,63.16,2.58,45.45,0.0,0.0,0.47000000000000003,0.9400000000000001,5.63,62.5,58.33,5.63,0,,0,,0,0.0,0.0,0.0,,,0.47000000000000003,,1.88,0.0,0.0,0.0,0.0,0,0
A. Kadijević,Aleksandar Kadijević,-101363,Zemun,Zemun,https://cdn5.wyscout.com/photos/team/public/1258_120x120.png,Super Liga,LB,LB,96,,0,,0,23,2002-10-11,0,2027-06-30,5,384,0,0.11,0,0.0,13.36,59.65,Serbia,['Serbia'],left,177,68,False,9.61,7.03,60.0,0.9400000000000001,25.0,0.23,0.24,0.0,5.16,5.28,0.9400000000000001,1,0.23,0,0.0,0.23,0.0,0,0.0,0.03,0,0.0,2,0.47000000000000003,0.0,0.0,0.0,1.17,0.0,1.17,0.0,0.0,0.0,0.0,0.23,100.0,3.75,68.75,0.23,0.7000000000000001,0.23,15.7,0.9400000000000001,1.6400000000000001,25.08,74.77,12.19,63.46,3.52,100.0,19.69,84.52,4.22,50.0,21.64,48.11,0.0,0.0,0.0,0.0,0.0,0.0,0.0,5.16,59.09,2.11,22.22,0.0,0.0,0.47000000000000003,0.0,5.63,66.67,82.14,6.5600000000000005,0,,0,,0,0.0,0.0,0.0,,,0.23,,0.9400000000000001,0.0,0.0,0.0,0.0,0,0
D. Crnomarković,Djordje Crnomarković,336895,Vojvodina,Vojvodina,https://cdn5.wyscout.com/photos/team/public/700_120x120.png,Super Liga,"LCB, LCB3",LCB,74,LCB3,25,,0,32,1993-09-10,500000,,5,383,0,0.05,0,0.0,7.75,66.67,Serbia,['Serbia'],left,188,77,False,7.05,1.6400000000000001,57.14,3.76,75.0,0.0,0.0,1.17,6.11,10.68,0.7000000000000001,1,0.23,0,0.0,0.23,0.0,0,0.0,0.01,0,0.0,2,0.47000000000000003,50.0,0.0,0.0,0.23,0.0,0.23,0.0,0.0,0.0,0.0,0.0,0.0,0.23,100.0,0.47000000000000003,2.11,0.0,33.84,0.23,0.0,46.06,87.24,21.85,81.72,3.52,100.0,38.3,94.48,7.52,53.13,20.84,37.5,0.0,0.0,0.0,0.0,0.0,0.0,0.0,7.99,70.59,0.47000000000000003,0.0,0.0,0.0,0.0,0.0,10.1,83.72,91.55,16.68,0,,0,,0,0.0,0.0,0.0,,,2.35,,3.76,0.23,0.0,0.0,0.0,0,0
K. Šekularac,Kristian Šekularac,-173326,Železničar Pancevo,Železničar Pancevo,https://cdn5.wyscout.com/photos/team/public/g34577_120x120.png,Super Liga,"LCMF, LCMF3",LCMF,58,LCMF3,41,,0,22,2003-12-07,200000,2028-06-30,5,380,0,0.07,1,0.17,12.08,50.98,England,"['England', 'Switzerland']",right,185,77,False,4.74,4.74,50.0,1.18,20.0,0.24,0.4,0.0,2.13,3.6,1.18,0,0.0,0,0.0,1.18,0.0,0,0.0,0.02,0,0.0,4,0.9500000000000001,25.0,0.0,0.24,0.9500000000000001,25.0,0.9500000000000001,25.0,0.0,0.0,0.0,1.18,60.0,5.92,56.0,0.71,1.8900000000000001,0.47000000000000003,31.74,0.0,2.13,36.47,90.26,8.53,77.78,9.24,89.74,34.11,93.75,1.6600000000000001,57.14,17.32,42.83,0.04,0.24,0.0,0.0,0.0,0.0,0.0,3.32,78.57,0.9500000000000001,50.0,0.0,0.0,0.47000000000000003,0.24,3.08,84.62,93.18,10.42,0,,0,,0,0.0,0.0,0.0,,,0.24,,1.18,0.0,0.0,0.0,0.71,0,0
U. Tegeltija,Uroš Tegeltija,-339771,Železničar Pancevo,Železničar Pancevo,https://cdn5.wyscout.com/photos/team/public/g34577_120x120.png,Super Liga,RB,RB,99,,0,,0,20,2006-03-19,0,2028-06-30,4,379,0,0.08,1,0.8300000000000001,14.01,54.24,Serbia,['Serbia'],right,0,0,False,4.51,4.99,47.62,2.14,66.67,0.47000000000000003,0.77,0.0,1.6600000000000001,2.69,2.14,2,0.47000000000000003,1,0.24,0.9500000000000001,0.0,0,0.0,0.02,0,0.0,1,0.24,0.0,0.0,0.24,1.19,40.0,0.0,0.0,1.19,40.0,0.71,0.9500000000000001,50.0,6.17,50.0,1.19,4.51,0.24,31.11,2.14,2.14,36.33,86.93,9.26,74.36,7.36,96.77,33.48,90.07,1.6600000000000001,57.14,17.96,47.42,0.2,0.9500000000000001,0.0,0.0,0.0,0.0,0.71,3.56,73.33,0.9500000000000001,50.0,0.0,0.0,0.9500000000000001,0.47000000000000003,4.99,71.43,92.86,13.3,0,,0,,0,0.0,0.0,0.0,,,2.61,,2.14,0.0,0.0,0.0,0.0,0,0
B. Kovačević,Bojan Kovačević,438124,Radnički Niš,Radnički Niš,https://cdn5.wyscout.com/photos/team/public/g2850_120x120.png,Super Liga,LB,LB,100,,0,,0,30,1996-04-28,350000,2027-06-30,4,377,0,0.11,0,0.08,10.5,50.0,Serbia,['Serbia'],left,186,75,False,8.59,5.97,52.0,1.43,50.0,0.48,0.78,0.24,5.01,8.18,0.72,1,0.24,0,0.0,1.67,0.0,0,0.0,0.03,0,0.0,2,0.48,0.0,0.0,0.0,2.86,33.33,2.63,27.27,0.24,100.0,0.48,0.9500000000000001,75.0,2.15,55.56,1.67,0.24,0.0,23.63,1.67,0.9500000000000001,37.48,74.52,16.71,65.71,5.97,88.0,30.32,81.1,4.54,57.89,19.46,41.64,0.02,0.24,0.0,0.0,0.0,0.0,0.0,5.49,65.22,2.63,45.45,0.0,0.0,0.48,0.72,9.55,65.0,78.57,10.03,0,,0,,0,0.0,0.0,0.0,,,0.24,,1.43,0.0,0.0,0.0,0.72,0,0
B. Vraštanović,Boško Vraštanović,500122,Mačva Šabac,Mačva Šabac,https://cdn5.wyscout.com/photos/team/public/g3221_120x120.png,Super Liga,LDMF,LDMF,87,,0,,0,31,1995-04-22,300000,,6,377,0,0.0,0,0.46,11.94,44.0,Serbia,['Serbia'],right,176,73,False,7.88,6.45,40.74,2.39,50.0,0.72,0.91,0.48,4.54,5.76,2.63,1,0.24,1,0.24,0.48,0.0,0,0.0,0.0,0,0.0,2,0.48,0.0,0.0,0.0,1.19,20.0,0.9500000000000001,0.0,0.24,100.0,0.24,0.24,100.0,1.67,57.14,0.48,0.48,0.48,16.23,0.24,0.9500000000000001,28.17,73.73,12.41,65.38,4.06,82.35,22.92,79.17,4.3,55.56,20.93,36.85,0.11,0.48,0.0,0.0,0.0,0.0,0.48,4.06,70.59,1.67,42.86,0.0,0.0,0.48,0.24,7.64,62.5,76.67,7.16,0,,0,,0,0.0,0.0,0.0,,,0.48,,2.39,0.24,0.0,0.0,0.72,0,0
E. Quarshie,Emmanuel Quarshie,-726530,Radnik Surdulica,Radnik Surdulica,https://cdn5.wyscout.com/photos/team/public/g6756_120x120.png,Super Liga,RAMF,RAMF,100,,0,,0,19,2007-04-29,0,2029-06-30,6,377,1,0.21,0,0.63,12.89,40.74,Ghana,['Ghana'],,0,0,False,4.77,5.25,50.0,2.15,22.22,0.24,0.33,0.0,1.9100000000000001,2.67,1.43,1,0.24,0,0.0,2.63,0.24,1,0.24,0.05,0,0.0,5,1.19,40.0,20.0,0.0,2.86,33.33,0.0,0.0,2.86,33.33,0.48,2.15,55.56,4.54,36.84,1.43,1.43,0.0,15.28,1.9100000000000001,0.48,18.86,59.49,3.8200000000000003,31.25,4.06,70.59,14.56,67.21,1.43,33.33,17.19,23.42,0.15,1.43,0.0,0.24,0.0,0.0,1.43,1.9100000000000001,12.5,2.86,33.33,0.0,0.0,0.48,0.9500000000000001,2.86,83.33,61.29,7.4,0,,0,,0,0.0,0.0,0.0,,,0.0,,2.15,0.0,0.0,0.0,0.24,0,0
M. Amadou Sabo,Mamane Moustapha Amadou Sabo,-228917,Železničar Pancevo,Železničar Pancevo,https://cdn5.wyscout.com/photos/team/public/g34577_120x120.png,Super Liga,"DMF, RCMF",DMF,87,RCMF,12,,0,21,2004-09-14,0,2029-06-30,5,377,0,0.01,0,0.54,9.07,52.63,Niger,['Niger'],right,0,0,False,4.3,4.06,47.06,1.43,66.67,0.0,0.0,0.24,2.39,4.29,0.9500000000000001,3,0.72,0,0.0,1.43,0.0,0,0.0,0.0,0,0.0,2,0.48,0.0,0.0,0.0,1.19,80.0,0.24,100.0,0.9500000000000001,75.0,0.24,0.48,0.0,2.86,41.67,0.0,0.24,0.0,36.53,0.0,1.19,49.89,91.39,12.65,75.47,8.59,97.22,44.16,93.51,4.77,70.0,18.87,42.85,0.13,0.9500000000000001,0.0,0.0,0.48,100.0,0.9500000000000001,8.12,76.47,4.06,58.82,0.72,66.67,0.9500000000000001,0.9500000000000001,6.68,92.86,97.59,19.81,0,,0,,0,0.0,0.0,0.0,,,0.72,,1.43,0.72,0.24,0.0,2.15,0,0
N. Stevanovic,Nemanja  Stevanovic,-193203,Mačva Šabac,Mačva Šabac,https://cdn5.wyscout.com/photos/team/public/g3221_120x120.png,Super Liga,LB,LB,94,,0,,0,24,2001-10-01,0,,5,373,0,0.17,1,0.56,12.55,40.38,Serbia,['Serbia'],,170,0,False,7.48,6.27,46.15,1.69,14.29,0.24,0.32,0.24,4.34,5.68,0.97,1,0.24,0,0.0,0.97,0.0,0,0.0,0.04,0,0.0,2,0.48,50.0,0.0,0.24,1.69,42.86,1.69,42.86,0.0,0.0,0.97,0.48,0.0,3.38,42.86,0.72,0.97,0.0,12.55,1.21,1.21,17.13,66.2,10.38,60.47,0.97,100.0,13.03,70.37,2.41,60.0,16.31,14.83,0.13,1.21,0.0,0.24,0.0,0.0,0.48,1.69,57.14,1.45,50.0,0.0,0.0,0.0,1.45,6.27,38.46,53.85,3.14,0,,0,,0,0.0,0.0,0.0,,,0.0,,1.69,0.0,0.0,0.0,0.0,0,0
M. Aleksić,Milan Aleksić,-379354,Partizan,Partizan,https://cdn5.wyscout.com/photos/team/public/699_120x120.png,Super Liga,"LCMF, AMF, LDMF",LCMF,53,AMF,17,LDMF,17,21,2005-08-30,0,2028-06-30,6,372,2,1.4,0,0.6900000000000001,12.34,35.29,Serbia,['Serbia'],right,179,66,True,4.11,3.63,40.0,0.97,25.0,0.24,0.44,0.0,2.42,4.41,1.21,0,0.0,0,0.0,2.42,0.48,2,0.48,0.34,0,0.0,13,3.15,23.08,15.385,0.0,3.39,21.43,2.66,18.18,0.73,33.33,0.48,1.45,66.67,7.26,36.67,3.87,1.94,0.24,27.34,0.48,0.48,35.32,76.71,9.44,66.67,7.02,93.1,29.52,86.89,2.66,36.36,19.72,34.66,0.17,1.69,0.0,0.0,0.0,0.0,0.24,5.5600000000000005,52.17,3.39,50.0,0.0,0.0,0.97,0.97,4.11,64.71,72.0,12.1,0,,0,,0,0.0,0.0,0.0,,,0.24,,0.97,0.97,0.0,0.0,5.32,0,0
M. Abu Fani,Mohammed Abu Fani,440939,Crvena Zvezda,Crvena Zvezda,https://cdn5.wyscout.com/photos/team/public/483_120x120.png,Super Liga,"LCMF, LDMF",LCMF,86,LDMF,12,,0,28,1998-04-27,6000000,2029-06-30,5,368,1,0.68,2,0.97,11.25,47.83,Israel,['Israel'],right,164,62,False,3.91,3.42,50.0,0.0,0.0,0.0,0.0,0.24,2.2,3.33,0.98,1,0.24,0,0.0,3.42,0.24,1,0.24,0.17,0,0.0,12,2.93,25.0,8.333,0.49,2.93,66.67,1.96,75.0,0.98,50.0,0.24,0.98,75.0,6.85,46.43,3.67,1.22,0.24,60.41,0.73,1.47,70.19,86.06,22.5,73.91,10.03,95.12,59.43,88.89,7.83,71.88,17.72,25.08,0.24,2.2,0.24,0.0,0.49,0.0,1.96,13.7,80.36,5.87,58.33,0.49,0.0,2.93,1.96,14.18,82.76,96.33,26.66,0,,0,,0,0.0,0.0,0.0,,,0.24,,0.0,0.49,0.0,0.0,3.42,0,0
U. Ljubomirac,Uroš Ljubomirac,182401,Zemun,Zemun,https://cdn5.wyscout.com/photos/team/public/1258_120x120.png,Super Liga,"LCMF, LDMF, RDMF",LCMF,43,LDMF,30,RDMF,13,36,1990-04-12,75000,2027-06-30,6,364,0,0.27,0,0.22,15.33,53.23,Serbia,['Serbia'],right,181,77,False,4.2,1.98,62.5,2.47,40.0,0.25,0.30000000000000004,0.25,2.7199999999999998,3.27,0.49,2,0.49,1,0.25,0.74,0.0,0,0.0,0.07,0,0.0,3,0.74,0.0,0.0,0.0,1.48,0.0,0.74,0.0,0.74,0.0,0.25,1.48,50.0,9.64,51.28,1.24,0.99,0.0,21.26,0.25,3.96,35.6,77.08,14.59,67.8,3.71,93.33,30.66,83.87,3.46,50.0,18.91,32.69,0.05,0.99,0.0,0.0,0.0,0.0,0.74,6.43,73.08,3.21,30.77,0.0,0.0,1.24,0.0,8.41,70.59,76.74,10.63,0,,0,,0,0.0,0.0,0.0,,,0.0,,2.47,0.0,0.0,0.0,0.0,0,0
J. Ilić,Jovan Ilić,-191567,Radnički Kragujevac,Radnički Kragujevac,https://cdn5.wyscout.com/photos/team/public/g2849_120x120.png,Super Liga,"LCMF, AMF, RCMF",LCMF,31,AMF,26,RCMF,18,26,2000-01-30,250000,2027-06-30,4,364,0,0.72,0,0.77,10.14,56.1,Bosnia and Herzegovina,"['Bosnia and Herzegovina', 'Serbia']",right,176,68,False,2.9699999999999998,2.23,55.56,0.99,50.0,0.0,0.0,0.25,1.73,3.13,0.49,1,0.25,1,0.25,0.99,0.0,0,0.0,0.18,0,0.0,5,1.24,20.0,0.0,0.0,1.24,20.0,0.99,25.0,0.25,0.0,0.25,0.74,66.67,6.18,52.0,1.24,0.0,0.0,20.27,0.25,1.48,32.39,83.21,8.65,71.43,6.18,92.0,28.68,87.07,2.47,70.0,16.91,29.51,0.19,1.24,0.0,0.0,0.0,0.0,0.25,3.46,78.57,1.73,42.86,0.0,0.0,0.25,0.25,4.2,64.71,88.64,10.88,0,,0,,0,0.0,0.0,0.0,,,0.0,,0.99,1.24,0.0,0.0,3.46,0,0
V. Rakic,Vladimir Rakic,-590352,Mačva Šabac,Mačva Šabac,https://cdn5.wyscout.com/photos/team/public/g3221_120x120.png,Super Liga,"LDMF, LW, LAMF",LDMF,25,LW,19,LAMF,18,19,2007-06-26,0,,7,361,0,0.01,0,0.13,13.71,40.0,Serbia,['Serbia'],,0,0,False,4.74,5.98,41.67,1.0,75.0,0.0,0.0,0.25,2.24,2.84,1.25,1,0.25,0,0.0,0.5,0.0,0,0.0,0.0,0,0.0,2,0.5,0.0,0.0,0.0,0.5,50.0,0.0,0.0,0.5,50.0,0.0,0.25,100.0,5.48,27.27,0.5,1.25,0.25,8.73,0.75,0.5,14.96,75.0,4.24,64.71,2.24,100.0,13.71,80.0,1.25,20.0,13.15,22.53,0.03,0.25,0.0,0.0,0.0,0.0,0.25,1.5,33.33,0.25,0.0,0.0,0.0,0.25,0.0,0.75,0.0,72.73,5.48,0,,0,,0,0.0,0.0,0.0,,,0.0,,1.0,0.0,0.0,0.0,0.0,0,0
A. Pavlovic,Andrej Pavlovic,-483642,OFK Beograd,OFK Beograd,https://cdn5.wyscout.com/photos/team/public/705_120x120.png,Super Liga,"RCB, RCB3",RCB,77,RCB3,22,,0,19,2007-07-29,0,,4,361,0,0.0,0,0.0,12.71,52.94,Serbia,['Serbia'],unknown,0,0,False,7.48,4.24,58.82,5.73,56.52,0.0,0.0,0.75,4.99,8.0,1.99,2,0.5,0,0.0,0.5,0.0,0,0.0,0.0,0,0.0,0,0.0,0.0,0.0,0.0,0.25,100.0,0.0,0.0,0.25,100.0,0.0,0.25,100.0,1.5,33.33,0.0,0.0,0.0,25.18,0.0,0.0,35.65,86.71,10.97,77.27,3.24,100.0,30.66,91.87,4.74,52.63,21.86,42.94,0.0,0.0,0.0,0.0,0.0,0.0,0.0,3.24,61.54,0.25,100.0,0.0,0.0,0.0,0.25,4.24,58.82,94.03,16.7,0,,0,,0,0.0,0.0,0.0,,,2.74,,5.73,0.0,0.0,0.0,0.0,0,0
U. Vitas,Uroš Vitas,129125,Radnički Niš,Radnički Niš,https://cdn5.wyscout.com/photos/team/public/g2850_120x120.png,Super Liga,RCB,RCB,100,,0,,0,34,1992-07-06,250000,2026-12-31,4,357,0,0.51,0,0.0,9.83,53.85,Serbia,['Serbia'],right,190,82,False,7.31,2.02,50.0,5.8,60.87,0.0,0.0,1.26,6.3,11.19,0.5,2,0.5,0,0.0,0.0,0.0,0,0.0,0.13,0,0.0,2,0.5,0.0,0.0,0.0,0.25,0.0,0.0,0.0,0.25,0.0,0.0,0.25,0.0,1.01,0.0,1.01,0.76,0.25,40.34,0.0,0.0,58.99,89.74,18.15,75.0,4.29,94.12,52.18,94.2,6.55,57.69,22.33,36.89,0.0,0.0,0.0,0.0,0.0,0.0,0.0,6.8100000000000005,77.78,0.25,0.0,0.0,0.0,0.0,0.25,9.58,76.32,96.0,31.51,0,,0,,0,0.0,0.0,0.0,,,3.03,,5.8,0.0,0.0,0.0,0.0,0,0
L. Luković,Luka Luković,286205,IMT Novi Beograd,IMT Novi Beograd,https://cdn5.wyscout.com/photos/team/public/g30905_120x120.png,Super Liga,"AMF, CF",AMF,63,CF,15,,0,29,1996-10-11,450000,,7,354,0,0.59,0,0.92,15.25,45.0,Serbia,['Serbia'],right,187,82,False,4.32,5.34,42.86,2.29,77.78,0.25,0.39,0.0,1.78,2.76,2.8,1,0.25,0,0.0,2.29,0.0,0,0.0,0.15,0,0.0,7,1.78,14.29,0.0,0.0,2.29,33.33,0.51,0.0,1.78,42.86,1.02,1.27,80.0,5.59,27.27,4.32,0.76,0.25,21.1,2.03,0.51,30.0,75.42,9.92,61.54,6.86,92.59,26.44,79.81,1.53,50.0,18.9,16.73,0.23,2.03,0.0,0.0,0.25,100.0,1.27,4.83,68.42,3.05,58.33,0.25,100.0,1.27,1.02,4.83,78.95,77.5,10.17,0,,0,,0,0.0,0.0,0.0,,,0.76,,2.29,0.0,0.0,0.0,0.0,0,0
S. Abdullahi,Sani Abdullahi,-526342,Mačva Šabac,Mačva Šabac,https://cdn5.wyscout.com/photos/team/public/g3221_120x120.png,Super Liga,"RAMF, RW",RAMF,67,RW,28,,0,22,2004-06-05,0,,4,340,0,0.34,0,0.08,12.97,36.73,Nigeria,['Nigeria'],unknown,0,0,False,5.5600000000000005,6.09,34.78,3.18,41.67,0.53,0.63,0.0,2.91,3.44,1.85,2,0.53,0,0.0,1.06,0.0,0,0.0,0.09,0,0.0,4,1.06,25.0,0.0,0.0,1.32,20.0,0.0,0.0,1.32,20.0,0.26,0.53,100.0,2.38,44.44,1.06,0.26,0.0,8.74,3.44,0.53,14.29,64.81,3.71,42.86,2.91,63.64,12.44,72.34,0.79,33.33,15.31,23.42,0.02,0.79,0.0,0.0,0.0,0.0,0.26,0.26,0.0,1.32,20.0,0.0,0.0,0.26,0.0,1.5899999999999999,16.67,70.0,5.29,0,,0,,0,0.0,0.0,0.0,,,0.0,,3.18,0.0,0.0,0.0,0.0,0,0
E. Hoard,Ethan Hoard,-179820,OFK Beograd,OFK Beograd,https://cdn5.wyscout.com/photos/team/public/705_120x120.png,Super Liga,CF,CF,90,,0,,0,25,2001-05-19,0,2028-12-31,7,333,0,1.32,0,0.0,24.05,33.71,United States,['United States'],right,196,86,False,2.16,3.51,15.38,7.03,38.46,0.0,0.0,0.54,1.62,2.95,3.24,0,0.0,0,0.0,2.43,0.0,0,0.0,0.36,0,0.0,8,2.16,50.0,0.0,0.0,0.81,0.0,0.27,0.0,0.54,0.0,0.27,1.8900000000000001,71.43,7.3,33.33,4.05,0.27,0.0,12.16,4.32,1.8900000000000001,15.14,69.64,3.51,69.23,4.86,77.78,12.97,77.08,1.35,40.0,17.32,21.02,0.0,0.0,0.0,0.0,0.0,0.0,0.0,1.35,40.0,0.54,0.0,0.27,0.0,0.0,0.0,0.81,66.67,42.86,3.7800000000000002,0,,0,,0,0.0,0.0,0.0,,,0.0,,7.03,0.0,0.0,0.0,0.0,0,0
V. Kotzebue,Vieiri Kotzebue,-275319,Novi Pazar,Novi Pazar,https://cdn5.wyscout.com/photos/team/public/3838_120x120.png,Super Liga,"CF, LAMF",CF,65,LAMF,34,,0,23,2002-08-31,150000,2028-06-30,4,333,1,1.73,0,0.24,15.14,39.29,Netherlands,"['Netherlands', 'Suriname']",right,170,61,False,3.51,2.16,75.0,6.22,21.74,0.0,0.0,0.27,1.8900000000000001,2.76,0.54,0,0.0,0,0.0,1.35,0.27,0,0.0,0.47000000000000003,0,0.0,7,1.8900000000000001,57.14,14.286,0.0,0.54,50.0,0.27,100.0,0.27,0.0,0.27,0.27,0.0,5.41,40.0,2.43,0.81,0.27,8.65,1.8900000000000001,2.16,14.59,72.22,4.86,55.56,4.05,86.67,13.24,77.55,0.81,0.0,15.69,18.29,0.07,0.81,0.0,0.0,0.0,0.0,0.81,2.9699999999999998,54.55,0.81,66.67,0.0,0.0,0.81,0.0,1.62,100.0,69.23,3.51,0,,0,,0,0.0,0.0,0.0,,,0.0,,6.22,0.0,0.0,0.0,0.0,1,100
E. Kojzek,Erik Kojzek,-598019,Partizan,Partizan,https://cdn5.wyscout.com/photos/team/public/699_120x120.png,Super Liga,CF,CF,100,,0,,0,20,2006-01-02,0,2028-06-30,6,330,0,0.38,1,0.41000000000000003,17.45,39.06,Slovenia,['Slovenia'],,0,0,True,2.73,1.9100000000000001,57.14,4.91,38.89,0.0,0.0,0.0,1.6400000000000001,3.05,1.3599999999999999,0,0.0,0,0.0,0.8200000000000001,0.0,0,0.0,0.1,0,0.0,2,0.55,0.0,0.0,0.27,0.55,0.0,0.27,0.0,0.27,0.0,0.0,0.55,100.0,9.0,33.33,3.8200000000000003,0.8200000000000001,0.55,9.55,0.8200000000000001,0.8200000000000001,14.18,67.31,2.18,37.5,5.18,84.21,13.36,69.39,0.27,100.0,12.95,5.76,0.11,0.27,0.0,0.0,0.27,100.0,0.27,0.55,50.0,0.55,50.0,0.27,100.0,0.8200000000000001,0.0,0.0,0.0,50.0,3.27,0,,0,,0,0.0,0.0,0.0,,,0.0,,4.91,0.0,0.0,0.0,0.0,0,0
M. Rodić,Milan Rodić,90105,OFK Beograd,OFK Beograd,https://cdn5.wyscout.com/photos/team/public/705_120x120.png,Super Liga,"LB, LCB",LB,51,LCB,33,,0,35,1991-04-02,1200000,2026-12-31,5,330,0,0.34,0,0.0,10.91,42.5,Serbia,['Serbia'],left,185,70,False,7.09,3.8200000000000003,35.71,3.27,58.33,0.0,0.0,1.3599999999999999,5.73,9.69,1.09,0,0.0,0,0.0,0.27,0.0,0,0.0,0.09,0,0.0,4,1.09,0.0,0.0,0.0,1.09,0.0,0.8200000000000001,0.0,0.27,0.0,0.0,0.55,50.0,1.6400000000000001,16.67,1.09,0.55,0.27,25.09,1.09,0.55,33.55,79.67,14.73,70.37,6.27,95.65,25.36,90.32,7.09,53.85,18.5,26.96,0.0,0.0,0.0,0.0,0.0,0.0,0.0,4.09,66.67,1.9100000000000001,14.29,0.0,0.0,0.27,0.0,7.91,68.97,86.67,8.18,0,,0,,0,0.0,0.0,0.0,,,0.55,,3.27,0.27,0.0,0.0,0.0,0,0
V. Radosavljevic,Veljko Radosavljevic,-483908,Čukarički,Čukarički,https://cdn5.wyscout.com/photos/team/public/702_120x120.png,Super Liga,"LAMF, LW, RAMF",LAMF,52,LW,34,RAMF,13,21,2005-04-02,0,2027-12-31,6,330,0,1.0,0,0.08,15.0,52.73,Serbia,['Serbia'],right,180,0,False,6.27,5.18,47.37,6.82,60.0,0.27,0.33,0.27,3.55,4.29,1.09,1,0.27,0,0.0,1.9100000000000001,0.0,0,0.0,0.27,0,0.0,10,2.73,50.0,0.0,0.0,1.09,0.0,0.8200000000000001,0.0,0.27,0.0,0.27,0.55,100.0,2.18,50.0,3.55,1.6400000000000001,0.8200000000000001,12.27,0.8200000000000001,0.8200000000000001,16.36,65.0,5.18,47.37,3.0,90.91,14.18,75.0,1.09,0.0,15.44,20.81,0.02,0.55,0.0,0.0,0.0,0.0,0.0,3.0,36.36,0.8200000000000001,0.0,0.27,0.0,0.27,0.0,2.18,50.0,66.67,5.73,0,,0,,0,0.0,0.0,0.0,,,0.0,,6.82,0.0,0.0,0.0,0.55,0,0
G. Vadze,Godswill Vadze,-135187,Zemun,Zemun,https://cdn5.wyscout.com/photos/team/public/1258_120x120.png,Super Liga,"RW, RAMF",RW,72,RAMF,18,,0,24,2001-09-04,0,2027-06-30,5,323,0,0.46,0,0.22,13.93,44.0,Ghana,['Ghana'],right,0,0,False,4.46,5.29,36.84,2.51,11.11,0.0,0.0,0.0,2.51,2.9,1.9500000000000002,0,0.0,0,0.0,2.51,0.0,0,0.0,0.13,0,0.0,8,2.23,50.0,0.0,0.0,1.11,25.0,0.56,0.0,0.56,50.0,0.56,1.11,100.0,4.18,73.33,3.9,1.11,0.0,19.23,1.9500000000000002,2.23,24.24,67.82,6.69,58.33,4.74,88.24,21.18,72.37,1.9500000000000002,42.86,16.63,32.0,0.06,0.84,0.0,0.0,0.0,0.0,0.84,2.79,40.0,2.23,25.0,0.0,0.0,0.84,0.0,2.23,75.0,60.71,7.8,0,,0,,0,0.0,0.0,0.0,,,0.0,,2.51,0.0,0.0,0.0,0.0,0,0
U. Sremčević,Uroš Sremčević,-339769,Radnički Kragujevac,Radnički Kragujevac,https://cdn5.wyscout.com/photos/team/public/g2849_120x120.png,Super Liga,CF,CF,91,,0,,0,20,2006-04-24,0,2027-06-30,5,322,2,2.22,0,0.11,14.25,52.94,Serbia,['Serbia'],right,185,76,True,1.4,1.4,40.0,5.87,52.38,0.0,0.0,0.0,0.84,1.58,1.6800000000000002,0,0.0,0,0.0,1.4,0.56,2,0.56,0.62,0,0.0,11,3.07,36.36,18.182,0.0,0.0,0.0,0.0,0.0,0.0,0.0,0.0,0.28,100.0,4.75,52.94,5.59,0.56,0.0,12.58,2.8,1.6800000000000002,17.89,70.31,5.03,50.0,5.59,70.0,15.65,73.21,2.24,50.0,17.61,36.64,0.03,1.12,0.28,0.0,0.0,0.0,0.28,1.6800000000000002,66.67,0.56,100.0,0.0,0.0,0.84,0.0,1.4,60.0,68.75,4.47,0,,0,,0,0.0,0.0,0.0,,,0.0,,5.87,0.0,0.0,0.0,0.0,0,0
I. Djakovac,Ifet Djakovac,-186489,Vojvodina,Vojvodina,https://cdn5.wyscout.com/photos/team/public/700_120x120.png,Super Liga,"LCMF, RCMF, LDMF",LCMF,43,RCMF,23,LDMF,16,28,1997-12-05,2500000,2028-06-30,6,322,0,0.2,0,1.15,9.5,61.76,Serbia,['Serbia'],right,179,76,False,3.91,3.07,63.64,0.56,100.0,0.0,0.0,0.0,1.96,3.04,0.84,0,0.0,0,0.0,0.84,0.0,0,0.0,0.06,0,0.0,5,1.4,20.0,0.0,0.0,1.4,40.0,0.56,50.0,0.84,33.33,0.28,0.28,0.0,5.31,52.63,1.12,0.84,0.28,20.4,0.84,1.12,27.67,83.84,7.55,74.07,4.47,100.0,24.32,86.21,1.96,85.71,19.2,27.02,0.32,1.4,0.0,0.0,0.0,0.0,1.12,4.19,86.67,2.8,70.0,0.0,0.0,1.4,0.56,3.91,85.71,87.8,11.46,0,,0,,0,0.0,0.0,0.0,,,0.56,,0.56,0.0,0.0,0.0,0.0,0,0
M. Spremo,Milan Spremo,213875,Zemun,Zemun,https://cdn5.wyscout.com/photos/team/public/1258_120x120.png,Super Liga,LB,LB,95,,0,,0,31,1995-04-27,200000,,5,318,0,0.26,0,1.0,14.43,56.86,Serbia,['Serbia'],left,175,73,False,9.62,7.36,65.38,3.4,58.33,0.0,0.0,0.28,4.8100000000000005,5.48,1.42,2,0.5700000000000001,0,0.0,2.26,0.0,0,0.0,0.07,0,0.0,4,1.13,25.0,0.0,0.0,3.11,45.45,2.55,44.44,0.5700000000000001,50.0,0.5700000000000001,1.13,50.0,2.83,30.0,0.28,1.7000000000000002,0.0,25.47,1.42,0.28,35.38,76.0,15.85,67.86,1.42,80.0,26.32,83.87,5.94,57.14,21.89,34.63,0.28,1.7000000000000002,0.0,0.0,0.0,0.0,0.85,4.53,50.0,3.96,42.86,0.0,0.0,0.5700000000000001,1.42,7.64,74.07,78.26,13.02,0,,0,,0,0.0,0.0,0.0,,,0.0,,3.4,2.83,0.0,0.0,2.55,0,0
Matheus,Matheus Lima Magalhães,239000,Crvena Zvezda,Crvena Zvezda,https://cdn5.wyscout.com/photos/team/public/483_120x120.png,Super Liga,GK,GK,100,,0,,0,34,1992-03-29,6000000,2028-06-30,4,318,0,0.0,0,0.0,1.13,75.0,Brazil,"['Brazil', 'Portugal']",right,190,86,False,0.85,0.0,0.0,0.28,0.0,0.0,0.0,0.0,0.85,1.15,0.0,0,0.0,0,0.0,0.0,0.0,0,0.0,0.0,0,0.0,0,0.0,0.0,0.0,0.0,0.0,0.0,0.0,0.0,0.0,0.0,0.0,0.0,0.0,0.5700000000000001,100.0,0.0,0.0,0.0,16.42,0.28,0.85,29.15,83.5,14.72,67.31,0.0,0.0,21.23,97.33,7.92,46.43,30.87,49.51,0.0,0.0,0.0,0.0,0.0,0.0,0.0,1.42,40.0,0.28,0.0,0.0,0.0,0.0,0.0,5.38,52.63,100.0,12.45,1,0.28,15,4.25,2,93.33,4.21,1.19,3.21,0.908,0.0,1.13,0.28,,,,0.0,0,0
D. Petrovic,Djordje Petrovic,-272218,Zemun,Zemun,https://cdn5.wyscout.com/photos/team/public/1258_120x120.png,Super Liga,"AMF, RCMF",AMF,55,RCMF,33,,0,28,1998-03-30,0,,7,315,1,0.1,0,0.08,12.29,32.56,Serbia,['Serbia'],right,0,0,False,2.86,3.71,46.15,1.43,0.0,0.29,0.29,0.0,0.86,0.87,2.0,0,0.0,0,0.0,0.5700000000000001,0.29,1,0.29,0.03,0,0.0,3,0.86,33.33,33.333,0.0,0.29,100.0,0.0,0.0,0.29,100.0,0.0,0.29,0.0,4.57,37.5,1.1400000000000001,0.29,0.29,11.71,0.0,1.1400000000000001,20.57,80.56,6.57,69.57,4.29,100.0,18.29,84.38,2.0,42.86,17.31,21.01,0.02,0.29,0.0,0.0,0.0,0.0,0.29,2.5700000000000003,44.44,0.86,66.67,0.0,0.0,0.5700000000000001,0.29,2.29,62.5,73.68,5.43,0,,0,,0,0.0,0.0,0.0,,,0.0,,1.43,0.0,0.0,0.0,0.0,0,0
D. Ankeye,David Akpan Ankeye,-252866,Železničar Pancevo,Železničar Pancevo,https://cdn5.wyscout.com/photos/team/public/g34577_120x120.png,Super Liga,CF,CF,100,,0,,0,24,2002-05-22,0,2029-06-30,5,311,0,1.16,0,0.0,10.13,51.43,Nigeria,['Nigeria'],right,190,84,False,2.03,2.6,44.44,3.18,54.55,0.0,0.0,0.0,0.87,1.6099999999999999,2.03,0,0.0,0,0.0,0.87,0.0,0,0.0,0.34,0,0.0,4,1.16,50.0,0.0,0.0,0.0,0.0,0.0,0.0,0.0,0.0,0.0,0.58,50.0,3.47,58.33,2.89,0.0,0.29,7.23,2.32,2.03,7.23,68.0,1.74,66.67,2.32,87.5,6.95,66.67,0.29,100.0,15.05,6.91,0.0,0.0,0.0,0.0,0.0,0.0,0.0,0.87,33.33,0.0,0.0,0.0,0.0,0.0,0.0,0.58,100.0,40.0,1.45,0,,0,,0,0.0,0.0,0.0,,,0.0,,3.18,0.0,0.0,0.0,0.0,0,0
S. Gudelj,Stefan Gudelj,-350684,Crvena Zvezda,Crvena Zvezda,https://cdn5.wyscout.com/photos/team/public/483_120x120.png,Super Liga,"RCB, RCB3, CB",RCB,46,RCB3,32,CB,15,20,2006-05-18,0,2029-06-30,4,307,0,0.33,0,0.0,15.54,64.15,Bosnia and Herzegovina,['Bosnia and Herzegovina'],unknown,0,0,False,10.85,7.04,58.33,6.45,72.73,0.29,0.43,0.29,6.45,9.43,1.47,2,0.59,0,0.0,0.59,0.0,0,0.0,0.1,0,0.0,2,0.59,50.0,0.0,0.0,0.0,0.0,0.0,0.0,0.0,0.0,0.0,0.29,100.0,1.47,60.0,0.59,0.29,0.0,46.32,0.29,0.59,56.87,93.81,15.24,88.46,4.4,93.33,53.94,96.74,2.93,40.0,18.93,38.39,0.0,0.0,0.0,0.0,0.0,0.0,0.0,2.35,62.5,0.29,0.0,0.0,0.0,0.0,0.0,2.64,44.44,96.36,32.25,0,,0,,0,0.0,0.0,0.0,,,2.93,,6.45,0.0,0.0,0.0,0.0,0,0
M. Ristić,Miloš Ristić,409721,Radnički Kragujevac,Radnički Kragujevac,https://cdn5.wyscout.com/photos/team/public/g2849_120x120.png,Super Liga,"DMF, RDMF",DMF,70,RDMF,27,,0,31,1995-04-06,400000,2027-05-31,4,303,0,0.19,0,0.0,9.8,57.58,Serbia,['Serbia'],right,189,74,False,6.83,5.05,52.94,2.67,66.67,0.0,0.0,0.89,4.16,7.0,1.49,1,0.30000000000000004,0,0.0,1.49,0.0,0,0.0,0.06,0,0.0,4,1.19,25.0,0.0,0.0,0.89,100.0,0.30000000000000004,100.0,0.59,100.0,0.0,0.30000000000000004,100.0,1.78,66.67,1.49,0.30000000000000004,0.0,22.28,0.59,0.59,38.02,83.59,11.88,75.0,6.53,81.82,32.38,87.16,4.75,56.25,18.21,36.16,0.0,0.0,0.0,0.0,0.0,0.0,0.0,4.46,73.33,0.59,100.0,0.0,0.0,0.0,0.89,6.83,65.22,88.0,14.85,0,,0,,0,0.0,0.0,0.0,,,1.19,,2.67,0.0,0.0,0.0,0.0,0,0
N. Jovanovic,Nikola Jovanovic,-470118,Železničar Pancevo,Železničar Pancevo,https://cdn5.wyscout.com/photos/team/public/g34577_120x120.png,Super Liga,"RW, RWF",RW,63,RWF,36,,0,22,2003-10-29,0,,5,303,1,0.58,0,0.25,17.52,55.93,Serbia,['Serbia'],unknown,0,0,False,5.94,5.64,73.68,2.67,44.44,0.0,0.0,0.0,1.78,3.21,0.59,1,0.30000000000000004,0,0.0,3.86,0.30000000000000004,1,0.30000000000000004,0.17,0,0.0,9,2.67,55.56,11.111,0.0,2.08,28.57,0.0,0.0,2.08,28.57,0.59,2.67,66.67,8.61,44.83,3.86,1.78,0.0,14.55,3.27,0.89,19.01,82.81,2.67,55.56,6.24,100.0,14.55,89.8,2.38,87.5,22.69,47.11,0.07,0.89,0.0,0.0,0.0,0.0,0.59,0.89,100.0,0.89,66.67,0.0,0.0,0.89,0.59,2.9699999999999998,70.0,84.0,7.43,0,,0,,0,0.0,0.0,0.0,,,0.0,,2.67,0.0,0.0,0.0,1.78,0,0
O. Ugresic,Ognjen Ugresic,-339772,Partizan,Partizan,https://cdn5.wyscout.com/photos/team/public/699_120x120.png,Super Liga,"DMF, RCMF, RDMF",DMF,42,RCMF,32,RDMF,15,20,2006-07-15,0,2031-06-30,5,293,1,0.64,0,0.03,11.98,61.54,Serbia,['Serbia'],unknown,0,0,False,4.61,4.3,64.29,1.54,60.0,0.0,0.0,0.0,1.8399999999999999,3.4,0.92,1,0.31,0,0.0,1.8399999999999999,0.31,1,0.31,0.2,1,0.31,11,3.38,27.27,9.091,0.0,0.61,50.0,0.0,0.0,0.61,50.0,0.0,0.61,100.0,5.53,61.11,1.8399999999999999,0.31,0.0,25.8,0.31,2.15,34.1,90.99,6.45,80.95,7.99,84.62,32.56,93.4,0.92,33.33,17.36,22.09,0.01,0.31,0.0,0.0,0.0,0.0,0.0,3.99,76.92,0.31,100.0,0.0,0.0,0.0,0.31,2.46,87.5,96.0,15.36,0,,0,,0,0.0,0.0,0.0,,,0.61,,1.54,0.0,0.0,0.0,0.0,0,0
F. Durmishaj,Fiorin Durmishaj,388469,Čukarički,Čukarički,https://cdn5.wyscout.com/photos/team/public/702_120x120.png,Super Liga,CF,CF,100,,0,,0,29,1996-11-14,350000,,4,293,1,0.6900000000000001,0,0.19,23.34,42.11,Albania,"['Albania', 'Greece']",right,187,72,False,3.99,3.38,45.45,8.6,53.57,0.0,0.0,0.0,2.46,2.58,1.8399999999999999,0,0.0,0,0.0,0.61,0.31,1,0.31,0.21,0,0.0,2,0.61,50.0,50.0,0.0,0.61,0.0,0.61,0.0,0.0,0.0,0.0,0.61,50.0,7.68,36.0,2.15,0.0,0.0,13.82,0.92,2.46,23.04,68.0,5.53,50.0,4.61,86.67,20.27,77.27,2.15,0.0,16.29,50.62,0.06,0.61,0.31,0.0,0.0,0.0,0.31,3.07,30.0,3.38,45.45,0.0,0.0,1.54,0.0,3.99,53.85,63.64,6.76,0,,0,,0,0.0,0.0,0.0,,,0.0,,8.6,0.0,0.0,0.0,0.0,0,0
M. Milikić,Mirko Milikić,517998,Železničar Pancevo,Železničar Pancevo,https://cdn5.wyscout.com/photos/team/public/g34577_120x120.png,Super Liga,RCB,RCB,99,,0,,0,24,2001-12-24,100000,,3,290,0,0.17,0,0.11,8.07,53.85,Montenegro,['Montenegro'],right,194,80,False,7.76,2.48,62.5,2.79,77.78,0.31,0.48,0.31,5.9,9.05,0.93,0,0.0,0,0.0,0.0,0.0,0,0.0,0.05,0,0.0,1,0.31,0.0,0.0,0.0,0.0,0.0,0.0,0.0,0.0,0.0,0.0,0.0,0.0,1.8599999999999999,33.33,0.62,0.31,0.0,57.1,1.24,0.62,70.76,85.53,31.97,75.73,2.17,100.0,63.0,90.64,7.76,44.0,21.09,48.16,0.03,0.31,0.0,0.31,0.0,0.0,0.31,13.66,75.0,1.8599999999999999,50.0,0.93,66.67,0.93,0.0,12.1,58.97,93.33,32.59,0,,0,,0,0.0,0.0,0.0,,,1.24,,2.79,0.0,0.0,0.0,0.0,0,0
J. Šljivić,Jovan  Šljivić,-294612,OFK Beograd,OFK Beograd,https://cdn5.wyscout.com/photos/team/public/705_120x120.png,Super Liga,"LW, LCMF, LAMF",LW,54,LCMF,29,LAMF,15,20,2005-10-14,0,2028-06-30,4,289,1,0.34,0,1.09,17.75,49.12,Serbia,['Serbia'],both,178,69,False,4.98,3.74,75.0,0.62,50.0,0.0,0.0,0.0,2.18,3.5,0.31,0,0.0,0,0.0,2.8,0.31,1,0.31,0.11,0,0.0,4,1.25,75.0,25.0,0.0,2.8,33.33,1.87,16.67,0.93,66.67,0.62,1.87,50.0,11.21,41.67,1.87,0.93,0.0,19.62,3.11,2.18,28.03,77.78,7.47,70.83,6.85,100.0,22.11,83.1,3.11,80.0,17.05,42.02,0.34,2.49,0.31,0.0,0.0,0.0,0.93,4.67,80.0,4.05,38.46,0.0,0.0,0.31,1.25,4.05,84.62,73.33,9.34,0,,0,,0,0.0,0.0,0.0,,,0.31,,0.62,2.49,0.0,0.0,3.11,0,0
Seol Young-Woo,Young-Woo Seol,-171375,Augsburg,Crvena Zvezda,https://cdn5.wyscout.com/photos/team/public/341_120x120.png,Bundesliga,"RB, RWB",RB,82,RWB,17,,0,27,1998-12-05,1400000,2030-06-30,3,287,0,0.02,0,0.91,9.09,37.93,Korea Republic,['Korea Republic'],right,182,72,False,5.64,5.96,31.58,1.25,50.0,0.0,0.0,0.31,3.76,5.8100000000000005,0.9400000000000001,0,0.0,0,0.0,2.8200000000000003,0.0,0,0.0,0.01,0,0.0,2,0.63,0.0,0.0,0.0,3.76,75.0,0.31,100.0,3.45,72.73,0.31,0.31,0.0,1.57,60.0,1.88,0.63,0.0,45.47,3.45,0.63,58.33,87.1,24.77,81.01,5.33,100.0,48.92,89.1,5.96,73.68,18.65,34.92,0.28,1.88,0.0,0.0,0.0,0.0,2.2,9.41,80.0,5.02,68.75,0.31,100.0,0.9400000000000001,2.8200000000000003,10.35,84.85,93.75,20.07,0,,0,,0,0.0,0.0,0.0,,,0.9400000000000001,,1.25,0.0,0.0,0.0,0.0,0,0
M. Mijailović,Marko Mijailović,317300,Radnički Niš,Radnički Niš,https://cdn5.wyscout.com/photos/team/public/g2850_120x120.png,Super Liga,RB,RB,100,,0,,0,29,1997-08-14,750000,2027-06-30,4,286,0,0.02,0,0.29,16.68,50.94,Serbia,['Serbia'],right,188,0,False,8.5,4.72,60.0,5.03,56.25,0.0,0.0,0.63,5.66,9.64,0.63,2,0.63,0,0.0,2.52,0.0,0,0.0,0.01,0,0.0,3,0.9400000000000001,0.0,0.0,0.0,3.46,27.27,0.0,0.0,3.46,27.27,0.9400000000000001,2.52,62.5,6.29,45.0,1.26,1.57,0.0,26.43,1.8900000000000001,0.9400000000000001,34.93,73.87,11.01,57.14,6.29,100.0,26.43,86.9,5.35,35.29,15.33,30.56,0.09,0.9400000000000001,0.0,0.0,0.0,0.0,0.9400000000000001,2.83,66.67,4.41,35.71,0.0,0.0,0.63,0.9400000000000001,6.61,76.19,69.23,12.27,0,,0,,0,0.0,0.0,0.0,,,0.31,,5.03,0.31,0.0,0.0,0.63,0,0
V. Čarapić,Vladan Čarapić,-483719,Čukarički,Čukarički,https://cdn5.wyscout.com/photos/team/public/702_120x120.png,Super Liga,GK,GK,100,,0,,0,19,2007-01-30,0,2029-06-30,3,284,0,0.0,0,0.0,0.63,100.0,Serbia,['Serbia'],right,0,0,False,1.27,0.32,100.0,0.32,100.0,0.0,0.0,0.0,0.9500000000000001,1.1400000000000001,0.0,0,0.0,0,0.0,0.0,0.0,0,0.0,0.0,0,0.0,0,0.0,0.0,0.0,0.0,0.0,0.0,0.0,0.0,0.0,0.0,0.0,0.0,0.0,0.0,0.0,0.0,0.0,0.0,17.43,0.32,0.32,27.89,80.68,13.31,61.9,0.0,0.0,19.01,98.33,8.87,42.86,30.52,48.55,0.0,0.0,0.0,0.0,0.0,0.0,0.0,1.27,25.0,0.0,0.0,0.0,0.0,0.0,0.0,7.92,52.0,97.44,12.36,9,2.85,26,8.24,1,65.38,6.64,2.1,-2.36,-0.748,0.0,0.63,0.32,,,,0.0,0,0
M. Preković,Miloje Preković,135926,Novi Pazar,Novi Pazar,https://cdn5.wyscout.com/photos/team/public/3838_120x120.png,Super Liga,GK,GK,100,,0,,0,35,1991-06-07,50000,2027-06-30,3,282,0,0.0,0,0.0,0.0,0.0,Serbia,['Serbia'],right,192,90,False,0.64,0.0,0.0,0.0,0.0,0.0,0.0,0.0,0.64,1.0,0.0,0,0.0,0,0.0,0.0,0.0,0,0.0,0.0,0,0.0,0,0.0,0.0,0.0,0.0,0.0,0.0,0.0,0.0,0.0,0.0,0.0,0.0,0.0,0.0,0.0,0.0,0.0,0.0,14.68,0.32,0.0,21.06,81.82,12.77,72.5,0.0,0.0,13.4,97.62,7.66,54.17,32.36,46.89,0.0,0.0,0.0,0.0,0.0,0.0,0.0,0.64,0.0,0.32,0.0,0.0,0.0,0.0,0.0,4.79,60.0,96.0,7.98,4,1.28,16,5.11,2,75.0,5.22,1.6600000000000001,1.22,0.389,0.0,0.96,0.0,,,,0.0,0,0
D. Jovanović,Djordje Jovanović,-266973,Radnik Surdulica,Radnik Surdulica,https://cdn5.wyscout.com/photos/team/public/g6756_120x120.png,Super Liga,"LAMF, CF",LAMF,85,CF,14,,0,25,2001-08-17,0,2026-12-31,5,281,0,0.74,0,0.22,16.01,36.0,Serbia,['Serbia'],right,175,79,False,5.44,4.8,26.67,4.16,46.15,0.32,0.5,0.0,3.84,6.0,2.24,1,0.32,0,0.0,2.24,0.0,0,0.0,0.24,0,0.0,10,3.2,30.0,0.0,0.0,2.88,22.22,2.56,25.0,0.32,0.0,0.32,0.96,66.67,5.44,41.18,4.8,1.92,0.32,20.5,2.56,2.24,26.26,65.85,7.69,50.0,2.88,66.67,23.06,70.83,0.64,100.0,16.44,7.69,0.07,1.6,0.32,0.0,0.0,0.0,0.64,2.56,62.5,3.2,50.0,0.0,0.0,1.6,0.32,4.48,71.43,75.86,9.29,0,,0,,0,0.0,0.0,0.0,,,0.32,,4.16,0.0,0.0,0.0,0.0,0,0
T. Cojic,Tadija Cojic,-730896,IMT Novi Beograd U19,IMT Novi Beograd,https://cdn5.wyscout.com/photos/team/public/g-18838_120x120.png,U19 League,"AMF, CF",AMF,68,CF,25,,0,17,2009-06-26,0,,6,281,1,0.68,2,0.21,8.97,46.43,Serbia,['Serbia'],unknown,177,0,False,3.84,3.84,41.67,2.24,42.86,0.32,0.49,0.0,1.92,2.95,1.28,0,0.0,0,0.0,1.92,0.32,1,0.32,0.22,0,0.0,6,1.92,50.0,16.667,0.64,0.32,100.0,0.32,100.0,0.0,0.0,0.0,0.32,100.0,1.92,83.33,3.52,1.28,0.32,13.45,0.96,1.28,20.18,80.95,6.41,90.0,2.24,100.0,18.58,81.03,1.28,75.0,14.23,12.27,0.07,1.6,0.0,0.0,0.32,100.0,1.28,3.2,90.0,0.32,100.0,0.32,100.0,0.64,0.32,1.92,66.67,87.5,5.12,0,,0,,0,0.0,0.0,0.0,,,0.32,,2.24,0.0,0.0,0.0,0.0,0,0
A. Katai,Aleksandar Katai,122143,Crvena Zvezda,Crvena Zvezda,https://cdn5.wyscout.com/photos/team/public/483_120x120.png,Super Liga,"CF, LW, AMF",CF,46,LW,36,AMF,11,35,1991-02-06,1300000,2027-06-30,5,279,1,3.67,3,0.99,13.55,42.86,Serbia,['Serbia'],right,182,70,False,2.26,3.23,50.0,2.26,57.14,0.0,0.0,0.0,0.65,0.98,0.97,0,0.0,0,0.0,5.8100000000000005,0.32,1,0.32,1.18,0,0.0,21,6.77,61.9,4.7620000000000005,0.97,3.87,25.0,3.87,25.0,0.0,0.0,0.97,1.29,25.0,7.42,34.78,8.71,3.55,0.32,27.42,3.23,0.97,29.35,65.93,6.77,61.9,4.84,93.33,24.84,72.73,0.97,33.33,16.4,20.18,0.32,1.94,0.32,0.0,0.32,100.0,2.26,3.55,54.55,3.55,27.27,0.32,100.0,1.6099999999999999,0.97,1.94,66.67,56.1,13.23,0,,0,,0,0.0,0.0,0.0,,,0.32,,2.26,0.32,0.32,0.0,0.32,1,0
S. Alić,Semir Alić,-241808,Radnički Kragujevac,Radnički Kragujevac,https://cdn5.wyscout.com/photos/team/public/g2849_120x120.png,Super Liga,"LCMF, RCMF",LCMF,69,RCMF,10,,0,22,2004-03-27,0,2029-06-30,6,276,0,0.04,0,0.25,14.67,48.89,Serbia,['Serbia'],right,187,77,False,5.22,5.22,56.25,2.61,12.5,0.0,0.0,0.33,2.2800000000000002,4.2,1.3,2,0.65,0,0.0,1.3,0.0,0,0.0,0.01,0,0.0,2,0.65,0.0,0.0,0.0,1.63,20.0,0.33,0.0,1.3,25.0,0.33,1.3,75.0,4.89,46.67,1.63,0.33,0.33,20.54,0.33,1.3,27.39,67.86,7.83,45.83,4.24,100.0,23.48,75.0,2.2800000000000002,28.57,17.45,14.36,0.08,1.3,0.0,0.0,0.0,0.0,0.65,2.2800000000000002,14.29,1.96,66.67,0.0,0.0,0.33,0.33,3.59,18.18,65.52,9.46,0,,0,,0,0.0,0.0,0.0,,,0.0,,2.61,0.0,0.0,0.0,0.98,0,0
I. Ivanović,Igor Ivanović,349969,Radnički Niš,Radnički Niš,https://cdn5.wyscout.com/photos/team/public/g2850_120x120.png,Super Liga,"RAMF, RW, AMF",RAMF,39,RW,35,AMF,25,29,1997-07-28,400000,,4,274,0,0.09,0,0.65,16.75,37.25,Serbia,['Serbia'],left,175,80,False,0.99,1.31,25.0,1.6400000000000001,40.0,0.0,0.0,0.0,0.66,1.0,0.66,0,0.0,0,0.0,3.61,0.0,0,0.0,0.03,0,0.0,4,1.31,75.0,0.0,0.0,2.3,28.57,0.66,50.0,1.6400000000000001,20.0,0.66,4.27,46.15,12.81,38.46,2.3,2.3,0.66,21.35,0.66,1.6400000000000001,31.2,77.89,7.23,63.64,6.24,94.74,25.62,82.05,3.61,81.82,19.07,46.19,0.21,1.31,0.0,0.0,0.33,0.0,0.99,2.96,88.89,3.61,45.45,0.33,0.0,1.97,0.33,4.93,86.67,74.19,10.18,0,,0,,0,0.0,0.0,0.0,,,0.0,,1.6400000000000001,0.0,0.0,0.0,1.31,0,0
S. Knezevic,Sasa Knezevic,-656204,Zemun,Zemun,https://cdn5.wyscout.com/photos/team/public/1258_120x120.png,Super Liga,RB,RB,96,,0,,0,22,2004-08-18,0,,6,274,0,0.12,0,0.06,11.17,47.06,Serbia,"['Serbia', 'Croatia']",right,184,0,False,8.54,7.55,47.83,0.66,50.0,0.0,0.0,0.66,4.93,5.06,1.6400000000000001,0,0.0,0,0.0,1.31,0.0,0,0.0,0.04,0,0.0,3,0.99,0.0,0.0,0.0,2.96,33.33,0.33,0.0,2.63,37.5,0.33,0.66,50.0,1.6400000000000001,20.0,0.99,0.33,0.66,20.04,1.31,0.33,27.26,63.86,12.81,64.1,2.96,77.78,19.38,67.8,4.93,66.67,22.92,32.96,0.02,0.66,0.0,0.0,0.0,0.0,0.33,3.61,63.64,4.27,46.15,0.0,0.0,0.99,1.97,8.21,64.0,58.33,7.88,0,,0,,0,0.0,0.0,0.0,,,0.66,,0.66,0.0,0.0,0.0,0.33,0,0
Ismael Casas,Ismael Casas Casado,463465,IMT Novi Beograd,IMT Novi Beograd,https://cdn5.wyscout.com/photos/team/public/g30905_120x120.png,Super Liga,RB,RB,89,,0,,0,25,2001-03-07,250000,2027-06-30,4,271,0,0.12,0,0.06,12.29,56.76,Spain,['Spain'],right,174,62,False,7.64,3.99,66.67,2.99,33.33,0.0,0.0,0.33,4.98,8.04,1.0,0,0.0,0,0.0,0.66,0.0,0,0.0,0.04,0,0.0,2,0.66,0.0,0.0,0.0,1.33,50.0,0.0,0.0,1.33,50.0,0.0,0.0,0.0,2.32,71.43,0.66,0.33,0.0,31.22,2.99,1.99,40.52,83.61,14.94,64.44,7.97,100.0,34.87,89.52,4.65,50.0,21.25,25.11,0.02,0.33,0.0,0.0,0.0,0.0,0.33,5.31,68.75,1.33,75.0,0.0,0.0,0.66,0.66,7.97,70.83,90.7,14.28,0,,0,,0,0.0,0.0,0.0,,,2.32,,2.99,0.0,0.0,0.0,0.0,0,0
N. Tiknizyan,Nair Tiknizyan,460372,Crvena Zvezda,Crvena Zvezda,https://cdn5.wyscout.com/photos/team/public/483_120x120.png,Super Liga,"LB, LWB",LB,80,LWB,19,,0,27,1999-05-12,6500000,2028-06-30,3,271,0,0.04,0,0.6900000000000001,10.96,54.55,Russia,"['Russia', 'Armenia']",left,182,82,False,9.3,4.32,61.54,1.6600000000000001,60.0,0.33,0.5,0.33,6.31,9.5,1.0,0,0.0,0,0.0,2.66,0.0,0,0.0,0.01,0,0.0,1,0.33,0.0,0.0,0.0,5.31,31.25,5.31,31.25,0.0,0.0,0.0,1.6600000000000001,60.0,4.32,46.15,1.99,1.33,0.33,41.85,3.32,1.0,49.82,76.67,14.61,68.18,10.96,90.91,41.18,86.29,3.32,30.0,17.47,36.13,0.23,1.0,0.0,0.33,0.33,0.0,0.66,6.64,65.0,6.64,35.0,0.33,0.0,1.33,1.6600000000000001,9.96,76.67,67.39,15.28,0,,0,,0,0.0,0.0,0.0,,,0.66,,1.6600000000000001,0.0,0.0,0.0,0.0,0,0
Z. Ibrahim,Zubairu Ibrahim,-343740,Partizan,Partizan,https://cdn5.wyscout.com/photos/team/public/699_120x120.png,Super Liga,"LW, RW, LWF",LW,63,RW,18,LWF,16,22,2004-06-02,0,2028-06-30,4,268,1,0.78,0,0.33,16.46,57.14,Ghana,['Ghana'],right,175,66,False,4.37,6.04,44.44,3.02,66.67,0.0,0.0,0.0,1.6800000000000002,2.68,1.6800000000000002,1,0.34,0,0.0,3.36,0.34,1,0.34,0.26,0,0.0,9,3.02,55.56,11.111,0.0,2.69,25.0,2.35,28.57,0.34,0.0,0.67,1.6800000000000002,60.0,6.72,65.0,6.72,2.35,0.34,22.5,2.01,3.36,25.86,71.43,4.37,61.54,5.04,93.33,21.83,80.0,1.34,25.0,15.71,17.06,0.11,2.69,0.0,0.0,0.0,0.0,1.6800000000000002,1.01,0.0,2.69,62.5,0.0,0.0,1.6800000000000002,1.01,3.69,72.73,65.38,8.73,0,,0,,0,0.0,0.0,0.0,,,0.0,,3.02,0.0,0.0,0.0,0.0,0,0
S. Nwulu,Samson Nwulu,-731210,Partizan,Partizan,https://cdn5.wyscout.com/photos/team/public/699_120x120.png,Super Liga,"LB, RB",LB,64,RB,35,,0,19,2007-03-28,0,,3,264,0,0.16,0,0.6000000000000001,14.66,62.79,Nigeria,['Nigeria'],unknown,0,0,False,10.23,7.16,66.67,3.07,66.67,0.0,0.0,0.0,5.45,10.0,0.68,1,0.34,0,0.0,2.73,0.0,0,0.0,0.05,0,0.0,3,1.02,33.33,0.0,0.0,4.77,35.71,1.02,66.67,3.75,27.27,1.02,0.34,100.0,3.75,54.55,2.73,2.05,0.34,46.02,2.39,2.39,61.36,85.56,16.36,85.42,11.25,96.97,54.89,91.3,2.05,33.33,16.52,23.48,0.21,1.02,0.0,0.0,0.34,100.0,1.02,3.41,80.0,5.45,62.5,0.34,100.0,2.39,1.7000000000000002,7.5,81.82,82.26,21.14,0,,0,,0,0.0,0.0,0.0,,,1.3599999999999999,,3.07,0.0,0.0,0.0,0.0,0,0
D. Seck,Demba Seck,-107466,Partizan,Partizan,https://cdn5.wyscout.com/photos/team/public/699_120x120.png,Super Liga,"RAMF, RW",RAMF,57,RW,42,,0,25,2001-02-10,2000000,2029-06-30,4,255,2,2.04,0,0.15,21.18,50.0,Senegal,['Senegal'],left,190,76,False,3.18,4.24,50.0,0.35000000000000003,0.0,0.0,0.0,0.0,1.06,2.25,0.71,0,0.0,1,0.35000000000000003,8.12,0.71,2,0.71,0.72,0,0.0,10,3.5300000000000002,70.0,20.0,0.0,1.4100000000000001,50.0,0.0,0.0,1.4100000000000001,50.0,0.0,7.06,70.0,16.59,51.06,7.06,3.18,0.71,28.94,1.06,1.06,32.82,77.42,6.35,66.67,8.47,87.5,31.06,78.41,0.35000000000000003,100.0,13.68,11.98,0.05,1.06,0.35000000000000003,0.0,0.0,0.0,0.71,2.12,100.0,3.18,44.44,0.0,0.0,1.4100000000000001,0.71,4.59,61.54,77.27,7.76,0,,0,,0,0.0,0.0,0.0,,,0.0,,0.35000000000000003,0.0,0.0,0.0,0.0,0,0
M. Ivanić,Mirko Ivanić,263461,Crvena Zvezda,Crvena Zvezda,https://cdn5.wyscout.com/photos/team/public/483_120x120.png,Super Liga,"LCMF, LW, LAMF",LCMF,30,LW,26,LAMF,18,32,1993-09-13,5000000,2027-06-30,4,251,1,1.5,1,0.71,8.96,48.0,Serbia,"['Serbia', 'Montenegro']",right,183,71,False,3.23,1.43,50.0,1.79,80.0,0.0,0.0,0.0,2.51,4.38,0.0,0,0.0,0,0.0,3.94,0.36,1,0.36,0.54,1,0.36,10,3.59,50.0,10.0,0.36,1.79,40.0,1.79,40.0,0.0,0.0,0.36,1.08,100.0,4.66,46.15,5.02,1.79,1.08,28.69,2.15,0.0,35.86,78.0,12.55,65.71,6.45,94.44,32.27,80.0,2.15,83.33,17.67,27.57,0.26,2.15,0.72,0.0,0.36,100.0,1.08,7.53,80.95,5.02,42.86,0.72,50.0,2.51,0.36,7.53,80.95,78.13,11.47,0,,0,,0,0.0,0.0,0.0,,,0.0,,1.79,0.0,0.0,0.0,0.0,0,0
T.  Skima Kobinah,Togbe  Skima Kobinah,-664155,Novi Pazar,Novi Pazar,https://cdn5.wyscout.com/photos/team/public/3838_120x120.png,Super Liga,RDMF,RDMF,100,,0,,0,20,2006-06-15,0,2027-06-30,4,246,0,0.07,0,0.03,9.15,60.0,Ghana,['Ghana'],,0,0,False,6.22,6.59,50.0,1.46,100.0,0.0,0.0,0.0,2.93,4.53,2.93,1,0.37,1,0.37,1.1,0.0,0,0.0,0.03,0,0.0,2,0.73,100.0,0.0,0.0,0.0,0.0,0.0,0.0,0.0,0.0,0.0,0.37,100.0,1.1,66.67,0.0,0.37,0.0,16.1,0.0,0.73,26.71,73.97,10.98,53.33,2.56,100.0,24.15,77.27,2.56,42.86,18.04,31.86,0.01,0.37,0.0,0.0,0.0,0.0,0.0,4.76,61.54,0.73,0.0,0.0,0.0,0.37,0.0,4.76,69.23,84.0,9.15,0,,0,,0,0.0,0.0,0.0,,,0.0,,1.46,0.0,0.0,0.0,0.0,0,0
Lucas Barros,Lucas Barros da Cunha,-67712,Vojvodina,Vojvodina,https://cdn5.wyscout.com/photos/team/public/700_120x120.png,Super Liga,LB,LB,100,,0,,0,27,1999-08-21,650000,2027-06-30,5,244,0,0.0,0,0.8300000000000001,11.07,56.67,Brazil,['Brazil'],left,180,66,False,4.06,4.8,23.08,2.58,85.71,0.0,0.0,0.37,2.95,5.45,1.8399999999999999,1,0.37,0,0.0,4.06,0.0,0,0.0,0.0,0,0.0,1,0.37,0.0,0.0,0.0,3.69,80.0,3.69,80.0,0.0,0.0,0.37,1.11,100.0,2.58,100.0,1.11,1.8399999999999999,0.0,23.61,1.8399999999999999,1.48,32.09,81.61,11.8,71.88,6.64,83.33,25.08,85.29,4.43,66.67,21.13,27.56,0.31,1.48,0.0,0.0,0.0,0.0,1.48,5.16,78.57,3.69,70.0,0.0,0.0,1.11,1.8399999999999999,7.38,75.0,90.0,11.07,0,,0,,0,0.0,0.0,0.0,,,0.74,,2.58,0.0,0.0,0.0,0.0,0,0
D. Kokanović,Dragan Kokanović,-254025,Vojvodina,Vojvodina,https://cdn5.wyscout.com/photos/team/public/700_120x120.png,Super Liga,"AMF, RCMF",AMF,64,RCMF,26,,0,24,2002-05-01,100000,2029-06-30,5,240,1,0.37,0,0.74,15.38,41.46,Serbia,['Serbia'],,0,0,False,9.75,6.75,61.11,1.88,20.0,0.38,0.59,0.0,5.25,8.24,3.0,0,0.0,0,0.0,2.63,0.38,1,0.38,0.14,0,0.0,7,2.63,42.86,14.286,0.0,1.5,100.0,1.13,100.0,0.38,100.0,0.0,0.75,0.0,5.63,33.33,1.13,0.75,0.0,16.5,1.5,1.5,22.5,78.33,5.63,53.33,5.63,73.33,19.88,77.36,1.5,75.0,13.58,29.27,0.28,1.88,0.75,0.0,0.0,0.0,1.13,1.5,75.0,1.88,100.0,0.0,0.0,1.5,1.13,5.25,71.43,88.24,6.38,0,,0,,0,0.0,0.0,0.0,,,0.0,,1.88,0.75,0.0,0.0,1.13,0,0
L. Loizou,Loizos Loizou,-114130,Crvena Zvezda,Crvena Zvezda,https://cdn5.wyscout.com/photos/team/public/483_120x120.png,Super Liga,"RW, RCMF",RW,87,RCMF,12,,0,23,2003-07-18,0,2030-06-30,4,239,1,0.9500000000000001,0,0.73,15.06,52.5,Cyprus,['Cyprus'],left,170,60,False,3.77,4.52,66.67,0.0,0.0,0.0,0.0,0.0,0.75,1.25,1.13,1,0.38,0,0.0,5.27,0.38,1,0.38,0.36,0,0.0,8,3.01,37.5,12.5,0.0,3.39,33.33,0.38,100.0,2.64,28.57,0.0,5.27,57.14,9.79,46.15,5.27,1.51,0.0,33.89,1.51,1.51,38.03,79.21,8.66,65.22,10.54,100.0,33.89,85.56,1.51,0.0,16.83,26.14,0.27,1.51,0.38,0.38,0.0,0.0,1.51,2.26,83.33,4.14,45.45,0.0,0.0,1.88,1.13,6.4,94.12,70.83,9.04,0,,0,,0,0.0,0.0,0.0,,,0.38,,0.0,0.0,0.0,0.0,0.38,0,0
T. Elšnik,Timi Max Elšnik,374781,Crvena Zvezda,Crvena Zvezda,https://cdn5.wyscout.com/photos/team/public/483_120x120.png,Super Liga,"DMF, RCMF, RDMF",DMF,44,RCMF,34,RDMF,20,28,1998-04-29,2000000,2028-06-30,4,228,0,0.6900000000000001,0,0.0,10.66,66.67,Slovenia,['Slovenia'],left,182,68,False,8.29,5.13,61.54,2.76,85.71,0.0,0.0,0.79,5.13,7.5,1.18,1,0.39,0,0.0,0.0,0.0,0,0.0,0.27,0,0.0,5,1.97,0.0,0.0,0.0,0.0,0.0,0.0,0.0,0.0,0.0,0.0,0.0,0.0,1.97,40.0,2.37,0.0,0.0,30.39,0.0,0.0,43.42,90.91,15.0,84.21,6.71,100.0,38.68,92.86,4.74,75.0,18.91,37.1,0.0,0.0,0.0,0.0,0.0,0.0,0.39,3.55,88.89,0.39,0.0,0.0,0.0,0.0,0.0,5.13,84.62,93.02,16.97,0,,0,,0,0.0,0.0,0.0,,,0.39,,2.76,0.0,0.0,0.0,0.0,0,0
M. Vidosavljević,Milutin Vidosavljević,464183,Vojvodina,Vojvodina,https://cdn5.wyscout.com/photos/team/public/700_120x120.png,Super Liga,"RCMF, LDMF, RDMF",RCMF,38,LDMF,21,RDMF,19,25,2001-02-21,1500000,2029-06-30,5,228,0,1.07,0,0.19,16.58,50.0,Serbia,['Serbia'],left,180,71,False,5.53,4.74,58.33,1.18,33.33,0.0,0.0,0.39,2.76,5.38,2.37,2,0.79,0,0.0,1.97,0.0,0,0.0,0.42,0,0.0,8,3.16,25.0,0.0,0.0,0.79,50.0,0.0,0.0,0.79,50.0,0.0,1.18,66.67,9.08,52.17,3.16,0.79,0.79,27.24,1.18,1.58,37.89,80.21,11.84,63.33,9.08,86.96,35.53,82.22,1.58,50.0,16.25,7.86,0.08,1.18,0.39,0.0,0.39,0.0,0.39,3.16,25.0,4.34,45.45,0.39,0.0,0.79,0.39,6.32,43.75,90.91,8.68,0,,0,,0,0.0,0.0,0.0,,,0.39,,1.18,0.79,0.39,0.0,3.16,0,0
Jeh,Jeferson Marinho dos Santos,-248437,Partizan,Partizan,https://cdn5.wyscout.com/photos/team/public/699_120x120.png,Super Liga,CF,CF,100,,0,,0,26,1999-10-24,0,2028-06-30,5,227,0,1.73,0,0.21,25.77,38.46,Brazil,['Brazil'],right,185,77,True,2.7800000000000002,3.17,25.0,10.7,29.63,0.0,0.0,0.0,1.98,3.41,2.7800000000000002,1,0.4,0,0.0,1.98,0.0,0,0.0,0.68,0,0.0,13,5.15,15.38,0.0,0.0,0.4,0.0,0.0,0.0,0.4,0.0,0.0,1.98,60.0,8.72,45.45,8.33,0.79,0.0,14.27,1.5899999999999999,2.38,16.65,71.43,4.36,45.45,4.36,100.0,16.26,73.17,0.0,0.0,12.18,0.0,0.08,0.79,0.0,0.0,0.0,0.0,0.79,2.38,33.33,0.79,0.0,0.0,0.0,1.19,0.0,0.79,50.0,66.67,3.5700000000000003,0,,0,,0,0.0,0.0,0.0,,,0.0,,10.7,0.4,0.4,0.0,0.0,0,0
L. Zorić,Luka Zorić,463403,Radnik Surdulica,Radnik Surdulica,https://cdn5.wyscout.com/photos/team/public/g6756_120x120.png,Super Liga,"LDMF, RDMF, AMF",LDMF,62,RDMF,21,AMF,13,28,1998-08-02,600000,2027-06-30,5,226,1,0.64,0,0.02,9.56,50.0,Serbia,['Serbia'],left,180,70,False,3.98,4.38,54.55,2.79,57.14,0.0,0.0,0.4,1.5899999999999999,1.97,2.39,1,0.4,0,0.0,1.19,0.4,1,0.4,0.25,0,0.0,5,1.99,40.0,20.0,0.0,0.8,0.0,0.8,0.0,0.0,0.0,0.0,0.8,50.0,1.19,33.33,2.39,0.4,0.0,22.7,0.0,0.0,35.44,68.54,14.73,56.76,3.19,87.5,29.87,72.0,4.78,58.33,17.92,21.61,0.01,0.8,0.0,0.0,0.0,0.0,0.4,6.77,64.71,2.39,16.67,0.0,0.0,0.4,0.0,6.77,70.59,76.47,13.54,0,,0,,0,0.0,0.0,0.0,,,0.0,,2.79,0.0,0.0,0.0,0.0,0,0
P. Gadio,Papa Amady Gadio,-524514,Novi Pazar,Novi Pazar,https://cdn5.wyscout.com/photos/team/public/3838_120x120.png,Super Liga,"RDMF, LDMF",RDMF,71,LDMF,28,,0,24,2001-10-19,0,2029-06-30,5,223,0,0.0,0,0.0,12.91,59.38,Morocco,['Morocco'],,0,0,False,8.48,6.05,60.0,2.02,60.0,1.21,1.6099999999999999,0.0,3.63,4.82,1.6099999999999999,2,0.81,0,0.0,1.21,0.0,0,0.0,0.0,0,0.0,0,0.0,0.0,0.0,0.0,0.0,0.0,0.0,0.0,0.0,0.0,0.0,1.21,100.0,4.04,70.0,0.4,1.21,0.0,17.76,0.0,1.21,27.44,77.94,11.3,67.86,3.23,100.0,24.22,78.33,3.23,75.0,15.89,27.33,0.0,0.0,0.0,0.0,0.0,0.0,0.0,3.63,66.67,0.0,0.0,0.0,0.0,0.0,0.0,6.86,70.59,79.17,9.69,0,,0,,0,0.0,0.0,0.0,,,0.0,,2.02,0.0,0.0,0.0,0.0,0,0
V. Mirosavić,Veljko Mirosavić,-256559,Novi Pazar,Novi Pazar,https://cdn5.wyscout.com/photos/team/public/3838_120x120.png,Super Liga,LB,LB,100,,0,,0,21,2005-06-15,0,2027-06-30,3,222,0,0.02,0,0.27,6.49,68.75,Serbia,['Serbia'],left,171,67,False,7.3,4.46,63.64,0.41000000000000003,0.0,0.0,0.0,0.81,4.46,6.73,0.41000000000000003,0,0.0,0,0.0,1.22,0.0,0,0.0,0.01,0,0.0,3,1.22,33.33,0.0,0.0,2.84,28.57,2.84,28.57,0.0,0.0,0.0,0.0,0.0,1.22,100.0,0.0,0.41000000000000003,0.0,21.89,0.81,0.81,32.03,60.76,14.59,47.22,6.08,93.33,21.89,70.37,7.3,44.44,23.0,37.87,0.11,0.41000000000000003,0.0,0.0,0.0,0.0,0.41000000000000003,5.68,35.71,3.24,37.5,0.0,0.0,0.41000000000000003,0.81,8.51,76.19,66.67,8.51,0,,0,,0,0.0,0.0,0.0,,,1.22,,0.41000000000000003,0.0,0.0,0.0,1.22,0,0
A. Pejović,Aleksandar Pejović,84287,Radnik Surdulica,Radnik Surdulica,https://cdn5.wyscout.com/photos/team/public/g6756_120x120.png,Super Liga,"LDMF, RDMF",LDMF,77,RDMF,19,,0,35,1990-12-28,300000,2027-06-30,3,220,1,0.12,1,0.47000000000000003,14.73,61.11,Serbia,['Serbia'],left,174,68,False,9.0,5.32,46.15,2.45,83.33,0.0,0.0,0.41000000000000003,6.55,10.91,1.6400000000000001,1,0.41000000000000003,1,0.41000000000000003,4.91,0.41000000000000003,1,0.41000000000000003,0.05,0,0.0,5,2.05,40.0,20.0,0.41000000000000003,3.68,55.56,3.68,55.56,0.0,0.0,0.41000000000000003,2.05,100.0,5.32,76.92,2.05,2.05,0.0,36.41,0.0,2.05,54.82,79.85,24.95,70.49,6.55,93.75,44.18,87.96,7.36,38.89,20.92,45.31,0.19,2.86,0.0,0.0,0.0,0.0,1.23,12.68,64.52,5.73,57.14,0.0,0.0,1.6400000000000001,2.05,15.14,89.19,83.72,17.59,0,,0,,0,0.0,0.0,0.0,,,0.41000000000000003,,2.45,0.41000000000000003,0.0,0.0,2.45,0,0
D. Stojanovic,Darko Stojanovic,-256539,Radnik Surdulica,Radnik Surdulica,https://cdn5.wyscout.com/photos/team/public/g6756_120x120.png,Super Liga,"AMF, LAMF",AMF,89,LAMF,10,,0,22,2003-09-03,0,2029-06-30,5,219,1,0.42,0,0.1,10.27,48.0,Serbia,['Serbia'],,0,0,False,2.88,3.29,25.0,2.47,33.33,0.0,0.0,0.0,2.05,2.83,2.47,1,0.41000000000000003,0,0.0,3.7,0.41000000000000003,1,0.41000000000000003,0.17,0,0.0,7,2.88,28.57,14.286,0.0,3.29,37.5,0.0,0.0,3.29,37.5,0.41000000000000003,2.05,80.0,4.11,70.0,1.6400000000000001,0.8200000000000001,0.0,26.3,2.88,0.8200000000000001,29.18,71.83,9.86,70.83,5.75,85.71,24.66,76.67,1.6400000000000001,50.0,17.41,30.27,0.04,0.8200000000000001,0.8200000000000001,0.0,0.0,0.0,0.41000000000000003,4.11,70.0,4.52,45.45,0.0,0.0,1.23,0.8200000000000001,5.75,92.86,70.0,8.22,0,,0,,0,0.0,0.0,0.0,,,0.0,,2.47,0.0,0.0,0.0,1.6400000000000001,0,0
N. Trifunović,Nemanja Trifunović,-436688,Partizan,Partizan,https://cdn5.wyscout.com/photos/team/public/699_120x120.png,Super Liga,"RW, LW",RW,62,LW,37,,0,22,2004-06-29,0,2028-06-30,3,217,0,0.86,0,0.25,11.2,51.85,Serbia,['Serbia'],right,0,0,False,3.73,2.07,40.0,1.24,33.33,0.0,0.0,0.0,2.9,4.88,0.8300000000000001,1,0.41000000000000003,0,0.0,7.05,0.0,0,0.0,0.35000000000000003,0,0.0,5,2.07,40.0,0.0,0.0,5.39,61.54,1.6600000000000001,50.0,3.73,66.67,0.41000000000000003,2.9,100.0,7.47,61.11,2.49,2.49,0.0,21.98,2.49,1.6600000000000001,23.23,75.0,4.5600000000000005,45.45,5.8100000000000005,100.0,17.42,80.95,1.6600000000000001,50.0,18.68,33.34,0.1,1.24,0.0,0.0,0.0,0.0,0.8300000000000001,2.07,20.0,4.5600000000000005,54.55,0.41000000000000003,0.0,0.8300000000000001,2.9,3.73,66.67,65.0,8.29,0,,0,,0,0.0,0.0,0.0,,,0.0,,1.24,0.0,0.0,0.0,0.0,0,0
C. Traorè,Chaka Traorè,-149830,Partizan,Partizan,https://cdn5.wyscout.com/photos/team/public/699_120x120.png,Super Liga,"LW, LAMF, RW",LW,45,LAMF,29,RW,15,21,2004-12-23,0,2028-06-30,6,216,1,2.05,0,0.43,17.5,59.52,Côte d'Ivoire,"[""Côte d'Ivoire""]",right,175,65,False,2.92,3.33,50.0,1.25,33.33,0.0,0.0,0.0,1.25,2.25,0.8300000000000001,1,0.42,0,0.0,5.0,0.42,1,0.42,0.85,0,0.0,10,4.17,30.0,10.0,0.0,0.8300000000000001,50.0,0.42,100.0,0.42,0.0,0.0,4.17,80.0,12.08,68.97,7.92,2.92,0.42,25.42,0.8300000000000001,3.75,29.17,75.71,7.92,52.63,5.83,85.71,26.67,81.25,1.67,0.0,16.97,31.49,0.18,1.25,0.0,0.0,0.0,0.0,1.25,4.17,40.0,2.08,20.0,0.0,0.0,2.08,0.42,5.0,75.0,85.71,8.75,0,,0,,0,0.0,0.0,0.0,,,0.42,,1.25,0.0,0.0,0.0,0.42,0,0
F. Zunić,Filip Zunić,-179074,Mladost Lučani,Mladost Lučani,https://cdn5.wyscout.com/photos/team/public/703_120x120.png,Super Liga,"LCMF, RCMF, RWF",LCMF,40,RCMF,30,RWF,26,24,2002-05-16,500000,2028-01-01,5,216,0,0.0,0,0.01,11.67,57.14,Serbia,['Serbia'],right,180,71,False,5.0,5.0,50.0,1.25,66.67,0.0,0.0,0.42,2.5,2.86,1.25,0,0.0,0,0.0,0.42,0.0,0,0.0,0.0,0,0.0,0,0.0,0.0,0.0,0.0,0.8300000000000001,0.0,0.0,0.0,0.8300000000000001,0.0,0.0,0.42,100.0,4.58,63.64,0.8300000000000001,0.8300000000000001,0.42,18.75,1.25,2.5,27.92,68.66,9.17,54.55,4.58,90.91,22.92,78.18,4.17,30.0,15.43,23.33,0.0,0.42,0.0,0.0,0.0,0.0,0.0,6.67,50.0,1.67,25.0,0.42,0.0,0.42,0.42,4.58,54.55,70.83,10.0,0,,0,,0,0.0,0.0,0.0,,,0.42,,1.25,0.42,0.0,0.0,0.0,0,0
D. Jovanović,Djordje Jovanović,509761,Zemun,Zemun,https://cdn5.wyscout.com/photos/team/public/1258_120x120.png,Super Liga,"LCB, RB",LCB,89,RB,10,,0,25,2001-01-07,0,2027-06-30,3,216,0,0.0,0,0.0,10.0,58.33,Serbia,['Serbia'],,0,0,False,10.42,3.75,77.78,4.58,54.55,0.0,0.0,0.8300000000000001,7.5,7.71,0.42,1,0.42,0,0.0,0.0,0.0,0,0.0,0.0,0,0.0,0,0.0,0.0,0.0,0.0,0.0,0.0,0.0,0.0,0.0,0.0,0.0,0.42,0.0,0.8300000000000001,0.0,0.0,0.8300000000000001,0.0,19.58,0.42,0.8300000000000001,27.08,93.85,7.5,88.89,2.92,100.0,25.83,95.16,1.25,66.67,20.53,12.07,0.0,0.0,0.0,0.0,0.0,0.0,0.0,0.42,100.0,0.0,0.0,0.0,0.0,0.0,0.0,2.08,80.0,97.06,14.17,0,,0,,0,0.0,0.0,0.0,,,2.92,,4.58,0.0,0.0,0.0,0.0,0,0
E. Addo,Edmund Addo,-110079,OFK Beograd,OFK Beograd,https://cdn5.wyscout.com/photos/team/public/705_120x120.png,Super Liga,"DMF, LDMF",DMF,81,LDMF,18,,0,26,2000-05-17,500000,2027-06-30,3,214,0,0.13,0,0.0,17.66,45.24,Ghana,['Ghana'],right,180,78,False,7.99,7.99,57.89,0.42,100.0,0.42,0.67,0.42,2.94,4.67,1.6800000000000002,2,0.84,0,0.0,0.0,0.0,0,0.0,0.05,0,0.0,2,0.84,0.0,0.0,0.0,0.0,0.0,0.0,0.0,0.0,0.0,0.0,0.84,0.0,6.31,26.67,0.0,0.84,0.42,21.03,0.42,1.26,29.44,82.86,9.67,60.87,2.52,100.0,25.65,88.52,3.79,44.44,22.73,47.5,0.0,0.0,0.0,0.0,0.0,0.0,0.0,5.05,58.33,0.42,0.0,0.0,0.0,0.0,0.0,3.79,77.78,93.75,13.46,0,,0,,0,0.0,0.0,0.0,,,0.0,,0.42,0.0,0.0,0.0,0.0,0,0
E. Mašović,Erhan Mašović,385255,,Vojvodina,,,LCB,LCB,100,,0,,0,27,1998-11-22,5000000,,3,213,0,0.72,0,0.0,8.45,60.0,Serbia,"['Serbia', 'Bosnia and Herzegovina']",right,189,82,False,8.03,4.65,72.73,1.69,50.0,0.42,0.63,0.85,4.23,6.25,0.85,0,0.0,0,0.0,0.42,0.0,0,0.0,0.30000000000000004,0,0.0,1,0.42,100.0,0.0,0.0,0.0,0.0,0.0,0.0,0.0,0.0,0.0,0.0,0.0,1.27,33.33,0.42,0.85,0.0,26.2,0.85,0.85,38.03,82.22,19.01,66.67,0.85,100.0,30.42,91.67,7.61,44.44,25.72,51.66,0.0,0.0,0.0,0.42,0.0,0.0,0.0,8.03,57.89,1.69,25.0,0.0,0.0,0.0,0.0,8.03,68.42,97.5,16.9,0,,0,,0,0.0,0.0,0.0,,,0.42,,1.69,0.0,0.0,0.0,0.0,0,0
N. Petrusic,Novak Petrusic,-483956,Zemun,Zemun,https://cdn5.wyscout.com/photos/team/public/1258_120x120.png,Super Liga,"CF, LW",CF,86,LW,11,,0,21,2005-03-02,0,,5,211,1,0.46,0,0.21,20.9,42.86,Serbia,['Serbia'],unknown,0,0,False,3.41,2.13,20.0,7.68,50.0,0.0,0.0,0.43,2.99,3.62,2.56,1,0.43,1,0.43,0.85,0.43,1,0.43,0.2,1,0.43,3,1.28,66.67,33.333,0.0,0.85,0.0,0.43,0.0,0.43,0.0,0.43,0.85,0.0,6.82,56.25,3.41,0.0,0.0,11.94,1.71,3.84,14.5,55.88,3.41,75.0,2.13,80.0,13.22,58.06,0.43,100.0,12.88,7.47,0.09,0.43,0.0,0.0,0.0,0.0,0.43,1.71,75.0,1.28,33.33,0.0,0.0,0.43,0.0,1.28,66.67,33.33,3.84,0,,0,,0,0.0,0.0,0.0,,,0.0,,7.68,0.0,0.0,0.0,0.0,0,0
V. Tomic,Vanja  Tomic,-483714,Radnički Kragujevac,Radnički Kragujevac,https://cdn5.wyscout.com/photos/team/public/g2849_120x120.png,Super Liga,"DMF, RCB",DMF,70,RCB,24,,0,21,2005-07-15,0,,4,207,0,0.0,0,0.0,10.87,52.0,Serbia,['Serbia'],unknown,0,0,False,7.39,4.35,40.0,3.48,62.5,0.43,1.0,0.43,5.22,12.0,0.87,2,0.87,0,0.0,0.0,0.0,0,0.0,0.0,0,0.0,0,0.0,0.0,0.0,0.0,0.0,0.0,0.0,0.0,0.0,0.0,0.0,0.0,0.0,1.74,75.0,0.43,0.43,0.0,24.35,0.0,0.43,40.0,82.61,10.0,65.22,4.35,90.0,36.52,86.9,3.48,37.5,18.17,37.11,0.0,0.0,0.0,0.43,0.0,0.0,0.0,8.26,68.42,0.87,0.0,0.0,0.0,0.0,0.0,6.09,57.14,91.3,20.0,0,,0,,0,0.0,0.0,0.0,,,2.17,,3.48,0.0,0.0,0.0,0.0,0,0
Jonny,Jonny Robert do Nascimento Torres,-76711,Novi Pazar,Novi Pazar,https://cdn5.wyscout.com/photos/team/public/3838_120x120.png,Super Liga,"RAMF, LAMF, CF",RAMF,56,LAMF,24,CF,11,28,1998-05-18,300000,2028-06-30,6,207,0,0.48,0,0.0,13.48,45.16,Brazil,['Brazil'],right,0,0,False,5.22,4.35,50.0,3.91,22.22,0.0,0.0,0.0,3.04,5.68,2.17,1,0.43,0,0.0,2.17,0.0,0,0.0,0.21,0,0.0,8,3.48,12.5,0.0,0.0,1.74,75.0,0.0,0.0,1.74,75.0,0.0,0.43,100.0,4.78,63.64,2.61,0.87,0.0,17.39,1.3,1.3,20.43,65.96,5.22,41.67,3.91,55.56,16.96,64.1,2.17,80.0,20.89,37.8,0.0,0.0,0.0,0.0,0.0,0.0,0.43,2.61,33.33,0.87,100.0,0.0,0.0,0.43,0.87,3.91,55.56,81.25,6.96,0,,0,,0,0.0,0.0,0.0,,,0.0,,3.91,0.0,0.0,0.0,0.0,0,0
R. Đorđe,Rankovic Đorđe,-684236,OFK Beograd,OFK Beograd,https://cdn5.wyscout.com/photos/team/public/705_120x120.png,Super Liga,"LW, LAMF",LW,59,LAMF,33,,0,18,2007-11-16,0,,7,207,1,0.34,0,0.44,16.96,61.54,Serbia,['Serbia'],,0,0,False,5.22,3.91,66.67,3.48,50.0,0.87,1.71,0.0,1.74,3.43,0.0,0,0.0,0,0.0,3.48,0.43,1,0.43,0.15,0,0.0,4,1.74,50.0,25.0,0.0,2.61,33.33,2.61,33.33,0.0,0.0,0.0,2.17,80.0,8.26,68.42,2.17,1.3,0.0,24.35,0.43,3.91,29.13,74.63,10.0,60.87,6.96,100.0,23.91,81.82,2.61,50.0,18.33,28.57,0.19,2.61,0.43,0.0,0.0,0.0,0.0,5.22,75.0,2.61,33.33,0.43,0.0,0.87,0.87,7.39,70.59,82.35,7.39,0,,0,,0,0.0,0.0,0.0,,,0.43,,3.48,0.0,0.0,0.0,3.48,0,0
V. Kostov,Vasilije Kostov,-484059,Crvena Zvezda,Crvena Zvezda,https://cdn5.wyscout.com/photos/team/public/483_120x120.png,Super Liga,"RCMF, AMF, RW",RCMF,45,AMF,38,RW,14,18,2008-05-11,0,2028-06-30,3,204,3,1.8900000000000001,1,0.99,7.5,52.94,Serbia,"['Serbia', 'North Macedonia']",right,176,0,False,5.29,2.65,83.33,1.32,33.33,0.44,0.68,0.88,2.65,4.09,0.0,0,0.0,0,0.0,3.09,1.32,3,1.32,0.8300000000000001,0,0.0,9,3.9699999999999998,55.56,33.333,0.44,1.32,0.0,0.88,0.0,0.44,0.0,0.0,1.76,50.0,3.09,28.57,5.74,0.44,0.0,18.53,2.21,0.0,23.82,74.07,4.85,63.64,8.82,90.0,21.18,81.25,1.32,33.33,20.83,20.39,0.44,1.32,0.0,0.0,0.0,0.0,0.44,1.76,50.0,0.88,0.0,0.0,0.0,0.44,0.0,1.32,66.67,72.73,4.85,0,,0,,0,0.0,0.0,0.0,,,1.32,,1.32,0.88,0.44,0.0,0.0,0,0
S. Despotovski,Stefan Despotovski,-101372,OFK Beograd,OFK Beograd,https://cdn5.wyscout.com/photos/team/public/705_120x120.png,Super Liga,"RB, RWB",RB,67,RWB,32,,0,23,2003-01-23,250000,2027-06-30,5,203,0,0.0,0,0.0,17.73,55.0,Serbia,"['Serbia', 'North Macedonia']",right,185,77,False,8.87,7.98,61.11,2.66,16.67,0.0,0.0,0.0,3.99,8.18,2.66,0,0.0,0,0.0,0.44,0.0,0,0.0,0.0,0,0.0,1,0.44,0.0,0.0,0.0,2.22,0.0,0.0,0.0,2.22,0.0,0.0,0.44,100.0,4.88,63.64,0.0,1.77,0.89,23.94,1.33,2.22,34.14,77.92,11.97,74.07,5.76,100.0,28.82,83.08,3.55,75.0,21.0,35.62,0.0,0.0,0.0,0.0,0.0,0.0,0.0,4.43,70.0,1.77,0.0,0.0,0.0,0.0,0.44,8.42,68.42,63.64,9.75,0,,0,,0,0.0,0.0,0.0,,,0.0,,2.66,0.0,0.0,0.0,0.0,0,0
I. Mustapha,Ibrahim  Mustapha,-243830,Radnički Niš,Radnički Niš,https://cdn5.wyscout.com/photos/team/public/g2850_120x120.png,Super Liga,"LAMF, CF, RAMF",LAMF,41,CF,36,RAMF,22,26,2000-06-18,0,2028-06-30,5,195,0,0.87,0,0.15,13.85,33.33,Ghana,['Ghana'],right,180,75,True,2.31,1.38,33.33,3.69,12.5,0.0,0.0,0.0,1.85,3.75,0.0,0,0.0,0,0.0,1.85,0.0,0,0.0,0.4,0,0.0,3,1.38,33.33,0.0,0.0,0.92,100.0,0.92,100.0,0.0,0.0,0.0,0.46,100.0,7.38,43.75,3.23,1.38,0.0,15.23,1.85,2.77,25.38,92.73,3.69,75.0,8.31,100.0,24.46,92.45,0.0,0.0,14.28,0.0,0.07,2.77,0.0,0.0,0.0,0.0,0.92,1.38,100.0,1.85,100.0,0.0,0.0,1.38,0.92,3.23,85.71,93.75,7.38,0,,0,,0,0.0,0.0,0.0,,,0.0,,3.69,0.0,0.0,0.0,0.0,0,0
S. Manojlović,Strahinja Manojlović,-126105,Radnički Niš,Radnički Niš,https://cdn5.wyscout.com/photos/team/public/g2850_120x120.png,Super Liga,GK,GK,100,,0,,0,24,2002-08-11,800000,,2,194,0,0.0,0,0.0,0.0,0.0,Bosnia and Herzegovina,"['Bosnia and Herzegovina', 'Serbia']",right,190,79,False,0.0,0.0,0.0,0.0,0.0,0.0,0.0,0.0,0.0,0.0,0.0,0,0.0,0,0.0,0.0,0.0,0,0.0,0.0,0,0.0,0,0.0,0.0,0.0,0.0,0.0,0.0,0.0,0.0,0.0,0.0,0.0,0.0,0.0,0.0,0.0,0.0,0.0,0.0,17.63,0.46,0.0,26.44,73.68,16.7,63.89,0.0,0.0,15.77,97.06,10.67,39.13,34.31,48.75,0.0,0.0,0.0,0.0,0.0,0.0,0.0,2.32,40.0,0.46,0.0,0.0,0.0,0.0,0.0,6.96,46.67,88.24,7.89,4,1.8599999999999999,8,3.71,0,50.0,2.33,1.08,-1.67,-0.775,0.0,0.46,0.0,,,,0.0,0,0
B. Kostić,Bogdan Kostić,-439739,Partizan,Partizan,https://cdn5.wyscout.com/photos/team/public/699_120x120.png,Super Liga,"AMF, LCMF, LDMF",AMF,41,LCMF,29,LDMF,15,19,2007-01-17,0,2027-06-30,6,194,1,0.81,0,0.54,11.13,16.67,Serbia,['Serbia'],right,175,0,False,0.93,3.25,14.29,0.46,0.0,0.0,0.0,0.0,0.46,0.88,1.8599999999999999,0,0.0,0,0.0,1.8599999999999999,0.46,1,0.46,0.38,0,0.0,7,3.25,42.86,14.286,0.0,0.46,0.0,0.0,0.0,0.46,0.0,0.0,1.3900000000000001,33.33,7.42,18.75,3.25,2.32,0.46,25.05,1.3900000000000001,0.93,27.37,79.66,7.89,58.82,5.57,83.33,25.98,82.14,0.93,50.0,15.88,9.88,0.25,0.93,0.0,0.0,0.0,0.0,0.46,4.18,55.56,4.18,22.22,0.0,0.0,1.8599999999999999,0.0,1.8599999999999999,100.0,94.12,7.89,0,,0,,0,0.0,0.0,0.0,,,0.46,,0.46,0.0,0.0,0.0,0.0,0,0
M. Milošević,Marko Milošević,263871,Partizan,Partizan,https://cdn5.wyscout.com/photos/team/public/699_120x120.png,Super Liga,GK,GK,100,,0,,0,35,1991-02-07,250000,2027-06-30,2,194,0,0.0,0,0.0,0.0,0.0,Serbia,['Serbia'],right,187,81,False,0.0,0.0,0.0,0.0,0.0,0.0,0.0,0.0,0.0,0.0,0.0,0,0.0,0,0.0,0.0,0.0,0,0.0,0.0,0,0.0,0,0.0,0.0,0.0,0.0,0.0,0.0,0.0,0.0,0.0,0.0,0.0,0.0,0.0,0.0,0.0,0.0,0.0,0.0,19.48,0.0,0.0,27.37,91.53,12.99,82.14,0.0,0.0,17.63,100.0,9.74,76.19,30.48,47.44,0.0,0.0,0.0,0.0,0.0,0.0,0.0,1.8599999999999999,75.0,0.0,0.0,0.0,0.0,0.0,0.0,7.42,75.0,100.0,12.53,3,1.3900000000000001,5,2.32,0,40.0,1.77,0.8200000000000001,-1.23,-0.5710000000000001,0.0,1.8599999999999999,0.0,,,,0.0,0,0
L. Mijović,Lazar Mijović,-99662,Čukarički,Čukarički,https://cdn5.wyscout.com/photos/team/public/702_120x120.png,Super Liga,RAMF,RAMF,100,,0,,0,23,2003-03-12,150000,2028-12-31,4,194,0,0.34,0,0.2,19.48,40.48,Montenegro,['Montenegro'],left,183,74,False,3.71,4.18,44.44,1.8599999999999999,0.0,0.0,0.0,0.0,1.8599999999999999,2.86,1.8599999999999999,0,0.0,0,0.0,5.1,0.0,0,0.0,0.16,0,0.0,5,2.32,60.0,0.0,0.0,2.7800000000000002,33.33,0.0,0.0,2.7800000000000002,33.33,0.0,4.18,66.67,11.6,44.0,3.25,1.8599999999999999,0.0,11.6,0.93,1.3900000000000001,15.77,55.88,3.71,75.0,3.25,71.43,11.6,64.0,1.3900000000000001,33.33,17.07,29.99,0.09,0.46,0.0,0.0,0.0,0.0,0.46,1.8599999999999999,25.0,2.32,60.0,0.0,0.0,0.93,0.93,3.25,42.86,36.36,5.1,0,,0,,0,0.0,0.0,0.0,,,0.46,,1.8599999999999999,0.0,0.0,0.0,0.0,0,0
M. Ergelas,Mitar Ergelas,-110597,Mačva Šabac,Mačva Šabac,https://cdn5.wyscout.com/photos/team/public/g3221_120x120.png,Super Liga,RAMF,RAMF,94,,0,,0,24,2002-08-05,1200000,2027-06-30,4,193,0,0.01,1,0.23,10.26,50.0,Serbia,['Serbia'],left,178,67,False,5.13,2.33,40.0,0.93,50.0,0.47000000000000003,0.61,0.0,3.73,4.9,0.93,0,0.0,0,0.0,1.4,0.0,0,0.0,0.0,0,0.0,2,0.93,0.0,0.0,0.47000000000000003,2.8,33.33,0.47000000000000003,0.0,2.33,40.0,0.0,1.4,33.33,6.53,50.0,0.0,1.4,0.0,21.92,1.87,1.87,26.58,66.67,9.79,52.38,5.13,90.91,18.65,80.0,5.13,36.36,26.3,38.18,0.11,1.4,0.0,0.0,0.93,0.0,0.93,5.6,58.33,3.26,28.57,0.93,0.0,0.47000000000000003,0.47000000000000003,5.13,81.82,66.67,8.39,0,,0,,0,0.0,0.0,0.0,,,0.47000000000000003,,0.93,1.87,0.0,0.0,2.8,0,0
A. Vukanović,Aleksa Vukanović,362989,Vojvodina,Vojvodina,https://cdn5.wyscout.com/photos/team/public/700_120x120.png,Super Liga,CF,CF,100,,0,,0,34,1992-06-18,500000,,3,192,0,1.0,0,0.19,10.31,54.55,Serbia,['Serbia'],right,189,80,False,3.2800000000000002,2.81,33.33,3.2800000000000002,57.14,0.0,0.0,0.0,2.34,4.41,1.88,1,0.47000000000000003,0,0.0,0.9400000000000001,0.0,0,0.0,0.47000000000000003,0,0.0,5,2.34,20.0,0.0,0.0,0.47000000000000003,0.0,0.47000000000000003,0.0,0.0,0.0,0.47000000000000003,0.47000000000000003,100.0,3.75,62.5,3.75,0.0,0.0,8.91,0.0,2.34,14.06,63.33,3.75,37.5,3.2800000000000002,71.43,13.59,65.52,0.0,0.0,13.02,0.0,0.09,1.4100000000000001,0.0,0.0,0.0,0.0,0.9400000000000001,0.9400000000000001,50.0,1.4100000000000001,33.33,0.0,0.0,1.4100000000000001,0.0,1.4100000000000001,100.0,62.5,3.75,0,,0,,0,0.0,0.0,0.0,,,0.0,,3.2800000000000002,0.0,0.0,0.0,0.0,0,0
S. Eraković,Strahinja Eraković,517411,Crvena Zvezda,Crvena Zvezda,https://cdn5.wyscout.com/photos/team/public/483_120x120.png,Super Liga,"LCB, LCB3",LCB,72,LCB3,27,,0,25,2001-01-22,0,2027-06-30,3,191,0,0.0,0,0.06,8.01,58.82,Serbia,['Serbia'],right,188,0,True,5.65,2.36,60.0,2.36,40.0,0.0,0.0,0.9400000000000001,4.24,6.92,0.47000000000000003,2,0.9400000000000001,0,0.0,0.0,0.0,0,0.0,0.0,0,0.0,0,0.0,0.0,0.0,0.0,0.47000000000000003,0.0,0.47000000000000003,0.0,0.0,0.0,0.0,0.0,0.0,2.83,66.67,0.0,2.36,0.0,63.61,0.47000000000000003,0.9400000000000001,76.34,97.53,34.4,95.89,2.36,100.0,73.98,99.36,1.88,50.0,18.71,23.52,0.03,0.47000000000000003,0.0,0.0,0.0,0.0,0.47000000000000003,5.65,100.0,0.0,0.0,0.0,0.0,0.0,0.0,6.13,92.31,100.0,34.4,0,,0,,0,0.0,0.0,0.0,,,1.4100000000000001,,2.36,0.0,0.0,0.0,0.0,0,0
S. Mitrović,Stefan Mitrović,120110,Partizan,Partizan,https://cdn5.wyscout.com/photos/team/public/699_120x120.png,Super Liga,LCB,LCB,100,,0,,0,36,1990-05-22,1300000,2027-06-30,2,191,0,0.0,0,0.0,6.6,28.57,Serbia,['Serbia'],right,189,84,False,3.77,2.36,40.0,3.3,28.57,0.0,0.0,1.4100000000000001,2.83,5.29,0.9400000000000001,0,0.0,0,0.0,0.0,0.0,0,0.0,0.0,0,0.0,0,0.0,0.0,0.0,0.0,0.0,0.0,0.0,0.0,0.0,0.0,0.0,0.0,0.0,0.47000000000000003,0.0,0.0,0.0,0.0,66.91,0.0,0.47000000000000003,81.52,99.42,21.2,100.0,2.36,100.0,80.1,99.41,1.4100000000000001,100.0,19.94,32.89,0.0,0.0,0.0,0.0,0.0,0.0,0.0,5.65,100.0,0.0,0.0,0.0,0.0,0.0,0.0,7.07,93.33,100.0,48.53,0,,0,,0,0.0,0.0,0.0,,,1.88,,3.3,0.0,0.0,0.0,0.0,0,0
M. Veljković,Miloš Veljković,218090,Crvena Zvezda,Crvena Zvezda,https://cdn5.wyscout.com/photos/team/public/483_120x120.png,Super Liga,"LCB, RCB",LCB,50,RCB,48,,0,30,1995-09-26,4500000,2028-06-30,2,191,0,0.0,0,0.01,10.37,45.45,Switzerland,"['Switzerland', 'Serbia']",right,188,83,False,5.18,2.83,50.0,6.13,46.15,0.0,0.0,0.0,3.77,6.32,2.36,1,0.47000000000000003,0,0.0,0.0,0.0,0,0.0,0.0,0,0.0,0,0.0,0.0,0.0,0.0,0.0,0.0,0.0,0.0,0.0,0.0,0.0,0.0,0.0,0.47000000000000003,0.0,0.0,0.47000000000000003,0.0,54.66,1.4100000000000001,0.47000000000000003,65.5,94.24,19.32,87.8,2.83,100.0,61.26,95.38,4.24,77.78,21.45,34.67,0.0,0.47000000000000003,0.0,0.0,0.0,0.0,0.0,4.24,88.89,0.0,0.0,0.0,0.0,0.0,0.0,6.13,92.31,96.34,38.64,0,,0,,0,0.0,0.0,0.0,,,2.36,,6.13,0.0,0.0,0.0,0.0,0,0
A. Cvetković,Aleksa Cvetković,-379287,OFK Beograd,OFK Beograd,https://cdn5.wyscout.com/photos/team/public/705_120x120.png,Super Liga,"RCMF, RCMF3, RW",RCMF,43,RCMF3,42,RW,10,21,2005-05-13,0,2027-06-30,2,190,0,0.1,0,0.0,14.21,30.0,Serbia,['Serbia'],right,0,0,False,6.63,5.21,36.36,2.84,16.67,0.0,0.0,0.47000000000000003,4.74,8.82,2.37,1,0.47000000000000003,0,0.0,1.42,0.0,0,0.0,0.05,0,0.0,2,0.9500000000000001,50.0,0.0,0.0,1.42,33.33,0.47000000000000003,0.0,0.9500000000000001,50.0,0.47000000000000003,2.37,20.0,5.21,36.36,1.8900000000000001,0.9500000000000001,0.0,20.37,0.9500000000000001,0.9500000000000001,35.05,82.43,9.95,66.67,6.63,92.86,31.74,85.07,1.8900000000000001,75.0,16.48,56.74,0.0,0.47000000000000003,0.0,0.0,0.47000000000000003,0.0,0.0,3.32,71.43,1.42,33.33,0.47000000000000003,0.0,0.47000000000000003,0.0,0.9500000000000001,50.0,85.71,9.95,0,,0,,0,0.0,0.0,0.0,,,1.42,,2.84,0.47000000000000003,0.0,0.0,0.47000000000000003,0,0
M. Gashtarov,Matej Gashtarov,-474321,Crvena Zvezda,Crvena Zvezda,https://cdn5.wyscout.com/photos/team/public/483_120x120.png,Super Liga,"RDMF, RCB",RDMF,50,RCB,49,,0,19,2006-11-15,0,2029-06-30,2,189,0,0.08,0,0.18,8.1,52.94,North Macedonia,['North Macedonia'],unknown,0,0,False,6.67,2.38,60.0,1.43,66.67,0.0,0.0,0.48,5.24,7.67,0.9500000000000001,1,0.48,0,0.0,1.43,0.0,0,0.0,0.04,0,0.0,2,0.9500000000000001,50.0,0.0,0.0,0.9500000000000001,50.0,0.0,0.0,0.9500000000000001,50.0,0.0,0.9500000000000001,50.0,2.86,33.33,1.9,0.9500000000000001,0.0,47.62,0.0,0.9500000000000001,59.05,87.9,13.81,82.76,11.9,88.0,55.24,88.79,2.86,83.33,19.23,37.17,0.08,0.48,0.0,0.0,0.0,0.0,0.48,9.05,84.21,0.9500000000000001,50.0,0.0,0.0,0.48,0.48,10.48,81.82,93.75,22.86,0,,0,,0,0.0,0.0,0.0,,,2.38,,1.43,0.0,0.0,0.0,0.0,0,0
Rodrigão,Rodrigo de Souza Prado,330131,Crvena Zvezda,Crvena Zvezda,https://cdn5.wyscout.com/photos/team/public/483_120x120.png,Super Liga,"CB, LCB",CB,50,LCB,49,,0,30,1995-09-11,5000000,2027-06-30,2,189,0,0.0,0,0.0,5.24,18.18,Brazil,['Brazil'],right,191,97,False,6.67,2.38,40.0,2.38,0.0,0.0,0.0,0.48,5.71,8.37,0.9500000000000001,0,0.0,0,0.0,0.48,0.0,0,0.0,0.0,0,0.0,0,0.0,0.0,0.0,0.0,0.48,100.0,0.0,0.0,0.48,100.0,0.0,0.0,0.0,0.48,0.0,0.9500000000000001,0.48,0.0,57.62,0.0,0.0,75.71,94.34,26.19,92.73,2.86,100.0,71.9,95.36,3.33,71.43,19.09,47.98,0.0,0.0,0.0,0.0,0.9500000000000001,0.0,0.0,6.19,92.31,0.48,0.0,0.9500000000000001,0.0,0.0,0.0,10.0,76.19,96.2,37.62,0,,0,,0,0.0,0.0,0.0,,,1.9,,2.38,0.0,0.0,0.0,0.0,0,0
L. Stojanovic,Lazar Stojanovic,-483822,Čukarički,Čukarički,https://cdn5.wyscout.com/photos/team/public/702_120x120.png,Super Liga,"RB, LW, LB",RB,53,LW,24,LB,21,21,2005-04-22,0,2029-06-30,4,185,0,0.0,1,0.34,11.68,54.17,Serbia,['Serbia'],unknown,0,0,False,9.24,7.78,50.0,1.9500000000000002,50.0,0.0,0.0,0.97,5.35,8.05,1.46,1,0.49,0,0.0,1.46,0.0,0,0.0,0.0,0,0.0,0,0.0,0.0,0.0,0.49,0.97,100.0,0.0,0.0,0.97,100.0,0.0,0.49,100.0,0.97,100.0,0.49,1.9500000000000002,0.49,13.14,1.46,0.49,27.24,69.64,11.19,65.22,3.41,100.0,23.35,70.83,3.41,57.14,21.08,21.81,0.17,1.46,0.0,0.0,0.0,0.0,1.46,3.89,62.5,0.97,100.0,0.49,0.0,0.49,0.49,7.78,62.5,70.59,8.27,0,,0,,0,0.0,0.0,0.0,,,0.97,,1.9500000000000002,0.0,0.0,0.0,0.0,0,0
A. Marušić,Aleksa Marušić,424242,Radnički Kragujevac,Radnički Kragujevac,https://cdn5.wyscout.com/photos/team/public/g2849_120x120.png,Super Liga,CF,CF,100,,0,,0,27,1999-06-08,500000,,3,185,0,0.9,0,0.12,12.16,28.0,Montenegro,['Montenegro'],right,185,83,False,0.97,3.41,14.29,2.43,40.0,0.0,0.0,0.0,0.49,0.97,0.97,0,0.0,0,0.0,0.49,0.0,0,0.0,0.44,0,0.0,5,2.43,20.0,0.0,0.0,0.0,0.0,0.0,0.0,0.0,0.0,0.0,1.9500000000000002,0.0,4.86,30.0,4.38,0.49,0.49,9.73,0.97,1.46,13.14,77.78,3.41,57.14,2.92,100.0,13.14,77.78,0.0,0.0,16.59,0.0,0.06,0.97,0.49,0.0,0.0,0.0,0.49,2.43,60.0,0.0,0.0,0.0,0.0,0.49,0.0,1.9500000000000002,75.0,85.71,3.41,0,,0,,0,0.0,0.0,0.0,,,0.49,,2.43,0.49,0.49,0.0,0.0,0,0
Jovan Zivkovic,Jovan  Živković,-336201,Radnički Kragujevac,Radnički Kragujevac,https://cdn5.wyscout.com/photos/team/public/g2849_120x120.png,Super Liga,"LW, RW, RAMF",LW,43,RW,39,RAMF,17,20,2006-05-23,0,,5,185,0,1.06,1,0.87,15.08,58.06,Austria,"['Austria', 'Serbia']",right,175,60,True,4.86,3.41,71.43,0.97,50.0,0.0,0.0,0.0,2.43,4.69,1.9500000000000002,1,0.49,0,0.0,6.8100000000000005,0.0,0,0.0,0.51,0,0.0,8,3.89,0.0,0.0,0.49,5.35,63.64,2.43,60.0,2.92,66.67,0.97,4.86,70.0,8.27,58.82,6.32,1.9500000000000002,0.49,23.35,2.43,0.97,27.24,78.57,8.27,64.71,7.3,93.33,21.41,84.09,0.49,0.0,17.81,5.89,0.42,2.92,0.0,0.0,0.0,0.0,1.9500000000000002,3.41,57.14,5.35,72.73,0.0,0.0,0.97,3.41,7.78,93.75,82.35,8.27,0,,0,,0,0.0,0.0,0.0,,,0.0,,0.97,0.0,0.0,0.0,0.0,0,0
M. Bajo,Mahmudu Bajo,-413994,Crvena Zvezda,Crvena Zvezda,https://cdn5.wyscout.com/photos/team/public/483_120x120.png,Super Liga,"LDMF, DMF",LDMF,52,DMF,47,,0,22,2004-08-15,0,2029-06-30,2,182,0,0.43,0,0.0,13.85,64.29,Gambia,['Gambia'],right,184,66,False,4.95,2.9699999999999998,83.33,2.47,80.0,0.49,0.73,0.0,1.98,2.93,0.49,0,0.0,0,0.0,0.99,0.0,0,0.0,0.21,0,0.0,2,0.99,50.0,0.0,0.0,0.0,0.0,0.0,0.0,0.0,0.0,0.0,0.49,100.0,7.42,53.33,0.99,2.47,0.49,51.43,0.0,2.47,63.3,88.28,20.77,73.81,8.41,100.0,59.84,90.08,3.46,57.14,18.39,44.95,0.0,0.0,0.0,0.0,0.49,0.0,0.0,11.87,66.67,1.98,50.0,0.49,0.0,1.48,0.0,8.41,82.35,96.23,26.21,0,,0,,0,0.0,0.0,0.0,,,0.99,,2.47,0.0,0.0,0.0,0.0,0,0
N. Stankovic,Nikola Stankovic,-256541,Novi Pazar,Novi Pazar,https://cdn5.wyscout.com/photos/team/public/3838_120x120.png,Super Liga,"RDMF, LAMF, LDMF",RDMF,36,LAMF,26,LDMF,21,23,2003-03-23,0,,5,181,0,0.0,0,0.26,7.46,40.0,Serbia,['Serbia'],,0,0,False,3.98,2.49,40.0,1.49,33.33,0.0,0.0,0.5,2.98,5.45,0.0,1,0.5,0,0.0,1.99,0.0,0,0.0,0.0,0,0.0,1,0.5,100.0,0.0,0.0,0.99,50.0,0.5,0.0,0.5,100.0,0.0,0.5,100.0,2.49,40.0,0.0,0.0,0.0,30.83,0.0,0.5,46.24,89.25,16.41,75.76,7.96,100.0,42.27,91.76,2.98,66.67,20.03,31.53,0.13,0.99,0.5,0.0,0.5,100.0,0.5,10.94,86.36,4.48,44.44,0.5,100.0,1.49,0.5,9.94,90.0,94.44,17.9,0,,0,,0,0.0,0.0,0.0,,,1.99,,1.49,0.0,0.0,0.0,0.0,0,0
D. Petrović,Djordje Petrović,-571898,Radnički Niš,Radnički Niš,https://cdn5.wyscout.com/photos/team/public/g2850_120x120.png,Super Liga,RB,RB,100,,0,,0,20,2006-02-03,0,,2,178,0,0.0,0,0.27,13.15,38.46,Serbia,['Serbia'],,0,0,False,6.07,6.07,33.33,3.54,28.57,0.0,0.0,0.0,4.04,7.74,3.03,0,0.0,0,0.0,1.52,0.0,0,0.0,0.0,0,0.0,0,0.0,0.0,0.0,0.0,2.5300000000000002,60.0,0.0,0.0,2.5300000000000002,60.0,1.01,0.0,0.0,2.02,50.0,1.01,0.51,0.51,18.2,3.54,0.51,25.28,72.0,8.6,41.18,5.5600000000000005,100.0,20.22,77.5,3.03,50.0,16.51,35.83,0.14,0.51,0.0,0.0,0.0,0.0,0.51,2.02,50.0,3.03,66.67,0.0,0.0,0.51,1.52,4.04,62.5,84.62,6.57,0,,0,,0,0.0,0.0,0.0,,,0.0,,3.54,0.0,0.0,0.0,0.0,0,0
A. Suljić,Asmir Suljić,138933,Radnički Kragujevac,Radnički Kragujevac,https://cdn5.wyscout.com/photos/team/public/g2849_120x120.png,Super Liga,"LW, LCMF",LW,56,LCMF,38,,0,34,1991-09-11,100000,2027-06-30,4,177,0,0.0,0,0.01,15.25,46.67,Bosnia and Herzegovina,"['Bosnia and Herzegovina', 'Hungary']",right,173,70,False,5.59,5.08,70.0,2.03,0.0,0.51,0.9400000000000001,0.0,1.53,2.81,0.51,0,0.0,0,0.0,1.02,0.0,0,0.0,0.0,0,0.0,0,0.0,0.0,0.0,0.0,0.0,0.0,0.0,0.0,0.0,0.0,0.0,1.53,66.67,5.59,36.36,4.58,1.53,0.0,18.31,1.02,0.51,30.51,80.0,13.73,70.37,5.08,80.0,28.47,80.36,2.03,75.0,15.18,38.58,0.01,1.02,0.0,0.0,0.0,0.0,0.0,1.53,100.0,2.03,50.0,0.0,0.0,1.53,0.0,6.1,58.33,93.75,8.14,0,,0,,0,0.0,0.0,0.0,,,0.51,,2.03,0.0,0.0,0.0,0.0,0,0
S. Veličković,Stefan Veličković,463421,Radnički Niš,Radnički Niš,https://cdn5.wyscout.com/photos/team/public/g2850_120x120.png,Super Liga,"RB, LB",RB,69,LB,30,,0,27,1999-01-17,100000,,4,177,0,0.0,0,0.04,11.19,45.45,Serbia,['Serbia'],right,175,65,False,6.61,6.61,61.54,1.02,50.0,0.51,0.8300000000000001,0.0,2.03,3.33,0.51,0,0.0,0,0.0,2.54,0.0,0,0.0,0.0,0,0.0,1,0.51,100.0,0.0,0.0,4.58,33.33,2.54,40.0,2.03,25.0,0.0,1.53,33.33,2.54,20.0,1.53,2.03,0.0,21.36,1.02,0.0,26.44,65.38,8.14,68.75,5.08,90.0,18.31,75.0,3.56,57.14,18.4,24.27,0.02,0.51,0.0,0.0,0.0,0.0,0.0,3.56,57.14,4.58,33.33,0.0,0.0,0.0,1.53,5.08,90.0,52.17,11.69,0,,0,,0,0.0,0.0,0.0,,,1.53,,1.02,0.0,0.0,0.0,0.0,0,0
A. Kuljanin,Aleksa  Kuljanin,-418619,Železničar Pancevo,Železničar Pancevo,https://cdn5.wyscout.com/photos/team/public/g34577_120x120.png,Super Liga,"RW, RWF",RW,52,RWF,45,,0,22,2004-01-17,0,,5,175,1,0.25,1,0.49,21.6,50.0,Serbia,['Serbia'],,0,0,False,5.14,6.17,66.67,0.51,100.0,0.0,0.0,0.0,1.03,1.67,1.54,1,0.51,0,0.0,3.09,0.51,1,0.51,0.13,0,0.0,3,1.54,33.33,33.333,0.51,1.54,33.33,0.0,0.0,1.54,33.33,0.51,2.5700000000000003,80.0,14.4,42.86,6.17,5.66,0.0,23.66,3.6,2.06,23.66,60.87,8.74,52.94,4.11,75.0,20.57,62.5,1.54,66.67,17.55,16.96,0.25,1.03,0.51,0.0,0.0,0.0,0.51,2.5700000000000003,60.0,2.06,25.0,0.51,100.0,1.03,0.51,4.11,87.5,60.0,7.71,0,,0,,0,0.0,0.0,0.0,,,0.0,,0.51,0.0,0.0,0.0,1.54,0,0
D. Krajišnik,Damjan Krajišnik,-65737,Radnički Niš,Radnički Niš,https://cdn5.wyscout.com/photos/team/public/g2850_120x120.png,Super Liga,"RDMF, LDMF",RDMF,70,LDMF,29,,0,29,1997-04-24,500000,2026-12-31,5,174,0,0.16,0,0.21,17.59,41.18,Bosnia and Herzegovina,"['Bosnia and Herzegovina', 'Serbia']",right,175,76,False,4.14,5.69,18.18,3.62,57.14,0.0,0.0,0.0,3.1,5.0,2.07,1,0.52,0,0.0,2.59,0.0,0,0.0,0.08,0,0.0,3,1.55,33.33,0.0,0.0,3.62,28.57,2.59,20.0,1.03,50.0,1.03,1.55,66.67,5.69,63.64,1.55,1.55,0.0,25.86,0.0,2.07,35.69,72.46,13.97,59.26,5.17,90.0,25.86,82.0,6.21,58.33,19.93,33.99,0.11,0.52,0.0,0.0,0.0,0.0,1.03,6.21,66.67,5.69,54.55,0.0,0.0,2.07,1.03,9.31,72.22,81.82,11.38,0,,0,,0,0.0,0.0,0.0,,,1.03,,3.62,2.07,0.0,0.0,3.1,0,0
V. Jovanović,Vukašin Jovanović,-483778,Mačva Šabac,Mačva Šabac,https://cdn5.wyscout.com/photos/team/public/g3221_120x120.png,Super Liga,GK,GK,100,,0,,0,18,2007-09-30,0,2029-06-30,2,170,0,0.0,0,0.0,0.0,0.0,Serbia,['Serbia'],right,188,80,False,0.0,0.0,0.0,0.0,0.0,0.0,0.0,0.0,0.0,0.0,0.0,0,0.0,0,0.0,0.0,0.0,0,0.0,0.0,0,0.0,0,0.0,0.0,0.0,0.0,0.0,0.0,0.0,0.0,0.0,0.0,0.0,0.0,0.0,0.0,0.0,0.0,0.0,0.0,7.41,0.53,0.0,13.76,80.77,6.88,69.23,0.0,0.0,9.53,94.44,3.71,57.14,31.54,45.77,0.0,0.0,0.0,0.0,0.0,0.0,0.0,1.06,0.0,0.53,0.0,0.0,0.0,0.0,0.0,4.24,50.0,100.0,5.82,1,0.53,9,4.76,0,88.89,1.8,0.9500000000000001,0.8,0.424,0.0,3.71,0.0,,,,0.0,0,0
A. Shestyuk,Aleksandr  Shestyuk,-114506,Radnički Niš,Radnički Niš,https://cdn5.wyscout.com/photos/team/public/g2850_120x120.png,Super Liga,CF,CF,100,,0,,0,24,2002-06-05,275000,2028-06-30,3,169,1,1.33,0,0.0,11.72,45.45,Belarus,['Belarus'],right,188,88,False,2.13,0.0,0.0,6.92,46.15,0.0,0.0,0.0,2.13,3.33,0.53,0,0.0,0,0.0,1.6,0.53,1,0.53,0.71,0,0.0,6,3.2,33.33,16.667,0.0,0.53,100.0,0.53,100.0,0.0,0.0,0.0,0.0,0.0,3.2,50.0,4.79,1.07,0.0,7.46,0.0,1.6,13.31,68.0,1.6,0.0,3.2,83.33,12.78,66.67,0.0,0.0,13.1,0.0,0.0,0.0,0.0,0.0,0.0,0.0,0.0,1.6,66.67,0.53,100.0,0.0,0.0,0.0,0.53,1.07,0.0,100.0,3.2,0,,0,,0,0.0,0.0,0.0,,,0.0,,6.92,0.0,0.0,0.0,0.0,0,0
Igor Miladinovic,Igor Miladinović,-303822,Partizan,Partizan,https://cdn5.wyscout.com/photos/team/public/699_120x120.png,Super Liga,"AMF, LAMF",AMF,56,LAMF,43,,0,23,2003-06-08,0,2028-06-30,2,167,1,0.17,1,0.8300000000000001,15.09,42.86,Serbia,['Serbia'],right,170,65,True,2.16,1.62,33.33,1.08,50.0,0.0,0.0,0.0,1.62,2.9,0.54,0,0.0,0,0.0,3.23,0.54,1,0.54,0.09,0,0.0,3,1.62,66.67,33.333,0.54,0.54,0.0,0.54,0.0,0.0,0.0,0.0,3.23,50.0,11.86,45.45,2.16,3.23,0.54,45.81,0.54,1.62,55.51,86.41,14.55,77.78,4.85,88.89,54.43,88.12,1.08,0.0,15.82,35.84,0.44,4.85,0.0,0.0,0.54,100.0,2.16,9.7,77.78,3.77,85.71,0.54,100.0,3.77,0.0,9.7,88.89,91.18,18.32,0,,0,,0,0.0,0.0,0.0,,,0.0,,1.08,0.0,0.0,0.0,0.0,0,0
Moustapha Fall,Mame Moustapha Fall,-536616,OFK Beograd,OFK Beograd,https://cdn5.wyscout.com/photos/team/public/705_120x120.png,Super Liga,"RCB, LCB3",RCB,70,LCB3,29,,0,21,2005-06-03,0,2028-06-30,3,166,0,0.0,0,0.0,11.39,71.43,Senegal,['Senegal'],unknown,0,0,False,5.96,3.8,85.71,4.34,75.0,0.0,0.0,0.54,2.71,5.17,1.63,3,1.63,0,0.0,0.0,0.0,0,0.0,0.0,0,0.0,0,0.0,0.0,0.0,0.0,0.54,0.0,0.0,0.0,0.54,0.0,0.0,0.54,0.0,0.54,0.0,0.0,1.08,0.0,30.36,0.0,0.0,46.08,89.41,15.18,75.0,2.17,100.0,43.37,92.5,2.17,50.0,22.66,11.95,0.0,0.0,0.0,0.0,0.0,0.0,0.0,5.42,60.0,1.08,0.0,0.0,0.0,0.0,0.0,3.25,33.33,95.83,26.02,0,,0,,0,0.0,0.0,0.0,,,1.08,,4.34,0.0,0.0,0.0,0.0,0,0
M. Gašić,Mateja Gašić,-306108,Radnik Surdulica,Radnik Surdulica,https://cdn5.wyscout.com/photos/team/public/g6756_120x120.png,Super Liga,RB,RB,100,,0,,0,23,2003-02-16,0,2030-06-30,3,164,0,0.0,0,0.74,9.88,55.56,Serbia,['Serbia'],right,0,0,False,8.23,4.94,66.67,1.1,100.0,0.55,1.0,0.0,4.39,8.0,1.1,0,0.0,0,0.0,3.29,0.0,0,0.0,0.0,0,0.0,0,0.0,0.0,0.0,0.0,4.39,75.0,0.55,0.0,3.84,85.71,0.55,0.0,0.0,2.74,40.0,0.0,1.65,0.0,18.11,1.1,0.55,35.12,64.06,18.11,51.52,2.74,80.0,19.76,72.22,11.52,42.86,23.93,35.77,0.41000000000000003,3.29,0.0,0.0,0.0,0.0,2.2,7.13,38.46,6.59,75.0,0.0,0.0,1.1,3.29,16.46,63.33,83.33,9.88,0,,0,,0,0.0,0.0,0.0,,,1.65,,1.1,0.55,0.0,0.0,2.74,0,0
Julián Delmás,Julián Javier Delmás Germán,498325,IMT Novi Beograd,IMT Novi Beograd,https://cdn5.wyscout.com/photos/team/public/g30905_120x120.png,Super Liga,RB,RB,100,,0,,0,31,1995-04-20,600000,,3,164,0,0.0,0,0.0,8.78,43.75,Spain,['Spain'],right,174,61,False,9.88,4.94,44.44,1.65,66.67,0.0,0.0,0.0,7.68,11.05,0.55,0,0.0,0,0.0,1.65,0.0,0,0.0,0.0,0,0.0,1,0.55,0.0,0.0,0.0,4.39,25.0,0.0,0.0,4.39,25.0,0.0,1.1,0.0,1.65,33.33,0.0,3.29,0.0,24.15,1.65,0.55,35.12,65.63,19.21,60.0,2.2,100.0,24.15,79.55,6.59,41.67,15.53,24.61,0.0,0.0,0.0,0.0,0.55,100.0,0.55,7.68,50.0,5.49,30.0,1.1,50.0,0.55,1.1,7.13,92.31,65.0,10.98,0,,0,,0,0.0,0.0,0.0,,,0.0,,1.65,0.0,0.0,0.0,0.0,0,0
M. Kuzmanović,Mićo Kuzmanović,311730,Radnički Kragujevac,Radnički Kragujevac,https://cdn5.wyscout.com/photos/team/public/g2849_120x120.png,Super Liga,"LAMF, LW, LWB",LAMF,40,LW,38,LWB,20,30,1996-03-18,0,,3,162,0,0.0,0,0.34,17.22,48.39,Bosnia and Herzegovina,['Bosnia and Herzegovina'],right,178,74,False,6.67,4.44,50.0,2.7800000000000002,60.0,0.0,0.0,0.0,4.44,7.74,0.56,0,0.0,0,0.0,0.56,0.0,0,0.0,0.0,0,0.0,0,0.0,0.0,0.0,0.0,0.56,0.0,0.56,0.0,0.0,0.0,0.0,1.67,33.33,8.89,37.5,3.33,2.7800000000000002,0.56,13.89,2.22,2.7800000000000002,19.44,68.57,10.0,66.67,3.33,83.33,16.11,72.41,2.7800000000000002,60.0,15.31,25.85,0.19,1.11,0.0,0.0,0.0,0.0,1.11,2.22,50.0,1.11,100.0,0.56,0.0,2.22,0.0,3.33,33.33,80.0,2.7800000000000002,0,,0,,0,0.0,0.0,0.0,,,0.56,,2.7800000000000002,0.0,0.0,0.0,0.0,0,0
M. Cvetković,Miloš Cvetković,182400,Mladost Lučani,Mladost Lučani,https://cdn5.wyscout.com/photos/team/public/703_120x120.png,Super Liga,LWB,LWB,95,,0,,0,36,1990-01-06,300000,,3,162,0,0.0,0,0.02,11.11,30.0,Serbia,['Serbia'],right,175,70,False,9.44,6.11,18.18,2.7800000000000002,80.0,0.0,0.0,0.0,8.33,8.65,0.56,0,0.0,0,0.0,0.56,0.0,0,0.0,0.0,0,0.0,0,0.0,0.0,0.0,0.0,0.56,100.0,0.56,100.0,0.0,0.0,0.0,0.0,0.0,1.67,0.0,0.56,0.56,0.0,24.44,2.22,1.11,34.44,80.65,13.89,68.0,6.67,100.0,30.56,83.64,3.89,57.14,18.08,29.33,0.01,0.56,1.11,0.0,0.0,0.0,0.56,3.33,66.67,0.0,0.0,0.0,0.0,0.0,0.0,7.78,50.0,86.67,8.33,0,,0,,0,0.0,0.0,0.0,,,0.56,,2.7800000000000002,0.0,0.0,0.0,0.0,0,0
M. Strika,Matej Strika,-636381,,Crvena Zvezda,,,"LB, LCB3",LB,57,LCB3,42,,0,17,2009-08-20,0,,3,160,0,0.0,0,0.27,10.69,42.11,Serbia,['Serbia'],unknown,0,0,False,5.06,6.75,33.33,1.69,66.67,0.56,0.9400000000000001,0.0,2.25,3.75,1.13,2,1.13,0,0.0,1.69,0.0,0,0.0,0.0,0,0.0,0,0.0,0.0,0.0,0.0,1.13,50.0,1.13,50.0,0.0,0.0,0.0,1.69,66.67,2.25,50.0,0.56,0.56,0.0,51.75,1.13,0.0,63.56,92.04,19.69,85.71,2.81,100.0,57.94,97.09,4.5,37.5,18.63,29.87,0.15,0.56,0.0,0.0,0.0,0.0,0.56,8.44,93.33,0.56,0.0,0.0,0.0,0.56,0.56,9.56,82.35,94.74,32.06,0,,0,,0,0.0,0.0,0.0,,,0.0,,1.69,0.0,0.0,0.0,0.0,0,0
S. Radanovic,Savo Radanovic,-636367,Crvena Zvezda,Crvena Zvezda,https://cdn5.wyscout.com/photos/team/public/483_120x120.png,Super Liga,GK,GK,100,,0,,0,17,2009-02-28,0,2028-06-30,2,159,0,0.0,0,0.0,0.0,0.0,Bosnia and Herzegovina,['Bosnia and Herzegovina'],unknown,0,0,False,0.5700000000000001,0.0,0.0,0.0,0.0,0.0,0.0,0.0,0.5700000000000001,1.15,0.5700000000000001,0,0.0,1,0.5700000000000001,0.0,0.0,0,0.0,0.0,0,0.0,0,0.0,0.0,0.0,0.0,0.0,0.0,0.0,0.0,0.0,0.0,0.0,0.0,0.0,0.0,0.0,0.0,0.0,0.0,18.68,1.13,0.0,26.04,95.65,7.36,92.31,0.0,0.0,24.91,97.73,1.13,50.0,20.49,14.71,0.0,0.0,0.0,0.0,0.0,0.0,0.0,0.0,0.0,0.0,0.0,0.0,0.0,0.0,0.0,1.7000000000000002,33.33,96.43,15.85,0,0.0,3,1.7000000000000002,1,100.0,0.55,0.31,0.55,0.311,0.0,0.5700000000000001,0.0,,,,0.0,0,0
A. Vidović,Aleksandar Vidović,-173251,Radnički Niš,Radnički Niš,https://cdn5.wyscout.com/photos/team/public/g2850_120x120.png,Super Liga,LB,LB,100,,0,,0,25,2001-05-12,50000,,3,157,0,0.0,0,0.0,9.17,68.75,Bosnia and Herzegovina,"['Bosnia and Herzegovina', 'Serbia']",left,182,76,False,6.31,3.44,50.0,2.29,100.0,0.0,0.0,0.5700000000000001,4.59,7.06,1.15,1,0.5700000000000001,0,0.0,1.15,0.0,0,0.0,0.0,0,0.0,0,0.0,0.0,0.0,0.0,3.44,33.33,3.44,33.33,0.0,0.0,0.0,0.0,0.0,2.29,50.0,0.0,1.15,0.0,21.21,2.87,1.72,28.09,73.47,10.89,63.16,5.16,100.0,23.5,80.49,1.72,66.67,11.19,27.67,0.0,0.5700000000000001,0.0,0.0,0.0,0.0,0.5700000000000001,5.73,60.0,4.01,14.29,0.0,0.0,0.0,0.5700000000000001,3.44,50.0,64.29,8.03,0,,0,,0,0.0,0.0,0.0,,,0.0,,2.29,0.0,0.0,0.0,0.0,0,0
Bruno Duarte,Bruno Duarte da Silva,446971,Crvena Zvezda,Crvena Zvezda,https://cdn5.wyscout.com/photos/team/public/483_120x120.png,Super Liga,CF,CF,100,,0,,0,30,1996-03-24,0,2028-12-31,2,145,1,1.53,2,0.78,11.17,38.89,Brazil,"['Brazil', 'Italy']",right,182,80,False,4.34,2.48,75.0,4.97,50.0,0.62,1.03,0.0,1.8599999999999999,3.1,0.62,1,0.62,0,0.0,4.34,0.62,1,0.62,0.9500000000000001,0,0.0,7,4.34,71.43,14.286,1.24,4.34,28.57,1.8599999999999999,33.33,2.48,25.0,0.0,1.24,0.0,2.48,0.0,6.83,0.62,0.0,18.62,1.24,0.62,23.59,65.79,4.97,62.5,3.7199999999999998,83.33,16.76,81.48,3.1,20.0,19.12,43.73,0.48,2.48,0.0,1.24,0.62,0.0,1.24,2.48,75.0,3.7199999999999998,33.33,0.62,0.0,0.62,1.24,3.7199999999999998,83.33,64.29,8.69,0,,0,,0,0.0,0.0,0.0,,,0.0,,4.97,0.0,0.0,0.0,0.0,0,0
F. Tebo,Franklin Tebo Uchenna,-290498,Crvena Zvezda,Crvena Zvezda,https://cdn5.wyscout.com/photos/team/public/483_120x120.png,Super Liga,"RB, RCB3, LB",RB,54,RCB3,34,LB,11,26,2000-01-15,500000,2028-06-30,2,142,0,0.0,0,0.0,8.24,84.62,Nigeria,['Nigeria'],right,191,85,False,6.34,5.07,75.0,1.9,100.0,0.0,0.0,0.0,2.54,3.24,0.63,0,0.0,0,0.0,0.0,0.0,0,0.0,0.0,0,0.0,0,0.0,0.0,0.0,0.0,0.63,0.0,0.0,0.0,0.63,0.0,0.0,0.0,0.0,0.63,100.0,0.0,0.63,0.0,48.17,3.17,0.63,66.55,94.29,31.06,87.76,6.97,100.0,64.65,97.06,1.27,0.0,17.43,21.55,0.0,0.0,0.0,0.0,0.0,0.0,0.0,5.7,100.0,0.63,0.0,0.0,0.0,0.0,0.0,11.41,88.89,100.0,20.92,0,,0,,0,0.0,0.0,0.0,,,2.54,,1.9,0.0,0.0,0.0,0.0,0,0
M. Šarić,Marko Šarić,448054,Zemun,Zemun,https://cdn5.wyscout.com/photos/team/public/1258_120x120.png,Super Liga,CF,CF,92,,0,,0,27,1998-11-28,650000,,5,142,0,0.21,0,0.03,20.92,30.3,Serbia,['Serbia'],left,188,75,False,2.54,3.17,20.0,10.77,23.53,0.0,0.0,0.63,1.9,2.2,1.27,0,0.0,0,0.0,0.63,0.0,0,0.0,0.13,0,0.0,2,1.27,50.0,0.0,0.0,0.0,0.0,0.0,0.0,0.0,0.0,0.0,0.0,0.0,5.7,33.33,3.8,0.63,0.0,12.04,3.8,2.54,16.48,76.92,2.54,25.0,4.44,100.0,15.85,80.0,0.63,0.0,10.5,5.33,0.02,1.27,0.0,0.0,0.0,0.0,0.0,0.63,100.0,0.0,0.0,0.0,0.0,0.0,0.0,1.27,50.0,100.0,5.7,0,,0,,0,0.0,0.0,0.0,,,0.0,,10.77,0.0,0.0,0.0,0.0,0,0
I. Baba,Iddrisu Baba Mohammed,459825,,Partizan,,,"RDMF, RCMF",RDMF,55,RCMF,34,,0,30,1996-01-22,2200000,,2,142,0,0.01,0,0.0,10.14,56.25,Ghana,"['Ghana', 'Spain']",right,182,74,False,5.7,5.7,66.67,1.9,33.33,0.0,0.0,0.0,1.9,2.9,1.9,1,0.63,0,0.0,0.0,0.0,0,0.0,0.0,0,0.0,1,0.63,0.0,0.0,0.0,0.0,0.0,0.0,0.0,0.0,0.0,0.0,0.0,0.0,2.54,50.0,1.27,0.63,0.0,33.59,0.0,0.63,48.8,87.01,19.01,76.67,5.07,87.5,46.27,90.41,2.54,25.0,19.26,34.64,0.0,0.0,0.0,0.0,0.0,0.0,0.0,11.41,77.78,0.63,0.0,0.0,0.0,0.0,0.0,8.87,78.57,100.0,18.38,0,,0,,0,0.0,0.0,0.0,,,1.27,,1.9,0.0,0.0,0.0,0.0,0,0
M. Cham,Muhammed Cham Saracevic,497319,Crvena Zvezda,Crvena Zvezda,https://cdn5.wyscout.com/photos/team/public/483_120x120.png,Super Liga,"RCMF, LCMF, RW",RCMF,47,LCMF,23,RW,18,25,2000-09-26,6000000,2028-06-30,4,139,0,0.11,0,1.03,12.3,63.16,Austria,['Austria'],left,180,67,False,4.53,3.24,80.0,0.65,0.0,0.0,0.0,0.0,1.94,3.33,0.0,0,0.0,0,0.0,4.53,0.0,0,0.0,0.07,0,0.0,1,0.65,100.0,0.0,0.0,2.59,25.0,1.29,0.0,1.29,50.0,0.65,3.24,60.0,8.42,61.54,3.24,1.94,0.0,39.5,3.88,3.24,49.21,78.95,9.71,66.67,13.6,100.0,39.5,85.25,7.77,66.67,21.78,37.26,0.66,5.18,1.29,0.0,1.29,100.0,2.59,6.47,80.0,7.77,41.67,1.29,100.0,3.24,0.0,7.77,83.33,68.0,16.19,0,,0,,0,0.0,0.0,0.0,,,3.24,,0.65,0.0,0.0,0.0,5.18,0,0
B. Osei,Kwaku Bonsu Osei,450619,Radnički Niš,Radnički Niš,https://cdn5.wyscout.com/photos/team/public/g2850_120x120.png,Super Liga,"RAMF, CF, LAMF",RAMF,72,CF,14,LAMF,12,25,2000-08-17,100000,2027-06-30,3,137,0,0.47000000000000003,0,0.11,14.45,45.45,Ghana,['Ghana'],right,171,66,False,1.97,0.66,0.0,0.66,0.0,0.0,0.0,0.0,1.97,5.0,0.66,1,0.66,0,0.0,3.2800000000000002,0.0,0,0.0,0.31,0,0.0,5,3.2800000000000002,20.0,0.0,0.0,0.0,0.0,0.0,0.0,0.0,0.0,0.0,3.2800000000000002,80.0,10.51,50.0,4.6,1.97,0.66,30.22,1.31,1.97,31.53,91.67,2.63,100.0,6.57,100.0,30.88,93.62,0.66,0.0,16.58,16.94,0.07,3.2800000000000002,0.0,0.0,0.0,0.0,0.66,2.63,75.0,1.31,100.0,0.0,0.0,2.63,0.0,2.63,100.0,91.3,15.11,0,,0,,0,0.0,0.0,0.0,,,0.0,,0.66,0.0,0.0,0.0,0.0,0,0
U. Nikolić,Uroš Nikolić,217505,,Čukarički,,,"CF, AMF",CF,59,AMF,38,,0,32,1993-12-14,400000,,3,137,1,0.51,0,0.16,9.85,40.0,Serbia,['Serbia'],left,185,81,False,3.94,1.97,66.67,1.31,50.0,0.0,0.0,0.0,2.63,3.43,0.0,0,0.0,0,0.0,0.66,0.66,1,0.66,0.34,0,0.0,2,1.31,50.0,50.0,0.0,0.0,0.0,0.0,0.0,0.0,0.0,0.0,0.0,0.0,6.57,30.0,2.63,0.66,0.0,16.42,1.31,0.66,24.96,68.42,7.88,66.67,3.2800000000000002,100.0,20.36,77.42,4.6,28.57,18.83,39.78,0.1,1.97,0.0,0.0,0.0,0.0,0.66,5.26,50.0,1.31,50.0,0.0,0.0,0.66,0.0,3.94,66.67,53.85,8.54,0,,0,,0,0.0,0.0,0.0,,,0.0,,1.31,0.66,0.0,0.0,0.0,0,0
Tomás Händel,Tomás Romano Pereira dos Santos Händel,-52626,Crvena Zvezda,Crvena Zvezda,https://cdn5.wyscout.com/photos/team/public/483_120x120.png,Super Liga,RCMF,RCMF,100,,0,,0,25,2000-11-27,0,2029-06-30,2,135,1,0.36,0,0.09,6.0,33.33,Portugal,"['Portugal', 'Austria']",left,180,69,False,2.0,2.0,33.33,0.67,0.0,0.0,0.0,0.0,1.33,2.14,0.67,0,0.0,0,0.0,1.33,0.67,1,0.67,0.24,0,0.0,1,0.67,100.0,100.0,0.0,2.0,33.33,0.0,0.0,2.0,33.33,0.67,0.0,0.0,2.67,50.0,3.33,1.33,0.0,40.67,2.0,1.33,45.33,83.82,13.33,80.0,8.67,84.62,39.33,89.83,4.0,50.0,15.76,37.74,0.06,0.67,0.0,0.0,0.0,0.0,1.33,8.0,91.67,3.33,80.0,0.0,0.0,2.67,0.67,8.0,83.33,95.24,14.0,0,,0,,0,0.0,0.0,0.0,,,0.0,,0.67,0.0,0.0,0.0,0.67,0,0
A. Bajović,Andrej Bajović,-157004,Čukarički,Čukarički,https://cdn5.wyscout.com/photos/team/public/702_120x120.png,Super Liga,"AMF, RCMF, LDMF",AMF,73,RCMF,14,LDMF,12,23,2003-06-06,250000,2029-06-30,5,132,0,0.42,0,0.0,19.09,42.86,Montenegro,['Montenegro'],right,185,0,False,6.82,8.18,41.67,5.45,62.5,0.68,1.11,0.68,2.73,4.44,6.14,1,0.68,0,0.0,0.68,0.0,0,0.0,0.29,0,0.0,3,2.05,0.0,0.0,0.0,0.68,0.0,0.0,0.0,0.68,0.0,0.0,0.68,100.0,4.77,28.57,4.09,1.3599999999999999,0.68,15.68,0.68,0.68,27.95,78.05,10.23,66.67,2.73,100.0,25.23,81.08,2.05,66.67,18.34,19.92,0.0,0.68,0.0,0.0,0.0,0.0,0.0,2.73,100.0,0.0,0.0,0.0,0.0,0.0,0.0,4.77,71.43,100.0,8.18,0,,0,,0,0.0,0.0,0.0,,,0.68,,5.45,0.0,0.0,0.0,0.0,0,0
V. Marković,Vukasin Marković,-188170,Mladost Lučani,Mladost Lučani,https://cdn5.wyscout.com/photos/team/public/703_120x120.png,Super Liga,"LCMF, RCMF",LCMF,79,RCMF,20,,0,25,2001-06-13,0,,5,131,0,0.09,0,0.12,27.48,52.5,Serbia,['Serbia'],right,181,74,False,13.05,12.37,61.11,6.18,66.67,0.0,0.0,0.6900000000000001,5.5,7.27,4.12,1,0.6900000000000001,0,0.0,0.6900000000000001,0.0,0,0.0,0.06,0,0.0,2,1.37,50.0,0.0,0.0,0.6900000000000001,0.0,0.0,0.0,0.6900000000000001,0.0,0.0,0.0,0.0,6.18,33.33,2.75,0.6900000000000001,0.6900000000000001,17.86,0.0,2.75,37.1,79.63,11.68,70.59,5.5,87.5,32.29,80.85,4.12,83.33,18.88,20.58,0.08,0.6900000000000001,0.0,0.0,0.0,0.0,0.0,7.5600000000000005,63.64,1.37,50.0,0.0,0.0,1.37,0.0,6.87,60.0,88.89,12.37,0,,0,,0,0.0,0.0,0.0,,,0.0,,6.18,0.0,0.0,0.0,0.0,0,0
A. Mitic,Aleksa Mitic,-710100,IMT Novi Beograd,IMT Novi Beograd,https://cdn5.wyscout.com/photos/team/public/g30905_120x120.png,Super Liga,CF,CF,100,,0,,0,16,2009-09-30,0,,3,130,0,0.07,0,0.0,27.0,28.21,Serbia,['Serbia'],,0,0,False,2.77,3.46,20.0,21.46,32.26,0.0,0.0,0.0,2.08,2.81,1.38,0,0.0,0,0.0,0.6900000000000001,0.0,0,0.0,0.05,0,0.0,1,0.6900000000000001,100.0,0.0,0.0,0.0,0.0,0.0,0.0,0.0,0.0,0.0,0.6900000000000001,0.0,0.6900000000000001,0.0,2.77,0.0,0.0,8.31,2.08,1.38,15.92,65.22,7.62,54.55,4.85,57.14,15.92,65.22,0.0,0.0,12.19,0.0,0.0,0.0,0.0,0.0,0.0,0.0,0.0,2.77,75.0,0.0,0.0,0.0,0.0,0.6900000000000001,0.0,0.6900000000000001,100.0,100.0,3.46,0,,0,,0,0.0,0.0,0.0,,,0.6900000000000001,,21.46,0.0,0.0,0.0,0.0,0,0
K. Karikari,Kwaku Karikari,-369667,Železničar Pancevo,Železničar Pancevo,https://cdn5.wyscout.com/photos/team/public/g34577_120x120.png,Super Liga,CF,CF,100,,0,,0,24,2002-03-25,0,2029-06-30,4,130,3,2.98,1,0.51,18.0,57.69,Ghana,['Ghana'],right,183,72,False,3.46,2.08,66.67,7.62,63.64,0.0,0.0,0.0,2.08,3.75,1.38,0,0.0,0,0.0,5.54,2.08,3,2.08,2.06,0,0.0,8,5.54,75.0,37.5,0.6900000000000001,0.6900000000000001,100.0,0.6900000000000001,100.0,0.0,0.0,0.0,0.6900000000000001,100.0,6.92,50.0,7.62,0.6900000000000001,0.0,9.0,2.08,1.38,12.46,77.78,2.08,66.67,4.85,100.0,11.77,76.47,0.0,0.0,10.03,0.0,0.35000000000000003,1.38,0.0,0.0,0.0,0.0,1.38,1.38,50.0,0.6900000000000001,100.0,0.0,0.0,2.08,0.6900000000000001,1.38,100.0,66.67,2.08,0,,0,,0,0.0,0.0,0.0,,,0.0,,7.62,0.0,0.0,0.0,0.0,0,0
M. Petrovic,Mihajlo  Petrovic,-483720,Novi Pazar,Novi Pazar,https://cdn5.wyscout.com/photos/team/public/3838_120x120.png,Super Liga,"RDMF, AMF, DMF",RDMF,38,AMF,20,DMF,11,20,2005-09-21,0,,5,126,0,0.01,0,0.0,12.14,35.29,Serbia,['Serbia'],unknown,0,0,False,7.14,3.5700000000000003,40.0,3.5700000000000003,20.0,0.0,0.0,0.0,5.71,8.57,1.43,1,0.71,0,0.0,1.43,0.0,0,0.0,0.0,0,0.0,2,1.43,100.0,0.0,0.0,0.71,0.0,0.0,0.0,0.71,0.0,0.0,0.71,0.0,4.29,33.33,0.0,0.0,0.0,20.71,0.71,1.43,29.29,70.73,10.0,50.0,5.0,100.0,25.0,74.29,3.5700000000000003,60.0,20.55,23.05,0.0,0.0,0.0,0.0,0.0,0.0,0.0,7.86,63.64,1.43,0.0,0.0,0.0,0.0,0.0,2.14,100.0,75.0,11.43,0,,0,,0,0.0,0.0,0.0,,,0.71,,3.5700000000000003,0.71,0.0,0.0,1.43,0,0
D. Saric,Dimitrije Saric,-636393,Crvena Zvezda,Crvena Zvezda,https://cdn5.wyscout.com/photos/team/public/483_120x120.png,Super Liga,"RW, RCMF, AMF",RW,65,RCMF,20,AMF,13,17,2008-11-04,0,2028-06-30,3,124,2,1.62,0,0.38,19.6,44.44,Serbia,['Serbia'],unknown,0,0,False,5.8100000000000005,5.8100000000000005,50.0,0.0,0.0,0.0,0.0,0.0,2.9,4.29,0.73,0,0.0,0,0.0,6.53,1.45,2,1.45,1.18,0,0.0,7,5.08,57.14,28.571,0.0,2.18,66.67,0.0,0.0,2.18,66.67,0.0,4.35,50.0,12.34,35.29,7.98,2.18,0.0,28.31,0.73,1.45,36.29,90.0,5.8100000000000005,75.0,10.89,100.0,31.94,90.91,2.18,100.0,17.49,26.48,0.28,2.18,0.0,0.73,0.0,0.0,2.18,4.35,66.67,2.9,75.0,0.0,0.0,1.45,1.45,7.26,80.0,85.71,15.24,0,,0,,0,0.0,0.0,0.0,,,0.0,,0.0,0.0,0.0,0.0,0.73,0,0
I. Bah,Issa Bah,-128634,Radnički Kragujevac,Radnički Kragujevac,https://cdn5.wyscout.com/photos/team/public/g2849_120x120.png,Super Liga,"LW, LAMF, RW",LW,30,LAMF,27,RW,25,24,2002-07-05,0,2027-06-30,4,118,1,0.96,0,0.0,19.07,32.0,Portugal,"['Portugal', 'Guinea']",right,181,75,False,2.29,1.53,100.0,3.05,0.0,0.0,0.0,0.0,0.76,1.3599999999999999,0.76,0,0.0,0,0.0,3.81,0.76,0,0.0,0.73,0,0.0,3,2.29,100.0,33.333,0.0,2.29,0.0,1.53,0.0,0.76,0.0,0.0,2.29,66.67,11.44,33.33,5.34,4.58,0.76,18.31,3.05,2.29,19.83,57.69,3.81,40.0,8.39,81.82,16.78,68.18,0.76,0.0,21.26,5.92,0.0,0.0,0.0,0.0,0.0,0.0,0.0,0.0,0.0,1.53,0.0,0.0,0.0,0.76,0.0,2.29,33.33,40.0,3.81,0,,0,,0,0.0,0.0,0.0,,,0.76,,3.05,0.0,0.0,0.0,0.0,1,100
M. Butean,Mihai Butean,405963,Vojvodina,Vojvodina,https://cdn5.wyscout.com/photos/team/public/700_120x120.png,Super Liga,RB,RB,100,,0,,0,29,1996-09-14,800000,2027-06-30,2,116,0,0.0,0,0.0,15.52,60.0,Romania,['Romania'],right,181,72,False,8.53,7.76,50.0,1.55,50.0,0.0,0.0,0.0,4.66,6.92,2.33,0,0.0,0,0.0,1.55,0.0,0,0.0,0.0,0,0.0,1,0.78,100.0,0.0,0.0,0.78,0.0,0.0,0.0,0.78,0.0,0.0,0.78,100.0,2.33,66.67,0.78,1.55,0.0,19.4,3.1,0.78,31.81,65.85,19.4,68.0,1.55,100.0,26.38,73.53,4.66,33.33,15.93,24.1,0.0,0.0,0.0,0.0,0.0,0.0,0.0,3.1,25.0,2.33,66.67,0.0,0.0,0.78,0.0,8.53,63.64,28.57,5.43,0,,0,,0,0.0,0.0,0.0,,,0.0,,1.55,0.0,0.0,0.0,0.0,0,0
D. Miladinović,Danilo Miladinović,-101380,Zemun,Zemun,https://cdn5.wyscout.com/photos/team/public/1258_120x120.png,Super Liga,"LDMF, AMF, LCMF",LDMF,56,AMF,21,LCMF,21,24,2002-02-28,300000,2027-06-30,2,115,0,0.0,0,0.0,10.96,71.43,Serbia,['Serbia'],right,0,0,False,9.39,4.7,100.0,2.35,33.33,0.0,0.0,0.78,4.7,4.86,0.0,0,0.0,0,0.0,0.0,0.0,0,0.0,0.0,0,0.0,0,0.0,0.0,0.0,0.0,0.0,0.0,0.0,0.0,0.0,0.0,0.0,0.0,0.0,2.35,33.33,0.0,0.78,0.0,20.35,0.78,1.57,32.09,90.24,8.61,72.73,9.39,91.67,31.3,92.5,0.78,0.0,16.39,11.36,0.0,0.78,0.0,0.0,0.0,0.0,0.0,3.13,75.0,0.0,0.0,0.0,0.0,0.0,0.0,0.78,0.0,100.0,9.39,0,,0,,0,0.0,0.0,0.0,,,0.78,,2.35,0.0,0.0,0.0,0.0,0,0
A. Zekovic,Aleks  Zekovic,-409384,Partizan,Partizan,https://cdn5.wyscout.com/photos/team/public/699_120x120.png,Super Liga,"DMF, RDMF",DMF,77,RDMF,16,,0,19,2006-11-16,0,,4,114,0,0.1,0,0.1,16.58,61.9,France,"['France', 'Montenegro']",,0,0,False,6.32,6.32,62.5,3.95,80.0,0.0,0.0,0.0,2.37,4.5,2.37,1,0.79,1,0.79,1.58,0.0,0,0.0,0.08,0,0.0,4,3.16,25.0,0.0,0.0,0.0,0.0,0.0,0.0,0.0,0.0,0.0,1.58,50.0,4.74,50.0,0.0,1.58,0.0,46.58,0.0,2.37,58.42,87.84,16.58,71.43,11.05,92.86,52.89,89.55,5.53,71.43,21.74,23.38,0.08,0.79,0.0,0.0,0.0,0.0,0.79,11.84,66.67,1.58,50.0,0.0,0.0,1.58,0.0,6.32,87.5,100.0,23.68,0,,0,,0,0.0,0.0,0.0,,,1.58,,3.95,0.0,0.0,0.0,0.0,0,0
A. Kosiah,Ayouba Kosiah,-275318,Radnik Surdulica,Radnik Surdulica,https://cdn5.wyscout.com/photos/team/public/g6756_120x120.png,Super Liga,CF,CF,100,,0,,0,25,2001-07-22,400000,2028-12-31,3,113,0,0.01,1,0.26,15.93,40.0,Netherlands,"['Netherlands', 'Liberia']",left,188,79,False,4.78,3.19,75.0,7.96,10.0,0.0,0.0,0.8,2.39,2.65,0.8,1,0.8,0,0.0,0.0,0.0,0,0.0,0.01,0,0.0,1,0.8,0.0,0.0,0.8,0.0,0.0,0.0,0.0,0.0,0.0,0.0,0.0,0.0,3.98,60.0,1.5899999999999999,0.0,0.0,11.15,2.39,3.19,11.95,80.0,1.5899999999999999,100.0,3.19,100.0,11.95,80.0,0.0,0.0,7.17,0.0,0.21,1.5899999999999999,0.0,0.0,0.0,0.0,0.8,0.0,0.0,0.0,0.0,0.0,0.0,0.8,0.0,0.0,0.0,100.0,1.5899999999999999,0,,0,,0,0.0,0.0,0.0,,,0.0,,7.96,0.0,0.0,0.0,0.0,0,0
J. Enem,Jay Ifeanyi-Junior Tyron Enem,-289367,Crvena Zvezda,Crvena Zvezda,https://cdn5.wyscout.com/photos/team/public/483_120x120.png,Super Liga,CF,CF,99,,0,,0,23,2003-03-11,0,2030-06-30,2,113,1,1.24,0,0.0,16.73,38.1,Netherlands,"['Netherlands', 'Nigeria']",right,193,84,False,0.8,0.0,0.0,4.78,66.67,0.0,0.0,0.8,0.8,1.15,0.8,0,0.0,0,0.0,1.5899999999999999,0.8,1,0.8,0.99,0,0.0,6,4.78,33.33,16.667,0.0,0.8,0.0,0.8,0.0,0.0,0.0,0.8,0.8,0.0,10.35,30.77,6.37,0.8,0.0,6.37,0.8,2.39,8.76,81.82,0.8,100.0,1.5899999999999999,100.0,7.96,90.0,0.0,0.0,12.05,0.0,0.0,0.0,0.0,0.0,0.0,0.0,0.0,0.0,0.0,0.0,0.0,0.0,0.0,0.0,0.0,0.0,0.0,80.0,3.98,0,,0,,0,0.0,0.0,0.0,,,0.0,,4.78,0.0,0.0,0.0,0.0,0,0
B. Adžić,Bojan Adžić,-303770,Novi Pazar,Novi Pazar,https://cdn5.wyscout.com/photos/team/public/3838_120x120.png,Super Liga,"RAMF, AMF, LAMF",RAMF,41,AMF,18,LAMF,14,22,2003-12-01,0,2028-06-30,7,111,0,0.0,0,0.0,17.84,50.0,Montenegro,"['Montenegro', 'Serbia']",right,177,73,False,7.3,7.3,44.44,4.05,60.0,0.0,0.0,0.0,4.05,7.5,0.0,0,0.0,0,0.0,0.0,0.0,0,0.0,0.0,0,0.0,0,0.0,0.0,0.0,0.0,0.81,0.0,0.81,0.0,0.0,0.0,0.0,0.0,0.0,4.05,80.0,0.81,0.81,0.0,16.22,0.81,0.0,31.62,61.54,10.54,38.46,10.54,84.62,30.0,64.86,0.81,0.0,10.88,4.89,0.0,0.0,0.0,0.0,0.81,0.0,0.0,3.24,25.0,2.43,0.0,0.81,0.0,0.0,0.0,4.86,33.33,25.0,3.24,0,,0,,0,0.0,0.0,0.0,,,0.0,,4.05,0.0,0.0,0.0,0.0,0,0
A. Rahim Sawadogu,Abdoul Rahim Sawadogu,-794211,Železničar Pancevo,Železničar Pancevo,https://cdn5.wyscout.com/photos/team/public/g34577_120x120.png,Super Liga,RCB,RCB,100,,0,,0,19,2006-11-12,0,,2,108,0,0.01,0,0.0,10.83,53.85,Côte d'Ivoire,"[""Côte d'Ivoire""]",,0,0,False,5.83,4.17,20.0,5.83,71.43,0.0,0.0,0.0,5.0,11.25,1.67,1,0.8300000000000001,0,0.0,0.8300000000000001,0.0,0,0.0,0.01,0,0.0,1,0.8300000000000001,100.0,0.0,0.0,0.0,0.0,0.0,0.0,0.0,0.0,0.0,0.0,0.0,0.8300000000000001,100.0,0.0,1.67,0.0,65.83,1.67,0.8300000000000001,88.33,88.68,37.5,77.78,10.0,100.0,82.5,90.91,5.83,57.14,17.12,41.69,0.0,0.0,0.0,0.0,0.0,0.0,0.8300000000000001,10.83,76.92,1.67,100.0,0.0,0.0,0.8300000000000001,0.0,7.5,77.78,97.06,28.33,0,,0,,0,0.0,0.0,0.0,,,7.5,,5.83,0.0,0.0,0.0,0.0,0,0
M. Pavkov,Milan Pavkov,245644,Čukarički,Čukarički,https://cdn5.wyscout.com/photos/team/public/702_120x120.png,Super Liga,CF,CF,100,,0,,0,32,1994-02-09,700000,2026-12-31,5,107,0,0.0,0,0.0,19.35,30.43,Serbia,['Serbia'],right,193,83,False,1.6800000000000002,1.6800000000000002,50.0,13.46,25.0,0.0,0.0,0.0,0.84,1.0,2.52,2,1.6800000000000002,0,0.0,0.84,0.0,0,0.0,0.0,0,0.0,0,0.0,0.0,0.0,0.0,0.84,0.0,0.0,0.0,0.84,0.0,0.0,0.84,100.0,3.36,25.0,1.6800000000000002,0.0,0.0,11.78,0.84,0.84,21.03,68.0,1.6800000000000002,50.0,5.89,100.0,18.5,72.73,1.6800000000000002,50.0,16.81,8.18,0.0,0.0,0.0,0.0,0.0,0.0,0.0,3.36,50.0,0.0,0.0,0.0,0.0,0.0,0.0,1.6800000000000002,50.0,62.5,6.73,0,,0,,0,0.0,0.0,0.0,,,1.6800000000000002,,13.46,0.0,0.0,0.0,0.0,0,0
V. Lučić,Vladimir Lučić,-189426,Crvena Zvezda,Crvena Zvezda,https://cdn5.wyscout.com/photos/team/public/483_120x120.png,Super Liga,LW,LW,100,,0,,0,24,2002-06-28,0,2029-06-30,2,107,0,0.23,1,0.74,14.3,70.59,Serbia,['Serbia'],right,185,76,False,7.57,5.05,66.67,0.84,100.0,0.0,0.0,0.0,4.21,6.82,0.0,0,0.0,0,0.0,6.73,0.0,0,0.0,0.19,0,0.0,4,3.36,50.0,0.0,0.84,5.05,33.33,5.05,33.33,0.0,0.0,0.84,3.36,100.0,8.41,70.0,10.09,10.93,0.84,47.94,3.36,1.6800000000000002,57.2,79.41,13.46,62.5,12.62,93.33,51.31,85.25,0.84,0.0,15.6,28.93,0.62,3.36,0.0,0.0,0.0,0.0,1.6800000000000002,4.21,60.0,5.05,50.0,0.0,0.0,2.52,1.6800000000000002,8.41,90.0,83.33,20.19,0,,0,,0,0.0,0.0,0.0,,,0.0,,0.84,0.0,0.0,0.0,0.0,0,0
M. Jokić,Milan Jokić,213872,Zemun,Zemun,https://cdn5.wyscout.com/photos/team/public/1258_120x120.png,Super Liga,"RDMF, LCMF, RCMF",RDMF,46,LCMF,29,RCMF,24,31,1995-03-21,250000,,4,103,0,0.0,0,0.0,17.48,45.0,Serbia,['Serbia'],right,179,75,False,8.74,13.98,50.0,0.0,0.0,0.87,0.79,0.0,0.87,0.79,2.62,2,1.75,0,0.0,0.0,0.0,0,0.0,0.0,0,0.0,0,0.0,0.0,0.0,0.0,0.0,0.0,0.0,0.0,0.0,0.0,0.0,0.0,0.0,1.75,50.0,0.0,0.87,0.0,27.96,0.87,0.87,33.2,81.58,14.85,76.47,0.87,100.0,28.83,90.91,4.37,20.0,20.93,19.07,0.0,0.0,0.0,0.0,0.0,0.0,0.0,5.24,50.0,0.0,0.0,0.0,0.0,0.0,0.0,6.12,85.71,82.35,14.85,0,,0,,0,0.0,0.0,0.0,,,0.0,,0.0,2.62,0.0,0.0,0.87,0,0
S. Mijailović,Srdjan Mijailović,138468,Čukarički,Čukarički,https://cdn5.wyscout.com/photos/team/public/702_120x120.png,Super Liga,"LDMF, LCMF",LDMF,54,LCMF,45,,0,32,1993-11-10,2000000,2029-06-30,3,100,0,0.0,0,0.0,18.0,55.0,Serbia,['Serbia'],right,180,66,False,18.9,11.7,61.54,3.6,50.0,3.6,4.44,0.9,8.1,10.0,1.8,0,0.0,0,0.0,1.8,0.0,0,0.0,0.0,0,0.0,1,0.9,100.0,0.0,0.0,0.9,100.0,0.0,0.0,0.9,100.0,0.0,0.0,0.0,0.0,0.0,0.9,0.9,0.0,16.2,0.0,0.0,27.0,73.33,11.7,61.54,3.6,100.0,21.6,79.17,4.5,40.0,22.72,31.59,0.0,0.0,0.0,0.0,0.0,0.0,0.0,2.7,33.33,1.8,50.0,0.0,0.0,0.9,0.9,5.4,66.67,77.78,8.1,0,,0,,0,0.0,0.0,0.0,,,0.0,,3.6,0.0,0.0,0.0,0.0,0,0
M. Djordjevic,Miroslav Djordjevic,428107,Sutjeska Foča,Partizan,https://cdn5.wyscout.com/photos/team/public/g9306_120x120.png,,RCB,RCB,100,,0,,0,22,2004-01-24,0,,1,97,0,0.0,0,0.0,9.28,70.0,Serbia,['Serbia'],,0,0,False,6.49,5.57,66.67,3.71,75.0,0.0,0.0,0.0,2.7800000000000002,5.29,0.0,0,0.0,0,0.0,0.0,0.0,0,0.0,0.0,0,0.0,0,0.0,0.0,0.0,0.0,0.0,0.0,0.0,0.0,0.0,0.0,0.0,0.0,0.0,0.0,0.0,0.0,0.0,0.0,82.58,0.93,0.0,105.77,92.98,30.62,81.82,6.49,100.0,97.42,96.19,8.35,55.56,21.45,40.7,0.0,0.0,0.0,0.0,0.0,0.0,0.0,11.13,91.67,0.0,0.0,0.0,0.0,0.0,0.0,13.92,73.33,97.06,63.09,0,,0,,0,0.0,0.0,0.0,,,5.57,,3.71,0.0,0.0,0.0,0.0,0,0
A. Yusif,Abdul Razak Yusif,513971,Železničar Pancevo,Železničar Pancevo,https://cdn5.wyscout.com/photos/team/public/g34577_120x120.png,Super Liga,RB,RB,100,,0,,0,25,2001-08-09,300000,2027-06-30,1,97,0,0.0,0,0.19,14.85,43.75,Ghana,['Ghana'],right,181,74,False,6.49,5.57,50.0,6.49,42.86,0.93,1.88,0.93,2.7800000000000002,5.63,2.7800000000000002,1,0.93,1,0.93,3.71,0.0,0,0.0,0.0,0,0.0,0,0.0,0.0,0.0,0.0,4.64,60.0,0.0,0.0,4.64,60.0,2.7800000000000002,1.8599999999999999,50.0,2.7800000000000002,33.33,2.7800000000000002,1.8599999999999999,0.0,27.84,7.42,0.93,38.04,80.49,15.77,76.47,6.49,100.0,32.47,82.86,0.93,100.0,17.85,20.59,0.17,0.93,0.0,0.0,0.0,0.0,0.93,0.93,0.0,4.64,60.0,0.0,0.0,0.93,3.71,8.35,66.67,75.0,11.13,0,,0,,0,0.0,0.0,0.0,,,3.71,,6.49,0.0,0.0,0.0,0.0,0,0
M. Velicković,Marko Velicković,-155286,Vojvodina,Vojvodina,https://cdn5.wyscout.com/photos/team/public/700_120x120.png,Super Liga,"LCMF, LDMF, LAMF",LCMF,36,LDMF,22,LAMF,21,21,2004-10-12,0,2028-06-30,3,97,0,0.4,0,0.06,2.7800000000000002,66.67,Serbia,['Serbia'],right,176,70,False,2.7800000000000002,0.93,100.0,0.0,0.0,0.0,0.0,0.0,1.8599999999999999,3.33,0.0,0,0.0,0,0.0,2.7800000000000002,0.0,0,0.0,0.37,0,0.0,3,2.7800000000000002,66.67,0.0,0.0,1.8599999999999999,50.0,0.93,100.0,0.93,0.0,0.93,0.0,0.0,1.8599999999999999,50.0,2.7800000000000002,1.8599999999999999,0.0,24.12,0.0,0.93,25.98,71.43,8.35,55.56,6.49,85.71,22.27,75.0,2.7800000000000002,66.67,17.49,29.04,0.06,0.93,0.0,0.0,0.0,0.0,0.93,0.93,0.0,1.8599999999999999,0.0,0.0,0.0,0.93,0.0,2.7800000000000002,100.0,66.67,5.57,0,,0,,0,0.0,0.0,0.0,,,0.0,,0.0,0.0,0.0,0.0,0.93,0,0
N. Miletić,Nemanja Miletić,307311,Radnički Kragujevac,Radnički Kragujevac,https://cdn5.wyscout.com/photos/team/public/g2849_120x120.png,Super Liga,LB,LB,100,,0,,0,35,1991-07-26,100000,,1,95,0,0.0,0,0.42,3.79,100.0,Serbia,['Serbia'],left,190,80,False,10.42,1.8900000000000001,100.0,0.9500000000000001,100.0,0.9500000000000001,2.31,0.9500000000000001,7.58,18.46,0.0,0,0.0,0,0.0,0.0,0.0,0,0.0,0.0,0,0.0,0,0.0,0.0,0.0,0.0,3.79,0.0,3.79,0.0,0.0,0.0,0.0,0.0,0.0,0.9500000000000001,100.0,0.0,1.8900000000000001,0.0,37.89,1.8900000000000001,0.9500000000000001,47.37,66.0,24.63,61.54,6.63,100.0,36.95,76.92,6.63,42.86,19.64,32.12,0.4,2.84,0.0,0.0,0.0,0.0,0.0,9.47,90.0,5.68,16.67,0.0,0.0,0.9500000000000001,0.9500000000000001,13.26,78.57,58.33,11.37,0,,0,,0,0.0,0.0,0.0,,,2.84,,0.9500000000000001,1.8900000000000001,0.0,0.0,3.79,0,0
N. Čumić,Nikola Čumić,404969,Partizan,Partizan,https://cdn5.wyscout.com/photos/team/public/699_120x120.png,Super Liga,"LAMF, RAMF",LAMF,52,RAMF,47,,0,27,1998-11-20,1500000,2027-06-30,1,94,0,0.71,0,0.15,11.49,66.67,Serbia,['Serbia'],right,176,67,False,6.7,6.7,57.14,0.96,0.0,0.0,0.0,0.0,2.87,5.29,0.96,0,0.0,0,0.0,2.87,0.0,0,0.0,0.68,0,0.0,3,2.87,66.67,0.0,0.0,3.83,0.0,1.9100000000000001,0.0,1.9100000000000001,0.0,0.0,0.96,100.0,3.83,100.0,5.74,0.0,0.0,35.43,1.9100000000000001,2.87,35.43,70.27,8.62,55.56,1.9100000000000001,100.0,29.68,80.65,1.9100000000000001,50.0,18.36,39.52,0.14,1.9100000000000001,0.0,0.0,0.0,0.0,1.9100000000000001,2.87,66.67,6.7,28.57,0.0,0.0,0.96,0.0,1.9100000000000001,100.0,73.68,18.19,0,,0,,0,0.0,0.0,0.0,,,0.0,,0.96,0.0,0.0,0.0,0.0,0,0
M. Poletanović,Marko Poletanović,217502,Vojvodina,Vojvodina,https://cdn5.wyscout.com/photos/team/public/700_120x120.png,Super Liga,"RCMF, RDMF, LDMF",RCMF,35,RDMF,30,LDMF,16,33,1993-07-20,350000,2027-06-30,5,94,0,0.0,1,0.0,5.74,50.0,Serbia,['Serbia'],right,187,81,False,3.83,2.87,33.33,1.9100000000000001,100.0,0.0,0.0,0.0,2.87,5.29,0.96,0,0.0,0,0.0,0.0,0.0,0,0.0,0.0,0,0.0,1,0.96,0.0,0.0,0.96,0.96,0.0,0.0,0.0,0.96,0.0,0.0,0.0,0.0,0.96,0.0,1.9100000000000001,1.9100000000000001,0.0,41.17,0.0,0.0,57.45,83.33,22.98,79.17,1.9100000000000001,100.0,50.74,88.68,5.74,50.0,18.76,34.01,0.0,0.0,0.0,0.0,0.0,0.0,0.96,4.79,80.0,2.87,33.33,0.0,0.0,1.9100000000000001,0.96,10.53,54.55,84.62,24.89,0,,0,,0,0.0,0.0,0.0,,,0.0,,1.9100000000000001,0.0,0.0,0.0,0.0,0,0
T. Lakic,Teo Lakic,-750329,Radnik Surdulica,Radnik Surdulica,https://cdn5.wyscout.com/photos/team/public/g6756_120x120.png,Super Liga,RDMF,RDMF,100,,0,,0,18,2008-04-10,0,,2,94,0,0.0,0,0.0,13.4,50.0,,[],,0,0,False,5.74,3.83,50.0,1.9100000000000001,50.0,0.0,0.0,0.0,3.83,5.0,2.87,0,0.0,0,0.0,0.96,0.0,0,0.0,0.0,0,0.0,0,0.0,0.0,0.0,0.0,0.0,0.0,0.0,0.0,0.0,0.0,0.0,0.96,100.0,3.83,50.0,0.0,0.0,0.0,6.7,0.0,1.9100000000000001,15.32,75.0,6.7,57.14,1.9100000000000001,100.0,14.36,80.0,0.96,0.0,17.83,14.68,0.0,0.0,0.0,0.0,0.96,0.0,0.0,1.9100000000000001,50.0,0.96,0.0,0.96,0.0,0.0,0.0,0.96,100.0,80.0,4.79,0,,0,,0,0.0,0.0,0.0,,,0.0,,1.9100000000000001,0.0,0.0,0.0,0.0,0,0
N. Stojišić,Nedeljko Stojišić,-91204,OFK Beograd,OFK Beograd,https://cdn5.wyscout.com/photos/team/public/705_120x120.png,Super Liga,GK,GK,100,,0,,0,28,1997-09-25,100000,,1,93,0,0.0,0,0.0,1.94,0.0,Serbia,['Serbia'],right,202,96,False,1.94,0.97,0.0,0.0,0.0,0.0,0.0,0.0,1.94,3.33,0.0,0,0.0,0,0.0,0.0,0.0,0,0.0,0.0,0,0.0,0,0.0,0.0,0.0,0.0,0.0,0.0,0.0,0.0,0.0,0.0,0.0,0.97,0.0,0.97,0.0,0.0,0.0,0.0,19.35,0.0,0.0,28.06,75.86,21.29,68.18,0.0,0.0,11.61,91.67,16.45,64.71,42.3,57.92,0.0,0.0,0.0,0.0,0.0,0.0,0.0,7.74,50.0,0.0,0.0,0.0,0.0,0.0,0.0,11.61,83.33,100.0,5.8100000000000005,4,3.87,6,5.8100000000000005,0,33.33,2.09,2.02,-1.9100000000000001,-1.8479999999999999,0.0,0.97,0.0,,,,0.0,0,0
U. Blagojević,Uros Blagojević,-120220,Mačva Šabac,Mačva Šabac,https://cdn5.wyscout.com/photos/team/public/g3221_120x120.png,Super Liga,LB,LB,100,,0,,0,24,2002-03-21,0,2028-06-30,1,92,0,0.0,0,0.0,4.89,80.0,Serbia,['Serbia'],left,193,82,False,14.67,2.93,100.0,0.0,0.0,0.98,0.97,0.0,10.76,10.65,0.0,0,0.0,0,0.0,0.0,0.0,0,0.0,0.0,0,0.0,0,0.0,0.0,0.0,0.0,0.0,0.0,0.0,0.0,0.0,0.0,0.0,0.0,0.0,0.98,100.0,0.0,0.98,0.0,6.85,0.98,0.0,13.7,92.86,3.91,100.0,1.96,100.0,12.72,92.31,0.98,100.0,16.34,31.5,0.0,0.0,0.0,0.0,0.0,0.0,0.0,0.0,0.0,0.98,100.0,0.0,0.0,0.0,0.0,0.0,0.0,100.0,4.89,0,,0,,0,0.0,0.0,0.0,,,0.0,,0.0,0.0,0.0,0.0,0.0,0,0
D. Jovanović,Dušan Jovanović,-83060,Radnički Niš,Radnički Niš,https://cdn5.wyscout.com/photos/team/public/g2850_120x120.png,Super Liga,CF,CF,100,,0,,0,20,2006-02-15,0,2028-06-30,2,91,0,0.09,0,0.0,23.74,29.17,Serbia,['Serbia'],right,184,0,False,4.95,2.9699999999999998,66.67,10.88,36.36,0.99,1.67,0.0,1.98,3.33,2.9699999999999998,1,0.99,0,0.0,0.0,0.0,0,0.0,0.09,0,0.0,1,0.99,0.0,0.0,0.0,0.0,0.0,0.0,0.0,0.0,0.0,0.0,0.0,0.0,5.93,16.67,0.99,0.0,0.0,5.93,1.98,0.0,6.92,28.57,2.9699999999999998,33.33,1.98,50.0,6.92,28.57,0.0,0.0,12.68,0.0,0.0,0.0,0.0,0.0,0.0,0.0,0.0,0.99,100.0,0.99,0.0,0.0,0.0,0.0,0.0,0.99,100.0,0.0,0.99,0,,0,,0,0.0,0.0,0.0,,,0.0,,10.88,0.0,0.0,0.0,0.0,0,0
C. Lhernault,Clément Lhernault,-156453,Železničar Pancevo,Železničar Pancevo,https://cdn5.wyscout.com/photos/team/public/g34577_120x120.png,Super Liga,"RCMF, RCMF3",RCMF,80,RCMF3,19,,0,23,2003-02-13,0,2028-06-30,2,86,0,0.0,0,0.0,6.28,66.67,France,['France'],right,176,67,False,2.09,2.09,100.0,1.05,0.0,0.0,0.0,0.0,0.0,0.0,0.0,0,0.0,0,0.0,0.0,0.0,0,0.0,0.0,0,0.0,0,0.0,0.0,0.0,0.0,0.0,0.0,0.0,0.0,0.0,0.0,0.0,0.0,0.0,3.14,66.67,0.0,0.0,0.0,21.98,0.0,2.09,30.35,72.41,6.28,50.0,7.33,100.0,27.21,80.77,3.14,0.0,18.03,24.01,0.0,0.0,0.0,0.0,0.0,0.0,0.0,3.14,33.33,1.05,0.0,0.0,0.0,0.0,0.0,3.14,33.33,64.29,14.65,0,,0,,0,0.0,0.0,0.0,,,3.14,,1.05,0.0,0.0,0.0,1.05,0,0
T. Wouter,Tayrell Wouter,-279780,OFK Beograd,OFK Beograd,https://cdn5.wyscout.com/photos/team/public/705_120x120.png,Super Liga,"CF, AMF, RAMF",CF,39,AMF,27,RAMF,26,24,2002-07-16,300000,2028-06-30,3,84,0,0.23,0,0.03,12.86,66.67,Netherlands,['Netherlands'],right,179,66,False,9.64,6.43,100.0,3.21,0.0,0.0,0.0,0.0,3.21,6.43,0.0,0,0.0,0,0.0,4.29,0.0,0,0.0,0.25,0,0.0,4,4.29,50.0,0.0,0.0,2.14,0.0,0.0,0.0,2.14,0.0,0.0,2.14,100.0,2.14,100.0,1.07,2.14,0.0,11.79,1.07,0.0,15.0,64.29,6.43,66.67,1.07,100.0,10.71,80.0,2.14,50.0,21.3,25.07,0.04,1.07,0.0,0.0,0.0,0.0,0.0,3.21,100.0,2.14,0.0,0.0,0.0,0.0,0.0,6.43,66.67,40.0,5.36,0,,0,,0,0.0,0.0,0.0,,,0.0,,3.21,0.0,0.0,0.0,0.0,0,0
M. Andrej,Milosevic Andrej,-820914,Zemun,Zemun,https://cdn5.wyscout.com/photos/team/public/1258_120x120.png,Super Liga,"LCMF, RCMF",LCMF,53,RCMF,36,,0,18,2007-11-22,0,,3,83,0,0.38,0,0.02,22.77,61.9,Serbia,['Serbia'],,0,0,False,7.59,7.59,57.14,4.34,75.0,1.08,1.3,0.0,2.17,2.61,4.34,1,1.08,0,0.0,3.25,0.0,0,0.0,0.41000000000000003,0,0.0,4,4.34,25.0,0.0,0.0,2.17,50.0,0.0,0.0,2.17,50.0,0.0,1.08,100.0,4.34,75.0,6.51,1.08,0.0,18.43,0.0,1.08,28.19,76.92,9.76,77.78,6.51,83.33,24.94,78.26,2.17,100.0,17.91,34.31,0.02,1.08,0.0,0.0,0.0,0.0,0.0,6.51,83.33,1.08,0.0,0.0,0.0,0.0,0.0,3.25,100.0,83.33,6.51,0,,0,,0,0.0,0.0,0.0,,,0.0,,4.34,0.0,0.0,0.0,0.0,0,0
D. Janković,Dimitrije Janković,-336210,Novi Pazar,Novi Pazar,https://cdn5.wyscout.com/photos/team/public/3838_120x120.png,Super Liga,"LDMF, AMF",LDMF,55,AMF,44,,0,20,2006-02-27,0,2030-06-30,3,82,0,0.0,0,0.01,13.17,66.67,Serbia,['Serbia'],right,0,0,True,3.29,4.39,50.0,4.39,75.0,1.1,2.5,0.0,0.0,0.0,1.1,0,0.0,0,0.0,3.29,0.0,0,0.0,0.0,0,0.0,0,0.0,0.0,0.0,0.0,3.29,33.33,1.1,0.0,2.2,50.0,0.0,2.2,100.0,3.29,66.67,3.29,1.1,0.0,35.12,2.2,0.0,39.51,83.33,8.78,62.5,8.78,100.0,35.12,90.63,1.1,0.0,17.79,18.45,0.01,1.1,0.0,0.0,0.0,0.0,0.0,4.39,50.0,4.39,50.0,0.0,0.0,1.1,2.2,2.2,50.0,86.67,16.46,0,,0,,0,0.0,0.0,0.0,,,0.0,,4.39,0.0,0.0,0.0,1.1,0,0
P. Bojić,Petar Bojić,145007,Mladost Lučani,Mladost Lučani,https://cdn5.wyscout.com/photos/team/public/703_120x120.png,Super Liga,CF,CF,100,,0,,0,34,1991-09-04,150000,2027-06-30,4,82,0,0.23,0,0.0,16.46,40.0,Serbia,['Serbia'],right,186,83,False,2.2,1.1,100.0,5.49,20.0,0.0,0.0,0.0,1.1,1.76,0.0,0,0.0,0,0.0,0.0,0.0,0,0.0,0.25,0,0.0,2,2.2,0.0,0.0,0.0,0.0,0.0,0.0,0.0,0.0,0.0,0.0,0.0,0.0,7.68,57.14,1.1,0.0,0.0,13.17,2.2,3.29,19.76,77.78,5.49,80.0,9.88,100.0,19.76,77.78,0.0,0.0,13.45,0.0,0.0,0.0,0.0,0.0,0.0,0.0,0.0,2.2,50.0,0.0,0.0,0.0,0.0,0.0,0.0,2.2,100.0,0.0,1.1,0,,0,,0,0.0,0.0,0.0,,,0.0,,5.49,0.0,0.0,0.0,0.0,0,0
M. Milovanović,Mateja Milovanović,-167649,Partizan,Partizan,https://cdn5.wyscout.com/photos/team/public/699_120x120.png,Super Liga,LB,LB,100,,0,,0,22,2004-04-18,0,2029-06-30,2,81,0,0.02,0,0.0,20.0,83.33,Netherlands,"['Netherlands', 'Serbia']",left,186,77,False,17.78,10.0,77.78,3.33,66.67,0.0,0.0,0.0,10.0,18.0,1.11,0,0.0,0,0.0,5.5600000000000005,0.0,0,0.0,0.02,0,0.0,1,1.11,100.0,0.0,0.0,2.22,100.0,2.22,100.0,0.0,0.0,0.0,2.22,100.0,6.67,100.0,2.22,3.33,0.0,44.44,1.11,4.44,61.11,81.82,22.22,65.0,7.78,85.71,55.56,82.0,3.33,66.67,13.76,12.93,0.0,0.0,0.0,0.0,0.0,0.0,0.0,5.5600000000000005,80.0,3.33,66.67,0.0,0.0,1.11,1.11,12.22,63.64,100.0,15.56,0,,0,,0,0.0,0.0,0.0,,,0.0,,3.33,0.0,0.0,0.0,0.0,0,0
A. Daniel,Akrofi Daniel,-771960,,IMT Novi Beograd,,,LCMF,LCMF,89,,0,,0,19,2007-07-14,0,,4,79,0,0.0,0,0.0,11.39,60.0,Ghana,['Ghana'],,0,0,False,12.53,5.7,60.0,2.2800000000000002,100.0,0.0,0.0,1.1400000000000001,9.11,13.33,1.1400000000000001,0,0.0,0,0.0,0.0,0.0,0,0.0,0.0,0,0.0,0,0.0,0.0,0.0,0.0,0.0,0.0,0.0,0.0,0.0,0.0,0.0,0.0,0.0,2.2800000000000002,0.0,0.0,0.0,1.1400000000000001,7.97,0.0,1.1400000000000001,17.09,73.33,7.97,57.14,3.42,100.0,14.81,84.62,2.2800000000000002,0.0,3.37,5.26,0.0,0.0,0.0,0.0,0.0,0.0,0.0,1.1400000000000001,100.0,1.1400000000000001,0.0,0.0,0.0,0.0,0.0,2.2800000000000002,50.0,50.0,2.2800000000000002,0,,0,,0,0.0,0.0,0.0,,,0.0,,2.2800000000000002,0.0,0.0,0.0,0.0,0,0
Juninho,Rafael Batista Da Silva Junior,-344764,IMT Novi Beograd,IMT Novi Beograd,https://cdn5.wyscout.com/photos/team/public/g30905_120x120.png,Super Liga,"LW, LAMF",LW,70,LAMF,29,,0,20,2006-07-02,0,,4,79,0,0.07,0,0.05,17.09,46.67,Brazil,['Brazil'],right,170,69,False,5.7,4.5600000000000005,50.0,2.2800000000000002,50.0,0.0,0.0,0.0,3.42,7.5,2.2800000000000002,0,0.0,0,0.0,0.0,0.0,0,0.0,0.08,0,0.0,1,1.1400000000000001,0.0,0.0,0.0,2.2800000000000002,0.0,2.2800000000000002,0.0,0.0,0.0,0.0,2.2800000000000002,0.0,10.25,44.44,4.5600000000000005,0.0,0.0,10.25,1.1400000000000001,2.2800000000000002,12.53,63.64,0.0,0.0,4.5600000000000005,100.0,10.25,77.78,0.0,0.0,9.41,0.0,0.06,1.1400000000000001,0.0,0.0,0.0,0.0,1.1400000000000001,0.0,0.0,1.1400000000000001,0.0,0.0,0.0,2.2800000000000002,0.0,0.0,0.0,66.67,3.42,0,,0,,0,0.0,0.0,0.0,,,0.0,,2.2800000000000002,0.0,0.0,0.0,0.0,0,0
S. Tanjga,Siniša Tanjga,-362163,Vojvodina,Vojvodina,https://cdn5.wyscout.com/photos/team/public/700_120x120.png,Super Liga,RCB,RCB,100,,0,,0,22,2004-03-11,0,2028-06-30,1,79,0,0.0,0,0.0,13.67,66.67,Serbia,['Serbia'],right,189,85,False,10.25,6.84,50.0,3.42,66.67,1.1400000000000001,1.76,0.0,5.7,8.82,1.1400000000000001,0,0.0,0,0.0,0.0,0.0,0,0.0,0.0,0,0.0,0,0.0,0.0,0.0,0.0,0.0,0.0,0.0,0.0,0.0,0.0,0.0,0.0,0.0,0.0,0.0,0.0,0.0,0.0,6.84,0.0,1.1400000000000001,22.78,65.0,15.95,64.29,0.0,0.0,19.37,70.59,3.42,33.33,25.43,47.82,0.0,0.0,0.0,0.0,0.0,0.0,0.0,3.42,33.33,1.1400000000000001,0.0,0.0,0.0,0.0,0.0,5.7,60.0,80.0,5.7,0,,0,,0,0.0,0.0,0.0,,,0.0,,3.42,0.0,0.0,0.0,0.0,0,0
H. Hilo,Hassan Hilo,-94262,Radnički Kragujevac,Radnički Kragujevac,https://cdn5.wyscout.com/photos/team/public/g2849_120x120.png,Super Liga,"RCB, LCB",RCB,59,LCB,40,,0,26,1999-11-25,400000,2027-06-30,2,78,0,0.0,0,0.0,11.54,50.0,Israel,['Israel'],right,188,0,False,2.31,3.46,33.33,2.31,50.0,0.0,0.0,0.0,1.15,2.14,2.31,0,0.0,1,1.15,0.0,0.0,0,0.0,0.0,0,0.0,0,0.0,0.0,0.0,0.0,0.0,0.0,0.0,0.0,0.0,0.0,0.0,0.0,0.0,2.31,50.0,0.0,0.0,0.0,41.54,1.15,2.31,55.38,77.08,25.38,59.09,2.31,100.0,35.77,87.1,19.62,58.82,27.71,40.36,0.0,0.0,0.0,0.0,0.0,0.0,0.0,11.54,60.0,1.15,0.0,0.0,0.0,0.0,0.0,13.85,66.67,90.91,25.38,0,,0,,0,0.0,0.0,0.0,,,2.31,,2.31,0.0,0.0,0.0,0.0,0,0
N. Tomović,Nenad Tomović,47172,Čukarički,Čukarički,https://cdn5.wyscout.com/photos/team/public/702_120x120.png,Super Liga,RCB,RCB,100,,0,,0,39,1987-08-30,150000,2027-06-30,2,78,0,0.23,0,0.0,12.69,81.82,Serbia,['Serbia'],right,184,80,False,4.62,3.46,66.67,6.92,83.33,0.0,0.0,1.15,2.31,3.33,1.15,0,0.0,0,0.0,0.0,0.0,0,0.0,0.26,0,0.0,1,1.15,0.0,0.0,0.0,0.0,0.0,0.0,0.0,0.0,0.0,0.0,0.0,0.0,0.0,0.0,2.31,0.0,0.0,27.69,0.0,1.15,45.0,84.62,24.23,76.19,1.15,100.0,38.08,90.91,6.92,50.0,22.31,42.22,0.0,0.0,0.0,0.0,0.0,0.0,0.0,6.92,50.0,1.15,0.0,0.0,0.0,0.0,0.0,8.08,85.71,93.75,18.46,0,,0,,0,0.0,0.0,0.0,,,0.0,,6.92,0.0,0.0,0.0,0.0,0,0
N. Grujic,Nebojsa Grujic,-635886,Čukarički U19,Čukarički,https://cdn5.wyscout.com/photos/team/public/g37536_120x120.png,U19 League,"LAMF, RAMF",LAMF,79,RAMF,13,,0,17,2009-04-02,0,,2,77,0,0.05,0,0.0,15.19,38.46,Serbia,['Serbia'],unknown,0,0,False,4.68,3.51,33.33,4.68,25.0,0.0,0.0,0.0,3.51,4.09,1.17,0,0.0,0,0.0,3.51,0.0,0,0.0,0.05,0,0.0,1,1.17,100.0,0.0,0.0,2.34,50.0,2.34,50.0,0.0,0.0,0.0,2.34,50.0,7.01,50.0,0.0,0.0,1.17,14.03,2.34,2.34,14.03,66.67,3.51,66.67,2.34,100.0,10.52,77.78,1.17,0.0,20.02,16.36,0.0,0.0,0.0,0.0,0.0,0.0,0.0,1.17,100.0,3.51,33.33,0.0,0.0,0.0,1.17,2.34,100.0,50.0,4.68,0,,0,,0,0.0,0.0,0.0,,,0.0,,4.68,0.0,0.0,0.0,0.0,0,0
L. Cvijetic,Lazar Cvijetic,-546520,IMT Novi Beograd U19,IMT Novi Beograd,https://cdn5.wyscout.com/photos/team/public/g-18838_120x120.png,U19 League,CF,CF,100,,0,,0,18,2008-02-04,0,,1,77,0,0.0,0,0.0,24.55,38.1,Serbia,['Serbia'],unknown,0,0,False,2.34,2.34,0.0,12.86,45.45,1.17,1.88,0.0,1.17,1.88,3.51,0,0.0,0,0.0,1.17,0.0,0,0.0,0.0,0,0.0,0,0.0,0.0,0.0,0.0,0.0,0.0,0.0,0.0,0.0,0.0,0.0,1.17,0.0,8.18,42.86,0.0,0.0,0.0,19.87,5.84,2.34,29.22,88.0,5.84,60.0,8.18,100.0,26.88,86.96,2.34,100.0,13.17,40.87,0.0,0.0,0.0,0.0,1.17,100.0,0.0,1.17,100.0,1.17,0.0,1.17,100.0,1.17,0.0,2.34,100.0,83.33,7.01,0,,0,,0,0.0,0.0,0.0,,,1.17,,12.86,0.0,0.0,0.0,0.0,0,0
I. Kébé,Ibrahima Kébé,-188582,,IMT Novi Beograd,,,LCMF,LCMF,100,,0,,0,26,2000-08-02,500000,,1,77,0,0.04,0,0.01,10.52,44.44,Mali,['Mali'],right,186,77,False,3.51,3.51,66.67,2.34,0.0,0.0,0.0,0.0,1.17,1.88,1.17,0,0.0,0,0.0,1.17,0.0,0,0.0,0.04,0,0.0,1,1.17,0.0,0.0,0.0,0.0,0.0,0.0,0.0,0.0,0.0,0.0,2.34,50.0,2.34,50.0,1.17,0.0,0.0,54.94,1.17,0.0,68.96,88.14,8.18,71.43,0.0,0.0,63.12,87.04,5.84,100.0,20.04,33.62,0.01,1.17,0.0,0.0,0.0,0.0,1.17,17.53,86.67,0.0,0.0,0.0,0.0,0.0,0.0,2.34,100.0,93.18,51.43,0,,0,,0,0.0,0.0,0.0,,,0.0,,2.34,0.0,0.0,0.0,0.0,0,0
D. Fekete,Danilo Fekete,-663405,Čukarički U17,Čukarički,https://cdn5.wyscout.com/photos/team/public/g-6121_120x120.png,U17 League,CF,CF,92,,0,,0,16,2010-08-10,0,,2,73,0,0.0,0,0.0,4.93,50.0,Serbia,['Serbia'],unknown,0,0,False,1.23,2.47,50.0,0.0,0.0,0.0,0.0,0.0,0.0,0.0,1.23,0,0.0,0,0.0,0.0,0.0,0,0.0,0.0,0,0.0,0,0.0,0.0,0.0,0.0,0.0,0.0,0.0,0.0,0.0,0.0,0.0,0.0,0.0,2.47,50.0,1.23,0.0,0.0,9.86,1.23,0.0,16.03,84.62,2.47,50.0,8.63,100.0,16.03,84.62,0.0,0.0,13.05,0.0,0.0,0.0,0.0,0.0,0.0,0.0,0.0,0.0,0.0,0.0,0.0,0.0,0.0,0.0,0.0,0.0,0.0,75.0,4.93,0,,0,,0,0.0,0.0,0.0,,,0.0,,0.0,0.0,0.0,0.0,0.0,0,0
O. Bukari,Osman Bukari,-88118,Crvena Zvezda,Crvena Zvezda,https://cdn5.wyscout.com/photos/team/public/483_120x120.png,Super Liga,"RAMF, LW",RAMF,67,LW,29,,0,27,1998-12-13,7000000,2030-06-30,2,70,1,0.18,0,0.09,19.29,53.33,Ghana,"['Ghana', 'Serbia']",right,170,65,True,9.0,5.14,75.0,2.5700000000000003,50.0,0.0,0.0,0.0,5.14,6.0,0.0,0,0.0,0,0.0,5.14,1.29,1,1.29,0.24,1,1.29,1,1.29,100.0,100.0,0.0,3.86,33.33,2.5700000000000003,0.0,1.29,100.0,2.5700000000000003,6.43,40.0,10.29,37.5,9.0,3.86,0.0,27.0,3.86,1.29,33.43,84.62,5.14,50.0,15.43,100.0,28.29,95.45,1.29,0.0,13.22,12.46,0.12,1.29,0.0,0.0,0.0,0.0,1.29,1.29,100.0,2.5700000000000003,50.0,0.0,0.0,2.5700000000000003,3.86,5.14,50.0,75.0,5.14,0,,0,,0,0.0,0.0,0.0,,,0.0,,2.5700000000000003,0.0,0.0,0.0,0.0,0,0
S. Wasiu,Sumaila Wasiu,-732302,OFK Vršac,Železničar Pancevo,https://cdn5.wyscout.com/photos/team/public/g-16413_120x120.png,Prva Liga,CF,CF,100,,0,,0,22,2004-06-15,0,,1,69,0,0.12,0,0.0,18.26,35.71,Ghana,['Ghana'],,0,0,True,5.22,3.91,66.67,6.52,40.0,0.0,0.0,1.3,2.61,3.33,1.3,0,0.0,0,0.0,0.0,0.0,0,0.0,0.16,0,0.0,2,2.61,0.0,0.0,0.0,1.3,0.0,1.3,0.0,0.0,0.0,0.0,0.0,0.0,5.22,25.0,1.3,0.0,0.0,11.74,6.52,1.3,10.43,62.5,0.0,0.0,3.91,100.0,7.83,83.33,2.61,0.0,20.31,38.87,0.0,0.0,0.0,0.0,0.0,0.0,0.0,0.0,0.0,0.0,0.0,0.0,0.0,0.0,0.0,0.0,0.0,0.0,3.91,0,,0,,0,0.0,0.0,0.0,,,1.3,,6.52,0.0,0.0,0.0,0.0,0,0
E. Sokler,Ester Sokler,469848,Maccabi Tel Aviv,Radnički Kragujevac,https://cdn5.wyscout.com/photos/team/public/1190_120x120.png,Ligat ha'Al,CF,CF,100,,0,,0,27,1999-06-04,400000,2029-06-30,1,68,0,0.32,0,0.0,5.29,25.0,Slovenia,['Slovenia'],right,181,71,True,2.65,2.65,0.0,1.32,100.0,0.0,0.0,0.0,2.65,6.0,3.9699999999999998,0,0.0,0,0.0,0.0,0.0,0,0.0,0.42,0,0.0,1,1.32,0.0,0.0,0.0,0.0,0.0,0.0,0.0,0.0,0.0,0.0,0.0,0.0,0.0,0.0,1.32,0.0,0.0,7.94,0.0,0.0,11.91,55.56,3.9699999999999998,0.0,2.65,100.0,10.59,62.5,1.32,0.0,12.92,44.21,0.0,0.0,0.0,0.0,0.0,0.0,0.0,1.32,0.0,0.0,0.0,0.0,0.0,0.0,0.0,2.65,0.0,100.0,1.32,0,,0,,0,0.0,0.0,0.0,,,0.0,,1.32,0.0,0.0,0.0,0.0,0,0
K. Balov,Kristiyan Balov,-384971,Crvena Zvezda,Crvena Zvezda,https://cdn5.wyscout.com/photos/team/public/483_120x120.png,Super Liga,LW,LW,100,,0,,0,20,2006-07-26,0,2030-06-30,1,68,1,0.08,1,0.8300000000000001,17.21,30.77,Bulgaria,['Bulgaria'],right,0,0,False,9.26,10.59,37.5,1.32,0.0,0.0,0.0,0.0,5.29,7.06,2.65,0,0.0,0,0.0,3.9699999999999998,1.32,1,1.32,0.1,0,0.0,1,1.32,100.0,100.0,1.32,2.65,100.0,2.65,100.0,0.0,0.0,2.65,1.32,0.0,3.9699999999999998,33.33,2.65,1.32,0.0,27.79,2.65,0.0,31.76,87.5,13.24,70.0,9.26,100.0,29.12,86.36,0.0,0.0,15.53,0.0,1.1,6.62,1.32,0.0,0.0,0.0,6.62,2.65,0.0,9.26,100.0,0.0,0.0,6.62,2.65,7.94,100.0,100.0,6.62,0,,0,,0,0.0,0.0,0.0,,,0.0,,1.32,0.0,0.0,0.0,0.0,0,0
T. Ude,Thomas Victor Ude,-529757,Radnički Kragujevac,Radnički Kragujevac,https://cdn5.wyscout.com/photos/team/public/g2849_120x120.png,Super Liga,"LB, RB",LB,72,RB,27,,0,19,2006-10-30,0,,2,68,0,0.0,0,0.01,14.56,81.82,Nigeria,['Nigeria'],unknown,0,0,False,7.94,6.62,80.0,0.0,0.0,0.0,0.0,0.0,2.65,8.57,0.0,0,0.0,0,0.0,5.29,0.0,0,0.0,0.0,0,0.0,0,0.0,0.0,0.0,0.0,2.65,50.0,2.65,50.0,0.0,0.0,0.0,3.9699999999999998,100.0,5.29,75.0,0.0,3.9699999999999998,1.32,31.76,0.0,0.0,38.38,82.76,11.91,66.67,10.59,87.5,35.74,85.19,0.0,0.0,17.85,0.0,0.01,1.32,0.0,0.0,0.0,0.0,0.0,1.32,0.0,2.65,50.0,0.0,0.0,0.0,1.32,5.29,25.0,100.0,10.59,0,,0,,0,0.0,0.0,0.0,,,0.0,,0.0,0.0,0.0,0.0,0.0,0,0
C. Tchouante,Christian  Tchouante,-574013,Železničar Pancevo,Železničar Pancevo,https://cdn5.wyscout.com/photos/team/public/g34577_120x120.png,Super Liga,RCB,RCB,97,,0,,0,20,2006-01-17,0,2029-12-31,2,68,0,0.0,0,0.0,3.9699999999999998,0.0,United States,['United States'],,0,0,False,6.62,3.9699999999999998,0.0,0.0,0.0,0.0,0.0,2.65,6.62,10.71,2.65,0,0.0,0,0.0,0.0,0.0,0,0.0,0.0,0,0.0,0,0.0,0.0,0.0,0.0,0.0,0.0,0.0,0.0,0.0,0.0,0.0,0.0,0.0,0.0,0.0,0.0,0.0,0.0,46.32,0.0,0.0,63.53,91.67,22.5,76.47,5.29,100.0,58.24,95.45,5.29,50.0,16.95,18.91,0.0,0.0,0.0,0.0,0.0,0.0,0.0,6.62,60.0,0.0,0.0,0.0,0.0,0.0,0.0,5.29,50.0,100.0,26.47,0,,0,,0,0.0,0.0,0.0,,,5.29,,0.0,0.0,0.0,0.0,0.0,0,0
Z. Bogdanovic,Zarko Bogdanovic,-484105,Zemun,Zemun,https://cdn5.wyscout.com/photos/team/public/1258_120x120.png,Super Liga,"CF, LCMF, AMF",CF,46,LCMF,42,AMF,10,20,2006-03-18,0,,3,68,0,0.0,0,0.19,10.59,50.0,Serbia,['Serbia'],unknown,0,0,False,5.29,3.9699999999999998,33.33,1.32,0.0,0.0,0.0,0.0,3.9699999999999998,4.29,2.65,0,0.0,0,0.0,1.32,0.0,0,0.0,0.0,0,0.0,0,0.0,0.0,0.0,0.0,0.0,0.0,0.0,0.0,0.0,0.0,0.0,1.32,100.0,5.29,75.0,1.32,1.32,0.0,9.26,1.32,1.32,14.56,90.91,5.29,75.0,2.65,100.0,11.91,100.0,2.65,50.0,19.74,33.91,0.25,1.32,0.0,0.0,0.0,0.0,1.32,1.32,100.0,2.65,100.0,0.0,0.0,3.9699999999999998,0.0,2.65,100.0,100.0,3.9699999999999998,0,,0,,0,0.0,0.0,0.0,,,0.0,,1.32,0.0,0.0,0.0,0.0,0,0
I. Kone,Issa Kone,-808165,Mačva Šabac,Mačva Šabac,https://cdn5.wyscout.com/photos/team/public/g3221_120x120.png,Super Liga,RCB,RCB,100,,0,,0,20,2006-01-01,0,,1,66,0,0.0,0,0.0,2.73,0.0,Côte d'Ivoire,"[""Côte d'Ivoire""]",unknown,0,0,False,9.55,0.0,0.0,2.73,0.0,0.0,0.0,2.73,9.55,9.55,0.0,0,0.0,0,0.0,0.0,0.0,0,0.0,0.0,0,0.0,0,0.0,0.0,0.0,0.0,0.0,0.0,0.0,0.0,0.0,0.0,0.0,0.0,0.0,0.0,0.0,0.0,0.0,0.0,24.55,0.0,0.0,36.82,81.48,12.27,44.44,6.82,100.0,27.27,100.0,9.55,28.57,24.23,38.41,0.0,0.0,0.0,0.0,0.0,0.0,0.0,1.3599999999999999,0.0,1.3599999999999999,0.0,0.0,0.0,0.0,0.0,8.18,50.0,100.0,12.27,0,,0,,0,0.0,0.0,0.0,,,5.45,,2.73,0.0,0.0,0.0,0.0,0,0
R. Krunić,Rade Krunić,286323,Crvena Zvezda,Crvena Zvezda,https://cdn5.wyscout.com/photos/team/public/483_120x120.png,Super Liga,DMF,DMF,100,,0,,0,32,1993-10-07,6000000,2027-06-30,1,66,1,0.16,0,0.0,19.09,78.57,Bosnia and Herzegovina,['Bosnia and Herzegovina'],right,184,74,False,8.18,8.18,83.33,1.3599999999999999,100.0,0.0,0.0,0.0,1.3599999999999999,2.73,0.0,0,0.0,0,0.0,4.09,1.3599999999999999,1,1.3599999999999999,0.22,1,1.3599999999999999,1,1.3599999999999999,100.0,100.0,0.0,2.73,0.0,2.73,0.0,0.0,0.0,0.0,2.73,100.0,6.82,60.0,2.73,2.73,0.0,31.36,0.0,2.73,46.36,82.35,21.82,68.75,8.18,100.0,43.64,87.5,0.0,0.0,14.43,0.0,0.0,0.0,0.0,0.0,0.0,0.0,0.0,6.82,80.0,1.3599999999999999,0.0,0.0,0.0,1.3599999999999999,0.0,4.09,66.67,100.0,12.27,0,,0,,0,0.0,0.0,0.0,,,1.3599999999999999,,1.3599999999999999,0.0,0.0,0.0,0.0,0,0
M. Meskhi,Mykhaylo Meskhi,454289,,Zemun,,,LCMF,LCMF,100,,0,,0,29,1997-02-26,200000,,1,66,0,0.2,0,0.0,15.0,45.45,Ukraine,"['Ukraine', 'Georgia']",right,187,83,False,9.55,9.55,57.14,1.3599999999999999,0.0,0.0,0.0,1.3599999999999999,4.09,3.75,2.73,0,0.0,0,0.0,0.0,0.0,0,0.0,0.27,0,0.0,1,1.3599999999999999,0.0,0.0,0.0,0.0,0.0,0.0,0.0,0.0,0.0,0.0,1.3599999999999999,0.0,4.09,33.33,1.3599999999999999,0.0,0.0,16.36,0.0,0.0,24.55,83.33,5.45,50.0,4.09,100.0,21.82,93.75,2.73,0.0,22.58,39.97,0.0,0.0,0.0,0.0,0.0,0.0,0.0,5.45,50.0,0.0,0.0,0.0,0.0,0.0,0.0,1.3599999999999999,100.0,90.91,15.0,0,,0,,0,0.0,0.0,0.0,,,0.0,,1.3599999999999999,0.0,0.0,0.0,0.0,0,0
N. Bukumira,Nikola  Bukumira,-483724,Radnički Kragujevac,Radnički Kragujevac,https://cdn5.wyscout.com/photos/team/public/g2849_120x120.png,Super Liga,DMF,DMF,100,,0,,0,20,2005-09-07,0,2028-06-30,2,65,0,0.0,0,0.0,11.08,50.0,Serbia,['Serbia'],unknown,0,0,False,4.15,4.15,66.67,2.77,50.0,0.0,0.0,0.0,1.38,2.14,0.0,0,0.0,0,0.0,1.38,0.0,0,0.0,0.0,0,0.0,1,1.38,0.0,0.0,0.0,0.0,0.0,0.0,0.0,0.0,0.0,0.0,2.77,50.0,4.15,33.33,0.0,1.38,0.0,31.85,1.38,0.0,44.31,81.25,16.62,75.0,5.54,75.0,38.77,85.71,5.54,50.0,21.24,49.83,0.0,0.0,0.0,0.0,0.0,0.0,0.0,11.08,100.0,0.0,0.0,0.0,0.0,0.0,0.0,8.31,66.67,92.31,18.0,0,,0,,0,0.0,0.0,0.0,,,2.77,,2.77,0.0,0.0,0.0,0.0,0,0
A. Ouedraogo,Assane Souleymane Ouedraogo,-452451,Čukarički,Čukarički,https://cdn5.wyscout.com/photos/team/public/702_120x120.png,Super Liga,LCB,LCB,100,,0,,0,20,2005-10-20,0,,1,63,0,0.0,0,0.0,4.29,100.0,Côte d'Ivoire,"[""Côte d'Ivoire""]",left,187,0,False,8.57,2.86,100.0,0.0,0.0,0.0,0.0,0.0,5.71,5.71,0.0,0,0.0,0,0.0,0.0,0.0,0,0.0,0.0,0,0.0,0,0.0,0.0,0.0,0.0,0.0,0.0,0.0,0.0,0.0,0.0,0.0,0.0,0.0,1.43,100.0,0.0,4.29,0.0,35.71,0.0,0.0,50.0,88.57,24.29,76.47,0.0,0.0,38.57,92.59,11.43,75.0,24.99,41.84,0.0,0.0,0.0,0.0,0.0,0.0,0.0,8.57,66.67,1.43,0.0,0.0,0.0,0.0,0.0,10.0,100.0,100.0,22.86,0,,0,,0,0.0,0.0,0.0,,,0.0,,0.0,0.0,0.0,0.0,0.0,0,0
Rafael Pontelo,Rafael da Silva Pontelo,-263561,Radnik Surdulica,Radnik Surdulica,https://cdn5.wyscout.com/photos/team/public/g6756_120x120.png,Super Liga,"LCB, LB",LCB,65,LB,32,,0,23,2003-01-22,0,2029-06-30,2,62,0,0.0,0,0.0,13.06,66.67,Brazil,"['Brazil', 'Italy']",left,191,78,False,7.26,5.8100000000000005,75.0,2.9,100.0,1.45,2.73,0.0,1.45,2.73,1.45,0,0.0,0,0.0,2.9,0.0,0,0.0,0.0,0,0.0,0,0.0,0.0,0.0,0.0,0.0,0.0,0.0,0.0,0.0,0.0,0.0,2.9,50.0,4.35,33.33,0.0,0.0,1.45,36.29,2.9,1.45,56.61,87.18,24.68,82.35,4.35,100.0,53.71,86.49,2.9,100.0,21.27,17.67,0.0,0.0,0.0,0.0,1.45,100.0,0.0,13.06,77.78,1.45,100.0,1.45,100.0,1.45,0.0,13.06,77.78,88.89,26.13,0,,0,,0,0.0,0.0,0.0,,,1.45,,2.9,0.0,0.0,0.0,0.0,0,0
N. Delibašić,Niksa Delibašić,-300445,Mačva Šabac,Mačva Šabac,https://cdn5.wyscout.com/photos/team/public/g3221_120x120.png,Super Liga,"CF, AMF",CF,73,AMF,26,,0,20,2006-02-08,0,,5,61,0,0.0,0,0.0,13.28,33.33,Serbia,['Serbia'],left,175,0,False,7.38,4.43,100.0,2.95,0.0,0.0,0.0,0.0,2.95,5.0,0.0,0,0.0,0,0.0,0.0,0.0,0,0.0,0.0,0,0.0,0,0.0,0.0,0.0,0.0,0.0,0.0,0.0,0.0,0.0,0.0,0.0,0.0,0.0,4.43,0.0,0.0,0.0,0.0,10.33,1.48,0.0,19.18,76.92,5.9,75.0,7.38,100.0,16.23,81.82,2.95,50.0,16.43,13.61,0.0,0.0,0.0,0.0,0.0,0.0,0.0,1.48,0.0,0.0,0.0,0.0,0.0,0.0,0.0,4.43,66.67,100.0,2.95,0,,0,,0,0.0,0.0,0.0,,,0.0,,2.95,0.0,0.0,0.0,0.0,0,0
N. Miličić,Nikola Miličić,-350296,Radnički Kragujevac,Radnički Kragujevac,https://cdn5.wyscout.com/photos/team/public/g2849_120x120.png,Super Liga,"RCB3, RB",RCB3,56,RB,43,,0,22,2004-07-04,0,2028-06-30,2,60,0,0.0,0,0.0,13.5,44.44,Serbia,['Serbia'],right,186,78,False,18.0,6.0,50.0,6.0,25.0,3.0,3.5300000000000002,1.5,12.0,14.12,1.5,1,1.5,0,0.0,0.0,0.0,0,0.0,0.0,0,0.0,0,0.0,0.0,0.0,0.0,1.5,0.0,0.0,0.0,1.5,0.0,0.0,0.0,0.0,1.5,100.0,0.0,0.0,0.0,13.5,0.0,0.0,25.5,52.94,12.0,50.0,3.0,50.0,21.0,64.29,3.0,0.0,20.09,29.6,0.0,0.0,0.0,0.0,0.0,0.0,0.0,7.5,20.0,4.5,33.33,0.0,0.0,1.5,0.0,4.5,33.33,25.0,6.0,0,,0,,0,0.0,0.0,0.0,,,0.0,,6.0,0.0,0.0,0.0,0.0,0,0
V. Boskan,Vuk Boskan,-344358,Vojvodina,Vojvodina,https://cdn5.wyscout.com/photos/team/public/700_120x120.png,Super Liga,CF,CF,100,,0,,0,20,2006-02-08,0,2027-06-30,3,60,0,0.09,0,0.0,31.5,47.62,Serbia,['Serbia'],unknown,0,0,False,7.5,6.0,75.0,16.5,36.36,0.0,0.0,0.0,3.0,5.45,0.0,0,0.0,0,0.0,3.0,0.0,0,0.0,0.14,0,0.0,2,3.0,50.0,0.0,0.0,1.5,100.0,0.0,0.0,1.5,100.0,0.0,0.0,0.0,6.0,75.0,4.5,0.0,0.0,12.0,0.0,4.5,13.5,88.89,0.0,0.0,6.0,100.0,12.0,87.5,0.0,0.0,11.51,0.0,0.0,0.0,0.0,0.0,0.0,0.0,0.0,0.0,0.0,0.0,0.0,0.0,0.0,1.5,1.5,1.5,100.0,66.67,4.5,0,,0,,0,0.0,0.0,0.0,,,0.0,,16.5,0.0,0.0,0.0,0.0,0,0
M. Lekic,Marko Lekic,-809913,Partizan,Partizan,https://cdn5.wyscout.com/photos/team/public/699_120x120.png,Super Liga,"CF, RWF",CF,51,RWF,40,,0,23,2003-08-03,0,,2,59,0,0.46,0,0.06,12.2,62.5,Serbia,['Serbia'],unknown,0,0,False,4.58,3.05,50.0,3.05,100.0,0.0,0.0,0.0,3.05,10.0,0.0,0,0.0,0,0.0,3.05,0.0,0,0.0,0.7000000000000001,0,0.0,2,3.05,100.0,0.0,0.0,3.05,0.0,3.05,0.0,0.0,0.0,0.0,0.0,0.0,6.1,50.0,16.78,0.0,0.0,27.46,0.0,1.53,36.61,62.5,7.63,80.0,3.05,100.0,32.03,66.67,1.53,100.0,15.29,14.44,0.09,3.05,0.0,0.0,0.0,0.0,4.58,1.53,100.0,4.58,66.67,0.0,0.0,3.05,0.0,1.53,100.0,57.14,10.68,0,,0,,0,0.0,0.0,0.0,,,0.0,,3.05,0.0,0.0,0.0,0.0,0,0
D. Tosić,Davorin  Tosić,-484056,Železničar Pancevo,Železničar Pancevo,https://cdn5.wyscout.com/photos/team/public/g34577_120x120.png,Super Liga,"LCMF3, RCMF, CF",LCMF3,53,RCMF,28,CF,14,19,2007-03-29,0,,3,58,0,0.11,0,0.11,9.31,33.33,Serbia,['Serbia'],,0,0,False,6.21,1.55,100.0,1.55,0.0,0.0,0.0,1.55,4.66,11.25,1.55,0,0.0,0,0.0,1.55,0.0,0,0.0,0.17,0,0.0,1,1.55,0.0,0.0,0.0,0.0,0.0,0.0,0.0,0.0,0.0,0.0,1.55,100.0,4.66,33.33,1.55,0.0,0.0,23.28,0.0,0.0,24.83,93.75,10.86,100.0,1.55,100.0,24.83,93.75,0.0,0.0,14.71,0.0,0.17,3.1,0.0,0.0,0.0,0.0,0.0,0.0,0.0,1.55,100.0,0.0,0.0,1.55,0.0,4.66,66.67,100.0,6.21,0,,0,,0,0.0,0.0,0.0,,,1.55,,1.55,0.0,0.0,0.0,1.55,0,0
T. Kljun,Tom Kljun,-146084,Radnik Surdulica,Radnik Surdulica,https://cdn5.wyscout.com/photos/team/public/g6756_120x120.png,Super Liga,"LAMF, LW",LAMF,89,LW,10,,0,22,2004-01-29,100000,2027-06-30,3,57,0,0.22,0,0.0,14.21,77.78,Slovenia,['Slovenia'],right,178,70,False,3.16,0.0,0.0,4.74,66.67,0.0,0.0,1.58,3.16,5.45,1.58,0,0.0,0,0.0,4.74,0.0,0,0.0,0.34,0,0.0,2,3.16,50.0,0.0,0.0,1.58,100.0,1.58,100.0,0.0,0.0,0.0,1.58,100.0,7.89,80.0,7.89,3.16,0.0,22.11,3.16,4.74,22.11,92.86,3.16,50.0,6.32,100.0,18.95,100.0,1.58,0.0,10.08,7.9,0.0,0.0,0.0,0.0,0.0,0.0,0.0,1.58,100.0,1.58,100.0,0.0,0.0,0.0,1.58,4.74,100.0,100.0,7.89,0,,0,,0,0.0,0.0,0.0,,,0.0,,4.74,0.0,0.0,0.0,1.58,0,0
O. Lebi,Oriyomi Ahmed Lebi,-621798,Aris,IMT Novi Beograd,https://cdn5.wyscout.com/photos/team/public/2195_120x120.png,1. Division,CF,CF,100,,0,,0,20,2006-07-02,0,2029-05-31,3,55,1,1.02,0,0.0,27.82,35.29,Nigeria,['Nigeria'],both,0,0,False,1.6400000000000001,4.91,0.0,4.91,0.0,0.0,0.0,0.0,1.6400000000000001,2.73,4.91,2,3.27,0,0.0,4.91,1.6400000000000001,1,1.6400000000000001,1.6800000000000002,0,0.0,3,4.91,66.67,33.333,0.0,1.6400000000000001,0.0,0.0,0.0,1.6400000000000001,0.0,0.0,1.6400000000000001,100.0,13.09,50.0,6.55,1.6400000000000001,0.0,18.0,1.6400000000000001,0.0,21.27,84.62,3.27,100.0,4.91,100.0,16.36,90.0,4.91,66.67,21.94,43.25,0.0,0.0,0.0,0.0,0.0,0.0,0.0,6.55,100.0,3.27,100.0,0.0,0.0,3.27,0.0,3.27,100.0,50.0,6.55,0,,0,,0,0.0,0.0,0.0,,,1.6400000000000001,,4.91,0.0,0.0,0.0,0.0,0,0
N. Skrobonja,Nikola  Skrobonja,-487463,Novi Pazar,Novi Pazar,https://cdn5.wyscout.com/photos/team/public/3838_120x120.png,Super Liga,"LAMF, AMF",LAMF,85,AMF,14,,0,21,2005-08-16,0,2028-06-30,3,53,0,0.0,0,0.24,15.28,44.44,Serbia,['Serbia'],right,187,0,False,0.0,6.79,0.0,0.0,0.0,0.0,0.0,0.0,0.0,0.0,6.79,1,1.7000000000000002,0,0.0,8.49,0.0,0,0.0,0.0,0,0.0,0,0.0,0.0,0.0,0.0,6.79,50.0,6.79,50.0,0.0,0.0,0.0,5.09,100.0,8.49,80.0,6.79,3.4,0.0,35.66,5.09,3.4,39.06,73.91,5.09,100.0,5.09,100.0,30.57,77.78,1.7000000000000002,100.0,16.32,13.25,0.41000000000000003,5.09,0.0,0.0,0.0,0.0,1.7000000000000002,1.7000000000000002,100.0,10.19,66.67,0.0,0.0,1.7000000000000002,3.4,10.19,100.0,66.67,20.38,0,,0,,0,0.0,0.0,0.0,,,0.0,,0.0,0.0,0.0,0.0,3.4,0,0
S. Andjelic,Strahinja Andjelic,-571564,Čukarički U19,Čukarički,https://cdn5.wyscout.com/photos/team/public/g37536_120x120.png,U19 League,"LB, RAMF",LB,57,RAMF,38,,0,18,2008-02-26,0,,2,52,0,0.0,0,0.0,13.85,50.0,Serbia,['Serbia'],unknown,0,0,False,3.46,3.46,50.0,3.46,50.0,0.0,0.0,0.0,1.73,3.75,1.73,0,0.0,0,0.0,0.0,0.0,0,0.0,0.0,0,0.0,0,0.0,0.0,0.0,0.0,1.73,0.0,1.73,0.0,0.0,0.0,0.0,0.0,0.0,6.92,50.0,1.73,0.0,0.0,20.77,1.73,1.73,31.15,83.33,8.65,60.0,12.12,100.0,25.96,86.67,3.46,100.0,17.23,15.57,0.0,0.0,0.0,0.0,0.0,0.0,0.0,5.19,66.67,0.0,0.0,0.0,0.0,0.0,0.0,5.19,100.0,80.0,8.65,0,,0,,0,0.0,0.0,0.0,,,0.0,,3.46,0.0,0.0,0.0,0.0,0,0
C. Ebere,Coby Ebere,-257990,Čukarički,Čukarički,https://cdn5.wyscout.com/photos/team/public/702_120x120.png,Super Liga,LAMF,LAMF,100,,0,,0,20,2005-09-17,0,2029-06-30,1,51,0,0.0,0,0.0,26.47,20.0,Germany,"['Germany', 'Nigeria']",right,187,76,False,8.82,3.5300000000000002,50.0,3.5300000000000002,0.0,0.0,0.0,0.0,7.06,15.0,3.5300000000000002,0,0.0,0,0.0,3.5300000000000002,0.0,0,0.0,0.0,0,0.0,0,0.0,0.0,0.0,0.0,3.5300000000000002,50.0,3.5300000000000002,50.0,0.0,0.0,0.0,3.5300000000000002,50.0,14.12,25.0,1.76,1.76,0.0,8.82,3.5300000000000002,0.0,19.41,72.73,5.29,66.67,7.06,75.0,15.88,77.78,0.0,0.0,20.24,0.0,0.0,0.0,0.0,0.0,0.0,0.0,0.0,1.76,100.0,1.76,100.0,0.0,0.0,0.0,1.76,3.5300000000000002,100.0,75.0,7.06,0,,0,,0,0.0,0.0,0.0,,,0.0,,3.5300000000000002,0.0,0.0,0.0,0.0,0,0
N. Petrović,Nemanja Petrović,144841,Mladost Lučani,Mladost Lučani,https://cdn5.wyscout.com/photos/team/public/703_120x120.png,Super Liga,LWB,LWB,100,,0,,0,34,1992-04-17,700000,,2,49,0,0.0,0,0.31,11.02,50.0,Serbia,['Serbia'],left,176,70,False,12.86,5.51,100.0,1.8399999999999999,0.0,0.0,0.0,0.0,7.35,7.5,0.0,0,0.0,0,0.0,5.51,0.0,0,0.0,0.0,0,0.0,0,0.0,0.0,0.0,0.0,5.51,100.0,5.51,100.0,0.0,0.0,0.0,0.0,0.0,3.67,0.0,0.0,0.0,0.0,29.39,1.8399999999999999,0.0,40.41,72.73,18.37,60.0,7.35,100.0,31.22,76.47,3.67,0.0,21.53,31.84,0.5700000000000001,5.51,0.0,0.0,0.0,0.0,5.51,5.51,66.67,5.51,100.0,0.0,0.0,0.0,5.51,14.69,75.0,80.0,9.18,0,,0,,0,0.0,0.0,0.0,,,0.0,,1.8399999999999999,0.0,0.0,0.0,0.0,0,0
L. Djordjevic,Luka Djordjevic,-483980,Čukarički,Čukarički,https://cdn5.wyscout.com/photos/team/public/702_120x120.png,Super Liga,CF,CF,100,,0,,0,20,2006-05-21,0,2027-06-30,1,48,0,0.0,0,0.08,15.0,37.5,Serbia,['Serbia'],unknown,0,0,False,1.88,1.88,0.0,9.38,40.0,0.0,0.0,0.0,1.88,3.75,1.88,0,0.0,0,0.0,0.0,0.0,0,0.0,0.0,0,0.0,0,0.0,0.0,0.0,0.0,0.0,0.0,0.0,0.0,0.0,0.0,0.0,0.0,0.0,3.75,50.0,0.0,0.0,0.0,3.75,1.88,1.88,5.63,100.0,1.88,100.0,0.0,0.0,5.63,100.0,0.0,0.0,5.5600000000000005,0.0,0.15,1.88,0.0,0.0,0.0,0.0,1.88,0.0,0.0,0.0,0.0,0.0,0.0,0.0,0.0,0.0,0.0,0.0,0.0,0,,0,,0,0.0,0.0,0.0,,,0.0,,9.38,0.0,0.0,0.0,0.0,0,0
Alfa Baldé,Alfa Mussá Baldé,-159318,FK RFS,Radnički Kragujevac,https://cdn5.wyscout.com/photos/team/public/g6676_120x120.png,Virsliga,RW,RW,100,,0,,0,21,2005-02-02,0,2029-12-31,1,48,0,0.02,0,0.13,11.25,33.33,Guinea-Bissau,"['Guinea-Bissau', 'Portugal']",left,170,0,False,0.0,0.0,0.0,0.0,0.0,0.0,0.0,0.0,0.0,0.0,0.0,0,0.0,0,0.0,1.88,0.0,0,0.0,0.03,0,0.0,2,3.75,0.0,0.0,0.0,7.5,25.0,0.0,0.0,7.5,25.0,3.75,1.88,0.0,9.38,40.0,5.63,1.88,0.0,37.5,3.75,3.75,41.25,59.09,9.38,40.0,11.25,83.33,28.13,73.33,5.63,33.33,18.44,39.74,0.25,1.88,0.0,0.0,0.0,0.0,1.88,3.75,50.0,5.63,33.33,0.0,0.0,0.0,1.88,7.5,50.0,50.0,11.25,0,,0,,0,0.0,0.0,0.0,,,1.88,,0.0,0.0,0.0,0.0,0.0,0,0
M. Rošević,Miloš Rošević,-272172,Radnički Niš,Radnički Niš,https://cdn5.wyscout.com/photos/team/public/g2850_120x120.png,Super Liga,CF,CF,97,,0,,0,25,2001-05-13,0,,2,48,0,0.14,0,0.0,28.13,33.33,Serbia,['Serbia'],right,187,79,False,1.88,5.63,33.33,9.38,20.0,0.0,0.0,0.0,0.0,0.0,1.88,1,1.88,0,0.0,3.75,0.0,0,0.0,0.26,0,0.0,1,1.88,100.0,0.0,0.0,0.0,0.0,0.0,0.0,0.0,0.0,0.0,1.88,100.0,5.63,66.67,5.63,0.0,0.0,20.63,1.88,1.88,22.5,50.0,11.25,33.33,5.63,100.0,20.63,54.55,1.88,0.0,21.2,14.64,0.0,0.0,0.0,0.0,0.0,0.0,0.0,5.63,33.33,1.88,0.0,0.0,0.0,1.88,0.0,5.63,33.33,0.0,0.0,0,,0,,0,0.0,0.0,0.0,,,0.0,,9.38,0.0,0.0,0.0,0.0,0,0
V. Kiankaulua,Vicky Kiankaulua,-133567,IMT Novi Beograd,IMT Novi Beograd,https://cdn5.wyscout.com/photos/team/public/g30905_120x120.png,Super Liga,RW,RW,100,,0,,0,25,2001-08-03,0,,2,46,0,0.0,0,0.0,21.52,45.45,France,['France'],right,185,0,False,7.83,13.7,57.14,0.0,0.0,0.0,0.0,0.0,0.0,0.0,3.91,0,0.0,0,0.0,1.96,0.0,0,0.0,0.0,0,0.0,0,0.0,0.0,0.0,0.0,1.96,0.0,0.0,0.0,1.96,0.0,1.96,3.91,50.0,7.83,25.0,0.0,0.0,0.0,13.7,3.91,0.0,23.48,50.0,13.7,42.86,0.0,0.0,17.61,66.67,3.91,0.0,11.97,20.26,0.0,0.0,0.0,0.0,0.0,0.0,0.0,1.96,0.0,3.91,50.0,0.0,0.0,1.96,0.0,5.87,33.33,33.33,5.87,0,,0,,0,0.0,0.0,0.0,,,0.0,,0.0,0.0,0.0,0.0,0.0,0,0
M. Dukić,Mateja Dukić,517428,Radnički Kragujevac,Radnički Kragujevac,https://cdn5.wyscout.com/photos/team/public/g2849_120x120.png,Super Liga,LB,LB,100,,0,,0,24,2001-10-13,0,2028-06-30,1,46,0,0.0,0,0.29,17.61,33.33,Serbia,['Serbia'],left,178,70,False,5.87,5.87,33.33,3.91,50.0,0.0,0.0,0.0,3.91,6.67,1.96,1,1.96,0,0.0,3.91,0.0,0,0.0,0.0,0,0.0,0,0.0,0.0,0.0,0.0,9.78,20.0,9.78,20.0,0.0,0.0,1.96,1.96,100.0,7.83,25.0,1.96,3.91,0.0,41.09,1.96,1.96,52.83,77.78,21.52,90.91,3.91,50.0,43.04,90.91,1.96,0.0,21.26,62.45,0.56,1.96,0.0,0.0,0.0,0.0,1.96,7.83,100.0,5.87,33.33,0.0,0.0,0.0,1.96,11.74,83.33,72.73,21.52,0,,0,,0,0.0,0.0,0.0,,,1.96,,3.91,0.0,0.0,0.0,0.0,0,0
U. Ilić,Uroš Ilić,-483228,Radnik Surdulica,Radnik Surdulica,https://cdn5.wyscout.com/photos/team/public/g6756_120x120.png,Super Liga,LB,LB,100,,0,,0,20,2006-01-15,0,2028-12-31,1,46,0,0.0,0,0.0,17.61,44.44,Serbia,['Serbia'],left,0,0,False,3.91,5.87,33.33,7.83,25.0,0.0,0.0,0.0,1.96,4.29,1.96,1,1.96,0,0.0,1.96,0.0,0,0.0,0.0,0,0.0,0,0.0,0.0,0.0,0.0,3.91,50.0,3.91,50.0,0.0,0.0,0.0,0.0,0.0,3.91,100.0,0.0,1.96,1.96,43.04,1.96,1.96,60.65,80.65,15.65,75.0,7.83,75.0,54.78,85.71,3.91,0.0,19.93,59.99,0.0,0.0,0.0,0.0,0.0,0.0,0.0,7.83,75.0,0.0,0.0,0.0,0.0,0.0,0.0,9.78,80.0,86.67,29.35,0,,0,,0,0.0,0.0,0.0,,,0.0,,7.83,0.0,0.0,0.0,0.0,0,0
J. Jevremović,Jakša Jevremović,-198448,Mačva Šabac,Mačva Šabac,https://cdn5.wyscout.com/photos/team/public/g3221_120x120.png,Super Liga,"RDMF, LDMF, RCMF",RDMF,36,LDMF,32,RCMF,31,22,2003-10-21,250000,2028-06-30,1,46,0,0.0,0,0.0,15.65,25.0,Serbia,['Serbia'],right,187,0,False,5.87,9.78,20.0,1.96,0.0,1.96,2.5,0.0,1.96,2.5,1.96,0,0.0,0,0.0,0.0,0.0,0,0.0,0.0,0,0.0,0,0.0,0.0,0.0,0.0,0.0,0.0,0.0,0.0,0.0,0.0,0.0,0.0,0.0,3.91,50.0,0.0,0.0,0.0,13.7,0.0,1.96,21.52,63.64,9.78,60.0,1.96,100.0,21.52,63.64,0.0,0.0,15.76,0.0,0.0,0.0,0.0,0.0,0.0,0.0,0.0,1.96,100.0,0.0,0.0,0.0,0.0,0.0,0.0,9.78,60.0,75.0,7.83,0,,0,,0,0.0,0.0,0.0,,,0.0,,1.96,0.0,0.0,0.0,0.0,0,0
Hervé Touré,Hervé Touré,-364873,OFK Beograd,OFK Beograd,https://cdn5.wyscout.com/photos/team/public/705_120x120.png,Super Liga,"LDMF, RDMF",LDMF,51,RDMF,48,,0,26,2000-05-20,0,,2,45,0,0.0,0,0.22,38.0,73.68,France,"['France', ""Côte d'Ivoire""]",right,187,0,False,10.0,12.0,66.67,10.0,60.0,0.0,0.0,0.0,2.0,4.29,4.0,0,0.0,0,0.0,2.0,0.0,0,0.0,0.0,0,0.0,0,0.0,0.0,0.0,0.0,2.0,0.0,0.0,0.0,2.0,0.0,0.0,2.0,100.0,10.0,80.0,2.0,0.0,0.0,32.0,0.0,10.0,60.0,70.0,20.0,40.0,18.0,100.0,52.0,76.92,6.0,33.33,18.92,37.15,0.44,4.0,0.0,0.0,0.0,0.0,4.0,6.0,33.33,12.0,33.33,0.0,0.0,4.0,0.0,6.0,66.67,77.78,18.0,0,,0,,0,0.0,0.0,0.0,,,0.0,,10.0,0.0,0.0,0.0,0.0,0,0
V. Zuric,Veljko Zuric,-636385,Čukarički U19,Čukarički,https://cdn5.wyscout.com/photos/team/public/g37536_120x120.png,U19 League,RCB,RCB,100,,0,,0,18,2008-05-28,0,2028-06-30,1,45,0,0.0,0,0.05,6.0,100.0,Serbia,['Serbia'],unknown,0,0,False,8.0,2.0,100.0,0.0,0.0,0.0,0.0,0.0,6.0,9.0,0.0,0,0.0,0,0.0,2.0,0.0,0,0.0,0.0,0,0.0,0,0.0,0.0,0.0,0.0,2.0,0.0,0.0,0.0,2.0,0.0,0.0,2.0,100.0,4.0,100.0,0.0,2.0,2.0,40.0,2.0,2.0,60.0,90.0,30.0,86.67,2.0,100.0,44.0,100.0,14.0,71.43,27.11,53.13,0.09,2.0,0.0,0.0,0.0,0.0,0.0,8.0,50.0,4.0,0.0,0.0,0.0,0.0,0.0,10.0,100.0,91.67,24.0,0,,0,,0,0.0,0.0,0.0,,,2.0,,0.0,0.0,0.0,0.0,0.0,0,0
O. Krsmanović,Ognjen Krsmanović,-467265,Mladost Lučani,Mladost Lučani,https://cdn5.wyscout.com/photos/team/public/703_120x120.png,Super Liga,"LWF, RWF, AMF",LWF,70,RWF,12,AMF,11,21,2005-01-14,0,2027-06-15,5,44,0,0.51,0,0.07,,,Serbia,['Serbia'],right,178,0,False,,,,,,,0.0,,,0.0,,1,,0,,,,0,,,0,,1,,,0.0,,,,,,,,,,,,,,,,,,,,,,,,,,,,,6.19,0.0,,,,,,,,,,,,,,,,,,,,0,,0,,0,0.0,0.0,,,,,,,,,,,0,0
Aires Nanque,Aires Tino Nanque,-617486,Čukarički,Čukarički,https://cdn5.wyscout.com/photos/team/public/702_120x120.png,Super Liga,"RW, RAMF",RW,64,RAMF,35,,0,19,2006-12-10,0,,2,43,1,0.05,0,0.0,,,Guinea-Bissau,['Guinea-Bissau'],left,173,74,False,,,,,,,0.0,,,0.0,,0,,0,,,,1,,,0,,1,,,100.0,,,,,,,,,,,,,,,,,,,,,,,,,,,,,14.5,18.95,,,,,,,,,,,,,,,,,,,,0,,0,,0,0.0,0.0,,,,,,,,,,,0,0
M. Arnautović,Marko Arnautović,21018,Crvena Zvezda,Crvena Zvezda,https://cdn5.wyscout.com/photos/team/public/483_120x120.png,Super Liga,CF,CF,100,,0,,0,37,1989-04-19,4000000,2027-06-30,2,43,0,0.42,0,0.0,,,Austria,"['Austria', 'Serbia']",right,192,83,False,,,,,,,0.0,,,0.0,,0,,0,,,,0,,,0,,1,,,0.0,,,,,,,,,,,,,,,,,,,,,,,,,,,,,15.04,23.8,,,,,,,,,,,,,,,,,,,,0,,0,,0,0.0,0.0,,,,,,,,,,,0,0
S. Mitrović,Stefan Mitrović,-159150,Vojvodina,Vojvodina,https://cdn5.wyscout.com/photos/team/public/700_120x120.png,Super Liga,"LAMF, RAMF",LAMF,52,RAMF,47,,0,24,2002-08-15,1800000,2028-06-30,2,41,1,0.46,0,0.0,,,Canada,"['Canada', 'Serbia']",right,182,69,True,,,,,,,0.0,,,0.0,,0,,0,,,,1,,,0,,1,,,100.0,,,,,,,,,,,,,,,,,,,,,,,,,,,,,26.92,46.99,,,,,,,,,,,,,,,,,,,,0,,0,,0,0.0,0.0,,,,,,,,,,,0,0
M. Ćurić,Marko Ćurić,-294299,Železničar Pancevo,Železničar Pancevo,https://cdn5.wyscout.com/photos/team/public/g34577_120x120.png,Super Liga,"LCMF, CF",LCMF,80,CF,19,,0,23,2003-08-17,0,,2,39,0,0.0,0,0.11,,,Serbia,['Serbia'],right,180,0,False,,,,,,,0.0,,,0.0,,0,,0,,,,0,,,0,,0,,,0.0,,,,,,,,,,,,,,,,,,,,,,,,,,,,,11.45,0.0,,,,,,,,,,,,,,,,,,,,0,,0,,0,0.0,0.0,,,,,,,,,,,0,0
L. Ivanović,Leon  Ivanović,-484026,OFK Beograd,OFK Beograd,https://cdn5.wyscout.com/photos/team/public/705_120x120.png,Super Liga,LB,LB,100,,0,,0,18,2008-01-06,0,,2,39,0,0.0,0,0.12,,,Serbia,['Serbia'],,0,0,False,,,,,,,0.0,,,11.25,,0,,0,,,,0,,,0,,0,,,0.0,,,,,,,,,,,,,,,,,,,,,,,,,,,,,20.46,52.04,,,,,,,,,,,,,,,,,,,,0,,0,,0,0.0,0.0,,,,,,,,,,,0,0
S. Petrovic,Stefan  Petrovic,-483343,Partizan,Partizan,https://cdn5.wyscout.com/photos/team/public/699_120x120.png,Super Liga,LB,LB,100,,0,,0,18,2008-03-01,0,,1,38,0,0.0,0,0.0,,,Serbia,['Serbia'],left,0,0,False,,,,,,,0.0,,,0.0,,0,,0,,,,0,,,0,,0,,,0.0,,,,,,,,,,,,,,,,,,,,,,,,,,,,,18.34,36.58,,,,,,,,,,,,,,,,,,,,0,,0,,0,0.0,0.0,,,,,,,,,,,0,0
A. Ilic,Andrej Ilic,-635727,Čukarički U19,Čukarički,https://cdn5.wyscout.com/photos/team/public/g37536_120x120.png,U19 League,"AMF, RAMF",AMF,85,RAMF,14,,0,18,2008-03-02,0,,1,36,0,0.0,0,0.5,,,United States,"['United States', 'Serbia']",unknown,0,0,False,,,,,,,0.0,,,3.33,,0,,0,,,,0,,,0,,0,,,0.0,,,,,,,,,,,,,,,,,,,,,,,,,,,,,15.48,0.0,,,,,,,,,,,,,,,,,,,,0,,0,,0,0.0,0.0,,,,,,,,,,,0,0
S. Nikolic,Stefan Nikolic,-346104,Radnički Niš,Radnički Niš,https://cdn5.wyscout.com/photos/team/public/g2850_120x120.png,Super Liga,AMF,AMF,100,,0,,0,20,2006-01-25,0,2027-06-30,2,33,0,0.0,0,0.0,,,Serbia,['Serbia'],unknown,0,0,False,,,,,,,0.0,,,7.5,,0,,0,,,,0,,,0,,0,,,0.0,,,,,,,,,,,,,,,,,,,,,,,,,,,,,9.92,10.12,,,,,,,,,,,,,,,,,,,,0,,0,,0,0.0,0.0,,,,,,,,,,,0,0
D. Radivojevic,Djordje Radivojevic,-636229,IMT Novi Beograd U19,IMT Novi Beograd,https://cdn5.wyscout.com/photos/team/public/g-18838_120x120.png,U19 League,"AMF, LDMF",AMF,57,LDMF,38,,0,17,2008-10-09,0,,3,33,0,0.0,0,0.0,,,Serbia,['Serbia'],unknown,0,0,False,,,,,,,0.0,,,12.0,,0,,0,,,,0,,,0,,0,,,0.0,,,,,,,,,,,,,,,,,,,,,,,,,,,,,13.03,27.63,,,,,,,,,,,,,,,,,,,,0,,0,,0,0.0,0.0,,,,,,,,,,,0,0
A. Milicevic,Andrija  Milicevic,-483593,Radnik Surdulica,Radnik Surdulica,https://cdn5.wyscout.com/photos/team/public/g6756_120x120.png,Super Liga,RAMF,RAMF,92,,0,,0,20,2005-10-18,0,,2,30,0,0.0,0,0.0,,,Serbia,['Serbia'],unknown,0,0,False,,,,,,,0.0,,,12.0,,0,,0,,,,0,,,0,,0,,,0.0,,,,,,,,,,,,,,,,,,,,,,,,,,,,,22.42,0.0,,,,,,,,,,,,,,,,,,,,0,,0,,0,0.0,0.0,,,,,,,,,,,0,0
M. Ristić,Mihailo Ristić,322459,,Crvena Zvezda,,,LCB3,LCB3,100,,0,,0,30,1995-10-31,1000000,,1,29,0,0.0,0,0.0,,,Bosnia and Herzegovina,"['Bosnia and Herzegovina', 'Serbia']",left,180,73,False,,,,,,,0.0,,,17.14,,0,,0,,,,0,,,0,,0,,,0.0,,,,,,,,,,,,,,,,,,,,,,,,,,,,,23.65,60.27,,,,,,,,,,,,,,,,,,,,0,,0,,0,0.0,0.0,,,,,,,,,,,0,0
S. Jasper,Sylvester  Jasper,-67264,Standard Liège,Železničar Pancevo,https://cdn5.wyscout.com/photos/team/public/509_120x120.png,Pro League,LW,LW,92,,0,,0,24,2001-09-13,600000,2029-06-30,1,28,0,0.0,1,0.24,,,England,"['England', 'Bulgaria']",right,180,65,False,,,,,,,0.0,,,0.0,,0,,0,,,,0,,,0,,0,,,0.0,,,,,,,,,,,,,,,,,,,,,,,,,,,,,16.32,33.43,,,,,,,,,,,,,,,,,,,,0,,0,,0,0.0,0.0,,,,,,,,,,,0,0
A. Jelic,Aleksa Jelic,-483535,Radnički Kragujevac U17,Radnički Kragujevac,https://cdn5.wyscout.com/photos/team/public/g-19904_120x120.png,U17 League,RCMF,RCMF,100,,0,,0,19,2007-04-22,0,,1,28,0,0.29,0,0.0,,,Serbia,['Serbia'],unknown,0,0,False,,,,,,,0.0,,,0.0,,0,,0,,,,0,,,0,,2,,,0.0,,,,,,,,,,,,,,,,,,,,,,,,,,,,,21.34,49.13,,,,,,,,,,,,,,,,,,,,0,,0,,0,0.0,0.0,,,,,,,,,,,0,0
Y. Sbai,Yassin Sbai,-471194,Železničar Pancevo,Železničar Pancevo,https://cdn5.wyscout.com/photos/team/public/g34577_120x120.png,Super Liga,"LB, LWF",LB,64,LWF,27,,0,23,2003-07-14,0,2029-06-30,2,26,0,0.0,0,0.36,,,Italy,"['Italy', 'Switzerland']",unknown,181,0,False,,,,,,,0.0,,,15.0,,0,,0,,,,0,,,0,,0,,,0.0,,,,,,,,,,,,,,,,,,,,,,,,,,,,,18.03,0.0,,,,,,,,,,,,,,,,,,,,0,,0,,0,0.0,0.0,,,,,,,,,,,0,0
D. Knežević,Danilo Knežević,-392128,Voždovac,Mačva Šabac,https://cdn5.wyscout.com/photos/team/public/g3227_120x120.png,Prva Liga,"LCMF, LDMF",LCMF,62,LDMF,37,,0,22,2004-06-04,0,2028-06-30,1,23,0,0.0,0,0.0,,,Serbia,['Serbia'],both,185,0,False,,,,,,,0.0,,,0.0,,0,,0,,,,0,,,0,,0,,,0.0,,,,,,,,,,,,,,,,,,,,,,,,,,,,,27.69,55.89,,,,,,,,,,,,,,,,,,,,0,,0,,0,0.0,0.0,,,,,,,,,,,0,0
S. Plavšić,Srdjan Plavšić,357395,,Železničar Pancevo,,,LW,LW,100,,0,,0,30,1995-12-03,1000000,,1,23,0,0.0,1,0.64,,,Serbia,['Serbia'],left,166,64,False,,,,,,,0.0,,,18.0,,0,,0,,,,0,,,0,,0,,,0.0,,,,,,,,,,,,,,,,,,,,,,,,,,,,,17.57,0.0,,,,,,,,,,,,,,,,,,,,0,,0,,0,0.0,0.0,,,,,,,,,,,0,0
D. Buchta,David Buchta,427852,Baník Ostrava,Radnički Kragujevac,https://cdn5.wyscout.com/photos/team/public/759_120x120.png,Chance Liga,LCMF,LCMF,100,,0,,0,27,1999-06-27,1200000,2027-06-30,1,21,1,0.33,0,0.0,,,Czech Republic,['Czech Republic'],right,184,71,False,,,,,,,0.0,,,0.0,,0,,0,,,,1,,,1,,2,,,50.0,,,,,,,,,,,,,,,,,,,,,,,,,,,,,0.0,0.0,,,,,,,,,,,,,,,,,,,,0,,0,,0,0.0,0.0,,,,,,,,,,,0,0
R. Ohori,Ryonosuke Ohori,-136635,Radnik Surdulica,Radnik Surdulica,https://cdn5.wyscout.com/photos/team/public/g6756_120x120.png,Super Liga,LAMF,LAMF,100,,0,,0,25,2001-01-10,150000,2029-06-30,1,20,0,0.01,0,0.02,,,Japan,['Japan'],right,174,63,False,,,,,,,0.0,,,0.0,,0,,0,,,,0,,,0,,1,,,0.0,,,,,,,,,,,,,,,,,,,,,,,,,,,,,12.98,0.0,,,,,,,,,,,,,,,,,,,,0,,0,,0,0.0,0.0,,,,,,,,,,,0,0
D. Djokic,David Djokic,-568370,Mladost Lučani,Mladost Lučani,https://cdn5.wyscout.com/photos/team/public/703_120x120.png,Super Liga,"RWF, RW, RAMF",RWF,38,RW,36,RAMF,24,17,2009-07-08,0,,2,20,0,0.0,0,0.0,,,Serbia,['Serbia'],unknown,0,0,False,,,,,,,0.0,,,0.0,,0,,0,,,,0,,,0,,1,,,0.0,,,,,,,,,,,,,,,,,,,,,,,,,,,,,4.99,0.0,,,,,,,,,,,,,,,,,,,,0,,0,,0,0.0,0.0,,,,,,,,,,,0,0
M. Dzangarovski,Martin Dzangarovski,-536821,,Radnik Surdulica,,,RAMF,RAMF,100,,0,,0,17,2009-06-11,0,,1,17,0,0.0,0,0.0,,,North Macedonia,['North Macedonia'],unknown,174,0,False,,,,,,,0.0,,,0.0,,0,,0,,,,0,,,0,,0,,,0.0,,,,,,,,,,,,,,,,,,,,,,,,,,,,,17.13,0.0,,,,,,,,,,,,,,,,,,,,0,,0,,0,0.0,0.0,,,,,,,,,,,0,0
N. Radic,Nenad Radic,-636424,Mladost Lučani U19,Mladost Lučani,https://cdn5.wyscout.com/photos/team/public/g-9943_120x120.png,U19 League,LWF,LWF,100,,0,,0,17,2008-09-12,0,,1,17,0,0.0,0,0.0,,,Serbia,['Serbia'],unknown,0,0,False,,,,,,,6.0,,,6.0,,0,,0,,,,0,,,0,,0,,,0.0,,,,,,,,,,,,,,,,,,,,,,,,,,,,,16.95,0.0,,,,,,,,,,,,,,,,,,,,0,,0,,0,0.0,0.0,,,,,,,,,,,0,0
S. Melentijevic,Stefan Melentijevic,-291498,Novi Pazar,Novi Pazar,https://cdn5.wyscout.com/photos/team/public/3838_120x120.png,Super Liga,LCB3,LCB3,94,,0,,0,22,2004-03-20,0,2028-06-30,2,16,0,0.0,0,0.0,,,Serbia,['Serbia'],unknown,190,0,False,,,,,,,0.0,,,24.0,,0,,0,,,,0,,,0,,0,,,0.0,,,,,,,,,,,,,,,,,,,,,,,,,,,,,13.98,11.65,,,,,,,,,,,,,,,,,,,,0,,0,,0,0.0,0.0,,,,,,,,,,,0,0
O. Abramusic,Ognjen Abramusic,-341405,Čukarički,Čukarički,https://cdn5.wyscout.com/photos/team/public/702_120x120.png,Super Liga,AMF,AMF,100,,0,,0,22,2003-10-18,0,2029-06-30,1,15,0,0.0,0,0.0,,,Serbia,['Serbia'],,0,0,False,,,,,,,0.0,,,0.0,,0,,0,,,,0,,,0,,0,,,0.0,,,,,,,,,,,,,,,,,,,,,,,,,,,,,9.95,0.0,,,,,,,,,,,,,,,,,,,,0,,0,,0,0.0,0.0,,,,,,,,,,,0,0
A. Hamadu,Adams Hamadu,-770061,Mačva Šabac,Mačva Šabac,https://cdn5.wyscout.com/photos/team/public/g3221_120x120.png,Super Liga,"RAMF, RW",RAMF,54,RW,45,,0,19,2007-02-18,0,,1,15,0,0.0,0,0.0,,,Ghana,['Ghana'],,0,0,False,,,,,,,0.0,,,0.0,,1,,0,,,,0,,,0,,0,,,0.0,,,,,,,,,,,,,,,,,,,,,,,,,,,,,5.63,0.0,,,,,,,,,,,,,,,,,,,,0,,0,,0,0.0,0.0,,,,,,,,,,,0,0
Z. Alilović,Zoran Alilović,-336212,Partizan,Partizan,https://cdn5.wyscout.com/photos/team/public/699_120x120.png,Super Liga,RCMF,RCMF,100,,0,,0,20,2006-03-14,0,2028-06-30,1,14,0,0.0,0,0.0,,,Serbia,['Serbia'],right,0,0,False,,,,,,,0.0,,,0.0,,0,,0,,,,0,,,0,,0,,,0.0,,,,,,,,,,,,,,,,,,,,,,,,,,,,,17.23,0.0,,,,,,,,,,,,,,,,,,,,0,,0,,0,0.0,0.0,,,,,,,,,,,0,0
Ye-geon Kim,Ye-geon Kim,-447349,Crvena Zvezda,Crvena Zvezda,https://cdn5.wyscout.com/photos/team/public/483_120x120.png,Super Liga,RW,RW,100,,0,,0,18,2008-08-07,0,,1,14,0,0.0,0,0.0,,,Korea Republic,['Korea Republic'],unknown,0,0,False,,,,,,,0.0,,,0.0,,0,,0,,,,0,,,0,,0,,,0.0,,,,,,,,,,,,,,,,,,,,,,,,,,,,,15.17,0.0,,,,,,,,,,,,,,,,,,,,0,,0,,0,0.0,0.0,,,,,,,,,,,0,0
L. Peranović,Lazar Peranović,-439755,,Vojvodina,,,LWF,LWF,100,,0,,0,18,2007-12-01,0,,1,5,0,0.0,0,0.0,,,Serbia,['Serbia'],unknown,0,0,False,,,,,,,0.0,,,0.0,,0,,0,,,,0,,,0,,0,,,0.0,,,,,,,,,,,,,,,,,,,,,,,,,,,,,14.82,0.0,,,,,,,,,,,,,,,,,,,,0,,0,,0,0.0,0.0,,,,,,,,,,,0,0
D. Jovanovic,Dusan  Jovanovic,-484661,Partizan,Partizan,https://cdn5.wyscout.com/photos/team/public/699_120x120.png,Super Liga,LCMF3,LCMF3,100,,0,,0,18,2008-02-07,0,,1,5,0,0.13,0,0.0,,,Serbia,['Serbia'],unknown,0,0,False,,,,,,,0.0,,,0.0,,0,,0,,,,0,,,0,,1,,,0.0,,,,,,,,,,,,,,,,,,,,,,,,,,,,,17.35,0.0,,,,,,,,,,,,,,,,,,,,0,,0,,0,0.0,0.0,,,,,,,,,,,0,0
N. Zunić,Nemanja Zunić,-218225,OFK Vršac,Mladost Lučani,https://cdn5.wyscout.com/photos/team/public/g-16413_120x120.png,Prva Liga,RWB,RWB,100,,0,,0,22,2003-09-09,350000,2027-06-30,1,4,0,0.0,0,0.0,,,Serbia,['Serbia'],right,182,73,True,,,,,,,0.0,,,30.0,,0,,0,,,,0,,,0,,0,,,0.0,,,,,,,,,,,,,,,,,,,,,,,,,,,,,16.9,0.0,,,,,,,,,,,,,,,,,,,,0,,0,,0,0.0,0.0,,,,,,,,,,,0,0
J. Mrvaljević,Jovan Mrvaljević,-350936,OFK Beograd,OFK Beograd,https://cdn5.wyscout.com/photos/team/public/705_120x120.png,Super Liga,AMF,AMF,100,,0,,0,18,2008-07-29,0,,1,1,0,0.0,0,0.0,,,Serbia,['Serbia'],,0,0,False,,,,,,,0.0,,,0.0,,0,,0,,,,0,,,0,,0,,,0.0,,,,,,,,,,,,,,,,,,,,,,,,,,,,,0.0,0.0,,,,,,,,,,,,,,,,,,,,0,,0,,0,0.0,0.0,,,,,,,,,,,0,0
