Player,Full name,Wyscout id,Team,Team within selected timeframe,Team logo,Competition,Position,Primary position,"Primary position, %",Secondary position,"Secondary position, %",Third position,"Third position, %",Age,Birthday,Market value,Contract expires,Matches played,Minutes played,Goals,xG,Assists,xA,Duels per 90,"Duels won, %",Birth country,Passport country,Foot,Height,Weight,On loan,Successful defensive actions per 90,Defensive duels per 90,"Defensive duels won, %",Aerial duels per 90,"Aerial duels won, %",Sliding tackles per 90,PAdj Sliding tackles,Shots blocked per 90,Interceptions per 90,PAdj Interceptions,Fouls per 90,Yellow cards,Yellow cards per 90,Red cards,Red cards per 90,Successful attacking actions per 90,Goals per 90,Non-penalty goals,Non-penalty goals per 90,xG per 90,Head goals,Head goals per 90,Shots,Shots per 90,"Shots on target, %","Goal conversion, %",Assists per 90,Crosses per 90,"Accurate crosses, %",Crosses from left flank per 90,"Accurate crosses from left flank, %",Crosses from right flank per 90,"Accurate crosses from right flank, %",Crosses to goalie box per 90,Dribbles per 90,"Successful dribbles, %",Offensive duels per 90,"Offensive duels won, %",Touches in box per 90,Progressive runs per 90,Accelerations per 90,Received passes per 90,Received long passes per 90,Fouls suffered per 90,Passes per 90,"Accurate passes, %",Forward passes per 90,"Accurate forward passes, %",Back passes per 90,"Accurate back passes, %",Short / medium passes per 90,"Accurate short / medium passes, %",Long passes per 90,"Accurate long passes, %","Average pass length, m","Average long pass length, m",xA per 90,Shot assists per 90,Second assists per 90,Third assists per 90,Smart passes per 90,"Accurate smart passes, %",Key passes per 90,Passes to final third per 90,"Accurate passes to final third, %",Passes to penalty area per 90,"Accurate passes to penalty area, %",Through passes per 90,"Accurate through passes, %",Deep completions per 90,Deep completed crosses per 90,Progressive passes per 90,"Accurate progressive passes, %","Accurate vertical passes, %",Vertical passes per 90,Conceded goals,Conceded goals per 90,Shots against,Shots against per 90,Clean sheets,"Save rate, %",xG against,xG against per 90,Prevented goals,Prevented goals per 90,Back passes received as GK per 90,Exits per 90,Aerial duels per 90,Free kicks per 90,Direct free kicks per 90,"Direct free kicks on target, %",Corners per 90,Penalties taken,"Penalty conversion, %"
D. Skoko,Djordje Skoko,-409218,Javor Ivanjica,Javor Ivanjica,https://cdn5.wyscout.com/photos/team/public/1255_120x120.png,Super Liga,"LCB, LCB3",LCB,73,LCB3,24,,0,22.0,2003-06-03,0,2029-06-30,36,3465,1,3.29,1,1.28,11.4,60.59,Serbia,['Serbia'],left,194,80,False,9.22,5.06,66.67,3.32,64.06,0.23,0.27,1.01,5.61,6.6,1.04,6,0.16,0,0.0,0.47000000000000003,0.03,1,0.03,0.09,0,0.0,19,0.49,26.32,5.263,0.03,0.31,25.0,0.23,33.33,0.08,0.0,0.05,0.47000000000000003,50.0,1.6400000000000001,34.92,0.75,0.62,0.05,24.86,0.31,0.26,38.6,85.46,15.84,72.13,1.87,98.61,31.25,92.85,7.04,55.35,22.84,39.34,0.03,0.16,0.0,0.05,0.03,100.0,0.05,3.87,57.72,0.75,34.48,0.23,33.33,0.21,0.08,6.88,63.02,96.01,18.21,0,,0,,0,0.0,0.0,0.0,,,1.32,,3.32,0.03,0.0,0.0,0.0,0,0.0
D. Rosić,Dragan Rosić,451214,Vojvodina,Vojvodina,https://cdn5.wyscout.com/photos/team/public/700_120x120.png,Super Liga,GK,GK,100,,0,,0,29.0,1996-09-22,0,2027-12-31,35,3448,0,0.0,0,0.0,0.37,85.71,Serbia,['Serbia'],left,194,86,False,1.5899999999999999,0.08,66.67,0.21,100.0,0.0,0.0,0.0,1.54,2.17,0.0,2,0.05,0,0.0,0.0,0.0,0,0.0,0.0,0,0.0,0,0.0,0.0,0.0,0.0,0.0,0.0,0.0,0.0,0.0,0.0,0.0,0.0,0.0,0.05,50.0,0.0,0.0,0.0,7.02,0.21,0.08,13.49,79.3,8.46,69.75,0.03,100.0,6.94,97.37,6.55,60.16,35.04,48.3,0.0,0.0,0.0,0.03,0.0,0.0,0.0,1.9300000000000002,45.95,0.1,0.0,0.08,0.0,0.0,0.0,4.46,77.78,94.86,4.57,35,0.91,147,3.84,14,76.19,44.68,1.17,9.68,0.253,0.0,1.12,0.21,,,,0.0,0,0.0
Z. Popović,Zoran Popović,258594,Železničar Pancevo,Železničar Pancevo,https://cdn5.wyscout.com/photos/team/public/g34577_120x120.png,Super Liga,GK,GK,100,,0,,0,37.0,1988-05-28,50000,2026-06-30,35,3417,0,0.0,0,0.0,0.63,83.33,Serbia,"['Serbia', 'Croatia']",right,188,81,False,2.24,0.16,50.0,0.37,92.86,0.0,0.0,0.05,2.16,3.08,0.0,1,0.03,0,0.0,0.03,0.0,0,0.0,0.0,0,0.0,0,0.0,0.0,0.0,0.0,0.0,0.0,0.0,0.0,0.0,0.0,0.0,0.03,100.0,0.11,100.0,0.0,0.0,0.0,17.12,0.26,0.18,25.89,82.5,14.09,71.78,0.0,0.0,14.86,95.57,10.98,65.23,31.42,45.75,0.0,0.0,0.0,0.0,0.0,0.0,0.0,2.66,47.52,0.26,30.0,0.24,33.33,0.08,0.0,7.4,69.04,96.27,10.59,35,0.92,144,3.79,16,75.69,43.27,1.1400000000000001,8.27,0.218,0.0,2.03,0.37,,,,0.0,0,0.0
D. Pavlović,Dušan Pavlović,-596403,Radnički Niš,Radnički Niš,https://cdn5.wyscout.com/photos/team/public/g2850_120x120.png,Super Liga,"RCB, LCB",RCB,48,LCB,35,,0,22.0,2004-05-19,0,2027-06-30,35,3408,2,3.06,1,1.06,13.44,64.64,Serbia,['Serbia'],,0,0,False,9.69,5.92,75.89,3.91,62.16,0.24,0.33,0.87,4.96,6.89,0.98,8,0.21,0,0.0,0.34,0.05,2,0.05,0.08,1,0.03,18,0.48,44.44,11.111,0.03,0.21,25.0,0.11,25.0,0.11,25.0,0.03,0.18,42.86,1.48,42.86,0.66,1.06,0.21,30.69,0.18,0.77,46.37,86.62,18.3,75.9,2.67,97.03,40.48,91.39,5.7,55.09,22.0,37.51,0.03,0.13,0.03,0.03,0.0,0.0,0.11,6.29,68.49,0.9500000000000001,36.11,0.5,26.32,0.32,0.05,8.53,69.97,94.66,21.26,0,,0,,0,0.0,0.0,0.0,,,1.58,,3.91,0.0,0.0,0.0,0.0,0,0.0
S. Stamenković,Saša Stamenković,47169,Mladost Lučani,Mladost Lučani,https://cdn5.wyscout.com/photos/team/public/703_120x120.png,Super Liga,GK,GK,100,,0,,0,41.0,1985-01-05,50000,2026-06-30,35,3370,0,0.0,0,0.0,0.77,82.76,Serbia,['Serbia'],right,194,85,False,1.74,0.19,28.57,0.48,100.0,0.0,0.0,0.0,1.6800000000000002,1.81,0.03,0,0.0,0,0.0,0.0,0.0,0,0.0,0.0,0,0.0,0,0.0,0.0,0.0,0.0,0.0,0.0,0.0,0.0,0.0,0.0,0.0,0.0,0.0,0.05,100.0,0.0,0.0,0.0,10.34,0.19,0.19,17.63,83.64,10.95,76.1,0.0,0.0,9.05,97.35,8.47,70.03,34.35,46.03,0.0,0.0,0.0,0.0,0.0,0.0,0.0,1.5,55.36,0.08,0.0,0.08,0.0,0.0,0.0,6.7,75.7,97.39,6.14,48,1.28,187,4.99,9,74.33,54.18,1.45,6.18,0.165,0.0,2.03,0.48,,,,0.0,0,0.0
M. Milošević,Marko Milošević,263871,Partizan,Partizan,https://cdn5.wyscout.com/photos/team/public/699_120x120.png,Super Liga,GK,GK,100,,0,,0,35.0,1991-02-07,250000,2026-06-30,34,3367,0,0.0,0,0.0,0.48,94.44,Serbia,['Serbia'],right,187,81,False,1.42,0.0,0.0,0.32,100.0,0.0,0.0,0.0,1.42,2.3,0.0,1,0.03,0,0.0,0.0,0.0,0,0.0,0.0,0,0.0,0,0.0,0.0,0.0,0.0,0.0,0.0,0.0,0.0,0.0,0.0,0.0,0.0,0.0,0.08,66.67,0.0,0.0,0.0,19.41,0.51,0.19,27.34,82.7,14.03,69.33,0.03,100.0,18.12,98.23,9.2,52.33,28.8,45.11,0.0,0.0,0.0,0.0,0.0,0.0,0.0,1.2,31.11,0.08,0.0,0.08,66.67,0.0,0.0,6.66,55.02,96.51,12.24,41,1.1,135,3.61,12,69.63,42.82,1.1400000000000001,1.82,0.049,0.0,1.55,0.32,,,,0.0,0,0.0
B. Popović,Balša Popović,466658,OFK Beograd,OFK Beograd,https://cdn5.wyscout.com/photos/team/public/705_120x120.png,Super Liga,GK,GK,100,,0,,0,25.0,2000-06-10,400000,2028-06-30,34,3326,0,0.31,0,0.0,0.6000000000000001,72.73,Montenegro,['Montenegro'],right,194,84,True,2.46,0.16,83.33,0.30000000000000004,81.82,0.0,0.0,0.0,2.33,3.6,0.05,1,0.03,0,0.0,0.05,0.0,0,0.0,0.01,0,0.0,2,0.05,100.0,0.0,0.0,0.0,0.0,0.0,0.0,0.0,0.0,0.0,0.0,0.0,0.08,66.67,0.05,0.0,0.0,17.24,0.27,0.11,26.6,80.47,16.99,72.61,0.0,0.0,15.26,95.74,11.31,60.05,33.3,47.58,0.0,0.0,0.0,0.0,0.0,0.0,0.03,3.0,44.14,0.19,42.86,0.22,37.5,0.05,0.0,8.28,70.59,95.27,8.58,35,0.9500000000000001,172,4.65,11,79.65,47.13,1.28,12.13,0.328,0.0,1.3,0.30000000000000004,,,,0.0,0,0.0
N. Miletić,Nemanja Miletić,307311,Novi Pazar,Novi Pazar,https://cdn5.wyscout.com/photos/team/public/3838_120x120.png,Super Liga,"LB, LB5",LB,82,LB5,13,,0,34.0,1991-07-26,100000,2026-06-30,34,3268,0,1.12,4,7.04,13.22,55.83,Serbia,['Serbia'],left,190,80,False,6.8,4.65,58.58,2.7800000000000002,59.41,0.11,0.14,0.19,3.9699999999999998,5.0,0.8300000000000001,5,0.14,0,0.0,2.29,0.0,0,0.0,0.03,0,0.0,24,0.66,25.0,0.0,0.11,3.33,33.88,3.17,33.91,0.17,33.33,0.47000000000000003,1.51,65.45,4.13,55.33,0.91,2.48,0.58,24.54,0.8300000000000001,1.18,37.18,75.26,19.25,71.1,4.74,98.26,29.38,83.97,4.63,49.4,20.77,36.32,0.19,1.43,0.03,0.08,0.0,0.0,0.41000000000000003,7.0,70.08,3.06,43.24,0.11,25.0,0.36,1.16,10.44,74.14,76.16,8.9,0,,0,,0,0.0,0.0,0.0,,,0.9400000000000001,,2.7800000000000002,1.54,0.14,40.0,2.42,0,0.0
M. Gašić,Mateja Gašić,-306108,Radnik Surdulica,Radnik Surdulica,https://cdn5.wyscout.com/photos/team/public/g6756_120x120.png,Super Liga,"RB, LB",RB,85,LB,11,,0,23.0,2003-02-16,0,2027-06-30,34,3243,1,0.59,5,5.71,15.51,58.32,Serbia,['Serbia'],right,0,0,False,8.55,7.35,69.81,2.3,46.99,0.0,0.0,0.17,3.41,4.75,1.1400000000000001,10,0.28,0,0.0,2.08,0.03,1,0.03,0.02,0,0.0,19,0.53,31.58,5.263,0.14,3.27,31.36,0.44,43.75,2.83,29.41,0.39,1.3599999999999999,63.27,3.77,50.0,0.97,1.42,0.22,20.09,1.6099999999999999,1.55,30.75,71.48,13.4,67.08,4.83,95.98,22.65,81.37,5.05,51.65,21.07,35.39,0.16,1.72,0.03,0.03,0.06,50.0,0.44,5.55,65.5,3.83,47.83,0.31,18.18,0.86,1.03,9.24,75.08,68.28,8.58,0,,0,,0,0.0,0.0,0.0,,,0.78,,2.3,0.89,0.08,0.0,2.5,0,0.0
P. Petrovic,Petar Petrovic,-469974,Javor Ivanjica,Javor Ivanjica,https://cdn5.wyscout.com/photos/team/public/1255_120x120.png,Super Liga,"RCB, RCB3",RCB,75,RCB3,23,,0,20.0,2005-07-13,0,2028-06-30,34,3235,4,3.92,2,1.04,9.15,62.61,Serbia,['Serbia'],unknown,191,0,False,8.9,4.2,69.54,2.39,61.63,0.25,0.29,0.86,5.73,6.73,0.67,7,0.19,0,0.0,0.58,0.11,4,0.11,0.11,0,0.0,19,0.53,36.84,21.053,0.06,0.19,42.86,0.0,0.0,0.19,42.86,0.03,0.42,60.0,1.1400000000000001,43.9,0.64,0.86,0.11,27.13,0.25,0.53,41.65,82.36,19.84,71.25,1.8900000000000001,97.06,34.25,88.63,7.21,53.67,22.66,39.14,0.03,0.22,0.03,0.0,0.14,40.0,0.08,5.48,60.41,0.61,40.91,0.47000000000000003,23.53,0.19,0.08,9.13,65.85,93.71,16.8,0,,0,,0,0.0,0.0,0.0,,,1.09,,2.39,0.0,0.0,0.0,0.0,0,0.0
S. Ranđelović,Stefan Ranđelović,217860,Radnik Surdulica,Radnik Surdulica,https://cdn5.wyscout.com/photos/team/public/g6756_120x120.png,Super Liga,GK,GK,100,,0,,0,27.0,1999-01-27,800000,2026-06-30,34,3232,0,0.0,0,0.0,0.61,68.18,Serbia,['Serbia'],right,188,84,False,1.3900000000000001,0.11,25.0,0.39,85.71,0.03,0.04,0.0,1.34,1.8599999999999999,0.0,3,0.08,0,0.0,0.0,0.0,0,0.0,0.0,0,0.0,0,0.0,0.0,0.0,0.0,0.0,0.0,0.0,0.0,0.0,0.0,0.0,0.0,0.0,0.03,100.0,0.0,0.0,0.0,10.47,0.28,0.14,17.54,84.76,9.41,76.04,0.0,0.0,11.06,95.97,6.4,66.52,32.38,45.75,0.0,0.0,0.0,0.0,0.0,0.0,0.0,1.53,50.91,0.06,0.0,0.11,25.0,0.0,0.0,4.59,72.12,96.09,7.82,42,1.17,133,3.7,10,68.42,36.34,1.01,-5.66,-0.158,0.0,1.67,0.39,,,,0.0,0,0.0
M. Milikić,Mirko Milikić,517998,Železničar Pancevo,Železničar Pancevo,https://cdn5.wyscout.com/photos/team/public/g34577_120x120.png,Super Liga,"RCB, LCB",RCB,86,LCB,10,,0,24.0,2001-12-24,100000,,33,3224,0,1.43,0,0.25,11.89,60.8,Montenegro,['Montenegro'],right,194,80,False,8.21,3.94,59.57,5.0,66.48,0.14,0.2,0.56,5.72,8.11,1.2,8,0.22,0,0.0,0.08,0.0,0,0.0,0.04,0,0.0,12,0.33,16.67,0.0,0.0,0.08,33.33,0.0,0.0,0.08,33.33,0.0,0.06,0.0,0.84,43.33,0.33,0.47000000000000003,0.0,43.33,0.31,0.7000000000000001,58.73,87.31,26.58,78.36,3.66,100.0,51.2,93.02,7.45,48.69,21.24,42.01,0.01,0.17,0.0,0.0,0.0,0.0,0.06,8.74,63.9,1.2,39.53,0.67,33.33,0.42,0.03,10.5,77.13,94.09,24.09,0,,0,,0,0.0,0.0,0.0,,,2.54,,5.0,0.0,0.0,0.0,0.0,0,0.0
Z. Samcović,Zeljko Samcović,-191796,Novi Pazar,Novi Pazar,https://cdn5.wyscout.com/photos/team/public/3838_120x120.png,Super Liga,GK,GK,100,,0,,0,23.0,2002-09-12,350000,,33,3220,0,0.0,0,0.0,0.61,100.0,Serbia,['Serbia'],right,193,82,False,1.54,0.0,0.0,0.48,100.0,0.0,0.0,0.0,1.54,1.97,0.0,3,0.08,0,0.0,0.0,0.0,0,0.0,0.0,0,0.0,0,0.0,0.0,0.0,0.0,0.0,0.0,0.0,0.0,0.0,0.0,0.0,0.0,0.0,0.08,100.0,0.0,0.0,0.03,11.91,0.28,0.14,18.81,76.37,11.35,63.3,0.0,0.0,10.31,97.29,8.47,51.16,34.65,49.76,0.0,0.0,0.0,0.0,0.0,0.0,0.0,2.99,37.38,0.31,18.18,0.34,0.0,0.03,0.0,5.28,71.43,96.39,6.96,49,1.37,138,3.86,9,64.49,40.17,1.12,-8.83,-0.247,0.0,1.43,0.48,,,,0.0,0,0.0
S. Tedić,Slobodan Tedić,482634,Čukarički,Čukarički,https://cdn5.wyscout.com/photos/team/public/702_120x120.png,Super Liga,CF,CF,96,,0,,0,26.0,2000-04-13,500000,2027-12-31,36,3218,13,16.22,3,2.48,24.53,37.29,Montenegro,"['Montenegro', 'Serbia']",right,190,80,False,3.58,2.63,46.81,10.4,37.37,0.17,0.23,0.08,2.18,2.98,1.79,2,0.06,0,0.0,1.4,0.36,10,0.28,0.45,2,0.06,82,2.29,43.9,15.854,0.08,0.28,40.0,0.11,25.0,0.17,50.0,0.08,0.39,64.29,6.91,34.01,3.7800000000000002,0.42,0.06,10.12,2.6,1.96,16.03,68.94,3.16,49.56,4.39,85.99,14.71,71.1,1.03,45.95,15.0,17.84,0.07,0.62,0.0,0.0,0.11,25.0,0.22,1.48,43.4,1.03,43.24,0.11,25.0,0.64,0.11,1.09,61.54,66.67,4.45,0,,0,,0,0.0,0.0,0.0,,,0.03,,10.4,0.0,0.0,0.0,0.0,5,60.0
L. Nikolić,Lazar Nikolić,444192,Vojvodina,Vojvodina,https://cdn5.wyscout.com/photos/team/public/700_120x120.png,Super Liga,RB,RB,100,,0,,0,26.0,1999-08-01,500000,2028-06-30,33,3208,1,0.48,1,3.14,15.46,57.53,Serbia,['Serbia'],right,177,71,False,9.29,8.75,61.86,1.6800000000000002,48.33,0.25,0.35000000000000003,0.31,3.62,5.08,1.07,4,0.11,0,0.0,2.44,0.03,1,0.03,0.01,0,0.0,14,0.39,7.14,7.143,0.03,2.7800000000000002,35.35,0.03,0.0,2.75,35.71,0.42,1.77,76.19,3.68,58.02,0.42,1.96,0.11,25.7,1.18,0.73,38.58,73.82,18.54,65.81,4.38,92.31,28.95,82.56,6.93,52.63,21.22,34.95,0.09,0.79,0.08,0.0,0.17,50.0,0.45,6.79,65.7,3.62,47.29,0.65,43.48,0.73,0.9500000000000001,10.63,73.09,79.84,10.72,0,,0,,0,0.0,0.0,0.0,,,0.39,,1.6800000000000002,0.11,0.0,0.0,0.03,0,0.0
M. Amadou Sabo,Mamane Moustapha Amadou Sabo,-228917,Javor Ivanjica,Javor Ivanjica,https://cdn5.wyscout.com/photos/team/public/1255_120x120.png,Super Liga,"LDMF, DMF, LCMF",LDMF,36,DMF,33,LCMF,21,21.0,2004-09-14,0,2027-06-30,33,3161,1,2.4,3,4.83,14.12,52.02,Niger,['Niger'],right,0,0,False,8.54,6.26,60.91,1.05,62.16,0.03,0.03,0.34,4.7,5.5,1.11,9,0.26,0,0.0,1.05,0.03,0,0.0,0.07,0,0.0,28,0.8,25.0,3.571,0.09,0.4,35.71,0.31,45.45,0.09,0.0,0.06,0.8,71.43,4.84,40.59,0.37,0.8,0.03,23.32,0.23,1.02,36.67,85.09,11.16,70.15,5.98,97.14,32.26,88.88,4.04,59.86,20.39,39.72,0.14,0.8300000000000001,0.06,0.03,0.26,55.56,0.14,5.87,68.45,1.54,51.85,0.6000000000000001,47.62,0.6000000000000001,0.14,6.21,71.56,91.38,14.86,0,,0,,0,0.0,0.0,0.0,,,1.08,,1.05,1.45,0.09,33.33,2.22,2,50.0
B. Doucouré,Boubacari Doucouré,483287,Javor Ivanjica,Javor Ivanjica,https://cdn5.wyscout.com/photos/team/public/1255_120x120.png,Super Liga,"RCMF, RDMF, RCMF3",RCMF,39,RDMF,38,RCMF3,11,27.0,1999-03-19,600000,2026-12-31,35,3154,4,4.2,1,1.05,15.52,59.19,France,"['France', 'Mali']",right,192,77,False,10.16,7.48,65.65,2.91,66.67,0.14,0.17,0.43,5.11,6.0,1.08,9,0.26,0,0.0,1.46,0.11,4,0.11,0.12,1,0.03,32,0.91,59.38,12.5,0.03,0.71,52.0,0.14,40.0,0.54,57.89,0.17,0.8300000000000001,62.07,3.71,45.38,1.63,0.86,0.09,23.8,0.63,0.74,36.15,79.56,13.44,66.88,5.68,93.97,32.05,83.44,3.42,48.33,18.15,32.6,0.03,0.43,0.06,0.03,0.06,50.0,0.17,5.48,67.71,1.08,50.0,0.4,21.43,0.37,0.37,7.13,68.4,88.58,11.24,0,,0,,0,0.0,0.0,0.0,,,0.26,,2.91,0.03,0.0,0.0,0.0,0,0.0
Matheus,Matheus Lima Magalhães,239000,Crvena Zvezda,Crvena Zvezda,https://cdn5.wyscout.com/photos/team/public/483_120x120.png,Super Liga,GK,GK,100,,0,,0,34.0,1992-03-29,6000000,2027-06-30,32,3143,0,0.0,0,0.0,0.5700000000000001,95.0,Brazil,"['Brazil', 'Portugal']",right,190,86,False,1.09,0.03,100.0,0.29,100.0,0.0,0.0,0.0,1.06,1.97,0.0,0,0.0,0,0.0,0.09,0.0,0,0.0,0.0,0,0.0,0,0.0,0.0,0.0,0.0,0.0,0.0,0.0,0.0,0.0,0.0,0.0,0.09,100.0,0.17,83.33,0.0,0.0,0.03,18.3,0.26,0.17,25.08,91.44,12.69,85.55,0.03,100.0,19.33,97.63,5.76,70.65,26.25,42.66,0.0,0.0,0.0,0.0,0.0,0.0,0.0,1.2,64.29,0.0,0.0,0.06,50.0,0.0,0.0,4.7,71.95,98.28,11.68,28,0.8,104,2.98,12,73.08,29.76,0.85,1.76,0.05,0.0,0.6900000000000001,0.29,,,,0.0,0,0.0
I. Davidović,Ivan Davidović,-275796,Novi Pazar,Novi Pazar,https://cdn5.wyscout.com/photos/team/public/3838_120x120.png,Super Liga,"LDMF, RDMF, LCMF",LDMF,28,RDMF,17,LCMF,14,30.0,1996-01-23,0,2027-06-30,35,3117,3,3.42,2,1.2,15.22,48.77,Serbia,['Serbia'],right,180,0,False,6.7,5.8,57.21,2.86,39.39,0.4,0.51,0.32,2.9699999999999998,3.73,1.67,4,0.12,0,0.0,1.47,0.09,3,0.09,0.1,0,0.0,49,1.4100000000000001,34.69,6.122,0.06,1.4100000000000001,20.41,0.6900000000000001,16.67,0.72,24.0,0.2,1.21,57.14,4.88,46.75,1.99,0.49,0.06,14.23,0.75,1.7000000000000002,23.62,76.89,6.8100000000000005,63.56,5.43,92.55,19.92,84.78,2.4,43.37,17.41,29.63,0.03,0.2,0.09,0.0,0.0,0.0,0.2,2.54,63.64,0.98,29.41,0.03,0.0,0.09,0.2,2.92,58.42,81.97,7.05,0,,0,,0,0.0,0.0,0.0,,,0.64,,2.86,0.0,0.0,0.0,0.03,0,0.0
L. Ben Hassine,Louay Ben Hassine,-138131,Radnički Kragujevac,Radnički Kragujevac,https://cdn5.wyscout.com/photos/team/public/g2849_120x120.png,Super Liga,"LCMF, LDMF, AMF",LCMF,34,LDMF,26,AMF,15,26.0,2000-04-02,650000,2026-06-30,36,3104,4,4.74,1,1.42,14.24,53.16,Tunisia,['Tunisia'],both,175,72,False,5.8,3.9699999999999998,67.15,1.57,37.04,0.52,0.75,0.12,2.61,3.76,0.72,6,0.17,0,0.0,2.0,0.12,3,0.09,0.14,0,0.0,48,1.3900000000000001,41.67,8.333,0.03,0.9,19.35,0.64,22.73,0.26,11.11,0.09,2.2,55.26,7.05,53.09,1.3,1.6800000000000002,0.29,22.15,0.52,2.67,32.24,84.98,9.8,75.15,7.68,95.47,29.75,89.18,1.5899999999999999,43.64,16.33,24.63,0.04,0.67,0.06,0.0,0.09,33.33,0.12,4.12,73.94,1.28,40.91,0.26,22.22,0.38,0.17,4.29,69.59,85.06,8.93,0,,0,,0,0.0,0.0,0.0,,,0.2,,1.57,0.64,0.12,25.0,0.72,1,100.0
N. Cirković,Nikola Cirković,162615,Mladost Lučani,Mladost Lučani,https://cdn5.wyscout.com/photos/team/public/703_120x120.png,Super Liga,"CB, RCB, LCB3",CB,54,RCB,17,LCB3,13,34.0,1991-12-04,200000,2026-06-30,33,3069,0,0.91,0,0.41000000000000003,12.4,60.52,Serbia,['Serbia'],right,188,75,False,9.06,6.25,61.03,3.11,58.49,0.12,0.13,0.38,5.13,5.5,0.67,6,0.18,0,0.0,0.5,0.0,0,0.0,0.03,0,0.0,5,0.15,20.0,0.0,0.0,0.38,53.85,0.09,100.0,0.29,40.0,0.0,0.35000000000000003,75.0,1.23,54.76,0.47000000000000003,0.5,0.06,18.74,0.29,0.65,34.19,85.93,14.84,77.47,2.35,92.5,29.09,90.42,4.72,60.87,20.12,30.11,0.01,0.21,0.0,0.03,0.0,0.0,0.09,3.05,71.15,0.35000000000000003,58.33,0.09,0.0,0.15,0.18,7.21,63.01,95.83,14.08,0,,0,,0,0.0,0.0,0.0,,,1.32,,3.11,0.03,0.0,0.0,0.12,0,0.0
M. Vukotić,Milan Vukotić,518005,Partizan,Partizan,https://cdn5.wyscout.com/photos/team/public/699_120x120.png,Super Liga,"LCMF, LW, AMF",LCMF,39,LW,19,AMF,11,23.0,2002-10-05,0,2029-06-30,35,3030,6,5.63,7,8.13,17.14,47.31,Montenegro,['Montenegro'],right,178,0,False,4.01,4.1,62.32,1.37,26.09,0.03,0.05,0.09,1.43,2.34,0.56,2,0.06,0,0.0,4.4,0.18,6,0.18,0.17,0,0.0,90,2.67,34.44,6.667,0.21,3.24,38.53,2.61,38.64,0.56,36.84,0.45,3.65,57.72,10.04,45.27,1.81,2.91,0.30000000000000004,35.44,1.4,1.87,44.85,80.73,11.61,69.57,9.68,92.64,36.86,87.59,4.84,56.44,19.46,36.16,0.24,2.02,0.09,0.09,0.21,57.14,0.77,5.82,69.9,4.78,49.07,0.74,24.0,1.63,1.16,7.31,84.55,82.07,16.9,0,,0,,0,0.0,0.0,0.0,,,0.9500000000000001,,1.37,1.1,0.12,0.0,2.91,1,0.0
Ž. Udovičić,Žarko Udovičić,144998,Mladost Lučani,Mladost Lučani,https://cdn5.wyscout.com/photos/team/public/703_120x120.png,Super Liga,"LB5, LB, LWB",LB5,70,LB,15,LWB,11,38.0,1987-08-31,50000,2026-06-30,34,3023,1,1.01,1,2.44,8.66,47.42,Serbia,['Serbia'],left,185,72,False,6.1,5.15,47.98,0.5700000000000001,47.37,0.27,0.29,0.24,3.36,3.67,0.33,3,0.09,1,0.03,2.23,0.03,1,0.03,0.03,0,0.0,15,0.45,40.0,6.667,0.03,3.54,37.82,3.48,37.61,0.03,0.0,0.36,1.16,58.97,2.14,48.61,0.9500000000000001,1.67,0.30000000000000004,24.44,1.55,0.33,34.06,72.2,14.5,65.91,4.88,88.41,24.68,83.35,5.95,46.0,20.85,34.21,0.07,0.71,0.06,0.03,0.03,100.0,0.30000000000000004,5.24,56.25,4.05,45.59,0.92,35.48,0.8,1.37,9.53,70.94,71.08,9.68,0,,0,,0,0.0,0.0,0.0,,,0.71,,0.5700000000000001,0.18,0.03,100.0,0.15,0,0.0
S. Trémoulet,Sandro Trémoulet,-195400,Radnik Surdulica,Radnik Surdulica,https://cdn5.wyscout.com/photos/team/public/g6756_120x120.png,Super Liga,LCB,LCB,96,,0,,0,26.0,1999-11-18,250000,2026-06-30,31,3005,1,1.79,0,0.41000000000000003,14.98,64.4,France,"['France', 'Guadeloupe']",left,190,81,False,10.0,5.54,72.43,5.54,66.49,0.21,0.29,0.6000000000000001,5.78,7.91,1.1400000000000001,5,0.15,0,0.0,0.48,0.03,1,0.03,0.05,0,0.0,9,0.27,33.33,11.111,0.0,0.15,40.0,0.15,40.0,0.0,0.0,0.0,0.42,78.57,2.07,44.93,0.45,0.81,0.06,20.13,0.21,0.6000000000000001,34.86,82.99,18.0,74.54,1.71,100.0,29.11,89.92,5.63,48.4,22.5,38.49,0.01,0.09,0.0,0.0,0.03,0.0,0.03,5.0,59.28,0.66,27.27,0.30000000000000004,10.0,0.12,0.03,7.7,69.26,93.66,12.76,0,,0,,0,0.0,0.0,0.0,,,1.32,,5.54,0.0,0.0,0.0,0.0,0,0.0
M. Roganović,Milan Roganović,-209495,Partizan,Partizan,https://cdn5.wyscout.com/photos/team/public/699_120x120.png,Super Liga,RB,RB,95,,0,,0,20.0,2005-10-28,0,2030-06-30,33,3004,0,0.77,5,2.35,12.34,58.25,Montenegro,['Montenegro'],right,0,0,False,7.79,5.69,72.63,1.44,60.42,0.33,0.54,0.24,3.33,5.42,0.75,6,0.18,0,0.0,1.17,0.0,0,0.0,0.02,0,0.0,9,0.27,22.22,0.0,0.15,2.16,33.33,0.12,50.0,2.01,32.84,0.18,0.6000000000000001,60.0,3.98,41.35,0.99,1.77,0.12,31.34,1.92,0.75,42.09,84.98,14.8,78.95,7.04,94.47,36.13,91.54,3.86,51.94,19.19,31.66,0.07,0.5700000000000001,0.0,0.0,0.06,50.0,0.33,4.43,80.41,2.34,47.44,0.21,57.14,0.66,0.75,7.82,73.18,86.35,14.05,0,,0,,0,0.0,0.0,0.0,,,1.2,,1.44,0.0,0.0,0.0,0.03,0,0.0
V. Novicic,Vasilije  Novicic,-484281,IMT Novi Beograd,IMT Novi Beograd,https://cdn5.wyscout.com/photos/team/public/g30905_120x120.png,Super Liga,"DMF, RCMF, LCMF",DMF,30,RCMF,26,LCMF,19,18.0,2008-05-07,0,,32,3002,8,7.3,4,3.92,13.4,54.36,Serbia,['Serbia'],unknown,0,0,False,8.12,6.09,66.01,3.0,43.0,0.15,0.2,0.21,3.96,5.31,0.9,11,0.33,0,0.0,0.84,0.24,2,0.06,0.22,0,0.0,28,0.84,42.86,28.571,0.12,0.78,30.77,0.27,44.44,0.48,25.0,0.18,0.39,61.54,2.64,44.32,0.24,0.48,0.09,19.79,0.12,0.54,32.47,80.24,12.11,66.09,4.08,97.06,27.79,87.16,3.9,40.77,19.65,36.67,0.12,0.96,0.0,0.0,0.0,0.0,0.06,6.54,66.06,1.17,33.33,0.36,16.67,0.21,0.30000000000000004,5.46,70.33,87.41,12.14,0,,0,,0,0.0,0.0,0.0,,,0.42,,3.0,1.9500000000000002,0.09,0.0,4.2,8,75.0
L. Lijeskić,Luka Lijeskić,-300434,Radnički Kragujevac,Radnički Kragujevac,https://cdn5.wyscout.com/photos/team/public/g2849_120x120.png,Super Liga,GK,GK,100,,0,,0,21.0,2005-02-23,0,2027-06-30,31,2993,0,0.0,0,0.0,0.66,68.18,Serbia,['Serbia'],right,186,75,False,2.1,0.15,60.0,0.24,87.5,0.03,0.05,0.0,1.98,3.02,0.03,1,0.03,0,0.0,0.0,0.0,0,0.0,0.0,0,0.0,0,0.0,0.0,0.0,0.0,0.0,0.0,0.0,0.0,0.0,0.0,0.0,0.0,0.0,0.18,50.0,0.0,0.0,0.0,15.25,0.24,0.21,23.09,82.03,12.21,70.2,0.0,0.0,15.04,96.2,8.03,55.81,30.24,44.86,0.0,0.0,0.0,0.0,0.0,0.0,0.0,1.74,41.38,0.15,40.0,0.18,33.33,0.06,0.0,5.62,64.17,96.42,10.07,29,0.87,102,3.07,14,71.57,31.12,0.9400000000000001,2.12,0.064,0.0,1.26,0.24,,,,0.0,0,0.0
N. Simić,Nikola Simić,-339770,Partizan,Partizan,https://cdn5.wyscout.com/photos/team/public/699_120x120.png,Super Liga,"LCB, RCB",LCB,70,RCB,25,,0,19.0,2007-03-30,0,2029-06-30,32,2993,1,1.67,0,0.21,11.52,64.75,Serbia,['Serbia'],right,185,0,False,6.53,4.75,72.15,3.16,61.9,0.15,0.24,0.33,2.95,4.77,0.72,1,0.03,0,0.0,0.15,0.03,1,0.03,0.05,1,0.03,11,0.33,27.27,9.091,0.0,0.0,0.0,0.0,0.0,0.0,0.0,0.0,0.06,100.0,1.44,60.42,0.51,0.9,0.03,37.23,0.39,0.75,51.96,89.58,22.88,83.05,3.55,94.92,47.78,92.95,4.18,51.08,19.08,30.81,0.01,0.12,0.03,0.03,0.0,0.0,0.0,6.95,75.32,0.39,53.85,0.21,14.29,0.21,0.0,8.81,75.09,96.1,20.03,0,,0,,0,0.0,0.0,0.0,,,2.5300000000000002,,3.16,0.0,0.0,0.0,0.0,0,0.0
D. Seck,Demba Seck,-107466,Partizan,Partizan,https://cdn5.wyscout.com/photos/team/public/699_120x120.png,Super Liga,"RW, RAMF",RW,72,RAMF,23,,0,25.0,2001-02-10,2000000,2027-06-30,35,2990,6,7.36,7,4.87,22.03,47.95,Senegal,['Senegal'],left,190,76,True,3.8200000000000003,3.9699999999999998,56.06,1.08,27.78,0.09,0.15,0.06,1.51,2.42,1.32,6,0.18,0,0.0,5.75,0.18,6,0.18,0.22,0,0.0,65,1.96,43.08,9.231,0.21,2.92,27.84,0.06,0.0,2.71,28.89,0.51,6.65,61.09,15.32,48.92,3.61,4.45,0.45,18.81,2.23,2.5300000000000002,25.59,76.71,4.76,63.29,6.11,94.58,22.12,83.54,0.6000000000000001,60.0,17.65,13.76,0.15,0.93,0.09,0.0,0.15,20.0,0.6900000000000001,1.23,68.29,3.2800000000000002,55.05,0.15,20.0,1.81,0.78,4.09,78.68,77.15,9.09,0,,0,,0,0.0,0.0,0.0,,,0.06,,1.08,0.03,0.0,0.0,0.15,0,0.0
M. Bjeković,Marko Bjeković,-123085,Javor Ivanjica,Javor Ivanjica,https://cdn5.wyscout.com/photos/team/public/1255_120x120.png,Super Liga,"RB, RB5",RB,75,RB5,16,,0,25.0,2000-09-21,650000,2027-06-30,33,2972,1,0.78,3,3.24,20.26,55.46,Serbia,"['Serbia', 'Bosnia and Herzegovina']",right,182,74,False,11.11,7.66,67.19,2.33,57.14,0.7000000000000001,0.8300000000000001,0.33,5.27,6.3,0.64,2,0.06,0,0.0,2.27,0.03,1,0.03,0.02,1,0.03,17,0.51,35.29,5.882,0.09,2.06,36.76,0.03,100.0,1.97,35.38,0.30000000000000004,2.79,45.65,8.57,42.05,0.9400000000000001,2.18,0.67,21.38,1.33,1.9100000000000001,32.31,80.41,12.05,73.87,6.33,95.69,28.16,85.7,2.21,50.68,16.57,26.5,0.1,0.67,0.03,0.06,0.09,66.67,0.45,2.73,72.22,2.24,50.0,0.15,40.0,0.55,0.76,6.36,63.33,77.9,8.36,0,,0,,0,0.0,0.0,0.0,,,0.48,,2.33,0.0,0.0,0.0,0.03,0,0.0
A. Hadzimujović,Ahmed  Hadzimujović,-570804,Novi Pazar,Novi Pazar,https://cdn5.wyscout.com/photos/team/public/3838_120x120.png,Super Liga,"LCB, RCB",LCB,44,RCB,42,,0,18.0,2007-08-17,0,2027-06-30,32,2941,1,1.1,0,0.42,12.64,62.95,Serbia,['Serbia'],,0,0,False,8.45,6.09,71.86,4.35,57.04,0.18,0.24,0.55,3.89,5.0,0.8300000000000001,4,0.12,0,0.0,0.21,0.03,1,0.03,0.03,1,0.03,9,0.28,33.33,11.111,0.0,0.03,0.0,0.03,0.0,0.0,0.0,0.0,0.15,60.0,0.92,53.33,0.34,0.58,0.03,22.4,0.12,0.49,36.54,81.41,17.2,68.51,2.14,92.86,28.98,89.12,7.53,52.03,23.41,36.13,0.01,0.37,0.0,0.0,0.06,50.0,0.03,5.63,59.78,0.52,41.18,0.49,25.0,0.21,0.0,8.48,66.43,95.25,14.81,0,,0,,0,0.0,0.0,0.0,,,1.77,,4.35,0.0,0.0,0.0,0.0,0,0.0
N. Vasiljević,Nikola Vasiljević,294630,Javor Ivanjica,Javor Ivanjica,https://cdn5.wyscout.com/photos/team/public/1255_120x120.png,Super Liga,GK,GK,100,,0,,0,29.0,1996-06-24,200000,2026-06-30,30,2932,0,0.0,0,0.0,0.34,100.0,Serbia,['Serbia'],right,202,88,False,1.01,0.0,0.0,0.21,100.0,0.03,0.04,0.0,0.98,1.1400000000000001,0.03,2,0.06,0,0.0,0.0,0.0,0,0.0,0.0,0,0.0,0,0.0,0.0,0.0,0.0,0.0,0.0,0.0,0.0,0.0,0.0,0.0,0.0,0.0,0.03,100.0,0.0,0.0,0.0,7.64,0.21,0.12,12.12,75.7,8.04,64.5,0.0,0.0,4.97,100.0,7.15,58.8,39.4,51.2,0.0,0.0,0.0,0.0,0.0,0.0,0.0,1.9300000000000002,42.86,0.03,100.0,0.06,100.0,0.03,0.0,4.79,75.64,97.62,3.87,43,1.32,142,4.36,6,69.72,40.73,1.25,-2.27,-0.07,0.0,1.29,0.21,,,,0.0,0,0.0
N. Simić,Nikola Simić,458887,Bačka Topola,Bačka Topola,https://cdn5.wyscout.com/photos/team/public/g19686_120x120.png,Super Liga,GK,GK,100,,0,,0,29.0,1996-12-21,200000,2027-06-30,30,2912,0,0.0,0,0.0,0.28,88.89,Serbia,['Serbia'],right,192,77,False,1.48,0.03,100.0,0.19,100.0,0.0,0.0,0.0,1.45,2.14,0.0,1,0.03,0,0.0,0.03,0.0,0,0.0,0.0,0,0.0,0,0.0,0.0,0.0,0.0,0.0,0.0,0.0,0.0,0.0,0.0,0.0,0.03,100.0,0.03,100.0,0.0,0.0,0.0,14.74,0.15,0.0,22.44,84.44,14.16,77.29,0.0,0.0,13.94,97.34,8.47,63.5,30.35,44.1,0.0,0.0,0.0,0.0,0.0,0.0,0.0,1.33,44.19,0.06,0.0,0.09,0.0,0.0,0.0,7.11,69.13,97.93,7.48,37,1.1400000000000001,126,3.89,7,70.63,41.65,1.29,4.65,0.14400000000000002,0.0,0.8,0.19,,,,0.0,0,0.0
M. Ilić,Miljan Ilić,316182,Radnički Niš,Radnički Niš,https://cdn5.wyscout.com/photos/team/public/g2850_120x120.png,Super Liga,LB,LB,91,,0,,0,32.0,1993-05-23,200000,2027-06-30,32,2895,0,0.02,2,0.79,13.21,55.06,Serbia,"['Serbia', 'Croatia']",left,180,72,False,8.98,7.77,65.2,1.55,46.0,0.65,0.89,0.19,3.26,4.44,1.12,7,0.22,0,0.0,1.03,0.0,0,0.0,0.0,0,0.0,3,0.09,33.33,0.0,0.06,1.71,47.27,1.71,47.27,0.0,0.0,0.12,0.4,46.15,2.3,32.43,0.25,0.9,0.12,26.27,0.99,0.47000000000000003,37.03,79.18,17.35,70.97,6.47,96.63,30.44,86.93,4.91,42.41,19.52,34.84,0.02,0.34,0.03,0.0,0.06,0.0,0.12,5.16,59.04,2.18,47.14,0.28,0.0,0.28,0.72,8.52,67.15,82.53,8.36,0,,0,,0,0.0,0.0,0.0,,,0.65,,1.55,0.0,0.0,0.0,0.0,0,0.0
Seol Young-Woo,Young-Woo Seol,-171375,Crvena Zvezda,Crvena Zvezda,https://cdn5.wyscout.com/photos/team/public/483_120x120.png,Super Liga,"RB, LB",RB,75,LB,10,,0,27.0,1998-12-05,1400000,2027-06-30,31,2892,2,1.15,4,6.5,10.77,54.05,Korea Republic,['Korea Republic'],right,182,72,False,5.73,4.51,59.31,1.06,41.18,0.0,0.0,0.09,3.05,5.73,0.84,1,0.03,0,0.0,2.68,0.06,2,0.06,0.04,0,0.0,15,0.47000000000000003,40.0,13.333,0.12,3.39,50.46,0.31,60.0,2.93,50.0,0.37,1.56,50.0,3.8,47.54,1.9,1.46,0.06,43.35,1.99,0.9,57.45,89.49,16.62,84.83,8.62,98.19,50.29,94.0,3.77,64.46,18.02,32.6,0.2,1.4,0.09,0.09,0.0,0.0,0.81,5.45,82.29,3.73,58.33,0.16,20.0,1.06,1.77,9.46,82.24,89.99,22.69,0,,0,,0,0.0,0.0,0.0,,,1.37,,1.06,0.03,0.0,0.0,0.0,0,0.0
V. Dragojevic,Vanja Dragojevic,-483856,Partizan,Partizan,https://cdn5.wyscout.com/photos/team/public/699_120x120.png,Super Liga,"DMF, RCMF, RDMF",DMF,32,RCMF,19,RDMF,12,20.0,2006-01-11,0,2030-06-30,35,2860,4,4.26,3,0.93,12.59,48.75,Serbia,['Serbia'],right,0,0,False,7.9,5.63,55.87,1.92,44.26,0.25,0.41000000000000003,0.35000000000000003,4.5,7.27,1.6,6,0.19,0,0.0,1.26,0.13,4,0.13,0.13,2,0.06,55,1.73,47.27,7.273,0.09,0.38,33.33,0.13,50.0,0.22,28.57,0.03,0.38,75.0,2.96,47.87,1.57,0.66,0.09,28.73,0.6000000000000001,1.35,39.87,83.98,11.2,69.94,5.38,92.98,34.71,87.67,4.8100000000000005,61.44,19.9,34.57,0.03,0.35000000000000003,0.0,0.06,0.09,33.33,0.22,6.04,75.0,1.1,37.14,0.38,33.33,0.41000000000000003,0.09,5.82,65.95,90.44,17.78,0,,0,,0,0.0,0.0,0.0,,,0.91,,1.92,0.0,0.0,0.0,0.0,0,0.0
S. Tomović,Stefan Tomović,-186616,Spartak Subotica,Spartak Subotica,https://cdn5.wyscout.com/photos/team/public/1956_120x120.png,Super Liga,"LW, AMF, LCMF3",LW,30,AMF,23,LCMF3,20,24.0,2001-10-14,800000,2027-06-30,31,2840,7,7.94,5,6.73,11.88,44.27,Serbia,['Serbia'],both,184,75,False,3.04,2.88,57.14,0.38,33.33,0.03,0.04,0.03,1.3599999999999999,1.74,0.5700000000000001,3,0.1,1,0.03,2.47,0.22,4,0.13,0.25,0,0.0,51,1.62,39.22,13.725,0.16,1.3900000000000001,25.0,0.98,25.81,0.38,25.0,0.25,2.73,51.16,7.67,40.08,2.44,2.22,0.35000000000000003,29.03,1.96,1.3599999999999999,38.76,80.05,11.88,64.8,8.08,94.51,33.88,84.47,3.58,58.41,17.6,40.55,0.21,1.77,0.03,0.0,0.32,30.0,0.6000000000000001,6.08,67.19,3.23,51.96,1.01,40.63,1.87,0.38,6.72,79.25,84.64,11.35,0,,0,,0,0.0,0.0,0.0,,,0.16,,0.38,0.86,0.19,33.33,2.15,4,75.0
S. Sissoko,Sambou Sissoko,-89468,Čukarički,Čukarički,https://cdn5.wyscout.com/photos/team/public/702_120x120.png,Super Liga,"RDMF, LCMF, DMF",RDMF,41,LCMF,15,DMF,13,25.0,2000-06-29,850000,2027-06-30,32,2809,2,1.12,0,0.39,14.8,57.36,Mali,['Mali'],right,181,70,False,9.13,6.41,66.0,3.68,60.0,0.9,1.21,0.35000000000000003,4.0,5.42,1.15,7,0.22,0,0.0,0.42,0.06,2,0.06,0.04,0,0.0,15,0.48,26.67,13.333,0.0,0.29,22.22,0.03,0.0,0.26,25.0,0.03,0.35000000000000003,63.64,2.95,39.13,0.29,0.54,0.0,21.21,0.13,0.67,35.66,82.21,12.01,69.07,5.22,93.87,30.41,87.04,5.0,55.77,19.5,33.56,0.01,0.35000000000000003,0.03,0.0,0.03,0.0,0.1,6.89,69.77,1.47,45.65,0.35000000000000003,18.18,0.77,0.06,6.92,75.0,89.16,14.19,0,,0,,0,0.0,0.0,0.0,,,0.45,,3.68,0.03,0.0,0.0,0.0,0,0.0
N. Đuričić,Nikola Đuričić,-186512,Železničar Pancevo,Železničar Pancevo,https://cdn5.wyscout.com/photos/team/public/g34577_120x120.png,Super Liga,LB,LB,97,,0,,0,26.0,1999-12-12,0,,31,2791,1,0.89,0,1.48,13.7,59.06,Serbia,['Serbia'],left,180,73,False,8.16,5.8,61.11,3.03,76.6,0.26,0.38,0.29,4.35,6.48,1.48,4,0.13,0,0.0,1.13,0.03,1,0.03,0.03,0,0.0,7,0.23,42.86,14.286,0.0,1.48,45.65,1.3900000000000001,44.19,0.03,100.0,0.26,0.58,61.11,3.39,42.86,1.03,1.13,0.06,41.86,1.35,1.1,53.08,88.4,19.54,80.86,8.09,98.01,47.18,92.82,4.55,56.74,19.79,36.81,0.05,0.64,0.0,0.0,0.1,0.0,0.26,7.09,71.82,1.77,61.82,0.45,28.57,0.61,0.58,9.35,75.52,92.75,18.67,0,,0,,0,0.0,0.0,0.0,,,0.84,,3.03,0.0,0.0,0.0,0.06,0,0.0
S. Pirgić,Stefan Pirgić,-294303,Železničar Pancevo,Železničar Pancevo,https://cdn5.wyscout.com/photos/team/public/g34577_120x120.png,Super Liga,"DMF, LDMF",DMF,59,LDMF,12,,0,23.0,2003-02-09,0,2027-06-30,34,2789,4,3.98,3,1.45,13.42,52.64,Serbia,['Serbia'],unknown,0,0,False,7.23,4.1,65.35,1.65,37.25,0.1,0.14,0.48,4.45,6.52,0.71,4,0.13,1,0.03,0.84,0.13,1,0.03,0.13,0,0.0,22,0.71,45.45,18.182,0.1,0.19,0.0,0.03,0.0,0.13,0.0,0.0,0.61,73.68,5.39,49.1,0.81,1.1,0.16,20.62,0.32,1.6800000000000002,34.11,83.82,9.07,59.79,6.97,97.69,30.98,88.33,2.94,41.76,17.31,27.47,0.05,0.42,0.0,0.03,0.19,33.33,0.26,4.16,58.14,0.9,50.0,0.35000000000000003,18.18,0.68,0.0,3.49,60.19,92.82,12.59,0,,0,,0,0.0,0.0,0.0,,,0.65,,1.65,0.0,0.0,0.0,0.06,3,100.0
R. Milosavljević,Radomir Milosavljević,145022,Radnički Niš,Radnički Niš,https://cdn5.wyscout.com/photos/team/public/g2850_120x120.png,Super Liga,"RCMF, RDMF, LDMF",RCMF,28,RDMF,23,LDMF,16,33.0,1992-07-30,350000,2027-06-30,30,2771,4,3.25,2,0.8300000000000001,19.39,53.43,Serbia,['Serbia'],left,183,73,False,9.78,7.44,58.95,5.23,54.66,0.58,0.8300000000000001,0.36,4.8100000000000005,6.79,2.24,14,0.45,1,0.03,1.04,0.13,4,0.13,0.11,2,0.06,31,1.01,38.71,12.903,0.06,0.75,26.09,0.06,100.0,0.65,20.0,0.03,0.84,53.85,4.71,42.07,1.07,1.23,0.0,20.66,0.42,1.49,33.78,79.04,14.68,67.7,3.87,88.24,29.36,83.63,3.74,52.17,18.56,35.86,0.03,0.65,0.0,0.06,0.0,0.0,0.23,6.89,69.34,1.2,48.65,0.13,50.0,0.45,0.16,6.43,77.78,89.41,11.04,0,,0,,0,0.0,0.0,0.0,,,0.36,,5.23,0.0,0.0,0.0,0.0,0,0.0
Ismael Casas,Ismael Casas Casado,463465,IMT Novi Beograd,IMT Novi Beograd,https://cdn5.wyscout.com/photos/team/public/g30905_120x120.png,Super Liga,RB,RB,90,,0,,0,25.0,2001-03-07,250000,2027-06-30,29,2757,0,0.31,1,3.22,15.57,57.44,Spain,['Spain'],right,174,62,False,10.02,6.72,66.02,2.64,51.85,0.49,0.66,0.36,5.09,6.85,0.75,4,0.13,0,0.0,2.45,0.0,0,0.0,0.01,0,0.0,10,0.33,20.0,0.0,0.03,3.56,35.78,0.03,100.0,3.5300000000000002,35.19,0.46,1.57,70.83,3.75,52.17,0.72,1.31,0.03,23.08,1.27,1.27,37.48,77.0,16.13,69.23,4.67,96.5,28.63,85.18,5.48,60.71,20.45,35.46,0.11,0.85,0.07,0.0,0.03,0.0,0.36,5.58,72.51,3.33,43.14,0.2,33.33,0.52,1.21,9.56,70.99,81.79,11.29,0,,0,,0,0.0,0.0,0.0,,,0.88,,2.64,0.0,0.0,0.0,0.0,0,0.0
M. Spasić,Miloš Spasić,455321,Radnički Niš,Radnički Niš,https://cdn5.wyscout.com/photos/team/public/g2850_120x120.png,Super Liga,"RW, CF, RAMF",RW,36,CF,24,RAMF,23,28.0,1997-07-29,250000,2026-06-30,33,2757,5,6.21,1,0.8200000000000001,20.01,39.31,Serbia,['Serbia'],right,186,76,False,5.03,4.93,62.25,5.13,35.67,0.03,0.04,0.03,1.9300000000000002,2.6,1.44,4,0.13,0,0.0,2.22,0.16,5,0.16,0.2,1,0.03,57,1.8599999999999999,43.86,8.772,0.03,1.04,31.25,0.26,25.0,0.78,33.33,0.1,1.8599999999999999,57.89,7.9,30.17,2.94,1.08,0.2,12.44,1.96,0.9500000000000001,19.82,77.59,4.15,56.69,6.17,93.65,17.66,82.62,1.21,43.24,17.68,22.26,0.03,0.39,0.0,0.0,0.0,0.0,0.16,1.8599999999999999,45.61,0.9500000000000001,41.38,0.0,0.0,0.26,0.26,1.8900000000000001,55.17,77.33,5.61,0,,0,,0,0.0,0.0,0.0,,,0.03,,5.13,0.07,0.07,50.0,0.33,0,0.0
V. Kostov,Vasilije Kostov,-484059,Crvena Zvezda,Crvena Zvezda,https://cdn5.wyscout.com/photos/team/public/483_120x120.png,Super Liga,"AMF, RAMF, RW",AMF,22,RAMF,17,RW,17,18.0,2008-05-11,0,2028-06-30,35,2756,12,12.15,8,7.29,10.32,44.94,Serbia,"['Serbia', 'North Macedonia']",right,176,0,False,3.79,3.2,61.22,1.01,25.81,0.29,0.54,0.03,1.53,2.81,0.78,2,0.07,0,0.0,2.35,0.39,11,0.36,0.4,3,0.1,80,2.61,45.0,15.0,0.26,1.11,35.29,0.1,33.33,0.98,36.67,0.2,1.21,48.65,4.6,42.55,3.4,1.18,0.36,31.61,0.78,0.88,38.63,86.98,9.08,73.38,9.11,96.06,35.04,89.84,2.51,68.83,16.82,25.9,0.24,1.99,0.03,0.03,0.33,60.0,0.65,5.22,80.0,2.06,55.56,0.49,33.33,1.6,0.39,5.13,87.26,90.82,13.16,0,,0,,0,0.0,0.0,0.0,,,0.62,,1.01,0.65,0.07,50.0,3.27,1,100.0
M. Momcilović,Miljan Momcilović,-110600,OFK Beograd,OFK Beograd,https://cdn5.wyscout.com/photos/team/public/705_120x120.png,Super Liga,"DMF, RCMF, RDMF",DMF,45,RCMF,22,RDMF,11,25.0,2001-03-17,0,2027-06-30,32,2752,2,1.96,0,1.43,17.2,55.51,Bosnia and Herzegovina,"['Bosnia and Herzegovina', 'Serbia']",right,184,79,False,9.48,7.59,70.26,2.06,46.03,0.33,0.5,0.39,3.83,5.89,1.08,4,0.13,0,0.0,0.6900000000000001,0.07,2,0.07,0.06,0,0.0,13,0.43,30.77,15.385,0.0,0.36,45.45,0.1,100.0,0.26,25.0,0.03,0.49,60.0,5.85,42.46,0.92,0.62,0.0,22.93,0.39,1.73,36.46,83.14,11.94,66.58,5.36,93.9,33.19,87.0,2.94,44.44,19.28,32.29,0.05,0.36,0.0,0.0,0.13,75.0,0.23,5.3,68.52,0.9500000000000001,48.28,0.43,30.77,0.39,0.16,5.43,62.65,92.69,14.32,0,,0,,0,0.0,0.0,0.0,,,1.01,,2.06,0.0,0.0,0.0,0.03,0,0.0
N. Petrović,Njegoš Petrović,423585,Vojvodina,Vojvodina,https://cdn5.wyscout.com/photos/team/public/700_120x120.png,Super Liga,"RDMF, LDMF, RCMF",RDMF,41,LDMF,29,RCMF,14,26.0,1999-07-18,0,2028-06-30,32,2718,4,4.45,2,2.64,15.6,56.26,Serbia,['Serbia'],right,185,72,False,7.85,6.09,68.48,2.2800000000000002,52.17,0.53,0.75,0.17,3.15,4.45,1.29,7,0.23,0,0.0,1.69,0.13,3,0.1,0.15,0,0.0,48,1.5899999999999999,41.67,8.333,0.07,0.89,40.74,0.30000000000000004,44.44,0.6000000000000001,38.89,0.1,0.96,62.07,5.17,44.23,0.66,1.13,0.1,28.64,0.36,1.3599999999999999,42.45,85.02,14.04,73.58,6.69,95.05,36.95,89.52,4.7,57.04,19.41,37.99,0.09,1.03,0.17,0.03,0.23,28.57,0.4,7.25,74.89,2.05,50.0,0.76,43.48,0.79,0.30000000000000004,7.48,80.97,90.23,15.93,0,,0,,0,0.0,0.0,0.0,,,0.73,,2.2800000000000002,1.03,0.26,25.0,0.4,2,50.0
M. Popović,Miloš Popović,-472389,Radnik Surdulica,Radnik Surdulica,https://cdn5.wyscout.com/photos/team/public/g6756_120x120.png,Super Liga,"RDMF, RCMF, RCB",RDMF,40,RCMF,19,RCB,19,22.0,2004-04-05,0,2028-06-30,29,2691,2,3.09,1,0.8,10.17,52.3,Serbia,['Serbia'],unknown,0,0,False,6.32,4.72,63.12,2.21,48.48,0.07,0.09,0.33,3.2800000000000002,4.3,1.17,3,0.1,0,0.0,0.5700000000000001,0.07,2,0.07,0.1,0,0.0,21,0.7000000000000001,47.62,9.524000000000001,0.03,0.1,33.33,0.0,0.0,0.07,0.0,0.0,0.37,45.45,1.77,45.28,0.67,0.5,0.0,15.99,0.2,0.77,25.02,84.89,9.13,72.89,2.88,96.51,22.07,89.7,2.84,49.41,18.94,33.18,0.03,0.27,0.0,0.0,0.03,100.0,0.13,3.18,68.42,0.43,53.85,0.13,50.0,0.37,0.03,4.01,62.5,92.52,9.83,0,,0,,0,0.0,0.0,0.0,,,0.8,,2.21,0.03,0.03,0.0,0.0,0,0.0
O. Douglas,Owusu Douglas,-617770,Crvena Zvezda,Crvena Zvezda,https://cdn5.wyscout.com/photos/team/public/483_120x120.png,Super Liga,"RAMF, RW",RAMF,50,RW,34,,0,20.0,2006-04-10,0,,32,2684,9,6.79,1,4.32,21.36,47.57,Ghana,['Ghana'],,0,0,False,5.94,5.94,61.58,1.71,33.33,0.13,0.21,0.0,2.15,3.4,1.31,4,0.13,0,0.0,5.03,0.30000000000000004,6,0.2,0.23,0,0.0,67,2.25,38.81,13.433,0.03,2.01,41.67,0.17,40.0,1.78,43.4,0.34,5.94,54.24,11.7,44.13,3.29,2.88,0.23,19.52,2.01,1.88,27.06,77.82,6.14,69.95,7.51,91.96,22.67,83.58,2.41,54.17,18.37,30.88,0.14,1.44,0.03,0.0,0.27,37.5,0.77,2.11,63.49,3.08,63.04,0.4,16.67,1.48,0.77,4.53,77.04,75.0,8.72,0,,0,,0,0.0,0.0,0.0,,,0.2,,1.71,0.0,0.0,0.0,0.13,3,100.0
S. Simović,Slobodan Simović,90084,Radnički Kragujevac,Radnički Kragujevac,https://cdn5.wyscout.com/photos/team/public/g2849_120x120.png,Super Liga,"RCB, LCB",RCB,82,LCB,10,,0,37.0,1989-05-22,75000,,29,2664,4,2.95,0,0.74,13.48,64.16,Serbia,"['Serbia', 'Hungary']",right,192,90,False,8.18,5.1,72.19,3.34,54.55,0.24,0.35000000000000003,0.5700000000000001,4.26,6.39,0.91,6,0.2,1,0.03,0.91,0.14,4,0.14,0.1,1,0.03,23,0.78,43.48,17.391,0.0,0.24,42.86,0.03,100.0,0.17,40.0,0.0,0.61,77.78,3.55,65.71,0.91,2.2,0.14,26.69,0.1,1.5899999999999999,42.84,85.8,18.18,74.54,3.14,98.92,34.93,92.46,7.67,56.83,24.29,39.77,0.03,0.2,0.0,0.03,0.03,0.0,0.1,7.7,66.23,0.98,20.69,0.78,39.13,0.24,0.1,9.12,78.15,95.55,18.99,0,,0,,0,0.0,0.0,0.0,,,2.3,,3.34,0.0,0.0,0.0,0.0,0,0.0
B. Sekulić,Boris Sekulić,232816,Spartak Subotica,Spartak Subotica,https://cdn5.wyscout.com/photos/team/public/1956_120x120.png,Super Liga,"RB, RCB3, LCB",RB,24,RCB3,21,LCB,16,34.0,1991-10-21,300000,2026-06-30,28,2659,0,0.14,1,1.19,12.32,56.04,Serbia,"['Serbia', 'Slovakia']",right,187,82,False,7.51,5.25,70.97,1.79,50.94,0.03,0.04,0.24,3.76,4.72,1.05,4,0.14,1,0.03,0.61,0.0,0,0.0,0.0,0,0.0,3,0.1,0.0,0.0,0.03,0.58,47.06,0.0,0.0,0.54,43.75,0.07,0.58,58.82,3.35,44.44,0.85,0.58,0.03,21.8,0.78,0.71,33.75,83.45,13.54,73.0,4.13,95.9,30.06,88.74,3.11,39.13,17.9,35.18,0.04,0.30000000000000004,0.0,0.03,0.0,0.0,0.1,3.52,59.62,1.05,48.39,0.41000000000000003,33.33,0.47000000000000003,0.27,5.72,59.17,90.75,11.34,0,,0,,0,0.0,0.0,0.0,,,0.71,,1.79,0.0,0.0,0.0,0.0,0,0.0
L. Randelović,Lazar Randelović,461778,Vojvodina,Vojvodina,https://cdn5.wyscout.com/photos/team/public/700_120x120.png,Super Liga,"RAMF, RW, LAMF",RAMF,71,RW,14,LAMF,10,28.0,1997-08-05,1800000,2027-06-30,32,2656,7,9.87,9,5.78,14.94,41.04,Serbia,['Serbia'],right,175,68,False,4.71,4.61,62.5,1.5899999999999999,14.89,0.0,0.0,0.0,1.83,2.5700000000000003,0.81,3,0.1,0,0.0,3.83,0.24,7,0.24,0.33,0,0.0,69,2.34,43.48,10.145,0.30000000000000004,3.76,32.43,1.08,43.75,2.61,27.27,0.44,2.91,52.33,7.12,34.76,5.08,1.97,0.44,19.21,2.27,0.68,25.92,73.33,5.39,58.49,7.79,94.35,20.87,83.44,1.29,28.95,17.52,19.29,0.2,1.22,0.0,0.03,0.14,50.0,0.68,1.76,59.62,2.91,54.65,0.34,40.0,1.05,1.15,3.49,69.9,66.67,7.12,0,,0,,0,0.0,0.0,0.0,,,0.17,,1.5899999999999999,0.30000000000000004,0.03,0.0,1.5899999999999999,0,0.0
N. Tomović,Nenad Tomović,47172,Čukarički,Čukarički,https://cdn5.wyscout.com/photos/team/public/702_120x120.png,Super Liga,"RCB, CB",RCB,60,CB,28,,0,38.0,1987-08-30,150000,2027-06-30,29,2623,1,0.5700000000000001,0,0.37,10.5,61.76,Serbia,['Serbia'],right,184,80,False,7.65,4.19,70.49,4.05,57.63,0.17,0.24,0.6900000000000001,4.53,6.22,0.62,2,0.07,0,0.0,0.48,0.03,1,0.03,0.02,1,0.03,7,0.24,71.43,14.286,0.0,0.34,70.0,0.1,100.0,0.24,57.14,0.07,0.1,66.67,0.93,44.44,0.31,1.37,0.1,24.16,0.31,0.34,36.99,86.27,14.93,75.17,2.99,96.55,30.78,91.64,5.87,59.06,21.54,38.91,0.01,0.14,0.0,0.0,0.0,0.0,0.07,5.18,64.9,0.75,50.0,0.24,28.57,0.17,0.24,7.38,71.16,94.83,15.92,0,,0,,0,0.0,0.0,0.0,,,2.06,,4.05,0.0,0.0,0.0,0.0,0,0.0
D. Kolarić,Danijel Kolarić,-300442,Spartak Subotica,Spartak Subotica,https://cdn5.wyscout.com/photos/team/public/1956_120x120.png,Super Liga,"LCB, LCMF, LCB3",LCB,47,LCMF,24,LCB3,22,21.0,2005-02-10,0,2029-05-31,29,2621,1,1.09,0,0.01,14.9,50.46,Serbia,['Serbia'],unknown,0,0,False,9.79,7.0,57.35,3.5700000000000003,44.23,0.6900000000000001,0.87,0.65,5.08,6.45,1.27,11,0.38,0,0.0,0.14,0.03,1,0.03,0.04,0,0.0,6,0.21,33.33,16.667,0.0,0.07,0.0,0.07,0.0,0.0,0.0,0.0,0.1,66.67,2.44,39.44,0.27,1.4100000000000001,0.27,25.07,0.14,0.34,37.67,81.04,17.65,68.68,3.23,95.74,32.35,87.47,5.25,42.48,18.4,29.85,0.0,0.03,0.0,0.0,0.1,0.0,0.03,4.53,52.27,0.38,27.27,0.34,10.0,0.17,0.0,6.59,58.85,93.88,11.78,0,,0,,0,0.0,0.0,0.0,,,1.2,,3.5700000000000003,0.03,0.0,0.0,0.0,0,0.0
Y. Bilingi,Yohan Bilingi,470322,Spartak Subotica,Spartak Subotica,https://cdn5.wyscout.com/photos/team/public/1956_120x120.png,Super Liga,"RB, RCB3, LCB3",RB,39,RCB3,24,LCB3,16,27.0,1999-02-01,600000,2027-06-30,30,2620,0,0.65,1,0.5700000000000001,13.19,56.77,France,"['France', 'Congo DR']",right,183,84,False,8.9,6.94,62.87,2.8200000000000003,56.1,0.07,0.09,0.24,4.47,5.74,1.34,4,0.14,0,0.0,0.48,0.0,0,0.0,0.02,0,0.0,9,0.31,33.33,0.0,0.03,0.31,33.33,0.03,100.0,0.27,25.0,0.03,0.48,57.14,1.51,43.18,0.52,0.48,0.07,21.78,0.41000000000000003,0.31,35.55,82.71,14.91,68.66,3.68,95.33,30.47,89.06,4.8100000000000005,45.71,19.25,33.52,0.02,0.17,0.0,0.0,0.03,0.0,0.07,4.23,52.03,0.48,57.14,0.34,50.0,0.17,0.07,5.84,63.53,93.39,11.95,0,,0,,0,0.0,0.0,0.0,,,1.0,,2.8200000000000003,0.03,0.0,0.0,0.0,0,0.0
R. Bosić,Radivoj Bosić,467548,Bačka Topola,Bačka Topola,https://cdn5.wyscout.com/photos/team/public/g19686_120x120.png,Super Liga,"LAMF, LW, CF",LAMF,41,LW,35,CF,13,25.0,2000-12-01,400000,2026-06-30,32,2618,10,9.72,4,5.36,26.33,40.08,Serbia,['Serbia'],right,183,73,False,5.23,5.64,55.49,1.99,25.86,0.14,0.2,0.1,1.96,2.89,1.96,5,0.17,1,0.03,5.98,0.34,8,0.28,0.33,0,0.0,87,2.99,34.48,11.494,0.14,3.2,37.63,2.7199999999999998,37.97,0.48,35.71,0.52,6.63,54.92,15.95,38.15,3.85,3.16,0.48,14.23,1.34,1.2,22.0,68.13,5.57,53.09,5.12,89.93,16.02,77.68,3.03,48.86,20.4,38.98,0.18,1.27,0.07,0.07,0.17,60.0,0.8300000000000001,3.2,52.69,3.13,48.35,0.79,17.39,0.96,1.07,3.92,79.82,67.66,6.91,0,,0,,0,0.0,0.0,0.0,,,0.0,,1.99,0.48,0.14,0.0,1.27,3,66.667
S. Milić,Stefan Milić,466664,Partizan,Partizan,https://cdn5.wyscout.com/photos/team/public/699_120x120.png,Super Liga,RCB,RCB,90,,0,,0,25.0,2000-07-06,300000,2029-06-30,31,2613,0,1.9100000000000001,0,0.75,12.95,56.65,Montenegro,['Montenegro'],right,187,0,False,9.2,5.99,68.39,3.38,53.06,0.17,0.28,0.79,4.93,8.14,1.52,9,0.31,0,0.0,0.38,0.0,0,0.0,0.07,0,0.0,10,0.34,10.0,0.0,0.0,0.45,23.08,0.0,0.0,0.45,23.08,0.03,0.31,55.56,1.69,38.78,0.6900000000000001,1.62,0.03,39.33,0.72,0.55,56.28,88.19,24.39,79.8,4.34,96.03,50.15,92.86,5.68,52.12,20.1,34.38,0.03,0.34,0.03,0.0,0.07,100.0,0.07,7.03,73.04,1.0,41.38,0.24,57.14,0.41000000000000003,0.1,9.78,71.83,95.75,21.91,0,,0,,0,0.0,0.0,0.0,,,2.8200000000000003,,3.38,0.0,0.0,0.0,0.0,0,0.0
J. Marinković,Jovan Marinković,478285,Novi Pazar,Novi Pazar,https://cdn5.wyscout.com/photos/team/public/3838_120x120.png,Super Liga,"RB, RCB, LCB",RB,38,RCB,28,LCB,25,29.0,1996-09-12,250000,2027-06-30,30,2612,2,1.92,2,1.23,15.64,59.03,Serbia,['Serbia'],right,186,82,False,11.41,7.03,64.71,3.89,61.06,0.24,0.31,0.6900000000000001,6.62,8.45,1.0,5,0.17,0,0.0,0.86,0.07,2,0.07,0.07,0,0.0,15,0.52,33.33,13.333,0.07,0.6900000000000001,55.0,0.0,0.0,0.65,52.63,0.07,0.72,42.86,2.86,54.22,0.65,0.38,0.03,24.5,0.38,1.1,42.0,79.82,20.33,68.64,2.83,93.9,32.32,88.38,8.99,50.96,22.04,36.33,0.04,0.28,0.0,0.0,0.0,0.0,0.21,5.79,49.4,1.48,41.86,0.62,16.67,0.28,0.34,9.34,70.85,91.24,14.95,0,,0,,0,0.0,0.0,0.0,,,1.45,,3.89,0.0,0.0,0.0,0.0,0,0.0
U. Miladinović,Uroš Miladinović,-291492,Čukarički,Čukarički,https://cdn5.wyscout.com/photos/team/public/702_120x120.png,Super Liga,"LAMF, LW",LAMF,50,LW,17,,0,21.0,2004-06-16,0,2027-06-30,35,2602,6,7.92,2,2.17,24.7,39.78,Serbia,['Serbia'],right,0,0,False,6.33,6.74,52.31,2.63,32.89,0.28,0.38,0.1,2.52,3.42,2.14,7,0.24,0,0.0,3.56,0.21,6,0.21,0.27,1,0.03,62,2.14,40.32,9.677,0.07,1.42,24.39,1.21,28.57,0.21,0.0,0.35000000000000003,4.8100000000000005,48.2,13.21,36.13,3.46,2.49,0.31,16.74,1.25,1.83,22.17,72.7,6.19,63.13,5.36,87.74,19.09,77.54,1.69,57.14,17.08,20.46,0.08,0.66,0.03,0.0,0.17,20.0,0.21,2.94,69.41,1.8,51.92,0.31,11.11,0.8300000000000001,0.35000000000000003,3.56,71.84,71.66,6.47,0,,0,,0,0.0,0.0,0.0,,,0.07,,2.63,0.17,0.07,50.0,0.1,0,0.0
S. Jasper,Sylvester  Jasper,-67264,Železničar Pancevo,Železničar Pancevo,https://cdn5.wyscout.com/photos/team/public/g34577_120x120.png,Super Liga,"LW, LAMF, LWF",LW,63,LAMF,21,LWF,12,24.0,2001-09-13,600000,2027-06-30,32,2599,7,7.25,2,3.1,20.53,47.39,England,"['England', 'Bulgaria']",right,180,65,False,3.5,3.08,59.55,1.3900000000000001,30.0,0.03,0.05,0.03,1.63,2.44,0.6900000000000001,4,0.14,1,0.03,6.58,0.24,6,0.21,0.25,1,0.03,62,2.15,41.94,11.29,0.07,4.43,34.38,4.09,32.2,0.35000000000000003,60.0,0.66,6.99,58.42,14.06,48.28,2.6,4.26,0.45,23.48,1.94,2.5300000000000002,30.44,80.32,6.13,75.71,10.32,93.96,24.52,89.55,1.52,63.64,18.61,27.54,0.11,1.11,0.03,0.0,0.1,66.67,0.48,2.32,77.61,4.33,45.6,0.14,50.0,0.97,1.3900000000000001,4.5,86.92,71.12,9.59,0,,0,,0,0.0,0.0,0.0,,,0.28,,1.3900000000000001,0.6900000000000001,0.28,25.0,1.42,3,33.333
D. Crnomarković,Djordje Crnomarković,336895,Vojvodina,Vojvodina,https://cdn5.wyscout.com/photos/team/public/700_120x120.png,Super Liga,LCB,LCB,99,,0,,0,32.0,1993-09-10,500000,2026-06-30,29,2562,0,0.66,0,0.1,13.35,62.89,Serbia,['Serbia'],left,188,77,False,8.71,6.25,67.42,4.36,54.84,0.28,0.4,0.63,4.22,5.95,1.3,6,0.21,0,0.0,0.18,0.0,0,0.0,0.02,0,0.0,8,0.28,12.5,0.0,0.0,0.07,100.0,0.07,100.0,0.0,0.0,0.0,0.07,100.0,0.56,62.5,0.35000000000000003,0.74,0.07,25.4,0.35000000000000003,0.28,39.8,83.58,19.15,73.39,1.4100000000000001,92.5,32.81,90.47,6.92,50.76,21.91,35.87,0.0,0.11,0.0,0.0,0.0,0.0,0.04,5.52,51.59,0.6000000000000001,23.53,0.56,12.5,0.11,0.07,7.62,64.52,94.26,15.91,0,,0,,0,0.0,0.0,0.0,,,0.9500000000000001,,4.36,0.0,0.0,0.0,0.04,0,0.0
H. Hajdarević,Haris Hajdarević,423932,Radnik Surdulica,Radnik Surdulica,https://cdn5.wyscout.com/photos/team/public/g6756_120x120.png,Super Liga,"CF, AMF",CF,50,AMF,38,,0,27.0,1998-10-07,400000,2026-06-30,35,2541,1,4.65,3,1.65,23.48,37.25,Bosnia and Herzegovina,['Bosnia and Herzegovina'],right,181,77,False,4.53,4.43,55.2,4.07,17.39,0.21,0.28,0.04,1.88,2.51,1.52,4,0.14,0,0.0,2.02,0.04,1,0.04,0.16,0,0.0,44,1.56,25.0,2.273,0.11,1.42,27.5,0.35000000000000003,20.0,1.06,30.0,0.18,2.02,59.65,11.4,38.51,2.94,1.2,0.18,15.69,1.13,1.9500000000000002,27.34,70.6,7.58,60.28,5.45,86.36,23.45,75.83,2.62,47.3,18.01,31.01,0.06,0.92,0.04,0.04,0.07,50.0,0.46,4.0,50.44,2.2,35.48,0.32,33.33,1.1,0.21,3.86,70.64,68.4,8.85,0,,0,,0,0.0,0.0,0.0,,,0.07,,4.07,0.0,0.0,0.0,0.0,0,0.0
E. Sokler,Ester Sokler,469848,Radnički Kragujevac,Radnički Kragujevac,https://cdn5.wyscout.com/photos/team/public/g2849_120x120.png,Super Liga,CF,CF,99,,0,,0,26.0,1999-06-04,400000,2029-06-30,29,2535,15,13.34,1,1.29,15.69,36.88,Slovenia,['Slovenia'],right,181,71,False,3.27,3.05,52.33,4.54,50.78,0.11,0.15,0.11,1.56,2.25,1.07,4,0.14,0,0.0,1.35,0.53,13,0.46,0.47000000000000003,0,0.0,49,1.74,53.06,30.612,0.04,0.21,33.33,0.11,66.67,0.11,0.0,0.04,0.96,37.04,4.69,19.7,3.48,0.67,0.07,9.12,1.99,0.89,13.7,79.02,2.56,66.67,4.65,90.84,13.31,80.27,0.18,40.0,12.52,2.96,0.05,0.46,0.0,0.0,0.0,0.0,0.18,0.64,61.11,0.6000000000000001,58.82,0.0,0.0,0.6000000000000001,0.07,0.75,52.38,70.79,3.16,0,,0,,0,0.0,0.0,0.0,,,0.0,,4.54,0.0,0.0,0.0,0.0,2,100.0
M. Djokovic,Milan  Djokovic,-354866,Čukarički,Čukarički,https://cdn5.wyscout.com/photos/team/public/702_120x120.png,Super Liga,"LCB, LCB3",LCB,70,LCB3,26,,0,22.0,2003-09-25,0,2028-01-31,29,2516,2,2.54,0,0.07,12.45,57.47,Serbia,['Serbia'],unknown,0,0,False,8.05,5.04,62.41,4.04,56.64,0.32,0.43,0.5700000000000001,4.58,6.12,1.54,7,0.25,2,0.07,0.36,0.07,2,0.07,0.09,1,0.04,18,0.64,22.22,11.111,0.0,0.21,33.33,0.14,50.0,0.0,0.0,0.0,0.18,80.0,1.07,46.67,0.64,0.89,0.07,27.26,0.07,0.32,43.03,82.46,21.0,72.4,2.22,90.32,35.41,87.98,7.4,57.49,23.12,38.36,0.0,0.07,0.0,0.0,0.0,0.0,0.0,6.44,66.11,0.72,30.0,0.18,0.0,0.25,0.07,10.09,71.99,93.81,16.17,0,,0,,0,0.0,0.0,0.0,,,1.32,,4.04,0.04,0.0,0.0,0.0,0,0.0
M. Oreščanin,Mihailo Oreščanin,-92232,Mladost Lučani,Mladost Lučani,https://cdn5.wyscout.com/photos/team/public/703_120x120.png,Super Liga,"LCB3, RCB3",LCB3,52,RCB3,22,,0,28.0,1997-09-07,400000,2026-06-30,32,2505,0,1.46,0,0.16,14.8,58.5,Serbia,['Serbia'],right,187,80,False,11.25,6.93,70.98,3.88,50.93,0.32,0.34,0.8300000000000001,6.0,6.4,1.04,5,0.18,1,0.04,0.22,0.0,0,0.0,0.05,0,0.0,14,0.5,14.29,0.0,0.0,0.29,25.0,0.04,0.0,0.25,28.57,0.0,0.22,33.33,1.58,50.0,0.54,0.72,0.07,23.14,0.11,1.01,37.4,81.94,17.03,70.46,2.84,94.94,30.14,90.23,6.97,48.45,20.58,31.8,0.01,0.07,0.0,0.0,0.0,0.0,0.04,5.07,53.19,1.04,31.03,0.5,14.29,0.29,0.07,7.72,62.79,94.72,14.3,0,,0,,0,0.0,0.0,0.0,,,1.83,,3.88,0.0,0.0,0.0,0.0,0,0.0
L. Balević,Lazar Balević,-545753,Napredak Kruševac,Napredak Kruševac,https://cdn5.wyscout.com/photos/team/public/704_120x120.png,Super Liga,GK,GK,100,,0,,0,18.0,2007-08-24,0,2028-05-31,27,2497,0,0.0,0,0.0,0.76,80.95,Serbia,['Serbia'],unknown,0,0,False,1.26,0.11,33.33,0.32,100.0,0.0,0.0,0.0,1.23,1.54,0.04,2,0.07,0,0.0,0.0,0.0,0,0.0,0.0,0,0.0,0,0.0,0.0,0.0,0.0,0.0,0.0,0.0,0.0,0.0,0.0,0.0,0.0,0.0,0.14,100.0,0.0,0.0,0.0,9.05,0.14,0.25,14.38,82.71,9.48,74.9,0.07,100.0,7.86,96.79,6.52,65.75,34.05,46.81,0.0,0.0,0.0,0.0,0.0,0.0,0.0,0.97,48.15,0.04,0.0,0.04,0.0,0.0,0.0,5.77,70.0,97.6,4.51,57,2.05,162,5.84,5,64.81,50.81,1.83,-6.19,-0.223,0.04,1.55,0.32,,,,0.0,0,0.0
A. Majdevac,Andrija Majdevac,402142,Napredak Kruševac,Napredak Kruševac,https://cdn5.wyscout.com/photos/team/public/704_120x120.png,Super Liga,CF,CF,99,,0,,0,28.0,1997-08-07,800000,2026-06-30,29,2477,9,6.67,3,2.31,15.81,33.1,Serbia,['Serbia'],right,186,77,False,1.85,1.2,54.55,3.71,31.37,0.04,0.05,0.04,1.16,1.53,0.91,5,0.18,0,0.0,1.34,0.33,9,0.33,0.24,1,0.04,40,1.45,40.0,22.5,0.11,0.62,11.76,0.22,33.33,0.4,0.0,0.07,1.13,61.29,7.7,33.02,2.76,0.58,0.15,10.68,1.09,1.67,14.57,75.31,2.83,57.69,5.23,87.5,13.44,79.19,0.51,50.0,14.65,11.19,0.08,0.55,0.04,0.04,0.11,0.0,0.22,1.09,56.67,0.9400000000000001,38.46,0.22,0.0,0.6900000000000001,0.07,0.91,68.0,73.81,3.05,0,,0,,0,0.0,0.0,0.0,,,0.04,,3.71,0.0,0.0,0.0,0.04,1,0.0
S. Abubakar,Sadick Abubakar,-186502,Radnik Surdulica,Radnik Surdulica,https://cdn5.wyscout.com/photos/team/public/g6756_120x120.png,Super Liga,"RCB, LB, RB",RCB,52,LB,22,RB,14,28.0,1998-02-02,0,2026-06-30,29,2465,1,0.63,0,0.23,17.16,55.32,Ghana,['Ghana'],right,187,79,False,10.73,8.14,64.57,4.24,51.72,0.26,0.34,0.55,5.22,7.04,2.15,9,0.33,1,0.04,0.55,0.04,1,0.04,0.02,1,0.04,13,0.47000000000000003,38.46,7.692,0.0,0.62,35.29,0.29,12.5,0.33,55.56,0.07,0.26,57.14,2.3,28.57,0.4,0.51,0.0,17.78,0.8,0.55,30.45,78.3,15.52,69.65,2.52,94.2,23.33,86.07,6.54,54.19,22.49,36.48,0.01,0.15,0.0,0.0,0.0,0.0,0.0,4.97,62.5,0.88,37.5,0.26,42.86,0.07,0.22,7.67,70.95,86.59,9.53,0,,0,,0,0.0,0.0,0.0,,,1.28,,4.24,0.0,0.0,0.0,0.0,0,0.0
A. Cvetković,Aleksa Cvetković,-379287,OFK Beograd,OFK Beograd,https://cdn5.wyscout.com/photos/team/public/705_120x120.png,Super Liga,"RCMF, AMF, RCMF3",RCMF,24,AMF,18,RCMF3,12,21.0,2005-05-13,0,2027-06-30,35,2445,3,3.37,3,1.53,14.36,44.36,Serbia,['Serbia'],right,0,0,False,6.22,5.96,59.26,1.9500000000000002,22.64,0.18,0.29,0.22,2.5,3.91,0.77,5,0.18,0,0.0,1.1400000000000001,0.11,2,0.07,0.12,0,0.0,20,0.74,40.0,15.0,0.11,0.63,23.53,0.26,28.57,0.37,20.0,0.07,1.3599999999999999,45.95,4.75,29.46,1.77,0.74,0.18,17.19,1.07,0.7000000000000001,27.98,76.58,7.21,55.61,6.99,91.05,25.33,80.81,2.02,40.0,16.44,25.1,0.06,0.52,0.07,0.0,0.07,100.0,0.15,3.02,60.98,1.6600000000000001,48.89,0.37,50.0,0.85,0.15,3.7199999999999998,60.4,82.01,8.8,0,,0,,0,0.0,0.0,0.0,,,0.81,,1.9500000000000002,0.0,0.0,0.0,0.04,1,100.0
S. Jovanović,Stefan Jovanović,455329,Bačka Topola,Bačka Topola,https://cdn5.wyscout.com/photos/team/public/g19686_120x120.png,Super Liga,RB,RB,85,,0,,0,32.0,1994-04-07,700000,2027-06-30,30,2438,1,1.02,5,3.52,17.57,52.94,Serbia,['Serbia'],both,175,75,False,10.34,9.71,59.7,2.21,36.67,0.52,0.75,0.15,4.02,5.8100000000000005,1.85,9,0.33,0,0.0,1.96,0.04,1,0.04,0.04,0,0.0,18,0.66,16.67,5.556,0.18,3.25,35.23,0.15,25.0,3.06,34.94,0.26,0.92,68.0,4.1,45.95,0.85,1.11,0.07,27.06,1.11,1.29,40.09,75.14,16.69,66.81,5.28,88.81,32.78,82.77,4.17,45.13,18.79,30.92,0.13,0.96,0.0,0.04,0.15,50.0,0.66,6.61,66.48,3.25,50.0,0.59,43.75,0.7000000000000001,1.11,9.71,75.29,81.82,11.78,0,,0,,0,0.0,0.0,0.0,,,0.74,,2.21,0.0,0.0,0.0,0.0,0,0.0
A. Vukanović,Aleksa Vukanović,362989,Vojvodina,Vojvodina,https://cdn5.wyscout.com/photos/team/public/700_120x120.png,Super Liga,CF,CF,97,,0,,0,33.0,1992-06-18,500000,2026-06-30,34,2418,7,7.08,2,2.74,20.92,37.54,Serbia,['Serbia'],right,189,80,False,3.98,3.2,60.47,5.92,34.59,0.19,0.26,0.07,1.8599999999999999,2.62,1.0,3,0.11,1,0.04,2.27,0.26,7,0.26,0.26,1,0.04,49,1.82,44.9,14.286,0.07,0.97,26.92,0.56,13.33,0.33,55.56,0.19,1.53,68.29,8.37,36.44,2.98,1.23,0.11,12.39,2.46,1.8599999999999999,17.57,70.13,4.28,60.0,4.17,87.5,15.89,72.83,0.86,65.22,14.73,15.31,0.1,0.8200000000000001,0.04,0.0,0.37,40.0,0.52,1.75,57.45,1.15,48.39,0.26,28.57,0.67,0.19,1.8599999999999999,66.0,62.1,4.62,0,,0,,0,0.0,0.0,0.0,,,0.04,,5.92,0.0,0.0,0.0,0.0,0,0.0
M. Vulić,Miloš Vulić,296972,Napredak Kruševac,Napredak Kruševac,https://cdn5.wyscout.com/photos/team/public/704_120x120.png,Super Liga,"AMF, LCMF",AMF,29,LCMF,29,,0,29.0,1996-08-19,600000,,30,2400,4,2.75,0,1.9500000000000002,18.53,48.58,Serbia,['Serbia'],right,183,74,False,5.25,4.24,56.64,2.25,48.33,0.45,0.56,0.0,2.4,3.0,1.01,5,0.19,1,0.04,1.8399999999999999,0.15,4,0.15,0.1,1,0.04,33,1.24,36.36,12.121,0.0,0.71,42.11,0.38,20.0,0.34,66.67,0.19,1.73,58.7,9.3,47.58,1.09,1.8399999999999999,0.08,25.84,0.56,2.63,38.29,81.19,12.75,68.24,4.65,92.74,34.99,83.82,2.59,56.52,18.32,30.56,0.07,0.75,0.08,0.04,0.26,28.57,0.08,7.46,71.86,1.8399999999999999,42.86,0.79,23.81,0.56,0.30000000000000004,6.86,76.5,89.16,15.23,0,,0,,0,0.0,0.0,0.0,,,0.26,,2.25,1.88,0.11,33.33,2.59,0,0.0
J. Tumbasević,Janko Tumbasević,47184,Mladost Lučani,Mladost Lučani,https://cdn5.wyscout.com/photos/team/public/703_120x120.png,Super Liga,"DMF, RCMF",DMF,49,RCMF,27,,0,41.0,1985-01-14,50000,2026-06-30,33,2399,1,0.79,1,0.25,15.72,53.7,Serbia,"['Serbia', 'Montenegro']",right,179,75,False,9.08,7.09,64.55,3.3,54.55,0.49,0.53,0.19,4.01,4.39,1.46,7,0.26,0,0.0,0.23,0.04,1,0.04,0.03,1,0.04,11,0.41000000000000003,9.09,9.091,0.04,0.38,20.0,0.11,0.0,0.23,33.33,0.04,0.41000000000000003,27.27,3.0,37.5,0.34,0.9,0.0,26.64,0.49,0.79,39.88,82.31,14.78,70.05,5.25,92.86,36.32,85.64,3.23,52.33,16.29,28.36,0.01,0.23,0.0,0.0,0.0,0.0,0.04,7.09,68.25,1.05,35.71,0.19,60.0,0.41000000000000003,0.04,6.57,68.57,88.69,12.61,0,,0,,0,0.0,0.0,0.0,,,0.38,,3.3,0.04,0.04,0.0,0.04,0,0.0
U. Stojanović,Uroš Stojanović,461707,OFK Beograd,OFK Beograd,https://cdn5.wyscout.com/photos/team/public/705_120x120.png,Super Liga,"LB, LB5, LWB",LB,58,LB5,19,LWB,11,30.0,1995-08-23,250000,2026-06-30,27,2361,2,0.7000000000000001,0,0.37,16.81,57.37,Serbia,['Serbia'],both,181,75,False,11.05,8.77,63.91,3.16,57.83,0.34,0.54,0.19,5.11,8.07,1.87,6,0.23,0,0.0,0.53,0.08,2,0.08,0.03,1,0.04,7,0.27,42.86,28.571,0.0,1.03,14.81,0.9500000000000001,12.0,0.0,0.0,0.15,0.38,70.0,2.55,44.78,1.18,1.11,0.11,23.44,1.22,0.61,35.72,78.12,16.32,70.79,5.72,90.67,31.75,84.15,2.94,35.06,18.17,30.85,0.01,0.38,0.04,0.0,0.0,0.0,0.08,4.54,63.87,1.37,36.11,0.27,14.29,0.38,0.19,7.8100000000000005,66.34,83.93,8.54,0,,0,,0,0.0,0.0,0.0,,,0.8,,3.16,0.04,0.0,0.0,0.04,0,0.0
L. Subotić,Luka Subotić,-139955,Spartak Subotica,Spartak Subotica,https://cdn5.wyscout.com/photos/team/public/1956_120x120.png,Super Liga,"RCB, CB, LCB3",RCB,53,CB,18,LCB3,14,23.0,2003-01-22,0,2028-06-30,26,2353,2,0.53,0,0.12,15.99,60.05,Serbia,['Serbia'],right,190,83,False,11.97,7.19,61.17,4.82,65.87,0.65,0.85,0.96,6.92,9.02,1.6800000000000002,5,0.19,1,0.04,0.23,0.08,2,0.08,0.02,2,0.08,5,0.19,60.0,40.0,0.0,0.11,33.33,0.0,0.0,0.08,0.0,0.04,0.15,50.0,1.42,48.65,0.5,0.34,0.04,21.53,0.27,0.76,36.41,79.94,16.68,66.74,2.14,92.86,29.57,87.84,6.73,46.02,22.24,37.14,0.0,0.08,0.0,0.0,0.0,0.0,0.04,4.48,49.57,0.5700000000000001,20.0,0.27,57.14,0.11,0.04,7.96,60.1,92.0,14.34,0,,0,,0,0.0,0.0,0.0,,,1.42,,4.82,0.0,0.0,0.0,0.0,0,0.0
A. Katai,Aleksandar Katai,122143,Crvena Zvezda,Crvena Zvezda,https://cdn5.wyscout.com/photos/team/public/483_120x120.png,Super Liga,"CF, AMF, LAMF",CF,49,AMF,21,LAMF,19,35.0,1991-02-06,1300000,2027-06-30,31,2353,24,23.2,5,5.86,16.52,47.92,Serbia,['Serbia'],right,182,70,False,3.29,3.33,64.37,2.98,44.87,0.15,0.29,0.0,0.99,1.85,0.88,0,0.0,0,0.0,5.66,0.92,22,0.84,0.89,5,0.19,139,5.32,46.04,17.266,0.19,2.87,24.0,2.26,23.73,0.54,28.57,0.54,3.9,59.8,8.19,44.86,7.84,3.33,0.23,32.01,1.6400000000000001,0.5,38.21,78.08,10.17,69.17,8.11,92.45,33.2,83.87,2.22,60.34,17.0,29.49,0.22,1.26,0.11,0.04,0.38,50.0,0.6900000000000001,4.55,71.43,4.17,55.05,0.8,47.62,2.75,0.6900000000000001,5.43,86.62,79.47,11.55,0,,0,,0,0.0,0.0,0.0,,,0.42,,2.98,0.61,0.27,28.57,0.19,2,100.0
B. Osei,Kwaku Bonsu Osei,450619,Spartak Subotica,Spartak Subotica,https://cdn5.wyscout.com/photos/team/public/1956_120x120.png,Super Liga,CF,CF,72,,0,,0,25.0,2000-08-17,100000,2027-06-30,32,2340,7,7.42,2,1.63,16.15,28.81,Ghana,['Ghana'],right,171,66,False,2.77,3.27,49.41,1.92,6.0,0.12,0.14,0.0,1.04,1.29,1.54,7,0.27,0,0.0,2.42,0.27,7,0.27,0.29,0,0.0,60,2.31,53.33,11.667,0.08,0.62,37.5,0.12,33.33,0.46,41.67,0.12,2.08,44.44,8.31,26.39,2.88,1.58,0.35000000000000003,14.23,2.23,1.0,17.85,77.16,3.38,65.91,5.04,90.84,16.88,79.5,0.35000000000000003,33.33,14.88,8.56,0.06,0.92,0.0,0.0,0.15,25.0,0.19,1.65,53.49,1.23,56.25,0.12,33.33,0.88,0.23,1.77,71.74,75.0,5.38,0,,0,,0,0.0,0.0,0.0,,,0.15,,1.92,0.0,0.0,0.0,0.0,0,0.0
A. Pavlovic,Andrej Pavlovic,-483642,OFK Beograd U19,OFK Beograd,https://cdn5.wyscout.com/photos/team/public/g-6115_120x120.png,U19 League,"RCB, CB",RCB,53,CB,28,,0,18.0,2007-07-29,0,,26,2337,0,0.36,1,0.71,10.13,58.56,Serbia,['Serbia'],unknown,0,0,False,8.55,4.47,66.38,2.9699999999999998,55.84,0.39,0.55,0.92,5.2,7.49,1.16,9,0.35000000000000003,0,0.0,0.08,0.0,0,0.0,0.01,0,0.0,5,0.19,0.0,0.0,0.04,0.0,0.0,0.0,0.0,0.0,0.0,0.0,0.12,66.67,0.89,34.78,0.39,1.19,0.04,28.96,0.12,0.54,41.75,85.06,14.83,67.79,3.81,98.99,36.7,91.08,5.04,41.22,21.46,37.43,0.03,0.12,0.0,0.0,0.08,0.0,0.08,4.27,57.66,0.54,14.29,0.62,18.75,0.19,0.0,6.85,58.43,96.0,20.22,0,,0,,0,0.0,0.0,0.0,,,2.9699999999999998,,2.9699999999999998,0.0,0.0,0.0,0.0,0,0.0
N. Marjanovic,Nikola Marjanovic,-354766,Radnički Kragujevac,Radnički Kragujevac,https://cdn5.wyscout.com/photos/team/public/g2849_120x120.png,Super Liga,"LCB, RCB",LCB,63,RCB,30,,0,28.0,1998-04-16,0,,26,2330,0,0.63,0,0.34,15.3,64.9,Serbia,['Serbia'],right,190,0,False,9.39,5.91,72.55,4.79,58.87,0.5,0.7000000000000001,0.77,4.6,6.39,1.31,5,0.19,0,0.0,0.35000000000000003,0.0,0,0.0,0.02,0,0.0,6,0.23,16.67,0.0,0.0,0.0,0.0,0.0,0.0,0.0,0.0,0.0,0.27,85.71,1.97,62.75,0.62,1.12,0.0,24.76,0.23,0.85,40.06,86.5,15.84,73.66,3.24,97.62,35.92,91.08,4.13,46.73,19.77,30.13,0.01,0.19,0.0,0.0,0.15,50.0,0.04,5.29,70.8,0.46,25.0,0.62,37.5,0.23,0.0,5.91,62.75,97.1,17.34,0,,0,,0,0.0,0.0,0.0,,,2.55,,4.79,0.0,0.0,0.0,0.0,0,0.0
B. Knezević,Branislav Knezević,-186943,Železničar Pancevo,Železničar Pancevo,https://cdn5.wyscout.com/photos/team/public/g34577_120x120.png,Super Liga,"RCMF, LCMF, RDMF",RCMF,39,LCMF,15,RDMF,11,23.0,2002-07-21,300000,2026-06-30,30,2323,3,1.47,0,0.8200000000000001,11.62,45.33,Serbia,['Serbia'],right,188,79,False,4.65,3.7199999999999998,48.96,1.78,41.3,0.23,0.33,0.15,2.6,3.64,1.43,4,0.15,0,0.0,1.16,0.12,3,0.12,0.06,0,0.0,20,0.77,30.0,15.0,0.0,0.58,13.33,0.15,0.0,0.43,18.18,0.19,1.05,81.48,4.11,45.28,0.89,0.93,0.08,17.09,0.31,0.93,24.25,84.5,5.77,70.47,6.32,96.32,22.47,88.45,1.2,45.16,19.12,16.01,0.03,0.15,0.04,0.0,0.04,0.0,0.15,2.94,65.79,0.77,30.0,0.19,0.0,0.27,0.08,2.48,67.19,87.04,9.57,0,,0,,0,0.0,0.0,0.0,,,0.7000000000000001,,1.78,0.0,0.0,0.0,0.0,0,0.0
S. Bukorac,Stefan Bukorac,201841,Napredak Kruševac,Napredak Kruševac,https://cdn5.wyscout.com/photos/team/public/704_120x120.png,Super Liga,"LCB, RCB, RCB3",LCB,42,RCB,26,RCB3,12,35.0,1991-02-15,150000,2026-06-30,28,2307,1,2.12,0,0.0,16.81,64.27,Serbia,['Serbia'],right,193,91,False,12.56,7.45,66.49,5.62,65.97,0.98,1.16,1.01,6.63,7.92,1.87,11,0.43,1,0.04,0.31,0.04,1,0.04,0.08,0,0.0,10,0.39,40.0,10.0,0.0,0.23,33.33,0.04,0.0,0.2,40.0,0.0,0.12,66.67,1.25,43.75,0.59,0.12,0.04,23.13,0.35000000000000003,0.8200000000000001,38.66,82.74,16.5,72.34,2.65,94.12,32.07,90.15,6.4,46.95,21.1,35.24,0.0,0.04,0.0,0.0,0.04,0.0,0.0,3.9,56.0,0.51,23.08,0.16,0.0,0.12,0.04,7.61,64.62,92.44,15.99,0,,0,,0,0.0,0.0,0.0,,,1.79,,5.62,0.0,0.0,0.0,0.0,0,0.0
M. Mijailović,Marko Mijailović,317300,Radnički Niš,Radnički Niš,https://cdn5.wyscout.com/photos/team/public/g2850_120x120.png,Super Liga,"RB, RCB",RB,59,RCB,11,,0,28.0,1997-08-14,750000,2027-06-30,32,2297,0,0.6900000000000001,0,1.31,13.83,57.51,Serbia,['Serbia'],right,188,0,False,8.35,6.46,60.0,1.92,67.35,0.31,0.43,0.27,4.15,5.69,0.8200000000000001,6,0.24,0,0.0,1.92,0.0,0,0.0,0.03,0,0.0,15,0.59,6.67,0.0,0.0,2.66,38.24,0.2,20.0,2.43,38.71,0.27,1.57,55.0,3.8,51.55,0.43,1.33,0.27,22.22,1.45,1.18,33.15,75.3,15.12,66.06,3.37,94.19,24.92,85.06,5.92,49.67,22.7,37.38,0.05,0.43,0.04,0.0,0.0,0.0,0.24,6.66,57.65,2.74,44.29,0.43,27.27,0.47000000000000003,0.9400000000000001,7.8,75.88,81.85,11.01,0,,0,,0,0.0,0.0,0.0,,,0.31,,1.92,0.04,0.0,0.0,0.16,0,0.0
S. Urošević,Slobodan Urošević,295267,Bačka Topola,Bačka Topola,https://cdn5.wyscout.com/photos/team/public/g19686_120x120.png,Super Liga,"LB, LB5",LB,79,LB5,13,,0,32.0,1994-04-15,2000000,,26,2273,0,2.56,0,1.03,16.63,55.0,Serbia,['Serbia'],left,184,73,False,8.16,6.37,65.22,4.16,60.95,0.32,0.47000000000000003,0.2,3.68,5.42,1.27,3,0.12,0,0.0,1.6600000000000001,0.0,0,0.0,0.1,0,0.0,21,0.8300000000000001,33.33,0.0,0.0,3.33,23.81,3.13,25.32,0.2,0.0,0.44,1.35,44.12,4.28,33.33,1.35,0.9500000000000001,0.08,32.35,1.3900000000000001,0.87,45.81,75.8,19.16,69.21,7.6,94.27,35.95,86.56,6.8100000000000005,43.02,19.85,36.24,0.04,0.4,0.04,0.08,0.04,0.0,0.16,6.69,67.46,3.25,37.8,0.63,37.5,0.51,0.63,10.14,71.48,75.24,12.31,0,,0,,0,0.0,0.0,0.0,,,0.79,,4.16,0.08,0.04,0.0,0.28,0,0.0
S. Jovanović,Saša Jovanović,136621,Bačka Topola,Bačka Topola,https://cdn5.wyscout.com/photos/team/public/g19686_120x120.png,Super Liga,"CF, RW, RAMF",CF,58,RW,15,RAMF,14,34.0,1991-12-15,1000000,2027-06-23,29,2231,5,9.74,3,3.99,14.0,34.01,Serbia,['Serbia'],right,176,75,False,2.42,2.9,48.61,1.69,16.67,0.04,0.06,0.0,0.97,1.46,1.4100000000000001,3,0.12,0,0.0,2.7,0.2,4,0.16,0.39,0,0.0,49,1.98,38.78,10.204,0.12,2.86,30.99,0.56,28.57,2.3,31.58,0.36,1.57,61.54,6.62,34.15,4.16,0.56,0.24,11.54,2.3,1.09,15.37,61.94,3.83,50.53,3.07,86.84,11.38,73.05,1.33,36.36,21.73,29.0,0.16,1.4100000000000001,0.04,0.0,0.12,66.67,0.61,1.73,44.19,2.86,40.85,0.24,16.67,0.97,0.81,2.06,76.47,59.5,4.88,0,,0,,0,0.0,0.0,0.0,,,0.0,,1.69,0.36,0.16,25.0,0.6900000000000001,2,50.0
K. Karikari,Kwaku Karikari,-369667,Železničar Pancevo,Železničar Pancevo,https://cdn5.wyscout.com/photos/team/public/g34577_120x120.png,Super Liga,CF,CF,99,,0,,0,24.0,2002-03-25,0,2028-06-30,28,2226,9,7.48,1,0.37,18.23,32.15,Ghana,['Ghana'],right,183,72,True,2.55,1.8599999999999999,58.7,5.42,30.6,0.04,0.06,0.04,1.42,2.07,1.17,4,0.16,1,0.04,1.13,0.36,9,0.36,0.30000000000000004,2,0.08,33,1.33,48.48,27.273,0.04,0.36,22.22,0.08,0.0,0.28,28.57,0.12,1.01,40.0,7.36,26.37,2.55,0.65,0.24,8.21,1.98,1.37,12.17,77.41,2.39,66.1,4.16,86.41,11.28,80.29,0.5700000000000001,57.14,15.17,14.68,0.01,0.44,0.0,0.0,0.04,0.0,0.2,0.81,70.0,0.77,47.37,0.08,0.0,0.49,0.04,0.97,45.83,73.08,3.15,0,,0,,0,0.0,0.0,0.0,,,0.12,,5.42,0.0,0.0,0.0,0.0,0,0.0
N. Miletić,Nemanja Miletić,201570,Čukarički,Čukarički,https://cdn5.wyscout.com/photos/team/public/702_120x120.png,Super Liga,"RB, RCB3, RCB",RB,64,RCB3,18,RCB,14,35.0,1991-01-16,350000,,25,2217,2,2.14,0,0.51,12.79,56.51,Serbia,['Serbia'],right,187,83,False,6.74,6.17,57.24,2.44,65.0,0.08,0.11,0.16,3.13,4.32,1.1400000000000001,5,0.2,0,0.0,0.89,0.08,2,0.08,0.09,1,0.04,11,0.45,36.36,18.182,0.0,1.3,28.13,0.0,0.0,1.26,29.03,0.2,0.53,69.23,2.6,48.44,1.01,0.89,0.04,19.57,0.6900000000000001,0.6900000000000001,30.57,78.49,13.19,69.85,3.94,88.66,24.44,85.38,4.91,57.02,21.22,35.82,0.02,0.41000000000000003,0.0,0.0,0.0,0.0,0.16,4.71,59.48,1.1400000000000001,46.43,0.32,37.5,0.2,0.32,6.74,69.88,86.55,9.66,0,,0,,0,0.0,0.0,0.0,,,1.42,,2.44,0.0,0.0,0.0,0.0,0,0.0
L. Bayere,Loué Bayéré Junior,-144636,Javor Ivanjica,Javor Ivanjica,https://cdn5.wyscout.com/photos/team/public/1255_120x120.png,Super Liga,CF,CF,90,,0,,0,25.0,2001-01-14,250000,2027-01-15,31,2212,8,7.64,2,1.63,19.04,36.75,Côte d'Ivoire,"[""Côte d'Ivoire""]",left,188,64,False,2.48,2.32,56.14,5.21,35.94,0.08,0.1,0.12,1.1,1.31,0.98,2,0.08,1,0.04,1.79,0.33,8,0.33,0.31,2,0.08,34,1.38,50.0,23.529,0.08,0.45,18.18,0.33,12.5,0.08,50.0,0.04,1.79,56.82,7.89,34.54,3.13,1.51,0.37,7.04,1.06,1.55,12.49,77.52,2.24,70.91,3.87,87.37,11.72,80.21,0.37,55.56,14.36,11.18,0.07,0.49,0.0,0.04,0.0,0.0,0.37,1.42,74.29,0.9400000000000001,56.52,0.04,0.0,0.5700000000000001,0.12,1.55,76.32,74.12,3.46,0,,0,,0,0.0,0.0,0.0,,,0.0,,5.21,0.0,0.0,0.0,0.0,0,0.0
S. Manojlović,Strahinja  Manojlović,-126105,Radnički Niš,Radnički Niš,https://cdn5.wyscout.com/photos/team/public/g2850_120x120.png,Super Liga,GK,GK,100,,0,,0,23.0,2002-08-11,800000,2026-06-30,22,2167,0,0.0,0,0.0,0.46,100.0,Bosnia and Herzegovina,"['Bosnia and Herzegovina', 'Serbia']",right,190,79,False,1.45,0.0,0.0,0.37,100.0,0.0,0.0,0.0,1.45,2.13,0.0,1,0.04,0,0.0,0.0,0.0,0,0.0,0.0,0,0.0,0,0.0,0.0,0.0,0.0,0.0,0.0,0.0,0.0,0.0,0.0,0.0,0.0,0.0,0.08,100.0,0.0,0.0,0.0,10.3,0.17,0.12,16.24,85.17,8.68,76.08,0.0,0.0,10.05,98.35,6.15,64.19,32.88,47.19,0.0,0.0,0.0,0.0,0.0,0.0,0.0,1.62,43.59,0.04,0.0,0.12,66.67,0.0,0.0,4.11,76.77,95.78,6.89,31,1.29,91,3.7800000000000002,4,65.93,30.9,1.28,-0.1,-0.004,0.0,0.87,0.37,,,,0.0,0,0.0
A. Todoroski,Andrej Todoroski,482701,Bačka Topola,Bačka Topola,https://cdn5.wyscout.com/photos/team/public/g19686_120x120.png,Super Liga,"RW, RAMF",RW,57,RAMF,26,,0,27.0,1999-04-19,1500000,2027-06-30,32,2161,9,8.0,6,5.8100000000000005,22.45,43.23,North Macedonia,"['North Macedonia', 'Austria']",left,174,67,False,4.46,4.29,60.19,1.92,15.22,0.04,0.06,0.04,1.83,2.7199999999999998,0.92,3,0.12,0,0.0,5.79,0.37,8,0.33,0.33,0,0.0,82,3.42,40.24,10.975999999999999,0.25,1.5,38.89,0.08,50.0,1.37,39.39,0.37,6.08,62.33,14.83,44.38,3.33,3.0,0.17,20.41,1.54,2.17,25.86,81.32,7.04,66.27,6.37,96.73,22.36,87.34,2.12,43.14,17.45,28.01,0.24,1.58,0.04,0.0,0.33,12.5,0.5,3.66,68.18,2.92,47.14,0.8300000000000001,25.0,1.42,0.67,3.75,83.33,80.1,7.95,0,,0,,0,0.0,0.0,0.0,,,0.0,,1.92,1.21,0.46,36.36,2.71,1,100.0
T.  Skima Kobinah,Togbe  Skima Kobinah,-664155,Novi Pazar,Novi Pazar,https://cdn5.wyscout.com/photos/team/public/3838_120x120.png,Super Liga,"RDMF, RCMF, LDMF",RDMF,37,RCMF,21,LDMF,13,19.0,2006-06-15,0,2027-06-30,33,2141,0,1.34,0,0.88,15.93,50.66,Ghana,['Ghana'],,0,0,False,7.44,6.77,65.22,1.9300000000000002,52.17,0.21,0.27,0.17,2.8200000000000003,3.6,1.09,3,0.13,0,0.0,1.3900000000000001,0.0,0,0.0,0.06,0,0.0,27,1.13,33.33,0.0,0.0,1.01,45.83,0.08,50.0,0.88,42.86,0.13,1.05,52.0,5.13,38.52,0.67,1.6,0.21,19.42,0.42,0.84,30.31,81.41,10.55,70.92,5.59,90.98,26.48,85.24,2.9,57.97,18.44,30.96,0.04,0.55,0.0,0.04,0.13,0.0,0.25,6.18,74.83,1.56,56.76,0.29,14.29,0.63,0.5,5.34,77.95,86.01,10.21,0,,0,,0,0.0,0.0,0.0,,,0.67,,1.9300000000000002,0.0,0.0,0.0,0.0,0,0.0
B. Roux,Baptiste Roux,-52034,Bačka Topola,Bačka Topola,https://cdn5.wyscout.com/photos/team/public/g19686_120x120.png,Super Liga,"LCB, LCB3",LCB,82,LCB3,16,,0,26.0,1999-11-26,600000,2026-06-30,25,2140,0,1.3599999999999999,0,0.6000000000000001,12.95,65.91,France,['France'],left,190,79,False,7.57,5.68,65.19,5.0,71.43,0.29,0.43,0.17,3.5700000000000003,5.2,1.26,4,0.17,0,0.0,0.25,0.0,0,0.0,0.06,0,0.0,6,0.25,16.67,0.0,0.0,0.42,20.0,0.42,20.0,0.0,0.0,0.04,0.13,66.67,0.84,65.0,0.55,1.18,0.04,41.97,0.34,0.25,60.22,84.71,22.58,70.02,2.48,98.31,51.39,91.82,8.45,44.28,22.04,41.5,0.03,0.17,0.04,0.04,0.08,50.0,0.0,9.93,61.86,1.35,31.25,1.01,20.83,0.46,0.08,10.3,70.2,94.54,30.03,0,,0,,0,0.0,0.0,0.0,,,1.6800000000000002,,5.0,0.0,0.0,0.0,0.0,0,0.0
A. Radonjić,Aleksa Radonjić,-409217,Javor Ivanjica,Javor Ivanjica,https://cdn5.wyscout.com/photos/team/public/1255_120x120.png,Super Liga,"LW, LAMF, RAMF",LW,38,LAMF,25,RAMF,18,20.0,2005-10-24,0,2026-06-30,29,2136,6,5.46,1,0.61,21.03,41.28,Serbia,['Serbia'],,0,0,False,4.97,5.27,49.6,4.97,48.31,0.42,0.5,0.04,1.94,2.32,1.6400000000000001,4,0.17,0,0.0,2.15,0.25,6,0.25,0.23,2,0.08,44,1.85,45.45,13.636,0.04,1.05,24.0,0.51,16.67,0.55,30.77,0.08,2.06,48.98,8.81,33.97,2.5700000000000003,1.56,0.46,9.02,1.73,1.6,12.47,71.28,2.5300000000000002,48.33,4.68,89.19,10.96,78.08,0.51,25.0,15.15,11.28,0.03,0.17,0.04,0.0,0.04,100.0,0.08,0.84,50.0,0.93,27.27,0.04,100.0,0.17,0.21,1.35,46.88,57.58,2.7800000000000002,0,,0,,0,0.0,0.0,0.0,,,0.0,,4.97,0.0,0.0,0.0,0.0,0,0.0
T. Elšnik,Timi Max Elšnik,374781,Crvena Zvezda,Crvena Zvezda,https://cdn5.wyscout.com/photos/team/public/483_120x120.png,Super Liga,"LCMF, LDMF, RCMF",LCMF,36,LDMF,30,RCMF,11,28.0,1998-04-29,2000000,2028-06-30,29,2132,2,3.61,2,5.14,16.25,54.55,Slovenia,['Slovenia'],left,182,68,False,7.09,6.59,66.03,2.79,43.94,0.34,0.64,0.17,2.41,4.58,1.18,5,0.21,0,0.0,2.36,0.08,2,0.08,0.15,0,0.0,38,1.6,47.37,5.263,0.08,1.27,36.67,1.01,29.17,0.21,60.0,0.04,1.48,68.57,5.36,46.46,1.82,1.1400000000000001,0.0,41.88,0.59,0.93,54.88,87.38,18.03,78.22,7.51,95.51,50.66,89.92,3.04,65.28,17.07,33.54,0.22,2.03,0.13,0.13,0.13,100.0,0.34,9.96,81.78,2.62,56.45,0.46,36.36,1.31,0.42,8.82,85.65,93.15,19.71,0,,0,,0,0.0,0.0,0.0,,,0.46,,2.79,0.72,0.13,100.0,4.05,0,0.0
M. Gobeljić,Marko  Gobeljić,201572,OFK Beograd,OFK Beograd,https://cdn5.wyscout.com/photos/team/public/705_120x120.png,Super Liga,"RB, RCB3",RB,68,RCB3,15,,0,33.0,1992-09-13,300000,2026-06-30,26,2123,1,0.89,2,2.07,11.83,56.99,Serbia,['Serbia'],right,185,72,False,7.33,5.68,62.69,1.65,56.41,0.34,0.54,0.13,3.43,5.44,0.72,2,0.08,0,0.0,1.48,0.04,1,0.04,0.04,0,0.0,13,0.55,30.77,7.692,0.08,2.93,36.23,0.0,0.0,2.84,34.33,0.21,0.55,46.15,3.01,46.48,0.89,1.1400000000000001,0.21,23.36,0.76,1.02,34.93,77.06,14.58,68.31,5.89,94.24,26.58,86.28,5.64,51.88,22.08,36.62,0.09,0.55,0.0,0.0,0.04,0.0,0.47000000000000003,5.72,65.19,3.31,50.0,0.76,44.44,0.81,1.06,8.31,73.47,78.76,9.58,0,,0,,0,0.0,0.0,0.0,,,1.82,,1.65,0.0,0.0,0.0,0.0,0,0.0
L. Drobnjak,Luka Drobnjak,-256616,Napredak Kruševac,Napredak Kruševac,https://cdn5.wyscout.com/photos/team/public/704_120x120.png,Super Liga,"LCB3, LCB, LB",LCB3,37,LCB,33,LB,19,22.0,2004-04-25,0,,26,2121,0,0.77,0,0.11,13.88,61.77,Serbia,['Serbia'],unknown,0,0,False,10.69,6.83,66.46,2.7199999999999998,56.25,1.53,1.9100000000000001,0.64,4.63,5.8,0.68,5,0.21,1,0.04,0.47000000000000003,0.0,0,0.0,0.03,0,0.0,5,0.21,20.0,0.0,0.0,0.21,40.0,0.13,33.33,0.08,50.0,0.0,0.38,88.89,2.55,58.33,0.30000000000000004,1.6099999999999999,0.21,26.69,0.34,1.32,42.26,84.54,19.65,74.73,3.31,97.44,37.17,89.84,4.92,45.69,19.44,31.92,0.0,0.13,0.08,0.0,0.0,0.0,0.0,5.39,70.87,0.64,60.0,0.04,0.0,0.34,0.08,8.4,70.71,94.78,15.45,0,,0,,0,0.0,0.0,0.0,,,1.65,,2.7199999999999998,0.0,0.0,0.0,0.0,0,0.0
V. Savićević,Vukan Savićević,252011,Vojvodina,Vojvodina,https://cdn5.wyscout.com/photos/team/public/700_120x120.png,Super Liga,"LDMF, RDMF, LCMF",LDMF,48,RDMF,21,LCMF,16,32.0,1994-01-29,600000,2026-06-30,33,2114,3,2.3,1,2.25,15.84,51.88,Montenegro,['Montenegro'],right,179,72,False,7.45,5.45,62.5,1.49,31.43,0.6000000000000001,0.86,0.17,3.45,4.95,1.11,5,0.21,0,0.0,2.47,0.13,2,0.09,0.1,0,0.0,35,1.49,31.43,8.571,0.04,1.23,24.14,0.6000000000000001,35.71,0.64,13.33,0.38,2.21,61.54,6.26,49.66,1.19,2.17,0.26,34.14,0.77,1.53,51.73,80.91,18.86,70.2,7.83,93.48,44.74,85.92,5.75,54.07,18.95,32.08,0.1,1.28,0.09,0.0,0.38,88.89,0.51,8.81,71.5,3.79,49.44,1.62,44.74,1.45,0.34,9.71,78.51,86.65,17.54,0,,0,,0,0.0,0.0,0.0,,,0.38,,1.49,0.26,0.0,0.0,0.81,1,100.0
U. Ljubomirac,Uroš Ljubomirac,182401,Mladost Lučani,Mladost Lučani,https://cdn5.wyscout.com/photos/team/public/703_120x120.png,Super Liga,"RCMF3, RW, RB5",RCMF3,26,RW,13,RB5,12,36.0,1990-04-12,75000,2026-06-30,30,2102,3,3.34,0,1.13,18.5,46.06,Serbia,['Serbia'],right,181,77,False,5.31,4.97,56.03,4.24,46.46,0.04,0.05,0.13,2.48,2.65,1.28,6,0.26,0,0.0,1.71,0.13,3,0.13,0.14,0,0.0,23,0.98,26.09,13.043,0.0,1.2,46.43,0.26,33.33,0.9,47.62,0.09,1.46,61.76,7.11,42.77,2.14,0.6000000000000001,0.21,20.64,1.63,2.01,31.73,76.38,10.88,63.78,6.76,91.14,28.22,79.21,2.31,57.41,15.79,21.47,0.05,0.56,0.09,0.0,0.0,0.0,0.17,4.2,59.18,2.01,51.06,0.21,20.0,0.6900000000000001,0.47000000000000003,5.35,66.4,78.85,6.68,0,,0,,0,0.0,0.0,0.0,,,0.09,,4.24,0.0,0.0,0.0,0.0,0,0.0
F. Matijasevic,Filip Matijasevic,-483745,Čukarički U19,Čukarički,https://cdn5.wyscout.com/photos/team/public/g37536_120x120.png,U19 League,"AMF, CF",AMF,63,CF,19,,0,18.0,2008-03-04,0,,31,2096,4,3.75,0,2.7,12.11,38.65,Serbia,['Serbia'],unknown,0,0,False,3.69,3.18,58.11,2.23,34.62,0.56,0.73,0.13,1.29,1.6800000000000002,0.73,2,0.09,0,0.0,1.29,0.17,4,0.17,0.16,0,0.0,25,1.07,52.0,16.0,0.0,0.6900000000000001,37.5,0.26,33.33,0.43,40.0,0.04,0.73,58.82,4.8100000000000005,31.25,1.12,0.8200000000000001,0.13,16.02,1.12,0.99,21.77,78.5,4.29,59.0,7.39,91.28,20.05,82.66,1.07,28.0,18.11,18.53,0.12,1.25,0.04,0.04,0.09,50.0,0.09,2.79,56.92,1.5,51.43,0.13,0.0,0.47000000000000003,0.21,2.66,74.19,76.62,6.61,0,,0,,0,0.0,0.0,0.0,,,0.26,,2.23,1.12,0.17,75.0,2.62,1,0.0
A. Lutovac,Aleksandar Lutovac,383439,Napredak Kruševac,Napredak Kruševac,https://cdn5.wyscout.com/photos/team/public/704_120x120.png,Super Liga,"RAMF, RW, RWB",RAMF,23,RW,22,RWB,15,28.0,1997-06-28,400000,,24,2095,2,2.56,3,2.31,17.4,48.15,Serbia,['Serbia'],right,175,70,False,5.33,3.95,57.61,2.75,43.75,0.21,0.29,0.21,2.84,3.81,1.37,4,0.17,0,0.0,3.35,0.09,2,0.09,0.11,0,0.0,31,1.33,19.35,6.452,0.13,3.8200000000000003,32.58,0.09,50.0,3.65,31.76,0.6900000000000001,2.88,64.18,8.12,46.56,2.45,1.37,0.09,15.08,1.85,1.85,22.64,67.55,6.66,61.94,4.47,89.42,17.44,76.85,1.5899999999999999,43.24,19.59,33.57,0.1,0.8200000000000001,0.04,0.09,0.0,0.0,0.39,2.11,53.06,3.22,48.0,0.21,40.0,0.8200000000000001,1.25,4.51,75.24,63.46,6.7,0,,0,,0,0.0,0.0,0.0,,,0.17,,2.75,0.0,0.0,0.0,0.0,0,0.0
P. Bojić,Petar Bojić,145007,Mladost Lučani,Mladost Lučani,https://cdn5.wyscout.com/photos/team/public/703_120x120.png,Super Liga,CF,CF,81,,0,,0,34.0,1991-09-04,150000,2026-06-30,32,2094,6,2.67,2,1.65,23.25,35.12,Serbia,['Serbia'],right,186,83,False,3.44,3.5700000000000003,57.83,5.46,25.2,0.13,0.14,0.04,1.25,1.34,1.25,2,0.09,0,0.0,1.07,0.26,6,0.26,0.11,1,0.04,16,0.6900000000000001,62.5,37.5,0.09,0.47000000000000003,9.09,0.26,16.67,0.21,0.0,0.09,0.99,60.87,9.67,36.89,2.49,0.86,0.04,13.62,2.11,2.2800000000000002,22.13,72.62,5.54,62.02,5.29,88.62,20.93,74.74,0.77,50.0,14.04,12.03,0.07,0.6900000000000001,0.0,0.04,0.04,0.0,0.34,2.19,56.86,0.99,52.17,0.21,40.0,1.16,0.0,2.11,75.51,71.43,5.42,0,,0,,0,0.0,0.0,0.0,,,0.09,,5.46,0.0,0.0,0.0,0.0,0,0.0
M. Vidosavljević,Milutin Vidosavljević,464183,Vojvodina,Vojvodina,https://cdn5.wyscout.com/photos/team/public/700_120x120.png,Super Liga,"AMF, CF, RDMF",AMF,57,CF,15,RDMF,14,25.0,2001-02-21,1500000,2029-06-30,31,2089,8,5.1,1,3.64,16.41,47.24,Serbia,['Serbia'],left,180,71,False,6.03,5.21,66.12,1.94,40.0,0.47000000000000003,0.66,0.04,2.11,2.92,1.16,5,0.22,0,0.0,2.58,0.34,7,0.30000000000000004,0.22,1,0.04,33,1.42,45.45,24.242,0.04,0.78,61.11,0.30000000000000004,42.86,0.43,70.0,0.04,2.37,52.73,7.32,39.41,2.76,0.78,0.09,18.22,0.86,1.51,26.84,77.69,7.97,64.86,5.82,94.81,24.34,80.35,1.77,48.78,16.53,18.77,0.16,1.34,0.09,0.0,0.47000000000000003,45.45,0.73,3.71,73.26,1.81,52.38,0.8200000000000001,31.58,1.08,0.39,4.57,66.04,77.44,7.07,0,,0,,0,0.0,0.0,0.0,,,0.13,,1.94,0.43,0.04,100.0,2.33,2,50.0
F. Krstić,Filip Krstić,446198,Napredak Kruševac,Napredak Kruševac,https://cdn5.wyscout.com/photos/team/public/704_120x120.png,Super Liga,"RCMF, DMF, RDMF",RCMF,33,DMF,23,RDMF,12,28.0,1997-08-29,0,2027-06-30,28,2068,0,2.21,0,0.21,15.49,53.65,Serbia,['Serbia'],right,184,74,False,8.18,5.4,57.26,4.4,53.47,0.7000000000000001,0.84,0.35000000000000003,4.4,5.29,1.65,9,0.39,0,0.0,0.8300000000000001,0.0,0,0.0,0.1,0,0.0,21,0.91,9.52,0.0,0.0,0.8300000000000001,36.84,0.0,0.0,0.8300000000000001,36.84,0.17,0.5700000000000001,76.92,3.22,51.35,0.8300000000000001,0.44,0.0,18.58,0.30000000000000004,1.31,31.12,78.88,12.93,70.71,2.92,89.55,26.5,83.91,3.83,52.27,18.87,33.96,0.01,0.30000000000000004,0.04,0.0,0.0,0.0,0.09,5.4,66.13,0.91,52.38,0.17,25.0,0.35000000000000003,0.30000000000000004,6.22,72.03,87.07,10.1,0,,0,,0,0.0,0.0,0.0,,,0.13,,4.4,0.17,0.13,0.0,0.0,0,0.0
N. Andrič,Nikola Andrič,302756,Mladost Lučani,Mladost Lučani,https://cdn5.wyscout.com/photos/team/public/703_120x120.png,Super Liga,"RCB3, RB5, RB",RCB3,44,RB5,30,RB,21,33.0,1992-05-23,75000,,25,2063,0,1.33,0,0.34,11.87,54.41,Serbia,['Serbia'],right,183,72,False,8.68,5.8,57.89,3.27,50.67,0.65,0.68,0.39,4.67,4.87,0.7000000000000001,2,0.09,0,0.0,0.5700000000000001,0.0,0,0.0,0.06,0,0.0,9,0.39,11.11,0.0,0.0,1.35,19.35,0.0,0.0,1.35,19.35,0.17,0.5700000000000001,46.15,1.53,45.71,0.65,0.39,0.0,16.53,0.65,0.61,26.66,73.81,13.39,66.12,2.92,98.51,20.46,82.73,5.02,49.57,20.31,35.5,0.01,0.13,0.0,0.0,0.0,0.0,0.13,4.06,55.91,1.09,36.0,0.17,25.0,0.09,0.39,6.5,67.11,76.6,6.15,0,,0,,0,0.0,0.0,0.0,,,0.44,,3.27,0.0,0.0,0.0,0.0,0,0.0
S. Despotovski,Stefan Despotovski,-101372,OFK Beograd,OFK Beograd,https://cdn5.wyscout.com/photos/team/public/705_120x120.png,Super Liga,"LB, RB, RB5",LB,32,RB,20,RB5,18,23.0,2003-01-23,250000,2027-06-30,26,2061,1,0.41000000000000003,1,0.67,12.88,56.61,Serbia,"['Serbia', 'North Macedonia']",right,185,77,False,7.95,7.25,59.04,1.7000000000000002,53.85,0.35000000000000003,0.49,0.48,3.32,4.63,1.7000000000000002,3,0.13,0,0.0,0.8300000000000001,0.04,1,0.04,0.02,0,0.0,11,0.48,27.27,9.091,0.04,1.57,25.0,0.66,26.67,0.92,23.81,0.22,0.7000000000000001,43.75,2.4,49.09,0.35000000000000003,0.66,0.17,22.58,0.92,1.05,31.4,74.83,14.19,65.85,5.2,94.12,25.28,82.38,4.67,49.53,18.26,31.26,0.03,0.17,0.04,0.0,0.04,0.0,0.17,4.02,61.96,2.05,34.04,0.39,22.22,0.22,0.44,7.12,60.74,78.38,8.08,0,,0,,0,0.0,0.0,0.0,,,0.7000000000000001,,1.7000000000000002,0.0,0.0,0.0,0.0,0,0.0
S. Milošević,Stefan Milošević,213876,Javor Ivanjica,Javor Ivanjica,https://cdn5.wyscout.com/photos/team/public/1255_120x120.png,Super Liga,LB,LB,82,,0,,0,31.0,1995-04-07,150000,2026-06-30,25,2053,0,0.2,1,2.83,13.63,58.84,Serbia,['Serbia'],left,170,67,False,8.24,6.4,62.33,1.9300000000000002,56.82,0.13,0.16,0.39,4.12,4.99,0.92,5,0.22,0,0.0,3.29,0.0,0,0.0,0.01,0,0.0,2,0.09,0.0,0.0,0.04,4.5600000000000005,46.15,4.43,44.55,0.13,100.0,0.53,1.71,69.23,3.99,57.14,0.53,1.4,0.26,23.98,1.27,1.4,33.8,78.34,11.88,70.48,5.61,99.22,24.51,88.19,5.04,57.39,20.6,36.76,0.12,1.1400000000000001,0.0,0.0,0.0,0.0,0.75,3.99,67.03,4.21,50.0,0.18,25.0,0.31,2.02,7.8,75.28,75.09,11.79,0,,0,,0,0.0,0.0,0.0,,,0.75,,1.9300000000000002,0.09,0.0,0.0,0.0,0,0.0
O. Ugresic,Ognjen Ugresic,-339772,Partizan,Partizan,https://cdn5.wyscout.com/photos/team/public/699_120x120.png,Super Liga,"RCMF, AMF",RCMF,52,AMF,12,,0,19.0,2006-07-15,0,2030-06-30,37,2034,6,5.14,3,1.97,14.12,46.71,Serbia,['Serbia'],unknown,0,0,False,5.97,4.91,64.86,2.04,43.48,0.31,0.52,0.27,2.48,4.17,1.19,3,0.13,0,0.0,1.5899999999999999,0.27,6,0.27,0.23,1,0.04,44,1.9500000000000002,50.0,13.636,0.13,0.62,21.43,0.09,0.0,0.49,18.18,0.04,0.8,38.89,5.27,33.61,2.61,1.6400000000000001,0.22,19.47,0.53,1.24,25.22,79.3,7.35,64.46,6.19,95.0,22.96,82.47,1.6800000000000002,55.26,16.77,21.66,0.09,0.62,0.13,0.04,0.27,66.67,0.22,4.12,74.19,1.81,63.41,0.49,63.64,0.93,0.13,3.85,72.41,83.04,7.57,0,,0,,0,0.0,0.0,0.0,,,0.44,,2.04,0.09,0.0,0.0,0.0,0,0.0
D. Zagar,Dušan  Zagar,-484073,IMT Novi Beograd,IMT Novi Beograd,https://cdn5.wyscout.com/photos/team/public/g30905_120x120.png,Super Liga,"LW, RW, LAMF",LW,41,RW,29,LAMF,17,19.0,2006-10-28,0,,31,2023,1,4.91,0,0.99,18.55,45.8,Serbia,['Serbia'],,0,0,False,5.87,4.94,59.46,1.25,17.86,0.49,0.66,0.04,2.45,3.29,1.02,4,0.18,0,0.0,5.96,0.04,1,0.04,0.22,0,0.0,60,2.67,28.33,1.667,0.0,4.54,31.37,2.4,35.19,2.09,25.53,0.85,6.85,55.19,10.9,43.67,3.16,2.94,0.44,17.17,2.05,0.53,25.45,66.78,5.74,58.91,4.67,92.38,19.0,77.52,1.96,45.45,18.86,24.24,0.04,0.89,0.0,0.0,0.0,0.0,0.22,2.09,55.32,3.56,43.75,0.04,0.0,0.76,1.47,5.65,65.35,64.98,9.65,0,,0,,0,0.0,0.0,0.0,,,0.04,,1.25,0.27,0.18,25.0,0.09,0,0.0
L. Miladinović,Lazar Miladinović,-261046,Napredak Kruševac U19,Napredak Kruševac,https://cdn5.wyscout.com/photos/team/public/g-6118_120x120.png,U19 League,"RCB, CB, LCB",RCB,41,CB,29,LCB,23,18.0,2007-11-08,0,,23,2013,0,0.58,0,0.16,13.01,59.45,Serbia,['Serbia'],,0,0,False,9.97,6.17,71.74,3.44,46.75,0.13,0.17,0.85,5.41,6.88,0.89,0,0.0,0,0.0,0.22,0.0,0,0.0,0.03,0,0.0,5,0.22,40.0,0.0,0.0,0.04,100.0,0.0,0.0,0.04,100.0,0.0,0.13,66.67,1.34,56.67,0.31,0.22,0.04,27.0,0.27,0.72,41.49,84.91,16.68,69.44,2.95,100.0,34.74,92.02,6.71,48.0,22.31,35.13,0.01,0.09,0.0,0.0,0.0,0.0,0.04,4.69,54.29,0.72,31.25,0.45,10.0,0.22,0.04,7.51,63.69,95.09,19.14,0,,0,,0,0.0,0.0,0.0,,,2.73,,3.44,0.0,0.0,0.0,0.0,0,0.0
D. Savić,Dragoljub Savić,517417,Bačka Topola,Bačka Topola,https://cdn5.wyscout.com/photos/team/public/g19686_120x120.png,Super Liga,"LW, LAMF, RW",LW,35,LAMF,21,RW,19,25.0,2001-04-25,325000,2027-06-30,34,2012,6,3.86,3,2.69,15.7,40.17,Serbia,['Serbia'],right,173,69,False,3.13,3.0,56.72,1.74,15.38,0.0,0.0,0.0,1.43,2.22,0.72,6,0.27,0,0.0,4.25,0.27,6,0.27,0.17,0,0.0,36,1.6099999999999999,36.11,16.667,0.13,3.35,28.0,1.83,14.63,1.48,45.45,0.45,4.74,55.66,9.66,41.67,2.73,2.42,0.58,19.73,2.15,0.81,26.44,70.56,6.89,62.99,6.53,90.41,22.01,77.64,1.25,57.14,17.89,16.49,0.12,1.07,0.09,0.0,0.18,50.0,0.72,2.37,66.04,3.35,52.0,0.22,60.0,1.12,0.89,4.29,79.17,70.59,7.6,0,,0,,0,0.0,0.0,0.0,,,0.04,,1.74,0.0,0.0,0.0,0.04,0,0.0
F. Zunić,Filip Zunić,-179074,Mladost Lučani,Mladost Lučani,https://cdn5.wyscout.com/photos/team/public/703_120x120.png,Super Liga,"LCMF3, DMF, LCMF",LCMF3,26,DMF,21,LCMF,19,24.0,2002-05-16,500000,2026-06-30,27,2002,2,2.45,0,0.91,18.34,49.26,Serbia,['Serbia'],right,180,71,False,7.1,7.55,55.95,3.1,44.93,0.22,0.24,0.27,2.65,2.84,1.62,7,0.31,1,0.04,1.44,0.09,0,0.0,0.11,0,0.0,14,0.63,28.57,14.286,0.0,1.17,38.46,0.72,37.5,0.45,40.0,0.04,1.53,52.94,5.57,41.94,0.63,1.26,0.09,18.84,0.36,1.21,31.87,77.57,11.28,62.95,4.9,94.5,26.66,83.31,4.05,51.11,20.52,36.11,0.04,0.72,0.0,0.0,0.0,0.0,0.31,5.44,66.94,1.21,55.56,0.27,50.0,0.36,0.49,6.65,66.89,86.99,11.06,0,,0,,0,0.0,0.0,0.0,,,0.36,,3.1,0.22,0.0,0.0,0.4,2,100.0
U. Ignjatović,Uroš Ignjatović,-110601,Napredak Kruševac,Napredak Kruševac,https://cdn5.wyscout.com/photos/team/public/704_120x120.png,Super Liga,"RB, RB5, RCB3",RB,58,RB5,13,RCB3,12,25.0,2001-02-18,400000,2026-06-30,26,2002,0,0.23,1,2.47,19.78,55.45,Serbia,['Serbia'],right,171,67,False,10.52,8.68,68.91,2.61,37.93,0.36,0.46,0.09,4.18,5.3,1.35,6,0.27,0,0.0,1.8399999999999999,0.0,0,0.0,0.01,0,0.0,7,0.31,0.0,0.0,0.04,2.52,41.07,0.04,0.0,2.47,41.82,0.31,1.35,60.0,6.02,50.75,0.72,1.17,0.04,22.12,1.44,1.8900000000000001,32.46,77.01,13.13,67.47,6.92,98.05,26.43,84.69,3.69,45.12,18.49,31.31,0.11,0.67,0.04,0.0,0.0,0.0,0.22,4.77,66.04,2.61,48.28,0.18,0.0,0.27,1.03,7.82,71.26,74.42,7.73,0,,0,,0,0.0,0.0,0.0,,,1.03,,2.61,0.04,0.0,0.0,0.0,0,0.0
R. Krunić,Rade Krunić,286323,Crvena Zvezda,Crvena Zvezda,https://cdn5.wyscout.com/photos/team/public/483_120x120.png,Super Liga,"RDMF, RCMF, LDMF",RDMF,34,RCMF,32,LDMF,16,32.0,1993-10-07,6000000,2027-06-30,26,1970,2,1.7000000000000002,1,1.73,12.61,60.87,Bosnia and Herzegovina,['Bosnia and Herzegovina'],right,184,74,False,7.45,4.07,69.66,2.6,66.67,0.14,0.26,0.32,4.48,8.42,0.73,3,0.14,0,0.0,1.28,0.09,2,0.09,0.08,0,0.0,21,0.96,28.57,9.524000000000001,0.05,0.41000000000000003,55.56,0.14,66.67,0.23,40.0,0.09,0.59,61.54,4.07,50.56,1.23,2.47,0.32,43.58,0.32,1.23,60.9,88.67,20.24,79.68,8.68,96.84,56.83,90.43,3.65,65.0,17.31,30.4,0.08,0.73,0.09,0.05,0.64,64.29,0.41000000000000003,9.82,82.33,2.33,64.71,0.78,52.94,1.6,0.23,9.14,82.0,94.06,22.29,0,,0,,0,0.0,0.0,0.0,,,1.05,,2.6,0.0,0.0,0.0,0.0,0,0.0
N. Krstić,Nikola Krstić,-430481,IMT Novi Beograd,IMT Novi Beograd,https://cdn5.wyscout.com/photos/team/public/g30905_120x120.png,Super Liga,"RW, RAMF, LW",RW,35,RAMF,15,LW,14,21.0,2004-12-01,0,,29,1957,0,1.94,4,2.11,18.44,53.62,Serbia,['Serbia'],,0,0,False,8.14,6.94,64.24,2.62,49.12,0.18,0.26,0.14,3.5,4.86,1.75,4,0.18,0,0.0,1.79,0.0,0,0.0,0.09,0,0.0,22,1.01,36.36,0.0,0.18,1.79,28.21,0.41000000000000003,44.44,1.33,24.14,0.37,1.47,56.25,6.12,45.11,1.8900000000000001,1.15,0.0,15.68,1.01,1.2,25.48,72.38,8.19,63.48,5.38,90.6,21.66,79.19,2.07,37.78,15.87,24.38,0.1,0.78,0.0,0.0,0.09,100.0,0.55,2.12,58.7,2.9,50.79,0.18,0.0,1.38,0.55,4.83,68.57,69.57,6.35,0,,0,,0,0.0,0.0,0.0,,,0.09,,2.62,0.14,0.0,0.0,0.51,0,0.0
N. Krsmanović,Nemanja Krsmanović,-169005,Spartak Subotica,Spartak Subotica,https://cdn5.wyscout.com/photos/team/public/1956_120x120.png,Super Liga,"LB, LB5, LWB",LB,55,LB5,27,LWB,12,23.0,2003-05-09,300000,2028-06-30,27,1922,2,0.65,3,1.7000000000000002,15.41,48.63,Serbia,['Serbia'],left,181,75,False,8.24,6.32,57.78,2.67,49.12,0.42,0.54,0.28,4.17,5.36,0.8,3,0.14,1,0.05,1.87,0.09,2,0.09,0.03,0,0.0,10,0.47000000000000003,40.0,20.0,0.14,2.9,37.1,2.58,36.36,0.33,42.86,0.52,1.26,48.15,5.01,38.32,0.52,0.8,0.05,26.27,1.83,1.08,36.15,71.76,15.78,60.53,4.73,93.07,26.6,83.98,6.7,38.46,18.4,33.07,0.08,0.75,0.0,0.09,0.0,0.0,0.42,5.34,56.14,3.09,40.91,0.33,28.57,0.28,1.03,9.83,62.38,76.85,9.51,0,,0,,0,0.0,0.0,0.0,,,0.42,,2.67,0.42,0.19,25.0,2.01,0,0.0
S. Bukinac,Stefan Bukinac,-256629,Young Boys,Vojvodina,https://cdn5.wyscout.com/photos/team/public/580_120x120.png,Super League,LB,LB,99,,0,,0,20.0,2005-07-08,0,2030-06-30,20,1886,0,0.23,2,1.51,13.31,52.33,Serbia,['Serbia'],left,183,72,False,7.21,6.16,65.12,1.77,45.95,0.38,0.53,0.1,2.8200000000000003,3.92,0.72,2,0.1,0,0.0,2.05,0.0,0,0.0,0.01,0,0.0,6,0.29,66.67,0.0,0.1,3.29,28.99,3.29,28.99,0.0,0.0,0.67,1.48,61.29,4.06,45.88,0.67,2.58,0.52,26.96,1.43,0.76,37.99,79.15,16.08,73.89,5.58,94.02,31.02,88.92,3.91,41.46,18.26,34.89,0.07,0.67,0.0,0.05,0.05,0.0,0.43,5.92,70.97,3.2,37.31,0.29,33.33,0.38,1.0,8.11,76.47,76.24,9.64,0,,0,,0,0.0,0.0,0.0,,,0.24,,1.77,0.0,0.0,0.0,0.05,0,0.0
J. Ilić,Jovan Ilić,-191567,Napredak Kruševac,Napredak Kruševac,https://cdn5.wyscout.com/photos/team/public/704_120x120.png,Super Liga,"DMF, RDMF, RCMF",DMF,35,RDMF,22,RCMF,15,26.0,2000-01-30,250000,2027-06-30,28,1883,0,0.61,0,1.99,16.97,49.86,Bosnia and Herzegovina,"['Bosnia and Herzegovina', 'Serbia']",right,176,68,True,7.93,5.4,63.72,2.44,43.14,0.29,0.38,0.38,4.21,5.51,0.91,7,0.33,0,0.0,0.86,0.0,0,0.0,0.03,0,0.0,12,0.5700000000000001,50.0,0.0,0.0,0.48,20.0,0.14,0.0,0.29,33.33,0.05,0.86,55.56,7.03,42.18,0.43,0.96,0.14,25.05,0.33,1.8599999999999999,39.29,87.47,10.75,72.44,6.98,97.26,36.09,90.2,2.7199999999999998,63.16,16.88,31.68,0.1,0.67,0.05,0.0,0.0,0.0,0.1,4.54,74.74,1.29,66.67,0.33,57.14,0.62,0.05,4.25,60.67,93.23,15.53,0,,0,,0,0.0,0.0,0.0,,,0.5700000000000001,,2.44,0.43,0.05,100.0,1.0,0,0.0
U. Vitas,Uroš Vitas,129125,Radnički Niš,Radnički Niš,https://cdn5.wyscout.com/photos/team/public/g2850_120x120.png,Super Liga,"RCB, LCB, CB",RCB,53,LCB,25,CB,15,33.0,1992-07-06,250000,2026-12-31,23,1881,0,0.55,0,0.74,9.0,62.23,Serbia,['Serbia'],right,190,82,False,7.37,3.11,60.0,3.3,66.67,0.38,0.53,0.96,5.12,7.07,0.62,5,0.24,0,0.0,0.29,0.0,0,0.0,0.03,0,0.0,8,0.38,50.0,0.0,0.0,0.19,50.0,0.05,100.0,0.14,33.33,0.05,0.19,0.0,1.0,52.38,0.38,1.67,0.14,24.5,0.43,0.62,38.42,84.06,16.56,70.52,1.48,90.32,32.01,91.48,6.22,46.92,22.09,38.36,0.04,0.19,0.0,0.05,0.0,0.0,0.1,6.5600000000000005,64.23,1.0,28.57,0.29,33.33,0.29,0.1,7.37,74.68,95.11,17.61,0,,0,,0,0.0,0.0,0.0,,,0.96,,3.3,0.1,0.1,50.0,0.0,0,0.0
N. Djokic,Nemanja Djokic,-354765,Javor Ivanjica,Javor Ivanjica,https://cdn5.wyscout.com/photos/team/public/1255_120x120.png,Super Liga,"CB, LCMF, AMF",CB,33,LCMF,25,AMF,23,27.0,1998-10-23,0,2027-06-30,30,1875,1,1.7000000000000002,0,4.29,10.61,46.15,Serbia,['Serbia'],left,192,0,False,7.34,4.7,64.29,1.78,45.95,0.48,0.53,0.43,3.84,4.26,0.72,1,0.05,0,0.0,0.58,0.05,1,0.05,0.08,0,0.0,15,0.72,26.67,6.667,0.0,0.53,54.55,0.34,42.86,0.19,75.0,0.1,0.24,20.0,2.7800000000000002,22.41,0.62,0.38,0.0,21.17,0.48,0.24,30.91,81.06,12.19,67.32,3.5,90.41,25.3,86.34,5.23,57.8,21.51,35.67,0.21,1.34,0.05,0.05,0.05,100.0,0.14,5.09,63.21,1.25,42.31,0.43,22.22,0.38,0.24,6.82,71.83,92.08,11.52,0,,0,,0,0.0,0.0,0.0,,,0.19,,1.78,1.54,0.19,25.0,2.45,0,0.0
N. Trifunović,Nemanja Trifunović,-436688,Partizan,Partizan,https://cdn5.wyscout.com/photos/team/public/699_120x120.png,Super Liga,"LW, LAMF, RW",LW,54,LAMF,20,RW,13,21.0,2004-06-29,0,2028-06-30,25,1864,5,2.96,3,2.95,17.82,49.32,Serbia,['Serbia'],right,0,0,False,3.38,3.04,57.14,1.4,44.83,0.19,0.31,0.1,1.45,2.36,0.48,3,0.14,0,0.0,5.94,0.24,5,0.24,0.14,0,0.0,31,1.5,45.16,16.129,0.14,4.78,27.27,3.5700000000000003,25.68,1.11,34.78,0.63,6.23,63.57,12.31,49.02,3.81,4.01,0.24,21.0,1.9300000000000002,1.5,29.21,75.04,5.41,68.75,8.21,95.29,23.32,86.54,1.21,44.0,18.66,19.21,0.14,1.6400000000000001,0.05,0.05,0.1,0.0,0.8200000000000001,1.9300000000000002,82.5,4.44,44.57,0.1,0.0,1.01,1.21,3.91,85.19,66.19,10.14,0,,0,,0,0.0,0.0,0.0,,,0.14,,1.4,0.0,0.0,0.0,0.05,0,0.0
Rodrigão,Rodrigo de Souza Prado,330131,Crvena Zvezda,Crvena Zvezda,https://cdn5.wyscout.com/photos/team/public/483_120x120.png,Super Liga,"RCB, LCB",RCB,52,LCB,40,,0,30.0,1995-09-11,5000000,2027-06-30,22,1864,3,2.63,0,1.29,13.52,68.57,Brazil,['Brazil'],right,191,97,False,6.86,4.54,73.4,4.44,69.57,0.14,0.27,0.48,3.38,6.34,0.53,2,0.1,0,0.0,0.39,0.14,3,0.14,0.13,3,0.14,17,0.8200000000000001,23.53,17.647,0.0,0.29,33.33,0.05,0.0,0.14,33.33,0.05,0.05,100.0,1.6400000000000001,55.88,1.26,1.4,0.0,48.38,0.58,0.48,68.22,88.75,27.62,81.99,3.86,98.75,61.8,92.11,6.13,57.48,20.89,36.03,0.06,0.48,0.0,0.05,0.05,100.0,0.14,9.56,79.29,0.77,43.75,0.43,44.44,0.34,0.1,13.23,74.09,94.34,29.84,0,,0,,0,0.0,0.0,0.0,,,2.9,,4.44,0.0,0.0,0.0,0.0,0,0.0
A. Pejović,Aleksandar Pejović,84287,Radnik Surdulica,Radnik Surdulica,https://cdn5.wyscout.com/photos/team/public/g6756_120x120.png,Super Liga,"LDMF, LCMF",LDMF,51,LCMF,38,,0,35.0,1990-12-28,300000,2026-06-30,29,1863,2,1.31,2,1.8399999999999999,13.19,52.01,Serbia,['Serbia'],left,174,68,False,7.83,6.43,60.9,2.51,40.38,0.34,0.47000000000000003,0.19,3.5700000000000003,4.99,1.5,6,0.29,0,0.0,1.06,0.1,1,0.05,0.06,0,0.0,17,0.8200000000000001,23.53,11.765,0.1,1.74,27.78,1.3,29.63,0.43,22.22,0.34,0.68,50.0,2.51,46.15,0.77,0.77,0.05,30.97,0.24,1.06,47.92,74.29,25.02,64.86,4.4,94.51,35.75,84.46,10.58,47.03,21.95,33.63,0.09,0.97,0.0,0.05,0.1,50.0,0.48,13.91,62.15,4.44,35.87,1.16,29.17,1.01,0.48,12.56,76.15,82.31,13.38,0,,0,,0,0.0,0.0,0.0,,,0.39,,2.51,1.21,0.19,25.0,1.74,1,100.0
B. Jovičić,Branko Jovičić,228440,Bačka Topola,Bačka Topola,https://cdn5.wyscout.com/photos/team/public/g19686_120x120.png,Super Liga,"LDMF, RCMF, RDMF",LDMF,21,RCMF,21,RDMF,19,33.0,1993-03-18,800000,,26,1858,0,0.45,1,1.15,14.14,53.08,Serbia,['Serbia'],right,179,74,False,7.5600000000000005,6.01,61.29,2.86,55.93,0.68,1.03,0.1,3.2,4.85,1.5,9,0.44,0,0.0,1.11,0.0,0,0.0,0.02,0,0.0,14,0.68,28.57,0.0,0.05,1.26,34.62,0.53,18.18,0.73,46.67,0.1,0.8200000000000001,58.82,2.76,45.61,0.44,1.94,0.19,39.96,0.58,0.78,57.74,87.16,20.01,76.03,8.48,98.29,50.38,93.17,6.25,48.06,17.88,33.87,0.06,0.68,0.05,0.05,0.05,0.0,0.39,9.01,72.58,2.91,50.0,1.11,39.13,1.07,0.39,8.72,86.11,92.29,20.73,0,,0,,0,0.0,0.0,0.0,,,1.02,,2.86,0.0,0.0,0.0,0.29,0,0.0
V. Miletić,Vladimir Miletić,-148927,Napredak Kruševac,Napredak Kruševac,https://cdn5.wyscout.com/photos/team/public/704_120x120.png,Super Liga,"LB, LCMF, RCMF",LB,30,LCMF,16,RCMF,10,23.0,2003-03-05,500000,2027-06-30,25,1855,0,1.05,1,0.5700000000000001,20.72,48.71,Serbia,['Serbia'],left,185,72,False,10.67,9.65,56.28,3.2,53.03,0.15,0.17,0.34,5.09,6.1,1.8,6,0.29,0,0.0,1.26,0.0,0,0.0,0.05,0,0.0,8,0.39,12.5,0.0,0.05,1.26,23.08,0.97,20.0,0.29,33.33,0.05,1.46,60.0,5.58,36.52,1.55,0.8200000000000001,0.05,19.31,0.8200000000000001,0.68,31.58,75.12,12.95,66.67,4.5600000000000005,89.36,27.32,80.28,3.11,50.0,18.43,29.99,0.03,0.24,0.0,0.0,0.1,50.0,0.1,5.0,68.93,1.07,45.45,0.19,75.0,0.44,0.19,6.7,61.59,82.39,8.54,0,,0,,0,0.0,0.0,0.0,,,0.39,,3.2,0.0,0.0,0.0,0.05,0,0.0
Diogo Bezerra,Diogo Bezerra de Oliveira,-248138,Rio Ave,OFK Beograd,https://cdn5.wyscout.com/photos/team/public/1261_120x120.png,Primeira Liga,"LAMF, RW, RAMF",LAMF,28,RW,25,RAMF,16,23.0,2002-07-16,0,2030-06-30,20,1854,2,3.14,5,6.31,21.31,38.95,Brazil,['Brazil'],right,0,0,False,4.32,3.74,61.04,1.31,14.81,0.0,0.0,0.1,2.04,2.86,0.49,3,0.15,0,0.0,4.8100000000000005,0.1,2,0.1,0.15,0,0.0,36,1.75,33.33,5.556,0.24,4.03,39.76,2.04,38.1,1.94,40.0,0.73,5.24,50.0,13.64,37.01,2.2800000000000002,3.59,0.87,18.69,1.99,1.8399999999999999,26.17,75.88,6.94,69.93,4.9,93.07,20.24,84.89,2.04,52.38,19.15,35.26,0.31,1.94,0.0,0.0,0.1,0.0,0.97,2.43,68.0,4.42,50.55,0.44,44.44,1.65,1.46,5.78,86.55,72.36,9.66,0,,0,,0,0.0,0.0,0.0,,,0.34,,1.31,1.8900000000000001,0.34,0.0,3.2,0,0.0
L. Capan,Luka Capan,215503,Bačka Topola,Bačka Topola,https://cdn5.wyscout.com/photos/team/public/g19686_120x120.png,Super Liga,"RCB, RCB3",RCB,83,RCB3,14,,0,31.0,1995-04-06,250000,2026-06-30,21,1851,0,0.33,0,0.43,13.52,58.27,Croatia,['Croatia'],right,185,76,False,9.24,5.69,63.25,3.35,57.97,0.34,0.49,0.58,5.3,7.59,0.97,8,0.39,0,0.0,0.19,0.0,0,0.0,0.02,0,0.0,5,0.24,0.0,0.0,0.0,0.05,100.0,0.0,0.0,0.05,100.0,0.0,0.24,40.0,1.56,46.88,0.39,1.56,0.24,35.2,0.15,0.63,53.39,86.7,22.22,75.05,3.35,95.65,47.55,91.62,5.79,46.22,20.48,35.94,0.02,0.15,0.0,0.0,0.05,100.0,0.1,6.86,71.63,0.53,36.36,0.24,40.0,0.29,0.05,9.97,72.2,96.83,23.0,0,,0,,0,0.0,0.0,0.0,,,2.04,,3.35,0.0,0.0,0.0,0.0,0,0.0
M. Docić,Marko Docić,303788,Čukarički,Čukarički,https://cdn5.wyscout.com/photos/team/public/702_120x120.png,Super Liga,"LDMF, LCMF",LDMF,50,LCMF,20,,0,33.0,1993-04-21,2000000,2027-06-01,25,1843,2,2.55,3,4.51,14.06,50.0,Serbia,['Serbia'],left,176,71,False,7.76,5.66,66.38,2.2,35.56,0.0,0.0,0.63,4.0,5.91,1.22,2,0.1,1,0.05,1.71,0.1,0,0.0,0.12,0,0.0,21,1.03,38.1,9.524000000000001,0.15,2.1,27.91,1.56,21.88,0.54,45.45,0.68,0.8300000000000001,70.59,3.91,45.0,0.59,1.17,0.05,33.45,0.29,1.12,47.91,80.33,18.41,69.76,6.3,93.02,40.29,87.15,5.52,50.44,20.76,30.54,0.22,1.47,0.0,0.0,0.2,75.0,0.59,8.35,66.67,3.56,42.47,1.12,34.78,1.27,0.68,9.67,79.8,87.68,17.04,0,,0,,0,0.0,0.0,0.0,,,0.39,,2.2,1.6600000000000001,0.24,60.0,2.83,2,100.0
J. Ćirić,Jovan Ćirić,-523909,Mladost Lučani U19,Mladost Lučani,https://cdn5.wyscout.com/photos/team/public/g-9943_120x120.png,U19 League,"CF, LW",CF,46,LW,29,,0,19.0,2007-02-25,0,,24,1827,6,3.6,3,3.93,20.69,38.57,Serbia,['Serbia'],left,175,0,False,2.96,3.6,54.79,1.38,17.86,0.0,0.0,0.0,0.99,1.03,0.89,2,0.1,0,0.0,4.29,0.30000000000000004,5,0.25,0.18,0,0.0,30,1.48,56.67,20.0,0.15,2.86,32.76,2.27,34.78,0.54,18.18,0.54,4.93,51.0,12.86,38.7,2.61,3.1,0.44,12.91,1.82,1.87,16.8,63.34,4.73,53.13,4.04,95.12,13.05,71.7,1.03,42.86,22.96,16.99,0.19,1.23,0.05,0.0,0.15,0.0,0.49,1.92,69.23,2.86,55.17,0.2,0.0,0.9400000000000001,1.03,2.66,83.33,59.34,4.48,0,,0,,0,0.0,0.0,0.0,,,0.1,,1.38,0.89,0.05,0.0,2.22,1,100.0
Ouijdi Sahli,Ouijdi Sahli,-72413,Radnički Kragujevac,Radnički Kragujevac,https://cdn5.wyscout.com/photos/team/public/g2849_120x120.png,Super Liga,"RCMF, AMF",RCMF,43,AMF,35,,0,29.0,1997-04-17,800000,2027-05-31,25,1824,5,2.86,5,4.44,20.92,48.82,France,"['France', 'Tunisia']",right,183,72,False,8.44,7.94,59.63,3.75,42.11,0.54,0.77,0.15,3.16,4.48,1.83,5,0.25,1,0.05,2.52,0.25,5,0.25,0.14,1,0.05,57,2.81,26.32,8.772,0.25,2.22,28.89,0.74,26.67,1.48,30.0,0.25,1.53,54.84,6.41,44.62,1.58,0.99,0.15,23.68,1.48,2.42,32.62,74.28,12.29,64.66,5.72,95.69,26.0,82.73,4.44,47.78,18.86,34.31,0.22,1.38,0.0,0.0,0.39,75.0,0.25,5.53,57.14,3.4,42.03,0.84,58.82,1.28,0.6900000000000001,5.48,75.68,70.37,9.33,0,,0,,0,0.0,0.0,0.0,,,0.39,,3.75,2.86,0.39,37.5,2.47,0,0.0
J. Šljivić,Jovan  Šljivić,-294612,OFK Beograd,OFK Beograd,https://cdn5.wyscout.com/photos/team/public/705_120x120.png,Super Liga,"LCMF, LCMF3, AMF",LCMF,33,LCMF3,19,AMF,14,20.0,2005-10-14,0,2028-06-30,24,1812,2,4.06,1,2.23,17.53,47.88,Serbia,['Serbia'],both,178,69,False,5.96,4.92,62.63,1.94,43.59,0.1,0.16,0.05,2.7800000000000002,4.55,1.04,1,0.05,0,0.0,2.58,0.1,1,0.05,0.2,0,0.0,40,1.99,32.5,5.0,0.05,1.5899999999999999,37.5,1.04,33.33,0.55,45.45,0.2,2.19,56.82,8.1,45.4,2.14,1.8399999999999999,0.15,20.86,0.4,2.14,29.85,74.04,9.98,53.23,4.87,94.9,26.72,78.07,1.5899999999999999,40.63,17.53,28.4,0.11,0.9400000000000001,0.05,0.0,0.25,40.0,0.2,4.67,56.38,2.93,44.07,0.30000000000000004,33.33,0.75,0.6000000000000001,4.77,69.79,83.94,9.59,0,,0,,0,0.0,0.0,0.0,,,0.0,,1.94,1.24,0.05,0.0,2.09,1,100.0
K. Bevis,Kilian Bevis,-159088,Wuhan Three Towns,Radnički Kragujevac,https://cdn5.wyscout.com/photos/team/public/g-9824_120x120.png,CSL,"LW, LAMF, LWF",LW,46,LAMF,23,LWF,10,28.0,1998-02-13,750000,2026-06-30,19,1798,4,6.38,5,2.47,21.12,45.5,France,"['France', 'Guadeloupe']",right,173,70,False,5.16,4.15,56.63,1.65,42.42,0.05,0.07,0.0,2.75,3.92,1.0,4,0.2,0,0.0,6.36,0.2,3,0.15,0.32,0,0.0,46,2.3,39.13,8.696,0.25,4.4,32.95,2.95,38.98,1.45,20.69,0.45,7.21,53.47,13.52,44.44,3.55,3.55,0.55,22.02,1.35,1.85,28.93,73.36,7.91,65.82,6.96,91.37,23.48,82.73,1.25,32.0,17.34,28.93,0.12,1.4,0.0,0.0,0.15,100.0,0.6000000000000001,2.65,62.26,4.0,40.0,0.25,20.0,0.9,1.35,4.86,75.26,68.82,8.51,0,,0,,0,0.0,0.0,0.0,,,0.05,,1.65,0.0,0.0,0.0,0.35000000000000003,2,50.0
V. Krstić,Vukašin Krstić,-145615,Bačka Topola,Bačka Topola,https://cdn5.wyscout.com/photos/team/public/g19686_120x120.png,Super Liga,"RCB, LCB, LB",RCB,48,LCB,21,LB,20,23.0,2003-04-13,750000,2027-06-30,23,1783,0,0.48,0,0.04,14.84,56.46,Serbia,['Serbia'],right,184,72,False,9.14,7.82,67.1,3.84,40.79,0.25,0.38,0.45,3.63,5.41,1.21,4,0.2,0,0.0,0.35000000000000003,0.0,0,0.0,0.02,0,0.0,4,0.2,25.0,0.0,0.0,0.25,60.0,0.05,100.0,0.2,50.0,0.0,0.25,60.0,1.06,42.86,0.30000000000000004,1.21,0.05,35.99,0.61,0.25,51.69,89.16,20.8,83.98,5.15,98.04,45.58,93.13,5.86,59.48,19.11,30.12,0.0,0.05,0.0,0.1,0.0,0.0,0.0,6.97,73.91,0.35000000000000003,42.86,0.30000000000000004,0.0,0.1,0.2,9.39,76.88,93.1,20.49,0,,0,,0,0.0,0.0,0.0,,,3.13,,3.84,0.0,0.0,0.0,0.0,0,0.0
L. Luković,Luka Luković,286205,IMT Novi Beograd,IMT Novi Beograd,https://cdn5.wyscout.com/photos/team/public/g30905_120x120.png,Super Liga,"RCMF, RDMF",RCMF,53,RDMF,21,,0,29.0,1996-10-11,450000,2026-06-30,30,1777,1,2.32,2,1.49,20.01,48.61,Serbia,['Serbia'],right,187,82,False,7.9,7.85,56.13,4.5600000000000005,55.56,0.25,0.36,0.15,3.24,4.5600000000000005,2.2800000000000002,9,0.46,0,0.0,1.82,0.05,1,0.05,0.12,1,0.05,30,1.52,26.67,3.333,0.1,2.13,28.57,0.25,40.0,1.87,27.03,0.41000000000000003,1.11,68.18,5.47,34.26,2.03,1.42,0.1,24.56,1.01,1.06,39.3,75.26,16.0,66.77,5.62,93.69,32.41,80.94,4.76,57.45,18.82,29.11,0.08,0.76,0.0,0.0,0.2,25.0,0.35000000000000003,8.61,70.59,3.39,47.76,0.41000000000000003,37.5,1.32,0.56,8.41,83.13,80.47,10.89,0,,0,,0,0.0,0.0,0.0,,,0.25,,4.5600000000000005,0.05,0.0,0.0,0.0,0,0.0
N. Miličić,Nikola Miličić,-350296,Radnički Kragujevac,Radnički Kragujevac,https://cdn5.wyscout.com/photos/team/public/g2849_120x120.png,Super Liga,"RB, RCB, LCB",RB,54,RCB,28,LCB,11,21.0,2004-07-04,0,2028-06-30,22,1763,0,0.44,1,1.85,17.2,60.53,Serbia,['Serbia'],right,186,78,False,10.77,8.47,70.48,3.37,53.03,0.31,0.44,0.36,4.49,6.41,1.02,3,0.15,0,0.0,0.8200000000000001,0.0,0,0.0,0.02,0,0.0,3,0.15,33.33,0.0,0.05,0.66,61.54,0.05,100.0,0.61,58.33,0.1,0.66,53.85,2.14,38.1,0.61,0.8200000000000001,0.0,26.39,0.56,0.51,42.32,80.82,20.22,70.96,4.24,97.59,35.28,87.55,6.38,45.6,20.13,31.69,0.09,0.77,0.05,0.0,0.0,0.0,0.56,6.28,65.04,1.48,44.83,0.56,36.36,0.51,0.41000000000000003,8.73,67.84,90.48,13.94,0,,0,,0,0.0,0.0,0.0,,,1.79,,3.37,0.0,0.0,0.0,0.0,0,0.0
B. Petrovic,Bogdan Petrovic,-517886,Bačka Topola,Bačka Topola,https://cdn5.wyscout.com/photos/team/public/g19686_120x120.png,Super Liga,CF,CF,100,,0,,0,21.0,2004-12-07,0,2028-06-30,29,1761,5,5.52,1,1.22,21.67,32.31,Serbia,['Serbia'],right,182,0,False,3.02,3.17,56.45,4.04,32.91,0.0,0.0,0.2,1.23,1.8399999999999999,1.58,3,0.15,0,0.0,0.8200000000000001,0.26,5,0.26,0.28,2,0.1,34,1.74,38.24,14.706,0.05,0.26,0.0,0.1,0.0,0.15,0.0,0.0,0.46,22.22,9.81,26.04,2.91,0.26,0.05,8.23,1.43,1.94,13.8,77.78,2.35,52.17,4.96,91.75,13.08,80.08,0.46,55.56,12.79,10.8,0.06,0.36,0.1,0.0,0.15,33.33,0.2,1.12,54.55,0.61,41.67,0.26,40.0,0.46,0.0,1.02,65.0,73.53,3.48,0,,0,,0,0.0,0.0,0.0,,,0.0,,4.04,0.0,0.0,0.0,0.0,0,0.0
Bruno Duarte,Bruno Duarte da Silva,446971,Crvena Zvezda,Crvena Zvezda,https://cdn5.wyscout.com/photos/team/public/483_120x120.png,Super Liga,CF,CF,96,,0,,0,30.0,1996-03-24,0,2027-06-30,27,1761,10,12.28,6,4.39,18.3,44.13,Brazil,"['Brazil', 'Italy']",right,182,80,False,2.81,2.5,65.31,4.86,47.37,0.0,0.0,0.0,1.18,2.25,0.61,0,0.0,1,0.05,4.4,0.51,6,0.31,0.63,1,0.05,85,4.34,38.82,11.765,0.31,2.81,36.36,1.23,33.33,1.53,36.67,0.36,3.12,50.82,9.25,40.33,6.7,2.15,0.2,26.52,2.56,1.48,32.25,74.33,7.21,57.45,6.44,89.68,27.24,79.55,2.3,57.78,18.18,24.77,0.22,1.58,0.15,0.15,0.2,50.0,1.02,4.29,57.14,4.04,46.84,0.46,33.33,1.8900000000000001,0.92,4.04,84.81,77.0,10.89,0,,0,,0,0.0,0.0,0.0,,,0.2,,4.86,0.15,0.15,33.33,0.2,4,100.0
D. Sadi,Dominic Sadi,-289430,Novi Pazar,Novi Pazar,https://cdn5.wyscout.com/photos/team/public/3838_120x120.png,Super Liga,"RAMF, RCMF, RW",RAMF,23,RCMF,19,RW,19,22.0,2003-09-02,0,2028-06-30,22,1756,5,3.17,3,1.9,15.38,45.67,England,['England'],,0,0,False,6.66,4.92,65.63,3.43,29.85,0.51,0.62,0.21,2.92,3.55,1.03,3,0.15,0,0.0,1.18,0.26,5,0.26,0.16,0,0.0,21,1.08,33.33,23.81,0.15,0.72,35.71,0.21,0.0,0.46,44.44,0.05,1.08,52.38,4.87,44.21,2.26,0.77,0.1,13.94,0.67,1.18,23.01,79.29,6.87,64.93,5.43,96.23,20.24,83.54,2.1,53.66,17.04,26.94,0.1,0.72,0.05,0.05,0.21,0.0,0.21,3.74,68.49,1.38,33.33,0.41000000000000003,25.0,0.87,0.15,3.59,68.57,82.11,6.3,0,,0,,0,0.0,0.0,0.0,,,0.0,,3.43,0.0,0.0,0.0,0.1,0,0.0
N. Vidojević,Nemanja  Vidojević,-294629,Železničar Pancevo,Železničar Pancevo,https://cdn5.wyscout.com/photos/team/public/g34577_120x120.png,Super Liga,LCB,LCB,96,,0,,0,21.0,2004-07-05,0,,23,1749,1,1.06,0,0.11,12.97,58.33,Serbia,['Serbia'],left,0,0,False,8.49,5.51,66.36,4.01,51.28,0.26,0.37,0.41000000000000003,4.58,6.53,1.18,6,0.31,1,0.05,0.15,0.05,1,0.05,0.05,1,0.05,3,0.15,66.67,33.333,0.0,0.05,0.0,0.05,0.0,0.0,0.0,0.0,0.1,50.0,1.44,57.14,0.31,0.5700000000000001,0.0,45.23,0.26,0.77,61.18,88.81,21.41,73.56,4.12,96.25,54.75,93.7,6.38,47.58,19.27,32.53,0.01,0.05,0.0,0.0,0.0,0.0,0.05,6.23,61.98,0.5700000000000001,27.27,0.15,33.33,0.26,0.0,8.39,69.33,98.1,29.79,0,,0,,0,0.0,0.0,0.0,,,2.47,,4.01,0.0,0.0,0.0,0.0,0,0.0
Lucas Barros,Lucas Barros da Cunha,-67712,Vojvodina,Vojvodina,https://cdn5.wyscout.com/photos/team/public/700_120x120.png,Super Liga,"LB, LCB",LB,77,LCB,16,,0,26.0,1999-08-21,650000,2027-06-30,22,1743,0,0.36,2,0.91,16.01,63.87,Brazil,['Brazil'],left,180,66,False,10.17,7.9,67.32,2.74,71.7,0.15,0.22,0.41000000000000003,4.7,6.64,1.29,5,0.26,0,0.0,1.96,0.0,0,0.0,0.02,0,0.0,10,0.52,10.0,0.0,0.1,1.81,45.71,1.76,47.06,0.05,0.0,0.0,1.45,71.43,3.7199999999999998,52.78,0.41000000000000003,0.98,0.1,19.98,0.41000000000000003,1.08,31.03,76.71,13.01,67.06,4.65,95.56,24.99,85.33,4.39,40.0,19.03,32.57,0.05,0.5700000000000001,0.0,0.0,0.1,50.0,0.26,4.34,60.71,1.7000000000000002,57.58,0.41000000000000003,50.0,0.31,0.67,7.13,63.77,81.46,7.8,0,,0,,0,0.0,0.0,0.0,,,0.88,,2.74,0.0,0.0,0.0,0.21,0,0.0
Alfa Baldé,Alfa Mussá Baldé,-159318,Radnički Kragujevac,Radnički Kragujevac,https://cdn5.wyscout.com/photos/team/public/g2849_120x120.png,Super Liga,"RW, RAMF",RW,48,RAMF,37,,0,21.0,2005-02-02,0,2028-06-30,32,1739,1,1.87,3,3.59,19.15,52.16,Guinea-Bissau,"['Guinea-Bissau', 'Portugal']",left,170,0,False,4.76,5.12,64.65,0.67,23.08,0.05,0.08,0.05,1.4,2.12,0.47000000000000003,2,0.1,0,0.0,6.68,0.05,1,0.05,0.1,0,0.0,35,1.81,31.43,2.857,0.16,4.5,39.08,0.1,50.0,4.3,39.76,1.29,7.35,58.45,12.21,49.15,2.54,4.4,0.36,20.13,1.5,1.45,27.17,73.9,5.64,58.72,6.31,92.62,21.32,82.52,1.45,53.57,17.75,12.04,0.19,1.29,0.1,0.0,0.05,100.0,0.72,1.55,60.0,5.02,47.42,0.26,40.0,1.35,1.8599999999999999,4.92,77.89,71.88,9.94,0,,0,,0,0.0,0.0,0.0,,,0.16,,0.67,0.26,0.0,0.0,1.35,0,0.0
A. Dermanovic,Aleksandar Dermanovic,-272234,Wieczysta Kraków,OFK Beograd,https://cdn5.wyscout.com/photos/team/public/g-14767_120x120.png,I Liga,LCB,LCB,85,,0,,0,23.0,2002-10-03,0,,18,1734,1,1.23,1,0.01,11.06,63.38,Serbia,['Serbia'],right,0,0,False,8.98,4.62,67.42,2.49,66.67,0.21,0.29,0.52,5.66,8.01,1.04,4,0.21,0,0.0,0.1,0.05,1,0.05,0.06,1,0.05,6,0.31,33.33,16.667,0.05,0.0,0.0,0.0,0.0,0.0,0.0,0.0,0.1,0.0,1.09,47.62,0.47000000000000003,1.04,0.0,31.92,0.31,0.5700000000000001,47.8,87.73,16.87,74.77,3.17,93.44,42.87,92.74,4.93,44.21,22.62,38.27,0.0,0.05,0.0,0.0,0.0,0.0,0.05,4.72,65.93,0.21,25.0,0.1,0.0,0.05,0.0,7.32,63.83,95.33,25.59,0,,0,,0,0.0,0.0,0.0,,,2.44,,2.49,0.0,0.0,0.0,0.0,0,0.0
M. Kolarevic,Milan Kolarevic,-560627,Vojvodina,Vojvodina,https://cdn5.wyscout.com/photos/team/public/700_120x120.png,Super Liga,"LAMF, LW",LAMF,81,LW,12,,0,22.0,2004-04-07,0,2029-06-30,26,1728,6,3.83,3,2.22,20.16,45.99,Serbia,['Serbia'],unknown,0,0,False,7.34,6.15,61.86,2.6,22.0,0.26,0.36,0.1,3.2800000000000002,4.6,1.77,3,0.16,0,0.0,4.27,0.31,6,0.31,0.2,0,0.0,32,1.67,37.5,18.75,0.16,3.02,22.41,2.34,22.22,0.68,23.08,0.42,5.26,53.47,9.32,46.37,2.6,2.08,0.16,14.84,1.25,1.09,21.88,67.62,5.47,68.57,5.68,90.83,16.56,77.99,2.5,47.92,19.75,31.86,0.12,0.68,0.1,0.0,0.21,75.0,0.73,1.82,45.71,3.2800000000000002,47.62,0.63,41.67,0.9400000000000001,0.78,3.54,76.47,58.91,6.72,0,,0,,0,0.0,0.0,0.0,,,0.1,,2.6,0.0,0.0,0.0,0.0,0,0.0
N. Tiknizyan,Nair Tiknizyan,460372,Crvena Zvezda,Crvena Zvezda,https://cdn5.wyscout.com/photos/team/public/483_120x120.png,Super Liga,LB,LB,84,,0,,0,27.0,1999-05-12,6500000,2028-06-30,26,1726,0,0.67,4,4.5,13.77,53.41,Russia,"['Russia', 'Armenia']",left,182,82,False,6.1,5.94,56.14,1.62,77.42,0.42,0.75,0.0,2.35,4.25,1.3,5,0.26,0,0.0,2.9699999999999998,0.0,0,0.0,0.03,0,0.0,13,0.68,15.38,0.0,0.21,4.69,35.56,4.64,35.96,0.05,0.0,0.63,2.24,53.49,4.54,45.98,2.61,1.83,0.37,39.73,2.19,0.5700000000000001,51.26,83.32,16.22,79.1,10.27,95.94,44.48,90.15,2.14,43.9,17.39,24.93,0.23,1.46,0.0,0.1,0.0,0.0,0.89,5.89,76.11,4.02,46.75,0.0,0.0,0.89,1.67,8.08,82.58,80.49,14.97,0,,0,,0,0.0,0.0,0.0,,,1.2,,1.62,0.0,0.0,0.0,0.05,0,0.0
U. Filipovic,Uros Filipovic,-483832,Radnik Surdulica,Radnik Surdulica,https://cdn5.wyscout.com/photos/team/public/g6756_120x120.png,Super Liga,LB,LB,92,,0,,0,19.0,2006-08-01,0,2028-06-30,23,1714,0,0.12,0,0.89,16.07,50.65,Serbia,['Serbia'],unknown,0,0,False,7.98,6.72,61.72,2.31,45.45,0.32,0.42,0.16,3.52,4.71,1.0,3,0.16,0,0.0,1.94,0.0,0,0.0,0.01,0,0.0,4,0.21,75.0,0.0,0.0,1.8900000000000001,22.22,1.8900000000000001,22.22,0.0,0.0,0.47000000000000003,2.42,54.35,5.36,40.2,0.9500000000000001,1.8900000000000001,0.05,16.96,1.26,0.89,28.04,70.79,12.81,61.89,4.57,93.1,22.74,78.29,3.68,47.14,24.93,38.16,0.05,0.58,0.0,0.0,0.05,100.0,0.11,4.99,51.58,2.21,33.33,0.05,0.0,0.68,0.32,7.4,66.67,70.87,6.67,0,,0,,0,0.0,0.0,0.0,,,0.37,,2.31,0.0,0.0,0.0,0.0,0,0.0
M. Ćosić,Mehmed Ćosić,445644,Radnički Kragujevac,Radnički Kragujevac,https://cdn5.wyscout.com/photos/team/public/g2849_120x120.png,Super Liga,"RB, LB",RB,85,LB,12,,0,28.0,1997-06-25,350000,2026-05-30,25,1703,0,0.93,1,2.35,16.22,55.7,Bosnia and Herzegovina,['Bosnia and Herzegovina'],right,177,72,False,9.14,7.5600000000000005,68.53,1.53,34.48,0.42,0.63,0.21,3.54,5.29,0.9,3,0.16,0,0.0,1.9,0.0,0,0.0,0.05,0,0.0,14,0.74,0.0,0.0,0.05,3.44,27.69,0.42,25.0,2.91,29.09,0.53,1.53,62.07,5.13,48.45,1.8,1.11,0.21,23.36,1.11,1.27,35.46,71.39,14.9,64.18,5.6,91.51,26.64,83.13,5.55,41.9,23.55,31.28,0.12,0.85,0.05,0.05,0.05,0.0,0.32,5.71,65.74,2.96,42.86,0.21,0.0,0.74,0.9,9.57,66.85,72.97,9.78,0,,0,,0,0.0,0.0,0.0,,,0.63,,1.53,0.05,0.0,0.0,0.11,0,0.0
N. Vukajlović,Nikola Vukajlović,-134545,Napredak Kruševac,Napredak Kruševac,https://cdn5.wyscout.com/photos/team/public/704_120x120.png,Super Liga,"LB, LB5, LCB3",LB,61,LB5,18,LCB3,13,30.0,1996-05-13,600000,,24,1703,0,0.9,0,0.63,16.12,52.13,Serbia,['Serbia'],left,180,73,False,8.03,7.13,56.3,2.91,61.82,0.26,0.32,0.05,3.75,4.53,1.43,6,0.32,1,0.05,1.6400000000000001,0.0,0,0.0,0.05,0,0.0,13,0.6900000000000001,7.69,0.0,0.0,2.38,40.0,2.17,39.02,0.0,0.0,0.26,1.11,57.14,4.54,44.19,1.06,1.27,0.16,19.87,1.11,0.74,34.19,73.26,16.59,64.97,3.49,96.97,26.58,80.72,5.39,50.0,19.94,33.64,0.03,0.48,0.0,0.0,0.0,0.0,0.16,6.13,56.03,1.74,54.55,0.42,25.0,0.42,0.9,8.51,63.35,82.84,8.93,0,,0,,0,0.0,0.0,0.0,,,0.58,,2.91,0.0,0.0,0.0,0.0,0,0.0
N. Bastajić,Nebojša Bastajić,258595,Napredak Kruševac,Napredak Kruševac,https://cdn5.wyscout.com/photos/team/public/704_120x120.png,Super Liga,"CF, LW, LAMF",CF,34,LW,26,LAMF,21,35.0,1990-08-20,150000,2026-06-30,24,1689,1,3.02,1,1.49,20.99,46.7,Serbia,['Serbia'],right,184,79,False,4.53,4.26,61.25,2.61,30.61,0.32,0.4,0.0,1.6,1.98,0.85,2,0.11,0,0.0,4.8,0.05,1,0.05,0.16,0,0.0,28,1.49,25.0,3.571,0.05,3.94,35.14,3.73,35.71,0.21,25.0,0.64,4.58,63.95,12.1,47.14,3.41,1.49,0.11,16.09,2.02,1.76,27.28,75.78,6.34,68.91,7.19,90.37,22.17,83.17,1.44,70.37,18.03,24.85,0.08,0.64,0.0,0.0,0.11,100.0,0.27,1.81,64.71,3.04,56.14,0.21,75.0,0.85,1.28,4.58,81.4,72.73,8.79,0,,0,,0,0.0,0.0,0.0,,,0.0,,2.61,0.05,0.05,0.0,0.16,0,0.0
M. Konatar,Marko Konatar,-134460,Železničar Pancevo,Železničar Pancevo,https://cdn5.wyscout.com/photos/team/public/g34577_120x120.png,Super Liga,"RB, LB",RB,49,LB,46,,0,26.0,2000-03-25,450000,,21,1679,0,0.49,1,0.6900000000000001,10.08,57.45,Serbia,['Serbia'],left,180,77,False,7.02,4.5,67.86,2.89,55.56,0.0,0.0,0.0,3.9699999999999998,5.83,0.59,3,0.16,0,0.0,0.7000000000000001,0.0,0,0.0,0.03,0,0.0,9,0.48,55.56,0.0,0.05,0.91,29.41,0.7000000000000001,30.77,0.21,25.0,0.11,0.11,100.0,1.6600000000000001,29.03,0.32,0.7000000000000001,0.05,26.37,1.98,0.54,35.91,83.58,14.47,70.74,7.02,98.47,32.16,89.5,2.84,33.96,20.62,31.68,0.04,0.43,0.0,0.0,0.05,100.0,0.16,4.4,64.63,1.6099999999999999,30.0,0.32,16.67,0.21,0.21,5.84,66.97,89.66,10.88,0,,0,,0,0.0,0.0,0.0,,,0.96,,2.89,0.0,0.0,0.0,0.21,0,0.0
J. Enem,Jay Ifeanyi-Junior Enem,-289367,Crvena Zvezda,Crvena Zvezda,https://cdn5.wyscout.com/photos/team/public/483_120x120.png,Super Liga,CF,CF,98,,0,,0,23.0,2003-03-11,0,2028-06-30,28,1677,15,15.46,1,0.97,22.59,42.76,Netherlands,"['Netherlands', 'Nigeria']",right,193,84,True,2.2,1.34,56.0,7.51,47.86,0.0,0.0,0.16,1.45,2.16,0.64,1,0.05,1,0.05,2.42,0.81,13,0.7000000000000001,0.8300000000000001,3,0.16,66,3.54,40.91,22.727,0.05,0.54,20.0,0.16,33.33,0.38,14.29,0.05,1.18,68.18,9.77,39.56,4.78,0.81,0.21,8.21,1.4,2.42,12.29,77.29,2.25,66.67,3.6,88.06,11.7,80.28,0.11,0.0,13.14,3.5300000000000002,0.05,0.59,0.0,0.0,0.05,100.0,0.16,1.34,80.0,0.38,42.86,0.05,100.0,0.21,0.16,1.07,75.0,65.45,2.95,0,,0,,0,0.0,0.0,0.0,,,0.05,,7.51,0.0,0.0,0.0,0.0,2,100.0
F. Bačkulja,Filip Bačkulja,-143549,Novi Pazar,Novi Pazar,https://cdn5.wyscout.com/photos/team/public/3838_120x120.png,Super Liga,"RB, LCB3, LCB",RB,57,LCB3,18,LCB,11,23.0,2002-06-25,550000,2026-06-30,21,1669,0,0.30000000000000004,0,0.0,15.42,52.1,Serbia,['Serbia'],left,187,77,False,9.06,8.74,56.79,2.9699999999999998,47.27,0.32,0.39,0.27,3.77,4.54,1.8900000000000001,7,0.38,0,0.0,0.54,0.0,0,0.0,0.02,0,0.0,5,0.27,60.0,0.0,0.0,0.81,20.0,0.11,0.0,0.7000000000000001,23.08,0.0,0.38,57.14,2.5300000000000002,44.68,0.59,0.86,0.11,17.36,0.75,0.65,28.2,74.95,14.72,63.74,3.24,95.0,21.14,85.2,6.36,47.46,23.52,35.16,0.0,0.0,0.0,0.0,0.05,0.0,0.0,5.07,59.57,1.08,30.0,0.32,66.67,0.11,0.16,7.77,70.14,88.89,7.77,0,,0,,0,0.0,0.0,0.0,,,1.13,,2.9699999999999998,0.0,0.0,0.0,0.05,0,0.0
D. Stojanovic,David Stojanovic,-236308,Radnik Surdulica,Radnik Surdulica,https://cdn5.wyscout.com/photos/team/public/g6756_120x120.png,Super Liga,RCB,RCB,92,,0,,0,24.0,2002-02-14,0,2026-06-30,19,1666,0,0.8,0,0.43,10.8,59.0,Serbia,['Serbia'],,0,0,False,8.91,5.29,63.27,2.76,54.9,0.54,0.78,0.65,5.02,7.21,1.13,4,0.22,0,0.0,0.16,0.0,0,0.0,0.04,0,0.0,6,0.32,16.67,0.0,0.0,0.27,40.0,0.05,100.0,0.22,25.0,0.05,0.05,0.0,0.97,38.89,0.43,0.38,0.05,19.72,0.32,0.65,33.82,83.39,16.15,74.58,3.03,98.21,27.28,89.31,6.27,59.48,23.16,37.64,0.02,0.11,0.0,0.0,0.0,0.0,0.0,5.46,67.33,0.59,27.27,0.22,75.0,0.05,0.11,8.7,73.91,92.14,12.37,0,,0,,0,0.0,0.0,0.0,,,2.43,,2.76,0.0,0.0,0.0,0.0,0,0.0
C. Sichenje,Collins Lusaka Sichenje,-346685,Charlton Athletic,Vojvodina,https://cdn5.wyscout.com/photos/team/public/315_120x120.png,Championship,RCB,RCB,97,,0,,0,22.0,2003-09-19,0,2029-06-30,17,1649,1,0.49,0,0.27,15.88,57.73,Kenya,['Kenya'],right,188,80,False,9.44,6.28,64.35,4.15,51.32,0.16,0.23,0.71,5.24,7.27,1.75,6,0.33,2,0.11,0.38,0.05,1,0.05,0.03,1,0.05,6,0.33,33.33,16.667,0.0,0.33,16.67,0.11,0.0,0.22,25.0,0.16,0.27,80.0,2.13,51.28,0.6000000000000001,0.8200000000000001,0.05,24.89,0.44,0.55,40.93,85.6,19.1,78.57,1.9100000000000001,94.29,36.02,91.21,4.58,46.43,20.93,37.43,0.01,0.27,0.0,0.05,0.0,0.0,0.0,4.58,65.48,0.65,50.0,0.16,0.0,0.44,0.05,7.91,68.28,92.28,16.26,0,,0,,0,0.0,0.0,0.0,,,1.09,,4.15,0.0,0.0,0.0,0.0,0,0.0
S. Stanisavljević,Stefan Stanisavljević,-189362,Novi Pazar,Novi Pazar,https://cdn5.wyscout.com/photos/team/public/3838_120x120.png,Super Liga,CF,CF,100,,0,,0,24.0,2002-01-16,150000,2028-06-30,19,1643,8,9.58,1,0.64,23.66,31.25,Serbia,['Serbia'],right,185,0,False,2.19,2.25,39.02,9.09,36.14,0.0,0.0,0.11,1.31,1.6800000000000002,1.37,3,0.16,0,0.0,1.6400000000000001,0.44,8,0.44,0.52,1,0.05,43,2.36,44.19,18.605,0.05,0.38,42.86,0.22,50.0,0.16,33.33,0.0,0.99,44.44,8.11,23.65,3.7800000000000002,0.8200000000000001,0.11,8.16,2.03,1.37,12.0,72.15,3.01,60.0,3.45,82.54,11.34,73.43,0.27,60.0,15.54,7.78,0.03,0.33,0.11,0.05,0.0,0.0,0.05,1.37,56.0,0.6000000000000001,72.73,0.05,0.0,0.33,0.16,1.26,73.91,80.0,3.01,0,,0,,0,0.0,0.0,0.0,,,0.0,,9.09,0.0,0.0,0.0,0.0,0,0.0
Léo Antônio,Leonardo Antonio,-128694,Spartak Subotica,Spartak Subotica,https://cdn5.wyscout.com/photos/team/public/1956_120x120.png,Super Liga,"RCMF, DMF, RDMF",RCMF,33,DMF,19,RDMF,13,28.0,1997-06-09,0,2026-06-30,22,1641,0,0.37,0,0.59,15.69,53.15,Brazil,['Brazil'],right,184,82,False,11.35,8.28,60.93,2.47,44.44,0.38,0.47000000000000003,0.44,5.92,7.31,1.54,5,0.27,0,0.0,0.49,0.0,0,0.0,0.02,0,0.0,11,0.6000000000000001,36.36,0.0,0.0,0.05,0.0,0.0,0.0,0.05,0.0,0.05,0.6000000000000001,45.45,2.96,37.04,0.33,0.22,0.0,21.06,0.16,1.21,36.25,80.48,13.44,66.12,5.16,91.49,32.41,83.59,3.7800000000000002,55.07,18.69,33.09,0.03,0.33,0.11,0.0,0.0,0.0,0.11,5.8100000000000005,66.98,0.71,46.15,0.22,25.0,0.05,0.0,6.75,59.35,90.35,12.5,0,,0,,0,0.0,0.0,0.0,,,0.22,,2.47,0.05,0.0,0.0,0.0,0,0.0
F. Kanouté,Elimane Franck Kanouté,454741,Radnički Niš,Radnički Niš,https://cdn5.wyscout.com/photos/team/public/g2850_120x120.png,Super Liga,"DMF, LDMF, LCMF",DMF,57,LDMF,20,LCMF,15,27.0,1998-12-13,1000000,2027-06-30,22,1640,2,0.85,0,0.12,17.67,52.8,Senegal,['Senegal'],right,186,78,False,7.79,5.87,64.49,2.52,45.65,0.05,0.07,0.27,3.95,5.28,1.54,9,0.49,2,0.11,1.48,0.11,2,0.11,0.05,0,0.0,25,1.37,32.0,8.0,0.0,0.27,60.0,0.05,100.0,0.16,66.67,0.0,1.43,61.54,7.19,51.15,0.11,0.6000000000000001,0.05,25.24,0.27,2.2,40.17,83.88,11.63,68.4,5.82,97.17,34.96,87.91,4.94,56.67,19.34,36.51,0.01,0.22,0.0,0.0,0.0,0.0,0.05,6.8,65.32,1.32,45.83,0.27,20.0,0.44,0.16,6.7,72.95,90.85,18.0,0,,0,,0,0.0,0.0,0.0,,,1.43,,2.52,0.99,0.44,50.0,0.0,0,0.0
M. Bešić,Muhamed Bešić,144829,Spartak Subotica,Spartak Subotica,https://cdn5.wyscout.com/photos/team/public/1956_120x120.png,Super Liga,"CB, LCB, LCMF",CB,28,LCB,18,LCMF,17,33.0,1992-09-10,800000,2026-06-30,21,1629,0,0.07,0,0.04,11.1,54.23,Germany,"['Germany', 'Bosnia and Herzegovina']",right,180,75,False,7.4,3.26,64.41,2.38,58.14,0.55,0.67,0.55,4.75,5.75,0.66,4,0.22,0,0.0,0.88,0.0,0,0.0,0.0,0,0.0,1,0.06,100.0,0.0,0.0,0.11,50.0,0.06,0.0,0.06,100.0,0.0,1.05,73.68,4.09,50.0,0.22,2.8200000000000003,0.33,30.33,0.17,0.5,46.96,86.0,17.9,74.69,5.14,96.77,38.9,91.19,7.96,61.11,20.62,33.44,0.0,0.11,0.06,0.0,0.0,0.0,0.0,6.3,69.3,0.9400000000000001,41.18,1.05,31.58,0.33,0.06,8.4,73.03,93.27,18.07,0,,0,,0,0.0,0.0,0.0,,,1.38,,2.38,0.17,0.0,0.0,0.0,0,0.0
V. Durdevic,Vukašin Durdevic,-155253,Partizan,Partizan,https://cdn5.wyscout.com/photos/team/public/699_120x120.png,Super Liga,"LB, RB, RCB",LB,47,RB,21,RCB,16,22.0,2004-01-24,0,,25,1628,3,1.55,1,0.88,15.09,59.34,Serbia,['Serbia'],right,184,74,False,9.62,7.46,65.19,3.54,62.5,0.44,0.73,0.55,4.31,7.09,1.6,4,0.22,1,0.06,0.5,0.17,3,0.17,0.09,1,0.06,5,0.28,80.0,60.0,0.06,0.55,20.0,0.22,25.0,0.33,16.67,0.0,0.28,60.0,2.54,41.3,1.0,1.44,0.22,37.43,1.38,0.5,52.08,86.31,19.18,75.79,7.02,96.85,47.71,89.92,3.81,50.72,20.68,29.18,0.05,0.5,0.0,0.0,0.0,0.0,0.28,6.8,76.42,1.11,15.0,0.39,42.86,0.33,0.11,9.51,67.44,93.07,19.96,0,,0,,0,0.0,0.0,0.0,,,3.15,,3.54,0.0,0.0,0.0,0.0,0,0.0
M. Jevtić,Marko Jevtić,404967,IMT Novi Beograd,IMT Novi Beograd,https://cdn5.wyscout.com/photos/team/public/g30905_120x120.png,Super Liga,LCB,LCB,99,,0,,0,30.0,1996-02-17,300000,2026-06-30,20,1617,1,0.76,0,0.21,11.3,59.11,Serbia,['Serbia'],left,192,79,False,7.74,3.7800000000000002,70.59,4.45,58.75,0.33,0.44,0.9500000000000001,4.73,6.17,0.45,1,0.06,0,0.0,0.22,0.06,1,0.06,0.04,1,0.06,5,0.28,20.0,20.0,0.0,0.06,0.0,0.06,0.0,0.0,0.0,0.0,0.22,75.0,1.45,38.46,0.39,0.67,0.06,24.55,0.28,0.45,40.3,87.02,19.59,79.55,2.2800000000000002,100.0,35.51,90.91,4.73,58.82,20.17,24.78,0.01,0.11,0.0,0.0,0.0,0.0,0.0,4.12,77.03,0.22,25.0,0.17,0.0,0.11,0.0,8.68,68.59,94.77,15.97,0,,0,,0,0.0,0.0,0.0,,,1.8900000000000001,,4.45,0.0,0.0,0.0,0.0,0,0.0
K. Saliman,Kayode Saliman,-388877,Javor Ivanjica,Javor Ivanjica,https://cdn5.wyscout.com/photos/team/public/1255_120x120.png,Super Liga,"RAMF, LAMF, LW",RAMF,34,LAMF,22,LW,18,23.0,2003-01-07,0,2028-06-30,31,1615,1,3.06,2,2.39,20.95,37.5,Nigeria,['Nigeria'],right,0,0,False,5.57,6.52,51.28,2.73,18.37,0.0,0.0,0.06,2.23,2.5300000000000002,1.62,4,0.22,0,0.0,3.12,0.06,1,0.06,0.17,0,0.0,33,1.8399999999999999,36.36,3.03,0.11,2.45,25.0,0.9500000000000001,35.29,1.5,18.52,0.56,2.95,56.6,9.47,34.12,2.62,2.67,1.0,15.38,1.67,1.17,23.35,72.32,4.68,61.9,6.07,92.66,19.67,80.17,1.3900000000000001,36.0,15.99,16.54,0.13,0.9500000000000001,0.0,0.0,0.17,100.0,0.28,1.23,77.27,2.2800000000000002,48.78,0.17,100.0,0.9500000000000001,0.78,3.9,54.29,66.94,6.74,0,,0,,0,0.0,0.0,0.0,,,0.06,,2.73,0.0,0.0,0.0,0.11,0,0.0
L. Micic,Lazar Micic,-139962,Javor Ivanjica,Javor Ivanjica,https://cdn5.wyscout.com/photos/team/public/1255_120x120.png,Super Liga,"RW, RAMF",RW,56,RAMF,29,,0,23.0,2003-02-17,0,2027-12-31,26,1614,2,2.44,3,2.17,14.16,43.7,Serbia,['Serbia'],left,170,0,False,3.4,2.84,52.94,1.17,14.29,0.0,0.0,0.0,1.9,2.43,0.5,2,0.11,0,0.0,3.96,0.11,2,0.11,0.14,0,0.0,30,1.67,36.67,6.667,0.17,2.17,30.77,0.28,40.0,1.8399999999999999,30.3,0.39,5.07,51.65,8.81,46.2,2.12,3.12,1.17,20.74,1.17,1.45,24.93,79.19,6.13,72.73,5.19,96.77,21.47,84.94,1.45,61.54,17.41,22.31,0.12,0.61,0.06,0.0,0.11,50.0,0.33,1.67,70.0,1.9,50.0,0.11,50.0,0.39,0.67,4.63,74.7,76.28,8.7,0,,0,,0,0.0,0.0,0.0,,,0.22,,1.17,0.0,0.0,0.0,0.0,0,0.0
V. Bogdanović,Vukašin Bogdanović,-188642,Radnik Surdulica,Radnik Surdulica,https://cdn5.wyscout.com/photos/team/public/g6756_120x120.png,Super Liga,CF,CF,93,,0,,0,23.0,2002-10-04,250000,2027-06-30,20,1596,7,5.57,2,0.91,28.08,35.54,Serbia,['Serbia'],right,184,75,False,4.29,4.4,53.85,5.92,39.05,0.39,0.56,0.0,1.52,2.18,1.58,3,0.17,0,0.0,1.58,0.39,5,0.28,0.31,1,0.06,28,1.58,57.14,25.0,0.11,0.73,15.38,0.0,0.0,0.73,15.38,0.11,1.07,52.63,12.35,28.31,2.93,0.62,0.06,12.18,1.8599999999999999,2.71,20.08,80.9,2.93,61.54,8.52,92.72,19.23,83.87,0.11,0.0,13.53,2.65,0.05,0.51,0.0,0.0,0.0,0.0,0.17,1.6400000000000001,72.41,0.62,45.45,0.0,0.0,0.56,0.17,1.13,40.0,75.36,3.89,0,,0,,0,0.0,0.0,0.0,,,0.0,,5.92,0.0,0.0,0.0,0.0,3,66.667
A. Vukičević,Aleksej Vukičević,-294588,OFK Beograd,OFK Beograd,https://cdn5.wyscout.com/photos/team/public/705_120x120.png,Super Liga,"RCB, CB, RCB3",RCB,58,CB,20,RCB3,14,20.0,2005-06-11,0,2027-06-30,18,1595,0,0.6900000000000001,0,0.19,14.22,65.48,Serbia,['Serbia'],right,0,0,False,7.5600000000000005,5.36,58.95,3.7199999999999998,68.18,0.56,0.96,0.45,3.84,6.5,1.24,6,0.34,0,0.0,0.51,0.0,0,0.0,0.04,0,0.0,10,0.56,30.0,0.0,0.0,0.06,0.0,0.0,0.0,0.06,0.0,0.0,0.34,100.0,2.6,67.39,0.45,1.58,0.11,25.96,0.11,1.97,41.42,84.47,16.48,69.18,3.84,98.53,35.89,90.57,5.47,45.36,21.49,38.1,0.01,0.11,0.0,0.0,0.0,0.0,0.0,5.42,57.29,0.68,33.33,0.56,50.0,0.39,0.0,7.05,72.8,95.31,18.06,0,,0,,0,0.0,0.0,0.0,,,2.76,,3.7199999999999998,0.17,0.17,33.33,0.0,0,0.0
A. Avdić,Adem Avdić,-439729,Grafičar,Crvena Zvezda,https://cdn5.wyscout.com/photos/team/public/g4182_120x120.png,Prva Liga,"LB, LWB",LB,71,LWB,15,,0,18.0,2007-09-24,0,2030-06-30,25,1588,1,1.24,2,1.88,23.18,52.57,Serbia,"['Serbia', 'Bosnia and Herzegovina']",left,0,0,False,9.41,9.24,62.58,2.32,60.98,0.4,0.8,0.23,3.23,6.5,1.47,3,0.17,0,0.0,4.99,0.06,1,0.06,0.07,0,0.0,22,1.25,18.18,4.545,0.11,5.27,34.41,5.27,34.41,0.0,0.0,0.74,4.87,58.14,9.63,45.29,1.81,2.44,0.28,35.65,2.49,1.42,48.06,77.95,14.45,70.2,9.58,95.27,39.39,86.62,3.63,45.31,18.33,25.75,0.11,1.19,0.06,0.11,0.23,50.0,0.62,5.38,68.42,5.33,41.49,0.51,33.33,0.68,1.7000000000000002,9.58,75.15,77.17,15.64,0,,0,,0,0.0,0.0,0.0,,,1.02,,2.32,0.06,0.0,0.0,0.06,0,0.0
M. Novaković,Martin Novaković,517413,Radnik Surdulica,Radnik Surdulica,https://cdn5.wyscout.com/photos/team/public/g6756_120x120.png,Super Liga,"AMF, CF, RCMF",AMF,48,CF,17,RCMF,11,25.0,2001-01-05,400000,2028-06-30,25,1571,7,4.75,0,1.03,20.91,41.37,Serbia,['Serbia'],right,175,70,False,8.02,8.13,57.75,2.41,30.95,0.06,0.09,0.17,3.27,4.91,2.41,4,0.23,1,0.06,1.49,0.4,5,0.29,0.27,0,0.0,42,2.41,38.1,16.667,0.0,0.23,25.0,0.11,50.0,0.06,0.0,0.06,0.97,52.94,7.1,27.42,2.35,0.8,0.11,20.17,0.63,1.43,32.31,80.67,9.8,65.5,7.96,92.09,30.02,83.78,2.06,41.67,16.25,20.67,0.06,0.6900000000000001,0.0,0.0,0.06,0.0,0.11,4.98,62.07,1.49,57.69,0.34,33.33,0.86,0.06,3.9,72.06,89.47,8.71,0,,0,,0,0.0,0.0,0.0,,,0.5700000000000001,,2.41,0.23,0.06,0.0,0.63,2,100.0
A. Kuljanin,Aleksa  Kuljanin,-418619,Železničar Pancevo,Železničar Pancevo,https://cdn5.wyscout.com/photos/team/public/g34577_120x120.png,Super Liga,"RW, RAMF, CF",RW,53,RAMF,24,CF,14,22.0,2004-01-17,0,,25,1571,1,2.3,5,2.99,25.15,44.42,Serbia,['Serbia'],,0,0,False,7.22,7.79,58.82,1.37,25.0,0.11,0.18,0.06,2.52,3.88,1.32,3,0.17,0,0.0,4.8100000000000005,0.06,1,0.06,0.13,0,0.0,28,1.6,17.86,3.571,0.29,1.43,32.0,0.11,0.0,1.26,31.82,0.29,7.5,52.67,14.84,40.15,2.98,2.75,0.29,13.35,1.9500000000000002,1.43,18.05,63.49,5.16,57.78,3.9,79.41,15.3,68.91,1.37,37.5,16.99,22.14,0.17,0.86,0.11,0.06,0.29,40.0,0.46,1.6,57.14,3.44,45.0,0.46,25.0,1.6,0.52,2.98,67.31,60.67,5.1,0,,0,,0,0.0,0.0,0.0,,,0.11,,1.37,0.0,0.0,0.0,0.17,0,0.0
U. Sremčević,Uroš Sremčević,-339769,Napredak Kruševac,Napredak Kruševac,https://cdn5.wyscout.com/photos/team/public/704_120x120.png,Super Liga,CF,CF,92,,0,,0,20.0,2006-04-24,0,2026-12-31,30,1568,1,4.13,1,0.41000000000000003,27.21,37.97,Serbia,['Serbia'],right,185,76,True,3.79,3.5,50.82,8.95,44.23,0.06,0.07,0.06,1.9500000000000002,2.3,1.43,2,0.11,0,0.0,1.15,0.06,1,0.06,0.24,1,0.06,29,1.6600000000000001,34.48,3.448,0.06,0.4,14.29,0.17,33.33,0.17,0.0,0.0,1.03,50.0,10.16,28.81,2.93,0.5700000000000001,0.0,9.59,2.07,1.55,16.53,75.69,3.04,47.17,5.51,86.46,15.67,77.29,0.46,75.0,13.61,6.6,0.02,0.5700000000000001,0.06,0.0,0.0,0.0,0.11,1.15,55.0,0.46,37.5,0.06,0.0,0.4,0.06,1.55,37.04,77.78,3.62,0,,0,,0,0.0,0.0,0.0,,,0.06,,8.95,0.0,0.0,0.0,0.0,0,0.0
M. Petković,Mihajlo Petković,-139948,Novi Pazar,Novi Pazar,https://cdn5.wyscout.com/photos/team/public/3838_120x120.png,Super Liga,"LAMF, LW, LWF",LAMF,36,LW,21,LWF,12,21.0,2004-05-27,0,2027-06-30,28,1566,1,1.97,1,1.08,19.77,36.34,Serbia,['Serbia'],right,182,79,False,4.48,4.6,57.5,2.5300000000000002,25.0,0.11,0.15,0.06,1.72,2.23,1.32,6,0.34,0,0.0,3.2800000000000002,0.06,1,0.06,0.11,0,0.0,30,1.72,40.0,3.333,0.06,2.07,36.11,1.6099999999999999,35.71,0.46,37.5,0.23,4.08,43.66,11.03,31.77,2.07,2.59,0.17,15.69,1.09,1.03,23.05,66.58,8.1,56.03,4.37,89.47,18.1,72.06,2.93,52.94,17.84,24.75,0.06,0.5700000000000001,0.0,0.0,0.06,100.0,0.4,3.85,55.22,2.99,48.08,0.5700000000000001,30.0,0.92,0.6900000000000001,5.29,67.39,62.5,5.52,0,,0,,0,0.0,0.0,0.0,,,0.0,,2.5300000000000002,0.06,0.0,0.0,0.0,0,0.0
S. Karamoko,Sankara William Karamoko,-385971,IMT Novi Beograd,IMT Novi Beograd,https://cdn5.wyscout.com/photos/team/public/g30905_120x120.png,Super Liga,"CF, LW",CF,57,LW,24,,0,22.0,2003-11-09,0,2027-06-30,31,1564,8,5.53,1,0.36,23.36,35.71,Côte d'Ivoire,"[""Côte d'Ivoire""]",right,174,72,True,5.24,5.06,47.73,5.41,30.85,0.17,0.23,0.06,2.65,3.56,2.65,5,0.29,0,0.0,2.07,0.46,8,0.46,0.32,1,0.06,29,1.67,58.62,27.586,0.06,0.46,25.0,0.4,28.57,0.0,0.0,0.12,1.78,54.84,8.86,35.06,2.5300000000000002,0.6900000000000001,0.23,12.6,2.01,1.78,18.53,79.81,3.9699999999999998,68.12,5.29,91.3,17.21,81.61,0.86,73.33,16.66,14.42,0.02,0.46,0.0,0.0,0.06,0.0,0.17,1.21,76.19,1.21,47.62,0.06,0.0,0.81,0.29,2.47,74.42,80.81,5.7,0,,0,,0,0.0,0.0,0.0,,,0.06,,5.41,0.0,0.0,0.0,0.06,0,0.0
M. Radin,Milan Radin,258589,Bačka Topola,Bačka Topola,https://cdn5.wyscout.com/photos/team/public/g19686_120x120.png,Super Liga,"LDMF, LCMF, RCMF",LDMF,39,LCMF,34,RCMF,12,34.0,1991-06-25,200000,2027-06-30,22,1561,1,0.88,0,0.21,21.16,57.77,Serbia,['Serbia'],right,173,66,False,10.15,6.86,62.18,4.21,49.32,0.81,1.15,0.35000000000000003,5.07,7.25,2.13,8,0.46,0,0.0,1.5,0.06,1,0.06,0.05,1,0.06,14,0.81,35.71,7.143,0.0,0.58,50.0,0.23,50.0,0.29,40.0,0.17,1.33,60.87,7.15,59.68,1.04,1.33,0.17,27.96,0.4,2.94,45.49,82.76,15.34,64.66,8.59,95.3,40.01,88.47,4.9,40.0,18.63,35.92,0.01,0.29,0.06,0.06,0.12,100.0,0.0,8.88,67.53,1.8399999999999999,21.88,1.5,19.23,0.35000000000000003,0.17,6.86,73.95,91.35,15.34,0,,0,,0,0.0,0.0,0.0,,,0.58,,4.21,0.06,0.0,0.0,0.0,0,0.0
N. Bogdanovski,Nikola Bogdanovski,-54227,Napredak Kruševac,Napredak Kruševac,https://cdn5.wyscout.com/photos/team/public/704_120x120.png,Super Liga,"CF, RW, LAMF",CF,20,RW,20,LAMF,11,27.0,1999-01-25,350000,2027-06-30,29,1560,4,2.32,1,0.72,16.85,36.3,North Macedonia,"['North Macedonia', 'Serbia']",right,179,68,False,4.62,4.38,50.0,2.83,20.41,0.17,0.2,0.23,2.25,2.61,1.1,3,0.17,0,0.0,2.94,0.23,4,0.23,0.13,1,0.06,28,1.62,28.57,14.286,0.06,2.08,36.11,0.87,20.0,1.15,45.0,0.23,3.17,52.73,8.08,35.0,1.96,1.85,0.23,14.48,1.9,0.81,19.04,65.15,5.37,47.31,3.92,86.76,15.06,73.18,2.08,33.33,17.64,19.67,0.04,0.46,0.0,0.0,0.06,100.0,0.35000000000000003,1.44,44.0,2.13,48.65,0.29,40.0,0.63,0.75,4.21,54.79,70.64,6.29,0,,0,,0,0.0,0.0,0.0,,,0.0,,2.83,0.06,0.0,0.0,0.12,0,0.0
M. Ristić,Miloš Ristić,409721,Radnički Kragujevac,Radnički Kragujevac,https://cdn5.wyscout.com/photos/team/public/g2849_120x120.png,Super Liga,"DMF, RDMF",DMF,52,RDMF,35,,0,31.0,1995-04-06,400000,2027-05-31,20,1559,0,0.81,0,1.05,14.55,53.97,Serbia,['Serbia'],right,189,74,False,7.5600000000000005,6.06,60.0,3.29,61.4,0.12,0.18,0.23,3.81,6.04,1.3900000000000001,4,0.23,1,0.06,1.04,0.0,0,0.0,0.05,0,0.0,26,1.5,23.08,0.0,0.0,0.29,40.0,0.06,100.0,0.17,33.33,0.0,0.98,58.82,3.29,45.61,0.92,1.33,0.12,21.88,0.17,0.64,37.41,84.1,13.22,74.67,5.08,95.45,33.31,88.91,3.81,45.45,17.83,32.95,0.06,0.92,0.0,0.0,0.06,0.0,0.06,6.23,67.59,1.27,68.18,0.35000000000000003,16.67,0.58,0.12,5.37,68.82,89.29,12.93,0,,0,,0,0.0,0.0,0.0,,,0.52,,3.29,0.64,0.23,0.0,1.04,0,0.0
O. Čančarević,Ognjen Čančarević,136154,IMT Novi Beograd,IMT Novi Beograd,https://cdn5.wyscout.com/photos/team/public/g30905_120x120.png,Super Liga,GK,GK,100,,0,,0,36.0,1989-09-25,200000,2026-06-30,16,1556,0,0.0,0,0.25,0.29,80.0,Armenia,"['Armenia', 'Serbia']",left,187,87,False,1.3900000000000001,0.12,50.0,0.06,100.0,0.0,0.0,0.0,1.33,1.8599999999999999,0.0,0,0.0,0,0.0,0.06,0.0,0,0.0,0.0,0,0.0,0,0.0,0.0,0.0,0.0,0.0,0.0,0.0,0.0,0.0,0.0,0.0,0.06,100.0,0.12,100.0,0.0,0.0,0.0,14.0,0.4,0.12,21.46,75.74,15.73,68.75,0.06,100.0,7.98,97.83,13.42,62.93,39.83,49.73,0.01,0.06,0.0,0.0,0.0,0.0,0.0,4.45,48.05,0.52,11.11,0.87,20.0,0.06,0.0,9.78,78.7,95.65,5.32,12,0.6900000000000001,31,1.79,10,61.29,8.68,0.5,-3.32,-0.192,0.06,0.6900000000000001,0.06,,,,0.0,0,0.0
S. Mijailović,Srdjan Mijailović,138468,Čukarički,Čukarički,https://cdn5.wyscout.com/photos/team/public/702_120x120.png,Super Liga,"RDMF, RCMF, LCMF",RDMF,29,RCMF,24,LCMF,16,32.0,1993-11-10,2000000,2029-06-30,20,1554,0,0.33,1,1.03,16.33,54.26,Serbia,['Serbia'],right,180,66,False,11.24,8.28,59.44,2.95,50.98,1.45,1.88,0.75,4.86,6.32,1.8,7,0.41000000000000003,0,0.0,1.51,0.0,0,0.0,0.02,0,0.0,15,0.87,20.0,0.0,0.06,2.26,43.59,0.58,40.0,1.62,46.43,0.23,0.52,66.67,2.37,48.78,0.17,0.64,0.35000000000000003,23.05,0.52,0.81,37.82,78.41,12.86,64.41,5.44,95.74,30.64,83.55,5.04,62.07,20.75,33.41,0.06,0.46,0.06,0.0,0.0,0.0,0.23,6.66,65.22,3.07,52.83,0.35000000000000003,50.0,0.58,0.93,7.41,80.47,83.2,14.13,0,,0,,0,0.0,0.0,0.0,,,0.75,,2.95,0.23,0.12,0.0,0.23,0,0.0
B. Brać,Bojan Brać,90648,,IMT Novi Beograd,,,GK,GK,100,,0,,0,36.0,1989-02-28,125000,,16,1547,0,0.0,0,0.0,0.29,80.0,Serbia,['Serbia'],left,191,87,False,1.34,0.06,0.0,0.17,100.0,0.0,0.0,0.0,1.34,1.73,0.06,0,0.0,0,0.0,0.0,0.0,0,0.0,0.0,0,0.0,0,0.0,0.0,0.0,0.0,0.0,0.0,0.0,0.0,0.0,0.0,0.0,0.0,0.0,0.06,100.0,0.0,0.0,0.0,9.89,0.12,0.06,15.01,83.72,8.44,73.79,0.0,0.0,8.78,97.35,6.22,64.49,29.48,39.75,0.0,0.0,0.0,0.0,0.0,0.0,0.0,0.29,20.0,0.0,0.0,0.0,0.0,0.0,0.0,4.19,61.11,97.2,6.22,35,2.04,90,5.24,3,61.11,26.9,1.56,-8.1,-0.47100000000000003,0.0,0.81,0.17,,,,0.0,0,0.0
Tomás Händel,Tomás Romano Pereira dos Santos Händel,-52626,Crvena Zvezda,Crvena Zvezda,https://cdn5.wyscout.com/photos/team/public/483_120x120.png,Super Liga,"LCMF, RCMF, LDMF",LCMF,41,RCMF,14,LDMF,11,25.0,2000-11-27,0,2029-06-30,28,1542,1,1.76,1,2.1,13.13,54.67,Portugal,"['Portugal', 'Austria']",left,180,69,False,5.54,4.49,61.04,1.4,54.17,0.18,0.34,0.29,2.63,5.04,1.17,1,0.06,0,0.0,1.23,0.06,1,0.06,0.1,0,0.0,21,1.23,19.05,4.7620000000000005,0.06,0.93,31.25,0.7000000000000001,16.67,0.23,75.0,0.06,1.05,61.11,5.6,47.92,1.23,1.11,0.0,43.25,0.29,1.58,56.56,88.75,17.8,80.98,9.11,97.44,52.47,91.21,3.15,64.81,16.42,21.89,0.12,1.46,0.12,0.0,0.12,50.0,0.06,9.86,82.25,2.45,59.52,0.41000000000000003,28.57,0.93,0.23,7.35,84.13,92.86,19.61,0,,0,,0,0.0,0.0,0.0,,,0.64,,1.4,0.53,0.06,0.0,1.87,0,0.0
B. Kovačević,Bojan Kovačević,438124,Radnički Kragujevac,Radnički Kragujevac,https://cdn5.wyscout.com/photos/team/public/g2849_120x120.png,Super Liga,LB,LB,93,,0,,0,30.0,1996-04-28,350000,2027-06-30,16,1525,0,0.28,0,0.36,11.27,56.02,Serbia,['Serbia'],left,186,75,False,7.97,5.78,61.22,1.3599999999999999,56.52,0.24,0.36,0.41000000000000003,4.19,6.3,1.24,4,0.24,0,0.0,1.48,0.0,0,0.0,0.02,0,0.0,4,0.24,25.0,0.0,0.0,2.36,37.5,2.36,37.5,0.0,0.0,0.12,0.77,69.23,3.13,52.83,0.71,1.0,0.06,28.68,1.3599999999999999,1.12,39.78,78.64,16.88,72.73,5.37,94.51,32.93,85.13,4.6,53.85,19.94,37.34,0.02,0.41000000000000003,0.0,0.0,0.12,0.0,0.24,6.67,78.76,2.89,44.9,0.53,55.56,0.53,0.71,11.51,72.31,83.33,10.98,0,,0,,0,0.0,0.0,0.0,,,1.12,,1.3599999999999999,0.35000000000000003,0.0,0.0,0.18,0,0.0
S. Nikolic,Stefan Nikolic,-346104,Radnički Niš,Radnički Niš,https://cdn5.wyscout.com/photos/team/public/g2850_120x120.png,Super Liga,"LCMF, LCMF3, RAMF",LCMF,24,LCMF3,16,RAMF,15,20.0,2006-01-25,0,2027-06-30,30,1512,1,1.03,0,1.27,15.3,47.47,Serbia,['Serbia'],unknown,0,0,False,6.37,5.89,61.62,1.85,48.39,0.71,1.0,0.18,2.02,2.84,0.9500000000000001,6,0.36,0,0.0,1.07,0.06,1,0.06,0.06,0,0.0,15,0.89,33.33,6.667,0.0,0.6000000000000001,30.0,0.18,33.33,0.42,28.57,0.0,1.01,58.82,5.06,34.12,0.71,0.8300000000000001,0.06,18.27,0.54,1.01,26.25,79.14,7.98,61.19,5.6,95.74,23.87,83.54,1.85,35.48,17.18,20.84,0.08,0.54,0.06,0.0,0.0,0.0,0.18,3.93,51.52,1.07,38.89,0.24,25.0,0.18,0.12,2.8,55.32,83.46,7.92,0,,0,,0,0.0,0.0,0.0,,,0.48,,1.85,0.0,0.0,0.0,0.0,0,0.0
N. Milojević,Nemanja Milojević,463415,Mladost Lučani,Mladost Lučani,https://cdn5.wyscout.com/photos/team/public/703_120x120.png,Super Liga,"RCMF3, LCMF, LCMF3",RCMF3,31,LCMF,29,LCMF3,16,28.0,1998-02-23,800000,2026-06-30,28,1499,3,2.12,0,1.5899999999999999,16.93,48.94,Greece,"['Greece', 'Serbia']",left,183,71,False,7.8100000000000005,5.94,66.67,2.76,36.96,0.96,0.99,0.48,2.88,2.96,0.96,1,0.06,0,0.0,1.8,0.18,2,0.12,0.13,0,0.0,28,1.6800000000000002,25.0,10.714,0.0,1.02,29.41,0.66,18.18,0.36,50.0,0.30000000000000004,1.8,60.0,5.76,41.67,0.72,1.02,0.30000000000000004,17.11,0.54,1.26,25.4,77.3,8.95,65.1,4.44,98.65,21.61,84.44,2.8200000000000003,38.3,18.5,25.45,0.1,0.54,0.0,0.0,0.12,0.0,0.12,4.2,62.86,1.5,44.0,0.24,25.0,0.36,0.30000000000000004,5.52,63.04,80.15,7.87,0,,0,,0,0.0,0.0,0.0,,,0.18,,2.76,0.54,0.12,50.0,1.1400000000000001,1,100.0
D. Camaj,Driton Camaj,318375,Novi Pazar,Novi Pazar,https://cdn5.wyscout.com/photos/team/public/3838_120x120.png,Super Liga,"LAMF, LW",LAMF,50,LW,42,,0,29.0,1997-03-07,400000,2026-06-30,17,1491,7,4.0,2,2.7199999999999998,18.35,44.41,Montenegro,['Montenegro'],right,182,73,False,5.49,4.23,62.86,1.99,36.36,0.12,0.14,0.0,2.7199999999999998,3.24,0.91,2,0.12,0,0.0,4.16,0.42,5,0.30000000000000004,0.24,0,0.0,31,1.87,45.16,22.581,0.12,2.47,21.95,2.23,21.62,0.24,25.0,0.48,4.53,57.33,10.56,42.29,2.29,3.26,0.18,18.47,1.51,1.09,25.9,70.63,6.28,60.58,6.82,90.27,19.98,78.85,3.56,55.93,19.8,41.47,0.16,1.45,0.06,0.0,0.24,75.0,0.66,3.56,67.8,2.96,42.86,0.48,50.0,1.09,0.54,4.95,73.17,67.91,8.09,0,,0,,0,0.0,0.0,0.0,,,0.54,,1.99,1.33,0.12,0.0,2.6,2,100.0
L. Stojanovic,Lazar Stojanovic,-483822,Čukarički,Čukarički,https://cdn5.wyscout.com/photos/team/public/702_120x120.png,Super Liga,"LB, LCB, RCB3",LB,39,LCB,33,RCB3,16,21.0,2005-04-22,0,2029-06-30,22,1490,0,0.24,0,0.76,14.5,53.75,Serbia,['Serbia'],unknown,0,0,False,7.91,7.61,58.73,3.2,54.72,0.42,0.63,0.6000000000000001,3.02,4.46,1.87,6,0.36,0,0.0,0.72,0.0,0,0.0,0.01,0,0.0,3,0.18,33.33,0.0,0.0,1.09,44.44,0.79,53.85,0.30000000000000004,20.0,0.0,0.42,42.86,1.21,35.0,0.30000000000000004,0.66,0.06,21.99,0.91,0.48,32.92,80.0,14.26,67.8,2.96,89.8,26.21,88.48,5.68,46.81,22.94,33.82,0.05,0.24,0.0,0.0,0.0,0.0,0.06,6.28,67.31,1.57,42.31,0.48,0.0,0.24,0.54,8.88,72.79,90.15,12.26,0,,0,,0,0.0,0.0,0.0,,,1.09,,3.2,0.18,0.0,0.0,0.0,0,0.0
D. Jovanović,Djordje Jovanović,-266973,Radnik Surdulica,Radnik Surdulica,https://cdn5.wyscout.com/photos/team/public/g6756_120x120.png,Super Liga,"LAMF, LW",LAMF,43,LW,34,,0,24.0,2001-08-17,0,2026-12-31,27,1490,4,4.39,2,1.33,21.02,43.97,Serbia,['Serbia'],right,175,79,False,7.49,7.07,61.54,3.08,35.29,0.24,0.31,0.18,2.9,3.7800000000000002,1.27,2,0.12,0,0.0,2.6,0.24,4,0.24,0.27,0,0.0,33,1.99,42.42,12.121,0.12,1.75,37.93,1.21,30.0,0.54,55.56,0.12,2.54,40.48,8.52,35.46,2.96,1.21,0.0,12.08,1.63,1.03,18.3,67.99,6.22,63.11,3.26,90.74,14.68,74.9,1.87,41.94,19.77,22.76,0.08,0.66,0.0,0.0,0.12,50.0,0.30000000000000004,2.23,59.46,1.81,40.0,0.18,66.67,0.36,0.79,3.93,61.54,65.0,6.04,0,,0,,0,0.0,0.0,0.0,,,0.06,,3.08,0.0,0.0,0.0,0.06,0,0.0
M. Mitrović,Milan Mitrović,152873,Radnički Kragujevac,Radnički Kragujevac,https://cdn5.wyscout.com/photos/team/public/g2849_120x120.png,Super Liga,LCB,LCB,91,,0,,0,37.0,1988-07-02,75000,,18,1481,0,0.25,1,0.12,12.03,61.11,Serbia,['Serbia'],left,189,78,False,6.38,4.74,62.82,4.68,64.94,0.18,0.30000000000000004,0.55,3.22,5.34,0.91,3,0.18,0,0.0,0.24,0.0,0,0.0,0.02,0,0.0,1,0.06,0.0,0.0,0.06,0.06,100.0,0.06,100.0,0.0,0.0,0.0,0.12,100.0,0.97,43.75,0.12,2.13,0.0,29.84,0.30000000000000004,0.30000000000000004,47.28,88.95,18.41,80.2,3.2800000000000002,94.44,41.2,92.77,6.08,63.0,20.0,32.21,0.01,0.06,0.0,0.0,0.06,100.0,0.0,7.47,81.3,0.18,33.33,0.30000000000000004,60.0,0.06,0.0,9.42,74.19,95.54,21.82,0,,0,,0,0.0,0.0,0.0,,,2.13,,4.68,0.0,0.0,0.0,0.0,0,0.0
N. Glišić,Nikola Glišić,-193263,IMT Novi Beograd,IMT Novi Beograd,https://cdn5.wyscout.com/photos/team/public/g30905_120x120.png,Super Liga,"LB, LW",LB,82,LW,16,,0,26.0,1999-06-30,1000000,2027-01-10,24,1477,2,2.03,1,0.51,19.38,55.66,Serbia,['Serbia'],right,175,65,False,10.85,8.59,70.92,2.32,39.47,0.61,0.8200000000000001,0.18,4.14,5.54,0.67,2,0.12,0,0.0,3.66,0.12,2,0.12,0.12,0,0.0,24,1.46,37.5,8.333,0.06,3.17,32.69,3.17,32.69,0.0,0.0,0.30000000000000004,3.5300000000000002,58.62,6.46,47.17,1.83,1.83,0.37,24.13,1.83,0.79,35.77,68.48,15.9,59.0,5.24,93.02,25.65,77.67,7.01,51.3,21.43,25.31,0.03,0.55,0.0,0.0,0.0,0.0,0.30000000000000004,6.52,57.01,2.62,51.16,0.55,44.44,0.61,1.04,9.51,58.33,76.65,10.18,0,,0,,0,0.0,0.0,0.0,,,0.18,,2.32,0.18,0.18,0.0,0.0,0,0.0
S. Mladenović,Stefan Mladenović,-439733,Bačka Topola,Bačka Topola,https://cdn5.wyscout.com/photos/team/public/g19686_120x120.png,Super Liga,RB,RB,59,,0,,0,18.0,2007-09-12,0,2027-12-05,25,1476,0,0.66,1,0.48,21.22,54.89,Serbia,['Serbia'],right,0,0,False,9.45,9.57,64.33,2.26,37.84,0.30000000000000004,0.46,0.43,2.99,4.5,2.07,1,0.06,0,0.0,1.46,0.0,0,0.0,0.04,0,0.0,12,0.73,25.0,0.0,0.06,0.98,6.25,0.24,25.0,0.73,0.0,0.30000000000000004,2.01,60.61,6.59,50.93,0.98,0.91,0.0,18.66,0.55,1.4,26.71,80.82,9.39,71.43,5.18,92.94,23.84,86.19,1.9500000000000002,50.0,17.73,23.97,0.03,0.43,0.0,0.0,0.0,0.0,0.06,3.11,70.59,1.16,31.58,0.18,33.33,0.30000000000000004,0.06,4.82,64.56,82.41,6.59,0,,0,,0,0.0,0.0,0.0,,,0.79,,2.26,0.0,0.0,0.0,0.06,0,0.0
A. Cissé,Abdoulaye Cissé,332274,Tobol,Novi Pazar,https://cdn5.wyscout.com/photos/team/public/1195_120x120.png,Premier League,"LDMF, DMF, RDMF",LDMF,33,DMF,25,RDMF,14,30.0,1996-02-13,500000,2026-12-31,16,1457,2,2.06,0,0.61,14.15,48.91,Guinea,['Guinea'],right,181,76,False,7.97,6.12,59.6,3.64,54.24,0.12,0.17,0.31,4.2,5.8100000000000005,1.54,6,0.37,0,0.0,0.8,0.12,1,0.06,0.13,0,0.0,16,0.99,37.5,12.5,0.0,0.25,50.0,0.0,0.0,0.19,66.67,0.06,0.19,100.0,2.47,30.0,0.68,0.43,0.0,19.64,0.19,0.74,32.06,82.66,10.38,61.9,3.34,98.15,28.97,86.99,2.84,41.3,18.84,34.65,0.04,0.25,0.12,0.0,0.19,66.67,0.06,5.07,69.51,1.3,47.62,0.25,25.0,0.56,0.12,4.57,70.27,92.7,14.39,0,,0,,0,0.0,0.0,0.0,,,0.31,,3.64,0.0,0.0,0.0,0.0,1,100.0
E. Addo,Edmund Addo,-110079,OFK Beograd,OFK Beograd,https://cdn5.wyscout.com/photos/team/public/705_120x120.png,Super Liga,"DMF, LCMF",DMF,38,LCMF,31,,0,26.0,2000-05-17,500000,2027-06-30,20,1453,0,0.21,0,0.47000000000000003,21.18,53.22,Ghana,['Ghana'],right,180,78,True,9.72,8.67,59.29,2.54,73.17,0.37,0.54,0.12,4.21,6.13,1.6099999999999999,7,0.43,0,0.0,0.99,0.0,0,0.0,0.01,0,0.0,6,0.37,16.67,0.0,0.0,0.19,33.33,0.19,33.33,0.0,0.0,0.06,1.24,65.0,7.87,41.73,0.0,0.81,0.06,21.62,0.12,1.3,36.48,80.98,13.87,65.63,5.26,89.41,31.78,85.19,4.52,53.42,20.84,36.75,0.03,0.43,0.0,0.0,0.06,100.0,0.06,6.94,66.96,1.73,46.43,0.31,20.0,0.93,0.06,7.5600000000000005,72.95,91.7,14.18,0,,0,,0,0.0,0.0,0.0,,,0.74,,2.54,0.0,0.0,0.0,0.0,0,0.0
M. Veljković,Miloš Veljković,218090,Crvena Zvezda,Crvena Zvezda,https://cdn5.wyscout.com/photos/team/public/483_120x120.png,Super Liga,"LCB, RCB, CB",LCB,46,RCB,39,CB,13,30.0,1995-09-26,4500000,2028-06-30,16,1450,2,1.97,1,0.66,12.04,60.82,Switzerland,"['Switzerland', 'Serbia']",right,188,83,False,5.9,4.59,68.92,5.34,52.33,0.0,0.0,0.31,2.73,5.1,0.93,1,0.06,0,0.0,0.31,0.12,2,0.12,0.12,1,0.06,9,0.56,44.44,22.222,0.06,0.12,50.0,0.0,0.0,0.06,0.0,0.0,0.12,0.0,0.56,33.33,1.18,1.8599999999999999,0.0,44.32,0.56,0.37,60.64,92.84,20.36,85.67,3.91,93.65,55.68,95.99,4.84,57.69,20.36,36.48,0.04,0.25,0.06,0.0,0.0,0.0,0.06,7.51,81.82,0.68,36.36,0.37,16.67,0.31,0.06,9.56,82.47,97.84,31.66,0,,0,,0,0.0,0.0,0.0,,,2.36,,5.34,0.0,0.0,0.0,0.0,0,0.0
M. Tošeski,Miloš Tošeski,387455,Napredak Kruševac,Napredak Kruševac,https://cdn5.wyscout.com/photos/team/public/704_120x120.png,Super Liga,"RCMF, LCMF, RDMF",RCMF,31,LCMF,13,RDMF,12,28.0,1998-02-24,250000,2026-06-30,26,1436,0,0.30000000000000004,4,2.8,17.05,42.65,North Macedonia,"['North Macedonia', 'Serbia']",right,178,71,False,6.77,5.01,60.0,2.76,40.91,0.13,0.16,0.19,3.64,4.75,1.19,5,0.31,0,0.0,1.07,0.0,0,0.0,0.02,0,0.0,11,0.6900000000000001,27.27,0.0,0.25,1.0,43.75,0.38,33.33,0.56,44.44,0.19,0.81,46.15,7.27,32.76,0.88,1.07,0.13,31.9,1.0,1.63,46.75,83.51,13.29,66.51,9.15,95.21,39.48,89.37,6.33,53.47,18.48,31.72,0.18,1.25,0.0,0.0,0.31,20.0,0.19,7.14,63.16,3.01,50.0,1.19,31.58,0.63,0.5,7.27,78.45,88.72,16.67,0,,0,,0,0.0,0.0,0.0,,,0.38,,2.76,1.63,0.06,0.0,3.13,0,0.0
D. Kokanović,Dragan Kokanović,-254025,Vojvodina,Vojvodina,https://cdn5.wyscout.com/photos/team/public/700_120x120.png,Super Liga,"AMF, RDMF",AMF,33,RDMF,27,,0,24.0,2002-05-01,100000,2029-06-30,29,1431,5,3.14,1,0.8,23.27,48.11,Serbia,['Serbia'],,0,0,False,10.0,7.99,59.84,4.53,40.28,0.9400000000000001,1.32,0.31,4.28,6.0,2.2,8,0.5,0,0.0,2.26,0.31,5,0.31,0.2,1,0.06,32,2.01,43.75,15.625,0.06,0.5,12.5,0.25,25.0,0.25,0.0,0.0,2.26,58.33,7.67,41.8,2.26,1.51,0.25,20.0,1.07,1.7000000000000002,30.88,78.62,8.74,63.31,6.92,91.82,28.11,82.55,2.33,45.95,16.46,19.85,0.05,0.38,0.13,0.06,0.06,0.0,0.13,3.71,54.24,1.01,37.5,0.31,20.0,0.5,0.06,2.83,64.44,81.29,9.75,0,,0,,0,0.0,0.0,0.0,,,0.25,,4.53,0.13,0.06,0.0,1.26,0,0.0
M. Stevanović,Mladjan Stevanović,500154,Radnik Surdulica,Radnik Surdulica,https://cdn5.wyscout.com/photos/team/public/g6756_120x120.png,Super Liga,"RCMF, RDMF, LCMF",RCMF,25,RDMF,22,LCMF,19,31.0,1995-01-01,250000,2026-06-30,22,1430,0,0.13,0,0.92,12.9,54.15,Serbia,['Serbia'],right,170,63,False,8.75,7.17,62.28,1.7000000000000002,48.15,0.5700000000000001,0.8200000000000001,0.25,3.71,5.35,1.8900000000000001,5,0.31,0,0.0,0.25,0.0,0,0.0,0.01,0,0.0,14,0.88,7.14,0.0,0.0,0.44,14.29,0.06,0.0,0.31,20.0,0.06,0.25,50.0,2.39,50.0,0.38,1.26,0.0,23.92,0.5,0.63,40.03,79.4,17.18,64.1,5.35,95.29,33.17,86.34,6.42,48.04,18.65,29.53,0.06,0.38,0.0,0.0,0.06,0.0,0.13,8.5,62.22,1.57,36.0,0.5700000000000001,33.33,0.5700000000000001,0.06,7.68,79.51,91.89,11.64,0,,0,,0,0.0,0.0,0.0,,,0.76,,1.7000000000000002,0.06,0.06,0.0,0.06,0,0.0
M. Sissako,Moussa Sissako,506161,IMT Novi Beograd,IMT Novi Beograd,https://cdn5.wyscout.com/photos/team/public/g30905_120x120.png,Super Liga,"RCB, LCB, DMF",RCB,28,LCB,20,DMF,17,25.0,2000-11-10,400000,2027-06-30,24,1429,0,0.4,0,0.31,13.16,54.55,France,"['France', 'Mali']",right,188,82,False,8.44,3.9699999999999998,69.84,3.4,51.85,0.31,0.4,0.6900000000000001,5.35,6.8,1.26,4,0.25,0,0.0,0.9400000000000001,0.0,0,0.0,0.03,0,0.0,4,0.25,25.0,0.0,0.0,0.38,66.67,0.13,50.0,0.25,75.0,0.0,0.5700000000000001,88.89,3.59,45.61,0.13,0.76,0.0,21.48,0.31,0.8200000000000001,36.78,83.73,12.6,70.0,5.29,95.24,31.99,86.81,4.41,62.86,20.55,30.26,0.02,0.38,0.0,0.0,0.19,66.67,0.06,6.36,71.29,1.01,50.0,0.19,33.33,0.25,0.25,6.86,66.06,92.21,14.55,0,,0,,0,0.0,0.0,0.0,,,1.8900000000000001,,3.4,0.0,0.0,0.0,0.0,0,0.0
U. Tegeltija,Uroš Tegeltija,-339771,Železničar Pancevo,Železničar Pancevo,https://cdn5.wyscout.com/photos/team/public/g34577_120x120.png,Super Liga,RB,RB,95,,0,,0,20.0,2006-03-19,0,2028-06-30,16,1419,0,0.61,0,0.78,14.9,56.17,Serbia,['Serbia'],right,0,0,False,8.5,6.47,68.63,1.33,42.86,0.13,0.18,0.13,3.93,5.54,0.9500000000000001,3,0.19,0,0.0,1.1400000000000001,0.0,0,0.0,0.04,0,0.0,7,0.44,14.29,0.0,0.0,1.27,15.0,0.0,0.0,1.21,15.79,0.19,1.5899999999999999,56.0,5.14,46.91,1.01,2.16,0.76,22.39,1.08,0.9500000000000001,31.9,82.5,8.82,68.35,7.61,97.5,28.92,87.94,1.97,38.71,18.65,29.45,0.05,0.25,0.0,0.0,0.0,0.0,0.06,2.66,78.57,1.1400000000000001,27.78,0.06,0.0,0.25,0.13,4.63,57.53,81.37,10.21,0,,0,,0,0.0,0.0,0.0,,,2.03,,1.33,0.0,0.0,0.0,0.0,0,0.0
S. Vilotić,Stefan Vilotić,-35415,Javor Ivanjica,Javor Ivanjica,https://cdn5.wyscout.com/photos/team/public/1255_120x120.png,Super Liga,"LB, LB5",LB,57,LB5,35,,0,26.0,1999-10-16,100000,2026-06-30,21,1407,1,0.6000000000000001,1,0.19,14.58,51.75,Serbia,['Serbia'],left,185,78,False,9.15,7.68,48.33,3.45,64.81,0.77,0.89,0.45,4.67,5.39,1.92,6,0.38,0,0.0,0.77,0.06,1,0.06,0.04,0,0.0,6,0.38,16.67,16.667,0.06,1.73,25.93,1.73,25.93,0.0,0.0,0.13,0.38,66.67,2.3,47.22,0.64,0.7000000000000001,0.0,17.33,0.9,0.9,24.95,67.18,11.77,55.98,4.03,95.24,18.04,76.95,5.25,47.56,22.44,33.28,0.01,0.32,0.0,0.0,0.0,0.0,0.06,4.67,53.42,2.05,31.25,0.51,25.0,0.32,0.38,6.2,62.89,74.49,6.27,0,,0,,0,0.0,0.0,0.0,,,0.32,,3.45,0.0,0.0,0.0,0.0,0,0.0
Iván Martos,Iván Martos Campillo,429080,IMT Novi Beograd,IMT Novi Beograd,https://cdn5.wyscout.com/photos/team/public/g30905_120x120.png,Super Liga,LB,LB,97,,0,,0,29.0,1997-05-15,400000,,15,1406,0,1.24,0,0.86,11.07,58.96,Spain,['Spain'],left,183,68,False,6.27,5.18,64.2,1.98,54.84,0.06,0.09,0.06,2.88,4.07,1.02,2,0.13,0,0.0,1.34,0.0,0,0.0,0.08,0,0.0,7,0.45,57.14,0.0,0.0,1.92,46.67,1.92,46.67,0.0,0.0,0.32,0.26,50.0,1.54,50.0,0.77,0.77,0.0,25.41,1.28,1.09,35.65,75.04,16.19,65.22,5.76,92.22,26.18,84.11,7.62,50.42,21.5,33.89,0.06,0.38,0.0,0.0,0.06,100.0,0.38,7.8100000000000005,60.66,2.3,55.56,0.32,60.0,0.64,0.77,8.64,75.56,78.71,9.92,0,,0,,0,0.0,0.0,0.0,,,1.15,,1.98,0.06,0.06,100.0,0.0,0,0.0
A. Milošević,Aleksa Milošević,-483605,Mladost Lučani U19,Mladost Lučani,https://cdn5.wyscout.com/photos/team/public/g-9943_120x120.png,U19 League,RCB3,RCB3,86,,0,,0,19.0,2007-01-08,0,2026-06-30,18,1402,0,0.86,1,0.21,14.38,51.79,Serbia,['Serbia'],right,0,0,False,11.81,7.64,59.66,2.38,48.65,0.19,0.2,1.4100000000000001,7.06,7.48,1.6,2,0.13,0,0.0,0.58,0.0,0,0.0,0.06,0,0.0,4,0.26,0.0,0.0,0.06,0.71,27.27,0.0,0.0,0.71,27.27,0.0,0.32,100.0,2.31,25.0,0.19,0.58,0.0,20.8,0.26,0.06,35.44,78.44,18.55,67.13,4.43,97.1,29.08,85.65,5.65,47.73,16.92,27.66,0.01,0.19,0.0,0.0,0.06,100.0,0.13,4.75,62.16,0.9,42.86,0.19,66.67,0.19,0.19,7.45,60.34,88.37,8.28,0,,0,,0,0.0,0.0,0.0,,,1.54,,2.38,0.0,0.0,0.0,0.0,0,0.0
M. Ivanić,Mirko Ivanić,263461,Crvena Zvezda,Crvena Zvezda,https://cdn5.wyscout.com/photos/team/public/483_120x120.png,Super Liga,"LW, LAMF, AMF",LW,48,LAMF,26,AMF,17,32.0,1993-09-13,5000000,2027-06-30,18,1401,12,6.0,3,3.25,13.43,50.24,Serbia,"['Serbia', 'Montenegro']",right,183,71,False,4.3,3.21,62.0,1.22,36.84,0.0,0.0,0.13,2.31,4.06,0.51,1,0.06,0,0.0,5.46,0.77,12,0.77,0.39,2,0.13,52,3.34,51.92,23.077,0.19,3.34,38.46,3.02,40.43,0.19,0.0,0.84,3.08,70.83,7.58,48.31,5.97,2.5700000000000003,0.13,38.09,1.8599999999999999,0.51,44.52,74.03,15.1,64.26,7.0,91.74,36.62,80.35,4.5600000000000005,49.3,18.14,33.0,0.21,1.48,0.0,0.06,0.58,44.44,0.51,7.84,67.21,5.14,51.25,1.54,45.83,2.25,1.09,8.54,86.47,77.88,13.94,0,,0,,0,0.0,0.0,0.0,,,0.26,,1.22,0.13,0.06,100.0,0.26,0,0.0
V. Ilić,Vanja Ilić,-88846,Navbahor,Radnički Niš,https://cdn5.wyscout.com/photos/team/public/4228_120x120.png,Super League,"AMF, RCMF",AMF,38,RCMF,16,,0,27.0,1999-01-03,0,2026-12-31,19,1398,2,1.37,1,1.83,19.89,45.95,Serbia,['Serbia'],left,178,74,False,5.47,6.18,55.21,0.84,15.38,0.45,0.66,0.19,1.6099999999999999,2.37,1.42,4,0.26,0,0.0,2.32,0.13,2,0.13,0.09,0,0.0,28,1.8,39.29,7.143,0.06,1.8,25.0,0.64,30.0,1.16,22.22,0.19,2.12,51.52,9.79,44.08,1.74,1.35,0.32,23.24,0.77,2.51,36.82,80.42,9.79,66.45,10.43,95.68,32.32,85.86,2.7,52.38,16.37,23.21,0.12,0.9,0.0,0.0,0.13,50.0,0.32,3.93,70.49,2.25,54.29,0.45,42.86,1.03,0.45,5.09,77.22,80.92,9.79,0,,0,,0,0.0,0.0,0.0,,,0.26,,0.84,0.58,0.06,100.0,0.9,0,0.0
I. Babić,Ilija Babić,-101379,Spartak Subotica,Spartak Subotica,https://cdn5.wyscout.com/photos/team/public/1956_120x120.png,Super Liga,"CF, RB5",CF,63,RB5,14,,0,23.0,2002-08-03,0,2027-06-30,24,1392,1,2.3,1,1.05,22.76,38.07,Serbia,"['Serbia', 'Bosnia and Herzegovina']",right,185,75,False,4.98,4.59,50.7,2.13,18.18,0.06,0.09,0.06,2.59,3.55,1.81,0,0.0,0,0.0,2.59,0.06,1,0.06,0.15,0,0.0,19,1.23,31.58,5.263,0.06,2.7800000000000002,11.63,0.65,30.0,2.0,6.45,0.32,2.7199999999999998,61.9,13.19,40.2,3.88,2.07,0.26,15.65,1.3599999999999999,2.26,22.37,74.28,4.14,68.75,5.95,94.57,18.94,84.98,0.71,36.36,15.88,13.29,0.07,0.84,0.0,0.0,0.19,100.0,0.26,2.0,67.74,1.88,44.83,0.19,33.33,0.71,0.26,2.26,65.71,68.67,5.37,0,,0,,0,0.0,0.0,0.0,,,0.06,,2.13,0.0,0.0,0.0,0.06,0,0.0
E. Brunčević,Ensar Brunčević,-173714,Novi Pazar,Novi Pazar,https://cdn5.wyscout.com/photos/team/public/3838_120x120.png,Super Liga,"RCB, LCB, CB",RCB,55,LCB,32,CB,11,27.0,1999-02-13,100000,2026-06-30,17,1391,0,0.43,1,0.02,12.94,61.0,Serbia,['Serbia'],right,196,83,False,9.64,6.15,67.37,3.95,57.38,0.52,0.63,1.1,4.98,6.06,1.23,4,0.26,1,0.06,0.06,0.0,0,0.0,0.03,0,0.0,4,0.26,25.0,0.0,0.06,0.0,0.0,0.0,0.0,0.0,0.0,0.0,0.0,0.0,0.71,36.36,0.52,0.06,0.0,17.28,0.32,0.32,28.15,84.37,12.62,72.82,1.55,91.67,24.65,89.5,3.49,48.15,20.4,33.59,0.0,0.06,0.0,0.0,0.0,0.0,0.0,2.59,47.5,0.39,0.0,0.13,0.0,0.0,0.0,4.85,70.67,95.43,11.32,0,,0,,0,0.0,0.0,0.0,,,1.29,,3.95,0.0,0.0,0.0,0.0,0,0.0
Y. Karabelyov,Yanis Karabelyov,273941,Malmö FF,Partizan,https://cdn5.wyscout.com/photos/team/public/645_120x120.png,Allsvenskan,DMF,DMF,68,,0,,0,30.0,1996-01-23,600000,2027-12-31,20,1389,2,1.17,2,0.48,17.24,58.27,Bulgaria,['Bulgaria'],right,183,75,False,10.89,7.84,70.25,4.92,51.32,0.13,0.22,0.32,5.25,8.77,1.17,3,0.19,0,0.0,0.58,0.13,2,0.13,0.08,1,0.06,14,0.91,35.71,14.286,0.13,0.19,0.0,0.06,0.0,0.06,0.0,0.06,0.26,75.0,2.4,48.65,1.04,0.71,0.0,44.13,0.19,0.91,62.59,89.65,22.55,83.62,8.36,96.9,59.03,91.66,3.37,59.62,17.69,28.29,0.03,0.32,0.06,0.19,0.13,50.0,0.26,10.95,88.17,0.97,26.67,0.26,25.0,0.26,0.13,10.76,83.73,92.95,24.82,0,,0,,0,0.0,0.0,0.0,,,1.3,,4.92,0.0,0.0,0.0,0.0,0,0.0
D. Stanivuković,Dejan Stanivuković,211816,Radnički Niš,Radnički Niš,https://cdn5.wyscout.com/photos/team/public/g2850_120x120.png,Super Liga,GK,GK,100,,0,,0,31.0,1994-06-19,500000,2027-06-30,14,1376,0,0.0,0,0.0,0.33,80.0,Serbia,['Serbia'],right,186,90,False,2.16,0.13,100.0,0.13,50.0,0.0,0.0,0.0,2.03,2.63,0.0,0,0.0,0,0.0,0.0,0.0,0,0.0,0.0,0,0.0,0,0.0,0.0,0.0,0.0,0.0,0.0,0.0,0.0,0.0,0.0,0.0,0.0,0.0,0.0,0.0,0.0,0.0,0.0,8.76,0.26,0.13,16.35,82.8,10.47,74.38,0.0,0.0,8.5,94.62,7.85,70.0,34.67,49.69,0.0,0.0,0.0,0.0,0.0,0.0,0.0,3.01,52.17,0.13,0.0,0.26,25.0,0.0,0.0,5.82,80.9,97.65,5.5600000000000005,16,1.05,49,3.2,5,67.35,16.37,1.07,0.37,0.024,0.0,1.37,0.13,,,,0.0,0,0.0
A. Batisse,Antoine Batisse,353927,Forge,IMT Novi Beograd,https://cdn5.wyscout.com/photos/team/public/g-10178_120x120.png,Canadian Premier League,RCB,RCB,97,,0,,0,31.0,1995-01-13,0,2026-06-30,16,1368,0,0.54,0,0.21,13.36,57.14,France,['France'],right,186,87,False,6.91,4.21,62.5,4.8,56.16,0.07,0.08,0.92,4.21,5.29,1.32,2,0.13,2,0.13,0.46,0.0,0,0.0,0.04,0,0.0,3,0.2,33.33,0.0,0.0,0.07,100.0,0.0,0.0,0.07,100.0,0.0,0.53,62.5,2.04,51.61,0.39,0.66,0.07,25.07,0.53,0.72,41.78,85.98,20.46,76.53,2.17,100.0,33.09,90.85,8.62,67.18,22.62,36.28,0.01,0.2,0.0,0.0,0.0,0.0,0.0,5.39,70.73,0.86,53.85,0.26,25.0,0.39,0.07,11.12,71.6,96.02,16.51,0,,0,,0,0.0,0.0,0.0,,,1.51,,4.8,0.07,0.0,0.0,0.0,0,0.0
S. Mezei,Szabolcs Mezei,-91170,Bačka Topola,Bačka Topola,https://cdn5.wyscout.com/photos/team/public/g19686_120x120.png,Super Liga,"LCMF, RCMF, RDMF",LCMF,32,RCMF,27,RDMF,18,25.0,2000-10-18,600000,2026-06-30,28,1367,1,0.8300000000000001,1,2.05,12.71,49.74,Hungary,['Hungary'],left,172,74,False,6.45,5.79,57.95,1.58,37.5,0.2,0.31,0.07,2.9,4.58,1.19,7,0.46,0,0.0,0.79,0.07,1,0.07,0.05,0,0.0,17,1.12,17.65,5.882,0.07,0.46,28.57,0.13,50.0,0.33,20.0,0.0,0.59,66.67,3.95,41.67,0.86,0.53,0.13,27.59,0.66,0.79,41.02,82.83,13.37,68.97,6.19,94.68,37.0,87.19,3.56,44.44,17.59,32.92,0.14,1.8399999999999999,0.0,0.07,0.07,100.0,0.46,7.44,69.03,2.44,54.05,0.46,28.57,1.51,0.13,6.58,83.0,90.05,13.89,0,,0,,0,0.0,0.0,0.0,,,0.26,,1.58,0.99,0.0,0.0,2.11,0,0.0
V. Jovanović,Vukašin Jovanović,290153,IMT Novi Beograd,IMT Novi Beograd,https://cdn5.wyscout.com/photos/team/public/g30905_120x120.png,Super Liga,RCB,RCB,92,,0,,0,29.0,1996-05-17,600000,,14,1365,1,0.54,0,0.39,11.08,63.69,Serbia,['Serbia'],right,188,85,False,7.32,4.22,73.44,3.43,57.69,0.13,0.19,0.0,4.09,6.0,0.92,2,0.13,0,0.0,0.07,0.07,1,0.07,0.04,0,0.0,2,0.13,50.0,50.0,0.0,0.07,0.0,0.0,0.0,0.07,0.0,0.0,0.07,0.0,1.05,50.0,0.53,1.71,0.0,25.45,0.2,0.66,44.24,85.25,17.41,70.45,3.69,100.0,37.52,91.21,6.66,52.48,23.7,41.37,0.03,0.13,0.0,0.0,0.0,0.0,0.07,6.4,53.61,0.79,16.67,0.4,50.0,0.26,0.0,7.58,77.39,95.05,19.98,0,,0,,0,0.0,0.0,0.0,,,2.84,,3.43,0.0,0.0,0.0,0.0,0,0.0
M. Cvetković,Miloš Cvetković,182400,Čukarički,Čukarički,https://cdn5.wyscout.com/photos/team/public/702_120x120.png,Super Liga,"RB, LB, RWB",RB,55,LB,22,RWB,17,36.0,1990-01-06,300000,2026-06-30,18,1359,0,0.06,0,0.48,9.6,51.72,Serbia,['Serbia'],right,175,70,False,7.75,5.36,59.26,1.3900000000000001,47.62,0.13,0.18,0.46,4.44,5.98,0.93,3,0.2,0,0.0,0.93,0.0,0,0.0,0.0,0,0.0,2,0.13,0.0,0.0,0.0,2.05,41.94,0.13,100.0,1.92,37.93,0.13,0.4,16.67,1.19,38.89,0.2,0.66,0.07,26.82,1.5899999999999999,0.53,38.15,79.34,15.76,68.07,5.43,98.78,29.54,89.24,6.62,47.0,20.96,33.74,0.03,0.4,0.07,0.0,0.0,0.0,0.13,5.1,57.14,2.58,46.15,0.46,28.57,0.33,0.86,10.0,76.82,84.86,12.25,0,,0,,0,0.0,0.0,0.0,,,1.52,,1.3900000000000001,0.07,0.0,0.0,0.4,0,0.0
A. Kostić,Andrej Kostić,-386252,Partizan,Partizan,https://cdn5.wyscout.com/photos/team/public/699_120x120.png,Super Liga,CF,CF,92,,0,,0,19.0,2007-01-16,0,2030-06-30,35,1358,11,6.79,1,1.1,16.5,30.12,Montenegro,['Montenegro'],,0,0,False,3.45,3.51,49.06,3.71,17.86,0.07,0.11,0.13,1.6600000000000001,2.63,1.52,4,0.27,0,0.0,2.25,0.73,11,0.73,0.45,2,0.13,43,2.85,44.19,25.581,0.07,0.46,42.86,0.0,0.0,0.46,42.86,0.0,1.8599999999999999,35.71,5.7,25.58,4.24,1.06,0.13,14.25,1.52,0.73,17.16,72.59,3.51,62.26,5.5,87.95,15.91,74.17,0.86,61.54,12.2,12.1,0.07,0.8,0.13,0.0,0.13,100.0,0.27,1.06,56.25,0.93,57.14,0.33,60.0,1.19,0.13,1.5899999999999999,62.5,61.4,3.7800000000000002,0,,0,,0,0.0,0.0,0.0,,,0.0,,3.71,0.07,0.07,0.0,0.0,0,0.0
S. Leković,Stefan Leković,-155290,Estrela Amadora,Crvena Zvezda,https://cdn5.wyscout.com/photos/team/public/g-12861_120x120.png,Primeira Liga,"RCB, LCB",RCB,64,LCB,35,,0,22.0,2004-01-09,0,2026-06-30,15,1348,1,1.19,1,0.17,12.28,67.93,Serbia,['Serbia'],right,192,83,True,6.94,4.61,68.12,4.54,73.53,0.27,0.48,0.47000000000000003,3.54,6.33,1.2,3,0.2,0,0.0,0.27,0.07,1,0.07,0.08,0,0.0,10,0.67,30.0,10.0,0.07,0.0,0.0,0.0,0.0,0.0,0.0,0.0,0.27,25.0,1.4,52.38,0.87,1.54,0.13,41.86,0.6000000000000001,0.6000000000000001,57.55,92.23,24.17,86.19,3.2,97.92,52.81,95.7,4.74,53.52,20.76,42.52,0.01,0.13,0.0,0.0,0.0,0.0,0.07,7.01,75.24,0.47000000000000003,42.86,0.2,0.0,0.13,0.0,9.81,79.59,96.96,26.37,0,,0,,0,0.0,0.0,0.0,,,2.54,,4.54,0.0,0.0,0.0,0.0,0,0.0
A. Stancic,Aleksandar Stancic,-546801,Bačka Topola,Bačka Topola,https://cdn5.wyscout.com/photos/team/public/g19686_120x120.png,Super Liga,"LCMF, RCMF, RDMF",LCMF,28,RCMF,24,RDMF,23,19.0,2006-09-23,0,2028-06-30,22,1348,0,0.92,0,0.30000000000000004,16.02,52.5,Serbia,['Serbia'],unknown,0,0,False,6.94,6.8100000000000005,53.92,0.93,21.43,0.73,1.13,0.13,2.54,3.9,2.4,4,0.27,0,0.0,1.4,0.0,0,0.0,0.06,0,0.0,13,0.87,38.46,0.0,0.0,0.4,16.67,0.07,100.0,0.33,0.0,0.07,1.54,60.87,5.47,48.78,0.53,1.34,0.13,24.84,0.8,1.67,35.65,83.15,8.68,66.92,7.68,95.65,32.98,86.23,2.27,50.0,16.55,33.12,0.02,0.47000000000000003,0.0,0.0,0.13,50.0,0.2,4.94,71.62,1.34,40.0,0.53,50.0,0.4,0.07,4.34,66.15,87.63,12.95,0,,0,,0,0.0,0.0,0.0,,,0.4,,0.93,0.0,0.0,0.0,0.07,0,0.0
S. Urosevich,Solbodan   Urosevich,-768476,Bačka Topola,Bačka Topola,https://cdn5.wyscout.com/photos/team/public/g19686_120x120.png,Super Liga,"LB, LB5",LB,77,LB5,15,,0,,,0,,16,1344,0,1.78,0,0.79,16.88,56.75,,[],,0,0,False,8.77,7.1,68.87,3.48,63.46,0.4,0.58,0.13,3.48,4.98,1.27,1,0.07,0,0.0,2.01,0.0,0,0.0,0.12,0,0.0,15,1.0,26.67,0.0,0.0,3.88,25.86,3.75,26.79,0.13,0.0,0.47000000000000003,1.6099999999999999,45.83,4.42,36.36,1.34,1.27,0.13,34.96,1.07,0.74,49.15,75.61,21.29,69.18,6.36,93.68,38.1,86.29,7.43,45.95,19.85,34.17,0.05,0.47000000000000003,0.07,0.07,0.07,0.0,0.2,7.5,66.07,3.62,35.19,0.6000000000000001,44.44,0.4,0.8,11.52,72.67,78.67,14.13,0,,0,,0,0.0,0.0,0.0,,,0.8,,3.48,0.13,0.07,0.0,0.4,0,0.0
B. Duronjić,Borko Duronjić,317316,Radnik Surdulica,Radnik Surdulica,https://cdn5.wyscout.com/photos/team/public/g6756_120x120.png,Super Liga,"LAMF, LW, RAMF",LAMF,61,LW,26,RAMF,10,28.0,1997-09-24,0,2026-06-30,23,1343,3,1.98,0,0.29,17.56,41.6,Bosnia and Herzegovina,"['Bosnia and Herzegovina', 'Serbia']",right,173,70,False,5.5,4.76,53.52,2.01,6.67,0.47000000000000003,0.62,0.2,2.48,3.27,1.01,1,0.07,0,0.0,2.75,0.2,3,0.2,0.13,0,0.0,22,1.47,50.0,13.636,0.0,1.81,22.22,1.47,22.73,0.34,20.0,0.13,3.02,51.11,8.78,43.51,1.47,2.08,0.2,15.68,1.47,1.88,21.18,73.73,7.1,61.32,3.95,91.53,17.29,82.56,2.14,43.75,17.43,19.4,0.02,0.6000000000000001,0.07,0.0,0.07,100.0,0.2,2.01,70.0,2.21,42.42,0.2,66.67,0.9400000000000001,0.4,4.29,67.19,79.55,5.9,0,,0,,0,0.0,0.0,0.0,,,0.07,,2.01,0.27,0.27,50.0,0.27,0,0.0
M. Yamkam,Mbouri Basile Yamkam,-234341,Wuhan Three Towns,Radnički Niš,https://cdn5.wyscout.com/photos/team/public/g-9824_120x120.png,CSL,"LCB, RCB",LCB,38,RCB,22,,0,28.0,1998-01-02,800000,,16,1335,0,0.44,0,0.59,14.29,61.79,Cameroon,['Cameroon'],right,185,79,False,8.02,6.4,74.74,3.17,53.19,0.0,0.0,0.13,3.24,4.66,0.9400000000000001,3,0.2,0,0.0,0.4,0.0,0,0.0,0.03,0,0.0,3,0.2,0.0,0.0,0.0,0.67,30.0,0.2,33.33,0.47000000000000003,28.57,0.07,0.34,60.0,2.43,38.89,0.4,0.88,0.0,26.9,0.67,0.47000000000000003,42.07,81.57,18.13,69.89,3.91,98.28,33.91,87.67,7.55,58.04,20.89,38.27,0.04,0.27,0.0,0.0,0.07,0.0,0.13,4.99,66.22,1.55,47.83,0.27,100.0,0.61,0.27,8.7,66.67,91.1,15.91,0,,0,,0,0.0,0.0,0.0,,,1.48,,3.17,0.0,0.0,0.0,0.0,0,0.0
D. Bojat,Dragan Bojat,-153351,Napredak Kruševac,Napredak Kruševac,https://cdn5.wyscout.com/photos/team/public/704_120x120.png,Super Liga,"RB, RW",RB,82,RW,15,,0,22.0,2003-08-10,0,2026-06-30,22,1332,0,0.12,1,1.52,12.03,49.44,Serbia,['Serbia'],right,177,73,True,7.09,6.01,61.8,0.9500000000000001,21.43,0.0,0.0,0.41000000000000003,3.38,4.78,0.9500000000000001,2,0.14,0,0.0,1.96,0.0,0,0.0,0.01,0,0.0,7,0.47000000000000003,14.29,0.0,0.07,2.23,36.36,0.0,0.0,2.16,34.38,0.27,1.69,64.0,3.58,41.51,0.88,1.76,0.61,26.15,1.49,0.14,36.69,83.43,12.77,73.54,6.35,96.81,31.89,88.98,2.64,53.85,18.15,27.63,0.1,0.88,0.0,0.07,0.07,0.0,0.27,3.51,57.69,2.3,52.94,0.14,50.0,0.47000000000000003,0.9500000000000001,5.34,73.42,86.62,10.61,0,,0,,0,0.0,0.0,0.0,,,0.34,,0.9500000000000001,0.0,0.0,0.0,0.0,0,0.0
J. Milošević,Jovan Milošević,-256620,Werder Bremen,Partizan,https://cdn5.wyscout.com/photos/team/public/93_120x120.png,Bundesliga,CF,CF,96,,0,,0,20.0,2005-07-31,0,2029-06-30,17,1331,12,9.26,4,2.21,15.01,42.34,Serbia,['Serbia'],right,190,82,True,3.04,2.98,52.27,3.11,45.65,0.14,0.22,0.0,1.35,2.21,0.68,1,0.07,0,0.0,2.7,0.81,10,0.68,0.63,0,0.0,46,3.11,58.7,26.087,0.27,0.47000000000000003,14.29,0.14,50.0,0.2,0.0,0.07,1.62,50.0,6.83,39.6,5.61,1.22,0.07,19.61,2.1,1.15,24.21,79.05,5.0,74.32,6.96,91.26,23.33,80.87,0.41000000000000003,50.0,15.05,12.63,0.15,1.15,0.14,0.07,0.14,0.0,0.61,2.43,72.22,1.76,61.54,0.14,0.0,1.96,0.07,2.37,82.86,81.19,6.83,0,,0,,0,0.0,0.0,0.0,,,0.0,,3.11,0.07,0.07,0.0,0.0,2,100.0
A. Yusif,Abdul Razak Yusif,513971,Železničar Pancevo,Železničar Pancevo,https://cdn5.wyscout.com/photos/team/public/g34577_120x120.png,Super Liga,RB,RB,98,,0,,0,24.0,2001-08-09,300000,2027-06-30,19,1331,0,1.18,2,0.92,14.94,51.13,Ghana,['Ghana'],right,181,74,False,8.86,6.9,56.86,3.52,57.69,0.41000000000000003,0.5700000000000001,0.2,4.53,6.36,0.88,1,0.07,0,0.0,1.08,0.0,0,0.0,0.08,0,0.0,11,0.74,9.09,0.0,0.14,1.76,30.77,0.07,0.0,1.69,32.0,0.34,1.01,46.67,2.98,25.0,2.3,1.08,0.2,27.45,2.1,0.41000000000000003,39.15,80.31,14.4,69.95,7.37,93.58,34.01,87.08,3.45,39.22,22.21,34.83,0.06,0.27,0.0,0.0,0.0,0.0,0.2,4.26,63.49,1.35,30.0,0.14,50.0,0.14,0.54,7.64,66.37,84.83,12.04,0,,0,,0,0.0,0.0,0.0,,,2.03,,3.52,0.0,0.0,0.0,0.07,0,0.0
V. Mirosavić,Veljko Mirosavić,-256559,Novi Pazar,Novi Pazar,https://cdn5.wyscout.com/photos/team/public/3838_120x120.png,Super Liga,"RB, LB, RB5",RB,40,LB,26,RB5,22,20.0,2005-06-15,0,2027-06-30,18,1321,0,0.23,1,1.5,12.81,48.4,Serbia,['Serbia'],left,171,67,False,7.09,6.74,55.56,1.43,33.33,0.61,0.76,0.07,2.73,3.37,1.16,4,0.27,0,0.0,1.77,0.0,0,0.0,0.02,0,0.0,9,0.61,22.22,0.0,0.07,2.18,37.5,0.89,38.46,1.09,37.5,0.14,1.3599999999999999,55.0,2.59,47.37,0.34,1.23,0.27,22.76,1.16,0.68,31.82,77.73,12.88,62.43,7.09,98.08,23.85,87.43,5.79,52.94,19.49,27.36,0.1,0.68,0.07,0.0,0.07,100.0,0.34,4.97,54.79,2.66,48.72,0.48,42.86,0.61,0.8200000000000001,7.9,70.69,83.87,8.45,0,,0,,0,0.0,0.0,0.0,,,1.02,,1.43,0.0,0.0,0.0,0.48,0,0.0
C. Keita,Charly Keita,-283573,IMT Novi Beograd,IMT Novi Beograd,https://cdn5.wyscout.com/photos/team/public/g30905_120x120.png,Super Liga,CF,CF,93,,0,,0,26.0,1999-06-16,400000,2027-06-30,23,1320,4,6.49,1,0.86,30.0,39.55,Côte d'Ivoire,"[""Côte d'Ivoire"", 'France']",right,192,74,False,3.07,3.0,65.91,10.77,44.3,0.0,0.0,0.2,1.09,1.56,2.86,0,0.0,0,0.0,1.7000000000000002,0.27,4,0.27,0.44,2,0.14,26,1.77,34.62,15.385,0.07,0.61,22.22,0.2,33.33,0.41000000000000003,16.67,0.0,1.43,66.67,10.36,30.92,3.95,0.75,0.0,9.14,2.59,2.11,13.77,73.27,2.45,63.89,4.5,84.85,13.02,76.44,0.14,0.0,12.12,0.9500000000000001,0.06,0.8200000000000001,0.07,0.0,0.0,0.0,0.41000000000000003,1.02,60.0,0.8200000000000001,41.67,0.0,0.0,0.75,0.2,1.02,80.0,64.1,2.66,0,,0,,0,0.0,0.0,0.0,,,0.0,,10.77,0.0,0.0,0.0,0.0,1,0.0
M. Malekinusić,Matija Malekinusić,-136386,Novi Pazar,Novi Pazar,https://cdn5.wyscout.com/photos/team/public/3838_120x120.png,Super Liga,"RAMF, LAMF",RAMF,40,LAMF,20,,0,27.0,1999-01-27,400000,2027-06-30,17,1313,2,2.16,3,2.07,23.17,45.86,Croatia,"['Croatia', 'Bosnia and Herzegovina']",right,180,76,False,8.36,7.75,61.06,5.07,35.14,0.48,0.66,0.07,3.15,4.31,1.99,5,0.34,1,0.07,2.4,0.14,1,0.07,0.15,1,0.07,19,1.3,36.84,10.526,0.21,1.58,34.78,0.34,60.0,1.17,23.53,0.21,2.4,57.14,6.79,43.43,2.19,1.99,0.07,14.67,1.71,1.51,22.35,68.71,8.29,56.2,4.46,93.85,18.3,73.78,2.54,51.35,17.77,30.5,0.14,1.17,0.07,0.0,0.07,0.0,0.6900000000000001,3.63,56.6,1.71,56.0,0.14,0.0,0.75,0.55,4.87,77.46,73.42,5.42,0,,0,,0,0.0,0.0,0.0,,,0.14,,5.07,0.0,0.0,0.0,0.0,1,100.0
S. Mitrović,Stefan Mitrović,120110,Partizan,Partizan,https://cdn5.wyscout.com/photos/team/public/699_120x120.png,Super Liga,LCB,LCB,97,,0,,0,36.0,1990-05-22,1300000,2027-06-30,15,1310,0,0.09,0,0.36,11.75,69.01,Serbia,['Serbia'],right,189,84,False,7.28,4.47,63.08,4.6,79.1,0.21,0.32,0.62,4.26,6.62,1.31,2,0.14,0,0.0,0.07,0.0,0,0.0,0.01,0,0.0,2,0.14,50.0,0.0,0.0,0.0,0.0,0.0,0.0,0.0,0.0,0.0,0.0,0.0,0.41000000000000003,66.67,0.55,0.41000000000000003,0.0,30.09,0.21,0.21,45.0,92.98,16.49,86.67,3.44,94.0,41.98,93.78,3.02,81.82,18.52,35.26,0.02,0.21,0.0,0.0,0.0,0.0,0.07,1.58,69.57,0.14,50.0,0.07,0.0,0.21,0.0,5.08,62.16,97.64,20.34,0,,0,,0,0.0,0.0,0.0,,,2.47,,4.6,0.0,0.0,0.0,0.0,0,0.0
N. Boranijašević,Nikola Boranijašević,180624,Mladost Lučani,Mladost Lučani,https://cdn5.wyscout.com/photos/team/public/703_120x120.png,Super Liga,"RB5, RB",RB5,73,RB,11,,0,34.0,1992-05-19,200000,,19,1297,0,1.18,2,0.88,19.43,48.93,Serbia,['Serbia'],right,182,70,False,10.96,7.7,65.77,3.8200000000000003,34.55,0.35000000000000003,0.37,0.56,5.55,5.97,1.11,0,0.0,0,0.0,1.87,0.0,0,0.0,0.08,0,0.0,5,0.35000000000000003,20.0,0.0,0.14,2.15,32.26,0.07,0.0,2.01,31.03,0.21,2.08,53.33,5.83,42.86,1.04,0.6900000000000001,0.0,22.27,1.67,1.04,33.72,70.78,12.56,55.8,6.18,93.26,27.13,78.52,4.44,42.19,18.76,31.85,0.06,0.8300000000000001,0.0,0.0,0.0,0.0,0.28,4.65,53.73,2.36,50.0,0.21,100.0,0.8300000000000001,0.62,7.08,65.69,78.26,9.58,0,,0,,0,0.0,0.0,0.0,,,0.62,,3.8200000000000003,0.0,0.0,0.0,0.0,0,0.0
N. Srećković,Nikola Srećković,408048,Radnički Niš,Radnički Niš,https://cdn5.wyscout.com/photos/team/public/g2850_120x120.png,Super Liga,"AMF, LAMF, LCMF",AMF,31,LAMF,15,LCMF,12,30.0,1996-04-26,350000,2026-06-30,25,1292,2,1.6099999999999999,1,2.15,21.39,42.67,Serbia,['Serbia'],right,180,75,False,5.78,6.2,56.18,2.37,26.47,0.07,0.1,0.21,2.23,3.3,1.9500000000000002,6,0.42,0,0.0,2.79,0.14,2,0.14,0.11,0,0.0,30,2.09,16.67,6.667,0.07,3.0,32.56,1.53,40.91,1.46,23.81,0.56,2.86,51.22,10.66,39.87,2.79,1.11,0.07,19.23,1.53,2.37,27.59,69.19,7.52,51.85,6.62,90.53,21.73,77.24,2.93,45.24,18.59,24.12,0.15,1.6,0.0,0.0,0.0,0.0,0.35000000000000003,4.18,56.67,2.79,37.5,0.35000000000000003,20.0,0.7000000000000001,0.98,5.02,70.83,74.38,8.43,0,,0,,0,0.0,0.0,0.0,,,0.21,,2.37,1.3900000000000001,0.42,16.67,2.93,0,0.0
S. Alić,Semir Alić,-241808,Novi Pazar,Novi Pazar,https://cdn5.wyscout.com/photos/team/public/3838_120x120.png,Super Liga,"AMF, RCMF, RDMF",AMF,27,RCMF,12,RDMF,12,22.0,2004-03-27,0,2026-06-30,31,1288,1,0.88,0,0.71,15.58,43.05,Serbia,['Serbia'],right,187,77,False,6.85,8.18,52.99,2.73,30.77,0.07,0.09,0.0,2.45,3.17,1.96,4,0.28,0,0.0,0.77,0.07,1,0.07,0.06,0,0.0,14,0.98,21.43,7.143,0.0,0.42,50.0,0.0,0.0,0.42,50.0,0.0,0.91,38.46,2.86,21.95,0.98,0.42,0.0,10.9,0.49,0.21,19.5,78.85,7.9,66.37,3.2800000000000002,95.74,17.12,83.27,1.96,46.43,16.45,14.03,0.05,0.49,0.07,0.0,0.0,0.0,0.21,2.93,71.43,0.77,45.45,0.07,0.0,0.63,0.14,3.42,65.31,83.78,5.17,0,,0,,0,0.0,0.0,0.0,,,0.21,,2.73,0.07,0.0,0.0,0.0,0,0.0
A. Vulić,Aleksandar Vulić,-194751,Spartak Subotica,Spartak Subotica,https://cdn5.wyscout.com/photos/team/public/1956_120x120.png,Super Liga,GK,GK,100,,0,,0,24.0,2001-06-08,1000000,2026-06-30,13,1284,0,0.0,0,0.0,0.84,58.33,Serbia,['Serbia'],right,203,86,False,1.47,0.21,33.33,0.49,85.71,0.0,0.0,0.0,1.4,1.79,0.14,1,0.07,0,0.0,0.0,0.0,0,0.0,0.0,0,0.0,0,0.0,0.0,0.0,0.0,0.0,0.0,0.0,0.0,0.0,0.0,0.0,0.0,0.0,0.0,0.0,0.0,0.07,0.0,8.2,0.07,0.0,13.95,73.87,8.41,60.83,0.0,0.0,7.43,97.17,6.45,47.83,36.9,52.39,0.0,0.0,0.0,0.0,0.0,0.0,0.0,2.66,39.47,0.28,25.0,0.0,0.0,0.07,0.0,4.35,67.74,94.29,4.91,27,1.8900000000000001,74,5.19,0,63.51,24.31,1.7000000000000002,-2.69,-0.189,0.0,2.03,0.49,,,,0.0,0,0.0
A. Trajković,Aleksandar  Trajković,-150230,Spartak Subotica U19,Spartak Subotica,https://cdn5.wyscout.com/photos/team/public/g-12703_120x120.png,U19 League,"RW, RCMF",RW,25,RCMF,11,,0,19.0,2007-01-23,50000,,25,1265,3,2.07,0,0.59,19.28,47.23,Serbia,['Serbia'],left,178,70,False,7.47,5.41,52.63,2.13,40.0,1.1400000000000001,1.43,0.14,3.49,4.38,1.49,2,0.14,0,0.0,2.13,0.21,3,0.21,0.15,0,0.0,14,1.0,57.14,21.429,0.0,1.0,28.57,0.21,33.33,0.78,27.27,0.28,2.13,56.67,8.89,48.8,2.13,1.0,0.07,13.73,1.0,2.63,20.42,68.99,6.62,50.54,4.06,85.96,17.15,76.35,2.2800000000000002,31.25,17.0,22.17,0.04,0.43,0.07,0.07,0.07,100.0,0.21,2.7,52.63,1.0,42.86,0.28,50.0,0.5,0.28,3.27,52.17,70.13,5.48,0,,0,,0,0.0,0.0,0.0,,,0.07,,2.13,0.0,0.0,0.0,0.36,0,0.0
A. Stojanović,Andreja Stojanović,-116342,Čukarički,Čukarički,https://cdn5.wyscout.com/photos/team/public/702_120x120.png,Super Liga,LB,LB,83,,0,,0,27.0,1998-11-12,200000,2027-06-30,17,1262,2,1.19,0,1.75,20.18,49.47,Serbia,['Serbia'],left,183,73,False,8.7,9.2,52.71,2.42,61.76,0.71,0.99,0.07,3.14,4.34,2.7800000000000002,5,0.36,1,0.07,3.07,0.14,2,0.14,0.08,0,0.0,13,0.93,23.08,15.385,0.0,3.2800000000000002,43.48,3.21,42.22,0.07,100.0,0.5,2.42,58.82,5.63,51.9,1.35,1.6400000000000001,0.21,17.97,1.5,1.1400000000000001,28.67,70.9,11.91,65.87,5.42,92.11,23.18,76.31,2.35,51.52,19.34,28.17,0.12,0.78,0.0,0.0,0.0,0.0,0.5700000000000001,5.28,72.97,2.92,48.78,0.0,0.0,0.43,1.43,8.77,78.05,69.31,7.2,0,,0,,0,0.0,0.0,0.0,,,0.29,,2.42,0.0,0.0,0.0,0.07,0,0.0
F. Nwokeabia,Francis Ebuka Nwokeabia,-526057,Spartak Subotica,Spartak Subotica,https://cdn5.wyscout.com/photos/team/public/1956_120x120.png,Super Liga,"LDMF, DMF, LCMF",LDMF,28,DMF,18,LCMF,18,21.0,2005-05-16,0,2027-05-31,24,1238,0,0.53,1,0.44,23.05,47.0,Nigeria,['Nigeria'],,0,0,False,9.89,8.72,58.33,3.56,30.61,0.15,0.2,0.51,4.65,6.27,1.8900000000000001,3,0.22,0,0.0,1.24,0.0,0,0.0,0.04,0,0.0,16,1.16,6.25,0.0,0.07,1.16,18.75,0.44,16.67,0.73,20.0,0.07,1.74,50.0,8.36,42.61,0.65,1.02,0.15,21.37,0.51,1.16,35.69,69.86,16.28,56.7,3.93,90.74,29.22,76.87,5.45,41.33,20.3,31.04,0.03,0.29,0.0,0.0,0.36,20.0,0.07,8.14,56.25,2.98,31.71,0.87,33.33,0.65,0.29,7.12,65.31,78.4,11.78,0,,0,,0,0.0,0.0,0.0,,,0.36,,3.56,0.0,0.0,0.0,0.0,0,0.0
U. Kabić,Uroš Kabić,-155293,OFK Beograd,OFK Beograd,https://cdn5.wyscout.com/photos/team/public/705_120x120.png,Super Liga,"RW, RAMF, CF",RW,38,RAMF,21,CF,12,22.0,2004-01-01,1000000,,26,1238,2,1.6099999999999999,1,2.48,20.94,42.36,Serbia,['Serbia'],left,183,76,True,5.31,6.03,57.83,1.8900000000000001,34.62,0.51,0.75,0.07,1.31,1.94,1.38,1,0.07,0,0.0,4.58,0.15,2,0.15,0.12,0,0.0,25,1.82,32.0,8.0,0.07,2.54,51.43,0.07,0.0,2.25,51.61,0.36,5.09,52.86,11.56,38.36,2.47,2.47,0.51,18.47,1.45,1.45,23.34,75.08,6.69,70.65,4.94,91.18,18.61,82.81,2.47,44.12,18.6,29.69,0.18,1.38,0.0,0.15,0.0,0.0,0.65,2.84,58.97,2.47,47.06,0.36,0.0,0.58,1.02,3.7800000000000002,80.77,68.75,8.14,0,,0,,0,0.0,0.0,0.0,,,0.07,,1.8900000000000001,0.73,0.07,100.0,1.53,0,0.0
S. Tanjga,Siniša Tanjga,-362163,Vojvodina,Vojvodina,https://cdn5.wyscout.com/photos/team/public/700_120x120.png,Super Liga,"RCB, LCB",RCB,86,LCB,13,,0,22.0,2004-03-11,0,2026-05-31,17,1234,0,1.1,0,0.0,14.73,60.89,Serbia,['Serbia'],right,189,85,False,10.36,5.62,63.64,5.03,63.77,0.88,1.26,0.66,5.91,8.5,1.53,4,0.29,2,0.15,0.22,0.0,0,0.0,0.08,0,0.0,6,0.44,33.33,0.0,0.0,0.15,0.0,0.07,0.0,0.07,0.0,0.0,0.07,100.0,1.17,50.0,0.51,0.07,0.0,19.04,0.44,0.44,30.85,79.67,13.06,63.69,1.6800000000000002,95.65,25.6,89.17,5.11,34.29,21.11,31.04,0.0,0.0,0.0,0.07,0.0,0.0,0.07,3.5700000000000003,48.98,1.09,6.67,0.8,36.36,0.22,0.0,5.54,55.26,93.58,13.64,0,,0,,0,0.0,0.0,0.0,,,1.31,,5.03,0.0,0.0,0.0,0.0,0,0.0
D. Petrović,Djordje Petrović,-571898,Radnički Niš,Radnički Niš,https://cdn5.wyscout.com/photos/team/public/g2850_120x120.png,Super Liga,RB,RB,91,,0,,0,17.0,2008-07-07,0,2026-06-30,20,1233,1,0.21,1,0.86,17.08,51.28,Serbia,['Serbia'],,0,0,False,9.93,8.47,65.52,2.55,42.86,0.51,0.7000000000000001,0.22,3.87,5.28,1.3900000000000001,4,0.29,1,0.07,2.99,0.07,1,0.07,0.01,0,0.0,3,0.22,33.33,33.333,0.07,3.94,50.0,0.0,0.0,3.94,50.0,0.44,1.53,61.9,4.09,41.07,1.31,1.3900000000000001,0.15,19.93,1.6800000000000002,0.58,28.98,66.75,12.55,61.05,3.5,97.92,20.22,75.81,5.11,44.29,21.89,28.96,0.06,0.51,0.0,0.0,0.0,0.0,0.22,5.11,60.0,4.09,55.36,0.36,60.0,0.73,1.75,8.91,66.39,66.96,8.39,0,,0,,0,0.0,0.0,0.0,,,0.66,,2.55,0.0,0.0,0.0,0.0,0,0.0
B. Nikčević,Bojica Nikčević,464195,Čukarički,Čukarički,https://cdn5.wyscout.com/photos/team/public/702_120x120.png,Super Liga,"RB, RWB, RW",RB,33,RWB,16,RW,12,26.0,2000-02-04,1000000,2026-06-30,24,1231,1,0.23,1,1.3900000000000001,16.08,55.45,Montenegro,"['Montenegro', 'Serbia']",right,182,79,False,6.36,7.02,63.54,1.32,38.89,0.15,0.19,0.15,1.75,2.29,1.46,3,0.22,0,0.0,3.14,0.07,1,0.07,0.02,0,0.0,5,0.37,20.0,20.0,0.07,3.73,37.25,0.22,33.33,3.51,37.5,0.07,2.19,76.67,5.85,51.25,0.51,1.02,0.07,12.06,1.32,1.1,19.81,70.11,6.73,63.04,3.22,95.45,14.26,81.03,2.19,56.67,18.21,26.24,0.1,0.66,0.0,0.0,0.0,0.0,0.37,2.41,75.76,3.14,44.19,0.0,0.0,0.58,1.17,4.46,81.97,68.13,6.65,0,,0,,0,0.0,0.0,0.0,,,0.22,,1.32,0.0,0.0,0.0,0.0,0,0.0
S. Šapić,Stefan Šapić,441265,IMT Novi Beograd,IMT Novi Beograd,https://cdn5.wyscout.com/photos/team/public/g30905_120x120.png,Super Liga,LCB,LCB,99,,0,,0,29.0,1997-02-26,250000,,13,1222,1,0.72,0,0.22,9.5,69.77,Serbia,['Serbia'],right,202,93,False,6.92,3.54,79.17,3.9,71.7,0.15,0.21,0.07,3.98,5.68,0.88,1,0.07,0,0.0,0.07,0.07,1,0.07,0.05,1,0.07,5,0.37,20.0,20.0,0.0,0.0,0.0,0.0,0.0,0.0,0.0,0.0,0.15,0.0,0.52,0.0,0.59,0.44,0.0,24.6,0.22,0.07,40.65,88.95,13.4,77.47,2.14,89.66,37.86,91.63,2.8,52.63,19.32,31.68,0.02,0.07,0.0,0.0,0.0,0.0,0.07,3.17,65.12,0.29,25.0,0.29,25.0,0.15,0.0,5.97,55.56,96.97,21.87,0,,0,,0,0.0,0.0,0.0,,,1.55,,3.9,0.0,0.0,0.0,0.0,0,0.0
N. Jovanovic,Nikola Jovanovic,-470118,Železničar Pancevo,Železničar Pancevo,https://cdn5.wyscout.com/photos/team/public/g34577_120x120.png,Super Liga,"RW, RAMF, RWF",RW,64,RAMF,15,RWF,10,22.0,2003-10-29,0,,27,1213,5,3.47,0,1.18,18.85,41.73,Serbia,['Serbia'],unknown,0,0,False,5.49,5.05,50.0,3.26,31.82,0.22,0.31,0.15,2.75,3.79,1.63,4,0.30000000000000004,0,0.0,2.67,0.37,5,0.37,0.26,0,0.0,33,2.45,33.33,15.152,0.0,1.48,15.0,0.07,0.0,1.34,16.67,0.22,3.26,50.0,9.13,41.46,2.0,1.9300000000000002,0.07,15.8,1.4100000000000001,1.63,23.15,79.17,3.7800000000000002,49.02,6.08,93.9,19.14,86.82,2.52,58.82,20.71,25.79,0.09,0.52,0.0,0.0,0.07,0.0,0.15,2.08,53.57,2.23,30.0,0.37,20.0,0.74,0.30000000000000004,2.67,58.33,83.33,10.24,0,,0,,0,0.0,0.0,0.0,,,0.30000000000000004,,3.26,0.8200000000000001,0.22,33.33,0.74,0,0.0
D. Silue,Dognimani Yacouba Silue,-243453,OFK Beograd,OFK Beograd,https://cdn5.wyscout.com/photos/team/public/705_120x120.png,Super Liga,"CF, AMF",CF,80,AMF,10,,0,24.0,2002-01-01,800000,2026-06-30,16,1213,5,4.83,1,1.52,23.3,42.36,Côte d'Ivoire,"[""Côte d'Ivoire""]",right,185,80,True,4.67,4.38,66.1,4.3,25.86,0.15,0.25,0.07,1.63,2.76,1.11,2,0.15,0,0.0,3.64,0.37,5,0.37,0.36,2,0.15,34,2.52,32.35,14.706,0.07,1.11,20.0,0.37,40.0,0.74,10.0,0.22,3.41,73.91,12.09,42.94,3.64,1.85,0.30000000000000004,15.88,2.0,1.78,22.18,76.59,4.53,75.41,5.71,85.71,20.7,80.65,0.52,28.57,16.12,20.54,0.11,0.67,0.0,0.0,0.07,100.0,0.45,2.3,58.06,1.56,47.62,0.07,100.0,0.89,0.15,2.67,72.22,74.71,6.46,0,,0,,0,0.0,0.0,0.0,,,0.07,,4.3,0.0,0.0,0.0,0.0,0,0.0
S. Zdjelar,Saša Zdjelar,213870,Partizan,Partizan,https://cdn5.wyscout.com/photos/team/public/699_120x120.png,Super Liga,"DMF, LDMF",DMF,68,LDMF,21,,0,31.0,1995-03-20,0,2026-06-30,13,1187,0,0.13,0,0.14,13.8,60.99,Serbia,['Serbia'],right,184,76,False,8.8,6.82,72.22,1.5899999999999999,52.38,0.08,0.12,0.23,3.79,5.91,0.68,2,0.15,0,0.0,0.15,0.0,0,0.0,0.01,0,0.0,2,0.15,0.0,0.0,0.0,0.23,33.33,0.0,0.0,0.23,33.33,0.0,0.15,50.0,3.18,45.24,0.0,1.21,0.0,43.29,0.45,1.1400000000000001,59.82,88.47,22.44,77.36,6.82,95.56,55.2,91.21,4.4,56.9,20.08,36.41,0.01,0.30000000000000004,0.0,0.0,0.0,0.0,0.0,12.06,79.87,1.3599999999999999,33.33,0.38,20.0,0.23,0.08,9.55,78.57,94.91,25.32,0,,0,,0,0.0,0.0,0.0,,,0.91,,1.5899999999999999,0.0,0.0,0.0,0.0,0,0.0
I. Tanko,Ibrahim Tanko,435971,Javor Ivanjica,Javor Ivanjica,https://cdn5.wyscout.com/photos/team/public/1255_120x120.png,Super Liga,"LAMF, CF",LAMF,41,CF,29,,0,27.0,1999-04-30,350000,2027-06-30,24,1183,1,1.45,0,0.56,26.93,37.01,Ghana,['Ghana'],right,186,81,False,4.72,5.25,55.07,7.3,34.38,0.0,0.0,0.15,1.83,2.14,2.21,3,0.23,2,0.15,2.2800000000000002,0.08,1,0.08,0.11,1,0.08,14,1.07,35.71,7.143,0.0,1.37,27.78,0.76,40.0,0.61,12.5,0.38,2.2800000000000002,66.67,10.12,30.83,2.13,1.75,0.53,11.49,2.21,1.07,20.31,72.28,5.1,59.7,5.93,91.03,18.11,76.89,0.91,50.0,16.61,10.37,0.04,0.53,0.0,0.0,0.0,0.0,0.23,1.83,58.33,1.67,45.45,0.0,0.0,0.68,0.53,3.58,57.45,68.49,5.55,0,,0,,0,0.0,0.0,0.0,,,0.08,,7.3,0.0,0.0,0.0,0.0,0,0.0
I. Bah,Issa Bah,-128634,Radnički Kragujevac,Radnički Kragujevac,https://cdn5.wyscout.com/photos/team/public/g2849_120x120.png,Super Liga,"RAMF, LAMF, CF",RAMF,24,LAMF,21,CF,18,23.0,2002-07-05,0,2027-06-30,19,1179,1,1.0,1,0.63,25.04,49.39,Portugal,"['Portugal', 'Guinea']",right,181,75,False,6.11,5.5,69.44,2.21,41.38,0.08,0.11,0.0,2.21,3.18,1.76,0,0.0,0,0.0,3.9699999999999998,0.08,1,0.08,0.08,0,0.0,16,1.22,6.25,6.25,0.08,2.37,16.13,1.45,15.79,0.84,18.18,0.31,6.41,53.57,14.2,46.77,3.13,3.74,0.38,14.58,2.52,2.14,20.53,71.75,4.5,66.1,5.04,87.88,17.71,78.88,0.46,83.33,17.27,6.87,0.05,0.53,0.15,0.0,0.08,100.0,0.31,1.76,73.91,1.9100000000000001,44.0,0.08,100.0,1.07,0.46,2.44,65.63,64.2,6.18,0,,0,,0,0.0,0.0,0.0,,,0.08,,2.21,0.0,0.0,0.0,0.0,0,0.0
U. Cejic,Uroš Cejic,-303687,Spartak Subotica,Spartak Subotica,https://cdn5.wyscout.com/photos/team/public/1956_120x120.png,Super Liga,"LWB, RAMF, RB5",LWB,38,RAMF,27,RB5,16,22.0,2004-03-26,0,2026-06-30,21,1176,0,0.76,1,0.44,20.97,43.8,Serbia,['Serbia'],unknown,181,0,False,8.49,7.88,57.28,2.37,41.94,0.38,0.48,0.0,3.6,4.48,1.6800000000000002,6,0.46,0,0.0,2.3,0.0,0,0.0,0.06,0,0.0,8,0.61,50.0,0.0,0.08,1.15,13.33,0.54,14.29,0.61,12.5,0.15,3.06,57.5,8.49,33.33,1.22,2.45,0.38,14.77,1.22,0.99,21.96,71.78,7.35,61.46,3.9,94.12,19.36,77.87,1.45,36.84,17.28,25.27,0.03,0.38,0.08,0.0,0.15,50.0,0.0,2.83,64.86,1.9100000000000001,36.0,0.23,33.33,0.6900000000000001,0.15,4.52,57.63,70.51,5.97,0,,0,,0,0.0,0.0,0.0,,,0.23,,2.37,0.0,0.0,0.0,0.54,0,0.0
L. Kaličanin,Lazar Kaličanin,-155270,Crown Legacy FC,Čukarički,https://cdn5.wyscout.com/photos/team/public/g-18054_120x120.png,MLS Next Pro,GK,GK,100,,0,,0,21.0,2004-05-21,0,2028-06-30,12,1175,0,0.0,0,0.0,0.46,83.33,Serbia,['Serbia'],right,0,0,False,0.77,0.0,0.0,0.38,80.0,0.0,0.0,0.0,0.77,1.02,0.0,0,0.0,0,0.0,0.0,0.0,0,0.0,0.0,0,0.0,0,0.0,0.0,0.0,0.0,0.0,0.0,0.0,0.0,0.0,0.0,0.0,0.0,0.0,0.08,100.0,0.0,0.0,0.0,10.57,0.38,0.08,16.24,82.08,10.42,75.0,0.0,0.0,7.51,96.94,8.58,70.54,37.6,49.41,0.0,0.0,0.0,0.0,0.0,0.0,0.0,2.14,64.29,0.15,50.0,0.08,0.0,0.08,0.0,7.05,76.09,97.1,5.29,16,1.23,46,3.52,1,65.22,13.77,1.05,-2.23,-0.171,0.0,1.07,0.38,,,,0.0,0,0.0
M. Todosijević,Mihailo Todosijević,-483610,Mladost Lučani U19,Mladost Lučani,https://cdn5.wyscout.com/photos/team/public/g-9943_120x120.png,U19 League,"CF, AMF, RW",CF,34,AMF,23,RW,21,18.0,2007-11-27,0,,21,1175,1,3.6,0,0.2,23.59,34.42,Serbia,['Serbia'],unknown,0,0,False,5.59,5.13,56.72,5.36,27.14,0.08,0.08,0.15,2.6,2.7199999999999998,1.6099999999999999,1,0.08,1,0.08,1.69,0.08,1,0.08,0.28,0,0.0,30,2.3,33.33,3.333,0.0,0.84,18.18,0.08,0.0,0.77,20.0,0.0,2.22,34.48,9.88,25.58,2.99,0.77,0.0,10.19,1.6099999999999999,0.77,15.93,61.54,5.21,44.12,3.06,85.0,13.94,66.48,1.23,37.5,19.9,16.85,0.01,0.15,0.0,0.0,0.0,0.0,0.23,1.8399999999999999,45.83,0.77,30.0,0.0,0.0,0.31,0.08,1.9100000000000001,28.0,66.13,4.75,0,,0,,0,0.0,0.0,0.0,,,0.0,,5.36,0.0,0.0,0.0,0.0,0,0.0
A. Petrović,Andrej  Petrović,-336199,Bačka Topola U19,Bačka Topola,https://cdn5.wyscout.com/photos/team/public/g-11690_120x120.png,U19 League,"LCMF, RCMF, RDMF",LCMF,28,RCMF,27,RDMF,19,20.0,2006-04-24,0,,16,1166,1,1.21,0,0.8300000000000001,12.12,45.86,Serbia,['Serbia'],right,174,0,False,6.48,4.48,55.17,2.32,40.0,0.08,0.12,0.0,3.94,5.93,1.08,0,0.0,0,0.0,0.62,0.08,1,0.08,0.09,1,0.08,18,1.3900000000000001,27.78,5.556,0.0,0.62,12.5,0.31,0.0,0.23,33.33,0.08,0.46,33.33,3.55,39.13,1.08,0.23,0.08,23.7,0.46,0.85,34.66,85.52,9.34,66.94,7.18,97.85,31.49,89.71,2.55,51.52,17.2,29.51,0.06,0.85,0.08,0.0,0.0,0.0,0.23,5.09,81.82,1.08,64.29,0.0,0.0,0.54,0.0,3.47,73.33,91.41,12.58,0,,0,,0,0.0,0.0,0.0,,,0.62,,2.32,0.0,0.0,0.0,0.39,0,0.0
F. Tebo,Franklin Tebo Uchenna,-290498,Crvena Zvezda,Crvena Zvezda,https://cdn5.wyscout.com/photos/team/public/483_120x120.png,Super Liga,"LCB, LCB3, RCB",LCB,61,LCB3,14,RCB,10,26.0,2000-01-15,500000,2028-06-30,17,1161,1,0.5,1,0.65,10.85,60.71,Nigeria,['Nigeria'],right,191,85,False,5.97,3.64,70.21,3.64,51.06,0.08,0.14,0.16,3.33,6.14,1.01,1,0.08,1,0.08,0.54,0.08,1,0.08,0.04,0,0.0,3,0.23,33.33,33.333,0.08,0.31,25.0,0.08,0.0,0.16,0.0,0.08,0.47000000000000003,83.33,1.63,80.95,0.78,1.09,0.0,48.68,0.7000000000000001,0.93,68.53,90.27,27.52,83.1,3.26,95.24,64.34,93.37,3.88,44.0,18.58,27.15,0.05,0.47000000000000003,0.0,0.08,0.08,0.0,0.08,9.22,79.83,0.62,37.5,0.16,50.0,0.31,0.08,9.22,84.03,96.2,30.62,0,,0,,0,0.0,0.0,0.0,,,2.4,,3.64,0.0,0.0,0.0,0.0,0,0.0
B. Natcho,Bibras Natcho,20374,Partizan,Partizan,https://cdn5.wyscout.com/photos/team/public/699_120x120.png,Super Liga,"LCMF, RCMF, LCMF3",LCMF,44,RCMF,16,LCMF3,11,38.0,1988-02-18,500000,2026-06-30,32,1159,6,4.59,5,4.42,8.15,54.29,Israel,"['Israel', 'Serbia']",right,177,75,False,5.2,3.11,82.5,1.01,30.77,0.47000000000000003,0.84,0.16,2.17,3.93,0.23,2,0.16,0,0.0,2.56,0.47000000000000003,3,0.23,0.36,0,0.0,24,1.8599999999999999,62.5,25.0,0.39,1.4,38.89,0.7000000000000001,44.44,0.62,25.0,0.23,1.24,50.0,2.95,36.84,2.87,0.85,0.08,38.13,1.71,0.54,46.98,80.66,14.06,66.85,9.78,90.48,39.84,84.99,5.82,60.0,19.87,33.7,0.34,3.11,0.31,0.08,0.62,37.5,0.85,8.39,71.3,4.19,44.44,1.32,35.29,2.17,0.47000000000000003,7.84,81.19,85.07,15.61,0,,0,,0,0.0,0.0,0.0,,,0.23,,1.01,1.32,0.16,50.0,4.35,3,100.0
V. Lučić,Vladimir Lučić,-189426,Crvena Zvezda,Crvena Zvezda,https://cdn5.wyscout.com/photos/team/public/483_120x120.png,Super Liga,"RAMF, LW, RWB",RAMF,25,LW,16,RWB,11,23.0,2002-06-28,0,2027-06-30,22,1158,2,2.92,4,3.09,17.1,46.36,Serbia,['Serbia'],right,185,76,False,4.74,3.34,69.77,1.63,52.38,0.31,0.62,0.08,2.1,4.18,0.78,0,0.0,0,0.0,3.89,0.16,2,0.16,0.23,0,0.0,33,2.56,33.33,6.061,0.31,2.1,48.15,0.93,50.0,1.17,46.67,0.31,3.73,47.92,9.87,40.16,5.13,2.7199999999999998,0.08,39.33,2.8,1.17,48.73,85.65,13.37,76.16,10.34,94.74,43.37,88.53,3.5,71.11,18.67,27.65,0.24,2.1,0.39,0.0,0.23,100.0,0.93,6.99,83.33,4.27,61.82,0.7000000000000001,44.44,2.7199999999999998,0.78,8.39,87.04,88.57,16.32,0,,0,,0,0.0,0.0,0.0,,,0.31,,1.63,0.0,0.0,0.0,0.0,0,0.0
M. Degenek,Miloš Degenek,193362,APOEL,Bačka Topola,https://cdn5.wyscout.com/photos/team/public/1197_120x120.png,1. Division,"RCB, LCB, CB",RCB,41,LCB,39,CB,18,31.0,1994-04-28,500000,2027-05-31,13,1156,1,0.24,0,0.02,10.74,57.25,Serbia,"['Serbia', 'Australia']",right,187,82,False,7.71,5.53,64.79,2.49,53.13,0.08,0.11,0.47000000000000003,4.05,5.89,1.01,2,0.16,0,0.0,0.23,0.08,1,0.08,0.02,1,0.08,4,0.31,50.0,25.0,0.0,0.0,0.0,0.0,0.0,0.0,0.0,0.0,0.08,100.0,1.09,35.71,0.16,0.93,0.08,31.45,0.31,0.08,47.26,87.97,20.16,79.92,3.74,95.83,41.34,93.22,5.92,51.32,18.91,34.98,0.0,0.08,0.0,0.0,0.0,0.0,0.0,6.93,77.53,0.78,50.0,0.31,50.0,0.23,0.0,9.73,72.0,95.74,18.3,0,,0,,0,0.0,0.0,0.0,,,2.65,,2.49,0.0,0.0,0.0,0.0,0,0.0
I. Maiga,Ismael Alves Gaetan Maiga,-418920,Čukarički,Čukarički,https://cdn5.wyscout.com/photos/team/public/702_120x120.png,Super Liga,"RCB, LCB",RCB,70,LCB,24,,0,22.0,2003-11-23,0,2028-06-30,15,1148,0,0.0,0,0.14,10.66,68.38,Côte d'Ivoire,"[""Côte d'Ivoire""]",,0,0,False,8.62,4.55,74.14,3.06,69.23,0.24,0.29,0.86,5.02,6.17,0.9400000000000001,1,0.08,2,0.16,0.24,0.0,0,0.0,0.0,0,0.0,0,0.0,0.0,0.0,0.0,0.16,50.0,0.08,100.0,0.08,0.0,0.0,0.24,66.67,1.72,50.0,0.24,0.63,0.08,19.29,0.24,1.1,33.08,85.07,14.43,72.83,3.92,94.0,28.3,90.3,4.7,53.33,20.86,29.33,0.01,0.16,0.0,0.0,0.0,0.0,0.08,3.37,65.12,0.39,20.0,0.08,0.0,0.16,0.08,6.04,66.23,94.87,12.23,0,,0,,0,0.0,0.0,0.0,,,3.29,,3.06,0.0,0.0,0.0,0.0,0,0.0
D. Minic,Dimitrije Minic,-447314,Spartak Subotica,Spartak Subotica,https://cdn5.wyscout.com/photos/team/public/1956_120x120.png,Super Liga,GK,GK,100,,0,,0,17.0,2008-07-08,0,,12,1141,0,0.0,0,0.0,0.71,77.78,Montenegro,['Montenegro'],unknown,0,0,False,1.42,0.0,0.0,0.55,85.71,0.08,0.1,0.0,1.34,1.65,0.08,1,0.08,0,0.0,0.0,0.0,0,0.0,0.0,0,0.0,0,0.0,0.0,0.0,0.0,0.0,0.0,0.0,0.0,0.0,0.0,0.0,0.0,0.0,0.08,100.0,0.0,0.0,0.0,11.28,0.08,0.24,19.96,77.08,13.33,67.46,0.0,0.0,11.75,94.63,8.2,51.92,32.17,43.69,0.0,0.0,0.0,0.0,0.0,0.0,0.0,1.81,39.13,0.0,0.0,0.08,0.0,0.0,0.0,5.76,57.53,97.1,5.44,25,1.97,70,5.52,1,64.29,25.19,1.99,0.19,0.015,0.0,2.29,0.55,,,,0.0,0,0.0
S. Eraković,Strahinja Eraković,517411,Crvena Zvezda,Crvena Zvezda,https://cdn5.wyscout.com/photos/team/public/483_120x120.png,Super Liga,"LCB, LCB3, RCB",LCB,39,LCB3,19,RCB,18,25.0,2001-01-22,0,2027-06-30,13,1138,1,0.8,1,0.24,11.63,61.22,Serbia,['Serbia'],right,188,0,True,5.38,4.51,64.91,3.24,68.29,0.08,0.16,0.32,2.37,4.66,1.19,3,0.24,0,0.0,0.32,0.08,1,0.08,0.06,0,0.0,4,0.32,25.0,25.0,0.08,0.4,20.0,0.08,0.0,0.32,25.0,0.0,0.24,66.67,1.6600000000000001,57.14,0.55,1.5,0.0,52.67,0.24,0.63,68.09,90.13,27.05,83.33,5.3,97.01,63.19,94.12,4.51,40.35,19.22,30.13,0.02,0.32,0.0,0.0,0.0,0.0,0.16,8.38,81.13,0.63,25.0,0.24,33.33,0.08,0.08,11.63,75.51,95.7,29.42,0,,0,,0,0.0,0.0,0.0,,,3.48,,3.24,0.0,0.0,0.0,0.0,0,0.0
Z. Alilović,Zoran Alilović,-336212,Novi Pazar,Novi Pazar,https://cdn5.wyscout.com/photos/team/public/3838_120x120.png,Super Liga,"AMF, LCMF, RW",AMF,53,LCMF,15,RW,12,20.0,2006-03-14,0,2026-06-30,18,1135,1,1.73,1,0.39,17.68,40.36,Serbia,['Serbia'],right,0,0,True,5.47,6.82,59.3,2.22,17.86,0.16,0.19,0.0,1.27,1.54,1.43,1,0.08,0,0.0,1.67,0.08,1,0.08,0.14,0,0.0,19,1.51,47.37,5.263,0.08,0.9500000000000001,50.0,0.32,50.0,0.63,50.0,0.08,1.35,35.29,6.19,34.62,2.06,0.32,0.08,13.96,1.11,1.35,21.49,73.43,7.14,63.33,4.68,93.22,18.48,78.11,2.06,42.31,16.67,20.8,0.03,0.63,0.0,0.08,0.4,0.0,0.4,3.01,65.79,1.5899999999999999,55.0,0.63,25.0,0.79,0.48,3.73,74.47,75.0,6.03,0,,0,,0,0.0,0.0,0.0,,,0.16,,2.22,0.0,0.0,0.0,0.0,0,0.0
N. Kuveljić,Nikola Kuveljić,-96715,Spartak Subotica,Spartak Subotica,https://cdn5.wyscout.com/photos/team/public/1956_120x120.png,Super Liga,"LCMF, RCMF, DMF",LCMF,33,RCMF,30,DMF,18,29.0,1997-04-06,800000,2027-06-30,14,1133,3,1.34,1,0.17,11.99,48.34,Serbia,['Serbia'],right,194,85,False,7.55,5.32,53.73,1.83,60.87,0.08,0.1,0.16,4.61,5.67,1.99,4,0.32,0,0.0,0.71,0.24,3,0.24,0.11,0,0.0,14,1.11,35.71,21.429,0.08,0.16,0.0,0.08,0.0,0.08,0.0,0.0,0.79,40.0,2.94,45.95,0.79,1.67,0.0,34.55,0.79,0.56,47.34,87.08,16.68,77.62,9.06,99.12,45.44,87.94,1.75,72.73,16.25,26.63,0.01,0.32,0.0,0.0,0.16,0.0,0.24,7.86,76.77,0.87,54.55,0.48,50.0,0.56,0.0,7.78,80.61,94.05,14.7,0,,0,,0,0.0,0.0,0.0,,,0.9500000000000001,,1.83,0.08,0.08,0.0,0.0,0,0.0
D. Cvetinović,Dušan Cvetinović,85841,Mladost Lučani,Mladost Lučani,https://cdn5.wyscout.com/photos/team/public/703_120x120.png,Super Liga,"CB, LCB",CB,74,LCB,11,,0,37.0,1988-12-24,250000,2026-06-30,14,1129,0,0.72,0,0.0,10.84,64.71,Serbia,['Serbia'],right,186,79,False,9.81,4.15,76.92,3.75,63.83,0.4,0.42,0.96,6.22,6.59,1.28,3,0.24,0,0.0,0.16,0.0,0,0.0,0.06,0,0.0,2,0.16,50.0,0.0,0.0,0.0,0.0,0.0,0.0,0.0,0.0,0.0,0.16,50.0,0.88,45.45,0.24,0.0,0.0,15.86,0.08,0.24,30.45,89.79,11.8,82.43,2.63,93.94,26.63,93.41,3.83,64.58,18.4,28.26,0.0,0.0,0.0,0.0,0.0,0.0,0.0,2.31,65.52,0.08,100.0,0.0,0.0,0.08,0.0,4.94,70.97,95.93,13.71,0,,0,,0,0.0,0.0,0.0,,,1.83,,3.75,0.0,0.0,0.0,0.0,0,0.0
E. Hoard,Ethan Hoard,-179820,OFK Beograd,OFK Beograd,https://cdn5.wyscout.com/photos/team/public/705_120x120.png,Super Liga,CF,CF,96,,0,,0,25.0,2001-05-19,0,2028-12-31,16,1128,3,2.69,0,0.8,22.34,34.29,United States,['United States'],right,196,86,False,2.79,2.23,42.86,4.39,34.55,0.08,0.13,0.08,1.76,2.93,1.6,0,0.0,0,0.0,1.3599999999999999,0.24,3,0.24,0.21,1,0.08,15,1.2,26.67,20.0,0.0,0.32,0.0,0.16,0.0,0.16,0.0,0.0,1.6,65.0,8.86,34.23,2.79,1.12,0.0,9.97,1.9100000000000001,1.52,14.92,71.12,3.11,46.15,4.71,91.53,13.8,73.99,0.8,50.0,16.02,16.26,0.06,0.88,0.0,0.0,0.08,0.0,0.32,1.28,43.75,1.04,15.38,0.08,0.0,0.56,0.0,1.76,54.55,68.0,3.99,0,,0,,0,0.0,0.0,0.0,,,0.0,,4.39,0.0,0.0,0.0,0.0,0,0.0
L. Izderic,Luka Izderic,-454732,Radnički Niš,Radnički Niš,https://cdn5.wyscout.com/photos/team/public/g2850_120x120.png,Super Liga,"LCMF, AMF, LCMF3",LCMF,23,AMF,22,LCMF3,12,20.0,2006-03-13,0,2028-06-30,21,1117,0,1.43,3,0.54,17.97,46.64,Serbia,"['Serbia', 'Austria']",unknown,0,0,False,5.72,5.08,66.67,2.34,27.59,0.24,0.35000000000000003,0.16,2.09,3.05,1.45,4,0.32,0,0.0,2.01,0.0,0,0.0,0.12,0,0.0,9,0.73,55.56,0.0,0.24,0.56,57.14,0.4,60.0,0.08,100.0,0.08,2.26,53.57,7.9,41.84,1.53,1.6099999999999999,0.16,12.65,0.16,1.85,22.48,83.51,6.12,71.05,5.5600000000000005,92.75,20.87,86.49,1.05,38.46,14.25,13.7,0.04,0.97,0.0,0.0,0.16,50.0,0.56,2.26,64.29,1.37,76.47,0.32,25.0,0.64,0.32,2.26,71.43,87.18,6.28,0,,0,,0,0.0,0.0,0.0,,,0.0,,2.34,0.0,0.0,0.0,0.0,0,0.0
T. Dadić,Tomislav Dadić,413987,,Radnički Kragujevac,,,LB,LB,96,,0,,0,28.0,1997-12-15,350000,,15,1113,0,0.63,0,0.05,16.25,51.74,Croatia,['Croatia'],left,185,77,False,8.17,6.79,55.95,2.18,25.93,0.08,0.11,0.32,4.29,5.93,1.8599999999999999,5,0.4,1,0.08,2.75,0.0,0,0.0,0.05,0,0.0,7,0.5700000000000001,14.29,0.0,0.0,2.83,37.14,2.83,37.14,0.0,0.0,0.4,1.94,79.17,4.85,53.33,1.05,3.4,0.32,26.77,1.7000000000000002,1.21,38.81,76.46,16.82,65.87,6.79,92.86,30.4,86.17,5.82,44.44,19.51,29.3,0.0,0.24,0.0,0.0,0.08,100.0,0.08,5.66,68.57,2.67,33.33,0.32,25.0,0.16,0.89,9.22,67.54,77.24,9.95,0,,0,,0,0.0,0.0,0.0,,,1.05,,2.18,0.0,0.0,0.0,0.0,0,0.0
P. Mboungou,Prestige Mboungou,-50994,Bačka Topola,Bačka Topola,https://cdn5.wyscout.com/photos/team/public/g19686_120x120.png,Super Liga,"LW, LAMF, CF",LW,49,LAMF,25,CF,17,25.0,2000-07-10,0,2027-06-30,24,1108,0,1.51,0,0.56,23.15,39.3,Congo,['Congo'],right,175,67,False,3.8200000000000003,3.41,66.67,3.66,40.0,0.41000000000000003,0.66,0.08,1.1400000000000001,1.85,1.3,1,0.08,0,0.0,2.68,0.0,0,0.0,0.12,0,0.0,15,1.22,33.33,0.0,0.0,1.1400000000000001,28.57,0.73,11.11,0.32,50.0,0.16,3.8200000000000003,51.06,12.67,33.97,3.09,1.54,0.08,20.06,1.87,1.87,24.69,84.54,3.98,67.35,8.77,93.52,22.82,87.54,0.73,77.78,20.05,8.78,0.05,0.81,0.0,0.0,0.0,0.0,0.32,1.38,76.47,1.54,42.11,0.16,50.0,0.97,0.32,2.03,88.0,86.46,7.8,0,,0,,0,0.0,0.0,0.0,,,0.0,,3.66,0.0,0.0,0.0,0.16,0,0.0
N. Knezević,Nikola Knezević,-276078,Wieczysta Kraków,OFK Beograd,https://cdn5.wyscout.com/photos/team/public/g-14767_120x120.png,I Liga,"CF, LW, AMF",CF,22,LW,14,AMF,13,23.0,2003-03-10,0,2028-06-30,19,1106,3,2.84,0,1.83,14.48,43.26,Serbia,['Serbia'],right,180,73,False,7.16,7.0,53.49,1.63,25.0,0.41000000000000003,0.62,0.08,3.01,4.57,1.87,2,0.16,0,0.0,2.2800000000000002,0.24,2,0.16,0.23,0,0.0,22,1.79,40.91,13.636,0.0,1.46,33.33,0.9,18.18,0.5700000000000001,57.14,0.24,1.63,60.0,4.23,36.54,1.87,1.46,0.16,26.69,1.1400000000000001,0.65,39.06,74.58,15.62,58.85,6.92,92.94,32.88,82.18,4.88,35.0,18.47,33.36,0.15,1.3,0.0,0.0,0.24,33.33,0.73,8.14,57.0,3.09,36.84,0.41000000000000003,60.0,0.81,0.41000000000000003,7.65,68.09,80.47,10.42,0,,0,,0,0.0,0.0,0.0,,,0.41000000000000003,,1.63,0.08,0.0,0.0,0.08,1,100.0
L. Tufegdžić,Lazar Tufegdžić,335210,Čukarički,Čukarički,https://cdn5.wyscout.com/photos/team/public/702_120x120.png,Super Liga,"RAMF, AMF, CF",RAMF,25,AMF,24,CF,15,29.0,1997-02-22,800000,2026-06-30,23,1099,2,1.9,2,1.6,18.1,43.44,Serbia,['Serbia'],right,185,71,False,5.4,6.22,53.95,4.01,32.65,0.25,0.41000000000000003,0.0,1.8,2.99,1.23,0,0.0,0,0.0,2.7,0.16,2,0.16,0.16,0,0.0,17,1.3900000000000001,47.06,11.765,0.16,2.37,41.38,0.08,0.0,2.05,36.0,0.33,1.8,59.09,6.22,43.42,2.21,0.9,0.16,17.85,2.05,1.15,27.43,74.63,6.96,62.35,6.06,93.24,23.01,80.07,2.37,51.72,19.47,25.19,0.13,1.3900000000000001,0.0,0.0,0.16,0.0,0.41000000000000003,3.6,75.0,2.95,47.22,0.33,50.0,0.9,1.06,4.67,73.68,70.91,9.01,0,,0,,0,0.0,0.0,0.0,,,0.08,,4.01,0.25,0.08,0.0,0.66,0,0.0
Lincoln,Lincoln Corrêa dos Santos,474973,Spartak Subotica,Spartak Subotica,https://cdn5.wyscout.com/photos/team/public/1956_120x120.png,Super Liga,CF,CF,100,,0,,0,25.0,2000-12-16,800000,2027-12-31,16,1093,4,2.14,1,1.7000000000000002,24.95,27.72,Brazil,['Brazil'],right,180,79,False,5.43,4.36,54.72,6.09,25.68,0.49,0.6000000000000001,0.08,2.55,3.12,1.07,1,0.08,0,0.0,1.56,0.33,4,0.33,0.18,1,0.08,16,1.32,50.0,25.0,0.08,0.33,50.0,0.25,66.67,0.08,0.0,0.0,1.4,41.18,10.29,19.2,2.31,0.41000000000000003,0.0,15.48,1.4,0.58,23.39,77.11,6.01,58.9,6.01,84.93,22.31,77.12,0.74,88.89,14.34,17.24,0.14,0.74,0.0,0.08,0.33,50.0,0.66,2.7199999999999998,75.76,1.32,43.75,0.25,33.33,1.15,0.16,2.7199999999999998,60.61,84.91,4.36,0,,0,,0,0.0,0.0,0.0,,,0.0,,6.09,0.08,0.08,0.0,0.0,0,0.0
B. Kostić,Bogdan Kostić,-439739,Partizan,Partizan,https://cdn5.wyscout.com/photos/team/public/699_120x120.png,Super Liga,"LW, LAMF",LW,69,LAMF,17,,0,19.0,2007-01-17,0,2027-06-30,25,1090,3,1.78,1,0.63,15.94,41.45,Serbia,['Serbia'],right,175,0,False,4.79,3.63,54.55,0.74,22.22,0.17,0.27,0.0,2.64,4.32,0.74,1,0.08,0,0.0,2.7199999999999998,0.25,3,0.25,0.15,0,0.0,22,1.82,45.45,13.636,0.08,1.57,26.32,1.49,27.78,0.08,0.0,0.33,3.22,46.15,9.99,40.5,2.9699999999999998,1.82,0.25,18.91,1.32,1.57,26.34,76.49,6.61,58.75,6.28,96.05,23.94,81.03,0.91,36.36,14.46,14.97,0.05,0.74,0.17,0.17,0.17,0.0,0.5,2.31,67.86,3.14,55.26,0.33,0.0,1.65,0.41000000000000003,4.21,78.43,75.0,7.6,0,,0,,0,0.0,0.0,0.0,,,0.17,,0.74,0.0,0.0,0.0,0.25,0,0.0
H. Ivanov,Hristo Ivanov,-125947,Vizela,Železničar Pancevo,https://cdn5.wyscout.com/photos/team/public/1547_120x120.png,Segunda Liga,"DMF, RCMF",DMF,64,RCMF,12,,0,25.0,2000-12-16,600000,2027-06-30,13,1089,0,0.38,0,0.53,15.45,52.41,Bulgaria,['Bulgaria'],right,187,68,False,9.26,8.43,64.71,1.57,36.84,0.08,0.11,0.33,3.7199999999999998,5.0,1.65,2,0.17,0,0.0,1.24,0.0,0,0.0,0.03,0,0.0,7,0.58,28.57,0.0,0.0,0.17,50.0,0.08,0.0,0.0,0.0,0.08,1.4,64.71,4.21,37.25,0.41000000000000003,0.74,0.0,24.38,0.08,0.8300000000000001,34.38,85.1,9.67,68.38,6.12,97.3,31.07,89.89,3.14,39.47,17.54,35.38,0.04,0.08,0.0,0.0,0.17,50.0,0.17,4.21,58.82,0.58,28.57,0.25,66.67,0.25,0.08,3.39,46.34,92.12,13.64,0,,0,,0,0.0,0.0,0.0,,,0.74,,1.57,0.0,0.0,0.0,0.0,0,0.0
V. Radočaj,Vladimir Radočaj,-77355,IMT Novi Beograd,IMT Novi Beograd,https://cdn5.wyscout.com/photos/team/public/g30905_120x120.png,Super Liga,"RW, RAMF, RWF",RW,42,RAMF,26,RWF,13,27.0,1998-12-24,1000000,2027-12-31,17,1087,0,0.98,1,2.14,23.6,37.89,Serbia,['Serbia'],right,176,73,False,7.37,9.19,50.45,3.89,17.02,0.5,0.62,0.08,2.24,2.8,2.98,4,0.33,1,0.08,4.14,0.0,0,0.0,0.08,0,0.0,11,0.91,27.27,0.0,0.08,6.04,31.51,0.0,0.0,6.04,31.51,1.16,2.5700000000000003,77.42,7.87,36.84,3.31,1.74,0.17,21.94,3.48,0.75,31.21,64.46,7.12,53.49,5.88,87.32,22.93,75.45,2.4,44.83,17.94,23.82,0.18,1.16,0.0,0.0,0.0,0.0,0.58,2.65,56.25,4.97,41.67,0.25,0.0,0.75,1.9,5.96,73.61,64.8,10.35,0,,0,,0,0.0,0.0,0.0,,,0.0,,3.89,0.0,0.0,0.0,0.0,0,0.0
G. Ariyibi,Gboly Ariyibi,325282,Radnički Niš,Radnički Niš,https://cdn5.wyscout.com/photos/team/public/g2850_120x120.png,Super Liga,"LW, CF, LWF",LW,55,CF,18,LWF,10,31.0,1995-01-18,150000,2026-06-30,15,1081,1,2.08,5,2.5300000000000002,24.06,38.06,United States,"['United States', 'Nigeria']",right,183,72,False,4.16,2.75,69.7,1.25,46.67,0.0,0.0,0.08,2.25,2.77,0.8300000000000001,0,0.0,0,0.0,3.16,0.08,0,0.0,0.17,0,0.0,14,1.17,28.57,7.143,0.42,1.83,40.91,1.33,43.75,0.42,40.0,0.33,4.83,43.1,17.65,33.96,1.75,2.66,0.17,11.91,1.58,3.0,17.07,76.1,3.58,81.4,3.66,81.82,14.15,81.76,1.08,61.54,15.18,16.08,0.21,1.67,0.0,0.0,0.0,0.0,1.08,1.9100000000000001,78.26,2.08,52.0,0.08,100.0,0.58,0.67,3.41,85.37,70.77,5.41,0,,0,,0,0.0,0.0,0.0,,,0.08,,1.25,0.33,0.0,0.0,1.17,1,100.0
S. Pedro,Simão Pedro,-655115,Železničar Pancevo,Železničar Pancevo,https://cdn5.wyscout.com/photos/team/public/g34577_120x120.png,Super Liga,"LW, RW, RWF",LW,36,RW,36,RWF,16,19.0,2006-08-31,0,,16,1076,2,1.8599999999999999,3,2.05,15.56,42.47,Angola,['Angola'],,0,0,False,4.77,3.6,65.12,2.26,22.22,0.08,0.12,0.0,2.34,3.31,0.59,0,0.0,0,0.0,4.43,0.17,2,0.17,0.16,0,0.0,22,1.8399999999999999,50.0,9.091,0.25,3.85,32.61,1.0,8.33,2.84,41.18,0.5,3.6,62.79,8.45,38.61,2.51,2.34,0.25,14.14,3.6,1.0,18.15,74.65,2.01,75.0,6.94,96.39,13.72,87.2,1.17,57.14,21.66,23.67,0.17,1.09,0.08,0.0,0.0,0.0,0.5,0.67,25.0,2.26,44.44,0.0,0.0,0.5,1.09,2.26,66.67,64.29,5.86,0,,0,,0,0.0,0.0,0.0,,,0.33,,2.26,0.0,0.0,0.0,2.17,0,0.0
M. Joksimović,Milan Joksimović,143788,Mladost Lučani,Mladost Lučani,https://cdn5.wyscout.com/photos/team/public/703_120x120.png,Super Liga,"LCB3, LCB",LCB3,75,LCB,15,,0,36.0,1990-02-09,250000,2026-06-30,14,1074,0,0.0,2,0.23,12.4,52.03,Serbia,['Serbia'],left,184,78,False,8.55,5.53,57.58,3.44,48.78,0.08,0.09,1.09,5.28,5.8,1.17,3,0.25,0,0.0,0.42,0.0,0,0.0,0.0,0,0.0,0,0.0,0.0,0.0,0.17,0.75,33.33,0.75,33.33,0.0,0.0,0.0,0.17,100.0,1.26,40.0,0.08,1.5899999999999999,0.34,24.22,0.5,0.75,36.96,78.68,21.45,69.53,2.77,96.97,29.75,86.48,6.45,48.05,18.05,29.05,0.02,0.17,0.0,0.25,0.0,0.0,0.17,7.12,61.18,1.17,42.86,0.59,42.86,0.25,0.25,10.31,66.67,93.97,9.72,0,,0,,0,0.0,0.0,0.0,,,1.51,,3.44,0.0,0.0,0.0,0.0,0,0.0
F. Boulaya,Farid Boulaya,237183,IMT Novi Beograd,IMT Novi Beograd,https://cdn5.wyscout.com/photos/team/public/g30905_120x120.png,Super Liga,"CF, LW, AMF",CF,36,LW,27,AMF,23,33.0,1993-02-25,2000000,,14,1073,2,1.83,1,1.42,11.66,40.29,France,"['France', 'Algeria']",right,180,70,False,3.19,2.94,60.0,1.26,13.33,0.08,0.12,0.0,1.34,1.94,0.59,2,0.17,0,0.0,3.1,0.17,2,0.17,0.15,0,0.0,23,1.9300000000000002,30.43,8.696,0.08,2.68,46.88,1.01,50.0,1.5899999999999999,42.11,0.25,2.68,46.88,6.46,35.06,1.9300000000000002,1.9300000000000002,0.17,29.78,1.9300000000000002,1.01,40.68,82.47,12.08,69.44,8.89,97.17,33.8,87.1,4.19,68.0,16.93,31.93,0.12,1.17,0.0,0.17,0.34,0.0,0.67,7.55,73.33,4.53,53.7,0.75,22.22,1.5899999999999999,1.17,7.13,89.41,85.53,12.75,0,,0,,0,0.0,0.0,0.0,,,0.34,,1.26,0.17,0.17,50.0,0.0,0,0.0
E. Prutsev,Egor Prutsev,-133781,OFK Beograd,OFK Beograd,https://cdn5.wyscout.com/photos/team/public/705_120x120.png,Super Liga,"LW, LCMF, LAMF",LW,25,LCMF,20,LAMF,14,23.0,2002-12-23,1000000,2027-06-30,18,1061,1,2.37,3,2.74,22.48,49.81,Russia,['Russia'],both,181,0,True,6.36,5.09,75.0,1.53,38.89,0.0,0.0,0.17,2.54,3.59,0.85,1,0.08,0,0.0,3.9,0.08,1,0.08,0.2,0,0.0,20,1.7000000000000002,30.0,5.0,0.25,2.29,33.33,1.87,36.36,0.42,20.0,0.42,5.43,48.44,12.81,43.71,4.16,3.8200000000000003,1.02,15.44,1.02,2.63,20.78,72.24,6.11,70.83,4.07,93.75,16.97,80.0,1.6099999999999999,42.11,18.02,20.32,0.23,1.44,0.0,0.08,0.08,0.0,0.42,3.14,62.16,2.54,33.33,0.17,0.0,0.85,0.85,3.22,89.47,67.06,7.21,0,,0,,0,0.0,0.0,0.0,,,0.0,,1.53,0.51,0.0,0.0,0.68,0,0.0
P. Sukacev,Petar Sukacev,-484152,Vojvodina,Vojvodina,https://cdn5.wyscout.com/photos/team/public/700_120x120.png,Super Liga,"RW, LB, RAMF",RW,31,LB,30,RAMF,17,20.0,2005-08-28,0,2029-06-30,16,1057,1,1.25,0,0.62,21.88,44.75,Serbia,['Serbia'],left,173,0,False,7.66,7.15,66.67,2.13,32.0,0.26,0.36,0.09,2.64,3.75,1.45,2,0.17,0,0.0,3.66,0.09,1,0.09,0.11,0,0.0,15,1.28,26.67,6.667,0.0,3.83,28.89,1.87,40.91,1.96,17.39,0.51,3.41,62.5,10.22,31.67,1.62,1.11,0.34,17.88,1.7000000000000002,0.77,27.08,72.64,7.32,68.6,5.96,90.0,19.16,85.33,4.34,52.94,19.68,34.67,0.05,0.43,0.0,0.0,0.09,100.0,0.17,2.81,57.58,3.83,46.67,0.26,66.67,0.9400000000000001,1.11,5.7,73.13,65.45,9.37,0,,0,,0,0.0,0.0,0.0,,,0.34,,2.13,0.0,0.0,0.0,0.17,0,0.0
N. Stanković,Nikola Stanković,-139941,Crvena Zvezda,Crvena Zvezda,https://cdn5.wyscout.com/photos/team/public/483_120x120.png,Super Liga,RB,RB,85,,0,,0,23.0,2003-04-24,0,2029-06-30,13,1052,1,0.85,1,2.39,14.12,58.18,Serbia,['Serbia'],right,181,75,False,8.73,6.5,63.16,2.05,41.67,0.43,0.79,0.09,4.19,7.78,1.11,0,0.0,0,0.0,2.48,0.09,1,0.09,0.07,0,0.0,9,0.77,44.44,11.111,0.09,4.02,44.68,0.0,0.0,4.02,44.68,0.6000000000000001,0.34,100.0,4.02,59.57,2.22,2.05,0.68,40.12,2.99,1.2,50.99,82.72,17.28,73.27,8.73,98.04,42.6,89.16,4.62,57.41,18.7,34.13,0.2,1.63,0.0,0.0,0.0,0.0,0.68,7.61,77.53,4.88,61.4,0.0,0.0,1.63,1.63,10.44,82.79,86.74,15.48,0,,0,,0,0.0,0.0,0.0,,,0.34,,2.05,0.0,0.0,0.0,0.0,0,0.0
M. Arnautović,Marko Arnautović,21018,Crvena Zvezda,Crvena Zvezda,https://cdn5.wyscout.com/photos/team/public/483_120x120.png,Super Liga,CF,CF,96,,0,,0,37.0,1989-04-19,4000000,2027-06-30,16,1040,7,6.21,7,3.38,16.53,39.79,Austria,"['Austria', 'Serbia']",right,192,83,False,2.25,2.6,60.0,2.51,34.48,0.09,0.16,0.0,0.61,1.1,0.9500000000000001,0,0.0,0,0.0,2.51,0.61,7,0.61,0.54,0,0.0,34,2.94,47.06,20.588,0.61,0.61,42.86,0.26,33.33,0.35000000000000003,50.0,0.0,0.87,80.0,9.17,38.68,6.06,0.78,0.0,21.63,3.12,1.56,26.57,78.18,5.88,64.71,6.14,81.69,24.58,80.63,1.38,50.0,14.61,19.19,0.29,1.99,0.26,0.09,0.35000000000000003,50.0,1.21,2.16,76.0,1.9,68.18,0.52,33.33,2.16,0.17,2.86,84.85,86.36,7.62,0,,0,,0,0.0,0.0,0.0,,,0.17,,2.51,0.0,0.0,0.0,0.0,0,0.0
N. Bukumira,Nikola  Bukumira,-483724,Radnički Kragujevac,Radnički Kragujevac,https://cdn5.wyscout.com/photos/team/public/g2849_120x120.png,Super Liga,"RCMF, LCMF, AMF",RCMF,30,LCMF,21,AMF,12,20.0,2005-09-07,0,2026-06-30,24,1036,0,0.99,0,0.52,18.5,47.42,Serbia,['Serbia'],unknown,0,0,False,7.73,5.5600000000000005,62.5,3.3,50.0,0.52,0.8300000000000001,0.09,3.74,5.92,0.96,3,0.26,0,0.0,2.17,0.0,0,0.0,0.09,0,0.0,12,1.04,33.33,0.0,0.0,1.22,50.0,0.35000000000000003,25.0,0.78,55.56,0.09,2.0,56.52,7.21,38.55,1.56,0.87,0.35000000000000003,14.94,0.78,0.78,23.72,78.39,7.04,65.43,4.52,92.31,21.89,81.35,0.6900000000000001,37.5,19.55,8.74,0.05,0.35000000000000003,0.0,0.0,0.09,100.0,0.17,1.65,73.68,1.04,58.33,0.17,50.0,0.61,0.26,2.35,59.26,81.71,7.12,0,,0,,0,0.0,0.0,0.0,,,0.52,,3.3,0.0,0.0,0.0,0.35000000000000003,0,0.0
A. Cisse,Aboubacar Cisse,-399346,Čukarički,Čukarički,https://cdn5.wyscout.com/photos/team/public/702_120x120.png,Super Liga,"RAMF, RWF",RAMF,63,RWF,12,,0,22.0,2004-02-20,0,2028-06-30,18,1036,4,3.79,1,1.21,23.46,51.11,Senegal,['Senegal'],,181,75,False,6.17,5.47,61.9,6.95,52.5,0.09,0.11,0.0,2.69,3.48,1.56,3,0.26,0,0.0,3.21,0.35000000000000003,4,0.35000000000000003,0.33,3,0.26,26,2.26,30.77,15.385,0.09,2.43,32.14,0.26,33.33,2.17,32.0,0.26,2.7800000000000002,62.5,7.91,43.96,3.74,1.74,0.26,11.03,2.35,1.22,18.76,58.33,5.47,41.27,5.5600000000000005,75.0,15.12,65.52,1.3900000000000001,18.75,16.32,21.23,0.1,0.61,0.0,0.0,0.09,0.0,0.43,2.52,44.83,1.9100000000000001,31.82,0.17,0.0,0.43,1.04,3.39,56.41,56.52,4.0,0,,0,,0,0.0,0.0,0.0,,,0.09,,6.95,0.0,0.0,0.0,0.0,0,0.0
S. Hajdin,Stefan Hajdin,492042,Budućnost,Napredak Kruševac,https://cdn5.wyscout.com/photos/team/public/1990_120x120.png,First League,"LWB, LW, LB5",LWB,49,LW,16,LB5,11,31.0,1994-04-15,800000,2027-06-30,18,1035,1,1.6800000000000002,0,0.68,17.83,43.9,Croatia,"['Croatia', 'Serbia']",left,188,79,False,6.78,4.7,46.3,6.96,51.25,0.09,0.12,0.09,4.52,6.07,0.96,2,0.17,0,0.0,2.0,0.09,1,0.09,0.15,0,0.0,12,1.04,33.33,8.333,0.0,2.52,34.48,2.17,36.0,0.26,0.0,0.43,1.57,50.0,4.61,35.85,3.04,1.13,0.09,18.61,1.22,0.96,29.3,73.89,10.7,63.41,6.7,97.4,24.26,81.72,2.52,37.93,19.63,26.8,0.06,0.78,0.09,0.09,0.0,0.0,0.09,4.43,60.78,3.13,52.78,0.17,50.0,1.22,0.78,6.0,66.67,69.89,8.09,0,,0,,0,0.0,0.0,0.0,,,0.26,,6.96,0.0,0.0,0.0,0.09,0,0.0
J. Milosavljevic,Jovan  Milosavljevic,-484209,Malmö FF,Železničar Pancevo,https://cdn5.wyscout.com/photos/team/public/645_120x120.png,Allsvenskan,"LCMF, AMF, LCMF3",LCMF,58,AMF,22,LCMF3,15,19.0,2007-02-08,0,,17,1031,2,1.24,1,0.84,17.28,48.99,Serbia,['Serbia'],right,186,0,False,4.89,4.63,52.83,2.5300000000000002,51.72,0.26,0.35000000000000003,0.09,2.18,2.95,0.79,0,0.0,0,0.0,2.79,0.17,2,0.17,0.11,1,0.09,21,1.83,42.86,9.524000000000001,0.09,1.31,20.0,1.13,23.08,0.17,0.0,0.17,2.62,66.67,8.12,49.46,2.18,3.06,0.61,18.86,1.05,1.92,26.45,77.89,8.73,70.0,5.94,94.12,23.31,83.52,2.01,47.83,17.92,23.71,0.07,0.52,0.0,0.0,0.0,0.0,0.17,3.58,63.41,1.22,42.86,0.09,0.0,0.52,0.17,3.93,57.78,78.26,8.03,0,,0,,0,0.0,0.0,0.0,,,0.26,,2.5300000000000002,0.0,0.0,0.0,0.0,0,0.0
B. Mboup,Babacar Mboup,-532929,Radnički Niš,Radnički Niš,https://cdn5.wyscout.com/photos/team/public/g2850_120x120.png,Super Liga,CF,CF,93,,0,,0,23.0,2002-11-20,0,2028-06-30,18,1029,2,2.84,0,0.71,23.53,27.88,Senegal,['Senegal'],unknown,0,0,False,2.54,1.8399999999999999,66.67,7.78,32.58,0.17,0.26,0.0,1.1400000000000001,1.69,1.57,3,0.26,1,0.09,1.4,0.17,2,0.17,0.25,0,0.0,14,1.22,42.86,14.286,0.0,0.35000000000000003,50.0,0.09,100.0,0.26,33.33,0.09,1.49,47.06,9.88,19.47,2.8,0.61,0.09,6.82,2.19,1.31,10.41,74.79,2.01,65.22,2.9699999999999998,82.35,9.71,74.77,0.35000000000000003,100.0,12.28,3.99,0.06,0.79,0.09,0.0,0.0,0.0,0.17,0.52,66.67,0.7000000000000001,62.5,0.0,0.0,0.44,0.17,1.4,56.25,71.43,3.06,0,,0,,0,0.0,0.0,0.0,,,0.09,,7.78,0.0,0.0,0.0,0.0,0,0.0
L. Djordjevic,Luka Djordjevic,-483980,Čukarički,Čukarički,https://cdn5.wyscout.com/photos/team/public/702_120x120.png,Super Liga,"LAMF, RAMF, CF",LAMF,45,RAMF,25,CF,20,20.0,2006-05-21,0,2027-06-30,19,1029,1,1.17,2,1.22,20.2,41.56,Serbia,['Serbia'],unknown,0,0,False,3.76,3.32,44.74,2.71,35.48,0.26,0.38,0.17,2.01,2.91,1.92,3,0.26,0,0.0,3.32,0.09,1,0.09,0.1,0,0.0,20,1.75,30.0,5.0,0.17,2.36,22.22,2.01,13.04,0.35000000000000003,75.0,0.17,3.59,63.41,11.02,41.27,2.9699999999999998,2.36,0.35000000000000003,11.55,1.57,2.54,17.84,63.73,3.24,40.54,4.9,94.64,14.52,72.89,1.05,25.0,19.13,16.41,0.11,0.87,0.0,0.0,0.17,0.0,0.7000000000000001,1.92,31.82,1.8399999999999999,52.38,0.17,0.0,0.61,0.52,2.62,53.33,61.54,5.69,0,,0,,0,0.0,0.0,0.0,,,0.0,,2.71,0.0,0.0,0.0,0.0,0,0.0
I. Mustapha,Ibrahim  Mustapha,-243830,Radnički Niš,Radnički Niš,https://cdn5.wyscout.com/photos/team/public/g2850_120x120.png,Super Liga,"CF, LAMF, RW",CF,37,LAMF,23,RW,12,25.0,2000-06-18,0,2028-06-30,24,1025,3,1.9100000000000001,0,0.88,19.23,32.42,Ghana,['Ghana'],right,180,75,True,5.18,4.74,57.41,4.48,23.53,0.44,0.62,0.18,2.02,2.84,1.32,4,0.35000000000000003,0,0.0,1.1400000000000001,0.26,2,0.18,0.17,0,0.0,10,0.88,30.0,30.0,0.0,0.79,33.33,0.35000000000000003,25.0,0.44,40.0,0.0,1.8399999999999999,28.57,8.34,25.26,1.76,0.61,0.35000000000000003,16.24,1.58,1.05,23.36,82.71,4.57,80.77,7.9,90.0,22.04,84.46,0.53,83.33,13.63,4.83,0.08,0.7000000000000001,0.09,0.0,0.09,100.0,0.44,1.23,78.57,1.05,83.33,0.09,100.0,0.7000000000000001,0.26,2.63,86.67,81.25,5.62,0,,0,,0,0.0,0.0,0.0,,,0.0,,4.48,0.0,0.0,0.0,0.18,1,100.0
M. Luković,Marko Luković,-256566,IMT Novi Beograd,IMT Novi Beograd,https://cdn5.wyscout.com/photos/team/public/g30905_120x120.png,Super Liga,"LB, RB",LB,60,RB,39,,0,22.0,2003-09-04,0,2027-06-30,15,1023,0,0.17,0,0.39,18.12,57.28,Serbia,['Serbia'],left,0,0,False,13.81,10.82,65.85,2.11,54.17,0.35000000000000003,0.45,0.26,6.33,8.18,1.1400000000000001,1,0.09,0,0.0,0.53,0.0,0,0.0,0.02,0,0.0,2,0.18,0.0,0.0,0.0,1.23,28.57,0.53,50.0,0.7000000000000001,12.5,0.09,0.44,40.0,3.43,38.46,0.62,1.06,0.0,22.35,0.7000000000000001,0.97,35.63,77.04,17.07,68.56,4.4,96.0,27.71,84.76,6.69,53.95,19.17,32.54,0.03,0.44,0.0,0.0,0.09,0.0,0.09,6.07,68.12,1.67,36.84,0.26,0.0,0.18,0.35000000000000003,8.27,61.7,83.5,9.06,0,,0,,0,0.0,0.0,0.0,,,0.09,,2.11,0.0,0.0,0.0,0.0,0,0.0
O. Krsmanović,Ognjen Krsmanović,-467265,Javor Ivanjica,Javor Ivanjica,https://cdn5.wyscout.com/photos/team/public/1255_120x120.png,Super Liga,"CF, AMF",CF,81,AMF,11,,0,21.0,2005-01-14,0,2027-06-15,14,1015,1,3.5300000000000002,0,0.17,19.77,34.08,Serbia,['Serbia'],right,178,0,False,3.55,3.99,48.89,6.47,26.03,0.09,0.1,0.18,1.51,1.6600000000000001,1.33,2,0.18,0,0.0,1.51,0.09,1,0.09,0.31,0,0.0,20,1.77,70.0,5.0,0.0,0.09,100.0,0.09,100.0,0.0,0.0,0.0,0.8,11.11,5.85,36.36,2.5700000000000003,0.27,0.0,9.31,0.71,1.8599999999999999,16.49,79.57,4.79,64.81,4.08,95.65,15.96,80.0,0.44,60.0,14.89,12.13,0.02,0.27,0.0,0.0,0.18,50.0,0.09,2.31,46.15,0.89,80.0,0.27,33.33,0.62,0.09,2.39,70.37,77.78,3.99,0,,0,,0,0.0,0.0,0.0,,,0.0,,6.47,0.0,0.0,0.0,0.0,0,0.0
A. Varjačić,Aleksandar Varjačić,136165,Mladost Lučani,Mladost Lučani,https://cdn5.wyscout.com/photos/team/public/703_120x120.png,Super Liga,"RB5, RWB",RB5,60,RWB,17,,0,35.0,1991-05-23,50000,2026-06-30,19,1007,1,1.6400000000000001,3,2.46,14.75,50.91,Serbia,['Serbia'],right,187,75,False,7.33,5.54,67.74,3.31,48.65,0.54,0.56,0.36,3.04,3.18,0.63,1,0.09,1,0.09,3.04,0.09,0,0.0,0.15,0,0.0,11,0.98,27.27,9.091,0.27,4.29,39.58,0.09,0.0,4.2,40.43,0.63,1.79,60.0,4.5600000000000005,39.22,1.7000000000000002,1.79,0.63,18.77,1.34,0.89,28.78,67.08,11.26,59.52,3.93,95.45,19.39,76.96,5.27,54.24,21.13,30.65,0.22,1.34,0.0,0.09,0.0,0.0,0.8,3.66,51.22,3.84,44.19,0.36,75.0,0.63,1.7000000000000002,8.58,64.58,65.98,8.67,0,,0,,0,0.0,0.0,0.0,,,0.36,,3.31,0.63,0.09,0.0,1.43,1,100.0
I. Hadžić,Irfan Hadžić,197127,Mladost Lučani,Mladost Lučani,https://cdn5.wyscout.com/photos/team/public/703_120x120.png,Super Liga,CF,CF,87,,0,,0,32.0,1993-06-15,300000,2026-06-30,30,1005,4,2.93,0,0.4,26.78,38.46,Bosnia and Herzegovina,['Bosnia and Herzegovina'],right,192,81,False,5.01,3.76,52.38,10.57,45.76,0.36,0.43,0.0,2.69,3.19,1.34,1,0.09,0,0.0,1.07,0.36,4,0.36,0.26,2,0.18,20,1.79,35.0,20.0,0.0,0.45,40.0,0.09,0.0,0.27,33.33,0.09,1.43,18.75,9.22,25.24,2.87,1.07,0.27,10.75,2.33,2.51,16.48,72.83,3.58,47.5,6.09,91.18,14.87,75.3,1.25,57.14,16.45,13.86,0.04,0.45,0.0,0.0,0.09,0.0,0.18,1.7000000000000002,52.63,0.99,36.36,0.18,50.0,0.72,0.09,1.16,92.31,75.0,3.22,0,,0,,0,0.0,0.0,0.0,,,0.0,,10.57,0.0,0.0,0.0,0.0,0,0.0
A. Shestyuk,Aleksandr  Shestyuk,-114506,Radnički Niš,Radnički Niš,https://cdn5.wyscout.com/photos/team/public/g2850_120x120.png,Super Liga,CF,CF,99,,0,,0,23.0,2002-06-05,275000,2028-06-30,14,999,8,7.54,0,0.16,14.59,32.1,Belarus,['Belarus'],right,188,88,False,2.07,1.26,64.29,7.3,38.27,0.0,0.0,0.27,1.26,1.65,1.17,0,0.0,0,0.0,1.35,0.72,5,0.45,0.68,1,0.09,20,1.8,60.0,40.0,0.0,0.27,33.33,0.0,0.0,0.27,33.33,0.0,0.45,40.0,3.42,21.05,3.15,0.45,0.0,8.56,1.62,0.36,12.25,72.79,1.8,50.0,5.68,84.13,11.8,74.05,0.18,50.0,15.61,4.49,0.01,0.45,0.0,0.0,0.0,0.0,0.18,0.54,16.67,0.36,50.0,0.0,0.0,0.27,0.0,0.45,40.0,73.53,3.06,0,,0,,0,0.0,0.0,0.0,,,0.0,,7.3,0.0,0.0,0.0,0.0,3,100.0
R. Jokić,Ranko Jokić,-40690,Radnički Niš,Radnički Niš,https://cdn5.wyscout.com/photos/team/public/g2850_120x120.png,Super Liga,"LCB, LCB3, LB",LCB,63,LCB3,21,LB,15,27.0,1999-04-22,250000,2026-06-30,13,997,0,0.06,1,0.0,12.73,68.09,Serbia,['Serbia'],left,186,73,False,7.76,5.69,73.02,4.24,76.6,0.0,0.0,0.45,3.61,4.72,0.81,1,0.09,0,0.0,0.45,0.0,0,0.0,0.01,0,0.0,1,0.09,100.0,0.0,0.09,0.72,50.0,0.72,50.0,0.0,0.0,0.0,0.09,0.0,1.35,33.33,0.36,1.26,0.0,32.77,0.72,0.72,47.48,83.46,20.49,72.25,2.71,93.33,38.82,89.3,8.12,58.89,20.78,35.03,0.0,0.0,0.0,0.0,0.0,0.0,0.18,6.68,60.81,1.17,46.15,0.36,25.0,0.27,0.18,10.02,68.47,93.83,20.49,0,,0,,0,0.0,0.0,0.0,,,1.44,,4.24,0.0,0.0,0.0,0.0,0,0.0
M. Cissé,Mohamed Cissé,-136485,Radnički Kragujevac,Radnički Kragujevac,https://cdn5.wyscout.com/photos/team/public/g2849_120x120.png,Super Liga,"LAMF, LW, RAMF",LAMF,25,LW,22,RAMF,19,25.0,2001-04-26,0,2028-06-30,13,995,0,0.96,1,1.19,24.42,48.89,France,"['France', 'Senegal']",,171,65,False,5.25,4.34,52.08,2.17,25.0,0.09,0.13,0.09,2.89,4.07,0.9,1,0.09,0,0.0,7.33,0.0,0,0.0,0.09,0,0.0,22,1.99,36.36,0.0,0.09,3.44,42.11,1.99,45.45,1.45,37.5,0.54,7.24,71.25,15.65,54.34,2.71,3.62,0.36,14.74,1.18,3.08,21.71,72.08,4.7,53.85,5.61,91.94,17.1,80.42,1.27,35.71,19.39,27.18,0.11,0.9,0.0,0.09,0.0,0.0,0.54,1.81,65.0,3.26,58.33,0.36,25.0,1.09,1.45,3.5300000000000002,76.92,70.11,7.87,0,,0,,0,0.0,0.0,0.0,,,0.0,,2.17,0.0,0.0,0.0,0.09,0,0.0
V. Savić,Vladimir Savić,-134464,Napredak Kruševac,Napredak Kruševac,https://cdn5.wyscout.com/photos/team/public/704_120x120.png,Super Liga,GK,GK,100,,0,,0,30.0,1996-03-12,450000,2026-05-31,11,982,0,0.0,0,0.0,0.27,66.67,Serbia,['Serbia'],right,190,83,False,1.92,0.0,0.0,0.09,100.0,0.0,0.0,0.0,1.92,2.31,0.09,1,0.09,0,0.0,0.0,0.0,0,0.0,0.0,0,0.0,0,0.0,0.0,0.0,0.0,0.0,0.0,0.0,0.0,0.0,0.0,0.0,0.0,0.0,0.0,0.0,0.0,0.0,0.0,11.0,0.09,0.09,18.97,83.57,11.27,74.8,0.0,0.0,8.62,97.87,10.36,71.68,32.89,44.18,0.0,0.0,0.0,0.0,0.09,0.0,0.0,1.01,72.73,0.09,0.0,0.0,0.0,0.0,0.0,7.79,74.12,96.1,7.06,18,1.65,48,4.4,0,62.5,17.61,1.6099999999999999,-0.39,-0.036000000000000004,0.0,1.19,0.09,,,,0.0,0,0.0
M. Dulić,Marin Dulić,-307319,Spartak Subotica,Spartak Subotica,https://cdn5.wyscout.com/photos/team/public/1956_120x120.png,Super Liga,GK,GK,100,,0,,0,22.0,2004-03-25,0,2028-05-31,10,977,0,0.0,0,0.0,0.8300000000000001,88.89,Serbia,['Serbia'],,195,82,False,1.47,0.09,100.0,0.74,87.5,0.0,0.0,0.0,1.38,1.8,0.09,1,0.09,0,0.0,0.0,0.0,0,0.0,0.0,0,0.0,0,0.0,0.0,0.0,0.0,0.0,0.0,0.0,0.0,0.0,0.0,0.0,0.0,0.0,0.0,0.0,0.0,0.0,0.0,6.08,0.0,0.0,11.88,71.32,8.57,62.37,0.0,0.0,5.25,94.74,6.63,52.78,33.71,43.8,0.0,0.0,0.0,0.0,0.0,0.0,0.0,0.46,40.0,0.09,0.0,0.09,0.0,0.0,0.0,4.88,62.26,93.33,2.76,15,1.38,48,4.42,2,68.75,14.87,1.37,-0.13,-0.012,0.0,2.58,0.74,,,,0.0,0,0.0
N. Zecević,Nikola Zecević,-387636,Železničar Pancevo,Železničar Pancevo,https://cdn5.wyscout.com/photos/team/public/g34577_120x120.png,Super Liga,"RCB, LCB",RCB,54,LCB,41,,0,21.0,2004-06-16,0,2027-12-31,14,970,0,0.0,0,0.0,10.67,55.65,Serbia,['Serbia'],right,190,78,False,8.54,4.45,60.42,3.71,67.5,0.28,0.45,0.93,5.57,8.91,1.67,4,0.37,1,0.09,0.0,0.0,0,0.0,0.0,0,0.0,0,0.0,0.0,0.0,0.0,0.0,0.0,0.0,0.0,0.0,0.0,0.0,0.09,0.0,0.56,33.33,0.0,0.65,0.0,52.89,0.28,0.09,66.8,91.81,23.2,82.8,3.62,97.44,61.14,96.51,5.66,40.98,24.25,32.29,0.0,0.0,0.0,0.0,0.0,0.0,0.0,5.66,55.74,0.74,37.5,0.46,40.0,0.19,0.0,6.96,72.0,97.1,35.16,0,,0,,0,0.0,0.0,0.0,,,2.13,,3.71,0.0,0.0,0.0,0.0,0,0.0
J. Jevremović,Janko Jevremović,-256540,Železničar Pancevo,Železničar Pancevo,https://cdn5.wyscout.com/photos/team/public/g34577_120x120.png,Super Liga,"RCMF, RW, LCMF",RCMF,31,RW,19,LCMF,15,21.0,2004-07-14,0,2027-06-30,27,961,3,1.87,0,0.21,22.29,44.54,Serbia,['Serbia'],left,181,74,False,6.65,6.93,56.76,2.34,28.0,0.56,0.87,0.28,2.15,3.35,2.06,4,0.37,0,0.0,2.5300000000000002,0.28,3,0.28,0.18,1,0.09,15,1.4,46.67,20.0,0.0,1.22,15.38,0.75,12.5,0.47000000000000003,20.0,0.09,3.09,51.52,10.49,45.54,2.06,2.25,0.19,19.76,0.9400000000000001,2.43,27.44,81.57,7.68,69.51,6.46,89.86,24.54,86.64,1.78,52.63,18.95,20.44,0.02,0.47000000000000003,0.0,0.09,0.09,100.0,0.19,4.78,76.47,1.78,42.11,0.19,100.0,0.75,0.09,4.21,82.22,82.88,10.4,0,,0,,0,0.0,0.0,0.0,,,0.56,,2.34,0.19,0.0,0.0,1.31,0,0.0
D. Pantelić,Dušan Pantelić,194691,Javor Ivanjica,Javor Ivanjica,https://cdn5.wyscout.com/photos/team/public/1255_120x120.png,Super Liga,"AMF, LCMF3, LCMF",AMF,43,LCMF3,16,LCMF,13,33.0,1993-04-15,150000,2026-06-30,22,960,1,2.46,1,0.72,16.13,45.93,Serbia,['Serbia'],right,170,64,False,7.31,6.0,48.44,3.47,37.84,0.66,0.78,0.38,3.75,4.44,2.25,2,0.19,0,0.0,1.31,0.09,0,0.0,0.23,0,0.0,14,1.31,35.71,7.143,0.09,0.9400000000000001,20.0,0.66,14.29,0.28,33.33,0.28,0.66,85.71,4.31,50.0,1.5899999999999999,0.09,0.0,17.72,1.4100000000000001,1.88,27.84,80.13,8.34,67.42,4.88,90.38,24.28,85.71,2.7199999999999998,51.72,18.95,23.39,0.07,0.38,0.0,0.0,0.19,50.0,0.19,3.75,65.0,0.9400000000000001,70.0,0.09,100.0,0.47000000000000003,0.19,4.03,62.79,87.5,9.75,0,,0,,0,0.0,0.0,0.0,,,0.38,,3.47,0.09,0.0,0.0,0.19,2,50.0
C. Lhernault,Clément Lhernault,-156453,Železničar Pancevo,Železničar Pancevo,https://cdn5.wyscout.com/photos/team/public/g34577_120x120.png,Super Liga,"RCMF, RCMF3",RCMF,62,RCMF3,15,,0,23.0,2003-02-13,0,2028-06-30,15,959,0,0.51,1,1.1,13.33,54.23,France,['France'],right,176,67,False,6.29,4.97,75.47,0.66,28.57,0.19,0.27,0.09,2.35,3.39,0.66,2,0.19,0,0.0,1.4100000000000001,0.0,0,0.0,0.05,0,0.0,6,0.56,0.0,0.0,0.09,1.03,36.36,0.19,50.0,0.84,33.33,0.38,1.6,58.82,5.72,44.26,0.38,1.88,0.28,36.88,0.28,1.4100000000000001,50.49,88.66,13.61,80.69,10.23,99.08,47.21,91.05,2.25,62.5,18.49,25.53,0.1,1.03,0.09,0.0,0.19,50.0,0.38,7.51,88.75,2.63,28.57,0.47000000000000003,20.0,0.75,0.19,6.38,79.41,88.84,21.02,0,,0,,0,0.0,0.0,0.0,,,1.4100000000000001,,0.66,0.9400000000000001,0.0,0.0,1.5,0,0.0
S. Singh,Sarpreet Singh,394070,Wellington Phoenix,Bačka Topola,https://cdn5.wyscout.com/photos/team/public/2334_120x120.png,A-League,"AMF, CF, RCMF",AMF,40,CF,23,RCMF,18,27.0,1999-02-20,500000,2027-06-30,15,945,2,1.73,1,1.6400000000000001,18.29,43.75,New Zealand,"['New Zealand', 'India']",left,177,70,True,4.67,5.43,49.12,1.81,31.58,0.19,0.29,0.19,1.81,2.77,1.71,4,0.38,0,0.0,3.14,0.19,2,0.19,0.16,0,0.0,25,2.38,28.0,8.0,0.1,2.1,36.36,0.86,22.22,1.1400000000000001,41.67,0.67,2.76,58.62,8.0,47.62,3.81,1.24,0.19,19.14,1.62,1.81,24.95,80.15,6.67,68.57,6.38,94.03,21.24,87.44,1.9,40.0,17.18,30.37,0.16,0.9500000000000001,0.0,0.0,0.19,50.0,0.48,2.5700000000000003,59.26,2.67,53.57,0.29,33.33,1.33,0.9500000000000001,3.24,82.35,82.61,6.57,0,,0,,0,0.0,0.0,0.0,,,0.0,,1.81,0.38,0.0,0.0,0.86,0,0.0
Ezequiel,Ezequiel Santos da Silva,492689,Spartak Subotica,Spartak Subotica,https://cdn5.wyscout.com/photos/team/public/1956_120x120.png,Super Liga,"CF, RW",CF,63,RW,12,,0,28.0,1998-03-09,450000,2027-06-30,13,945,1,0.97,2,1.17,18.29,48.44,Brazil,['Brazil'],right,167,66,False,6.57,5.62,64.41,1.71,22.22,0.1,0.11,0.1,2.86,3.35,1.1400000000000001,2,0.19,0,0.0,2.29,0.1,1,0.1,0.09,0,0.0,11,1.05,9.09,9.091,0.19,1.43,26.67,0.86,33.33,0.5700000000000001,16.67,0.1,2.86,56.67,9.05,46.32,1.81,1.81,0.38,26.1,1.24,2.0,35.52,74.8,10.95,64.35,8.0,88.1,32.57,78.95,1.52,31.25,15.62,20.85,0.11,0.86,0.19,0.0,0.29,66.67,0.48,4.0,61.9,2.67,39.29,0.76,37.5,0.9500000000000001,0.38,6.0,63.49,77.88,9.9,0,,0,,0,0.0,0.0,0.0,,,0.19,,1.71,0.0,0.0,0.0,0.1,0,0.0
V. Stojković,Vladimir Stojković,750,Čukarički,Čukarički,https://cdn5.wyscout.com/photos/team/public/702_120x120.png,Super Liga,GK,GK,100,,0,,0,42.0,1983-07-28,50000,2027-06-30,10,940,0,0.0,0,0.0,0.96,90.0,Serbia,['Serbia'],right,196,92,False,1.44,0.19,100.0,0.48,100.0,0.0,0.0,0.0,1.24,1.7000000000000002,0.0,3,0.29,0,0.0,0.0,0.0,0,0.0,0.0,0,0.0,0,0.0,0.0,0.0,0.0,0.0,0.0,0.0,0.0,0.0,0.0,0.0,0.0,0.0,0.29,66.67,0.0,0.0,0.0,8.43,0.19,0.29,14.55,85.53,8.14,75.29,0.0,0.0,9.38,100.0,5.07,60.38,28.92,40.03,0.0,0.0,0.0,0.0,0.0,0.0,0.0,0.77,37.5,0.1,0.0,0.19,0.0,0.0,0.0,3.93,68.29,100.0,5.94,18,1.72,47,4.5,0,61.7,12.5,1.2,-5.5,-0.527,0.0,1.15,0.48,,,,0.0,0,0.0
B. Adžić,Bojan Adžić,-303770,Radnički Kragujevac,Radnički Kragujevac,https://cdn5.wyscout.com/photos/team/public/g2849_120x120.png,Super Liga,RB,RB,92,,0,,0,22.0,2003-12-01,0,,14,939,2,1.74,0,0.48,18.59,43.81,Montenegro,"['Montenegro', 'Serbia']",right,177,73,False,9.01,8.53,51.69,3.35,48.57,0.48,0.72,0.29,4.12,6.2,1.82,6,0.58,0,0.0,2.2,0.19,2,0.19,0.17,1,0.1,14,1.34,28.57,14.286,0.0,2.3,41.67,0.1,0.0,2.2,43.48,0.0,1.92,45.0,4.6,33.33,1.73,0.96,0.19,18.4,0.86,0.19,28.08,76.79,10.06,62.86,4.41,100.0,23.58,84.15,2.4,40.0,17.5,21.05,0.05,0.29,0.0,0.0,0.0,0.0,0.29,2.01,61.9,2.11,40.91,0.1,0.0,0.38,0.77,5.65,55.93,82.05,7.48,0,,0,,0,0.0,0.0,0.0,,,0.48,,3.35,0.0,0.0,0.0,0.0,0,0.0
J. Tiendrébéogo,Wendkuuni Josué Tiendrébéogo,-619722,IMT Novi Beograd,IMT Novi Beograd,https://cdn5.wyscout.com/photos/team/public/g30905_120x120.png,Super Liga,LCMF,LCMF,91,,0,,0,23.0,2002-11-21,0,2026-06-30,13,936,0,0.27,0,0.58,18.94,46.7,Burkina Faso,['Burkina Faso'],right,169,65,False,7.12,8.85,52.17,2.6,37.04,0.19,0.26,0.19,2.31,3.16,3.46,4,0.38,0,0.0,1.73,0.0,0,0.0,0.03,0,0.0,13,1.25,23.08,0.0,0.0,0.38,25.0,0.1,0.0,0.29,33.33,0.1,1.44,73.33,4.9,43.14,0.77,0.38,0.0,23.17,0.1,0.96,36.44,79.68,12.21,63.78,5.29,90.91,29.71,85.44,6.35,56.06,18.32,31.91,0.06,0.29,0.0,0.0,0.29,100.0,0.1,7.79,60.49,1.63,41.18,0.48,60.0,0.67,0.1,6.15,81.25,85.11,13.56,0,,0,,0,0.0,0.0,0.0,,,0.67,,2.6,0.38,0.19,50.0,0.48,0,0.0
M. Velicković,Marko Velicković,-155286,Vojvodina,Vojvodina,https://cdn5.wyscout.com/photos/team/public/700_120x120.png,Super Liga,AMF,AMF,79,,0,,0,21.0,2004-10-12,0,2028-06-30,21,934,4,4.86,4,2.16,15.13,38.85,Serbia,['Serbia'],right,176,70,False,4.14,4.63,64.58,1.45,13.33,0.19,0.30000000000000004,0.0,0.96,1.48,0.77,2,0.19,0,0.0,3.37,0.39,3,0.29,0.47000000000000003,1,0.1,31,2.99,45.16,12.903,0.39,1.16,41.67,0.48,40.0,0.58,33.33,0.58,2.51,61.54,7.42,33.77,4.05,1.45,0.1,19.18,1.25,0.96,23.8,72.87,7.03,50.68,5.59,94.83,21.01,76.61,1.6400000000000001,47.06,16.32,16.89,0.21,0.87,0.0,0.1,0.39,0.0,1.16,3.37,48.57,2.22,21.74,0.58,0.0,1.25,0.39,3.5700000000000003,64.86,75.38,6.26,0,,0,,0,0.0,0.0,0.0,,,0.0,,1.45,0.0,0.0,0.0,0.1,1,100.0
O. Lebi,Oriyomi Ahmed Lebi,-621798,IMT Novi Beograd,IMT Novi Beograd,https://cdn5.wyscout.com/photos/team/public/g30905_120x120.png,Super Liga,CF,CF,100,,0,,0,19.0,2006-07-02,0,2027-06-30,17,933,2,4.31,2,1.7000000000000002,33.76,34.86,Nigeria,['Nigeria'],both,0,0,False,4.24,4.34,66.67,8.2,21.18,0.0,0.0,0.1,1.35,2.19,2.51,3,0.29,0,0.0,3.47,0.19,2,0.19,0.42,1,0.1,23,2.22,56.52,8.696,0.19,0.68,57.14,0.0,0.0,0.48,40.0,0.1,2.32,66.67,13.31,36.23,4.92,0.58,0.1,8.87,1.54,2.8,17.75,73.91,4.63,52.08,4.05,88.1,16.3,76.33,0.87,33.33,13.86,13.22,0.16,1.06,0.0,0.0,0.39,75.0,0.58,1.9300000000000002,40.0,1.25,53.85,0.48,60.0,1.06,0.29,1.6400000000000001,70.59,78.57,4.05,0,,0,,0,0.0,0.0,0.0,,,0.0,,8.2,0.0,0.0,0.0,0.0,0,0.0
Evandro,Evandro da Silva,410058,Radnički Kragujevac,Radnički Kragujevac,https://cdn5.wyscout.com/photos/team/public/g2849_120x120.png,Super Liga,"LAMF, LW, CF",LAMF,34,LW,16,CF,14,29.0,1997-01-14,200000,2026-06-30,15,924,0,1.2,1,0.92,23.77,38.52,Brazil,['Brazil'],right,174,71,False,5.65,5.65,50.0,5.55,31.58,0.39,0.58,0.1,2.44,3.61,2.24,2,0.19,0,0.0,1.85,0.0,0,0.0,0.12,0,0.0,8,0.78,25.0,0.0,0.1,0.78,37.5,0.19,0.0,0.58,50.0,0.0,2.34,54.17,8.86,38.46,2.34,1.3599999999999999,0.19,16.95,1.3599999999999999,2.24,23.67,74.9,6.53,55.22,6.33,93.85,21.33,76.71,1.56,68.75,16.59,24.9,0.09,0.78,0.0,0.0,0.19,50.0,0.49,2.8200000000000003,68.97,1.56,50.0,0.39,75.0,1.07,0.29,4.38,51.11,71.43,6.82,0,,0,,0,0.0,0.0,0.0,,,0.0,,5.55,0.0,0.0,0.0,0.0,0,0.0
Milson,Felício Mendes João Milson,485284,Crvena Zvezda,Crvena Zvezda,https://cdn5.wyscout.com/photos/team/public/483_120x120.png,Super Liga,"RW, LAMF, RAMF",RW,25,LAMF,24,RAMF,23,26.0,1999-10-12,4000000,2028-06-30,14,918,1,3.24,5,2.18,23.43,48.12,Angola,"['Angola', 'Portugal']",right,170,66,False,4.02,4.61,63.83,1.57,25.0,0.0,0.0,0.2,1.08,2.23,0.98,1,0.1,0,0.0,7.35,0.1,1,0.1,0.32,0,0.0,32,3.14,28.13,3.125,0.49,5.2,32.08,2.84,41.38,2.25,21.74,1.18,7.84,55.0,15.98,45.4,5.0,5.29,0.39,28.63,1.96,2.25,36.76,74.13,10.69,66.06,8.04,92.68,29.61,83.77,2.06,38.1,17.27,23.99,0.21,1.96,0.1,0.1,0.78,62.5,0.59,3.43,54.29,5.98,49.18,0.78,50.0,2.16,1.47,6.76,79.71,65.31,9.61,0,,0,,0,0.0,0.0,0.0,,,0.1,,1.57,0.1,0.0,0.0,0.98,1,0.0
S. Polter,Sebastian Polter,54321,Partizan,Partizan,https://cdn5.wyscout.com/photos/team/public/699_120x120.png,Super Liga,CF,CF,94,,0,,0,35.0,1991-04-01,500000,2027-06-30,17,908,2,4.72,2,0.49,20.72,42.58,Germany,['Germany'],right,192,94,False,1.98,1.78,55.56,6.54,54.55,0.1,0.18,0.0,0.89,1.5899999999999999,1.69,1,0.1,0,0.0,1.3900000000000001,0.2,2,0.2,0.47000000000000003,0,0.0,17,1.69,52.94,11.765,0.2,0.2,0.0,0.1,0.0,0.1,0.0,0.0,0.79,62.5,7.83,35.44,3.87,0.6900000000000001,0.1,11.0,1.5899999999999999,1.78,16.26,76.22,3.37,61.76,4.86,91.84,15.96,77.02,0.1,100.0,13.43,0.92,0.05,0.89,0.1,0.1,0.0,0.0,0.5,1.78,61.11,0.6900000000000001,57.14,0.0,0.0,0.99,0.0,1.78,83.33,80.0,3.47,0,,0,,0,0.0,0.0,0.0,,,0.4,,6.54,0.0,0.0,0.0,0.0,0,0.0
M. Milosavić,Mihajlo Milosavić,-155294,Bačka Topola,Bačka Topola,https://cdn5.wyscout.com/photos/team/public/g19686_120x120.png,Super Liga,"CF, AMF",CF,45,AMF,38,,0,21.0,2004-07-14,0,2026-06-30,22,893,4,3.96,2,1.42,17.03,36.69,Serbia,['Serbia'],right,178,0,False,4.94,4.94,61.22,3.63,27.78,0.2,0.31,0.1,1.71,2.63,1.71,0,0.0,0,0.0,2.02,0.4,4,0.4,0.4,1,0.1,28,2.8200000000000003,35.71,14.286,0.2,1.11,9.09,1.01,10.0,0.1,0.0,0.0,1.4100000000000001,57.14,5.44,27.78,3.73,1.01,0.1,20.46,1.6099999999999999,0.30000000000000004,28.52,77.74,7.05,60.0,6.55,93.85,26.71,81.13,0.81,50.0,17.0,10.64,0.14,0.71,0.0,0.0,0.30000000000000004,33.33,0.30000000000000004,4.94,67.35,1.71,52.94,0.2,50.0,1.21,0.1,3.33,81.82,82.98,9.47,0,,0,,0,0.0,0.0,0.0,,,0.1,,3.63,0.30000000000000004,0.0,0.0,1.81,0,0.0
Moustapha Fall,Mame Moustapha Fall,-536616,OFK Beograd,OFK Beograd,https://cdn5.wyscout.com/photos/team/public/705_120x120.png,Super Liga,"LCB3, RCB3, LCB",LCB3,39,RCB3,28,LCB,25,20.0,2005-06-03,0,2028-06-30,11,893,0,0.04,0,0.2,12.9,57.03,Senegal,['Senegal'],unknown,0,0,False,8.77,5.44,61.11,3.33,60.61,1.11,1.76,0.4,4.33,6.9,1.01,2,0.2,0,0.0,0.30000000000000004,0.0,0,0.0,0.0,0,0.0,3,0.30000000000000004,0.0,0.0,0.0,0.1,100.0,0.1,100.0,0.0,0.0,0.0,0.2,100.0,1.71,41.18,0.30000000000000004,0.6000000000000001,0.0,28.22,0.91,1.01,43.03,83.61,18.75,72.58,4.84,89.58,38.8,88.31,4.13,39.02,20.97,38.89,0.02,0.1,0.0,0.0,0.0,0.0,0.1,6.55,69.23,0.30000000000000004,33.33,0.1,0.0,0.0,0.1,9.98,63.64,95.57,15.92,0,,0,,0,0.0,0.0,0.0,,,3.43,,3.33,0.1,0.0,0.0,0.0,0,0.0
N. Mirković,Nikola Mirković,104990,Sogdiana,Čukarički,https://cdn5.wyscout.com/photos/team/public/4221_120x120.png,Super League,GK,GK,100,,0,,0,34.0,1991-07-26,250000,2026-12-15,9,889,0,0.0,0,0.0,0.51,80.0,Serbia,['Serbia'],right,193,83,False,1.42,0.2,50.0,0.2,100.0,0.0,0.0,0.0,1.32,1.97,0.0,1,0.1,0,0.0,0.0,0.0,0,0.0,0.0,0,0.0,0,0.0,0.0,0.0,0.0,0.0,0.0,0.0,0.0,0.0,0.0,0.0,0.0,0.0,0.0,0.0,0.0,0.0,0.0,12.76,0.51,0.0,19.44,84.9,12.55,76.61,0.0,0.0,9.92,96.94,9.52,72.34,35.7,49.14,0.0,0.0,0.0,0.0,0.0,0.0,0.0,3.04,63.33,0.30000000000000004,0.0,0.30000000000000004,0.0,0.0,0.0,7.59,84.0,100.0,6.38,16,1.62,58,5.87,1,72.41,15.43,1.56,-0.5700000000000001,-0.058,0.0,0.71,0.2,,,,0.0,0,0.0
M. Bajo,Mahmudu Bajo,-413994,Crvena Zvezda,Crvena Zvezda,https://cdn5.wyscout.com/photos/team/public/483_120x120.png,Super Liga,"RCMF, LDMF, RDMF",RCMF,51,LDMF,17,RDMF,15,21.0,2004-08-15,0,2029-06-30,17,889,1,1.69,1,0.6900000000000001,18.63,55.98,Gambia,['Gambia'],right,184,66,False,7.39,5.87,65.52,3.04,73.33,0.2,0.39,0.61,3.34,6.51,1.62,0,0.0,0,0.0,1.72,0.1,1,0.1,0.17,0,0.0,15,1.52,40.0,6.667,0.1,0.61,33.33,0.1,100.0,0.51,20.0,0.0,1.72,47.06,7.09,48.57,1.11,0.61,0.0,39.79,0.2,1.32,58.52,87.37,17.92,74.01,7.69,98.68,52.34,91.1,5.57,58.18,19.18,24.78,0.07,0.71,0.0,0.0,0.1,100.0,0.30000000000000004,10.83,74.77,1.92,52.63,0.71,71.43,1.01,0.1,9.01,85.39,91.83,26.02,0,,0,,0,0.0,0.0,0.0,,,1.01,,3.04,0.0,0.0,0.0,0.0,0,0.0
O. Thill,Olivier Thill,407955,IMT Novi Beograd,IMT Novi Beograd,https://cdn5.wyscout.com/photos/team/public/g30905_120x120.png,Super Liga,"LCMF, AMF, RCMF",LCMF,43,AMF,27,RCMF,13,29.0,1996-12-17,800000,,13,888,2,1.07,1,0.36,19.26,42.63,Luxembourg,['Luxembourg'],right,176,76,False,6.69,5.27,63.46,4.46,40.91,0.30000000000000004,0.38,0.2,3.04,3.7800000000000002,1.11,0,0.0,0,0.0,1.22,0.2,2,0.2,0.11,0,0.0,21,2.13,33.33,9.524000000000001,0.1,0.30000000000000004,33.33,0.1,0.0,0.2,50.0,0.0,0.91,44.44,6.99,30.43,1.22,0.71,0.2,27.67,1.82,1.22,43.07,81.41,12.47,66.67,10.64,92.38,38.72,82.46,4.05,75.0,18.65,31.39,0.04,0.51,0.0,0.0,0.1,0.0,0.30000000000000004,6.99,68.12,1.72,47.06,0.1,0.0,0.71,0.1,5.98,72.88,85.03,14.9,0,,0,,0,0.0,0.0,0.0,,,0.81,,4.46,0.41000000000000003,0.1,0.0,0.2,0,0.0
Honi Uzuegbunam,John Mary Honi Uzuegbunam,396717,Vojvodina,Vojvodina,https://cdn5.wyscout.com/photos/team/public/700_120x120.png,Super Liga,CF,CF,98,,0,,0,33.0,1993-03-09,375000,2027-06-30,24,863,6,4.04,1,0.75,26.49,31.5,Nigeria,"['Nigeria', 'Cameroon']",right,186,82,False,1.98,1.98,68.42,8.34,38.75,0.0,0.0,0.1,0.63,0.97,0.63,1,0.1,0,0.0,1.77,0.63,4,0.42,0.42,2,0.21,25,2.61,44.0,20.0,0.1,0.9400000000000001,11.11,0.21,0.0,0.73,14.29,0.42,2.19,23.81,11.89,18.42,4.17,0.73,0.21,8.55,1.56,1.46,12.83,67.48,3.13,46.67,3.02,93.1,11.26,72.22,0.63,66.67,13.92,7.07,0.08,0.73,0.1,0.1,0.0,0.0,0.31,1.77,58.82,1.25,16.67,0.0,0.0,0.73,0.1,1.3599999999999999,84.62,65.71,3.65,0,,0,,0,0.0,0.0,0.0,,,0.0,,8.34,0.0,0.0,0.0,0.0,1,100.0
U. Lazić,Uroš Lazić,-153354,OFK Beograd,OFK Beograd,https://cdn5.wyscout.com/photos/team/public/705_120x120.png,Super Liga,"RB, RWB, RW",RB,57,RWB,14,RW,13,23.0,2003-03-15,0,2027-06-30,17,863,0,0.02,0,0.6900000000000001,12.51,50.0,Serbia,['Serbia'],right,175,68,False,8.97,7.2,57.97,1.15,36.36,0.21,0.31,0.42,4.59,6.84,1.46,3,0.31,0,0.0,0.9400000000000001,0.0,0,0.0,0.0,0,0.0,1,0.1,0.0,0.0,0.0,2.71,23.08,0.31,0.0,2.4,26.09,0.42,0.9400000000000001,33.33,2.29,31.82,0.8300000000000001,0.63,0.21,21.9,1.67,0.8300000000000001,31.7,72.37,11.47,58.18,5.53,98.11,24.19,84.91,4.8,36.96,18.06,20.59,0.07,0.42,0.1,0.0,0.0,0.0,0.1,4.38,54.76,2.92,32.14,0.0,0.0,0.31,0.63,5.84,60.71,72.55,10.64,0,,0,,0,0.0,0.0,0.0,,,0.42,,1.15,0.1,0.0,0.0,0.0,0,0.0
M. Kosanović,Miloš Kosanović,137394,Železničar Pancevo,Železničar Pancevo,https://cdn5.wyscout.com/photos/team/public/g34577_120x120.png,Super Liga,LCB,LCB,100,,0,,0,35.0,1990-05-28,300000,2027-06-30,10,860,1,0.38,0,0.61,10.67,57.84,Serbia,['Serbia'],left,191,85,False,5.65,4.4,54.76,4.08,61.54,0.0,0.0,0.31,3.24,4.51,1.26,0,0.0,0,0.0,0.63,0.1,1,0.1,0.04,0,0.0,4,0.42,25.0,25.0,0.0,0.63,83.33,0.63,83.33,0.0,0.0,0.21,0.0,0.0,0.31,33.33,0.0,0.21,0.0,46.15,0.0,0.21,59.65,88.6,22.92,74.89,3.98,100.0,50.13,95.41,8.9,50.59,25.17,49.54,0.06,0.52,0.0,0.0,0.0,0.0,0.1,7.22,52.17,1.3599999999999999,46.15,0.84,12.5,0.21,0.52,9.31,80.9,96.48,29.72,0,,0,,0,0.0,0.0,0.0,,,2.09,,4.08,0.9400000000000001,0.42,25.0,1.47,0,0.0
M. Pantović,Miloš Pantović,307120,OFK Beograd,OFK Beograd,https://cdn5.wyscout.com/photos/team/public/705_120x120.png,Super Liga,"RCMF3, LDMF",RCMF3,24,LDMF,14,,0,29.0,1996-07-07,800000,2027-06-30,18,857,0,0.55,0,0.18,15.75,47.33,Germany,"['Germany', 'Serbia']",right,186,77,False,7.88,7.14,54.41,1.79,52.94,0.53,0.8200000000000001,0.11,3.47,5.41,2.63,4,0.42,0,0.0,1.26,0.0,0,0.0,0.06,0,0.0,12,1.26,25.0,0.0,0.0,1.26,33.33,0.42,75.0,0.84,12.5,0.32,0.74,71.43,4.62,31.82,1.37,0.9500000000000001,0.21,25.41,0.63,1.47,36.76,80.0,11.24,66.36,9.03,93.02,32.14,84.97,3.36,50.0,16.29,19.71,0.02,0.32,0.0,0.0,0.21,0.0,0.0,4.31,56.1,1.6800000000000002,50.0,0.32,0.0,0.74,0.53,5.15,59.18,81.05,9.98,0,,0,,0,0.0,0.0,0.0,,,0.63,,1.79,0.21,0.0,0.0,0.21,0,0.0
V. Kotzebue,Vieiri Kotzebue,-275319,Novi Pazar,Novi Pazar,https://cdn5.wyscout.com/photos/team/public/3838_120x120.png,Super Liga,CF,CF,100,,0,,0,23.0,2002-08-31,150000,2028-06-30,16,853,3,3.27,0,0.6900000000000001,23.32,34.84,Netherlands,"['Netherlands', 'Suriname']",right,170,61,False,2.85,2.64,52.0,8.34,39.24,0.11,0.13,0.11,1.37,1.63,1.27,0,0.0,0,0.0,1.16,0.32,3,0.32,0.34,0,0.0,13,1.37,53.85,23.077,0.0,0.42,75.0,0.11,100.0,0.21,50.0,0.0,1.48,7.14,7.6,26.39,2.95,0.32,0.11,8.23,1.9,1.27,13.4,77.95,2.85,44.44,5.38,92.16,12.56,79.83,0.53,40.0,15.54,7.74,0.07,0.63,0.0,0.0,0.11,0.0,0.32,2.0,31.58,0.63,33.33,0.11,0.0,0.42,0.11,0.84,50.0,76.67,3.17,0,,0,,0,0.0,0.0,0.0,,,0.0,,8.34,0.0,0.0,0.0,0.0,0,0.0
J. Manev,Jovan Manev,-274124,Novi Pazar,Novi Pazar,https://cdn5.wyscout.com/photos/team/public/3838_120x120.png,Super Liga,"RCB, CB, LCB",RCB,37,CB,26,LCB,22,25.0,2001-01-25,600000,2027-06-30,12,839,0,0.39,0,0.33,14.37,57.46,North Macedonia,['North Macedonia'],right,186,78,True,6.44,5.79,57.41,4.18,56.41,0.0,0.0,0.21,3.11,3.8200000000000003,1.5,3,0.32,0,0.0,0.54,0.0,0,0.0,0.04,0,0.0,6,0.64,66.67,0.0,0.0,0.0,0.0,0.0,0.0,0.0,0.0,0.0,0.11,0.0,2.04,63.16,0.86,1.29,0.11,21.35,0.11,0.86,31.64,83.39,12.87,69.17,2.68,100.0,26.5,89.07,5.15,54.17,22.11,38.34,0.04,0.21,0.0,0.0,0.11,100.0,0.11,3.65,61.76,0.64,50.0,0.32,66.67,0.32,0.0,6.65,64.52,94.44,13.52,0,,0,,0,0.0,0.0,0.0,,,2.15,,4.18,0.0,0.0,0.0,0.0,0,0.0
E. Quarshie,Emmanuel Quarshie,-726530,Radnik Surdulica,Radnik Surdulica,https://cdn5.wyscout.com/photos/team/public/g6756_120x120.png,Super Liga,"RAMF, RW",RAMF,57,RW,36,,0,19.0,2007-04-29,0,2029-06-30,14,821,0,0.49,1,0.71,21.49,44.39,Ghana,['Ghana'],,0,0,False,6.58,7.13,67.69,1.75,37.5,0.22,0.28,0.0,1.53,1.98,1.1,2,0.22,0,0.0,2.3,0.0,0,0.0,0.05,0,0.0,11,1.21,18.18,0.0,0.11,3.07,10.71,0.66,16.67,2.41,9.09,0.22,4.93,35.56,10.41,33.68,1.6400000000000001,2.19,0.44,11.73,1.8599999999999999,1.32,18.31,61.08,4.49,63.41,4.06,83.78,14.36,72.52,1.1,40.0,19.63,19.24,0.08,1.1,0.0,0.0,0.0,0.0,0.33,0.99,66.67,3.4,32.26,0.0,0.0,0.99,0.33,3.18,68.97,48.08,5.7,0,,0,,0,0.0,0.0,0.0,,,0.0,,1.75,0.0,0.0,0.0,0.11,0,0.0
A. Stojković,Arandjel Stojković,322138,Partizan,Partizan,https://cdn5.wyscout.com/photos/team/public/699_120x120.png,Super Liga,"LB, RB",LB,76,RB,21,,0,31.0,1995-03-02,1300000,2026-06-30,16,820,1,0.34,1,0.58,13.5,48.78,Serbia,['Serbia'],right,182,80,False,8.01,7.13,55.38,1.32,58.33,0.22,0.34,0.44,3.84,6.0,1.21,2,0.22,0,0.0,0.99,0.11,1,0.11,0.04,0,0.0,5,0.55,40.0,20.0,0.11,0.44,75.0,0.33,66.67,0.11,100.0,0.0,0.66,66.67,3.18,48.28,0.99,0.44,0.0,29.96,0.77,0.77,37.98,81.5,18.55,75.15,4.83,93.18,33.26,86.47,4.28,43.59,15.44,23.37,0.06,0.44,0.0,0.11,0.0,0.0,0.33,6.15,69.64,1.54,57.14,0.11,0.0,0.66,0.22,9.77,70.79,85.11,10.32,0,,0,,0,0.0,0.0,0.0,,,0.77,,1.32,0.11,0.0,0.0,0.0,0,0.0
E. Julius Opara,Ejike  Julius Opara,-523213,Vitória Guimarães,Novi Pazar,https://cdn5.wyscout.com/photos/team/public/160_120x120.png,Primeira Liga,"CF, RAMF, RW",CF,47,RAMF,24,RW,21,20.0,2005-07-05,0,,14,819,2,3.07,2,0.86,23.74,41.67,Nigeria,['Nigeria'],right,178,0,False,5.82,6.04,69.09,3.08,39.29,0.0,0.0,0.11,1.65,2.3,1.76,0,0.0,0,0.0,2.09,0.22,2,0.22,0.34,1,0.11,14,1.54,28.57,14.286,0.22,1.32,58.33,0.0,0.0,1.32,58.33,0.33,1.43,61.54,10.0,31.87,2.5300000000000002,0.99,0.0,9.78,1.54,1.43,16.7,77.63,2.9699999999999998,59.26,4.62,90.48,14.73,81.34,0.66,33.33,15.36,9.68,0.09,0.77,0.0,0.0,0.0,0.0,0.55,1.1,50.0,1.43,53.85,0.0,0.0,0.77,0.77,1.98,66.67,81.4,4.73,0,,0,,0,0.0,0.0,0.0,,,0.22,,3.08,0.0,0.0,0.0,0.0,0,0.0
V. Tasovski,Vasil Tasovski,-483736,Napredak Kruševac,Napredak Kruševac,https://cdn5.wyscout.com/photos/team/public/704_120x120.png,Super Liga,"LW, RW, RAMF",LW,30,RW,20,RAMF,14,19.0,2007-03-11,0,,12,818,0,1.62,0,0.37,17.05,37.42,Serbia,['Serbia'],unknown,0,0,False,5.06,4.29,43.59,2.5300000000000002,21.74,0.22,0.26,0.11,2.9699999999999998,3.46,1.21,2,0.22,0,0.0,2.09,0.0,0,0.0,0.18,0,0.0,11,1.21,27.27,0.0,0.0,0.99,33.33,0.33,66.67,0.66,16.67,0.11,3.3,43.33,8.69,39.24,2.09,1.65,0.11,14.63,1.54,1.54,21.56,77.04,5.94,57.41,6.38,91.38,19.47,81.92,1.21,36.36,17.22,14.36,0.04,0.66,0.0,0.0,0.11,0.0,0.33,1.1,50.0,1.32,16.67,0.33,0.0,0.55,0.11,3.08,46.43,79.07,4.73,0,,0,,0,0.0,0.0,0.0,,,0.0,,2.5300000000000002,0.0,0.0,0.0,0.0,0,0.0
V. Kiankaulua,Vicky Kiankaulua,-133567,IMT Novi Beograd,IMT Novi Beograd,https://cdn5.wyscout.com/photos/team/public/g30905_120x120.png,Super Liga,"RW, LW, RB",RW,41,LW,16,RB,15,24.0,2001-08-03,0,2026-06-30,22,816,0,0.09,1,0.5700000000000001,19.63,42.7,France,['France'],right,185,0,False,6.07,5.07,63.04,2.1,21.05,0.11,0.14,0.22,2.76,3.52,1.43,2,0.22,0,0.0,3.9699999999999998,0.0,0,0.0,0.01,0,0.0,2,0.22,50.0,0.0,0.11,3.75,32.35,0.88,62.5,2.87,23.08,0.22,3.86,68.57,10.48,42.11,1.99,3.64,0.55,14.12,1.88,0.99,21.95,72.86,5.07,63.04,5.51,96.0,16.76,86.18,1.65,33.33,19.16,15.55,0.06,0.55,0.0,0.0,0.0,0.0,0.55,1.54,64.29,2.76,32.0,0.11,0.0,0.55,0.88,3.2,82.76,72.31,7.17,0,,0,,0,0.0,0.0,0.0,,,0.33,,2.1,0.0,0.0,0.0,0.0,0,0.0
M. Rodić,Milan Rodić,90105,OFK Beograd,OFK Beograd,https://cdn5.wyscout.com/photos/team/public/705_120x120.png,Super Liga,"LCB3, LCB, LB5",LCB3,54,LCB,18,LB5,12,35.0,1991-04-02,1200000,2026-12-31,12,809,3,1.48,0,0.38,14.91,55.97,Serbia,['Serbia'],left,185,70,False,7.9,6.23,57.14,4.89,68.18,0.0,0.0,0.33,4.34,7.55,1.78,4,0.44,0,0.0,1.33,0.33,3,0.33,0.17,1,0.11,8,0.89,50.0,37.5,0.0,1.67,40.0,1.45,38.46,0.22,50.0,0.44,0.56,40.0,1.67,26.67,1.56,1.33,0.0,29.93,1.56,0.22,40.27,82.6,18.24,73.78,3.34,96.67,31.59,90.14,7.01,58.73,19.88,33.76,0.04,0.56,0.0,0.0,0.0,0.0,0.11,7.01,76.19,2.56,52.17,0.44,25.0,0.78,0.89,11.01,77.78,90.15,14.68,0,,0,,0,0.0,0.0,0.0,,,1.0,,4.89,0.0,0.0,0.0,0.22,0,0.0
V. Kijevčanin,Veljko Kijevčanin,488105,Mladost Lučani,Mladost Lučani,https://cdn5.wyscout.com/photos/team/public/703_120x120.png,Super Liga,"LCMF, LCMF3, RCMF3",LCMF,41,LCMF3,24,RCMF3,11,26.0,1999-08-03,600000,2026-06-30,14,808,1,1.11,0,0.7000000000000001,17.82,51.25,Serbia,['Serbia'],left,185,73,False,8.58,6.35,61.4,3.01,59.26,0.22,0.24,0.11,4.46,4.8,1.45,2,0.22,0,0.0,1.23,0.11,1,0.11,0.12,0,0.0,11,1.23,27.27,9.091,0.0,1.0,22.22,0.67,16.67,0.22,0.0,0.11,0.78,85.71,5.35,37.5,1.8900000000000001,0.56,0.0,23.95,0.67,1.0,39.54,82.82,14.59,75.57,6.46,93.1,35.2,86.39,3.45,61.29,17.98,30.83,0.08,0.89,0.22,0.0,0.11,0.0,0.11,6.24,78.57,1.8900000000000001,35.29,0.56,20.0,0.45,0.22,7.24,76.92,84.11,11.92,0,,0,,0,0.0,0.0,0.0,,,0.22,,3.01,0.22,0.0,0.0,0.22,0,0.0
M. Šatara,Miloš Šatara,298978,Bačka Topola,Bačka Topola,https://cdn5.wyscout.com/photos/team/public/g19686_120x120.png,Super Liga,"LCB, RCB, CB",LCB,50,RCB,30,CB,18,30.0,1995-10-28,700000,2027-06-30,9,795,2,0.68,1,0.0,13.36,59.32,Bosnia and Herzegovina,"['Bosnia and Herzegovina', 'Serbia']",right,190,77,False,7.36,3.2800000000000002,68.97,7.7,61.76,0.23,0.35000000000000003,0.45,4.87,7.54,1.81,3,0.34,0,0.0,0.34,0.23,2,0.23,0.08,2,0.23,6,0.68,50.0,33.333,0.11,0.0,0.0,0.0,0.0,0.0,0.0,0.0,0.23,0.0,1.13,20.0,1.25,1.81,0.0,36.11,0.34,0.45,51.96,87.58,19.47,77.33,3.96,97.14,43.7,93.01,8.26,58.9,22.15,43.79,0.0,0.0,0.0,0.0,0.0,0.0,0.11,7.47,66.67,0.68,33.33,0.34,66.67,0.23,0.0,10.08,76.4,94.71,23.55,0,,0,,0,0.0,0.0,0.0,,,2.26,,7.7,0.0,0.0,0.0,0.0,0,0.0
L. Stojanovic,Lazar Stojanovic,-565249,Radnik Surdulica,Radnik Surdulica,https://cdn5.wyscout.com/photos/team/public/g6756_120x120.png,Super Liga,"LAMF, LW, RAMF",LAMF,56,LW,18,RAMF,13,26.0,2000-05-16,0,2027-06-30,15,786,1,0.81,0,0.62,16.72,44.52,Serbia,['Serbia'],,0,0,False,4.58,4.35,63.16,0.5700000000000001,20.0,0.23,0.31,0.11,1.6,2.2,0.92,0,0.0,0,0.0,2.98,0.11,1,0.11,0.09,1,0.11,15,1.72,13.33,6.667,0.0,2.63,26.09,1.49,38.46,1.15,10.0,0.34,4.01,51.43,8.7,39.47,1.6,2.18,0.0,14.43,1.9500000000000002,1.72,20.61,68.89,5.95,65.38,5.04,84.09,16.95,77.03,1.15,40.0,19.48,14.18,0.07,0.8,0.0,0.0,0.0,0.0,0.34,2.18,73.68,2.98,46.15,0.0,0.0,0.6900000000000001,0.6900000000000001,4.35,71.05,67.27,6.3,0,,0,,0,0.0,0.0,0.0,,,0.46,,0.5700000000000001,0.0,0.0,0.0,0.11,0,0.0
M. Ilić,Milan Ilić,-92236,Javor Ivanjica,Javor Ivanjica,https://cdn5.wyscout.com/photos/team/public/1255_120x120.png,Super Liga,"RB, LB, RB5",RB,52,LB,24,RB5,13,26.0,2000-02-07,250000,2026-06-15,16,779,0,0.07,0,0.16,15.48,55.97,Serbia,['Serbia'],right,180,73,False,9.59,8.32,68.06,1.96,58.82,0.35000000000000003,0.39,0.23,3.58,4.03,0.81,2,0.23,0,0.0,1.62,0.0,0,0.0,0.01,0,0.0,2,0.23,0.0,0.0,0.0,3.81,36.36,1.27,45.45,2.54,31.82,0.12,1.5,15.38,3.7,37.5,0.58,1.27,0.58,24.26,1.16,0.81,36.74,70.13,16.41,56.34,5.78,94.0,25.65,86.49,7.86,32.35,19.88,32.32,0.02,0.12,0.0,0.0,0.0,0.0,0.0,3.58,41.94,3.47,33.33,0.35000000000000003,0.0,0.23,1.16,9.59,53.01,76.04,11.09,0,,0,,0,0.0,0.0,0.0,,,0.58,,1.96,0.0,0.0,0.0,0.0,0,0.0
L. Zorić,Luka Zorić,463403,Radnik Surdulica,Radnik Surdulica,https://cdn5.wyscout.com/photos/team/public/g6756_120x120.png,Super Liga,"RDMF, RCMF, LDMF",RDMF,30,RCMF,24,LDMF,24,27.0,1998-08-02,600000,2027-06-30,10,776,3,2.23,0,0.46,14.73,44.88,Serbia,['Serbia'],left,180,70,False,8.7,5.8,50.0,4.06,37.14,0.58,0.8200000000000001,0.7000000000000001,5.22,7.42,2.32,3,0.35000000000000003,0,0.0,0.81,0.35000000000000003,3,0.35000000000000003,0.26,0,0.0,17,1.97,29.41,17.647,0.0,0.0,0.0,0.0,0.0,0.0,0.0,0.0,0.23,100.0,2.44,23.81,1.51,0.58,0.0,16.7,0.58,0.7000000000000001,29.81,75.49,13.8,65.55,3.36,86.21,23.66,84.31,6.15,41.51,23.49,39.12,0.05,0.35000000000000003,0.0,0.0,0.0,0.0,0.0,6.49,48.21,0.7000000000000001,16.67,0.35000000000000003,0.0,0.12,0.0,5.45,70.21,89.02,9.51,0,,0,,0,0.0,0.0,0.0,,,0.0,,4.06,0.0,0.0,0.0,0.0,0,0.0
D. Jovančić,Dušan Jovančić,258641,Čukarički,Čukarički,https://cdn5.wyscout.com/photos/team/public/702_120x120.png,Super Liga,"AMF, RCMF3, LCMF",AMF,27,RCMF3,16,LCMF,13,35.0,1990-10-19,150000,2026-12-31,18,775,1,0.86,1,1.09,22.88,56.85,Serbia,['Serbia'],right,186,79,False,11.38,8.71,72.0,4.53,38.46,0.35000000000000003,0.51,0.46,4.76,7.03,1.51,4,0.46,0,0.0,2.32,0.12,1,0.12,0.1,0,0.0,8,0.93,25.0,12.5,0.12,1.16,50.0,0.58,80.0,0.58,20.0,0.12,1.63,71.43,7.08,55.74,0.93,1.97,0.12,24.15,0.35000000000000003,1.97,40.41,80.17,13.35,68.7,6.5,94.64,34.95,85.05,4.41,50.0,20.11,27.36,0.13,0.7000000000000001,0.0,0.0,0.46,75.0,0.46,6.74,68.97,1.8599999999999999,43.75,0.7000000000000001,33.33,0.58,0.7000000000000001,7.78,77.61,86.82,14.98,0,,0,,0,0.0,0.0,0.0,,,1.05,,4.53,0.12,0.0,0.0,0.46,0,0.0
N. Tošić,Nemanja Tošić,-36147,Anorthosis,Čukarički,https://cdn5.wyscout.com/photos/team/public/714_120x120.png,1. Division,"LWB, LB, LB5",LWB,49,LB,25,LB5,12,29.0,1997-01-23,2500000,2027-05-31,9,774,0,0.71,0,0.53,15.93,56.93,Serbia,['Serbia'],left,189,84,False,9.07,7.67,69.7,4.65,52.5,0.81,1.19,0.47000000000000003,2.91,4.24,1.05,1,0.12,0,0.0,1.16,0.0,0,0.0,0.08,0,0.0,7,0.81,14.29,0.0,0.0,2.21,42.11,2.21,42.11,0.0,0.0,0.47000000000000003,0.12,100.0,2.33,20.0,1.98,0.7000000000000001,0.0,24.07,2.21,0.81,34.53,80.81,11.51,67.68,7.5600000000000005,92.31,28.37,88.11,3.95,50.0,20.4,38.49,0.06,0.81,0.0,0.0,0.0,0.0,0.12,4.65,67.5,3.37,58.62,0.35000000000000003,0.0,1.16,0.93,7.09,78.69,85.06,10.12,0,,0,,0,0.0,0.0,0.0,,,0.7000000000000001,,4.65,0.23,0.12,0.0,0.0,0,0.0
N. Tosic,Nemanja Tosic,-768483,Čukarički,Čukarički,https://cdn5.wyscout.com/photos/team/public/702_120x120.png,Super Liga,"LWB, LB, LB5",LWB,49,LB,25,LB5,12,,,0,,9,774,0,0.71,0,0.53,15.93,56.93,,[],,0,0,False,9.07,7.67,69.7,4.65,52.5,0.81,1.19,0.47000000000000003,2.91,4.24,1.05,1,0.12,0,0.0,1.16,0.0,0,0.0,0.08,0,0.0,7,0.81,14.29,0.0,0.0,2.21,42.11,2.21,42.11,0.0,0.0,0.47000000000000003,0.12,100.0,2.33,20.0,1.98,0.7000000000000001,0.0,24.07,2.21,0.81,34.53,80.81,11.51,67.68,7.5600000000000005,92.31,28.37,88.11,3.95,50.0,20.4,38.49,0.06,0.81,0.0,0.0,0.0,0.0,0.12,4.65,67.5,3.37,58.62,0.35000000000000003,0.0,1.16,0.93,7.09,78.69,85.06,10.12,0,,0,,0,0.0,0.0,0.0,,,0.7000000000000001,,4.65,0.23,0.12,0.0,0.0,0,0.0
M. Jurčevič,Mario Jurčevič,339207,Partizan,Partizan,https://cdn5.wyscout.com/photos/team/public/699_120x120.png,Super Liga,LB,LB,98,,0,,0,30.0,1995-06-01,350000,2027-06-30,9,764,1,0.98,4,2.5700000000000003,10.72,50.55,Slovenia,['Slovenia'],left,186,74,False,5.77,5.54,53.19,1.88,62.5,0.0,0.0,0.24,2.83,4.65,1.18,0,0.0,0,0.0,2.59,0.12,1,0.12,0.12,0,0.0,7,0.8200000000000001,57.14,14.286,0.47000000000000003,3.42,48.28,2.83,45.83,0.59,60.0,0.12,0.47000000000000003,100.0,2.47,47.62,2.95,1.4100000000000001,0.24,27.45,2.95,0.59,34.87,82.09,11.31,77.08,8.25,95.71,28.74,88.93,2.95,52.0,18.71,35.68,0.30000000000000004,1.77,0.0,0.12,0.0,0.0,1.06,4.71,85.0,2.12,61.11,0.12,0.0,0.8200000000000001,1.3,7.3,72.58,80.0,9.42,0,,0,,0,0.0,0.0,0.0,,,0.9400000000000001,,1.88,0.12,0.12,100.0,2.36,0,0.0
M. Bubanj,Mateja  Bubanj,-294633,Napredak Kruševac,Napredak Kruševac,https://cdn5.wyscout.com/photos/team/public/704_120x120.png,Super Liga,"CF, RW, RAMF",CF,44,RW,12,RAMF,11,21.0,2005-01-03,0,2027-06-30,17,762,1,1.0,1,0.25,21.38,44.2,Serbia,['Serbia'],right,184,76,False,9.21,6.38,70.37,2.95,32.0,0.59,0.71,0.24,4.13,4.95,0.59,0,0.0,0,0.0,1.18,0.12,1,0.12,0.12,0,0.0,9,1.06,33.33,11.111,0.12,0.47000000000000003,0.0,0.24,0.0,0.24,0.0,0.0,1.54,46.15,7.8,34.85,2.7199999999999998,0.71,0.0,15.71,2.24,1.65,23.62,76.0,4.72,57.5,7.09,91.67,22.09,79.14,1.06,44.44,14.13,10.72,0.03,0.71,0.0,0.0,0.12,100.0,0.24,2.24,57.89,0.9400000000000001,37.5,0.24,50.0,0.9400000000000001,0.0,2.6,54.55,78.85,6.14,0,,0,,0,0.0,0.0,0.0,,,0.0,,2.95,0.0,0.0,0.0,0.0,0,0.0
L. Micic,Lazar Micic,-457604,Javor Ivanjica,Javor Ivanjica,https://cdn5.wyscout.com/photos/team/public/1255_120x120.png,Super Liga,"RW, RAMF",RW,53,RAMF,23,,0,22.0,2003-02-17,0,2027-12-31,12,755,1,1.19,3,1.69,13.11,37.27,Serbia,['Serbia'],left,170,0,False,3.34,2.38,55.0,0.9500000000000001,0.0,0.0,0.0,0.0,2.03,2.59,0.48,1,0.12,0,0.0,3.58,0.12,1,0.12,0.14,0,0.0,12,1.43,58.33,8.333,0.36,2.5,23.81,0.36,33.33,2.03,23.53,0.36,4.65,43.59,8.46,38.03,2.03,3.93,1.19,20.86,0.9500000000000001,0.9500000000000001,25.15,81.04,7.03,74.58,5.01,97.62,21.46,88.33,1.31,72.73,17.67,20.47,0.2,0.8300000000000001,0.0,0.0,0.12,100.0,0.6000000000000001,2.26,73.68,1.9100000000000001,50.0,0.12,100.0,0.6000000000000001,0.48,4.77,82.5,76.47,8.11,0,,0,,0,0.0,0.0,0.0,,,0.0,,0.9500000000000001,0.0,0.0,0.0,0.0,0,0.0
D. Grgić,Dario Grgić,-153350,Sigma Olomouc,Železničar Pancevo,https://cdn5.wyscout.com/photos/team/public/538_120x120.png,Chance Liga,"AMF, LCMF, LCMF3",AMF,39,LCMF,28,LCMF3,12,23.0,2003-03-16,0,,13,752,3,1.55,1,1.37,12.33,49.51,Serbia,['Serbia'],right,181,72,False,4.07,4.43,51.35,0.72,50.0,0.0,0.0,0.12,1.8,3.15,0.96,1,0.12,0,0.0,2.99,0.36,2,0.24,0.19,0,0.0,12,1.44,41.67,25.0,0.12,1.44,50.0,1.08,44.44,0.36,66.67,0.24,2.75,56.52,5.86,48.98,2.63,1.08,0.12,22.38,1.6800000000000002,1.32,31.48,77.19,9.1,56.58,6.82,85.96,26.33,83.64,3.71,41.94,17.08,24.64,0.16,1.08,0.0,0.0,0.12,100.0,0.24,4.55,65.79,2.63,63.64,0.6000000000000001,40.0,1.32,0.6000000000000001,5.15,74.42,82.72,9.69,0,,0,,0,0.0,0.0,0.0,,,0.36,,0.72,0.6000000000000001,0.12,0.0,1.8,1,100.0
S. Chinedu,Stephen Chinedu,-142512,Surkhon,Radnik Surdulica,https://cdn5.wyscout.com/photos/team/public/g38466_120x120.png,Super League,CF,CF,99,,0,,0,26.0,2000-01-06,300000,2026-12-31,14,746,1,1.69,0,0.51,25.94,38.14,Nigeria,['Nigeria'],right,187,84,False,4.22,4.71,51.28,4.95,46.34,0.0,0.0,0.0,1.81,2.69,2.77,2,0.24,1,0.12,1.57,0.12,1,0.12,0.2,1,0.12,11,1.33,36.36,9.091,0.0,0.24,50.0,0.24,50.0,0.0,0.0,0.0,1.45,66.67,11.58,32.29,3.14,0.6000000000000001,0.0,8.69,1.21,3.02,14.84,69.92,2.5300000000000002,38.1,3.86,84.38,13.99,70.69,0.72,66.67,14.22,14.71,0.06,0.48,0.0,0.0,0.0,0.0,0.24,1.57,46.15,0.72,50.0,0.24,50.0,1.09,0.0,0.84,71.43,78.38,4.46,0,,0,,0,0.0,0.0,0.0,,,0.0,,4.95,0.0,0.0,0.0,0.0,0,0.0
J. Nišić,Jovan Nišić,385257,Lokomotiv Tashkent,Radnički Niš,https://cdn5.wyscout.com/photos/team/public/4223_120x120.png,Super League,"LDMF, RDMF, RCMF",LDMF,31,RDMF,31,RCMF,15,28.0,1998-03-03,0,2026-12-31,14,741,0,0.34,0,0.54,14.57,58.33,Serbia,['Serbia'],right,177,71,False,8.02,6.5600000000000005,64.81,1.21,70.0,0.36,0.5700000000000001,0.12,3.4,5.32,1.34,1,0.12,0,0.0,1.21,0.0,0,0.0,0.04,0,0.0,5,0.61,0.0,0.0,0.0,1.58,53.85,0.49,75.0,1.09,44.44,0.24,0.61,60.0,4.37,44.44,0.49,1.21,0.24,41.78,0.49,1.09,59.76,86.18,19.55,77.02,8.14,92.54,52.47,89.81,5.71,61.7,17.41,27.62,0.07,0.97,0.0,0.0,0.0,0.0,0.24,10.08,85.54,2.55,52.38,0.49,50.0,0.73,0.85,11.66,81.25,91.4,22.59,0,,0,,0,0.0,0.0,0.0,,,0.49,,1.21,0.36,0.0,0.0,1.94,0,0.0
M. Poletanović,Marko Poletanović,217502,Vojvodina,Vojvodina,https://cdn5.wyscout.com/photos/team/public/700_120x120.png,Super Liga,"LDMF, RDMF",LDMF,58,RDMF,24,,0,32.0,1993-07-20,350000,2027-06-30,19,734,0,0.49,0,0.41000000000000003,10.05,47.56,Serbia,['Serbia'],right,187,81,False,6.5,4.29,57.14,1.72,57.14,0.0,0.0,0.25,4.05,5.5600000000000005,0.74,1,0.12,0,0.0,0.61,0.0,0,0.0,0.06,0,0.0,7,0.86,42.86,0.0,0.0,0.37,33.33,0.12,0.0,0.25,50.0,0.12,0.86,14.29,3.43,28.57,0.61,0.98,0.25,31.02,0.12,0.61,45.49,87.06,16.55,79.26,6.62,100.0,42.06,90.09,3.07,52.0,16.99,22.56,0.05,0.61,0.12,0.0,0.0,0.0,0.0,7.11,72.41,1.96,37.5,0.98,37.5,0.61,0.12,6.25,72.55,89.92,15.82,0,,0,,0,0.0,0.0,0.0,,,0.25,,1.72,0.61,0.25,100.0,1.96,0,0.0
H. Addo,Henry Addo,-300339,OFK Beograd,OFK Beograd,https://cdn5.wyscout.com/photos/team/public/705_120x120.png,Super Liga,"LW, LAMF, AMF",LW,52,LAMF,26,AMF,11,22.0,2003-05-01,0,2027-06-30,15,733,2,1.69,0,0.59,19.77,34.78,Ghana,['Ghana'],right,180,77,False,3.68,4.3,57.14,2.58,38.1,0.0,0.0,0.0,1.23,1.9100000000000001,1.11,1,0.12,1,0.12,2.95,0.25,2,0.25,0.21,0,0.0,10,1.23,30.0,20.0,0.0,1.72,50.0,1.72,50.0,0.0,0.0,0.0,4.67,34.21,11.3,28.26,1.6,2.21,0.61,15.35,1.11,1.47,22.59,77.17,4.79,56.41,7.12,93.1,19.77,83.23,1.23,20.0,17.87,17.17,0.07,0.49,0.0,0.0,0.25,50.0,0.37,2.21,61.11,2.8200000000000003,60.87,0.37,33.33,1.6,0.74,4.3,74.29,78.26,5.65,0,,0,,0,0.0,0.0,0.0,,,0.37,,2.58,0.0,0.0,0.0,0.0,0,0.0
N. Milunović,Nemanja Milunović,47192,Spartak Subotica,Spartak Subotica,https://cdn5.wyscout.com/photos/team/public/1956_120x120.png,Super Liga,"CB, RCB",CB,69,RCB,28,,0,36.0,1989-05-31,100000,2026-06-30,9,727,2,0.93,0,0.04,15.1,63.11,Serbia,['Serbia'],both,195,83,False,13.12,6.07,67.35,4.46,66.67,0.12,0.17,0.99,8.91,12.49,1.6099999999999999,3,0.37,1,0.12,0.5,0.25,2,0.25,0.12,2,0.25,6,0.74,33.33,33.333,0.0,0.12,0.0,0.12,0.0,0.0,0.0,0.0,0.25,100.0,2.9699999999999998,54.17,1.24,0.37,0.0,23.4,0.62,0.99,41.6,77.38,21.42,65.32,1.6099999999999999,92.31,30.58,87.85,10.89,48.86,26.16,41.43,0.01,0.12,0.0,0.12,0.0,0.0,0.0,6.93,35.71,1.11,22.22,0.5,25.0,0.12,0.0,9.66,67.95,91.34,15.72,0,,0,,0,0.0,0.0,0.0,,,0.74,,4.46,0.0,0.0,0.0,0.0,0,0.0
I. Abass,Issah Abass,476000,Radnički Niš,Radnički Niš,https://cdn5.wyscout.com/photos/team/public/g2850_120x120.png,Super Liga,"LW, LAMF, RAMF",LW,54,LAMF,19,RAMF,11,27.0,1998-09-26,225000,2026-06-30,15,707,3,2.33,2,1.48,17.06,44.78,Ghana,['Ghana'],right,173,69,False,5.22,4.71,51.35,1.53,41.67,0.0,0.0,0.0,2.8,4.2,1.4,2,0.25,0,0.0,4.33,0.38,2,0.25,0.30000000000000004,0,0.0,12,1.53,58.33,25.0,0.25,3.56,28.57,2.67,33.33,0.89,14.29,0.38,4.2,57.58,8.78,44.93,3.18,2.67,0.13,21.0,3.31,1.65,28.26,70.72,8.15,64.06,5.86,93.48,21.77,78.36,3.18,60.0,18.9,31.92,0.19,0.76,0.13,0.0,0.13,0.0,0.51,2.8,54.55,3.44,29.63,0.38,0.0,0.51,1.27,5.22,78.05,63.1,10.69,0,,0,,0,0.0,0.0,0.0,,,0.13,,1.53,0.25,0.0,0.0,1.9100000000000001,1,100.0
B. Omoregbe,Bob Murphy Omoregbe,-263887,Novi Pazar,Novi Pazar,https://cdn5.wyscout.com/photos/team/public/3838_120x120.png,Super Liga,"RW, RAMF, LAMF",RW,37,RAMF,28,LAMF,12,22.0,2003-11-05,0,2026-06-30,21,703,3,2.7,1,1.54,21.89,45.61,Italy,"['Italy', 'Nigeria']",left,185,75,False,5.76,5.89,60.87,2.43,36.84,0.51,0.74,0.0,1.6600000000000001,2.41,1.15,1,0.13,0,0.0,6.02,0.38,2,0.26,0.35000000000000003,0,0.0,21,2.69,52.38,14.286,0.13,1.79,50.0,0.38,66.67,1.4100000000000001,45.45,0.13,5.5,65.12,11.14,43.68,2.8200000000000003,1.92,0.13,9.73,2.43,1.6600000000000001,13.06,62.75,3.84,50.0,3.33,80.77,10.5,67.07,0.77,33.33,18.92,9.11,0.2,1.15,0.0,0.0,0.26,50.0,0.64,0.51,25.0,1.54,58.33,0.38,33.33,0.77,0.77,1.6600000000000001,69.23,74.07,3.46,0,,0,,0,0.0,0.0,0.0,,,0.0,,2.43,0.0,0.0,0.0,0.0,1,100.0
U. Ilić,Uroš Ilić,-483228,Radnik Surdulica,Radnik Surdulica,https://cdn5.wyscout.com/photos/team/public/g6756_120x120.png,Super Liga,"LB, LCB",LB,57,LCB,39,,0,20.0,2006-01-15,0,2026-06-30,11,699,0,0.0,0,0.09,10.82,53.57,Serbia,['Serbia'],left,0,0,False,6.95,3.73,62.07,4.12,56.25,0.13,0.17,0.64,4.51,6.03,1.67,2,0.26,0,0.0,0.13,0.0,0,0.0,0.0,0,0.0,0,0.0,0.0,0.0,0.0,1.16,11.11,1.03,12.5,0.0,0.0,0.39,0.13,0.0,1.03,37.5,0.0,0.13,0.0,16.22,0.52,0.26,24.59,77.49,12.62,69.39,2.19,100.0,19.18,87.25,4.25,51.52,21.14,31.48,0.01,0.26,0.0,0.0,0.0,0.0,0.0,2.96,65.22,1.03,25.0,0.13,0.0,0.0,0.26,5.54,65.12,85.71,7.21,0,,0,,0,0.0,0.0,0.0,,,1.29,,4.12,0.0,0.0,0.0,0.0,0,0.0
K. Szűcs,Kornél Szűcs,-80319,Vojvodina,Vojvodina,https://cdn5.wyscout.com/photos/team/public/700_120x120.png,Super Liga,"RCB, LCB",RCB,69,LCB,30,,0,24.0,2001-09-24,250000,2029-06-30,8,693,0,0.0,1,0.22,11.56,64.04,Hungary,['Hungary'],right,190,77,False,7.79,5.58,67.44,4.8100000000000005,62.16,0.13,0.18,0.26,3.9,5.42,1.43,0,0.0,0,0.0,0.0,0.0,0,0.0,0.0,0,0.0,0,0.0,0.0,0.0,0.13,0.0,0.0,0.0,0.0,0.0,0.0,0.0,0.0,0.0,0.39,66.67,0.26,0.65,0.0,25.19,0.26,0.0,36.36,87.14,14.55,79.46,1.82,92.86,32.86,90.91,3.51,51.85,21.59,33.32,0.03,0.26,0.0,0.0,0.13,0.0,0.13,5.06,79.49,0.13,0.0,0.0,0.0,0.13,0.0,6.49,76.0,93.13,17.01,0,,0,,0,0.0,0.0,0.0,,,1.04,,4.8100000000000005,0.0,0.0,0.0,0.0,0,0.0
E. Sockler,Esther Sockler,-763209,Radnički Kragujevac,Radnički Kragujevac,https://cdn5.wyscout.com/photos/team/public/g2849_120x120.png,Super Liga,CF,CF,99,,0,,0,26.0,1999-06-04,0,,9,690,4,2.6,0,0.46,14.61,33.04,Serbia,['Serbia'],,0,0,False,2.35,1.83,50.0,3.7800000000000002,44.83,0.0,0.0,0.13,1.43,1.92,0.65,1,0.13,0,0.0,1.43,0.52,4,0.52,0.34,0,0.0,10,1.3,70.0,40.0,0.0,0.0,0.0,0.0,0.0,0.0,0.0,0.0,1.17,44.44,4.83,18.92,2.22,0.65,0.0,8.09,1.57,1.17,14.09,78.7,3.0,69.57,4.96,89.47,13.96,78.5,0.13,100.0,12.18,1.31,0.06,0.39,0.0,0.0,0.0,0.0,0.13,0.78,66.67,0.26,100.0,0.0,0.0,0.65,0.0,0.91,42.86,74.07,3.52,0,,0,,0,0.0,0.0,0.0,,,0.0,,3.7800000000000002,0.0,0.0,0.0,0.0,0,0.0
L. Zličić,Lazar Zličić,317302,Sloga Doboj,Napredak Kruševac,https://cdn5.wyscout.com/photos/team/public/g3179_120x120.png,Premijer Liga,"LCMF, LAMF",LCMF,43,LAMF,12,,0,29.0,1997-02-07,500000,2027-05-31,14,690,0,0.23,2,1.69,17.74,50.74,Serbia,"['Serbia', 'Hungary']",right,182,72,False,7.96,6.26,60.42,3.26,60.0,0.78,0.97,0.13,3.39,4.22,2.09,2,0.26,0,0.0,0.91,0.0,0,0.0,0.03,0,0.0,5,0.65,20.0,0.0,0.26,0.26,50.0,0.0,0.0,0.26,50.0,0.0,0.52,50.0,6.13,36.17,0.52,0.26,0.0,12.78,0.65,1.57,22.57,70.52,9.78,57.33,3.26,84.0,19.17,76.87,3.26,36.0,17.11,18.7,0.22,1.17,0.13,0.0,0.39,100.0,0.39,3.65,57.14,1.04,75.0,1.04,62.5,1.04,0.0,5.22,60.0,85.11,6.13,0,,0,,0,0.0,0.0,0.0,,,0.0,,3.26,1.17,0.0,0.0,0.91,0,0.0
V. Tomic,Vanja  Tomic,-483714,Radnički Kragujevac,Radnički Kragujevac,https://cdn5.wyscout.com/photos/team/public/g2849_120x120.png,Super Liga,"DMF, LDMF",DMF,66,LDMF,11,,0,20.0,2005-07-15,0,,11,686,0,0.49,0,0.0,12.86,44.9,Serbia,['Serbia'],unknown,0,0,False,9.05,5.77,47.73,1.97,46.67,0.92,1.33,0.13,5.38,7.78,1.31,0,0.0,0,0.0,0.79,0.0,0,0.0,0.06,0,0.0,3,0.39,33.33,0.0,0.0,0.13,0.0,0.13,0.0,0.0,0.0,0.0,0.92,57.14,3.15,41.67,0.66,0.66,0.13,21.78,0.39,0.66,37.39,81.75,12.46,66.32,3.15,87.5,33.85,84.88,3.41,53.85,18.31,34.03,0.0,0.13,0.0,0.13,0.39,33.33,0.0,5.25,67.5,0.26,0.0,0.66,20.0,0.26,0.0,6.17,53.19,92.74,16.27,0,,0,,0,0.0,0.0,0.0,,,0.66,,1.97,0.0,0.0,0.0,0.0,0,0.0
K. Šekularac,Kristian Šekularac,-173326,Železničar Pancevo,Železničar Pancevo,https://cdn5.wyscout.com/photos/team/public/g34577_120x120.png,Super Liga,"LCMF, AMF",LCMF,76,AMF,10,,0,22.0,2003-12-07,200000,2028-06-30,10,679,1,1.2,1,0.43,14.32,50.93,England,"['England', 'Switzerland']",right,185,77,False,5.43,4.37,66.67,2.12,37.5,0.0,0.0,0.13,2.52,3.8,1.06,0,0.0,0,0.0,1.5899999999999999,0.13,1,0.13,0.16,1,0.13,9,1.19,22.22,11.111,0.13,0.53,25.0,0.53,25.0,0.0,0.0,0.0,1.99,60.0,6.1,45.65,2.12,2.65,0.93,29.56,0.27,1.46,38.17,87.85,7.82,77.97,12.33,95.7,35.52,89.93,2.12,68.75,17.3,27.86,0.06,0.8,0.0,0.0,0.0,0.0,0.27,4.11,87.1,0.66,40.0,0.0,0.0,0.66,0.13,3.45,80.77,90.53,12.59,0,,0,,0,0.0,0.0,0.0,,,0.8,,2.12,0.27,0.0,0.0,0.27,0,0.0
M. Vidakov,Milan Vidakov,-113899,Radnički Kragujevac,Radnički Kragujevac,https://cdn5.wyscout.com/photos/team/public/g2849_120x120.png,Super Liga,"CF, RCMF, AMF",CF,63,RCMF,11,AMF,11,25.0,2000-08-19,600000,2026-06-30,19,677,0,1.72,0,0.23,31.37,40.25,Serbia,['Serbia'],right,184,77,False,5.32,4.12,48.39,10.1,48.68,0.93,1.65,0.13,2.39,4.25,2.39,2,0.27,0,0.0,2.5300000000000002,0.0,0,0.0,0.23,0,0.0,15,1.99,33.33,0.0,0.0,0.93,0.0,0.4,0.0,0.53,0.0,0.27,3.59,51.85,13.56,36.27,3.32,1.33,0.66,9.31,1.33,2.79,16.62,72.0,4.25,68.75,4.39,93.94,15.02,77.88,0.8,33.33,16.14,11.31,0.03,0.66,0.13,0.0,0.13,0.0,0.0,2.5300000000000002,63.16,1.33,40.0,0.13,0.0,0.93,0.27,1.8599999999999999,50.0,63.64,2.92,0,,0,,0,0.0,0.0,0.0,,,0.0,,10.1,0.0,0.0,0.0,0.0,0,0.0
N. Dekovic,Nemanja Dekovic,-225006,Bani Yas,Napredak Kruševac,https://cdn5.wyscout.com/photos/team/public/2890_120x120.png,UAE Pro League,"RCB, RCB3",RCB,75,RCB3,24,,0,22.0,2003-05-09,0,,7,676,2,0.33,0,0.45,10.25,63.64,Serbia,['Serbia'],right,191,82,True,9.32,3.99,66.67,3.2,75.0,0.27,0.32,1.46,6.39,7.74,0.4,1,0.13,0,0.0,0.93,0.27,2,0.27,0.04,2,0.27,9,1.2,22.22,22.222,0.0,1.07,25.0,0.0,0.0,1.07,25.0,0.13,0.67,60.0,2.13,43.75,0.93,0.53,0.0,29.29,0.53,0.4,46.33,80.75,27.03,74.88,2.5300000000000002,94.74,33.55,89.68,11.85,60.67,25.58,41.03,0.06,0.53,0.0,0.0,0.13,0.0,0.13,9.99,58.67,2.13,37.5,0.8,50.0,0.67,0.4,13.71,82.52,89.22,13.58,0,,0,,0,0.0,0.0,0.0,,,1.6,,3.2,0.27,0.27,0.0,0.0,0,0.0
S. Petrov,Sava Petrov,468749,Hwaseong,Železničar Pancevo,https://cdn5.wyscout.com/photos/team/public/g23902_120x120.png,K League 2,CF,CF,98,,0,,0,27.0,1998-06-18,500000,2026-06-30,17,671,5,4.92,0,0.14,14.75,28.18,Serbia,['Serbia'],right,190,82,False,3.08,2.68,40.0,3.76,25.0,0.13,0.2,0.13,1.88,2.86,1.21,1,0.13,0,0.0,1.48,0.67,2,0.27,0.66,0,0.0,18,2.41,50.0,27.778,0.0,0.54,0.0,0.4,0.0,0.13,0.0,0.13,1.48,18.18,6.04,24.44,3.62,0.67,0.0,12.74,1.6099999999999999,1.21,15.16,72.57,3.22,50.0,2.95,86.36,13.95,76.92,0.67,40.0,12.47,7.91,0.02,0.27,0.13,0.0,0.0,0.0,0.13,1.74,38.46,0.54,50.0,0.0,0.0,0.67,0.0,1.21,44.44,69.7,4.43,0,,0,,0,0.0,0.0,0.0,,,0.13,,3.76,0.0,0.0,0.0,0.0,3,100.0
L. Zaric,Luka Zaric,-569621,Grafičar,Crvena Zvezda,https://cdn5.wyscout.com/photos/team/public/g4182_120x120.png,Prva Liga,"RW, RAMF, LWF",RW,46,RAMF,28,LWF,10,17.0,2008-10-31,0,2028-06-30,20,671,1,1.6099999999999999,2,2.16,21.86,52.76,Serbia,['Serbia'],,0,0,False,7.78,5.63,73.81,2.41,22.22,0.13,0.24,0.13,3.49,6.29,0.54,1,0.13,0,0.0,5.23,0.13,1,0.13,0.22,0,0.0,14,1.88,28.57,7.143,0.27,4.02,33.33,0.67,40.0,3.22,29.17,0.9400000000000001,5.23,64.1,11.13,53.01,4.02,1.88,0.0,22.13,2.01,2.8200000000000003,27.09,73.76,4.83,58.33,6.57,91.84,22.53,82.14,0.67,20.0,15.46,8.55,0.29,2.15,0.13,0.0,0.13,0.0,0.9400000000000001,1.6099999999999999,75.0,2.8200000000000003,52.38,0.13,0.0,1.34,1.21,4.43,69.7,73.77,8.18,0,,0,,0,0.0,0.0,0.0,,,0.0,,2.41,0.13,0.0,0.0,1.21,0,0.0
M. Milovanović,Mateja Milovanović,-167649,Partizan,Partizan,https://cdn5.wyscout.com/photos/team/public/699_120x120.png,Super Liga,LB,LB,94,,0,,0,22.0,2004-04-18,0,2029-06-30,12,658,0,0.01,0,0.63,15.73,56.52,Netherlands,"['Netherlands', 'Serbia']",left,186,77,False,10.12,8.89,64.62,1.23,55.56,0.27,0.48,0.14,4.1,7.2,1.6400000000000001,1,0.14,0,0.0,1.09,0.0,0,0.0,0.0,0,0.0,1,0.14,0.0,0.0,0.0,1.6400000000000001,25.0,1.5,18.18,0.0,0.0,0.14,1.23,55.56,4.38,46.88,0.96,2.33,0.27,33.92,1.09,0.96,44.18,90.09,12.99,87.37,8.34,95.08,40.21,94.9,2.33,52.94,17.4,20.75,0.09,0.8200000000000001,0.0,0.0,0.14,0.0,0.41000000000000003,4.65,88.24,1.9100000000000001,50.0,0.27,0.0,0.41000000000000003,0.41000000000000003,5.61,78.05,92.23,14.09,0,,0,,0,0.0,0.0,0.0,,,1.78,,1.23,0.0,0.0,0.0,0.27,0,0.0
N. Belaković,Nemanja Belaković,391939,Petrovac,Radnički Niš,https://cdn5.wyscout.com/photos/team/public/1996_120x120.png,First League,"CF, RAMF, LCMF",CF,38,RAMF,17,LCMF,16,29.0,1997-01-08,350000,,11,656,2,1.94,1,0.43,17.29,46.83,Serbia,['Serbia'],right,183,75,False,5.49,5.08,67.57,3.29,37.5,0.14,0.21,0.14,1.92,2.92,1.23,0,0.0,0,0.0,2.47,0.27,1,0.14,0.27,0,0.0,9,1.23,44.44,22.222,0.14,2.61,15.79,0.8200000000000001,16.67,1.78,15.38,0.41000000000000003,2.61,57.89,7.27,41.51,2.06,1.37,0.14,21.95,1.78,1.78,29.77,82.95,7.55,85.45,7.41,83.33,26.75,89.23,0.55,75.0,15.28,11.79,0.06,1.23,0.0,0.0,0.0,0.0,0.41000000000000003,2.33,88.24,2.74,45.0,0.0,0.0,0.6900000000000001,0.41000000000000003,3.43,84.0,81.16,9.47,0,,0,,0,0.0,0.0,0.0,,,0.27,,3.29,0.55,0.0,0.0,0.14,1,100.0
D. Cubra,Dragan  Cubra,-223167,Napredak Kruševac,Napredak Kruševac,https://cdn5.wyscout.com/photos/team/public/704_120x120.png,Super Liga,"RB, LB, RCB3",RB,28,LB,22,RCB3,21,23.0,2002-06-04,0,2027-06-30,12,650,0,0.0,1,0.56,17.03,42.28,Serbia,['Serbia'],,0,0,False,7.06,8.31,45.0,2.91,42.86,0.28,0.36,0.42,3.05,3.91,1.11,2,0.28,0,0.0,1.38,0.0,0,0.0,0.0,0,0.0,0,0.0,0.0,0.0,0.14,2.77,45.0,0.55,25.0,2.08,53.33,0.14,0.8300000000000001,16.67,3.18,26.09,0.28,0.8300000000000001,0.14,19.38,0.8300000000000001,0.97,32.12,71.12,12.88,54.84,4.98,94.44,24.78,81.56,4.57,30.3,21.74,35.67,0.08,0.6900000000000001,0.0,0.0,0.0,0.0,0.14,4.71,47.06,2.35,47.06,0.28,50.0,0.28,1.25,7.75,50.0,85.9,10.8,0,,0,,0,0.0,0.0,0.0,,,1.38,,2.91,0.0,0.0,0.0,0.0,0,0.0
D. Ristic,Dusan Ristic,-350453,Javor Ivanjica,Javor Ivanjica,https://cdn5.wyscout.com/photos/team/public/1255_120x120.png,Super Liga,"CB, RCB, LCB",CB,28,RCB,24,LCB,22,25.0,2000-10-04,0,2026-06-30,18,650,0,0.30000000000000004,0,0.0,10.11,60.27,Bosnia and Herzegovina,['Bosnia and Herzegovina'],right,189,0,False,8.45,4.71,61.76,3.32,66.67,0.0,0.0,1.11,5.54,6.38,0.55,0,0.0,0,0.0,0.14,0.0,0,0.0,0.04,0,0.0,1,0.14,100.0,0.0,0.0,0.0,0.0,0.0,0.0,0.0,0.0,0.0,0.0,0.0,0.6900000000000001,60.0,0.42,0.14,0.0,24.78,0.14,0.55,34.89,89.68,10.38,73.33,1.8,100.0,31.15,94.67,3.74,48.15,14.4,22.13,0.0,0.0,0.0,0.0,0.0,0.0,0.0,1.52,36.36,0.0,0.0,0.14,0.0,0.14,0.0,4.57,57.58,97.26,20.22,0,,0,,0,0.0,0.0,0.0,,,1.52,,3.32,0.0,0.0,0.0,0.0,0,0.0
S. Stojanovic,Stefan Stojanovic,-276484,Septemvri Sofia,Spartak Subotica,https://cdn5.wyscout.com/photos/team/public/g381_120x120.png,First League,"RWB, RAMF, CF",RWB,37,RAMF,27,CF,26,24.0,2001-07-27,0,2026-06-30,15,636,0,0.52,0,0.0,25.05,38.42,Serbia,['Serbia'],both,185,0,True,6.93,7.22,56.86,1.7000000000000002,33.33,0.0,0.0,0.14,2.83,3.64,1.27,0,0.0,0,0.0,2.55,0.0,0,0.0,0.07,0,0.0,7,0.99,57.14,0.0,0.0,0.5700000000000001,0.0,0.0,0.0,0.5700000000000001,0.0,0.0,3.25,60.87,12.74,31.11,2.12,1.56,0.14,14.86,1.8399999999999999,1.42,21.79,81.17,3.96,67.86,6.23,95.45,20.8,82.99,0.42,100.0,13.12,8.15,0.0,0.42,0.0,0.14,0.0,0.0,0.0,1.56,72.73,1.27,77.78,0.0,0.0,0.99,0.0,2.83,50.0,76.92,5.52,0,,0,,0,0.0,0.0,0.0,,,0.0,,1.7000000000000002,0.0,0.0,0.0,0.0,0,0.0
S. Cimbaljevic,Stefan Cimbaljevic,-483166,Radnički Kragujevac,Radnički Kragujevac,https://cdn5.wyscout.com/photos/team/public/g2849_120x120.png,Super Liga,LB,LB,92,,0,,0,21.0,2005-01-30,0,,10,635,1,0.77,0,0.46,15.45,54.13,Serbia,['Serbia'],left,180,0,False,7.37,6.66,65.96,2.13,46.67,0.85,1.33,0.0,2.13,3.33,0.71,2,0.28,0,0.0,2.69,0.14,1,0.14,0.11,1,0.14,4,0.5700000000000001,75.0,25.0,0.0,3.4,33.33,3.26,30.43,0.14,100.0,0.5700000000000001,1.56,72.73,4.39,48.39,1.56,0.99,0.28,24.24,0.71,1.56,32.6,72.17,14.03,63.64,4.68,84.85,25.09,84.75,4.25,26.67,19.69,35.24,0.06,0.43,0.0,0.0,0.0,0.0,0.28,6.38,48.89,2.83,30.0,0.28,0.0,0.28,0.99,6.66,72.34,79.71,9.78,0,,0,,0,0.0,0.0,0.0,,,0.5700000000000001,,2.13,0.0,0.0,0.0,0.0,0,0.0
B. Ramírez,Brian Aramis Ramírez,-208155,Khorfakkan,Spartak Subotica,https://cdn5.wyscout.com/photos/team/public/g9967_120x120.png,UAE Pro League,"RCMF, RCMF3, LDMF",RCMF,45,RCMF3,42,LDMF,10,25.0,2000-08-29,50000,2028-05-31,12,623,0,0.56,0,0.08,22.97,47.8,Argentina,['Argentina'],left,173,65,False,11.99,9.68,61.19,2.17,33.33,1.16,1.56,0.43,4.91,6.62,2.89,4,0.58,0,0.0,1.73,0.0,0,0.0,0.08,0,0.0,9,1.3,11.11,0.0,0.0,1.01,42.86,0.14,0.0,0.87,50.0,0.0,2.31,50.0,7.22,44.0,0.72,0.72,0.0,23.55,0.58,2.17,37.99,76.81,13.72,64.21,7.66,92.45,32.94,83.33,4.19,31.03,16.55,33.69,0.01,0.29,0.14,0.0,0.0,0.0,0.29,5.92,43.9,2.02,50.0,1.01,28.57,0.72,0.43,6.07,66.67,76.56,9.25,0,,0,,0,0.0,0.0,0.0,,,0.0,,2.17,0.0,0.0,0.0,0.0,0,0.0
B. Ramírez,Brian Ramírez,-763853,Spartak Subotica,Spartak Subotica,https://cdn5.wyscout.com/photos/team/public/1956_120x120.png,Super Liga,"RCMF, RCMF3, LDMF",RCMF,45,RCMF3,42,LDMF,10,25.0,2000-08-29,0,,12,623,0,0.56,0,0.08,22.97,47.8,Serbia,['Serbia'],,172,0,False,11.99,9.68,61.19,2.17,33.33,1.16,1.56,0.43,4.91,6.62,2.89,4,0.58,0,0.0,1.73,0.0,0,0.0,0.08,0,0.0,9,1.3,11.11,0.0,0.0,1.01,42.86,0.14,0.0,0.87,50.0,0.0,2.31,50.0,7.22,44.0,0.72,0.72,0.0,23.55,0.58,2.17,37.99,76.81,13.72,64.21,7.66,92.45,32.94,83.33,4.19,31.03,16.55,33.69,0.01,0.29,0.14,0.0,0.0,0.0,0.29,5.92,43.9,2.02,50.0,1.01,28.57,0.72,0.43,6.07,66.67,76.56,9.25,0,,0,,0,0.0,0.0,0.0,,,0.0,,2.17,0.0,0.0,0.0,0.0,0,0.0
D. Pantić,Danilo Pantić,270001,Mladost Lučani,Mladost Lučani,https://cdn5.wyscout.com/photos/team/public/703_120x120.png,Super Liga,"LCMF3, AMF, LCMF",LCMF3,51,AMF,13,LCMF,12,29.0,1996-10-26,300000,2026-06-30,9,608,1,0.54,1,1.34,14.06,44.21,Serbia,['Serbia'],right,183,68,False,3.4,2.37,31.25,1.18,50.0,0.30000000000000004,0.32,0.0,2.37,2.55,0.74,2,0.30000000000000004,0,0.0,1.33,0.15,1,0.15,0.08,0,0.0,10,1.48,30.0,10.0,0.15,0.44,0.0,0.30000000000000004,0.0,0.15,0.0,0.0,1.63,54.55,7.55,47.06,1.18,0.74,0.0,18.06,1.04,2.52,27.09,80.33,10.81,71.23,4.29,93.1,22.94,85.16,3.7,60.0,20.07,26.44,0.2,1.33,0.0,0.0,0.0,0.0,0.30000000000000004,4.59,67.74,1.78,58.33,0.44,33.33,0.89,0.0,5.77,76.92,85.45,8.14,0,,0,,0,0.0,0.0,0.0,,,0.30000000000000004,,1.18,1.33,0.15,0.0,2.37,0,0.0
U. Bonnet,Ugo Bonnet,393054,Grenoble,IMT Novi Beograd,https://cdn5.wyscout.com/photos/team/public/558_120x120.png,Ligue 2,"CF, AMF",CF,83,AMF,16,,0,32.0,1993-09-17,350000,2026-06-30,11,608,1,0.85,0,0.05,19.84,42.54,France,['France'],right,180,73,False,2.37,2.52,58.82,5.63,55.26,0.0,0.0,0.0,0.89,1.15,1.18,2,0.30000000000000004,0,0.0,0.74,0.15,1,0.15,0.13,0,0.0,8,1.18,50.0,12.5,0.0,0.0,0.0,0.0,0.0,0.0,0.0,0.0,0.44,33.33,7.4,26.0,2.37,0.44,0.15,13.47,2.81,2.07,17.32,78.63,2.81,31.58,5.18,94.29,16.43,81.08,0.89,33.33,13.65,7.58,0.01,0.30000000000000004,0.0,0.0,0.0,0.0,0.0,1.78,50.0,0.59,50.0,0.15,0.0,0.30000000000000004,0.0,0.89,50.0,91.67,5.33,0,,0,,0,0.0,0.0,0.0,,,0.0,,5.63,0.0,0.0,0.0,0.0,0,0.0
L. Mijović,Lazar Mijović,-99662,Čukarički,Čukarički,https://cdn5.wyscout.com/photos/team/public/702_120x120.png,Super Liga,"RAMF, RW",RAMF,80,RW,19,,0,23.0,2003-03-12,150000,2026-06-30,12,601,2,1.3599999999999999,0,0.11,16.92,45.13,Montenegro,['Montenegro'],left,183,74,False,4.94,5.09,70.59,1.2,37.5,0.0,0.0,0.0,1.35,1.9100000000000001,1.35,1,0.15,0,0.0,2.85,0.30000000000000004,2,0.30000000000000004,0.2,0,0.0,14,2.1,42.86,14.286,0.0,1.5,20.0,0.0,0.0,1.5,20.0,0.15,3.74,44.0,8.24,34.55,3.59,2.85,0.15,14.38,1.65,0.9,20.97,72.14,5.24,62.86,5.09,85.29,17.97,80.0,1.5,30.0,15.6,14.75,0.02,0.45,0.0,0.0,0.0,0.0,0.15,1.5,50.0,1.65,18.18,0.0,0.0,0.75,0.45,3.44,47.83,69.44,5.39,0,,0,,0,0.0,0.0,0.0,,,0.0,,1.2,0.0,0.0,0.0,0.0,0,0.0
L. Bijelović,Luka Bijelović,517435,Novi Pazar,Novi Pazar,https://cdn5.wyscout.com/photos/team/public/3838_120x120.png,Super Liga,"RAMF, LAMF, RW",RAMF,27,LAMF,24,RW,11,25.0,2001-04-11,1000000,2026-06-30,27,601,1,1.55,0,0.11,16.32,44.04,Serbia,['Serbia'],right,186,80,False,4.34,3.29,59.09,3.0,35.0,0.0,0.0,0.0,2.4,3.29,0.75,2,0.30000000000000004,0,0.0,1.9500000000000002,0.15,1,0.15,0.23,1,0.15,12,1.8,50.0,8.333,0.0,0.75,0.0,0.30000000000000004,0.0,0.45,0.0,0.0,1.05,85.71,7.94,41.51,2.25,1.8,0.30000000000000004,18.42,2.85,0.9,27.1,76.24,7.49,62.0,7.49,90.0,24.71,80.61,1.65,45.45,16.01,11.14,0.02,0.75,0.15,0.0,0.15,100.0,0.15,3.14,66.67,1.65,45.45,0.45,33.33,0.6000000000000001,0.0,3.44,78.26,85.11,7.04,0,,0,,0,0.0,0.0,0.0,,,0.15,,3.0,0.0,0.0,0.0,0.0,0,0.0
V. Ilić,Veljko Ilić,-266965,Widzew Łódź,Bačka Topola,https://cdn5.wyscout.com/photos/team/public/458_120x120.png,Ekstraklasa,GK,GK,100,,0,,0,22.0,2003-07-21,0,2029-06-30,6,589,0,0.0,0,0.0,0.46,100.0,Serbia,['Serbia'],right,195,83,False,0.61,0.0,0.0,0.31,100.0,0.0,0.0,0.0,0.61,0.93,0.0,0,0.0,0,0.0,0.0,0.0,0,0.0,0.0,0,0.0,0,0.0,0.0,0.0,0.0,0.0,0.0,0.0,0.0,0.0,0.0,0.0,0.0,0.0,0.0,0.0,0.0,0.0,0.0,18.03,0.15,0.15,26.89,78.98,18.34,72.5,0.0,0.0,14.82,96.91,12.07,56.96,32.93,48.7,0.0,0.0,0.0,0.0,0.0,0.0,0.0,3.21,57.14,0.0,0.0,0.15,0.0,0.0,0.0,8.4,63.64,92.45,8.1,7,1.07,33,5.04,2,78.79,6.96,1.06,-0.04,-0.006,0.0,0.76,0.31,,,,0.0,0,0.0
S. Cvetković,Stefan Cvetković,478833,Vardar,Železničar Pancevo,https://cdn5.wyscout.com/photos/team/public/g1436_120x120.png,First League,"LAMF, LW, LWF",LAMF,43,LW,34,LWF,11,28.0,1998-01-12,200000,,17,581,0,1.21,0,0.9,12.7,46.34,Serbia,['Serbia'],right,184,75,False,3.7199999999999998,2.32,60.0,1.24,25.0,0.0,0.0,0.15,2.32,3.38,0.31,1,0.15,0,0.0,3.1,0.0,0,0.0,0.19,0,0.0,14,2.17,35.71,0.0,0.0,2.17,14.29,2.17,14.29,0.0,0.0,0.77,3.25,61.9,8.36,44.44,2.63,2.79,1.08,15.96,2.32,1.55,21.22,68.61,4.65,53.33,6.97,88.89,17.19,79.28,1.8599999999999999,33.33,20.45,23.24,0.14,1.08,0.0,0.0,0.0,0.0,0.46,2.01,46.15,2.48,43.75,0.15,0.0,1.08,0.46,3.87,64.0,68.18,6.82,0,,0,,0,0.0,0.0,0.0,,,0.0,,1.24,1.24,0.46,33.33,3.25,0,0.0
Abdulsamed Abdullahi,Abdulsamed Ahmed Abdullahi,459497,Novi Pazar,Novi Pazar,https://cdn5.wyscout.com/photos/team/public/3838_120x120.png,Super Liga,"RAMF, RB, LW",RAMF,32,RB,25,LW,11,29.0,1997-01-19,175000,2026-06-30,14,579,0,0.27,0,0.93,21.45,46.38,Netherlands,"['Netherlands', 'Somalia']",right,183,65,False,10.41,7.31,59.57,3.26,33.33,0.78,1.0,0.0,5.28,6.8,1.24,0,0.0,0,0.0,4.04,0.0,0,0.0,0.04,0,0.0,6,0.93,33.33,0.0,0.0,2.8,44.44,1.4,44.44,1.4,44.44,0.62,3.73,62.5,9.02,41.38,1.71,1.24,0.62,9.95,0.78,1.09,20.21,75.38,5.13,69.7,5.6,91.67,16.63,83.18,0.93,33.33,16.86,13.49,0.14,0.78,0.0,0.0,0.16,100.0,0.47000000000000003,1.4,55.56,1.87,66.67,0.0,0.0,0.31,1.09,2.8,61.11,70.0,6.22,0,,0,,0,0.0,0.0,0.0,,,0.16,,3.26,0.31,0.0,0.0,0.16,0,0.0
V. Čarapić,Vladan Čarapić,-483719,Čukarički,Čukarički,https://cdn5.wyscout.com/photos/team/public/702_120x120.png,Super Liga,GK,GK,100,,0,,0,19.0,2007-01-30,0,2026-06-30,6,578,0,0.0,0,0.0,0.16,100.0,Serbia,['Serbia'],right,0,0,False,1.09,0.0,0.0,0.16,100.0,0.0,0.0,0.0,1.09,1.37,0.0,0,0.0,0,0.0,0.0,0.0,0,0.0,0.0,0,0.0,0,0.0,0.0,0.0,0.0,0.0,0.0,0.0,0.0,0.0,0.0,0.0,0.0,0.0,0.0,0.0,0.0,0.0,0.0,12.46,0.16,0.0,19.31,86.29,9.97,75.0,0.0,0.0,11.52,100.0,7.79,66.0,32.39,49.68,0.0,0.0,0.0,0.0,0.0,0.0,0.0,1.87,58.33,0.0,0.0,0.0,0.0,0.0,0.0,5.76,81.08,98.04,7.94,6,0.93,31,4.83,3,80.65,8.29,1.29,2.29,0.357,0.0,0.62,0.16,,,,0.0,0,0.0
D. Stevanović,Dimitrije Stevanović,-198452,Javor Ivanjica,Javor Ivanjica,https://cdn5.wyscout.com/photos/team/public/1255_120x120.png,Super Liga,GK,GK,100,,0,,0,21.0,2004-08-27,350000,2029-06-30,6,573,0,0.0,0,0.0,0.47000000000000003,100.0,Serbia,['Serbia'],right,190,77,False,2.04,0.16,100.0,0.31,100.0,0.0,0.0,0.0,1.88,2.26,0.0,0,0.0,0,0.0,0.0,0.0,0,0.0,0.0,0,0.0,0,0.0,0.0,0.0,0.0,0.0,0.0,0.0,0.0,0.0,0.0,0.0,0.0,0.0,0.0,0.0,0.0,0.0,0.0,10.21,0.16,0.16,16.18,81.55,9.74,72.58,0.0,0.0,9.11,98.28,7.07,60.0,32.69,46.75,0.0,0.0,0.0,0.0,0.0,0.0,0.0,1.57,40.0,0.0,0.0,0.0,0.0,0.0,0.0,5.34,70.59,94.87,6.13,9,1.4100000000000001,27,4.24,4,66.67,9.14,1.44,0.14,0.022,0.0,2.04,0.31,,,,0.0,0,0.0
O. Bondzulic,Ognjen Bondzulic,-483634,Mladost Lučani,Mladost Lučani,https://cdn5.wyscout.com/photos/team/public/703_120x120.png,Super Liga,"CF, LW, LAMF",CF,50,LW,33,LAMF,15,18.0,2007-07-24,0,2027-06-30,7,571,2,0.9500000000000001,0,0.21,21.59,35.04,Serbia,['Serbia'],right,0,0,False,2.84,2.52,43.75,2.05,23.08,0.0,0.0,0.0,1.73,1.92,0.9500000000000001,2,0.32,0,0.0,2.52,0.32,2,0.32,0.15,0,0.0,9,1.42,33.33,22.222,0.0,1.42,11.11,0.9500000000000001,16.67,0.47000000000000003,0.0,0.16,4.89,38.71,13.71,35.63,1.58,1.8900000000000001,0.32,7.88,0.47000000000000003,2.99,9.93,57.14,3.15,55.0,1.73,90.91,8.2,67.31,0.32,0.0,16.86,6.24,0.03,0.32,0.0,0.0,0.16,0.0,0.0,0.63,0.0,0.9500000000000001,33.33,0.16,0.0,0.16,0.32,1.1,57.14,56.25,2.52,0,,0,,0,0.0,0.0,0.0,,,0.0,,2.05,0.0,0.0,0.0,0.0,0,0.0
K. Eta,Kufre Eta,-183128,Vojvodina,Vojvodina,https://cdn5.wyscout.com/photos/team/public/700_120x120.png,Super Liga,"LCB, RCB",LCB,53,RCB,27,,0,21.0,2004-06-10,0,2029-06-30,10,564,0,0.02,0,0.0,23.46,62.59,Cameroon,['Cameroon'],,0,0,False,11.65,8.14,80.39,5.27,60.61,0.32,0.52,0.16,4.79,7.76,1.12,3,0.48,0,0.0,2.07,0.0,0,0.0,0.0,0,0.0,3,0.48,0.0,0.0,0.0,0.32,50.0,0.0,0.0,0.32,50.0,0.16,1.9100000000000001,100.0,5.9,59.46,0.16,2.07,0.48,32.71,0.16,0.96,51.7,84.57,20.43,72.66,3.67,91.3,44.36,89.93,7.02,52.27,21.26,40.65,0.0,0.0,0.0,0.0,0.0,0.0,0.0,5.43,58.82,0.64,25.0,0.32,0.0,0.0,0.16,8.62,55.56,95.83,22.98,0,,0,,0,0.0,0.0,0.0,,,1.6,,5.27,0.0,0.0,0.0,0.0,0,0.0
D. Pavkovic,Dario Pavkovic,-325424,Spartak Subotica,Spartak Subotica,https://cdn5.wyscout.com/photos/team/public/1956_120x120.png,Super Liga,CF,CF,94,,0,,0,31.0,1994-05-28,0,2027-06-30,15,558,1,0.81,0,0.33,28.06,31.61,Croatia,['Croatia'],unknown,0,0,False,3.55,3.71,60.87,9.35,32.76,0.48,0.68,0.0,0.81,1.13,1.45,1,0.16,0,0.0,1.29,0.16,1,0.16,0.13,0,0.0,12,1.94,33.33,8.333,0.0,0.81,0.0,0.65,0.0,0.0,0.0,0.0,1.45,44.44,9.84,21.31,1.77,0.97,0.0,9.03,2.1,1.13,15.97,75.76,4.03,60.0,4.03,92.0,14.68,80.22,0.48,66.67,18.08,5.11,0.05,0.48,0.16,0.0,0.0,0.0,0.48,2.1,69.23,1.45,44.44,0.0,0.0,0.48,0.0,1.6099999999999999,90.0,79.31,4.68,0,,0,,0,0.0,0.0,0.0,,,0.0,,9.35,0.16,0.16,0.0,0.0,0,0.0
S. Raskovic,Savo Raskovic,-256544,Radnik Surdulica,Radnik Surdulica,https://cdn5.wyscout.com/photos/team/public/g6756_120x120.png,Super Liga,"RCMF, LDMF, LCMF",RCMF,23,LDMF,23,LCMF,18,24.0,2002-01-25,0,2028-06-30,15,558,0,0.37,0,0.26,14.68,49.45,Serbia,['Serbia'],right,184,0,False,11.29,6.77,57.14,2.58,56.25,0.65,0.8,0.32,6.77,8.4,1.13,2,0.32,0,0.0,0.97,0.0,0,0.0,0.06,0,0.0,5,0.81,20.0,0.0,0.0,0.48,66.67,0.16,0.0,0.32,100.0,0.0,1.13,42.86,3.55,45.45,0.65,1.13,0.0,20.16,0.16,0.65,40.16,75.5,17.26,58.88,5.0,93.55,33.55,84.62,6.13,26.32,18.78,31.01,0.04,0.81,0.0,0.0,0.0,0.0,0.16,9.19,59.65,1.94,25.0,0.32,0.0,0.32,0.32,7.58,70.21,86.05,13.87,0,,0,,0,0.0,0.0,0.0,,,0.97,,2.58,0.0,0.0,0.0,0.32,0,0.0
F. Holender,Filip Holender,287163,Spartak Subotica,Spartak Subotica,https://cdn5.wyscout.com/photos/team/public/1956_120x120.png,Super Liga,"RW, RB5, RWB",RW,62,RB5,17,RWB,12,31.0,1994-07-27,225000,2027-06-30,9,550,1,0.68,1,0.99,9.65,28.81,Serbia,"['Serbia', 'Hungary']",right,180,73,False,4.09,3.27,35.0,2.13,23.08,0.0,0.0,0.0,2.95,3.5300000000000002,0.98,0,0.0,0,0.0,0.98,0.16,1,0.16,0.11,0,0.0,8,1.31,37.5,12.5,0.16,1.31,0.0,0.0,0.0,1.31,0.0,0.0,0.98,33.33,2.95,27.78,2.7800000000000002,1.31,0.0,20.13,2.62,0.8200000000000001,26.02,65.41,9.16,51.79,5.07,93.55,20.62,76.98,4.25,26.92,18.7,37.11,0.16,0.8200000000000001,0.0,0.0,0.16,100.0,0.49,4.42,40.74,1.8,27.27,0.49,33.33,1.15,0.16,4.91,53.33,51.28,6.38,0,,0,,0,0.0,0.0,0.0,,,0.49,,2.13,0.0,0.0,0.0,0.0,0,0.0
M. Jović,Miloš  Jović,-483621,IMT Novi Beograd,IMT Novi Beograd,https://cdn5.wyscout.com/photos/team/public/g30905_120x120.png,Super Liga,CF,CF,94,,0,,0,19.0,2006-05-22,0,,20,546,2,2.21,0,0.41000000000000003,26.04,39.87,Serbia,['Serbia'],right,0,0,True,5.44,3.46,76.19,8.24,30.0,0.0,0.0,0.0,2.8,4.05,0.49,2,0.33,0,0.0,1.32,0.33,2,0.33,0.36,0,0.0,8,1.32,50.0,25.0,0.0,0.0,0.0,0.0,0.0,0.0,0.0,0.0,1.15,57.14,9.56,36.21,2.47,0.49,0.0,9.23,1.65,1.98,16.98,75.73,2.64,43.75,5.93,83.33,16.98,75.73,0.0,0.0,10.4,0.0,0.07,0.66,0.0,0.0,0.0,0.0,0.49,1.15,42.86,0.33,50.0,0.0,0.0,0.49,0.0,0.99,50.0,78.57,4.62,0,,0,,0,0.0,0.0,0.0,,,0.0,,8.24,0.0,0.0,0.0,0.0,1,0.0
S. Medojević,Slobodan Medojević,40700,Vojvodina,Vojvodina,https://cdn5.wyscout.com/photos/team/public/700_120x120.png,Super Liga,"LCMF, LDMF, RCMF",LCMF,44,LDMF,25,RCMF,19,35.0,1990-10-20,200000,2026-06-30,13,539,0,0.30000000000000004,1,0.26,12.02,61.11,Serbia,['Serbia'],right,183,78,False,8.35,6.18,75.68,3.01,55.56,0.33,0.44,0.17,3.34,4.44,0.8300000000000001,1,0.17,0,0.0,0.67,0.0,0,0.0,0.05,0,0.0,3,0.5,33.33,0.0,0.17,1.0,50.0,0.5,33.33,0.5,66.67,0.17,0.5,0.0,1.34,37.5,0.67,0.67,0.0,28.72,0.33,0.5,43.91,87.45,16.2,76.29,5.51,100.0,40.07,91.25,2.84,47.06,15.3,15.97,0.04,0.67,0.0,0.0,0.33,0.0,0.33,7.68,69.57,1.5,44.44,0.5,0.0,0.33,0.5,5.18,83.87,94.85,16.2,0,,0,,0,0.0,0.0,0.0,,,0.17,,3.01,0.0,0.0,0.0,0.0,0,0.0
B. Acquah,Benjamin Acquah,-266984,Javor Ivanjica,Javor Ivanjica,https://cdn5.wyscout.com/photos/team/public/1255_120x120.png,Super Liga,"AMF, CF, LCMF",AMF,48,CF,16,LCMF,15,25.0,2000-12-29,300000,2027-06-30,12,521,2,0.78,0,0.9500000000000001,21.77,46.83,Ghana,['Ghana'],right,180,70,False,8.46,9.33,51.85,3.2800000000000002,57.89,0.6900000000000001,0.91,0.6900000000000001,2.94,3.86,2.25,2,0.35000000000000003,1,0.17,1.9,0.35000000000000003,2,0.35000000000000003,0.14,0,0.0,7,1.21,57.14,28.571,0.0,0.86,40.0,0.0,0.0,0.6900000000000001,50.0,0.52,0.86,100.0,6.74,38.46,1.9,1.21,0.35000000000000003,23.67,1.04,0.86,31.96,84.86,7.95,80.43,7.26,90.48,29.71,87.21,1.38,62.5,16.54,18.61,0.16,0.6900000000000001,0.17,0.0,0.0,0.0,0.35000000000000003,3.45,85.0,1.04,50.0,0.0,0.0,0.6900000000000001,0.35000000000000003,3.45,75.0,86.89,10.54,0,,0,,0,0.0,0.0,0.0,,,0.0,,3.2800000000000002,0.0,0.0,0.0,0.35000000000000003,0,0.0
M. Mladenovic,Marko Mladenovic,-279000,Vojvodina,Vojvodina,https://cdn5.wyscout.com/photos/team/public/700_120x120.png,Super Liga,"AMF, RAMF, LAMF",AMF,25,RAMF,23,LAMF,21,21.0,2005-01-30,500000,2028-06-30,14,517,1,1.15,1,0.46,15.32,38.64,Germany,"['Germany', 'Serbia']",right,174,68,False,4.7,5.05,44.83,2.09,25.0,0.52,0.8300000000000001,0.0,1.9100000000000001,3.03,1.74,1,0.17,0,0.0,1.74,0.17,1,0.17,0.2,0,0.0,11,1.9100000000000001,18.18,9.091,0.17,1.04,16.67,0.17,0.0,0.87,20.0,0.17,2.09,58.33,5.74,36.36,3.31,1.22,0.17,19.5,1.3900000000000001,1.04,26.46,83.55,6.79,66.67,7.49,95.35,23.5,87.41,2.09,66.67,17.79,27.5,0.08,1.04,0.0,0.17,0.0,0.0,0.35000000000000003,3.13,66.67,1.57,44.44,0.17,100.0,0.52,0.17,3.83,81.82,80.0,8.7,0,,0,,0,0.0,0.0,0.0,,,0.17,,2.09,0.7000000000000001,0.0,0.0,0.87,0,0.0
J. Djurkovic,Jagoš Djurkovic,-483595,Mladost Lučani U19,Mladost Lučani,https://cdn5.wyscout.com/photos/team/public/g-9943_120x120.png,U19 League,"RCMF, LCMF3, LCMF",RCMF,36,LCMF3,26,LCMF,18,18.0,2008-03-05,0,,15,517,0,0.66,0,0.12,20.54,42.37,Serbia,['Serbia'],unknown,0,0,False,9.05,9.92,57.89,4.7,22.22,0.17,0.21,0.0,3.13,3.75,1.3900000000000001,1,0.17,1,0.17,1.22,0.0,0,0.0,0.11,0,0.0,7,1.22,71.43,0.0,0.0,0.17,0.0,0.17,0.0,0.0,0.0,0.0,1.04,33.33,4.18,29.17,1.3900000000000001,0.35000000000000003,0.0,16.36,0.17,0.7000000000000001,25.07,71.53,10.44,61.67,3.48,95.0,21.76,73.6,3.13,61.11,17.61,11.33,0.02,0.17,0.0,0.0,0.0,0.0,0.17,4.53,69.23,1.22,42.86,0.17,0.0,0.52,0.0,5.22,70.0,77.5,6.96,0,,0,,0,0.0,0.0,0.0,,,0.35000000000000003,,4.7,0.0,0.0,0.0,0.0,0,0.0
D. Nikolić,Djordje Nikolić,317310,Čukarički,Čukarički,https://cdn5.wyscout.com/photos/team/public/702_120x120.png,Super Liga,GK,GK,100,,0,,0,29.0,1997-04-13,250000,2026-12-31,5,500,0,0.0,0,0.0,0.18,100.0,Serbia,['Serbia'],right,195,91,False,1.44,0.0,0.0,0.18,100.0,0.0,0.0,0.0,1.44,1.88,0.0,0,0.0,0,0.0,0.0,0.0,0,0.0,0.0,0,0.0,0,0.0,0.0,0.0,0.0,0.0,0.0,0.0,0.0,0.0,0.0,0.0,0.0,0.0,0.0,0.0,0.0,0.0,0.0,8.28,0.36,0.18,15.3,76.47,10.08,66.07,0.0,0.0,7.74,95.35,7.5600000000000005,57.14,35.83,50.9,0.0,0.0,0.0,0.0,0.0,0.0,0.0,2.16,58.33,0.0,0.0,0.0,0.0,0.0,0.0,6.48,66.67,96.3,4.86,5,0.9,20,3.6,1,75.0,4.73,0.85,-0.27,-0.049,0.0,1.08,0.18,,,,0.0,0,0.0
C. Kouadio,Christ Sarkodje Kouadio,-51087,Radnik Surdulica,Radnik Surdulica,https://cdn5.wyscout.com/photos/team/public/g6756_120x120.png,Super Liga,"RB, LB, LW",RB,50,LB,29,LW,18,25.0,2000-12-23,175000,2027-06-30,8,496,0,0.28,0,0.16,12.16,38.81,Côte d'Ivoire,"[""Côte d'Ivoire""]",right,170,70,False,6.35,7.8,44.19,1.09,0.0,0.18,0.2,0.18,2.7199999999999998,3.0,2.7199999999999998,2,0.36,0,0.0,0.91,0.0,0,0.0,0.05,0,0.0,1,0.18,0.0,0.0,0.0,0.91,40.0,0.54,33.33,0.36,50.0,0.0,0.91,60.0,2.7199999999999998,40.0,0.36,0.91,0.36,13.61,0.54,0.36,18.69,85.44,7.08,74.36,3.81,100.0,15.6,93.02,2.18,50.0,15.54,24.16,0.03,0.36,0.0,0.0,0.0,0.0,0.18,1.81,60.0,1.27,28.57,0.36,0.0,0.0,0.54,3.45,63.16,90.0,5.44,0,,0,,0,0.0,0.0,0.0,,,0.54,,1.09,0.0,0.0,0.0,0.0,0,0.0
S. Petrovic,Stefan  Petrovic,-483343,Partizan,Partizan,https://cdn5.wyscout.com/photos/team/public/699_120x120.png,Super Liga,LB,LB,96,,0,,0,18.0,2008-03-01,0,,9,491,0,0.0,0,0.0,12.65,59.42,Serbia,['Serbia'],left,0,0,False,11.18,7.88,67.44,0.92,20.0,0.37,0.59,0.18,5.5,8.82,0.73,1,0.18,0,0.0,0.92,0.0,0,0.0,0.0,0,0.0,0,0.0,0.0,0.0,0.0,1.28,14.29,1.28,14.29,0.0,0.0,0.37,1.28,57.14,2.5700000000000003,50.0,0.55,1.47,0.37,15.03,0.18,0.73,26.21,74.13,10.08,54.55,4.58,100.0,22.18,81.82,2.75,40.0,17.63,15.97,0.0,0.0,0.0,0.0,0.0,0.0,0.0,2.75,46.67,0.73,25.0,0.0,0.0,0.18,0.18,4.77,38.46,82.98,8.62,0,,0,,0,0.0,0.0,0.0,,,0.73,,0.92,0.0,0.0,0.0,0.0,0,0.0
D. Yusuf,Bamidele Yusuf,-173905,Ferencváros,Vojvodina,https://cdn5.wyscout.com/photos/team/public/1108_120x120.png,NB I,"LW, LAMF",LW,65,LAMF,32,,0,24.0,2001-02-22,700000,2027-06-30,5,490,3,1.87,3,1.6400000000000001,22.78,49.19,Nigeria,['Nigeria'],right,180,75,False,5.88,6.43,65.71,2.2,66.67,0.18,0.26,0.18,1.47,2.07,2.39,3,0.55,0,0.0,3.86,0.55,2,0.37,0.34,1,0.18,11,2.02,36.36,27.273,0.55,2.02,54.55,1.8399999999999999,60.0,0.18,0.0,0.37,3.86,47.62,12.31,43.28,2.94,2.94,1.1,15.8,2.2,0.92,23.69,71.32,8.82,54.17,4.78,84.62,20.76,74.34,1.1,33.33,16.99,20.79,0.30000000000000004,0.92,0.0,0.0,0.37,50.0,0.55,2.5700000000000003,42.86,3.31,55.56,0.37,100.0,0.92,1.1,3.86,76.19,77.42,5.69,0,,0,,0,0.0,0.0,0.0,,,0.0,,2.2,0.0,0.0,0.0,0.0,1,100.0
D. Djokic,David Djokic,-568370,Mladost Lučani U19,Mladost Lučani,https://cdn5.wyscout.com/photos/team/public/g-9943_120x120.png,U19 League,"RW, RCMF3, CF",RW,50,RCMF3,23,CF,14,16.0,2009-07-08,0,2026-06-30,14,489,0,0.42,0,0.01,15.09,37.8,Serbia,['Serbia'],unknown,0,0,False,4.79,3.87,61.9,0.55,33.33,0.18,0.2,0.0,2.21,2.37,0.55,0,0.0,0,0.0,1.6600000000000001,0.0,0,0.0,0.08,0,0.0,7,1.29,14.29,0.0,0.0,1.29,42.86,0.0,0.0,1.29,42.86,0.0,2.76,33.33,9.02,26.53,1.29,0.55,0.55,10.67,1.8399999999999999,1.47,16.2,71.59,4.6,60.0,3.13,88.24,13.25,76.39,1.6600000000000001,55.56,18.87,14.61,0.0,0.18,0.0,0.18,0.0,0.0,0.0,1.47,25.0,1.6600000000000001,55.56,0.0,0.0,0.37,0.37,3.13,47.06,69.7,6.07,0,,0,,0,0.0,0.0,0.0,,,0.0,,0.55,0.18,0.0,0.0,0.18,0,0.0
V. Radosavljevic,Veljko Radosavljevic,-483908,Čukarički,Čukarički,https://cdn5.wyscout.com/photos/team/public/702_120x120.png,Super Liga,"RAMF, AMF, LW",RAMF,44,AMF,14,LW,10,21.0,2005-04-02,0,2027-12-31,17,476,0,0.35000000000000003,1,0.72,23.07,49.18,Serbia,['Serbia'],right,180,0,False,8.32,5.29,67.86,8.13,53.49,0.9500000000000001,1.22,0.38,3.7800000000000002,4.88,1.32,2,0.38,0,0.0,1.13,0.0,0,0.0,0.07,0,0.0,5,0.9500000000000001,0.0,0.0,0.19,1.32,57.14,0.38,50.0,0.9500000000000001,60.0,0.0,0.9500000000000001,40.0,7.75,36.59,1.8900000000000001,0.38,0.0,12.48,1.51,1.8900000000000001,18.53,70.41,4.92,61.54,4.35,82.61,16.45,72.41,0.9500000000000001,40.0,13.35,9.54,0.14,0.76,0.19,0.0,0.0,0.0,0.5700000000000001,1.51,75.0,1.32,42.86,0.0,0.0,0.5700000000000001,0.76,2.84,53.33,57.69,4.92,0,,0,,0,0.0,0.0,0.0,,,0.0,,8.13,0.5700000000000001,0.19,0.0,0.0,0,0.0
Y. Jarju,Yankuba Jarju,399346,Andrézieux,Radnički Kragujevac,https://cdn5.wyscout.com/photos/team/public/g5570_120x120.png,National 2,CF,CF,87,,0,,0,29.0,1996-08-20,300000,2027-06-30,13,472,1,1.8599999999999999,0,0.25,21.93,37.39,Gambia,['Gambia'],right,186,75,False,3.81,2.48,69.23,7.82,34.15,0.19,0.29,0.38,1.9100000000000001,2.94,1.33,0,0.0,0,0.0,2.86,0.19,1,0.19,0.36,0,0.0,9,1.72,55.56,11.111,0.0,0.76,25.0,0.38,50.0,0.38,0.0,0.0,2.48,69.23,6.86,38.89,3.62,1.1400000000000001,0.0,8.77,2.1,1.72,14.11,81.08,1.9100000000000001,50.0,5.53,93.1,13.16,85.51,0.19,0.0,13.09,2.76,0.05,0.5700000000000001,0.0,0.19,0.0,0.0,0.38,0.76,50.0,1.33,42.86,0.0,0.0,0.9500000000000001,0.19,0.9500000000000001,60.0,75.0,3.05,0,,0,,0,0.0,0.0,0.0,,,0.0,,7.82,0.0,0.0,0.0,0.0,0,0.0
O. Glazer,Omri Glazer,330278,Crvena Zvezda,Crvena Zvezda,https://cdn5.wyscout.com/photos/team/public/483_120x120.png,Super Liga,GK,GK,100,,0,,0,30.0,1996-03-11,5000000,2026-06-30,5,470,0,0.0,0,0.0,0.96,80.0,Israel,"['Israel', 'Romania']",right,191,79,False,1.53,0.0,0.0,0.38,50.0,0.0,0.0,0.0,1.53,2.86,0.19,0,0.0,0,0.0,0.0,0.0,0,0.0,0.0,0,0.0,0,0.0,0.0,0.0,0.0,0.0,0.0,0.0,0.0,0.0,0.0,0.0,0.0,0.0,0.38,100.0,0.0,0.0,0.19,15.89,0.0,0.19,22.79,86.55,14.55,81.58,0.0,0.0,15.13,97.47,7.66,65.0,28.42,37.52,0.0,0.0,0.0,0.0,0.0,0.0,0.0,1.72,22.22,0.0,0.0,0.0,0.0,0.0,0.0,5.17,74.07,95.0,7.66,3,0.5700000000000001,12,2.3,3,75.0,2.89,0.55,-0.11,-0.021,0.0,0.5700000000000001,0.38,,,,0.0,0,0.0
D. Markocević,Darije Markocević,-483217,Radnik Surdulica,Radnik Surdulica,https://cdn5.wyscout.com/photos/team/public/g6756_120x120.png,Super Liga,"CF, AMF",CF,80,AMF,11,,0,19.0,2006-09-05,0,2028-06-30,15,466,0,0.75,0,0.0,22.02,30.7,Bosnia and Herzegovina,['Bosnia and Herzegovina'],right,0,0,False,3.48,2.9,46.67,6.18,25.0,0.39,0.62,0.0,1.74,2.7800000000000002,2.12,0,0.0,0,0.0,0.77,0.0,0,0.0,0.15,0,0.0,7,1.35,14.29,0.0,0.0,0.0,0.0,0.0,0.0,0.0,0.0,0.0,0.97,60.0,8.5,25.0,2.32,0.39,0.0,4.25,0.39,2.32,7.73,65.0,2.12,45.45,2.32,83.33,7.34,65.79,0.39,50.0,11.59,6.65,0.0,0.19,0.19,0.0,0.0,0.0,0.0,1.55,37.5,0.19,0.0,0.0,0.0,0.0,0.0,0.39,100.0,77.78,1.74,0,,0,,0,0.0,0.0,0.0,,,0.0,,6.18,0.0,0.0,0.0,0.0,0,0.0
S. Tomovic,Stefan Tomovic,-635865,Bačka Topola U19,Bačka Topola,https://cdn5.wyscout.com/photos/team/public/g-11690_120x120.png,U19 League,"LAMF, AMF, LW",LAMF,41,AMF,18,LW,15,17.0,2008-08-28,0,,15,465,0,0.72,0,0.07,25.16,36.92,Serbia,['Serbia'],unknown,0,0,False,6.77,7.35,57.89,4.06,19.05,0.19,0.32,0.19,2.32,3.87,0.97,1,0.19,0,0.0,3.48,0.0,0,0.0,0.14,0,0.0,5,0.97,20.0,0.0,0.0,1.35,14.29,1.35,14.29,0.0,0.0,0.58,5.03,61.54,11.81,34.43,1.94,1.35,0.39,12.58,1.35,1.35,21.29,73.64,6.58,52.94,6.77,94.29,19.16,80.81,0.77,0.0,16.03,7.76,0.01,0.39,0.0,0.0,0.19,0.0,0.19,1.94,40.0,2.71,50.0,0.39,0.0,1.16,0.39,3.1,50.0,66.67,4.06,0,,0,,0,0.0,0.0,0.0,,,0.39,,4.06,0.0,0.0,0.0,0.0,0,0.0
S. Ashkovski,Stefan Ashkovski,134707,Mes Rafsanjan,Radnički Niš,https://cdn5.wyscout.com/photos/team/public/g10426_120x120.png,Persian Gulf Pro League,"RB, LB",RB,60,LB,27,,0,34.0,1992-02-24,200000,2026-06-30,9,463,0,0.31,0,0.03,18.47,45.26,North Macedonia,"['North Macedonia', 'Bulgaria']",left,179,63,False,8.55,7.97,60.98,1.56,50.0,0.19,0.30000000000000004,0.0,3.5,5.45,0.97,0,0.0,0,0.0,2.33,0.0,0,0.0,0.06,0,0.0,3,0.58,33.33,0.0,0.0,1.75,33.33,0.58,66.67,1.17,16.67,0.39,4.28,36.36,7.39,36.84,0.58,1.3599999999999999,0.39,19.44,2.7199999999999998,0.97,29.55,85.53,8.36,76.74,5.44,96.43,25.46,93.13,2.33,41.67,14.02,14.53,0.01,0.19,0.0,0.0,0.0,0.0,0.0,1.94,80.0,1.94,50.0,0.0,0.0,0.58,0.58,6.41,78.79,87.04,10.5,0,,0,,0,0.0,0.0,0.0,,,0.0,,1.56,0.0,0.0,0.0,0.0,0,0.0
Caju,Wanderson de Jesus Martins,374853,Spartak Subotica,Spartak Subotica,https://cdn5.wyscout.com/photos/team/public/1956_120x120.png,Super Liga,"LB, LB5",LB,54,LB5,38,,0,30.0,1995-07-17,800000,2026-05-31,8,462,0,0.29,0,0.12,14.03,45.83,Brazil,['Brazil'],left,185,78,False,6.62,5.26,59.26,1.17,66.67,0.78,0.98,0.0,2.73,3.41,0.58,0,0.0,0,0.0,1.9500000000000002,0.0,0,0.0,0.06,0,0.0,5,0.97,40.0,0.0,0.0,3.31,29.41,3.31,29.41,0.0,0.0,0.39,2.73,21.43,6.82,31.43,1.3599999999999999,2.14,0.39,27.86,1.3599999999999999,0.19,37.6,72.54,15.97,68.29,3.12,75.0,32.34,78.31,2.5300000000000002,46.15,16.5,30.55,0.02,0.39,0.0,0.0,0.0,0.0,0.0,5.84,63.33,2.73,42.86,0.19,0.0,0.19,0.78,8.77,82.22,78.57,10.91,0,,0,,0,0.0,0.0,0.0,,,0.0,,1.17,0.19,0.0,0.0,0.58,0,0.0
B. Mirčetić,Bogdan Mirčetić,-423093,Raków Częstochowa,Radnički Kragujevac,https://cdn5.wyscout.com/photos/team/public/g3113_120x120.png,Ekstraklasa,"RCMF, RWF, RCMF3",RCMF,36,RWF,25,RCMF3,21,20.0,2005-10-25,0,2030-06-30,5,459,1,1.97,0,0.97,22.16,47.79,Serbia,['Serbia'],left,184,75,False,6.08,5.29,74.07,1.76,22.22,0.2,0.32,0.0,1.96,3.16,0.39,0,0.0,0,0.0,5.29,0.2,0,0.0,0.39,0,0.0,15,2.94,46.67,6.667,0.0,2.75,28.57,0.78,50.0,1.96,20.0,0.39,5.1,57.69,13.53,40.58,3.92,2.16,0.0,28.63,1.37,0.98,35.69,85.71,10.39,84.91,6.67,94.12,31.37,91.88,1.57,62.5,18.02,37.53,0.19,1.96,0.0,0.0,0.59,33.33,0.0,4.31,72.73,3.5300000000000002,50.0,0.78,25.0,1.76,0.78,3.92,95.0,83.33,14.12,0,,0,,0,0.0,0.0,0.0,,,0.0,,1.76,0.98,0.2,0.0,3.14,1,100.0
A. Kosiah,Ayouba Kosiah,-275318,Radnik Surdulica,Radnik Surdulica,https://cdn5.wyscout.com/photos/team/public/g6756_120x120.png,Super Liga,CF,CF,98,,0,,0,24.0,2001-07-22,400000,2028-12-31,10,456,0,2.01,0,0.02,14.41,38.36,Netherlands,"['Netherlands', 'Liberia']",left,188,79,False,3.16,1.97,60.0,3.95,50.0,0.39,0.47000000000000003,0.0,1.58,1.8599999999999999,1.38,3,0.59,0,0.0,0.79,0.0,0,0.0,0.4,0,0.0,10,1.97,20.0,0.0,0.0,0.0,0.0,0.0,0.0,0.0,0.0,0.0,0.59,66.67,6.71,23.53,3.16,0.39,0.0,7.7,1.78,0.99,11.25,80.7,1.38,85.71,5.13,80.77,10.86,83.64,0.39,0.0,13.11,5.71,0.0,0.2,0.0,0.0,0.0,0.0,0.0,1.18,66.67,0.2,100.0,0.0,0.0,0.2,0.0,0.79,75.0,77.78,1.78,0,,0,,0,0.0,0.0,0.0,,,0.0,,3.95,0.0,0.0,0.0,0.0,0,0.0
I. Šubert,Ivan Šubert,247132,,Napredak Kruševac,,,"CB, LCB",CB,62,LCB,35,,0,32.0,1993-10-14,200000,,8,455,0,0.03,0,0.0,11.47,70.69,Serbia,['Serbia'],left,192,83,False,10.29,5.54,71.43,2.9699999999999998,73.33,0.59,0.7000000000000001,0.59,5.74,6.74,0.99,1,0.2,1,0.2,0.2,0.0,0,0.0,0.01,0,0.0,1,0.2,100.0,0.0,0.0,0.0,0.0,0.0,0.0,0.0,0.0,0.0,0.0,0.0,1.19,66.67,0.59,0.0,0.0,9.89,0.2,0.59,24.33,73.98,13.05,60.61,0.79,100.0,20.97,80.19,3.36,35.29,23.0,32.5,0.0,0.0,0.0,0.0,0.0,0.0,0.0,4.15,42.86,0.4,50.0,0.2,0.0,0.0,0.0,5.74,68.97,86.96,9.1,0,,0,,0,0.0,0.0,0.0,,,0.79,,2.9699999999999998,0.0,0.0,0.0,0.0,0,0.0
E. Mehmedović,Eldar Mehmedović,-223658,Sloga Doboj,Spartak Subotica,https://cdn5.wyscout.com/photos/team/public/g3179_120x120.png,Premijer Liga,"LDMF, RCMF3, LCMF3",LDMF,24,RCMF3,18,LCMF3,15,23.0,2003-04-10,200000,2026-06-30,10,453,0,0.08,0,0.14,24.83,51.2,Bosnia and Herzegovina,['Bosnia and Herzegovina'],right,190,74,False,10.53,7.35,70.27,4.77,58.33,0.0,0.0,0.0,5.36,8.27,1.19,3,0.6000000000000001,0,0.0,1.5899999999999999,0.0,0,0.0,0.02,0,0.0,4,0.79,0.0,0.0,0.0,0.6000000000000001,0.0,0.0,0.0,0.6000000000000001,0.0,0.2,3.18,50.0,11.13,35.71,0.2,1.79,0.4,32.19,0.2,1.79,46.09,88.36,14.7,77.03,9.34,97.87,44.11,90.09,1.5899999999999999,62.5,16.51,12.55,0.03,0.4,0.0,0.0,0.0,0.0,0.2,6.5600000000000005,84.85,1.3900000000000001,57.14,0.2,0.0,0.4,0.0,5.76,75.86,91.36,16.09,0,,0,,0,0.0,0.0,0.0,,,0.2,,4.77,0.0,0.0,0.0,0.0,0,0.0
D. Jovanović,Dušan Jovanović,-83060,Železničar Pancevo,Železničar Pancevo,https://cdn5.wyscout.com/photos/team/public/g34577_120x120.png,Super Liga,CF,CF,98,,0,,0,20.0,2006-02-15,0,2028-06-30,16,450,0,0.5,2,0.4,23.2,31.03,Serbia,['Serbia'],right,184,0,False,3.4,2.2,54.55,5.6,39.29,0.0,0.0,0.2,2.2,3.79,1.8,1,0.2,0,0.0,2.0,0.0,0,0.0,0.1,0,0.0,5,1.0,20.0,0.0,0.4,0.4,100.0,0.2,100.0,0.2,100.0,0.4,2.6,53.85,10.4,30.77,2.2,0.2,0.2,5.2,0.6000000000000001,0.6000000000000001,9.0,73.33,1.0,60.0,2.6,84.62,8.4,73.81,0.2,0.0,9.13,2.5,0.08,0.8,0.0,0.0,0.0,0.0,0.6000000000000001,0.4,50.0,0.4,100.0,0.0,0.0,0.6000000000000001,0.4,0.8,25.0,85.71,1.4,0,,0,,0,0.0,0.0,0.0,,,0.2,,5.6,0.0,0.0,0.0,0.0,0,0.0
N. Skrobonja,Nikola  Skrobonja,-487463,Napredak Kruševac,Napredak Kruševac,https://cdn5.wyscout.com/photos/team/public/704_120x120.png,Super Liga,"LAMF, LW",LAMF,38,LW,34,,0,20.0,2005-08-16,0,2026-06-30,14,445,0,0.32,0,0.09,16.58,43.9,Serbia,['Serbia'],right,187,0,False,2.63,4.45,54.55,2.83,28.57,0.0,0.0,0.0,0.2,0.33,1.62,2,0.4,0,0.0,3.24,0.0,0,0.0,0.06,0,0.0,6,1.21,16.67,0.0,0.0,1.21,33.33,1.01,20.0,0.0,0.0,0.0,3.84,68.42,7.69,44.74,2.02,2.83,0.2,17.39,1.21,1.21,21.84,71.3,5.26,61.54,7.28,77.78,20.43,74.26,0.2,0.0,14.07,2.16,0.02,0.2,0.0,0.0,0.2,0.0,0.0,1.21,66.67,1.01,20.0,0.2,0.0,0.2,0.2,2.63,53.85,80.77,5.26,0,,0,,0,0.0,0.0,0.0,,,0.0,,2.83,0.0,0.0,0.0,0.2,0,0.0
I. Dembele,Issiaka Dembele,-636073,OFK Beograd,OFK Beograd,https://cdn5.wyscout.com/photos/team/public/705_120x120.png,Super Liga,"LDMF, RDMF, LCMF3",LDMF,23,RDMF,21,LCMF3,21,20.0,2005-11-04,0,2029-06-30,13,444,0,0.0,0,0.0,17.43,52.33,Serbia,['Serbia'],unknown,0,0,False,9.73,9.12,64.44,2.43,41.67,1.42,1.78,0.41000000000000003,2.43,3.05,1.42,2,0.41000000000000003,0,0.0,0.41000000000000003,0.0,0,0.0,0.0,0,0.0,1,0.2,0.0,0.0,0.0,0.2,0.0,0.2,0.0,0.0,0.0,0.0,0.81,50.0,3.85,31.58,0.2,0.41000000000000003,0.2,12.77,0.0,0.81,22.3,72.73,5.88,27.59,3.45,88.24,20.27,75.0,1.82,55.56,14.23,16.86,0.0,0.2,0.0,0.0,0.0,0.0,0.0,2.03,30.0,0.81,25.0,0.2,0.0,0.2,0.0,3.45,11.76,88.89,9.12,0,,0,,0,0.0,0.0,0.0,,,0.61,,2.43,0.0,0.0,0.0,0.0,0,0.0
S. Šćepović,Stefan Šćepović,47365,Estepona,OFK Beograd,https://cdn5.wyscout.com/photos/team/public/g-13284_120x120.png,Segunda Division RFEF,CF,CF,96,,0,,0,36.0,1990-01-10,200000,2026-06-30,11,438,1,0.99,0,0.11,13.36,40.0,Serbia,['Serbia'],right,187,78,False,0.8200000000000001,0.41000000000000003,50.0,4.11,35.0,0.21,0.33,0.0,0.41000000000000003,0.66,0.0,0,0.0,0,0.0,1.03,0.21,1,0.21,0.2,0,0.0,5,1.03,40.0,20.0,0.0,0.8200000000000001,25.0,0.41000000000000003,0.0,0.41000000000000003,50.0,0.0,0.8200000000000001,50.0,6.78,45.45,2.05,0.0,0.0,12.12,1.85,2.47,18.7,71.43,4.52,63.64,4.73,95.65,17.26,73.81,0.62,66.67,19.09,7.46,0.02,0.41000000000000003,0.0,0.0,0.21,0.0,0.21,1.6400000000000001,75.0,1.44,42.86,0.41000000000000003,50.0,0.8200000000000001,0.0,1.23,66.67,61.54,5.34,0,,0,,0,0.0,0.0,0.0,,,0.0,,4.11,0.0,0.0,0.0,0.0,0,0.0
M. Zuvić,Mateja Zuvić,477688,Javor Ivanjica,Javor Ivanjica,https://cdn5.wyscout.com/photos/team/public/1255_120x120.png,Super Liga,"AMF, LCMF3, RW",AMF,41,LCMF3,17,RW,13,26.0,2000-02-13,250000,2027-06-30,13,435,1,0.27,0,0.6900000000000001,22.34,42.59,Serbia,['Serbia'],left,181,74,False,3.31,4.55,54.55,1.45,42.86,0.0,0.0,0.0,0.8300000000000001,1.08,1.45,2,0.41000000000000003,0,0.0,3.7199999999999998,0.21,1,0.21,0.06,0,0.0,5,1.03,20.0,20.0,0.0,2.2800000000000002,45.45,0.8300000000000001,50.0,1.45,42.86,0.41000000000000003,4.14,60.0,14.69,39.44,1.8599999999999999,2.2800000000000002,0.41000000000000003,10.55,1.03,1.6600000000000001,20.28,72.45,5.79,60.71,4.97,83.33,16.34,81.01,2.07,30.0,17.84,18.59,0.14,1.6600000000000001,0.0,0.0,0.21,0.0,0.8300000000000001,2.48,50.0,2.07,60.0,0.0,0.0,0.41000000000000003,1.03,2.9,78.57,75.0,5.79,0,,0,,0,0.0,0.0,0.0,,,0.0,,1.45,0.21,0.0,0.0,1.03,0,0.0
Hervé Touré,Hervé Touré,-364873,Javor Ivanjica,Javor Ivanjica,https://cdn5.wyscout.com/photos/team/public/1255_120x120.png,Super Liga,"RCMF, LCMF, AMF",RCMF,48,LCMF,21,AMF,13,26.0,2000-05-20,0,2026-06-30,7,432,2,1.25,1,0.07,18.13,55.17,France,"['France', ""Côte d'Ivoire""]",right,187,0,True,9.17,6.46,64.52,4.17,45.0,0.42,0.5700000000000001,0.0,4.58,6.29,1.46,1,0.21,0,0.0,2.71,0.42,2,0.42,0.26,0,0.0,10,2.08,60.0,20.0,0.21,2.08,30.0,0.0,0.0,2.08,30.0,0.21,1.25,66.67,5.63,51.85,1.46,0.63,0.21,24.17,0.63,2.08,36.67,85.23,11.25,77.78,7.29,91.43,32.71,90.45,2.08,50.0,16.95,30.54,0.02,0.63,0.21,0.0,0.0,0.0,0.21,4.58,81.82,1.67,37.5,0.0,0.0,0.21,0.63,4.38,85.71,86.44,12.29,0,,0,,0,0.0,0.0,0.0,,,0.0,,4.17,0.0,0.0,0.0,0.21,0,0.0
M. Šarić,Marko Šarić,448054,Muang Thong United,Napredak Kruševac,https://cdn5.wyscout.com/photos/team/public/2860_120x120.png,Thai League,"CF, AMF",CF,80,AMF,19,,0,27.0,1998-11-28,650000,2026-06-30,11,403,2,0.41000000000000003,0,0.0,19.21,30.23,Serbia,['Serbia'],left,188,75,False,2.46,1.34,83.33,6.03,22.22,0.0,0.0,0.0,1.34,1.9100000000000001,0.22,0,0.0,0,0.0,1.56,0.45,2,0.45,0.09,1,0.22,3,0.67,66.67,66.667,0.0,1.12,20.0,0.89,25.0,0.22,0.0,0.0,1.34,66.67,8.93,30.0,1.34,0.67,0.0,9.38,1.56,2.01,13.4,81.67,3.13,64.29,4.02,94.44,11.61,88.46,1.12,60.0,20.48,17.87,0.0,0.22,0.22,0.0,0.0,0.0,0.0,2.01,66.67,0.67,66.67,0.22,100.0,0.45,0.0,1.12,60.0,88.24,3.8,0,,0,,0,0.0,0.0,0.0,,,0.0,,6.03,0.0,0.0,0.0,0.0,0,0.0
V. Vitorović,Vladimir Vitorović,-65899,Spartak Subotica,Spartak Subotica,https://cdn5.wyscout.com/photos/team/public/1956_120x120.png,Super Liga,LB,LB,95,,0,,0,25.0,2000-10-03,0,2026-06-30,4,399,0,0.12,0,0.06,21.88,51.55,Serbia,['Serbia'],left,182,73,False,12.18,8.57,65.79,4.96,40.91,0.23,0.33,0.23,6.32,9.13,2.03,0,0.0,0,0.0,1.8,0.0,0,0.0,0.03,0,0.0,6,1.35,0.0,0.0,0.0,2.93,38.46,2.93,38.46,0.0,0.0,0.23,2.03,33.33,6.32,46.43,1.13,0.68,0.45,32.48,1.58,0.68,45.11,84.0,16.69,75.68,7.22,100.0,35.64,91.77,6.77,60.0,18.71,36.26,0.01,0.45,0.0,0.23,0.0,0.0,0.23,4.51,65.0,4.29,36.84,0.68,33.33,0.45,1.35,8.8,84.62,81.82,12.41,0,,0,,0,0.0,0.0,0.0,,,0.68,,4.96,0.68,0.45,0.0,0.0,0,0.0
N. Radonjić,Nemanja Radonjić,269516,Crvena Zvezda,Crvena Zvezda,https://cdn5.wyscout.com/photos/team/public/483_120x120.png,Super Liga,"RW, LAMF, LW",RW,34,LAMF,30,LW,27,30.0,1996-02-15,2800000,2026-06-30,10,398,2,0.98,0,1.16,16.73,39.19,Serbia,['Serbia'],right,185,76,False,2.94,2.71,66.67,0.68,33.33,0.0,0.0,0.0,1.13,1.9,0.0,0,0.0,0,0.0,5.65,0.45,2,0.45,0.22,0,0.0,7,1.58,71.43,28.571,0.0,3.39,26.67,2.71,33.33,0.68,0.0,0.9,7.69,47.06,12.21,35.19,3.17,4.75,0.0,30.3,2.04,0.68,35.05,72.9,11.76,61.54,6.5600000000000005,93.1,30.3,76.87,1.3599999999999999,100.0,15.22,15.61,0.26,1.81,0.23,0.0,0.0,0.0,1.13,2.26,80.0,5.43,45.83,0.45,100.0,2.04,0.9,7.24,75.0,76.32,8.59,0,,0,,0,0.0,0.0,0.0,,,0.23,,0.68,0.23,0.0,0.0,0.45,0,0.0
T. Wouter,Tayrell Wouter,-279780,OFK Beograd,OFK Beograd,https://cdn5.wyscout.com/photos/team/public/705_120x120.png,Super Liga,"CF, RWF, LWF",CF,25,RWF,21,LWF,15,23.0,2002-07-16,300000,2028-06-30,10,388,1,0.91,1,0.79,16.47,38.03,Netherlands,['Netherlands'],right,179,66,False,6.96,6.73,55.17,1.16,20.0,0.46,0.79,0.0,2.7800000000000002,4.74,1.16,1,0.23,0,0.0,2.32,0.23,1,0.23,0.21,0,0.0,6,1.3900000000000001,66.67,16.667,0.23,1.3900000000000001,33.33,0.46,50.0,0.93,25.0,0.0,0.93,100.0,5.57,33.33,2.32,1.16,0.46,16.24,0.7000000000000001,0.46,22.73,74.49,5.34,60.87,6.26,88.89,20.41,78.41,0.93,50.0,15.2,15.57,0.18,1.16,0.0,0.0,0.0,0.0,0.46,1.62,57.14,1.8599999999999999,62.5,0.0,0.0,0.7000000000000001,0.46,2.32,60.0,75.0,7.42,0,,0,,0,0.0,0.0,0.0,,,0.23,,1.16,0.7000000000000001,0.23,0.0,2.32,0,0.0
A. Milanovic,Andrej Milanovic,-497005,IMT Novi Beograd U19,IMT Novi Beograd,https://cdn5.wyscout.com/photos/team/public/g-18838_120x120.png,U19 League,"RCB, LCB",RCB,75,LCB,24,,0,17.0,2008-08-20,0,,4,388,1,0.09,0,0.0,6.96,60.0,Serbia,['Serbia'],,0,0,False,5.1,3.25,57.14,2.09,66.67,0.0,0.0,0.23,3.25,3.59,0.7000000000000001,0,0.0,0,0.0,0.23,0.23,1,0.23,0.02,1,0.23,1,0.23,100.0,100.0,0.0,0.0,0.0,0.0,0.0,0.0,0.0,0.0,0.0,0.0,0.93,25.0,0.23,0.0,0.0,12.29,0.23,0.23,20.18,79.31,8.58,67.57,2.32,80.0,16.24,84.29,3.94,58.82,23.62,36.04,0.0,0.0,0.0,0.0,0.0,0.0,0.0,3.02,61.54,0.0,0.0,0.0,0.0,0.0,0.0,3.48,66.67,96.97,7.65,0,,0,,0,0.0,0.0,0.0,,,1.8599999999999999,,2.09,0.0,0.0,0.0,0.0,0,0.0
N. Leković,Nikola Leković,143418,Mladost Lučani,Mladost Lučani,https://cdn5.wyscout.com/photos/team/public/703_120x120.png,Super Liga,"LB, LCB3, LB5",LB,53,LCB3,25,LB5,20,36.0,1989-12-19,150000,2026-06-30,4,386,0,0.0,0,0.0,11.42,53.06,Serbia,['Serbia'],left,177,73,False,8.39,6.06,65.38,2.1,44.44,1.17,1.12,0.23,3.26,3.13,0.23,0,0.0,0,0.0,0.7000000000000001,0.0,0,0.0,0.0,0,0.0,0,0.0,0.0,0.0,0.0,2.33,20.0,2.1,22.22,0.23,0.0,0.23,0.23,100.0,2.1,33.33,0.23,0.47000000000000003,0.0,22.62,0.47000000000000003,0.7000000000000001,31.94,74.45,16.32,71.43,3.03,100.0,22.38,87.5,7.23,51.61,21.7,30.36,0.0,0.0,0.0,0.0,0.0,0.0,0.0,4.66,80.0,2.1,44.44,0.23,100.0,0.47000000000000003,0.7000000000000001,7.69,60.61,71.43,8.16,0,,0,,0,0.0,0.0,0.0,,,0.23,,2.1,0.0,0.0,0.0,0.23,0,0.0
M. Preković,Miloje Preković,135926,Novi Pazar,Novi Pazar,https://cdn5.wyscout.com/photos/team/public/3838_120x120.png,Super Liga,GK,GK,100,,0,,0,34.0,1991-06-07,50000,2026-06-30,4,381,0,0.0,0,0.0,0.24,100.0,Serbia,['Serbia'],right,192,90,False,0.47000000000000003,0.0,0.0,0.24,100.0,0.0,0.0,0.0,0.47000000000000003,0.56,0.0,0,0.0,0,0.0,0.0,0.0,0,0.0,0.0,0,0.0,0,0.0,0.0,0.0,0.0,0.0,0.0,0.0,0.0,0.0,0.0,0.0,0.0,0.0,0.0,0.0,0.0,0.0,0.0,19.84,0.47000000000000003,0.0,27.87,88.14,13.94,76.27,0.0,0.0,17.24,98.63,10.63,71.11,31.47,45.8,0.0,0.0,0.0,0.0,0.0,0.0,0.0,1.8900000000000001,75.0,0.0,0.0,0.24,0.0,0.0,0.0,8.5,69.44,100.0,13.23,5,1.18,11,2.6,2,54.55,4.48,1.06,-0.52,-0.123,0.0,0.9400000000000001,0.24,,,,0.0,0,0.0
V. Radojević,Viktor Radojević,-155250,Chicago Fire,Bačka Topola,https://cdn5.wyscout.com/photos/team/public/687_120x120.png,MLS,LB,LB,100,,0,,0,21.0,2004-07-14,0,2028-12-31,4,375,0,0.0,0,0.13,18.0,53.33,Serbia,['Serbia'],left,175,65,False,10.8,8.88,54.05,1.6800000000000002,57.14,1.6800000000000002,2.69,0.24,4.32,6.92,0.72,1,0.24,0,0.0,0.96,0.0,0,0.0,0.0,0,0.0,1,0.24,0.0,0.0,0.0,1.2,60.0,1.2,60.0,0.0,0.0,0.0,0.96,25.0,4.08,47.06,0.0,0.72,0.0,20.16,1.44,2.4,29.04,75.21,13.92,60.34,5.04,95.24,22.8,83.16,5.52,47.83,19.45,39.42,0.03,0.24,0.24,0.0,0.0,0.0,0.24,4.32,38.89,1.44,50.0,0.72,66.67,0.24,0.24,6.24,53.85,85.71,6.72,0,,0,,0,0.0,0.0,0.0,,,1.6800000000000002,,1.6800000000000002,0.0,0.0,0.0,0.0,0,0.0
O. Abramusic,Ognjen Abramusic,-341405,Čukarički,Čukarički,https://cdn5.wyscout.com/photos/team/public/702_120x120.png,Super Liga,"AMF, LDMF, RCMF",AMF,45,LDMF,21,RCMF,14,22.0,2003-10-18,0,2029-06-30,7,371,0,0.27,0,0.14,19.65,50.62,Serbia,['Serbia'],,0,0,False,8.98,7.76,50.0,4.61,47.37,1.46,2.05,0.49,3.64,5.11,1.21,1,0.24,0,0.0,1.7000000000000002,0.0,0,0.0,0.07,0,0.0,6,1.46,33.33,0.0,0.0,0.97,25.0,0.0,0.0,0.97,25.0,0.0,1.7000000000000002,42.86,6.31,53.85,0.73,1.94,0.49,22.32,0.49,2.18,33.72,81.29,8.25,76.47,5.09,85.71,31.05,85.16,1.7000000000000002,42.86,14.41,15.7,0.03,0.49,0.0,0.0,0.49,50.0,0.24,6.55,77.78,3.15,30.77,0.49,50.0,0.73,0.24,5.34,77.27,85.25,14.8,0,,0,,0,0.0,0.0,0.0,,,0.49,,4.61,0.0,0.0,0.0,0.0,0,0.0
N. Mićević,Nemanja Mićević,-116297,Altay,Radnički Niš,https://cdn5.wyscout.com/photos/team/public/g36010_120x120.png,Premier League,LCB,LCB,97,,0,,0,27.0,1999-01-28,650000,2026-12-31,5,364,0,0.26,0,0.0,14.09,54.39,Serbia,['Serbia'],left,190,83,False,7.42,7.42,53.33,4.7,57.89,0.25,0.38,0.49,3.21,4.94,1.48,1,0.25,0,0.0,0.0,0.0,0,0.0,0.06,0,0.0,2,0.49,0.0,0.0,0.0,0.0,0.0,0.0,0.0,0.0,0.0,0.0,0.0,0.0,0.25,100.0,0.74,0.49,0.0,27.2,0.49,0.25,41.79,85.8,20.52,79.52,3.96,93.75,37.09,90.0,4.7,52.63,19.1,26.61,0.0,0.0,0.0,0.0,0.0,0.0,0.0,4.2,70.59,0.25,100.0,0.0,0.0,0.25,0.0,6.43,61.54,92.98,14.09,0,,0,,0,0.0,0.0,0.0,,,2.9699999999999998,,4.7,0.0,0.0,0.0,0.0,0,0.0
N. Stevanovic,Novak  Stevanovic,-735113,Napredak Kruševac U19,Napredak Kruševac,https://cdn5.wyscout.com/photos/team/public/g-6118_120x120.png,U19 League,"CF, RCMF3, RW",CF,54,RCMF3,16,RW,12,16.0,2009-07-14,0,,8,363,0,0.04,0,0.06,19.34,30.77,Serbia,['Serbia'],unknown,0,0,False,5.7,5.7,43.48,4.71,26.32,0.25,0.30000000000000004,0.25,2.98,3.6,1.74,0,0.0,0,0.0,0.5,0.0,0,0.0,0.01,0,0.0,1,0.25,0.0,0.0,0.0,0.0,0.0,0.0,0.0,0.0,0.0,0.0,0.74,66.67,6.94,25.0,1.24,0.25,0.0,15.87,0.74,0.99,20.83,77.38,6.45,50.0,3.9699999999999998,93.75,19.83,80.0,0.99,25.0,11.86,10.53,0.01,0.5,0.0,0.0,0.0,0.0,0.25,2.73,63.64,0.5,50.0,0.25,0.0,0.0,0.0,2.73,45.45,88.89,4.46,0,,0,,0,0.0,0.0,0.0,,,0.0,,4.71,0.0,0.0,0.0,0.0,0,0.0
K. Campbell,Kenroy Campbell,-123843,IMT Novi Beograd,IMT Novi Beograd,https://cdn5.wyscout.com/photos/team/public/g30905_120x120.png,Super Liga,"RW, RAMF, RCMF3",RW,42,RAMF,17,RCMF3,16,23.0,2002-05-03,0,2027-06-30,10,351,1,0.74,1,1.3900000000000001,34.87,46.32,Jamaica,['Jamaica'],right,0,0,False,9.74,8.97,51.43,5.9,39.13,0.51,0.7000000000000001,0.51,4.62,6.28,2.05,3,0.77,0,0.0,5.9,0.26,1,0.26,0.19,0,0.0,12,3.08,41.67,8.333,0.26,2.31,44.44,0.51,50.0,1.79,42.86,0.0,5.38,66.67,16.67,47.69,1.79,1.79,0.0,11.79,1.03,3.59,19.74,58.44,6.41,40.0,5.64,95.45,14.87,68.97,2.56,10.0,19.73,29.92,0.36,1.28,0.0,0.0,0.0,0.0,1.03,2.31,44.44,2.56,30.0,0.0,0.0,0.51,0.77,3.59,64.29,50.0,4.1,0,,0,,0,0.0,0.0,0.0,,,0.0,,5.9,0.26,0.26,0.0,0.0,0,0.0
A. Rahim Sawadogu,Abdoul Rahim Sawadogu,-794211,Železničar Pancevo,Železničar Pancevo,https://cdn5.wyscout.com/photos/team/public/g34577_120x120.png,Super Liga,"RCB, LCB",RCB,53,LCB,46,,0,19.0,2006-11-12,0,,4,348,0,0.22,0,0.0,17.33,53.73,Côte d'Ivoire,"[""Côte d'Ivoire""]",,0,0,True,8.53,7.24,57.14,5.43,61.9,0.52,0.77,0.26,3.88,5.77,1.03,0,0.0,0,0.0,0.52,0.0,0,0.0,0.06,0,0.0,3,0.78,33.33,0.0,0.0,0.26,0.0,0.0,0.0,0.26,0.0,0.0,0.52,50.0,2.59,30.0,1.03,0.78,0.0,57.67,0.52,0.52,74.48,88.19,33.36,80.62,4.66,94.44,68.79,92.86,5.43,33.33,20.56,45.14,0.0,0.0,0.0,0.0,0.0,0.0,0.0,7.5,51.72,0.78,0.0,0.26,0.0,0.0,0.0,9.57,59.46,97.39,29.74,0,,0,,0,0.0,0.0,0.0,,,4.14,,5.43,0.0,0.0,0.0,0.0,0,0.0
S. Ristić,Strahinja Ristić,-348802,Napredak Kruševac,Napredak Kruševac,https://cdn5.wyscout.com/photos/team/public/704_120x120.png,Super Liga,"RCB, LCB3",RCB,63,LCB3,27,,0,22.0,2004-03-17,0,2028-06-30,6,341,0,0.02,0,0.0,12.14,65.22,Serbia,['Serbia'],,187,82,False,13.2,6.07,78.26,2.9,54.55,1.06,1.24,1.32,7.39,8.66,0.53,1,0.26,0,0.0,0.26,0.0,0,0.0,0.01,0,0.0,1,0.26,0.0,0.0,0.0,0.0,0.0,0.0,0.0,0.0,0.0,0.0,0.26,100.0,1.85,42.86,0.0,0.79,0.0,22.96,0.0,0.53,36.95,76.43,17.42,62.12,3.96,100.0,27.71,84.76,9.24,51.43,19.72,26.2,0.0,0.0,0.0,0.0,0.0,0.0,0.0,5.28,55.0,0.53,0.0,0.53,0.0,0.0,0.0,9.77,45.95,93.02,11.35,0,,0,,0,0.0,0.0,0.0,,,2.9,,2.9,0.0,0.0,0.0,0.0,0,0.0
J. Mulato,José Daniel Mulato Palacios,-142287,Posušje,Spartak Subotica,https://cdn5.wyscout.com/photos/team/public/1308_120x120.png,Premijer Liga,"CF, LAMF",CF,89,LAMF,10,,0,23.0,2003-01-09,250000,2028-06-30,6,338,0,0.68,0,0.5700000000000001,14.38,40.74,Colombia,['Colombia'],left,180,75,True,2.4,1.33,80.0,3.46,46.15,0.0,0.0,0.0,1.33,1.74,0.27,0,0.0,0,0.0,1.07,0.0,0,0.0,0.18,0,0.0,4,1.07,25.0,0.0,0.0,0.27,100.0,0.27,100.0,0.0,0.0,0.27,1.6,33.33,7.19,29.63,2.66,0.53,0.0,13.58,1.07,1.07,25.3,81.05,6.12,52.17,8.79,93.94,24.23,81.32,0.8,66.67,14.64,11.99,0.15,1.07,0.27,0.0,0.0,0.0,0.53,2.13,87.5,1.07,50.0,0.0,0.0,1.07,0.27,2.66,50.0,85.71,5.59,0,,0,,0,0.0,0.0,0.0,,,0.0,,3.46,0.0,0.0,0.0,0.0,0,0.0
M. Radonjić,Mateja  Radonjić,-294610,Radnički Niš,Radnički Niš,https://cdn5.wyscout.com/photos/team/public/g2850_120x120.png,Super Liga,"AMF, CF, DMF",AMF,31,CF,19,DMF,18,20.0,2005-09-20,0,2028-06-30,9,337,1,0.44,1,0.56,15.22,45.61,Serbia,['Serbia'],left,180,69,False,6.41,6.41,58.33,1.34,40.0,0.0,0.0,0.53,2.67,4.17,1.87,1,0.27,0,0.0,1.6,0.27,1,0.27,0.12,0,0.0,9,2.4,22.22,11.111,0.27,0.8,33.33,0.53,50.0,0.27,0.0,0.0,1.07,75.0,5.34,40.0,1.34,1.34,0.0,15.49,0.53,0.53,25.37,77.89,8.01,56.67,5.34,90.0,21.63,81.48,2.94,63.64,15.75,26.1,0.15,0.8,0.0,0.0,0.0,0.0,0.53,3.74,64.29,1.34,40.0,0.0,0.0,0.53,0.27,4.01,73.33,85.71,7.48,0,,0,,0,0.0,0.0,0.0,,,0.53,,1.34,0.53,0.27,0.0,1.07,0,0.0
Y. Omosanya Ibrahim,Yusuf Omosanya Ibrahim,-696188,Radnički Kragujevac U19,Radnički Kragujevac,https://cdn5.wyscout.com/photos/team/public/g-14355_120x120.png,,"RDMF, AMF",RDMF,58,AMF,23,,0,19.0,2006-05-25,0,,8,335,0,0.24,0,0.02,22.84,42.35,Serbia,['Serbia'],,0,0,False,8.6,9.94,45.95,4.03,40.0,0.0,0.0,0.27,4.03,6.0,1.6099999999999999,2,0.54,0,0.0,0.81,0.0,0,0.0,0.06,0,0.0,3,0.81,33.33,0.0,0.0,0.27,0.0,0.0,0.0,0.27,0.0,0.0,1.34,40.0,6.99,34.62,0.0,1.07,0.0,21.76,0.0,1.07,34.66,79.07,13.97,59.62,4.84,100.0,30.9,84.35,3.49,38.46,15.6,25.31,0.0,0.27,0.0,0.0,0.0,0.0,0.0,6.72,76.0,1.07,25.0,0.0,0.0,0.0,0.0,5.64,66.67,88.0,13.43,0,,0,,0,0.0,0.0,0.0,,,0.54,,4.03,0.0,0.0,0.0,0.0,0,0.0
M. Pavkov,Milan Pavkov,245644,Čukarički,Čukarički,https://cdn5.wyscout.com/photos/team/public/702_120x120.png,Super Liga,CF,CF,87,,0,,0,32.0,1994-02-09,700000,2026-12-31,21,332,0,0.97,0,0.03,30.63,53.1,Serbia,['Serbia'],right,193,83,False,3.25,2.71,40.0,15.72,65.52,0.27,0.51,0.54,1.9,3.56,2.17,1,0.27,0,0.0,2.17,0.0,0,0.0,0.26,0,0.0,11,2.98,36.36,0.0,0.0,1.08,25.0,0.54,0.0,0.54,50.0,0.0,1.08,75.0,6.51,33.33,4.61,0.0,0.0,11.11,1.08,1.63,15.45,70.18,4.07,66.67,2.44,88.89,13.28,75.51,1.3599999999999999,40.0,15.0,8.58,0.01,0.27,0.0,0.0,0.0,0.0,0.27,2.17,50.0,0.81,33.33,0.0,0.0,0.54,0.0,1.9,85.71,61.9,5.69,0,,0,,0,0.0,0.0,0.0,,,0.0,,15.72,0.0,0.0,0.0,0.0,0,0.0
L. Stankovski,Luka Stankovski,-104618,Kolos Kovalivka,Radnički Kragujevac,https://cdn5.wyscout.com/photos/team/public/g33977_120x120.png,VBET League,"LCMF, LAMF, RCMF3",LCMF,31,LAMF,21,RCMF3,17,23.0,2002-09-02,650000,2028-06-30,13,330,0,1.42,0,0.35000000000000003,26.73,40.82,North Macedonia,"['North Macedonia', 'Bulgaria']",right,190,76,False,4.64,4.91,55.56,4.64,70.59,0.0,0.0,0.0,1.9100000000000001,3.96,2.18,2,0.55,0,0.0,3.0,0.0,0,0.0,0.39,0,0.0,5,1.3599999999999999,20.0,0.0,0.0,1.3599999999999999,20.0,0.55,0.0,0.8200000000000001,33.33,0.0,4.09,60.0,14.45,30.19,2.18,2.45,0.0,16.91,0.55,2.18,24.0,78.41,6.82,64.0,4.64,88.24,21.55,83.54,1.09,50.0,16.2,9.46,0.1,0.8200000000000001,0.0,0.0,0.27,0.0,0.55,2.45,44.44,2.45,33.33,0.27,0.0,1.09,0.55,1.9100000000000001,85.71,75.86,7.91,0,,0,,0,0.0,0.0,0.0,,,0.0,,4.64,0.0,0.0,0.0,0.0,0,0.0
Đ. Petar,Đokovic Petar,-613393,Javor Ivanjica,Javor Ivanjica,https://cdn5.wyscout.com/photos/team/public/1255_120x120.png,Super Liga,"CF, AMF, LCMF3",CF,56,AMF,29,LCMF3,10,18.0,2008-02-13,0,,15,321,0,0.0,1,0.30000000000000004,30.84,37.27,Senegal,"['Senegal', 'Serbia']",,0,0,False,5.61,5.89,57.14,12.06,25.58,0.56,0.87,0.0,1.6800000000000002,2.61,1.4,1,0.28,0,0.0,0.28,0.0,0,0.0,0.0,0,0.0,0,0.0,0.0,0.0,0.28,0.28,0.0,0.28,0.0,0.0,0.0,0.0,1.4,20.0,10.09,30.56,0.84,0.56,0.0,8.13,2.24,1.4,13.18,74.47,4.21,46.67,2.52,100.0,11.5,75.61,1.4,80.0,14.67,6.46,0.09,0.56,0.0,0.0,0.0,0.0,0.0,3.36,58.33,1.4,40.0,0.28,0.0,0.56,0.0,1.4,60.0,82.35,4.77,0,,0,,0,0.0,0.0,0.0,,,0.0,,12.06,0.0,0.0,0.0,0.0,0,0.0
Juninho,Rafael Batista Da Silva Junior,-344764,IMT Novi Beograd,IMT Novi Beograd,https://cdn5.wyscout.com/photos/team/public/g30905_120x120.png,Super Liga,"LW, LAMF",LW,78,LAMF,21,,0,19.0,2006-07-02,0,,5,313,1,1.3,0,0.0,18.69,46.15,Brazil,['Brazil'],right,170,69,False,6.04,4.03,57.14,1.73,16.67,1.15,1.54,0.0,2.59,3.46,1.44,1,0.29,0,0.0,2.59,0.29,1,0.29,0.37,0,0.0,7,2.01,42.86,14.286,0.0,1.44,0.0,1.44,0.0,0.0,0.0,0.0,3.74,38.46,11.79,51.22,2.59,0.58,0.0,11.79,2.59,4.31,14.95,69.23,2.59,66.67,4.31,73.33,12.65,77.27,1.15,50.0,16.53,24.64,0.0,0.29,0.0,0.0,0.58,50.0,0.0,1.44,60.0,1.44,0.0,0.58,0.0,0.0,0.0,0.58,50.0,54.55,3.16,0,,0,,0,0.0,0.0,0.0,,,0.0,,1.73,0.0,0.0,0.0,0.0,0,0.0
L. Laban,Luka Laban,-240531,Napredak Kruševac,Napredak Kruševac,https://cdn5.wyscout.com/photos/team/public/704_120x120.png,Super Liga,"RCMF, LCMF, AMF",RCMF,32,LCMF,31,AMF,14,22.0,2004-04-07,75000,,8,310,0,0.01,0,0.09,15.39,47.17,Serbia,['Serbia'],right,186,78,False,11.03,6.39,54.55,4.35,46.67,0.87,1.13,0.58,6.68,8.63,0.87,2,0.58,0,0.0,0.87,0.0,0,0.0,0.0,0,0.0,2,0.58,0.0,0.0,0.0,0.58,50.0,0.0,0.0,0.58,50.0,0.0,0.58,100.0,3.77,46.15,0.58,0.29,0.0,21.77,0.58,0.58,34.84,70.0,14.23,53.06,5.52,84.21,30.77,75.47,3.48,25.0,21.35,22.65,0.03,0.29,0.0,0.0,0.0,0.0,0.29,6.39,63.64,0.87,33.33,0.29,0.0,0.0,0.29,5.8100000000000005,55.0,84.21,11.03,0,,0,,0,0.0,0.0,0.0,,,0.29,,4.35,0.0,0.0,0.0,0.0,0,0.0
S. Gudelj,Stefan Gudelj,-350684,Grafičar,Crvena Zvezda,https://cdn5.wyscout.com/photos/team/public/g4182_120x120.png,Prva Liga,"RCB3, LCB, RCB",RCB3,36,LCB,32,RCB,31,20.0,2006-05-18,0,2029-06-30,6,308,0,0.63,0,0.0,18.41,58.73,Bosnia and Herzegovina,['Bosnia and Herzegovina'],unknown,0,0,True,8.47,7.89,55.56,5.26,83.33,0.29,0.51,0.88,3.8,6.61,2.34,0,0.0,0,0.0,0.58,0.0,0,0.0,0.18,0,0.0,5,1.46,40.0,0.0,0.0,0.0,0.0,0.0,0.0,0.0,0.0,0.0,0.0,0.0,2.34,37.5,1.75,0.29,0.0,34.48,0.29,0.29,52.6,91.11,18.12,83.87,7.89,96.3,47.92,93.29,4.68,68.75,22.63,28.61,0.0,0.29,0.0,0.0,0.0,0.0,0.0,3.21,63.64,0.29,0.0,0.0,0.0,0.29,0.0,8.18,60.71,95.83,21.04,0,,0,,0,0.0,0.0,0.0,,,5.84,,5.26,0.0,0.0,0.0,0.0,0,0.0
Hugo Alba,Hugo Alba Silveira,-163454,Eldense,OFK Beograd,https://cdn5.wyscout.com/photos/team/public/g7071_120x120.png,Primera Division RFEF,"CF, AMF",CF,68,AMF,11,,0,19.0,2006-03-30,0,2028-06-30,13,307,1,1.02,0,0.1,11.14,39.47,Spain,['Spain'],right,178,68,True,2.05,2.05,42.86,2.64,33.33,0.0,0.0,0.0,1.17,1.69,0.0,0,0.0,0,0.0,3.52,0.29,1,0.29,0.30000000000000004,0,0.0,10,2.93,60.0,10.0,0.0,0.88,33.33,0.29,100.0,0.59,0.0,0.29,2.35,62.5,5.57,42.11,2.93,0.88,0.0,6.74,0.59,0.59,12.02,78.05,2.05,42.86,5.28,100.0,11.14,81.58,0.0,0.0,12.31,0.0,0.03,0.29,0.0,0.0,0.29,0.0,0.29,0.88,66.67,0.59,0.0,0.29,0.0,0.0,0.59,1.17,75.0,85.71,2.05,0,,0,,0,0.0,0.0,0.0,,,0.0,,2.64,0.29,0.0,0.0,0.29,0,0.0
I. Ivanović,Igor Ivanović,349969,Radnik Surdulica,Radnik Surdulica,https://cdn5.wyscout.com/photos/team/public/g6756_120x120.png,Super Liga,"RAMF, RW, CF",RAMF,38,RW,32,CF,29,28.0,1997-07-28,400000,,6,307,0,0.31,0,0.32,20.52,45.71,Serbia,['Serbia'],left,175,80,False,5.57,4.1,85.71,0.88,0.0,0.0,0.0,0.0,2.05,3.8200000000000003,0.88,2,0.59,0,0.0,4.4,0.0,0,0.0,0.09,0,0.0,5,1.47,0.0,0.0,0.0,3.22,54.55,0.59,50.0,2.64,55.56,0.0,4.98,52.94,13.19,40.0,2.64,0.88,0.0,24.33,1.47,2.93,32.83,84.82,11.14,76.32,7.33,96.0,26.97,90.22,2.64,66.67,20.04,33.88,0.09,0.29,0.0,0.0,0.0,0.0,0.29,3.81,76.92,4.69,62.5,0.0,0.0,1.47,1.76,5.86,95.0,89.66,8.5,0,,0,,0,0.0,0.0,0.0,,,0.88,,0.88,0.29,0.0,0.0,0.59,0,0.0
Aleksa Mitic,Mitic Aleksa,-710100,IMT Novi Beograd U17,IMT Novi Beograd,https://cdn5.wyscout.com/photos/team/public/g-22114_120x120.png,U17 League,"CF, AMF",CF,79,AMF,19,,0,16.0,2009-09-30,0,,5,304,1,0.06,0,0.0,15.99,22.22,Norway,['Norway'],unknown,0,0,False,2.07,1.18,25.0,4.44,33.33,0.30000000000000004,0.32,0.0,1.48,1.58,0.89,0,0.0,0,0.0,0.30000000000000004,0.30000000000000004,1,0.30000000000000004,0.02,0,0.0,1,0.30000000000000004,100.0,100.0,0.0,0.0,0.0,0.0,0.0,0.0,0.0,0.0,0.0,0.0,5.92,20.0,1.48,0.0,0.0,4.14,0.89,1.48,7.7,61.54,2.66,44.44,2.07,100.0,7.7,61.54,0.0,0.0,11.55,0.0,0.0,0.0,0.0,0.0,0.0,0.0,0.0,0.59,50.0,0.30000000000000004,0.0,0.0,0.0,0.0,0.0,0.59,0.0,0.0,0.0,0,,0,,0,0.0,0.0,0.0,,,0.0,,4.44,0.0,0.0,0.0,0.0,0,0.0
S. Wasiu,Sumaila Wasiu,-732302,Železničar Pancevo,Železničar Pancevo,https://cdn5.wyscout.com/photos/team/public/g34577_120x120.png,Super Liga,CF,CF,80,,0,,0,21.0,2004-06-15,0,,11,302,0,0.04,0,0.11,16.69,33.93,Ghana,['Ghana'],,0,0,False,2.98,3.2800000000000002,45.45,5.36,38.89,0.0,0.0,0.0,1.49,2.54,2.68,1,0.30000000000000004,0,0.0,0.30000000000000004,0.0,0,0.0,0.01,0,0.0,1,0.30000000000000004,100.0,0.0,0.0,0.0,0.0,0.0,0.0,0.0,0.0,0.0,0.30000000000000004,0.0,5.96,25.0,2.09,0.6000000000000001,0.30000000000000004,5.36,1.79,1.19,8.05,59.26,1.79,33.33,1.49,100.0,7.15,66.67,0.89,0.0,20.24,9.53,0.03,0.30000000000000004,0.30000000000000004,0.0,0.0,0.0,0.0,0.89,66.67,0.0,0.0,0.0,0.0,0.30000000000000004,0.0,0.30000000000000004,100.0,60.0,2.98,0,,0,,0,0.0,0.0,0.0,,,0.0,,5.36,0.0,0.0,0.0,0.0,0,0.0
B. Dimoski,Bojan Dimoski,-116624,Bačka Topola,Bačka Topola,https://cdn5.wyscout.com/photos/team/public/g19686_120x120.png,Super Liga,LB,LB,100,,0,,0,24.0,2001-11-23,600000,2027-06-30,6,298,0,0.0,0,0.05,15.1,58.0,North Macedonia,['North Macedonia'],left,176,0,False,10.57,8.15,74.07,1.81,50.0,0.91,1.38,0.30000000000000004,3.62,5.54,1.81,0,0.0,1,0.30000000000000004,2.11,0.0,0,0.0,0.0,0,0.0,1,0.30000000000000004,0.0,0.0,0.0,3.62,25.0,3.62,25.0,0.0,0.0,0.0,1.51,80.0,3.32,45.45,1.81,1.21,0.0,34.73,1.81,0.6000000000000001,47.11,75.0,16.61,69.09,10.87,91.67,40.77,81.48,3.32,45.45,16.22,36.95,0.02,0.91,0.0,0.0,0.30000000000000004,0.0,0.0,5.74,57.89,3.02,30.0,0.6000000000000001,0.0,0.0,0.6000000000000001,4.53,60.0,62.5,9.66,0,,0,,0,0.0,0.0,0.0,,,1.51,,1.81,0.0,0.0,0.0,0.0,0,0.0
M. Butean,Mihai Butean,405963,Vojvodina,Vojvodina,https://cdn5.wyscout.com/photos/team/public/700_120x120.png,Super Liga,"RB, RCB",RB,67,RCB,30,,0,29.0,1996-09-14,800000,2027-06-30,9,297,1,0.03,0,0.21,13.64,53.33,Romania,['Romania'],right,181,72,False,8.18,5.76,57.89,3.64,58.33,0.30000000000000004,0.41000000000000003,0.61,4.55,6.08,1.52,1,0.30000000000000004,0,0.0,1.21,0.30000000000000004,1,0.30000000000000004,0.01,0,0.0,2,0.61,50.0,50.0,0.0,1.82,33.33,0.0,0.0,1.82,33.33,0.30000000000000004,0.91,33.33,2.42,50.0,0.61,0.91,0.30000000000000004,26.06,0.61,0.91,40.0,78.03,17.88,67.8,3.64,91.67,33.33,84.55,4.85,50.0,19.39,22.94,0.06,0.30000000000000004,0.0,0.30000000000000004,0.0,0.0,0.30000000000000004,5.45,72.22,1.52,60.0,0.91,66.67,0.61,0.61,11.21,67.57,88.89,13.64,0,,0,,0,0.0,0.0,0.0,,,0.91,,3.64,0.0,0.0,0.0,0.0,0,0.0
K. Gicic,Kadir Gicic,-483293,IMT Novi Beograd,IMT Novi Beograd,https://cdn5.wyscout.com/photos/team/public/g30905_120x120.png,Super Liga,GK,GK,100,,0,,0,18.0,2007-07-28,0,2026-06-30,3,296,0,0.0,0,0.0,0.0,0.0,Serbia,['Serbia'],unknown,0,0,False,0.91,0.0,0.0,0.0,0.0,0.0,0.0,0.0,0.91,1.1,0.0,0,0.0,0,0.0,0.0,0.0,0,0.0,0.0,0,0.0,0,0.0,0.0,0.0,0.0,0.0,0.0,0.0,0.0,0.0,0.0,0.0,0.0,0.0,0.0,0.0,0.0,0.0,0.0,8.21,0.0,0.0,11.55,86.84,6.99,78.26,0.0,0.0,5.47,100.0,6.08,75.0,33.28,43.89,0.0,0.0,0.0,0.0,0.0,0.0,0.0,0.30000000000000004,0.0,0.0,0.0,0.0,0.0,0.0,0.0,4.26,85.71,100.0,4.5600000000000005,2,0.61,6,1.82,1,66.67,1.26,0.38,-0.74,-0.225,0.0,1.22,0.0,,,,0.0,0,0.0
S. Bastaja,Stefan  Bastaja,-483531,Ušće NB,IMT Novi Beograd,https://cdn5.wyscout.com/photos/team/public/g34618_120x120.png,Prva Liga,RB,RB,99,,0,,0,20.0,2005-02-22,0,2026-06-30,5,288,0,0.01,0,0.0,17.81,57.89,Serbia,['Serbia'],unknown,0,0,False,10.94,10.63,58.82,3.13,40.0,0.31,0.42,0.0,4.38,5.83,2.19,1,0.31,0,0.0,0.9400000000000001,0.0,0,0.0,0.0,0,0.0,1,0.31,0.0,0.0,0.0,0.9400000000000001,66.67,0.0,0.0,0.9400000000000001,66.67,0.0,0.63,50.0,1.56,80.0,0.0,0.63,0.0,22.81,0.63,0.9400000000000001,30.0,82.29,14.06,71.11,2.5,100.0,22.5,93.06,6.5600000000000005,47.62,15.94,25.2,0.0,0.0,0.0,0.0,0.0,0.0,0.0,5.31,70.59,0.9400000000000001,66.67,0.0,0.0,0.0,0.63,7.5,66.67,93.55,9.69,0,,0,,0,0.0,0.0,0.0,,,0.31,,3.13,0.0,0.0,0.0,0.0,0,0.0
V. Milosavljević,Veljko  Milosavljević,-336195,Bournemouth,Crvena Zvezda,https://cdn5.wyscout.com/photos/team/public/1173_120x120.png,Premier League,RCB,RCB,100,,0,,0,18.0,2007-06-28,0,2030-06-30,3,285,0,0.04,0,0.0,12.32,58.97,Serbia,['Serbia'],right,190,0,False,5.37,2.5300000000000002,62.5,4.42,57.14,0.0,0.0,0.63,3.79,6.55,0.32,0,0.0,0,0.0,0.32,0.0,0,0.0,0.01,0,0.0,1,0.32,0.0,0.0,0.0,0.0,0.0,0.0,0.0,0.0,0.0,0.0,0.32,0.0,3.79,58.33,0.0,3.16,0.0,44.21,0.32,0.9500000000000001,61.89,91.33,23.37,86.49,1.8900000000000001,100.0,59.05,93.58,2.84,44.44,16.99,26.81,0.0,0.0,0.32,0.32,0.32,100.0,0.0,7.58,83.33,0.9500000000000001,66.67,0.63,100.0,0.32,0.0,6.63,61.9,96.63,28.11,0,,0,,0,0.0,0.0,0.0,,,0.9500000000000001,,4.42,0.0,0.0,0.0,0.0,0,0.0
L. Radojicic,Lazar Radojicic,-354771,Radnik Surdulica,Radnik Surdulica,https://cdn5.wyscout.com/photos/team/public/g6756_120x120.png,Super Liga,GK,GK,100,,0,,0,22.0,2003-09-18,0,2027-06-30,3,285,0,0.0,0,0.0,1.58,80.0,Serbia,['Serbia'],unknown,0,0,False,2.21,0.63,100.0,0.32,0.0,0.0,0.0,0.0,1.58,1.76,0.0,1,0.32,0,0.0,0.0,0.0,0,0.0,0.0,0,0.0,0,0.0,0.0,0.0,0.0,0.0,0.0,0.0,0.0,0.0,0.0,0.0,0.0,0.0,0.63,100.0,0.0,0.0,0.0,6.32,0.32,0.9500000000000001,12.0,76.32,6.0,57.89,0.0,0.0,6.32,100.0,5.68,50.0,34.73,50.8,0.0,0.0,0.0,0.0,0.0,0.0,0.0,1.26,50.0,0.32,0.0,0.0,0.0,0.0,0.0,3.16,60.0,94.74,6.0,1,0.32,12,3.79,2,91.67,1.71,0.54,0.71,0.224,0.0,1.58,0.32,,,,0.0,0,0.0
Kayque,Kayque Luiz Pereira,-72892,Bani Yas,Spartak Subotica,https://cdn5.wyscout.com/photos/team/public/2890_120x120.png,UAE Pro League,"RDMF, RCMF",RDMF,71,RCMF,24,,0,25.0,2000-07-12,900000,2026-06-30,3,283,0,0.07,0,0.01,21.31,59.7,Brazil,['Brazil'],right,175,77,False,7.0,7.31,56.52,1.9100000000000001,33.33,0.0,0.0,0.0,2.86,3.46,1.9100000000000001,3,0.9500000000000001,0,0.0,3.18,0.0,0,0.0,0.02,0,0.0,3,0.9500000000000001,0.0,0.0,0.0,0.64,50.0,0.32,100.0,0.0,0.0,0.0,3.18,90.0,9.54,66.67,0.64,0.64,0.0,18.76,0.32,3.18,27.35,80.23,8.9,60.71,3.18,100.0,24.49,84.42,2.54,50.0,17.4,37.26,0.0,0.32,0.0,0.0,0.0,0.0,0.0,4.13,61.54,0.32,100.0,0.64,0.0,0.32,0.0,4.45,78.57,86.21,9.22,0,,0,,0,0.0,0.0,0.0,,,0.0,,1.9100000000000001,0.0,0.0,0.0,0.0,0,0.0
M. Krunić,Miloš Krunić,425614,Partizan,Partizan,https://cdn5.wyscout.com/photos/team/public/699_120x120.png,Super Liga,GK,GK,100,,0,,0,29.0,1996-11-22,600000,2026-06-30,3,283,0,0.0,0,0.0,0.32,100.0,Serbia,['Serbia'],right,198,80,False,1.5899999999999999,0.0,0.0,0.32,100.0,0.0,0.0,0.0,1.5899999999999999,2.5,0.0,0,0.0,0,0.0,0.0,0.0,0,0.0,0.0,0,0.0,0,0.0,0.0,0.0,0.0,0.0,0.0,0.0,0.0,0.0,0.0,0.0,0.0,0.0,0.0,0.0,0.0,0.0,0.0,17.81,0.0,0.32,27.03,81.18,13.99,63.64,0.0,0.0,18.45,98.28,8.59,44.44,27.96,46.89,0.0,0.0,0.0,0.0,0.0,0.0,0.0,0.9500000000000001,33.33,0.0,0.0,0.9500000000000001,0.0,0.0,0.0,6.36,40.0,100.0,10.81,4,1.27,14,4.45,1,71.43,4.43,1.4100000000000001,0.43,0.137,0.0,0.64,0.32,,,,0.0,0,0.0
M. Modou Sise,Mass Modou Sise,-578116,Javor Ivanjica,Javor Ivanjica,https://cdn5.wyscout.com/photos/team/public/1255_120x120.png,Super Liga,CF,CF,95,,0,,0,22.0,2003-09-23,0,,14,281,0,0.0,0,0.03,32.35,27.72,Gambia,['Gambia'],right,197,0,False,4.16,5.77,38.89,13.13,36.59,0.0,0.0,0.0,1.92,2.95,3.84,1,0.32,0,0.0,0.0,0.0,0,0.0,0.0,0,0.0,0,0.0,0.0,0.0,0.0,0.0,0.0,0.0,0.0,0.0,0.0,0.0,0.0,0.0,9.29,10.34,1.6,0.64,0.0,7.37,1.92,1.28,13.45,76.19,3.84,75.0,4.8,80.0,13.13,78.05,0.32,0.0,12.13,1.9500000000000002,0.01,0.64,0.0,0.0,0.0,0.0,0.0,1.28,50.0,0.32,100.0,0.0,0.0,0.32,0.0,0.64,50.0,70.0,3.2,0,,0,,0,0.0,0.0,0.0,,,0.0,,13.13,0.0,0.0,0.0,0.0,0,0.0
U. Blagojević,Uros Blagojević,-120220,Radnik Surdulica,Radnik Surdulica,https://cdn5.wyscout.com/photos/team/public/g6756_120x120.png,Super Liga,LB,LB,100,,0,,0,24.0,2002-03-21,0,,7,280,0,0.0,0,0.0,11.25,60.0,Serbia,['Serbia'],left,193,82,False,9.0,5.46,70.59,1.9300000000000002,66.67,0.32,0.41000000000000003,0.0,4.82,6.08,0.64,0,0.0,0,0.0,1.29,0.0,0,0.0,0.0,0,0.0,0,0.0,0.0,0.0,0.0,2.5700000000000003,37.5,2.5700000000000003,37.5,0.0,0.0,0.0,0.32,100.0,1.29,50.0,0.0,1.29,0.0,12.54,1.6099999999999999,0.32,23.46,64.38,11.25,60.0,3.21,90.0,19.29,66.67,1.6099999999999999,80.0,19.56,11.17,0.0,0.0,0.0,0.0,0.0,0.0,0.0,1.6099999999999999,40.0,2.89,44.44,0.0,0.0,0.0,0.96,8.04,64.0,60.0,6.43,0,,0,,0,0.0,0.0,0.0,,,0.32,,1.9300000000000002,0.0,0.0,0.0,0.0,0,0.0
D. Ewemade,David Ewemade,-417871,Austria Wien II,Radnički Niš,https://cdn5.wyscout.com/photos/team/public/g4515_120x120.png,2. Liga,"CF, RAMF",CF,81,RAMF,12,,0,20.0,2005-06-17,0,2027-06-30,5,280,0,0.02,1,0.21,22.18,39.13,Nigeria,['Nigeria'],,0,0,False,4.18,6.11,36.84,2.25,42.86,0.32,0.54,0.32,1.6099999999999999,2.68,2.25,1,0.32,0,0.0,4.18,0.0,0,0.0,0.01,0,0.0,1,0.32,0.0,0.0,0.32,3.21,20.0,0.0,0.0,3.21,20.0,0.32,4.5,78.57,10.29,43.75,0.0,1.9300000000000002,0.0,15.75,1.9300000000000002,1.29,18.64,79.31,2.25,100.0,7.07,90.91,15.43,91.67,0.0,0.0,16.82,0.0,0.07,1.6099999999999999,0.0,0.32,0.0,0.0,0.64,0.32,100.0,2.5700000000000003,50.0,0.0,0.0,0.0,0.64,0.96,100.0,71.43,6.75,0,,0,,0,0.0,0.0,0.0,,,0.0,,2.25,0.0,0.0,0.0,0.0,0,0.0
S. Jovanovic,Stefan Jovanovic,-498221,Spartak Subotica U19,Spartak Subotica,https://cdn5.wyscout.com/photos/team/public/g-12703_120x120.png,U19 League,RB,RB,100,,0,,0,19.0,2007-01-23,0,,5,278,0,0.0,0,0.0,14.57,40.0,Serbia,['Serbia'],,0,0,False,7.12,6.15,47.37,1.62,40.0,0.97,1.22,0.32,3.24,4.05,2.59,1,0.32,0,0.0,0.65,0.0,0,0.0,0.0,0,0.0,0,0.0,0.0,0.0,0.0,0.97,0.0,0.0,0.0,0.97,0.0,0.65,2.27,28.57,4.86,33.33,0.32,1.29,0.0,18.78,1.94,0.65,25.9,76.25,7.77,70.83,5.5,88.24,21.37,83.33,3.56,54.55,19.51,39.1,0.0,0.0,0.0,0.0,0.0,0.0,0.0,1.62,40.0,1.62,0.0,0.65,50.0,0.0,0.0,2.91,77.78,76.0,8.09,0,,0,,0,0.0,0.0,0.0,,,0.97,,1.62,0.0,0.0,0.0,0.0,0,0.0
S. Andjelic,Strahinja Andjelic,-571564,Čukarički U19,Čukarički,https://cdn5.wyscout.com/photos/team/public/g37536_120x120.png,U19 League,LB,LB,100,,0,,0,18.0,2008-02-26,0,,4,277,0,0.0,0,0.08,19.49,40.0,Serbia,['Serbia'],unknown,0,0,False,7.15,11.7,44.44,1.62,20.0,0.0,0.0,0.32,1.9500000000000002,1.98,0.32,0,0.0,0,0.0,0.0,0.0,0,0.0,0.0,0,0.0,0,0.0,0.0,0.0,0.0,0.97,0.0,0.97,0.0,0.0,0.0,0.32,0.32,0.0,4.55,35.71,0.0,1.3,0.32,12.35,0.32,0.0,18.84,58.62,11.05,50.0,1.62,100.0,13.97,69.77,3.9,33.33,21.98,32.42,0.03,0.32,0.0,0.0,0.0,0.0,0.0,4.87,40.0,2.6,25.0,0.32,100.0,0.65,0.0,4.87,53.33,64.29,4.55,0,,0,,0,0.0,0.0,0.0,,,0.32,,1.62,0.65,0.0,0.0,0.97,0,0.0
D. Mitrović,Danilo Mitrović,517429,Aktobe,Radnički Kragujevac,https://cdn5.wyscout.com/photos/team/public/1360_120x120.png,Premier League,"LB, LCB, RB",LB,42,LCB,33,RB,19,25.0,2001-03-23,250000,2026-12-31,5,270,0,0.02,0,0.0,18.0,42.59,Serbia,['Serbia'],right,183,77,False,9.67,6.33,36.84,5.0,46.67,0.33,0.48,0.67,7.0,10.0,1.67,1,0.33,0,0.0,0.67,0.0,0,0.0,0.01,0,0.0,2,0.67,0.0,0.0,0.0,0.33,0.0,0.33,0.0,0.0,0.0,0.0,1.33,50.0,4.0,41.67,0.0,1.33,0.33,27.67,0.33,1.67,40.33,80.17,19.0,66.67,4.0,100.0,35.0,83.81,5.0,60.0,14.15,16.15,0.0,0.33,0.0,0.0,0.0,0.0,0.0,8.0,70.83,1.0,0.0,0.33,0.0,0.0,0.0,8.0,62.5,94.29,11.67,0,,0,,0,0.0,0.0,0.0,,,1.0,,5.0,0.0,0.0,0.0,0.0,0,0.0
S. Popovic,Sinisa  Popovic,-483527,Ušće NB,IMT Novi Beograd,https://cdn5.wyscout.com/photos/team/public/g34618_120x120.png,Prva Liga,"LCB, RCB, RB",LCB,52,RCB,28,RB,18,21.0,2005-01-23,0,,4,267,0,0.0,0,0.0,12.13,66.67,Serbia,['Serbia'],unknown,0,0,False,9.44,6.4,68.42,4.38,61.54,0.34,0.48,0.0,4.72,6.77,0.34,1,0.34,0,0.0,0.0,0.0,0,0.0,0.0,0,0.0,0,0.0,0.0,0.0,0.0,0.0,0.0,0.0,0.0,0.0,0.0,0.0,0.0,0.0,0.34,100.0,0.34,1.01,0.0,35.06,0.0,0.34,50.22,89.93,21.57,79.69,1.35,100.0,45.84,92.65,4.38,61.54,19.68,28.5,0.0,0.34,0.0,0.0,0.0,0.0,0.0,5.73,82.35,0.0,0.0,0.0,0.0,0.34,0.0,11.12,66.67,98.63,24.61,0,,0,,0,0.0,0.0,0.0,,,0.34,,4.38,0.0,0.0,0.0,0.0,0,0.0
V. Jocić,Veljko Jocić,-388915,Dubočica,Spartak Subotica,https://cdn5.wyscout.com/photos/team/public/g3814_120x120.png,Prva Liga,"AMF, RAMF",AMF,60,RAMF,13,,0,19.0,2006-07-05,0,2026-12-31,7,265,1,0.4,1,0.59,24.11,50.7,Serbia,['Serbia'],left,169,62,True,10.53,11.55,58.82,3.06,44.44,1.7000000000000002,2.5,0.34,2.04,3.0,2.38,5,1.7000000000000002,0,0.0,2.04,0.34,1,0.34,0.13,0,0.0,4,1.3599999999999999,25.0,25.0,0.34,1.3599999999999999,0.0,0.0,0.0,1.02,0.0,0.34,2.7199999999999998,62.5,7.13,42.86,1.02,1.02,0.0,23.43,2.38,1.3599999999999999,30.57,72.22,11.55,61.76,4.75,92.86,26.49,78.21,2.7199999999999998,50.0,18.41,18.81,0.2,1.3599999999999999,0.34,0.0,0.0,0.0,0.34,4.42,53.85,2.7199999999999998,25.0,0.34,100.0,0.68,0.34,4.75,78.57,75.0,9.51,0,,0,,0,0.0,0.0,0.0,,,0.34,,3.06,0.0,0.0,0.0,0.34,0,0.0
S. Marković,Saša Marković,97844,OFK Beograd,OFK Beograd,https://cdn5.wyscout.com/photos/team/public/705_120x120.png,Super Liga,"LCMF, RCMF, RW",LCMF,42,RCMF,23,RW,10,35.0,1991-03-13,200000,2026-06-30,11,264,0,0.55,0,0.0,15.34,40.0,Serbia,['Serbia'],right,184,77,False,7.16,5.11,46.67,3.41,60.0,1.02,1.8399999999999999,0.0,3.75,6.73,2.73,0,0.0,1,0.34,1.3599999999999999,0.0,0,0.0,0.19,0,0.0,3,1.02,33.33,0.0,0.0,0.34,100.0,0.0,0.0,0.34,100.0,0.0,1.02,66.67,4.43,23.08,1.7000000000000002,0.34,0.0,18.41,1.7000000000000002,0.68,31.7,67.74,12.61,48.65,5.45,87.5,25.91,76.32,5.45,25.0,14.92,14.95,0.0,0.0,0.0,0.0,0.0,0.0,0.0,6.82,35.0,1.7000000000000002,60.0,1.3599999999999999,25.0,0.68,0.34,6.14,50.0,78.26,7.84,0,,0,,0,0.0,0.0,0.0,,,0.0,,3.41,0.0,0.0,0.0,0.0,0,0.0
S. Iyede,Samson Iyede Onomigho,435990,Zhenys,Novi Pazar,https://cdn5.wyscout.com/photos/team/public/g-13910_120x120.png,Premier League,CF,CF,100,,0,,0,28.0,1998-01-28,500000,2026-12-31,5,259,2,1.19,0,0.17,17.03,24.49,Nigeria,['Nigeria'],right,181,72,False,1.04,2.43,28.57,5.21,26.67,0.35000000000000003,0.51,0.0,0.0,0.0,3.13,0,0.0,0,0.0,0.6900000000000001,0.6900000000000001,2,0.6900000000000001,0.41000000000000003,0,0.0,4,1.3900000000000001,50.0,50.0,0.0,0.6900000000000001,0.0,0.35000000000000003,0.0,0.35000000000000003,0.0,0.35000000000000003,1.04,0.0,6.95,30.0,3.8200000000000003,0.6900000000000001,0.35000000000000003,9.38,0.6900000000000001,0.35000000000000003,15.64,66.67,1.74,40.0,4.52,92.31,14.59,69.05,0.35000000000000003,100.0,13.23,5.07,0.06,1.74,0.0,0.0,0.0,0.0,0.0,1.04,33.33,1.3900000000000001,50.0,0.0,0.0,1.04,0.0,0.35000000000000003,100.0,81.25,5.5600000000000005,0,,0,,0,0.0,0.0,0.0,,,0.0,,5.21,0.0,0.0,0.0,0.0,0,0.0
N. Tasić,Nikola Tasić,-472543,Spartak Subotica,Spartak Subotica,https://cdn5.wyscout.com/photos/team/public/1956_120x120.png,Super Liga,"RW, LW, RB",RW,35,LW,34,RB,26,19.0,2006-12-14,0,2030-06-30,8,259,0,0.0,0,0.0,18.76,46.3,Serbia,['Serbia'],left,175,0,False,7.99,6.95,55.0,1.3900000000000001,0.0,0.0,0.0,0.35000000000000003,4.17,5.8100000000000005,1.04,1,0.35000000000000003,0,0.0,2.08,0.0,0,0.0,0.0,0,0.0,0,0.0,0.0,0.0,0.0,1.3900000000000001,50.0,0.35000000000000003,0.0,1.04,66.67,0.35000000000000003,3.13,44.44,9.03,42.31,1.3900000000000001,1.74,0.6900000000000001,24.67,1.74,3.13,30.58,82.95,9.73,71.43,6.95,95.0,27.1,87.18,2.43,57.14,17.48,20.4,0.0,0.0,0.35000000000000003,0.0,0.0,0.0,0.0,3.8200000000000003,81.82,1.04,66.67,0.0,0.0,1.04,0.0,4.17,75.0,86.96,7.99,0,,0,,0,0.0,0.0,0.0,,,0.6900000000000001,,1.3900000000000001,0.0,0.0,0.0,0.35000000000000003,0,0.0
Vando Félix,Vando Baifas Félix,-100079,Vojvodina,Vojvodina,https://cdn5.wyscout.com/photos/team/public/700_120x120.png,Super Liga,LAMF,LAMF,94,,0,,0,23.0,2002-09-03,0,2029-06-30,8,255,0,0.01,1,0.19,20.82,54.24,Guinea-Bissau,['Guinea-Bissau'],right,179,64,True,3.5300000000000002,5.29,33.33,1.76,40.0,0.35000000000000003,0.5700000000000001,0.0,1.4100000000000001,2.26,2.12,2,0.71,0,0.0,3.5300000000000002,0.0,0,0.0,0.01,0,0.0,1,0.35000000000000003,0.0,0.0,0.35000000000000003,1.4100000000000001,0.0,1.4100000000000001,0.0,0.0,0.0,0.0,4.24,83.33,11.65,66.67,2.12,2.12,0.0,16.24,0.71,4.94,23.65,86.57,6.0,76.47,8.47,100.0,21.88,93.55,0.35000000000000003,0.0,15.31,6.29,0.07,1.06,0.0,0.0,0.0,0.0,0.35000000000000003,1.4100000000000001,50.0,1.4100000000000001,50.0,0.0,0.0,1.06,0.0,2.47,71.43,83.33,4.24,0,,0,,0,0.0,0.0,0.0,,,0.0,,1.76,0.0,0.0,0.0,0.0,0,0.0
F. Halabrin,Filip Halabrin,-534968,OFK Beograd,OFK Beograd,https://cdn5.wyscout.com/photos/team/public/705_120x120.png,Super Liga,"RWB, RCMF3, CF",RWB,28,RCMF3,26,CF,10,19.0,2006-07-15,0,2026-06-30,8,254,0,0.28,0,0.14,25.51,48.61,Serbia,['Serbia'],right,169,0,False,5.31,4.61,76.92,3.19,33.33,0.0,0.0,0.0,1.77,3.85,1.06,1,0.35000000000000003,0,0.0,4.96,0.0,0,0.0,0.1,0,0.0,3,1.06,0.0,0.0,0.0,2.13,16.67,1.06,0.0,1.06,33.33,0.71,7.09,65.0,14.17,42.5,1.42,2.13,0.71,18.07,2.48,3.54,25.16,70.42,6.73,63.16,8.86,84.0,21.61,78.69,1.77,40.0,15.1,10.36,0.05,1.77,0.0,0.0,0.0,0.0,0.0,2.48,57.14,1.42,25.0,0.0,0.0,0.35000000000000003,0.0,3.19,88.89,55.56,6.38,0,,0,,0,0.0,0.0,0.0,,,0.35000000000000003,,3.19,1.42,0.0,0.0,2.48,0,0.0
U. Nikolić,Uroš Nikolić,217505,Vojvodina,Vojvodina,https://cdn5.wyscout.com/photos/team/public/700_120x120.png,Super Liga,"RAMF, RW",RAMF,39,RW,36,,0,32.0,1993-12-14,400000,2026-06-30,7,249,1,0.66,1,0.73,12.65,45.71,Serbia,['Serbia'],left,185,81,False,4.7,3.98,63.64,1.08,33.33,0.0,0.0,0.36,2.17,3.46,0.36,0,0.0,0,0.0,5.78,0.36,1,0.36,0.24,0,0.0,8,2.89,50.0,12.5,0.36,4.7,38.46,0.36,0.0,4.34,41.67,0.36,4.7,53.85,7.23,40.0,1.81,1.45,0.0,28.55,1.45,0.36,40.84,78.76,12.29,67.65,8.67,100.0,29.28,91.36,6.87,52.63,17.91,30.79,0.26,2.5300000000000002,0.0,0.0,0.0,0.0,1.08,7.95,63.64,6.87,47.37,1.81,40.0,1.45,1.81,8.67,83.33,73.68,13.73,0,,0,,0,0.0,0.0,0.0,,,0.0,,1.08,0.36,0.0,0.0,3.61,0,0.0
L. Puzovic,Luka Puzovic,-598714,Radnik Surdulica,Radnik Surdulica,https://cdn5.wyscout.com/photos/team/public/g6756_120x120.png,Super Liga,"CF, AMF, LDMF",CF,37,AMF,23,LDMF,14,21.0,2004-07-23,0,2028-06-30,8,249,0,0.11,0,0.29,9.04,40.0,Serbia,['Serbia'],right,185,0,False,4.34,1.81,60.0,2.5300000000000002,57.14,0.36,0.64,0.0,2.89,5.11,0.72,0,0.0,0,0.0,0.72,0.0,0,0.0,0.04,0,0.0,3,1.08,33.33,0.0,0.0,2.17,16.67,1.81,20.0,0.36,0.0,0.36,1.08,0.0,3.25,11.11,3.61,1.08,0.0,22.41,1.45,0.72,27.83,70.13,10.12,60.71,2.89,87.5,20.6,77.19,5.06,64.29,20.31,18.94,0.11,1.08,0.0,0.0,0.36,0.0,0.36,6.87,52.63,2.5300000000000002,28.57,0.72,0.0,0.72,0.36,4.34,91.67,72.41,10.48,0,,0,,0,0.0,0.0,0.0,,,0.0,,2.5300000000000002,1.08,0.36,0.0,3.25,0,0.0
G. Zahid,Ghayas Zahid,257713,Partizan,Partizan,https://cdn5.wyscout.com/photos/team/public/699_120x120.png,Super Liga,"CF, RCMF, RDMF",CF,23,RCMF,21,RDMF,20,31.0,1994-09-08,2500000,2026-06-30,11,246,0,0.73,1,0.55,13.9,42.11,Norway,"['Norway', 'Pakistan']",right,173,66,False,5.12,3.66,60.0,1.83,0.0,0.0,0.0,0.37,2.93,6.49,1.1,0,0.0,0,0.0,2.56,0.0,0,0.0,0.27,0,0.0,5,1.83,20.0,0.0,0.37,1.83,40.0,0.73,100.0,1.1,0.0,0.37,2.93,50.0,6.59,50.0,4.76,2.93,0.0,48.66,0.37,0.73,63.29,84.39,19.76,79.63,9.88,100.0,58.9,86.34,2.56,71.43,15.39,11.17,0.2,1.46,0.0,0.0,0.0,0.0,0.37,8.41,73.91,5.12,78.57,0.73,50.0,2.93,0.73,9.51,88.46,90.0,18.29,0,,0,,0,0.0,0.0,0.0,,,0.0,,1.83,0.37,0.0,0.0,0.37,0,0.0
N. Miranovic,Nenad Miranovic,-447321,Spartak Subotica U19,Spartak Subotica,https://cdn5.wyscout.com/photos/team/public/g-12703_120x120.png,U19 League,"RCMF, LCMF, AMF",RCMF,46,LCMF,16,AMF,15,18.0,2008-01-01,0,,10,246,1,0.37,0,0.0,12.44,50.0,Montenegro,['Montenegro'],unknown,0,0,False,6.59,5.49,40.0,2.2,33.33,0.0,0.0,0.37,4.39,6.1,2.2,0,0.0,0,0.0,0.73,0.37,1,0.37,0.14,0,0.0,2,0.73,50.0,50.0,0.0,0.0,0.0,0.0,0.0,0.0,0.0,0.0,0.73,50.0,3.29,55.56,0.37,0.73,0.0,19.76,0.0,0.73,29.27,78.75,10.98,63.33,6.59,100.0,26.34,81.94,2.93,50.0,16.22,19.73,0.0,0.37,0.37,0.0,0.0,0.0,0.0,2.56,71.43,0.37,0.0,0.0,0.0,0.0,0.0,5.49,66.67,84.21,6.95,0,,0,,0,0.0,0.0,0.0,,,0.73,,2.2,0.0,0.0,0.0,0.0,0,0.0
T. Lakic,Teo Lakic,-750329,Radnik Surdulica,Radnik Surdulica,https://cdn5.wyscout.com/photos/team/public/g6756_120x120.png,Super Liga,"RCMF, LDMF, AMF",RCMF,28,LDMF,27,AMF,22,,,0,,6,243,0,0.03,0,0.01,12.22,57.58,,[],,0,0,False,5.93,5.19,57.14,1.85,60.0,0.0,0.0,0.74,2.96,3.24,1.85,2,0.74,0,0.0,0.74,0.0,0,0.0,0.01,0,0.0,2,0.74,0.0,0.0,0.0,0.0,0.0,0.0,0.0,0.0,0.0,0.0,0.74,100.0,2.96,62.5,0.74,1.48,0.37,16.67,0.0,1.11,23.7,81.25,11.85,65.63,4.44,100.0,21.11,80.7,2.59,85.71,21.06,39.45,0.0,0.37,0.0,0.0,0.0,0.0,0.0,4.44,66.67,2.22,66.67,0.37,100.0,1.85,0.0,6.3,88.24,100.0,5.19,0,,0,,0,0.0,0.0,0.0,,,0.37,,1.85,0.0,0.0,0.0,0.0,0,0.0
T. Conraad,Tyrone Ryan Conraad,403152,Shijiazhuang Gongfu,Bačka Topola,https://cdn5.wyscout.com/photos/team/public/g-14018_120x120.png,China League One,CF,CF,77,,0,,0,28.0,1997-04-07,700000,,8,242,1,1.5899999999999999,0,0.15,17.11,36.96,Netherlands,"['Netherlands', 'Suriname']",left,181,80,False,5.58,5.21,78.57,3.35,11.11,0.0,0.0,0.0,1.49,2.5,0.74,0,0.0,0,0.0,1.49,0.37,1,0.37,0.59,0,0.0,6,2.23,33.33,16.667,0.0,1.49,25.0,1.12,0.0,0.37,100.0,0.37,1.12,33.33,5.58,33.33,4.83,0.37,0.0,9.67,0.74,1.12,13.39,75.0,1.49,50.0,4.46,100.0,11.9,81.25,0.0,0.0,14.08,0.0,0.05,0.74,0.0,0.0,0.0,0.0,0.74,0.37,100.0,1.12,33.33,0.0,0.0,0.37,0.74,0.37,100.0,75.0,2.98,0,,0,,0,0.0,0.0,0.0,,,0.0,,3.35,0.0,0.0,0.0,0.0,0,0.0
N. Mituljikić,Nikola Mituljikić,-241999,Zulte-Waregem,OFK Beograd,https://cdn5.wyscout.com/photos/team/public/524_120x120.png,Pro League,"RAMF, AMF",RAMF,80,AMF,19,,0,23.0,2003-01-20,650000,2028-06-30,3,242,2,0.63,0,0.05,21.2,47.37,Serbia,['Serbia'],left,182,74,False,7.44,7.44,65.0,0.74,0.0,1.12,1.8,0.0,1.49,2.4,1.12,1,0.37,0,0.0,2.6,0.74,2,0.74,0.23,0,0.0,3,1.12,66.67,66.667,0.0,1.12,33.33,0.74,50.0,0.37,0.0,0.0,1.12,100.0,10.04,40.74,1.8599999999999999,2.23,0.0,14.5,2.23,2.6,23.06,75.81,7.07,57.89,3.7199999999999998,90.0,21.94,77.97,0.37,100.0,16.87,18.56,0.02,0.74,0.0,0.0,0.37,100.0,0.37,2.98,50.0,1.49,50.0,0.37,100.0,0.74,0.0,2.23,50.0,90.0,7.44,0,,0,,0,0.0,0.0,0.0,,,0.0,,0.74,0.0,0.0,0.0,0.0,0,0.0
D. Djokanovic,Damjan  Djokanovic,-484636,Vojvodina,Vojvodina,https://cdn5.wyscout.com/photos/team/public/700_120x120.png,Super Liga,CF,CF,85,,0,,0,18.0,2008-01-31,0,,11,236,0,0.07,0,0.17,24.03,30.16,Serbia,['Serbia'],unknown,0,0,False,2.67,4.58,33.33,9.15,37.5,0.0,0.0,0.0,1.1400000000000001,1.76,2.67,0,0.0,0,0.0,0.38,0.0,0,0.0,0.03,0,0.0,1,0.38,0.0,0.0,0.0,0.38,100.0,0.38,100.0,0.0,0.0,0.0,0.76,0.0,7.25,26.32,1.53,0.0,0.0,6.86,1.9100000000000001,0.38,11.82,70.97,0.38,100.0,3.81,70.0,11.44,70.0,0.0,0.0,10.04,0.0,0.06,0.76,0.0,0.0,0.0,0.0,0.38,0.0,0.0,1.1400000000000001,66.67,0.0,0.0,0.76,0.38,1.53,50.0,87.5,3.05,0,,0,,0,0.0,0.0,0.0,,,0.0,,9.15,0.0,0.0,0.0,0.0,0,0.0
D. Janković,Dimitrije Janković,-336210,Partizan,Partizan,https://cdn5.wyscout.com/photos/team/public/699_120x120.png,Super Liga,"LCMF, DMF, RCMF",LCMF,30,DMF,23,RCMF,23,20.0,2006-02-27,0,2030-06-30,9,227,0,0.12,0,0.43,15.07,50.0,Serbia,['Serbia'],right,0,0,False,6.34,5.15,61.54,2.38,33.33,0.0,0.0,0.0,3.17,5.45,0.79,0,0.0,0,0.0,2.7800000000000002,0.0,0,0.0,0.05,0,0.0,5,1.98,20.0,0.0,0.0,1.5899999999999999,75.0,0.4,0.0,1.19,100.0,0.0,1.5899999999999999,75.0,5.15,46.15,2.38,1.5899999999999999,0.4,27.75,1.19,0.79,38.85,84.69,11.5,68.97,7.53,94.74,34.89,87.5,2.7800000000000002,57.14,14.33,16.63,0.17,1.98,0.0,0.0,0.0,0.0,1.19,4.76,75.0,2.38,100.0,0.0,0.0,1.98,0.79,4.76,83.33,97.14,13.88,0,,0,,0,0.0,0.0,0.0,,,0.0,,2.38,0.0,0.0,0.0,0.0,0,0.0
W. Daniel,Wisdom Daniel,-751423,Spartak Subotica U19,Spartak Subotica,https://cdn5.wyscout.com/photos/team/public/g-12703_120x120.png,U19 League,"LW, LAMF, RW",LW,48,LAMF,30,RW,13,15.0,2010-08-15,0,,3,226,0,0.11,0,0.27,19.51,44.9,Nigeria,['Nigeria'],right,176,60,False,7.17,7.96,60.0,1.5899999999999999,25.0,0.0,0.0,0.0,2.39,3.33,1.99,1,0.4,0,0.0,1.5899999999999999,0.0,0,0.0,0.05,0,0.0,3,1.19,33.33,0.0,0.0,0.4,0.0,0.4,0.0,0.0,0.0,0.0,2.79,42.86,8.76,31.82,1.5899999999999999,0.4,0.0,15.53,0.8,0.8,26.28,83.33,9.16,65.22,4.78,100.0,24.29,88.52,1.99,20.0,16.91,25.59,0.11,1.5899999999999999,0.0,0.0,0.0,0.0,0.4,6.37,68.75,0.8,50.0,0.0,0.0,1.19,0.0,5.58,85.71,94.74,7.57,0,,0,,0,0.0,0.0,0.0,,,0.0,,1.5899999999999999,0.0,0.0,0.0,0.0,0,0.0
L. Kader Kone,Lacine Adams Kader Kone,-559970,RSD Alcalá,Radnički Niš,https://cdn5.wyscout.com/photos/team/public/2540_120x120.png,Segunda Division RFEF,"CF, AMF",CF,64,AMF,26,,0,23.0,2002-11-01,0,2026-06-30,11,220,0,1.01,0,0.04,30.27,22.97,Côte d'Ivoire,"[""Côte d'Ivoire""]",unknown,193,82,False,2.45,3.27,25.0,9.0,36.36,0.0,0.0,0.41000000000000003,1.6400000000000001,4.0,2.86,0,0.0,0,0.0,0.41000000000000003,0.0,0,0.0,0.41000000000000003,0,0.0,6,2.45,0.0,0.0,0.0,0.41000000000000003,0.0,0.41000000000000003,0.0,0.0,0.0,0.0,0.41000000000000003,100.0,13.5,15.15,4.09,0.41000000000000003,0.41000000000000003,9.41,2.45,0.8200000000000001,15.95,82.05,3.27,75.0,5.73,85.71,14.73,86.11,0.8200000000000001,50.0,16.45,7.63,0.02,0.8200000000000001,0.0,0.0,0.0,0.0,0.0,2.05,60.0,1.23,66.67,0.0,0.0,0.41000000000000003,0.0,1.6400000000000001,75.0,88.89,3.68,0,,0,,0,0.0,0.0,0.0,,,0.0,,9.0,0.0,0.0,0.0,0.0,0,0.0
N. Milunovic,Nemanja Milunovic,-732105,Spartak Subotica,Spartak Subotica,https://cdn5.wyscout.com/photos/team/public/1956_120x120.png,Super Liga,RCB,RCB,92,,0,,0,36.0,1989-05-31,0,,3,218,0,0.11,0,0.0,13.21,78.13,Serbia,['Serbia'],both,195,0,False,9.08,4.95,91.67,4.95,75.0,0.0,0.0,0.41000000000000003,4.54,7.02,0.41000000000000003,0,0.0,0,0.0,0.0,0.0,0,0.0,0.05,0,0.0,1,0.41000000000000003,0.0,0.0,0.0,0.0,0.0,0.0,0.0,0.0,0.0,0.0,0.0,0.0,2.48,50.0,2.06,0.41000000000000003,0.0,31.38,0.41000000000000003,0.8300000000000001,52.84,79.69,23.53,66.67,1.65,75.0,41.28,90.0,11.56,42.86,25.98,44.09,0.0,0.0,0.0,0.0,0.0,0.0,0.0,9.08,31.82,2.06,20.0,0.8300000000000001,0.0,0.0,0.0,9.08,72.73,92.59,22.29,0,,0,,0,0.0,0.0,0.0,,,0.8300000000000001,,4.95,0.0,0.0,0.0,0.0,0,0.0
A. Damjanović,Aleksa  Damjanović,-483963,Crvena Zvezda,Crvena Zvezda,https://cdn5.wyscout.com/photos/team/public/483_120x120.png,Super Liga,CF,CF,95,,0,,0,17.0,2008-12-04,0,2028-06-30,7,218,0,1.1,0,0.14,21.06,45.1,Serbia,['Serbia'],left,0,0,False,3.3,2.89,42.86,7.84,57.89,0.0,0.0,0.0,2.06,5.77,0.8300000000000001,1,0.41000000000000003,0,0.0,0.8300000000000001,0.0,0,0.0,0.45,0,0.0,9,3.7199999999999998,11.11,0.0,0.0,0.0,0.0,0.0,0.0,0.0,0.0,0.0,1.24,33.33,7.02,29.41,4.95,0.0,0.0,16.1,1.24,1.65,18.17,68.18,3.7199999999999998,77.78,3.3,75.0,17.75,67.44,0.41000000000000003,100.0,12.85,7.34,0.06,1.24,0.0,0.0,0.0,0.0,0.0,1.65,50.0,1.24,66.67,0.0,0.0,1.24,0.0,2.06,40.0,58.33,4.95,0,,0,,0,0.0,0.0,0.0,,,0.0,,7.84,0.0,0.0,0.0,0.0,0,0.0
P. Mbong,Paul Mbong,518872,Floriana,Čukarički,https://cdn5.wyscout.com/photos/team/public/2014_120x120.png,Premier League,"RW, RAMF, CF",RW,31,RAMF,27,CF,21,24.0,2001-09-02,250000,2027-06-30,5,209,0,0.72,0,0.01,21.1,38.78,Malta,"['Malta', 'Nigeria']",right,175,70,True,4.31,6.03,57.14,1.72,25.0,0.0,0.0,0.43,0.86,1.3,2.15,1,0.43,0,0.0,1.29,0.0,0,0.0,0.31,0,0.0,4,1.72,0.0,0.0,0.0,1.29,33.33,0.0,0.0,1.29,33.33,0.0,3.01,28.57,9.9,30.43,2.58,1.29,0.0,14.21,0.86,0.86,21.96,82.35,5.6,76.92,4.74,90.91,19.81,84.78,0.86,100.0,13.93,16.81,0.0,0.43,0.0,0.0,0.0,0.0,0.0,3.01,100.0,0.43,100.0,0.0,0.0,0.0,0.43,2.58,83.33,92.86,6.03,0,,0,,0,0.0,0.0,0.0,,,0.0,,1.72,0.0,0.0,0.0,0.43,0,0.0
G. Vadze,Godswill Vadze,-135187,Čukarički,Čukarički,https://cdn5.wyscout.com/photos/team/public/702_120x120.png,Super Liga,"LB, RW",LB,76,RW,14,,0,24.0,2001-09-04,0,2027-06-30,5,208,0,0.28,0,0.07,14.28,60.61,Ghana,['Ghana'],right,0,0,False,10.82,7.36,70.59,1.73,75.0,2.16,2.7800000000000002,0.0,3.46,4.44,2.6,1,0.43,0,0.0,1.73,0.0,0,0.0,0.12,0,0.0,3,1.3,33.33,0.0,0.0,2.16,40.0,0.43,100.0,1.73,25.0,0.0,0.43,0.0,3.03,57.14,0.43,2.6,0.0,18.61,1.73,1.3,27.69,78.13,9.09,66.67,5.19,91.67,21.2,81.63,4.33,80.0,19.75,30.74,0.03,1.3,0.0,0.43,0.43,100.0,0.0,2.16,80.0,3.03,28.57,0.0,0.0,0.43,0.87,7.36,64.71,76.47,7.36,0,,0,,0,0.0,0.0,0.0,,,0.87,,1.73,0.0,0.0,0.0,0.0,0,0.0
A. Ahmed Abdullahi,Abdulsamed Ahmed Abdullahi,-142185,Novi Pazar,Novi Pazar,https://cdn5.wyscout.com/photos/team/public/3838_120x120.png,Super Liga,"LW, RWF, RW",LW,33,RWF,20,RW,16,28.0,1997-01-19,0,,6,203,0,0.25,0,0.73,23.05,46.15,Somalia,"['Somalia', 'Netherlands']",right,0,0,False,8.87,6.65,53.33,1.77,25.0,0.0,0.0,0.0,5.32,7.66,0.44,0,0.0,0,0.0,9.31,0.0,0,0.0,0.11,0,0.0,4,1.77,50.0,0.0,0.0,7.09,43.75,3.99,44.44,3.1,42.86,1.77,7.09,75.0,13.3,43.33,3.55,1.77,1.33,11.97,0.89,1.33,27.49,70.97,4.43,60.0,8.87,95.0,19.95,82.22,0.44,0.0,15.57,5.94,0.32,1.33,0.0,0.0,0.0,0.0,0.89,1.33,66.67,4.88,63.64,0.0,0.0,0.0,3.1,5.32,66.67,65.22,10.2,0,,0,,0,0.0,0.0,0.0,,,0.0,,1.77,0.44,0.0,0.0,0.0,0,0.0
V. Prijović,Vladimir Prijović,-186955,Al Sharjah,Spartak Subotica,https://cdn5.wyscout.com/photos/team/public/2889_120x120.png,UAE Pro League,LB,LB,100,,0,,0,23.0,2002-06-26,900000,2027-06-30,2,201,0,0.31,1,0.25,15.67,54.29,Serbia,['Serbia'],left,187,78,False,10.75,8.51,68.42,0.9,100.0,0.0,0.0,0.45,4.93,6.11,0.9,0,0.0,0,0.0,2.24,0.0,0,0.0,0.14,0,0.0,1,0.45,100.0,0.0,0.45,1.79,75.0,1.79,75.0,0.0,0.0,0.0,0.45,100.0,4.03,33.33,1.79,0.0,0.0,19.25,1.79,0.45,29.1,78.46,14.33,65.63,4.93,90.91,24.63,81.82,2.69,50.0,18.01,32.73,0.11,0.9,0.0,0.0,0.0,0.0,0.9,4.48,50.0,1.79,75.0,0.0,0.0,0.45,1.34,7.61,70.59,91.67,5.37,0,,0,,0,0.0,0.0,0.0,,,0.0,,0.9,0.0,0.0,0.0,0.0,0,0.0
N. Kurdić,Numan Kurdić,-42596,Dinamo Tbilisi,Novi Pazar,https://cdn5.wyscout.com/photos/team/public/838_120x120.png,Erovnuli Liga,LCB,LCB,100,,0,,0,26.0,1999-07-01,425000,2027-12-31,2,198,0,0.17,0,0.0,14.55,59.38,Bosnia and Herzegovina,['Bosnia and Herzegovina'],right,189,0,False,8.64,6.82,60.0,5.0,45.45,0.0,0.0,0.45,4.55,7.69,0.91,0,0.0,0,0.0,0.91,0.0,0,0.0,0.08,0,0.0,2,0.91,0.0,0.0,0.0,0.0,0.0,0.0,0.0,0.0,0.0,0.0,0.91,100.0,0.91,100.0,0.91,1.3599999999999999,0.0,37.27,0.0,0.0,60.0,89.39,24.55,88.89,4.55,90.0,56.36,91.13,3.64,62.5,20.89,40.38,0.0,0.0,0.0,0.0,0.0,0.0,0.0,10.0,81.82,0.45,100.0,0.0,0.0,0.0,0.0,10.45,73.91,96.15,23.64,0,,0,,0,0.0,0.0,0.0,,,2.73,,5.0,0.0,0.0,0.0,0.0,0,0.0
N. Zunić,Nemanja Zunić,-218225,Mladost Lučani,Mladost Lučani,https://cdn5.wyscout.com/photos/team/public/703_120x120.png,Super Liga,LCB3,LCB3,100,,0,,0,22.0,2003-09-09,350000,2026-06-30,2,197,0,0.29,0,0.0,8.68,68.42,Serbia,['Serbia'],right,182,73,False,6.85,3.2,71.43,4.57,70.0,0.0,0.0,0.46,4.57,5.08,0.46,0,0.0,0,0.0,0.0,0.0,0,0.0,0.13,0,0.0,1,0.46,0.0,0.0,0.0,0.0,0.0,0.0,0.0,0.0,0.0,0.0,0.0,0.0,0.0,0.0,0.46,1.37,0.0,27.87,0.0,0.0,36.09,96.2,12.34,92.59,3.65,100.0,34.26,98.67,1.83,50.0,17.2,30.13,0.0,0.0,0.0,0.0,0.0,0.0,0.0,4.57,100.0,0.0,0.0,0.0,0.0,0.0,0.0,5.48,91.67,100.0,16.45,0,,0,,0,0.0,0.0,0.0,,,0.91,,4.57,0.0,0.0,0.0,0.0,0,0.0
Enzo,Enzo Oliveira Gonzaga,-423522,Spartak Subotica U19,Spartak Subotica,https://cdn5.wyscout.com/photos/team/public/g-12703_120x120.png,U19 League,"RW, CF, RAMF",RW,73,CF,15,RAMF,10,18.0,2007-12-04,0,,8,197,0,0.08,0,0.0,18.27,37.5,Brazil,['Brazil'],unknown,0,0,False,6.85,6.85,60.0,3.2,14.29,0.0,0.0,0.0,2.74,4.29,2.2800000000000002,1,0.46,0,0.0,2.74,0.0,0,0.0,0.04,0,0.0,3,1.37,100.0,0.0,0.0,0.0,0.0,0.0,0.0,0.0,0.0,0.0,2.2800000000000002,60.0,6.85,33.33,0.91,1.83,0.0,11.42,0.46,0.91,16.9,75.68,4.57,80.0,4.11,100.0,15.08,78.79,1.83,50.0,15.79,16.63,0.0,0.0,0.0,0.0,0.0,0.0,0.0,2.2800000000000002,60.0,0.0,0.0,0.0,0.0,0.0,0.0,2.74,66.67,80.0,4.57,0,,0,,0,0.0,0.0,0.0,,,0.46,,3.2,0.0,0.0,0.0,0.0,0,0.0
K. Campbell,Kenroy Campbell,-672649,IMT Novi Beograd,IMT Novi Beograd,https://cdn5.wyscout.com/photos/team/public/g30905_120x120.png,Super Liga,"RW, LW",RW,62,LW,11,,0,23.0,2002-05-30,0,,7,193,1,0.21,1,0.77,33.11,47.89,Jamaica,['Jamaica'],right,180,0,False,11.66,10.73,52.17,5.6,33.33,0.93,1.58,0.93,5.13,8.68,1.87,2,0.93,0,0.0,5.6,0.47000000000000003,1,0.47000000000000003,0.1,0,0.0,6,2.8,50.0,16.667,0.47000000000000003,2.33,40.0,0.0,0.0,2.33,40.0,0.0,4.66,70.0,15.39,48.48,1.4,1.87,0.0,13.52,1.4,3.26,18.65,50.0,6.99,33.33,4.2,100.0,12.59,62.96,3.73,12.5,20.98,29.47,0.36,1.4,0.0,0.0,0.0,0.0,1.4,2.8,50.0,2.8,33.33,0.0,0.0,0.47000000000000003,0.93,3.73,75.0,37.5,3.73,0,,0,,0,0.0,0.0,0.0,,,0.0,,5.6,0.0,0.0,0.0,0.0,0,0.0
M. Stevanovic,Mirko Stevanovic,-484114,Železničar Pancevo,Železničar Pancevo,https://cdn5.wyscout.com/photos/team/public/g34577_120x120.png,Super Liga,GK,GK,100,,0,,0,21.0,2005-04-10,0,,2,190,0,0.0,0,0.0,0.0,0.0,Serbia,['Serbia'],right,195,0,False,2.37,0.0,0.0,0.0,0.0,0.0,0.0,0.0,2.37,4.69,0.0,0,0.0,0,0.0,0.0,0.0,0,0.0,0.0,0,0.0,0,0.0,0.0,0.0,0.0,0.0,0.0,0.0,0.0,0.0,0.0,0.0,0.0,0.0,0.0,0.0,0.0,0.0,0.0,35.05,0.0,0.0,48.32,89.22,19.89,73.81,0.0,0.0,38.37,97.53,9.95,57.14,24.88,44.54,0.0,0.0,0.0,0.0,0.0,0.0,0.0,1.8900000000000001,50.0,0.0,0.0,0.47000000000000003,0.0,0.0,0.0,7.58,62.5,100.0,25.11,2,0.9500000000000001,7,3.32,1,71.43,1.01,0.48,-0.99,-0.46900000000000003,0.0,1.8900000000000001,0.0,,,,0.0,0,0.0
M. Gluščević,Matija Gluščević,-155269,Al Ettifaq,Radnički Kragujevac,https://cdn5.wyscout.com/photos/team/public/2991_120x120.png,Pro League,"RW, LAMF, RB",RW,64,LAMF,24,RB,10,21.0,2004-06-13,0,2028-06-30,5,189,0,0.09,0,0.02,22.38,53.19,Serbia,['Serbia'],right,0,0,False,7.14,5.71,83.33,2.38,40.0,0.48,0.67,0.0,1.9,2.67,0.0,0,0.0,0,0.0,3.33,0.0,0,0.0,0.04,0,0.0,3,1.43,33.33,0.0,0.0,2.38,0.0,0.0,0.0,2.38,0.0,0.0,3.81,75.0,14.29,43.33,1.43,1.43,0.48,17.62,2.38,1.9,22.38,82.98,5.71,83.33,6.67,100.0,19.52,92.68,0.9500000000000001,50.0,13.89,9.33,0.01,0.9500000000000001,0.0,0.0,0.0,0.0,0.0,0.48,100.0,1.43,66.67,0.0,0.0,0.9500000000000001,0.0,0.9500000000000001,50.0,81.82,5.24,0,,0,,0,0.0,0.0,0.0,,,0.0,,2.38,0.0,0.0,0.0,0.0,0,0.0
A. Gomes,António Pina Gomes,477584,Radnički Kragujevac,Radnički Kragujevac,https://cdn5.wyscout.com/photos/team/public/g2849_120x120.png,Super Liga,"RDMF, AMF, RCMF",RDMF,48,AMF,25,RCMF,18,25.0,2000-08-29,25000,,5,189,0,0.41000000000000003,0,0.47000000000000003,19.52,63.41,Portugal,"['Portugal', 'Luxembourg']",left,176,66,False,6.19,5.71,66.67,2.38,80.0,0.0,0.0,0.0,2.38,4.05,0.48,0,0.0,0,0.0,4.76,0.0,0,0.0,0.19,0,0.0,4,1.9,25.0,0.0,0.0,0.9500000000000001,100.0,0.48,100.0,0.48,100.0,0.0,4.29,77.78,8.1,64.71,1.9,0.9500000000000001,0.48,20.48,0.48,0.9500000000000001,31.9,85.07,8.57,83.33,7.14,93.33,29.05,88.52,1.9,25.0,15.44,19.86,0.22,1.9,0.0,0.0,0.0,0.0,1.43,4.76,80.0,1.9,75.0,0.0,0.0,0.9500000000000001,0.9500000000000001,4.29,88.89,78.95,9.05,0,,0,,0,0.0,0.0,0.0,,,0.9500000000000001,,2.38,0.48,0.0,0.0,0.0,0,0.0
O. Nikiforenko,Oleg Nikiforenko,517522,Radnički Niš,Radnički Niš,https://cdn5.wyscout.com/photos/team/public/g2850_120x120.png,Super Liga,"LW, LAMF, LCMF",LW,37,LAMF,26,LCMF,16,25.0,2001-03-17,50000,,6,184,1,0.18,0,0.0,12.23,32.0,Belarus,['Belarus'],right,179,76,False,5.38,4.4,33.33,1.47,33.33,0.0,0.0,0.49,3.91,6.86,0.49,1,0.49,0,0.0,2.93,0.49,1,0.49,0.09,0,0.0,4,1.96,75.0,25.0,0.0,0.98,0.0,0.98,0.0,0.0,0.0,0.0,2.45,60.0,4.89,30.0,1.96,1.96,0.0,27.39,1.47,0.0,32.77,80.6,7.83,68.75,10.27,95.24,29.35,86.67,2.45,40.0,22.55,39.79,0.0,0.0,0.0,0.0,0.0,0.0,0.0,4.4,66.67,0.98,50.0,0.0,0.0,0.49,0.0,4.4,77.78,77.27,10.76,0,,0,,0,0.0,0.0,0.0,,,0.49,,1.47,0.0,0.0,0.0,0.98,0,0.0
D. Saric,Dimitrije Saric,-636393,Crvena Zvezda U19,Crvena Zvezda,https://cdn5.wyscout.com/photos/team/public/g-4018_120x120.png,U19 League,"AMF, RCMF, LWF",AMF,51,RCMF,15,LWF,14,17.0,2008-11-04,0,,6,183,0,0.11,0,0.0,16.23,39.39,Serbia,['Serbia'],unknown,0,0,False,5.41,5.9,41.67,1.97,25.0,0.98,1.94,0.49,1.97,3.87,1.48,1,0.49,0,0.0,0.98,0.0,0,0.0,0.06,0,0.0,2,0.98,0.0,0.0,0.0,0.49,0.0,0.49,0.0,0.0,0.0,0.0,1.48,66.67,7.38,40.0,2.95,1.48,0.49,22.62,0.98,1.97,29.51,90.0,5.9,91.67,7.38,93.33,27.05,90.91,1.97,100.0,14.54,19.55,0.0,0.0,0.0,0.0,0.0,0.0,0.0,4.43,88.89,0.0,0.0,0.0,0.0,0.0,0.0,3.93,87.5,95.65,11.31,0,,0,,0,0.0,0.0,0.0,,,0.98,,1.97,0.0,0.0,0.0,1.48,0,0.0
M. Petković,Marko Petković,158204,Radnički Niš,Radnički Niš,https://cdn5.wyscout.com/photos/team/public/g2850_120x120.png,Super Liga,RB,RB,91,,0,,0,33.0,1992-09-03,150000,2026-05-31,6,179,0,0.22,1,0.18,14.58,51.72,Serbia,['Serbia'],right,186,80,False,6.03,7.54,53.33,4.02,50.0,0.0,0.0,0.0,2.01,3.33,1.01,0,0.0,0,0.0,1.01,0.0,0,0.0,0.11,0,0.0,2,1.01,0.0,0.0,0.5,2.01,0.0,0.0,0.0,2.01,0.0,0.0,2.01,50.0,2.51,40.0,2.51,0.5,0.0,32.18,1.01,0.5,45.25,70.0,25.64,66.67,2.01,75.0,36.7,80.82,6.54,30.77,21.1,25.97,0.09,0.5,0.0,0.0,0.0,0.0,0.5,11.56,60.87,3.02,33.33,1.01,50.0,1.01,0.0,15.08,80.0,80.0,10.06,0,,0,,0,0.0,0.0,0.0,,,0.0,,4.02,0.0,0.0,0.0,0.0,0,0.0
N. Grujic,Nebojsa Grujic,-635886,Čukarički U17,Čukarički,https://cdn5.wyscout.com/photos/team/public/g-6121_120x120.png,U17 League,"LAMF, RAMF",LAMF,84,RAMF,15,,0,17.0,2009-04-02,0,,3,163,0,0.03,0,0.05,19.88,38.89,Serbia,['Serbia'],unknown,0,0,False,5.52,6.63,41.67,1.6600000000000001,66.67,0.0,0.0,0.0,2.76,2.59,1.6600000000000001,0,0.0,0,0.0,1.6600000000000001,0.0,0,0.0,0.02,0,0.0,1,0.55,0.0,0.0,0.0,3.31,0.0,1.1,0.0,2.21,0.0,1.1,2.76,60.0,8.83,37.5,0.55,1.1,0.55,7.18,0.55,1.1,17.12,61.29,6.63,66.67,3.31,66.67,12.15,81.82,2.21,25.0,17.8,25.08,0.03,1.1,0.0,0.0,0.0,0.0,0.0,2.21,75.0,3.31,33.33,0.0,0.0,1.6600000000000001,0.0,2.76,80.0,25.0,4.42,0,,0,,0,0.0,0.0,0.0,,,0.0,,1.6600000000000001,0.0,0.0,0.0,0.55,0,0.0
T. Todorović,Tomislav Todorović,385251,Ušće NB,IMT Novi Beograd,https://cdn5.wyscout.com/photos/team/public/g34618_120x120.png,Prva Liga,"LCMF, LW",LCMF,88,LW,11,,0,27.0,1998-02-13,0,2026-06-30,3,159,0,0.2,0,0.0,11.32,35.0,Serbia,['Serbia'],right,174,71,True,2.26,2.83,40.0,4.53,0.0,0.0,0.0,0.0,1.13,1.71,0.5700000000000001,0,0.0,0,0.0,0.5700000000000001,0.0,0,0.0,0.11,0,0.0,4,2.26,0.0,0.0,0.0,0.0,0.0,0.0,0.0,0.0,0.0,0.0,0.5700000000000001,100.0,2.83,100.0,1.7000000000000002,0.0,0.0,14.72,2.83,1.7000000000000002,19.25,76.47,5.09,55.56,4.53,100.0,16.98,80.0,2.26,50.0,15.44,21.24,0.0,0.0,0.0,0.0,0.0,0.0,0.0,1.13,50.0,0.5700000000000001,100.0,0.5700000000000001,100.0,1.13,0.0,2.83,80.0,77.78,5.09,0,,0,,0,0.0,0.0,0.0,,,0.0,,4.53,0.0,0.0,0.0,0.0,0,0.0
Z. Ibrahim,Zubairu Ibrahim,-343740,Çorum FK,Partizan,https://cdn5.wyscout.com/photos/team/public/g21774_120x120.png,1. Lig,LW,LW,91,,0,,0,21.0,2004-06-02,0,2028-06-30,7,156,1,0.22,0,0.0,16.15,32.14,Ghana,['Ghana'],right,175,66,True,2.88,2.31,50.0,2.31,0.0,0.0,0.0,0.0,1.73,3.75,1.15,1,0.58,0,0.0,4.04,0.58,1,0.58,0.13,0,0.0,4,2.31,50.0,25.0,0.0,2.88,80.0,2.31,75.0,0.0,0.0,0.0,2.88,20.0,10.96,36.84,2.31,1.73,0.0,28.85,0.58,1.73,38.08,83.33,8.65,60.0,10.38,94.44,30.0,90.38,5.19,44.44,16.99,26.8,0.0,0.0,0.0,0.0,0.0,0.0,0.0,4.04,42.86,4.04,57.14,0.0,0.0,0.0,2.31,4.62,87.5,91.3,13.27,0,,0,,0,0.0,0.0,0.0,,,1.15,,2.31,0.0,0.0,0.0,0.0,0,0.0
E. Dzigbah,Emmanuel Dzigbah,-379090,Čukarički,Čukarički,https://cdn5.wyscout.com/photos/team/public/702_120x120.png,Super Liga,"LB, LDMF",LB,62,LDMF,37,,0,19.0,2006-07-06,0,2028-06-30,3,154,0,0.0,0,0.0,21.62,40.54,Ghana,['Ghana'],both,170,0,False,7.6,7.6,53.85,1.17,50.0,0.58,0.79,0.58,2.92,3.95,2.92,1,0.58,0,0.0,1.75,0.0,0,0.0,0.0,0,0.0,0,0.0,0.0,0.0,0.0,0.0,0.0,0.0,0.0,0.0,0.0,0.0,1.75,100.0,10.52,33.33,0.0,0.58,0.0,14.03,0.0,2.34,25.13,76.74,6.43,63.64,8.18,78.57,22.21,81.58,2.92,40.0,19.78,36.96,0.0,0.0,0.0,0.0,0.0,0.0,0.0,2.92,60.0,0.0,0.0,0.0,0.0,0.0,0.0,3.51,33.33,91.67,7.01,0,,0,,0,0.0,0.0,0.0,,,1.17,,1.17,0.0,0.0,0.0,0.0,0,0.0
A. Ljajić,Adem Ljajić,46469,Sarajevo,Novi Pazar,https://cdn5.wyscout.com/photos/team/public/1304_120x120.png,Premijer Liga,"LCMF, DMF, LW",LCMF,51,DMF,22,LW,14,34.0,1991-09-29,400000,2027-06-30,2,151,0,0.13,0,0.65,9.54,50.0,Serbia,['Serbia'],right,182,80,False,2.38,2.38,25.0,0.0,0.0,0.6000000000000001,1.15,0.0,1.19,2.31,0.0,0,0.0,0,0.0,4.17,0.0,0,0.0,0.08,0,0.0,2,1.19,0.0,0.0,0.0,2.38,50.0,1.79,66.67,0.6000000000000001,0.0,1.79,4.17,71.43,7.15,58.33,2.38,1.19,0.0,54.24,1.79,1.19,67.35,87.61,16.09,92.59,9.54,87.5,61.99,89.42,2.98,80.0,19.48,38.74,0.39,2.98,0.0,0.0,0.0,0.0,0.0,7.15,91.67,5.36,66.67,1.19,50.0,4.17,1.19,15.5,88.46,92.73,32.78,0,,0,,0,0.0,0.0,0.0,,,0.6000000000000001,,0.0,1.19,0.0,0.0,9.54,0,0.0
A. Rušević,Anes Rušević,405143,Novi Pazar,Novi Pazar,https://cdn5.wyscout.com/photos/team/public/3838_120x120.png,Super Liga,"CF, RCMF",CF,86,RCMF,13,,0,29.0,1996-12-02,350000,2026-06-30,6,150,0,0.45,0,0.04,12.0,30.0,Serbia,['Serbia'],right,183,75,False,1.2,0.6000000000000001,100.0,2.4,25.0,0.0,0.0,0.0,0.6000000000000001,1.2,0.6000000000000001,1,0.6000000000000001,0,0.0,0.6000000000000001,0.0,0,0.0,0.27,0,0.0,5,3.0,0.0,0.0,0.0,0.0,0.0,0.0,0.0,0.0,0.0,0.0,1.2,50.0,3.6,33.33,3.0,0.6000000000000001,0.0,12.0,3.0,0.6000000000000001,16.2,92.59,2.4,75.0,4.2,100.0,15.6,92.31,0.6000000000000001,100.0,12.47,8.48,0.02,0.6000000000000001,0.0,0.0,0.0,0.0,0.0,1.2,100.0,2.4,75.0,0.0,0.0,2.4,0.0,1.2,100.0,83.33,3.6,0,,0,,0,0.0,0.0,0.0,,,0.0,,2.4,0.0,0.0,0.0,0.0,0,0.0
D. Nikolic,Dimitrije Nikolic,-483424,Radnički Kragujevac,Radnički Kragujevac,https://cdn5.wyscout.com/photos/team/public/g2849_120x120.png,Super Liga,"RB5, RB",RB5,65,RB,34,,0,19.0,2007-02-10,0,,2,147,0,0.0,1,0.0,17.76,58.62,Serbia,['Serbia'],unknown,0,0,False,11.02,11.63,57.89,2.45,75.0,0.61,0.73,0.0,3.67,4.39,1.22,1,0.61,0,0.0,0.61,0.0,0,0.0,0.0,0,0.0,0,0.0,0.0,0.0,0.61,0.61,0.0,0.0,0.0,0.61,0.0,0.0,0.61,100.0,2.45,50.0,0.0,0.61,0.0,12.24,0.61,0.61,19.59,59.38,11.63,57.89,1.8399999999999999,66.67,14.08,60.87,4.9,62.5,21.46,33.52,0.0,0.0,0.0,0.0,0.0,0.0,0.61,4.9,75.0,0.61,100.0,1.8399999999999999,66.67,1.22,0.0,8.57,50.0,71.43,4.29,0,,0,,0,0.0,0.0,0.0,,,0.61,,2.45,0.0,0.0,0.0,0.0,0,0.0
P. Olayinka,Peter Oladeji Olayinka,274253,APOEL,Crvena Zvezda,https://cdn5.wyscout.com/photos/team/public/1197_120x120.png,1. Division,"CF, LAMF, RAMF",CF,41,LAMF,33,RAMF,25,30.0,1995-11-16,0,2026-05-31,4,142,1,1.3900000000000001,0,0.0,24.08,21.05,Nigeria,['Nigeria'],right,188,75,False,0.63,3.8,16.67,3.8,50.0,0.0,0.0,0.0,0.0,0.0,1.9,0,0.0,0,0.0,2.54,0.63,1,0.63,0.88,0,0.0,8,5.07,12.5,12.5,0.0,1.9,33.33,0.63,100.0,1.27,0.0,0.0,5.07,25.0,13.31,14.29,5.7,1.27,0.0,14.58,1.9,0.0,20.28,81.25,1.9,100.0,8.24,100.0,17.75,85.71,0.63,100.0,15.23,10.47,0.0,0.0,0.0,0.0,0.0,0.0,0.0,1.27,100.0,0.63,100.0,0.0,0.0,0.63,0.0,2.54,75.0,85.71,4.44,0,,0,,0,0.0,0.0,0.0,,,0.0,,3.8,0.0,0.0,0.0,0.0,0,0.0
Pedro Empis,Pedro Carvalhosa Empis,318338,Radnik Surdulica,Radnik Surdulica,https://cdn5.wyscout.com/photos/team/public/g6756_120x120.png,Super Liga,"LB5, LB",LB5,52,LB,47,,0,28.0,1997-02-01,500000,,3,141,0,0.0,0,0.0,14.68,43.48,Portugal,['Portugal'],left,177,70,False,9.57,7.66,41.67,0.64,0.0,1.28,1.88,0.64,5.11,7.5,3.19,1,0.64,0,0.0,0.64,0.0,0,0.0,0.0,0,0.0,1,0.64,0.0,0.0,0.0,1.9100000000000001,0.0,1.9100000000000001,0.0,0.0,0.0,0.0,0.64,100.0,3.19,60.0,0.0,0.0,0.0,14.68,0.0,0.64,22.34,80.0,5.74,77.78,10.21,93.75,17.87,92.86,2.55,50.0,16.27,21.0,0.0,0.0,0.0,0.0,0.0,0.0,0.0,1.28,100.0,1.28,0.0,0.0,0.0,0.0,0.0,3.19,40.0,60.0,3.19,0,,0,,0,0.0,0.0,0.0,,,0.0,,0.64,0.0,0.0,0.0,0.0,0,0.0
S. Mitrović,Stefan Mitrović,-388914,Železničar Pancevo,Železničar Pancevo,https://cdn5.wyscout.com/photos/team/public/g34577_120x120.png,Super Liga,"RCMF, LCMF, DMF",RCMF,35,LCMF,27,DMF,23,20.0,2006-04-28,0,,10,140,0,0.0,0,0.0,12.86,55.0,Serbia,['Serbia'],right,0,0,False,7.07,3.21,60.0,3.21,40.0,0.64,0.9400000000000001,0.64,4.5,6.5600000000000005,0.64,0,0.0,0,0.0,0.0,0.0,0,0.0,0.0,0,0.0,0,0.0,0.0,0.0,0.0,0.0,0.0,0.0,0.0,0.0,0.0,0.0,0.0,0.0,3.21,60.0,0.0,0.64,0.0,16.71,0.0,2.5700000000000003,29.57,78.26,11.57,77.78,5.14,100.0,26.36,85.37,3.21,20.0,13.37,13.49,0.0,0.0,0.0,0.0,0.0,0.0,0.0,3.21,60.0,0.64,100.0,0.0,0.0,0.64,0.0,3.21,60.0,83.33,7.71,0,,0,,0,0.0,0.0,0.0,,,0.64,,3.21,0.0,0.0,0.0,0.0,0,0.0
A. Ristić,Andreja  Ristić,-247099,Javor Ivanjica,Javor Ivanjica,https://cdn5.wyscout.com/photos/team/public/1255_120x120.png,Super Liga,"AMF, LAMF, CF",AMF,25,LAMF,21,CF,18,22.0,2004-01-08,0,,9,135,0,0.23,0,0.0,19.33,41.38,Serbia,"['Serbia', 'Bulgaria']",right,185,75,False,4.67,3.33,60.0,8.0,25.0,0.0,0.0,0.0,2.67,4.14,0.67,0,0.0,0,0.0,4.0,0.0,0,0.0,0.15,0,0.0,2,1.33,50.0,0.0,0.0,1.33,50.0,1.33,50.0,0.0,0.0,0.0,2.67,100.0,4.67,71.43,2.0,0.67,1.33,4.67,0.67,3.33,10.0,80.0,1.33,0.0,2.0,100.0,8.67,84.62,0.0,0.0,9.0,0.0,0.0,0.0,0.0,0.0,0.0,0.0,0.0,0.0,0.0,2.0,66.67,0.0,0.0,0.67,0.67,0.67,0.0,50.0,1.33,0,,0,,0,0.0,0.0,0.0,,,0.0,,8.0,0.0,0.0,0.0,0.0,0,0.0
Evgeniy Pavlov,Stepanovich Evgeniy Pavlov Yevgeny,-354812,Dubočica,Radnik Surdulica,https://cdn5.wyscout.com/photos/team/public/g3814_120x120.png,Prva Liga,CF,CF,91,,0,,0,34.0,1991-03-12,0,,7,132,1,1.22,0,0.19,19.77,48.28,Ukraine,"['Ukraine', 'Russia']",right,191,83,False,2.73,1.3599999999999999,50.0,10.23,53.33,0.0,0.0,0.0,2.05,4.29,0.68,0,0.0,0,0.0,2.05,0.68,1,0.68,0.8300000000000001,0,0.0,8,5.45,37.5,12.5,0.0,0.0,0.0,0.0,0.0,0.0,0.0,0.0,0.0,0.0,6.14,44.44,6.82,0.68,0.0,11.59,2.73,2.05,16.36,87.5,2.05,66.67,3.41,100.0,16.36,87.5,0.0,0.0,11.28,0.0,0.13,0.68,0.0,0.0,0.0,0.0,0.68,0.68,0.0,1.3599999999999999,50.0,0.0,0.0,2.05,0.0,0.0,0.0,83.33,4.09,0,,0,,0,0.0,0.0,0.0,,,0.0,,10.23,0.0,0.0,0.0,0.0,0,0.0
E. Pavlov,Evgen Pavlov,84694,Dubočica,Radnik Surdulica,https://cdn5.wyscout.com/photos/team/public/g3814_120x120.png,Prva Liga,CF,CF,91,,0,,0,35.0,1991-03-12,150000,2026-06-30,7,132,1,1.22,0,0.19,19.77,48.28,Ukraine,"['Ukraine', 'Russia']",right,191,83,False,2.73,1.3599999999999999,50.0,10.23,53.33,0.0,0.0,0.0,2.05,4.29,0.68,0,0.0,0,0.0,2.05,0.68,1,0.68,0.8300000000000001,0,0.0,8,5.45,37.5,12.5,0.0,0.0,0.0,0.0,0.0,0.0,0.0,0.0,0.0,0.0,6.14,44.44,6.82,0.68,0.0,11.59,2.73,2.05,16.36,87.5,2.05,66.67,3.41,100.0,16.36,87.5,0.0,0.0,11.28,0.0,0.13,0.68,0.0,0.0,0.0,0.0,0.68,0.68,0.0,1.3599999999999999,50.0,0.0,0.0,2.05,0.0,0.0,0.0,83.33,4.09,0,,0,,0,0.0,0.0,0.0,,,0.0,,10.23,0.0,0.0,0.0,0.0,0,0.0
D. Tosić,Davorin  Tosić,-484056,Železničar Pancevo,Železničar Pancevo,https://cdn5.wyscout.com/photos/team/public/g34577_120x120.png,Super Liga,"LCMF, LCMF3",LCMF,84,LCMF3,15,,0,19.0,2007-03-29,0,,4,132,0,0.51,0,0.03,15.68,47.83,Serbia,['Serbia'],,0,0,False,3.41,4.09,50.0,3.41,20.0,0.0,0.0,0.0,1.3599999999999999,2.22,0.68,0,0.0,0,0.0,3.41,0.0,0,0.0,0.34,0,0.0,3,2.05,33.33,0.0,0.0,1.3599999999999999,0.0,1.3599999999999999,0.0,0.0,0.0,0.0,3.41,60.0,6.14,66.67,1.3599999999999999,0.68,0.68,32.05,1.3599999999999999,1.3599999999999999,40.23,79.66,6.14,44.44,13.64,85.0,36.82,85.19,2.05,33.33,20.26,10.65,0.02,0.68,0.0,0.0,0.68,100.0,0.0,6.14,44.44,2.05,33.33,1.3599999999999999,50.0,0.0,0.0,3.41,60.0,88.0,17.05,0,,0,,0,0.0,0.0,0.0,,,2.05,,3.41,0.0,0.0,0.0,0.0,0,0.0
D. Tegeltija,Dragan  Tegeltija,-484040,Bačka Topola,Bačka Topola,https://cdn5.wyscout.com/photos/team/public/g19686_120x120.png,Super Liga,LB,LB,100,,0,,0,20.0,2006-03-19,0,,3,131,0,0.05,0,0.03,15.11,54.55,Serbia,['Serbia'],,0,0,False,9.62,9.62,64.29,3.44,40.0,0.0,0.0,0.6900000000000001,3.44,5.77,1.37,0,0.0,0,0.0,0.6900000000000001,0.0,0,0.0,0.03,0,0.0,1,0.6900000000000001,0.0,0.0,0.0,2.06,33.33,2.06,33.33,0.0,0.0,0.0,0.6900000000000001,0.0,1.37,50.0,1.37,0.6900000000000001,0.6900000000000001,35.04,0.6900000000000001,0.6900000000000001,45.34,81.82,15.8,69.57,8.24,100.0,40.53,89.83,3.44,0.0,16.4,30.33,0.02,0.6900000000000001,0.0,0.0,0.0,0.0,0.0,6.87,60.0,2.75,25.0,0.6900000000000001,0.0,0.0,0.6900000000000001,4.8100000000000005,71.43,86.96,15.8,0,,0,,0,0.0,0.0,0.0,,,1.37,,3.44,0.0,0.0,0.0,0.0,0,0.0
Ž. Arsić,Željko Arsić,-88849,Ušće NB,IMT Novi Beograd,https://cdn5.wyscout.com/photos/team/public/g34618_120x120.png,Prva Liga,RW,RW,100,,0,,0,28.0,1997-07-26,100000,,2,129,0,0.16,0,0.01,20.93,53.33,Serbia,['Serbia'],left,173,60,False,6.98,6.98,50.0,2.09,0.0,0.7000000000000001,1.11,0.0,2.79,4.44,2.09,1,0.7000000000000001,0,0.0,3.49,0.0,0,0.0,0.11,0,0.0,3,2.09,0.0,0.0,0.0,0.7000000000000001,0.0,0.0,0.0,0.7000000000000001,0.0,0.0,4.88,71.43,10.47,66.67,2.79,4.88,0.0,18.14,2.09,4.88,20.93,70.0,5.58,37.5,2.79,75.0,18.14,73.08,2.09,66.67,21.39,11.78,0.0,0.7000000000000001,0.0,0.0,0.0,0.0,0.0,3.49,20.0,2.09,33.33,0.7000000000000001,0.0,0.7000000000000001,0.7000000000000001,2.09,33.33,83.33,8.37,0,,0,,0,0.0,0.0,0.0,,,0.0,,2.09,0.0,0.0,0.0,0.0,0,0.0
B. Djaló,Bubacar Boi Djaló,373037,Radnički Niš,Radnički Niš,https://cdn5.wyscout.com/photos/team/public/g2850_120x120.png,Super Liga,DMF,DMF,90,,0,,0,29.0,1997-02-02,300000,2027-06-30,3,127,0,0.09,0,0.04,14.88,42.86,Guinea-Bissau,"['Guinea-Bissau', 'Portugal']",right,189,83,False,8.5,5.67,50.0,2.83,0.0,0.0,0.0,0.71,5.67,7.06,0.71,0,0.0,0,0.0,2.13,0.0,0,0.0,0.06,0,0.0,3,2.13,33.33,0.0,0.0,0.0,0.0,0.0,0.0,0.0,0.0,0.0,1.42,100.0,5.67,62.5,0.0,1.42,0.0,28.35,0.0,1.42,41.1,87.93,9.92,71.43,5.67,100.0,40.39,89.47,0.71,0.0,12.41,8.21,0.03,0.71,0.0,0.0,0.0,0.0,0.0,6.38,77.78,0.0,0.0,0.0,0.0,0.71,0.0,5.67,62.5,90.32,21.97,0,,0,,0,0.0,0.0,0.0,,,0.71,,2.83,0.0,0.0,0.0,0.0,0,0.0
A. Novakovic,Aleksa Novakovic,-635985,Napredak Kruševac U19,Napredak Kruševac,https://cdn5.wyscout.com/photos/team/public/g-6118_120x120.png,U19 League,"LW, CF",LW,56,CF,38,,0,18.0,2008-03-01,0,,2,127,0,0.25,0,0.0,19.84,46.43,Serbia,['Serbia'],unknown,0,0,False,4.25,5.67,62.5,1.42,0.0,0.0,0.0,0.0,0.71,1.07,0.71,0,0.0,0,0.0,3.54,0.0,0,0.0,0.18,0,0.0,1,0.71,100.0,0.0,0.0,0.71,0.0,0.71,0.0,0.0,0.0,0.0,3.54,80.0,10.63,40.0,2.13,4.25,0.0,19.13,1.42,2.83,19.84,60.71,7.09,40.0,4.96,71.43,18.43,65.38,0.71,0.0,11.37,5.87,0.0,0.0,0.0,0.0,0.0,0.0,0.0,2.83,50.0,0.71,0.0,0.71,0.0,0.0,0.0,1.42,50.0,57.14,4.96,0,,0,,0,0.0,0.0,0.0,,,0.0,,1.42,0.0,0.0,0.0,0.0,0,0.0
M. Maravic,Mateo Maravic,-483754,Čukarički U19,Čukarički,https://cdn5.wyscout.com/photos/team/public/g37536_120x120.png,U19 League,"AMF, CF",AMF,58,CF,41,,0,18.0,2008-01-22,0,,5,126,0,0.09,0,0.01,13.57,47.37,Serbia,['Serbia'],unknown,0,0,False,3.5700000000000003,2.14,66.67,5.71,37.5,0.0,0.0,0.71,2.14,2.65,0.0,0,0.0,0,0.0,0.71,0.0,0,0.0,0.07,0,0.0,2,1.43,50.0,0.0,0.0,0.0,0.0,0.0,0.0,0.0,0.0,0.0,0.0,0.0,5.0,42.86,2.14,0.0,0.0,10.0,0.71,1.43,20.71,75.86,3.5700000000000003,80.0,7.14,70.0,20.0,78.57,0.71,0.0,12.07,4.49,0.01,0.71,0.0,0.0,0.0,0.0,0.0,1.43,50.0,0.71,0.0,0.0,0.0,0.0,0.0,0.0,0.0,88.89,6.43,0,,0,,0,0.0,0.0,0.0,,,0.0,,5.71,0.0,0.0,0.0,0.0,0,0.0
D. Gojković,Darko Gojković,308926,OFK Beograd,OFK Beograd,https://cdn5.wyscout.com/photos/team/public/705_120x120.png,Super Liga,"LCB, LW",LCB,79,LW,12,,0,37.0,1988-09-26,25000,2026-06-30,3,125,0,0.0,0,0.0,7.2,60.0,Serbia,['Serbia'],right,184,78,False,10.08,2.88,75.0,2.16,33.33,0.0,0.0,1.44,7.92,8.92,0.0,0,0.0,0,0.0,0.0,0.0,0,0.0,0.0,0,0.0,0,0.0,0.0,0.0,0.0,0.0,0.0,0.0,0.0,0.0,0.0,0.0,0.0,0.0,1.44,50.0,0.0,0.0,0.0,13.68,0.0,0.72,31.68,81.82,12.24,76.47,0.72,100.0,28.08,84.62,3.6,60.0,12.89,20.75,0.0,0.0,0.0,0.0,0.0,0.0,0.0,2.16,0.0,0.0,0.0,0.0,0.0,0.0,0.0,3.6,40.0,93.75,11.52,0,,0,,0,0.0,0.0,0.0,,,0.0,,2.16,0.0,0.0,0.0,0.0,0,0.0
P. Mihajlović,Pavle Mihajlović,-80900,Napredak Kruševac U19,Napredak Kruševac,https://cdn5.wyscout.com/photos/team/public/g-6118_120x120.png,U19 League,"RCB3, CB",RCB3,83,CB,11,,0,19.0,2006-07-13,0,,3,124,0,0.0,0,0.0,11.61,37.5,Serbia,['Serbia'],,0,0,False,10.16,7.98,36.36,1.45,50.0,0.73,0.86,1.45,6.53,7.71,1.45,2,1.45,0,0.0,0.0,0.0,0,0.0,0.0,0,0.0,0,0.0,0.0,0.0,0.0,0.0,0.0,0.0,0.0,0.0,0.0,0.0,0.0,0.0,2.18,33.33,0.0,0.73,0.0,18.15,0.73,0.73,26.13,69.44,10.89,46.67,4.35,83.33,20.32,78.57,5.8100000000000005,37.5,25.9,29.56,0.0,0.0,0.0,0.0,0.0,0.0,0.0,3.63,40.0,0.73,0.0,0.0,0.0,0.0,0.0,8.71,33.33,83.33,8.71,0,,0,,0,0.0,0.0,0.0,,,3.63,,1.45,0.0,0.0,0.0,0.0,0,0.0
I. Jeličić,Igor Jeličić,-29996,Napredak Kruševac,Napredak Kruševac,https://cdn5.wyscout.com/photos/team/public/704_120x120.png,Super Liga,"CB, RCB, LCB3",CB,61,RCB,13,LCB3,12,26.0,2000-02-28,500000,2026-12-31,3,121,0,0.29,0,0.0,18.6,60.0,Serbia,['Serbia'],right,187,75,True,11.9,8.18,81.82,4.46,50.0,0.0,0.0,0.0,5.21,4.67,0.74,0,0.0,0,0.0,0.0,0.0,0,0.0,0.22,0,0.0,1,0.74,0.0,0.0,0.0,0.0,0.0,0.0,0.0,0.0,0.0,0.0,0.0,0.0,3.7199999999999998,40.0,1.49,0.0,0.0,8.18,0.0,0.74,15.62,80.95,8.93,75.0,0.0,0.0,13.39,83.33,2.23,66.67,23.27,25.69,0.0,0.0,0.0,0.0,0.0,0.0,0.0,0.74,0.0,0.0,0.0,0.0,0.0,0.0,0.0,5.21,71.43,85.71,5.21,0,,0,,0,0.0,0.0,0.0,,,0.0,,4.46,0.0,0.0,0.0,0.0,0,0.0
D. Marinković,Djordje  Marinković,-484194,Mladost Lučani,Mladost Lučani,https://cdn5.wyscout.com/photos/team/public/703_120x120.png,Super Liga,"LCMF3, RCMF3, LCMF",LCMF3,42,RCMF3,38,LCMF,18,20.0,2006-01-15,0,,4,121,0,0.0,0,0.0,17.11,39.13,Serbia,['Serbia'],right,0,0,False,6.69,6.69,44.44,5.95,12.5,0.0,0.0,0.0,3.7199999999999998,5.0,2.23,1,0.74,0,0.0,0.74,0.0,0,0.0,0.0,0,0.0,0,0.0,0.0,0.0,0.0,0.0,0.0,0.0,0.0,0.0,0.0,0.0,0.74,100.0,1.49,50.0,0.0,1.49,0.0,18.6,1.49,0.74,24.55,81.82,9.67,61.54,5.21,85.71,23.06,80.65,1.49,100.0,16.93,6.05,0.0,0.0,0.0,0.0,0.0,0.0,0.74,1.49,0.0,0.0,0.0,0.0,0.0,0.0,0.0,3.7199999999999998,40.0,100.0,7.44,0,,0,,0,0.0,0.0,0.0,,,0.74,,5.95,0.0,0.0,0.0,0.0,0,0.0
I. Zulfic,Irfan Zulfic,-464441,Tekstilac Odžaci,IMT Novi Beograd,https://cdn5.wyscout.com/photos/team/public/g4215_120x120.png,Prva Liga,"RCMF, LCMF",RCMF,66,LCMF,33,,0,25.0,2000-10-04,0,2027-06-30,3,120,0,0.25,0,0.12,10.5,14.29,Serbia,['Serbia'],unknown,0,0,False,1.5,1.5,0.0,2.25,0.0,0.0,0.0,0.0,1.5,1.76,0.75,1,0.75,0,0.0,1.5,0.0,0,0.0,0.19,0,0.0,1,0.75,100.0,0.0,0.0,0.0,0.0,0.0,0.0,0.0,0.0,0.0,1.5,50.0,6.0,25.0,0.75,2.25,0.0,17.25,3.0,0.75,30.75,78.05,10.5,64.29,9.75,76.92,28.5,78.95,2.25,66.67,16.9,22.76,0.09,0.75,0.0,0.0,0.0,0.0,0.75,5.25,85.71,0.75,100.0,0.75,100.0,0.75,0.0,4.5,83.33,90.0,7.5,0,,0,,0,0.0,0.0,0.0,,,0.75,,2.25,0.0,0.0,0.0,0.0,0,0.0
A. Mohammed,Abdulmalik Mohammed,-731201,Partizan,Partizan,https://cdn5.wyscout.com/photos/team/public/699_120x120.png,Super Liga,LB,LB,100,,0,,0,19.0,2007-05-09,0,2029-06-30,2,120,0,0.0,0,0.0,19.5,46.15,Nigeria,['Nigeria'],unknown,0,0,False,10.5,7.5,50.0,6.75,33.33,0.75,1.15,0.0,6.0,9.23,0.75,0,0.0,0,0.0,2.25,0.0,0,0.0,0.0,0,0.0,0,0.0,0.0,0.0,0.0,0.75,100.0,0.75,100.0,0.0,0.0,0.0,1.5,100.0,3.75,60.0,0.0,0.75,0.75,37.5,6.0,0.75,52.5,82.86,14.25,63.16,12.75,94.12,49.5,86.36,3.0,25.0,18.38,13.0,0.0,0.0,0.0,0.0,0.0,0.0,0.0,3.0,50.0,0.75,100.0,0.0,0.0,0.75,0.0,6.0,37.5,95.45,16.5,0,,0,,0,0.0,0.0,0.0,,,4.5,,6.75,0.0,0.0,0.0,0.0,0,0.0
A. Milicevic,Andrija  Milicevic,-483593,Radnik Surdulica,Radnik Surdulica,https://cdn5.wyscout.com/photos/team/public/g6756_120x120.png,Super Liga,"RW, LW, RAMF",RW,29,LW,27,RAMF,27,20.0,2005-10-18,0,,6,119,0,0.0,0,0.0,12.86,35.29,Serbia,['Serbia'],unknown,0,0,False,3.03,5.29,28.57,0.0,0.0,0.0,0.0,0.76,1.51,2.22,0.76,0,0.0,0,0.0,0.0,0.0,0,0.0,0.0,0,0.0,0,0.0,0.0,0.0,0.0,2.27,0.0,0.76,0.0,1.51,0.0,0.0,0.76,0.0,6.8100000000000005,44.44,1.51,1.51,0.0,11.34,0.76,0.0,15.13,65.0,6.8100000000000005,77.78,3.03,75.0,12.86,76.47,0.0,0.0,16.19,0.0,0.0,0.0,0.0,0.0,0.0,0.0,0.0,1.51,100.0,1.51,0.0,0.0,0.0,0.0,0.0,3.7800000000000002,60.0,25.0,3.03,0,,0,,0,0.0,0.0,0.0,,,0.0,,0.0,0.0,0.0,0.0,0.0,0,0.0
C. Ndiaye,Cherif Ndiaye,472211,Samsunspor,Crvena Zvezda,https://cdn5.wyscout.com/photos/team/public/1343_120x120.png,Süper Lig,"CF, RWF",CF,73,RWF,26,,0,30.0,1996-01-23,3500000,2029-06-30,3,114,1,2.07,0,0.18,13.42,35.29,Senegal,['Senegal'],right,190,78,False,0.79,2.37,33.33,0.0,0.0,0.0,0.0,0.0,0.0,0.0,3.16,0,0.0,0,0.0,3.16,0.79,1,0.79,1.63,0,0.0,7,5.53,57.14,14.286,0.0,1.58,0.0,0.79,0.0,0.0,0.0,0.0,0.0,0.0,6.32,25.0,11.05,1.58,0.0,14.21,0.79,0.79,15.79,90.0,2.37,100.0,5.53,85.71,14.21,100.0,0.0,0.0,17.11,0.0,0.14,1.58,0.0,0.0,0.0,0.0,0.79,0.79,100.0,0.79,100.0,0.0,0.0,1.58,0.0,2.37,100.0,100.0,6.32,0,,0,,0,0.0,0.0,0.0,,,0.0,,0.0,0.0,0.0,0.0,0.0,0,0.0
L. Rochester,Lamonth Beres Rochester,-345515,Radnički Niš,Radnički Niš,https://cdn5.wyscout.com/photos/team/public/g2850_120x120.png,Super Liga,LB,LB,99,,0,,0,22.0,2003-06-10,0,,4,113,0,0.0,0,0.0,19.12,62.5,Jamaica,['Jamaica'],unknown,0,0,False,6.37,8.76,45.45,2.39,100.0,0.0,0.0,0.0,2.39,3.6,3.19,2,1.5899999999999999,0,0.0,0.8,0.0,0,0.0,0.0,0,0.0,0,0.0,0.0,0.0,0.0,0.8,100.0,0.8,100.0,0.0,0.0,0.8,0.0,0.0,3.98,60.0,0.0,0.8,0.0,23.89,0.0,0.8,30.27,81.58,15.13,68.42,5.58,100.0,28.67,83.33,0.8,0.0,11.51,8.9,0.0,0.0,0.0,0.0,0.0,0.0,0.0,4.78,100.0,0.8,100.0,0.0,0.0,0.0,0.8,8.76,72.73,100.0,3.98,0,,0,,0,0.0,0.0,0.0,,,2.39,,2.39,0.0,0.0,0.0,0.0,0,0.0
B. Matijasevic,Bogdan Matijasevic,-568900,Mladost Lučani,Mladost Lučani,https://cdn5.wyscout.com/photos/team/public/703_120x120.png,Super Liga,GK,GK,100,,0,,0,21.0,2004-05-27,0,2027-06-15,2,112,0,0.0,0,0.0,0.0,0.0,Serbia,['Serbia'],,0,0,False,1.6099999999999999,0.0,0.0,0.0,0.0,0.0,0.0,0.0,1.6099999999999999,1.43,0.0,0,0.0,0,0.0,0.0,0.0,0,0.0,0.0,0,0.0,0,0.0,0.0,0.0,0.0,0.0,0.0,0.0,0.0,0.0,0.0,0.0,0.0,0.0,0.0,0.0,0.0,0.0,0.0,6.43,0.8,0.0,15.27,68.42,8.84,54.55,0.0,0.0,9.64,83.33,5.63,42.86,30.0,23.4,0.0,0.0,0.0,0.0,0.0,0.0,0.0,0.8,0.0,0.0,0.0,0.0,0.0,0.0,0.0,5.63,42.86,85.71,5.63,4,3.21,10,8.04,0,60.0,4.0,3.21,-0.0,-0.0,0.0,0.8,0.0,,,,0.0,0,0.0
D. Kotlajić,Djordje  Kotlajić,-266972,Trayal Kruševac,Napredak Kruševac,https://cdn5.wyscout.com/photos/team/public/g6759_120x120.png,Prva Liga,"LW, LB5, RAMF",LW,41,LB5,41,RAMF,16,22.0,2004-01-13,0,2028-06-30,3,111,0,0.08,0,0.0,12.97,43.75,Serbia,['Serbia'],,0,0,False,3.24,2.43,33.33,1.62,50.0,0.0,0.0,0.0,2.43,2.43,0.0,0,0.0,0,0.0,2.43,0.0,0,0.0,0.06,0,0.0,1,0.81,0.0,0.0,0.0,0.81,100.0,0.81,100.0,0.0,0.0,0.0,2.43,66.67,8.92,45.45,0.0,0.81,0.0,7.3,0.0,2.43,11.35,64.29,3.24,50.0,3.24,75.0,8.92,72.73,1.62,0.0,18.58,29.27,0.0,0.0,0.0,0.0,0.0,0.0,0.0,0.0,0.0,0.81,100.0,0.0,0.0,0.0,0.81,3.24,50.0,75.0,3.24,0,,0,,0,0.0,0.0,0.0,,,0.0,,1.62,0.0,0.0,0.0,0.0,0,0.0
D. Glavinic,Djordje  Glavinic,-357380,Železničar Pancevo,Železničar Pancevo,https://cdn5.wyscout.com/photos/team/public/g34577_120x120.png,Super Liga,CF,CF,100,,0,,0,21.0,2004-02-12,0,,2,110,0,0.31,0,0.0,23.73,44.83,Serbia,['Serbia'],,0,0,False,3.27,4.09,80.0,4.91,33.33,0.0,0.0,0.0,0.0,0.0,0.8200000000000001,0,0.0,0,0.0,0.0,0.0,0,0.0,0.26,0,0.0,3,2.45,0.0,0.0,0.0,0.0,0.0,0.0,0.0,0.0,0.0,0.0,0.0,0.0,13.09,37.5,2.45,0.0,0.0,4.09,1.6400000000000001,4.91,9.0,72.73,2.45,33.33,4.91,100.0,9.0,72.73,0.0,0.0,11.8,0.0,0.0,0.0,0.0,0.0,0.0,0.0,0.0,0.0,0.0,0.0,0.0,0.0,0.0,0.0,0.0,0.8200000000000001,0.0,0.0,0.0,0,,0,,0,0.0,0.0,0.0,,,0.0,,4.91,0.0,0.0,0.0,0.0,0,0.0
J. Agwom Dauda,Johnson Agwom Dauda,-771406,Novi Pazar U19,Novi Pazar,https://cdn5.wyscout.com/photos/team/public/g-6123_120x120.png,U19 League,"LW, LWF, LCMF",LW,35,LWF,23,LCMF,22,19.0,2007-05-04,0,,5,108,1,0.26,0,0.0,22.5,48.15,Nigeria,['Nigeria'],,0,0,False,6.67,5.0,33.33,0.8300000000000001,100.0,0.0,0.0,0.0,5.0,9.0,2.5,0,0.0,0,0.0,5.0,0.8300000000000001,1,0.8300000000000001,0.22,0,0.0,5,4.17,40.0,20.0,0.0,0.8300000000000001,0.0,0.0,0.0,0.8300000000000001,0.0,0.8300000000000001,6.67,50.0,11.67,57.14,0.8300000000000001,0.8300000000000001,0.0,14.17,2.5,3.33,14.17,47.06,4.17,20.0,3.33,100.0,11.67,50.0,1.67,50.0,17.23,10.28,0.0,0.0,0.8300000000000001,0.0,0.0,0.0,0.0,2.5,33.33,1.67,0.0,0.0,0.0,0.0,0.0,2.5,33.33,40.0,4.17,0,,0,,0,0.0,0.0,0.0,,,0.0,,0.8300000000000001,0.0,0.0,0.0,0.0,0,0.0
D. Radivojevic,Djordje Radivojevic,-636229,IMT Novi Beograd U19,IMT Novi Beograd,https://cdn5.wyscout.com/photos/team/public/g-18838_120x120.png,U19 League,"RW, CF",RW,65,CF,34,,0,17.0,2008-10-09,0,,3,107,0,0.2,0,0.0,26.07,45.16,Serbia,['Serbia'],unknown,0,0,False,9.25,13.46,62.5,2.52,33.33,0.0,0.0,0.0,0.84,1.07,4.21,0,0.0,0,0.0,0.0,0.0,0,0.0,0.17,0,0.0,3,2.52,0.0,0.0,0.0,0.0,0.0,0.0,0.0,0.0,0.0,0.0,2.52,0.0,7.57,22.22,1.6800000000000002,0.0,0.0,10.09,1.6800000000000002,2.52,15.14,83.33,5.05,83.33,5.05,100.0,12.62,86.67,2.52,66.67,20.36,32.59,0.0,0.0,0.0,0.0,0.0,0.0,0.0,3.36,75.0,0.0,0.0,0.0,0.0,0.0,0.0,2.52,100.0,66.67,2.52,0,,0,,0,0.0,0.0,0.0,,,0.0,,2.52,0.0,0.0,0.0,0.0,0,0.0
H. Uuegbunamz,Honi Uuegbunamz,-722630,Vojvodina,Vojvodina,https://cdn5.wyscout.com/photos/team/public/700_120x120.png,Super Liga,CF,CF,100,,0,,0,32.0,1993-03-09,0,,3,106,0,0.02,0,0.06,33.11,23.08,Cameroon,['Cameroon'],right,186,85,False,2.55,1.7000000000000002,50.0,10.19,33.33,0.0,0.0,0.0,1.7000000000000002,2.86,0.85,0,0.0,0,0.0,0.0,0.0,0,0.0,0.02,0,0.0,2,1.7000000000000002,0.0,0.0,0.0,0.0,0.0,0.0,0.0,0.0,0.0,0.0,2.55,0.0,13.58,6.25,3.4,1.7000000000000002,0.85,11.89,1.7000000000000002,1.7000000000000002,18.68,90.91,3.4,100.0,5.09,100.0,18.68,90.91,0.0,0.0,12.41,0.0,0.05,2.55,0.0,0.0,0.0,0.0,0.0,2.55,100.0,1.7000000000000002,50.0,0.0,0.0,2.55,0.0,3.4,100.0,85.71,5.94,0,,0,,0,0.0,0.0,0.0,,,0.0,,10.19,0.0,0.0,0.0,0.0,0,0.0
A. Oukidja,Alexandre Oukidja,39352,,IMT Novi Beograd,,,GK,GK,100,,0,,0,37.0,1988-07-19,500000,,1,105,0,0.0,0,0.0,0.86,0.0,France,"['France', 'Algeria']",right,184,79,False,2.5700000000000003,0.0,0.0,0.0,0.0,0.0,0.0,0.0,2.5700000000000003,4.09,0.0,0,0.0,0,0.0,0.0,0.0,0,0.0,0.0,0,0.0,0,0.0,0.0,0.0,0.0,0.0,0.0,0.0,0.0,0.0,0.0,0.0,0.0,0.0,0.0,0.0,0.0,0.0,0.0,3.43,0.0,0.0,10.29,91.67,4.29,80.0,0.0,0.0,7.71,100.0,2.5700000000000003,66.67,29.04,39.21,0.0,0.0,0.0,0.0,0.0,0.0,0.0,0.0,0.0,0.0,0.0,0.0,0.0,0.0,0.0,0.86,100.0,100.0,6.0,1,0.86,2,1.71,0,50.0,1.13,0.97,0.13,0.111,0.0,4.29,0.0,,,,0.0,0,0.0
M. Pantović,Miloš Pantović,-99367,Panathinaikos,Bačka Topola,https://cdn5.wyscout.com/photos/team/public/431_120x120.png,Stoiximan Super League,"CF, AMF, LCMF",CF,36,AMF,34,LCMF,18,23.0,2002-08-24,2700000,2029-06-30,3,103,0,0.18,0,0.13,27.96,25.0,Serbia,['Serbia'],right,185,78,False,2.62,4.37,20.0,4.37,40.0,0.0,0.0,0.0,1.75,2.31,2.62,1,0.87,0,0.0,1.75,0.0,0,0.0,0.16,0,0.0,3,2.62,33.33,0.0,0.0,2.62,0.0,2.62,0.0,0.0,0.0,0.0,5.24,16.67,15.73,27.78,2.62,1.75,0.0,29.71,4.37,1.75,31.46,88.89,7.86,88.89,7.86,100.0,28.83,96.97,0.0,0.0,17.32,0.0,0.12,1.75,0.0,0.0,0.0,0.0,0.0,4.37,100.0,2.62,33.33,0.0,0.0,1.75,0.0,3.5,100.0,80.0,8.74,0,,0,,0,0.0,0.0,0.0,,,0.0,,4.37,0.0,0.0,0.0,0.0,0,0.0
N. Stojišić,Nedeljko Stojišić,-91204,OFK Beograd,OFK Beograd,https://cdn5.wyscout.com/photos/team/public/705_120x120.png,Super Liga,GK,GK,100,,0,,0,28.0,1997-09-25,100000,2026-06-30,1,99,0,0.0,0,0.0,0.91,100.0,Serbia,['Serbia'],right,202,96,False,0.91,0.0,0.0,0.91,100.0,0.0,0.0,0.0,0.91,0.9400000000000001,0.0,0,0.0,0,0.0,0.0,0.0,0,0.0,0.0,0,0.0,0,0.0,0.0,0.0,0.0,0.0,0.0,0.0,0.0,0.0,0.0,0.0,0.0,0.0,0.0,0.0,0.0,0.0,0.0,10.91,0.0,0.0,22.73,56.0,14.55,43.75,0.0,0.0,8.18,100.0,14.55,31.25,38.1,48.44,0.0,0.0,0.0,0.0,0.0,0.0,0.0,2.73,0.0,0.0,0.0,0.0,0.0,0.0,0.0,7.27,50.0,75.0,7.27,4,3.64,11,10.0,0,63.64,2.5,2.27,-1.5,-1.3639999999999999,0.0,2.73,0.91,,,,0.0,0,0.0
N. Marinković,Nikola Marinković,349973,Trayal Kruševac,Napredak Kruševac,https://cdn5.wyscout.com/photos/team/public/g6759_120x120.png,Prva Liga,"LW, LDMF, RW",LW,48,LDMF,20,RW,18,22.0,2003-07-10,0,2028-05-31,5,98,0,0.15,0,0.0,21.12,43.48,Serbia,['Serbia'],left,186,78,False,8.27,9.18,70.0,3.67,0.0,0.0,0.0,0.0,1.8399999999999999,2.22,1.8399999999999999,0,0.0,0,0.0,0.92,0.0,0,0.0,0.14,0,0.0,4,3.67,0.0,0.0,0.0,1.8399999999999999,0.0,0.92,0.0,0.92,0.0,0.0,1.8399999999999999,50.0,6.43,28.57,2.76,1.8399999999999999,0.0,8.27,1.8399999999999999,0.92,11.94,46.15,5.51,33.33,1.8399999999999999,100.0,7.35,75.0,2.76,0.0,26.42,14.18,0.0,0.0,0.0,0.0,0.0,0.0,0.0,0.0,0.0,0.92,0.0,0.0,0.0,0.0,0.0,5.51,33.33,50.0,1.8399999999999999,0,,0,,0,0.0,0.0,0.0,,,0.0,,3.67,0.0,0.0,0.0,0.0,0,0.0
M. Gočmanac,Matija Gočmanac,-153352,Vojvodina,Vojvodina,https://cdn5.wyscout.com/photos/team/public/700_120x120.png,Super Liga,GK,GK,100,,0,,0,22.0,2003-08-05,300000,2029-06-30,1,98,0,0.0,0,0.0,0.0,0.0,Serbia,['Serbia'],,0,0,False,0.92,0.0,0.0,0.0,0.0,0.0,0.0,0.0,0.92,1.15,0.0,0,0.0,0,0.0,0.0,0.0,0,0.0,0.0,0,0.0,0,0.0,0.0,0.0,0.0,0.0,0.0,0.0,0.0,0.0,0.0,0.0,0.0,0.0,0.0,0.0,0.0,0.0,0.0,1.8399999999999999,0.0,0.0,11.94,76.92,5.51,50.0,0.0,0.0,5.51,100.0,6.43,57.14,39.02,49.72,0.0,0.0,0.0,0.0,0.0,0.0,0.0,1.8399999999999999,50.0,0.0,0.0,0.92,0.0,0.0,0.0,3.67,75.0,100.0,6.43,0,0.0,4,3.67,1,100.0,0.09,0.08,0.09,0.083,0.0,1.8399999999999999,0.0,,,,0.0,0,0.0
O. Sahli,Ouijdi Sahli,-790759,Radnički Kragujevac,Radnički Kragujevac,https://cdn5.wyscout.com/photos/team/public/g2849_120x120.png,Super Liga,RCMF,RCMF,100,,0,,0,,,0,,1,97,0,0.09,0,0.03,29.69,53.13,,[],,0,0,False,6.49,9.28,60.0,10.21,54.55,0.0,0.0,0.0,0.93,1.88,1.8599999999999999,0,0.0,0,0.0,3.71,0.0,0,0.0,0.08,0,0.0,1,0.93,0.0,0.0,0.0,4.64,40.0,2.7800000000000002,33.33,1.8599999999999999,50.0,0.0,2.7800000000000002,66.67,7.42,37.5,2.7800000000000002,1.8599999999999999,0.93,15.77,3.71,4.64,26.91,48.28,7.42,37.5,3.71,100.0,14.85,68.75,7.42,12.5,21.89,31.89,0.02,0.93,0.0,0.0,0.0,0.0,0.0,4.64,0.0,6.49,28.57,0.0,0.0,0.0,1.8599999999999999,2.7800000000000002,66.67,35.71,12.99,0,,0,,0,0.0,0.0,0.0,,,0.0,,10.21,1.8599999999999999,0.0,0.0,1.8599999999999999,0,0.0
N. Stankovic,Nikola Stankovic,-636244,Brodarac Under 17,Crvena Zvezda,https://cdn5.wyscout.com/photos/team/public/g-19898_120x120.png,,"LB, RB",LB,50,RB,49,,0,17.0,2008-06-20,0,,1,96,0,0.0,0,0.06,15.0,37.5,Serbia,['Serbia'],unknown,0,0,False,6.5600000000000005,6.5600000000000005,57.14,4.69,20.0,0.0,0.0,0.0,2.81,4.5,2.81,0,0.0,0,0.0,1.88,0.0,0,0.0,0.0,0,0.0,0,0.0,0.0,0.0,0.0,2.81,66.67,0.0,0.0,2.81,66.67,0.0,0.0,0.0,3.75,25.0,0.9400000000000001,0.0,0.9400000000000001,30.94,3.75,0.9400000000000001,41.25,86.36,16.88,77.78,8.44,100.0,32.81,88.57,5.63,83.33,22.52,44.23,0.06,0.9400000000000001,0.0,0.0,0.0,0.0,0.9400000000000001,10.31,81.82,2.81,100.0,0.0,0.0,0.9400000000000001,1.88,10.31,90.91,100.0,10.31,0,,0,,0,0.0,0.0,0.0,,,0.0,,4.69,0.0,0.0,0.0,0.0,0,0.0
S. Pribakovic,Sava Pribakovic,-349689,Mladost Lučani,Mladost Lučani,https://cdn5.wyscout.com/photos/team/public/703_120x120.png,Super Liga,"LB5, LCB3",LB5,52,LCB3,47,,0,23.0,2003-02-04,0,2026-05-30,1,95,0,0.0,0,0.0,14.21,33.33,Serbia,['Serbia'],left,0,0,False,12.32,7.58,50.0,1.8900000000000001,50.0,0.9500000000000001,0.91,2.84,7.58,7.27,0.9500000000000001,0,0.0,0,0.0,0.9500000000000001,0.0,0,0.0,0.0,0,0.0,0,0.0,0.0,0.0,0.0,2.84,33.33,2.84,33.33,0.0,0.0,0.0,0.9500000000000001,0.0,1.8900000000000001,0.0,0.9500000000000001,1.8900000000000001,0.0,8.53,0.0,0.0,15.16,50.0,7.58,37.5,1.8900000000000001,50.0,9.47,60.0,2.84,33.33,25.85,52.11,0.0,0.0,0.0,0.0,0.0,0.0,0.0,3.79,25.0,3.79,25.0,0.0,0.0,0.0,0.9500000000000001,3.79,75.0,60.0,4.74,0,,0,,0,0.0,0.0,0.0,,,0.9500000000000001,,1.8900000000000001,0.0,0.0,0.0,0.0,0,0.0
B. Uzunovski,Blagoje Uzunovski,-694150,IMT Novi Beograd U17,IMT Novi Beograd,https://cdn5.wyscout.com/photos/team/public/g-22114_120x120.png,U17 League,RCB,RCB,100,,0,,0,17.0,2009-02-12,0,,1,95,0,0.0,0,0.0,4.74,100.0,Montenegro,['Montenegro'],unknown,0,0,False,7.58,2.84,100.0,0.0,0.0,0.0,0.0,0.0,4.74,5.36,0.0,0,0.0,0,0.0,0.0,0.0,0,0.0,0.0,0,0.0,0,0.0,0.0,0.0,0.0,0.0,0.0,0.0,0.0,0.0,0.0,0.0,0.0,0.0,0.0,0.0,0.0,0.9500000000000001,0.0,25.58,1.8900000000000001,0.9500000000000001,37.89,72.5,18.0,57.89,5.68,83.33,30.32,81.25,7.58,37.5,26.61,47.5,0.0,0.0,0.0,0.0,0.0,0.0,0.0,5.68,16.67,0.9500000000000001,0.0,0.0,0.0,0.0,0.0,7.58,87.5,90.0,9.47,0,,0,,0,0.0,0.0,0.0,,,4.74,,0.0,0.0,0.0,0.0,0.0,0,0.0
M. Alcevski,Marko Alcevski,513339,OFK Beograd,OFK Beograd,https://cdn5.wyscout.com/photos/team/public/705_120x120.png,Super Liga,GK,GK,100,,0,,0,24.0,2002-04-16,0,2026-06-30,1,95,0,0.0,0,0.0,2.84,100.0,North Macedonia,['North Macedonia'],right,190,0,True,0.9500000000000001,0.9500000000000001,100.0,1.8900000000000001,100.0,0.0,0.0,0.0,0.0,0.0,0.0,0,0.0,0,0.0,0.0,0.0,0,0.0,0.0,0,0.0,0,0.0,0.0,0.0,0.0,0.0,0.0,0.0,0.0,0.0,0.0,0.0,0.0,0.0,0.0,0.0,0.0,0.0,0.0,15.16,0.9500000000000001,0.9500000000000001,20.84,77.27,11.37,58.33,0.0,0.0,15.16,100.0,5.68,16.67,27.41,47.5,0.0,0.0,0.0,0.0,0.0,0.0,0.0,0.9500000000000001,0.0,0.0,0.0,0.0,0.0,0.0,0.0,3.79,25.0,100.0,7.58,7,6.63,16,15.16,0,56.25,4.9,4.65,-2.1,-1.9889999999999999,0.0,2.84,1.8900000000000001,,,,0.0,0,0.0
N. Grujić,Nikola Grujić,-462761,Spartak Subotica,Spartak Subotica,https://cdn5.wyscout.com/photos/team/public/1956_120x120.png,Super Liga,GK,GK,100,,0,,0,19.0,2006-12-17,0,2030-06-30,1,94,0,0.0,0,0.0,0.0,0.0,Bosnia and Herzegovina,['Bosnia and Herzegovina'],unknown,0,0,False,0.0,0.0,0.0,0.0,0.0,0.0,0.0,0.0,0.0,0.0,0.0,0,0.0,0,0.0,0.0,0.0,0,0.0,0.0,0,0.0,0,0.0,0.0,0.0,0.0,0.0,0.0,0.0,0.0,0.0,0.0,0.0,0.0,0.0,0.0,0.0,0.0,0.0,0.0,9.57,0.0,0.0,14.36,66.67,11.49,58.33,0.0,0.0,3.83,100.0,10.53,54.55,40.15,46.68,0.0,0.0,0.0,0.0,0.0,0.0,0.0,1.9100000000000001,50.0,0.0,0.0,0.96,0.0,0.0,0.0,9.57,60.0,100.0,2.87,3,2.87,5,4.79,0,40.0,2.17,2.08,-0.8300000000000001,-0.795,0.0,0.0,0.0,,,,0.0,0,0.0
A. Lazarević,Andrija Lazarević,-387635,Radnik Surdulica,Radnik Surdulica,https://cdn5.wyscout.com/photos/team/public/g6756_120x120.png,Super Liga,"CF, LAMF, DMF",CF,69,LAMF,20,DMF,10,22.0,2004-04-03,0,2027-06-30,3,92,0,0.36,0,0.0,9.78,30.0,Serbia,['Serbia'],right,178,68,False,0.98,0.0,0.0,0.98,0.0,0.0,0.0,0.0,0.98,1.3,0.0,0,0.0,0,0.0,0.98,0.0,0,0.0,0.35000000000000003,0,0.0,1,0.98,0.0,0.0,0.0,0.98,0.0,0.0,0.0,0.98,0.0,0.98,0.98,100.0,8.8,33.33,0.98,0.0,0.0,12.72,2.93,1.96,17.61,83.33,3.91,75.0,4.89,100.0,15.65,87.5,0.98,100.0,18.7,13.31,0.0,0.0,0.0,0.0,0.0,0.0,0.0,3.91,100.0,0.98,0.0,0.0,0.0,0.0,0.98,1.96,50.0,83.33,5.87,0,,0,,0,0.0,0.0,0.0,,,0.0,,0.98,0.0,0.0,0.0,0.0,0,0.0
A. Ilic,Andrej Ilic,-635727,Čukarički U19,Čukarički,https://cdn5.wyscout.com/photos/team/public/g37536_120x120.png,U19 League,"LDMF, LCMF",LDMF,83,LCMF,16,,0,18.0,2008-03-02,0,,3,92,0,0.0,0,0.04,17.61,44.44,Serbia,['Serbia'],unknown,0,0,False,10.76,9.78,50.0,0.0,0.0,0.0,0.0,0.0,5.87,5.29,0.98,0,0.0,0,0.0,0.0,0.0,0,0.0,0.0,0,0.0,0,0.0,0.0,0.0,0.0,0.0,0.0,0.0,0.0,0.0,0.0,0.0,0.0,0.0,5.87,33.33,0.0,2.93,0.98,6.85,0.0,0.0,12.72,76.92,6.85,71.43,0.98,100.0,10.76,81.82,1.96,50.0,11.98,10.92,0.04,1.96,0.0,0.0,0.0,0.0,0.0,4.89,60.0,0.0,0.0,0.0,0.0,0.0,0.0,3.91,100.0,100.0,1.96,0,,0,,0,0.0,0.0,0.0,,,0.0,,0.0,0.0,0.0,0.0,1.96,0,0.0
F. Samurović,Filip Samurović,-191873,Radnik Surdulica,Radnik Surdulica,https://cdn5.wyscout.com/photos/team/public/g6756_120x120.png,Super Liga,GK,GK,100,,0,,0,23.0,2002-09-23,450000,2028-06-30,1,91,0,0.0,0,0.0,0.99,0.0,Serbia,['Serbia'],right,193,73,False,2.9699999999999998,0.99,0.0,0.0,0.0,0.0,0.0,0.0,2.9699999999999998,3.46,0.0,0,0.0,0,0.0,0.0,0.0,0,0.0,0.0,0,0.0,0,0.0,0.0,0.0,0.0,0.0,0.0,0.0,0.0,0.0,0.0,0.0,0.0,0.0,0.0,0.0,0.0,0.0,0.0,12.86,0.0,0.0,23.74,91.67,13.85,85.71,0.0,0.0,15.82,93.75,7.91,87.5,30.3,46.45,0.0,0.0,0.0,0.0,0.0,0.0,0.0,0.99,0.0,0.0,0.0,0.0,0.0,0.0,0.0,7.91,87.5,100.0,8.9,5,4.95,10,9.89,0,50.0,3.32,3.2800000000000002,-1.6800000000000002,-1.662,0.0,0.0,0.0,,,,0.0,0,0.0
A. Kalulu,Aldo Kalulu Kyatengwa,288488,Nantong Zhiyun,Partizan,https://cdn5.wyscout.com/photos/team/public/g33018_120x120.png,China League One,RW,RW,90,,0,,0,30.0,1996-01-21,0,,2,89,0,0.37,0,0.0,10.11,50.0,France,"['France', 'Congo DR']",right,166,60,False,3.03,2.02,50.0,3.03,33.33,0.0,0.0,0.0,2.02,4.62,1.01,0,0.0,0,0.0,1.01,0.0,0,0.0,0.38,0,0.0,2,2.02,0.0,0.0,0.0,1.01,100.0,0.0,0.0,1.01,100.0,0.0,0.0,0.0,5.06,60.0,4.04,2.02,2.02,23.26,4.04,1.01,30.34,86.67,6.07,66.67,12.13,100.0,28.31,89.29,2.02,50.0,14.78,21.22,0.0,0.0,0.0,0.0,0.0,0.0,0.0,2.02,100.0,0.0,0.0,0.0,0.0,0.0,0.0,2.02,50.0,71.43,7.08,0,,0,,0,0.0,0.0,0.0,,,0.0,,3.03,0.0,0.0,0.0,0.0,0,0.0
M. Andjelkovic,Martin Andjelkovic,-380310,Priboj,Javor Ivanjica,https://cdn5.wyscout.com/photos/team/public/g11731_120x120.png,Prva Liga,"LAMF, RWF, LWF",LAMF,44,RWF,24,LWF,10,20.0,2005-05-17,0,2029-06-30,5,86,0,0.08,0,0.0,21.98,38.1,Serbia,['Serbia'],,0,0,True,5.23,5.23,100.0,3.14,0.0,0.0,0.0,0.0,0.0,0.0,1.05,0,0.0,0,0.0,0.0,0.0,0,0.0,0.08,0,0.0,1,1.05,0.0,0.0,0.0,2.09,0.0,0.0,0.0,2.09,0.0,0.0,5.23,0.0,11.51,18.18,1.05,2.09,0.0,16.74,1.05,2.09,26.16,72.0,9.42,55.56,4.19,100.0,21.98,80.95,2.09,50.0,12.63,11.12,0.0,0.0,0.0,0.0,0.0,0.0,0.0,5.23,40.0,2.09,0.0,0.0,0.0,0.0,0.0,5.23,60.0,57.14,7.33,0,,0,,0,0.0,0.0,0.0,,,0.0,,3.14,0.0,0.0,0.0,0.0,0,0.0
M. Kolaković,Marko Kolaković,245370,Javor Ivanjica,Javor Ivanjica,https://cdn5.wyscout.com/photos/team/public/1255_120x120.png,Super Liga,RCB,RCB,100,,0,,0,33.0,1993-02-09,275000,2026-12-31,1,86,0,0.0,0,0.0,14.65,42.86,Serbia,['Serbia'],right,184,78,False,10.47,5.23,60.0,4.19,50.0,1.05,1.76,1.05,6.28,10.59,1.05,0,0.0,0,0.0,0.0,0.0,0,0.0,0.0,0,0.0,0,0.0,0.0,0.0,0.0,0.0,0.0,0.0,0.0,0.0,0.0,0.0,0.0,0.0,1.05,100.0,0.0,0.0,0.0,46.05,0.0,0.0,64.88,88.71,26.16,76.0,4.19,100.0,56.51,96.3,8.37,37.5,22.6,43.46,0.0,0.0,0.0,0.0,0.0,0.0,0.0,5.23,20.0,0.0,0.0,0.0,0.0,0.0,0.0,5.23,40.0,96.77,32.44,0,,0,,0,0.0,0.0,0.0,,,4.19,,4.19,2.09,0.0,0.0,0.0,0,0.0
N. Krstić,Nemanja Krstić,235380,Loznica,Javor Ivanjica,https://cdn5.wyscout.com/photos/team/public/g3806_120x120.png,Prva Liga,"RCMF, CF, RCMF3",RCMF,39,CF,36,RCMF3,23,31.0,1994-08-05,200000,2026-06-15,4,82,0,0.01,0,0.0,13.17,25.0,Serbia,['Serbia'],both,178,69,False,7.68,8.78,37.5,0.0,0.0,0.0,0.0,0.0,4.39,6.0,4.39,0,0.0,0,0.0,0.0,0.0,0,0.0,0.01,0,0.0,1,1.1,0.0,0.0,0.0,0.0,0.0,0.0,0.0,0.0,0.0,0.0,1.1,0.0,2.2,0.0,1.1,1.1,0.0,14.27,0.0,0.0,25.24,78.26,8.78,75.0,3.29,66.67,21.95,75.0,3.29,100.0,16.83,21.08,0.0,0.0,0.0,0.0,0.0,0.0,0.0,2.2,50.0,0.0,0.0,0.0,0.0,0.0,0.0,2.2,100.0,100.0,7.68,0,,0,,0,0.0,0.0,0.0,,,0.0,,0.0,1.1,0.0,0.0,2.2,0,0.0
T. Conrad,Tyrone Ryan Conrad,-724609,Bačka Topola,Bačka Topola,https://cdn5.wyscout.com/photos/team/public/g19686_120x120.png,Super Liga,"CF, LW",CF,80,LW,19,,0,,,0,,2,81,1,1.6600000000000001,0,0.09,11.11,10.0,Serbia,['Serbia'],,0,0,False,2.22,2.22,50.0,3.33,0.0,0.0,0.0,0.0,1.11,1.88,0.0,0,0.0,0,0.0,3.33,1.11,1,1.11,1.8399999999999999,0,0.0,5,5.5600000000000005,40.0,20.0,0.0,1.11,100.0,0.0,0.0,1.11,100.0,0.0,1.11,0.0,4.44,0.0,5.5600000000000005,0.0,0.0,12.22,0.0,0.0,12.22,90.91,1.11,100.0,6.67,100.0,11.11,90.0,0.0,0.0,22.39,0.0,0.1,1.11,0.0,0.0,0.0,0.0,1.11,0.0,0.0,2.22,50.0,0.0,0.0,0.0,1.11,1.11,100.0,100.0,2.22,0,,0,,0,0.0,0.0,0.0,,,0.0,,3.33,0.0,0.0,0.0,0.0,0,0.0
A. Pavlovic,Andjelko  Pavlovic,-483846,Spartak Subotica,Spartak Subotica,https://cdn5.wyscout.com/photos/team/public/1956_120x120.png,Super Liga,"LAMF, CF, RW",LAMF,58,CF,20,RW,20,18.0,2007-06-16,0,,3,80,0,0.16,0,0.0,27.0,45.83,Serbia,['Serbia'],unknown,0,0,False,13.5,5.63,100.0,5.63,20.0,2.25,3.0,0.0,5.63,7.5,0.0,1,1.13,0,0.0,4.5,0.0,0,0.0,0.17,0,0.0,1,1.13,100.0,0.0,0.0,2.25,0.0,2.25,0.0,0.0,0.0,2.25,5.63,60.0,14.63,38.46,5.63,2.25,0.0,14.63,0.0,1.13,28.13,68.0,12.38,81.82,3.38,66.67,25.87,73.91,0.0,0.0,15.97,0.0,0.0,1.13,0.0,0.0,0.0,0.0,0.0,2.25,100.0,2.25,50.0,0.0,0.0,1.13,2.25,7.87,57.14,40.0,5.63,0,,0,,0,0.0,0.0,0.0,,,0.0,,5.63,0.0,0.0,0.0,1.13,0,0.0
O. Sahli,Ouijdi  Sahli,-779336,Leyton Orient,Radnički Kragujevac,https://cdn5.wyscout.com/photos/team/public/1163_120x120.png,League One,AMF,AMF,100,,0,,0,,,0,,1,79,0,0.1,0,0.0,19.37,35.29,,[],,0,0,False,4.5600000000000005,6.84,50.0,2.2800000000000002,0.0,0.0,0.0,0.0,1.1400000000000001,1.76,1.1400000000000001,0,0.0,0,0.0,1.1400000000000001,0.0,0,0.0,0.11,0,0.0,2,2.2800000000000002,50.0,0.0,0.0,0.0,0.0,0.0,0.0,0.0,0.0,0.0,2.2800000000000002,0.0,9.11,37.5,1.1400000000000001,1.1400000000000001,0.0,15.95,2.2800000000000002,3.42,25.06,77.27,9.11,62.5,6.84,100.0,22.78,80.0,2.2800000000000002,50.0,12.52,25.94,0.0,0.0,0.0,0.0,0.0,0.0,0.0,2.2800000000000002,50.0,1.1400000000000001,0.0,0.0,0.0,1.1400000000000001,0.0,1.1400000000000001,0.0,66.67,3.42,0,,0,,0,0.0,0.0,0.0,,,0.0,,2.2800000000000002,2.2800000000000002,1.1400000000000001,100.0,1.1400000000000001,0,0.0
E. Sieh Jr.,Emmanuel King Sieh Jr.,-629073,Novi Pazar,Novi Pazar,https://cdn5.wyscout.com/photos/team/public/3838_120x120.png,Super Liga,CF,CF,100,,0,,0,19.0,2006-10-11,0,,2,77,1,0.44,0,0.01,18.7,12.5,Liberia,['Liberia'],,0,0,False,1.17,4.68,25.0,7.01,0.0,0.0,0.0,0.0,0.0,0.0,2.34,0,0.0,0,0.0,2.34,1.17,1,1.17,0.52,0,0.0,2,2.34,50.0,50.0,0.0,0.0,0.0,0.0,0.0,0.0,0.0,0.0,2.34,50.0,3.51,33.33,3.51,1.17,0.0,7.01,1.17,0.0,19.87,70.59,4.68,25.0,5.84,80.0,19.87,70.59,0.0,0.0,12.48,0.0,0.01,1.17,0.0,0.0,0.0,0.0,0.0,2.34,0.0,1.17,0.0,0.0,0.0,0.0,0.0,1.17,100.0,50.0,2.34,0,,0,,0,0.0,0.0,0.0,,,0.0,,7.01,0.0,0.0,0.0,0.0,0,0.0
V. Subotic,Vasilije Subotic,-674127,Crvena Zvezda U19,Crvena Zvezda,https://cdn5.wyscout.com/photos/team/public/g-4018_120x120.png,U19 League,RW,RW,100,,0,,0,18.0,2008-01-05,0,,2,77,0,0.12,0,0.38,24.55,42.86,Serbia,['Serbia'],,0,0,False,5.84,7.01,33.33,1.17,0.0,1.17,2.31,0.0,2.34,4.62,2.34,1,1.17,0,0.0,7.01,0.0,0,0.0,0.14,0,0.0,3,3.51,0.0,0.0,0.0,5.84,60.0,0.0,0.0,5.84,60.0,0.0,4.68,75.0,15.19,46.15,3.51,3.51,0.0,22.21,2.34,3.51,28.05,66.67,8.18,71.43,3.51,66.67,22.21,68.42,0.0,0.0,18.24,0.0,0.45,2.34,0.0,0.0,0.0,0.0,2.34,2.34,50.0,5.84,60.0,0.0,0.0,3.51,2.34,7.01,83.33,75.0,14.03,0,,0,,0,0.0,0.0,0.0,,,0.0,,1.17,0.0,0.0,0.0,0.0,0,0.0
O. Sahli,Ouijdi Sahli,-586200,Radnički Kragujevac,Radnički Kragujevac,https://cdn5.wyscout.com/photos/team/public/g2849_120x120.png,Super Liga,RCMF,RCMF,100,,0,,0,28.0,1997-04-17,0,,1,75,0,0.13,0,0.0,21.6,38.89,France,['France'],right,0,0,False,10.8,10.8,77.78,0.0,0.0,1.2,0.88,0.0,1.2,0.88,0.0,0,0.0,0,0.0,1.2,0.0,0,0.0,0.16,0,0.0,1,1.2,100.0,0.0,0.0,0.0,0.0,0.0,0.0,0.0,0.0,0.0,1.2,0.0,6.0,0.0,2.4,2.4,0.0,12.0,3.6,0.0,19.2,81.25,10.8,66.67,3.6,100.0,18.0,86.67,1.2,0.0,20.39,55.77,0.0,0.0,0.0,0.0,0.0,0.0,0.0,1.2,0.0,1.2,100.0,0.0,0.0,1.2,0.0,2.4,100.0,100.0,3.6,0,,0,,0,0.0,0.0,0.0,,,1.2,,0.0,1.2,0.0,0.0,0.0,0,0.0
S. Babicka,Shavy Warren Babicka,-281387,Fatih Karagümrük,Crvena Zvezda,https://cdn5.wyscout.com/photos/team/public/g3014_120x120.png,Süper Lig,"RAMF, RW",RAMF,66,RW,33,,0,25.0,2000-06-01,0,2028-06-30,2,70,0,0.19,0,0.2,10.29,25.0,Gabon,['Gabon'],right,179,72,True,1.29,1.29,0.0,1.29,0.0,0.0,0.0,0.0,1.29,2.5,1.29,0,0.0,0,0.0,3.86,0.0,0,0.0,0.24,0,0.0,2,2.5700000000000003,0.0,0.0,0.0,5.14,25.0,0.0,0.0,5.14,25.0,0.0,5.14,50.0,7.71,33.33,10.29,5.14,0.0,18.0,5.14,0.0,21.86,64.71,3.86,100.0,5.14,75.0,16.71,76.92,0.0,0.0,16.08,0.0,0.26,1.29,0.0,0.0,0.0,0.0,1.29,1.29,100.0,2.5700000000000003,0.0,0.0,0.0,1.29,1.29,3.86,100.0,40.0,6.43,0,,0,,0,0.0,0.0,0.0,,,0.0,,1.29,0.0,0.0,0.0,0.0,0,0.0
A. Urie,Axel Urie,479270,Radnik Surdulica,Radnik Surdulica,https://cdn5.wyscout.com/photos/team/public/g6756_120x120.png,Super Liga,"LW, CF, LAMF",LW,31,CF,27,LAMF,27,27.0,1999-04-14,350000,2026-06-30,3,69,0,0.11,0,0.05,15.65,33.33,France,"['France', 'Central African Republic']",right,180,72,False,2.61,2.61,50.0,0.0,0.0,0.0,0.0,0.0,1.3,2.5,0.0,1,1.3,0,0.0,1.3,0.0,0,0.0,0.14,0,0.0,2,2.61,50.0,0.0,0.0,1.3,0.0,1.3,0.0,0.0,0.0,0.0,1.3,0.0,9.13,42.86,1.3,1.3,0.0,16.96,2.61,2.61,22.17,82.35,1.3,100.0,7.83,66.67,20.87,87.5,0.0,0.0,15.02,0.0,0.06,1.3,0.0,0.0,0.0,0.0,1.3,0.0,0.0,1.3,0.0,0.0,0.0,0.0,0.0,2.61,100.0,85.71,9.13,0,,0,,0,0.0,0.0,0.0,,,0.0,,0.0,0.0,0.0,0.0,0.0,0,0.0
V. Zuric,Veljko Zuric,-636385,Čukarički U19,Čukarički,https://cdn5.wyscout.com/photos/team/public/g37536_120x120.png,U19 League,RCB,RCB,97,,0,,0,17.0,2008-05-28,0,,2,68,0,0.0,0,0.0,13.24,70.0,Serbia,['Serbia'],unknown,0,0,False,10.59,7.94,83.33,1.32,0.0,1.32,2.0,0.0,2.65,4.0,1.32,1,1.32,0,0.0,0.0,0.0,0,0.0,0.0,0,0.0,0,0.0,0.0,0.0,0.0,0.0,0.0,0.0,0.0,0.0,0.0,0.0,0.0,0.0,1.32,100.0,0.0,0.0,0.0,35.74,0.0,0.0,52.94,90.0,27.79,85.71,5.29,100.0,47.65,94.44,5.29,50.0,20.02,24.81,0.0,0.0,0.0,0.0,0.0,0.0,0.0,9.26,85.71,0.0,0.0,1.32,0.0,0.0,0.0,10.59,75.0,91.67,15.88,0,,0,,0,0.0,0.0,0.0,,,0.0,,1.32,0.0,0.0,0.0,0.0,0,0.0
T. Cojic,Tadija Cojic,-730896,IMT Novi Beograd U19,IMT Novi Beograd,https://cdn5.wyscout.com/photos/team/public/g-18838_120x120.png,U19 League,"CF, LW",CF,87,LW,12,,0,16.0,2009-06-26,0,,2,67,0,0.0,0,0.0,12.09,44.44,Serbia,['Serbia'],unknown,0,0,False,5.37,4.03,100.0,0.0,0.0,0.0,0.0,0.0,1.34,1.67,1.34,0,0.0,0,0.0,0.0,0.0,0,0.0,0.0,0,0.0,0,0.0,0.0,0.0,0.0,1.34,0.0,1.34,0.0,0.0,0.0,0.0,1.34,0.0,6.72,20.0,2.69,1.34,0.0,9.4,1.34,0.0,20.15,53.33,9.4,42.86,4.03,66.67,16.12,50.0,2.69,100.0,19.4,34.8,0.0,0.0,0.0,0.0,0.0,0.0,0.0,5.37,75.0,1.34,0.0,0.0,0.0,1.34,0.0,4.03,66.67,33.33,4.03,0,,0,,0,0.0,0.0,0.0,,,0.0,,0.0,0.0,0.0,0.0,0.0,0,0.0
M. Soprenic,Milos Soprenic,-375859,Bačka Topola U19,Bačka Topola,https://cdn5.wyscout.com/photos/team/public/g-11690_120x120.png,U19 League,"LDMF, RB, LCMF",LDMF,49,RB,22,LCMF,15,17.0,2008-05-13,0,,4,62,0,0.0,0,0.0,7.26,20.0,Bosnia and Herzegovina,['Bosnia and Herzegovina'],unknown,0,0,False,4.35,2.9,0.0,1.45,100.0,1.45,3.33,0.0,2.9,6.67,1.45,2,2.9,0,0.0,1.45,0.0,0,0.0,0.0,0,0.0,0,0.0,0.0,0.0,0.0,1.45,100.0,0.0,0.0,1.45,100.0,0.0,0.0,0.0,0.0,0.0,0.0,0.0,0.0,20.32,0.0,0.0,31.94,68.18,15.97,36.36,7.26,100.0,24.68,82.35,5.8100000000000005,0.0,17.21,18.08,0.0,0.0,0.0,0.0,0.0,0.0,0.0,10.16,42.86,2.9,50.0,1.45,0.0,0.0,1.45,5.8100000000000005,75.0,100.0,4.35,0,,0,,0,0.0,0.0,0.0,,,1.45,,1.45,0.0,0.0,0.0,0.0,0,0.0
A. Cvetković,Aleksandar Cvetković,308828,Radnik Surdulica,Radnik Surdulica,https://cdn5.wyscout.com/photos/team/public/g6756_120x120.png,Super Liga,RCB,RCB,100,,0,,0,30.0,1995-06-04,200000,,1,58,0,0.08,0,0.0,17.07,36.36,Serbia,['Serbia'],right,188,85,False,3.1,3.1,0.0,6.21,50.0,0.0,0.0,1.55,3.1,5.0,1.55,0,0.0,0,0.0,0.0,0.0,0,0.0,0.12,0,0.0,1,1.55,0.0,0.0,0.0,0.0,0.0,0.0,0.0,0.0,0.0,0.0,0.0,0.0,1.55,0.0,1.55,1.55,0.0,52.76,0.0,0.0,68.28,86.36,21.72,78.57,3.1,100.0,62.07,92.5,6.21,25.0,22.51,45.85,0.0,0.0,0.0,0.0,0.0,0.0,0.0,12.41,75.0,0.0,0.0,0.0,0.0,0.0,0.0,12.41,62.5,91.67,37.24,0,,0,,0,0.0,0.0,0.0,,,3.1,,6.21,0.0,0.0,0.0,0.0,0,0.0
N. Ahčin,Nemanja Ahčin,302391,Tekstilac Odžaci,Mladost Lučani,https://cdn5.wyscout.com/photos/team/public/g4215_120x120.png,Prva Liga,RCMF,RCMF,96,,0,,0,31.0,1994-04-07,0,2026-06-30,2,57,0,0.0,0,0.0,22.11,28.57,Serbia,"['Serbia', 'Slovenia']",right,181,68,True,7.89,9.47,50.0,1.58,0.0,1.58,1.43,0.0,1.58,1.43,3.16,0,0.0,0,0.0,0.0,0.0,0,0.0,0.0,0,0.0,0,0.0,0.0,0.0,0.0,0.0,0.0,0.0,0.0,0.0,0.0,0.0,0.0,0.0,6.32,25.0,0.0,0.0,1.58,4.74,0.0,1.58,11.05,57.14,4.74,33.33,3.16,50.0,9.47,66.67,1.58,0.0,9.57,23.15,0.0,0.0,0.0,0.0,0.0,0.0,0.0,1.58,0.0,0.0,0.0,1.58,0.0,0.0,0.0,3.16,0.0,100.0,3.16,0,,0,,0,0.0,0.0,0.0,,,0.0,,1.58,0.0,0.0,0.0,0.0,0,0.0
V. Bogdanović,Vuk Bogdanović,-245151,Čukarički,Čukarički,https://cdn5.wyscout.com/photos/team/public/702_120x120.png,Super Liga,"RCB, RB",RCB,75,RB,24,,0,24.0,2002-04-03,100000,2027-06-30,1,52,0,0.0,0,0.0,10.38,50.0,Serbia,['Serbia'],right,190,78,False,12.12,6.92,25.0,1.73,100.0,1.73,1.76,5.19,8.65,8.82,1.73,0,0.0,0,0.0,0.0,0.0,0,0.0,0.0,0,0.0,0,0.0,0.0,0.0,0.0,0.0,0.0,0.0,0.0,0.0,0.0,0.0,0.0,0.0,0.0,0.0,0.0,0.0,0.0,3.46,0.0,0.0,12.12,14.29,8.65,0.0,0.0,0.0,6.92,25.0,5.19,0.0,20.41,32.74,0.0,0.0,0.0,0.0,0.0,0.0,0.0,0.0,0.0,1.73,0.0,0.0,0.0,0.0,0.0,3.46,0.0,100.0,1.73,0,,0,,0,0.0,0.0,0.0,,,0.0,,1.73,0.0,0.0,0.0,0.0,0,0.0
U. Stojanovic,Uros Stojanovic,-483402,OFK Beograd U19,OFK Beograd,https://cdn5.wyscout.com/photos/team/public/g-6115_120x120.png,U19 League,LB,LB,100,,0,,0,18.0,2007-01-03,0,,1,50,0,0.0,0,0.0,9.0,60.0,Serbia,['Serbia'],unknown,0,0,False,3.6,1.8,0.0,5.4,66.67,0.0,0.0,0.0,3.6,3.5300000000000002,1.8,0,0.0,0,0.0,0.0,0.0,0,0.0,0.0,0,0.0,0,0.0,0.0,0.0,0.0,1.8,0.0,1.8,0.0,0.0,0.0,0.0,0.0,0.0,1.8,100.0,0.0,0.0,0.0,16.2,1.8,0.0,28.8,56.25,19.8,54.55,1.8,100.0,19.8,72.73,7.2,25.0,19.14,31.92,0.0,0.0,0.0,0.0,0.0,0.0,0.0,5.4,0.0,1.8,0.0,0.0,0.0,0.0,0.0,10.8,50.0,100.0,1.8,0,,0,,0,0.0,0.0,0.0,,,0.0,,5.4,0.0,0.0,0.0,0.0,0,0.0
S. Vidaković,Stefan Vidaković,-523691,Radnik Surdulica,Radnik Surdulica,https://cdn5.wyscout.com/photos/team/public/g6756_120x120.png,Super Liga,"LAMF, LW",LAMF,69,LW,30,,0,21.0,2005-03-06,0,2028-06-30,2,50,0,0.0,0,0.0,21.6,41.67,Serbia,['Serbia'],left,185,0,False,9.0,10.8,66.67,0.0,0.0,0.0,0.0,0.0,1.8,3.75,1.8,1,1.8,0,0.0,1.8,0.0,0,0.0,0.0,0,0.0,0,0.0,0.0,0.0,0.0,3.6,50.0,3.6,50.0,0.0,0.0,0.0,3.6,0.0,9.0,0.0,1.8,0.0,0.0,7.2,1.8,0.0,18.0,60.0,7.2,50.0,5.4,100.0,14.4,62.5,0.0,0.0,21.6,0.0,0.0,0.0,0.0,0.0,0.0,0.0,0.0,3.6,50.0,1.8,100.0,0.0,0.0,0.0,1.8,5.4,66.67,33.33,5.4,0,,0,,0,0.0,0.0,0.0,,,0.0,,0.0,0.0,0.0,0.0,0.0,0,0.0
M. Petrovic,Mihajlo  Petrovic,-483720,OFK Beograd,OFK Beograd,https://cdn5.wyscout.com/photos/team/public/705_120x120.png,Super Liga,"LW, CF, LDMF",LW,57,CF,21,LDMF,21,20.0,2005-09-21,0,,3,47,0,0.0,0,0.0,15.32,25.0,Serbia,['Serbia'],unknown,0,0,False,0.0,5.74,0.0,1.9100000000000001,100.0,0.0,0.0,0.0,0.0,0.0,1.9100000000000001,1,1.9100000000000001,0,0.0,0.0,0.0,0,0.0,0.0,0,0.0,0,0.0,0.0,0.0,0.0,0.0,0.0,0.0,0.0,0.0,0.0,0.0,0.0,0.0,5.74,33.33,0.0,1.9100000000000001,0.0,9.57,0.0,1.9100000000000001,13.4,42.86,7.66,0.0,1.9100000000000001,100.0,13.4,42.86,0.0,0.0,14.45,0.0,0.0,0.0,0.0,0.0,0.0,0.0,0.0,3.83,0.0,0.0,0.0,0.0,0.0,0.0,0.0,0.0,0.0,0.0,0.0,0,,0,,0,0.0,0.0,0.0,,,0.0,,1.9100000000000001,0.0,0.0,0.0,0.0,0,0.0
M. Ninic,Matija Ninic,-483334,Partizan,Partizan,https://cdn5.wyscout.com/photos/team/public/699_120x120.png,Super Liga,"RW, RAMF",RW,63,RAMF,36,,0,20.0,2006-03-13,0,,2,45,0,0.22,0,0.0,26.0,7.69,Serbia,['Serbia'],unknown,0,0,False,2.0,4.0,0.0,4.0,0.0,0.0,0.0,0.0,2.0,3.75,6.0,0,0.0,0,0.0,4.0,0.0,0,0.0,0.43,0,0.0,1,2.0,100.0,0.0,0.0,0.0,0.0,0.0,0.0,0.0,0.0,0.0,14.0,14.29,18.0,11.11,2.0,6.0,2.0,20.0,0.0,2.0,28.0,64.29,12.0,50.0,2.0,100.0,26.0,69.23,2.0,0.0,21.16,20.77,0.0,0.0,0.0,0.0,0.0,0.0,0.0,8.0,50.0,4.0,0.0,0.0,0.0,0.0,0.0,6.0,100.0,60.0,10.0,0,,0,,0,0.0,0.0,0.0,,,0.0,,4.0,0.0,0.0,0.0,0.0,0,0.0
M. Lekic,Marko Lekic,-809913,Partizan,Partizan,https://cdn5.wyscout.com/photos/team/public/699_120x120.png,Super Liga,"LAMF, LCMF",LAMF,52,LCMF,47,,0,22.0,2003-08-03,0,,2,44,0,0.0,0,0.01,,,Serbia,['Serbia'],unknown,0,0,False,,,,,,,5.0,,,5.0,,0,,0,,,,0,,,0,,0,,,0.0,,,,,,,,,,,,,,,,,,,,,,,,,,,,,10.77,0.0,,,,,,,,,,,,,,,,,,,,0,,0,,0,0.0,0.0,,,,,,,,,,,0,0.0
S. Lukovic,Strahinja Lukovic,-483685,Dubočica,OFK Beograd,https://cdn5.wyscout.com/photos/team/public/g3814_120x120.png,Prva Liga,"LB, RB",LB,86,RB,13,,0,20.0,2005-10-25,0,2028-06-30,2,43,0,0.0,0,0.0,,,Serbia,['Serbia'],unknown,0,0,False,,,,,,,0.0,,,5.0,,0,,0,,,,0,,,0,,0,,,0.0,,,,,,,,,,,,,,,,,,,,,,,,,,,,,14.25,16.19,,,,,,,,,,,,,,,,,,,,0,,0,,0,0.0,0.0,,,,,,,,,,,0,0.0
V. Milosavljev,Vladan Milosavljev,66375,Ušće NB,IMT Novi Beograd,https://cdn5.wyscout.com/photos/team/public/g34618_120x120.png,Prva Liga,LW,LW,100,,0,,0,39.0,1987-02-01,0,2026-06-30,1,40,0,0.0,0,0.28,,,Serbia,['Serbia'],left,172,68,False,,,,,,,0.0,,,6.67,,0,,0,,,,0,,,0,,0,,,0.0,,,,,,,,,,,,,,,,,,,,,,,,,,,,,20.5,49.2,,,,,,,,,,,,,,,,,,,,0,,0,,0,0.0,0.0,,,,,,,,,,,0,0.0
P. Petrović,Petar Petrović,299979,Radnički Niš,Radnički Niš,https://cdn5.wyscout.com/photos/team/public/g2850_120x120.png,Super Liga,"LCMF3, RCMF",LCMF3,72,RCMF,27,,0,30.0,1995-09-15,200000,2026-06-30,2,37,0,0.0,0,0.4,,,Sweden,"['Sweden', 'Serbia']",left,178,68,False,,,,,,,0.0,,,7.5,,1,,0,,,,0,,,0,,0,,,0.0,,,,,,,,,,,,,,,,,,,,,,,,,,,,,29.01,36.29,,,,,,,,,,,,,,,,,,,,0,,0,,0,0.0,0.0,,,,,,,,,,,0,0.0
S. Vasilic,Strahinja Vasilic,-666834,Spartak Subotica U19,Spartak Subotica,https://cdn5.wyscout.com/photos/team/public/g-12703_120x120.png,U19 League,"RDMF, DMF",RDMF,56,DMF,43,,0,18.0,2008-01-24,0,,2,36,0,0.05,1,0.14,,,Bosnia and Herzegovina,['Bosnia and Herzegovina'],,0,0,False,,,,,,,0.0,,,17.14,,0,,0,,,,0,,,0,,1,,,0.0,,,,,,,,,,,,,,,,,,,,,,,,,,,,,16.69,20.55,,,,,,,,,,,,,,,,,,,,0,,0,,0,0.0,0.0,,,,,,,,,,,0,0.0
M. Bakic,Milos Bakic,-483454,IMT Novi Beograd,IMT Novi Beograd,https://cdn5.wyscout.com/photos/team/public/g30905_120x120.png,Super Liga,RW,RW,100,,0,,0,20.0,2006-01-21,0,2026-06-30,1,35,0,0.0,0,0.0,,,Serbia,['Serbia'],left,0,0,False,,,,,,,0.0,,,2.73,,0,,0,,,,0,,,0,,0,,,0.0,,,,,,,,,,,,,,,,,,,,,,,,,,,,,12.92,0.0,,,,,,,,,,,,,,,,,,,,0,,0,,0,0.0,0.0,,,,,,,,,,,0,0.0
J. Manzorro,Jérémy Manzorro,190462,,IMT Novi Beograd,,,LCMF,LCMF,100,,0,,0,34.0,1991-11-11,100000,,1,34,0,0.02,0,0.0,,,France,['France'],right,173,68,False,,,,,,,0.0,,,3.33,,0,,0,,,,0,,,0,,1,,,0.0,,,,,,,,,,,,,,,,,,,,,,,,,,,,,19.11,41.63,,,,,,,,,,,,,,,,,,,,0,,0,,0,0.0,0.0,,,,,,,,,,,0,0.0
D. Skocajic,Djordje Skocajic,-580963,Napredak Kruševac U19,Napredak Kruševac,https://cdn5.wyscout.com/photos/team/public/g-6118_120x120.png,U19 League,CF,CF,100,,0,,0,19.0,2006-05-26,0,2028-12-31,2,32,0,0.0,0,0.0,,,Serbia,['Serbia'],,0,0,False,,,,,,,0.0,,,0.0,,0,,0,,,,0,,,0,,0,,,0.0,,,,,,,,,,,,,,,,,,,,,,,,,,,,,16.46,0.0,,,,,,,,,,,,,,,,,,,,0,,0,,0,0.0,0.0,,,,,,,,,,,0,0.0
L. Krstovic,Luka  Krstovic,-483599,Ušće NB,IMT Novi Beograd,https://cdn5.wyscout.com/photos/team/public/g34618_120x120.png,Prva Liga,LCMF,LCMF,100,,0,,0,20.0,2005-12-04,0,,2,30,0,0.1,0,0.0,,,Serbia,['Serbia'],right,191,0,False,,,,,,,0.0,,,12.0,,0,,0,,,,0,,,0,,1,,,0.0,,,,,,,,,,,,,,,,,,,,,,,,,,,,,17.22,15.4,,,,,,,,,,,,,,,,,,,,0,,0,,0,0.0,0.0,,,,,,,,,,,0,0.0
V. Petrović,Vladimir Petrović,479663,Loznica,Radnik Surdulica,https://cdn5.wyscout.com/photos/team/public/g3806_120x120.png,Prva Liga,"AMF, CF",AMF,84,CF,15,,0,28.0,1997-02-15,200000,,2,30,0,0.2,0,0.16,,,Serbia,['Serbia'],right,181,75,False,,,,,,,0.0,,,12.0,,0,,0,,,,0,,,0,,1,,,0.0,,,,,,,,,,,,,,,,,,,,,,,,,,,,,13.31,18.06,,,,,,,,,,,,,,,,,,,,0,,0,,0,0.0,0.0,,,,,,,,,,,0,0.0
D. Ose Friday,Daniel Ose Friday,-815362,Spartak Subotica,Spartak Subotica,https://cdn5.wyscout.com/photos/team/public/1956_120x120.png,Super Liga,CF,CF,100,,0,,0,18.0,2007-10-10,0,,2,28,0,0.0,0,0.0,,,Nigeria,['Nigeria'],,0,0,False,,,,,,,0.0,,,0.0,,1,,0,,,,0,,,0,,0,,,0.0,,,,,,,,,,,,,,,,,,,,,,,,,,,,,23.78,0.0,,,,,,,,,,,,,,,,,,,,0,,0,,0,0.0,0.0,,,,,,,,,,,0,0.0
V. Grbović,Vasilije Grbović,-569299,OFK Beograd U19,OFK Beograd,https://cdn5.wyscout.com/photos/team/public/g-6115_120x120.png,U19 League,"CF, LCMF3",CF,65,LCMF3,34,,0,18.0,2008-05-12,0,2027-06-30,2,26,0,0.0,0,0.0,,,Serbia,['Serbia'],right,0,0,False,,,,,,,6.0,,,0.0,,0,,0,,,,0,,,0,,0,,,0.0,,,,,,,,,,,,,,,,,,,,,,,,,,,,,0.0,0.0,,,,,,,,,,,,,,,,,,,,0,,0,,0,0.0,0.0,,,,,,,,,,,0,0.0
O. Alempijevic,Ognjen Alempijevic,-483648,Mladost Lučani U19,Mladost Lučani,https://cdn5.wyscout.com/photos/team/public/g-9943_120x120.png,U19 League,"RW, CF, LWF",RW,39,CF,34,LWF,25,18.0,2007-05-31,0,2026-06-30,4,24,0,0.0,0,0.0,,,Serbia,['Serbia'],right,0,0,False,,,,,,,0.0,,,4.29,,0,,0,,,,0,,,0,,0,,,0.0,,,,,,,,,,,,,,,,,,,,,,,,,,,,,7.02,0.0,,,,,,,,,,,,,,,,,,,,0,,0,,0,0.0,0.0,,,,,,,,,,,0,0.0
V. Novevski,Vlada Novevski,513360,Vojvodina,Vojvodina,https://cdn5.wyscout.com/photos/team/public/700_120x120.png,Super Liga,RB,RB,100,,0,,0,24.0,2002-05-13,150000,2028-06-30,1,22,0,0.0,0,0.0,,,Serbia,"['Serbia', 'North Macedonia']",right,183,74,False,,,,,,,0.0,,,0.0,,0,,0,,,,0,,,0,,1,,,0.0,,,,,,,,,,,,,,,,,,,,,,,,,,,,,23.78,0.0,,,,,,,,,,,,,,,,,,,,0,,0,,0,0.0,0.0,,,,,,,,,,,0,0.0
A. Kılıç,Yakup Arda Kılıç,-289424,Karşıyaka,Novi Pazar,https://cdn5.wyscout.com/photos/team/public/1338_120x120.png,,LWF,LWF,100,,0,,0,21.0,2005-01-04,0,2027-06-30,1,21,0,0.0,0,0.0,,,Türkiye,['Türkiye'],right,179,69,True,,,,,,,0.0,,,4.29,,0,,0,,,,0,,,0,,0,,,0.0,,,,,,,,,,,,,,,,,,,,,,,,,,,,,13.66,0.0,,,,,,,,,,,,,,,,,,,,0,,0,,0,0.0,0.0,,,,,,,,,,,0,0.0
M. Lekic,Marko Lekic,418371,Rielasingen-Arlen,Partizan,https://cdn5.wyscout.com/photos/team/public/g34719_120x120.png,,LCMF,LCMF,100,,0,,0,29.0,1996-08-21,0,,1,21,0,0.0,0,0.01,,,Austria,['Austria'],,0,0,False,,,,,,,15.0,,,15.0,,0,,0,,,,0,,,0,,0,,,0.0,,,,,,,,,,,,,,,,,,,,,,,,,,,,,11.72,0.0,,,,,,,,,,,,,,,,,,,,0,,0,,0,0.0,0.0,,,,,,,,,,,0,0.0
S. Srnić,Slavoljub Srnić,164092,Čukarički,Čukarički,https://cdn5.wyscout.com/photos/team/public/702_120x120.png,Super Liga,RB5,RB5,100,,0,,0,34.0,1992-01-12,350000,,1,19,0,0.0,0,0.0,,,Serbia,['Serbia'],both,174,0,False,,,,,,,0.0,,,0.0,,0,,0,,,,0,,,0,,0,,,0.0,,,,,,,,,,,,,,,,,,,,,,,,,,,,,14.38,0.0,,,,,,,,,,,,,,,,,,,,0,,0,,0,0.0,0.0,,,,,,,,,,,0,0.0
B. Francis Antwi,Bosiako Francis Antwi,-650221,Javor Ivanjica,Javor Ivanjica,https://cdn5.wyscout.com/photos/team/public/1255_120x120.png,Super Liga,"RAMF, LAMF",RAMF,75,LAMF,24,,0,20.0,2005-05-01,0,2028-06-30,3,18,0,0.22,0,0.0,,,Ghana,['Ghana'],,0,0,False,,,,,,,0.0,,,0.0,,0,,0,,,,0,,,0,,1,,,0.0,,,,,,,,,,,,,,,,,,,,,,,,,,,,,11.19,0.0,,,,,,,,,,,,,,,,,,,,0,,0,,0,0.0,0.0,,,,,,,,,,,0,0.0
A. Stevanović,Alen Stevanović,111494,Jedinstvo Putevi,IMT Novi Beograd,https://cdn5.wyscout.com/photos/team/public/g4190_120x120.png,Srpska Liga,CF,CF,100,,0,,0,35.0,1991-01-07,225000,2026-06-30,1,18,0,0.01,0,0.0,,,Switzerland,"['Switzerland', 'Serbia']",right,184,74,False,,,,,,,0.0,,,0.0,,0,,0,,,,0,,,0,,1,,,0.0,,,,,,,,,,,,,,,,,,,,,,,,,,,,,15.29,0.0,,,,,,,,,,,,,,,,,,,,0,,0,,0,0.0,0.0,,,,,,,,,,,0,0.0
Ebenezer Annan,Ebenezer Isaac Annan,-141346,Saint-Étienne,Crvena Zvezda,https://cdn5.wyscout.com/photos/team/public/17_120x120.png,Ligue 2,LB,LB,100,,0,,0,23.0,2002-08-21,600000,2028-06-30,1,17,0,0.0,0,0.0,,,Ghana,['Ghana'],left,178,69,False,,,,,,,0.0,,,30.0,,0,,0,,,,0,,,0,,0,,,0.0,,,,,,,,,,,,,,,,,,,,,,,,,,,,,17.38,49.51,,,,,,,,,,,,,,,,,,,,0,,0,,0,0.0,0.0,,,,,,,,,,,0,0.0
N. Mirkovic,Nemanja Mirkovic,-569616,Čukarički U19,Čukarički,https://cdn5.wyscout.com/photos/team/public/g37536_120x120.png,U19 League,LDMF,LDMF,100,,0,,0,18.0,2008-01-30,0,,1,17,0,0.0,0,0.0,,,Serbia,['Serbia'],,0,0,False,,,,,,,0.0,,,0.0,,0,,0,,,,0,,,0,,0,,,0.0,,,,,,,,,,,,,,,,,,,,,,,,,,,,,16.82,0.0,,,,,,,,,,,,,,,,,,,,0,,0,,0,0.0,0.0,,,,,,,,,,,0,0.0
E. Mavrić,Ersan  Mavrić,-612024,Novi Pazar U19,Novi Pazar,https://cdn5.wyscout.com/photos/team/public/g-6123_120x120.png,U19 League,CF,CF,100,,0,,0,19.0,2007-02-10,0,,1,16,0,0.0,0,0.0,,,Serbia,['Serbia'],unknown,0,0,False,,,,,,,0.0,,,0.0,,0,,0,,,,0,,,0,,0,,,0.0,,,,,,,,,,,,,,,,,,,,,,,,,,,,,29.04,48.07,,,,,,,,,,,,,,,,,,,,0,,0,,0,0.0,0.0,,,,,,,,,,,0,0.0
M. Mijić,Miloš Mijić,202963,Borac Čačak,Mladost Lučani,https://cdn5.wyscout.com/photos/team/public/701_120x120.png,Prva Liga,RCMF3,RCMF3,100,,0,,0,36.0,1989-11-22,150000,2026-06-30,1,15,0,0.76,0,0.0,,,Serbia,['Serbia'],both,175,72,False,,,,,,,0.0,,,30.0,,0,,0,,,,0,,,0,,1,,,0.0,,,,,,,,,,,,,,,,,,,,,,,,,,,,,10.8,25.42,,,,,,,,,,,,,,,,,,,,0,,0,,0,0.0,0.0,,,,,,,,,,,1,0.0
K. Abdul,Kudu Shama Abdul,-719542,Spartak Subotica,Spartak Subotica,https://cdn5.wyscout.com/photos/team/public/1956_120x120.png,Super Liga,RCB3,RCB3,95,,0,,0,20.0,2006-02-02,0,2029-06-30,2,13,0,0.0,0,0.0,,,Ghana,['Ghana'],right,0,0,False,,,,,,,0.0,,,0.0,,0,,0,,,,0,,,0,,0,,,0.0,,,,,,,,,,,,,,,,,,,,,,,,,,,,,9.88,0.0,,,,,,,,,,,,,,,,,,,,0,,0,,0,0.0,0.0,,,,,,,,,,,0,0.0
D. Dolmagić,Dino Dolmagić,193272,Radnik Surdulica,Radnik Surdulica,https://cdn5.wyscout.com/photos/team/public/g6756_120x120.png,Super Liga,RW,RW,100,,0,,0,31.0,1994-02-26,250000,,1,12,0,0.0,0,0.0,,,Serbia,['Serbia'],right,175,75,False,,,,,,,30.0,,,30.0,,0,,0,,,,0,,,0,,0,,,0.0,,,,,,,,,,,,,,,,,,,,,,,,,,,,,38.2,0.0,,,,,,,,,,,,,,,,,,,,0,,0,,0,0.0,0.0,,,,,,,,,,,0,0.0
D. Jovanović,Damjan  Jovanović,-483503,Napredak Kruševac,Napredak Kruševac,https://cdn5.wyscout.com/photos/team/public/704_120x120.png,Super Liga,LW,LW,100,,0,,0,21.0,2004-09-24,0,,1,12,0,0.0,0,0.0,,,Serbia,['Serbia'],unknown,0,0,False,,,,,,,0.0,,,0.0,,0,,0,,,,0,,,0,,0,,,0.0,,,,,,,,,,,,,,,,,,,,,,,,,,,,,0.0,0.0,,,,,,,,,,,,,,,,,,,,0,,0,,0,0.0,0.0,,,,,,,,,,,0,0.0
M. Strika,Matej Strika,-636381,Crvena Zvezda U19,Crvena Zvezda,https://cdn5.wyscout.com/photos/team/public/g-4018_120x120.png,U19 League,LB,LB,100,,0,,0,16.0,2009-08-20,0,,1,11,0,0.0,1,0.0,,,Serbia,['Serbia'],unknown,0,0,False,,,,,,,0.0,,,0.0,,0,,0,,,,0,,,0,,0,,,0.0,,,,,,,,,,,,,,,,,,,,,,,,,,,,,23.22,0.0,,,,,,,,,,,,,,,,,,,,0,,0,,0,0.0,0.0,,,,,,,,,,,0,0.0
O. Matanovic,Ognjen Matanovic,-732714,Crvena Zvezda U17,Crvena Zvezda,https://cdn5.wyscout.com/photos/team/public/g-11060_120x120.png,U17 League,LAMF,LAMF,100,,0,,0,16.0,2010-01-14,0,,1,11,0,0.0,0,0.0,,,Serbia,['Serbia'],unknown,0,0,False,,,,,,,0.0,,,0.0,,0,,0,,,,0,,,0,,0,,,0.0,,,,,,,,,,,,,,,,,,,,,,,,,,,,,21.76,30.04,,,,,,,,,,,,,,,,,,,,0,,0,,0,0.0,0.0,,,,,,,,,,,0,0.0
P. Dimitrije,Plavsic Dimitrije,-667490,Spartak Subotica U17,Spartak Subotica,https://cdn5.wyscout.com/photos/team/public/g-11434_120x120.png,U17 League,LDMF,LDMF,100,,0,,0,16.0,2009-10-17,0,,1,10,0,0.0,0,0.0,,,Serbia,['Serbia'],,0,0,False,,,,,,,10.0,,,10.0,,0,,0,,,,0,,,0,,0,,,0.0,,,,,,,,,,,,,,,,,,,,,,,,,,,,,7.99,0.0,,,,,,,,,,,,,,,,,,,,0,,0,,0,0.0,0.0,,,,,,,,,,,0,0.0
B. Stefman,Baltic Stefman,-681870,IMT Novi Beograd,IMT Novi Beograd,https://cdn5.wyscout.com/photos/team/public/g30905_120x120.png,Super Liga,"LW, RW, LCMF",LW,66,RW,19,LCMF,14,21.0,2004-02-26,0,,3,9,0,0.0,0,0.0,,,Serbia,['Serbia'],left,0,0,False,,,,,,,0.0,,,30.0,,0,,0,,,,0,,,0,,0,,,0.0,,,,,,,,,,,,,,,,,,,,,,,,,,,,,3.34,0.0,,,,,,,,,,,,,,,,,,,,0,,0,,0,0.0,0.0,,,,,,,,,,,0,0.0
J. Mrvaljević,Jovan Mrvaljević,-350936,OFK Beograd U19,OFK Beograd,https://cdn5.wyscout.com/photos/team/public/g-6115_120x120.png,U19 League,"CF, DMF",CF,67,DMF,32,,0,17.0,2008-07-29,0,,2,9,0,0.0,0,0.0,,,Serbia,['Serbia'],,0,0,False,,,,,,,10.0,,,10.0,,0,,0,,,,0,,,0,,0,,,0.0,,,,,,,,,,,,,,,,,,,,,,,,,,,,,5.75,0.0,,,,,,,,,,,,,,,,,,,,0,,0,,0,0.0,0.0,,,,,,,,,,,0,0.0
D. Jovanovic,Dusan  Jovanovic,-484661,Partizan,Partizan,https://cdn5.wyscout.com/photos/team/public/699_120x120.png,Super Liga,RW,RW,100,,0,,0,18.0,2008-02-07,0,,1,8,0,0.0,1,0.35000000000000003,,,Serbia,['Serbia'],unknown,0,0,False,,,,,,,0.0,,,0.0,,0,,0,,,,0,,,0,,0,,,0.0,,,,,,,,,,,,,,,,,,,,,,,,,,,,,15.43,0.0,,,,,,,,,,,,,,,,,,,,0,,0,,0,0.0,0.0,,,,,,,,,,,0,0.0
S. Keimer Andres,Sandoval Rodriguez  Keimer Andres,-682640,Crvena Zvezda,Crvena Zvezda,https://cdn5.wyscout.com/photos/team/public/483_120x120.png,Super Liga,RB,RB,100,,0,,0,20.0,2005-09-03,0,2027-12-31,1,7,0,0.0,0,0.0,,,Colombia,['Colombia'],right,185,75,True,,,,,,,0.0,,,0.0,,0,,0,,,,0,,,0,,0,,,0.0,,,,,,,,,,,,,,,,,,,,,,,,,,,,,26.58,0.0,,,,,,,,,,,,,,,,,,,,0,,0,,0,0.0,0.0,,,,,,,,,,,0,0.0
T. Stanisic,Tadija  Stanisic,-484631,Vojvodina U19,Vojvodina,https://cdn5.wyscout.com/photos/team/public/g-5714_120x120.png,U19 League,CF,CF,100,,0,,0,18.0,2007-06-05,0,,1,5,0,0.0,0,0.0,,,Serbia,['Serbia'],unknown,0,0,False,,,,,,,0.0,,,0.0,,0,,0,,,,0,,,0,,0,,,0.0,,,,,,,,,,,,,,,,,,,,,,,,,,,,,0.0,0.0,,,,,,,,,,,,,,,,,,,,0,,0,,0,0.0,0.0,,,,,,,,,,,0,0.0
U. Filimonovic,Uros Filimonovic,-336208,Tekstilac Odžaci,Radnik Surdulica,https://cdn5.wyscout.com/photos/team/public/g4215_120x120.png,Prva Liga,CF,CF,100,,0,,0,20.0,2006-04-12,0,2028-06-30,1,5,0,0.0,0,0.01,,,Serbia,['Serbia'],unknown,0,0,True,,,,,,,0.0,,,0.0,,0,,0,,,,0,,,0,,0,,,0.0,,,,,,,,,,,,,,,,,,,,,,,,,,,,,18.99,32.11,,,,,,,,,,,,,,,,,,,,0,,0,,0,0.0,0.0,,,,,,,,,,,0,0.0
D. Anokic,Dragan Anokic,-707500,Crvena Zvezda U19,Crvena Zvezda,https://cdn5.wyscout.com/photos/team/public/g-4018_120x120.png,U19 League,RWF,RWF,100,,0,,0,16.0,2009-11-24,0,,1,5,0,0.0,0,0.0,,,Serbia,['Serbia'],,0,0,False,,,,,,,0.0,,,0.0,,0,,0,,,,0,,,0,,0,,,0.0,,,,,,,,,,,,,,,,,,,,,,,,,,,,,14.96,0.0,,,,,,,,,,,,,,,,,,,,0,,0,,0,0.0,0.0,,,,,,,,,,,0,0.0
A. Daniel,Akrofi Daniel,-771960,IMT Novi Beograd U19,IMT Novi Beograd,https://cdn5.wyscout.com/photos/team/public/g-18838_120x120.png,U19 League,AMF,AMF,100,,0,,0,18.0,2007-07-14,0,,1,4,0,0.0,0,0.0,,,Ghana,['Ghana'],,0,0,False,,,,,,,0.0,,,30.0,,0,,0,,,,0,,,0,,0,,,0.0,,,,,,,,,,,,,,,,,,,,,,,,,,,,,9.6,0.0,,,,,,,,,,,,,,,,,,,,0,,0,,0,0.0,0.0,,,,,,,,,,,0,0.0
M. Gashtarov,Matej Gashtarov,-474321,Crvena Zvezda U19,Crvena Zvezda,https://cdn5.wyscout.com/photos/team/public/g-4018_120x120.png,U19 League,LAMF,LAMF,100,,0,,0,19.0,2006-11-15,0,2028-06-30,1,2,0,0.0,0,0.0,,,North Macedonia,['North Macedonia'],unknown,0,0,False,,,,,,,0.0,,,0.0,,0,,0,,,,0,,,0,,0,,,0.0,,,,,,,,,,,,,,,,,,,,,,,,,,,,,0.0,0.0,,,,,,,,,,,,,,,,,,,,0,,0,,0,0.0,0.0,,,,,,,,,,,0,0.0
T. Ude,Thomas Victor Ude,-529757,Radnički Kragujevac,Radnički Kragujevac,https://cdn5.wyscout.com/photos/team/public/g2849_120x120.png,Super Liga,LCMF,LCMF,100,,0,,0,19.0,2006-10-30,0,,1,2,0,0.0,0,0.0,,,Nigeria,['Nigeria'],unknown,0,0,False,,,,,,,0.0,,,0.0,,0,,0,,,,0,,,0,,0,,,0.0,,,,,,,,,,,,,,,,,,,,,,,,,,,,,0.0,0.0,,,,,,,,,,,,,,,,,,,,0,,0,,0,0.0,0.0,,,,,,,,,,,0,0.0
B. Bilalovic,Bakir Bilalovic,-735122,Novi Pazar U19,Novi Pazar,https://cdn5.wyscout.com/photos/team/public/g-6123_120x120.png,U19 League,RW,RW,100,,0,,0,18.0,2008-04-11,0,,1,2,0,0.0,0,0.0,,,Serbia,['Serbia'],unknown,0,0,False,,,,,,,0.0,,,0.0,,0,,0,,,,0,,,0,,0,,,0.0,,,,,,,,,,,,,,,,,,,,,,,,,,,,,96.96,0.0,,,,,,,,,,,,,,,,,,,,0,,0,,0,0.0,0.0,,,,,,,,,,,0,0.0
