Player,Full name,Wyscout id,Team,Team within selected timeframe,Team logo,Competition,Position,Primary position,"Primary position, %",Secondary position,"Secondary position, %",Third position,"Third position, %",Age,Birthday,Market value,Contract expires,Matches played,Minutes played,Goals,xG,Assists,xA,Duels per 90,"Duels won, %",Birth country,Passport country,Foot,Height,Weight,On loan,Successful defensive actions per 90,Defensive duels per 90,"Defensive duels won, %",Aerial duels per 90,"Aerial duels won, %",Sliding tackles per 90,PAdj Sliding tackles,Shots blocked per 90,Interceptions per 90,PAdj Interceptions,Fouls per 90,Yellow cards,Yellow cards per 90,Red cards,Red cards per 90,Successful attacking actions per 90,Goals per 90,Non-penalty goals,Non-penalty goals per 90,xG per 90,Head goals,Head goals per 90,Shots,Shots per 90,"Shots on target, %","Goal conversion, %",Assists per 90,Crosses per 90,"Accurate crosses, %",Crosses from left flank per 90,"Accurate crosses from left flank, %",Crosses from right flank per 90,"Accurate crosses from right flank, %",Crosses to goalie box per 90,Dribbles per 90,"Successful dribbles, %",Offensive duels per 90,"Offensive duels won, %",Touches in box per 90,Progressive runs per 90,Accelerations per 90,Received passes per 90,Received long passes per 90,Fouls suffered per 90,Passes per 90,"Accurate passes, %",Forward passes per 90,"Accurate forward passes, %",Back passes per 90,"Accurate back passes, %",Short / medium passes per 90,"Accurate short / medium passes, %",Long passes per 90,"Accurate long passes, %","Average pass length, m","Average long pass length, m",xA per 90,Shot assists per 90,Second assists per 90,Third assists per 90,Smart passes per 90,"Accurate smart passes, %",Key passes per 90,Passes to final third per 90,"Accurate passes to final third, %",Passes to penalty area per 90,"Accurate passes to penalty area, %",Through passes per 90,"Accurate through passes, %",Deep completions per 90,Deep completed crosses per 90,Progressive passes per 90,"Accurate progressive passes, %","Accurate vertical passes, %",Vertical passes per 90,Conceded goals,Conceded goals per 90,Shots against,Shots against per 90,Clean sheets,"Save rate, %",xG against,xG against per 90,Prevented goals,Prevented goals per 90,Back passes received as GK per 90,Exits per 90,Aerial duels per 90,Free kicks per 90,Direct free kicks per 90,"Direct free kicks on target, %",Corners per 90,Penalties taken,"Penalty conversion, %"
P. Boer,Pietro Boer,-108863,Juve Stabia,Juve Stabia,https://cdn5.wyscout.com/photos/team/public/228_120x120.png,Serie B,GK,GK,100,,0,,0,24,2002-05-12,150000,2027-06-30,2,202,0,0.0,0,0.0,0.0,0.0,Italy,['Italy'],right,193,80,False,0.0,0.0,0.0,0.0,0.0,0.0,0.0,0.0,0.0,0.0,0.0,0,0.0,0,0.0,0.0,0.0,0,0.0,0.0,0,0.0,0,0.0,0.0,0.0,0.0,0.0,0.0,0.0,0.0,0.0,0.0,0.0,0.0,0.0,0.0,0.0,0.0,0.0,0.0,13.81,0.89,0.0,25.4,80.7,10.25,69.57,0.0,0.0,20.05,93.33,5.35,33.33,27.43,49.42,0.0,0.0,0.0,0.0,0.0,0.0,0.0,3.12,14.29,0.0,0.0,0.0,0.0,0.0,0.0,4.46,40.0,88.46,11.58,2,0.89,13,5.79,0,84.62,3.58,1.5899999999999999,1.58,0.704,0.0,1.78,0.0,,,,0.0,0,0
M. Ricciardi,Manuel Ricciardi,-61501,Juve Stabia,Juve Stabia,https://cdn5.wyscout.com/photos/team/public/228_120x120.png,Serie B,RB,RB,100,,0,,0,26,2000-04-17,250000,2028-06-30,2,202,0,0.02,0,0.0,9.8,50.0,Italy,['Italy'],right,184,75,False,9.36,3.56,87.5,0.45,0.0,0.0,0.0,0.89,6.24,9.13,0.45,0,0.0,0,0.0,0.0,0.0,0,0.0,0.01,0,0.0,1,0.45,0.0,0.0,0.0,1.34,0.0,0.0,0.0,1.34,0.0,0.45,0.0,0.0,5.35,33.33,0.0,3.56,0.45,31.19,0.89,0.89,39.21,86.36,12.03,74.07,4.9,100.0,36.98,90.36,0.89,50.0,18.27,21.43,0.0,0.0,0.0,0.0,0.0,0.0,0.0,4.46,60.0,1.78,0.0,0.0,0.0,0.0,0.45,3.12,57.14,89.74,17.38,0,,0,,0,0.0,0.0,0.0,,,2.23,,0.45,0.0,0.0,0.0,0.0,0,0
D. Bettella,Davide Bettella,426562,Juve Stabia,Juve Stabia,https://cdn5.wyscout.com/photos/team/public/228_120x120.png,Serie B,RCB,RCB,100,,0,,0,26,2000-04-07,1000000,2028-06-30,2,202,0,0.22,0,0.0,4.01,66.67,Italy,['Italy'],right,185,75,False,4.9,1.78,25.0,1.78,100.0,0.0,0.0,0.0,4.46,6.52,0.45,1,0.45,0,0.0,0.45,0.0,0,0.0,0.1,0,0.0,2,0.89,50.0,0.0,0.0,0.0,0.0,0.0,0.0,0.0,0.0,0.0,0.0,0.0,0.45,100.0,0.89,0.45,0.0,61.04,0.0,0.45,81.98,94.02,23.17,86.54,1.78,100.0,79.31,94.94,2.67,66.67,17.07,33.6,0.0,0.0,0.0,0.0,0.0,0.0,0.0,6.24,100.0,0.0,0.0,0.0,0.0,0.0,0.0,8.02,72.22,98.13,47.67,0,,0,,0,0.0,0.0,0.0,,,1.34,,1.78,0.0,0.0,0.0,0.0,0,0
M. Bellich,Marco Bellich,495134,Juve Stabia,Juve Stabia,https://cdn5.wyscout.com/photos/team/public/228_120x120.png,Serie B,LCB,LCB,100,,0,,0,27,1999-05-05,325000,2029-06-30,2,202,1,0.33,0,0.0,6.68,80.0,Italy,['Italy'],right,188,80,False,4.01,0.89,50.0,4.9,90.91,0.0,0.0,0.89,3.56,5.22,0.0,0,0.0,0,0.0,0.45,0.45,1,0.45,0.15,1,0.45,2,0.89,50.0,50.0,0.0,0.0,0.0,0.0,0.0,0.0,0.0,0.0,0.0,0.0,0.45,0.0,1.34,1.78,0.0,68.17,0.0,0.0,79.31,89.33,19.16,67.44,2.67,100.0,74.41,92.22,4.9,45.45,19.59,41.28,0.0,0.0,0.0,0.0,0.0,0.0,0.0,6.68,60.0,0.0,0.0,0.0,0.0,0.0,0.0,8.91,55.0,96.36,49.01,0,,0,,0,0.0,0.0,0.0,,,1.78,,4.9,0.0,0.0,0.0,0.0,0,0
S. Tronchin,Simone Tronchin,-156109,Südtirol,Südtirol,https://cdn5.wyscout.com/photos/team/public/2754_120x120.png,Serie B,"LCMF, DMF",LCMF,70,DMF,25,,0,23,2002-10-17,150000,2028-06-30,2,202,0,0.04,0,0.0,11.58,42.31,Italy,['Italy'],right,185,73,False,8.02,3.56,62.5,1.78,50.0,0.0,0.0,0.45,5.79,7.96,1.78,0,0.0,0,0.0,0.0,0.0,0,0.0,0.02,0,0.0,2,0.89,0.0,0.0,0.0,0.0,0.0,0.0,0.0,0.0,0.0,0.0,0.45,0.0,4.46,30.0,0.0,0.45,0.0,29.41,0.0,1.34,44.11,82.83,10.25,60.87,12.48,100.0,40.99,86.96,3.12,28.57,13.81,33.47,0.0,0.0,0.0,0.0,0.0,0.0,0.0,2.23,60.0,1.78,25.0,0.0,0.0,0.0,0.0,3.56,25.0,73.68,8.47,0,,0,,0,0.0,0.0,0.0,,,0.89,,1.78,0.0,0.0,0.0,0.0,0,0
A. Giorgini,Andrea Giorgini,-134269,Südtirol,Südtirol,https://cdn5.wyscout.com/photos/team/public/2754_120x120.png,Serie B,CB,CB,100,,0,,0,24,2002-04-22,800000,2030-06-30,2,202,0,0.0,0,0.0,4.9,72.73,Italy,['Italy'],left,190,82,False,5.79,0.89,100.0,3.56,62.5,0.0,0.0,1.34,4.9,6.73,0.0,0,0.0,0,0.0,0.0,0.0,0,0.0,0.0,0,0.0,0,0.0,0.0,0.0,0.0,0.0,0.0,0.0,0.0,0.0,0.0,0.0,0.0,0.0,0.45,100.0,0.0,0.0,0.45,46.78,0.89,0.45,63.71,92.31,18.71,76.19,2.23,100.0,59.26,96.24,4.46,40.0,18.92,41.21,0.0,0.0,0.0,0.0,0.0,0.0,0.0,3.56,50.0,0.0,0.0,0.0,0.0,0.0,0.0,3.56,75.0,98.75,35.64,0,,0,,0,0.0,0.0,0.0,,,1.34,,3.56,0.0,0.0,0.0,0.0,0,0
R. Stivanello,Riccardo Stivanello,-133441,Südtirol,Südtirol,https://cdn5.wyscout.com/photos/team/public/2754_120x120.png,Serie B,RCB3,RCB3,100,,0,,0,22,2004-04-24,200000,2029-06-30,2,202,0,0.0,0,0.0,7.13,43.75,Italy,['Italy'],right,188,76,True,6.68,2.23,40.0,2.67,33.33,0.45,0.61,1.78,5.35,7.35,1.34,0,0.0,0,0.0,0.45,0.0,0,0.0,0.0,0,0.0,0,0.0,0.0,0.0,0.0,0.0,0.0,0.0,0.0,0.0,0.0,0.0,0.45,100.0,2.23,60.0,0.0,0.45,0.0,34.75,0.45,1.34,41.88,89.36,14.7,81.82,4.46,90.0,38.76,90.8,3.12,71.43,16.5,46.18,0.0,0.0,0.45,0.0,0.0,0.0,0.0,2.67,83.33,0.45,100.0,0.0,0.0,0.0,0.0,5.79,61.54,93.55,13.81,0,,0,,0,0.0,0.0,0.0,,,1.34,,2.67,0.0,0.0,0.0,0.0,0,0
S. Molina,Salvatore Andrea Molina,196066,Südtirol,Südtirol,https://cdn5.wyscout.com/photos/team/public/2754_120x120.png,Serie B,RWB,RWB,100,,0,,0,34,1992-01-01,400000,,2,202,0,0.04,0,0.08,10.69,50.0,Italy,['Italy'],right,177,74,False,6.68,4.01,44.44,1.78,25.0,0.0,0.0,0.0,4.9,6.73,0.45,0,0.0,0,0.0,1.78,0.0,0,0.0,0.02,0,0.0,1,0.45,0.0,0.0,0.0,1.34,33.33,0.0,0.0,1.34,33.33,0.0,1.78,75.0,4.01,55.56,1.34,0.45,0.0,23.17,1.34,1.34,27.62,87.1,7.13,68.75,5.79,100.0,24.5,90.91,1.78,75.0,17.8,19.02,0.04,0.45,0.0,0.0,0.0,0.0,0.45,0.89,100.0,1.34,33.33,0.0,0.0,0.45,0.45,3.56,50.0,86.96,10.25,0,,0,,0,0.0,0.0,0.0,,,1.34,,1.78,0.0,0.0,0.0,0.0,0,0
A. Plizzari,Alessandro Plizzari,440084,Südtirol,Südtirol,https://cdn5.wyscout.com/photos/team/public/2754_120x120.png,Serie B,GK,GK,100,,0,,0,26,2000-03-12,400000,2029-06-30,2,202,0,0.0,0,0.0,0.0,0.0,Italy,['Italy'],right,187,73,False,0.0,0.0,0.0,0.0,0.0,0.0,0.0,0.0,0.0,0.0,0.0,0,0.0,0,0.0,0.0,0.0,0,0.0,0.0,0,0.0,0,0.0,0.0,0.0,0.0,0.0,0.0,0.0,0.0,0.0,0.0,0.0,0.0,0.0,0.0,0.0,0.0,0.0,0.0,24.5,0.0,0.0,34.75,85.9,19.6,79.55,0.45,100.0,22.72,98.04,12.03,62.96,29.52,49.73,0.0,0.0,0.0,0.0,0.0,0.0,0.0,2.23,60.0,0.0,0.0,0.0,0.0,0.0,0.0,11.14,68.0,93.33,13.37,1,0.45,8,3.56,1,87.5,1.65,0.74,0.65,0.29,0.0,3.56,0.0,,,,0.0,0,0
A. Nunziante,Alessandro Nunziante,-292660,Arezzo,Arezzo,https://cdn5.wyscout.com/photos/team/public/221_120x120.png,Serie B,GK,GK,100,,0,,0,19,2007-03-14,0,2030-06-30,2,201,0,0.0,0,0.0,0.45,100.0,Italy,['Italy'],right,194,83,True,0.0,0.0,0.0,0.0,0.0,0.0,0.0,0.0,0.0,0.0,0.0,0,0.0,0,0.0,0.0,0.0,0,0.0,0.0,0,0.0,0,0.0,0.0,0.0,0.0,0.0,0.0,0.0,0.0,0.0,0.0,0.0,0.0,0.0,0.45,100.0,0.0,0.0,0.0,10.3,0.9,0.45,20.15,80.0,16.57,75.68,0.9,100.0,9.4,90.48,10.75,70.83,32.04,49.49,0.0,0.0,0.0,0.0,0.0,0.0,0.0,1.34,100.0,0.0,0.0,0.0,0.0,0.0,0.0,11.19,68.0,100.0,2.69,4,1.79,9,4.03,0,55.56,2.91,1.3,-1.09,-0.488,0.0,3.58,0.0,,,,0.0,0,0
A. Renzi,Alessandro Renzi,-139892,Arezzo,Arezzo,https://cdn5.wyscout.com/photos/team/public/221_120x120.png,Serie B,RB,RB,100,,0,,0,22,2004-01-27,100000,2028-06-30,2,201,0,0.04,0,0.07,16.12,52.78,Italy,['Italy'],right,0,0,False,12.09,10.3,69.57,2.24,0.0,0.0,0.0,0.45,4.93,5.69,2.24,0,0.0,0,0.0,0.0,0.0,0,0.0,0.02,0,0.0,1,0.45,0.0,0.0,0.0,0.9,0.0,0.0,0.0,0.9,0.0,0.45,0.45,0.0,2.24,20.0,1.34,0.0,0.0,14.33,0.45,0.9,21.04,70.21,9.85,54.55,2.24,80.0,17.91,82.5,2.24,0.0,18.38,48.69,0.03,0.45,0.0,0.0,0.0,0.0,0.45,3.13,57.14,0.9,0.0,0.0,0.0,0.45,0.0,3.58,25.0,77.78,4.03,0,,0,,0,0.0,0.0,0.0,,,1.34,,2.24,0.0,0.0,0.0,0.0,0,0
S. Righetti,Samuele Righetti,-66493,Arezzo,Arezzo,https://cdn5.wyscout.com/photos/team/public/221_120x120.png,Serie B,LB,LB,100,,0,,0,24,2001-10-10,225000,2028-06-30,2,201,0,0.03,1,0.11,12.54,53.57,Italy,['Italy'],left,182,69,False,8.06,6.27,57.14,1.79,50.0,0.0,0.0,0.45,4.48,5.17,0.9,0,0.0,0,0.0,2.69,0.0,0,0.0,0.01,0,0.0,3,1.34,33.33,0.0,0.45,4.93,18.18,4.93,18.18,0.0,0.0,0.9,1.79,75.0,4.03,44.44,0.9,0.45,0.0,34.93,2.24,0.45,42.09,72.34,17.01,65.79,4.03,100.0,32.24,81.94,4.93,63.64,23.55,45.71,0.05,0.45,0.0,0.0,0.0,0.0,0.45,8.51,68.42,4.93,36.36,0.0,0.0,0.9,1.34,10.3,78.26,73.33,13.43,0,,0,,0,0.0,0.0,0.0,,,0.45,,1.79,0.0,0.0,0.0,2.24,0,0
M. Gilli,Matteo Gilli,-24738,Arezzo,Arezzo,https://cdn5.wyscout.com/photos/team/public/221_120x120.png,Serie B,RCB,RCB,100,,0,,0,29,1997-03-03,225000,2029-06-30,2,201,0,0.0,0,0.0,9.4,47.62,Italy,['Italy'],right,185,80,False,7.61,2.24,40.0,4.03,55.56,0.0,0.0,1.34,6.72,7.76,1.34,0,0.0,0,0.0,0.0,0.0,0,0.0,0.0,0,0.0,1,0.45,0.0,0.0,0.0,0.0,0.0,0.0,0.0,0.0,0.0,0.0,0.0,0.0,1.79,50.0,0.45,0.45,0.45,25.07,0.0,1.34,38.51,87.21,17.46,84.62,3.58,100.0,31.79,90.14,6.72,73.33,21.96,42.19,0.0,0.0,0.0,0.0,0.0,0.0,0.0,6.27,64.29,0.9,0.0,0.0,0.0,0.0,0.0,6.27,78.57,85.71,15.67,0,,0,,0,0.0,0.0,0.0,,,1.34,,4.03,0.0,0.0,0.0,0.0,0,0
A. Ioniţă,Artur Ioniţă,38859,Arezzo,Arezzo,https://cdn5.wyscout.com/photos/team/public/221_120x120.png,Serie B,"AMF, LCMF3",AMF,50,LCMF3,49,,0,36,1990-08-17,400000,2027-06-30,2,201,1,0.11,0,0.0,6.72,40.0,Moldova,"['Moldova', 'Romania']",right,184,73,False,3.13,3.58,62.5,1.79,25.0,0.0,0.0,0.0,0.9,1.03,0.9,1,0.45,0,0.0,0.9,0.45,1,0.45,0.05,1,0.45,1,0.45,100.0,100.0,0.0,1.79,25.0,1.79,25.0,0.0,0.0,0.0,0.45,0.0,0.9,0.0,0.9,0.0,0.0,20.15,2.69,0.0,24.18,77.78,7.16,81.25,4.48,100.0,20.6,82.61,2.24,60.0,17.07,56.6,0.0,0.0,0.0,0.0,0.45,0.0,0.0,5.82,92.31,1.34,33.33,0.45,0.0,0.45,0.45,4.48,60.0,60.0,6.72,0,,0,,0,0.0,0.0,0.0,,,0.0,,1.79,0.0,0.0,0.0,0.0,0,0
J. Illanes,Julián Illanes Minucci,351873,Arezzo,Arezzo,https://cdn5.wyscout.com/photos/team/public/221_120x120.png,Serie B,LCB,LCB,100,,0,,0,29,1997-03-10,300000,2027-06-30,2,201,0,0.0,0,0.0,10.75,50.0,Argentina,"['Argentina', 'Italy']",right,188,81,False,5.82,4.48,30.0,3.58,62.5,0.0,0.0,0.45,4.48,5.17,0.45,0,0.0,0,0.0,0.0,0.0,0,0.0,0.0,0,0.0,0,0.0,0.0,0.0,0.0,0.0,0.0,0.0,0.0,0.0,0.0,0.0,0.0,0.0,1.79,50.0,0.45,0.0,0.0,25.52,0.0,1.34,36.72,87.8,10.75,66.67,4.03,88.89,34.48,90.91,2.24,40.0,20.17,45.21,0.0,0.0,0.0,0.0,0.0,0.0,0.0,4.03,55.56,0.0,0.0,0.0,0.0,0.0,0.0,3.13,28.57,97.83,20.6,0,,0,,0,0.0,0.0,0.0,,,1.79,,3.58,0.0,0.0,0.0,0.0,0,0
M. Viti,Mattia Viti,-145001,Sampdoria,Sampdoria,https://cdn5.wyscout.com/photos/team/public/88_120x120.png,Serie B,LCB,LCB,97,,0,,0,24,2002-01-24,5000000,2030-06-30,2,200,0,0.0,0,0.0,9.45,66.67,Italy,['Italy'],left,190,83,False,5.85,2.7,50.0,3.6,75.0,0.45,0.61,0.45,4.05,5.51,0.0,0,0.0,0,0.0,0.0,0.0,0,0.0,0.0,0,0.0,0,0.0,0.0,0.0,0.0,0.0,0.0,0.0,0.0,0.0,0.0,0.0,0.0,0.0,1.35,100.0,0.0,0.45,0.0,30.15,0.45,1.8,50.85,84.96,15.75,62.86,2.25,100.0,46.35,88.35,4.5,50.0,20.88,41.63,0.0,0.0,0.0,0.0,0.0,0.0,0.0,6.3,85.71,0.0,0.0,0.0,0.0,0.0,0.0,7.65,52.94,93.55,27.9,0,,0,,0,0.0,0.0,0.0,,,0.9,,3.6,0.0,0.0,0.0,0.0,0,0
L. Henderson,Liam Henderson,265494,Sampdoria,Sampdoria,https://cdn5.wyscout.com/photos/team/public/88_120x120.png,Serie B,"RCMF3, LCMF, LCMF3",RCMF3,48,LCMF,30,LCMF3,18,30,1996-04-25,1400000,2027-06-30,2,200,1,0.58,0,0.04,9.0,45.0,Scotland,['Scotland'],right,183,78,False,4.05,4.05,44.44,2.25,60.0,0.0,0.0,0.45,2.25,3.06,1.8,0,0.0,0,0.0,2.7,0.45,1,0.45,0.26,1,0.45,7,3.15,71.43,14.286,0.0,2.7,16.67,0.9,0.0,1.8,25.0,0.45,0.0,0.0,2.25,40.0,4.5,0.9,0.0,30.6,0.45,0.9,39.15,75.86,10.8,75.0,4.5,90.0,33.75,81.33,2.7,66.67,17.57,42.46,0.02,0.9,0.0,0.0,0.0,0.0,0.0,6.75,66.67,3.15,28.57,0.0,0.0,0.9,0.9,4.05,77.78,80.0,13.5,0,,0,,0,0.0,0.0,0.0,,,0.0,,2.25,0.0,0.0,0.0,0.0,0,0
S. Gartenmann,Stefan Gartenmann,316056,Sampdoria,Sampdoria,https://cdn5.wyscout.com/photos/team/public/88_120x120.png,Serie B,RCB,RCB,100,,0,,0,29,1997-02-02,700000,2028-06-30,2,200,0,0.16,0,0.0,8.55,57.89,Denmark,['Denmark'],right,185,75,False,6.3,4.05,44.44,2.7,83.33,0.45,0.61,0.45,4.05,5.51,1.8,0,0.0,0,0.0,0.0,0.0,0,0.0,0.07,0,0.0,2,0.9,0.0,0.0,0.0,0.45,0.0,0.0,0.0,0.45,0.0,0.0,0.0,0.0,1.35,33.33,0.9,0.0,0.0,34.65,0.0,2.25,53.1,90.68,20.7,80.43,2.7,100.0,48.6,95.37,4.05,44.44,20.85,42.88,0.0,0.0,0.0,0.0,0.0,0.0,0.0,6.75,80.0,0.9,0.0,0.0,0.0,0.0,0.0,7.65,76.47,98.15,24.3,0,,0,,0,0.0,0.0,0.0,,,1.35,,2.7,0.0,0.0,0.0,0.0,0,0
M. Cicconi,Manuel Cicconi,413312,Sampdoria,Sampdoria,https://cdn5.wyscout.com/photos/team/public/88_120x120.png,Serie B,LB,LB,100,,0,,0,29,1997-06-27,500000,2029-06-30,2,200,0,0.01,0,0.09,6.75,33.33,Italy,['Italy'],left,182,78,False,4.5,3.6,25.0,0.9,100.0,0.0,0.0,0.0,3.6,4.9,1.35,2,0.9,0,0.0,1.35,0.0,0,0.0,0.0,0,0.0,1,0.45,100.0,0.0,0.0,4.05,11.11,4.05,11.11,0.0,0.0,0.9,0.45,100.0,1.8,25.0,1.8,0.0,0.45,28.8,2.25,0.0,37.8,70.24,16.2,72.22,6.75,86.67,31.05,81.16,2.7,33.33,18.74,40.53,0.04,0.45,0.0,0.0,0.0,0.0,0.45,5.4,66.67,3.15,14.29,0.0,0.0,0.45,0.45,6.75,66.67,63.64,9.9,0,,0,,0,0.0,0.0,0.0,,,0.45,,0.9,0.0,0.0,0.0,0.0,0,0
P. Vindahl,Peter Vindahl Jensen,419636,Sampdoria,Sampdoria,https://cdn5.wyscout.com/photos/team/public/88_120x120.png,Serie B,GK,GK,100,,0,,0,28,1998-02-16,0,2027-06-30,2,200,0,0.0,0,0.0,0.0,0.0,Denmark,['Denmark'],right,196,87,True,0.0,0.0,0.0,0.0,0.0,0.0,0.0,0.0,0.0,0.0,0.0,0,0.0,0,0.0,0.0,0.0,0,0.0,0.0,0,0.0,0,0.0,0.0,0.0,0.0,0.0,0.0,0.0,0.0,0.0,0.0,0.0,0.0,0.0,0.0,0.0,0.0,0.0,0.0,18.9,0.45,0.0,27.9,83.87,13.95,67.74,0.0,0.0,20.7,95.65,7.2,50.0,28.08,44.18,0.0,0.0,0.0,0.0,0.0,0.0,0.0,2.25,20.0,0.0,0.0,0.0,0.0,0.0,0.0,5.85,76.92,100.0,12.6,3,1.35,7,3.15,0,57.14,2.64,1.19,-0.36,-0.162,0.0,0.9,0.0,,,,0.0,0,0
A. Di Pardo,Alessandro Di Pardo,506108,Sampdoria,Sampdoria,https://cdn5.wyscout.com/photos/team/public/88_120x120.png,Serie B,RB,RB,100,,0,,0,27,1999-07-18,900000,2029-06-30,2,200,0,0.24,0,0.06,8.1,66.67,Italy,['Italy'],right,182,75,False,4.95,4.05,77.78,0.9,50.0,0.0,0.0,0.0,1.8,2.45,0.0,0,0.0,0,0.0,1.8,0.0,0,0.0,0.11,0,0.0,2,0.9,0.0,0.0,0.0,4.95,18.18,0.0,0.0,4.95,18.18,0.9,0.9,100.0,3.15,57.14,2.7,0.9,0.45,36.0,2.7,0.45,42.75,74.74,15.75,85.71,8.55,94.74,34.65,85.71,3.6,50.0,17.41,46.82,0.03,0.45,0.0,0.0,0.0,0.0,0.45,5.85,76.92,6.75,26.67,0.45,0.0,0.45,0.45,4.95,72.73,52.0,11.25,0,,0,,0,0.0,0.0,0.0,,,0.0,,0.9,0.0,0.0,0.0,0.0,0,0
M. Egan,Matteo Egan,-259620,Empoli U20,Empoli,https://cdn5.wyscout.com/photos/team/public/g-21959_120x120.png,Campionato Primavera 1,"RWB, RB",RWB,69,RB,30,,0,18,2007-11-19,0,,2,199,0,0.21,1,0.18,7.24,25.0,Republic of Ireland,['Republic of Ireland'],,0,0,False,4.07,4.52,10.0,1.3599999999999999,33.33,0.0,0.0,0.0,3.62,4.0,0.45,0,0.0,0,0.0,1.3599999999999999,0.0,0,0.0,0.1,0,0.0,3,1.3599999999999999,33.33,0.0,0.45,0.9,50.0,0.0,0.0,0.9,50.0,0.0,0.9,50.0,1.3599999999999999,66.67,1.81,0.45,0.0,17.64,1.3599999999999999,0.45,21.71,64.58,10.4,56.52,3.62,87.5,17.19,76.32,3.62,12.5,19.34,44.02,0.08,0.45,0.0,0.0,0.45,0.0,0.45,2.71,33.33,1.81,50.0,0.9,0.0,0.45,0.45,4.97,45.45,55.56,4.07,0,,0,,0,0.0,0.0,0.0,,,0.45,,1.3599999999999999,0.0,0.0,0.0,0.0,0,0
J. Seghetti,Jacopo Seghetti,-146521,Empoli,Empoli,https://cdn5.wyscout.com/photos/team/public/77_120x120.png,Serie B,GK,GK,100,,0,,0,21,2005-02-17,0,,2,199,0,0.0,0,0.0,0.0,0.0,Italy,['Italy'],right,189,77,False,0.45,0.0,0.0,0.0,0.0,0.0,0.0,0.0,0.45,0.5,0.0,0,0.0,0,0.0,0.0,0.0,0,0.0,0.0,0,0.0,0,0.0,0.0,0.0,0.0,0.0,0.0,0.0,0.0,0.0,0.0,0.0,0.0,0.0,0.0,0.0,0.0,0.0,0.0,24.42,0.0,0.0,38.44,77.65,19.9,56.82,0.0,0.0,24.87,98.18,13.57,40.0,30.18,53.52,0.0,0.0,0.0,0.0,0.0,0.0,0.0,4.52,20.0,1.3599999999999999,0.0,0.0,0.0,0.0,0.0,8.59,57.89,100.0,14.02,3,1.3599999999999999,11,4.97,1,72.73,3.07,1.3900000000000001,0.07,0.032,0.0,1.3599999999999999,0.0,,,,0.0,0,0
C. Cauz,Cristian Cauz,409782,Empoli,Empoli,https://cdn5.wyscout.com/photos/team/public/77_120x120.png,Serie B,"LCB3, LCB, LWB",LCB3,58,LCB,30,LWB,10,30,1996-08-15,350000,,2,199,0,0.0,1,0.45,10.85,66.67,Italy,['Italy'],left,188,80,False,5.88,6.33,50.0,1.3599999999999999,66.67,0.0,0.0,0.0,2.71,3.0,1.81,0,0.0,0,0.0,0.9,0.0,0,0.0,0.0,0,0.0,0,0.0,0.0,0.0,0.45,0.9,0.0,0.9,0.0,0.0,0.0,0.0,0.9,100.0,1.3599999999999999,100.0,0.45,0.0,0.0,27.59,0.0,0.45,40.7,87.78,20.35,86.67,4.07,100.0,35.73,93.67,4.07,55.56,19.8,45.96,0.2,0.45,0.0,0.0,0.0,0.0,0.45,3.17,57.14,0.9,0.0,0.45,100.0,0.45,0.0,6.78,73.33,84.21,8.59,0,,0,,0,0.0,0.0,0.0,,,2.26,,1.3599999999999999,0.0,0.0,0.0,0.0,0,0
M. Curto,Marco Curto,458652,Empoli,Empoli,https://cdn5.wyscout.com/photos/team/public/77_120x120.png,Serie B,"CB, RCB, LCB3",CB,58,RCB,30,LCB3,10,27,1999-01-05,1800000,2028-06-30,2,199,0,0.0,0,0.0,10.4,60.87,Italy,['Italy'],right,191,80,False,10.4,3.62,87.5,2.26,60.0,0.0,0.0,0.45,7.24,8.0,1.3599999999999999,1,0.45,0,0.0,0.0,0.0,0,0.0,0.0,0,0.0,0,0.0,0.0,0.0,0.0,0.45,0.0,0.45,0.0,0.0,0.0,0.0,0.0,0.0,2.26,60.0,0.0,0.0,0.0,23.52,0.0,1.81,37.54,83.13,14.47,68.75,4.07,100.0,33.92,88.0,3.17,42.86,18.25,38.46,0.0,0.0,0.0,0.0,0.0,0.0,0.0,2.71,83.33,0.45,0.0,0.0,0.0,0.0,0.0,7.24,56.25,90.0,13.57,0,,0,,0,0.0,0.0,0.0,,,3.17,,2.26,0.0,0.0,0.0,0.0,0,0
L. Magnino,Luca Magnino,471475,Empoli,Empoli,https://cdn5.wyscout.com/photos/team/public/77_120x120.png,Serie B,"RCB3, DMF",RCB3,69,DMF,30,,0,29,1997-08-13,1000000,2028-06-30,2,199,0,0.1,0,0.0,8.14,55.56,Italy,['Italy'],right,185,78,False,6.33,4.07,66.67,0.9,0.0,0.0,0.0,0.0,3.62,4.0,0.45,1,0.45,0,0.0,0.0,0.0,0,0.0,0.05,0,0.0,1,0.45,0.0,0.0,0.0,0.0,0.0,0.0,0.0,0.0,0.0,0.0,0.0,0.0,0.9,0.0,0.0,0.0,0.0,18.09,0.0,0.45,28.04,83.87,6.33,71.43,3.62,100.0,25.78,87.72,2.26,40.0,19.23,38.82,0.0,0.0,0.0,0.0,0.0,0.0,0.0,0.9,50.0,0.45,0.0,0.0,0.0,0.0,0.0,3.17,57.14,85.71,15.83,0,,0,,0,0.0,0.0,0.0,,,0.9,,0.9,0.0,0.0,0.0,0.0,0,0
M. Bani,Mattia Bani,250403,Palermo,Palermo,https://cdn5.wyscout.com/photos/team/public/85_120x120.png,Serie B,RCB,RCB,100,,0,,0,32,1993-12-10,2500000,2028-06-30,2,199,0,0.0,0,0.0,11.31,60.0,Italy,['Italy'],right,188,81,False,8.59,4.52,60.0,3.62,62.5,0.0,0.0,1.3599999999999999,5.88,8.13,1.3599999999999999,0,0.0,0,0.0,0.0,0.0,0,0.0,0.0,0,0.0,0,0.0,0.0,0.0,0.0,0.0,0.0,0.0,0.0,0.0,0.0,0.0,0.0,0.0,0.9,50.0,0.45,0.0,0.0,33.02,0.45,0.9,47.04,94.23,20.35,88.89,4.07,88.89,45.23,96.0,1.81,50.0,19.24,59.12,0.0,0.0,0.45,0.0,0.0,0.0,0.0,4.07,88.89,0.0,0.0,0.0,0.0,0.45,0.0,4.52,70.0,97.87,21.26,0,,0,,0,0.0,0.0,0.0,,,1.81,,3.62,0.0,0.0,0.0,0.0,0,0
T. Augello,Tommaso Augello,256802,Palermo,Palermo,https://cdn5.wyscout.com/photos/team/public/85_120x120.png,Serie B,LB,LB,100,,0,,0,32,1994-08-30,2000000,2027-06-30,2,199,1,0.03,0,0.49,8.59,47.37,Italy,['Italy'],left,180,70,False,6.33,4.52,30.0,2.26,80.0,0.0,0.0,0.0,4.97,6.88,0.9,1,0.45,0,0.0,2.71,0.45,1,0.45,0.01,0,0.0,1,0.45,100.0,100.0,0.0,4.52,40.0,4.52,40.0,0.0,0.0,0.45,0.45,100.0,1.81,50.0,1.3599999999999999,2.26,1.3599999999999999,37.54,0.9,0.0,47.94,81.13,17.64,79.49,10.85,100.0,42.06,86.02,1.3599999999999999,66.67,16.09,36.63,0.22,1.3599999999999999,0.0,0.9,0.0,0.0,0.9,3.62,62.5,4.07,33.33,0.0,0.0,0.0,1.81,7.69,76.47,78.57,12.66,0,,0,,0,0.0,0.0,0.0,,,0.9,,2.26,0.9,0.0,0.0,0.45,0,0
P. Ceccaroni,Pietro Ceccaroni,329127,Palermo,Palermo,https://cdn5.wyscout.com/photos/team/public/85_120x120.png,Serie B,LCB,LCB,100,,0,,0,30,1995-12-21,1600000,2027-06-30,2,199,0,0.0,0,0.0,6.33,64.29,Italy,['Italy'],left,188,76,False,4.97,2.26,60.0,2.71,83.33,0.0,0.0,0.45,3.62,5.0,0.0,0,0.0,0,0.0,0.45,0.0,0,0.0,0.0,0,0.0,0,0.0,0.0,0.0,0.0,0.45,100.0,0.45,100.0,0.0,0.0,0.0,0.0,0.0,0.9,0.0,0.45,2.71,0.0,37.99,0.9,0.45,50.2,91.89,23.07,86.27,8.14,100.0,45.23,96.0,4.97,54.55,18.52,38.42,0.0,0.0,0.0,0.0,0.0,0.0,0.0,5.43,83.33,0.45,0.0,0.0,0.0,0.0,0.0,5.88,69.23,94.87,17.64,0,,0,,0,0.0,0.0,0.0,,,4.07,,2.71,0.0,0.0,0.0,0.0,0,0
J. Segre,Jacopo Segre,423450,Palermo,Palermo,https://cdn5.wyscout.com/photos/team/public/85_120x120.png,Serie B,"LCMF3, RCMF3",LCMF3,59,RCMF3,40,,0,29,1997-02-17,2700000,2027-06-30,2,199,0,0.35000000000000003,0,0.0,8.14,44.44,Italy,['Italy'],right,185,75,False,1.3599999999999999,1.81,25.0,1.3599999999999999,0.0,0.0,0.0,0.45,0.9,1.25,1.3599999999999999,1,0.45,0,0.0,0.9,0.0,0,0.0,0.16,0,0.0,2,0.9,0.0,0.0,0.0,0.45,0.0,0.0,0.0,0.45,0.0,0.0,0.9,100.0,3.62,62.5,1.3599999999999999,1.3599999999999999,0.45,21.71,0.9,0.9,24.87,78.18,5.43,58.33,7.69,82.35,23.97,81.13,0.45,0.0,13.93,7.43,0.0,0.0,0.0,0.0,0.0,0.0,0.0,1.3599999999999999,66.67,0.45,0.0,0.0,0.0,0.0,0.0,0.9,50.0,93.33,6.78,0,,0,,0,0.0,0.0,0.0,,,0.0,,1.3599999999999999,0.0,0.0,0.0,0.0,0,0
M. Alborghetti,Mattia Alborghetti,-41014,Virtus Entella,Virtus Entella,https://cdn5.wyscout.com/photos/team/public/1370_120x120.png,Serie B,"LCB3, RCB3",LCB3,83,RCB3,16,,0,27,1998-10-01,75000,,2,198,0,0.02,0,0.0,18.18,60.0,Italy,['Italy'],right,184,78,False,7.27,8.64,52.63,5.91,76.92,0.0,0.0,0.0,2.73,3.91,2.27,0,0.0,0,0.0,0.45,0.0,0,0.0,0.01,0,0.0,1,0.45,100.0,0.0,0.0,0.45,0.0,0.45,0.0,0.0,0.0,0.0,0.0,0.0,1.3599999999999999,66.67,0.45,0.91,0.0,34.55,0.91,0.91,49.09,90.74,15.45,85.29,4.55,100.0,46.82,94.17,1.82,25.0,18.3,32.21,0.0,0.0,0.0,0.0,0.0,0.0,0.0,6.82,86.67,0.45,0.0,0.0,0.0,0.0,0.0,5.91,69.23,93.75,21.82,0,,0,,0,0.0,0.0,0.0,,,2.73,,5.91,0.0,0.0,0.0,0.0,0,0
A. Tiritiello,Andrea Tiritiello,327690,Virtus Entella,Virtus Entella,https://cdn5.wyscout.com/photos/team/public/1370_120x120.png,Serie B,CB,CB,100,,0,,0,31,1995-03-28,300000,2027-06-30,2,198,1,0.38,0,0.0,11.82,73.08,Italy,['Italy'],right,186,88,False,5.45,3.18,42.86,5.0,90.91,0.0,0.0,0.91,4.09,5.87,0.91,0,0.0,0,0.0,1.82,0.45,1,0.45,0.17,0,0.0,5,2.27,40.0,20.0,0.0,0.45,0.0,0.0,0.0,0.45,0.0,0.0,1.3599999999999999,66.67,2.27,60.0,2.73,0.45,0.0,38.64,0.45,1.82,55.45,84.43,22.27,73.47,1.82,100.0,45.45,95.0,9.55,38.1,23.21,43.02,0.0,0.0,0.0,0.0,0.0,0.0,0.0,12.27,59.26,2.27,0.0,0.0,0.0,0.0,0.0,7.27,75.0,94.92,26.82,0,,0,,0,0.0,0.0,0.0,,,0.91,,5.0,0.0,0.0,0.0,0.0,0,0
F. Del Frate,Federico Del Frate,451477,Virtus Entella,Virtus Entella,https://cdn5.wyscout.com/photos/team/public/1370_120x120.png,Serie B,GK,GK,100,,0,,0,30,1995-12-21,175000,2028-06-30,2,198,0,0.0,0,0.0,0.0,0.0,Italy,['Italy'],left,192,88,False,0.0,0.0,0.0,0.0,0.0,0.0,0.0,0.0,0.0,0.0,0.0,0,0.0,0,0.0,0.0,0.0,0,0.0,0.0,0,0.0,0,0.0,0.0,0.0,0.0,0.0,0.0,0.0,0.0,0.0,0.0,0.0,0.0,0.0,0.0,0.0,0.0,0.0,0.0,13.64,0.0,0.0,21.82,87.5,11.36,80.0,0.0,0.0,15.45,97.06,6.36,64.29,26.66,46.3,0.0,0.0,0.0,0.0,0.0,0.0,0.0,1.82,50.0,0.0,0.0,0.0,0.0,0.0,0.0,4.55,70.0,94.74,8.64,3,1.3599999999999999,5,2.27,0,40.0,1.77,0.8,-1.23,-0.559,0.0,0.0,0.0,,,,0.0,0,0
Fahem Benaïssa,Fahem Benssouna Ali Benaïssa-Yahia,-178155,Mantova,Mantova,https://cdn5.wyscout.com/photos/team/public/181_120x120.png,Serie B,LWB,LWB,100,,0,,0,24,2002-04-29,300000,2030-06-30,2,197,1,0.46,0,0.33,8.22,38.89,France,"['France', 'Algeria']",left,188,82,False,7.31,4.11,33.33,1.37,66.67,0.0,0.0,0.0,5.94,7.96,2.74,0,0.0,0,0.0,1.37,0.46,1,0.46,0.21,0,0.0,3,1.37,33.33,33.333,0.0,1.37,33.33,1.37,33.33,0.0,0.0,0.0,0.46,0.0,2.2800000000000002,20.0,1.83,1.83,0.46,25.58,1.37,0.46,33.81,81.08,12.34,70.37,6.4,92.86,30.15,87.88,2.74,16.67,17.63,38.05,0.15,0.91,0.0,0.0,0.46,100.0,0.91,3.65,62.5,1.83,75.0,0.46,100.0,0.46,0.46,7.31,81.25,94.44,8.22,0,,0,,0,0.0,0.0,0.0,,,0.46,,1.37,0.46,0.0,0.0,0.0,0,0
A. Castellini,Alessio Castellini,-143013,Mantova,Mantova,https://cdn5.wyscout.com/photos/team/public/181_120x120.png,Serie B,LCB3,LCB3,100,,0,,0,23,2003-04-01,0,2028-06-30,2,197,0,0.7000000000000001,2,0.24,7.77,58.82,Italy,['Italy'],right,0,0,False,7.31,4.11,55.56,2.74,50.0,0.0,0.0,0.46,5.03,6.73,0.91,0,0.0,0,0.0,0.46,0.0,0,0.0,0.32,0,0.0,3,1.37,33.33,0.0,0.91,0.0,0.0,0.0,0.0,0.0,0.0,0.0,0.0,0.0,0.46,100.0,0.91,0.0,0.0,34.26,0.0,0.46,49.34,78.7,28.78,68.25,4.11,88.89,37.01,92.59,12.34,37.04,23.94,42.55,0.11,0.91,0.0,0.0,0.0,0.0,0.91,9.14,35.0,2.74,50.0,0.0,0.0,1.37,0.0,8.68,89.47,93.75,14.62,0,,0,,0,0.0,0.0,0.0,,,0.91,,2.74,0.46,0.46,100.0,0.0,0,0
S. Trimboli,Simone Trimboli,-63187,Mantova,Mantova,https://cdn5.wyscout.com/photos/team/public/181_120x120.png,Serie B,RCMF,RCMF,100,,0,,0,24,2002-04-19,600000,2027-06-30,2,197,0,0.0,0,0.61,17.36,57.89,Italy,['Italy'],right,176,76,False,6.4,6.4,50.0,2.74,50.0,0.0,0.0,0.0,3.2,4.29,2.2800000000000002,1,0.46,0,0.0,0.91,0.0,0,0.0,0.0,0,0.0,1,0.46,0.0,0.0,0.0,1.37,66.67,0.91,50.0,0.46,100.0,0.0,0.0,0.0,6.4,85.71,0.0,0.46,0.0,27.41,0.46,4.11,39.29,77.91,14.62,65.63,4.57,100.0,31.52,86.96,6.4,35.71,19.56,34.31,0.28,1.83,0.0,0.0,0.0,0.0,1.37,7.77,52.94,4.11,44.44,0.0,0.0,0.91,0.91,5.48,91.67,79.41,15.53,0,,0,,0,0.0,0.0,0.0,,,0.46,,2.74,2.2800000000000002,0.46,0.0,0.46,0,0
S. Cella,Stefano Cella,-62388,Mantova,Mantova,https://cdn5.wyscout.com/photos/team/public/181_120x120.png,Serie B,CB,CB,100,,0,,0,25,2001-04-19,300000,2029-06-30,2,197,0,0.0,1,0.0,9.59,66.67,Italy,['Italy'],right,185,80,False,10.96,4.11,66.67,4.57,70.0,0.0,0.0,0.46,8.22,11.02,0.91,0,0.0,0,0.0,0.0,0.0,0,0.0,0.0,0,0.0,0,0.0,0.0,0.0,0.46,0.0,0.0,0.0,0.0,0.0,0.0,0.0,0.0,0.0,0.0,0.0,0.91,0.0,0.0,21.93,0.46,0.46,33.35,93.15,8.22,77.78,1.37,100.0,31.07,97.06,2.2800000000000002,40.0,22.37,26.71,0.0,0.0,0.0,0.0,0.0,0.0,0.46,3.65,62.5,0.0,0.0,0.0,0.0,0.0,0.0,4.57,90.0,100.0,20.56,0,,0,,0,0.0,0.0,0.0,,,0.46,,4.57,0.0,0.0,0.0,0.0,0,0
F. Bardi,Francesco Bardi,90659,Mantova,Mantova,https://cdn5.wyscout.com/photos/team/public/181_120x120.png,Serie B,GK,GK,100,,0,,0,34,1992-01-18,300000,2027-06-30,2,197,0,0.0,0,0.0,0.46,100.0,Italy,['Italy'],right,188,80,False,0.0,0.0,0.0,0.46,100.0,0.0,0.0,0.0,0.0,0.0,0.0,1,0.46,0,0.0,0.0,0.0,0,0.0,0.0,0,0.0,0,0.0,0.0,0.0,0.0,0.0,0.0,0.0,0.0,0.0,0.0,0.0,0.0,0.0,0.0,0.0,0.0,0.0,0.0,18.27,0.0,0.46,22.39,87.76,10.96,79.17,0.0,0.0,16.9,100.0,5.03,54.55,28.9,47.62,0.0,0.0,0.0,0.0,0.0,0.0,0.0,2.2800000000000002,20.0,0.0,0.0,0.0,0.0,0.0,0.0,4.57,70.0,100.0,9.59,2,0.91,4,1.83,0,50.0,1.38,0.63,-0.62,-0.28300000000000003,0.0,1.37,0.46,,,,0.0,0,0
M. Bianchetti,Matteo Bianchetti,199387,Cremonese,Cremonese,https://cdn5.wyscout.com/photos/team/public/197_120x120.png,Serie B,"CB, RCB",CB,73,RCB,20,,0,33,1993-03-17,500000,2027-06-30,2,197,0,0.02,0,0.0,12.34,48.15,Italy,['Italy'],right,189,81,False,5.94,6.85,40.0,2.2800000000000002,60.0,0.0,0.0,0.0,3.2,5.0,2.2800000000000002,1,0.46,0,0.0,0.46,0.0,0,0.0,0.01,0,0.0,1,0.46,100.0,0.0,0.0,0.0,0.0,0.0,0.0,0.0,0.0,0.0,0.0,0.0,0.0,0.0,0.91,0.46,0.0,53.91,0.46,0.91,73.55,93.79,31.52,92.75,2.2800000000000002,100.0,68.98,94.04,4.57,90.0,19.52,41.91,0.0,0.0,0.0,0.0,0.0,0.0,0.0,10.51,82.61,0.0,0.0,0.0,0.0,0.0,0.0,8.22,83.33,97.33,34.26,0,,0,,0,0.0,0.0,0.0,,,1.83,,2.2800000000000002,0.0,0.0,0.0,0.0,0,0
J. Vandeputte,Jari Vandeputte,289778,Cremonese,Cremonese,https://cdn5.wyscout.com/photos/team/public/197_120x120.png,Serie B,"AMF, LCMF3, LWB",AMF,24,LCMF3,24,LWB,24,30,1996-02-14,3500000,2028-06-30,2,197,0,0.11,0,0.77,9.14,60.0,Belgium,['Belgium'],right,177,70,False,3.65,3.2,57.14,0.46,0.0,0.0,0.0,0.0,1.83,2.86,1.37,1,0.46,0,0.0,5.03,0.0,0,0.0,0.05,0,0.0,3,1.37,33.33,0.0,0.0,5.03,18.18,3.65,12.5,1.37,33.33,0.91,3.2,85.71,5.03,72.73,1.37,0.46,0.0,40.2,1.83,0.91,46.6,82.35,10.51,78.26,11.42,96.0,38.83,90.59,2.74,83.33,20.62,40.11,0.35000000000000003,2.74,0.0,0.0,0.91,100.0,1.37,5.48,83.33,6.4,28.57,0.91,100.0,1.37,1.83,8.22,83.33,75.61,18.73,0,,0,,0,0.0,0.0,0.0,,,0.0,,0.46,2.2800000000000002,0.91,50.0,4.11,0,0
F. Ruggeri,Fabio Ruggeri,-145052,Carrarese,Carrarese,https://cdn5.wyscout.com/photos/team/public/396_120x120.png,Serie B,RCB3,RCB3,93,,0,,0,21,2004-12-13,0,2028-06-30,2,196,0,0.02,0,0.0,14.69,53.13,Italy,['Italy'],right,0,0,False,12.4,5.97,61.54,5.51,58.33,0.46,0.5,1.8399999999999999,8.27,9.0,2.76,1,0.46,0,0.0,0.0,0.0,0,0.0,0.01,0,0.0,1,0.46,0.0,0.0,0.0,0.92,0.0,0.0,0.0,0.92,0.0,0.0,0.0,0.0,1.38,66.67,1.38,0.92,0.0,19.29,0.0,0.92,32.14,85.71,13.78,76.67,1.38,100.0,28.01,93.44,3.21,42.86,17.36,36.69,0.0,0.0,0.0,0.0,0.0,0.0,0.0,3.21,71.43,0.46,0.0,0.0,0.0,0.0,0.0,5.05,81.82,96.67,13.78,0,,0,,0,0.0,0.0,0.0,,,0.92,,5.51,0.0,0.0,0.0,0.0,0,0
G. Garofani,Giovanni Garofani,-114266,Carrarese,Carrarese,https://cdn5.wyscout.com/photos/team/public/396_120x120.png,Serie B,GK,GK,100,,0,,0,23,2002-10-20,100000,2027-06-30,2,196,0,0.0,0,0.0,0.0,0.0,Italy,['Italy'],right,188,82,False,0.46,0.0,0.0,0.0,0.0,0.0,0.0,0.0,0.46,0.5,0.0,0,0.0,0,0.0,0.0,0.0,0,0.0,0.0,0,0.0,0,0.0,0.0,0.0,0.0,0.0,0.0,0.0,0.0,0.0,0.0,0.0,0.0,0.0,0.0,0.0,0.0,0.0,0.0,9.64,0.0,0.0,13.32,75.86,6.43,50.0,0.0,0.0,7.35,100.0,5.97,46.15,33.1,47.0,0.0,0.0,0.0,0.0,0.0,0.0,0.0,0.92,50.0,0.0,0.0,0.0,0.0,0.0,0.0,4.59,50.0,100.0,5.97,3,1.38,10,4.59,0,70.0,3.2800000000000002,1.51,0.28,0.129,0.0,1.38,0.0,,,,0.0,0,0
F. Oliana,Filippo Oliana,-35776,Carrarese,Carrarese,https://cdn5.wyscout.com/photos/team/public/396_120x120.png,Serie B,CB,CB,93,,0,,0,27,1999-06-30,300000,2029-06-30,2,196,0,0.0,0,0.0,6.89,46.67,Italy,['Italy'],right,183,75,False,5.97,2.3,20.0,4.13,66.67,0.0,0.0,0.46,5.51,6.0,0.92,0,0.0,0,0.0,0.0,0.0,0,0.0,0.0,0,0.0,0,0.0,0.0,0.0,0.0,0.0,0.0,0.0,0.0,0.0,0.0,0.0,0.0,0.0,0.46,0.0,0.46,0.0,0.0,17.91,0.0,0.0,35.82,79.49,10.56,52.17,1.8399999999999999,100.0,29.85,90.77,5.97,23.08,21.81,40.47,0.0,0.0,0.0,0.0,0.0,0.0,0.0,5.05,36.36,0.46,0.0,0.0,0.0,0.0,0.0,5.97,38.46,93.33,20.66,0,,0,,0,0.0,0.0,0.0,,,1.38,,4.13,0.0,0.0,0.0,0.0,0,0
M. Maita,Mattia Maita,175913,Benevento,Benevento,https://cdn5.wyscout.com/photos/team/public/401_120x120.png,Serie B,"RCMF, LCMF",RCMF,88,LCMF,11,,0,32,1994-07-29,750000,2029-06-30,2,196,0,0.01,1,0.47000000000000003,11.02,66.67,Italy,['Italy'],right,182,80,False,7.8100000000000005,5.51,83.33,0.46,0.0,0.92,1.15,0.46,2.3,2.88,0.0,0,0.0,0,0.0,2.3,0.0,0,0.0,0.01,0,0.0,1,0.46,0.0,0.0,0.46,1.8399999999999999,75.0,0.92,100.0,0.92,50.0,0.0,0.92,100.0,3.67,50.0,0.0,0.46,0.0,45.92,0.46,1.38,59.23,86.82,24.8,87.04,7.35,81.25,54.18,87.29,3.67,87.5,18.3,40.68,0.22,0.92,0.0,0.0,0.0,0.0,0.92,7.8100000000000005,94.12,3.67,75.0,0.0,0.0,1.8399999999999999,0.92,11.94,80.77,83.72,19.74,0,,0,,0,0.0,0.0,0.0,,,2.3,,0.46,0.0,0.0,0.0,0.0,0,0
S. Scognamillo,Stefano Scognamillo,201250,Benevento,Benevento,https://cdn5.wyscout.com/photos/team/public/401_120x120.png,Serie B,RCB,RCB,95,,0,,0,32,1994-05-04,800000,2028-06-30,2,196,0,0.23,0,0.19,8.72,52.63,Russia,"['Russia', 'Italy']",right,183,78,False,5.05,3.67,25.0,2.3,80.0,0.0,0.0,0.46,4.13,5.19,1.8399999999999999,0,0.0,0,0.0,0.92,0.0,0,0.0,0.11,0,0.0,1,0.46,0.0,0.0,0.0,1.8399999999999999,50.0,0.0,0.0,1.8399999999999999,50.0,0.0,0.0,0.0,1.8399999999999999,50.0,0.92,0.0,0.0,28.93,0.46,1.38,40.41,89.77,11.02,83.33,4.13,77.78,37.19,95.06,1.38,0.0,17.07,39.44,0.09,0.92,0.0,0.0,0.0,0.0,0.92,2.3,80.0,1.38,33.33,0.0,0.0,0.0,0.92,4.59,40.0,92.5,18.37,0,,0,,0,0.0,0.0,0.0,,,2.3,,2.3,0.0,0.0,0.0,0.0,0,0
F. Salvemini,Francesco Salvemini,256406,Benevento,Benevento,https://cdn5.wyscout.com/photos/team/public/401_120x120.png,Serie B,CF,CF,100,,0,,0,29,1996-09-25,225000,2028-06-30,2,196,2,1.31,0,0.0,9.64,47.62,Italy,['Italy'],right,185,85,False,1.38,0.92,50.0,3.67,62.5,0.0,0.0,0.0,0.92,1.15,0.92,0,0.0,0,0.0,1.38,0.92,1,0.46,0.6000000000000001,1,0.46,5,2.3,60.0,40.0,0.0,0.92,0.0,0.46,0.0,0.46,0.0,0.0,0.0,0.0,4.59,40.0,4.13,0.46,0.92,11.02,2.3,1.8399999999999999,14.69,87.5,5.05,81.82,4.13,100.0,13.78,93.33,0.0,0.0,12.24,0.0,0.0,0.0,0.0,0.0,0.0,0.0,0.0,0.92,100.0,1.8399999999999999,25.0,0.0,0.0,0.46,0.0,0.92,100.0,71.43,3.21,0,,0,,0,0.0,0.0,0.0,,,0.0,,3.67,0.0,0.0,0.0,0.0,1,100
G. Vannucchi,Gianmarco Vannucchi,277551,Benevento,Benevento,https://cdn5.wyscout.com/photos/team/public/401_120x120.png,Serie B,GK,GK,100,,0,,0,31,1995-07-30,400000,2028-06-30,2,196,0,0.0,0,0.0,0.0,0.0,Italy,['Italy'],right,182,77,False,0.0,0.0,0.0,0.0,0.0,0.0,0.0,0.0,0.0,0.0,0.0,0,0.0,0,0.0,0.0,0.0,0,0.0,0.0,0,0.0,0,0.0,0.0,0.0,0.0,0.0,0.0,0.0,0.0,0.0,0.0,0.0,0.0,0.0,0.0,0.0,0.0,0.0,0.0,32.6,0.0,0.0,41.33,82.22,19.74,65.12,0.0,0.0,28.47,100.0,12.86,42.86,28.4,47.46,0.0,0.0,0.0,0.0,0.0,0.0,0.0,4.59,30.0,1.38,33.33,0.0,0.0,0.46,0.0,10.1,59.09,97.67,19.74,3,1.38,6,2.76,0,50.0,1.6099999999999999,0.74,-1.3900000000000001,-0.638,0.0,0.92,0.0,,,,0.0,0,0
N. Patanè,Nicola Patanè,-133286,Juve Stabia,Juve Stabia,https://cdn5.wyscout.com/photos/team/public/228_120x120.png,Serie B,RWF,RWF,100,,0,,0,22,2004-03-25,0,2028-06-30,2,195,0,0.39,0,0.34,11.08,45.83,Italy,['Italy'],right,0,0,False,6.92,5.08,45.45,1.38,0.0,0.0,0.0,0.46,4.62,6.82,1.38,0,0.0,0,0.0,3.23,0.0,0,0.0,0.18,0,0.0,3,1.38,0.0,0.0,0.0,2.31,20.0,0.0,0.0,2.31,20.0,0.0,3.23,85.71,4.62,60.0,3.23,1.85,0.0,15.69,0.92,0.0,23.08,60.0,6.46,28.57,5.54,91.67,20.31,65.91,0.92,50.0,15.82,49.22,0.16,1.85,0.0,0.0,0.0,0.0,0.92,0.46,0.0,2.31,80.0,0.0,0.0,2.77,0.0,4.62,40.0,78.57,6.46,0,,0,,0,0.0,0.0,0.0,,,0.0,,1.38,0.0,0.0,0.0,0.46,0,0
T. Martinelli,Tommaso Martinelli,-161056,Avellino,Avellino,https://cdn5.wyscout.com/photos/team/public/176_120x120.png,Serie B,GK,GK,100,,0,,0,20,2006-01-06,0,2029-06-30,2,195,0,0.0,0,0.0,0.0,0.0,Italy,['Italy'],right,194,82,False,0.46,0.0,0.0,0.0,0.0,0.0,0.0,0.0,0.46,0.58,0.0,0,0.0,0,0.0,0.0,0.0,0,0.0,0.0,0,0.0,0,0.0,0.0,0.0,0.0,0.0,0.0,0.0,0.0,0.0,0.0,0.0,0.0,0.0,0.0,0.0,0.0,0.0,0.0,9.23,0.0,0.0,19.38,85.71,8.31,72.22,0.0,0.0,13.85,100.0,5.54,50.0,25.17,42.01,0.0,0.0,0.0,0.0,0.0,0.0,0.0,0.46,100.0,0.0,0.0,0.0,0.0,0.0,0.0,4.62,40.0,94.44,8.31,2,0.92,6,2.77,1,66.67,1.83,0.85,-0.17,-0.078,0.0,0.92,0.0,,,,0.0,0,0
A. Izzo,Armando Izzo,199874,Avellino,Avellino,https://cdn5.wyscout.com/photos/team/public/176_120x120.png,Serie B,"RCB, RCB3",RCB,51,RCB3,48,,0,34,1992-03-02,2500000,2028-06-30,2,195,0,0.12,0,0.0,11.54,76.0,Italy,['Italy'],right,183,78,False,7.38,5.54,66.67,3.23,85.71,0.0,0.0,0.92,3.69,4.62,0.46,1,0.46,0,0.0,1.38,0.0,0,0.0,0.06,0,0.0,1,0.46,100.0,0.0,0.0,1.38,33.33,0.46,0.0,0.92,50.0,0.46,0.92,50.0,1.85,75.0,1.85,0.46,0.0,48.46,0.46,0.92,64.15,89.93,26.31,82.46,3.23,100.0,52.15,95.58,10.62,69.57,21.37,38.05,0.0,0.0,0.0,0.0,0.0,0.0,0.0,10.15,77.27,0.92,0.0,0.0,0.0,0.0,0.0,11.08,83.33,94.83,26.77,0,,0,,0,0.0,0.0,0.0,,,1.38,,3.23,0.0,0.0,0.0,0.0,0,0
T. Cancellotti,Tommaso Cancellotti,204969,Avellino,Avellino,https://cdn5.wyscout.com/photos/team/public/176_120x120.png,Serie B,"RB, RWB",RB,51,RWB,48,,0,34,1992-05-22,250000,2028-06-30,2,195,0,0.0,0,0.1,13.38,48.28,Italy,['Italy'],right,185,75,False,6.46,6.0,38.46,2.77,66.67,0.0,0.0,0.46,4.15,5.19,0.46,0,0.0,0,0.0,2.77,0.0,0,0.0,0.0,0,0.0,0,0.0,0.0,0.0,0.0,2.31,60.0,0.0,0.0,2.31,60.0,0.0,1.38,100.0,4.15,55.56,0.0,0.92,0.0,29.54,1.85,0.92,37.85,87.8,15.23,81.82,9.23,95.0,33.69,90.41,1.85,75.0,17.13,34.39,0.05,1.85,0.0,0.0,0.0,0.0,0.46,0.46,100.0,3.23,71.43,0.0,0.0,0.92,1.38,7.85,70.59,90.91,10.15,0,,0,,0,0.0,0.0,0.0,,,0.46,,2.77,0.0,0.0,0.0,0.0,0,0
L. Šimić,Lorenco Šimić,382601,Avellino,Avellino,https://cdn5.wyscout.com/photos/team/public/176_120x120.png,Serie B,"LCB, CB",LCB,51,CB,48,,0,30,1996-07-15,800000,2027-06-30,2,195,0,0.0,0,0.0,12.92,75.0,Croatia,['Croatia'],right,195,89,False,11.54,4.15,66.67,7.38,75.0,0.0,0.0,2.31,8.77,10.96,0.92,1,0.46,0,0.0,0.0,0.0,0,0.0,0.0,0,0.0,0,0.0,0.0,0.0,0.0,0.0,0.0,0.0,0.0,0.0,0.0,0.0,0.0,0.0,1.38,100.0,0.0,0.0,0.0,39.23,0.92,1.38,45.69,94.95,13.38,86.21,1.38,100.0,42.46,96.74,3.23,71.43,21.88,37.51,0.0,0.0,0.0,0.0,0.0,0.0,0.0,3.23,85.71,0.0,0.0,0.0,0.0,0.0,0.0,4.15,88.89,98.36,28.15,0,,0,,0,0.0,0.0,0.0,,,1.38,,7.38,0.0,0.0,0.0,0.0,0,0
B. Verrengia,Bruno Verrengia,-282572,Catanzaro,Catanzaro,https://cdn5.wyscout.com/photos/team/public/411_120x120.png,Serie B,LCB3,LCB3,100,,0,,0,22,2003-09-22,100000,2028-06-30,2,194,1,0.61,0,0.12,12.53,51.85,Italy,['Italy'],left,0,0,False,6.03,5.1,54.55,3.71,62.5,0.0,0.0,0.0,3.25,5.25,1.8599999999999999,0,0.0,0,0.0,0.93,0.46,1,0.46,0.28,0,0.0,1,0.46,100.0,100.0,0.0,0.46,100.0,0.46,100.0,0.0,0.0,0.0,0.0,0.0,1.3900000000000001,33.33,0.46,0.46,0.0,27.84,1.8599999999999999,0.46,38.51,90.36,13.45,79.31,3.25,85.71,36.65,92.41,1.3900000000000001,33.33,17.98,39.25,0.06,0.46,0.0,0.0,0.0,0.0,0.46,4.18,88.89,0.46,100.0,0.0,0.0,0.0,0.46,8.81,68.42,96.88,14.85,0,,0,,0,0.0,0.0,0.0,,,1.3900000000000001,,3.71,0.0,0.0,0.0,0.0,0,0
M. Pigliacelli,Mirko Pigliacelli,203897,Catanzaro,Catanzaro,https://cdn5.wyscout.com/photos/team/public/411_120x120.png,Serie B,GK,GK,100,,0,,0,33,1993-06-30,800000,2027-06-30,2,194,0,0.0,0,0.0,0.46,100.0,Italy,['Italy'],right,184,83,False,0.46,0.0,0.0,0.0,0.0,0.0,0.0,0.0,0.46,0.75,0.0,0,0.0,0,0.0,0.0,0.0,0,0.0,0.0,0,0.0,0,0.0,0.0,0.0,0.0,0.0,0.0,0.0,0.0,0.0,0.0,0.0,0.0,0.0,0.46,100.0,0.0,0.0,0.0,11.6,0.0,0.46,27.37,71.19,19.48,61.9,0.0,0.0,11.6,100.0,15.77,50.0,38.24,50.45,0.0,0.0,0.0,0.0,0.0,0.0,0.0,3.25,42.86,0.0,0.0,0.0,0.0,0.0,0.0,11.13,58.33,93.75,7.42,5,2.32,18,8.35,0,72.22,5.03,2.33,0.03,0.014,0.0,1.3900000000000001,0.0,,,,0.0,0,0
J. Petriccione,Jacopo Petriccione,343907,Catanzaro,Catanzaro,https://cdn5.wyscout.com/photos/team/public/411_120x120.png,Serie B,"DMF, RCMF",DMF,50,RCMF,49,,0,31,1995-02-22,600000,2027-06-30,2,194,0,0.0,0,0.8300000000000001,7.89,47.06,Italy,['Italy'],right,176,75,False,2.7800000000000002,3.25,28.57,1.8599999999999999,25.0,0.46,0.75,0.0,1.3900000000000001,2.25,1.3900000000000001,2,0.93,0,0.0,1.3900000000000001,0.0,0,0.0,0.0,0,0.0,1,0.46,0.0,0.0,0.0,1.8599999999999999,25.0,0.46,0.0,1.3900000000000001,33.33,0.0,0.93,100.0,2.32,100.0,1.3900000000000001,1.3900000000000001,0.46,57.53,0.46,1.8599999999999999,64.95,90.71,21.8,82.98,5.1,100.0,56.13,92.56,6.96,93.33,17.86,32.15,0.38,2.32,0.46,0.0,0.0,0.0,0.46,9.74,90.48,2.32,60.0,0.0,0.0,1.8599999999999999,0.46,14.38,93.55,91.53,27.37,0,,0,,0,0.0,0.0,0.0,,,0.46,,1.8599999999999999,0.46,0.0,0.0,5.1,0,0
Matias Antonini,Matias Antonini Lui,425171,Catanzaro,Catanzaro,https://cdn5.wyscout.com/photos/team/public/411_120x120.png,Serie B,CB,CB,100,,0,,0,28,1998-04-09,800000,2027-06-30,2,194,0,0.14,1,0.0,17.63,68.42,Brazil,"['Brazil', 'Italy']",right,191,80,False,11.13,6.96,60.0,6.03,84.62,0.0,0.0,1.3900000000000001,6.96,11.25,1.8599999999999999,1,0.46,0,0.0,0.46,0.0,0,0.0,0.06,0,0.0,2,0.93,0.0,0.0,0.46,0.46,0.0,0.0,0.0,0.46,0.0,0.0,0.46,100.0,1.3900000000000001,66.67,1.3900000000000001,0.93,0.0,27.37,0.0,0.93,40.36,88.51,12.06,84.62,0.93,100.0,38.04,92.68,1.8599999999999999,25.0,16.93,46.43,0.0,0.0,0.0,0.0,0.0,0.0,0.0,1.8599999999999999,50.0,0.93,0.0,0.0,0.0,0.46,0.0,2.7800000000000002,50.0,87.5,18.56,0,,0,,0,0.0,0.0,0.0,,,0.46,,6.03,0.0,0.0,0.0,0.0,0,0
G. Pellizzari,Giulio Pellizzari,-168978,Vicenza,Vicenza,https://cdn5.wyscout.com/photos/team/public/186_120x120.png,Serie B,"LCMF3, LDMF",LCMF3,80,LDMF,19,,0,22,2004-03-26,0,2029-06-30,2,194,0,0.85,0,0.0,15.77,41.18,Italy,['Italy'],left,190,0,False,5.1,4.18,44.44,1.8599999999999999,0.0,0.0,0.0,0.0,3.25,4.77,2.32,0,0.0,0,0.0,1.8599999999999999,0.0,0,0.0,0.39,0,0.0,4,1.8599999999999999,25.0,0.0,0.0,0.93,0.0,0.93,0.0,0.0,0.0,0.0,1.8599999999999999,75.0,7.89,47.06,2.32,0.46,0.0,18.09,0.93,1.3900000000000001,23.66,84.31,5.57,66.67,2.7800000000000002,83.33,22.27,87.5,0.46,100.0,15.92,19.67,0.0,0.0,0.0,0.0,0.0,0.0,0.0,2.32,80.0,0.93,0.0,0.0,0.0,0.0,0.0,1.8599999999999999,75.0,91.3,10.67,0,,0,,0,0.0,0.0,0.0,,,0.46,,1.8599999999999999,0.0,0.0,0.0,0.0,0,0
R. Marchizza,Riccardo Marchizza,377081,Vicenza,Vicenza,https://cdn5.wyscout.com/photos/team/public/186_120x120.png,Serie B,"LCB3, LCB",LCB3,80,LCB,19,,0,28,1998-03-26,2500000,,2,194,0,1.06,0,0.0,7.42,68.75,Italy,['Italy'],left,185,80,False,5.57,2.32,80.0,2.32,60.0,0.0,0.0,0.93,3.71,5.45,0.0,0,0.0,0,0.0,0.93,0.0,0,0.0,0.49,0,0.0,4,1.8599999999999999,50.0,0.0,0.0,0.46,0.0,0.46,0.0,0.0,0.0,0.46,0.0,0.0,0.93,50.0,2.7800000000000002,0.0,0.0,34.33,0.46,0.0,43.61,93.62,12.53,88.89,1.3900000000000001,100.0,40.36,94.25,2.7800000000000002,100.0,19.73,40.7,0.0,0.0,0.0,0.0,0.0,0.0,0.0,5.57,100.0,0.46,100.0,0.0,0.0,0.46,0.0,4.64,80.0,98.08,24.12,0,,0,,0,0.0,0.0,0.0,,,0.46,,2.32,0.0,0.0,0.0,0.0,0,0
R. Gagno,Riccardo Gagno,416937,Vicenza,Vicenza,https://cdn5.wyscout.com/photos/team/public/186_120x120.png,Serie B,GK,GK,100,,0,,0,29,1997-07-26,800000,2028-06-30,2,194,0,0.0,0,0.19,0.0,0.0,Italy,['Italy'],right,186,82,False,0.0,0.0,0.0,0.0,0.0,0.0,0.0,0.0,0.0,0.0,0.0,0,0.0,0,0.0,0.0,0.0,0,0.0,0.0,0,0.0,0,0.0,0.0,0.0,0.0,0.0,0.0,0.0,0.0,0.0,0.0,0.0,0.0,0.0,0.0,0.0,0.0,0.0,0.0,17.16,0.0,0.0,27.37,83.05,18.09,79.49,0.0,0.0,15.31,96.97,11.6,68.0,33.16,49.54,0.09,0.46,0.0,0.0,0.0,0.0,0.46,2.7800000000000002,50.0,0.46,0.0,0.0,0.0,0.0,0.0,9.74,71.43,93.75,7.42,5,2.32,14,6.49,0,64.29,3.12,1.45,-1.88,-0.872,0.0,2.7800000000000002,0.0,,,,0.0,0,0
G. Cuomo,Giuseppe Cuomo,457724,Vicenza,Vicenza,https://cdn5.wyscout.com/photos/team/public/186_120x120.png,Serie B,"RCB3, RCB",RCB3,80,RCB,19,,0,28,1998-02-02,500000,2028-06-30,2,194,1,0.28,0,0.27,15.31,57.58,Italy,['Italy'],right,190,78,False,5.1,4.18,77.78,4.18,66.67,0.0,0.0,0.46,1.8599999999999999,2.73,0.46,0,0.0,0,0.0,1.8599999999999999,0.46,1,0.46,0.13,1,0.46,2,0.93,50.0,50.0,0.0,0.46,100.0,0.0,0.0,0.46,100.0,0.0,1.3900000000000001,66.67,4.64,30.0,1.3900000000000001,0.93,0.0,32.47,2.32,0.46,47.32,95.1,20.41,93.18,3.71,100.0,41.75,95.56,5.1,90.91,20.64,37.28,0.12,0.46,0.0,0.0,0.0,0.0,0.93,7.89,88.24,1.3900000000000001,100.0,0.0,0.0,0.93,0.46,9.28,95.0,94.87,18.09,0,,0,,0,0.0,0.0,0.0,,,1.3900000000000001,,4.18,0.0,0.0,0.0,0.0,0,0
S. Vitale,Samuele Vitale,-149760,Ascoli,Ascoli,https://cdn5.wyscout.com/photos/team/public/191_120x120.png,Serie B,GK,GK,100,,0,,0,24,2002-08-10,75000,2028-06-30,2,193,0,0.0,0,0.0,0.0,0.0,Italy,['Italy'],right,178,77,False,1.4,0.0,0.0,0.0,0.0,0.0,0.0,0.47000000000000003,1.4,2.81,0.0,0,0.0,0,0.0,0.0,0.0,0,0.0,0.0,0,0.0,0,0.0,0.0,0.0,0.0,0.0,0.0,0.0,0.0,0.0,0.0,0.0,0.0,0.0,0.0,0.0,0.0,0.0,0.0,14.46,0.0,0.0,28.91,85.48,11.66,68.0,0.0,0.0,20.98,95.56,7.93,58.82,25.08,36.37,0.0,0.0,0.0,0.0,0.0,0.0,0.0,2.33,40.0,0.0,0.0,0.0,0.0,0.0,0.0,6.06,61.54,96.77,14.46,2,0.93,11,5.13,0,81.82,3.5700000000000003,1.6600000000000001,1.57,0.732,0.0,3.26,0.0,,,,0.0,0,0
A. Guiebre,Abdoul Guiebre,-85678,Ascoli,Ascoli,https://cdn5.wyscout.com/photos/team/public/191_120x120.png,Serie B,LB,LB,100,,0,,0,29,1997-07-17,300000,2028-06-30,2,193,0,0.03,0,0.01,20.52,34.09,Burkina Faso,['Burkina Faso'],left,178,70,False,6.53,7.46,43.75,2.33,40.0,0.0,0.0,0.47000000000000003,3.26,6.5600000000000005,1.87,2,0.93,0,0.0,0.93,0.0,0,0.0,0.01,0,0.0,2,0.93,0.0,0.0,0.0,0.93,0.0,0.93,0.0,0.0,0.0,0.47000000000000003,1.4,66.67,9.33,30.0,2.33,0.47000000000000003,0.0,31.71,1.4,0.93,34.97,86.67,8.39,83.33,10.73,86.96,33.11,90.14,0.93,50.0,12.44,39.49,0.0,0.47000000000000003,0.47000000000000003,0.0,0.0,0.0,0.0,2.33,100.0,0.0,0.0,0.0,0.0,0.0,0.0,2.8,66.67,90.91,5.13,0,,0,,0,0.0,0.0,0.0,,,0.0,,2.33,0.0,0.0,0.0,0.0,0,0
M. Curado,Marcos Curado,357863,Ascoli,Ascoli,https://cdn5.wyscout.com/photos/team/public/191_120x120.png,Serie B,RCB,RCB,100,,0,,0,31,1995-05-09,350000,2027-06-30,2,193,0,0.0,0,0.26,9.33,80.0,Argentina,"['Argentina', 'Italy']",right,186,80,False,10.26,5.13,63.64,3.26,100.0,0.0,0.0,1.4,6.99,14.06,0.47000000000000003,0,0.0,0,0.0,1.4,0.0,0,0.0,0.0,0,0.0,0,0.0,0.0,0.0,0.0,0.93,100.0,0.47000000000000003,100.0,0.47000000000000003,100.0,0.0,0.47000000000000003,100.0,0.93,100.0,0.47000000000000003,0.93,0.0,55.03,0.47000000000000003,0.47000000000000003,70.41,94.04,17.72,84.21,2.33,100.0,63.42,96.32,6.06,69.23,19.21,42.29,0.12,0.47000000000000003,0.0,0.0,0.0,0.0,0.47000000000000003,7.46,93.75,0.93,100.0,0.0,0.0,0.47000000000000003,0.93,6.53,71.43,96.55,40.57,0,,0,,0,0.0,0.0,0.0,,,1.4,,3.26,0.0,0.0,0.0,0.0,0,0
N. Rizzo,Nicholas Rizzo,508959,Ascoli,Ascoli,https://cdn5.wyscout.com/photos/team/public/191_120x120.png,Serie B,LCB,LCB,100,,0,,0,26,2000-03-11,150000,2028-06-30,2,193,0,0.02,0,0.05,8.39,66.67,Italy,"['Italy', 'Brazil']",left,188,78,False,10.26,4.2,66.67,3.26,57.14,0.0,0.0,2.33,7.46,15.0,0.47000000000000003,0,0.0,0,0.0,0.93,0.0,0,0.0,0.01,0,0.0,1,0.47000000000000003,100.0,0.0,0.0,0.47000000000000003,100.0,0.47000000000000003,100.0,0.0,0.0,0.0,0.0,0.0,0.47000000000000003,100.0,0.47000000000000003,0.93,0.47000000000000003,51.3,1.4,0.47000000000000003,65.75,92.91,26.11,87.5,4.66,100.0,60.62,94.62,4.66,70.0,21.3,44.52,0.02,0.47000000000000003,0.0,0.0,0.0,0.0,0.47000000000000003,10.73,82.61,1.4,66.67,0.0,0.0,0.93,0.47000000000000003,9.79,80.95,97.06,31.71,0,,0,,0,0.0,0.0,0.0,,,2.33,,3.26,0.0,0.0,0.0,0.0,0,0
S. Mulattieri,Samuele Mulattieri,-37368,Hellas Verona,Hellas Verona,https://cdn5.wyscout.com/photos/team/public/212_120x120.png,Serie B,CF,CF,100,,0,,0,25,2000-10-07,0,2028-06-30,2,193,1,1.3599999999999999,0,0.1,12.59,33.33,Italy,['Italy'],right,183,77,True,1.87,3.26,57.14,4.2,33.33,0.0,0.0,0.0,0.0,0.0,0.93,0,0.0,0,0.0,1.4,0.47000000000000003,1,0.47000000000000003,0.64,0,0.0,3,1.4,66.67,33.333,0.0,0.0,0.0,0.0,0.0,0.0,0.0,0.0,0.47000000000000003,100.0,4.2,22.22,3.26,0.0,0.0,12.59,1.4,0.47000000000000003,15.85,88.24,4.66,90.0,4.2,88.89,15.85,88.24,0.0,0.0,11.9,0.0,0.05,0.47000000000000003,0.0,0.0,0.0,0.0,0.47000000000000003,2.33,100.0,1.4,100.0,0.0,0.0,0.93,0.0,1.4,100.0,100.0,3.73,0,,0,,0,0.0,0.0,0.0,,,0.0,,4.2,0.0,0.0,0.0,0.0,0,0
N. Leali,Nicola Leali,147759,Hellas Verona,Hellas Verona,https://cdn5.wyscout.com/photos/team/public/212_120x120.png,Serie B,GK,GK,100,,0,,0,33,1993-02-17,600000,2028-06-30,2,193,0,0.0,0,0.0,0.0,0.0,Italy,['Italy'],right,188,78,False,0.0,0.0,0.0,0.0,0.0,0.0,0.0,0.0,0.0,0.0,0.0,0,0.0,0,0.0,0.0,0.0,0,0.0,0.0,0,0.0,0,0.0,0.0,0.0,0.0,0.0,0.0,0.0,0.0,0.0,0.0,0.0,0.0,0.0,0.0,0.0,0.0,0.0,0.0,19.12,0.0,0.0,26.58,84.21,13.52,68.97,0.0,0.0,19.59,97.62,6.99,46.67,30.1,52.14,0.0,0.0,0.0,0.0,0.0,0.0,0.0,0.93,50.0,0.0,0.0,0.0,0.0,0.0,0.0,3.73,62.5,100.0,12.12,3,1.4,6,2.8,0,50.0,1.55,0.72,-1.45,-0.676,0.0,1.4,0.0,,,,0.0,0,0
A. Edmundsson,Andrias Edmundsson,477693,Hellas Verona,Hellas Verona,https://cdn5.wyscout.com/photos/team/public/212_120x120.png,Serie B,"LCB, CB",LCB,50,CB,49,,0,25,2000-12-18,200000,2029-06-30,2,193,0,0.0,0,0.0,13.06,57.14,Faroe Islands,['Faroe Islands'],right,193,0,False,5.13,2.33,60.0,8.86,52.63,0.0,0.0,0.0,3.73,5.45,0.0,0,0.0,0,0.0,0.47000000000000003,0.0,0,0.0,0.0,0,0.0,0,0.0,0.0,0.0,0.0,0.47000000000000003,0.0,0.47000000000000003,0.0,0.0,0.0,0.0,0.47000000000000003,100.0,0.93,100.0,0.47000000000000003,2.33,0.0,33.11,1.4,0.0,51.3,77.27,24.25,61.54,3.26,100.0,40.1,87.21,10.73,43.48,24.03,39.99,0.0,0.0,0.0,0.0,0.0,0.0,0.0,8.39,66.67,0.47000000000000003,100.0,0.0,0.0,0.47000000000000003,0.0,11.66,68.0,93.18,20.52,0,,0,,0,0.0,0.0,0.0,,,1.87,,8.86,0.0,0.0,0.0,0.0,0,0
D. Bradarić,Domagoj Bradarić,501744,Hellas Verona,Hellas Verona,https://cdn5.wyscout.com/photos/team/public/212_120x120.png,Serie B,"LB, LCB3",LB,50,LCB3,49,,0,26,1999-12-10,5000000,2028-06-30,2,193,0,0.18,0,0.42,6.53,42.86,Croatia,['Croatia'],left,178,69,False,3.73,2.33,20.0,0.93,50.0,0.0,0.0,0.47000000000000003,3.26,4.77,0.47000000000000003,0,0.0,0,0.0,2.33,0.0,0,0.0,0.09,0,0.0,2,0.93,50.0,0.0,0.0,3.73,37.5,3.73,37.5,0.0,0.0,0.47000000000000003,0.47000000000000003,100.0,2.33,80.0,0.93,0.93,0.0,27.51,0.93,0.93,39.17,80.95,12.12,80.77,7.93,100.0,32.18,88.41,3.73,50.0,18.04,39.08,0.2,1.4,0.0,0.0,0.0,0.0,0.47000000000000003,4.2,88.89,3.26,28.57,0.0,0.0,0.0,1.4,6.99,86.67,71.43,13.06,0,,0,,0,0.0,0.0,0.0,,,2.33,,0.93,1.4,0.47000000000000003,0.0,2.33,0,0
M. Ilić,Mihajlo Ilić,-139957,Cesena,Cesena,https://cdn5.wyscout.com/photos/team/public/g25343_120x120.png,Serie B,"RCB, RCB3",RCB,87,RCB3,12,,0,23,2003-06-04,0,2029-06-30,2,192,0,0.0,0,0.0,4.69,70.0,Serbia,['Serbia'],right,192,83,True,7.03,0.9400000000000001,50.0,1.88,100.0,0.0,0.0,0.0,6.5600000000000005,7.0,0.47000000000000003,0,0.0,0,0.0,0.0,0.0,0,0.0,0.0,0,0.0,0,0.0,0.0,0.0,0.0,0.0,0.0,0.0,0.0,0.0,0.0,0.0,0.0,0.0,0.9400000000000001,50.0,0.0,0.0,0.0,30.0,0.47000000000000003,0.0,42.19,92.22,12.19,73.08,1.88,100.0,36.09,97.4,6.09,61.54,19.16,36.99,0.0,0.0,0.0,0.0,0.0,0.0,0.0,2.34,60.0,0.0,0.0,0.0,0.0,0.0,0.0,6.09,76.92,100.0,20.16,0,,0,,0,0.0,0.0,0.0,,,1.4100000000000001,,1.88,0.0,0.0,0.0,0.0,0,0
J. Gelli,Jacopo Gelli,-98630,Cesena,Cesena,https://cdn5.wyscout.com/photos/team/public/g25343_120x120.png,Serie B,"LCB, CB",LCB,87,CB,12,,0,25,2001-05-11,25000,2028-06-30,2,192,0,0.0,0,0.0,7.03,66.67,Italy,['Italy'],right,197,89,True,12.19,1.88,50.0,2.34,80.0,0.0,0.0,0.9400000000000001,11.25,12.0,0.9400000000000001,0,0.0,0,0.0,0.0,0.0,0,0.0,0.0,0,0.0,0,0.0,0.0,0.0,0.0,0.0,0.0,0.0,0.0,0.0,0.0,0.0,0.0,0.0,1.4100000000000001,66.67,0.0,0.0,0.0,35.16,0.0,0.47000000000000003,44.53,86.32,15.47,66.67,3.75,100.0,37.5,92.5,7.03,53.33,20.84,43.81,0.0,0.0,0.0,0.0,0.0,0.0,0.0,3.75,25.0,1.4100000000000001,0.0,0.0,0.0,0.0,0.0,5.63,66.67,94.74,17.81,0,,0,,0,0.0,0.0,0.0,,,3.75,,2.34,0.47000000000000003,0.0,0.0,0.0,0,0
D. Bisoli,Dimitri Bisoli,263844,Cesena,Cesena,https://cdn5.wyscout.com/photos/team/public/g25343_120x120.png,Serie B,"RCMF, AMF, LCMF3",RCMF,49,AMF,28,LCMF3,12,32,1994-03-25,1500000,2028-06-30,2,192,0,0.0,0,0.29,6.09,30.77,Italy,['Italy'],right,180,77,False,6.09,2.34,60.0,0.9400000000000001,0.0,0.0,0.0,1.88,4.69,5.0,0.9400000000000001,0,0.0,0,0.0,0.0,0.0,0,0.0,0.0,0,0.0,0,0.0,0.0,0.0,0.0,0.0,0.0,0.0,0.0,0.0,0.0,0.0,0.0,0.0,1.4100000000000001,33.33,0.9400000000000001,0.0,0.0,10.31,0.0,0.47000000000000003,14.53,77.42,8.91,68.42,0.47000000000000003,100.0,12.66,85.19,1.88,25.0,20.06,37.8,0.14,0.47000000000000003,0.0,0.0,0.0,0.0,0.47000000000000003,3.75,62.5,0.9400000000000001,100.0,0.0,0.0,0.9400000000000001,0.0,4.69,90.0,85.71,3.2800000000000002,0,,0,,0,0.0,0.0,0.0,,,0.0,,0.9400000000000001,0.0,0.0,0.0,0.0,0,0
A. Ciofi,Andrea Ciofi,462986,Cesena,Cesena,https://cdn5.wyscout.com/photos/team/public/g25343_120x120.png,Serie B,"RB, RWB",RB,87,RWB,12,,0,27,1999-06-28,500000,2028-06-30,2,192,0,0.0,0,0.01,5.63,41.67,Italy,['Italy'],right,187,80,False,4.69,3.2800000000000002,28.57,0.9400000000000001,50.0,0.0,0.0,0.47000000000000003,3.75,4.0,0.9400000000000001,0,0.0,0,0.0,0.47000000000000003,0.0,0,0.0,0.0,0,0.0,0,0.0,0.0,0.0,0.0,1.4100000000000001,0.0,0.0,0.0,1.4100000000000001,0.0,0.47000000000000003,0.47000000000000003,100.0,0.47000000000000003,100.0,0.47000000000000003,1.88,0.0,29.53,3.75,0.0,32.34,75.36,12.19,57.69,6.09,100.0,25.31,87.04,6.09,38.46,21.41,45.51,0.0,0.47000000000000003,0.0,0.0,0.0,0.0,0.0,5.63,58.33,1.4100000000000001,33.33,0.0,0.0,0.0,0.47000000000000003,7.03,60.0,78.95,8.91,0,,0,,0,0.0,0.0,0.0,,,0.9400000000000001,,0.9400000000000001,0.0,0.0,0.0,0.0,0,0
A. Siano,Alessandro Siano,509559,Cesena,Cesena,https://cdn5.wyscout.com/photos/team/public/g25343_120x120.png,Serie B,GK,GK,100,,0,,0,25,2001-04-28,100000,,2,192,0,0.0,0,0.0,0.0,0.0,Italy,['Italy'],right,185,75,False,1.4100000000000001,0.0,0.0,0.0,0.0,0.0,0.0,0.0,1.4100000000000001,1.5,0.0,0,0.0,0,0.0,0.0,0.0,0,0.0,0.0,0,0.0,0,0.0,0.0,0.0,0.0,0.0,0.0,0.0,0.0,0.0,0.0,0.0,0.0,0.0,0.0,0.0,0.0,0.0,0.0,31.88,0.47000000000000003,0.0,48.28,90.29,15.0,71.88,0.0,0.0,35.16,100.0,13.13,64.29,26.77,40.92,0.0,0.0,0.0,0.0,0.0,0.0,0.0,2.81,50.0,0.0,0.0,0.0,0.0,0.0,0.0,7.5,62.5,98.48,30.94,2,0.9400000000000001,12,5.63,0,83.33,3.08,1.44,1.08,0.506,0.0,7.03,0.0,,,,0.0,0,0
A. Dellavalle,Alessandro Dellavalle,-147453,Padova,Padova,https://cdn5.wyscout.com/photos/team/public/g31139_120x120.png,Serie B,RCB3,RCB3,100,,0,,0,22,2004-05-11,800000,2028-06-30,2,192,0,0.0,0,0.43,11.25,41.67,Italy,['Italy'],right,189,0,False,11.25,4.22,44.44,3.75,37.5,0.0,0.0,0.47000000000000003,9.38,10.0,0.9400000000000001,1,0.47000000000000003,0,0.0,1.88,0.0,0,0.0,0.0,0,0.0,0,0.0,0.0,0.0,0.0,2.81,66.67,0.0,0.0,2.81,66.67,0.47000000000000003,0.47000000000000003,0.0,1.88,50.0,0.47000000000000003,1.4100000000000001,0.47000000000000003,26.25,0.0,0.9400000000000001,37.03,75.95,22.5,66.67,2.34,100.0,28.13,81.67,6.09,53.85,19.46,39.55,0.2,0.9400000000000001,0.0,0.0,0.0,0.0,0.9400000000000001,8.91,63.16,1.88,75.0,0.47000000000000003,100.0,0.0,2.34,10.31,63.64,94.44,8.44,0,,0,,0,0.0,0.0,0.0,,,0.47000000000000003,,3.75,0.0,0.0,0.0,0.0,0,0
A. Sorrentino,Alessandro Sorrentino,-117511,Padova,Padova,https://cdn5.wyscout.com/photos/team/public/g31139_120x120.png,Serie B,GK,GK,100,,0,,0,24,2002-04-03,800000,2029-06-30,2,192,0,0.0,0,0.0,0.0,0.0,Italy,['Italy'],right,190,77,False,0.9400000000000001,0.0,0.0,0.0,0.0,0.0,0.0,0.0,0.9400000000000001,1.0,0.0,0,0.0,0,0.0,0.0,0.0,0,0.0,0.0,0,0.0,0,0.0,0.0,0.0,0.0,0.0,0.0,0.0,0.0,0.0,0.0,0.0,0.0,0.0,0.0,0.0,0.0,0.0,0.0,12.66,1.88,0.0,23.91,80.39,12.66,74.07,0.47000000000000003,100.0,15.0,100.0,8.44,50.0,32.45,47.66,0.0,0.0,0.0,0.0,0.0,0.0,0.0,2.34,20.0,0.0,0.0,0.0,0.0,0.0,0.0,6.5600000000000005,50.0,90.0,9.38,1,0.47000000000000003,10,4.69,1,90.0,2.04,0.96,1.04,0.488,0.0,2.81,0.0,,,,0.0,0,0
E. Zuelli,Emanuele Zuelli,-70601,Padova,Padova,https://cdn5.wyscout.com/photos/team/public/g31139_120x120.png,Serie B,DMF,DMF,100,,0,,0,24,2001-11-22,200000,2030-06-30,2,192,0,0.02,0,0.0,7.5,43.75,Italy,['Italy'],right,179,80,False,6.09,5.16,45.45,0.0,0.0,0.0,0.0,0.47000000000000003,3.75,4.0,0.9400000000000001,0,0.0,0,0.0,1.4100000000000001,0.0,0,0.0,0.01,0,0.0,2,0.9400000000000001,0.0,0.0,0.0,0.9400000000000001,100.0,0.0,0.0,0.9400000000000001,100.0,0.0,0.9400000000000001,50.0,1.88,50.0,0.9400000000000001,0.0,0.0,23.44,0.0,0.0,33.28,85.92,6.09,53.85,4.69,100.0,28.13,91.67,5.16,54.55,19.73,42.61,0.0,0.0,0.0,0.0,0.0,0.0,0.0,5.16,63.64,0.47000000000000003,0.0,0.0,0.0,0.47000000000000003,0.0,2.81,50.0,88.57,16.41,0,,0,,0,0.0,0.0,0.0,,,0.0,,0.0,0.0,0.0,0.0,0.47000000000000003,0,0
C. Pastina,Christian Pastina,-61756,Padova,Padova,https://cdn5.wyscout.com/photos/team/public/g31139_120x120.png,Serie B,LCB3,LCB3,100,,0,,0,25,2001-02-15,0,2029-06-30,2,192,0,0.4,0,0.0,10.78,52.17,Italy,['Italy'],left,185,78,False,13.13,6.5600000000000005,50.0,2.34,60.0,0.9400000000000001,1.0,0.9400000000000001,8.91,9.5,1.4100000000000001,1,0.47000000000000003,0,0.0,0.0,0.0,0,0.0,0.19,0,0.0,2,0.9400000000000001,0.0,0.0,0.0,0.47000000000000003,0.0,0.47000000000000003,0.0,0.0,0.0,0.0,0.0,0.0,0.47000000000000003,100.0,1.4100000000000001,0.0,0.0,28.13,0.47000000000000003,0.9400000000000001,45.94,74.49,19.22,60.98,2.34,100.0,37.03,86.08,8.44,27.78,24.14,42.58,0.0,0.0,0.0,0.0,0.0,0.0,0.0,5.63,41.67,1.4100000000000001,0.0,0.0,0.0,0.0,0.0,8.44,55.56,79.07,20.16,0,,0,,0,0.0,0.0,0.0,,,0.9400000000000001,,2.34,0.0,0.0,0.0,0.0,0,0
L. Carissoni,Lorenzo Carissoni,423442,Padova,Padova,https://cdn5.wyscout.com/photos/team/public/g31139_120x120.png,Serie B,"RWB, LWB",RWB,87,LWB,12,,0,29,1997-02-07,700000,2028-06-30,2,192,0,0.11,0,0.0,12.66,48.15,Italy,['Italy'],right,180,83,False,7.5,6.09,53.85,2.34,40.0,0.0,0.0,0.0,4.22,4.5,1.4100000000000001,0,0.0,0,0.0,2.34,0.0,0,0.0,0.05,0,0.0,1,0.47000000000000003,100.0,0.0,0.0,1.88,25.0,0.47000000000000003,100.0,1.4100000000000001,0.0,0.47000000000000003,1.4100000000000001,100.0,3.75,50.0,1.4100000000000001,1.88,0.9400000000000001,18.75,3.2800000000000002,0.9400000000000001,27.66,71.19,8.91,52.63,3.75,75.0,23.44,80.0,2.34,20.0,15.23,21.02,0.0,0.47000000000000003,0.0,0.0,0.0,0.0,0.0,0.9400000000000001,50.0,1.88,25.0,0.0,0.0,0.0,0.47000000000000003,5.63,66.67,64.71,7.97,0,,0,,0,0.0,0.0,0.0,,,0.0,,2.34,0.0,0.0,0.0,0.0,0,0
A. Petagna,Andrea Petagna,279236,Pisa,Pisa,https://cdn5.wyscout.com/photos/team/public/189_120x120.png,Serie B,CF,CF,100,,0,,0,31,1995-06-30,3800000,2027-06-30,2,191,0,0.88,0,0.87,11.78,24.0,Italy,['Italy'],left,190,85,False,1.4100000000000001,0.9400000000000001,50.0,3.77,25.0,0.0,0.0,0.47000000000000003,0.9400000000000001,1.22,1.4100000000000001,0,0.0,0,0.0,0.0,0.0,0,0.0,0.41000000000000003,0,0.0,4,1.88,0.0,0.0,0.0,0.0,0.0,0.0,0.0,0.0,0.0,0.0,0.47000000000000003,0.0,4.24,33.33,7.54,0.47000000000000003,0.9400000000000001,22.62,2.83,1.88,28.27,81.67,5.65,66.67,7.54,81.25,26.86,82.46,1.4100000000000001,66.67,13.54,38.84,0.41000000000000003,2.36,0.0,0.0,0.0,0.0,1.4100000000000001,0.9400000000000001,50.0,1.88,100.0,0.0,0.0,2.36,0.0,1.88,75.0,90.48,9.9,0,,0,,0,0.0,0.0,0.0,,,0.0,,3.77,0.0,0.0,0.0,0.0,0,0
A. Confente,Alessandro Confente,434034,Pisa,Pisa,https://cdn5.wyscout.com/photos/team/public/189_120x120.png,Serie B,GK,GK,100,,0,,0,28,1998-06-07,450000,2027-06-30,2,191,0,0.0,0,0.0,0.47000000000000003,100.0,Italy,['Italy'],right,194,85,False,1.88,0.0,0.0,0.0,0.0,0.0,0.0,0.0,1.88,2.45,0.0,0,0.0,0,0.0,0.0,0.0,0,0.0,0.0,0,0.0,0,0.0,0.0,0.0,0.0,0.0,0.0,0.0,0.0,0.0,0.0,0.0,0.0,0.0,0.47000000000000003,100.0,0.0,0.0,0.0,24.97,0.0,0.47000000000000003,38.17,80.25,17.91,68.42,0.47000000000000003,100.0,25.92,98.18,12.25,42.31,29.83,44.15,0.0,0.0,0.0,0.0,0.0,0.0,0.0,0.9400000000000001,0.0,0.0,0.0,0.0,0.0,0.0,0.0,9.42,60.0,89.74,18.38,2,0.9400000000000001,9,4.24,0,77.78,1.8900000000000001,0.89,-0.11,-0.052000000000000005,0.47000000000000003,5.18,0.0,,,,0.0,0,0
S. Canestrelli,Simone Canestrelli,521940,Pisa,Pisa,https://cdn5.wyscout.com/photos/team/public/189_120x120.png,Serie B,"CB, RCB, LCB",CB,40,RCB,25,LCB,24,25,2000-09-11,1800000,2028-06-30,2,191,1,0.51,0,0.0,8.01,41.18,Italy,['Italy'],right,192,85,False,5.65,1.88,0.0,5.18,63.64,0.0,0.0,0.9400000000000001,5.65,7.35,1.88,0,0.0,0,0.0,0.9400000000000001,0.47000000000000003,1,0.47000000000000003,0.24,1,0.47000000000000003,2,0.9400000000000001,100.0,50.0,0.0,0.0,0.0,0.0,0.0,0.0,0.0,0.0,0.0,0.0,0.9400000000000001,0.0,0.9400000000000001,0.0,0.0,26.39,0.0,0.47000000000000003,38.64,91.46,14.61,80.65,0.9400000000000001,100.0,35.81,96.05,2.83,33.33,19.54,41.48,0.0,0.0,0.0,0.0,0.0,0.0,0.0,5.65,75.0,0.0,0.0,0.0,0.0,0.0,0.0,5.18,63.64,100.0,17.43,0,,0,,0,0.0,0.0,0.0,,,0.9400000000000001,,5.18,0.0,0.0,0.0,0.0,0,0
B. Nieling,Bryant Nieling,-278029,Modena,Modena,https://cdn5.wyscout.com/photos/team/public/179_120x120.png,Serie B,LCB,LCB,100,,0,,0,23,2002-10-31,0,2028-06-30,2,191,0,0.0,0,0.0,8.01,52.94,Netherlands,['Netherlands'],left,193,82,False,8.48,3.77,50.0,2.36,40.0,0.0,0.0,0.0,6.6,7.92,0.47000000000000003,0,0.0,0,0.0,0.47000000000000003,0.0,0,0.0,0.0,0,0.0,0,0.0,0.0,0.0,0.0,0.0,0.0,0.0,0.0,0.0,0.0,0.0,0.47000000000000003,100.0,0.9400000000000001,50.0,0.0,0.0,0.0,44.76,0.9400000000000001,0.0,57.49,90.98,22.15,82.98,6.13,100.0,49.01,95.19,8.48,66.67,20.77,44.48,0.0,0.0,0.0,0.0,0.0,0.0,0.0,5.65,58.33,0.47000000000000003,0.0,0.0,0.0,0.0,0.0,7.07,66.67,98.0,23.56,0,,0,,0,0.0,0.0,0.0,,,3.77,,2.36,0.0,0.0,0.0,0.0,0,0
S. Nador,Steven Nador Folly,-236246,Modena,Modena,https://cdn5.wyscout.com/photos/team/public/179_120x120.png,Serie B,RCB,RCB,100,,0,,0,24,2002-06-23,0,,2,191,0,0.05,0,0.0,11.78,52.0,Germany,"['Germany', 'Togo']",right,193,88,False,8.95,4.24,66.67,5.18,36.36,0.0,0.0,0.47000000000000003,6.13,7.36,0.9400000000000001,0,0.0,0,0.0,0.0,0.0,0,0.0,0.02,0,0.0,1,0.47000000000000003,0.0,0.0,0.0,0.0,0.0,0.0,0.0,0.0,0.0,0.0,0.0,0.0,0.9400000000000001,50.0,0.0,0.47000000000000003,0.0,45.24,0.9400000000000001,0.0,57.49,92.62,15.55,87.88,2.83,83.33,54.66,93.97,2.83,66.67,18.85,46.93,0.0,0.0,0.0,0.0,0.0,0.0,0.0,2.36,60.0,0.0,0.0,0.0,0.0,0.0,0.0,6.13,61.54,97.06,32.04,0,,0,,0,0.0,0.0,0.0,,,1.4100000000000001,,5.18,0.0,0.0,0.0,0.0,0,0
D. Tonoli,Daniel Tonoli,-134278,Modena,Modena,https://cdn5.wyscout.com/photos/team/public/179_120x120.png,Serie B,RB,RB,100,,0,,0,24,2002-08-22,225000,2028-06-30,2,191,0,0.11,0,0.4,8.48,66.67,Italy,['Italy'],right,0,0,False,9.42,5.18,63.64,1.4100000000000001,66.67,0.0,0.0,0.47000000000000003,6.13,7.36,0.47000000000000003,0,0.0,0,0.0,0.47000000000000003,0.0,0,0.0,0.05,0,0.0,1,0.47000000000000003,0.0,0.0,0.0,0.47000000000000003,0.0,0.0,0.0,0.47000000000000003,0.0,0.0,0.47000000000000003,100.0,1.4100000000000001,66.67,0.47000000000000003,0.9400000000000001,0.0,23.09,3.77,0.47000000000000003,29.69,80.95,8.95,52.63,4.71,100.0,26.39,85.71,2.83,50.0,17.05,37.36,0.19,0.47000000000000003,0.0,0.0,0.0,0.0,0.47000000000000003,1.88,100.0,0.9400000000000001,0.0,0.0,0.0,0.47000000000000003,0.0,4.24,55.56,94.44,8.48,0,,0,,0,0.0,0.0,0.0,,,0.47000000000000003,,1.4100000000000001,0.0,0.0,0.0,0.0,0,0
L. Chichizola,Leandro Chichizola,176600,Modena,Modena,https://cdn5.wyscout.com/photos/team/public/179_120x120.png,Serie B,GK,GK,100,,0,,0,36,1990-03-27,400000,2027-06-30,2,191,0,0.0,0,0.0,0.0,0.0,Argentina,"['Argentina', 'Italy']",right,185,80,False,0.0,0.0,0.0,0.0,0.0,0.0,0.0,0.0,0.0,0.0,0.0,0,0.0,0,0.0,0.0,0.0,0,0.0,0.0,0,0.0,0,0.0,0.0,0.0,0.0,0.0,0.0,0.0,0.0,0.0,0.0,0.0,0.0,0.0,0.0,0.0,0.0,0.0,0.0,20.73,1.4100000000000001,0.0,32.51,84.06,18.85,72.5,0.0,0.0,22.62,93.75,9.9,61.9,28.26,48.54,0.0,0.0,0.0,0.0,0.0,0.0,0.0,1.88,75.0,0.47000000000000003,0.0,0.0,0.0,0.0,0.0,8.95,57.89,100.0,12.25,1,0.47000000000000003,6,2.83,1,83.33,1.8599999999999999,0.88,0.86,0.405,0.0,2.36,0.0,,,,0.0,0,0
C. Tavernelli,Camillo Tavernelli,463568,Arezzo,Arezzo,https://cdn5.wyscout.com/photos/team/public/221_120x120.png,Serie B,"LWF, LAMF",LWF,52,LAMF,47,,0,27,1999-07-10,300000,2028-06-30,2,191,1,0.37,1,0.56,12.25,38.46,Italy,['Italy'],right,171,72,False,3.77,2.83,33.33,1.4100000000000001,0.0,0.0,0.0,0.47000000000000003,2.83,3.27,0.0,0,0.0,0,0.0,8.01,0.47000000000000003,1,0.47000000000000003,0.18,0,0.0,6,2.83,33.33,16.667,0.47000000000000003,7.54,50.0,7.07,46.67,0.47000000000000003,100.0,0.9400000000000001,5.65,58.33,7.54,50.0,2.83,2.83,0.0,27.8,6.13,0.47000000000000003,32.51,79.71,8.01,64.71,4.71,100.0,23.56,90.0,2.36,80.0,19.18,37.91,0.26,0.9400000000000001,0.47000000000000003,0.0,0.0,0.0,0.9400000000000001,2.83,50.0,6.6,50.0,0.0,0.0,0.47000000000000003,2.83,6.6,85.71,80.65,14.61,0,,0,,0,0.0,0.0,0.0,,,0.0,,1.4100000000000001,0.0,0.0,0.0,0.0,0,0
G. Tutino,Gennaro Tutino,213133,Sampdoria,Sampdoria,https://cdn5.wyscout.com/photos/team/public/88_120x120.png,Serie B,CF,CF,100,,0,,0,30,1996-08-20,3500000,2028-06-30,2,190,1,0.55,0,0.02,8.53,33.33,Italy,['Italy'],right,177,76,False,0.0,0.47000000000000003,0.0,2.84,33.33,0.0,0.0,0.0,0.0,0.0,0.47000000000000003,0,0.0,0,0.0,1.42,0.47000000000000003,1,0.47000000000000003,0.26,0,0.0,3,1.42,66.67,33.333,0.0,0.0,0.0,0.0,0.0,0.0,0.0,0.0,0.0,0.0,4.26,33.33,1.8900000000000001,0.47000000000000003,0.47000000000000003,8.53,1.42,1.8900000000000001,6.16,76.92,0.47000000000000003,100.0,1.42,66.67,5.68,75.0,0.47000000000000003,100.0,16.96,12.81,0.01,0.47000000000000003,0.0,0.0,0.47000000000000003,100.0,0.47000000000000003,0.47000000000000003,100.0,0.0,0.0,0.47000000000000003,100.0,0.0,0.0,0.47000000000000003,100.0,80.0,2.37,0,,0,,0,0.0,0.0,0.0,,,0.0,,2.84,0.0,0.0,0.0,0.0,0,0
D. Sinani,Danel Sinani,411065,Sampdoria,Sampdoria,https://cdn5.wyscout.com/photos/team/public/88_120x120.png,Serie B,"RWF, RW, LWF",RWF,59,RW,24,LWF,10,29,1997-04-05,500000,,2,190,0,0.59,0,0.26,8.53,44.44,Serbia,"['Serbia', 'Luxembourg']",left,185,74,False,5.68,2.84,50.0,0.9500000000000001,0.0,0.0,0.0,0.0,4.26,5.74,0.47000000000000003,0,0.0,0,0.0,2.84,0.0,0,0.0,0.28,0,0.0,8,3.79,37.5,0.0,0.0,4.74,20.0,0.9500000000000001,0.0,3.79,25.0,1.42,1.42,33.33,4.74,50.0,3.32,2.37,0.0,38.84,3.32,1.42,48.79,78.64,12.32,65.38,13.26,96.43,41.68,87.5,2.37,40.0,17.41,40.91,0.12,0.9500000000000001,0.47000000000000003,0.0,0.0,0.0,0.9500000000000001,5.68,50.0,5.21,36.36,0.47000000000000003,0.0,0.9500000000000001,1.8900000000000001,9.0,63.16,71.43,13.26,0,,0,,0,0.0,0.0,0.0,,,0.0,,0.9500000000000001,0.0,0.0,0.0,3.79,0,0
Bernat Guiu,Bernat Guiu Vilanova,-65635,Virtus Entella,Virtus Entella,https://cdn5.wyscout.com/photos/team/public/1370_120x120.png,Serie B,"LWF, LCMF3, LWB",LWF,43,LCMF3,37,LWB,12,25,2000-09-20,250000,2028-06-30,2,190,0,0.16,0,0.02,12.79,48.15,Spain,['Spain'],right,182,79,False,5.21,5.21,45.45,0.9500000000000001,50.0,0.9500000000000001,1.33,0.0,1.8900000000000001,2.67,1.42,1,0.47000000000000003,0,0.0,2.84,0.0,0,0.0,0.08,0,0.0,4,1.8900000000000001,25.0,0.0,0.0,3.32,14.29,1.42,0.0,1.8900000000000001,25.0,0.9500000000000001,1.8900000000000001,100.0,6.16,53.85,0.9500000000000001,1.8900000000000001,0.0,20.37,1.8900000000000001,0.9500000000000001,29.84,76.19,7.11,66.67,3.79,87.5,25.11,83.02,1.8900000000000001,75.0,18.49,23.93,0.01,0.47000000000000003,0.47000000000000003,0.0,0.0,0.0,0.0,2.84,100.0,2.37,20.0,0.0,0.0,0.0,1.8900000000000001,5.21,36.36,77.78,12.79,0,,0,,0,0.0,0.0,0.0,,,0.0,,0.9500000000000001,0.9500000000000001,0.0,0.0,3.32,0,0
L. Parodi,Luca Parodi,368875,Virtus Entella,Virtus Entella,https://cdn5.wyscout.com/photos/team/public/1370_120x120.png,Serie B,"RCB3, RWB",RCB3,87,RWB,12,,0,31,1995-04-06,300000,2028-06-30,2,190,0,0.0,0,0.05,11.37,62.5,Italy,['Italy'],right,169,70,False,4.74,4.26,66.67,1.42,100.0,0.0,0.0,0.0,1.8900000000000001,2.67,0.47000000000000003,1,0.47000000000000003,0,0.0,0.9500000000000001,0.0,0,0.0,0.0,0,0.0,0,0.0,0.0,0.0,0.0,3.79,12.5,0.0,0.0,3.79,12.5,0.0,0.47000000000000003,100.0,3.79,62.5,0.47000000000000003,0.9500000000000001,0.0,50.21,0.47000000000000003,2.37,57.79,83.61,21.32,77.78,4.74,90.0,51.16,88.89,3.32,71.43,14.8,33.27,0.03,0.47000000000000003,0.0,0.0,0.0,0.0,0.47000000000000003,6.63,71.43,4.26,33.33,0.0,0.0,0.9500000000000001,0.47000000000000003,5.21,90.91,89.47,18.0,0,,0,,0,0.0,0.0,0.0,,,0.0,,1.42,0.0,0.0,0.0,0.0,0,0
S. Merkaj,Silvio Merkaj,-47433,Südtirol,Südtirol,https://cdn5.wyscout.com/photos/team/public/2754_120x120.png,Serie B,CF,CF,100,,0,,0,28,1997-12-04,600000,2029-06-30,2,190,1,0.36,0,0.22,20.84,25.0,Albania,"['Albania', 'Italy']",right,188,82,False,1.8900000000000001,2.37,40.0,4.26,0.0,0.0,0.0,0.0,0.9500000000000001,1.3,2.37,2,0.9500000000000001,0,0.0,0.9500000000000001,0.47000000000000003,1,0.47000000000000003,0.17,0,0.0,2,0.9500000000000001,50.0,50.0,0.0,0.47000000000000003,0.0,0.47000000000000003,0.0,0.0,0.0,0.0,0.47000000000000003,100.0,11.84,32.0,0.47000000000000003,4.26,0.47000000000000003,11.84,1.8900000000000001,0.9500000000000001,16.11,61.76,2.84,16.67,3.32,42.86,15.63,63.64,0.0,0.0,11.71,0.0,0.11,0.9500000000000001,0.0,0.0,0.0,0.0,0.47000000000000003,0.9500000000000001,50.0,1.8900000000000001,25.0,0.0,0.0,0.47000000000000003,0.47000000000000003,2.37,20.0,66.67,5.68,0,,0,,0,0.0,0.0,0.0,,,0.0,,4.26,0.0,0.0,0.0,0.0,0,0
S. Di Mario,Stefano Di Mario,-240792,Virtus Entella,Virtus Entella,https://cdn5.wyscout.com/photos/team/public/1370_120x120.png,Serie B,LWB,LWB,92,,0,,0,21,2004-10-17,0,2030-06-30,2,188,0,0.42,0,0.15,14.84,58.06,Italy,['Italy'],left,184,76,False,7.66,9.1,52.63,0.96,50.0,0.0,0.0,0.48,2.87,4.0,0.96,0,0.0,0,0.0,4.31,0.0,0,0.0,0.2,0,0.0,6,2.87,16.67,0.0,0.0,8.14,35.29,8.14,35.29,0.0,0.0,1.9100000000000001,1.44,66.67,3.83,75.0,1.9100000000000001,2.87,0.48,31.12,0.96,1.9100000000000001,37.82,67.09,8.62,61.11,8.62,88.89,28.24,79.66,1.44,0.0,19.02,17.49,0.07,1.44,0.0,0.0,0.0,0.0,0.48,2.39,60.0,7.18,40.0,0.0,0.0,0.0,2.87,5.27,72.73,57.14,16.76,0,,0,,0,0.0,0.0,0.0,,,1.44,,0.96,0.0,0.0,0.0,0.96,0,0
A. Franzoni,Andrea Franzoni,-68496,Virtus Entella,Virtus Entella,https://cdn5.wyscout.com/photos/team/public/1370_120x120.png,Serie B,"RCMF3, LCMF, RWF",RCMF3,45,LCMF,44,RWF,10,29,1997-03-24,275000,2028-06-30,2,188,0,0.29,0,0.37,10.53,45.45,Italy,['Italy'],right,188,79,False,2.87,2.87,33.33,2.39,60.0,0.0,0.0,0.48,1.9100000000000001,2.67,0.96,0,0.0,0,0.0,1.9100000000000001,0.0,0,0.0,0.14,0,0.0,5,2.39,20.0,0.0,0.0,2.87,50.0,0.48,100.0,2.39,40.0,0.0,0.0,0.0,4.31,44.44,2.87,0.96,0.0,22.5,1.44,2.39,23.94,76.0,6.22,69.23,3.35,85.71,21.06,79.55,0.0,0.0,14.88,0.0,0.18,0.96,0.0,0.0,0.0,0.0,0.96,2.39,40.0,2.87,66.67,0.0,0.0,0.48,1.44,2.87,66.67,91.67,5.74,0,,0,,0,0.0,0.0,0.0,,,0.0,,2.39,0.48,0.48,0.0,0.0,0,0
F. Zampano,Francesco Filippo Zampano,196103,Modena,Modena,https://cdn5.wyscout.com/photos/team/public/179_120x120.png,Serie B,LB,LB,100,,0,,0,32,1993-09-30,900000,2028-06-30,2,185,0,0.0,0,0.0,7.78,56.25,Italy,['Italy'],right,177,74,False,5.84,1.9500000000000002,100.0,0.97,0.0,0.0,0.0,0.0,3.89,4.62,0.49,0,0.0,0,0.0,0.49,0.0,0,0.0,0.0,0,0.0,0,0.0,0.0,0.0,0.0,0.49,0.0,0.49,0.0,0.0,0.0,0.49,1.46,33.33,3.89,37.5,2.43,0.97,0.0,25.78,1.46,0.49,34.54,85.92,9.24,73.68,9.24,100.0,30.16,91.94,3.89,50.0,19.65,38.52,0.0,0.0,0.49,0.0,0.0,0.0,0.0,4.38,55.56,0.97,0.0,0.0,0.0,0.0,0.0,3.41,42.86,80.0,12.16,0,,0,,0,0.0,0.0,0.0,,,0.97,,0.97,0.0,0.0,0.0,0.0,0,0
L. Romani,Lorenzo Romani,-146636,Carrarese,Carrarese,https://cdn5.wyscout.com/photos/team/public/396_120x120.png,Serie B,LCB3,LCB3,100,,0,,0,21,2005-02-28,0,2027-06-30,2,184,0,1.1400000000000001,0,0.0,7.34,33.33,Italy,['Italy'],left,0,0,False,3.91,1.47,33.33,4.4,33.33,0.0,0.0,0.98,3.42,3.62,0.98,0,0.0,0,0.0,0.49,0.0,0,0.0,0.56,0,0.0,4,1.96,25.0,0.0,0.0,0.0,0.0,0.0,0.0,0.0,0.0,0.0,0.49,0.0,0.98,0.0,0.98,0.0,0.0,28.86,0.49,0.49,38.64,77.22,18.59,63.16,2.45,100.0,30.33,90.32,8.32,29.41,22.07,36.49,0.0,0.0,0.0,0.49,0.0,0.0,0.0,3.42,42.86,0.49,0.0,0.0,0.0,0.0,0.0,8.8,38.89,90.0,14.67,0,,0,,0,0.0,0.0,0.0,,,1.47,,4.4,0.0,0.0,0.0,0.0,0,0
S. Luperto,Sebastiano Luperto,307047,Cremonese,Cremonese,https://cdn5.wyscout.com/photos/team/public/197_120x120.png,Serie B,"LCB3, LCB",LCB3,79,LCB,20,,0,29,1996-09-06,3500000,2030-06-30,2,182,0,0.0,0,0.11,5.44,72.73,Italy,['Italy'],left,191,75,False,3.96,1.48,100.0,2.9699999999999998,50.0,0.0,0.0,0.0,2.47,3.66,0.0,0,0.0,0,0.0,0.99,0.0,0,0.0,0.0,0,0.0,1,0.49,100.0,0.0,0.0,0.49,100.0,0.49,100.0,0.0,0.0,0.0,0.0,0.0,0.0,0.0,0.0,1.48,0.0,52.42,0.49,0.49,62.31,92.86,20.27,80.49,2.9699999999999998,83.33,58.35,95.76,3.46,42.86,17.88,36.68,0.05,0.49,0.0,0.0,0.0,0.0,0.49,6.92,64.29,0.49,100.0,0.0,0.0,0.0,0.49,7.42,80.0,100.0,27.69,0,,0,,0,0.0,0.0,0.0,,,0.99,,2.9699999999999998,0.0,0.0,0.0,0.0,0,0
G. Corradini,Giovanni Corradini,-117434,Ascoli,Ascoli,https://cdn5.wyscout.com/photos/team/public/191_120x120.png,Serie B,RDMF,RDMF,100,,0,,0,23,2002-11-12,200000,2027-06-30,2,181,0,0.74,0,0.24,8.45,58.82,Italy,['Italy'],left,182,71,False,4.48,2.98,33.33,2.49,80.0,0.0,0.0,0.0,3.48,7.0,0.99,2,0.99,0,0.0,0.5,0.0,0,0.0,0.37,0,0.0,2,0.99,0.0,0.0,0.0,0.5,0.0,0.0,0.0,0.5,0.0,0.0,0.99,50.0,2.49,60.0,2.49,0.0,0.0,35.3,0.5,0.99,45.75,85.87,12.93,84.62,5.97,100.0,41.77,90.48,3.48,42.86,17.29,36.47,0.12,0.99,0.0,0.0,0.0,0.0,0.99,3.48,57.14,1.49,100.0,0.0,0.0,1.49,0.0,3.98,75.0,91.43,17.4,0,,0,,0,0.0,0.0,0.0,,,0.5,,2.49,0.0,0.0,0.0,0.0,0,0
G. Ambrosino,Giuseppe Ambrosino,-182673,Modena,Modena,https://cdn5.wyscout.com/photos/team/public/179_120x120.png,Serie B,"CF, AMF",CF,89,AMF,10,,0,22,2003-09-10,2200000,2030-06-30,2,181,0,0.1,2,0.22,12.43,52.0,Italy,['Italy'],right,187,73,True,0.5,0.5,0.0,0.99,0.0,0.0,0.0,0.0,0.5,0.6000000000000001,0.99,0,0.0,0,0.0,1.99,0.0,0,0.0,0.05,0,0.0,2,0.99,0.0,0.0,0.99,1.49,33.33,0.5,0.0,0.99,50.0,0.0,1.99,50.0,7.96,62.5,0.5,1.99,0.99,15.41,1.99,2.98,19.39,74.36,4.48,66.67,4.48,100.0,15.91,75.0,1.99,100.0,18.42,21.47,0.11,1.49,0.0,0.5,0.99,50.0,1.49,2.98,83.33,1.49,33.33,1.49,66.67,0.0,0.5,2.98,83.33,66.67,7.46,0,,0,,0,0.0,0.0,0.0,,,0.0,,0.99,0.5,0.5,0.0,0.0,0,0
A. Bianco,Alessandro Bianco,-138863,Modena,Modena,https://cdn5.wyscout.com/photos/team/public/179_120x120.png,Serie B,"LCMF3, CF, RDMF",LCMF3,52,CF,25,RDMF,10,23,2002-10-01,2500000,2029-06-30,2,181,0,0.52,0,0.0,12.93,50.0,Italy,['Italy'],right,173,67,False,5.97,6.96,50.0,1.49,33.33,0.5,0.61,0.0,1.99,2.45,1.99,1,0.5,0,0.0,0.99,0.0,0,0.0,0.26,0,0.0,4,1.99,25.0,0.0,0.0,0.5,0.0,0.5,0.0,0.0,0.0,0.0,0.99,50.0,4.48,55.56,1.99,1.49,0.0,43.26,0.5,2.49,49.72,87.0,14.42,65.52,9.45,100.0,44.75,93.33,4.48,33.33,20.18,42.68,0.0,0.0,0.5,0.0,0.5,0.0,0.0,5.47,72.73,1.99,25.0,0.5,0.0,0.5,0.0,6.46,61.54,93.62,23.37,0,,0,,0,0.0,0.0,0.0,,,3.48,,1.49,0.0,0.0,0.0,0.0,0,0
G. Parlanti,Gabriele Parlanti,-259656,Carrarese,Carrarese,https://cdn5.wyscout.com/photos/team/public/396_120x120.png,Serie B,"RCMF3, DMF",RCMF3,79,DMF,14,,0,22,2004-01-28,0,2028-06-30,2,180,0,0.1,0,0.03,17.5,37.14,Italy,['Italy'],right,181,0,False,5.0,5.5,36.36,3.5,57.14,0.5,0.55,0.0,2.5,2.73,1.0,0,0.0,0,0.0,2.0,0.0,0,0.0,0.05,0,0.0,1,0.5,100.0,0.0,0.0,1.5,33.33,0.0,0.0,1.5,33.33,0.0,2.5,40.0,7.5,33.33,1.0,1.5,0.0,22.0,0.5,2.5,30.0,78.33,8.5,64.71,5.5,90.91,26.5,84.91,2.0,25.0,19.09,36.34,0.01,1.0,0.0,0.0,0.0,0.0,0.0,2.5,100.0,3.0,66.67,0.0,0.0,0.5,0.5,5.0,60.0,78.95,9.5,0,,0,,0,0.0,0.0,0.0,,,0.0,,3.5,0.0,0.0,0.0,0.0,0,0
R. Russo,Raffaele  Russo,459899,Avellino,Avellino,https://cdn5.wyscout.com/photos/team/public/176_120x120.png,Serie B,"LW, CF",LW,55,CF,44,,0,27,1999-02-25,225000,2028-06-30,2,180,2,0.44,0,0.33,24.5,57.14,Italy,['Italy'],right,171,70,False,7.0,5.0,70.0,3.5,57.14,0.0,0.0,0.5,3.5,4.47,1.0,0,0.0,0,0.0,6.0,1.0,2,1.0,0.22,0,0.0,4,2.0,50.0,50.0,0.0,3.0,33.33,2.5,20.0,0.5,100.0,0.5,5.0,80.0,14.5,55.17,3.0,7.0,0.0,26.5,3.5,2.5,35.0,77.14,13.5,66.67,7.5,100.0,29.5,83.05,2.5,60.0,18.12,28.18,0.17,2.5,0.0,0.0,0.5,0.0,1.5,6.5,69.23,2.0,50.0,1.0,50.0,0.5,1.0,6.0,83.33,80.0,10.0,0,,0,,0,0.0,0.0,0.0,,,0.0,,3.5,0.5,0.0,0.0,1.5,0,0
G. Iaccarino,Gennaro Iaccarino,-151157,Arezzo,Arezzo,https://cdn5.wyscout.com/photos/team/public/221_120x120.png,Serie B,"LDMF, DMF",LDMF,50,DMF,49,,0,23,2003-07-01,175000,2029-06-30,2,180,0,0.1,0,0.0,9.0,50.0,Italy,['Italy'],right,175,62,False,2.0,2.5,60.0,1.5,0.0,0.0,0.0,0.0,0.5,0.59,0.5,1,0.5,0,0.0,2.0,0.0,0,0.0,0.05,0,0.0,3,1.5,0.0,0.0,0.0,1.0,50.0,0.0,0.0,1.0,50.0,0.0,2.0,75.0,4.5,66.67,1.0,0.5,0.0,25.0,0.0,1.0,42.5,87.06,10.0,65.0,8.0,100.0,34.5,88.41,7.5,86.67,20.48,38.55,0.0,0.0,0.5,0.0,0.5,0.0,0.0,7.5,73.33,1.5,33.33,0.5,0.0,0.5,0.0,6.0,75.0,91.89,18.5,0,,0,,0,0.0,0.0,0.0,,,1.5,,1.5,0.5,0.0,0.0,2.5,0,0
F. Forte,Francesco Forte,274633,Virtus Entella,Virtus Entella,https://cdn5.wyscout.com/photos/team/public/1370_120x120.png,Serie B,CF,CF,100,,0,,0,33,1993-05-01,0,2027-06-30,2,179,0,0.33,0,0.0,5.53,45.45,Italy,['Italy'],left,187,80,False,0.5,0.5,0.0,2.51,40.0,0.0,0.0,0.0,0.5,0.71,0.5,0,0.0,0,0.0,0.0,0.0,0,0.0,0.17,0,0.0,2,1.01,0.0,0.0,0.0,0.0,0.0,0.0,0.0,0.0,0.0,0.0,0.0,0.0,2.01,50.0,3.02,0.5,0.0,10.56,2.01,0.5,11.56,91.3,3.52,85.71,1.51,100.0,11.56,91.3,0.0,0.0,11.92,0.0,0.0,0.0,0.0,0.0,0.0,0.0,0.0,0.5,100.0,0.5,0.0,0.0,0.0,0.0,0.0,0.5,100.0,100.0,2.51,0,,0,,0,0.0,0.0,0.0,,,0.0,,2.51,0.0,0.0,0.0,0.0,0,0
N. Koffi,N'Dri Philippe Koffi,-137907,Catanzaro,Catanzaro,https://cdn5.wyscout.com/photos/team/public/411_120x120.png,Serie B,CF,CF,100,,0,,0,24,2002-03-09,0,2027-06-30,2,179,0,0.58,0,0.11,16.59,42.42,Côte d'Ivoire,"[""Côte d'Ivoire"", 'France']",right,188,84,False,1.01,1.51,33.33,2.01,50.0,0.0,0.0,0.0,0.5,0.81,1.51,0,0.0,0,0.0,3.02,0.0,0,0.0,0.29,0,0.0,5,2.51,60.0,0.0,0.0,1.01,50.0,0.0,0.0,1.01,50.0,0.0,2.01,50.0,12.07,41.67,3.02,1.01,0.0,12.57,4.53,3.02,14.08,78.57,3.02,66.67,4.53,88.89,12.57,84.0,0.5,0.0,13.99,23.12,0.06,1.01,0.0,0.0,0.0,0.0,0.5,1.01,0.0,1.01,100.0,0.0,0.0,1.01,0.5,1.51,66.67,80.0,2.51,0,,0,,0,0.0,0.0,0.0,,,0.0,,2.01,0.0,0.0,0.0,0.0,0,0
D. Lamesta,Davide Lamesta,-138244,Benevento,Benevento,https://cdn5.wyscout.com/photos/team/public/401_120x120.png,Serie B,RW,RW,94,,0,,0,26,2000-04-19,0,2027-06-30,2,179,0,0.8300000000000001,0,0.65,11.56,43.48,Italy,['Italy'],left,170,67,False,2.51,3.52,57.14,0.0,0.0,0.0,0.0,0.0,0.5,0.6000000000000001,0.5,0,0.0,0,0.0,4.53,0.0,0,0.0,0.42,0,0.0,5,2.51,20.0,0.0,0.0,4.02,37.5,1.01,50.0,3.02,33.33,0.0,4.02,62.5,8.04,37.5,3.02,4.53,0.0,25.64,1.51,0.5,30.67,72.13,6.54,69.23,6.03,91.67,26.65,77.36,0.5,100.0,17.11,23.75,0.32,2.51,0.0,0.0,0.0,0.0,1.51,2.51,60.0,6.54,53.85,0.0,0.0,2.51,1.01,6.54,92.31,71.43,10.56,0,,0,,0,0.0,0.0,0.0,,,0.0,,0.0,0.5,0.0,0.0,6.54,0,0
B. Bjarkason,Bjarki Steinn Bjarkason,502102,Südtirol,Südtirol,https://cdn5.wyscout.com/photos/team/public/2754_120x120.png,Serie B,LWB,LWB,87,,0,,0,26,2000-05-11,800000,2027-06-30,2,179,0,0.12,0,0.25,7.04,50.0,Iceland,['Iceland'],right,180,68,False,6.03,2.51,40.0,1.01,0.0,0.0,0.0,0.0,5.03,6.82,0.0,0,0.0,0,0.0,2.51,0.0,0,0.0,0.06,0,0.0,3,1.51,33.33,0.0,0.0,0.5,100.0,0.5,100.0,0.0,0.0,0.0,2.01,75.0,3.52,71.43,1.01,2.01,0.0,18.6,0.5,1.01,23.63,80.85,4.02,37.5,6.54,100.0,22.12,81.82,1.01,50.0,14.91,62.94,0.13,1.01,0.0,0.0,0.0,0.0,1.01,1.51,66.67,1.51,33.33,0.0,0.0,1.01,0.5,1.01,100.0,80.0,5.03,0,,0,,0,0.0,0.0,0.0,,,0.0,,1.01,0.0,0.0,0.0,0.0,0,0
G. Leone,Giuseppe Leone,509613,Pisa,Pisa,https://cdn5.wyscout.com/photos/team/public/189_120x120.png,Serie B,"RCMF, DMF, RDMF",RCMF,46,DMF,42,RDMF,11,25,2001-05-05,450000,,2,178,1,0.45,0,0.28,5.06,80.0,Italy,['Italy'],right,179,71,False,4.04,2.02,100.0,0.51,0.0,0.0,0.0,0.0,2.02,2.73,0.0,0,0.0,0,0.0,1.01,0.51,1,0.51,0.23,0,0.0,3,1.52,33.33,33.333,0.0,0.51,100.0,0.0,0.0,0.51,100.0,0.51,0.0,0.0,2.02,75.0,0.51,0.0,0.0,42.47,0.51,1.52,52.08,82.52,14.66,72.41,5.5600000000000005,81.82,45.51,85.56,6.07,58.33,18.79,37.39,0.14,0.51,0.0,0.0,0.0,0.0,0.51,9.1,77.78,3.54,57.14,0.0,0.0,1.01,0.51,10.11,65.0,89.58,24.27,0,,0,,0,0.0,0.0,0.0,,,0.0,,0.51,0.0,0.0,0.0,0.0,0,0
A. Sarr,Amin Sarr,-96879,Hellas Verona,Hellas Verona,https://cdn5.wyscout.com/photos/team/public/212_120x120.png,Serie B,"LWB, LAMF, CF",LWB,45,LAMF,36,CF,17,25,2001-03-11,0,2027-12-31,2,178,1,0.77,0,0.41000000000000003,14.16,57.14,Sweden,"['Sweden', 'Senegal']",right,188,83,False,4.04,2.02,50.0,3.03,50.0,0.0,0.0,0.51,3.03,4.29,1.01,0,0.0,0,0.0,3.54,0.51,0,0.0,0.39,0,0.0,2,1.01,100.0,50.0,0.0,3.54,28.57,3.54,28.57,0.0,0.0,1.01,2.5300000000000002,60.0,7.08,64.29,4.04,1.52,0.51,21.24,3.03,0.51,28.82,70.18,8.09,68.75,5.06,90.0,24.27,79.17,1.01,0.0,15.65,36.86,0.21,1.52,0.0,0.0,0.0,0.0,1.52,3.03,66.67,3.03,16.67,0.0,0.0,1.52,2.02,5.06,70.0,41.18,8.6,0,,0,,0,0.0,0.0,0.0,,,0.0,,3.03,0.0,0.0,0.0,0.0,1,100
G. Brugman,Gastón Brugman Duarte,103120,Modena,Modena,https://cdn5.wyscout.com/photos/team/public/179_120x120.png,Serie B,"DMF, LDMF, RCMF",DMF,45,LDMF,27,RCMF,26,33,1992-09-07,2000000,2027-06-30,2,177,0,0.0,1,0.0,9.15,44.44,Uruguay,"['Uruguay', 'Italy']",right,175,75,False,5.59,3.05,50.0,0.0,0.0,0.0,0.0,0.51,4.07,4.8,0.51,0,0.0,0,0.0,0.0,0.0,0,0.0,0.0,0,0.0,1,0.51,0.0,0.0,0.51,0.51,0.0,0.0,0.0,0.51,0.0,0.0,0.51,0.0,4.58,44.44,0.0,0.0,0.0,43.22,0.0,1.02,56.44,89.19,14.75,75.86,6.61,100.0,48.81,93.75,7.12,64.29,18.53,41.39,0.0,0.0,0.0,0.0,0.0,0.0,0.51,5.08,60.0,2.03,0.0,1.02,50.0,0.0,0.0,5.08,60.0,93.18,22.37,0,,0,,0,0.0,0.0,0.0,,,1.53,,0.0,0.0,0.0,0.0,2.03,0,0
G. Scuderi,Giulio Scuderi,-375036,Juve Stabia,Juve Stabia,https://cdn5.wyscout.com/photos/team/public/228_120x120.png,Serie B,LB,LB,100,,0,,0,20,2005-12-09,0,2028-06-30,2,175,0,0.01,0,0.15,10.29,65.0,Italy,['Italy'],left,0,0,True,10.8,6.17,75.0,1.54,66.67,0.51,0.75,0.51,5.66,8.25,0.51,0,0.0,0,0.0,1.03,0.0,0,0.0,0.01,0,0.0,2,1.03,0.0,0.0,0.0,1.54,33.33,1.54,33.33,0.0,0.0,0.51,0.51,100.0,2.06,50.0,0.0,0.51,0.0,26.74,1.03,0.51,29.31,77.19,8.23,62.5,9.26,94.44,25.71,86.0,2.06,0.0,15.49,13.79,0.08,0.51,0.0,0.0,0.0,0.0,0.51,1.03,50.0,3.09,16.67,0.0,0.0,0.0,0.51,4.11,37.5,62.5,8.23,0,,0,,0,0.0,0.0,0.0,,,0.51,,1.54,0.0,0.0,0.0,0.0,0,0
J. Rouhi,Jonas Jakob Rouhi,-130168,Carrarese,Carrarese,https://cdn5.wyscout.com/photos/team/public/396_120x120.png,Serie B,LWB,LWB,100,,0,,0,22,2004-01-07,400000,2028-06-30,2,175,0,0.0,1,0.75,11.83,52.17,Sweden,"['Sweden', 'Morocco']",left,183,68,True,7.2,6.69,38.46,0.51,100.0,0.0,0.0,0.51,4.63,5.0,0.0,1,0.51,0,0.0,1.54,0.0,0,0.0,0.0,0,0.0,0,0.0,0.0,0.0,0.51,1.54,33.33,1.54,33.33,0.0,0.0,0.0,1.03,100.0,4.11,62.5,1.54,2.5700000000000003,1.03,21.6,0.0,1.03,29.83,72.41,11.83,56.52,4.63,77.78,23.66,80.43,4.63,44.44,16.36,41.51,0.39,4.63,0.0,0.0,0.0,0.0,1.03,3.6,57.14,2.5700000000000003,60.0,0.0,0.0,1.03,0.51,8.74,70.59,100.0,5.14,0,,0,,0,0.0,0.0,0.0,,,0.0,,0.51,0.51,0.0,0.0,3.6,0,0
C. Pierobon,Christian  Pierobon,-144533,Juve Stabia,Juve Stabia,https://cdn5.wyscout.com/photos/team/public/228_120x120.png,Serie B,LCMF3,LCMF3,100,,0,,0,24,2002-03-26,175000,2027-06-30,2,174,0,0.37,0,0.08,17.59,61.76,Italy,['Italy'],right,188,74,False,7.24,4.66,88.89,1.03,50.0,0.0,0.0,0.0,3.1,4.86,1.03,0,0.0,0,0.0,0.52,0.0,0,0.0,0.19,0,0.0,2,1.03,50.0,0.0,0.0,1.03,0.0,1.03,0.0,0.0,0.0,0.52,2.59,0.0,10.86,57.14,1.03,1.55,0.0,23.79,0.52,6.21,31.03,80.0,6.21,83.33,9.31,88.89,29.48,82.46,0.52,100.0,17.0,11.57,0.04,1.03,0.0,0.0,0.0,0.0,0.52,4.14,87.5,1.55,33.33,0.0,0.0,0.52,0.0,4.14,75.0,73.68,9.83,0,,0,,0,0.0,0.0,0.0,,,1.55,,1.03,0.0,0.0,0.0,0.0,0,0
L. Candellone,Leonardo Candellone,423463,Juve Stabia,Juve Stabia,https://cdn5.wyscout.com/photos/team/public/228_120x120.png,Serie B,CF,CF,100,,0,,0,28,1997-09-15,400000,2027-06-30,2,174,0,0.55,0,0.0,10.86,47.62,Italy,['Italy'],right,186,80,False,2.59,2.07,50.0,3.62,42.86,0.0,0.0,0.0,1.55,2.43,1.03,0,0.0,0,0.0,0.52,0.0,0,0.0,0.29,0,0.0,4,2.07,25.0,0.0,0.0,0.0,0.0,0.0,0.0,0.0,0.0,0.0,0.0,0.0,3.62,57.14,4.14,0.52,0.0,8.79,0.52,1.03,10.34,70.0,3.62,57.14,2.07,75.0,8.79,70.59,1.55,66.67,15.8,54.75,0.0,0.0,0.0,0.0,0.0,0.0,0.0,2.07,75.0,1.55,66.67,0.0,0.0,1.03,0.0,0.52,100.0,100.0,2.59,0,,0,,0,0.0,0.0,0.0,,,0.0,,3.62,0.0,0.0,0.0,0.0,0,0
R. Pagano,Riccardo Pagano,-138694,Cesena,Cesena,https://cdn5.wyscout.com/photos/team/public/g25343_120x120.png,Serie B,"DMF, RCMF, LCMF",DMF,44,RCMF,41,LCMF,14,21,2004-11-28,2500000,2029-06-30,2,174,0,0.01,0,0.16,6.72,23.08,Italy,['Italy'],right,175,69,False,4.66,5.17,30.0,0.0,0.0,0.0,0.0,0.0,3.1,3.33,2.07,0,0.0,0,0.0,0.0,0.0,0,0.0,0.0,0,0.0,1,0.52,0.0,0.0,0.0,0.0,0.0,0.0,0.0,0.0,0.0,0.0,0.52,0.0,1.03,0.0,0.0,1.03,0.0,27.93,0.0,0.0,40.86,88.61,10.86,71.43,7.76,100.0,37.76,91.78,3.1,50.0,16.63,42.15,0.08,1.03,0.0,0.0,0.0,0.0,0.52,4.66,77.78,0.0,0.0,0.0,0.0,0.52,0.0,3.1,50.0,92.0,12.93,0,,0,,0,0.0,0.0,0.0,,,3.62,,0.0,0.52,0.0,0.0,1.03,0,0
M. Compagnon,Mattia Compagnon,-98252,Hellas Verona,Hellas Verona,https://cdn5.wyscout.com/photos/team/public/212_120x120.png,Serie B,"CF, RAMF, RW",CF,46,RAMF,37,RW,15,24,2001-11-06,500000,2029-06-30,2,173,0,0.56,0,0.42,13.53,57.69,Italy,['Italy'],left,183,67,True,2.08,0.52,0.0,2.6,20.0,0.0,0.0,0.0,2.08,2.93,0.52,0,0.0,0,0.0,3.64,0.0,0,0.0,0.29,0,0.0,5,2.6,40.0,0.0,0.0,0.0,0.0,0.0,0.0,0.0,0.0,0.0,3.12,83.33,9.36,72.22,5.2,2.6,0.0,21.33,2.6,3.12,23.41,73.33,6.24,41.67,6.24,100.0,21.85,78.57,1.56,0.0,14.91,46.93,0.22,0.52,0.0,0.0,0.0,0.0,0.52,4.16,25.0,1.56,33.33,0.0,0.0,0.52,0.0,2.08,75.0,77.78,4.68,0,,0,,0,0.0,0.0,0.0,,,0.52,,2.6,0.0,0.0,0.0,0.0,0,0
S. Damiani,Samuele Damiani,443715,Ascoli,Ascoli,https://cdn5.wyscout.com/photos/team/public/191_120x120.png,Serie B,LDMF,LDMF,100,,0,,0,28,1998-01-30,200000,2027-06-30,2,172,0,0.0,1,0.0,9.42,61.11,Italy,['Italy'],both,178,74,False,6.28,5.23,70.0,0.52,100.0,0.0,0.0,0.52,2.62,5.5600000000000005,0.52,0,0.0,0,0.0,0.0,0.0,0,0.0,0.0,0,0.0,0,0.0,0.0,0.0,0.52,0.0,0.0,0.0,0.0,0.0,0.0,0.0,0.0,0.0,2.09,75.0,0.52,1.57,0.0,48.66,0.0,1.05,62.79,91.67,18.31,88.57,6.28,91.67,60.7,92.24,2.09,75.0,17.34,41.16,0.0,0.0,0.0,0.0,0.0,0.0,0.52,6.8,92.31,0.0,0.0,0.0,0.0,0.0,0.0,5.76,81.82,96.49,29.83,0,,0,,0,0.0,0.0,0.0,,,1.05,,0.52,0.0,0.0,0.0,0.0,0,0
P. Beruatto,Pietro Beruatto,454738,Benevento,Benevento,https://cdn5.wyscout.com/photos/team/public/401_120x120.png,Serie B,LB,LB,94,,0,,0,27,1998-12-21,2700000,2027-06-30,2,172,0,0.23,0,0.0,9.94,36.84,Italy,['Italy'],left,185,80,False,6.8,4.71,44.44,2.09,25.0,0.52,0.6000000000000001,1.57,4.19,4.8,1.57,0,0.0,0,0.0,1.05,0.0,0,0.0,0.12,0,0.0,2,1.05,50.0,0.0,0.0,3.14,16.67,3.14,16.67,0.0,0.0,0.0,1.05,0.0,2.62,20.0,1.05,1.05,0.52,29.83,0.52,0.52,42.91,76.83,10.99,61.9,8.37,100.0,38.2,83.56,1.57,33.33,16.51,27.87,0.0,0.0,0.0,0.0,0.0,0.0,0.0,0.0,0.0,3.66,14.29,0.0,0.0,0.0,0.52,3.14,50.0,73.91,12.03,0,,0,,0,0.0,0.0,0.0,,,0.52,,2.09,0.0,0.0,0.0,0.0,0,0
J. Pohjanpalo,Joel Pohjanpalo,160201,Palermo,Palermo,https://cdn5.wyscout.com/photos/team/public/85_120x120.png,Serie B,CF,CF,100,,0,,0,31,1994-09-13,5500000,2029-06-30,2,172,0,0.97,1,0.0,7.33,42.86,Finland,['Finland'],right,186,83,False,1.57,1.05,0.0,4.19,62.5,0.0,0.0,0.52,1.57,2.05,1.57,0,0.0,0,0.0,1.05,0.0,0,0.0,0.51,0,0.0,6,3.14,33.33,0.0,0.52,0.0,0.0,0.0,0.0,0.0,0.0,0.0,0.0,0.0,1.05,0.0,3.66,1.05,0.52,8.37,1.57,0.52,15.17,68.97,6.28,41.67,3.14,66.67,13.6,69.23,1.57,66.67,15.28,25.34,0.0,0.0,0.0,0.0,0.52,0.0,0.52,3.14,83.33,2.09,0.0,0.52,0.0,1.05,0.0,3.66,71.43,100.0,3.66,0,,0,,0,0.0,0.0,0.0,,,0.52,,4.19,0.0,0.0,0.0,0.0,0,0
E. Saporiti,Edoardo Saporiti,-61784,Empoli,Empoli,https://cdn5.wyscout.com/photos/team/public/77_120x120.png,Serie B,"AMF, LCMF3",AMF,52,LCMF3,42,,0,24,2001-09-17,200000,2028-06-30,2,170,1,0.34,0,0.03,9.0,23.53,Italy,['Italy'],right,186,77,False,4.24,2.12,25.0,0.53,0.0,0.0,0.0,0.53,3.71,4.29,1.06,0,0.0,0,0.0,1.5899999999999999,0.53,1,0.53,0.18,1,0.53,4,2.12,50.0,25.0,0.0,0.53,100.0,0.53,100.0,0.0,0.0,0.0,0.53,0.0,5.29,30.0,1.06,2.12,0.0,15.88,0.53,1.5899999999999999,18.53,74.29,3.18,33.33,7.41,85.71,17.47,75.76,0.53,0.0,17.87,21.49,0.02,0.53,0.53,0.0,0.0,0.0,0.0,2.65,40.0,1.5899999999999999,0.0,0.0,0.0,0.0,0.53,1.5899999999999999,66.67,81.82,5.82,0,,0,,0,0.0,0.0,0.0,,,1.5899999999999999,,0.53,2.65,0.0,0.0,3.71,0,0
P. Iemmello,Pietro Iemmello,95864,Catanzaro,Catanzaro,https://cdn5.wyscout.com/photos/team/public/411_120x120.png,Serie B,AMF,AMF,100,,0,,0,34,1992-03-06,1000000,2027-06-30,2,170,1,0.47000000000000003,0,0.15,7.41,42.86,Italy,['Italy'],right,186,74,False,3.18,2.65,40.0,1.06,50.0,0.0,0.0,0.0,2.12,3.43,1.06,1,0.53,0,0.0,2.12,0.53,1,0.53,0.25,1,0.53,4,2.12,75.0,25.0,0.0,0.53,0.0,0.53,0.0,0.0,0.0,0.0,1.06,50.0,3.18,50.0,1.5899999999999999,0.53,0.0,33.88,2.12,1.06,37.59,76.06,12.71,62.5,4.24,100.0,34.94,80.3,2.12,25.0,14.81,17.6,0.08,0.53,0.53,0.0,0.0,0.0,0.53,4.24,75.0,1.06,0.0,0.0,0.0,1.5899999999999999,0.0,7.94,60.0,89.47,10.06,0,,0,,0,0.0,0.0,0.0,,,0.53,,1.06,0.0,0.0,0.0,0.0,0,0
M. Ruggero,Marco Ruggero,-98398,Catanzaro,Catanzaro,https://cdn5.wyscout.com/photos/team/public/411_120x120.png,Serie B,RCB3,RCB3,100,,0,,0,26,2000-06-01,275000,2028-06-30,2,169,0,0.01,0,0.0,14.38,44.44,Italy,['Italy'],right,182,77,True,6.39,6.92,46.15,4.79,44.44,0.53,0.8300000000000001,1.6,2.66,4.17,2.66,1,0.53,0,0.0,0.53,0.0,0,0.0,0.01,0,0.0,1,0.53,100.0,0.0,0.0,0.53,0.0,0.0,0.0,0.53,0.0,0.0,0.0,0.0,0.0,0.0,0.53,0.53,0.0,35.15,1.07,0.53,42.6,90.0,12.25,78.26,4.79,88.89,39.94,93.33,2.13,50.0,16.19,37.3,0.0,0.0,0.0,0.0,0.0,0.0,0.0,5.33,80.0,1.6,33.33,0.0,0.0,0.53,0.0,5.86,63.64,93.55,16.51,0,,0,,0,0.0,0.0,0.0,,,1.07,,4.79,0.0,0.0,0.0,0.0,0,0
A. Le Borgne,Andrea Le Borgne,-322263,Hellas Verona,Hellas Verona,https://cdn5.wyscout.com/photos/team/public/212_120x120.png,Serie B,"RCMF3, RDMF",RCMF3,56,RDMF,38,,0,20,2006-07-27,0,2028-06-30,2,169,0,0.18,1,0.25,15.44,55.17,France,['France'],unknown,0,0,True,8.52,9.05,58.82,0.53,100.0,0.53,0.77,0.0,2.66,3.85,2.13,1,0.53,0,0.0,2.13,0.0,0,0.0,0.1,0,0.0,4,2.13,0.0,0.0,0.53,2.13,50.0,0.0,0.0,2.13,50.0,0.53,1.6,66.67,5.33,50.0,2.13,1.07,0.53,26.09,0.53,0.53,38.34,84.72,13.85,76.92,4.26,87.5,32.49,90.16,3.73,57.14,19.96,38.33,0.13,0.53,0.0,0.0,0.0,0.0,0.53,3.73,85.71,1.6,33.33,0.0,0.0,0.0,1.07,8.52,75.0,96.55,15.44,0,,0,,0,0.0,0.0,0.0,,,0.53,,0.53,0.0,0.0,0.0,0.0,0,0
Hernani,Hernani Azevedo Júnior,180889,Palermo,Palermo,https://cdn5.wyscout.com/photos/team/public/85_120x120.png,Serie B,"RCMF3, LCMF3",RCMF3,69,LCMF3,30,,0,32,1994-03-27,2000000,2028-06-30,2,169,0,0.30000000000000004,1,0.56,12.78,45.83,Brazil,['Brazil'],right,188,77,False,4.26,4.26,62.5,3.73,57.14,0.0,0.0,0.0,1.6,2.09,1.6,0,0.0,0,0.0,1.07,0.0,0,0.0,0.16,0,0.0,2,1.07,0.0,0.0,0.53,2.13,25.0,0.0,0.0,2.13,25.0,0.0,0.53,0.0,4.26,25.0,4.79,1.07,0.0,22.9,1.07,1.07,29.82,78.57,6.92,69.23,8.52,93.75,25.56,83.33,2.13,75.0,19.7,56.98,0.30000000000000004,1.6,0.0,0.0,0.53,100.0,1.6,3.73,71.43,1.07,50.0,0.53,100.0,1.6,0.53,2.66,100.0,85.71,7.46,0,,0,,0,0.0,0.0,0.0,,,0.0,,3.73,0.0,0.0,0.0,2.13,0,0
A. Silipo,Andrea Silipo,509563,Ascoli,Ascoli,https://cdn5.wyscout.com/photos/team/public/191_120x120.png,Serie B,RAMF,RAMF,100,,0,,0,25,2001-04-17,200000,2027-06-30,2,168,1,0.33,0,0.44,11.79,40.91,Italy,['Italy'],left,170,65,False,2.14,3.21,0.0,0.0,0.0,0.0,0.0,0.0,2.14,4.14,1.07,0,0.0,0,0.0,7.5,0.54,1,0.54,0.17,0,0.0,4,2.14,75.0,25.0,0.0,3.21,50.0,0.0,0.0,3.21,50.0,0.54,5.36,80.0,7.5,57.14,2.68,0.0,0.0,26.25,2.68,0.0,28.93,87.04,5.36,80.0,11.79,90.91,23.57,93.18,2.14,75.0,15.84,33.96,0.24,1.6099999999999999,0.0,0.0,0.0,0.0,1.6099999999999999,1.6099999999999999,100.0,2.14,100.0,0.0,0.0,1.6099999999999999,1.6099999999999999,5.89,63.64,100.0,5.36,0,,0,,0,0.0,0.0,0.0,,,0.0,,0.0,1.6099999999999999,0.0,0.0,3.21,0,0
F. Alessio,Filippo Alessio,-147877,Vicenza,Vicenza,https://cdn5.wyscout.com/photos/team/public/186_120x120.png,Serie B,"CF, AMF",CF,77,AMF,22,,0,21,2004-12-24,0,2028-06-30,2,168,0,0.07,0,0.31,30.0,51.79,Italy,['Italy'],right,182,75,False,4.82,4.29,62.5,4.82,33.33,0.0,0.0,0.54,2.14,3.08,2.14,1,0.54,0,0.0,1.07,0.0,0,0.0,0.04,0,0.0,1,0.54,100.0,0.0,0.0,1.07,50.0,0.54,100.0,0.54,0.0,0.54,1.6099999999999999,0.0,18.21,50.0,4.82,2.14,0.54,12.86,2.14,4.82,23.04,81.4,2.68,60.0,9.11,82.35,21.96,82.93,0.0,0.0,12.46,0.0,0.16,0.54,0.0,0.0,0.0,0.0,1.07,1.6099999999999999,33.33,1.07,100.0,0.0,0.0,1.6099999999999999,0.54,1.07,100.0,76.92,6.96,0,,0,,0,0.0,0.0,0.0,,,0.0,,4.82,0.0,0.0,0.0,0.0,0,0
F. Gerli,Fabio Gerli,305753,Cremonese,Cremonese,https://cdn5.wyscout.com/photos/team/public/197_120x120.png,Serie B,"RCMF, RCMF3, RDMF",RCMF,48,RCMF3,28,RDMF,11,29,1996-12-23,1000000,2028-06-30,2,168,0,0.08,0,0.13,12.32,56.52,Italy,['Italy'],right,173,67,False,4.29,5.89,54.55,1.07,100.0,0.0,0.0,0.0,1.07,1.71,2.14,1,0.54,0,0.0,1.07,0.0,0,0.0,0.04,0,0.0,1,0.54,0.0,0.0,0.0,2.14,25.0,0.0,0.0,2.14,25.0,0.54,0.54,100.0,3.21,66.67,1.6099999999999999,2.68,0.0,69.64,0.0,2.14,81.43,89.47,19.29,72.22,7.5,92.86,74.46,94.24,4.82,44.44,18.84,31.26,0.07,0.54,0.0,0.0,1.07,0.0,0.54,13.93,84.62,2.14,50.0,1.07,0.0,0.54,0.54,4.82,88.89,97.3,39.64,0,,0,,0,0.0,0.0,0.0,,,1.07,,1.07,0.0,0.0,0.0,0.0,0,0
A. Vogliacco,Alessandro Vogliacco,384549,Cremonese,Cremonese,https://cdn5.wyscout.com/photos/team/public/197_120x120.png,Serie B,"RCB3, RB",RCB3,68,RB,24,,0,27,1998-09-14,2000000,2027-06-30,2,168,0,0.15,0,0.22,8.04,66.67,Italy,['Italy'],right,186,82,False,7.5,4.29,62.5,1.6099999999999999,100.0,0.0,0.0,0.54,4.82,7.71,0.0,0,0.0,0,0.0,2.14,0.0,0,0.0,0.08,0,0.0,1,0.54,0.0,0.0,0.0,2.14,100.0,0.0,0.0,2.14,100.0,0.0,0.0,0.0,1.07,50.0,0.54,1.07,0.0,44.46,0.0,0.54,55.71,91.35,19.82,91.89,4.29,75.0,52.5,92.86,1.6099999999999999,33.33,15.96,48.59,0.12,0.54,0.0,0.0,0.0,0.0,0.54,6.96,84.62,2.14,100.0,0.0,0.0,0.54,1.6099999999999999,5.89,90.91,97.3,19.82,0,,0,,0,0.0,0.0,0.0,,,1.07,,1.6099999999999999,0.0,0.0,0.0,0.0,0,0
S. Shpendi,Stiven Shpendi,-160419,Empoli,Empoli,https://cdn5.wyscout.com/photos/team/public/77_120x120.png,Serie B,"CF, AMF",CF,80,AMF,14,,0,23,2003-05-19,2000000,2029-06-30,2,167,1,0.59,0,0.0,14.01,38.46,Italy,"['Italy', 'Albania']",right,181,74,False,0.54,1.62,0.0,3.77,28.57,0.0,0.0,0.0,0.54,0.68,2.69,0,0.0,0,0.0,2.69,0.54,1,0.54,0.32,1,0.54,4,2.16,75.0,25.0,0.0,0.54,0.0,0.0,0.0,0.54,0.0,0.54,1.08,100.0,6.47,58.33,3.23,1.08,1.62,12.4,2.16,1.62,17.78,60.61,5.39,40.0,4.31,100.0,16.17,66.67,1.08,0.0,14.81,43.36,0.0,0.0,0.0,0.0,1.08,0.0,0.0,2.69,20.0,0.54,100.0,1.08,0.0,0.54,0.0,0.0,0.0,33.33,3.23,0,,0,,0,0.0,0.0,0.0,,,0.0,,3.77,0.0,0.0,0.0,0.0,0,0
F. Ranocchia,Filippo Ranocchia,-61361,Palermo,Palermo,https://cdn5.wyscout.com/photos/team/public/85_120x120.png,Serie B,"DMF, LCMF3",DMF,82,LCMF3,17,,0,25,2001-05-14,4000000,2028-06-30,2,167,1,0.33,0,0.58,11.86,54.55,Italy,['Italy'],right,178,72,False,9.16,5.93,54.55,1.08,100.0,0.0,0.0,1.08,5.93,8.68,2.16,0,0.0,0,0.0,3.23,0.54,1,0.54,0.18,0,0.0,9,4.85,44.44,11.111,0.0,1.62,66.67,1.08,50.0,0.54,100.0,0.0,1.08,0.0,4.85,44.44,2.16,1.62,0.54,44.19,0.0,1.08,55.51,88.35,22.1,78.05,12.93,91.67,48.5,90.0,5.39,80.0,17.61,39.64,0.31,2.16,0.54,0.0,0.0,0.0,0.54,8.08,80.0,1.08,50.0,0.0,0.0,0.0,1.08,7.54,78.57,93.94,17.78,0,,0,,0,0.0,0.0,0.0,,,0.0,,1.08,1.08,0.54,100.0,2.69,0,0
G. Alesi,Gabriele Alesi,-146739,Catanzaro,Catanzaro,https://cdn5.wyscout.com/photos/team/public/411_120x120.png,Serie B,"LAMF, AMF, LWB",LAMF,50,AMF,29,LWB,20,22,2004-01-28,200000,2028-06-30,2,166,0,0.30000000000000004,1,0.08,11.93,54.55,Italy,['Italy'],right,175,68,False,2.71,3.25,50.0,1.08,0.0,0.0,0.0,0.0,1.08,1.76,0.54,0,0.0,0,0.0,1.08,0.0,0,0.0,0.17,0,0.0,4,2.17,25.0,0.0,0.54,2.17,0.0,0.54,0.0,1.63,0.0,0.54,0.54,100.0,4.88,77.78,2.71,0.0,0.54,24.94,0.0,2.71,32.53,78.33,6.51,58.33,8.13,93.33,29.82,85.45,0.54,0.0,14.6,14.41,0.04,1.08,0.54,0.0,0.0,0.0,1.08,1.08,100.0,2.17,0.0,0.0,0.0,0.54,0.54,2.71,80.0,83.33,9.76,0,,0,,0,0.0,0.0,0.0,,,0.54,,1.08,0.0,0.0,0.0,0.54,0,0
N. Mosti,Nicola Mosti,443714,Catanzaro,Catanzaro,https://cdn5.wyscout.com/photos/team/public/411_120x120.png,Serie B,"RAMF, LCMF, AMF",RAMF,50,LCMF,29,AMF,20,28,1998-02-07,250000,2027-06-30,2,166,0,0.16,0,0.23,13.55,32.0,Italy,['Italy'],left,177,74,False,2.71,5.42,40.0,0.54,0.0,0.0,0.0,0.0,0.54,0.88,0.54,0,0.0,0,0.0,1.08,0.0,0,0.0,0.09,0,0.0,3,1.63,33.33,0.0,0.0,0.54,0.0,0.54,0.0,0.0,0.0,0.0,0.54,100.0,4.88,22.22,1.63,0.54,0.54,26.57,0.0,0.54,39.58,84.93,15.72,72.41,5.96,90.91,36.33,89.55,2.71,40.0,14.66,27.03,0.13,1.08,0.0,0.54,0.0,0.0,1.08,5.42,90.0,2.71,60.0,0.0,0.0,1.08,0.0,7.05,69.23,89.47,10.3,0,,0,,0,0.0,0.0,0.0,,,0.0,,0.54,0.0,0.0,0.0,0.54,0,0
L. Palmiero,Luca Palmiero,289807,Avellino,Avellino,https://cdn5.wyscout.com/photos/team/public/176_120x120.png,Serie B,"RCMF, DMF",RCMF,60,DMF,39,,0,30,1996-05-01,400000,2028-06-30,2,165,0,0.0,0,0.11,13.09,50.0,Italy,['Italy'],right,177,69,False,11.45,8.73,56.25,0.55,100.0,0.0,0.0,0.55,6.55,8.78,1.6400000000000001,1,0.55,0,0.0,0.0,0.0,0,0.0,0.0,0,0.0,1,0.55,0.0,0.0,0.0,0.0,0.0,0.0,0.0,0.0,0.0,0.0,0.55,0.0,3.8200000000000003,28.57,0.0,0.55,0.0,50.18,0.0,0.55,64.36,82.2,21.27,58.97,7.09,84.62,57.27,86.67,7.09,46.15,17.29,31.59,0.06,0.55,0.0,0.0,0.0,0.0,0.55,7.64,78.57,1.6400000000000001,33.33,0.55,100.0,0.0,0.0,11.45,52.38,96.15,28.36,0,,0,,0,0.0,0.0,0.0,,,0.0,,0.55,0.0,0.0,0.0,0.0,0,0
M. Cissé,Elhadj Moustapha Cissé,-325758,Carrarese,Carrarese,https://cdn5.wyscout.com/photos/team/public/396_120x120.png,Serie B,CF,CF,92,,0,,0,22,2003-09-14,0,2027-06-30,2,164,0,0.35000000000000003,1,0.1,14.27,26.92,Guinea,['Guinea'],right,182,74,True,1.1,1.65,0.0,7.13,38.46,0.0,0.0,0.0,1.1,1.2,1.65,0,0.0,0,0.0,0.55,0.0,0,0.0,0.19,0,0.0,8,4.39,12.5,0.0,0.55,0.0,0.0,0.0,0.0,0.0,0.0,0.0,1.1,0.0,4.94,11.11,4.39,0.55,0.55,9.88,1.1,0.0,13.17,58.33,2.74,40.0,3.84,85.71,13.17,58.33,0.0,0.0,14.89,0.0,0.05,0.55,0.0,0.0,0.0,0.0,0.55,0.55,0.0,0.0,0.0,0.0,0.0,0.0,0.0,0.0,0.0,50.0,5.49,0,,0,,0,0.0,0.0,0.0,,,0.0,,7.13,0.0,0.0,0.0,0.0,0,0
N. Belloni,Niccolò Belloni,272945,Carrarese,Carrarese,https://cdn5.wyscout.com/photos/team/public/396_120x120.png,Serie B,RWB,RWB,77,,0,,0,32,1994-07-10,200000,2027-06-30,2,164,0,0.0,0,0.0,10.98,70.0,Italy,['Italy'],left,176,68,False,4.94,4.39,62.5,0.0,0.0,0.0,0.0,0.0,2.2,2.4,1.1,0,0.0,0,0.0,1.65,0.0,0,0.0,0.0,0,0.0,0,0.0,0.0,0.0,0.0,3.29,33.33,1.65,33.33,1.65,33.33,1.1,1.65,33.33,6.04,72.73,0.55,1.1,0.0,18.66,1.1,2.74,26.89,75.51,13.72,68.0,1.65,100.0,15.91,86.21,7.68,71.43,24.09,39.92,0.0,0.0,0.55,0.0,0.0,0.0,0.0,7.13,76.92,3.29,33.33,0.0,0.0,0.55,1.1,7.13,100.0,78.57,7.68,0,,0,,0,0.0,0.0,0.0,,,0.0,,0.0,0.0,0.0,0.0,0.0,0,0
M. Léris,Mehdi Pascal Marcel Léris,454740,Pisa,Pisa,https://cdn5.wyscout.com/photos/team/public/189_120x120.png,Serie B,"LB, AMF",LB,58,AMF,41,,0,28,1998-05-23,2500000,2027-06-30,2,164,0,0.65,0,0.49,15.37,60.71,France,"['France', 'Algeria']",right,186,78,False,7.68,2.74,100.0,5.49,40.0,0.0,0.0,0.0,4.94,6.59,0.0,0,0.0,0,0.0,3.84,0.0,0,0.0,0.36,0,0.0,6,3.29,33.33,0.0,0.0,2.74,40.0,2.2,25.0,0.55,100.0,1.1,1.65,100.0,5.49,60.0,4.39,3.29,0.55,34.02,1.65,1.1,47.2,74.42,13.17,62.5,8.78,93.75,38.41,81.43,6.04,45.45,16.44,43.1,0.27,1.65,0.55,0.0,0.0,0.0,1.65,6.59,58.33,2.74,80.0,0.0,0.0,1.65,1.1,7.13,76.92,76.92,14.27,0,,0,,0,0.0,0.0,0.0,,,0.55,,5.49,0.0,0.0,0.0,0.0,0,0
M. De Luca,Manuel De Luca,459637,Cremonese,Cremonese,https://cdn5.wyscout.com/photos/team/public/197_120x120.png,Serie B,CF,CF,100,,0,,0,28,1998-07-17,1500000,2028-06-30,2,164,0,0.43,0,0.1,15.37,32.14,Italy,['Italy'],right,192,82,False,1.65,1.65,66.67,3.29,50.0,0.0,0.0,0.0,0.55,0.75,1.1,0,0.0,0,0.0,0.0,0.0,0,0.0,0.23,0,0.0,3,1.65,0.0,0.0,0.0,0.0,0.0,0.0,0.0,0.0,0.0,0.0,0.55,0.0,7.68,28.57,3.84,0.55,0.0,9.88,2.74,1.1,14.27,65.38,2.74,20.0,4.94,77.78,13.72,64.0,0.55,100.0,13.57,9.98,0.05,1.1,0.0,0.0,0.0,0.0,0.55,2.2,25.0,0.55,0.0,0.0,0.0,0.55,0.0,1.65,33.33,60.0,2.74,0,,0,,0,0.0,0.0,0.0,,,0.0,,3.29,0.0,0.0,0.0,0.0,0,0
B. Moruzzi,Brando Moruzzi,-140057,Avellino,Avellino,https://cdn5.wyscout.com/photos/team/public/176_120x120.png,Serie B,"LWB, LB",LWB,58,LB,41,,0,22,2004-07-20,0,2027-06-30,2,162,1,0.47000000000000003,0,0.0,18.89,61.76,Italy,['Italy'],left,184,77,False,15.56,10.0,72.22,3.33,66.67,0.0,0.0,0.0,8.33,10.0,0.0,0,0.0,0,0.0,1.11,0.56,1,0.56,0.26,0,0.0,3,1.67,33.33,33.333,0.0,1.11,0.0,1.11,0.0,0.0,0.0,0.0,1.11,50.0,4.44,37.5,1.67,1.11,0.0,26.11,2.22,0.56,29.44,75.47,10.56,68.42,7.22,76.92,25.0,80.0,3.33,66.67,15.5,17.15,0.0,0.0,0.0,0.0,0.0,0.0,0.0,2.7800000000000002,60.0,1.11,0.0,0.0,0.0,0.0,0.0,6.11,36.36,91.67,6.67,0,,0,,0,0.0,0.0,0.0,,,0.56,,3.33,0.0,0.0,0.0,0.0,0,0
P. Cianci,Pietro Cianci,418560,Arezzo,Arezzo,https://cdn5.wyscout.com/photos/team/public/221_120x120.png,Serie B,CF,CF,100,,0,,0,30,1996-02-02,275000,2028-06-30,2,162,2,1.38,1,0.17,13.33,25.0,Italy,['Italy'],left,196,90,False,0.56,1.11,0.0,7.22,23.08,0.0,0.0,0.56,0.56,0.65,1.11,0,0.0,0,0.0,1.67,1.11,1,0.56,0.77,1,0.56,4,2.22,50.0,50.0,0.56,0.56,100.0,0.56,100.0,0.0,0.0,0.0,1.11,0.0,3.89,28.57,2.22,0.56,0.56,7.78,0.56,0.56,12.78,82.61,3.33,66.67,3.33,100.0,11.11,80.0,1.11,100.0,16.97,28.6,0.09,1.11,0.0,0.0,0.0,0.0,1.11,2.22,75.0,2.22,75.0,0.0,0.0,1.11,0.56,2.22,75.0,100.0,2.22,0,,0,,0,0.0,0.0,0.0,,,0.0,,7.22,0.0,0.0,0.0,0.0,1,100
C. Shpendi,Cristian Shpendi,-289733,Cesena,Cesena,https://cdn5.wyscout.com/photos/team/public/g25343_120x120.png,Serie B,CF,CF,100,,0,,0,23,2003-05-19,3000000,2028-06-30,2,161,2,1.1400000000000001,0,0.26,11.74,19.05,Italy,"['Italy', 'Albania']",right,181,74,False,1.6800000000000002,2.24,0.0,6.15,9.09,0.0,0.0,0.56,1.6800000000000002,1.8399999999999999,3.35,2,1.12,0,0.0,1.12,1.12,2,1.12,0.64,1,0.56,3,1.6800000000000002,66.67,66.667,0.0,0.0,0.0,0.0,0.0,0.0,0.0,0.0,0.0,0.0,2.24,75.0,2.24,0.0,0.0,8.94,2.24,0.56,11.74,71.43,1.6800000000000002,33.33,3.91,85.71,11.18,75.0,0.56,0.0,14.31,16.86,0.15,1.12,0.0,0.0,0.0,0.0,0.56,0.56,0.0,1.12,50.0,0.0,0.0,1.12,0.0,1.6800000000000002,33.33,66.67,3.35,0,,0,,0,0.0,0.0,0.0,,,1.12,,6.15,0.0,0.0,0.0,0.0,0,0
S. D'Uffizi,Simone D'Uffizi,-263873,Ascoli,Ascoli,https://cdn5.wyscout.com/photos/team/public/191_120x120.png,Serie B,"LAMF, AMF",LAMF,84,AMF,15,,0,21,2004-09-15,0,,2,160,1,0.28,0,0.6900000000000001,14.06,64.0,Italy,['Italy'],right,175,68,False,4.5,2.81,40.0,0.0,0.0,0.0,0.0,0.0,3.38,6.92,2.25,2,1.13,0,0.0,5.63,0.56,1,0.56,0.16,0,0.0,3,1.69,66.67,33.333,0.0,2.25,50.0,2.25,50.0,0.0,0.0,0.56,3.38,100.0,11.25,70.0,4.5,2.25,0.0,32.06,2.25,3.94,34.88,77.42,5.63,90.0,12.94,91.3,32.06,78.95,0.56,100.0,15.13,23.51,0.39,2.25,0.0,0.0,0.0,0.0,1.13,1.13,100.0,3.38,66.67,0.0,0.0,2.25,1.13,2.25,100.0,75.0,11.25,0,,0,,0,0.0,0.0,0.0,,,0.0,,0.0,0.0,0.0,0.0,0.0,0,0
F. Reale,Filippo Reale,-368586,Carrarese,Carrarese,https://cdn5.wyscout.com/photos/team/public/396_120x120.png,Serie B,LCMF3,LCMF3,100,,0,,0,20,2006-02-24,0,2028-06-30,2,160,0,0.03,0,0.0,16.88,53.33,Italy,['Italy'],unknown,0,0,True,4.5,5.63,40.0,0.0,0.0,0.0,0.0,0.0,2.25,2.4,2.25,0,0.0,0,0.0,3.38,0.0,0,0.0,0.02,0,0.0,1,0.56,0.0,0.0,0.0,2.25,50.0,2.25,50.0,0.0,0.0,1.13,2.81,80.0,10.69,63.16,1.69,1.13,0.0,14.06,0.56,1.13,24.75,65.91,6.19,45.45,6.19,90.91,21.94,69.23,0.56,0.0,15.18,15.26,0.0,0.0,0.0,0.0,0.0,0.0,0.56,3.38,66.67,1.69,66.67,0.0,0.0,0.56,1.69,6.75,58.33,78.57,7.87,0,,0,,0,0.0,0.0,0.0,,,0.0,,0.0,0.0,0.0,0.0,0.0,0,0
Jonathan Silva,Jonathan Silva Pertinhes,-359453,Mantova,Mantova,https://cdn5.wyscout.com/photos/team/public/181_120x120.png,Serie B,RWB,RWB,100,,0,,0,22,2004-04-24,0,2028-06-30,2,158,0,0.0,0,0.0,12.53,54.55,Brazil,"['Brazil', 'Italy']",unknown,0,0,True,7.97,6.84,41.67,2.2800000000000002,75.0,0.0,0.0,0.0,5.13,7.11,1.71,0,0.0,0,0.0,1.1400000000000001,0.0,0,0.0,0.0,0,0.0,0,0.0,0.0,0.0,0.0,0.5700000000000001,100.0,0.0,0.0,0.5700000000000001,100.0,0.0,0.5700000000000001,100.0,2.2800000000000002,75.0,0.5700000000000001,1.71,0.5700000000000001,21.65,0.0,1.1400000000000001,34.75,83.61,10.25,72.22,8.54,100.0,30.19,84.91,3.99,71.43,19.73,30.73,0.0,0.0,0.0,0.0,0.0,0.0,0.0,0.0,0.0,0.5700000000000001,100.0,0.0,0.0,0.0,0.5700000000000001,6.27,72.73,80.95,11.96,0,,0,,0,0.0,0.0,0.0,,,1.1400000000000001,,2.2800000000000002,0.0,0.0,0.0,0.0,0,0
L. Ignacchiti,Lorenzo Ignacchiti,-139884,Mantova,Mantova,https://cdn5.wyscout.com/photos/team/public/181_120x120.png,Serie B,LCMF,LCMF,100,,0,,0,22,2004-04-25,600000,2030-06-30,2,158,0,0.09,0,0.51,11.96,61.9,Italy,['Italy'],left,178,68,False,5.7,2.2800000000000002,50.0,3.99,57.14,0.0,0.0,0.0,4.5600000000000005,5.85,1.1400000000000001,0,0.0,0,0.0,1.1400000000000001,0.0,0,0.0,0.05,0,0.0,1,0.5700000000000001,100.0,0.0,0.0,0.0,0.0,0.0,0.0,0.0,0.0,0.0,0.5700000000000001,100.0,5.13,66.67,1.1400000000000001,0.5700000000000001,0.0,28.48,0.0,2.2800000000000002,35.89,77.78,13.67,66.67,6.84,91.67,29.62,80.77,6.27,63.64,17.31,35.15,0.29,1.1400000000000001,0.0,0.0,0.0,0.0,0.5700000000000001,7.97,64.29,0.5700000000000001,0.0,0.0,0.0,0.5700000000000001,0.0,6.84,75.0,83.33,10.25,0,,0,,0,0.0,0.0,0.0,,,0.5700000000000001,,3.99,0.0,0.0,0.0,1.71,0,0
E. Gliozzi,Ettore Gliozzi,326905,Mantova,Mantova,https://cdn5.wyscout.com/photos/team/public/181_120x120.png,Serie B,CF,CF,100,,0,,0,30,1995-09-23,1000000,2029-06-30,2,158,0,0.4,0,0.17,15.95,50.0,Italy,['Italy'],right,186,73,False,2.2800000000000002,0.5700000000000001,100.0,8.54,20.0,0.0,0.0,0.0,1.71,2.2,1.1400000000000001,0,0.0,0,0.0,2.2800000000000002,0.0,0,0.0,0.23,0,0.0,6,3.42,33.33,0.0,0.0,0.5700000000000001,100.0,0.0,0.0,0.5700000000000001,100.0,0.0,0.5700000000000001,100.0,4.5600000000000005,87.5,3.99,0.0,0.0,17.66,3.99,2.2800000000000002,18.8,69.7,1.1400000000000001,100.0,6.84,75.0,17.66,70.97,1.1400000000000001,50.0,15.32,39.08,0.1,0.5700000000000001,0.0,0.0,0.0,0.0,0.5700000000000001,0.5700000000000001,100.0,1.1400000000000001,100.0,0.0,0.0,1.1400000000000001,0.0,2.85,40.0,66.67,6.84,0,,0,,0,0.0,0.0,0.0,,,0.0,,8.54,0.0,0.0,0.0,0.0,0,0
M. Leverbe,Maxime Leverbe,330642,Vicenza,Vicenza,https://cdn5.wyscout.com/photos/team/public/186_120x120.png,Serie B,CB,CB,100,,0,,0,29,1997-02-15,600000,2027-06-30,2,157,0,0.0,0,0.32,7.45,38.46,France,['France'],right,188,82,False,4.01,5.16,33.33,1.72,33.33,0.0,0.0,0.0,2.29,3.08,1.72,0,0.0,0,0.0,1.72,0.0,0,0.0,0.0,0,0.0,0,0.0,0.0,0.0,0.0,1.72,66.67,1.72,66.67,0.0,0.0,0.5700000000000001,0.5700000000000001,100.0,0.5700000000000001,100.0,1.15,0.5700000000000001,0.0,26.94,0.0,0.0,42.42,86.49,17.2,83.33,3.44,100.0,36.69,90.63,4.59,50.0,20.99,47.01,0.18,0.5700000000000001,0.0,0.0,0.0,0.0,1.15,5.16,77.78,1.15,100.0,0.0,0.0,0.5700000000000001,1.15,9.17,87.5,86.67,17.2,0,,0,,0,0.0,0.0,0.0,,,2.87,,1.72,0.0,0.0,0.0,0.0,0,0
T. Milanese,Tommaso Milanese,-63184,Ascoli,Ascoli,https://cdn5.wyscout.com/photos/team/public/191_120x120.png,Serie B,RB,RB,92,,0,,0,24,2002-07-31,900000,2029-06-30,2,156,0,0.0,0,0.05,8.65,40.0,Italy,['Italy'],right,173,61,False,3.46,5.19,22.22,0.58,0.0,0.0,0.0,0.0,2.31,4.44,0.58,0,0.0,0,0.0,0.0,0.0,0,0.0,0.0,0,0.0,0,0.0,0.0,0.0,0.0,0.58,0.0,0.0,0.0,0.58,0.0,0.0,0.0,0.0,2.88,80.0,0.0,0.58,0.0,39.23,0.0,0.0,41.54,80.56,15.58,74.07,4.62,87.5,35.77,87.1,5.19,44.44,16.61,30.17,0.03,0.58,0.0,0.0,0.0,0.0,0.58,6.35,72.73,1.15,0.0,0.0,0.0,0.58,0.0,7.5,46.15,84.0,14.42,0,,0,,0,0.0,0.0,0.0,,,1.15,,0.58,0.0,0.0,0.0,0.0,0,0
M. Chakir,Mohammed Amine Chakir,524331,Ascoli,Ascoli,https://cdn5.wyscout.com/photos/team/public/191_120x120.png,Serie B,CF,CF,100,,0,,0,25,2000-10-29,150000,2027-06-30,2,156,0,1.6099999999999999,1,0.31,16.15,64.29,Italy,"['Italy', 'Morocco']",right,180,69,False,2.31,2.31,25.0,9.81,70.59,0.0,0.0,0.58,1.73,3.33,0.58,0,0.0,0,0.0,0.58,0.0,0,0.0,0.93,0,0.0,9,5.19,11.11,0.0,0.58,0.58,0.0,0.0,0.0,0.58,0.0,0.58,0.0,0.0,3.46,66.67,8.65,0.0,0.58,12.12,4.04,2.31,18.46,68.75,4.62,37.5,5.19,77.78,17.31,70.0,0.58,100.0,17.06,18.73,0.18,1.73,0.0,0.0,0.0,0.0,0.58,1.15,50.0,1.15,50.0,0.0,0.0,2.31,0.0,1.73,33.33,72.73,6.35,0,,0,,0,0.0,0.0,0.0,,,0.58,,9.81,0.0,0.0,0.0,0.0,0,0
P. Fusi,Pietro Fusi,-35157,Padova,Padova,https://cdn5.wyscout.com/photos/team/public/g31139_120x120.png,Serie B,LCMF3,LCMF3,100,,0,,0,28,1998-01-21,225000,2029-06-30,2,156,1,0.06,0,0.8200000000000001,13.27,43.48,Italy,['Italy'],right,178,64,False,7.5,5.77,60.0,2.31,25.0,0.58,0.61,0.0,3.46,3.67,2.31,1,0.58,0,0.0,2.31,0.58,1,0.58,0.03,0,0.0,2,1.15,50.0,50.0,0.0,2.31,50.0,2.31,50.0,0.0,0.0,0.58,0.58,100.0,4.04,28.57,1.73,1.73,0.58,18.46,0.0,0.0,25.38,81.82,6.35,81.82,4.62,100.0,21.35,86.49,1.73,66.67,16.01,15.62,0.48,2.31,0.0,0.0,0.0,0.0,2.31,3.46,66.67,3.46,66.67,0.0,0.0,1.15,1.15,5.77,80.0,76.47,9.81,0,,0,,0,0.0,0.0,0.0,,,0.0,,2.31,0.0,0.0,0.0,0.0,0,0
M. Pompetti,Marco Pompetti,471834,Padova,Padova,https://cdn5.wyscout.com/photos/team/public/g31139_120x120.png,Serie B,RCMF3,RCMF3,100,,0,,0,26,2000-05-22,650000,2027-06-30,2,156,0,0.44,0,0.0,13.27,56.52,Italy,['Italy'],left,182,77,False,4.62,5.19,66.67,1.15,0.0,0.58,0.63,0.0,0.58,0.63,1.73,0,0.0,0,0.0,2.31,0.0,0,0.0,0.26,0,0.0,2,1.15,50.0,0.0,0.0,2.31,25.0,0.58,0.0,1.73,33.33,0.0,1.15,100.0,4.04,57.14,1.15,0.0,0.0,13.85,0.0,2.31,19.62,70.59,3.46,66.67,3.46,100.0,14.42,84.0,4.04,42.86,22.86,49.98,0.0,0.0,0.0,0.0,0.0,0.0,0.0,4.62,50.0,2.31,0.0,0.0,0.0,0.0,0.0,2.31,50.0,57.14,8.08,0,,0,,0,0.0,0.0,0.0,,,1.15,,1.15,0.0,0.0,0.0,1.15,0,0
Gerard Yepes,Gerard Yepes Laut,-149644,Empoli,Empoli,https://cdn5.wyscout.com/photos/team/public/77_120x120.png,Serie B,"RCMF, RCMF3",RCMF,53,RCMF3,39,,0,24,2002-08-25,2300000,2027-06-30,2,155,0,0.0,0,0.0,10.45,66.67,Spain,['Spain'],right,170,66,False,6.39,5.8100000000000005,60.0,1.74,100.0,0.0,0.0,0.0,2.9,3.26,1.74,1,0.58,0,0.0,0.0,0.0,0,0.0,0.0,0,0.0,0,0.0,0.0,0.0,0.0,0.0,0.0,0.0,0.0,0.0,0.0,0.0,0.0,0.0,2.32,75.0,0.0,0.0,0.0,28.45,0.0,1.74,38.9,94.03,8.13,71.43,6.39,100.0,36.0,95.16,2.9,80.0,18.43,41.11,0.0,0.0,0.58,0.0,0.0,0.0,0.0,2.32,50.0,0.58,0.0,0.0,0.0,0.58,0.0,2.32,75.0,100.0,17.42,0,,0,,0,0.0,0.0,0.0,,,1.16,,1.74,0.0,0.0,0.0,0.0,0,0
A. Arena,Alessandro Arena,-133939,Arezzo,Arezzo,https://cdn5.wyscout.com/photos/team/public/221_120x120.png,Serie B,"RWF, RAMF",RWF,51,RAMF,48,,0,26,2000-08-03,900000,2027-06-30,2,155,0,0.47000000000000003,0,0.58,19.74,50.0,Italy,['Italy'],left,171,67,False,7.55,7.55,46.15,0.58,0.0,1.16,1.3599999999999999,0.0,2.9,3.41,0.58,0,0.0,0,0.0,7.55,0.0,0,0.0,0.27,0,0.0,5,2.9,20.0,0.0,0.0,5.23,44.44,0.0,0.0,5.23,44.44,0.58,6.97,58.33,11.03,57.89,6.39,4.65,0.0,22.65,6.39,2.32,23.23,80.0,4.65,75.0,3.48,100.0,16.26,89.29,1.74,100.0,23.13,48.15,0.34,2.9,0.0,0.0,0.58,100.0,2.32,2.9,80.0,4.65,62.5,0.58,100.0,2.32,2.9,4.06,85.71,80.0,11.61,0,,0,,0,0.0,0.0,0.0,,,0.0,,0.58,0.0,0.0,0.0,0.58,0,0
S. Zanon,Simone Zanon,-90284,Pisa,Pisa,https://cdn5.wyscout.com/photos/team/public/189_120x120.png,Serie B,"RB, RWB",RB,56,RWB,43,,0,25,2001-08-30,300000,2027-06-30,2,154,0,0.01,0,0.63,12.27,42.86,Italy,['Italy'],right,178,76,True,8.18,7.01,33.33,1.75,66.67,0.0,0.0,0.58,5.84,7.5,2.34,1,0.58,0,0.0,3.51,0.0,0,0.0,0.0,0,0.0,1,0.58,100.0,0.0,0.0,4.09,71.43,0.0,0.0,4.09,71.43,0.58,0.0,0.0,1.17,50.0,3.51,1.17,0.0,33.9,2.92,1.17,40.91,82.86,15.78,66.67,7.6,92.31,35.06,86.67,1.75,33.33,15.61,17.34,0.37,2.34,0.0,0.0,0.0,0.0,2.92,2.92,60.0,4.68,62.5,0.0,0.0,2.34,2.92,7.01,58.33,89.47,11.1,0,,0,,0,0.0,0.0,0.0,,,2.34,,1.75,0.0,0.0,0.0,0.0,0,0
K. Piscopo,Kevin Piscopo,500764,Juve Stabia,Juve Stabia,https://cdn5.wyscout.com/photos/team/public/228_120x120.png,Serie B,LWF,LWF,100,,0,,0,28,1998-02-06,225000,,2,153,0,0.0,0,0.33,10.59,38.89,Italy,['Italy'],right,181,69,False,3.5300000000000002,2.35,25.0,0.59,0.0,0.0,0.0,0.0,2.94,4.69,1.18,0,0.0,0,0.0,2.94,0.0,0,0.0,0.0,0,0.0,0,0.0,0.0,0.0,0.0,4.71,50.0,4.71,50.0,0.0,0.0,0.0,0.59,0.0,7.65,46.15,2.94,0.59,0.0,14.12,0.59,1.18,18.82,62.5,4.12,57.14,4.71,87.5,13.53,65.22,0.59,100.0,17.62,11.24,0.19,1.18,0.0,0.0,0.59,100.0,1.76,0.59,0.0,4.12,71.43,0.59,100.0,1.18,2.35,3.5300000000000002,100.0,72.73,6.47,0,,0,,0,0.0,0.0,0.0,,,0.0,,0.59,0.0,0.0,0.0,0.0,0,0
A. Favilli,Andrea Favilli,393223,Avellino,Avellino,https://cdn5.wyscout.com/photos/team/public/176_120x120.png,Serie B,CF,CF,100,,0,,0,29,1997-05-17,400000,2027-06-30,2,153,0,0.4,3,0.06,26.47,51.11,Italy,['Italy'],left,191,78,False,1.76,2.35,50.0,8.24,35.71,0.0,0.0,0.0,0.59,0.79,2.35,0,0.0,0,0.0,1.76,0.0,0,0.0,0.23,0,0.0,3,1.76,33.33,0.0,1.76,1.18,50.0,0.0,0.0,1.18,50.0,0.0,0.59,100.0,14.12,62.5,2.94,1.18,0.0,15.88,4.12,5.29,21.18,86.11,1.76,100.0,10.59,94.44,20.0,88.24,0.0,0.0,13.69,0.0,0.04,0.59,0.0,0.0,0.0,0.0,1.76,0.59,100.0,1.76,66.67,0.0,0.0,0.59,0.59,2.35,75.0,60.0,5.88,0,,0,,0,0.0,0.0,0.0,,,0.59,,8.24,0.0,0.0,0.0,0.0,0,0
F. Ruocco,Francesco Ruocco,-98362,Mantova,Mantova,https://cdn5.wyscout.com/photos/team/public/181_120x120.png,Serie B,"AMF, LWF",AMF,52,LWF,47,,0,25,2001-03-23,500000,2028-06-30,2,151,2,0.9,0,0.12,14.9,40.0,Italy,['Italy'],right,170,66,False,2.98,1.79,0.0,1.79,66.67,0.6000000000000001,0.77,0.0,2.38,3.08,1.19,0,0.0,0,0.0,2.38,1.19,2,1.19,0.53,0,0.0,5,2.98,40.0,40.0,0.0,1.79,33.33,1.79,33.33,0.0,0.0,0.0,1.19,50.0,7.75,38.46,5.96,1.19,0.0,20.86,1.79,2.38,24.44,80.49,4.17,42.86,10.73,94.44,22.65,84.21,0.0,0.0,13.68,0.0,0.07,0.6000000000000001,0.6000000000000001,0.0,0.0,0.0,0.6000000000000001,1.19,50.0,0.6000000000000001,100.0,0.0,0.0,0.6000000000000001,0.6000000000000001,1.79,66.67,87.5,4.77,0,,0,,0,0.0,0.0,0.0,,,0.0,,1.79,0.0,0.0,0.0,0.0,0,0
M. Palumbo,Martin Njøten Palumbo,-134143,Avellino,Avellino,https://cdn5.wyscout.com/photos/team/public/176_120x120.png,Serie B,"RCMF3, RW",RCMF3,55,RW,44,,0,24,2002-03-05,350000,2028-06-30,2,151,0,0.06,1,0.43,8.94,40.0,Norway,"['Norway', 'Italy']",left,183,75,False,5.36,2.98,40.0,1.79,100.0,0.0,0.0,1.19,4.17,5.12,0.0,0,0.0,0,0.0,4.17,0.0,0,0.0,0.04,0,0.0,3,1.79,100.0,0.0,0.6000000000000001,2.38,75.0,0.0,0.0,2.38,75.0,0.0,1.19,50.0,3.58,16.67,2.38,0.6000000000000001,0.0,33.38,1.79,0.0,39.93,83.58,7.15,50.0,10.73,88.89,35.76,83.33,3.58,100.0,19.28,48.95,0.26,1.79,0.0,0.0,0.0,0.0,1.19,5.36,77.78,0.0,0.0,0.0,0.0,0.6000000000000001,0.0,5.36,66.67,96.0,14.9,0,,0,,0,0.0,0.0,0.0,,,0.6000000000000001,,1.79,1.19,0.0,0.0,1.79,0,0
F. Costa,Filippo Costa,213125,Vicenza,Vicenza,https://cdn5.wyscout.com/photos/team/public/186_120x120.png,Serie B,LWB,LWB,90,,0,,0,31,1995-05-21,400000,2028-06-30,2,151,0,0.01,1,0.45,7.15,83.33,Italy,['Italy'],left,175,68,False,5.96,2.98,80.0,0.0,0.0,0.0,0.0,0.6000000000000001,3.58,4.86,0.6000000000000001,1,0.6000000000000001,0,0.0,5.96,0.0,0,0.0,0.01,0,0.0,2,1.19,0.0,0.0,0.6000000000000001,7.75,53.85,6.5600000000000005,54.55,1.19,50.0,0.0,2.38,75.0,2.38,75.0,1.79,0.6000000000000001,0.0,34.57,1.79,1.19,42.91,76.39,11.32,68.42,4.77,75.0,29.21,85.71,7.15,58.33,22.58,35.61,0.27,2.38,0.0,0.0,0.0,0.0,1.79,7.75,69.23,8.94,60.0,0.0,0.0,2.38,3.58,13.11,90.91,84.85,19.67,0,,0,,0,0.0,0.0,0.0,,,1.19,,0.0,1.19,0.6000000000000001,0.0,7.15,0,0
D. Veroli,Davide Veroli,-147374,Südtirol,Südtirol,https://cdn5.wyscout.com/photos/team/public/2754_120x120.png,Serie B,LCB3,LCB3,100,,0,,0,23,2003-01-29,1700000,2029-06-30,2,151,0,0.0,0,0.0,7.15,58.33,Italy,['Italy'],left,188,76,True,7.15,3.58,50.0,1.79,66.67,0.0,0.0,1.19,5.36,6.75,0.0,0,0.0,0,0.0,0.0,0.0,0,0.0,0.0,0,0.0,0,0.0,0.0,0.0,0.0,0.0,0.0,0.0,0.0,0.0,0.0,0.0,0.0,0.0,1.19,50.0,0.0,0.0,0.0,19.07,0.6000000000000001,0.6000000000000001,30.4,82.35,13.71,65.22,5.36,100.0,26.82,88.89,3.58,33.33,21.32,31.87,0.0,0.0,0.0,0.0,0.0,0.0,0.0,5.36,66.67,0.0,0.0,0.0,0.0,0.0,0.0,5.36,55.56,100.0,8.34,0,,0,,0,0.0,0.0,0.0,,,1.19,,1.79,0.0,0.0,0.0,0.0,0,0
M. Sala,Mattia Sala,-146687,Arezzo,Arezzo,https://cdn5.wyscout.com/photos/team/public/221_120x120.png,Serie B,"RDMF, RCMF3",RDMF,54,RCMF3,45,,0,21,2005-03-25,0,2029-06-30,2,151,0,0.53,0,0.21,17.88,66.67,Italy,['Italy'],,0,0,False,10.13,8.94,60.0,2.38,75.0,0.0,0.0,0.0,4.77,5.71,2.98,1,0.6000000000000001,0,0.0,4.77,0.0,0,0.0,0.32,0,0.0,4,2.38,25.0,0.0,0.0,2.38,50.0,0.6000000000000001,100.0,1.79,33.33,0.0,2.98,80.0,4.77,62.5,3.58,2.38,0.0,25.63,0.6000000000000001,1.19,35.17,84.75,5.36,88.89,4.77,87.5,30.4,86.27,2.98,100.0,20.6,46.72,0.12,1.79,0.0,0.0,0.6000000000000001,100.0,0.6000000000000001,3.58,83.33,1.79,0.0,0.6000000000000001,100.0,0.6000000000000001,0.0,4.17,100.0,88.89,16.09,0,,0,,0,0.0,0.0,0.0,,,1.79,,2.38,0.0,0.0,0.0,0.0,0,0
X. Lyam Druiventak,Xavello Djave Lyam Druiventak,-490122,Cesena,Cesena,https://cdn5.wyscout.com/photos/team/public/g25343_120x120.png,Serie B,RW,RW,94,,0,,0,22,2004-05-03,0,2028-06-30,2,150,0,0.0,1,0.36,19.2,40.63,Netherlands,['Netherlands'],,0,0,False,4.8,3.6,66.67,3.0,0.0,0.0,0.0,0.0,2.4,2.61,1.2,0,0.0,0,0.0,3.0,0.0,0,0.0,0.0,0,0.0,0,0.0,0.0,0.0,0.6000000000000001,1.8,66.67,0.0,0.0,1.8,66.67,0.0,1.8,100.0,10.8,50.0,2.4,3.6,1.8,13.2,3.0,1.8,16.2,62.96,4.2,28.57,4.8,87.5,14.4,62.5,0.0,0.0,13.8,0.0,0.22,1.2,0.0,0.0,0.0,0.0,1.2,0.6000000000000001,100.0,1.8,33.33,0.0,0.0,0.0,1.2,2.4,50.0,62.5,4.8,0,,0,,0,0.0,0.0,0.0,,,0.0,,3.0,0.0,0.0,0.0,0.0,0,0
D. Johnsen,Dennis Törset Johnsen,401124,Palermo,Palermo,https://cdn5.wyscout.com/photos/team/public/85_120x120.png,Serie B,LWF,LWF,100,,0,,0,28,1998-02-17,2700000,2029-06-30,2,150,2,0.61,1,0.02,15.0,36.0,Norway,['Norway'],right,185,75,False,4.2,3.0,20.0,0.6000000000000001,0.0,0.0,0.0,0.0,3.6,4.62,0.0,0,0.0,0,0.0,3.6,1.2,2,1.2,0.37,0,0.0,4,2.4,50.0,50.0,0.6000000000000001,1.2,50.0,0.6000000000000001,100.0,0.6000000000000001,0.0,0.6000000000000001,4.2,42.86,10.8,38.89,5.4,2.4,0.0,24.6,3.6,2.4,27.6,73.91,6.6,63.64,10.8,88.89,22.8,78.95,3.6,50.0,16.19,49.14,0.01,1.2,0.0,0.0,0.0,0.0,0.6000000000000001,1.8,33.33,1.2,0.0,0.0,0.0,0.0,0.0,3.0,60.0,60.0,6.0,0,,0,,0,0.0,0.0,0.0,,,0.6000000000000001,,0.6000000000000001,0.0,0.0,0.0,0.0,0,0
D. Buglio,Davide Buglio,482238,Juve Stabia,Juve Stabia,https://cdn5.wyscout.com/photos/team/public/228_120x120.png,Serie B,DMF,DMF,100,,0,,0,28,1998-02-26,325000,,2,149,0,0.0,0,0.15,9.66,43.75,Italy,['Italy'],left,178,70,False,2.42,2.42,25.0,1.81,0.0,0.0,0.0,0.6000000000000001,1.81,2.9,1.81,1,0.6000000000000001,0,0.0,3.62,0.0,0,0.0,0.0,0,0.0,0,0.0,0.0,0.0,0.0,1.21,100.0,0.6000000000000001,100.0,0.6000000000000001,100.0,0.0,2.42,100.0,4.83,62.5,0.6000000000000001,2.42,0.0,38.66,0.0,0.6000000000000001,52.55,88.51,10.87,61.11,6.64,100.0,50.13,90.36,1.81,33.33,16.79,36.0,0.09,1.21,0.0,0.0,0.0,0.0,0.6000000000000001,4.23,71.43,0.6000000000000001,100.0,0.0,0.0,0.6000000000000001,0.6000000000000001,5.44,66.67,95.45,26.58,0,,0,,0,0.0,0.0,0.0,,,0.6000000000000001,,1.81,1.21,0.0,0.0,2.42,0,0
F. Bonazzoli,Federico Bonazzoli,273833,Cremonese,Cremonese,https://cdn5.wyscout.com/photos/team/public/197_120x120.png,Serie B,"AMF, CF",AMF,46,CF,45,,0,29,1997-05-21,2500000,2028-06-30,2,149,0,0.67,0,0.0,10.27,47.06,Italy,['Italy'],left,182,74,False,1.81,1.81,33.33,0.0,0.0,0.0,0.0,0.0,1.21,2.0,1.21,1,0.6000000000000001,0,0.0,0.6000000000000001,0.0,0,0.0,0.4,0,0.0,5,3.02,20.0,0.0,0.0,0.0,0.0,0.0,0.0,0.0,0.0,0.0,1.21,0.0,7.85,46.15,3.62,0.6000000000000001,0.0,43.49,0.6000000000000001,3.02,45.3,89.33,9.66,75.0,7.85,100.0,42.89,92.96,2.42,25.0,16.46,42.03,0.0,0.0,0.0,0.0,0.0,0.0,0.0,5.44,66.67,1.81,66.67,0.6000000000000001,0.0,1.81,0.0,3.62,100.0,95.83,14.5,0,,0,,0,0.0,0.0,0.0,,,0.0,,0.0,0.0,0.0,0.0,0.0,0,0
G. Pezzella,Giuseppe Pezzella,415580,Cremonese,Cremonese,https://cdn5.wyscout.com/photos/team/public/197_120x120.png,Serie B,"LWB, LB",LWB,64,LB,27,,0,28,1997-11-29,2200000,2028-06-30,2,149,0,0.0,0,0.22,13.29,59.09,Italy,['Italy'],left,187,81,False,4.83,4.83,50.0,1.21,50.0,0.0,0.0,0.0,2.42,4.0,0.0,0,0.0,0,0.0,5.44,0.0,0,0.0,0.0,0,0.0,0,0.0,0.0,0.0,0.0,6.64,9.09,3.62,0.0,3.02,20.0,1.21,5.44,88.89,7.25,66.67,2.42,0.6000000000000001,0.0,24.77,3.62,0.0,33.22,74.55,3.62,83.33,10.27,100.0,24.16,92.5,3.02,60.0,14.91,29.18,0.13,0.6000000000000001,0.0,0.0,0.0,0.0,0.6000000000000001,1.21,100.0,4.83,12.5,0.0,0.0,0.0,0.6000000000000001,1.21,100.0,50.0,12.08,0,,0,,0,0.0,0.0,0.0,,,0.6000000000000001,,1.21,0.0,0.0,0.0,2.42,0,0
A. Prisco,Antonio Prisco,-148761,Benevento,Benevento,https://cdn5.wyscout.com/photos/team/public/401_120x120.png,Serie B,LCMF,LCMF,100,,0,,0,22,2004-04-08,0,2028-06-30,2,149,0,0.16,0,0.27,8.46,57.14,Italy,['Italy'],right,0,0,False,8.46,6.04,50.0,0.6000000000000001,100.0,1.21,1.3,0.6000000000000001,4.23,4.57,1.21,0,0.0,0,0.0,1.21,0.0,0,0.0,0.1,0,0.0,2,1.21,0.0,0.0,0.0,0.6000000000000001,100.0,0.6000000000000001,100.0,0.0,0.0,0.0,0.6000000000000001,100.0,1.81,66.67,0.6000000000000001,1.21,0.6000000000000001,45.91,0.6000000000000001,0.6000000000000001,56.17,86.02,18.12,66.67,6.64,100.0,49.53,87.8,6.04,70.0,18.27,37.97,0.16,1.21,0.0,0.0,0.0,0.0,1.21,7.85,61.54,0.6000000000000001,100.0,0.0,0.0,0.6000000000000001,0.6000000000000001,9.66,68.75,91.18,20.54,0,,0,,0,0.0,0.0,0.0,,,0.6000000000000001,,0.6000000000000001,0.6000000000000001,0.0,0.0,1.81,0,0
G. Caso,Giuseppe Caso,-33131,Modena,Modena,https://cdn5.wyscout.com/photos/team/public/179_120x120.png,Serie B,"LWF, LW, LAMF",LWF,42,LW,31,LAMF,26,27,1998-12-09,1500000,2029-06-30,2,148,2,1.33,0,0.19,10.95,38.89,Italy,['Italy'],right,172,63,False,1.82,0.61,100.0,0.61,0.0,0.0,0.0,0.0,1.22,1.54,0.0,0,0.0,0,0.0,5.47,1.22,2,1.22,0.81,0,0.0,4,2.43,100.0,50.0,0.0,1.22,50.0,1.22,50.0,0.0,0.0,0.0,4.86,50.0,9.12,40.0,3.65,7.3,0.61,27.36,2.43,1.22,27.97,82.61,7.91,46.15,1.82,100.0,25.54,85.71,1.22,50.0,16.9,26.57,0.12,1.82,0.0,0.0,0.61,0.0,1.22,3.65,50.0,4.86,37.5,0.61,0.0,2.43,0.61,3.65,66.67,94.74,11.55,0,,0,,0,0.0,0.0,0.0,,,0.0,,0.61,0.0,0.0,0.0,0.0,0,0
M. Tramoni,Mattéo Tramoni,447235,Pisa,Pisa,https://cdn5.wyscout.com/photos/team/public/189_120x120.png,Serie B,"AMF, LWF",AMF,55,LWF,44,,0,26,2000-01-20,1500000,2030-06-30,2,147,0,0.59,1,0.8200000000000001,14.08,60.87,France,"['France', 'Italy']",right,175,72,False,5.51,4.29,57.14,2.45,75.0,0.0,0.0,0.61,3.06,3.75,0.61,0,0.0,0,0.0,6.12,0.0,0,0.0,0.36,0,0.0,8,4.9,25.0,0.0,0.61,1.8399999999999999,33.33,1.22,50.0,0.61,0.0,0.61,4.9,87.5,6.73,63.64,6.73,4.9,0.0,31.22,1.8399999999999999,0.0,32.45,84.91,5.51,66.67,7.96,84.62,29.39,89.58,1.22,50.0,15.45,21.49,0.5,3.67,0.0,0.0,0.0,0.0,1.8399999999999999,3.06,100.0,2.45,50.0,0.0,0.0,2.45,0.61,6.12,80.0,94.44,11.02,0,,0,,0,0.0,0.0,0.0,,,0.0,,2.45,0.61,0.0,0.0,3.67,0,0
A. Candela,Antonio Candela,467662,Catanzaro,Catanzaro,https://cdn5.wyscout.com/photos/team/public/411_120x120.png,Serie B,"RCMF3, RWB",RCMF3,67,RWB,32,,0,26,2000-04-27,2300000,2028-06-30,2,147,0,0.03,1,0.15,11.02,22.22,Italy,['Italy'],right,185,77,True,3.06,3.67,16.67,1.8399999999999999,33.33,0.0,0.0,0.61,2.45,3.87,2.45,0,0.0,0,0.0,1.8399999999999999,0.0,0,0.0,0.02,0,0.0,1,0.61,100.0,0.0,0.61,3.67,16.67,0.0,0.0,3.67,16.67,0.61,0.61,100.0,3.67,33.33,0.61,3.06,0.0,17.14,1.8399999999999999,0.0,22.65,70.27,7.96,53.85,5.51,100.0,17.76,86.21,1.22,0.0,16.77,28.92,0.09,1.22,0.0,0.0,0.0,0.0,0.61,0.61,0.0,2.45,25.0,0.0,0.0,0.0,0.61,1.8399999999999999,33.33,75.0,4.9,0,,0,,0,0.0,0.0,0.0,,,0.0,,1.8399999999999999,0.0,0.0,0.0,0.0,0,0
F. Abiuso,Fabio Abiuso,-138582,Carrarese,Carrarese,https://cdn5.wyscout.com/photos/team/public/396_120x120.png,Serie B,CF,CF,100,,0,,0,23,2003-02-02,500000,2029-06-30,2,143,1,1.43,0,0.0,11.96,36.84,Italy,['Italy'],right,186,77,False,3.15,2.52,50.0,4.41,28.57,0.0,0.0,0.0,1.8900000000000001,1.96,0.63,1,0.63,0,0.0,0.63,0.63,1,0.63,0.9,0,0.0,4,2.52,25.0,25.0,0.0,0.0,0.0,0.0,0.0,0.0,0.0,0.0,0.0,0.0,3.7800000000000002,33.33,5.03,0.63,0.0,11.96,2.52,1.8900000000000001,17.62,67.86,5.03,25.0,5.03,75.0,17.62,67.86,0.0,0.0,15.59,0.0,0.0,0.0,0.0,0.0,0.0,0.0,0.0,1.8900000000000001,33.33,0.63,0.0,0.0,0.0,0.63,0.0,0.63,0.0,100.0,5.03,0,,0,,0,0.0,0.0,0.0,,,0.0,,4.41,0.0,0.0,0.0,0.0,0,0
L. Cherubini,Luigi Cherubini,-140477,Benevento,Benevento,https://cdn5.wyscout.com/photos/team/public/401_120x120.png,Serie B,LW,LW,100,,0,,0,22,2004-01-15,0,2029-06-30,2,141,0,0.16,0,0.52,14.68,69.57,Italy,['Italy'],right,175,0,True,7.66,4.47,57.14,0.64,100.0,0.0,0.0,0.0,5.11,5.33,0.64,0,0.0,0,0.0,4.47,0.0,0,0.0,0.1,0,0.0,5,3.19,20.0,0.0,0.0,1.9100000000000001,33.33,1.9100000000000001,33.33,0.0,0.0,0.0,2.55,100.0,8.94,78.57,5.74,3.19,0.0,35.11,2.55,2.55,41.49,80.0,11.49,83.33,11.49,88.89,38.3,83.33,1.28,50.0,15.33,21.68,0.33,3.19,0.0,0.0,0.64,100.0,2.55,3.19,80.0,1.9100000000000001,66.67,0.64,100.0,2.55,0.0,6.38,70.0,88.89,5.74,0,,0,,0,0.0,0.0,0.0,,,0.0,,0.64,0.0,0.0,0.0,0.0,0,0
N. Squizzato,Niccolò Squizzato,-63613,Virtus Entella,Virtus Entella,https://cdn5.wyscout.com/photos/team/public/1370_120x120.png,Serie B,"DMF, RCMF",DMF,51,RCMF,48,,0,24,2002-01-07,200000,,2,140,0,0.02,0,0.32,10.29,25.0,Italy,['Italy'],right,187,71,False,3.86,5.14,37.5,0.64,100.0,0.0,0.0,0.64,1.9300000000000002,2.5,3.21,0,0.0,0,0.0,1.29,0.0,0,0.0,0.02,0,0.0,1,0.64,0.0,0.0,0.0,1.29,100.0,0.0,0.0,1.29,100.0,0.0,0.64,0.0,3.21,0.0,1.29,0.64,0.0,54.64,0.0,0.0,72.64,88.5,18.0,64.29,9.64,100.0,66.86,89.42,4.5,71.43,18.24,38.97,0.21,2.5700000000000003,0.0,0.0,0.0,0.0,1.29,10.93,76.47,3.21,80.0,0.0,0.0,1.29,1.29,8.36,92.31,94.83,37.29,0,,0,,0,0.0,0.0,0.0,,,1.29,,0.64,0.0,0.0,0.0,0.0,0,0
F. Rispoli,Fabio Rispoli,-152527,Südtirol,Südtirol,https://cdn5.wyscout.com/photos/team/public/2754_120x120.png,Serie B,"RCMF, LCMF3",RCMF,63,LCMF3,36,,0,19,2006-09-28,0,2027-06-30,2,139,0,0.0,0,0.09,10.36,50.0,Italy,['Italy'],,0,0,True,3.88,2.59,25.0,1.94,33.33,0.0,0.0,0.65,3.24,4.05,0.65,0,0.0,0,0.0,1.29,0.0,0,0.0,0.0,0,0.0,0,0.0,0.0,0.0,0.0,0.65,100.0,0.0,0.0,0.65,100.0,0.0,0.0,0.0,4.53,57.14,1.94,1.29,1.29,33.67,0.65,1.29,44.68,92.75,14.24,81.82,11.01,100.0,42.73,93.94,1.29,50.0,14.58,29.44,0.06,1.29,0.0,0.0,0.65,100.0,1.29,3.88,100.0,1.94,33.33,0.65,100.0,2.59,0.0,6.47,70.0,94.12,11.01,0,,0,,0,0.0,0.0,0.0,,,0.65,,1.94,0.0,0.0,0.0,0.65,0,0
B. Tomašević,Bodin Tomašević,-336221,Mantova,Mantova,https://cdn5.wyscout.com/photos/team/public/181_120x120.png,Serie B,RCB3,RCB3,100,,0,,0,20,2006-05-12,0,2027-06-30,2,135,0,0.0,0,0.2,5.33,87.5,Montenegro,['Montenegro'],right,191,77,True,9.33,2.67,75.0,1.33,100.0,0.0,0.0,0.67,7.33,10.0,0.67,1,0.67,0,0.0,0.0,0.0,0,0.0,0.0,0,0.0,0,0.0,0.0,0.0,0.0,0.0,0.0,0.0,0.0,0.0,0.0,0.0,0.0,0.0,0.67,100.0,0.0,0.0,0.0,28.0,0.67,0.67,46.67,85.71,20.0,76.67,2.0,100.0,43.33,86.15,3.33,80.0,17.87,43.2,0.14,0.67,0.0,0.0,0.0,0.0,0.67,8.0,58.33,0.0,0.0,0.0,0.0,0.0,0.0,7.33,72.73,100.0,18.0,0,,0,,0,0.0,0.0,0.0,,,0.67,,1.33,0.0,0.0,0.0,0.0,0,0
F. Distefano,Filippo Distefano,-167761,Empoli,Empoli,https://cdn5.wyscout.com/photos/team/public/77_120x120.png,Serie B,"AMF, LWF",AMF,54,LWF,45,,0,23,2003-08-28,1800000,2029-06-30,2,135,0,0.0,0,0.05,7.33,18.18,Italy,['Italy'],right,178,73,False,1.33,1.33,0.0,1.33,0.0,0.0,0.0,0.0,1.33,1.54,0.67,0,0.0,0,0.0,0.0,0.0,0,0.0,0.0,0,0.0,0,0.0,0.0,0.0,0.0,0.0,0.0,0.0,0.0,0.0,0.0,0.0,0.0,0.0,4.0,16.67,0.67,0.0,0.0,12.0,0.0,0.67,18.0,81.48,5.33,37.5,6.0,100.0,16.67,84.0,1.33,50.0,14.75,37.39,0.03,0.67,0.0,0.0,0.0,0.0,0.67,2.0,66.67,0.67,100.0,0.0,0.0,0.67,0.0,3.33,60.0,100.0,4.0,0,,0,,0,0.0,0.0,0.0,,,0.67,,1.33,0.0,0.0,0.0,0.0,0,0
S. Perciun,Sergiu Perciun,-320521,Ascoli,Ascoli,https://cdn5.wyscout.com/photos/team/public/191_120x120.png,Serie B,AMF,AMF,100,,0,,0,20,2006-04-23,0,2029-06-30,2,135,0,0.0,0,0.0,20.0,40.0,Moldova,['Moldova'],unknown,0,0,True,8.67,10.0,60.0,3.33,40.0,0.0,0.0,0.0,2.67,5.45,2.67,0,0.0,0,0.0,0.0,0.0,0,0.0,0.0,0,0.0,0,0.0,0.0,0.0,0.0,0.0,0.0,0.0,0.0,0.0,0.0,0.0,2.0,0.0,6.0,11.11,0.67,0.0,0.0,19.33,0.0,0.0,28.0,88.1,8.67,76.92,6.0,100.0,27.33,90.24,0.67,0.0,13.57,17.54,0.0,0.67,0.67,0.0,0.0,0.0,0.0,4.67,71.43,0.0,0.0,0.0,0.0,0.0,0.0,2.67,75.0,91.67,8.0,0,,0,,0,0.0,0.0,0.0,,,0.0,,3.33,0.0,0.0,0.0,2.67,0,0
S. Esposito,Salvatore Esposito,508983,Sampdoria,Sampdoria,https://cdn5.wyscout.com/photos/team/public/88_120x120.png,Serie B,DMF,DMF,100,,0,,0,25,2000-10-07,2800000,2031-06-30,2,133,0,0.1,0,0.17,4.74,57.14,Italy,['Italy'],right,178,70,False,2.71,1.35,50.0,0.68,100.0,0.0,0.0,0.0,2.03,2.9,0.0,0,0.0,0,0.0,0.0,0.0,0,0.0,0.07,0,0.0,2,1.35,0.0,0.0,0.0,1.35,0.0,0.0,0.0,1.35,0.0,0.68,0.0,0.0,2.03,33.33,0.0,2.03,0.0,42.63,0.0,0.68,63.61,89.36,20.3,76.67,6.77,100.0,55.49,92.68,6.77,80.0,19.47,46.27,0.11,1.35,0.0,0.0,0.0,0.0,0.68,12.86,78.95,3.38,40.0,0.0,0.0,0.68,0.68,10.15,86.67,93.48,31.13,0,,0,,0,0.0,0.0,0.0,,,2.03,,0.68,2.71,1.35,0.0,2.03,0,0
M. Guidi,Matteo Guidi,-153516,Cesena,Cesena,https://cdn5.wyscout.com/photos/team/public/g25343_120x120.png,Serie B,"LCMF, LW",LCMF,81,LW,18,,0,23,2003-07-03,0,2028-06-30,2,133,0,0.61,0,0.0,15.56,39.13,Italy,['Italy'],right,184,76,False,3.38,6.09,33.33,5.41,37.5,0.0,0.0,0.0,1.35,1.58,4.74,1,0.68,0,0.0,0.68,0.0,0,0.0,0.41000000000000003,0,0.0,3,2.03,33.33,0.0,0.0,0.0,0.0,0.0,0.0,0.0,0.0,0.0,0.0,0.0,2.71,75.0,1.35,0.0,0.0,15.56,4.06,2.03,18.27,59.26,8.12,25.0,2.71,100.0,16.24,62.5,2.03,33.33,17.19,38.81,0.0,0.0,0.0,0.0,0.0,0.0,0.0,3.38,20.0,0.0,0.0,0.0,0.0,0.0,0.0,4.06,33.33,80.0,3.38,0,,0,,0,0.0,0.0,0.0,,,1.35,,5.41,0.0,0.0,0.0,0.0,0,0
M. Besaggio,Michele  Besaggio,-119469,Avellino,Avellino,https://cdn5.wyscout.com/photos/team/public/176_120x120.png,Serie B,"LCMF, LCMF3",LCMF,50,LCMF3,49,,0,24,2002-04-28,600000,2028-06-30,2,132,1,0.06,0,0.0,14.32,52.38,Italy,['Italy'],right,181,70,False,6.14,7.5,54.55,1.3599999999999999,50.0,0.0,0.0,0.0,2.05,2.65,2.05,2,1.3599999999999999,0,0.0,2.05,0.68,1,0.68,0.04,0,0.0,1,0.68,100.0,100.0,0.0,1.3599999999999999,100.0,0.0,0.0,1.3599999999999999,100.0,0.0,0.0,0.0,4.09,50.0,1.3599999999999999,0.0,0.0,27.95,0.68,2.05,34.77,88.24,5.45,62.5,8.86,92.31,32.73,87.5,0.68,100.0,17.44,21.71,0.0,0.0,0.68,0.0,0.0,0.0,0.0,4.09,83.33,1.3599999999999999,100.0,0.0,0.0,0.68,0.68,5.45,62.5,100.0,14.32,0,,0,,0,0.0,0.0,0.0,,,0.0,,1.3599999999999999,0.0,0.0,0.0,0.0,0,0
S. Lottici Tessadri,Simone Lottici Tessadri,-160512,Cremonese,Cremonese,https://cdn5.wyscout.com/photos/team/public/197_120x120.png,Serie B,"LCMF, DMF, LDMF",LCMF,62,DMF,22,LDMF,15,20,2006-06-30,0,2029-06-30,2,131,0,0.1,0,0.12,6.87,60.0,Italy,['Italy'],,0,0,False,2.75,2.75,25.0,1.37,50.0,0.0,0.0,0.6900000000000001,2.06,4.29,1.37,0,0.0,0,0.0,1.37,0.0,0,0.0,0.07,0,0.0,2,1.37,0.0,0.0,0.0,1.37,100.0,0.6900000000000001,100.0,0.6900000000000001,100.0,0.0,0.0,0.0,2.75,100.0,0.0,0.6900000000000001,0.0,69.39,0.0,2.75,83.82,93.44,20.61,83.33,10.31,100.0,79.69,93.97,2.75,75.0,17.44,33.94,0.08,0.6900000000000001,0.0,0.0,0.0,0.0,0.6900000000000001,14.43,85.71,2.75,100.0,0.0,0.0,1.37,1.37,7.5600000000000005,100.0,96.77,42.6,0,,0,,0,0.0,0.0,0.0,,,2.06,,1.37,0.0,0.0,0.0,0.0,0,0
G. Caprari,Gianluca Caprari,180518,Padova,Padova,https://cdn5.wyscout.com/photos/team/public/g31139_120x120.png,Serie B,CF,CF,100,,0,,0,33,1993-07-30,4000000,2027-06-30,2,131,0,0.43,0,0.58,15.11,45.45,Italy,['Italy'],right,176,72,False,4.8100000000000005,1.37,100.0,2.06,66.67,0.0,0.0,0.6900000000000001,3.44,3.66,0.6900000000000001,0,0.0,0,0.0,2.06,0.0,0,0.0,0.30000000000000004,0,0.0,2,1.37,0.0,0.0,0.0,2.06,100.0,2.06,100.0,0.0,0.0,0.6900000000000001,1.37,0.0,9.62,42.86,4.12,2.06,0.0,26.11,0.6900000000000001,4.12,33.66,83.67,7.5600000000000005,72.73,8.93,92.31,30.92,84.44,0.6900000000000001,0.0,15.6,22.03,0.4,2.75,0.0,0.0,0.0,0.0,1.37,1.37,50.0,2.75,100.0,0.0,0.0,0.6900000000000001,2.06,3.44,100.0,86.67,10.31,0,,0,,0,0.0,0.0,0.0,,,0.6900000000000001,,2.06,1.37,0.0,0.0,2.06,0,0
L. Zonta,Loris Zonta,425169,Vicenza,Vicenza,https://cdn5.wyscout.com/photos/team/public/186_120x120.png,Serie B,"DMF, RCMF3, RDMF",DMF,36,RCMF3,35,RDMF,28,29,1997-05-22,250000,2028-06-30,2,130,0,0.04,0,0.1,11.77,35.29,Italy,['Italy'],right,180,74,False,2.77,6.23,33.33,1.38,50.0,0.0,0.0,0.0,0.6900000000000001,1.07,2.08,1,0.6900000000000001,0,0.0,0.0,0.0,0,0.0,0.03,0,0.0,1,0.6900000000000001,0.0,0.0,0.0,0.6900000000000001,0.0,0.0,0.0,0.6900000000000001,0.0,0.0,0.0,0.0,3.46,20.0,0.0,0.0,0.0,31.15,0.6900000000000001,0.6900000000000001,45.0,95.38,11.08,100.0,4.85,100.0,39.46,98.25,4.85,85.71,23.01,45.84,0.07,0.6900000000000001,0.0,0.0,0.0,0.0,0.6900000000000001,10.38,93.33,1.38,50.0,0.0,0.0,0.6900000000000001,0.0,4.85,100.0,93.75,22.15,0,,0,,0,0.0,0.0,0.0,,,0.6900000000000001,,1.38,0.0,0.0,0.0,0.0,0,0
A. Harroui,Abdou Harroui,455481,Hellas Verona,Hellas Verona,https://cdn5.wyscout.com/photos/team/public/212_120x120.png,Serie B,"LCMF3, AMF",LCMF3,51,AMF,48,,0,28,1998-01-13,2700000,2028-06-30,2,130,0,0.9400000000000001,0,0.11,13.85,30.0,Netherlands,"['Netherlands', 'Morocco']",right,182,76,False,2.08,4.85,14.29,1.38,0.0,0.0,0.0,0.0,1.38,1.88,3.46,0,0.0,0,0.0,2.77,0.0,0,0.0,0.65,0,0.0,7,4.85,14.29,0.0,0.0,2.77,50.0,1.38,50.0,1.38,50.0,0.0,1.38,50.0,6.23,33.33,4.85,0.0,0.0,33.23,1.38,1.38,33.92,81.63,6.92,70.0,6.23,88.89,29.77,83.72,2.08,66.67,19.17,43.57,0.08,2.08,0.0,0.6900000000000001,0.0,0.0,0.6900000000000001,3.46,80.0,2.08,33.33,0.0,0.0,0.6900000000000001,2.08,4.85,42.86,90.91,15.23,0,,0,,0,0.0,0.0,0.0,,,0.6900000000000001,,1.38,0.6900000000000001,0.6900000000000001,0.0,1.38,0,0
R. Ilie,Rareş Ilie,-198031,Mantova,Mantova,https://cdn5.wyscout.com/photos/team/public/181_120x120.png,Serie B,"RWF, AMF",RWF,55,AMF,44,,0,23,2003-04-19,3000000,2029-06-30,2,129,1,0.62,0,0.41000000000000003,16.74,45.83,Romania,['Romania'],right,186,73,False,4.19,4.19,50.0,3.49,60.0,0.0,0.0,0.0,2.09,2.65,1.4,0,0.0,0,0.0,2.79,0.7000000000000001,1,0.7000000000000001,0.43,0,0.0,4,2.79,50.0,25.0,0.0,2.09,66.67,0.7000000000000001,100.0,1.4,50.0,0.0,0.0,0.0,6.98,40.0,3.49,2.09,0.7000000000000001,23.02,2.79,1.4,25.81,75.68,4.19,50.0,5.58,100.0,22.33,78.13,1.4,50.0,15.11,27.44,0.29,2.79,0.0,0.0,0.0,0.0,2.09,2.79,50.0,3.49,80.0,0.0,0.0,2.09,1.4,3.49,100.0,83.33,8.37,0,,0,,0,0.0,0.0,0.0,,,0.0,,3.49,0.7000000000000001,0.0,0.0,1.4,0,0
Vasco Lopes,Vasco Rafael Fortes Lopes,-103345,Südtirol,Südtirol,https://cdn5.wyscout.com/photos/team/public/2754_120x120.png,Serie B,"RWF, RCMF3",RWF,81,RCMF3,18,,0,27,1999-09-02,450000,2029-09-30,2,128,0,0.38,0,0.0,18.28,38.46,Portugal,"['Portugal', 'Cape Verde Islands']",left,185,77,False,2.11,6.33,33.33,4.22,33.33,0.0,0.0,0.0,0.0,0.0,2.81,0,0.0,0,0.0,2.81,0.0,0,0.0,0.27,0,0.0,4,2.81,25.0,0.0,0.0,1.4100000000000001,50.0,0.0,0.0,1.4100000000000001,50.0,0.0,2.11,66.67,7.03,40.0,2.81,1.4100000000000001,0.0,27.42,0.0,2.81,30.94,84.09,11.25,62.5,9.84,100.0,28.83,87.8,0.7000000000000001,0.0,13.72,14.14,0.0,0.0,0.0,0.0,0.0,0.0,0.0,4.22,100.0,2.81,50.0,0.0,0.0,0.7000000000000001,0.7000000000000001,4.22,66.67,90.0,7.03,0,,0,,0,0.0,0.0,0.0,,,0.0,,4.22,0.0,0.0,0.0,0.0,0,0
R. Bozhinov,Rosen Bozhinov,-283606,Pisa,Pisa,https://cdn5.wyscout.com/photos/team/public/189_120x120.png,Serie B,"LCB3, LCB",LCB3,61,LCB,38,,0,21,2005-01-23,0,2030-06-30,2,127,0,0.0,0,0.0,9.21,69.23,Bulgaria,['Bulgaria'],left,190,78,False,7.09,3.54,80.0,4.96,71.43,0.0,0.0,0.0,4.25,6.0,0.71,0,0.0,0,0.0,0.0,0.0,0,0.0,0.0,0,0.0,0,0.0,0.0,0.0,0.0,0.0,0.0,0.0,0.0,0.0,0.0,0.0,0.0,0.0,0.0,0.0,0.0,0.71,0.0,28.35,0.0,0.0,40.39,92.98,10.63,93.33,1.42,100.0,37.56,94.34,2.83,75.0,18.19,30.6,0.0,0.0,0.0,0.0,0.0,0.0,0.0,3.54,80.0,0.0,0.0,0.0,0.0,0.71,0.0,4.96,57.14,96.88,22.68,0,,0,,0,0.0,0.0,0.0,,,0.0,,4.96,0.0,0.0,0.0,0.0,0,0
O. Correia,Omar Correia,-352803,Pisa,Pisa,https://cdn5.wyscout.com/photos/team/public/189_120x120.png,Serie B,"LCMF, LDMF",LCMF,75,LDMF,16,,0,26,2000-04-10,0,2029-06-30,2,126,0,0.09,1,0.33,15.71,40.91,France,"['France', 'Senegal']",right,187,80,False,7.86,3.5700000000000003,60.0,0.0,0.0,0.71,0.91,0.0,5.0,6.36,1.43,0,0.0,0,0.0,2.86,0.0,0,0.0,0.06,0,0.0,1,0.71,0.0,0.0,0.71,0.71,100.0,0.71,100.0,0.0,0.0,0.0,2.14,66.67,10.0,35.71,2.86,0.0,0.71,25.71,0.0,2.14,40.0,91.07,12.14,70.59,8.57,100.0,39.29,90.91,0.0,0.0,14.87,0.0,0.23,0.71,0.0,0.0,0.71,100.0,0.71,5.0,57.14,0.71,100.0,0.71,100.0,1.43,0.71,2.86,50.0,100.0,14.29,0,,0,,0,0.0,0.0,0.0,,,0.71,,0.0,0.0,0.0,0.0,0.0,0,0
G. Moncini,Gabriele Moncini,322025,Vicenza,Vicenza,https://cdn5.wyscout.com/photos/team/public/186_120x120.png,Serie B,CF,CF,100,,0,,0,30,1996-04-26,1100000,2028-06-30,2,124,0,0.6000000000000001,0,0.31,8.71,8.33,Italy,['Italy'],right,183,75,False,0.0,2.18,0.0,3.63,20.0,0.0,0.0,0.0,0.0,0.0,1.45,1,0.73,0,0.0,1.45,0.0,0,0.0,0.43,0,0.0,3,2.18,33.33,0.0,0.0,0.73,100.0,0.0,0.0,0.73,100.0,0.0,0.0,0.0,2.18,0.0,4.35,0.0,0.0,15.24,2.18,0.0,18.87,84.62,1.45,100.0,6.53,77.78,17.42,87.5,0.73,0.0,14.72,21.55,0.22,1.45,0.0,0.0,0.0,0.0,1.45,2.9,75.0,0.73,100.0,0.0,0.0,1.45,0.73,2.18,100.0,90.91,7.98,0,,0,,0,0.0,0.0,0.0,,,0.0,,3.63,0.0,0.0,0.0,0.0,0,0
S. Santoro,Simone  Santoro,504040,Modena,Modena,https://cdn5.wyscout.com/photos/team/public/179_120x120.png,Serie B,"RCMF3, RDMF",RCMF3,76,RDMF,23,,0,26,1999-09-20,1000000,2029-06-30,2,124,1,0.07,0,0.0,7.98,45.45,Italy,['Italy'],right,181,68,False,4.35,5.08,28.57,0.73,0.0,0.0,0.0,0.0,2.9,3.43,2.9,0,0.0,0,0.0,1.45,0.73,1,0.73,0.05,0,0.0,1,0.73,100.0,100.0,0.0,0.73,0.0,0.0,0.0,0.73,0.0,0.0,0.73,100.0,1.45,100.0,0.0,1.45,0.73,28.31,0.0,0.73,40.65,85.71,7.26,70.0,8.71,100.0,37.74,90.38,2.18,33.33,15.65,23.5,0.0,0.0,0.0,0.0,0.73,0.0,0.0,2.9,50.0,0.73,0.0,0.73,0.0,0.0,0.0,4.35,33.33,81.82,15.97,0,,0,,0,0.0,0.0,0.0,,,0.0,,0.73,0.0,0.0,0.0,0.0,0,0
A. Vasić,Aljoša Vasić,-149629,Südtirol,Südtirol,https://cdn5.wyscout.com/photos/team/public/2754_120x120.png,Serie B,LWF,LWF,93,,0,,0,24,2002-04-21,1500000,2027-06-30,2,124,0,0.13,1,0.08,13.79,42.11,Italy,"['Italy', 'Serbia']",right,188,78,False,2.9,2.9,50.0,1.45,50.0,0.0,0.0,0.0,1.45,2.07,1.45,1,0.73,0,0.0,2.18,0.0,0,0.0,0.09,0,0.0,1,0.73,0.0,0.0,0.73,2.18,33.33,2.18,33.33,0.0,0.0,0.0,2.18,66.67,7.26,40.0,0.0,2.9,0.73,23.23,1.45,2.18,24.68,70.59,5.8100000000000005,50.0,4.35,83.33,21.05,75.86,1.45,50.0,16.53,35.09,0.06,0.73,0.0,0.0,0.0,0.0,0.73,2.9,25.0,0.73,100.0,0.0,0.0,0.0,0.73,2.9,75.0,100.0,6.53,0,,0,,0,0.0,0.0,0.0,,,0.0,,1.45,0.0,0.0,0.0,0.0,0,0
M. Dorval,Mehdi Dorval,-239636,Catanzaro,Catanzaro,https://cdn5.wyscout.com/photos/team/public/411_120x120.png,Serie B,"RWB, LWB, LCMF3",RWB,38,LWB,31,LCMF3,30,25,2001-02-09,1400000,2029-06-30,2,123,0,0.02,0,0.0,12.44,47.06,France,"['France', 'Algeria']",right,176,70,False,3.66,2.93,50.0,2.2,33.33,0.0,0.0,0.73,2.2,3.46,0.73,0,0.0,0,0.0,2.2,0.0,0,0.0,0.01,0,0.0,1,0.73,0.0,0.0,0.0,5.12,0.0,2.2,0.0,2.93,0.0,0.73,2.2,100.0,6.59,55.56,0.0,0.73,0.0,27.07,0.0,1.46,39.51,70.37,12.44,70.59,12.44,100.0,32.2,81.82,2.2,66.67,15.25,21.8,0.0,0.0,0.0,0.0,0.0,0.0,0.0,2.2,33.33,7.32,30.0,0.0,0.0,2.2,0.0,6.59,66.67,36.36,8.05,0,,0,,0,0.0,0.0,0.0,,,0.0,,2.2,0.0,0.0,0.0,0.0,0,0
P. Saio,Pietro Saio,-139953,Benevento,Benevento,https://cdn5.wyscout.com/photos/team/public/401_120x120.png,Serie B,LCB,LCB,92,,0,,0,23,2003-08-04,100000,2028-06-30,2,123,0,0.0,0,0.0,13.9,73.68,Italy,['Italy'],right,0,0,False,10.24,7.32,80.0,4.39,66.67,0.0,0.0,0.73,4.39,6.21,1.46,0,0.0,0,0.0,0.0,0.0,0,0.0,0.0,0,0.0,0,0.0,0.0,0.0,0.0,0.0,0.0,0.0,0.0,0.0,0.0,0.0,0.0,0.0,0.73,100.0,0.73,0.0,0.0,27.07,0.0,0.73,43.17,89.83,19.76,81.48,2.2,100.0,41.71,92.98,1.46,0.0,18.04,26.57,0.0,0.0,0.0,0.0,0.0,0.0,0.0,3.66,80.0,0.0,0.0,0.0,0.0,0.0,0.0,4.39,50.0,95.83,17.56,0,,0,,0,0.0,0.0,0.0,,,1.46,,4.39,0.0,0.0,0.0,0.0,0,0
A. Bernede,Antoine Bernede,419555,Hellas Verona,Hellas Verona,https://cdn5.wyscout.com/photos/team/public/212_120x120.png,Serie B,"DMF, RCMF",DMF,79,RCMF,16,,0,27,1999-05-26,3200000,2028-06-30,2,120,0,0.1,0,0.58,12.75,52.94,France,"['France', 'Cameroon']",right,177,69,False,5.25,4.5,50.0,2.25,33.33,0.0,0.0,0.0,3.0,5.45,0.75,0,0.0,0,0.0,0.75,0.0,0,0.0,0.08,0,0.0,1,0.75,0.0,0.0,0.0,1.5,50.0,0.75,0.0,0.75,100.0,0.75,0.75,0.0,3.75,60.0,0.0,0.75,0.0,33.75,0.0,0.75,54.0,87.5,18.0,75.0,8.25,100.0,50.25,91.04,2.25,33.33,19.5,31.99,0.43,3.0,0.0,0.0,0.0,0.0,2.25,7.5,80.0,3.75,80.0,0.0,0.0,3.0,0.75,8.25,90.91,93.1,21.75,0,,0,,0,0.0,0.0,0.0,,,1.5,,2.25,0.0,0.0,0.0,0.0,0,0
N. Karić,Nermin Karić,-61455,Juve Stabia,Juve Stabia,https://cdn5.wyscout.com/photos/team/public/228_120x120.png,Serie B,RCMF3,RCMF3,100,,0,,0,27,1999-07-23,500000,2029-06-30,2,119,0,0.33,0,0.37,7.5600000000000005,30.0,Sweden,"['Sweden', 'Bosnia and Herzegovina']",right,183,80,False,3.7800000000000002,3.03,50.0,2.27,0.0,0.0,0.0,0.0,2.27,3.6,0.76,0,0.0,0,0.0,1.51,0.0,0,0.0,0.25,0,0.0,3,2.27,33.33,0.0,0.0,0.76,0.0,0.0,0.0,0.0,0.0,0.76,0.0,0.0,2.27,33.33,3.7800000000000002,0.0,0.0,27.23,1.51,0.76,31.01,78.05,7.5600000000000005,50.0,8.32,72.73,29.5,82.05,0.76,0.0,14.16,20.7,0.28,2.27,0.0,0.0,0.76,100.0,1.51,0.76,0.0,3.7800000000000002,80.0,0.76,100.0,3.03,0.0,4.54,66.67,100.0,8.32,0,,0,,0,0.0,0.0,0.0,,,0.0,,2.27,0.0,0.0,0.0,1.51,0,0
F. Depaoli,Fabio Depaoli,433613,Sampdoria,Sampdoria,https://cdn5.wyscout.com/photos/team/public/88_120x120.png,Serie B,LWF,LWF,81,,0,,0,29,1997-04-24,3000000,2028-06-30,2,118,0,0.42,0,0.35000000000000003,12.97,41.18,Italy,['Italy'],right,182,71,False,10.68,5.34,71.43,2.29,0.0,0.76,1.0,0.0,6.1,8.0,0.76,0,0.0,0,0.0,0.76,0.0,0,0.0,0.32,0,0.0,3,2.29,0.0,0.0,0.0,1.53,50.0,1.53,50.0,0.0,0.0,0.0,0.0,0.0,3.05,50.0,1.53,0.0,0.0,9.15,1.53,1.53,11.44,66.67,2.29,66.67,3.81,80.0,9.92,69.23,0.0,0.0,15.5,0.0,0.27,1.53,0.0,0.0,0.0,0.0,1.53,1.53,0.0,3.05,75.0,0.0,0.0,1.53,0.76,2.29,66.67,66.67,2.29,0,,0,,0,0.0,0.0,0.0,,,0.0,,2.29,0.0,0.0,0.0,0.0,0,0
L. Sernicola,Leonardo Sernicola,437537,Benevento,Benevento,https://cdn5.wyscout.com/photos/team/public/401_120x120.png,Serie B,"RB, LB",RB,79,LB,20,,0,29,1997-07-30,2000000,2028-06-30,2,114,0,0.02,0,0.02,5.53,28.57,Italy,['Italy'],right,188,78,False,3.16,2.37,33.33,0.79,100.0,0.0,0.0,0.0,2.37,3.21,1.58,1,0.79,0,0.0,1.58,0.0,0,0.0,0.01,0,0.0,1,0.79,0.0,0.0,0.0,2.37,66.67,1.58,50.0,0.79,100.0,0.0,0.79,0.0,1.58,0.0,0.0,0.0,0.0,21.32,0.79,0.0,26.05,96.97,6.32,100.0,9.47,100.0,23.68,100.0,0.79,100.0,23.92,23.67,0.02,0.79,0.0,0.0,0.0,0.0,0.0,0.0,0.0,2.37,66.67,0.0,0.0,0.0,1.58,5.53,100.0,83.33,4.74,0,,0,,0,0.0,0.0,0.0,,,0.0,,0.79,0.0,0.0,0.0,0.79,0,0
L. Caferri,Lorenzo Caferri,-157332,Vicenza,Vicenza,https://cdn5.wyscout.com/photos/team/public/186_120x120.png,Serie B,"RWB, RB",RWB,66,RB,33,,0,27,1999-04-26,250000,2028-06-30,2,112,0,0.03,0,1.1400000000000001,12.86,37.5,Italy,['Italy'],right,179,71,False,4.02,3.21,25.0,2.41,0.0,0.8,1.25,0.0,2.41,3.75,0.0,0,0.0,0,0.0,8.04,0.0,0,0.0,0.03,0,0.0,2,1.6099999999999999,0.0,0.0,0.0,8.04,70.0,0.0,0.0,8.04,70.0,0.8,4.02,60.0,5.63,57.14,1.6099999999999999,3.21,0.0,46.61,4.82,0.8,63.48,86.08,13.66,64.71,17.68,100.0,50.63,88.89,5.63,85.71,18.97,30.03,0.92,4.02,0.0,0.0,0.0,0.0,3.21,6.43,100.0,6.43,62.5,0.0,0.0,0.8,4.82,14.46,77.78,96.43,22.5,0,,0,,0,0.0,0.0,0.0,,,2.41,,2.41,0.0,0.0,0.0,0.0,0,0
M. Carraro,Marco Carraro,482778,Vicenza,Vicenza,https://cdn5.wyscout.com/photos/team/public/186_120x120.png,Serie B,DMF,DMF,100,,0,,0,28,1998-01-09,300000,2028-06-30,2,109,0,0.01,0,0.0,12.39,46.67,Italy,['Italy'],left,187,83,False,5.78,4.13,40.0,2.48,66.67,0.0,0.0,0.8300000000000001,4.13,5.36,0.8300000000000001,0,0.0,0,0.0,0.0,0.0,0,0.0,0.01,0,0.0,2,1.65,0.0,0.0,0.0,0.0,0.0,0.0,0.0,0.0,0.0,0.0,0.8300000000000001,0.0,4.13,40.0,0.0,2.48,0.8300000000000001,44.59,0.0,1.65,53.67,86.15,9.91,83.33,4.13,100.0,49.54,90.0,4.13,40.0,20.27,35.13,0.0,0.0,0.0,0.0,0.0,0.0,0.0,12.39,66.67,1.65,0.0,0.0,0.0,0.0,0.0,7.43,66.67,86.49,30.55,0,,0,,0,0.0,0.0,0.0,,,0.8300000000000001,,2.48,0.0,0.0,0.0,0.0,0,0
A. Fiori,Antonio Fiori,-140829,Cesena,Cesena,https://cdn5.wyscout.com/photos/team/public/g25343_120x120.png,Serie B,LW,LW,100,,0,,0,23,2003-02-21,350000,2027-06-30,2,108,1,0.37,0,0.0,9.17,54.55,Italy,['Italy'],right,180,70,True,2.5,1.67,50.0,0.0,0.0,0.0,0.0,0.0,1.67,2.22,1.67,0,0.0,0,0.0,3.33,0.8300000000000001,1,0.8300000000000001,0.31,1,0.8300000000000001,3,2.5,66.67,33.333,0.0,0.8300000000000001,0.0,0.8300000000000001,0.0,0.0,0.0,0.0,1.67,100.0,6.67,62.5,3.33,0.0,0.0,12.5,1.67,1.67,16.67,90.0,2.5,100.0,6.67,87.5,15.83,94.74,0.0,0.0,15.58,0.0,0.0,0.0,0.0,0.0,0.0,0.0,0.0,0.8300000000000001,100.0,0.8300000000000001,0.0,0.0,0.0,0.8300000000000001,0.8300000000000001,2.5,33.33,85.71,5.83,0,,0,,0,0.0,0.0,0.0,,,0.0,,0.0,0.0,0.0,0.0,0.0,0,0
N. Schiavi,Nicolás Adrián Schiavi,345221,Carrarese,Carrarese,https://cdn5.wyscout.com/photos/team/public/396_120x120.png,Serie B,"DMF, LCMF",DMF,88,LCMF,11,,0,31,1995-02-01,500000,2027-06-30,2,108,0,0.01,0,0.1,13.33,68.75,Argentina,"['Argentina', 'Italy']",right,173,70,False,9.17,5.0,50.0,3.33,100.0,0.0,0.0,0.8300000000000001,6.67,6.49,0.8300000000000001,1,0.8300000000000001,0,0.0,2.5,0.0,0,0.0,0.0,0,0.0,1,0.8300000000000001,100.0,0.0,0.0,1.67,50.0,0.0,0.0,1.67,50.0,0.0,0.8300000000000001,100.0,4.17,80.0,0.0,0.0,0.0,18.33,0.0,2.5,31.67,78.95,10.83,61.54,2.5,100.0,25.83,93.55,4.17,0.0,18.56,36.64,0.08,0.8300000000000001,0.0,0.0,0.0,0.0,0.0,6.67,50.0,2.5,33.33,0.0,0.0,0.0,0.8300000000000001,3.33,75.0,85.71,11.67,0,,0,,0,0.0,0.0,0.0,,,0.0,,3.33,0.0,0.0,0.0,3.33,0,0
G. Kastanos,Grigoris Kastanos,316336,Hellas Verona,Hellas Verona,https://cdn5.wyscout.com/photos/team/public/212_120x120.png,Serie B,"LDMF, LCMF, LCMF3",LDMF,61,LCMF,25,LCMF3,13,28,1998-01-30,0,2027-06-30,2,107,0,0.11,0,0.64,14.3,64.71,Cyprus,['Cyprus'],left,179,70,False,7.57,4.21,60.0,1.6800000000000002,0.0,1.6800000000000002,2.22,0.0,3.36,4.44,0.84,0,0.0,0,0.0,2.52,0.0,0,0.0,0.1,0,0.0,4,3.36,25.0,0.0,0.0,0.84,100.0,0.84,100.0,0.0,0.0,0.0,1.6800000000000002,50.0,5.89,71.43,1.6800000000000002,2.52,0.0,24.39,0.0,4.21,35.33,76.19,12.62,53.33,6.73,87.5,29.44,80.0,5.05,50.0,19.54,34.28,0.54,5.05,0.0,0.0,0.0,0.0,1.6800000000000002,7.57,44.44,4.21,60.0,0.0,0.0,2.52,0.84,5.89,71.43,92.31,10.93,0,,0,,0,0.0,0.0,0.0,,,0.84,,1.6800000000000002,1.6800000000000002,0.0,0.0,3.36,0,0
A. Calabresi,Arturo Calabresi,273835,Pisa,Pisa,https://cdn5.wyscout.com/photos/team/public/189_120x120.png,Serie B,RCB3,RCB3,90,,0,,0,30,1996-03-17,900000,2027-06-30,2,105,0,0.0,0,0.30000000000000004,9.43,45.45,Italy,['Italy'],right,186,75,False,7.71,2.5700000000000003,33.33,0.86,0.0,0.0,0.0,0.0,6.86,8.0,0.86,1,0.86,0,0.0,0.86,0.0,0,0.0,0.0,0,0.0,0,0.0,0.0,0.0,0.0,0.86,100.0,0.0,0.0,0.86,100.0,0.0,0.0,0.0,3.43,50.0,0.0,0.86,0.0,28.29,1.71,1.71,36.86,90.7,17.14,90.0,5.14,100.0,34.29,92.5,1.71,50.0,16.35,37.25,0.26,1.71,0.0,0.0,0.0,0.0,0.86,3.43,75.0,1.71,50.0,0.0,0.0,0.86,0.86,5.14,66.67,81.82,9.43,0,,0,,0,0.0,0.0,0.0,,,3.43,,0.86,0.0,0.0,0.0,0.0,0,0
E. Pierozzi,Edoardo Pierozzi,-80458,Benevento,Benevento,https://cdn5.wyscout.com/photos/team/public/401_120x120.png,Serie B,RB,RB,91,,0,,0,24,2001-09-12,200000,2028-06-30,2,105,0,0.2,0,0.0,5.14,16.67,Italy,['Italy'],right,182,70,False,2.5700000000000003,3.43,25.0,0.0,0.0,0.0,0.0,0.0,1.71,2.4,0.86,0,0.0,0,0.0,0.0,0.0,0,0.0,0.17,0,0.0,2,1.71,0.0,0.0,0.0,0.86,0.0,0.0,0.0,0.86,0.0,0.0,0.86,0.0,1.71,0.0,3.43,0.86,0.0,23.14,1.71,0.0,32.57,78.95,18.0,71.43,3.43,100.0,30.0,82.86,1.71,50.0,16.8,14.51,0.0,0.0,0.0,0.0,0.0,0.0,0.0,2.5700000000000003,33.33,1.71,50.0,0.0,0.0,0.86,0.0,5.14,33.33,83.33,5.14,0,,0,,0,0.0,0.0,0.0,,,0.86,,0.0,0.0,0.0,0.0,0.0,0,0
T. Begić,Tjaš Begić,-146832,Sampdoria,Sampdoria,https://cdn5.wyscout.com/photos/team/public/88_120x120.png,Serie B,"LW, RWF, LWF",LW,60,RWF,19,LWF,16,23,2003-06-30,900000,2030-06-30,2,104,0,0.53,0,0.06,16.44,68.42,Slovenia,['Slovenia'],right,175,65,False,6.92,5.19,66.67,0.87,100.0,0.0,0.0,0.0,3.46,5.71,0.87,0,0.0,0,0.0,7.79,0.0,0,0.0,0.45,0,0.0,4,3.46,50.0,0.0,0.0,8.65,20.0,6.92,25.0,1.73,0.0,1.73,6.06,71.43,10.38,66.67,8.65,6.06,0.0,40.67,4.33,1.73,46.73,68.52,8.65,80.0,9.52,90.91,38.08,79.55,0.0,0.0,15.63,0.0,0.06,0.87,0.0,0.0,0.87,0.0,1.73,1.73,100.0,7.79,33.33,0.87,0.0,1.73,3.46,9.52,63.64,50.0,17.31,0,,0,,0,0.0,0.0,0.0,,,0.0,,0.87,0.0,0.0,0.0,0.87,0,0
A. Makoumbou,Antoine Makoumbou,459826,Samsunspor,Sampdoria,https://cdn5.wyscout.com/photos/team/public/1343_120x120.png,Süper Lig,"RCMF, RCMF3",RCMF,59,RCMF3,36,,0,28,1998-07-18,4500000,2029-06-30,1,104,0,0.1,0,0.21,8.65,20.0,France,"['France', 'Congo']",right,187,80,False,4.33,0.87,100.0,0.87,0.0,0.0,0.0,0.0,3.46,4.0,0.0,1,0.87,0,0.0,1.73,0.0,0,0.0,0.09,0,0.0,1,0.87,100.0,0.0,0.0,0.87,0.0,0.87,0.0,0.0,0.0,0.0,3.46,25.0,6.92,12.5,0.87,0.0,0.0,36.35,0.0,0.87,44.13,84.31,14.71,76.47,6.06,100.0,39.81,84.78,3.46,100.0,18.39,38.51,0.18,0.87,0.0,0.87,0.0,0.0,0.87,4.33,80.0,2.6,66.67,0.0,0.0,2.6,0.0,5.19,66.67,100.0,13.85,0,,0,,0,0.0,0.0,0.0,,,2.6,,0.87,0.0,0.0,0.0,0.0,0,0
M. Cocchi,Matteo Cocchi,-153954,Padova,Padova,https://cdn5.wyscout.com/photos/team/public/g31139_120x120.png,Serie B,LWB,LWB,100,,0,,0,19,2007-02-01,0,,2,104,0,0.13,0,0.12,15.58,72.22,Italy,['Italy'],left,0,0,True,9.52,5.19,66.67,2.6,100.0,0.0,0.0,0.87,6.06,6.5600000000000005,2.6,0,0.0,0,0.0,3.46,0.0,0,0.0,0.11,0,0.0,2,1.73,50.0,0.0,0.0,2.6,33.33,2.6,33.33,0.0,0.0,0.0,1.73,100.0,4.33,60.0,1.73,1.73,0.0,25.96,4.33,1.73,33.75,69.23,19.9,60.87,5.19,100.0,26.83,77.42,4.33,40.0,19.01,32.97,0.1,0.87,0.0,0.0,0.0,0.0,0.87,2.6,33.33,2.6,33.33,0.0,0.0,0.0,0.87,6.06,42.86,66.67,2.6,0,,0,,0,0.0,0.0,0.0,,,0.0,,2.6,0.0,0.0,0.0,0.0,0,0
T. Cassandro,Tommaso Cassandro,-49929,Palermo,Palermo,https://cdn5.wyscout.com/photos/team/public/85_120x120.png,Serie B,RB,RB,100,,0,,0,26,2000-01-09,600000,2030-06-30,2,104,0,0.1,0,0.0,9.52,27.27,Italy,['Italy'],right,185,75,False,2.6,6.06,14.29,0.87,100.0,0.0,0.0,0.0,1.73,2.4,4.33,1,0.87,0,0.0,0.87,0.0,0,0.0,0.08,0,0.0,2,1.73,0.0,0.0,0.0,1.73,0.0,0.0,0.0,1.73,0.0,0.0,0.87,100.0,2.6,33.33,0.87,0.87,0.0,26.83,3.46,0.0,32.88,84.21,13.85,81.25,6.92,100.0,26.83,90.32,4.33,80.0,20.88,42.11,0.0,0.0,0.0,0.0,0.0,0.0,0.0,4.33,60.0,2.6,33.33,0.0,0.0,0.87,0.0,6.06,85.71,77.78,7.79,0,,0,,0,0.0,0.0,0.0,,,0.0,,0.87,0.0,0.0,0.0,0.0,0,0
D. Vavassori,Dominic Vavassori,-148388,Palermo,Palermo,https://cdn5.wyscout.com/photos/team/public/85_120x120.png,Serie B,"RWF, LWF",RWF,63,LWF,36,,0,20,2005-12-09,0,2029-06-30,2,103,0,0.39,0,0.18,9.61,27.27,Italy,['Italy'],right,177,69,True,3.5,1.75,50.0,0.87,0.0,0.0,0.0,0.0,2.62,3.6,0.87,0,0.0,0,0.0,0.87,0.0,0,0.0,0.34,0,0.0,1,0.87,100.0,0.0,0.0,0.0,0.0,0.0,0.0,0.0,0.0,0.0,1.75,0.0,6.12,28.57,2.62,0.87,0.0,22.72,1.75,1.75,24.47,78.57,6.99,87.5,6.99,87.5,22.72,84.62,1.75,0.0,12.45,33.97,0.16,0.87,0.0,0.0,0.0,0.0,0.87,5.24,83.33,1.75,50.0,0.0,0.0,1.75,0.0,1.75,50.0,50.0,5.24,0,,0,,0,0.0,0.0,0.0,,,0.0,,0.87,0.0,0.0,0.0,0.0,0,0
A. Fulignati,Andrea Fulignati,278433,Cremonese,Cremonese,https://cdn5.wyscout.com/photos/team/public/197_120x120.png,Serie B,GK,GK,100,,0,,0,31,1994-10-31,700000,2028-06-30,1,102,0,0.0,0,0.0,0.0,0.0,Italy,['Italy'],right,190,88,False,2.65,0.0,0.0,0.0,0.0,0.0,0.0,0.0,2.65,6.43,0.0,0,0.0,0,0.0,0.0,0.0,0,0.0,0.0,0,0.0,0,0.0,0.0,0.0,0.0,0.0,0.0,0.0,0.0,0.0,0.0,0.0,0.0,0.0,0.0,0.0,0.0,0.0,0.0,18.53,0.0,0.0,30.88,85.71,14.12,68.75,0.0,0.0,24.71,100.0,6.18,28.57,26.56,44.04,0.0,0.0,0.0,0.0,0.0,0.0,0.0,2.65,33.33,0.0,0.0,0.0,0.0,0.0,0.0,4.41,60.0,100.0,15.88,1,0.88,5,4.41,0,80.0,1.1400000000000001,1.01,0.14,0.124,0.0,0.0,0.0,,,,0.0,0,0
N. Previtali,Martin Previtali,-371968,Virtus Entella,Virtus Entella,https://cdn5.wyscout.com/photos/team/public/1370_120x120.png,Serie B,RWB,RWB,100,,0,,0,21,2004-11-20,0,2027-06-30,1,102,0,0.01,0,0.0,8.82,80.0,Italy,['Italy'],right,178,66,False,9.71,4.41,100.0,2.65,66.67,0.0,0.0,0.88,5.29,7.5,0.0,0,0.0,0,0.0,0.88,0.0,0,0.0,0.01,0,0.0,1,0.88,100.0,0.0,0.0,2.65,0.0,0.0,0.0,2.65,0.0,0.0,0.0,0.0,1.76,50.0,0.88,0.0,0.0,22.06,0.0,0.0,31.76,75.0,8.82,60.0,8.82,100.0,26.47,90.0,2.65,0.0,12.25,28.95,0.0,0.0,0.0,0.0,0.0,0.0,0.0,0.0,0.0,3.5300000000000002,25.0,0.0,0.0,0.88,0.0,2.65,33.33,50.0,5.29,0,,0,,0,0.0,0.0,0.0,,,0.0,,2.65,0.0,0.0,0.0,0.0,0,0
T. Biasci,Tommaso Biasci,288241,Avellino,Avellino,https://cdn5.wyscout.com/photos/team/public/176_120x120.png,Serie B,CF,CF,100,,0,,0,31,1994-11-10,900000,2027-06-30,2,102,0,0.18,0,0.23,15.0,47.06,Italy,['Italy'],right,182,78,False,4.41,5.29,50.0,1.76,50.0,0.0,0.0,0.0,1.76,2.31,2.65,0,0.0,0,0.0,1.76,0.0,0,0.0,0.16,0,0.0,2,1.76,0.0,0.0,0.0,0.0,0.0,0.0,0.0,0.0,0.0,0.0,1.76,100.0,6.18,42.86,2.65,0.88,0.0,14.12,3.5300000000000002,0.0,19.41,81.82,3.5300000000000002,50.0,4.41,100.0,19.41,81.82,0.0,0.0,11.5,0.0,0.21,0.88,0.0,0.0,0.0,0.0,0.88,1.76,50.0,0.88,100.0,0.0,0.0,0.88,0.0,2.65,100.0,80.0,4.41,0,,0,,0,0.0,0.0,0.0,,,0.0,,1.76,0.0,0.0,0.0,0.0,0,0
M. Perin,Mattia Perin,103157,Palermo,Palermo,https://cdn5.wyscout.com/photos/team/public/85_120x120.png,Serie B,GK,GK,100,,0,,0,33,1992-11-10,3000000,2027-06-30,1,101,0,0.0,0,0.0,0.89,0.0,Italy,['Italy'],right,188,77,False,0.0,0.0,0.0,0.0,0.0,0.0,0.0,0.0,0.0,0.0,0.0,0,0.0,0,0.0,0.0,0.0,0,0.0,0.0,0,0.0,0,0.0,0.0,0.0,0.0,0.0,0.0,0.0,0.0,0.0,0.0,0.0,0.89,0.0,0.89,0.0,0.0,0.0,0.89,14.26,0.0,0.0,29.41,75.76,16.93,68.42,0.89,100.0,17.82,90.0,10.69,58.33,36.95,53.97,0.0,0.0,0.0,0.0,0.0,0.0,0.0,8.02,44.44,2.67,66.67,0.89,0.0,0.89,0.0,8.91,60.0,100.0,10.69,2,1.78,5,4.46,0,60.0,1.3,1.16,-0.7000000000000001,-0.624,0.0,0.89,0.0,,,,0.0,0,0
A. Imputato,Antonio Imputato,-264602,Modena,Modena,https://cdn5.wyscout.com/photos/team/public/179_120x120.png,Serie B,"RW, RWF, RAMF",RW,47,RWF,32,RAMF,19,21,2004-09-02,0,2028-06-30,2,100,0,0.01,0,0.0,6.3,14.29,Italy,['Italy'],right,0,0,False,0.9,3.6,25.0,0.0,0.0,0.0,0.0,0.0,0.0,0.0,1.8,0,0.0,0,0.0,0.9,0.0,0,0.0,0.01,0,0.0,1,0.9,0.0,0.0,0.0,1.8,50.0,0.0,0.0,1.8,50.0,0.0,0.0,0.0,2.7,0.0,0.9,0.9,0.0,18.9,2.7,0.0,23.4,65.38,8.1,44.44,9.0,90.0,19.8,68.18,1.8,50.0,18.06,23.42,0.0,0.0,0.0,0.0,0.0,0.0,0.0,3.6,75.0,1.8,50.0,0.0,0.0,0.0,0.9,5.4,50.0,66.67,5.4,0,,0,,0,0.0,0.0,0.0,,,0.9,,0.0,0.0,0.0,0.0,0.0,0,0
M. Valoti,Mattia Valoti,162492,Vicenza,Vicenza,https://cdn5.wyscout.com/photos/team/public/186_120x120.png,Serie B,RCMF3,RCMF3,100,,0,,0,32,1993-09-06,1500000,2028-06-30,1,99,0,0.56,0,0.13,11.82,38.46,Italy,['Italy'],right,187,72,False,5.45,4.55,20.0,3.64,50.0,0.0,0.0,0.0,4.55,6.25,2.73,0,0.0,0,0.0,2.73,0.0,0,0.0,0.51,0,0.0,2,1.82,50.0,0.0,0.0,0.91,100.0,0.91,100.0,0.0,0.0,0.0,0.91,100.0,2.73,66.67,3.64,0.91,0.0,19.09,0.91,0.91,20.91,91.3,9.09,80.0,3.64,100.0,15.45,94.12,4.55,80.0,20.1,45.78,0.12,0.91,0.0,0.0,0.0,0.0,0.91,2.73,66.67,1.82,50.0,0.0,0.0,0.91,0.91,3.64,100.0,100.0,4.55,0,,0,,0,0.0,0.0,0.0,,,0.0,,3.64,0.0,0.0,0.0,0.0,0,0
T. Battistella,Thomas Battistella,-71741,Juve Stabia,Juve Stabia,https://cdn5.wyscout.com/photos/team/public/228_120x120.png,Serie B,"RCMF3, LCMF3",RCMF3,72,LCMF3,27,,0,25,2001-07-29,500000,2028-06-30,2,99,0,0.09,1,0.18,12.73,64.29,Italy,['Italy'],right,172,65,False,8.18,5.45,66.67,2.73,66.67,1.82,2.5,1.82,2.73,3.75,0.91,0,0.0,0,0.0,2.73,0.0,0,0.0,0.08,0,0.0,3,2.73,66.67,0.0,0.91,0.91,100.0,0.91,100.0,0.0,0.0,0.0,0.91,0.0,4.55,60.0,0.0,0.91,0.0,17.27,0.0,2.73,20.0,77.27,5.45,50.0,3.64,100.0,18.18,80.0,0.91,0.0,18.71,13.75,0.16,1.82,0.0,0.0,0.91,0.0,0.91,3.64,25.0,0.91,100.0,0.91,0.0,0.0,0.91,3.64,75.0,83.33,5.45,0,,0,,0,0.0,0.0,0.0,,,0.0,,2.73,2.73,0.91,100.0,3.64,0,0
M. Fortin,Mattia Fortin,-154838,Palermo,Palermo,https://cdn5.wyscout.com/photos/team/public/85_120x120.png,Serie B,GK,GK,100,,0,,0,23,2003-07-08,300000,2030-06-30,1,98,0,0.0,0,0.0,0.92,0.0,Italy,['Italy'],right,197,80,True,0.92,0.0,0.0,0.0,0.0,0.0,0.0,0.0,0.92,1.07,0.0,0,0.0,0,0.0,0.0,0.0,0,0.0,0.0,0,0.0,0,0.0,0.0,0.0,0.0,0.0,0.0,0.0,0.0,0.0,0.0,0.0,0.0,0.0,0.92,0.0,0.0,0.0,0.0,14.69,0.92,0.0,25.71,67.86,10.1,54.55,0.0,0.0,11.94,100.0,12.86,42.86,36.45,46.72,0.0,0.0,0.0,0.0,0.0,0.0,0.0,0.92,0.0,0.0,0.0,0.0,0.0,0.0,0.0,10.1,45.45,80.0,13.78,0,0.0,4,3.67,1,100.0,0.63,0.58,0.63,0.579,0.0,0.92,0.0,,,,0.0,0,0
P. Dawidowicz,Paweł Dawidowicz,276363,Hellas Verona,Hellas Verona,https://cdn5.wyscout.com/photos/team/public/212_120x120.png,Serie B,RCB,RCB,100,,0,,0,31,1995-05-20,0,,1,97,0,0.13,0,0.0,15.77,29.41,Poland,['Poland'],right,189,80,False,3.71,10.21,27.27,4.64,40.0,0.0,0.0,0.0,0.93,1.15,5.57,0,0.0,0,0.0,0.0,0.0,0,0.0,0.12,0,0.0,1,0.93,0.0,0.0,0.0,0.0,0.0,0.0,0.0,0.0,0.0,0.0,0.0,0.0,0.0,0.0,0.93,0.93,0.0,32.47,0.0,0.93,51.03,87.27,19.48,76.19,3.71,100.0,48.25,90.38,2.7800000000000002,33.33,19.39,42.61,0.0,0.0,0.0,0.0,0.0,0.0,0.0,4.64,60.0,0.93,0.0,0.0,0.0,0.0,0.0,7.42,50.0,95.83,22.27,0,,0,,0,0.0,0.0,0.0,,,1.8599999999999999,,4.64,0.0,0.0,0.0,0.0,0,0
T. Marras,Tommaso Marras,-304074,Pisa,Pisa,https://cdn5.wyscout.com/photos/team/public/189_120x120.png,Serie B,"RWF, RAMF",RWF,78,RAMF,21,,0,22,2004-02-23,0,2030-06-30,1,96,0,0.62,0,0.13,9.38,20.0,Italy,['Italy'],left,0,0,False,2.81,0.0,0.0,1.88,0.0,0.0,0.0,0.0,2.81,4.5,0.0,0,0.0,0,0.0,1.88,0.0,0,0.0,0.58,0,0.0,2,1.88,100.0,0.0,0.0,2.81,0.0,0.0,0.0,2.81,0.0,0.0,1.88,0.0,7.5,25.0,5.63,1.88,0.0,29.06,4.69,1.88,30.0,78.13,1.88,100.0,5.63,83.33,26.25,85.71,0.9400000000000001,100.0,17.4,40.12,0.13,1.88,0.0,0.0,0.0,0.0,0.9400000000000001,0.0,0.0,4.69,40.0,0.0,0.0,3.75,0.0,3.75,100.0,83.33,16.88,0,,0,,0,0.0,0.0,0.0,,,0.0,,1.88,0.9400000000000001,0.0,0.0,2.81,0,0
M. Mangraviti,Massimiliano Mangraviti,430331,Cesena,Cesena,https://cdn5.wyscout.com/photos/team/public/g25343_120x120.png,Serie B,"LB, LCB3",LB,74,LCB3,25,,0,28,1998-01-24,1600000,2027-06-30,1,96,0,0.0,0,0.0,7.5,75.0,Italy,['Italy'],left,188,80,False,8.44,3.75,100.0,1.88,50.0,0.0,0.0,0.0,4.69,5.17,0.0,0,0.0,0,0.0,0.0,0.0,0,0.0,0.0,0,0.0,0,0.0,0.0,0.0,0.0,2.81,0.0,2.81,0.0,0.0,0.0,0.0,0.0,0.0,1.88,50.0,0.0,0.0,0.0,28.13,1.88,0.9400000000000001,36.56,64.1,17.81,42.11,8.44,100.0,26.25,82.14,7.5,25.0,23.16,42.37,0.0,0.0,0.0,0.0,0.0,0.0,0.0,5.63,50.0,3.75,0.0,0.0,0.0,0.0,0.0,11.25,33.33,70.0,9.38,0,,0,,0,0.0,0.0,0.0,,,1.88,,1.88,0.0,0.0,0.0,0.0,0,0
M. Lovato,Matteo Lovato,-49487,Padova,Padova,https://cdn5.wyscout.com/photos/team/public/g31139_120x120.png,Serie B,CB,CB,100,,0,,0,26,2000-02-14,4000000,2029-06-30,1,96,0,0.0,0,0.0,4.69,80.0,Italy,['Italy'],right,188,74,False,6.5600000000000005,0.9400000000000001,100.0,3.75,75.0,0.0,0.0,0.9400000000000001,5.63,6.21,0.0,0,0.0,0,0.0,0.0,0.0,0,0.0,0.0,0,0.0,0,0.0,0.0,0.0,0.0,0.0,0.0,0.0,0.0,0.0,0.0,0.0,0.0,0.0,0.0,0.0,0.0,0.0,0.9400000000000001,18.75,0.0,0.0,31.88,94.12,6.5600000000000005,71.43,1.88,100.0,30.0,96.88,1.88,50.0,18.38,30.08,0.0,0.0,0.0,0.0,0.0,0.0,0.0,1.88,50.0,0.0,0.0,0.0,0.0,0.0,0.0,0.0,0.0,100.0,16.88,0,,0,,0,0.0,0.0,0.0,,,1.88,,3.75,0.0,0.0,0.0,0.0,0,0
S. Angori,Samuele Angori,-156469,Pisa,Pisa,https://cdn5.wyscout.com/photos/team/public/189_120x120.png,Serie B,LWB,LWB,100,,0,,0,22,2003-10-07,500000,2027-06-30,1,95,0,0.13,0,0.0,9.47,70.0,Italy,['Italy'],left,184,77,False,10.42,3.79,50.0,0.0,0.0,0.9500000000000001,1.03,0.0,7.58,8.28,0.9500000000000001,0,0.0,0,0.0,4.74,0.0,0,0.0,0.13,0,0.0,2,1.8900000000000001,50.0,0.0,0.0,2.84,33.33,2.84,33.33,0.0,0.0,0.9500000000000001,2.84,100.0,4.74,100.0,6.63,1.8900000000000001,0.0,30.32,0.0,1.8900000000000001,45.47,75.0,18.95,75.0,9.47,80.0,39.79,76.19,2.84,100.0,17.02,45.18,0.0,0.9500000000000001,0.0,0.0,0.0,0.0,0.0,5.68,83.33,3.79,50.0,0.0,0.0,1.8900000000000001,0.9500000000000001,8.53,88.89,58.33,11.37,0,,0,,0,0.0,0.0,0.0,,,1.8900000000000001,,0.0,0.0,0.0,0.0,0.0,0,0
P. Enrici,Patrick Enrici,-66482,Avellino,Avellino,https://cdn5.wyscout.com/photos/team/public/176_120x120.png,Serie B,LCB3,LCB3,100,,0,,0,25,2001-05-02,325000,2029-06-30,1,95,0,0.0,0,0.0,9.47,80.0,Italy,['Italy'],left,183,80,False,8.53,4.74,80.0,3.79,75.0,0.0,0.0,0.0,4.74,5.17,0.0,0,0.0,0,0.0,0.0,0.0,0,0.0,0.0,0,0.0,0,0.0,0.0,0.0,0.0,0.0,0.0,0.0,0.0,0.0,0.0,0.0,0.0,0.0,0.9500000000000001,100.0,0.0,0.0,0.0,18.0,0.9500000000000001,2.84,29.37,87.1,14.21,73.33,2.84,100.0,25.58,96.3,3.79,25.0,20.96,39.75,0.0,0.0,0.0,0.0,0.0,0.0,0.0,1.8900000000000001,50.0,0.0,0.0,0.0,0.0,0.0,0.0,4.74,80.0,100.0,11.37,0,,0,,0,0.0,0.0,0.0,,,0.9500000000000001,,3.79,0.0,0.0,0.0,0.0,0,0
A. Lickunas,Adrian Lickunas,-337604,Cremonese,Cremonese,https://cdn5.wyscout.com/photos/team/public/197_120x120.png,Serie B,RWB,RWB,100,,0,,0,20,2006-03-28,0,2027-06-30,1,95,0,0.0,0,0.0,13.26,64.29,Lithuania,['Lithuania'],right,0,0,True,5.68,5.68,66.67,1.8900000000000001,100.0,0.0,0.0,0.0,1.8900000000000001,2.14,1.8900000000000001,0,0.0,0,0.0,0.0,0.0,0,0.0,0.0,0,0.0,0,0.0,0.0,0.0,0.0,1.8900000000000001,0.0,0.0,0.0,1.8900000000000001,0.0,0.0,0.0,0.0,3.79,50.0,1.8900000000000001,3.79,0.0,24.63,0.9500000000000001,0.9500000000000001,27.47,58.62,6.63,42.86,3.79,100.0,24.63,65.38,0.9500000000000001,0.0,12.12,31.16,0.0,0.0,0.0,0.0,0.0,0.0,0.0,1.8900000000000001,50.0,2.84,0.0,0.0,0.0,0.0,0.0,0.9500000000000001,0.0,57.14,6.63,0,,0,,0,0.0,0.0,0.0,,,0.0,,1.8900000000000001,0.0,0.0,0.0,0.0,0,0
F. Agazzi,Federico Agazzi,-169264,Cremonese,Cremonese,https://cdn5.wyscout.com/photos/team/public/197_120x120.png,Serie B,GK,GK,100,,0,,0,22,2004-04-18,0,2029-06-30,1,95,0,0.0,0,0.0,0.9500000000000001,0.0,Italy,['Italy'],right,188,78,False,0.0,0.9500000000000001,0.0,0.0,0.0,0.0,0.0,0.0,0.0,0.0,0.0,0,0.0,0,0.0,0.0,0.0,0,0.0,0.0,0,0.0,0,0.0,0.0,0.0,0.0,0.0,0.0,0.0,0.0,0.0,0.0,0.0,0.0,0.0,0.0,0.0,0.0,0.0,0.0,16.11,0.0,0.0,24.63,92.31,12.32,92.31,0.0,0.0,18.95,95.0,5.68,83.33,28.13,45.66,0.0,0.0,0.0,0.0,0.0,0.0,0.0,0.9500000000000001,0.0,0.0,0.0,0.0,0.0,0.0,0.0,7.58,87.5,91.67,11.37,3,2.84,4,3.79,0,25.0,1.65,1.57,-1.35,-1.279,0.0,0.0,0.0,,,,0.0,0,0
Gabriel Strefezza,Gabriel Tadeu Strefezza Rebelato,449042,Palermo,Palermo,https://cdn5.wyscout.com/photos/team/public/85_120x120.png,Serie B,"RWF, LWF",RWF,88,LWF,11,,0,29,1997-04-18,0,2029-06-30,2,95,0,0.22,0,0.0,21.79,39.13,Brazil,"['Brazil', 'Italy']",right,168,63,False,6.63,6.63,57.14,4.74,20.0,0.0,0.0,0.0,2.84,4.09,2.84,1,0.9500000000000001,0,0.0,1.8900000000000001,0.0,0,0.0,0.21,0,0.0,3,2.84,33.33,0.0,0.0,3.79,0.0,0.0,0.0,3.79,0.0,0.0,1.8900000000000001,50.0,8.53,44.44,3.79,1.8900000000000001,0.9500000000000001,15.16,3.79,1.8900000000000001,20.84,59.09,8.53,77.78,3.79,50.0,17.05,72.22,0.0,0.0,20.18,0.0,0.0,0.0,0.0,0.0,0.0,0.0,0.0,0.9500000000000001,100.0,2.84,66.67,0.0,0.0,2.84,0.0,3.79,75.0,60.0,4.74,0,,0,,0,0.0,0.0,0.0,,,0.0,,4.74,0.0,0.0,0.0,0.0,0,0
K. Zedadka,Karim Zedadka,-98261,Empoli,Empoli,https://cdn5.wyscout.com/photos/team/public/77_120x120.png,Serie B,"LCMF, LCMF3, LWB",LCMF,64,LCMF3,22,LWB,12,26,2000-06-09,250000,2028-06-30,2,91,0,0.01,0,0.0,13.85,42.86,France,"['France', 'Algeria']",right,184,67,True,10.88,7.91,37.5,0.99,100.0,0.0,0.0,0.0,7.91,8.28,4.95,1,0.99,0,0.0,0.0,0.0,0,0.0,0.01,0,0.0,1,0.99,0.0,0.0,0.0,0.0,0.0,0.0,0.0,0.0,0.0,0.0,0.0,0.0,2.9699999999999998,66.67,1.98,0.99,0.99,16.81,1.98,1.98,24.73,84.0,5.93,50.0,5.93,100.0,24.73,84.0,0.0,0.0,7.74,0.0,0.0,0.0,0.0,0.0,0.0,0.0,0.99,2.9699999999999998,100.0,0.0,0.0,0.0,0.0,0.0,0.0,2.9699999999999998,33.33,85.71,6.92,0,,0,,0,0.0,0.0,0.0,,,2.9699999999999998,,0.99,0.0,0.0,0.0,0.0,0,0
N. Corrado,Niccolò Corrado,508952,Frosinone,Empoli,https://cdn5.wyscout.com/photos/team/public/185_120x120.png,Serie A,LWB,LWB,100,,0,,0,26,2000-03-19,1100000,2028-06-30,1,89,0,0.0,0,0.0,7.08,28.57,Italy,['Italy'],left,179,65,False,1.01,0.0,0.0,1.01,0.0,0.0,0.0,1.01,1.01,1.5,0.0,0,0.0,0,0.0,2.02,0.0,0,0.0,0.0,0,0.0,0,0.0,0.0,0.0,0.0,4.04,0.0,4.04,0.0,0.0,0.0,2.02,2.02,100.0,5.06,40.0,0.0,3.03,1.01,31.35,4.04,0.0,32.36,62.5,7.08,42.86,4.04,75.0,24.27,83.33,5.06,0.0,20.83,37.64,0.0,0.0,0.0,0.0,0.0,0.0,1.01,2.02,50.0,5.06,40.0,0.0,0.0,3.03,0.0,5.06,60.0,58.82,17.19,0,,0,,0,0.0,0.0,0.0,,,0.0,,1.01,0.0,0.0,0.0,0.0,0,0
K. Lasagna,Kevin Lasagna,349701,Padova,Padova,https://cdn5.wyscout.com/photos/team/public/g31139_120x120.png,Serie B,CF,CF,100,,0,,0,34,1992-08-10,950000,2027-06-30,2,85,0,0.25,0,0.12,16.94,18.75,Italy,['Italy'],left,181,80,False,2.12,1.06,0.0,11.65,18.18,0.0,0.0,0.0,2.12,2.4,1.06,0,0.0,0,0.0,0.0,0.0,0,0.0,0.27,0,0.0,3,3.18,0.0,0.0,0.0,0.0,0.0,0.0,0.0,0.0,0.0,0.0,0.0,0.0,1.06,0.0,6.35,0.0,1.06,8.47,0.0,0.0,9.53,55.56,5.29,60.0,4.24,50.0,9.53,55.56,0.0,0.0,6.06,0.0,0.13,1.06,0.0,0.0,0.0,0.0,1.06,0.0,0.0,0.0,0.0,0.0,0.0,1.06,0.0,3.18,33.33,0.0,1.06,0,,0,,0,0.0,0.0,0.0,,,0.0,,11.65,0.0,0.0,0.0,0.0,0,0
G. Frabotta,Gianluca Frabotta,472023,Cesena,Cesena,https://cdn5.wyscout.com/photos/team/public/g25343_120x120.png,Serie B,"LB, LWB, LW",LB,51,LWB,28,LW,19,27,1999-06-24,1200000,2029-06-30,2,84,0,0.21,0,0.0,7.5,14.29,Italy,['Italy'],left,187,70,False,9.64,6.43,16.67,0.0,0.0,0.0,0.0,1.07,8.57,7.74,2.14,0,0.0,0,0.0,1.07,0.0,0,0.0,0.22,0,0.0,1,1.07,0.0,0.0,0.0,1.07,100.0,1.07,100.0,0.0,0.0,1.07,0.0,0.0,1.07,0.0,1.07,0.0,0.0,11.79,0.0,0.0,21.43,50.0,9.64,22.22,5.36,100.0,12.86,50.0,7.5,42.86,22.44,34.67,0.0,0.0,0.0,0.0,0.0,0.0,1.07,0.0,0.0,2.14,100.0,0.0,0.0,1.07,1.07,12.86,33.33,50.0,6.43,0,,0,,0,0.0,0.0,0.0,,,2.14,,0.0,0.0,0.0,0.0,0.0,0,0
T. Annoni,Tommaso Annoni,-261865,Virtus Entella,Virtus Entella,https://cdn5.wyscout.com/photos/team/public/1370_120x120.png,Serie B,RWF,RWF,100,,0,,0,18,2007-12-17,0,,1,83,0,0.0,0,0.0,10.84,60.0,Italy,['Italy'],,0,0,False,3.25,3.25,100.0,1.08,0.0,0.0,0.0,0.0,0.0,0.0,2.17,0,0.0,0,0.0,2.17,0.0,0,0.0,0.0,0,0.0,0,0.0,0.0,0.0,0.0,1.08,100.0,0.0,0.0,1.08,100.0,0.0,1.08,100.0,5.42,60.0,1.08,1.08,0.0,18.43,1.08,1.08,24.94,82.61,11.93,72.73,5.42,100.0,22.77,85.71,2.17,50.0,15.8,45.51,0.0,0.0,0.0,0.0,0.0,0.0,0.0,1.08,0.0,3.25,66.67,0.0,0.0,1.08,0.0,1.08,100.0,100.0,4.34,0,,0,,0,0.0,0.0,0.0,,,0.0,,1.08,0.0,0.0,0.0,0.0,0,0
M. Tumminello,Marco Tumminello,377107,Benevento,Benevento,https://cdn5.wyscout.com/photos/team/public/401_120x120.png,Serie B,CF,CF,100,,0,,0,27,1998-11-06,300000,2028-06-30,1,83,0,0.52,0,0.0,14.1,46.15,Italy,['Italy'],left,180,76,False,4.34,7.59,42.86,3.25,66.67,0.0,0.0,0.0,1.08,1.25,4.34,1,1.08,0,0.0,2.17,0.0,0,0.0,0.56,0,0.0,4,4.34,0.0,0.0,0.0,1.08,100.0,1.08,100.0,0.0,0.0,0.0,1.08,100.0,2.17,50.0,7.59,0.0,0.0,22.77,1.08,0.0,20.6,84.21,4.34,75.0,2.17,100.0,18.43,88.24,2.17,50.0,19.72,49.33,0.0,0.0,0.0,0.0,0.0,0.0,0.0,2.17,50.0,1.08,0.0,0.0,0.0,0.0,0.0,2.17,50.0,87.5,8.67,0,,0,,0,0.0,0.0,0.0,,,0.0,,3.25,0.0,0.0,0.0,0.0,0,0
Y. Verschaeren,Yari Verschaeren,506160,Sampdoria,Sampdoria,https://cdn5.wyscout.com/photos/team/public/88_120x120.png,Serie B,"AMF, LCMF3",AMF,64,LCMF3,30,,0,25,2001-07-12,8500000,,2,82,0,0.43,1,0.8200000000000001,2.2,0.0,Belgium,['Belgium'],right,172,63,False,1.1,1.1,0.0,0.0,0.0,0.0,0.0,1.1,1.1,1.67,1.1,0,0.0,0,0.0,6.59,0.0,0,0.0,0.47000000000000003,0,0.0,4,4.39,50.0,0.0,1.1,5.49,60.0,3.29,33.33,2.2,100.0,1.1,0.0,0.0,1.1,0.0,9.88,1.1,0.0,37.32,3.29,0.0,38.41,85.71,2.2,50.0,6.59,83.33,29.63,88.89,3.29,100.0,18.35,43.11,0.9,6.59,0.0,0.0,1.1,100.0,5.49,2.2,100.0,3.29,66.67,1.1,100.0,2.2,3.29,4.39,50.0,88.24,18.66,0,,0,,0,0.0,0.0,0.0,,,0.0,,0.0,0.0,0.0,0.0,2.2,0,0
C. Kouan,Christian Kouan Oulai,-61360,Benevento,Benevento,https://cdn5.wyscout.com/photos/team/public/401_120x120.png,Serie B,"AMF, LWF",AMF,88,LWF,11,,0,26,1999-12-20,500000,2028-06-30,1,82,0,0.04,0,0.08,1.1,0.0,Côte d'Ivoire,"[""Côte d'Ivoire""]",right,178,70,False,0.0,0.0,0.0,0.0,0.0,0.0,0.0,0.0,0.0,0.0,0.0,0,0.0,0,0.0,1.1,0.0,0,0.0,0.04,0,0.0,1,1.1,0.0,0.0,0.0,1.1,100.0,0.0,0.0,1.1,100.0,0.0,0.0,0.0,1.1,0.0,1.1,0.0,0.0,14.27,0.0,0.0,16.46,93.33,2.2,100.0,5.49,100.0,15.37,92.86,0.0,0.0,15.11,0.0,0.08,1.1,0.0,0.0,0.0,0.0,1.1,2.2,100.0,1.1,100.0,0.0,0.0,0.0,1.1,2.2,100.0,100.0,6.59,0,,0,,0,0.0,0.0,0.0,,,0.0,,0.0,0.0,0.0,0.0,0.0,0,0
L. Caldirola,Luca Caldirola,95861,Benevento,Benevento,https://cdn5.wyscout.com/photos/team/public/401_120x120.png,Serie B,"LCB, LCB3",LCB,88,LCB3,11,,0,35,1991-02-01,0,2027-06-30,1,82,0,0.0,0,0.0,6.59,83.33,Italy,['Italy'],left,186,79,False,2.2,2.2,50.0,2.2,100.0,0.0,0.0,1.1,1.1,1.3,1.1,0,0.0,0,0.0,0.0,0.0,0,0.0,0.0,0,0.0,0,0.0,0.0,0.0,0.0,0.0,0.0,0.0,0.0,0.0,0.0,0.0,0.0,0.0,0.0,0.0,0.0,1.1,0.0,30.73,0.0,1.1,38.41,97.14,5.49,80.0,2.2,100.0,38.41,97.14,0.0,0.0,17.32,0.0,0.0,0.0,0.0,0.0,0.0,0.0,0.0,0.0,0.0,0.0,0.0,0.0,0.0,0.0,0.0,2.2,50.0,100.0,24.15,0,,0,,0,0.0,0.0,0.0,,,1.1,,2.2,0.0,0.0,0.0,0.0,0,0
E. Biondini,Edoardo Biondini,-397951,Empoli U20,Empoli,https://cdn5.wyscout.com/photos/team/public/g-21959_120x120.png,Campionato Primavera 1,"RWF, RCMF3",RWF,86,RCMF3,13,,0,17,2009-01-01,0,,1,81,0,0.01,0,0.18,10.0,55.56,Italy,['Italy'],unknown,0,0,False,4.44,3.33,66.67,0.0,0.0,0.0,0.0,0.0,2.22,2.07,1.11,0,0.0,0,0.0,2.22,0.0,0,0.0,0.01,0,0.0,1,1.11,100.0,0.0,0.0,1.11,100.0,0.0,0.0,1.11,100.0,0.0,0.0,0.0,6.67,50.0,1.11,1.11,0.0,8.89,0.0,2.22,11.11,90.0,2.22,50.0,2.22,100.0,10.0,88.89,0.0,0.0,14.6,0.0,0.2,2.22,0.0,0.0,0.0,0.0,2.22,2.22,50.0,1.11,100.0,0.0,0.0,0.0,1.11,0.0,0.0,100.0,4.44,0,,0,,0,0.0,0.0,0.0,,,0.0,,0.0,0.0,0.0,0.0,0.0,0,0
A. Pietrelli,Alessandro Pietrelli,-144736,Vicenza,Vicenza,https://cdn5.wyscout.com/photos/team/public/186_120x120.png,Serie B,RWB,RWB,100,,0,,0,23,2003-01-05,100000,2028-06-30,2,81,1,0.11,0,0.07,26.67,37.5,Italy,['Italy'],right,192,79,True,11.11,10.0,44.44,3.33,66.67,0.0,0.0,0.0,6.67,9.0,3.33,0,0.0,0,0.0,3.33,1.11,1,1.11,0.12,1,1.11,1,1.11,100.0,100.0,0.0,2.22,50.0,0.0,0.0,2.22,50.0,0.0,2.22,50.0,12.22,18.18,1.11,6.67,0.0,28.89,3.33,0.0,31.11,71.43,7.78,57.14,4.44,50.0,25.56,69.57,3.33,100.0,17.26,44.04,0.07,1.11,0.0,0.0,0.0,0.0,0.0,4.44,50.0,2.22,50.0,0.0,0.0,0.0,1.11,3.33,66.67,88.89,10.0,0,,0,,0,0.0,0.0,0.0,,,0.0,,3.33,0.0,0.0,0.0,0.0,0,0
M. Nasti,Marco Nasti,-144761,Cremonese,Cremonese,https://cdn5.wyscout.com/photos/team/public/197_120x120.png,Serie B,CF,CF,100,,0,,0,22,2003-09-17,2500000,2028-06-30,2,81,0,0.6900000000000001,0,0.0,21.11,57.89,Italy,['Italy'],right,179,72,False,5.5600000000000005,4.44,75.0,6.67,83.33,0.0,0.0,0.0,2.22,4.62,1.11,0,0.0,0,0.0,2.22,0.0,0,0.0,0.77,0,0.0,5,5.5600000000000005,20.0,0.0,0.0,0.0,0.0,0.0,0.0,0.0,0.0,0.0,1.11,100.0,8.89,37.5,4.44,0.0,0.0,12.22,2.22,1.11,14.44,76.92,1.11,100.0,5.5600000000000005,60.0,14.44,76.92,0.0,0.0,4.52,0.0,0.0,0.0,0.0,0.0,0.0,0.0,0.0,1.11,100.0,0.0,0.0,0.0,0.0,0.0,0.0,0.0,0.0,100.0,4.44,0,,0,,0,0.0,0.0,0.0,,,0.0,,6.67,0.0,0.0,0.0,0.0,0,0
G. Zappa,Gabriele Zappa,508968,Hellas Verona,Hellas Verona,https://cdn5.wyscout.com/photos/team/public/212_120x120.png,Serie B,RWB,RWB,100,,0,,0,26,1999-12-22,2500000,2030-06-30,1,81,0,0.0,0,0.0,13.33,41.67,Italy,['Italy'],right,183,78,True,7.78,6.67,50.0,3.33,66.67,0.0,0.0,0.0,4.44,7.5,0.0,0,0.0,0,0.0,1.11,0.0,0,0.0,0.0,0,0.0,0,0.0,0.0,0.0,0.0,1.11,0.0,0.0,0.0,1.11,0.0,0.0,0.0,0.0,2.22,0.0,0.0,0.0,0.0,45.56,0.0,1.11,50.0,84.44,22.22,75.0,7.78,100.0,47.78,86.05,1.11,100.0,14.15,50.44,0.0,0.0,0.0,0.0,1.11,100.0,0.0,6.67,100.0,3.33,33.33,1.11,100.0,0.0,0.0,6.67,50.0,77.78,10.0,0,,0,,0,0.0,0.0,0.0,,,1.11,,3.33,0.0,0.0,0.0,0.0,0,0
I. Vural,Isak Vural,-335427,Pisa,Pisa,https://cdn5.wyscout.com/photos/team/public/189_120x120.png,Serie B,"LCMF3, RCMF",LCMF3,82,RCMF,17,,0,20,2006-05-28,0,2028-06-30,2,79,0,0.06,0,0.0,17.09,40.0,Sweden,"['Sweden', 'Türkiye']",right,183,69,False,2.2800000000000002,3.42,33.33,2.2800000000000002,100.0,0.0,0.0,0.0,1.1400000000000001,1.5,2.2800000000000002,2,2.2800000000000002,0,0.0,1.1400000000000001,0.0,0,0.0,0.07,0,0.0,2,2.2800000000000002,50.0,0.0,0.0,0.0,0.0,0.0,0.0,0.0,0.0,0.0,2.2800000000000002,0.0,9.11,25.0,2.2800000000000002,2.2800000000000002,0.0,31.9,0.0,3.42,45.57,82.5,9.11,75.0,11.39,90.0,43.29,84.21,2.2800000000000002,50.0,18.4,28.01,0.0,0.0,0.0,0.0,0.0,0.0,0.0,9.11,87.5,1.1400000000000001,0.0,0.0,0.0,0.0,0.0,6.84,66.67,93.33,17.09,0,,0,,0,0.0,0.0,0.0,,,2.2800000000000002,,2.2800000000000002,0.0,0.0,0.0,0.0,0,0
F. Sgarbi,Filippo Sgarbi,430273,Padova,Padova,https://cdn5.wyscout.com/photos/team/public/g31139_120x120.png,Serie B,CB,CB,100,,0,,0,28,1997-12-29,350000,2027-06-30,1,78,0,0.0,0,0.0,3.46,33.33,Italy,['Italy'],right,191,78,False,4.62,2.31,0.0,1.15,100.0,0.0,0.0,0.0,4.62,5.0,1.15,0,0.0,0,0.0,0.0,0.0,0,0.0,0.0,0,0.0,0,0.0,0.0,0.0,0.0,0.0,0.0,0.0,0.0,0.0,0.0,0.0,0.0,0.0,0.0,0.0,1.15,0.0,0.0,32.31,0.0,0.0,42.69,83.78,11.54,60.0,2.31,100.0,34.62,90.0,8.08,57.14,24.69,39.23,0.0,0.0,0.0,0.0,0.0,0.0,0.0,5.77,60.0,1.15,0.0,0.0,0.0,0.0,0.0,8.08,71.43,91.3,26.54,0,,0,,0,0.0,0.0,0.0,,,1.15,,1.15,0.0,0.0,0.0,0.0,0,0
F. Loyola,Felipe Ignacio Loyola Olea,-264262,Pisa,Pisa,https://cdn5.wyscout.com/photos/team/public/189_120x120.png,Serie B,RCMF3,RCMF3,100,,0,,0,25,2000-11-09,0,2030-06-30,1,75,0,0.0,0,0.0,7.2,33.33,Chile,"['Chile', 'Spain']",right,190,80,False,2.4,2.4,50.0,2.4,50.0,0.0,0.0,0.0,1.2,1.67,2.4,0,0.0,0,0.0,0.0,0.0,0,0.0,0.0,0,0.0,0,0.0,0.0,0.0,0.0,0.0,0.0,0.0,0.0,0.0,0.0,0.0,0.0,0.0,1.2,0.0,0.0,1.2,1.2,20.4,1.2,0.0,27.6,86.96,7.2,83.33,10.8,88.89,26.4,86.36,1.2,100.0,17.34,34.2,0.0,0.0,0.0,0.0,0.0,0.0,0.0,2.4,100.0,0.0,0.0,0.0,0.0,0.0,0.0,3.6,66.67,100.0,8.4,0,,0,,0,0.0,0.0,0.0,,,1.2,,2.4,0.0,0.0,0.0,0.0,0,0
S. Pontisso,Simone Pontisso,394834,Cremonese,Cremonese,https://cdn5.wyscout.com/photos/team/public/197_120x120.png,Serie B,"DMF, LCMF3",DMF,64,LCMF3,35,,0,29,1997-03-20,400000,2027-06-30,1,74,0,0.0,0,0.0,3.65,33.33,Italy,['Italy'],right,184,82,False,2.43,1.22,0.0,0.0,0.0,0.0,0.0,1.22,2.43,2.61,1.22,1,1.22,0,0.0,0.0,0.0,0,0.0,0.0,0,0.0,0,0.0,0.0,0.0,0.0,0.0,0.0,0.0,0.0,0.0,0.0,0.0,0.0,0.0,1.22,100.0,0.0,0.0,0.0,40.14,1.22,1.22,51.08,88.1,13.38,63.64,8.51,100.0,51.08,88.1,0.0,0.0,13.58,0.0,0.0,1.22,0.0,0.0,0.0,0.0,0.0,3.65,66.67,0.0,0.0,0.0,0.0,1.22,0.0,8.51,57.14,100.0,13.38,0,,0,,0,0.0,0.0,0.0,,,1.22,,0.0,0.0,0.0,0.0,0.0,0,0
R. Burnete,Rareş Cătălin Burnete,-160009,Südtirol,Südtirol,https://cdn5.wyscout.com/photos/team/public/2754_120x120.png,Serie B,"RWF, RCMF3",RWF,52,RCMF3,47,,0,22,2004-01-31,700000,2027-06-30,2,73,0,0.25,0,0.0,38.22,45.16,Romania,['Romania'],right,185,74,False,12.33,12.33,50.0,4.93,25.0,0.0,0.0,0.0,6.16,8.33,3.7,0,0.0,0,0.0,1.23,0.0,0,0.0,0.31,0,0.0,1,1.23,0.0,0.0,0.0,0.0,0.0,0.0,0.0,0.0,0.0,0.0,1.23,100.0,17.26,50.0,2.47,4.93,1.23,20.96,1.23,4.93,27.12,72.73,8.63,28.57,11.1,77.78,27.12,72.73,0.0,0.0,12.39,0.0,0.0,0.0,0.0,0.0,0.0,0.0,0.0,0.0,0.0,0.0,0.0,0.0,0.0,0.0,0.0,1.23,0.0,100.0,3.7,0,,0,,0,0.0,0.0,0.0,,,0.0,,4.93,0.0,0.0,0.0,0.0,0,0
L. Vignali,Luca Vignali,413039,Spezia,Virtus Entella,https://cdn5.wyscout.com/photos/team/public/184_120x120.png,Serie C,RWB,RWB,100,,0,,0,30,1996-01-11,650000,2027-06-30,1,72,0,0.0,1,0.09,11.25,44.44,Italy,['Italy'],right,186,75,False,6.25,5.0,75.0,3.75,0.0,0.0,0.0,0.0,2.5,3.33,1.25,0,0.0,0,0.0,1.25,0.0,0,0.0,0.0,0,0.0,0,0.0,0.0,0.0,1.25,7.5,16.67,0.0,0.0,7.5,16.67,0.0,0.0,0.0,0.0,0.0,0.0,1.25,0.0,53.75,7.5,1.25,63.75,72.55,18.75,60.0,15.0,100.0,52.5,83.33,3.75,33.33,18.3,25.49,0.11,1.25,0.0,0.0,0.0,0.0,2.5,5.0,75.0,7.5,16.67,0.0,0.0,0.0,1.25,7.5,66.67,57.14,17.5,0,,0,,0,0.0,0.0,0.0,,,3.75,,3.75,0.0,0.0,0.0,0.0,0,0
L. Moro,Luca Moro,-98394,Padova,Padova,https://cdn5.wyscout.com/photos/team/public/g31139_120x120.png,Serie B,CF,CF,100,,0,,0,25,2001-01-25,1800000,2029-06-30,1,72,0,0.2,0,0.0,23.75,42.11,Italy,['Italy'],right,189,77,False,6.25,3.75,33.33,11.25,44.44,0.0,0.0,0.0,5.0,5.45,0.0,0,0.0,0,0.0,0.0,0.0,0,0.0,0.25,0,0.0,1,1.25,0.0,0.0,0.0,0.0,0.0,0.0,0.0,0.0,0.0,0.0,0.0,0.0,3.75,33.33,2.5,2.5,1.25,13.75,2.5,1.25,17.5,71.43,2.5,50.0,5.0,100.0,17.5,71.43,0.0,0.0,13.57,0.0,0.0,0.0,0.0,0.0,0.0,0.0,0.0,2.5,50.0,0.0,0.0,0.0,0.0,1.25,0.0,1.25,100.0,80.0,6.25,0,,0,,0,0.0,0.0,0.0,,,0.0,,11.25,0.0,0.0,0.0,0.0,0,0
M. Bortolussi,Mattia Bortolussi,296465,Padova,Padova,https://cdn5.wyscout.com/photos/team/public/g31139_120x120.png,Serie B,CF,CF,100,,0,,0,30,1996-05-02,400000,2028-06-30,2,72,0,0.18,0,0.06,12.5,50.0,Italy,['Italy'],right,188,76,False,2.5,1.25,0.0,10.0,50.0,0.0,0.0,0.0,2.5,2.73,1.25,0,0.0,0,0.0,0.0,0.0,0,0.0,0.23,0,0.0,1,1.25,0.0,0.0,0.0,1.25,0.0,0.0,0.0,0.0,0.0,1.25,0.0,0.0,1.25,100.0,5.0,0.0,0.0,12.5,0.0,1.25,16.25,92.31,1.25,100.0,2.5,100.0,13.75,100.0,1.25,100.0,13.0,23.94,0.08,1.25,0.0,0.0,0.0,0.0,1.25,1.25,100.0,0.0,0.0,0.0,0.0,2.5,0.0,0.0,0.0,100.0,7.5,0,,0,,0,0.0,0.0,0.0,,,0.0,,10.0,0.0,0.0,0.0,0.0,0,0
F. Tchaouna,Franky Tchaouna,-671222,Catanzaro,Catanzaro,https://cdn5.wyscout.com/photos/team/public/411_120x120.png,Serie B,"LCMF, AMF",LCMF,66,AMF,33,,0,20,2005-09-19,0,,2,71,0,0.23,0,0.0,21.55,58.82,France,"['France', 'Chad']",unknown,0,0,False,11.41,11.41,66.67,2.54,50.0,1.27,2.31,0.0,2.54,4.62,0.0,0,0.0,0,0.0,2.54,0.0,0,0.0,0.30000000000000004,0,0.0,2,2.54,50.0,0.0,0.0,1.27,0.0,0.0,0.0,1.27,0.0,0.0,1.27,100.0,5.07,50.0,3.8,1.27,0.0,50.7,0.0,1.27,62.11,81.63,12.68,70.0,11.41,100.0,59.58,82.98,1.27,100.0,13.78,17.78,0.0,1.27,0.0,0.0,0.0,0.0,0.0,6.34,80.0,2.54,0.0,0.0,0.0,0.0,0.0,2.54,0.0,88.24,21.55,0,,0,,0,0.0,0.0,0.0,,,0.0,,2.54,0.0,0.0,0.0,1.27,0,0
N. Pierozzi,Niccolò Pierozzi,-81695,Palermo,Palermo,https://cdn5.wyscout.com/photos/team/public/85_120x120.png,Serie B,RB,RB,100,,0,,0,24,2001-09-12,1800000,2028-06-30,1,71,0,0.0,0,0.30000000000000004,10.14,50.0,Italy,['Italy'],right,184,75,False,8.87,5.07,75.0,0.0,0.0,0.0,0.0,0.0,5.07,8.0,0.0,0,0.0,0,0.0,2.54,0.0,0,0.0,0.0,0,0.0,0,0.0,0.0,0.0,0.0,1.27,100.0,0.0,0.0,1.27,100.0,0.0,1.27,100.0,3.8,33.33,1.27,0.0,0.0,21.55,0.0,0.0,32.96,84.62,11.41,66.67,7.61,100.0,30.42,83.33,1.27,100.0,15.54,59.05,0.38,1.27,0.0,0.0,0.0,0.0,1.27,2.54,50.0,1.27,100.0,0.0,0.0,0.0,1.27,6.34,80.0,100.0,8.87,0,,0,,0,0.0,0.0,0.0,,,0.0,,0.0,0.0,0.0,0.0,0.0,0,0
J. Ceesay,Joseph Ceesay,446544,Empoli,Empoli,https://cdn5.wyscout.com/photos/team/public/77_120x120.png,Serie B,"LB, LWB",LB,87,LWB,12,,0,28,1998-06-03,500000,2027-06-30,1,70,0,0.03,0,0.0,11.57,44.44,Sweden,"['Sweden', 'Gambia']",right,184,78,False,6.43,5.14,50.0,0.0,0.0,0.0,0.0,1.29,3.86,3.91,2.5700000000000003,0,0.0,1,1.29,1.29,0.0,0,0.0,0.04,0,0.0,1,1.29,0.0,0.0,0.0,1.29,0.0,1.29,0.0,0.0,0.0,0.0,2.5700000000000003,50.0,6.43,40.0,1.29,1.29,0.0,10.29,1.29,1.29,9.0,57.14,1.29,0.0,0.0,0.0,5.14,75.0,2.5700000000000003,50.0,28.8,25.41,0.0,0.0,0.0,0.0,0.0,0.0,0.0,0.0,0.0,0.0,0.0,0.0,0.0,0.0,0.0,2.5700000000000003,0.0,100.0,5.14,0,,0,,0,0.0,0.0,0.0,,,0.0,,0.0,0.0,0.0,0.0,0.0,0,0
M. D''Alessandro,Marco D'Alessandro,80295,Catanzaro,Catanzaro,https://cdn5.wyscout.com/photos/team/public/411_120x120.png,Serie B,"LCMF3, LWB",LCMF3,87,LWB,12,,0,35,1991-02-17,500000,2028-06-30,2,70,1,0.01,0,0.0,18.0,57.14,Italy,['Italy'],right,173,71,False,6.43,9.0,57.14,2.5700000000000003,50.0,0.0,0.0,0.0,1.29,2.14,0.0,0,0.0,0,0.0,3.86,1.29,1,1.29,0.02,0,0.0,1,1.29,100.0,100.0,0.0,0.0,0.0,0.0,0.0,0.0,0.0,0.0,2.5700000000000003,100.0,5.14,75.0,2.5700000000000003,2.5700000000000003,0.0,20.57,3.86,1.29,25.71,95.0,3.86,100.0,12.86,90.0,25.71,95.0,0.0,0.0,17.76,0.0,0.0,0.0,0.0,0.0,0.0,0.0,1.29,0.0,0.0,0.0,0.0,0.0,0.0,0.0,0.0,1.29,100.0,100.0,3.86,0,,0,,0,0.0,0.0,0.0,,,0.0,,2.5700000000000003,0.0,0.0,0.0,0.0,0,0
T. Guercio,Tommaso Guercio,-146753,Carrarese,Carrarese,https://cdn5.wyscout.com/photos/team/public/396_120x120.png,Serie B,"RWB, RB",RWB,82,RB,17,,0,21,2005-06-01,0,2027-06-30,2,69,0,0.0,0,0.0,22.17,52.94,Italy,"['Italy', 'Poland']",right,186,75,True,7.83,10.43,62.5,3.91,66.67,0.0,0.0,0.0,1.3,1.67,2.61,0,0.0,0,0.0,1.3,0.0,0,0.0,0.0,0,0.0,0,0.0,0.0,0.0,0.0,1.3,100.0,0.0,0.0,1.3,100.0,0.0,1.3,0.0,6.52,40.0,0.0,0.0,0.0,18.26,0.0,2.61,27.39,76.19,9.13,57.14,1.3,100.0,26.09,75.0,0.0,0.0,9.7,0.0,0.0,0.0,0.0,0.0,0.0,0.0,1.3,5.22,50.0,2.61,100.0,0.0,0.0,1.3,1.3,6.52,80.0,85.71,9.13,0,,0,,0,0.0,0.0,0.0,,,0.0,,3.91,0.0,0.0,0.0,0.0,0,0
G. Marconi,Giacomo Marconi,-141331,Carrarese,Carrarese,https://cdn5.wyscout.com/photos/team/public/396_120x120.png,Serie B,CF,CF,100,,0,,0,21,2005-08-01,0,2027-06-30,2,69,0,0.04,0,0.05,11.74,55.56,Italy,['Italy'],right,0,0,False,3.91,3.91,33.33,3.91,66.67,0.0,0.0,0.0,2.61,3.33,1.3,0,0.0,0,0.0,1.3,0.0,0,0.0,0.05,0,0.0,2,2.61,0.0,0.0,0.0,0.0,0.0,0.0,0.0,0.0,0.0,0.0,1.3,100.0,3.91,66.67,2.61,2.61,1.3,11.74,1.3,1.3,18.26,78.57,1.3,100.0,5.22,100.0,18.26,78.57,0.0,0.0,13.25,0.0,0.07,1.3,0.0,0.0,0.0,0.0,0.0,2.61,50.0,2.61,100.0,0.0,0.0,1.3,0.0,1.3,100.0,66.67,3.91,0,,0,,0,0.0,0.0,0.0,,,0.0,,3.91,0.0,0.0,0.0,0.0,0,0
C. Morra,Claudio Morra,405742,Vicenza,Vicenza,https://cdn5.wyscout.com/photos/team/public/186_120x120.png,Serie B,CF,CF,100,,0,,0,31,1995-01-22,500000,2028-06-30,2,69,1,0.5,0,0.35000000000000003,15.65,41.67,Italy,['Italy'],right,185,79,False,0.0,1.3,0.0,3.91,0.0,0.0,0.0,0.0,0.0,0.0,2.61,0,0.0,0,0.0,5.22,1.3,1,1.3,0.65,0,0.0,6,7.83,33.33,16.667,0.0,1.3,100.0,1.3,100.0,0.0,0.0,0.0,1.3,100.0,7.83,50.0,7.83,0.0,0.0,16.96,3.91,1.3,11.74,77.78,2.61,0.0,3.91,100.0,9.13,71.43,1.3,100.0,16.25,24.12,0.46,2.61,0.0,0.0,0.0,0.0,2.61,3.91,66.67,1.3,100.0,0.0,0.0,1.3,1.3,2.61,100.0,100.0,3.91,0,,0,,0,0.0,0.0,0.0,,,0.0,,3.91,0.0,0.0,0.0,0.0,0,0
Pedro Mendes,Pedro Manuel Lobo Peixoto Mineiro Mendes,491348,Modena,Modena,https://cdn5.wyscout.com/photos/team/public/179_120x120.png,Serie B,"LCMF, CF",LCMF,70,CF,29,,0,27,1999-08-01,1800000,2027-06-30,1,67,0,0.16,0,0.0,10.75,62.5,Portugal,['Portugal'],right,187,84,False,4.03,0.0,0.0,5.37,50.0,0.0,0.0,0.0,4.03,5.29,1.34,0,0.0,0,0.0,0.0,0.0,0,0.0,0.21,0,0.0,2,2.69,0.0,0.0,0.0,0.0,0.0,0.0,0.0,0.0,0.0,0.0,0.0,0.0,4.03,100.0,5.37,0.0,1.34,21.49,0.0,2.69,33.58,84.0,6.72,60.0,9.4,100.0,32.24,87.5,1.34,0.0,15.76,39.0,0.0,0.0,0.0,0.0,0.0,0.0,0.0,4.03,66.67,2.69,100.0,0.0,0.0,0.0,0.0,4.03,33.33,85.71,9.4,0,,0,,0,0.0,0.0,0.0,,,2.69,,5.37,1.34,1.34,0.0,0.0,0,0
M. Tirelli,Mattia Tirelli,-118962,Virtus Entella,Virtus Entella,https://cdn5.wyscout.com/photos/team/public/1370_120x120.png,Serie B,"CF, LWF",CF,71,LWF,28,,0,24,2002-06-30,200000,,2,66,0,0.0,0,0.08,2.73,0.0,Italy,['Italy'],right,183,78,False,1.3599999999999999,0.0,0.0,0.0,0.0,0.0,0.0,0.0,1.3599999999999999,1.76,0.0,0,0.0,0,0.0,0.0,0.0,0,0.0,0.0,0,0.0,0,0.0,0.0,0.0,0.0,0.0,0.0,0.0,0.0,0.0,0.0,0.0,0.0,0.0,0.0,0.0,1.3599999999999999,0.0,0.0,5.45,1.3599999999999999,0.0,9.55,85.71,2.73,50.0,6.82,100.0,9.55,85.71,0.0,0.0,10.7,0.0,0.11,1.3599999999999999,0.0,0.0,0.0,0.0,1.3599999999999999,0.0,0.0,0.0,0.0,0.0,0.0,1.3599999999999999,0.0,0.0,0.0,0.0,0.0,0,,0,,0,0.0,0.0,0.0,,,0.0,,0.0,0.0,0.0,0.0,0.0,0,0
L. Zanimacchia,Luca Zanimacchia,453405,Padova,Padova,https://cdn5.wyscout.com/photos/team/public/g31139_120x120.png,Serie B,LWB,LWB,100,,0,,0,28,1998-07-19,1500000,2027-06-30,1,64,0,0.0,0,0.0,11.25,87.5,Italy,['Italy'],right,178,72,False,2.81,1.4100000000000001,100.0,1.4100000000000001,100.0,0.0,0.0,0.0,1.4100000000000001,1.5,0.0,0,0.0,0,0.0,7.03,0.0,0,0.0,0.0,0,0.0,0,0.0,0.0,0.0,0.0,8.44,33.33,5.63,25.0,2.81,50.0,0.0,5.63,75.0,8.44,83.33,4.22,7.03,0.0,30.94,2.81,2.81,30.94,72.73,0.0,0.0,7.03,100.0,21.09,93.33,1.4100000000000001,0.0,18.07,26.43,0.0,0.0,0.0,0.0,0.0,0.0,0.0,1.4100000000000001,0.0,2.81,100.0,0.0,0.0,0.0,2.81,2.81,100.0,80.0,14.06,0,,0,,0,0.0,0.0,0.0,,,0.0,,1.4100000000000001,0.0,0.0,0.0,1.4100000000000001,0,0
B. Popov,Bogdan Popov,-202971,Empoli,Empoli,https://cdn5.wyscout.com/photos/team/public/77_120x120.png,Serie B,CF,CF,100,,0,,0,19,2007-04-04,0,,2,64,0,0.0,0,0.0,16.88,50.0,Ukraine,['Ukraine'],right,193,79,False,2.81,0.0,0.0,5.63,75.0,0.0,0.0,1.4100000000000001,2.81,3.0,1.4100000000000001,1,1.4100000000000001,0,0.0,1.4100000000000001,0.0,0,0.0,0.0,0,0.0,0,0.0,0.0,0.0,0.0,0.0,0.0,0.0,0.0,0.0,0.0,0.0,1.4100000000000001,100.0,8.44,50.0,0.0,0.0,0.0,7.03,1.4100000000000001,1.4100000000000001,8.44,50.0,5.63,25.0,0.0,0.0,8.44,50.0,0.0,0.0,9.95,0.0,0.0,0.0,0.0,0.0,0.0,0.0,0.0,1.4100000000000001,0.0,1.4100000000000001,0.0,0.0,0.0,0.0,0.0,0.0,0.0,0.0,0.0,0,,0,,0,0.0,0.0,0.0,,,0.0,,5.63,0.0,0.0,0.0,0.0,0,0
A. Caracciolo,Antonio Caracciolo,142477,Pisa,Pisa,https://cdn5.wyscout.com/photos/team/public/189_120x120.png,Serie B,"RCB, CB",RCB,73,CB,26,,0,36,1990-06-30,250000,2027-06-30,2,64,0,0.0,0,0.0,8.44,50.0,Italy,['Italy'],right,185,83,False,8.44,4.22,66.67,4.22,33.33,0.0,0.0,1.4100000000000001,5.63,6.67,0.0,0,0.0,0,0.0,0.0,0.0,0,0.0,0.0,0,0.0,0,0.0,0.0,0.0,0.0,0.0,0.0,0.0,0.0,0.0,0.0,0.0,0.0,0.0,0.0,0.0,0.0,0.0,0.0,36.56,0.0,0.0,46.41,72.73,16.88,50.0,4.22,100.0,43.59,77.42,2.81,0.0,13.64,17.24,0.0,0.0,0.0,0.0,0.0,0.0,0.0,0.0,0.0,0.0,0.0,0.0,0.0,0.0,0.0,11.25,12.5,100.0,15.47,0,,0,,0,0.0,0.0,0.0,,,4.22,,4.22,0.0,0.0,0.0,0.0,0,0
Y. Khafi,Yanis Khafi,-277263,Carrarese,Carrarese,https://cdn5.wyscout.com/photos/team/public/396_120x120.png,Serie B,DMF,DMF,100,,0,,0,20,2006-04-23,0,2030-06-30,1,63,0,0.0,0,0.0,20.0,35.71,France,"['France', 'Algeria']",right,180,71,False,8.57,11.43,50.0,2.86,0.0,0.0,0.0,0.0,2.86,3.75,5.71,0,0.0,0,0.0,0.0,0.0,0,0.0,0.0,0,0.0,0,0.0,0.0,0.0,0.0,0.0,0.0,0.0,0.0,0.0,0.0,0.0,0.0,0.0,4.29,33.33,0.0,0.0,0.0,11.43,1.43,1.43,30.0,71.43,12.86,44.44,1.43,100.0,22.86,87.5,7.14,20.0,22.68,45.48,0.0,0.0,0.0,0.0,0.0,0.0,0.0,7.14,20.0,2.86,0.0,0.0,0.0,0.0,0.0,5.71,50.0,100.0,14.29,0,,0,,0,0.0,0.0,0.0,,,0.0,,2.86,0.0,0.0,0.0,0.0,0,0
L. Di Maggio,Luca Di Maggio,-146752,Avellino,Avellino,https://cdn5.wyscout.com/photos/team/public/176_120x120.png,Serie B,"RW, LCMF3",RW,52,LCMF3,47,,0,21,2005-03-31,0,2030-06-30,2,63,0,0.42,0,0.09,15.71,45.45,Italy,['Italy'],right,0,0,False,4.29,10.0,14.29,0.0,0.0,0.0,0.0,0.0,2.86,3.33,4.29,0,0.0,0,0.0,4.29,0.0,0,0.0,0.6000000000000001,0,0.0,2,2.86,50.0,0.0,0.0,2.86,50.0,0.0,0.0,2.86,50.0,1.43,1.43,100.0,4.29,100.0,2.86,0.0,0.0,24.29,1.43,2.86,31.43,90.91,1.43,100.0,8.57,100.0,25.71,94.44,2.86,100.0,20.89,15.61,0.13,1.43,0.0,0.0,0.0,0.0,1.43,2.86,100.0,2.86,50.0,0.0,0.0,0.0,1.43,2.86,100.0,90.91,15.71,0,,0,,0,0.0,0.0,0.0,,,0.0,,0.0,0.0,0.0,0.0,0.0,0,0
N. Rauti,Nicola Rauti,-37352,Vicenza,Vicenza,https://cdn5.wyscout.com/photos/team/public/186_120x120.png,Serie B,"LAMF, CF",LAMF,59,CF,40,,0,26,2000-04-17,250000,2027-06-30,2,63,0,0.48,1,0.02,31.43,54.55,Italy,['Italy'],right,180,78,False,1.43,4.29,33.33,10.0,57.14,0.0,0.0,0.0,0.0,0.0,2.86,1,1.43,0,0.0,8.57,0.0,0,0.0,0.68,0,0.0,3,4.29,66.67,0.0,1.43,5.71,25.0,5.71,25.0,0.0,0.0,0.0,5.71,75.0,15.71,63.64,5.71,4.29,0.0,27.14,10.0,5.71,30.0,80.95,4.29,100.0,7.14,100.0,21.43,93.33,2.86,100.0,18.17,22.43,0.03,1.43,0.0,0.0,0.0,0.0,1.43,2.86,100.0,2.86,50.0,0.0,0.0,1.43,1.43,4.29,66.67,66.67,12.86,0,,0,,0,0.0,0.0,0.0,,,0.0,,10.0,0.0,0.0,0.0,0.0,0,0
D. Sounas,Dimitrios Sounas,262011,Avellino,Avellino,https://cdn5.wyscout.com/photos/team/public/176_120x120.png,Serie B,"LCMF, DMF, RCMF3",LCMF,52,DMF,29,RCMF3,17,32,1994-08-12,500000,2028-06-30,2,63,0,0.0,0,0.0,11.43,50.0,Greece,['Greece'],right,179,72,False,8.57,5.71,50.0,4.29,66.67,0.0,0.0,0.0,5.71,6.67,2.86,0,0.0,0,0.0,0.0,0.0,0,0.0,0.0,0,0.0,0,0.0,0.0,0.0,0.0,0.0,0.0,0.0,0.0,0.0,0.0,0.0,0.0,0.0,1.43,0.0,1.43,0.0,0.0,41.43,1.43,0.0,50.0,91.43,14.29,70.0,5.71,100.0,48.57,91.18,1.43,100.0,16.87,30.49,0.0,0.0,0.0,0.0,0.0,0.0,0.0,4.29,100.0,0.0,0.0,0.0,0.0,0.0,0.0,8.57,100.0,100.0,25.71,0,,0,,0,0.0,0.0,0.0,,,0.0,,4.29,0.0,0.0,0.0,0.0,0,0
Dailon Livramento,Dailon Rocha Livramento do Rosario,-301738,Hellas Verona,Hellas Verona,https://cdn5.wyscout.com/photos/team/public/212_120x120.png,Serie B,"LW, CF, LCMF3",LW,42,CF,23,LCMF3,22,25,2001-05-04,0,2028-06-30,2,63,0,0.54,0,0.0,18.57,46.15,Netherlands,"['Netherlands', 'Cape Verde Islands']",right,185,77,False,5.71,4.29,0.0,0.0,0.0,0.0,0.0,0.0,5.71,10.91,2.86,0,0.0,0,0.0,12.86,0.0,0,0.0,0.77,0,0.0,4,5.71,25.0,0.0,0.0,10.0,28.57,7.14,40.0,2.86,0.0,1.43,8.57,100.0,12.86,66.67,10.0,4.29,0.0,21.43,2.86,0.0,22.86,56.25,2.86,100.0,1.43,100.0,12.86,77.78,0.0,0.0,29.25,0.0,0.0,0.0,0.0,0.0,0.0,0.0,0.0,0.0,0.0,4.29,66.67,0.0,0.0,1.43,1.43,5.71,100.0,60.0,7.14,0,,0,,0,0.0,0.0,0.0,,,0.0,,0.0,0.0,0.0,0.0,0.0,0,0
D. Oyegoke,Daniel Oyegoke,-84148,Hellas Verona,Hellas Verona,https://cdn5.wyscout.com/photos/team/public/212_120x120.png,Serie B,RB,RB,100,,0,,0,23,2003-01-03,300000,2030-06-30,1,63,0,0.0,0,0.29,18.57,61.54,England,"['England', 'Nigeria']",right,188,63,False,15.71,14.29,80.0,1.43,0.0,0.0,0.0,0.0,4.29,4.74,0.0,0,0.0,0,0.0,1.43,0.0,0,0.0,0.0,0,0.0,0,0.0,0.0,0.0,0.0,1.43,100.0,0.0,0.0,1.43,100.0,0.0,0.0,0.0,1.43,0.0,0.0,0.0,0.0,18.57,0.0,0.0,25.71,88.89,8.57,66.67,4.29,66.67,20.0,85.71,4.29,100.0,17.37,48.03,0.41000000000000003,1.43,1.43,0.0,0.0,0.0,1.43,4.29,100.0,2.86,100.0,0.0,0.0,1.43,1.43,8.57,66.67,100.0,8.57,0,,0,,0,0.0,0.0,0.0,,,1.43,,1.43,0.0,0.0,0.0,0.0,0,0
G. Olzer,Giacomo Olzer,-73319,Modena,Modena,https://cdn5.wyscout.com/photos/team/public/179_120x120.png,Serie B,RWF,RWF,100,,0,,0,25,2001-04-14,450000,2029-06-30,1,62,2,0.42,0,0.0,14.52,30.0,Italy,['Italy'],left,188,78,False,4.35,1.45,0.0,1.45,0.0,0.0,0.0,0.0,4.35,5.63,1.45,1,1.45,0,0.0,5.8100000000000005,2.9,2,2.9,0.61,0,0.0,2,2.9,100.0,100.0,0.0,0.0,0.0,0.0,0.0,0.0,0.0,0.0,5.8100000000000005,50.0,10.16,42.86,1.45,1.45,0.0,24.68,2.9,1.45,27.58,78.95,11.61,50.0,10.16,100.0,26.13,77.78,1.45,100.0,12.62,38.87,0.0,0.0,0.0,0.0,0.0,0.0,0.0,4.35,66.67,0.0,0.0,0.0,0.0,0.0,0.0,8.71,50.0,100.0,1.45,0,,0,,0,0.0,0.0,0.0,,,0.0,,1.45,0.0,0.0,0.0,2.9,0,0
N. Estévez,Nahuel Estévez Álvarez,360647,Palermo,Palermo,https://cdn5.wyscout.com/photos/team/public/85_120x120.png,Serie B,DMF,DMF,100,,0,,0,30,1995-11-14,3500000,2028-06-30,2,62,0,0.0,0,0.0,14.52,30.0,Argentina,"['Argentina', 'Spain']",right,181,77,False,7.26,11.61,25.0,0.0,0.0,0.0,0.0,1.45,4.35,6.43,5.8100000000000005,1,1.45,0,0.0,0.0,0.0,0,0.0,0.0,0,0.0,0,0.0,0.0,0.0,0.0,1.45,0.0,1.45,0.0,0.0,0.0,0.0,0.0,0.0,1.45,100.0,2.9,0.0,0.0,36.29,0.0,1.45,52.26,88.89,14.52,90.0,11.61,100.0,46.45,90.63,4.35,100.0,20.73,26.68,0.0,0.0,0.0,0.0,0.0,0.0,0.0,7.26,100.0,2.9,50.0,0.0,0.0,1.45,0.0,11.61,75.0,90.0,14.52,0,,0,,0,0.0,0.0,0.0,,,0.0,,0.0,0.0,0.0,0.0,0.0,0,0
G. Giunti,Giovanni Giunti,-246905,Padova,Padova,https://cdn5.wyscout.com/photos/team/public/g31139_120x120.png,Serie B,"LCMF3, RCMF3",LCMF3,58,RCMF3,41,,0,21,2005-03-11,0,2029-06-30,2,61,0,0.0,0,0.0,8.85,66.67,Italy,['Italy'],right,0,0,False,5.9,5.9,50.0,0.0,0.0,0.0,0.0,1.48,2.95,3.33,2.95,2,2.95,0,0.0,0.0,0.0,0,0.0,0.0,0,0.0,0,0.0,0.0,0.0,0.0,0.0,0.0,0.0,0.0,0.0,0.0,0.0,0.0,0.0,1.48,100.0,0.0,0.0,0.0,20.66,0.0,1.48,32.46,68.18,7.38,40.0,10.33,85.71,29.51,70.0,2.95,50.0,15.73,36.09,0.0,0.0,0.0,0.0,0.0,0.0,0.0,0.0,0.0,0.0,0.0,0.0,0.0,0.0,0.0,4.43,33.33,66.67,8.85,0,,0,,0,0.0,0.0,0.0,,,1.48,,0.0,0.0,0.0,0.0,0.0,0,0
A. Bellemo,Alessandro Bellemo,301592,Sampdoria,Sampdoria,https://cdn5.wyscout.com/photos/team/public/88_120x120.png,Serie B,LCMF3,LCMF3,100,,0,,0,31,1995-08-07,2000000,2027-06-30,1,60,0,0.0,0,0.0,1.5,100.0,Italy,['Italy'],right,184,72,False,3.0,0.0,0.0,0.0,0.0,0.0,0.0,0.0,3.0,4.0,0.0,0,0.0,0,0.0,0.0,0.0,0,0.0,0.0,0,0.0,0,0.0,0.0,0.0,0.0,0.0,0.0,0.0,0.0,0.0,0.0,0.0,0.0,0.0,0.0,0.0,0.0,0.0,0.0,13.5,0.0,1.5,16.5,90.91,6.0,75.0,1.5,100.0,13.5,100.0,3.0,50.0,18.57,29.28,0.0,1.5,0.0,0.0,0.0,0.0,0.0,4.5,66.67,0.0,0.0,0.0,0.0,0.0,0.0,0.0,0.0,100.0,7.5,0,,0,,0,0.0,0.0,0.0,,,1.5,,0.0,0.0,0.0,0.0,0.0,0,0
M. Francesconi,Matteo Francesconi,-160406,Cesena,Cesena,https://cdn5.wyscout.com/photos/team/public/g25343_120x120.png,Serie B,"RCMF3, LW, AMF",RCMF3,40,LW,31,AMF,27,22,2004-02-11,0,2028-06-30,2,60,0,0.0,0,0.0,18.0,58.33,Italy,['Italy'],right,180,71,False,9.0,9.0,66.67,1.5,100.0,0.0,0.0,0.0,3.0,2.86,0.0,0,0.0,0,0.0,0.0,0.0,0,0.0,0.0,0,0.0,0,0.0,0.0,0.0,0.0,0.0,0.0,0.0,0.0,0.0,0.0,0.0,0.0,0.0,3.0,50.0,1.5,1.5,0.0,13.5,3.0,1.5,16.5,63.64,4.5,66.67,3.0,100.0,15.0,70.0,1.5,0.0,29.22,27.96,0.0,0.0,0.0,0.0,0.0,0.0,0.0,1.5,0.0,1.5,0.0,0.0,0.0,0.0,0.0,1.5,0.0,50.0,3.0,0,,0,,0,0.0,0.0,0.0,,,0.0,,1.5,0.0,0.0,0.0,0.0,0,0
L. Belardinelli,Luca Belardinelli,-62071,Empoli,Empoli,https://cdn5.wyscout.com/photos/team/public/77_120x120.png,Serie B,"RCMF, RCMF3, LCMF",RCMF,40,RCMF3,34,LCMF,25,25,2001-03-14,1000000,,2,59,0,0.0,0,0.0,13.73,44.44,Italy,['Italy'],right,190,83,False,1.53,4.58,0.0,6.1,75.0,0.0,0.0,0.0,1.53,1.88,4.58,1,1.53,0,0.0,0.0,0.0,0,0.0,0.0,0,0.0,0,0.0,0.0,0.0,0.0,0.0,0.0,0.0,0.0,0.0,0.0,0.0,0.0,0.0,0.0,0.0,0.0,0.0,0.0,19.83,0.0,0.0,27.46,55.56,13.73,44.44,6.1,75.0,27.46,55.56,0.0,0.0,6.8,0.0,0.0,0.0,0.0,0.0,0.0,0.0,0.0,3.05,50.0,0.0,0.0,0.0,0.0,0.0,0.0,7.63,60.0,50.0,3.05,0,,0,,0,0.0,0.0,0.0,,,0.0,,6.1,0.0,0.0,0.0,0.0,0,0
L. Felippe,Lucas  Felippe,-63464,Virtus Entella,Virtus Entella,https://cdn5.wyscout.com/photos/team/public/1370_120x120.png,Serie B,"RCMF, DMF",RCMF,75,DMF,24,,0,26,2000-05-03,175000,2027-06-30,2,59,0,0.03,0,0.18,7.63,60.0,Brazil,"['Brazil', 'Spain']",left,178,70,True,1.53,0.0,0.0,0.0,0.0,0.0,0.0,0.0,1.53,3.0,1.53,0,0.0,0,0.0,3.05,0.0,0,0.0,0.05,0,0.0,1,1.53,0.0,0.0,0.0,4.58,66.67,4.58,66.67,0.0,0.0,0.0,0.0,0.0,6.1,75.0,0.0,3.05,0.0,56.44,1.53,3.05,71.69,89.36,30.51,85.0,3.05,100.0,57.97,97.37,9.15,50.0,22.68,35.19,0.27,3.05,0.0,0.0,0.0,0.0,0.0,25.93,82.35,10.68,57.14,0.0,0.0,3.05,3.05,18.31,91.67,91.67,36.61,0,,0,,0,0.0,0.0,0.0,,,0.0,,0.0,3.05,0.0,0.0,3.05,0,0
Andrea Oliveri,Andrea Oliveri,-105578,Ascoli,Ascoli,https://cdn5.wyscout.com/photos/team/public/191_120x120.png,Serie B,"RB, LDMF",RB,83,LDMF,16,,0,23,2003-01-14,600000,2027-06-30,2,58,0,0.0,0,0.19,18.62,50.0,Italy,['Italy'],right,181,73,False,9.31,7.76,60.0,1.55,0.0,0.0,0.0,0.0,4.66,9.0,0.0,0,0.0,0,0.0,3.1,0.0,0,0.0,0.0,0,0.0,0,0.0,0.0,0.0,0.0,4.66,66.67,0.0,0.0,4.66,66.67,0.0,0.0,0.0,9.31,50.0,1.55,4.66,0.0,26.38,3.1,3.1,43.45,78.57,15.52,80.0,4.66,100.0,38.79,80.0,0.0,0.0,13.71,0.0,0.29,1.55,0.0,0.0,0.0,0.0,1.55,3.1,100.0,3.1,100.0,0.0,0.0,0.0,3.1,9.31,50.0,100.0,10.86,0,,0,,0,0.0,0.0,0.0,,,1.55,,1.55,0.0,0.0,0.0,0.0,0,0
D. Bolsius,Don Bolsius,460522,Ascoli,Ascoli,https://cdn5.wyscout.com/photos/team/public/191_120x120.png,Serie B,LAMF,LAMF,100,,0,,0,27,1998-11-29,150000,2027-06-30,2,58,0,0.0,0,0.0,24.83,43.75,Netherlands,['Netherlands'],right,180,69,False,7.76,4.66,33.33,3.1,50.0,0.0,0.0,0.0,6.21,12.0,3.1,0,0.0,0,0.0,3.1,0.0,0,0.0,0.0,0,0.0,0,0.0,0.0,0.0,0.0,4.66,0.0,4.66,0.0,0.0,0.0,1.55,3.1,100.0,17.07,45.45,3.1,1.55,0.0,23.28,1.55,4.66,31.03,70.0,6.21,100.0,10.86,85.71,23.28,86.67,3.1,50.0,18.91,46.56,0.0,0.0,0.0,0.0,0.0,0.0,0.0,4.66,66.67,1.55,0.0,0.0,0.0,0.0,0.0,3.1,100.0,20.0,7.76,0,,0,,0,0.0,0.0,0.0,,,0.0,,3.1,0.0,0.0,0.0,4.66,0,0
T. Berti,Tommaso Berti,-161671,Cremonese,Cremonese,https://cdn5.wyscout.com/photos/team/public/197_120x120.png,Serie B,"LCMF3, LW, CF",LCMF3,38,LW,38,CF,22,22,2004-03-07,1000000,2030-06-30,2,54,0,0.0,0,0.18,10.0,66.67,Italy,['Italy'],right,171,66,False,0.0,0.0,0.0,0.0,0.0,0.0,0.0,0.0,0.0,0.0,0.0,0,0.0,0,0.0,0.0,0.0,0,0.0,0.0,0,0.0,0,0.0,0.0,0.0,0.0,3.33,0.0,1.67,0.0,1.67,0.0,0.0,0.0,0.0,8.33,60.0,1.67,0.0,0.0,55.0,0.0,3.33,61.67,89.19,13.33,100.0,11.67,100.0,58.33,94.29,0.0,0.0,18.41,0.0,0.31,3.33,0.0,0.0,0.0,0.0,3.33,8.33,100.0,3.33,50.0,0.0,0.0,5.0,0.0,3.33,100.0,84.21,31.67,0,,0,,0,0.0,0.0,0.0,,,1.67,,0.0,0.0,0.0,0.0,0.0,0,0
F. Artioli,Federico Artioli,-64022,Juve Stabia,Juve Stabia,https://cdn5.wyscout.com/photos/team/public/228_120x120.png,Serie B,DMF,DMF,100,,0,,0,25,2001-06-12,225000,2029-06-30,2,54,0,0.0,1,0.19,6.67,50.0,Italy,['Italy'],right,178,76,False,1.67,3.33,50.0,0.0,0.0,0.0,0.0,0.0,0.0,0.0,1.67,0,0.0,0,0.0,0.0,0.0,0,0.0,0.01,0,0.0,1,1.67,0.0,0.0,1.67,1.67,0.0,1.67,0.0,0.0,0.0,0.0,0.0,0.0,3.33,50.0,0.0,0.0,1.67,36.67,0.0,1.67,56.67,76.47,20.0,58.33,3.33,100.0,40.0,95.83,15.0,33.33,24.46,42.32,0.32,1.67,0.0,0.0,0.0,0.0,0.0,20.0,58.33,5.0,0.0,0.0,0.0,0.0,0.0,10.0,100.0,84.21,31.67,0,,0,,0,0.0,0.0,0.0,,,0.0,,0.0,1.67,0.0,0.0,3.33,0,0
A. David,Antonio David,-650175,Cesena,Cesena,https://cdn5.wyscout.com/photos/team/public/g25343_120x120.png,Serie B,LB,LB,100,,0,,0,22,2004-01-08,0,,1,53,0,0.0,0,0.0,18.68,54.55,Romania,['Romania'],left,0,0,False,20.38,15.28,66.67,0.0,0.0,1.7000000000000002,2.14,0.0,8.49,10.71,5.09,1,1.7000000000000002,1,1.7000000000000002,0.0,0.0,0,0.0,0.0,0,0.0,0,0.0,0.0,0.0,0.0,3.4,0.0,1.7000000000000002,0.0,1.7000000000000002,0.0,0.0,0.0,0.0,3.4,0.0,0.0,0.0,0.0,16.98,1.7000000000000002,0.0,27.17,68.75,8.49,80.0,8.49,80.0,20.38,83.33,3.4,50.0,18.75,23.32,0.0,0.0,0.0,0.0,0.0,0.0,0.0,1.7000000000000002,100.0,5.09,33.33,0.0,0.0,0.0,0.0,6.79,50.0,50.0,6.79,0,,0,,0,0.0,0.0,0.0,,,1.7000000000000002,,0.0,0.0,0.0,0.0,0.0,0,0
N. Pyyhtiä,Niklas Pyyhtiä,-133764,Südtirol,Südtirol,https://cdn5.wyscout.com/photos/team/public/2754_120x120.png,Serie B,"RCMF, DMF",RCMF,84,DMF,15,,0,22,2003-09-25,1200000,2029-06-30,1,51,0,0.09,0,0.0,3.5300000000000002,100.0,Finland,['Finland'],left,186,76,True,5.29,3.5300000000000002,100.0,0.0,0.0,1.76,3.33,0.0,0.0,0.0,0.0,0,0.0,0,0.0,0.0,0.0,0,0.0,0.16,0,0.0,1,1.76,0.0,0.0,0.0,0.0,0.0,0.0,0.0,0.0,0.0,0.0,0.0,0.0,0.0,0.0,0.0,0.0,0.0,40.59,0.0,0.0,45.88,88.46,8.82,80.0,8.82,100.0,44.12,88.0,1.76,100.0,17.0,43.05,0.0,0.0,0.0,0.0,0.0,0.0,0.0,1.76,100.0,0.0,0.0,0.0,0.0,0.0,0.0,5.29,33.33,81.82,19.41,0,,0,,0,0.0,0.0,0.0,,,1.76,,0.0,1.76,1.76,0.0,1.76,0,0
Saná Fernandes,Saná Eusébio Mango Fernandes,-330552,Juve Stabia,Juve Stabia,https://cdn5.wyscout.com/photos/team/public/228_120x120.png,Serie B,LWF,LWF,100,,0,,0,20,2006-03-10,0,2028-06-30,2,50,0,0.0,0,0.0,9.0,20.0,Guinea-Bissau,"['Guinea-Bissau', 'Portugal']",right,165,58,True,0.0,0.0,0.0,0.0,0.0,0.0,0.0,0.0,0.0,0.0,0.0,0,0.0,0,0.0,1.8,0.0,0,0.0,0.0,0,0.0,0,0.0,0.0,0.0,0.0,0.0,0.0,0.0,0.0,0.0,0.0,0.0,3.6,50.0,9.0,20.0,1.8,0.0,0.0,18.0,0.0,0.0,21.6,83.33,1.8,100.0,7.2,100.0,21.6,83.33,0.0,0.0,8.74,0.0,0.0,0.0,0.0,0.0,0.0,0.0,0.0,1.8,100.0,0.0,0.0,0.0,0.0,0.0,0.0,0.0,0.0,100.0,1.8,0,,0,,0,0.0,0.0,0.0,,,0.0,,0.0,0.0,0.0,0.0,0.0,0,0
S. Elia,Salvatore Elia,-40688,Cremonese,Cremonese,https://cdn5.wyscout.com/photos/team/public/197_120x120.png,Serie B,"RWB, RAMF",RWB,60,RAMF,39,,0,27,1999-06-30,800000,2028-06-30,1,50,0,0.0,0,0.0,10.8,16.67,Italy,['Italy'],right,183,70,False,1.8,5.4,0.0,0.0,0.0,0.0,0.0,0.0,1.8,3.75,1.8,0,0.0,0,0.0,0.0,0.0,0,0.0,0.0,0,0.0,0,0.0,0.0,0.0,0.0,1.8,0.0,0.0,0.0,1.8,0.0,0.0,0.0,0.0,5.4,33.33,0.0,1.8,0.0,30.6,0.0,1.8,27.0,73.33,7.2,50.0,10.8,100.0,23.4,84.62,1.8,0.0,15.82,38.82,0.0,0.0,0.0,0.0,0.0,0.0,1.8,3.6,50.0,1.8,0.0,0.0,0.0,0.0,0.0,3.6,100.0,50.0,7.2,0,,0,,0,0.0,0.0,0.0,,,0.0,,0.0,0.0,0.0,0.0,0.0,0,0
S. Mawuli,Eklu Shaka Mawuli,471079,Arezzo,Arezzo,https://cdn5.wyscout.com/photos/team/public/221_120x120.png,Serie B,"RCMF3, RDMF",RCMF3,62,RDMF,37,,0,28,1998-05-16,200000,2028-06-30,2,50,0,0.0,0,0.0,12.6,14.29,Ghana,"['Ghana', 'Italy']",right,185,80,False,12.6,9.0,20.0,1.8,0.0,0.0,0.0,3.6,10.8,12.0,5.4,0,0.0,0,0.0,1.8,0.0,0,0.0,0.0,0,0.0,0,0.0,0.0,0.0,0.0,1.8,100.0,0.0,0.0,1.8,100.0,0.0,0.0,0.0,1.8,0.0,0.0,0.0,0.0,14.4,1.8,0.0,27.0,66.67,10.8,33.33,5.4,33.33,23.4,69.23,3.6,50.0,15.1,46.04,0.0,0.0,0.0,0.0,0.0,0.0,0.0,5.4,100.0,1.8,100.0,0.0,0.0,0.0,0.0,7.2,50.0,100.0,5.4,0,,0,,0,0.0,0.0,0.0,,,0.0,,1.8,0.0,0.0,0.0,0.0,0,0
L. Cuppone,Luigi Cuppone,385983,Virtus Entella,Virtus Entella,https://cdn5.wyscout.com/photos/team/public/1370_120x120.png,Serie B,CF,CF,100,,0,,0,29,1997-08-06,400000,2027-06-30,1,49,0,0.1,0,0.0,12.86,57.14,Italy,['Italy'],right,178,75,False,1.8399999999999999,3.67,50.0,0.0,0.0,0.0,0.0,0.0,0.0,0.0,0.0,0,0.0,0,0.0,0.0,0.0,0,0.0,0.19,0,0.0,1,1.8399999999999999,0.0,0.0,0.0,5.51,0.0,0.0,0.0,5.51,0.0,3.67,0.0,0.0,7.35,50.0,5.51,0.0,0.0,16.53,3.67,5.51,22.04,58.33,1.8399999999999999,100.0,5.51,100.0,12.86,85.71,3.67,50.0,24.47,29.78,0.0,0.0,0.0,0.0,0.0,0.0,0.0,1.8399999999999999,0.0,3.67,50.0,0.0,0.0,1.8399999999999999,1.8399999999999999,1.8399999999999999,0.0,40.0,9.18,0,,0,,0,0.0,0.0,0.0,,,0.0,,0.0,0.0,0.0,0.0,0.0,0,0
R. Talarico,Raul Talarico,-170520,Vicenza,Vicenza,https://cdn5.wyscout.com/photos/team/public/186_120x120.png,Serie B,"RAMF, RCMF3",RAMF,75,RCMF3,24,,0,24,2002-05-31,0,2027-06-30,1,49,0,0.16,0,0.0,22.04,41.67,Italy,['Italy'],right,173,0,False,5.51,7.35,50.0,5.51,33.33,0.0,0.0,0.0,1.8399999999999999,3.75,1.8399999999999999,0,0.0,0,0.0,1.8399999999999999,0.0,0,0.0,0.29,0,0.0,2,3.67,0.0,0.0,0.0,1.8399999999999999,0.0,0.0,0.0,1.8399999999999999,0.0,0.0,1.8399999999999999,100.0,5.51,66.67,3.67,0.0,0.0,25.71,0.0,1.8399999999999999,29.39,68.75,5.51,66.67,9.18,80.0,27.55,73.33,0.0,0.0,13.64,0.0,0.0,0.0,0.0,0.0,0.0,0.0,0.0,3.67,50.0,1.8399999999999999,0.0,0.0,0.0,0.0,0.0,1.8399999999999999,100.0,75.0,7.35,0,,0,,0,0.0,0.0,0.0,,,0.0,,5.51,0.0,0.0,0.0,0.0,0,0
S. Korač,Seid Korač,493310,Hellas Verona,Hellas Verona,https://cdn5.wyscout.com/photos/team/public/212_120x120.png,Serie B,RCB3,RCB3,100,,0,,0,24,2001-10-20,900000,2029-06-30,1,49,0,0.26,0,0.0,14.69,50.0,Luxembourg,"['Luxembourg', 'Serbia']",right,191,89,True,3.67,3.67,50.0,9.18,60.0,1.8399999999999999,3.33,0.0,0.0,0.0,1.8399999999999999,0,0.0,0,0.0,0.0,0.0,0,0.0,0.48,0,0.0,1,1.8399999999999999,0.0,0.0,0.0,0.0,0.0,0.0,0.0,0.0,0.0,0.0,0.0,0.0,1.8399999999999999,0.0,1.8399999999999999,0.0,1.8399999999999999,56.94,1.8399999999999999,0.0,71.63,89.74,25.71,71.43,3.67,100.0,60.61,100.0,11.02,33.33,23.26,43.78,0.0,0.0,0.0,0.0,0.0,0.0,0.0,9.18,20.0,0.0,0.0,0.0,0.0,0.0,0.0,5.51,100.0,100.0,38.57,0,,0,,0,0.0,0.0,0.0,,,3.67,,9.18,0.0,0.0,0.0,0.0,0,0
D. Lordkipanidze,Dachi Lordkipanidze,-146853,Cremonese,Cremonese,https://cdn5.wyscout.com/photos/team/public/197_120x120.png,Serie B,RCMF3,RCMF3,100,,0,,0,21,2005-03-08,0,2027-06-30,1,48,0,0.16,0,0.0,18.75,50.0,Georgia,['Georgia'],both,186,0,False,9.38,11.25,66.67,1.88,0.0,1.88,2.5,0.0,0.0,0.0,3.75,0,0.0,0,0.0,0.0,0.0,0,0.0,0.31,0,0.0,1,1.88,0.0,0.0,0.0,1.88,0.0,0.0,0.0,1.88,0.0,0.0,0.0,0.0,5.63,33.33,3.75,3.75,0.0,37.5,0.0,0.0,43.13,69.57,16.88,55.56,9.38,80.0,37.5,80.0,3.75,0.0,15.66,23.47,0.0,0.0,0.0,0.0,0.0,0.0,0.0,5.63,33.33,0.0,0.0,0.0,0.0,0.0,0.0,5.63,100.0,83.33,11.25,0,,0,,0,0.0,0.0,0.0,,,0.0,,1.88,0.0,0.0,0.0,0.0,0,0
E. Gyasi,Emmanuel Quartsin Gyasi,332745,Palermo,Palermo,https://cdn5.wyscout.com/photos/team/public/85_120x120.png,Serie B,RWF,RWF,100,,0,,0,32,1994-01-11,1800000,2027-06-30,2,48,0,0.22,0,0.0,16.88,44.44,Italy,"['Italy', 'Ghana']",right,181,70,False,3.75,7.5,50.0,5.63,0.0,0.0,0.0,0.0,0.0,0.0,3.75,1,1.88,0,0.0,1.88,0.0,0,0.0,0.41000000000000003,0,0.0,1,1.88,100.0,0.0,0.0,0.0,0.0,0.0,0.0,0.0,0.0,0.0,0.0,0.0,3.75,100.0,1.88,0.0,0.0,13.13,0.0,3.75,15.0,75.0,5.63,66.67,5.63,100.0,15.0,75.0,0.0,0.0,14.04,0.0,0.0,0.0,0.0,0.0,0.0,0.0,0.0,0.0,0.0,0.0,0.0,0.0,0.0,0.0,0.0,3.75,0.0,0.0,0.0,0,,0,,0,0.0,0.0,0.0,,,0.0,,5.63,0.0,0.0,0.0,0.0,0,0
T. Slotsager,Tobias Slotsager,-191421,Hellas Verona,Hellas Verona,https://cdn5.wyscout.com/photos/team/public/212_120x120.png,Serie B,RCB3,RCB3,100,,0,,0,20,2006-01-01,2200000,2028-06-30,1,47,0,0.0,0,0.0,21.06,63.64,Denmark,['Denmark'],right,189,80,False,7.66,9.57,60.0,5.74,33.33,0.0,0.0,0.0,1.9100000000000001,3.33,5.74,1,1.9100000000000001,0,0.0,0.0,0.0,0,0.0,0.0,0,0.0,0,0.0,0.0,0.0,0.0,0.0,0.0,0.0,0.0,0.0,0.0,0.0,0.0,0.0,0.0,0.0,0.0,0.0,0.0,30.64,0.0,1.9100000000000001,44.04,95.65,13.4,85.71,0.0,0.0,42.13,100.0,1.9100000000000001,0.0,23.27,56.25,0.0,0.0,0.0,0.0,0.0,0.0,0.0,1.9100000000000001,0.0,1.9100000000000001,0.0,0.0,0.0,0.0,0.0,0.0,0.0,100.0,28.72,0,,0,,0,0.0,0.0,0.0,,,0.0,,5.74,0.0,0.0,0.0,0.0,0,0
A. Meroni,Andrea Meroni,451178,Mantova,Mantova,https://cdn5.wyscout.com/photos/team/public/181_120x120.png,Serie B,RCB3,RCB3,100,,0,,0,29,1997-01-09,600000,2028-06-30,1,46,0,0.0,0,0.0,13.7,71.43,Italy,['Italy'],right,188,84,False,17.61,9.78,100.0,3.91,0.0,1.96,2.73,0.0,5.87,8.18,0.0,0,0.0,0,0.0,0.0,0.0,0,0.0,0.0,0,0.0,0,0.0,0.0,0.0,0.0,0.0,0.0,0.0,0.0,0.0,0.0,0.0,0.0,0.0,0.0,0.0,0.0,0.0,0.0,46.96,0.0,0.0,60.65,83.87,37.17,73.68,5.87,66.67,56.74,89.66,3.91,0.0,19.47,32.89,0.0,0.0,0.0,0.0,0.0,0.0,0.0,3.91,50.0,0.0,0.0,0.0,0.0,0.0,0.0,7.83,100.0,100.0,17.61,0,,0,,0,0.0,0.0,0.0,,,1.96,,3.91,0.0,0.0,0.0,0.0,0,0
E. Rao,Emanuele Rao,-151294,Pisa,Pisa,https://cdn5.wyscout.com/photos/team/public/189_120x120.png,Serie B,"LAMF, AMF, LWF",LAMF,47,AMF,30,LWF,21,20,2006-03-28,0,2030-06-30,2,45,0,0.07,0,0.0,12.0,50.0,Italy,['Italy'],right,181,78,True,2.0,2.0,0.0,0.0,0.0,0.0,0.0,0.0,2.0,3.75,2.0,0,0.0,0,0.0,2.0,0.0,0,0.0,0.13,0,0.0,1,2.0,100.0,0.0,0.0,2.0,0.0,2.0,0.0,0.0,0.0,0.0,0.0,0.0,6.0,66.67,4.0,4.0,2.0,26.0,2.0,4.0,26.0,61.54,4.0,100.0,10.0,80.0,24.0,66.67,0.0,0.0,11.09,0.0,0.0,0.0,0.0,0.0,0.0,0.0,0.0,0.0,0.0,4.0,50.0,0.0,0.0,0.0,0.0,4.0,100.0,66.67,6.0,0,,0,,0,0.0,0.0,0.0,,,0.0,,0.0,2.0,0.0,0.0,2.0,0,0
L. Deli,Lapo Deli,-155237,Empoli,Empoli,https://cdn5.wyscout.com/photos/team/public/77_120x120.png,Serie B,"LCMF, DMF",LCMF,53,DMF,46,,0,20,2006-04-25,0,2027-06-30,2,45,0,0.0,0,0.0,14.0,28.57,Italy,['Italy'],left,0,0,True,6.0,8.0,25.0,2.0,0.0,0.0,0.0,0.0,4.0,4.62,6.0,1,2.0,0,0.0,0.0,0.0,0,0.0,0.0,0,0.0,0,0.0,0.0,0.0,0.0,2.0,0.0,2.0,0.0,0.0,0.0,2.0,0.0,0.0,2.0,100.0,0.0,0.0,0.0,24.0,0.0,2.0,30.0,73.33,10.0,60.0,6.0,100.0,28.0,78.57,0.0,0.0,15.21,0.0,0.0,0.0,0.0,0.0,0.0,0.0,0.0,4.0,0.0,2.0,0.0,0.0,0.0,0.0,0.0,0.0,0.0,60.0,10.0,0,,0,,0,0.0,0.0,0.0,,,0.0,,2.0,0.0,0.0,0.0,2.0,0,0
E. Pattarello,Emiliano Pattarello,-38384,Arezzo,Arezzo,https://cdn5.wyscout.com/photos/team/public/221_120x120.png,Serie B,"RAMF, RWF",RAMF,56,RWF,43,,0,27,1999-07-30,0,2029-06-30,2,45,0,0.0,0,0.0,10.0,80.0,Italy,['Italy'],left,178,75,False,4.0,4.0,100.0,0.0,0.0,0.0,0.0,0.0,0.0,0.0,0.0,0,0.0,0,0.0,2.0,0.0,0,0.0,0.0,0,0.0,0,0.0,0.0,0.0,0.0,0.0,0.0,0.0,0.0,0.0,0.0,0.0,2.0,100.0,6.0,66.67,0.0,4.0,0.0,22.0,4.0,2.0,30.0,86.67,4.0,50.0,12.0,100.0,26.0,92.31,4.0,50.0,22.09,36.75,0.0,0.0,0.0,0.0,0.0,0.0,0.0,6.0,66.67,0.0,0.0,0.0,0.0,0.0,0.0,4.0,100.0,85.71,14.0,0,,0,,0,0.0,0.0,0.0,,,0.0,,0.0,0.0,0.0,0.0,0.0,0,0
G. Stabile,Giacomo Stabile,-146769,Südtirol,Südtirol,https://cdn5.wyscout.com/photos/team/public/2754_120x120.png,Serie B,LCB3,LCB3,100,,0,,0,21,2005-04-12,0,2028-06-30,1,44,0,0.0,0,0.0,,,Italy,['Italy'],left,187,77,True,,,,,,,0.0,,,11.25,,0,,1,,,,0,,,0,,0,,,0.0,,,,,,,,,,,,,,,,,,,,,,,,,,,,,21.93,42.86,,,,,,,,,,,,,,,,,,,,0,,0,,0,0.0,0.0,,,,,,,,,,,0,0
A. Debenedetti,Alessandro  Debenedetti,-372620,Cesena,Cesena,https://cdn5.wyscout.com/photos/team/public/g25343_120x120.png,Serie B,CF,CF,100,,0,,0,22,2003-09-23,0,2029-06-30,2,43,0,0.0,0,0.0,,,Italy,['Italy'],right,185,92,True,,,,,,,0.0,,,0.0,,0,,0,,,,0,,,0,,0,,,0.0,,,,,,,,,,,,,,,,,,,,,,,,,,,,,20.51,0.0,,,,,,,,,,,,,,,,,,,,0,,0,,0,0.0,0.0,,,,,,,,,,,0,0
Paulo Azzi,Paulo Daniel Dentello Azzi,302710,Modena,Modena,https://cdn5.wyscout.com/photos/team/public/179_120x120.png,Serie B,"LWF, LAMF",LWF,76,LAMF,23,,0,32,1994-07-15,1000000,2028-06-30,2,43,0,0.04,0,0.0,,,Brazil,"['Brazil', 'Italy']",right,188,80,False,,,,,,,0.0,,,2.31,,0,,0,,,,0,,,0,,1,,,0.0,,,,,,,,,,,,,,,,,,,,,,,,,,,,,12.53,0.0,,,,,,,,,,,,,,,,,,,,0,,0,,0,0.0,0.0,,,,,,,,,,,0,0
T. Corazza,Tommaso Corazza,-133437,Vicenza,Vicenza,https://cdn5.wyscout.com/photos/team/public/186_120x120.png,Serie B,"LB, LWB",LB,52,LWB,47,,0,22,2004-06-29,1000000,2028-06-30,2,42,0,0.18,1,0.34,,,Italy,['Italy'],right,174,66,True,,,,,,,0.0,,,4.29,,0,,0,,,,0,,,0,,2,,,0.0,,,,,,,,,,,,,,,,,,,,,,,,,,,,,20.89,22.73,,,,,,,,,,,,,,,,,,,,0,,0,,0,0.0,0.0,,,,,,,,,,,0,0
I. Cajazzo,Ismael Cajazzo,-520038,Mantova,Mantova,https://cdn5.wyscout.com/photos/team/public/181_120x120.png,Serie B,AMF,AMF,100,,0,,0,22,2004-01-31,0,2029-06-30,1,40,0,0.02,0,0.0,,,Canada,['Canada'],right,185,0,False,,,,,,,0.0,,,0.0,,0,,0,,,,0,,,0,,1,,,0.0,,,,,,,,,,,,,,,,,,,,,,,,,,,,,13.52,0.0,,,,,,,,,,,,,,,,,,,,0,,0,,0,0.0,0.0,,,,,,,,,,,0,0
R. Kouda,Rachid Kouda,-157342,Parma,Mantova,https://cdn5.wyscout.com/photos/team/public/84_120x120.png,Serie A,LCMF,LCMF,100,,0,,0,24,2002-07-25,800000,2029-06-30,1,40,0,0.02,0,0.0,,,Italy,"['Italy', 'Burkina Faso']",right,188,78,False,,,,,,,0.0,,,18.75,,0,,0,,,,0,,,0,,1,,,0.0,,,,,,,,,,,,,,,,,,,,,,,,,,,,,25.97,0.0,,,,,,,,,,,,,,,,,,,,0,,0,,0,0.0,0.0,,,,,,,,,,,0,0
V. Vlahović,Vanja Vlahović,-139944,Mantova,Mantova,https://cdn5.wyscout.com/photos/team/public/181_120x120.png,Serie B,CF,CF,100,,0,,0,22,2004-03-23,2000000,2028-06-30,1,40,1,0.45,0,0.0,,,Serbia,['Serbia'],right,184,78,True,,,,,,,0.0,,,0.0,,0,,0,,,,1,,,0,,2,,,50.0,,,,,,,,,,,,,,,,,,,,,,,,,,,,,21.01,0.0,,,,,,,,,,,,,,,,,,,,0,,0,,0,0.0,0.0,,,,,,,,,,,0,0
D. Wieser,David Wieser,-127793,Mantova,Mantova,https://cdn5.wyscout.com/photos/team/public/181_120x120.png,Serie B,RWB,RWB,100,,0,,0,24,2002-02-13,250000,2027-06-30,1,39,0,0.0,0,0.0,,,Italy,"['Italy', 'Brazil']",right,182,73,False,,,,,,,0.0,,,3.0,,0,,0,,,,0,,,0,,0,,,0.0,,,,,,,,,,,,,,,,,,,,,,,,,,,,,16.93,59.77,,,,,,,,,,,,,,,,,,,,0,,0,,0,0.0,0.0,,,,,,,,,,,0,0
S. Davì,Simone Davì,-103318,Südtirol,Südtirol,https://cdn5.wyscout.com/photos/team/public/2754_120x120.png,Serie B,LWB,LWB,100,,0,,0,26,1999-09-16,750000,2027-06-30,2,38,1,0.15,0,0.0,,,Italy,['Italy'],left,178,73,False,,,,,,,0.0,,,3.33,,1,,0,,,,1,,,0,,2,,,50.0,,,,,,,,,,,,,,,,,,,,,,,,,,,,,13.37,0.0,,,,,,,,,,,,,,,,,,,,0,,0,,0,0.0,0.0,,,,,,,,,,,0,0
G. Gori,Gabriele Gori,426568,Ascoli,Ascoli,https://cdn5.wyscout.com/photos/team/public/191_120x120.png,Serie B,CF,CF,100,,0,,0,27,1999-02-13,550000,2029-06-30,2,37,1,0.29,0,0.0,,,Italy,['Italy'],left,187,80,False,,,,,,,0.0,,,12.0,,1,,0,,,,1,,,0,,2,,,50.0,,,,,,,,,,,,,,,,,,,,,,,,,,,,,10.5,0.0,,,,,,,,,,,,,,,,,,,,0,,0,,0,0.0,0.0,,,,,,,,,,,0,0
F. Cham,Fallou Cham,-639193,Hellas Verona,Hellas Verona,https://cdn5.wyscout.com/photos/team/public/212_120x120.png,Serie B,RB,RB,100,,0,,0,20,2006-02-14,0,,1,34,0,0.12,0,0.0,,,Italy,"['Italy', 'Senegal']",unknown,0,0,False,,,,,,,0.0,,,0.0,,1,,0,,,,0,,,0,,2,,,0.0,,,,,,,,,,,,,,,,,,,,,,,,,,,,,10.31,0.0,,,,,,,,,,,,,,,,,,,,0,,0,,0,0.0,0.0,,,,,,,,,,,0,0
M. Sala,Marco Sala,489393,Avellino,Avellino,https://cdn5.wyscout.com/photos/team/public/176_120x120.png,Serie B,LB,LB,100,,0,,0,27,1999-06-04,1100000,2028-06-30,1,33,0,0.0,0,0.13,,,Italy,['Italy'],left,177,72,False,,,,,,,0.0,,,0.0,,0,,0,,,,0,,,0,,0,,,0.0,,,,,,,,,,,,,,,,,,,,,,,,,,,,,18.48,35.31,,,,,,,,,,,,,,,,,,,,0,,0,,0,0.0,0.0,,,,,,,,,,,0,0
E. Schimmenti,Emanuele Schimmenti,-212090,Benevento,Benevento,https://cdn5.wyscout.com/photos/team/public/401_120x120.png,Serie B,"RW, LW",RW,54,LW,45,,0,24,2002-04-03,100000,2029-06-30,2,31,0,0.0,0,0.0,,,Italy,['Italy'],left,175,66,False,,,,,,,0.0,,,0.0,,0,,0,,,,0,,,0,,0,,,0.0,,,,,,,,,,,,,,,,,,,,,,,,,,,,,16.04,0.0,,,,,,,,,,,,,,,,,,,,0,,0,,0,0.0,0.0,,,,,,,,,,,0,0
G. Mignani,Guglielmo Mignani,-145285,Benevento,Benevento,https://cdn5.wyscout.com/photos/team/public/401_120x120.png,Serie B,CF,CF,100,,0,,0,24,2002-08-15,250000,2028-06-30,2,31,0,0.22,0,0.0,,,Italy,['Italy'],right,183,0,False,,,,,,,0.0,,,0.0,,0,,0,,,,0,,,0,,4,,,0.0,,,,,,,,,,,,,,,,,,,,,,,,,,,,,30.58,19.95,,,,,,,,,,,,,,,,,,,,0,,0,,0,0.0,0.0,,,,,,,,,,,0,0
D. Okereke,David Chidozie Okereke,442014,Benevento,Benevento,https://cdn5.wyscout.com/photos/team/public/401_120x120.png,Serie B,LW,LW,100,,0,,0,29,1997-08-29,2400000,,1,31,0,0.35000000000000003,0,0.0,,,Nigeria,['Nigeria'],right,182,75,False,,,,,,,0.0,,,0.0,,0,,0,,,,0,,,0,,3,,,0.0,,,,,,,,,,,,,,,,,,,,,,,,,,,,,19.16,0.0,,,,,,,,,,,,,,,,,,,,0,,0,,0,0.0,0.0,,,,,,,,,,,0,0
Walid Cheddira,Walid Cheddira,-64107,Avellino,Avellino,https://cdn5.wyscout.com/photos/team/public/176_120x120.png,Serie B,CF,CF,100,,0,,0,28,1998-01-22,6000000,2030-06-30,1,30,0,0.02,0,0.0,,,Italy,"['Italy', 'Morocco']",right,186,79,False,,,,,,,0.0,,,2.73,,0,,0,,,,0,,,0,,1,,,0.0,,,,,,,,,,,,,,,,,,,,,,,,,,,,,15.23,26.14,,,,,,,,,,,,,,,,,,,,0,,0,,0,0.0,0.0,,,,,,,,,,,0,0
Muhamed Djamanca,Muhamed Serifo Varela Djamanca,-47563,Arezzo,Arezzo,https://cdn5.wyscout.com/photos/team/public/221_120x120.png,Serie B,"CF, LAMF",CF,66,LAMF,33,,0,28,1998-03-17,200000,2027-06-30,2,30,0,0.0,0,0.0,,,Guinea-Bissau,"['Guinea-Bissau', 'Portugal']",right,172,65,False,,,,,,,0.0,,,3.33,,0,,0,,,,0,,,0,,0,,,0.0,,,,,,,,,,,,,,,,,,,,,,,,,,,,,10.28,23.43,,,,,,,,,,,,,,,,,,,,0,,0,,0,0.0,0.0,,,,,,,,,,,0,0
D. Bragantini,Davide Bragantini,-151919,Mantova,Mantova,https://cdn5.wyscout.com/photos/team/public/181_120x120.png,Serie B,RWF,RWF,100,,0,,0,23,2003-08-17,250000,2029-06-30,1,29,0,0.0,0,0.0,,,Italy,['Italy'],left,0,0,False,,,,,,,0.0,,,8.57,,0,,0,,,,0,,,0,,0,,,0.0,,,,,,,,,,,,,,,,,,,,,,,,,,,,,19.48,81.03,,,,,,,,,,,,,,,,,,,,0,,0,,0,0.0,0.0,,,,,,,,,,,0,0
Stênio,Stênio Zanetti Toledo,-131126,Modena,Modena,https://cdn5.wyscout.com/photos/team/public/179_120x120.png,Serie B,RAMF,RAMF,100,,0,,0,23,2003-04-05,900000,2029-06-30,1,29,0,0.0,0,0.0,,,Brazil,['Brazil'],right,180,72,False,,,,,,,0.0,,,0.0,,1,,0,,,,0,,,0,,0,,,0.0,,,,,,,,,,,,,,,,,,,,,,,,,,,,,20.85,58.79,,,,,,,,,,,,,,,,,,,,0,,0,,0,0.0,0.0,,,,,,,,,,,0,0
F. Chinetti,Federico Chinetti,-141393,Mantova,Mantova,https://cdn5.wyscout.com/photos/team/public/181_120x120.png,Serie B,LWF,LWF,100,,0,,0,20,2005-11-04,0,2028-06-30,1,29,0,0.0,0,0.05,,,Italy,['Italy'],left,0,0,True,,,,,,,0.0,,,4.29,,0,,0,,,,0,,,0,,0,,,0.0,,,,,,,,,,,,,,,,,,,,,,,,,,,,,12.42,0.0,,,,,,,,,,,,,,,,,,,,0,,0,,0,0.0,0.0,,,,,,,,,,,0,0
G. Corona,Giacomo Corona,-255489,Virtus Entella,Virtus Entella,https://cdn5.wyscout.com/photos/team/public/1370_120x120.png,Serie B,"CF, AMF",CF,64,AMF,35,,0,22,2004-02-24,0,2028-06-30,2,29,0,0.0,0,0.12,,,Italy,['Italy'],right,195,0,True,,,,,,,0.0,,,0.0,,0,,0,,,,0,,,0,,0,,,0.0,,,,,,,,,,,,,,,,,,,,,,,,,,,,,15.72,0.0,,,,,,,,,,,,,,,,,,,,0,,0,,0,0.0,0.0,,,,,,,,,,,0,0
F. Folino,Francesco  Folino,-114749,Cremonese,Cremonese,https://cdn5.wyscout.com/photos/team/public/197_120x120.png,Serie B,RCB3,RCB3,100,,0,,0,24,2002-01-23,50000,2028-06-30,1,29,0,0.0,0,0.0,,,Italy,['Italy'],right,192,84,False,,,,,,,0.0,,,0.0,,0,,0,,,,0,,,0,,0,,,0.0,,,,,,,,,,,,,,,,,,,,,,,,,,,,,18.9,0.0,,,,,,,,,,,,,,,,,,,,0,,0,,0,0.0,0.0,,,,,,,,,,,0,0
A. Di Nardo,Antonio Di Nardo,479481,Pescara,Juve Stabia,https://cdn5.wyscout.com/photos/team/public/222_120x120.png,Serie C,CF,CF,100,,0,,0,27,1998-09-30,175000,2027-06-30,1,28,1,0.13,0,0.05,,,Italy,['Italy'],right,186,80,False,,,,,,,0.0,,,0.0,,0,,0,,,,1,,,0,,3,,,33.333,,,,,,,,,,,,,,,,,,,,,,,,,,,,,11.71,0.0,,,,,,,,,,,,,,,,,,,,0,,0,,0,0.0,0.0,,,,,,,,,,,0,0
D. Denoon,Daniel Denoon,-133270,Pisa,Pisa,https://cdn5.wyscout.com/photos/team/public/189_120x120.png,Serie B,RWB,RWB,100,,0,,0,22,2004-01-28,0,2029-06-30,1,28,0,0.0,0,0.0,,,Switzerland,['Switzerland'],right,187,87,False,,,,,,,0.0,,,4.29,,0,,0,,,,0,,,0,,0,,,0.0,,,,,,,,,,,,,,,,,,,,,,,,,,,,,12.0,0.0,,,,,,,,,,,,,,,,,,,,0,,0,,0,0.0,0.0,,,,,,,,,,,0,0
G. Piccinini,Gabriele Piccinini,-109932,Pisa,Pisa,https://cdn5.wyscout.com/photos/team/public/189_120x120.png,Serie B,AMF,AMF,100,,0,,0,25,2001-04-06,500000,2028-06-30,1,28,0,0.26,0,0.0,,,Italy,['Italy'],right,184,78,False,,,,,,,0.0,,,0.0,,0,,0,,,,0,,,0,,2,,,0.0,,,,,,,,,,,,,,,,,,,,,,,,,,,,,19.3,0.0,,,,,,,,,,,,,,,,,,,,0,,0,,0,0.0,0.0,,,,,,,,,,,0,0
F. Di Francesco,Federico Di Francesco,290747,Catanzaro,Catanzaro,https://cdn5.wyscout.com/photos/team/public/411_120x120.png,Serie B,"LAMF, LWB",LAMF,50,LWB,49,,0,32,1994-06-14,1400000,,2,28,0,0.0,0,0.0,,,Italy,['Italy'],right,178,75,False,,,,,,,0.0,,,0.0,,0,,0,,,,0,,,0,,0,,,0.0,,,,,,,,,,,,,,,,,,,,,,,,,,,,,14.05,11.55,,,,,,,,,,,,,,,,,,,,0,,0,,0,0.0,0.0,,,,,,,,,,,0,0
T. Douglas,Terrence Douglas,508777,Juve Stabia,Juve Stabia,https://cdn5.wyscout.com/photos/team/public/228_120x120.png,Serie B,LB,LB,100,,0,,0,24,2001-09-14,150000,,1,27,0,0.0,0,0.0,,,Netherlands,"['Netherlands', 'Suriname']",left,186,77,False,,,,,,,0.0,,,6.0,,0,,0,,,,0,,,0,,0,,,0.0,,,,,,,,,,,,,,,,,,,,,,,,,,,,,16.93,40.75,,,,,,,,,,,,,,,,,,,,0,,0,,0,0.0,0.0,,,,,,,,,,,0,0
V. Magni,Vittorio Magni,-141428,Cesena,Cesena,https://cdn5.wyscout.com/photos/team/public/g25343_120x120.png,Serie B,RW,RW,100,,0,,0,20,2006-06-01,0,2030-06-30,1,27,0,0.0,0,0.01,,,Italy,['Italy'],right,183,72,False,,,,,,,0.0,,,3.33,,0,,0,,,,0,,,0,,0,,,0.0,,,,,,,,,,,,,,,,,,,,,,,,,,,,,15.44,39.84,,,,,,,,,,,,,,,,,,,,0,,0,,0,0.0,0.0,,,,,,,,,,,0,0
M. Finotto,Mattia Finotto,206713,Carrarese,Carrarese,https://cdn5.wyscout.com/photos/team/public/396_120x120.png,Serie B,CF,CF,100,,0,,0,33,1992-12-28,250000,2027-06-30,2,27,0,0.0,0,0.08,,,Italy,['Italy'],right,186,72,False,,,,,,,0.0,,,10.0,,0,,0,,,,0,,,0,,0,,,0.0,,,,,,,,,,,,,,,,,,,,,,,,,,,,,14.57,14.28,,,,,,,,,,,,,,,,,,,,0,,0,,0,0.0,0.0,,,,,,,,,,,0,0
L. Benedetti,Leonardo Benedetti,494914,Virtus Entella,Virtus Entella,https://cdn5.wyscout.com/photos/team/public/1370_120x120.png,Serie B,"LCMF3, LCMF",LCMF3,57,LCMF,42,,0,26,2000-06-06,1400000,2028-06-30,1,25,0,0.0,0,0.01,,,Italy,['Italy'],right,180,77,False,,,,,,,0.0,,,0.0,,0,,0,,,,0,,,0,,0,,,0.0,,,,,,,,,,,,,,,,,,,,,,,,,,,,,14.23,0.0,,,,,,,,,,,,,,,,,,,,0,,0,,0,0.0,0.0,,,,,,,,,,,0,0
G. De Pieri,Giacomo De Pieri,-170068,Ascoli,Ascoli,https://cdn5.wyscout.com/photos/team/public/191_120x120.png,Serie B,RAMF,RAMF,100,,0,,0,19,2006-12-29,0,2029-06-30,1,25,0,0.19,1,0.28,,,Italy,['Italy'],left,175,0,True,,,,,,,0.0,,,0.0,,0,,0,,,,0,,,0,,1,,,0.0,,,,,,,,,,,,,,,,,,,,,,,,,,,,,17.78,0.0,,,,,,,,,,,,,,,,,,,,0,,0,,0,0.0,0.0,,,,,,,,,,,0,0
R. Frosinini,Ruggero Frosinini,-223002,Catanzaro,Catanzaro,https://cdn5.wyscout.com/photos/team/public/411_120x120.png,Serie B,RCB3,RCB3,100,,0,,0,25,2001-02-16,150000,2028-06-30,1,25,0,0.0,0,0.18,,,Italy,['Italy'],right,190,77,False,,,,,,,0.0,,,37.5,,0,,0,,,,0,,,0,,0,,,0.0,,,,,,,,,,,,,,,,,,,,,,,,,,,,,11.98,0.0,,,,,,,,,,,,,,,,,,,,0,,0,,0,0.0,0.0,,,,,,,,,,,0,0
A. Seghetti,Alessandro Seghetti,-145524,Padova,Padova,https://cdn5.wyscout.com/photos/team/public/g31139_120x120.png,Serie B,CF,CF,100,,0,,0,22,2004-01-11,0,2028-06-30,1,25,0,0.0,0,0.0,,,Italy,['Italy'],right,0,0,False,,,,,,,0.0,,,0.0,,0,,0,,,,0,,,0,,0,,,0.0,,,,,,,,,,,,,,,,,,,,,,,,,,,,,23.85,0.0,,,,,,,,,,,,,,,,,,,,0,,0,,0,0.0,0.0,,,,,,,,,,,0,0
A. Capelli,Alessandro Capelli,-41100,Padova,Padova,https://cdn5.wyscout.com/photos/team/public/g31139_120x120.png,Serie B,RWB,RWB,100,,0,,0,29,1997-04-20,300000,2029-06-30,1,25,0,0.0,0,0.0,,,Italy,['Italy'],right,175,67,False,,,,,,,0.0,,,0.0,,1,,0,,,,0,,,0,,0,,,0.0,,,,,,,,,,,,,,,,,,,,,,,,,,,,,19.29,0.0,,,,,,,,,,,,,,,,,,,,0,,0,,0,0.0,0.0,,,,,,,,,,,0,0
P. Peda,Patryk Peda,-98229,Palermo,Palermo,https://cdn5.wyscout.com/photos/team/public/85_120x120.png,Serie B,RB,RB,100,,0,,0,24,2002-04-16,400000,2028-06-30,1,24,0,0.0,0,0.0,,,Poland,['Poland'],right,190,76,False,,,,,,,0.0,,,8.57,,0,,0,,,,0,,,0,,0,,,0.0,,,,,,,,,,,,,,,,,,,,,,,,,,,,,33.22,0.0,,,,,,,,,,,,,,,,,,,,0,,0,,0,0.0,0.0,,,,,,,,,,,0,0
J. Martini,Jacopo Martini,-146700,Carrarese,Carrarese,https://cdn5.wyscout.com/photos/team/public/396_120x120.png,Serie B,LCMF3,LCMF3,100,,0,,0,21,2004-12-28,200000,2029-06-30,1,23,0,0.0,0,0.0,,,Italy,['Italy'],right,184,77,False,,,,,,,0.0,,,3.75,,0,,0,,,,0,,,0,,0,,,0.0,,,,,,,,,,,,,,,,,,,,,,,,,,,,,11.31,0.0,,,,,,,,,,,,,,,,,,,,0,,0,,0,0.0,0.0,,,,,,,,,,,0,0
A. Talia,Angelo Talia,-143825,Benevento,Benevento,https://cdn5.wyscout.com/photos/team/public/401_120x120.png,Serie B,RCMF,RCMF,100,,0,,0,23,2003-03-10,50000,,1,23,0,0.0,0,0.0,,,Italy,['Italy'],right,175,60,False,,,,,,,0.0,,,10.0,,0,,0,,,,0,,,0,,0,,,0.0,,,,,,,,,,,,,,,,,,,,,,,,,,,,,17.06,0.0,,,,,,,,,,,,,,,,,,,,0,,0,,0,0.0,0.0,,,,,,,,,,,0,0
A. Siatounis,Antonis Siatounis,-105160,Benevento,Benevento,https://cdn5.wyscout.com/photos/team/public/401_120x120.png,Serie B,LCMF,LCMF,100,,0,,0,24,2002-08-26,50000,2029-06-30,1,23,0,0.0,0,0.0,,,Greece,['Greece'],left,186,82,False,,,,,,,0.0,,,0.0,,0,,0,,,,0,,,0,,0,,,0.0,,,,,,,,,,,,,,,,,,,,,,,,,,,,,13.69,0.0,,,,,,,,,,,,,,,,,,,,0,,0,,0,0.0,0.0,,,,,,,,,,,0,0
S. Romagnoli,Simone Romagnoli,147788,Empoli,Empoli,https://cdn5.wyscout.com/photos/team/public/77_120x120.png,Serie B,CB,CB,100,,0,,0,36,1990-02-09,800000,2027-06-30,1,21,0,0.0,0,0.0,,,Italy,['Italy'],right,193,82,False,,,,,,,0.0,,,10.0,,0,,0,,,,0,,,0,,0,,,0.0,,,,,,,,,,,,,,,,,,,,,,,,,,,,,0.0,0.0,,,,,,,,,,,,,,,,,,,,0,,0,,0,0.0,0.0,,,,,,,,,,,0,0
P. Pinelli,Pietro Pinelli,-151286,Carrarese,Carrarese,https://cdn5.wyscout.com/photos/team/public/396_120x120.png,Serie B,"LW, RCMF3, RW",LW,44,RCMF3,44,RW,11,20,2006-02-18,0,2027-06-30,1,21,1,0.1,0,0.0,,,Italy,['Italy'],left,0,0,True,,,,,,,0.0,,,5.0,,0,,0,,,,1,,,0,,1,,,100.0,,,,,,,,,,,,,,,,,,,,,,,,,,,,,17.89,0.0,,,,,,,,,,,,,,,,,,,,0,,0,,0,0.0,0.0,,,,,,,,,,,0,0
G. Acampora,Gennaro Acampora,274632,Ascoli,Ascoli,https://cdn5.wyscout.com/photos/team/public/191_120x120.png,Serie B,AMF,AMF,100,,0,,0,32,1994-03-29,450000,2028-06-30,1,21,0,0.0,0,0.0,,,Italy,['Italy'],left,174,74,False,,,,,,,0.0,,,6.0,,0,,0,,,,0,,,0,,0,,,0.0,,,,,,,,,,,,,,,,,,,,,,,,,,,,,19.05,0.0,,,,,,,,,,,,,,,,,,,,0,,0,,0,0.0,0.0,,,,,,,,,,,0,0
I. Ferrah,Ichem Ferrah,-289028,Pisa,Pisa,https://cdn5.wyscout.com/photos/team/public/189_120x120.png,Serie B,AMF,AMF,100,,0,,0,20,2005-09-23,0,2030-06-30,1,21,0,0.12,0,0.0,,,France,"['France', 'Algeria']",left,171,0,False,,,,,,,0.0,,,0.0,,0,,0,,,,0,,,0,,2,,,0.0,,,,,,,,,,,,,,,,,,,,,,,,,,,,,11.07,0.0,,,,,,,,,,,,,,,,,,,,0,,0,,0,0.0,0.0,,,,,,,,,,,0,0
M. Viviani,Mattia Viviani,-52427,Arezzo,Arezzo,https://cdn5.wyscout.com/photos/team/public/221_120x120.png,Serie B,"DMF, LDMF",DMF,52,LDMF,47,,0,25,2000-09-04,650000,2028-06-30,2,21,0,0.0,0,0.0,,,Italy,['Italy'],right,183,74,False,,,,,,,0.0,,,0.0,,0,,0,,,,0,,,0,,0,,,0.0,,,,,,,,,,,,,,,,,,,,,,,,,,,,,24.9,0.0,,,,,,,,,,,,,,,,,,,,0,,0,,0,0.0,0.0,,,,,,,,,,,0,0
S. Cerbone,Salvatore Cerbone,-577982,Hellas Verona,Hellas Verona,https://cdn5.wyscout.com/photos/team/public/212_120x120.png,Serie B,"LWB, LW",LWB,73,LW,25,,0,18,2007-10-22,0,2030-06-30,2,20,0,0.0,0,0.0,,,Italy,['Italy'],unknown,0,0,False,,,,,,,0.0,,,0.0,,0,,0,,,,0,,,0,,0,,,0.0,,,,,,,,,,,,,,,,,,,,,,,,,,,,,23.85,0.0,,,,,,,,,,,,,,,,,,,,0,,0,,0,0.0,0.0,,,,,,,,,,,0,0
M. Collocolo,Michele Collocolo,444326,Cremonese,Cremonese,https://cdn5.wyscout.com/photos/team/public/197_120x120.png,Serie B,RWB,RWB,100,,0,,0,26,1999-11-08,2500000,2029-06-30,1,19,0,0.0,0,0.0,,,Italy,['Italy'],right,188,78,False,,,,,,,0.0,,,0.0,,0,,0,,,,0,,,0,,0,,,0.0,,,,,,,,,,,,,,,,,,,,,,,,,,,,,22.18,0.0,,,,,,,,,,,,,,,,,,,,0,,0,,0,0.0,0.0,,,,,,,,,,,0,0
L. Schirone,Luca  Schirone,-150179,Cesena,Cesena,https://cdn5.wyscout.com/photos/team/public/g25343_120x120.png,Serie B,LCMF,LCMF,100,,0,,0,23,2003-02-24,25000,2027-06-30,1,19,0,0.01,0,0.21,,,Italy,['Italy'],right,178,72,True,,,,,,,0.0,,,15.0,,0,,0,,,,0,,,0,,1,,,0.0,,,,,,,,,,,,,,,,,,,,,,,,,,,,,16.98,0.0,,,,,,,,,,,,,,,,,,,,0,,0,,0,0.0,0.0,,,,,,,,,,,0,0
I. Marconi,Ivan Marconi,169241,Virtus Entella,Virtus Entella,https://cdn5.wyscout.com/photos/team/public/1370_120x120.png,Serie B,LCB3,LCB3,100,,0,,0,36,1989-10-25,250000,2028-06-30,2,19,0,0.0,0,0.0,,,Italy,['Italy'],left,184,79,False,,,,,,,0.0,,,0.0,,0,,0,,,,0,,,0,,0,,,0.0,,,,,,,,,,,,,,,,,,,,,,,,,,,,,26.7,34.35,,,,,,,,,,,,,,,,,,,,0,,0,,0,0.0,0.0,,,,,,,,,,,0,0
A. Cerri,Alberto Cerri,213208,Arezzo,Arezzo,https://cdn5.wyscout.com/photos/team/public/221_120x120.png,Serie B,CF,CF,100,,0,,0,30,1996-04-16,1700000,2029-06-30,1,19,0,0.0,0,0.0,,,Italy,['Italy'],right,194,91,False,,,,,,,0.0,,,0.0,,0,,0,,,,0,,,0,,0,,,0.0,,,,,,,,,,,,,,,,,,,,,,,,,,,,,13.65,0.0,,,,,,,,,,,,,,,,,,,,0,,0,,0,0.0,0.0,,,,,,,,,,,0,0
E. Silletti,Enrico Silletti,-35145,Padova,Padova,https://cdn5.wyscout.com/photos/team/public/g31139_120x120.png,Serie B,CB,CB,100,,0,,0,28,1997-12-02,100000,2029-06-30,1,18,0,0.0,0,0.0,,,Italy,['Italy'],,0,0,False,,,,,,,0.0,,,12.86,,0,,0,,,,0,,,0,,0,,,0.0,,,,,,,,,,,,,,,,,,,,,,,,,,,,,19.79,0.0,,,,,,,,,,,,,,,,,,,,0,,0,,0,0.0,0.0,,,,,,,,,,,0,0
J. Longonda,Jean-Pierre Longonda Itamba Mboyo,-114442,Mantova,Mantova,https://cdn5.wyscout.com/photos/team/public/181_120x120.png,Serie B,AMF,AMF,100,,0,,0,24,2002-02-09,0,2028-06-30,1,17,0,0.12,0,0.0,,,Belgium,"['Belgium', 'Congo DR']",left,183,79,True,,,,,,,0.0,,,0.0,,0,,0,,,,0,,,0,,1,,,0.0,,,,,,,,,,,,,,,,,,,,,,,,,,,,,9.33,0.0,,,,,,,,,,,,,,,,,,,,0,,0,,0,0.0,0.0,,,,,,,,,,,0,0
K. Bozhanaj,Kleis Bozhanaj,517572,Modena,Modena,https://cdn5.wyscout.com/photos/team/public/179_120x120.png,Serie B,"AMF, LB",AMF,64,LB,35,,0,25,2001-03-01,450000,,2,16,0,0.11,0,0.0,,,Albania,['Albania'],right,180,71,False,,,,,,,0.0,,,7.5,,0,,0,,,,0,,,0,,2,,,0.0,,,,,,,,,,,,,,,,,,,,,,,,,,,,,14.39,0.0,,,,,,,,,,,,,,,,,,,,0,,0,,0,0.0,0.0,,,,,,,,,,,0,0
L. Topalović,Luka Topalović,-284923,Internazionale II,Carrarese,https://cdn5.wyscout.com/photos/team/public/g-24277_120x120.png,Serie C,RCMF3,RCMF3,100,,0,,0,20,2006-02-23,0,,1,15,0,0.1,0,0.0,,,Slovenia,['Slovenia'],right,187,0,False,,,,,,,0.0,,,22.5,,0,,0,,,,0,,,0,,2,,,0.0,,,,,,,,,,,,,,,,,,,,,,,,,,,,,12.22,0.0,,,,,,,,,,,,,,,,,,,,0,,0,,0,0.0,0.0,,,,,,,,,,,0,0
N. Calabrese,Nicolò Calabrese,-133255,Hellas Verona,Hellas Verona,https://cdn5.wyscout.com/photos/team/public/212_120x120.png,Serie B,RWB,RWB,100,,0,,0,21,2004-11-16,0,,1,15,0,0.0,0,0.0,,,Italy,['Italy'],,0,0,False,,,,,,,0.0,,,0.0,,0,,0,,,,0,,,0,,0,,,0.0,,,,,,,,,,,,,,,,,,,,,,,,,,,,,16.15,32.15,,,,,,,,,,,,,,,,,,,,0,,0,,0,0.0,0.0,,,,,,,,,,,0,0
A. Gabrielloni,Alessandro Gabrielloni,357507,Palermo,Palermo,https://cdn5.wyscout.com/photos/team/public/85_120x120.png,Serie B,CF,CF,100,,0,,0,32,1994-07-10,1000000,2028-06-30,1,15,0,0.61,0,0.0,,,Italy,['Italy'],right,178,74,True,,,,,,,0.0,,,0.0,,0,,0,,,,0,,,0,,1,,,0.0,,,,,,,,,,,,,,,,,,,,,,,,,,,,,6.34,0.0,,,,,,,,,,,,,,,,,,,,0,,0,,0,0.0,0.0,,,,,,,,,,,0,0
G. Arditi,Gabriel Arditi,-372981,Catanzaro,Catanzaro,https://cdn5.wyscout.com/photos/team/public/411_120x120.png,Serie B,CF,CF,100,,0,,0,19,2006-10-13,0,2028-06-30,1,14,0,0.0,0,0.0,,,Italy,['Italy'],unknown,0,0,False,,,,,,,0.0,,,0.0,,0,,0,,,,0,,,0,,0,,,0.0,,,,,,,,,,,,,,,,,,,,,,,,,,,,,12.9,0.0,,,,,,,,,,,,,,,,,,,,0,,0,,0,0.0,0.0,,,,,,,,,,,0,0
W. Acquah,Wisdom Acquah,-372206,Modena,Modena,https://cdn5.wyscout.com/photos/team/public/179_120x120.png,Serie B,DMF,DMF,100,,0,,0,19,2007-02-07,0,,1,14,0,0.0,0,0.0,,,Italy,['Italy'],unknown,0,0,True,,,,,,,0.0,,,15.0,,0,,0,,,,0,,,0,,0,,,0.0,,,,,,,,,,,,,,,,,,,,,,,,,,,,,19.04,0.0,,,,,,,,,,,,,,,,,,,,0,,0,,0,0.0,0.0,,,,,,,,,,,0,0
Y. Rocchetti,Yuri Rocchetti,-145245,Cremonese,Cremonese,https://cdn5.wyscout.com/photos/team/public/197_120x120.png,Serie B,"LB, LCB",LB,82,LCB,17,,0,23,2003-06-15,100000,2027-06-30,1,14,0,0.0,0,0.0,,,Italy,['Italy'],left,182,74,False,,,,,,,0.0,,,0.0,,0,,0,,,,0,,,0,,0,,,0.0,,,,,,,,,,,,,,,,,,,,,,,,,,,,,16.73,0.0,,,,,,,,,,,,,,,,,,,,0,,0,,0,0.0,0.0,,,,,,,,,,,0,0
Emanuele Pecorino,Emanuele Pecorino,-119412,Catanzaro,Catanzaro,https://cdn5.wyscout.com/photos/team/public/411_120x120.png,Serie B,AMF,AMF,100,,0,,0,25,2001-07-15,450000,2030-06-30,1,14,0,0.0,0,0.0,,,Italy,['Italy'],left,192,79,False,,,,,,,0.0,,,15.0,,0,,0,,,,0,,,0,,0,,,0.0,,,,,,,,,,,,,,,,,,,,,,,,,,,,,16.59,0.0,,,,,,,,,,,,,,,,,,,,0,,0,,0,0.0,0.0,,,,,,,,,,,0,0
S. Giovane,Samuel Giovane,-105564,Catanzaro,Catanzaro,https://cdn5.wyscout.com/photos/team/public/411_120x120.png,Serie B,RAMF,RAMF,100,,0,,0,23,2003-03-28,1400000,2029-06-30,1,14,0,0.0,0,0.0,,,Italy,['Italy'],left,183,73,False,,,,,,,0.0,,,0.0,,0,,0,,,,0,,,0,,0,,,0.0,,,,,,,,,,,,,,,,,,,,,,,,,,,,,12.51,0.0,,,,,,,,,,,,,,,,,,,,0,,0,,0,0.0,0.0,,,,,,,,,,,0,0
L. Pandolfi,Luca Pandolfi,451092,Avellino,Avellino,https://cdn5.wyscout.com/photos/team/public/176_120x120.png,Serie B,CF,CF,100,,0,,0,28,1998-03-14,650000,2029-06-30,1,13,0,0.09,0,0.0,,,Italy,['Italy'],right,186,78,False,,,,,,,0.0,,,15.0,,0,,0,,,,0,,,0,,1,,,0.0,,,,,,,,,,,,,,,,,,,,,,,,,,,,,7.16,0.0,,,,,,,,,,,,,,,,,,,,0,,0,,0,0.0,0.0,,,,,,,,,,,0,0
D. Fila,Daniel Fila,-150678,Avellino,Avellino,https://cdn5.wyscout.com/photos/team/public/176_120x120.png,Serie B,CF,CF,100,,0,,0,24,2002-08-21,1300000,2029-06-30,1,12,0,0.0,0,0.0,,,Czech Republic,['Czech Republic'],left,190,85,True,,,,,,,0.0,,,0.0,,0,,0,,,,0,,,0,,0,,,0.0,,,,,,,,,,,,,,,,,,,,,,,,,,,,,10.25,0.0,,,,,,,,,,,,,,,,,,,,0,,0,,0,0.0,0.0,,,,,,,,,,,0,0
M. Brunori,Matteo Luigi Brunori Sandri,190636,Palermo,Ascoli,https://cdn5.wyscout.com/photos/team/public/85_120x120.png,Serie B,AMF,AMF,100,,0,,0,31,1994-11-01,4000000,2027-06-30,1,12,0,0.01,0,0.0,,,Brazil,"['Brazil', 'Italy']",right,180,78,False,,,,,,,0.0,,,0.0,,0,,0,,,,0,,,0,,1,,,0.0,,,,,,,,,,,,,,,,,,,,,,,,,,,,,11.78,0.0,,,,,,,,,,,,,,,,,,,,0,,0,,0,0.0,0.0,,,,,,,,,,,0,0
M. Nicoletti,Manuel Nicoletti,384543,Ascoli,Ascoli,https://cdn5.wyscout.com/photos/team/public/191_120x120.png,Serie B,LDMF,LDMF,97,,0,,0,27,1998-12-09,50000,2027-06-30,1,12,0,0.0,0,0.0,,,Italy,['Italy'],left,180,73,False,,,,,,,0.0,,,0.0,,0,,0,,,,0,,,0,,0,,,0.0,,,,,,,,,,,,,,,,,,,,,,,,,,,,,17.9,0.0,,,,,,,,,,,,,,,,,,,,0,,0,,0,0.0,0.0,,,,,,,,,,,0,0
E. Schrott,Elias Schrott,-322956,Südtirol U19,Südtirol,https://cdn5.wyscout.com/photos/team/public/g23243_120x120.png,,LWF,LWF,100,,0,,0,17,2009-05-21,0,,1,12,0,0.0,0,0.0,,,Italy,['Italy'],unknown,0,0,False,,,,,,,0.0,,,10.0,,0,,0,,,,0,,,0,,0,,,0.0,,,,,,,,,,,,,,,,,,,,,,,,,,,,,0.0,0.0,,,,,,,,,,,,,,,,,,,,0,,0,,0,0.0,0.0,,,,,,,,,,,0,0
A. Okoro,Alvin Obinna Okoro,-150212,Südtirol,Südtirol,https://cdn5.wyscout.com/photos/team/public/2754_120x120.png,Serie B,CF,CF,100,,0,,0,21,2005-03-26,0,2031-06-30,1,12,0,0.0,0,0.0,,,Italy,"['Italy', 'Nigeria']",right,185,0,True,,,,,,,0.0,,,0.0,,0,,0,,,,0,,,0,,0,,,0.0,,,,,,,,,,,,,,,,,,,,,,,,,,,,,24.76,0.0,,,,,,,,,,,,,,,,,,,,0,,0,,0,0.0,0.0,,,,,,,,,,,0,0
F. Tait,Fabian Tait,357205,Südtirol,Südtirol,https://cdn5.wyscout.com/photos/team/public/2754_120x120.png,Serie B,RCMF,RCMF,100,,0,,0,33,1993-02-10,900000,,1,12,0,0.0,0,0.0,,,Italy,['Italy'],right,186,80,False,,,,,,,0.0,,,0.0,,0,,0,,,,0,,,0,,0,,,0.0,,,,,,,,,,,,,,,,,,,,,,,,,,,,,1.3599999999999999,0.0,,,,,,,,,,,,,,,,,,,,0,,0,,0,0.0,0.0,,,,,,,,,,,0,0
J. Le Douaron,Jérémy Le Douaron,-72313,Palermo,Palermo,https://cdn5.wyscout.com/photos/team/public/85_120x120.png,Serie B,CF,CF,100,,0,,0,28,1998-04-21,5000000,2029-06-30,1,11,0,0.30000000000000004,0,0.0,,,France,['France'],left,189,78,False,,,,,,,0.0,,,0.0,,0,,0,,,,0,,,0,,1,,,0.0,,,,,,,,,,,,,,,,,,,,,,,,,,,,,17.12,49.66,,,,,,,,,,,,,,,,,,,,0,,0,,0,0.0,0.0,,,,,,,,,,,0,0
E. Košpo,Eman Košpo,-330545,Fiorentina,Mantova,https://cdn5.wyscout.com/photos/team/public/78_120x120.png,Serie A,RCB3,RCB3,100,,0,,0,19,2007-05-17,0,2030-06-30,1,11,0,0.0,0,0.0,,,Switzerland,"['Switzerland', 'Bosnia and Herzegovina']",right,191,79,False,,,,,,,0.0,,,30.0,,0,,0,,,,0,,,0,,0,,,0.0,,,,,,,,,,,,,,,,,,,,,,,,,,,,,17.27,0.0,,,,,,,,,,,,,,,,,,,,0,,0,,0,0.0,0.0,,,,,,,,,,,0,0
G. Faticanti,Giacomo Faticanti,-138677,Avellino,Avellino,https://cdn5.wyscout.com/photos/team/public/176_120x120.png,Serie B,DMF,DMF,100,,0,,0,22,2004-07-31,0,2029-06-30,1,11,0,0.0,0,0.0,,,Italy,['Italy'],right,186,76,False,,,,,,,0.0,,,7.5,,1,,0,,,,0,,,0,,0,,,0.0,,,,,,,,,,,,,,,,,,,,,,,,,,,,,34.25,0.0,,,,,,,,,,,,,,,,,,,,0,,0,,0,0.0,0.0,,,,,,,,,,,0,0
J. Kumi,Justin Kumi,-140443,Juve Stabia,Juve Stabia,https://cdn5.wyscout.com/photos/team/public/228_120x120.png,Serie B,RCMF3,RCMF3,100,,0,,0,22,2004-07-16,800000,2027-06-30,1,11,0,0.05,0,0.0,,,Italy,"['Italy', 'Ghana']",right,182,67,True,,,,,,,0.0,,,10.0,,0,,0,,,,0,,,0,,1,,,0.0,,,,,,,,,,,,,,,,,,,,,,,,,,,,,18.95,0.0,,,,,,,,,,,,,,,,,,,,0,,0,,0,0.0,0.0,,,,,,,,,,,0,0
F. Di Mariano,Francesco Di Mariano,265499,Padova,Padova,https://cdn5.wyscout.com/photos/team/public/g31139_120x120.png,Serie B,RCMF3,RCMF3,100,,0,,0,30,1996-04-20,1200000,2028-06-30,1,11,0,0.0,0,0.0,,,Italy,['Italy'],right,177,68,False,,,,,,,0.0,,,0.0,,0,,0,,,,0,,,0,,0,,,0.0,,,,,,,,,,,,,,,,,,,,,,,,,,,,,10.92,0.0,,,,,,,,,,,,,,,,,,,,0,,0,,0,0.0,0.0,,,,,,,,,,,0,0
L. Mezzotero,Lorenzo Mezzotero,-420856,Sampdoria U19,Sampdoria,https://cdn5.wyscout.com/photos/team/public/1776_120x120.png,Campionato Primavera 2,CF,CF,100,,0,,0,18,2008-08-16,0,,1,10,0,0.0,0,0.0,,,Italy,['Italy'],unknown,0,0,False,,,,,,,0.0,,,0.0,,0,,0,,,,0,,,0,,0,,,0.0,,,,,,,,,,,,,,,,,,,,,,,,,,,,,14.62,0.0,,,,,,,,,,,,,,,,,,,,0,,0,,0,0.0,0.0,,,,,,,,,,,0,0
L. Insigne,Lorenzo Insigne,113160,Sampdoria,Sampdoria,https://cdn5.wyscout.com/photos/team/public/88_120x120.png,Serie B,"RW, LCMF3",RW,55,LCMF3,44,,0,35,1991-06-04,0,2027-06-30,1,10,0,0.0,0,0.01,,,Italy,['Italy'],right,163,59,False,,,,,,,0.0,,,0.0,,0,,0,,,,0,,,0,,0,,,0.0,,,,,,,,,,,,,,,,,,,,,,,,,,,,,15.66,0.0,,,,,,,,,,,,,,,,,,,,0,,0,,0,0.0,0.0,,,,,,,,,,,0,0
D. Montevago,Daniele Montevago,-145586,Modena,Modena,https://cdn5.wyscout.com/photos/team/public/179_120x120.png,Serie B,CF,CF,100,,0,,0,23,2003-03-18,200000,2029-06-30,2,10,0,0.0,0,0.0,,,Italy,['Italy'],right,182,91,False,,,,,,,0.0,,,20.0,,0,,0,,,,0,,,0,,0,,,0.0,,,,,,,,,,,,,,,,,,,,,,,,,,,,,0.0,0.0,,,,,,,,,,,,,,,,,,,,0,,0,,0,0.0,0.0,,,,,,,,,,,0,0
M. Valori,Mattia Valori,-146524,Virtus Entella,Virtus Entella,https://cdn5.wyscout.com/photos/team/public/1370_120x120.png,Serie B,LCMF,LCMF,100,,0,,0,21,2005-03-15,0,2028-06-30,1,9,0,0.0,0,0.07,,,Italy,['Italy'],,178,73,False,,,,,,,0.0,,,30.0,,0,,0,,,,0,,,0,,0,,,0.0,,,,,,,,,,,,,,,,,,,,,,,,,,,,,12.99,0.0,,,,,,,,,,,,,,,,,,,,0,,0,,0,0.0,0.0,,,,,,,,,,,0,0
R. Berizzi,Roberto Berizzi,-259612,Empoli U20,Empoli,https://cdn5.wyscout.com/photos/team/public/g-21959_120x120.png,Campionato Primavera 1,LWB,LWB,100,,0,,0,19,2007-04-13,0,,1,8,0,0.0,0,0.0,,,Italy,['Italy'],right,0,0,False,,,,,,,0.0,,,0.0,,0,,0,,,,0,,,0,,0,,,0.0,,,,,,,,,,,,,,,,,,,,,,,,,,,,,11.83,0.0,,,,,,,,,,,,,,,,,,,,0,,0,,0,0.0,0.0,,,,,,,,,,,0,0
A. Orlandi,Andrea Orlandi,-246751,Empoli U20,Empoli,https://cdn5.wyscout.com/photos/team/public/g-21959_120x120.png,Campionato Primavera 1,AMF,AMF,100,,0,,0,19,2007-01-24,0,,1,8,0,0.0,0,0.0,,,Italy,['Italy'],right,172,0,False,,,,,,,0.0,,,0.0,,0,,0,,,,0,,,0,,0,,,0.0,,,,,,,,,,,,,,,,,,,,,,,,,,,,,48.18,0.0,,,,,,,,,,,,,,,,,,,,0,,0,,0,0.0,0.0,,,,,,,,,,,0,0
R. Sandrucci,Romeo Sandrucci,-293667,Juve Stabia,Juve Stabia,https://cdn5.wyscout.com/photos/team/public/228_120x120.png,Serie B,RWF,RWF,100,,0,,0,19,2007-08-22,0,2027-06-30,1,7,0,0.0,0,0.0,,,Italy,['Italy'],left,0,0,True,,,,,,,0.0,,,0.0,,1,,0,,,,0,,,0,,0,,,0.0,,,,,,,,,,,,,,,,,,,,,,,,,,,,,8.82,0.0,,,,,,,,,,,,,,,,,,,,0,,0,,0,0.0,0.0,,,,,,,,,,,0,0
L. Bega,Leorat  Bega,-276895,Hellas Verona,Hellas Verona,https://cdn5.wyscout.com/photos/team/public/212_120x120.png,Serie B,RCMF,RCMF,97,,0,,0,23,2003-07-18,0,,1,5,0,0.0,0,0.0,,,Switzerland,['Switzerland'],right,193,0,False,,,,,,,0.0,,,0.0,,0,,0,,,,0,,,0,,0,,,0.0,,,,,,,,,,,,,,,,,,,,,,,,,,,,,21.41,0.0,,,,,,,,,,,,,,,,,,,,0,,0,,0,0.0,0.0,,,,,,,,,,,0,0
F. Paoletti,Flavio Paoletti,-142047,Mantova,Mantova,https://cdn5.wyscout.com/photos/team/public/181_120x120.png,Serie B,RCB3,RCB3,100,,0,,0,23,2003-01-16,900000,2028-06-30,1,5,0,0.0,0,0.0,,,Italy,['Italy'],right,182,74,False,,,,,,,0.0,,,0.0,,0,,0,,,,0,,,0,,0,,,0.0,,,,,,,,,,,,,,,,,,,,,,,,,,,,,0.0,0.0,,,,,,,,,,,,,,,,,,,,0,,0,,0,0.0,0.0,,,,,,,,,,,0,0
Marco Dalla Vecchia,Marco Dalla Vecchia,-146802,Cesena,Cesena,https://cdn5.wyscout.com/photos/team/public/g25343_120x120.png,Serie B,CF,CF,100,,0,,0,21,2005-02-13,0,2028-06-30,1,5,0,0.0,0,0.0,,,Italy,['Italy'],right,190,85,True,,,,,,,0.0,,,0.0,,0,,0,,,,0,,,0,,0,,,0.0,,,,,,,,,,,,,,,,,,,,,,,,,,,,,10.98,0.0,,,,,,,,,,,,,,,,,,,,0,,0,,0,0.0,0.0,,,,,,,,,,,0,0
