Player,Full name,Wyscout id,Team,Team within selected timeframe,Team logo,Competition,Position,Primary position,"Primary position, %",Secondary position,"Secondary position, %",Third position,"Third position, %",Age,Birthday,Market value,Contract expires,Matches played,Minutes played,Goals,xG,Assists,xA,Duels per 90,"Duels won, %",Birth country,Passport country,Foot,Height,Weight,On loan,Successful defensive actions per 90,Defensive duels per 90,"Defensive duels won, %",Aerial duels per 90,"Aerial duels won, %",Sliding tackles per 90,PAdj Sliding tackles,Shots blocked per 90,Interceptions per 90,PAdj Interceptions,Fouls per 90,Yellow cards,Yellow cards per 90,Red cards,Red cards per 90,Successful attacking actions per 90,Goals per 90,Non-penalty goals,Non-penalty goals per 90,xG per 90,Head goals,Head goals per 90,Shots,Shots per 90,"Shots on target, %","Goal conversion, %",Assists per 90,Crosses per 90,"Accurate crosses, %",Crosses from left flank per 90,"Accurate crosses from left flank, %",Crosses from right flank per 90,"Accurate crosses from right flank, %",Crosses to goalie box per 90,Dribbles per 90,"Successful dribbles, %",Offensive duels per 90,"Offensive duels won, %",Touches in box per 90,Progressive runs per 90,Accelerations per 90,Received passes per 90,Received long passes per 90,Fouls suffered per 90,Passes per 90,"Accurate passes, %",Forward passes per 90,"Accurate forward passes, %",Back passes per 90,"Accurate back passes, %",Short / medium passes per 90,"Accurate short / medium passes, %",Long passes per 90,"Accurate long passes, %","Average pass length, m","Average long pass length, m",xA per 90,Shot assists per 90,Second assists per 90,Third assists per 90,Smart passes per 90,"Accurate smart passes, %",Key passes per 90,Passes to final third per 90,"Accurate passes to final third, %",Passes to penalty area per 90,"Accurate passes to penalty area, %",Through passes per 90,"Accurate through passes, %",Deep completions per 90,Deep completed crosses per 90,Progressive passes per 90,"Accurate progressive passes, %","Accurate vertical passes, %",Vertical passes per 90,Conceded goals,Conceded goals per 90,Shots against,Shots against per 90,Clean sheets,"Save rate, %",xG against,xG against per 90,Prevented goals,Prevented goals per 90,Back passes received as GK per 90,Exits per 90,Aerial duels per 90,Free kicks per 90,Direct free kicks per 90,"Direct free kicks on target, %",Corners per 90,Penalties taken,"Penalty conversion, %"
M. Vantruba,Martin Vantruba,429407,Spartak Trnava,Spartak Trnava,https://cdn5.wyscout.com/photos/team/public/1291_120x120.png,Niké Liga,GK,GK,100,,0,,0,28,1998-02-07,225000,2028-06-30,6,596,0,0.0,0,0.0,0.15,100.0,Slovakia,['Slovakia'],right,196,82,False,0.30000000000000004,0.0,0.0,0.15,100.0,0.0,0.0,0.0,0.30000000000000004,0.47000000000000003,0.0,0,0.0,0,0.0,0.0,0.0,0,0.0,0.0,0,0.0,0,0.0,0.0,0.0,0.0,0.0,0.0,0.0,0.0,0.0,0.0,0.0,0.0,0.0,0.0,0.0,0.0,0.0,0.0,16.76,0.0,0.15,27.18,84.44,12.08,71.25,0.15,0.0,20.08,96.99,6.95,50.0,30.62,50.85,0.0,0.0,0.0,0.0,0.0,0.0,0.0,3.47,30.43,0.6000000000000001,0.0,0.0,0.0,0.0,0.0,4.08,66.67,95.6,13.74,5,0.76,31,4.68,3,83.87,7.84,1.18,2.84,0.429,0.0,1.06,0.15,,,,0.0,0,0
P. Karhan,Patrick Karhan,-256508,Skalica,Skalica,https://cdn5.wyscout.com/photos/team/public/g24757_120x120.png,Niké Liga,"RCB, CB",RCB,82,CB,16,,0,23,2003-06-19,125000,2028-06-30,6,588,0,0.41000000000000003,0,0.0,11.63,68.42,Slovakia,['Slovakia'],right,185,76,True,13.47,3.98,88.46,5.82,57.89,0.15,0.2,1.38,9.8,12.8,0.46,1,0.15,0,0.0,0.15,0.0,0,0.0,0.06,0,0.0,3,0.46,33.33,0.0,0.0,0.15,0.0,0.0,0.0,0.15,0.0,0.15,0.0,0.0,0.61,50.0,0.61,0.0,0.0,17.6,0.31,0.31,30.92,78.71,14.69,58.33,2.45,93.75,25.87,85.21,4.9,46.88,22.28,32.21,0.0,0.0,0.0,0.0,0.0,0.0,0.0,3.98,53.85,0.46,0.0,0.0,0.0,0.0,0.0,6.12,62.5,97.4,11.79,0,,0,,0,0.0,0.0,0.0,,,1.6800000000000002,,5.82,0.0,0.0,0.0,0.0,0,0
A. Selecký,Alexander Selecký,-105304,Ružomberok,Ružomberok,https://cdn5.wyscout.com/photos/team/public/1295_120x120.png,Niké Liga,"LB, LWB",LB,85,LWB,11,,0,23,2002-10-08,550000,2027-06-30,6,584,0,0.28,0,0.42,12.79,54.22,Slovakia,['Slovakia'],left,180,72,False,7.71,5.24,64.71,2.47,37.5,0.15,0.19,0.15,4.16,5.19,0.92,2,0.31,0,0.0,2.16,0.0,0,0.0,0.04,0,0.0,6,0.92,33.33,0.0,0.0,2.93,26.32,2.77,27.78,0.15,0.0,0.31,1.54,70.0,4.01,57.69,0.77,0.31,0.15,14.49,1.3900000000000001,0.92,21.58,64.29,11.4,59.46,3.7,83.33,14.64,75.79,4.47,48.28,21.64,43.7,0.06,1.54,0.0,0.0,0.0,0.0,0.31,4.47,68.97,3.7,45.83,0.0,0.0,0.77,0.62,6.16,72.5,62.5,4.93,0,,0,,0,0.0,0.0,0.0,,,0.46,,2.47,0.62,0.15,0.0,2.93,0,0
L. Pauschek,Lukáš Pauschek,178208,Zemplín Michalovce,Zemplín Michalovce,https://cdn5.wyscout.com/photos/team/public/g3237_120x120.png,Niké Liga,"LWB, RB, CB",LWB,48,RB,33,CB,15,33,1992-12-09,300000,2027-06-30,6,584,0,0.02,0,0.11,8.17,41.51,Slovakia,['Slovakia'],right,180,80,False,4.16,1.54,50.0,1.54,60.0,0.0,0.0,0.31,3.39,4.52,0.31,1,0.15,0,0.0,0.62,0.0,0,0.0,0.0,0,0.0,1,0.15,100.0,0.0,0.0,0.62,0.0,0.15,0.0,0.46,0.0,0.31,0.92,50.0,3.7,37.5,0.15,0.77,0.0,22.81,1.85,0.46,32.21,82.78,12.33,75.0,5.24,100.0,29.59,85.42,2.0,69.23,15.79,41.1,0.02,0.31,0.0,0.0,0.0,0.0,0.46,4.16,77.78,1.54,20.0,0.0,0.0,0.62,0.31,5.55,66.67,86.89,9.4,0,,0,,0,0.0,0.0,0.0,,,0.62,,1.54,0.0,0.0,0.0,0.0,0,0
A. Jakubech,Adam Jakubech,302943,Zemplín Michalovce,Zemplín Michalovce,https://cdn5.wyscout.com/photos/team/public/g3237_120x120.png,Niké Liga,GK,GK,100,,0,,0,29,1997-01-02,200000,2027-06-30,6,584,0,0.0,0,0.0,0.15,100.0,Slovakia,['Slovakia'],right,188,85,False,0.46,0.15,100.0,0.0,0.0,0.0,0.0,0.0,0.31,0.41000000000000003,0.0,0,0.0,0,0.0,0.0,0.0,0,0.0,0.0,0,0.0,0,0.0,0.0,0.0,0.0,0.0,0.0,0.0,0.0,0.0,0.0,0.0,0.0,0.0,0.0,0.0,0.0,0.0,0.0,15.57,0.31,0.0,25.89,80.95,14.79,70.83,0.0,0.0,16.03,96.15,9.86,56.25,33.65,49.36,0.0,0.0,0.0,0.0,0.0,0.0,0.0,2.77,38.89,0.31,0.0,0.0,0.0,0.0,0.0,6.47,66.67,93.94,10.17,7,1.08,28,4.32,1,75.0,9.01,1.3900000000000001,2.01,0.31,0.0,1.08,0.0,,,,0.0,0,0
E. Daniel,Erik Daniel,214381,Skalica,Skalica,https://cdn5.wyscout.com/photos/team/public/g24757_120x120.png,Niké Liga,"RW, RB5",RW,63,RB5,16,,0,34,1992-02-04,325000,,6,582,0,1.56,2,1.21,13.92,46.67,Czech Republic,"['Czech Republic', 'Slovakia']",right,178,75,False,4.64,3.25,61.9,1.55,50.0,0.0,0.0,0.0,2.63,3.42,0.62,0,0.0,0,0.0,3.56,0.0,0,0.0,0.24,0,0.0,17,2.63,29.41,0.0,0.31,3.71,29.17,0.31,0.0,3.4,31.82,1.08,3.25,52.38,7.58,42.86,3.09,2.16,0.46,21.65,1.7000000000000002,1.24,28.3,65.57,9.74,60.32,6.49,95.24,21.96,74.65,3.25,38.1,18.42,26.82,0.19,1.3900000000000001,0.0,0.0,0.0,0.0,1.08,3.4,59.09,4.48,27.59,0.15,100.0,0.62,1.08,5.72,72.97,48.94,7.27,0,,0,,0,0.0,0.0,0.0,,,0.15,,1.55,0.31,0.15,0.0,0.93,0,0
K. Domonkos,Kristóf Domonkos,488625,Komárno,Komárno,https://cdn5.wyscout.com/photos/team/public/g29815_120x120.png,Niké Liga,"LCMF, RCMF",LCMF,57,RCMF,27,,0,28,1998-08-17,225000,2027-06-30,6,581,0,0.08,0,0.53,8.83,50.88,Slovakia,['Slovakia'],right,179,73,False,4.49,4.49,51.72,1.24,25.0,0.0,0.0,0.46,2.17,2.96,1.08,3,0.46,0,0.0,0.62,0.0,0,0.0,0.01,0,0.0,3,0.46,33.33,0.0,0.0,1.08,42.86,0.62,50.0,0.46,33.33,0.15,0.15,0.0,2.32,46.67,0.93,0.31,0.0,36.09,0.15,1.55,49.26,86.16,13.01,70.24,9.6,98.39,45.08,91.41,3.25,23.81,18.23,38.97,0.08,0.46,0.0,0.0,0.0,0.0,0.15,6.35,68.29,1.7000000000000002,54.55,0.0,0.0,0.46,0.31,5.11,69.7,91.2,19.36,0,,0,,0,0.0,0.0,0.0,,,2.63,,1.24,0.0,0.0,0.0,0.0,0,0
P. Onyedika,Philip Onyedika,-773843,Skalica,Skalica,https://cdn5.wyscout.com/photos/team/public/g24757_120x120.png,Niké Liga,CF,CF,100,,0,,0,20,2006-01-18,0,,6,579,3,3.17,1,0.30000000000000004,28.13,41.99,Nigeria,['Nigeria'],unknown,0,0,False,5.13,5.28,41.18,6.99,35.56,0.0,0.0,0.16,2.95,3.85,3.73,2,0.31,0,0.0,2.95,0.47000000000000003,2,0.31,0.49,0,0.0,16,2.49,43.75,18.75,0.16,0.62,25.0,0.31,50.0,0.31,0.0,0.16,2.64,58.82,8.86,47.37,4.04,0.93,0.0,14.15,2.49,2.33,18.5,68.07,4.66,60.0,4.51,72.41,17.1,71.82,0.78,20.0,14.67,30.04,0.05,0.47000000000000003,0.0,0.0,0.16,100.0,0.47000000000000003,2.18,57.14,1.24,37.5,0.16,100.0,0.47000000000000003,0.0,1.71,45.45,64.52,4.82,0,,0,,0,0.0,0.0,0.0,,,0.0,,6.99,0.0,0.0,0.0,0.0,1,100
M. Bakaľa,Mikuláš Bakaľa,-106614,Dukla Banská Bystrica,Dukla Banská Bystrica,https://cdn5.wyscout.com/photos/team/public/g39880_120x120.png,Niké Liga,"RCB, CB",RCB,72,CB,20,,0,25,2001-01-04,350000,2027-06-30,6,577,0,0.0,0,0.0,9.2,55.93,Slovakia,['Slovakia'],right,187,80,False,9.67,3.43,68.18,3.74,54.17,0.0,0.0,0.47000000000000003,7.33,7.83,0.9400000000000001,1,0.16,0,0.0,0.0,0.0,0,0.0,0.0,0,0.0,0,0.0,0.0,0.0,0.0,0.16,0.0,0.0,0.0,0.16,0.0,0.0,0.16,0.0,0.78,20.0,0.47000000000000003,0.16,0.0,21.99,0.78,0.47000000000000003,32.13,84.47,14.51,75.27,2.34,100.0,27.92,91.62,4.21,37.04,21.3,45.29,0.0,0.0,0.0,0.0,0.0,0.0,0.0,3.59,52.17,0.62,25.0,0.16,0.0,0.16,0.0,4.52,65.52,93.83,12.63,0,,0,,0,0.0,0.0,0.0,,,1.72,,3.74,0.0,0.0,0.0,0.0,0,0
R. Lampreht,Rene Rantuša  Lampreht,-393823,Podbrezová,Podbrezová,https://cdn5.wyscout.com/photos/team/public/g1984_120x120.png,Niké Liga,RCB3,RCB3,92,,0,,0,24,2002-02-22,0,2029-06-30,6,575,0,0.73,2,0.46,10.17,53.85,Slovenia,['Slovenia'],right,190,80,False,7.2,5.17,54.55,2.35,60.0,0.16,0.21,0.63,4.23,5.63,1.1,2,0.31,0,0.0,0.31,0.0,0,0.0,0.11,0,0.0,5,0.78,0.0,0.0,0.31,0.63,50.0,0.0,0.0,0.63,50.0,0.0,0.31,0.0,1.72,45.45,1.1,0.31,0.0,31.77,0.9400000000000001,0.63,43.83,80.0,22.07,68.09,2.9699999999999998,94.74,37.72,85.89,5.63,44.44,19.78,42.56,0.07,0.47000000000000003,0.0,0.16,0.0,0.0,0.63,7.51,68.75,0.47000000000000003,0.0,0.0,0.0,0.16,0.16,6.26,65.0,91.01,13.93,0,,0,,0,0.0,0.0,0.0,,,0.78,,2.35,0.0,0.0,0.0,0.0,0,0
O. Deml,Ondřej Deml,-372389,Podbrezová,Podbrezová,https://cdn5.wyscout.com/photos/team/public/g1984_120x120.png,Niké Liga,LWB,LWB,81,,0,,0,21,2005-01-20,0,,6,562,0,0.81,0,0.81,18.58,47.41,Czech Republic,['Czech Republic'],left,0,0,False,6.09,6.25,43.59,2.24,35.71,0.16,0.21,0.32,3.2,4.23,1.6,3,0.48,0,0.0,4.16,0.0,0,0.0,0.13,0,0.0,11,1.76,36.36,0.0,0.0,3.68,34.78,3.36,33.33,0.32,50.0,0.8,2.88,77.78,8.01,52.0,1.6,2.7199999999999998,0.16,21.46,0.96,0.96,29.31,71.04,10.09,66.67,6.73,95.24,23.86,77.18,2.24,64.29,17.96,39.61,0.13,0.8,0.16,0.0,0.0,0.0,0.48,2.88,61.11,3.68,52.17,0.0,0.0,1.12,1.44,5.77,61.11,60.87,7.37,0,,0,,0,0.0,0.0,0.0,,,0.16,,2.24,0.0,0.0,0.0,0.0,0,0
D. Kostka,Dominik Kostka,421438,Ružomberok,Ružomberok,https://cdn5.wyscout.com/photos/team/public/1295_120x120.png,Niké Liga,"RB, RW, RCB3",RB,54,RW,19,RCB3,12,30,1996-05-04,275000,,6,562,0,0.23,0,0.21,13.61,60.0,Czech Republic,['Czech Republic'],right,177,70,False,6.73,6.57,60.98,3.36,61.9,0.0,0.0,0.32,2.7199999999999998,3.42,0.96,1,0.16,0,0.0,1.6,0.0,0,0.0,0.04,0,0.0,8,1.28,25.0,0.0,0.0,0.32,100.0,0.0,0.0,0.32,100.0,0.16,1.28,75.0,3.04,47.37,0.64,0.32,0.16,14.09,0.8,0.16,25.46,76.1,12.01,69.33,4.0,84.0,21.62,79.26,3.52,54.55,18.88,47.05,0.03,0.16,0.0,0.0,0.16,0.0,0.16,4.48,60.71,1.12,42.86,0.16,0.0,0.16,0.32,3.84,66.67,94.44,5.77,0,,0,,0,0.0,0.0,0.0,,,0.32,,3.36,0.0,0.0,0.0,0.0,0,0
M. Laušić,Marin Laušić,-124616,Spartak Trnava,Spartak Trnava,https://cdn5.wyscout.com/photos/team/public/1291_120x120.png,Niké Liga,"LDMF, RDMF",LDMF,75,RDMF,17,,0,25,2001-06-26,300000,2028-06-30,6,559,0,0.44,1,1.4,8.53,62.26,Croatia,['Croatia'],right,187,75,False,5.15,3.86,58.33,1.77,45.45,0.16,0.25,0.16,2.74,4.29,0.64,1,0.16,0,0.0,1.29,0.0,0,0.0,0.07,0,0.0,6,0.97,50.0,0.0,0.16,1.13,42.86,0.81,40.0,0.32,50.0,0.16,0.32,100.0,1.9300000000000002,66.67,0.97,1.45,0.16,29.46,0.48,0.97,42.99,83.52,15.13,73.4,5.8,91.67,38.48,86.19,3.38,66.67,20.61,44.65,0.23,0.97,0.48,0.0,0.0,0.0,0.97,7.41,71.74,1.9300000000000002,58.33,0.0,0.0,0.81,0.48,7.89,83.67,91.23,18.35,0,,0,,0,0.0,0.0,0.0,,,0.64,,1.77,1.29,0.0,0.0,2.42,0,0
F. Souček,Filip Souček,-124816,Ružomberok,Ružomberok,https://cdn5.wyscout.com/photos/team/public/1295_120x120.png,Niké Liga,"LCMF, DMF, RCMF",LCMF,69,DMF,14,RCMF,14,25,2000-09-18,400000,2029-06-30,6,550,0,0.78,1,1.4,16.2,51.52,Czech Republic,['Czech Republic'],right,187,83,False,7.85,6.38,61.54,3.27,40.0,0.0,0.0,0.0,3.93,4.93,1.8,1,0.16,0,0.0,1.31,0.0,0,0.0,0.13,0,0.0,7,1.15,14.29,0.0,0.16,1.15,28.57,0.49,0.0,0.65,50.0,0.33,0.8200000000000001,80.0,5.4,45.45,1.31,0.16,0.0,17.84,0.49,1.47,29.13,75.84,11.95,60.27,6.05,86.49,24.38,81.88,3.93,50.0,19.57,43.0,0.23,1.47,0.16,0.0,0.16,100.0,0.65,5.73,62.86,2.7800000000000002,47.06,0.16,100.0,1.6400000000000001,0.49,5.07,61.29,89.8,8.02,0,,0,,0,0.0,0.0,0.0,,,0.33,,3.27,1.8,0.16,100.0,2.29,0,0
S. Suľa,Samuel Suľa,499847,Skalica,Skalica,https://cdn5.wyscout.com/photos/team/public/g24757_120x120.png,Niké Liga,"RB, RCB3",RB,81,RCB3,17,,0,26,2000-04-12,225000,,6,549,0,0.0,0,0.32,11.8,44.44,Slovakia,['Slovakia'],right,178,74,False,8.03,6.23,44.74,3.11,57.89,0.16,0.22,0.66,5.08,6.74,0.98,0,0.0,0,0.0,0.66,0.0,0,0.0,0.0,0,0.0,0,0.0,0.0,0.0,0.0,0.98,33.33,0.0,0.0,0.98,33.33,0.0,0.49,33.33,0.98,16.67,0.0,0.49,0.16,19.34,0.49,0.0,28.69,64.57,17.21,52.38,3.44,100.0,22.62,71.01,5.08,41.94,18.98,33.75,0.05,0.33,0.0,0.0,0.16,100.0,0.33,4.92,46.67,1.8,36.36,0.16,100.0,0.33,0.33,7.87,41.67,72.97,6.07,0,,0,,0,0.0,0.0,0.0,,,1.48,,3.11,0.0,0.0,0.0,0.0,0,0
J. Luka,Jakub Luka,-246591,Podbrezová,Podbrezová,https://cdn5.wyscout.com/photos/team/public/g1984_120x120.png,Niké Liga,"CB, LCB3",CB,70,LCB3,22,,0,23,2003-08-18,100000,,6,545,0,0.45,0,0.02,7.43,48.89,Slovakia,['Slovakia'],right,193,88,False,6.94,2.81,35.29,2.48,73.33,0.33,0.44,1.65,5.61,7.5,1.16,2,0.33,0,0.0,0.17,0.0,0,0.0,0.07,0,0.0,3,0.5,0.0,0.0,0.0,0.5,33.33,0.5,33.33,0.0,0.0,0.0,0.0,0.0,0.66,50.0,0.66,0.17,0.0,37.82,0.5,0.33,53.01,86.92,23.28,78.01,3.47,100.0,46.57,92.55,5.94,47.22,21.84,42.33,0.0,0.17,0.0,0.0,0.0,0.0,0.0,5.28,59.38,1.16,28.57,0.0,0.0,0.17,0.0,9.08,61.82,96.27,22.13,0,,0,,0,0.0,0.0,0.0,,,1.98,,2.48,0.0,0.0,0.0,0.0,0,0
L. Lemishko,Luka Lemishko,-287381,Zemplín Michalovce,Zemplín Michalovce,https://cdn5.wyscout.com/photos/team/public/g3237_120x120.png,Niké Liga,"RWB, LWF, CF",RWB,59,LWF,15,CF,12,20,2006-08-20,0,2028-06-30,6,543,2,0.86,0,0.25,15.58,54.26,Ukraine,['Ukraine'],unknown,180,60,False,8.12,5.97,58.33,1.16,28.57,0.0,0.0,0.17,4.64,6.36,0.99,1,0.17,0,0.0,2.32,0.33,2,0.33,0.14,0,0.0,9,1.49,33.33,22.222,0.0,0.8300000000000001,40.0,0.5,33.33,0.33,50.0,0.0,2.15,69.23,7.62,56.52,2.49,1.6600000000000001,0.8300000000000001,11.6,0.66,2.32,18.07,65.14,6.3,57.89,4.64,85.71,15.91,68.75,1.33,37.5,16.31,36.83,0.04,0.5,0.0,0.0,0.0,0.0,0.5,2.15,53.85,0.66,25.0,0.0,0.0,0.0,0.33,2.49,40.0,68.75,2.65,0,,0,,0,0.0,0.0,0.0,,,0.17,,1.16,0.0,0.0,0.0,0.0,0,0
B. Cottrell,Ben Cottrell,-81079,Zemplín Michalovce,Zemplín Michalovce,https://cdn5.wyscout.com/photos/team/public/g3237_120x120.png,Niké Liga,"RCMF, RCMF3, LCMF",RCMF,62,RCMF3,17,LCMF,17,24,2001-10-31,150000,2027-06-30,6,542,0,0.09,0,0.96,13.78,40.96,England,['England'],left,171,0,False,7.8,6.97,50.0,0.8300000000000001,40.0,0.8300000000000001,1.13,0.5,3.49,4.74,1.6600000000000001,2,0.33,0,0.0,1.6600000000000001,0.0,0,0.0,0.01,0,0.0,6,1.0,50.0,0.0,0.0,1.0,33.33,0.17,100.0,0.8300000000000001,20.0,0.17,1.16,71.43,5.15,35.48,1.99,0.66,0.17,23.75,1.0,0.8300000000000001,32.71,77.16,13.95,64.29,6.31,89.47,29.23,81.82,2.49,40.0,15.62,35.79,0.16,1.49,0.0,0.0,0.0,0.0,0.8300000000000001,4.48,48.15,1.99,41.67,0.17,100.0,1.16,0.33,5.15,77.42,86.84,6.31,0,,0,,0,0.0,0.0,0.0,,,0.0,,0.8300000000000001,0.33,0.0,0.0,2.49,0,0
V. Chyla,Vincent Chyla,-294372,Podbrezová,Podbrezová,https://cdn5.wyscout.com/photos/team/public/g1984_120x120.png,Niké Liga,"LCMF, LCMF3, DMF",LCMF,38,LCMF3,21,DMF,17,22,2004-01-08,0,2029-06-30,6,540,0,0.64,2,1.06,10.67,59.38,Slovakia,['Slovakia'],,183,74,False,5.83,5.17,51.61,1.83,72.73,0.5,0.65,0.33,2.67,3.48,1.67,1,0.17,0,0.0,1.5,0.0,0,0.0,0.11,0,0.0,8,1.33,50.0,0.0,0.33,1.0,50.0,0.33,50.0,0.67,50.0,0.0,0.5,66.67,2.83,58.82,1.5,0.8300000000000001,0.0,21.83,0.33,1.17,31.67,82.63,8.5,60.78,6.5,100.0,29.0,86.21,1.67,40.0,17.1,46.22,0.18,1.0,0.0,0.0,0.0,0.0,1.0,2.5,60.0,1.17,42.86,0.0,0.0,0.5,0.5,4.17,64.0,86.3,12.17,0,,0,,0,0.0,0.0,0.0,,,0.5,,1.83,0.0,0.0,0.0,0.0,0,0
K. Bari,Kristián Bari,-76854,Žilina,Žilina,https://cdn5.wyscout.com/photos/team/public/1219_120x120.png,Niké Liga,LWB,LWB,100,,0,,0,25,2001-02-06,0,2028-12-31,6,537,1,0.45,2,0.64,13.24,54.43,Slovakia,['Slovakia'],left,173,61,False,4.53,4.53,48.15,0.67,75.0,0.17,0.26,0.0,2.18,3.33,0.84,0,0.0,0,0.0,3.18,0.17,1,0.17,0.08,0,0.0,5,0.84,40.0,20.0,0.34,2.51,73.33,2.51,73.33,0.0,0.0,0.17,1.8399999999999999,54.55,6.7,52.5,2.85,2.18,0.67,26.98,1.17,1.17,36.87,75.91,9.22,52.73,8.72,94.23,31.01,80.0,3.35,40.0,16.53,35.22,0.11,1.51,0.0,0.0,0.17,0.0,1.34,3.52,47.62,2.51,86.67,0.17,0.0,1.34,1.8399999999999999,7.71,69.57,85.94,10.73,0,,0,,0,0.0,0.0,0.0,,,0.5,,0.67,0.0,0.0,0.0,0.0,0,0
R. Pillár,Róbert Pillár,133613,Komárno,Komárno,https://cdn5.wyscout.com/photos/team/public/g29815_120x120.png,Niké Liga,"RCB, CB",RCB,54,CB,30,,0,35,1991-05-27,200000,2027-06-30,6,537,0,0.33,0,0.0,7.88,65.96,Slovakia,['Slovakia'],right,189,83,False,7.88,3.18,57.89,3.69,72.73,0.17,0.23,0.34,5.87,8.02,0.5,1,0.17,0,0.0,0.5,0.0,0,0.0,0.06,0,0.0,4,0.67,50.0,0.0,0.0,0.17,100.0,0.0,0.0,0.17,100.0,0.0,0.17,0.0,0.67,50.0,0.84,0.0,0.0,39.05,0.34,0.17,50.28,91.33,18.44,83.64,4.02,100.0,44.92,94.78,5.2,61.29,20.37,47.33,0.0,0.0,0.0,0.0,0.0,0.0,0.0,4.53,70.37,1.01,66.67,0.0,0.0,0.5,0.17,7.54,73.33,95.59,22.79,0,,0,,0,0.0,0.0,0.0,,,3.52,,3.69,0.0,0.0,0.0,0.0,0,0
R. Begala,Roman Begala,452966,Spartak Trnava,Spartak Trnava,https://cdn5.wyscout.com/photos/team/public/1291_120x120.png,Niké Liga,"RDMF, LDMF",RDMF,77,LDMF,15,,0,27,1999-07-18,150000,2029-06-30,6,532,0,0.31,0,0.0,15.73,60.22,Slovakia,['Slovakia'],right,175,72,False,9.81,8.97,60.38,1.8599999999999999,36.36,0.0,0.0,0.17,4.4,6.72,2.03,1,0.17,0,0.0,0.68,0.0,0,0.0,0.05,0,0.0,6,1.02,50.0,0.0,0.0,0.17,0.0,0.0,0.0,0.0,0.0,0.17,0.17,100.0,3.7199999999999998,68.18,0.68,0.51,0.0,14.04,0.34,2.2,21.99,86.15,5.41,75.0,4.4,92.31,20.13,89.92,1.69,50.0,18.3,35.11,0.0,0.0,0.34,0.0,0.0,0.0,0.0,2.2,61.54,0.34,50.0,0.0,0.0,0.17,0.0,2.2,76.92,91.3,7.78,0,,0,,0,0.0,0.0,0.0,,,0.85,,1.8599999999999999,0.0,0.0,0.0,0.0,0,0
J. Bernát,Ján Bernát,513498,Komárno,Komárno,https://cdn5.wyscout.com/photos/team/public/g29815_120x120.png,Niké Liga,"CF, LWF, AMF",CF,29,LWF,28,AMF,19,25,2001-01-10,400000,2027-06-30,6,523,2,0.6900000000000001,1,1.63,9.98,53.45,Slovakia,['Slovakia'],right,180,70,False,4.82,3.96,47.83,1.03,50.0,0.0,0.0,0.0,2.93,4.05,1.2,0,0.0,0,0.0,1.8900000000000001,0.34,2,0.34,0.12,0,0.0,7,1.2,42.86,28.571,0.17,1.2,42.86,0.34,50.0,0.86,40.0,0.17,1.2,71.43,4.3,56.0,2.24,1.38,0.52,25.3,0.86,1.2,32.52,78.84,9.46,72.73,7.57,93.18,28.39,82.42,2.93,58.82,17.32,41.53,0.28,1.72,0.0,0.0,0.0,0.0,1.03,3.96,65.22,2.93,58.82,0.0,0.0,1.2,0.34,4.65,77.78,75.51,8.43,0,,0,,0,0.0,0.0,0.0,,,0.17,,1.03,1.2,0.0,0.0,1.8900000000000001,0,0
L. Willwéber,Ľubomír Willwéber,368381,Dukla Banská Bystrica,Dukla Banská Bystrica,https://cdn5.wyscout.com/photos/team/public/g39880_120x120.png,Niké Liga,"LCB, LCB3",LCB,80,LCB3,15,,0,33,1992-09-11,125000,2028-06-30,6,519,1,0.7000000000000001,0,0.0,5.55,56.25,Slovakia,['Slovakia'],right,0,0,False,7.98,2.95,52.94,2.25,53.85,0.0,0.0,0.6900000000000001,6.42,6.77,0.6900000000000001,1,0.17,0,0.0,0.35000000000000003,0.17,1,0.17,0.12,1,0.17,8,1.3900000000000001,25.0,12.5,0.0,0.17,0.0,0.0,0.0,0.17,0.0,0.17,0.0,0.0,0.0,0.0,0.87,0.52,0.17,19.6,0.35000000000000003,0.0,30.52,85.23,11.79,72.06,1.73,100.0,26.01,89.33,4.34,64.0,24.23,45.12,0.0,0.0,0.0,0.0,0.0,0.0,0.0,2.77,62.5,0.17,0.0,0.0,0.0,0.0,0.0,6.24,58.33,94.25,15.09,0,,0,,0,0.0,0.0,0.0,,,1.56,,2.25,0.0,0.0,0.0,0.0,0,0
N. Šikula,Nicolas Šikula,-147525,Dukla Banská Bystrica,Dukla Banská Bystrica,https://cdn5.wyscout.com/photos/team/public/g39880_120x120.png,Niké Liga,"RB, RWB",RB,72,RWB,27,,0,23,2003-05-15,0,2027-06-30,6,511,0,0.07,1,0.5,12.33,48.57,Slovakia,['Slovakia'],right,182,74,False,8.63,5.64,50.0,2.8200000000000003,56.25,0.0,0.0,0.0,5.8100000000000005,6.27,1.06,0,0.0,0,0.0,0.88,0.0,0,0.0,0.01,0,0.0,1,0.18,0.0,0.0,0.18,2.47,35.71,0.0,0.0,2.47,35.71,0.88,0.18,0.0,2.99,47.06,0.7000000000000001,0.35000000000000003,0.0,25.19,2.11,0.88,34.87,73.23,14.09,67.5,5.8100000000000005,90.91,29.06,79.39,3.52,50.0,19.24,38.43,0.09,0.7000000000000001,0.0,0.0,0.0,0.0,0.53,4.76,62.96,2.99,52.94,0.0,0.0,0.7000000000000001,1.06,9.51,64.81,70.45,7.75,0,,0,,0,0.0,0.0,0.0,,,0.88,,2.8200000000000003,0.0,0.0,0.0,0.0,0,0
T. Paliscak,Tobias Paliscak,-525923,Žilina,Žilina,https://cdn5.wyscout.com/photos/team/public/1219_120x120.png,Niké Liga,RCB3,RCB3,100,,0,,0,18,2007-10-25,0,2030-06-30,6,508,0,0.25,1,0.61,14.35,56.79,Slovakia,['Slovakia'],,0,0,False,11.52,6.38,55.56,3.7199999999999998,76.19,0.0,0.0,1.06,7.97,12.27,1.06,1,0.18,0,0.0,1.06,0.0,0,0.0,0.04,0,0.0,2,0.35000000000000003,0.0,0.0,0.18,0.18,100.0,0.0,0.0,0.18,100.0,0.0,0.71,75.0,2.66,40.0,0.89,0.35000000000000003,0.0,36.5,0.89,0.35000000000000003,53.33,86.71,22.5,75.59,4.96,96.43,49.25,90.65,3.9,36.36,17.62,34.69,0.11,0.35000000000000003,0.0,0.0,0.35000000000000003,100.0,0.53,6.38,75.0,0.53,33.33,0.35000000000000003,100.0,0.0,0.18,9.92,62.5,96.36,19.49,0,,0,,0,0.0,0.0,0.0,,,1.24,,3.7199999999999998,0.0,0.0,0.0,0.0,0,0
T. Kudlička,Timotej Kudlička,-349717,Spartak Trnava,Spartak Trnava,https://cdn5.wyscout.com/photos/team/public/1291_120x120.png,Niké Liga,"RAMF, LAMF, CF",RAMF,49,LAMF,27,CF,19,23,2003-08-19,0,2030-06-30,6,504,3,4.67,0,0.15,16.43,41.3,Slovakia,['Slovakia'],right,0,0,False,5.0,5.89,42.42,2.5,42.86,0.0,0.0,0.18,2.5,4.04,1.96,2,0.36,0,0.0,2.32,0.54,3,0.54,0.8300000000000001,0,0.0,20,3.5700000000000003,55.0,15.0,0.0,0.89,0.0,0.18,0.0,0.71,0.0,0.36,0.71,50.0,5.89,36.36,6.61,1.79,0.18,14.82,2.14,0.54,17.14,65.63,5.18,58.62,4.82,81.48,15.71,70.45,0.54,33.33,14.7,14.34,0.03,0.54,0.0,0.0,0.0,0.0,0.18,2.14,50.0,1.07,16.67,0.0,0.0,0.71,0.0,1.43,62.5,66.67,3.75,0,,0,,0,0.0,0.0,0.0,,,0.0,,2.5,0.0,0.0,0.0,0.0,0,0
S. Kóša,Sebastián Kóša,-153175,FC Košice,FC Košice,https://cdn5.wyscout.com/photos/team/public/g-12653_120x120.png,Niké Liga,CB,CB,94,,0,,0,22,2003-09-13,0,2028-06-30,5,491,1,0.36,0,0.0,12.1,62.12,Slovakia,['Slovakia'],right,190,82,True,11.18,4.58,68.0,4.95,59.26,0.0,0.0,1.47,8.07,10.15,0.92,2,0.37,0,0.0,0.37,0.18,1,0.18,0.07,0,0.0,2,0.37,50.0,50.0,0.0,0.0,0.0,0.0,0.0,0.0,0.0,0.0,0.18,100.0,1.28,57.14,0.37,0.18,0.0,22.18,0.0,0.92,33.54,82.51,13.93,68.42,2.5700000000000003,92.86,28.59,91.67,4.95,29.63,20.72,40.85,0.0,0.0,0.0,0.18,0.0,0.0,0.0,4.95,59.26,0.18,0.0,0.0,0.0,0.0,0.0,4.4,70.83,94.37,13.01,0,,0,,0,0.0,0.0,0.0,,,1.83,,4.95,0.0,0.0,0.0,0.0,0,0
D. Kružliak,Dominik Kružliak,332118,FC Košice,FC Košice,https://cdn5.wyscout.com/photos/team/public/g-12653_120x120.png,Niké Liga,LCB3,LCB3,94,,0,,0,30,1996-07-10,400000,2027-06-30,5,491,0,1.33,0,0.01,10.45,56.14,Slovakia,['Slovakia'],right,185,79,False,7.33,4.22,47.83,4.58,68.0,0.0,0.0,0.73,5.32,6.69,1.47,0,0.0,0,0.0,0.73,0.0,0,0.0,0.24,0,0.0,6,1.1,50.0,0.0,0.0,0.37,0.0,0.37,0.0,0.0,0.0,0.37,0.18,100.0,1.28,42.86,1.65,0.0,0.18,24.2,0.55,0.37,35.74,81.03,16.31,75.28,3.67,85.0,30.06,85.98,5.32,58.62,18.49,33.55,0.0,0.18,0.0,0.0,0.0,0.0,0.0,4.22,65.22,0.18,0.0,0.0,0.0,0.0,0.0,6.42,71.43,92.19,11.73,0,,0,,0,0.0,0.0,0.0,,,2.2,,4.58,0.0,0.0,0.0,0.0,0,0
F. Lichy,Filip Lichy,513506,FC Košice,FC Košice,https://cdn5.wyscout.com/photos/team/public/g-12653_120x120.png,Niké Liga,"RCMF, DMF",RCMF,61,DMF,19,,0,25,2001-01-25,325000,2027-06-30,5,491,1,1.49,3,0.6900000000000001,8.62,42.55,Slovakia,['Slovakia'],right,187,67,False,4.77,3.48,47.37,1.47,25.0,0.37,0.46,0.18,2.75,3.46,0.55,0,0.0,0,0.0,2.2,0.18,1,0.18,0.27,0,0.0,14,2.5700000000000003,42.86,7.143,0.55,0.92,40.0,0.0,0.0,0.92,40.0,0.0,0.92,80.0,3.12,41.18,1.47,0.55,0.0,27.31,0.18,0.37,41.06,82.59,14.66,63.75,7.33,95.0,35.74,87.69,4.58,48.0,18.42,41.74,0.13,0.73,0.0,0.18,0.18,0.0,0.73,6.97,60.53,1.28,57.14,0.18,0.0,0.92,0.37,6.6,77.78,92.86,12.83,0,,0,,0,0.0,0.0,0.0,,,1.1,,1.47,0.37,0.37,50.0,0.0,0,0
M. Ujlaky,Marek Ujlaky,-252717,Spartak Trnava,Spartak Trnava,https://cdn5.wyscout.com/photos/team/public/1291_120x120.png,Niké Liga,LCB,LCB,100,,0,,0,22,2003-12-03,175000,2027-06-30,5,491,0,0.4,0,0.0,12.46,54.41,Slovakia,['Slovakia'],right,181,77,False,7.88,6.42,60.0,4.03,50.0,0.55,0.8200000000000001,0.73,3.48,5.18,1.1,0,0.0,0,0.0,0.37,0.0,0,0.0,0.07,0,0.0,2,0.37,0.0,0.0,0.0,0.18,100.0,0.0,0.0,0.18,100.0,0.0,0.18,100.0,1.83,50.0,0.55,0.37,0.37,34.64,0.55,1.1,49.67,85.61,18.33,74.0,2.38,100.0,44.18,88.8,5.5,60.0,21.98,39.04,0.0,0.0,0.0,0.0,0.0,0.0,0.0,6.97,76.32,0.18,100.0,0.0,0.0,0.18,0.0,7.33,57.5,95.56,24.75,0,,0,,0,0.0,0.0,0.0,,,1.1,,4.03,0.0,0.0,0.0,0.0,0,0
L. Skovajsa,Lukáš Skovajsa,250777,Trenčín,Trenčín,https://cdn5.wyscout.com/photos/team/public/3710_120x120.png,Niké Liga,LB,LB,100,,0,,0,32,1994-03-27,125000,2027-06-30,5,491,0,0.02,0,0.12,11.36,58.06,Slovakia,['Slovakia'],left,181,78,False,10.08,5.32,65.52,3.48,57.89,0.0,0.0,0.73,6.6,10.09,1.28,1,0.18,0,0.0,0.73,0.0,0,0.0,0.0,0,0.0,1,0.18,0.0,0.0,0.0,1.1,33.33,1.1,33.33,0.0,0.0,0.0,0.55,66.67,2.2,41.67,0.37,0.37,0.0,30.06,0.92,0.73,42.34,75.32,18.88,55.34,9.35,88.24,35.01,84.29,6.42,31.43,19.39,38.56,0.02,0.37,0.0,0.0,0.0,0.0,0.18,7.33,55.0,2.75,26.67,0.0,0.0,0.37,0.37,9.71,60.38,89.66,10.63,0,,0,,0,0.0,0.0,0.0,,,0.73,,3.48,0.0,0.0,0.0,0.0,0,0
I. Krajčírik,Ivan Krajčírik,478105,Ružomberok,Ružomberok,https://cdn5.wyscout.com/photos/team/public/1295_120x120.png,Niké Liga,GK,GK,100,,0,,0,26,2000-06-15,350000,2028-06-30,5,490,0,0.0,0,0.0,0.73,75.0,Slovakia,['Slovakia'],left,189,83,True,0.0,0.18,0.0,0.18,100.0,0.0,0.0,0.0,0.0,0.0,0.0,0,0.0,0,0.0,0.0,0.0,0,0.0,0.0,0,0.0,0,0.0,0.0,0.0,0.0,0.0,0.0,0.0,0.0,0.0,0.0,0.0,0.0,0.0,0.18,100.0,0.0,0.0,0.0,9.18,0.37,0.55,19.84,74.07,13.59,68.92,0.0,0.0,10.65,93.1,9.18,52.0,37.44,51.28,0.0,0.0,0.0,0.0,0.0,0.0,0.0,3.31,61.11,0.18,100.0,0.0,0.0,0.18,0.0,8.27,60.0,87.88,6.06,13,2.39,26,4.78,0,50.0,9.84,1.81,-3.16,-0.58,0.0,2.5700000000000003,0.18,,,,0.0,0,0
E. Mashike,Elvis Mashike Sukisa,316129,Zemplín Michalovce,Zemplín Michalovce,https://cdn5.wyscout.com/photos/team/public/g3237_120x120.png,Niké Liga,CF,CF,100,,0,,0,32,1994-06-06,300000,,6,490,0,0.9400000000000001,1,0.08,20.39,37.84,Congo DR,['Congo DR'],right,186,79,False,2.76,3.12,52.94,6.98,34.21,0.0,0.0,0.0,1.1,1.54,1.65,2,0.37,0,0.0,1.8399999999999999,0.0,0,0.0,0.17,0,0.0,9,1.65,44.44,0.0,0.18,0.55,0.0,0.18,0.0,0.37,0.0,0.0,1.1,66.67,7.9,32.56,1.47,0.92,0.0,9.0,1.8399999999999999,1.1,14.51,65.82,4.22,56.52,4.04,86.36,13.59,68.92,0.55,33.33,16.58,25.42,0.02,0.18,0.0,0.0,0.55,66.67,0.37,2.02,81.82,1.47,25.0,0.55,66.67,0.37,0.0,2.76,66.67,45.0,3.67,0,,0,,0,0.0,0.0,0.0,,,0.0,,6.98,0.0,0.0,0.0,0.0,0,0
D. Šipoš,Dávid Šipoš,446206,Žilina,Žilina,https://cdn5.wyscout.com/photos/team/public/1219_120x120.png,Niké Liga,GK,GK,100,,0,,0,28,1998-08-14,250000,2028-06-30,5,488,0,0.0,0,0.0,0.55,66.67,Slovakia,['Slovakia'],right,189,73,False,0.18,0.0,0.0,0.18,100.0,0.0,0.0,0.0,0.18,0.27,0.0,0,0.0,0,0.0,0.0,0.0,0,0.0,0.0,0,0.0,0,0.0,0.0,0.0,0.0,0.0,0.0,0.0,0.0,0.0,0.0,0.0,0.18,0.0,0.37,50.0,0.0,0.0,0.0,20.66,0.18,0.18,31.91,76.88,19.36,63.81,0.0,0.0,17.7,97.92,14.2,50.65,31.8,46.0,0.0,0.0,0.0,0.0,0.0,0.0,0.0,2.4,38.46,0.18,0.0,0.18,100.0,0.0,0.0,8.67,51.06,96.77,11.43,9,1.6600000000000001,23,4.24,1,60.87,6.43,1.19,-2.5700000000000003,-0.47400000000000003,0.0,1.8399999999999999,0.18,,,,0.0,0,0
A. Adewale,Alabi Toheeb Adewale,-197175,Dukla Banská Bystrica,Dukla Banská Bystrica,https://cdn5.wyscout.com/photos/team/public/g39880_120x120.png,Niké Liga,"LB, LWB",LB,71,LWB,28,,0,25,2001-01-03,0,2028-06-30,6,487,0,0.37,0,0.0,12.2,39.39,Nigeria,['Nigeria'],left,178,0,False,7.58,4.62,40.0,2.96,56.25,0.18,0.2,0.37,5.54,5.88,1.29,0,0.0,0,0.0,0.18,0.0,0,0.0,0.07,0,0.0,3,0.55,0.0,0.0,0.0,0.92,0.0,0.92,0.0,0.0,0.0,0.0,0.18,100.0,3.51,36.84,0.92,0.18,0.18,16.26,1.11,0.92,23.1,72.0,11.27,60.66,2.96,100.0,19.77,77.57,2.4,53.85,17.53,40.28,0.0,0.18,0.0,0.0,0.0,0.0,0.0,3.33,55.56,1.11,0.0,0.0,0.0,0.18,0.0,5.36,58.62,71.43,5.17,0,,0,,0,0.0,0.0,0.0,,,0.55,,2.96,0.0,0.0,0.0,0.0,0,0
A. Narimanidze,Aleksandre Narimanidze,-283852,Žilina,Žilina,https://cdn5.wyscout.com/photos/team/public/1219_120x120.png,Niké Liga,"LCB3, CB",LCB3,60,CB,39,,0,21,2005-07-03,0,2028-06-30,5,486,1,0.15,0,0.01,10.19,60.0,Georgia,['Georgia'],left,191,76,False,9.63,5.0,70.37,2.7800000000000002,60.0,0.19,0.28,0.56,5.93,8.81,0.93,3,0.56,0,0.0,0.19,0.19,1,0.19,0.03,1,0.19,2,0.37,50.0,50.0,0.0,0.19,0.0,0.19,0.0,0.0,0.0,0.0,0.0,0.0,1.11,33.33,0.74,1.11,0.0,42.04,0.74,0.0,54.63,86.44,23.15,75.2,3.15,94.12,48.33,92.72,6.11,39.39,19.98,45.86,0.0,0.19,0.0,0.0,0.0,0.0,0.0,6.11,54.55,1.11,16.67,0.0,0.0,0.19,0.19,8.15,65.91,97.52,22.41,0,,0,,0,0.0,0.0,0.0,,,0.37,,2.7800000000000002,0.0,0.0,0.0,0.0,0,0
Leandro,Leandro Filipe de Almeida Dornelles,-213448,DAC,DAC,https://cdn5.wyscout.com/photos/team/public/1224_120x120.png,Niké Liga,GK,GK,100,,0,,0,23,2003-01-26,125000,2028-06-30,5,484,0,0.0,0,0.0,0.0,0.0,Brazil,['Brazil'],right,193,89,False,0.74,0.0,0.0,0.0,0.0,0.0,0.0,0.0,0.74,1.33,0.0,0,0.0,0,0.0,0.0,0.0,0,0.0,0.0,0,0.0,0,0.0,0.0,0.0,0.0,0.0,0.0,0.0,0.0,0.0,0.0,0.0,0.0,0.0,0.0,0.0,0.0,0.0,0.0,20.64,0.56,0.0,33.29,89.94,14.5,82.05,0.56,100.0,24.17,99.23,9.11,65.31,29.44,47.34,0.0,0.0,0.0,0.0,0.0,0.0,0.0,1.8599999999999999,50.0,0.37,50.0,0.0,0.0,0.0,0.0,6.32,73.53,95.92,18.22,2,0.37,13,2.42,3,84.62,3.38,0.63,1.38,0.257,0.0,2.6,0.0,,,,0.0,0,0
R. Siler,Radek Siler,-566700,Podbrezová,Podbrezová,https://cdn5.wyscout.com/photos/team/public/g1984_120x120.png,Niké Liga,CF,CF,100,,0,,0,21,2004-09-10,0,,6,480,3,2.43,0,0.11,7.87,28.57,Czech Republic,['Czech Republic'],,0,0,False,2.25,1.69,22.22,1.88,30.0,0.0,0.0,0.56,1.88,2.44,0.56,2,0.38,0,0.0,0.9400000000000001,0.56,3,0.56,0.45,0,0.0,13,2.44,30.77,23.077,0.0,0.19,0.0,0.19,0.0,0.0,0.0,0.19,0.56,33.33,4.13,27.27,2.25,0.56,0.0,11.44,2.06,0.75,13.5,69.44,4.13,54.55,3.56,89.47,12.56,71.64,0.75,50.0,14.39,26.18,0.02,0.19,0.0,0.0,0.19,0.0,0.19,1.69,44.44,0.75,50.0,0.19,0.0,0.9400000000000001,0.0,1.13,66.67,64.29,2.63,0,,0,,0,0.0,0.0,0.0,,,0.0,,1.88,0.0,0.0,0.0,0.0,0,0
D. Köstl,Daniel Köstl,377499,Ružomberok,Ružomberok,https://cdn5.wyscout.com/photos/team/public/1295_120x120.png,Niké Liga,"RCB, CB",RCB,85,CB,14,,0,28,1998-05-23,400000,2027-05-31,5,480,0,1.21,2,0.22,11.81,58.73,Czech Republic,['Czech Republic'],right,189,88,False,6.75,2.63,71.43,6.19,66.67,0.19,0.26,0.9400000000000001,4.69,6.52,1.5,2,0.38,0,0.0,0.56,0.0,0,0.0,0.23,0,0.0,6,1.13,16.67,0.0,0.38,0.9400000000000001,20.0,0.38,50.0,0.56,0.0,0.0,0.19,100.0,0.9400000000000001,40.0,2.81,0.56,0.19,19.69,0.19,0.0,36.56,78.97,14.63,62.82,1.5,87.5,28.69,88.24,6.94,48.65,25.14,44.33,0.04,0.19,0.0,0.19,0.19,0.0,0.38,6.75,52.78,2.25,33.33,0.19,0.0,0.75,0.19,7.31,64.1,90.91,18.56,0,,0,,0,0.0,0.0,0.0,,,0.75,,6.19,0.19,0.0,0.0,0.0,0,0
M. Poom,Markus Poom,427805,Trenčín,Trenčín,https://cdn5.wyscout.com/photos/team/public/3710_120x120.png,Niké Liga,"DMF, LCMF3, RCMF3",DMF,73,LCMF3,10,RCMF3,10,27,1999-02-27,0,2027-06-30,5,479,1,0.08,0,1.52,5.07,59.26,Estonia,['Estonia'],left,186,72,False,5.26,2.63,71.43,1.69,44.44,0.0,0.0,0.19,3.38,5.19,0.56,0,0.0,0,0.0,0.75,0.19,1,0.19,0.02,0,0.0,4,0.75,50.0,25.0,0.0,1.13,33.33,0.38,0.0,0.75,50.0,0.19,0.0,0.0,0.38,50.0,0.0,0.38,0.0,24.61,0.19,0.19,39.08,81.73,10.9,56.9,5.64,93.33,33.26,87.01,4.7,56.0,21.87,40.64,0.29,1.88,0.0,0.0,0.0,0.0,0.19,5.26,60.71,1.88,40.0,0.0,0.0,0.38,0.38,5.64,70.0,92.31,19.54,0,,0,,0,0.0,0.0,0.0,,,1.13,,1.69,3.01,0.38,0.0,4.13,0,0
M. Madleňák,Matej Madleňák,468011,FC Košice,FC Košice,https://cdn5.wyscout.com/photos/team/public/g-12653_120x120.png,Niké Liga,LWB,LWB,94,,0,,0,27,1999-02-07,250000,2028-06-30,5,477,1,0.29,0,0.64,20.0,55.66,Slovakia,['Slovakia'],left,175,74,False,10.38,10.0,52.83,3.21,64.71,0.0,0.0,0.5700000000000001,5.09,6.38,3.02,1,0.19,0,0.0,2.08,0.19,1,0.19,0.05,1,0.19,4,0.75,50.0,25.0,0.0,2.08,45.45,2.08,45.45,0.0,0.0,0.0,0.75,100.0,5.09,51.85,3.58,1.32,0.0,22.64,1.51,0.9400000000000001,34.72,70.65,13.96,55.41,6.6,88.57,28.68,76.97,4.15,36.36,17.01,37.76,0.12,1.51,0.19,0.0,0.0,0.0,1.13,4.53,50.0,1.8900000000000001,60.0,0.38,50.0,2.26,1.13,6.23,63.64,73.33,5.66,0,,0,,0,0.0,0.0,0.0,,,0.19,,3.21,0.0,0.0,0.0,0.0,0,0
K. Koštrna,Kristián Koštrna,214649,Spartak Trnava,Spartak Trnava,https://cdn5.wyscout.com/photos/team/public/1291_120x120.png,Niké Liga,RB,RB,93,,0,,0,32,1993-12-15,350000,2027-06-30,5,477,0,0.28,1,0.58,11.13,55.93,Slovakia,['Slovakia'],right,178,75,False,6.79,5.28,50.0,1.13,50.0,0.0,0.0,0.19,4.15,6.29,0.9400000000000001,3,0.5700000000000001,0,0.0,1.8900000000000001,0.0,0,0.0,0.05,0,0.0,5,0.9400000000000001,0.0,0.0,0.19,4.53,25.0,0.0,0.0,4.53,25.0,0.75,0.9400000000000001,80.0,2.83,73.33,1.13,1.7000000000000002,0.19,33.21,1.8900000000000001,1.51,43.77,72.84,16.98,61.11,8.3,97.73,35.28,83.96,4.53,29.17,20.6,49.5,0.11,1.13,0.0,0.19,0.0,0.0,1.32,6.42,47.06,5.85,32.26,0.0,0.0,0.5700000000000001,1.32,8.68,58.7,67.74,11.7,0,,0,,0,0.0,0.0,0.0,,,1.13,,1.13,0.0,0.0,0.0,0.0,0,0
H. Pávek,Hugo Pávek,-283811,Trenčín,Trenčín,https://cdn5.wyscout.com/photos/team/public/3710_120x120.png,Niké Liga,"LCB, RB, DMF",LCB,45,RB,38,DMF,10,21,2005-06-02,0,2027-06-30,5,476,0,0.0,0,0.19,11.72,67.74,Slovakia,['Slovakia'],unknown,0,0,False,9.45,4.73,76.0,3.03,50.0,0.0,0.0,0.9500000000000001,5.86,8.94,0.19,1,0.19,0,0.0,1.32,0.0,0,0.0,0.0,0,0.0,0,0.0,0.0,0.0,0.0,1.7000000000000002,22.22,0.0,0.0,1.7000000000000002,22.22,0.38,1.32,71.43,3.7800000000000002,75.0,0.19,1.13,0.19,35.36,0.5700000000000001,1.51,49.16,82.31,18.53,71.43,5.86,96.77,41.6,88.64,6.05,56.25,21.66,38.95,0.04,0.19,0.0,0.0,0.0,0.0,0.19,3.9699999999999998,66.67,1.8900000000000001,40.0,0.19,100.0,0.5700000000000001,0.19,9.26,63.27,92.45,20.04,0,,0,,0,0.0,0.0,0.0,,,2.08,,3.03,0.0,0.0,0.0,0.0,0,0
S. Kozlovský,Samuel Kozlovský,440870,Slovan Bratislava,Slovan Bratislava,https://cdn5.wyscout.com/photos/team/public/1218_120x120.png,Niké Liga,LB,LB,100,,0,,0,26,1999-11-19,350000,2029-06-30,5,474,1,0.23,0,0.77,12.15,54.69,Slovakia,['Slovakia'],left,182,76,False,7.41,4.18,63.64,3.61,63.16,0.0,0.0,0.19,4.75,9.87,0.5700000000000001,0,0.0,0,0.0,1.9,0.19,1,0.19,0.04,0,0.0,2,0.38,50.0,50.0,0.0,1.71,55.56,1.52,50.0,0.19,100.0,0.19,0.76,75.0,3.61,36.84,1.1400000000000001,2.2800000000000002,0.0,52.97,3.23,0.19,65.51,86.67,22.97,71.9,14.05,97.3,59.81,90.79,4.5600000000000005,41.67,15.91,35.45,0.15,0.9500000000000001,0.0,0.0,0.38,50.0,0.38,5.7,73.33,2.09,36.36,0.38,50.0,0.76,0.5700000000000001,7.78,63.41,89.77,16.71,0,,0,,0,0.0,0.0,0.0,,,1.1400000000000001,,3.61,0.19,0.0,0.0,1.33,0,0
P. Volanakis,Polydefkis Volanakis,-192094,Zemplín Michalovce,Zemplín Michalovce,https://cdn5.wyscout.com/photos/team/public/g3237_120x120.png,Niké Liga,"LCB3, LCB",LCB3,79,LCB,20,,0,23,2003-04-25,0,2028-06-30,5,473,0,0.28,0,0.0,10.27,59.26,Greece,['Greece'],left,189,79,False,12.56,4.0,71.43,3.42,50.0,0.0,0.0,0.5700000000000001,9.7,12.34,0.5700000000000001,2,0.38,1,0.19,0.38,0.0,0,0.0,0.05,0,0.0,4,0.76,25.0,0.0,0.0,0.19,0.0,0.19,0.0,0.0,0.0,0.0,0.38,50.0,1.9,40.0,0.38,0.5700000000000001,0.0,27.78,0.19,0.19,41.48,73.39,20.55,57.41,3.04,93.75,32.35,83.53,8.94,38.3,24.01,42.51,0.0,0.0,0.19,0.0,0.0,0.0,0.0,8.75,52.17,1.33,0.0,0.0,0.0,0.19,0.0,9.89,57.69,91.67,13.7,0,,0,,0,0.0,0.0,0.0,,,2.2800000000000002,,3.42,0.38,0.19,0.0,0.0,0,0
K. Nemanič,Klemen Nemanič,268940,DAC,DAC,https://cdn5.wyscout.com/photos/team/public/1224_120x120.png,Niké Liga,LCB,LCB,100,,0,,0,29,1996-11-07,0,2028-06-30,5,472,0,0.5700000000000001,0,0.03,8.96,72.34,Slovenia,['Slovenia'],left,194,77,False,7.82,1.9100000000000001,90.0,4.19,77.27,0.38,0.68,1.33,5.72,10.23,0.19,0,0.0,0,0.0,1.33,0.0,0,0.0,0.11,0,0.0,4,0.76,50.0,0.0,0.0,0.19,100.0,0.19,100.0,0.0,0.0,0.0,1.33,57.14,2.29,41.67,0.9500000000000001,0.19,0.19,48.43,1.1400000000000001,0.38,61.59,90.4,20.59,76.85,3.24,94.12,57.58,93.05,3.81,50.0,21.16,41.58,0.01,0.19,0.38,0.0,0.0,0.0,0.0,6.29,66.67,0.5700000000000001,33.33,0.19,0.0,0.0,0.19,8.39,72.73,98.84,32.8,0,,0,,0,0.0,0.0,0.0,,,1.72,,4.19,0.0,0.0,0.0,0.0,0,0
T. Dzotsenidze,Tornike Dzotsenidze,463144,Zemplín Michalovce,Zemplín Michalovce,https://cdn5.wyscout.com/photos/team/public/g3237_120x120.png,Niké Liga,"CB, LCB, RCB",CB,59,LCB,20,RCB,20,26,1999-11-07,250000,2027-05-31,5,470,0,0.06,0,0.37,12.06,50.79,Georgia,['Georgia'],right,187,79,False,12.06,3.06,75.0,4.21,45.45,0.19,0.25,1.15,9.57,12.5,0.38,2,0.38,0,0.0,0.77,0.0,0,0.0,0.01,0,0.0,3,0.5700000000000001,0.0,0.0,0.0,0.96,40.0,0.38,0.0,0.5700000000000001,66.67,0.19,0.5700000000000001,33.33,3.26,35.29,0.19,0.77,0.19,35.43,0.0,1.53,55.72,83.51,20.3,68.87,4.4,95.65,47.68,89.96,7.09,45.95,20.32,42.05,0.07,0.77,0.0,0.0,0.19,100.0,0.96,6.7,60.0,1.9100000000000001,50.0,0.19,100.0,0.5700000000000001,0.5700000000000001,7.66,60.0,92.68,23.55,0,,0,,0,0.0,0.0,0.0,,,2.87,,4.21,0.19,0.19,0.0,0.0,0,0
R. Polievka,Róbert Polievka,348447,Dukla Banská Bystrica,Dukla Banská Bystrica,https://cdn5.wyscout.com/photos/team/public/g39880_120x120.png,Niké Liga,CF,CF,91,,0,,0,30,1996-06-09,1000000,2027-06-30,5,469,3,1.85,0,0.55,12.86,43.28,Slovakia,['Slovakia'],right,182,78,False,2.11,1.54,50.0,2.11,18.18,0.0,0.0,0.0,1.34,1.3900000000000001,0.58,1,0.19,0,0.0,4.03,0.58,3,0.58,0.35000000000000003,1,0.19,19,3.65,47.37,15.789,0.0,2.49,23.08,1.73,11.11,0.77,50.0,0.77,1.92,80.0,8.64,48.89,3.84,1.15,0.38,11.71,1.92,1.73,19.19,65.0,3.26,52.94,3.84,80.0,15.93,72.29,0.77,50.0,19.19,14.0,0.1,1.15,0.0,0.0,0.19,100.0,0.38,1.34,42.86,2.88,33.33,0.19,100.0,0.77,0.58,2.3,66.67,61.11,6.91,0,,0,,0,0.0,0.0,0.0,,,0.38,,2.11,0.77,0.19,0.0,2.88,0,0
O. Kakay,Osman Kakay,433527,FC Košice,FC Košice,https://cdn5.wyscout.com/photos/team/public/g-12653_120x120.png,Niké Liga,RWB,RWB,94,,0,,0,29,1997-08-25,500000,2027-06-30,5,468,2,1.67,0,0.36,18.65,47.42,England,"['England', 'Sierra Leone']",right,180,72,False,5.38,6.35,45.45,2.69,57.14,0.0,0.0,0.19,2.5,3.15,1.73,2,0.38,0,0.0,2.69,0.38,2,0.38,0.32,1,0.19,9,1.73,33.33,22.222,0.0,3.08,25.0,0.0,0.0,3.08,25.0,0.58,1.54,87.5,8.08,47.62,4.04,1.92,0.38,20.58,2.31,0.96,26.92,77.14,6.15,71.88,6.92,97.22,22.12,86.09,1.92,60.0,16.06,34.86,0.07,0.77,0.38,0.19,0.0,0.0,0.77,2.12,81.82,3.46,50.0,0.0,0.0,1.54,0.96,4.23,81.82,60.61,6.35,0,,0,,0,0.0,0.0,0.0,,,0.19,,2.69,0.0,0.0,0.0,0.0,0,0
J. Hladík,Jan Hladík,410835,Ružomberok,Ružomberok,https://cdn5.wyscout.com/photos/team/public/1295_120x120.png,Niké Liga,CF,CF,98,,0,,0,32,1993-09-21,175000,2028-05-31,6,468,1,1.44,0,0.62,15.77,39.02,Czech Republic,['Czech Republic'],right,186,77,False,2.5,2.31,41.67,3.27,41.18,0.0,0.0,0.0,1.54,1.98,0.77,1,0.19,0,0.0,2.69,0.19,1,0.19,0.28,0,0.0,6,1.15,50.0,16.667,0.0,2.31,25.0,0.96,40.0,1.35,14.29,0.58,2.5,61.54,8.65,37.78,4.23,1.15,0.0,11.73,2.88,1.15,19.42,69.31,4.42,52.17,6.15,84.38,16.15,77.38,1.15,50.0,15.75,17.55,0.12,0.96,0.19,0.0,0.0,0.0,1.15,1.35,71.43,2.12,63.64,0.0,0.0,1.35,0.77,3.85,65.0,60.87,4.42,0,,0,,0,0.0,0.0,0.0,,,0.38,,3.27,0.0,0.0,0.0,0.0,0,0
R. Križan,Richard Križan,445470,Trenčín,Trenčín,https://cdn5.wyscout.com/photos/team/public/3710_120x120.png,Niké Liga,RCB,RCB,100,,0,,0,28,1997-09-23,150000,2028-06-30,5,466,0,0.30000000000000004,0,0.09,10.24,54.72,Slovakia,['Slovakia'],right,190,87,False,7.92,4.44,47.83,3.86,70.0,0.19,0.29,1.74,5.6,8.53,1.16,1,0.19,0,0.0,0.19,0.0,0,0.0,0.06,0,0.0,2,0.39,50.0,0.0,0.0,0.0,0.0,0.0,0.0,0.0,0.0,0.0,0.0,0.0,1.16,66.67,0.58,0.0,0.0,34.18,0.58,0.58,45.19,94.02,15.26,88.61,4.06,100.0,42.3,96.8,2.9,53.33,21.44,39.68,0.02,0.58,0.0,0.0,0.0,0.0,0.0,3.09,75.0,0.0,0.0,0.0,0.0,0.0,0.0,4.44,69.57,97.3,21.44,0,,0,,0,0.0,0.0,0.0,,,3.48,,3.86,0.0,0.0,0.0,0.0,0,0
T. Hájovský,Tadeáš Hájovský,-283799,Trenčín,Trenčín,https://cdn5.wyscout.com/photos/team/public/3710_120x120.png,Niké Liga,"RCMF, RCMF3, DMF",RCMF,78,RCMF3,10,DMF,10,20,2005-09-30,0,2029-06-30,5,464,0,0.53,0,0.63,10.09,55.77,Slovakia,['Slovakia'],right,0,0,False,4.07,3.3,41.18,0.78,50.0,0.0,0.0,0.39,2.7199999999999998,4.16,1.16,0,0.0,0,0.0,1.16,0.0,0,0.0,0.1,0,0.0,6,1.16,16.67,0.0,0.0,1.94,40.0,0.39,0.0,1.55,50.0,0.0,0.19,100.0,5.43,67.86,0.97,1.16,0.19,22.69,0.58,3.1,30.84,81.13,12.03,70.97,4.46,95.65,27.16,87.86,1.75,22.22,18.15,42.06,0.12,0.78,0.0,0.0,0.0,0.0,0.58,5.43,67.86,1.94,40.0,0.0,0.0,0.0,0.78,4.46,69.57,81.97,11.83,0,,0,,0,0.0,0.0,0.0,,,0.39,,0.78,0.0,0.0,0.0,0.0,0,0
O. Luterán,Oliver Luterán,-170853,Ružomberok,Ružomberok,https://cdn5.wyscout.com/photos/team/public/1295_120x120.png,Niké Liga,"RB, RCMF, RCB",RB,43,RCMF,35,RCB,20,24,2001-09-06,400000,2027-05-31,5,458,0,0.81,0,0.0,13.56,69.57,Slovakia,['Slovakia'],right,179,73,False,10.02,5.9,73.33,3.34,70.59,0.2,0.24,0.79,5.5,6.83,0.59,0,0.0,0,0.0,1.38,0.0,0,0.0,0.16,0,0.0,7,1.38,28.57,0.0,0.0,1.57,37.5,0.2,100.0,1.38,28.57,0.39,0.39,100.0,2.95,60.0,1.77,0.59,0.0,22.6,0.59,1.97,32.42,69.7,14.34,52.05,4.32,90.91,23.97,79.51,7.07,41.67,22.91,41.23,0.0,0.0,0.0,0.0,0.0,0.0,0.0,8.45,53.49,1.77,33.33,0.0,0.0,0.2,0.59,7.47,68.42,89.58,9.43,0,,0,,0,0.0,0.0,0.0,,,0.39,,3.34,0.0,0.0,0.0,0.0,0,0
A. Ravas,Adam Ravas,-639008,Skalica,Skalica,https://cdn5.wyscout.com/photos/team/public/g24757_120x120.png,Niké Liga,"LCMF, AMF, CF",LCMF,58,AMF,26,CF,15,18,2007-11-25,0,,6,453,0,0.01,0,0.1,11.52,44.83,Slovakia,['Slovakia'],,0,0,False,5.36,4.37,59.09,2.38,33.33,0.0,0.0,0.0,2.7800000000000002,3.56,0.99,1,0.2,0,0.0,0.99,0.0,0,0.0,0.0,0,0.0,3,0.6000000000000001,0.0,0.0,0.0,1.5899999999999999,25.0,0.79,25.0,0.79,25.0,0.4,1.19,50.0,3.9699999999999998,40.0,1.3900000000000001,0.79,0.4,12.12,0.99,0.6000000000000001,24.83,74.4,7.55,76.32,5.17,80.77,21.66,79.82,1.5899999999999999,50.0,15.95,25.76,0.02,0.4,0.0,0.0,0.0,0.0,0.2,3.77,68.42,1.99,40.0,0.0,0.0,0.6000000000000001,0.4,4.37,63.64,67.57,7.35,0,,0,,0,0.0,0.0,0.0,,,0.2,,2.38,0.2,0.2,0.0,0.0,0,0
A. Krčík,Adam Krčík,411765,Komárno,Komárno,https://cdn5.wyscout.com/photos/team/public/g29815_120x120.png,Niké Liga,"RB, RWB",RB,65,RWB,34,,0,30,1996-03-16,200000,2027-06-30,6,451,0,0.41000000000000003,1,0.42,10.58,49.06,Slovakia,['Slovakia'],right,180,73,False,4.59,4.99,28.0,1.4,71.43,0.0,0.0,0.6000000000000001,3.19,4.29,1.0,1,0.2,0,0.0,1.0,0.0,0,0.0,0.08,0,0.0,3,0.6000000000000001,66.67,0.0,0.2,2.2,18.18,0.0,0.0,2.2,18.18,0.0,0.4,50.0,3.39,64.71,0.8,0.6000000000000001,0.0,26.74,1.0,1.4,33.92,77.65,11.77,64.41,8.38,95.24,29.14,86.3,2.79,35.71,16.16,25.5,0.08,0.2,0.0,0.0,0.0,0.0,0.2,4.19,57.14,3.39,35.29,0.0,0.0,1.0,0.2,5.79,75.86,69.44,7.18,0,,0,,0,0.0,0.0,0.0,,,1.0,,1.4,0.0,0.0,0.0,0.0,0,0
F. Bzdyl,Fabian Bzdyl,-556765,Žilina,Žilina,https://cdn5.wyscout.com/photos/team/public/1219_120x120.png,Niké Liga,"LCMF, RCMF",LCMF,84,RCMF,15,,0,18,2007-12-02,0,2028-06-30,6,445,1,0.5700000000000001,0,0.46,12.54,51.61,Poland,['Poland'],right,0,0,False,4.45,4.85,45.83,0.61,66.67,0.0,0.0,0.61,2.22,3.4,1.01,1,0.2,0,0.0,1.62,0.2,1,0.2,0.12,0,0.0,6,1.21,33.33,16.667,0.0,0.81,0.0,0.81,0.0,0.0,0.0,0.2,1.42,85.71,5.46,62.96,1.21,0.4,0.0,42.88,0.2,1.42,54.0,91.01,17.19,82.35,7.08,100.0,50.97,93.65,2.22,63.64,16.1,30.85,0.09,1.01,0.0,0.0,0.0,0.0,0.0,6.88,85.29,2.43,33.33,0.4,0.0,0.81,0.0,6.67,72.73,92.71,19.42,0,,0,,0,0.0,0.0,0.0,,,0.61,,0.61,0.0,0.0,0.0,3.64,0,0
L. Šimko,Lukáš Šimko,520704,Skalica,Skalica,https://cdn5.wyscout.com/photos/team/public/g24757_120x120.png,Niké Liga,"LW, LB, RAMF",LW,43,LB,38,RAMF,10,27,1999-06-30,150000,2027-06-30,6,445,1,0.81,1,0.68,13.75,47.06,Slovakia,['Slovakia'],right,178,73,False,7.08,6.27,51.61,2.63,46.15,0.2,0.26,0.4,3.64,4.66,0.81,1,0.2,0,0.0,0.81,0.2,1,0.2,0.16,0,0.0,3,0.61,33.33,33.333,0.2,1.62,37.5,1.62,37.5,0.0,0.0,0.0,0.81,0.0,3.84,36.84,2.43,0.4,0.2,16.99,0.61,1.01,24.88,69.92,9.71,68.75,3.03,80.0,19.62,78.35,3.84,42.11,17.56,40.82,0.14,0.2,0.0,0.0,0.0,0.0,0.4,4.25,52.38,1.62,37.5,0.0,0.0,0.4,0.4,4.65,73.91,64.1,7.89,0,,0,,0,0.0,0.0,0.0,,,0.4,,2.63,0.0,0.0,0.0,0.0,0,0
E. Sabo,Erik Sabo,136019,Spartak Trnava,Spartak Trnava,https://cdn5.wyscout.com/photos/team/public/1291_120x120.png,Niké Liga,RCB,RCB,96,,0,,0,34,1991-11-22,300000,2027-06-30,6,440,1,1.92,1,0.09,9.0,68.18,Slovakia,['Slovakia'],right,187,79,False,6.34,4.3,57.14,1.8399999999999999,77.78,0.41000000000000003,0.63,0.8200000000000001,3.48,5.31,0.8200000000000001,2,0.41000000000000003,0,0.0,1.23,0.2,0,0.0,0.39,0,0.0,6,1.23,33.33,16.667,0.2,0.8200000000000001,75.0,0.2,0.0,0.61,100.0,0.2,0.41000000000000003,50.0,2.45,83.33,0.61,0.41000000000000003,0.0,32.11,1.02,1.6400000000000001,46.64,88.6,19.64,81.25,3.07,100.0,40.09,92.35,5.93,65.52,24.53,38.12,0.02,0.41000000000000003,0.2,0.0,0.0,0.0,0.41000000000000003,6.75,81.82,1.23,66.67,0.2,0.0,0.41000000000000003,0.41000000000000003,9.0,72.73,93.68,19.43,0,,0,,0,0.0,0.0,0.0,,,2.45,,1.8399999999999999,0.41000000000000003,0.2,0.0,0.2,2,50
L. Khorkheli,Luka Khorkheli,-245755,Spartak Trnava,Spartak Trnava,https://cdn5.wyscout.com/photos/team/public/1291_120x120.png,Niké Liga,"AMF, CF, RAMF",AMF,60,CF,15,RAMF,12,26,2000-01-31,0,2028-06-30,6,426,1,1.53,1,0.87,16.27,48.05,Georgia,['Georgia'],,0,0,False,6.13,3.59,76.47,3.59,41.18,0.21,0.33,0.21,3.17,5.0,1.06,0,0.0,0,0.0,1.48,0.21,1,0.21,0.32,0,0.0,11,2.32,27.27,9.091,0.21,0.21,0.0,0.0,0.0,0.21,0.0,0.21,1.9,44.44,7.39,40.0,5.28,1.69,0.42,15.63,1.69,1.27,24.72,77.78,5.7,62.96,4.86,82.61,24.51,78.45,0.0,0.0,12.37,0.0,0.18,0.63,0.0,0.0,0.21,0.0,0.63,2.75,61.54,0.85,50.0,0.21,0.0,1.48,0.0,1.9,33.33,88.24,7.18,0,,0,,0,0.0,0.0,0.0,,,0.0,,3.59,0.0,0.0,0.0,0.0,0,0
F. Trello,Filip Trello,-447871,Spartak Trnava,Spartak Trnava,https://cdn5.wyscout.com/photos/team/public/1291_120x120.png,Niké Liga,"LAMF, AMF",LAMF,69,AMF,28,,0,19,2007-01-28,0,2030-06-30,6,425,2,0.65,1,1.23,18.42,40.23,Slovakia,['Slovakia'],right,0,0,False,5.72,5.29,60.0,2.12,10.0,0.0,0.0,0.0,2.54,3.79,0.85,0,0.0,0,0.0,3.81,0.42,2,0.42,0.14,0,0.0,6,1.27,66.67,33.333,0.21,2.33,36.36,2.12,30.0,0.21,100.0,0.0,4.45,47.62,10.16,39.58,4.02,2.12,0.0,24.35,1.9100000000000001,1.27,31.98,69.54,7.62,69.44,7.2,82.35,28.16,74.44,1.48,28.57,14.45,17.04,0.26,1.48,0.0,0.0,0.0,0.0,1.06,2.12,70.0,3.18,46.67,0.0,0.0,1.06,0.85,4.02,63.16,60.98,8.68,0,,0,,0,0.0,0.0,0.0,,,0.21,,2.12,0.0,0.0,0.0,0.85,0,0
Eynel Soares,Eynel Domingos Rocha Soares,-91367,Trenčín,Trenčín,https://cdn5.wyscout.com/photos/team/public/3710_120x120.png,Niké Liga,"LW, LWF, CF",LW,57,LWF,21,CF,17,27,1998-10-25,400000,2027-06-30,5,417,3,2.86,2,1.06,15.32,42.25,Cape Verde Islands,['Cape Verde Islands'],right,173,69,False,1.94,1.29,50.0,2.16,50.0,0.0,0.0,0.43,1.29,2.07,0.86,0,0.0,0,0.0,4.75,0.65,1,0.22,0.62,0,0.0,15,3.24,40.0,20.0,0.43,3.67,41.18,3.45,37.5,0.22,100.0,0.65,4.53,42.86,11.44,41.51,4.1,5.83,1.08,13.6,1.94,2.16,14.68,61.76,3.45,37.5,2.59,83.33,10.58,71.43,0.43,0.0,22.88,13.97,0.23,1.51,0.0,0.0,0.0,0.0,1.29,1.29,50.0,3.88,50.0,0.0,0.0,0.65,1.73,2.59,75.0,58.62,6.26,0,,0,,0,0.0,0.0,0.0,,,0.0,,2.16,0.0,0.0,0.0,0.0,2,100
P. Kováčik,Peter Kováčik,-242608,Podbrezová,Podbrezová,https://cdn5.wyscout.com/photos/team/public/g1984_120x120.png,Niké Liga,"RWB, LWB",RWB,86,LWB,13,,0,25,2000-12-01,0,2027-06-30,6,415,3,1.75,1,2.06,9.98,60.87,Slovakia,['Slovakia'],right,0,0,False,5.86,3.25,53.33,1.08,100.0,0.0,0.0,0.22,4.12,6.06,0.43,1,0.22,0,0.0,3.9,0.65,3,0.65,0.38,1,0.22,13,2.8200000000000003,38.46,23.077,0.22,4.34,30.0,1.3,33.33,3.04,28.57,1.3,2.17,70.0,5.2,62.5,4.77,2.39,0.0,29.06,1.08,2.17,35.78,70.91,10.84,72.0,8.24,92.11,29.71,78.1,1.9500000000000002,44.44,18.3,31.93,0.45,3.04,0.22,0.22,0.0,0.0,1.08,3.25,66.67,4.12,21.05,0.0,0.0,0.65,1.08,4.77,68.18,59.18,10.63,0,,0,,0,0.0,0.0,0.0,,,1.08,,1.08,1.08,0.22,0.0,4.34,0,0
Ž. Trontelj,Žan Trontelj,466621,DAC,DAC,https://cdn5.wyscout.com/photos/team/public/1224_120x120.png,Niké Liga,RB,RB,100,,0,,0,26,2000-01-21,350000,2027-06-30,5,412,0,0.09,0,0.47000000000000003,9.17,57.14,Slovenia,['Slovenia'],right,177,65,False,8.08,5.46,64.0,1.53,57.14,0.0,0.0,0.22,4.59,7.97,0.44,1,0.22,0,0.0,1.97,0.0,0,0.0,0.02,0,0.0,6,1.31,50.0,0.0,0.0,3.06,28.57,0.22,100.0,2.84,23.08,1.09,0.66,66.67,1.97,44.44,0.87,2.62,0.0,33.64,2.84,0.66,41.29,78.31,15.29,65.71,6.55,96.67,34.73,85.53,3.5,50.0,20.31,44.93,0.1,0.66,0.0,0.0,0.0,0.0,0.87,5.46,60.0,4.59,33.33,0.0,0.0,0.87,0.87,8.52,74.36,79.03,13.54,0,,0,,0,0.0,0.0,0.0,,,0.44,,1.53,0.44,0.22,100.0,0.44,0,0
D. Žák,Dominik Žák,-49080,Komárno,Komárno,https://cdn5.wyscout.com/photos/team/public/g29815_120x120.png,Niké Liga,"RCMF, LCMF, CF",RCMF,39,LCMF,26,CF,12,26,2000-04-30,0,,6,409,1,1.56,2,0.32,14.74,61.19,Czech Republic,['Czech Republic'],right,183,77,False,7.7,8.14,54.05,1.76,75.0,0.0,0.0,0.0,3.3,4.79,2.42,1,0.22,0,0.0,2.64,0.22,0,0.0,0.34,0,0.0,7,1.54,71.43,14.286,0.44,1.32,33.33,0.66,66.67,0.66,0.0,0.22,0.88,100.0,3.96,66.67,1.98,1.1,0.0,40.27,1.76,1.76,48.41,86.36,13.64,79.03,10.56,93.75,43.57,87.88,3.74,88.24,16.76,30.16,0.07,0.66,0.0,0.22,0.22,100.0,0.88,7.26,84.85,3.08,57.14,0.22,100.0,1.54,0.44,8.14,89.19,87.5,15.84,0,,0,,0,0.0,0.0,0.0,,,0.66,,1.76,0.66,0.22,0.0,0.0,1,100
D. Richtárech,Dávid Richtárech,380235,Dukla Banská Bystrica,Dukla Banská Bystrica,https://cdn5.wyscout.com/photos/team/public/g39880_120x120.png,Niké Liga,"DMF, LCMF, RDMF",DMF,36,LCMF,29,RDMF,16,30,1996-04-22,200000,2027-06-30,6,409,0,0.15,0,0.1,10.12,47.83,Slovakia,['Slovakia'],right,172,72,False,6.38,4.84,50.0,0.22,100.0,0.0,0.0,0.0,3.96,4.29,0.66,0,0.0,0,0.0,1.32,0.0,0,0.0,0.03,0,0.0,6,1.32,0.0,0.0,0.0,0.88,25.0,0.22,100.0,0.66,0.0,0.0,1.32,83.33,3.96,50.0,0.44,0.44,0.0,19.58,0.44,0.66,30.81,78.57,10.12,71.74,5.28,91.67,27.07,80.49,2.86,76.92,17.84,29.49,0.02,0.22,0.0,0.0,0.0,0.0,0.66,5.28,79.17,1.98,33.33,0.0,0.0,0.22,0.22,6.38,68.97,83.33,9.24,0,,0,,0,0.0,0.0,0.0,,,0.22,,0.22,0.0,0.0,0.0,0.0,0,0
L. Nonikashvili,Levan Nonikashvili,415544,Skalica,Skalica,https://cdn5.wyscout.com/photos/team/public/g24757_120x120.png,Niké Liga,"LW, RCMF, AMF",LW,38,RCMF,23,AMF,18,31,1995-04-05,125000,2028-06-30,6,409,3,0.9500000000000001,0,0.93,19.58,50.56,Georgia,['Georgia'],right,175,64,False,6.82,6.38,58.62,2.64,41.67,0.0,0.0,0.0,3.08,3.96,1.98,0,0.0,0,0.0,3.08,0.66,3,0.66,0.21,1,0.22,11,2.42,45.45,27.273,0.0,1.32,66.67,0.44,100.0,0.88,50.0,0.22,1.32,66.67,7.7,51.43,2.42,1.1,0.44,18.26,1.1,2.64,29.27,75.94,9.24,61.9,5.94,92.59,26.85,76.23,1.1,80.0,14.05,30.68,0.21,1.1,0.22,0.0,0.22,100.0,1.1,4.18,52.63,1.98,55.56,0.44,50.0,0.88,0.88,4.4,65.0,78.95,8.36,0,,0,,0,0.0,0.0,0.0,,,0.0,,2.64,0.44,0.0,0.0,0.88,0,0
J. Sylvestr,Jakub Sylvestr,38104,Komárno,Komárno,https://cdn5.wyscout.com/photos/team/public/g29815_120x120.png,Niké Liga,CF,CF,100,,0,,0,37,1989-02-02,50000,2027-06-30,6,407,1,1.6600000000000001,1,0.32,13.49,34.43,Slovakia,['Slovakia'],right,178,72,False,3.54,2.65,58.33,4.64,28.57,0.0,0.0,0.22,1.99,3.07,1.33,0,0.0,0,0.0,1.33,0.22,1,0.22,0.37,0,0.0,11,2.43,36.36,9.091,0.22,0.22,100.0,0.22,100.0,0.0,0.0,0.0,0.44,50.0,3.1,28.57,3.76,0.22,0.22,14.59,2.43,0.66,19.9,77.78,4.42,60.0,5.97,92.59,19.02,79.07,0.66,33.33,13.62,18.8,0.07,0.66,0.22,0.0,0.0,0.0,0.66,2.21,70.0,1.11,60.0,0.0,0.0,0.22,0.22,2.65,75.0,76.19,4.64,0,,0,,0,0.0,0.0,0.0,,,0.22,,4.64,0.0,0.0,0.0,0.0,0,0
S. Šmehyl,Šimon Šmehyl,154535,Komárno,Komárno,https://cdn5.wyscout.com/photos/team/public/g29815_120x120.png,Niké Liga,"LB, RW, RCB3",LB,39,RW,26,RCB3,15,32,1994-02-09,125000,2027-06-30,5,407,0,0.63,0,1.92,5.97,37.04,Slovakia,['Slovakia'],right,175,73,False,3.98,2.65,16.67,0.88,25.0,0.0,0.0,0.44,3.54,4.9,1.55,0,0.0,0,0.0,2.87,0.0,0,0.0,0.14,0,0.0,6,1.33,33.33,0.0,0.0,3.32,53.33,2.21,60.0,1.11,40.0,0.66,0.66,100.0,1.77,62.5,2.21,0.88,0.0,28.75,2.21,0.44,34.94,73.42,11.72,56.6,7.08,84.38,28.3,78.91,3.32,46.67,17.48,33.98,0.42,2.87,0.22,0.0,0.0,0.0,0.88,3.32,66.67,4.2,47.37,0.0,0.0,0.88,1.99,7.3,75.76,78.26,10.17,0,,0,,0,0.0,0.0,0.0,,,1.11,,0.88,1.55,0.0,0.0,5.09,0,0
V. Hranoš,Vojtěch Hranoš,-268584,Ružomberok,Ružomberok,https://cdn5.wyscout.com/photos/team/public/1295_120x120.png,Niké Liga,"LW, CF, LCMF3",LW,53,CF,18,LCMF3,16,20,2006-05-08,0,,5,404,1,1.69,0,0.0,12.92,48.28,Czech Republic,['Czech Republic'],right,185,0,False,2.45,3.12,28.57,3.79,70.59,0.0,0.0,0.0,1.56,2.04,1.56,2,0.45,1,0.22,1.34,0.22,1,0.22,0.38,0,0.0,10,2.23,20.0,10.0,0.0,1.78,0.0,1.34,0.0,0.45,0.0,0.45,1.11,80.0,5.12,47.83,3.56,1.11,0.0,10.02,2.45,0.89,14.26,51.56,4.46,45.0,2.9,69.23,12.03,59.26,0.67,33.33,14.9,12.78,0.0,0.22,0.0,0.0,0.0,0.0,0.0,1.34,33.33,2.67,0.0,0.0,0.0,0.45,0.0,1.78,62.5,35.29,3.79,0,,0,,0,0.0,0.0,0.0,,,0.0,,3.79,0.0,0.0,0.0,0.0,0,0
A. Masaryk,Andy Masaryk,-268607,Komárno,Komárno,https://cdn5.wyscout.com/photos/team/public/g29815_120x120.png,Niké Liga,"RWF, AMF, LW",RWF,30,AMF,15,LW,15,21,2005-04-07,0,2029-06-30,5,400,1,1.3,0,0.67,16.88,45.33,Slovakia,['Slovakia'],right,0,0,False,8.55,6.3,60.71,1.58,28.57,0.0,0.0,0.23,4.73,6.3,1.8,3,0.68,0,0.0,1.13,0.23,1,0.23,0.29,0,0.0,7,1.58,42.86,14.286,0.0,0.45,0.0,0.0,0.0,0.45,0.0,0.23,2.03,22.22,6.75,36.67,4.5,1.8,0.0,13.95,1.58,0.45,15.98,70.42,2.48,27.27,4.95,90.91,15.08,74.63,0.45,0.0,14.63,6.51,0.15,0.68,0.0,0.45,0.23,0.0,0.68,1.35,50.0,1.13,60.0,0.45,0.0,1.35,0.0,2.25,60.0,86.36,4.95,0,,0,,0,0.0,0.0,0.0,,,0.0,,1.58,0.0,0.0,0.0,0.0,0,0
D. Bariš,Damián Bariš,301665,Skalica,Skalica,https://cdn5.wyscout.com/photos/team/public/g24757_120x120.png,Niké Liga,"RCMF, RDMF, DMF",RCMF,56,RDMF,18,DMF,17,31,1994-12-09,275000,2028-06-30,5,399,0,0.34,0,0.37,9.47,45.24,Slovakia,['Slovakia'],right,178,74,False,6.99,5.86,53.85,0.45,0.0,0.0,0.0,0.45,3.83,5.48,1.8,2,0.45,1,0.23,0.9,0.0,0,0.0,0.08,0,0.0,2,0.45,50.0,0.0,0.0,1.58,28.57,1.13,20.0,0.45,50.0,0.23,0.23,100.0,2.26,10.0,0.9,0.0,0.0,15.34,0.0,0.0,29.1,80.62,9.02,67.5,5.64,96.0,25.26,87.5,2.48,45.45,17.52,33.86,0.08,0.68,0.0,0.0,0.0,0.0,0.0,2.71,58.33,2.48,18.18,0.0,0.0,0.0,0.45,3.61,62.5,80.0,10.15,0,,0,,0,0.0,0.0,0.0,,,0.68,,0.45,0.68,0.0,0.0,4.06,0,0
K. Palumets,Kevor Palumets,-174443,FC Košice,FC Košice,https://cdn5.wyscout.com/photos/team/public/g-12653_120x120.png,Niké Liga,"AMF, RCMF3",AMF,62,RCMF3,20,,0,23,2002-11-21,200000,2028-06-30,5,397,2,0.48,1,0.91,9.29,43.9,Estonia,['Estonia'],left,187,75,False,4.76,3.85,58.82,1.5899999999999999,42.86,0.0,0.0,0.45,2.49,3.11,0.68,0,0.0,0,0.0,1.13,0.45,2,0.45,0.11,0,0.0,5,1.13,60.0,40.0,0.23,0.68,33.33,0.45,50.0,0.23,0.0,0.23,0.68,33.33,2.95,23.08,2.7199999999999998,0.68,0.0,24.48,0.68,0.68,35.37,74.36,11.79,55.77,9.07,97.5,31.74,82.14,2.95,0.0,14.48,42.55,0.21,1.3599999999999999,0.23,0.45,0.0,0.0,0.91,4.99,45.45,2.04,44.44,0.0,0.0,0.91,0.23,3.17,64.29,73.08,5.89,0,,0,,0,0.0,0.0,0.0,,,0.68,,1.5899999999999999,1.3599999999999999,0.23,100.0,3.63,0,0
G. Gagua,Giorgi Gagua,518084,DAC,DAC,https://cdn5.wyscout.com/photos/team/public/1224_120x120.png,Niké Liga,"AMF, CF",AMF,52,CF,47,,0,24,2001-10-10,250000,2028-06-30,5,392,2,0.33,4,1.23,20.43,49.44,Georgia,['Georgia'],right,193,78,False,4.82,5.74,52.0,2.07,44.44,0.0,0.0,0.23,1.8399999999999999,3.2,1.6099999999999999,0,0.0,0,0.0,1.8399999999999999,0.46,2,0.46,0.08,0,0.0,5,1.15,40.0,40.0,0.92,0.46,0.0,0.46,0.0,0.0,0.0,0.23,1.38,83.33,10.79,51.06,4.82,2.5300000000000002,0.46,25.26,1.15,3.67,32.83,75.52,10.56,63.04,6.89,93.33,30.54,78.2,1.8399999999999999,50.0,14.9,24.31,0.28,2.3,0.46,0.0,0.23,100.0,1.6099999999999999,2.76,83.33,5.28,56.52,0.46,50.0,2.98,0.0,4.36,84.21,79.41,7.8100000000000005,0,,0,,0,0.0,0.0,0.0,,,0.23,,2.07,0.0,0.0,0.0,0.0,0,0
M. Šimko,Martin Šimko,387247,Komárno,Komárno,https://cdn5.wyscout.com/photos/team/public/g29815_120x120.png,Niké Liga,"LCB, LCB3",LCB,51,LCB3,37,,0,28,1998-05-24,225000,2027-06-30,4,391,0,0.5,0,0.33,9.44,51.22,Slovakia,['Slovakia'],right,185,0,False,6.91,2.07,44.44,5.29,56.52,0.0,0.0,1.38,5.98,8.21,0.6900000000000001,1,0.23,0,0.0,0.46,0.0,0,0.0,0.11,0,0.0,3,0.6900000000000001,33.33,0.0,0.0,0.23,100.0,0.23,100.0,0.0,0.0,0.23,0.0,0.0,0.6900000000000001,66.67,1.15,0.23,0.0,35.22,0.92,0.46,47.42,88.83,21.41,78.49,4.6,100.0,43.5,92.59,3.68,43.75,20.19,39.94,0.08,0.23,0.0,0.0,0.0,0.0,0.23,3.68,62.5,0.6900000000000001,33.33,0.0,0.0,0.23,0.23,5.98,61.54,98.77,18.64,0,,0,,0,0.0,0.0,0.0,,,3.68,,5.29,0.0,0.0,0.0,0.0,0,0
K. Wimmer,Kevin Wimmer,146650,Slovan Bratislava,Slovan Bratislava,https://cdn5.wyscout.com/photos/team/public/1218_120x120.png,Niké Liga,LCB,LCB,100,,0,,0,33,1992-11-15,650000,2027-06-30,5,390,0,0.88,0,0.2,7.15,58.06,Austria,['Austria'],left,187,85,False,4.62,3.0,53.85,1.62,85.71,0.0,0.0,0.0,3.0,6.09,0.6900000000000001,0,0.0,0,0.0,0.6900000000000001,0.0,0,0.0,0.2,0,0.0,2,0.46,0.0,0.0,0.0,0.92,50.0,0.92,50.0,0.0,0.0,0.46,0.23,100.0,1.62,57.14,0.92,1.62,0.0,72.23,0.6900000000000001,0.92,91.85,90.7,34.15,81.76,2.77,100.0,80.54,95.42,10.38,57.78,21.71,43.98,0.05,0.23,0.0,0.0,0.0,0.0,0.23,15.0,80.0,3.46,53.33,0.0,0.0,1.85,0.46,14.08,75.41,97.55,47.08,0,,0,,0,0.0,0.0,0.0,,,0.92,,1.62,0.0,0.0,0.0,0.0,0,0
M. Trusa,Matej Trusa,-116323,DAC,DAC,https://cdn5.wyscout.com/photos/team/public/1224_120x120.png,Niké Liga,CF,CF,100,,0,,0,25,2000-11-29,0,2027-06-30,5,390,5,3.98,0,0.14,14.08,39.34,Slovakia,['Slovakia'],right,186,80,False,3.46,3.92,47.06,3.69,25.0,0.0,0.0,0.0,1.62,2.8,2.31,0,0.0,0,0.0,2.54,1.15,4,0.92,0.92,0,0.0,19,4.38,52.63,26.316,0.0,0.46,0.0,0.0,0.0,0.46,0.0,0.0,0.23,100.0,4.15,50.0,5.31,1.62,0.0,15.69,2.77,1.38,16.15,78.57,1.62,57.14,4.62,90.0,14.31,80.65,1.38,83.33,14.27,22.8,0.03,0.46,0.23,0.0,0.0,0.0,0.23,0.92,75.0,0.6900000000000001,33.33,0.0,0.0,0.46,0.0,1.62,71.43,83.33,5.54,0,,0,,0,0.0,0.0,0.0,,,0.0,,3.69,0.0,0.0,0.0,0.0,1,100
R. Paraj,René Paraj,302908,Podbrezová,Podbrezová,https://cdn5.wyscout.com/photos/team/public/g1984_120x120.png,Niké Liga,"RCMF, DMF, RCMF3",RCMF,37,DMF,32,RCMF3,16,34,1992-08-04,200000,2027-06-30,6,387,0,0.53,0,0.06,15.12,52.31,Slovakia,['Slovakia'],right,187,80,False,8.14,7.44,43.75,3.7199999999999998,43.75,0.23,0.34,0.47000000000000003,4.65,6.74,3.49,1,0.23,0,0.0,1.16,0.0,0,0.0,0.12,0,0.0,4,0.93,25.0,0.0,0.0,0.93,50.0,0.23,0.0,0.7000000000000001,66.67,0.0,0.47000000000000003,100.0,3.26,78.57,1.63,0.47000000000000003,0.23,22.33,0.47000000000000003,2.09,32.33,82.73,13.49,70.69,5.35,100.0,28.6,86.18,2.79,58.33,18.47,38.48,0.02,0.47000000000000003,0.23,0.0,0.47000000000000003,0.0,0.47000000000000003,7.21,77.42,2.56,54.55,0.47000000000000003,0.0,0.7000000000000001,0.47000000000000003,8.84,71.05,89.47,8.84,0,,0,,0,0.0,0.0,0.0,,,0.7000000000000001,,3.7199999999999998,0.0,0.0,0.0,0.0,0,0
L. Mikulaj,Lukáš Mikulaj,-379180,Trenčín,Trenčín,https://cdn5.wyscout.com/photos/team/public/3710_120x120.png,Niké Liga,"LCMF, CF, LCMF3",LCMF,68,CF,15,LCMF3,12,21,2005-04-11,0,2029-06-30,4,386,1,1.12,0,0.15,16.09,40.58,Slovakia,['Slovakia'],,190,82,False,3.03,2.8,41.67,6.53,50.0,0.0,0.0,0.23,1.87,2.79,1.63,2,0.47000000000000003,1,0.23,0.47000000000000003,0.23,1,0.23,0.26,1,0.23,7,1.63,28.57,14.286,0.0,0.0,0.0,0.0,0.0,0.0,0.0,0.0,0.47000000000000003,0.0,4.9,33.33,1.87,0.0,0.0,12.36,0.93,1.17,19.35,83.13,6.99,73.33,4.43,89.47,17.95,85.71,1.4,50.0,15.34,32.44,0.03,0.47000000000000003,0.0,0.0,0.0,0.0,0.47000000000000003,3.26,92.86,0.7000000000000001,66.67,0.0,0.0,0.7000000000000001,0.0,3.03,69.23,84.21,4.43,0,,0,,0,0.0,0.0,0.0,,,0.23,,6.53,0.0,0.0,0.0,0.0,0,0
R. Szánthó,Regő Szánthó,522065,Dukla Banská Bystrica,Dukla Banská Bystrica,https://cdn5.wyscout.com/photos/team/public/g39880_120x120.png,Niké Liga,"AMF, RW, LAMF",AMF,19,RW,17,LAMF,17,25,2000-11-22,250000,,6,382,2,1.5,1,0.6000000000000001,14.14,36.67,Hungary,['Hungary'],left,186,77,False,3.06,4.71,40.0,1.88,50.0,0.0,0.0,0.0,1.18,1.3,0.9400000000000001,1,0.24,0,0.0,1.88,0.47000000000000003,1,0.24,0.35000000000000003,0,0.0,10,2.36,30.0,20.0,0.24,2.59,45.45,1.18,80.0,1.4100000000000001,16.67,0.0,0.71,0.0,6.13,30.77,1.88,0.9400000000000001,0.71,18.14,0.71,0.9400000000000001,24.97,77.36,6.6,64.29,5.89,92.0,20.26,83.72,2.36,50.0,20.03,39.4,0.14,1.18,0.0,0.0,0.0,0.0,0.9400000000000001,2.83,58.33,2.12,66.67,0.0,0.0,1.18,1.4100000000000001,3.06,76.92,82.14,6.6,0,,0,,0,0.0,0.0,0.0,,,0.47000000000000003,,1.88,1.18,0.71,33.33,3.06,1,100
D. Ignatenko,Danylo Ignatenko,402444,Slovan Bratislava,Slovan Bratislava,https://cdn5.wyscout.com/photos/team/public/1218_120x120.png,Niké Liga,DMF,DMF,98,,0,,0,29,1997-03-13,0,2027-06-30,4,382,0,0.52,0,0.53,11.31,58.33,Ukraine,['Ukraine'],right,189,84,False,4.48,3.3,57.14,4.01,70.59,0.0,0.0,0.24,2.59,5.24,1.4100000000000001,3,0.71,0,0.0,0.71,0.0,0,0.0,0.12,0,0.0,6,1.4100000000000001,16.67,0.0,0.0,0.71,66.67,0.24,0.0,0.47000000000000003,100.0,0.24,0.0,0.0,2.36,60.0,1.65,0.24,0.0,54.19,0.47000000000000003,1.18,67.15,90.88,14.84,76.19,8.72,97.3,63.14,93.66,3.3,42.86,19.49,29.19,0.13,0.71,0.0,0.0,0.0,0.0,0.47000000000000003,5.65,79.17,1.88,37.5,0.47000000000000003,50.0,0.24,0.47000000000000003,5.65,79.17,96.77,36.52,0,,0,,0,0.0,0.0,0.0,,,1.65,,4.01,0.24,0.24,0.0,0.0,0,0
D. Špiriak,Dominik Špiriak,427707,Komárno,Komárno,https://cdn5.wyscout.com/photos/team/public/g29815_120x120.png,Niké Liga,"RCB3, LCB, LCB3",RCB3,44,LCB,29,LCB3,25,27,1999-03-22,200000,,5,381,0,0.0,0,0.0,14.17,53.33,Slovakia,['Slovakia'],right,184,71,False,9.69,7.8,48.48,2.83,66.67,0.47000000000000003,0.67,0.9400000000000001,5.43,7.67,2.36,3,0.71,0,0.0,0.47000000000000003,0.0,0,0.0,0.0,0,0.0,0,0.0,0.0,0.0,0.0,0.71,66.67,0.47000000000000003,50.0,0.24,100.0,0.0,0.24,0.0,2.6,54.55,0.24,0.9400000000000001,0.0,36.38,1.18,1.42,51.26,82.95,20.08,65.88,4.25,100.0,45.83,87.63,4.72,40.0,19.4,33.4,0.0,0.0,0.0,0.0,0.0,0.0,0.0,6.85,55.17,1.65,42.86,0.0,0.0,0.24,0.24,8.5,61.11,96.51,20.31,0,,0,,0,0.0,0.0,0.0,,,3.07,,2.83,0.0,0.0,0.0,0.0,0,0
F. Kiss,Filip Kiss,83751,Komárno,Komárno,https://cdn5.wyscout.com/photos/team/public/g29815_120x120.png,Niké Liga,"RCMF, CB, LCMF",RCMF,45,CB,20,LCMF,13,35,1990-10-13,500000,2027-06-30,6,378,0,1.55,0,0.31,13.33,67.86,Slovakia,['Slovakia'],both,186,75,False,8.81,6.43,62.96,2.86,83.33,0.24,0.32,0.24,4.52,6.0,1.9,1,0.24,0,0.0,0.48,0.0,0,0.0,0.37,0,0.0,7,1.67,14.29,0.0,0.0,0.71,0.0,0.48,0.0,0.24,0.0,0.0,0.24,100.0,2.62,63.64,2.86,0.48,0.24,36.19,0.48,1.19,49.05,90.78,15.0,79.37,7.62,96.88,45.48,92.15,2.86,91.67,19.03,32.64,0.07,0.24,0.24,0.0,0.0,0.0,0.48,4.29,83.33,1.43,33.33,0.0,0.0,0.24,0.0,5.71,79.17,96.43,20.0,0,,0,,0,0.0,0.0,0.0,,,1.67,,2.86,0.0,0.0,0.0,0.0,0,0
T. Marusin,Tomas Marusin,-268608,Ružomberok,Ružomberok,https://cdn5.wyscout.com/photos/team/public/1295_120x120.png,Niké Liga,"LCB, LCB3",LCB,73,LCB3,18,,0,21,2005-02-19,0,,6,378,0,0.43,0,0.0,8.57,47.22,Slovakia,['Slovakia'],unknown,0,0,False,5.48,3.5700000000000003,60.0,3.81,31.25,0.0,0.0,0.0,3.33,4.67,0.9500000000000001,1,0.24,0,0.0,0.48,0.0,0,0.0,0.1,0,0.0,2,0.48,100.0,0.0,0.0,0.24,0.0,0.0,0.0,0.24,0.0,0.0,0.0,0.0,0.71,66.67,0.9500000000000001,0.0,0.24,21.43,0.48,0.48,35.71,84.67,16.43,72.46,2.62,90.91,28.33,94.12,7.14,50.0,19.32,32.89,0.0,0.0,0.0,0.0,0.0,0.0,0.0,6.67,64.29,0.71,0.0,0.0,0.0,0.0,0.0,5.48,78.26,98.31,14.05,0,,0,,0,0.0,0.0,0.0,,,1.67,,3.81,0.0,0.0,0.0,0.0,0,0
A. Popović,Aleksandar Popović,427723,Slovan Bratislava,Slovan Bratislava,https://cdn5.wyscout.com/photos/team/public/1218_120x120.png,Niké Liga,GK,GK,100,,0,,0,26,1999-09-27,0,2029-06-30,4,378,0,0.0,0,0.0,0.0,0.0,Serbia,['Serbia'],right,190,83,False,0.48,0.0,0.0,0.0,0.0,0.0,0.0,0.0,0.48,1.03,0.0,0,0.0,0,0.0,0.0,0.0,0,0.0,0.0,0,0.0,0,0.0,0.0,0.0,0.0,0.0,0.0,0.0,0.0,0.0,0.0,0.0,0.0,0.0,0.0,0.0,0.0,0.0,0.0,27.38,0.71,0.0,35.71,86.67,13.57,68.42,0.0,0.0,26.43,99.1,9.29,51.28,27.46,42.22,0.0,0.0,0.0,0.0,0.0,0.0,0.0,2.14,11.11,0.48,0.0,0.0,0.0,0.0,0.0,5.71,50.0,98.82,20.24,3,0.71,13,3.1,2,76.92,3.3,0.79,0.30000000000000004,0.07100000000000001,0.0,1.43,0.0,,,,0.0,0,0
S. Lavrinčík,Samuel Lavrinčík,513490,Ružomberok,Ružomberok,https://cdn5.wyscout.com/photos/team/public/1295_120x120.png,Niké Liga,"RCMF, LCMF, RCMF3",RCMF,47,LCMF,27,RCMF3,22,25,2001-07-10,400000,,4,375,0,0.49,0,0.16,11.52,45.83,Slovakia,['Slovakia'],right,178,74,True,3.36,4.32,44.44,1.6800000000000002,42.86,0.24,0.30000000000000004,0.0,1.2,1.49,1.92,2,0.48,0,0.0,1.2,0.0,0,0.0,0.12,0,0.0,5,1.2,0.0,0.0,0.0,1.44,50.0,0.24,100.0,1.2,40.0,0.24,0.48,100.0,4.5600000000000005,52.63,0.48,0.24,0.0,19.68,0.96,1.92,32.64,86.76,11.28,72.34,6.24,92.31,26.88,91.07,4.5600000000000005,73.68,19.08,41.78,0.04,0.72,0.0,0.0,0.0,0.0,0.48,6.48,74.07,2.16,55.56,0.24,0.0,0.48,0.72,6.0,88.0,95.24,10.08,0,,0,,0,0.0,0.0,0.0,,,0.48,,1.6800000000000002,0.24,0.0,0.0,0.24,0,0
D. Matsuoka,Daiki Matsuoka,-80749,Slovan Bratislava,Slovan Bratislava,https://cdn5.wyscout.com/photos/team/public/1218_120x120.png,Niké Liga,"RCMF, RB, LCMF",RCMF,66,RB,15,LCMF,13,25,2001-06-01,700000,2028-06-30,5,375,2,1.44,1,0.52,13.68,63.16,Japan,['Japan'],right,172,68,False,6.72,6.72,67.86,1.92,75.0,0.0,0.0,0.48,2.16,4.35,1.6800000000000002,0,0.0,0,0.0,0.96,0.48,2,0.48,0.34,1,0.24,11,2.64,27.27,18.182,0.24,0.72,33.33,0.24,0.0,0.48,50.0,0.0,0.0,0.0,3.12,46.15,3.36,0.24,0.24,24.72,0.96,0.72,32.16,84.33,15.36,79.69,5.76,95.83,28.8,88.33,2.64,54.55,18.89,39.78,0.12,0.48,0.24,0.48,0.0,0.0,0.96,6.0,84.0,1.2,60.0,0.0,0.0,0.48,0.48,7.68,71.88,87.88,7.92,0,,0,,0,0.0,0.0,0.0,,,0.48,,1.92,0.0,0.0,0.0,0.0,0,0
A. Ramadan,Ammar Ramadan,-79427,DAC,DAC,https://cdn5.wyscout.com/photos/team/public/1224_120x120.png,Niké Liga,"LAMF, LW",LAMF,51,LW,48,,0,25,2001-01-05,450000,2028-06-30,5,375,5,1.87,5,2.7,11.28,48.94,Syria,['Syria'],left,174,73,False,4.32,2.88,66.67,0.96,25.0,0.0,0.0,0.24,2.4,4.23,0.24,0,0.0,0,0.0,6.24,1.2,5,1.2,0.45,0,0.0,15,3.6,60.0,33.333,1.2,4.08,35.29,4.08,35.29,0.0,0.0,1.2,3.12,76.92,7.2,46.67,3.84,3.84,0.24,29.04,2.64,0.48,31.68,75.76,7.92,66.67,6.96,96.55,25.2,81.9,2.64,72.73,16.99,30.89,0.65,3.6,0.0,0.0,0.24,100.0,2.88,1.92,100.0,6.72,75.0,0.24,100.0,3.12,1.2,7.68,81.25,75.51,11.76,0,,0,,0,0.0,0.0,0.0,,,0.0,,0.96,0.48,0.24,100.0,2.4,0,0
E. Riška,Erik Riška,-267996,Skalica,Skalica,https://cdn5.wyscout.com/photos/team/public/g24757_120x120.png,Niké Liga,GK,GK,100,,0,,0,24,2002-04-09,0,2027-06-30,4,373,0,0.0,0,0.0,0.48,100.0,Slovakia,['Slovakia'],right,190,93,False,1.21,0.24,100.0,0.0,0.0,0.0,0.0,0.0,0.97,1.4,0.0,0,0.0,0,0.0,0.24,0.0,0,0.0,0.0,0,0.0,0,0.0,0.0,0.0,0.0,0.0,0.0,0.0,0.0,0.0,0.0,0.0,0.24,100.0,0.24,100.0,0.0,0.24,0.0,10.86,0.0,0.0,19.06,70.89,11.82,53.06,0.0,0.0,8.93,97.3,10.13,47.62,43.09,56.35,0.0,0.0,0.0,0.0,0.0,0.0,0.0,4.58,57.89,0.24,0.0,0.0,0.0,0.0,0.0,7.24,66.67,100.0,7.24,7,1.69,25,6.03,0,72.0,7.47,1.8,0.47000000000000003,0.113,0.0,1.69,0.0,,,,0.0,0,0
J. Minárik,Ján Minárik,391061,Žilina,Žilina,https://cdn5.wyscout.com/photos/team/public/1219_120x120.png,Niké Liga,"CB, RCB3",CB,79,RCB3,20,,0,29,1997-07-25,375000,2028-06-30,5,371,0,0.26,0,0.32,7.76,65.63,Slovakia,['Slovakia'],right,192,84,False,4.61,1.21,80.0,4.61,73.68,0.0,0.0,0.73,3.64,6.16,0.49,0,0.0,0,0.0,0.24,0.0,0,0.0,0.06,0,0.0,2,0.49,0.0,0.0,0.0,0.49,50.0,0.24,100.0,0.24,0.0,0.24,0.0,0.0,0.24,0.0,0.97,0.0,0.24,41.24,0.24,0.0,57.25,90.68,19.41,78.75,2.43,80.0,52.16,93.49,4.61,63.16,19.38,26.96,0.08,0.24,0.0,0.0,0.0,0.0,0.24,3.15,69.23,0.73,0.0,0.0,0.0,0.0,0.24,6.06,60.0,98.4,30.32,0,,0,,0,0.0,0.0,0.0,,,1.7000000000000002,,4.61,0.0,0.0,0.0,0.0,0,0
M. Chrien,Martin Chrien,279078,Podbrezová,Podbrezová,https://cdn5.wyscout.com/photos/team/public/g1984_120x120.png,Niké Liga,"AMF, RCMF3, CF",AMF,49,RCMF3,33,CF,10,30,1995-09-08,275000,,6,370,1,0.77,0,0.21,9.73,42.5,Slovakia,['Slovakia'],right,191,83,False,4.38,3.89,43.75,3.16,46.15,0.24,0.35000000000000003,0.0,2.43,3.49,1.22,0,0.0,0,0.0,0.97,0.24,1,0.24,0.19,0,0.0,3,0.73,66.67,33.333,0.0,1.22,20.0,0.0,0.0,1.22,20.0,0.0,0.24,100.0,2.19,44.44,3.16,1.7000000000000002,0.73,20.68,1.46,0.49,34.05,75.0,12.65,73.08,7.54,93.55,30.65,80.16,2.19,33.33,14.43,23.57,0.05,0.73,0.0,0.0,0.0,0.0,0.49,3.41,42.86,0.97,25.0,0.0,0.0,0.49,0.24,3.89,37.5,62.96,6.57,0,,0,,0,0.0,0.0,0.0,,,0.24,,3.16,0.0,0.0,0.0,0.0,0,0
A. Morong,Adam Morong,218679,Skalica,Skalica,https://cdn5.wyscout.com/photos/team/public/g24757_120x120.png,Niké Liga,"LB, LB5",LB,63,LB5,26,,0,33,1993-06-16,175000,2027-06-30,5,366,0,0.19,0,0.0,12.05,61.22,Slovakia,['Slovakia'],right,178,78,False,8.11,5.9,62.5,0.98,50.0,0.25,0.32,0.0,4.18,5.48,0.49,1,0.25,0,0.0,0.98,0.0,0,0.0,0.05,0,0.0,1,0.25,0.0,0.0,0.0,0.98,0.0,0.98,0.0,0.0,0.0,0.25,1.48,66.67,3.93,56.25,0.74,1.72,0.0,18.69,0.74,0.74,29.26,67.23,14.75,58.33,4.92,90.0,23.61,78.13,4.92,25.0,19.97,41.9,0.0,0.0,0.0,0.0,0.0,0.0,0.25,5.16,42.86,1.23,20.0,0.0,0.0,0.25,0.0,6.15,60.0,75.0,4.92,0,,0,,0,0.0,0.0,0.0,,,1.48,,0.98,0.0,0.0,0.0,0.0,0,0
F. Blažek,Filip Blažek,426798,DAC,DAC,https://cdn5.wyscout.com/photos/team/public/1224_120x120.png,Niké Liga,RCB,RCB,89,,0,,0,28,1998-03-11,400000,2027-06-30,5,355,1,0.78,0,0.0,8.87,62.86,Slovakia,['Slovakia'],right,189,89,False,8.11,2.03,62.5,4.82,63.16,0.0,0.0,0.76,6.85,11.57,0.76,0,0.0,0,0.0,0.25,0.25,1,0.25,0.2,1,0.25,3,0.76,33.33,33.333,0.0,0.25,0.0,0.0,0.0,0.25,0.0,0.0,0.0,0.0,0.51,100.0,0.76,0.0,0.51,39.04,0.51,0.76,55.01,87.56,18.76,82.43,3.3,84.62,48.42,91.62,6.34,60.0,24.43,35.72,0.0,0.0,0.25,0.25,0.25,0.0,0.0,6.08,70.83,0.51,0.0,0.25,0.0,0.0,0.0,10.9,76.74,90.0,30.42,0,,0,,0,0.0,0.0,0.0,,,2.2800000000000002,,4.82,0.0,0.0,0.0,0.0,0,0
K. Miljanić,Karlo Miljanić,-141993,Podbrezová,Podbrezová,https://cdn5.wyscout.com/photos/team/public/g1984_120x120.png,Niké Liga,CF,CF,100,,0,,0,24,2002-01-02,600000,2028-06-30,5,341,0,1.25,1,0.98,10.29,28.21,Croatia,['Croatia'],,178,69,False,3.96,2.64,40.0,3.43,30.77,0.26,0.34,0.26,2.64,3.37,0.79,1,0.26,0,0.0,1.32,0.0,0,0.0,0.33,0,0.0,10,2.64,10.0,0.0,0.26,1.32,40.0,0.26,100.0,1.06,25.0,0.26,1.32,40.0,3.96,20.0,3.43,0.53,0.26,10.29,1.58,0.26,12.4,70.21,2.38,55.56,2.9,72.73,10.82,75.61,0.26,0.0,13.85,4.26,0.26,1.32,0.0,0.0,0.0,0.0,1.32,0.53,50.0,1.32,60.0,0.0,0.0,1.06,0.53,1.06,50.0,57.14,3.7,0,,0,,0,0.0,0.0,0.0,,,0.0,,3.43,0.0,0.0,0.0,0.0,0,0
M. Káčer,Miroslav Káčer,250911,Žilina,Žilina,https://cdn5.wyscout.com/photos/team/public/1219_120x120.png,Niké Liga,"RCMF, LCMF",RCMF,86,LCMF,13,,0,30,1996-02-02,375000,2028-06-30,4,340,1,1.1400000000000001,0,0.12,8.47,46.88,Slovakia,['Slovakia'],right,171,75,False,4.76,4.76,61.11,0.26,100.0,0.26,0.39,0.53,1.5899999999999999,2.37,1.06,1,0.26,0,0.0,0.26,0.26,0,0.0,0.30000000000000004,0,0.0,4,1.06,25.0,25.0,0.0,0.53,0.0,0.26,0.0,0.26,0.0,0.26,0.0,0.0,2.91,27.27,0.79,0.26,0.0,43.15,0.79,0.53,55.32,83.73,12.44,61.7,13.5,96.08,51.09,87.05,3.71,50.0,17.47,38.62,0.03,0.26,0.26,0.0,0.0,0.0,0.53,6.09,65.22,2.38,44.44,0.0,0.0,1.32,0.0,7.41,64.29,89.33,19.85,0,,0,,0,0.0,0.0,0.0,,,2.38,,0.26,0.0,0.0,0.0,0.0,1,100
P. Pudhorocký,Petr Pudhorocký,509256,Skalica,Skalica,https://cdn5.wyscout.com/photos/team/public/g24757_120x120.png,Niké Liga,"LCMF, LDMF, RCMF",LCMF,51,LDMF,21,RCMF,17,25,2001-06-13,0,2027-06-30,4,340,1,0.15,0,0.27,12.97,46.94,Czech Republic,['Czech Republic'],right,175,68,False,4.76,6.35,45.83,2.91,45.45,0.0,0.0,0.53,1.85,2.5,1.5899999999999999,1,0.26,0,0.0,1.32,0.26,1,0.26,0.04,0,0.0,1,0.26,100.0,100.0,0.0,1.32,80.0,0.79,100.0,0.53,50.0,0.0,0.26,0.0,3.44,46.15,0.79,1.85,0.0,23.82,0.26,1.85,35.21,81.2,11.91,84.44,7.15,92.59,32.29,82.79,1.5899999999999999,50.0,14.43,23.41,0.07,0.53,0.0,0.0,0.0,0.0,0.53,2.12,62.5,2.12,75.0,0.0,0.0,0.26,1.06,3.9699999999999998,60.0,82.35,9.0,0,,0,,0,0.0,0.0,0.0,,,0.53,,2.91,0.0,0.0,0.0,0.79,0,0
M. Mikovič,Martin Mikovič,125801,Spartak Trnava,Spartak Trnava,https://cdn5.wyscout.com/photos/team/public/1291_120x120.png,Niké Liga,LB,LB,100,,0,,0,35,1990-09-12,125000,2027-06-30,4,338,0,0.07,0,1.07,5.86,50.0,Slovakia,['Slovakia'],left,167,70,False,4.26,2.4,44.44,1.07,75.0,0.27,0.43,0.0,2.93,4.78,0.8,1,0.27,0,0.0,1.6,0.0,0,0.0,0.02,0,0.0,3,0.8,33.33,0.0,0.0,2.13,37.5,1.8599999999999999,28.57,0.27,100.0,0.27,0.53,100.0,2.4,44.44,2.13,1.33,0.0,27.43,2.4,0.27,35.95,74.07,15.44,70.69,5.33,85.0,27.96,82.86,6.12,43.48,19.46,33.94,0.29,1.8599999999999999,0.0,0.0,0.0,0.0,1.07,5.33,65.0,5.06,68.42,0.0,0.0,1.6,0.8,9.32,80.0,81.25,8.52,0,,0,,0,0.0,0.0,0.0,,,0.27,,1.07,0.8,0.0,0.0,4.26,0,0
M. Koubek,Matěj Koubek,-109544,Ružomberok,Ružomberok,https://cdn5.wyscout.com/photos/team/public/1295_120x120.png,Niké Liga,CF,CF,100,,0,,0,26,2000-01-10,250000,2029-05-31,6,336,1,1.47,0,0.77,14.73,38.18,Czech Republic,['Czech Republic'],right,187,80,False,0.8,0.54,50.0,9.64,36.11,0.0,0.0,0.0,0.54,0.67,1.34,0,0.0,0,0.0,1.34,0.27,1,0.27,0.39,1,0.27,6,1.6099999999999999,66.67,16.667,0.0,0.54,50.0,0.27,100.0,0.27,0.0,0.0,0.27,0.0,3.48,38.46,3.48,0.27,0.0,9.11,1.88,1.07,12.05,73.33,2.68,70.0,3.48,84.62,10.45,76.92,1.07,50.0,15.78,16.84,0.21,0.54,0.0,0.0,0.0,0.0,0.27,1.07,75.0,0.8,33.33,0.0,0.0,0.54,0.27,0.8,66.67,54.55,2.95,0,,0,,0,0.0,0.0,0.0,,,0.0,,9.64,0.0,0.0,0.0,0.0,1,0
A. Gajdoš,Artur Gajdoš,-145958,Slovan Bratislava,Slovan Bratislava,https://cdn5.wyscout.com/photos/team/public/1218_120x120.png,Niké Liga,"LCMF, LCMF3, RCMF",LCMF,58,LCMF3,23,RCMF,14,22,2004-01-20,0,2028-06-30,4,335,0,0.35000000000000003,2,0.97,10.21,57.89,Slovakia,['Slovakia'],right,170,68,False,4.57,5.1,63.16,0.54,100.0,0.0,0.0,0.0,1.34,2.88,0.81,0,0.0,0,0.0,1.34,0.0,0,0.0,0.09,0,0.0,4,1.07,0.0,0.0,0.54,1.34,40.0,1.34,40.0,0.0,0.0,0.27,0.54,100.0,4.3,50.0,2.69,3.22,0.27,38.69,0.54,1.6099999999999999,47.82,88.76,13.7,76.47,11.01,97.56,42.45,91.14,4.03,80.0,17.04,34.58,0.26,0.81,0.27,0.27,0.27,100.0,1.07,6.72,84.0,2.69,50.0,0.27,100.0,2.15,0.54,7.52,78.57,90.2,13.7,0,,0,,0,0.0,0.0,0.0,,,0.81,,0.54,1.34,0.27,0.0,4.3,0,0
A. Sivicek,Adrian  Sivicek,-616371,Dukla Banská Bystrica,Dukla Banská Bystrica,https://cdn5.wyscout.com/photos/team/public/g39880_120x120.png,Niké Liga,"LCMF, LDMF, RCMF",LCMF,44,LDMF,19,RCMF,18,19,2007-05-29,0,,6,334,0,0.06,0,0.11,14.28,50.94,Slovakia,['Slovakia'],unknown,0,0,False,8.08,6.74,56.0,2.16,62.5,0.27,0.29,0.81,4.04,4.41,1.08,0,0.0,0,0.0,0.81,0.0,0,0.0,0.02,0,0.0,2,0.54,0.0,0.0,0.0,0.54,50.0,0.54,50.0,0.0,0.0,0.0,1.35,40.0,4.85,44.44,1.35,0.81,0.27,12.4,0.27,1.62,18.59,82.61,6.74,76.0,3.77,85.71,16.17,88.33,1.8900000000000001,42.86,16.44,37.54,0.03,0.81,0.0,0.27,0.0,0.0,0.27,1.8900000000000001,57.14,0.81,33.33,0.0,0.0,1.08,0.27,3.77,71.43,88.89,4.85,0,,0,,0,0.0,0.0,0.0,,,0.54,,2.16,0.0,0.0,0.0,0.27,0,0
A. Maraš,Aleksa Maraš,-263200,FC Košice,FC Košice,https://cdn5.wyscout.com/photos/team/public/g-12653_120x120.png,Niké Liga,CF,CF,100,,0,,0,24,2001-10-09,0,2027-06-30,5,323,3,1.9300000000000002,0,0.0,15.6,26.79,Montenegro,['Montenegro'],right,192,80,False,2.51,2.23,37.5,5.02,5.5600000000000005,0.0,0.0,0.28,1.67,2.05,0.84,1,0.28,0,0.0,2.23,0.84,3,0.84,0.54,0,0.0,13,3.62,38.46,23.077,0.0,0.84,0.0,0.28,0.0,0.56,0.0,0.0,1.9500000000000002,42.86,6.13,36.36,6.13,1.3900000000000001,0.0,11.7,1.3900000000000001,0.28,17.55,60.32,5.02,61.11,5.02,83.33,15.88,64.91,0.84,33.33,13.71,21.25,0.0,0.28,0.0,0.0,0.0,0.0,0.0,2.23,62.5,0.84,66.67,0.0,0.0,0.56,0.0,1.11,75.0,30.77,3.62,0,,0,,0,0.0,0.0,0.0,,,0.28,,5.02,0.0,0.0,0.0,0.0,0,0
X. Adang,Xavier  Rodrigue Adang Mveng,-232518,Žilina,Žilina,https://cdn5.wyscout.com/photos/team/public/1219_120x120.png,Niké Liga,"RCMF, LCMF",RCMF,68,LCMF,31,,0,22,2004-06-07,0,2028-06-30,6,321,0,0.27,0,0.11,16.82,53.33,Cameroon,['Cameroon'],left,185,74,False,7.29,3.64,61.54,1.6800000000000002,83.33,0.0,0.0,0.56,5.05,8.06,0.84,0,0.0,0,0.0,1.4,0.0,0,0.0,0.08,0,0.0,3,0.84,0.0,0.0,0.0,0.56,0.0,0.28,0.0,0.28,0.0,0.0,2.52,55.56,9.53,41.18,0.84,1.6800000000000002,0.0,20.75,0.28,1.12,32.8,82.05,13.18,72.34,5.33,94.74,30.28,86.11,1.96,42.86,16.07,20.38,0.03,0.28,0.0,0.0,0.28,0.0,0.28,3.36,75.0,1.12,50.0,0.28,0.0,0.28,0.0,5.89,71.43,86.67,8.41,0,,0,,0,0.0,0.0,0.0,,,0.28,,1.6800000000000002,0.0,0.0,0.0,0.0,0,0
M. Trnovský,Martin Trnovský,460924,Podbrezová,Podbrezová,https://cdn5.wyscout.com/photos/team/public/g1984_120x120.png,Niké Liga,GK,GK,100,,0,,0,26,2000-06-07,400000,,4,320,0,0.0,0,0.0,0.0,0.0,Slovakia,['Slovakia'],right,191,90,False,0.0,0.0,0.0,0.0,0.0,0.0,0.0,0.0,0.0,0.0,0.0,0,0.0,0,0.0,0.0,0.0,0,0.0,0.0,0,0.0,0,0.0,0.0,0.0,0.0,0.0,0.0,0.0,0.0,0.0,0.0,0.0,0.0,0.0,0.0,0.0,0.0,0.0,0.0,12.09,0.56,0.0,19.41,86.96,11.53,78.05,0.0,0.0,10.97,100.0,8.44,70.0,33.84,49.1,0.0,0.0,0.0,0.0,0.0,0.0,0.0,1.13,50.0,0.28,100.0,0.0,0.0,0.28,0.0,4.5,81.25,100.0,6.75,8,2.25,19,5.34,1,57.89,6.99,1.97,-1.01,-0.28400000000000003,0.0,1.69,0.0,,,,0.0,0,0
A. Zubairu,Abdul Musa Zubairu,475894,Zemplín Michalovce,Zemplín Michalovce,https://cdn5.wyscout.com/photos/team/public/g3237_120x120.png,Niké Liga,"LCMF, DMF",LCMF,66,DMF,33,,0,27,1998-10-03,150000,,5,318,0,0.02,0,0.24,18.11,46.88,Nigeria,['Nigeria'],left,166,64,False,9.34,9.06,56.25,1.7000000000000002,50.0,0.28,0.42,0.0,3.96,5.83,1.98,2,0.5700000000000001,0,0.0,1.42,0.0,0,0.0,0.01,0,0.0,2,0.5700000000000001,50.0,0.0,0.0,0.85,33.33,0.28,0.0,0.5700000000000001,50.0,0.28,0.85,100.0,5.66,40.0,0.5700000000000001,0.28,0.28,35.66,0.28,0.5700000000000001,54.06,85.86,15.85,75.0,10.75,100.0,47.26,91.02,5.94,52.38,19.78,31.68,0.07,0.85,0.0,0.0,0.0,0.0,0.28,6.23,63.64,3.11,72.73,0.0,0.0,2.26,0.28,6.79,79.17,91.78,20.66,0,,0,,0,0.0,0.0,0.0,,,0.85,,1.7000000000000002,0.0,0.0,0.0,0.0,0,0
P. Iľko,Patrik Iľko,-72147,Žilina,Žilina,https://cdn5.wyscout.com/photos/team/public/1219_120x120.png,Niké Liga,"LWF, AMF, RWB",LWF,57,AMF,14,RWB,13,25,2001-02-16,350000,2027-12-31,5,316,2,0.85,0,0.39,15.09,54.72,Slovakia,['Slovakia'],right,180,72,False,5.7,3.42,50.0,1.1400000000000001,25.0,0.0,0.0,0.28,3.99,6.27,0.5700000000000001,0,0.0,0,0.0,3.7,0.5700000000000001,2,0.5700000000000001,0.24,0,0.0,7,1.99,57.14,28.571,0.0,2.2800000000000002,37.5,1.1400000000000001,25.0,1.1400000000000001,50.0,0.28,2.56,66.67,8.83,54.84,5.13,1.42,0.0,21.93,3.13,1.99,28.77,76.24,6.27,68.18,5.98,85.71,25.63,80.0,1.1400000000000001,75.0,14.82,18.58,0.11,0.85,0.0,0.28,0.0,0.0,0.85,3.42,83.33,2.56,44.44,0.0,0.0,1.1400000000000001,0.85,3.99,64.29,75.76,9.4,0,,0,,0,0.0,0.0,0.0,,,0.0,,1.1400000000000001,0.0,0.0,0.0,0.28,0,0
F. Kóša,František Kóša,-300225,Žilina,Žilina,https://cdn5.wyscout.com/photos/team/public/1219_120x120.png,Niké Liga,"RWF, LWF",RWF,48,LWF,42,,0,20,2006-03-02,0,2029-06-30,6,315,1,0.88,3,0.81,15.43,44.44,Slovakia,['Slovakia'],left,0,0,False,4.29,4.86,41.18,1.1400000000000001,75.0,0.0,0.0,0.0,2.29,3.64,2.0,0,0.0,0,0.0,5.71,0.29,1,0.29,0.25,0,0.0,9,2.5700000000000003,33.33,11.111,0.86,3.71,38.46,1.71,33.33,2.0,42.86,0.29,3.43,83.33,8.0,50.0,5.43,2.86,0.86,29.71,1.71,0.5700000000000001,35.43,68.55,11.14,48.72,7.14,96.0,30.57,71.96,1.1400000000000001,75.0,14.15,16.62,0.23,1.43,0.0,0.0,0.5700000000000001,100.0,2.29,4.29,60.0,5.71,50.0,0.5700000000000001,100.0,1.71,1.43,6.29,77.27,67.74,8.86,0,,0,,0,0.0,0.0,0.0,,,0.29,,1.1400000000000001,0.0,0.0,0.0,0.86,0,0
N. Jovanovic,Nikola Jovanovic,-139959,Trenčín,Trenčín,https://cdn5.wyscout.com/photos/team/public/3710_120x120.png,Niké Liga,RB,RB,100,,0,,0,23,2003-01-12,0,,5,311,0,0.04,0,0.24,14.18,53.06,Serbia,['Serbia'],,0,0,False,7.8100000000000005,4.63,62.5,1.45,60.0,0.58,0.9,0.0,4.34,6.72,0.58,0,0.0,0,0.0,1.45,0.0,0,0.0,0.01,0,0.0,3,0.87,0.0,0.0,0.0,3.47,8.33,0.0,0.0,3.47,8.33,0.29,2.03,57.14,6.95,45.83,0.29,2.32,0.58,28.94,2.03,1.45,37.91,74.81,17.36,71.67,5.5,89.47,31.25,87.04,3.47,25.0,22.59,22.7,0.07,0.87,0.0,0.0,0.0,0.0,0.58,6.08,66.67,2.6,22.22,0.0,0.0,0.29,0.29,8.39,65.52,77.14,10.13,0,,0,,0,0.0,0.0,0.0,,,1.45,,1.45,0.0,0.0,0.0,0.0,0,0
M. Sovič,Miroslav Sovič,-304958,FC Košice,FC Košice,https://cdn5.wyscout.com/photos/team/public/g-12653_120x120.png,Niké Liga,"AMF, LCMF3, CF",AMF,46,LCMF3,29,CF,23,22,2004-05-12,0,,5,310,0,0.15,3,1.03,12.19,28.57,Slovakia,['Slovakia'],right,185,72,False,3.77,3.19,36.36,2.61,11.11,0.0,0.0,0.0,2.61,3.38,1.16,0,0.0,0,0.0,2.32,0.0,0,0.0,0.04,0,0.0,3,0.87,66.67,0.0,0.87,1.74,50.0,0.87,33.33,0.87,66.67,0.58,1.74,16.67,5.52,31.58,2.03,0.58,0.0,21.19,0.87,0.58,33.1,71.93,10.74,62.16,6.68,95.65,28.16,74.23,3.19,63.64,17.57,42.58,0.30000000000000004,1.74,0.0,0.29,0.58,100.0,2.32,5.52,68.42,3.77,53.85,0.58,100.0,1.45,0.87,6.39,68.18,78.13,9.29,0,,0,,0,0.0,0.0,0.0,,,0.29,,2.61,0.58,0.0,0.0,2.32,0,0
J. Bationo,Julien Eymard Bationo,-685015,DAC,DAC,https://cdn5.wyscout.com/photos/team/public/1224_120x120.png,Niké Liga,"LCMF, LDMF",LCMF,51,LDMF,44,,0,20,2005-10-12,0,2028-06-30,5,309,0,0.59,0,0.02,13.98,37.5,Côte d'Ivoire,"[""Côte d'Ivoire""]",,0,0,False,3.5,4.37,40.0,3.2,45.45,0.0,0.0,0.0,1.75,3.0,1.75,1,0.29,0,0.0,1.46,0.0,0,0.0,0.17,0,0.0,7,2.04,42.86,0.0,0.0,0.29,0.0,0.0,0.0,0.29,0.0,0.29,0.87,66.67,5.24,27.78,1.17,0.29,0.0,25.05,0.0,0.87,36.12,83.87,10.19,74.29,6.12,100.0,33.5,86.09,2.33,62.5,18.55,38.38,0.0,0.29,0.0,0.29,0.29,0.0,0.0,6.12,90.48,0.29,100.0,0.29,0.0,0.58,0.0,6.7,52.17,90.74,15.73,0,,0,,0,0.0,0.0,0.0,,,1.17,,3.2,0.0,0.0,0.0,0.0,0,0
B. Pindroch,Branislav Pindroch,159443,Komárno,Komárno,https://cdn5.wyscout.com/photos/team/public/g29815_120x120.png,Niké Liga,GK,GK,100,,0,,0,34,1991-10-30,50000,2027-06-30,4,307,0,0.0,0,0.0,0.0,0.0,Slovakia,['Slovakia'],right,194,90,False,1.47,0.0,0.0,0.0,0.0,0.0,0.0,0.0,1.47,1.9500000000000002,0.0,0,0.0,0,0.0,0.0,0.0,0,0.0,0.0,0,0.0,0,0.0,0.0,0.0,0.0,0.0,0.0,0.0,0.0,0.0,0.0,0.0,0.0,0.0,0.0,0.0,0.0,0.0,0.0,25.21,0.0,0.0,34.01,84.48,19.35,77.27,0.0,0.0,24.92,94.12,9.09,58.06,30.01,43.56,0.0,0.0,0.0,0.0,0.0,0.0,0.0,2.35,50.0,0.29,0.0,0.0,0.0,0.0,0.0,7.92,59.26,100.0,12.31,7,2.05,24,7.04,0,70.83,4.14,1.21,-2.86,-0.838,0.0,1.76,0.0,,,,0.0,0,0
A. Hanes,Adam Hanes,-254783,Dukla Banská Bystrica,Dukla Banská Bystrica,https://cdn5.wyscout.com/photos/team/public/g39880_120x120.png,Niké Liga,"RW, RAMF, RCMF",RW,29,RAMF,27,RCMF,20,24,2002-06-17,0,2027-06-30,6,304,0,0.25,0,0.37,10.66,41.67,Slovakia,['Slovakia'],right,0,0,False,4.74,3.26,45.45,4.14,50.0,0.30000000000000004,0.32,0.0,2.96,3.16,0.89,1,0.30000000000000004,0,0.0,1.18,0.0,0,0.0,0.07,0,0.0,5,1.48,40.0,0.0,0.0,1.48,20.0,0.59,0.0,0.89,33.33,0.59,0.89,33.33,2.07,42.86,4.44,1.78,0.59,16.88,2.07,0.30000000000000004,22.8,72.73,7.4,76.0,4.44,73.33,20.43,78.26,1.18,25.0,17.12,27.31,0.11,0.89,0.0,0.0,0.0,0.0,0.59,5.03,70.59,1.48,20.0,0.0,0.0,0.59,0.30000000000000004,3.85,84.62,60.0,5.92,0,,0,,0,0.0,0.0,0.0,,,0.30000000000000004,,4.14,0.0,0.0,0.0,0.0,0,0
M. Faško,Michal Faško,154537,Žilina,Žilina,https://cdn5.wyscout.com/photos/team/public/1219_120x120.png,Niké Liga,"RWF, AMF, CF",RWF,73,AMF,15,CF,10,32,1994-08-24,300000,2027-06-30,5,299,2,1.4,3,0.4,11.74,33.33,Slovakia,['Slovakia'],left,183,77,False,2.71,1.51,40.0,1.2,0.0,0.0,0.0,0.0,2.11,3.18,0.9,1,0.30000000000000004,0,0.0,3.31,0.6000000000000001,2,0.6000000000000001,0.42,0,0.0,7,2.11,57.14,28.571,0.9,0.9,100.0,0.30000000000000004,100.0,0.6000000000000001,100.0,0.30000000000000004,2.11,57.14,6.32,42.86,1.81,0.9,0.0,20.77,1.51,0.9,24.98,78.31,7.83,65.38,4.21,78.57,23.48,76.92,0.9,100.0,17.41,16.92,0.12,1.51,0.0,0.0,0.0,0.0,1.2,3.91,76.92,3.31,54.55,0.0,0.0,1.2,0.9,6.02,70.0,88.0,7.53,0,,0,,0,0.0,0.0,0.0,,,0.0,,1.2,0.9,0.0,0.0,2.41,0,0
A. Katić,Andrija Katić,-80899,Trenčín,Trenčín,https://cdn5.wyscout.com/photos/team/public/3710_120x120.png,Niké Liga,GK,GK,100,,0,,0,24,2002-02-17,0,2027-06-30,3,293,0,0.0,0,0.0,1.54,80.0,Serbia,['Serbia'],left,195,84,False,0.61,0.0,0.0,0.31,0.0,0.0,0.0,0.0,0.61,0.9400000000000001,0.0,1,0.31,0,0.0,0.0,0.0,0,0.0,0.0,0,0.0,0,0.0,0.0,0.0,0.0,0.0,0.0,0.0,0.0,0.0,0.0,0.0,0.0,0.0,1.23,100.0,0.0,0.0,0.0,23.34,0.92,1.23,35.32,85.22,16.28,69.81,0.0,0.0,27.34,97.75,7.99,42.31,28.97,50.65,0.0,0.0,0.0,0.0,0.0,0.0,0.0,2.76,33.33,0.0,0.0,0.0,0.0,0.0,0.0,6.45,57.14,98.33,18.43,6,1.8399999999999999,16,4.91,0,62.5,6.12,1.88,0.12,0.037,0.0,2.46,0.31,,,,0.0,0,0
M. Kira,Matúš Kira,307209,FC Košice,FC Košice,https://cdn5.wyscout.com/photos/team/public/g-12653_120x120.png,Niké Liga,GK,GK,100,,0,,0,31,1994-10-10,125000,2027-06-30,3,292,0,0.0,0,0.0,0.31,0.0,Slovakia,['Slovakia'],right,186,73,False,0.31,0.31,0.0,0.0,0.0,0.0,0.0,0.0,0.31,0.38,0.0,0,0.0,0,0.0,0.0,0.0,0,0.0,0.0,0,0.0,0,0.0,0.0,0.0,0.0,0.0,0.0,0.0,0.0,0.0,0.0,0.0,0.0,0.0,0.0,0.0,0.0,0.0,0.0,12.33,0.0,0.0,19.73,78.13,15.41,72.0,0.31,100.0,9.55,100.0,10.17,57.58,35.83,53.13,0.0,0.0,0.0,0.0,0.0,0.0,0.0,3.7,50.0,0.31,0.0,0.0,0.0,0.0,0.0,6.47,85.71,100.0,3.08,6,1.85,20,6.16,0,70.0,6.68,2.06,0.68,0.21,0.0,2.16,0.0,,,,0.0,0,0
T. Park,Tae-rang Park,-563844,Zemplín Michalovce,Zemplín Michalovce,https://cdn5.wyscout.com/photos/team/public/g3237_120x120.png,Niké Liga,"RCB3, RCB",RCB3,66,RCB,33,,0,23,2002-09-04,0,2028-06-30,3,292,0,0.02,0,0.0,9.55,51.61,Korea Republic,['Korea Republic'],unknown,192,0,False,7.09,3.08,40.0,3.08,80.0,0.31,0.45,0.31,5.55,8.18,1.23,0,0.0,0,0.0,0.0,0.0,0,0.0,0.01,0,0.0,1,0.31,0.0,0.0,0.0,0.0,0.0,0.0,0.0,0.0,0.0,0.0,0.31,0.0,1.23,50.0,0.0,0.62,0.0,33.6,2.47,1.23,45.0,76.71,19.42,65.08,4.32,100.0,37.91,82.11,7.09,47.83,19.58,41.97,0.0,0.0,0.0,0.0,0.0,0.0,0.0,5.86,42.11,0.62,0.0,0.0,0.0,0.0,0.0,9.25,46.67,84.62,16.03,0,,0,,0,0.0,0.0,0.0,,,2.47,,3.08,0.0,0.0,0.0,0.0,0,0
M. Okál,Marek Okál,-447546,Žilina,Žilina,https://cdn5.wyscout.com/photos/team/public/1219_120x120.png,Niké Liga,LCB3,LCB3,100,,0,,0,17,2008-11-07,0,,3,291,0,0.46,0,0.0,12.99,57.14,Slovakia,['Slovakia'],left,0,0,False,9.59,5.26,64.71,2.7800000000000002,55.56,0.0,0.0,0.31,6.19,8.7,0.31,0,0.0,0,0.0,0.62,0.0,0,0.0,0.14,0,0.0,2,0.62,50.0,0.0,0.0,0.31,0.0,0.31,0.0,0.0,0.0,0.0,0.31,100.0,3.09,70.0,0.62,1.55,0.0,32.16,1.55,1.24,43.61,82.27,19.79,70.31,3.4,100.0,37.42,90.91,5.88,31.58,18.85,37.96,0.0,0.0,0.0,0.0,0.0,0.0,0.0,4.64,53.33,1.8599999999999999,16.67,0.31,0.0,0.31,0.0,8.66,46.43,91.84,15.15,0,,0,,0,0.0,0.0,0.0,,,1.8599999999999999,,2.7800000000000002,0.0,0.0,0.0,0.0,0,0
L. Hroššo,Lukáš Hroššo,35340,Dukla Banská Bystrica,Dukla Banská Bystrica,https://cdn5.wyscout.com/photos/team/public/g39880_120x120.png,Niké Liga,GK,GK,100,,0,,0,39,1987-04-19,25000,2027-06-30,3,291,0,0.0,0,0.0,0.0,0.0,Slovakia,['Slovakia'],right,195,91,False,0.0,0.0,0.0,0.0,0.0,0.0,0.0,0.0,0.0,0.0,0.0,0,0.0,0,0.0,0.0,0.0,0,0.0,0.0,0,0.0,0,0.0,0.0,0.0,0.0,0.0,0.0,0.0,0.0,0.0,0.0,0.0,0.0,0.0,0.0,0.0,0.0,0.0,0.0,14.54,0.62,0.0,25.67,81.93,13.61,68.18,0.0,0.0,16.08,96.15,9.59,58.06,32.8,47.28,0.0,0.0,0.0,0.0,0.0,0.0,0.0,1.55,40.0,0.31,0.0,0.0,0.0,0.0,0.0,7.11,60.87,100.0,11.44,6,1.8599999999999999,17,5.26,1,64.71,5.82,1.8,-0.18,-0.056,0.0,2.16,0.0,,,,0.0,0,0
M. Čurma,Matej Čurma,338225,Zemplín Michalovce,Zemplín Michalovce,https://cdn5.wyscout.com/photos/team/public/g3237_120x120.png,Niké Liga,"RCB3, LWB, RWB",RCB3,49,LWB,32,RWB,17,30,1996-03-27,150000,,3,290,0,0.19,0,0.0,8.38,74.07,Slovakia,['Slovakia'],right,181,78,False,5.59,3.7199999999999998,66.67,1.24,75.0,0.31,0.47000000000000003,0.0,2.79,4.22,0.62,0,0.0,0,0.0,0.0,0.0,0,0.0,0.06,0,0.0,2,0.62,0.0,0.0,0.0,0.31,0.0,0.31,0.0,0.0,0.0,0.0,0.0,0.0,2.17,85.71,0.93,0.62,0.0,19.24,0.0,1.24,28.55,72.83,12.72,60.98,6.83,95.45,24.52,77.22,3.7199999999999998,50.0,16.33,32.68,0.0,0.0,0.0,0.0,0.0,0.0,0.0,4.34,57.14,0.93,0.0,0.0,0.0,0.0,0.31,4.34,42.86,81.25,4.97,0,,0,,0,0.0,0.0,0.0,,,0.62,,1.24,0.0,0.0,0.0,0.0,0,0
D. Homet,Daniel Homet Ruiz,-73621,Žilina,Žilina,https://cdn5.wyscout.com/photos/team/public/1219_120x120.png,Niké Liga,CF,CF,96,,0,,0,27,1999-07-07,0,2028-06-30,5,290,3,1.77,0,0.64,18.0,37.93,Spain,['Spain'],,185,0,False,2.48,2.79,44.44,5.28,47.06,0.0,0.0,0.0,1.24,1.79,1.55,0,0.0,0,0.0,3.41,0.93,3,0.93,0.55,0,0.0,10,3.1,70.0,30.0,0.0,0.93,33.33,0.62,0.0,0.31,100.0,0.0,0.93,100.0,8.38,37.04,5.59,0.93,0.0,14.28,1.8599999999999999,0.93,17.69,73.68,1.8599999999999999,66.67,6.52,85.71,16.76,75.93,0.0,0.0,11.82,0.0,0.2,1.55,0.0,0.31,0.0,0.0,0.62,1.24,75.0,1.55,60.0,0.0,0.0,1.24,0.31,0.93,66.67,57.14,6.52,0,,0,,0,0.0,0.0,0.0,,,0.0,,5.28,0.0,0.0,0.0,0.0,0,0
J. Trefil,Jakub Trefil,-99127,Dukla Banská Bystrica,Dukla Banská Bystrica,https://cdn5.wyscout.com/photos/team/public/g39880_120x120.png,Niké Liga,GK,GK,100,,0,,0,25,2001-02-09,150000,,3,286,0,0.0,0,0.0,0.31,100.0,Czech Republic,['Czech Republic'],right,190,88,False,0.31,0.0,0.0,0.31,100.0,0.0,0.0,0.0,0.31,0.31,0.0,0,0.0,0,0.0,0.0,0.0,0,0.0,0.0,0,0.0,0,0.0,0.0,0.0,0.0,0.0,0.0,0.0,0.0,0.0,0.0,0.0,0.0,0.0,0.0,0.0,0.0,0.0,0.0,11.64,0.0,0.31,18.57,77.97,7.55,58.33,0.0,0.0,12.59,97.5,5.98,36.84,32.12,50.25,0.0,0.0,0.0,0.0,0.0,0.0,0.0,2.2,14.29,0.31,0.0,0.0,0.0,0.0,0.0,4.09,53.85,93.33,9.44,9,2.83,21,6.61,0,57.14,7.45,2.34,-1.55,-0.488,0.0,1.8900000000000001,0.31,,,,0.0,0,0
S. Marković,Svetozar Marković,467537,Slovan Bratislava,Slovan Bratislava,https://cdn5.wyscout.com/photos/team/public/1218_120x120.png,Niké Liga,"RCB, LCB",RCB,70,LCB,29,,0,26,2000-03-23,3000000,2030-06-30,3,285,1,0.28,0,0.0,7.26,60.87,Bosnia and Herzegovina,"['Bosnia and Herzegovina', 'Serbia']",right,186,78,False,7.58,2.5300000000000002,62.5,4.11,69.23,0.0,0.0,0.63,6.0,10.75,0.32,0,0.0,0,0.0,0.63,0.32,1,0.32,0.09,0,0.0,1,0.32,100.0,100.0,0.0,0.32,100.0,0.0,0.0,0.32,100.0,0.0,0.0,0.0,0.0,0.0,0.63,0.32,0.0,55.26,0.32,0.0,68.21,95.37,16.11,88.24,4.42,100.0,66.63,96.21,1.26,50.0,18.84,21.61,0.0,0.0,0.0,0.0,0.0,0.0,0.0,2.84,88.89,0.0,0.0,0.0,0.0,0.0,0.32,4.74,46.67,96.99,42.0,0,,0,,0,0.0,0.0,0.0,,,3.79,,4.11,0.0,0.0,0.0,0.0,0,0
T. Hranica,Timotej Hranica,-420301,Žilina,Žilina,https://cdn5.wyscout.com/photos/team/public/1219_120x120.png,Niké Liga,RWB,RWB,100,,0,,0,21,2005-05-28,0,2028-12-31,5,285,1,1.22,0,0.19,17.05,40.74,Slovakia,['Slovakia'],unknown,0,0,False,5.37,6.63,52.38,3.47,27.27,0.0,0.0,0.0,1.8900000000000001,2.95,0.9500000000000001,0,0.0,0,0.0,3.16,0.32,1,0.32,0.39,0,0.0,6,1.8900000000000001,66.67,16.667,0.0,2.21,28.57,0.0,0.0,2.21,28.57,0.32,1.8900000000000001,66.67,5.68,38.89,3.79,1.26,0.0,25.26,1.8900000000000001,0.63,33.16,77.14,6.95,63.64,11.37,97.22,30.0,83.16,1.26,25.0,17.53,29.68,0.06,0.63,0.32,0.0,0.0,0.0,0.63,2.21,57.14,1.8900000000000001,33.33,0.0,0.0,0.32,0.32,4.42,57.14,66.67,7.58,0,,0,,0,0.0,0.0,0.0,,,0.63,,3.47,0.0,0.0,0.0,0.0,0,0
F. Mielke,Filip Mielke,-283807,Podbrezová,Podbrezová,https://cdn5.wyscout.com/photos/team/public/g1984_120x120.png,Niké Liga,LCB3,LCB3,100,,0,,0,21,2005-04-09,0,2028-06-30,3,284,0,0.39,0,0.29,10.46,51.52,Slovakia,['Slovakia'],right,0,0,False,10.14,4.44,42.86,3.17,80.0,0.0,0.0,0.9500000000000001,8.24,10.54,0.32,0,0.0,0,0.0,0.63,0.0,0,0.0,0.12,0,0.0,3,0.9500000000000001,66.67,0.0,0.0,0.0,0.0,0.0,0.0,0.0,0.0,0.0,0.32,0.0,1.9,16.67,0.9500000000000001,1.58,0.0,38.03,0.63,1.27,48.49,88.89,18.06,80.7,8.56,92.59,44.68,92.91,3.8,41.67,17.43,41.12,0.09,0.63,0.0,0.0,0.0,0.0,0.63,5.39,76.47,0.9500000000000001,33.33,0.0,0.0,0.63,0.0,7.92,68.0,97.78,14.26,0,,0,,0,0.0,0.0,0.0,,,1.58,,3.17,0.0,0.0,0.0,0.0,0,0
Pablo González,Pablo González Juárez,228687,Trenčín,Trenčín,https://cdn5.wyscout.com/photos/team/public/3710_120x120.png,Niké Liga,"RW, LW",RW,64,LW,25,,0,33,1993-05-12,200000,2027-06-30,5,279,1,1.24,0,0.19,15.16,53.19,Spain,['Spain'],right,173,69,False,6.77,4.52,50.0,4.19,46.15,0.0,0.0,0.65,4.52,7.78,1.94,0,0.0,0,0.0,3.23,0.32,1,0.32,0.4,0,0.0,10,3.23,60.0,10.0,0.0,2.26,28.57,0.65,0.0,1.6099999999999999,40.0,0.97,1.6099999999999999,40.0,5.8100000000000005,66.67,3.23,0.65,0.0,24.84,1.94,2.26,32.9,65.69,10.97,55.88,8.39,88.46,26.77,73.49,3.87,33.33,18.59,43.33,0.06,0.32,0.0,0.0,0.0,0.0,0.32,3.87,50.0,2.9,33.33,0.0,0.0,0.97,0.65,6.45,55.0,50.0,7.74,0,,0,,0,0.0,0.0,0.0,,,0.65,,4.19,0.0,0.0,0.0,0.0,0,0
F. Diongue,Fallou  Diongue,-834730,DAC,DAC,https://cdn5.wyscout.com/photos/team/public/1224_120x120.png,Niké Liga,"RCMF, LDMF, RDMF",RCMF,60,LDMF,22,RDMF,17,19,2007-01-20,0,,5,276,0,0.24,0,0.0,12.07,48.65,Senegal,['Senegal'],,0,0,False,6.52,4.24,53.85,1.96,50.0,0.0,0.0,0.65,4.24,9.07,0.33,0,0.0,0,0.0,0.98,0.0,0,0.0,0.08,0,0.0,2,0.65,50.0,0.0,0.0,0.65,0.0,0.0,0.0,0.65,0.0,0.33,0.98,66.67,5.54,47.06,0.33,1.63,0.0,43.37,1.3,0.98,54.13,87.35,13.04,72.5,12.07,97.3,48.59,91.95,4.89,53.33,18.64,32.35,0.0,0.0,0.0,0.33,0.0,0.0,0.0,7.83,70.83,1.3,0.0,0.0,0.0,0.0,0.0,6.52,70.0,91.43,22.83,0,,0,,0,0.0,0.0,0.0,,,2.2800000000000002,,1.96,0.0,0.0,0.0,0.0,0,0
F. Dlubáč,Filip Dlubáč,-254069,Komárno,Komárno,https://cdn5.wyscout.com/photos/team/public/g29815_120x120.png,Niké Liga,GK,GK,100,,0,,0,25,2001-02-15,0,,3,273,0,0.0,0,0.0,0.0,0.0,Slovakia,['Slovakia'],,0,0,False,0.66,0.0,0.0,0.0,0.0,0.0,0.0,0.0,0.66,0.9400000000000001,0.33,0,0.0,1,0.33,0.0,0.0,0,0.0,0.0,0,0.0,0,0.0,0.0,0.0,0.0,0.0,0.0,0.0,0.0,0.0,0.0,0.0,0.0,0.0,0.0,0.0,0.0,0.0,0.0,34.29,0.0,0.0,47.14,84.62,21.43,69.23,0.0,0.0,32.31,98.98,14.84,53.33,29.82,47.41,0.0,0.0,0.0,0.0,0.0,0.0,0.0,3.96,41.67,0.33,0.0,0.0,0.0,0.0,0.0,10.22,61.29,97.26,24.07,4,1.32,14,4.62,0,71.43,2.61,0.86,-1.3900000000000001,-0.458,0.0,2.31,0.0,,,,0.0,0,0
K. Brosnan,Kai Brosnan,-666972,Zemplín Michalovce,Zemplín Michalovce,https://cdn5.wyscout.com/photos/team/public/g3237_120x120.png,Niké Liga,"AMF, CF, RWF",AMF,51,CF,35,RWF,12,24,2002-04-28,0,2027-06-30,5,269,1,1.52,0,0.21,16.39,55.1,England,['England'],,0,0,False,5.02,4.01,66.67,2.34,14.29,1.0,1.34,0.0,1.34,1.79,1.34,0,0.0,0,0.0,4.35,0.33,1,0.33,0.51,0,0.0,10,3.35,30.0,10.0,0.0,2.68,25.0,1.67,0.0,1.0,66.67,0.67,3.35,80.0,8.03,62.5,6.02,1.67,0.33,18.07,2.68,1.34,21.08,79.37,2.68,87.5,7.7,100.0,18.07,87.04,0.33,100.0,17.26,9.13,0.07,0.67,0.0,0.0,0.0,0.0,1.0,1.0,100.0,0.33,0.0,0.0,0.0,0.33,1.34,2.01,83.33,72.22,6.02,0,,0,,0,0.0,0.0,0.0,,,0.0,,2.34,0.0,0.0,0.0,0.67,0,0
D. Gallovič,Dávid Gallovič,359643,FC Košice,FC Košice,https://cdn5.wyscout.com/photos/team/public/g-12653_120x120.png,Niké Liga,"LCMF, LCMF3",LCMF,89,LCMF3,10,,0,30,1996-04-23,150000,,4,266,1,0.14,0,0.21,16.24,56.25,Slovakia,['Slovakia'],right,178,71,False,7.44,8.12,62.5,1.02,33.33,0.0,0.0,0.68,2.37,3.13,2.03,0,0.0,0,0.0,1.02,0.34,1,0.34,0.05,0,0.0,4,1.35,25.0,25.0,0.0,0.0,0.0,0.0,0.0,0.0,0.0,0.0,1.02,66.67,5.08,46.67,0.0,1.35,0.34,20.98,0.68,2.03,28.76,85.88,8.12,62.5,7.44,100.0,27.41,88.89,1.35,25.0,14.68,23.41,0.07,1.02,0.34,0.0,0.0,0.0,0.68,2.71,75.0,1.69,20.0,0.0,0.0,1.02,0.0,3.38,60.0,91.3,7.78,0,,0,,0,0.0,0.0,0.0,,,0.0,,1.02,0.0,0.0,0.0,0.0,0,0
K. Bajrič,Kenan Bajrič,239574,Slovan Bratislava,Slovan Bratislava,https://cdn5.wyscout.com/photos/team/public/1218_120x120.png,Niké Liga,RCB,RCB,100,,0,,0,31,1994-12-20,1200000,2028-06-30,3,266,1,0.53,0,0.0,8.12,70.83,Slovenia,['Slovenia'],right,190,80,False,5.08,2.71,62.5,2.71,50.0,0.0,0.0,1.35,3.38,8.57,0.68,0,0.0,0,0.0,1.02,0.34,1,0.34,0.18,1,0.34,3,1.02,66.67,33.333,0.0,0.0,0.0,0.0,0.0,0.0,0.0,0.0,0.34,100.0,1.02,100.0,1.69,2.03,0.0,76.8,1.35,1.35,95.41,95.74,31.47,91.4,4.4,100.0,92.37,97.07,3.05,55.56,19.97,39.26,0.0,0.0,0.34,0.0,0.0,0.0,0.0,9.14,88.89,1.35,25.0,0.0,0.0,1.02,0.0,10.15,80.0,98.69,51.77,0,,0,,0,0.0,0.0,0.0,,,2.37,,2.71,0.0,0.0,0.0,0.0,0,0
P. Baleja,Patrik Baleja,-294947,Žilina,Žilina,https://cdn5.wyscout.com/photos/team/public/1219_120x120.png,Niké Liga,"RWF, RWB, LWB",RWF,51,RWB,30,LWB,18,19,2007-07-23,0,2028-12-31,4,262,0,0.21,0,0.17,6.53,52.63,Slovakia,['Slovakia'],unknown,0,0,False,4.47,1.72,60.0,1.37,25.0,0.0,0.0,0.0,3.44,5.5600000000000005,0.34,1,0.34,0,0.0,2.06,0.0,0,0.0,0.07,0,0.0,3,1.03,33.33,0.0,0.0,1.37,75.0,0.6900000000000001,100.0,0.6900000000000001,50.0,0.0,0.6900000000000001,100.0,2.75,50.0,1.03,0.0,0.0,23.7,0.6900000000000001,0.34,32.98,83.33,8.59,60.0,7.5600000000000005,90.91,29.2,85.88,2.75,62.5,15.74,31.02,0.06,0.6900000000000001,0.34,0.0,0.34,0.0,0.34,4.47,69.23,2.75,62.5,0.34,0.0,0.34,1.03,5.15,80.0,93.55,10.65,0,,0,,0,0.0,0.0,0.0,,,0.0,,1.37,0.0,0.0,0.0,2.06,0,0
M. Roginić,Marko Roginić,317631,Žilina,Žilina,https://cdn5.wyscout.com/photos/team/public/1219_120x120.png,Niké Liga,CF,CF,100,,0,,0,30,1995-09-05,200000,2027-12-31,6,261,0,0.37,0,0.12,15.17,43.18,Croatia,['Croatia'],right,188,80,False,3.79,2.76,62.5,2.76,50.0,0.0,0.0,0.34,2.07,3.83,1.03,1,0.34,0,0.0,0.6900000000000001,0.0,0,0.0,0.13,0,0.0,6,2.07,0.0,0.0,0.0,0.34,0.0,0.34,0.0,0.0,0.0,0.0,1.03,66.67,7.59,36.36,5.17,1.03,0.0,15.52,2.76,1.72,20.0,72.41,5.52,43.75,6.9,90.0,18.97,72.73,0.6900000000000001,100.0,11.38,10.06,0.04,1.03,0.0,0.0,0.34,0.0,0.6900000000000001,0.6900000000000001,100.0,2.76,50.0,0.34,0.0,1.38,0.0,2.07,83.33,80.0,3.45,0,,0,,0,0.0,0.0,0.0,,,0.0,,2.76,0.0,0.0,0.0,0.0,0,0
Juanmi Carrión,Juan Miguel Carrión Gallardo,420292,Spartak Trnava,Spartak Trnava,https://cdn5.wyscout.com/photos/team/public/1291_120x120.png,Niké Liga,LB,LB,100,,0,,0,29,1997-08-26,200000,2028-06-30,4,260,1,0.08,0,0.73,11.42,42.42,Spain,['Spain'],left,177,73,False,6.23,5.54,50.0,1.38,25.0,0.0,0.0,0.0,3.46,5.17,0.35000000000000003,0,0.0,0,0.0,3.46,0.35000000000000003,1,0.35000000000000003,0.03,0,0.0,2,0.6900000000000001,50.0,50.0,0.0,4.5,53.85,4.5,53.85,0.0,0.0,0.35000000000000003,1.73,40.0,3.46,30.0,0.35000000000000003,0.35000000000000003,0.0,31.85,1.04,0.0,43.96,77.95,15.58,64.44,9.35,96.3,34.96,83.17,4.85,64.29,18.33,38.19,0.25,1.73,0.0,0.0,0.0,0.0,1.73,4.85,78.57,5.88,47.06,0.0,0.0,0.6900000000000001,2.08,7.96,73.91,76.32,13.15,0,,0,,0,0.0,0.0,0.0,,,1.04,,1.38,0.35000000000000003,0.35000000000000003,0.0,1.38,0,0
P. Mamadou Diouf,Papa Mamadou Diouf,-811525,Trenčín,Trenčín,https://cdn5.wyscout.com/photos/team/public/3710_120x120.png,Niké Liga,LCB,LCB,100,,0,,0,20,2006-01-03,0,,4,258,0,0.0,0,0.0,13.95,47.5,Senegal,['Senegal'],left,0,0,False,8.02,5.93,35.29,2.44,57.14,0.0,0.0,1.4,5.93,8.79,1.05,1,0.35000000000000003,0,0.0,0.35000000000000003,0.0,0,0.0,0.0,0,0.0,1,0.35000000000000003,0.0,0.0,0.0,0.0,0.0,0.0,0.0,0.0,0.0,0.0,0.35000000000000003,100.0,2.44,71.43,0.0,0.35000000000000003,0.0,38.37,0.7000000000000001,1.4,49.53,87.32,18.14,67.31,2.44,100.0,42.56,94.26,6.98,45.0,26.05,48.62,0.0,0.0,0.0,0.0,0.0,0.0,0.0,4.53,46.15,0.7000000000000001,0.0,0.0,0.0,0.35000000000000003,0.0,6.63,57.89,100.0,25.47,0,,0,,0,0.0,0.0,0.0,,,2.44,,2.44,0.0,0.0,0.0,0.0,0,0
S. Ouro,Samsondin Ouro,-155437,DAC,DAC,https://cdn5.wyscout.com/photos/team/public/1224_120x120.png,Niké Liga,"RDMF, RCMF",RDMF,68,RCMF,31,,0,26,2000-03-02,0,2028-06-30,3,258,1,0.76,2,0.9400000000000001,16.4,55.32,Germany,"['Germany', 'Togo']",left,183,77,False,7.33,4.19,75.0,1.74,40.0,0.0,0.0,1.05,4.19,6.79,1.05,1,0.35000000000000003,0,0.0,3.49,0.35000000000000003,1,0.35000000000000003,0.27,0,0.0,8,2.79,25.0,12.5,0.7000000000000001,0.7000000000000001,50.0,0.0,0.0,0.7000000000000001,50.0,0.0,3.49,70.0,9.77,50.0,3.14,1.05,0.0,18.84,0.35000000000000003,1.74,26.86,87.01,9.77,85.71,5.93,100.0,24.42,88.57,1.74,80.0,19.52,52.97,0.33,3.49,0.7000000000000001,0.35000000000000003,0.0,0.0,2.09,1.74,100.0,1.4,75.0,0.0,0.0,1.74,0.7000000000000001,3.49,80.0,85.71,9.77,0,,0,,0,0.0,0.0,0.0,,,2.44,,1.74,0.7000000000000001,0.0,0.0,3.84,0,0
D. Poltak,David Poltak,-436713,Spartak Trnava,Spartak Trnava,https://cdn5.wyscout.com/photos/team/public/1291_120x120.png,Niké Liga,CF,CF,100,,0,,0,17,2008-09-09,0,,4,257,2,2.25,1,0.34,18.21,34.62,Slovakia,['Slovakia'],unknown,0,0,False,2.8,4.2,50.0,7.35,28.57,0.0,0.0,0.35000000000000003,0.7000000000000001,1.03,1.75,0,0.0,0,0.0,1.75,0.7000000000000001,2,0.7000000000000001,0.79,0,0.0,5,1.75,100.0,40.0,0.35000000000000003,1.75,0.0,1.4,0.0,0.35000000000000003,0.0,0.0,0.0,0.0,5.25,40.0,5.25,0.7000000000000001,0.0,8.4,1.05,1.4,11.91,64.71,1.75,80.0,2.8,87.5,9.46,74.07,0.7000000000000001,100.0,13.9,10.57,0.12,0.7000000000000001,0.0,0.0,0.0,0.0,1.05,0.7000000000000001,100.0,2.1,33.33,0.0,0.0,1.05,0.0,0.7000000000000001,100.0,50.0,3.5,0,,0,,0,0.0,0.0,0.0,,,0.0,,7.35,0.0,0.0,0.0,0.0,0,0
K. Taylor-Hart,Kido Taylor-Hart,-84150,Zemplín Michalovce,Zemplín Michalovce,https://cdn5.wyscout.com/photos/team/public/g3237_120x120.png,Niké Liga,"AMF, CF",AMF,73,CF,21,,0,23,2002-09-30,0,2027-06-30,5,257,0,0.14,0,0.06,17.86,37.25,England,"['England', 'Jamaica']",left,0,0,False,4.2,4.2,66.67,2.1,33.33,0.0,0.0,0.0,1.4,2.03,0.7000000000000001,0,0.0,0,0.0,1.75,0.0,0,0.0,0.05,0,0.0,2,0.7000000000000001,50.0,0.0,0.0,0.35000000000000003,0.0,0.35000000000000003,0.0,0.0,0.0,0.0,1.75,80.0,10.86,25.81,2.1,3.15,0.0,17.51,0.7000000000000001,1.4,22.41,84.38,5.6,75.0,9.46,92.59,21.01,86.67,1.05,66.67,14.83,26.09,0.02,0.7000000000000001,0.0,0.0,0.0,0.0,0.35000000000000003,1.75,60.0,2.1,50.0,0.0,0.0,1.75,0.0,1.4,100.0,88.89,3.15,0,,0,,0,0.0,0.0,0.0,,,0.0,,2.1,0.0,0.0,0.0,0.35000000000000003,0,0
J. Paur,Jakub Paur,191160,Trenčín,Trenčín,https://cdn5.wyscout.com/photos/team/public/3710_120x120.png,Niké Liga,CF,CF,100,,0,,0,34,1992-07-04,150000,2027-06-30,4,257,1,0.62,0,0.04,9.81,25.0,Slovakia,['Slovakia'],right,185,77,False,2.1,2.8,12.5,3.85,27.27,0.35000000000000003,0.58,0.0,1.4,2.31,2.1,1,0.35000000000000003,0,0.0,0.35000000000000003,0.35000000000000003,1,0.35000000000000003,0.22,1,0.35000000000000003,5,1.75,20.0,20.0,0.0,0.35000000000000003,0.0,0.0,0.0,0.35000000000000003,0.0,0.0,0.0,0.0,3.15,33.33,2.8,0.7000000000000001,0.0,14.36,2.8,0.7000000000000001,18.91,83.33,4.55,53.85,4.55,100.0,17.16,85.71,1.4,75.0,14.09,21.4,0.01,0.35000000000000003,0.0,0.0,0.0,0.0,0.7000000000000001,1.4,75.0,1.4,50.0,0.0,0.0,0.35000000000000003,0.0,1.05,100.0,93.33,5.25,0,,0,,0,0.0,0.0,0.0,,,0.0,,3.85,0.35000000000000003,0.35000000000000003,0.0,0.0,0,0
T. Slebodník,Tibor Slebodník,-131481,Dukla Banská Bystrica,Dukla Banská Bystrica,https://cdn5.wyscout.com/photos/team/public/g39880_120x120.png,Niké Liga,"AMF, LWF, CF",AMF,38,LWF,19,CF,15,25,2000-09-21,0,2027-06-30,6,257,0,0.19,0,0.13,21.01,48.33,Slovakia,['Slovakia'],right,178,76,False,8.75,8.75,48.0,2.8,25.0,0.35000000000000003,0.35000000000000003,0.35000000000000003,4.2,4.24,2.45,0,0.0,0,0.0,1.05,0.0,0,0.0,0.07,0,0.0,5,1.75,20.0,0.0,0.0,1.05,0.0,0.0,0.0,1.05,0.0,0.35000000000000003,1.05,66.67,7.7,45.45,0.35000000000000003,1.05,0.0,24.16,1.4,2.1,31.52,73.33,13.66,79.49,4.2,91.67,27.67,79.75,2.8,37.5,16.43,42.22,0.05,0.7000000000000001,0.0,0.0,0.0,0.0,0.7000000000000001,5.6,75.0,3.5,60.0,0.0,0.0,0.7000000000000001,0.35000000000000003,6.3,72.22,56.25,5.6,0,,0,,0,0.0,0.0,0.0,,,0.0,,2.8,0.7000000000000001,0.35000000000000003,100.0,0.0,0,0
Lukas Domanisky,Lukas Domaniský,-420423,Podbrezová,Podbrezová,https://cdn5.wyscout.com/photos/team/public/g1984_120x120.png,Niké Liga,GK,GK,100,,0,,0,22,2004-08-09,0,,3,255,0,0.0,0,0.0,0.71,100.0,Slovakia,['Slovakia'],unknown,0,0,False,0.0,0.0,0.0,0.0,0.0,0.0,0.0,0.0,0.0,0.0,0.0,0,0.0,0,0.0,0.0,0.0,0,0.0,0.0,0,0.0,0,0.0,0.0,0.0,0.0,0.0,0.0,0.0,0.0,0.0,0.0,0.0,0.0,0.0,0.71,100.0,0.0,0.0,0.0,18.71,0.71,0.71,27.88,72.15,13.76,53.85,0.0,0.0,17.29,95.92,10.59,33.33,34.53,50.02,0.0,0.0,0.0,0.0,0.0,0.0,0.0,3.18,22.22,0.0,0.0,0.0,0.0,0.0,0.0,8.47,45.83,91.89,13.06,4,1.4100000000000001,11,3.88,0,63.64,4.52,1.6,0.52,0.184,0.0,1.06,0.0,,,,0.0,0,0
P. Jevos,Patrik Jevos,-447863,Ružomberok,Ružomberok,https://cdn5.wyscout.com/photos/team/public/1295_120x120.png,Niké Liga,"RW, RWB",RW,74,RWB,25,,0,19,2007-08-20,0,2027-06-30,5,255,0,0.03,0,0.0,16.59,48.94,Slovakia,['Slovakia'],unknown,0,0,False,5.65,5.29,73.33,2.12,33.33,0.0,0.0,0.0,1.76,2.27,0.71,0,0.0,0,0.0,0.71,0.0,0,0.0,0.01,0,0.0,1,0.35000000000000003,0.0,0.0,0.0,1.4100000000000001,0.0,0.0,0.0,1.4100000000000001,0.0,0.0,1.76,40.0,7.06,35.0,1.4100000000000001,0.35000000000000003,0.0,15.88,1.76,2.12,16.24,73.91,4.24,41.67,4.94,100.0,14.12,82.5,1.06,33.33,19.95,26.72,0.0,0.0,0.0,0.0,0.0,0.0,0.0,1.76,20.0,0.71,50.0,0.0,0.0,1.06,0.0,1.4100000000000001,75.0,83.33,4.24,0,,0,,0,0.0,0.0,0.0,,,0.0,,2.12,0.0,0.0,0.0,0.0,0,0
А. Tučný,Adam Tučný,-169187,Ružomberok,Ružomberok,https://cdn5.wyscout.com/photos/team/public/1295_120x120.png,Niké Liga,LW,LW,84,,0,,0,24,2002-05-21,225000,2027-05-31,6,255,0,0.61,0,0.32,16.59,44.68,Slovakia,['Slovakia'],left,178,72,False,6.35,4.59,61.54,1.4100000000000001,50.0,0.0,0.0,0.0,3.5300000000000002,4.35,0.35000000000000003,0,0.0,0,0.0,2.12,0.0,0,0.0,0.22,0,0.0,7,2.47,14.29,0.0,0.0,2.47,28.57,2.47,28.57,0.0,0.0,0.35000000000000003,2.47,42.86,8.12,39.13,2.12,2.12,0.0,14.12,0.71,2.47,19.06,62.96,5.65,43.75,3.5300000000000002,90.0,15.18,69.77,1.76,40.0,14.53,22.01,0.11,0.71,0.0,0.0,0.0,0.0,0.0,1.4100000000000001,100.0,1.4100000000000001,50.0,0.0,0.0,0.35000000000000003,0.71,2.47,14.29,69.23,4.59,0,,0,,0,0.0,0.0,0.0,,,0.0,,1.4100000000000001,1.06,0.35000000000000003,100.0,0.35000000000000003,0,0
M. Rehuš,Milan Rehuš,-191380,FC Košice,FC Košice,https://cdn5.wyscout.com/photos/team/public/g-12653_120x120.png,Niké Liga,CF,CF,90,,0,,0,21,2005-08-04,0,2029-05-31,5,252,0,0.58,0,0.28,11.43,43.75,Slovakia,['Slovakia'],left,169,66,False,3.21,3.21,55.56,1.07,0.0,0.0,0.0,0.0,1.43,1.67,0.36,0,0.0,0,0.0,3.21,0.0,0,0.0,0.21,0,0.0,5,1.79,60.0,0.0,0.0,1.79,40.0,0.71,100.0,1.07,0.0,0.36,1.79,80.0,6.79,42.11,3.93,2.5,0.36,23.21,2.86,0.71,28.93,79.01,4.64,69.23,10.36,89.66,26.79,82.67,0.36,0.0,13.06,4.51,0.1,1.07,0.0,0.0,0.0,0.0,0.0,2.14,83.33,2.5,42.86,0.0,0.0,0.71,0.71,2.86,87.5,73.91,8.21,0,,0,,0,0.0,0.0,0.0,,,0.36,,1.07,0.36,0.0,0.0,0.36,0,0
A. Mustafić,Alen Mustafić,521110,Slovan Bratislava,Slovan Bratislava,https://cdn5.wyscout.com/photos/team/public/1218_120x120.png,Niké Liga,"RB, RCMF3, LCMF",RB,56,RCMF3,30,LCMF,12,27,1999-07-05,300000,2027-06-30,4,251,2,0.67,0,0.15,10.76,36.67,Bosnia and Herzegovina,['Bosnia and Herzegovina'],right,185,76,False,5.02,2.87,50.0,2.51,57.14,0.0,0.0,0.0,3.59,8.11,0.36,0,0.0,0,0.0,2.15,0.72,2,0.72,0.24,0,0.0,4,1.43,50.0,50.0,0.0,1.79,60.0,1.08,66.67,0.72,50.0,0.0,1.08,33.33,4.66,23.08,2.15,0.72,0.0,48.05,1.43,0.72,56.65,89.24,12.19,88.24,12.91,94.44,50.92,90.14,4.3,91.67,22.2,44.31,0.05,0.36,0.0,0.0,0.0,0.0,0.0,6.45,77.78,2.51,57.14,0.0,0.0,0.72,0.36,5.38,93.33,88.06,24.02,0,,0,,0,0.0,0.0,0.0,,,1.43,,2.51,0.0,0.0,0.0,0.36,0,0
A. Griger,Adam Griger,-152181,Slovan Bratislava,Slovan Bratislava,https://cdn5.wyscout.com/photos/team/public/1218_120x120.png,Niké Liga,CF,CF,100,,0,,0,22,2004-03-16,150000,2026-12-31,4,249,0,2.08,0,0.02,13.01,44.44,Slovakia,['Slovakia'],right,192,78,True,1.45,1.45,25.0,2.89,50.0,0.0,0.0,0.0,1.08,2.09,1.81,0,0.0,0,0.0,0.72,0.0,0,0.0,0.75,0,0.0,7,2.5300000000000002,14.29,0.0,0.0,0.36,100.0,0.36,100.0,0.0,0.0,0.0,0.0,0.0,5.42,46.67,5.06,0.36,0.0,11.93,2.89,1.81,13.01,86.11,0.72,100.0,4.34,91.67,12.29,85.29,0.36,100.0,13.36,11.5,0.01,0.36,0.0,0.36,0.0,0.0,0.0,0.72,100.0,0.0,0.0,0.0,0.0,0.72,0.0,0.72,100.0,90.91,3.98,0,,0,,0,0.0,0.0,0.0,,,0.0,,2.89,0.0,0.0,0.0,0.0,0,0
R. Čerepkai,Roman Čerepkai,-84519,Slovan Bratislava,Slovan Bratislava,https://cdn5.wyscout.com/photos/team/public/1218_120x120.png,Niké Liga,CF,CF,100,,0,,0,24,2002-04-06,0,2030-06-30,4,245,2,1.27,0,0.1,20.2,47.27,Slovakia,['Slovakia'],right,190,83,False,4.78,4.41,66.67,5.14,42.86,0.0,0.0,0.0,1.8399999999999999,2.83,0.73,0,0.0,0,0.0,2.5700000000000003,0.73,1,0.37,0.47000000000000003,0,0.0,5,1.8399999999999999,60.0,40.0,0.0,1.1,66.67,1.1,66.67,0.0,0.0,0.37,1.8399999999999999,40.0,9.55,42.31,3.31,0.73,0.37,17.63,1.8399999999999999,1.47,26.45,72.22,5.14,57.14,7.71,95.24,24.98,73.53,0.73,50.0,12.76,13.09,0.04,0.37,0.0,0.0,0.0,0.0,0.37,2.5700000000000003,28.57,2.5700000000000003,42.86,0.0,0.0,1.1,0.37,2.2,83.33,60.0,7.35,0,,0,,0,0.0,0.0,0.0,,,0.0,,5.14,0.37,0.0,0.0,1.1,1,100
V. Tóth,Viktor Tóth,468143,Dukla Banská Bystrica,Dukla Banská Bystrica,https://cdn5.wyscout.com/photos/team/public/g39880_120x120.png,Niké Liga,"RCMF3, RB, RCMF",RCMF3,38,RB,26,RCMF,19,28,1998-01-22,0,,4,244,0,0.31,0,0.0,12.17,45.45,Slovakia,['Slovakia'],,0,0,False,3.69,3.69,10.0,2.58,85.71,0.0,0.0,0.0,3.32,3.9699999999999998,2.58,3,1.11,1,0.37,0.37,0.0,0,0.0,0.11,0,0.0,3,1.11,33.33,0.0,0.0,1.48,0.0,0.0,0.0,1.48,0.0,0.37,0.0,0.0,4.43,50.0,2.95,0.37,0.37,11.07,1.11,1.8399999999999999,21.39,68.97,6.64,66.67,2.58,85.71,18.07,77.55,1.8399999999999999,40.0,15.91,29.92,0.0,0.0,0.0,0.0,0.0,0.0,0.0,1.8399999999999999,20.0,1.48,50.0,0.0,0.0,1.11,0.37,3.69,70.0,70.59,6.27,0,,0,,0,0.0,0.0,0.0,,,0.0,,2.58,0.0,0.0,0.0,0.0,0,0
L. Silagadze,Luka Silagadze,463167,Podbrezová,Podbrezová,https://cdn5.wyscout.com/photos/team/public/g1984_120x120.png,Niké Liga,"CF, AMF, LCMF3",CF,34,AMF,32,LCMF3,32,27,1999-04-21,200000,2027-12-31,6,241,0,0.42,0,1.3900000000000001,10.83,41.38,Georgia,['Georgia'],right,178,70,False,2.24,2.61,42.86,1.12,0.0,0.0,0.0,0.37,1.12,1.29,0.75,0,0.0,0,0.0,1.12,0.0,0,0.0,0.16,0,0.0,5,1.87,0.0,0.0,0.0,2.24,16.67,1.49,0.0,0.75,50.0,0.0,1.49,50.0,5.6,53.33,2.61,1.87,0.37,22.03,0.75,1.49,30.25,80.25,9.34,72.0,7.84,95.24,26.51,87.32,1.49,50.0,16.48,21.23,0.52,3.36,0.0,0.0,0.0,0.0,0.37,3.73,50.0,3.36,55.56,0.0,0.0,1.49,0.37,3.73,100.0,70.0,7.47,0,,0,,0,0.0,0.0,0.0,,,0.0,,1.12,1.49,0.0,0.0,4.11,0,0
P. Owusu,Prince Owusu,-738095,DAC,DAC,https://cdn5.wyscout.com/photos/team/public/1224_120x120.png,Niké Liga,"RAMF, RW, LAMF",RAMF,53,RW,34,LAMF,12,20,2006-01-27,0,2029-06-30,4,241,1,0.89,1,0.4,15.31,43.9,Ghana,['Ghana'],,0,0,False,2.99,4.48,50.0,1.12,33.33,0.0,0.0,0.0,0.75,1.28,0.37,0,0.0,0,0.0,3.36,0.37,1,0.37,0.33,0,0.0,8,2.99,62.5,12.5,0.37,1.12,33.33,0.0,0.0,1.12,33.33,0.37,2.61,42.86,8.96,45.83,4.48,2.61,0.0,20.91,2.24,1.12,22.78,86.89,5.6,80.0,5.98,93.75,21.29,91.23,0.37,0.0,13.42,6.87,0.15,1.49,0.0,0.37,0.37,0.0,1.12,0.75,100.0,2.61,57.14,0.37,0.0,1.87,0.37,1.87,100.0,80.0,5.6,0,,0,,0,0.0,0.0,0.0,,,0.0,,1.12,0.0,0.0,0.0,0.0,0,0
Alioune Sylla,Alioune Sylla,-289166,DAC,DAC,https://cdn5.wyscout.com/photos/team/public/1224_120x120.png,Niké Liga,"LW, RAMF, RW",LW,28,RAMF,24,RW,24,23,2003-01-25,0,2027-06-30,5,236,0,0.19,1,0.48,19.07,46.0,Senegal,"['Senegal', 'France']",unknown,180,0,False,3.05,5.34,42.86,4.58,50.0,0.0,0.0,0.0,0.76,1.62,1.53,2,0.76,0,0.0,1.53,0.0,0,0.0,0.07,0,0.0,2,0.76,0.0,0.0,0.38,2.29,33.33,1.53,25.0,0.76,50.0,0.0,1.53,50.0,6.1,50.0,3.43,1.9100000000000001,0.38,21.36,2.29,1.9100000000000001,24.79,78.46,6.48,70.59,6.48,94.12,22.12,84.48,0.76,0.0,21.61,20.05,0.18,1.1400000000000001,0.0,0.0,0.0,0.0,1.1400000000000001,2.67,71.43,3.43,55.56,0.0,0.0,1.9100000000000001,1.1400000000000001,3.43,77.78,68.75,6.1,0,,0,,0,0.0,0.0,0.0,,,0.38,,4.58,0.0,0.0,0.0,0.0,0,0
J. Považanec,Jakub Považanec,83525,Dukla Banská Bystrica,Dukla Banská Bystrica,https://cdn5.wyscout.com/photos/team/public/g39880_120x120.png,Niké Liga,"RCMF, LCMF, RDMF",RCMF,35,LCMF,20,RDMF,14,35,1991-01-31,75000,2027-06-30,5,234,0,0.0,1,0.22,12.69,39.39,Slovakia,['Slovakia'],right,181,78,False,6.15,6.92,50.0,0.38,0.0,0.38,0.45,0.0,2.31,2.73,1.15,1,0.38,0,0.0,0.38,0.0,0,0.0,0.0,0,0.0,1,0.38,0.0,0.0,0.38,0.77,0.0,0.0,0.0,0.77,0.0,0.0,0.38,100.0,4.62,16.67,0.38,1.15,0.38,21.92,0.0,0.38,35.38,75.0,18.08,68.09,2.31,100.0,26.54,84.06,8.08,52.38,22.89,41.62,0.08,0.77,0.0,0.0,0.0,0.0,0.38,6.92,50.0,2.69,42.86,0.0,0.0,1.15,0.38,5.77,66.67,87.1,11.92,0,,0,,0,0.0,0.0,0.0,,,0.38,,0.38,1.15,0.0,0.0,0.38,0,0
S. Ďatko,Samuel Ďatko,-51763,Žilina,Žilina,https://cdn5.wyscout.com/photos/team/public/1219_120x120.png,Niké Liga,"LWF, RWB, LCMF",LWF,42,RWB,41,LCMF,14,25,2001-06-24,400000,2026-12-31,6,233,0,0.5,0,0.09,13.91,41.67,Slovakia,['Slovakia'],right,177,67,False,5.41,3.48,33.33,0.77,0.0,0.39,0.6000000000000001,0.0,3.86,6.0,1.16,0,0.0,0,0.0,3.09,0.0,0,0.0,0.19,0,0.0,5,1.9300000000000002,60.0,0.0,0.0,3.09,0.0,1.55,0.0,1.55,0.0,0.0,3.48,55.56,8.11,52.38,2.32,3.09,0.0,29.36,2.7,1.16,35.54,79.35,7.34,84.21,6.18,93.75,31.29,87.65,1.16,66.67,18.93,21.9,0.03,0.39,0.0,0.0,0.0,0.0,1.16,3.86,70.0,3.48,44.44,0.0,0.0,1.9300000000000002,0.39,5.79,60.0,76.47,13.13,0,,0,,0,0.0,0.0,0.0,,,1.16,,0.77,0.39,0.0,0.0,1.55,0,0
N. Kubala,Nikolas  Kubala,-616372,,Dukla Banská Bystrica,,,"RWF, RW, LWF",RWF,42,RW,26,LWF,24,18,2007-12-27,0,,3,233,0,0.11,0,0.48,12.75,57.58,Slovakia,['Slovakia'],unknown,0,0,False,7.73,5.79,60.0,2.7,57.14,0.0,0.0,0.0,4.25,4.71,1.16,0,0.0,0,0.0,1.55,0.0,0,0.0,0.04,0,0.0,2,0.77,0.0,0.0,0.0,3.09,25.0,0.77,50.0,2.32,16.67,1.16,1.16,66.67,3.86,50.0,1.16,1.9300000000000002,0.39,13.91,0.39,1.16,17.0,63.64,4.25,45.45,6.57,88.24,12.75,72.73,1.55,75.0,16.71,40.64,0.19,1.16,0.0,0.0,0.0,0.0,0.77,1.55,75.0,3.48,33.33,0.0,0.0,0.39,0.39,3.48,55.56,54.55,4.25,0,,0,,0,0.0,0.0,0.0,,,0.0,,2.7,0.0,0.0,0.0,1.55,0,0
T. Pilling,Tommy Pilling,-133364,Zemplín Michalovce,Zemplín Michalovce,https://cdn5.wyscout.com/photos/team/public/g3237_120x120.png,Niké Liga,"LCMF3, LCMF, AMF",LCMF3,35,LCMF,33,AMF,17,21,2004-09-14,0,2029-06-30,4,233,0,0.27,0,0.17,13.52,57.14,England,['England'],right,0,0,False,5.02,5.41,57.14,1.16,66.67,0.0,0.0,0.39,1.9300000000000002,2.27,0.77,0,0.0,0,0.0,1.55,0.0,0,0.0,0.1,0,0.0,2,0.77,50.0,0.0,0.0,0.39,0.0,0.0,0.0,0.39,0.0,0.39,1.55,75.0,6.57,52.94,1.16,0.39,0.0,17.0,0.39,3.09,23.95,79.03,9.66,60.0,5.02,92.31,20.86,87.04,2.7,28.57,20.3,19.98,0.07,0.77,0.0,0.0,0.0,0.0,0.77,3.86,70.0,0.39,0.0,0.0,0.0,0.77,0.0,4.25,54.55,93.75,6.18,0,,0,,0,0.0,0.0,0.0,,,1.16,,1.16,0.0,0.0,0.0,0.0,0,0
M. Ďuriš,Michal Ďuriš,38083,Dukla Banská Bystrica,Dukla Banská Bystrica,https://cdn5.wyscout.com/photos/team/public/g39880_120x120.png,Niké Liga,"CF, RCMF",CF,64,RCMF,35,,0,38,1988-06-01,150000,2027-06-30,3,231,0,0.7000000000000001,0,0.34,15.97,34.15,Slovakia,['Slovakia'],right,183,75,False,2.73,2.34,16.67,6.23,25.0,0.0,0.0,0.0,2.34,2.34,1.9500000000000002,1,0.39,0,0.0,1.17,0.0,0,0.0,0.27,0,0.0,5,1.9500000000000002,20.0,0.0,0.0,0.39,100.0,0.39,100.0,0.0,0.0,0.0,0.78,50.0,5.45,35.71,2.73,0.0,0.39,7.4,0.78,1.9500000000000002,10.91,82.14,2.73,71.43,3.12,87.5,10.13,80.77,0.39,100.0,16.86,14.05,0.13,0.78,0.39,0.0,0.0,0.0,0.78,1.56,75.0,0.78,100.0,0.0,0.0,0.78,0.39,1.56,100.0,100.0,4.29,0,,0,,0,0.0,0.0,0.0,,,0.0,,6.23,0.0,0.0,0.0,0.0,0,0
B. Damjanović,Bojan  Damjanović,-336249,FC Košice,FC Košice,https://cdn5.wyscout.com/photos/team/public/g-12653_120x120.png,Niké Liga,RCB3,RCB3,100,,0,,0,20,2006-06-06,0,2027-12-31,3,227,0,0.0,1,0.18,9.52,45.83,Montenegro,['Montenegro'],right,194,0,True,11.1,4.36,45.45,2.7800000000000002,57.14,0.4,0.5700000000000001,0.79,8.72,12.45,1.5899999999999999,2,0.79,1,0.4,1.19,0.0,0,0.0,0.0,0,0.0,0,0.0,0.0,0.0,0.4,1.19,100.0,0.0,0.0,1.19,100.0,0.4,0.0,0.0,1.5899999999999999,25.0,0.0,0.0,0.0,19.82,0.4,0.0,28.55,80.56,14.27,69.44,3.17,100.0,21.41,88.89,5.95,46.67,21.95,39.76,0.07,0.4,0.0,0.0,0.0,0.0,0.4,7.93,60.0,1.5899999999999999,75.0,0.0,0.0,0.0,1.19,7.93,80.0,90.48,8.33,0,,0,,0,0.0,0.0,0.0,,,1.19,,2.7800000000000002,0.4,0.0,0.0,0.0,0,0
D. Kam,Dylann Kam,-232342,Trenčín,Trenčín,https://cdn5.wyscout.com/photos/team/public/3710_120x120.png,Niké Liga,"RW, RWF",RW,62,RWF,31,,0,21,2004-10-21,0,2027-06-30,4,227,0,0.23,0,0.14,17.05,39.53,Burkina Faso,['Burkina Faso'],,0,0,False,5.55,4.36,54.55,1.98,20.0,0.0,0.0,0.0,3.17,4.44,0.4,0,0.0,0,0.0,2.7800000000000002,0.0,0,0.0,0.09,0,0.0,2,0.79,50.0,0.0,0.0,3.17,25.0,0.0,0.0,3.17,25.0,0.4,3.5700000000000003,44.44,9.91,40.0,2.7800000000000002,2.7800000000000002,0.4,19.43,0.79,1.98,26.96,75.0,3.96,60.0,10.31,80.77,23.39,81.36,0.79,50.0,15.36,27.47,0.06,1.19,0.0,0.0,0.0,0.0,0.79,0.4,100.0,1.5899999999999999,25.0,0.0,0.0,0.4,0.79,3.17,50.0,57.14,5.55,0,,0,,0,0.0,0.0,0.0,,,0.79,,1.98,0.0,0.0,0.0,0.0,0,0
A. Maroš,Alexej Maroš,-420667,Slovan Bratislava,Slovan Bratislava,https://cdn5.wyscout.com/photos/team/public/1218_120x120.png,Niké Liga,"LW, RW",LW,72,RW,27,,0,21,2005-01-03,0,2029-06-30,3,223,1,1.3900000000000001,2,1.34,16.95,35.71,Slovakia,['Slovakia'],unknown,0,0,False,2.83,2.83,42.86,1.6099999999999999,25.0,0.0,0.0,0.0,1.6099999999999999,3.24,0.81,0,0.0,0,0.0,7.67,0.4,1,0.4,0.56,1,0.4,8,3.23,25.0,12.5,0.81,5.65,64.29,2.42,66.67,3.23,62.5,0.81,6.46,50.0,11.3,32.14,7.67,4.04,0.4,33.09,3.23,0.81,35.52,87.5,5.25,84.62,13.72,100.0,29.46,91.78,1.21,66.67,15.58,40.13,0.54,2.83,0.0,0.0,0.0,0.0,2.83,1.21,100.0,6.46,81.25,0.0,0.0,2.02,3.23,8.07,90.0,83.33,9.69,0,,0,,0,0.0,0.0,0.0,,,0.0,,1.6099999999999999,1.21,0.0,0.0,0.4,0,0
L. Mehmeti,Lorent Mehmeti,-130388,Spartak Trnava,Spartak Trnava,https://cdn5.wyscout.com/photos/team/public/1291_120x120.png,Niké Liga,"RAMF, RW, CF",RAMF,65,RW,15,CF,14,22,2004-01-03,0,2029-06-30,6,218,0,0.18,1,0.13,10.73,38.46,Sweden,['Sweden'],left,176,63,False,4.54,4.13,50.0,1.24,0.0,0.0,0.0,0.8300000000000001,2.48,4.0,0.8300000000000001,0,0.0,0,0.0,2.48,0.0,0,0.0,0.07,0,0.0,5,2.06,20.0,0.0,0.41000000000000003,2.48,33.33,0.0,0.0,2.48,33.33,0.8300000000000001,2.48,50.0,5.37,38.46,3.7199999999999998,1.24,0.0,16.93,1.65,0.8300000000000001,21.88,69.81,5.78,42.86,4.54,90.91,17.75,74.42,1.65,75.0,18.88,23.97,0.06,0.41000000000000003,0.0,0.0,0.0,0.0,0.41000000000000003,2.48,66.67,2.06,40.0,0.0,0.0,0.0,0.8300000000000001,2.06,60.0,84.21,7.84,0,,0,,0,0.0,0.0,0.0,,,0.0,,1.24,0.0,0.0,0.0,0.0,0,0
P. Guinari,Peter Guinari,-266674,Skalica,Skalica,https://cdn5.wyscout.com/photos/team/public/g24757_120x120.png,Niké Liga,LCB,LCB,97,,0,,0,25,2001-06-02,0,,3,217,0,0.21,0,0.12,12.86,48.39,Central African Republic,"['Central African Republic', 'Germany']",right,188,90,False,7.88,4.15,60.0,5.8100000000000005,42.86,0.0,0.0,1.24,5.39,8.13,0.8300000000000001,0,0.0,1,0.41000000000000003,0.0,0.0,0,0.0,0.09,0,0.0,1,0.41000000000000003,0.0,0.0,0.0,0.0,0.0,0.0,0.0,0.0,0.0,0.0,0.0,0.0,1.24,33.33,1.24,0.0,0.0,20.32,0.0,0.41000000000000003,32.76,91.14,9.54,73.91,2.49,83.33,29.45,94.37,3.32,62.5,19.4,37.0,0.05,0.41000000000000003,0.0,0.0,0.0,0.0,0.41000000000000003,1.6600000000000001,75.0,0.0,0.0,0.0,0.0,0.8300000000000001,0.0,3.73,44.44,100.0,17.0,0,,0,,0,0.0,0.0,0.0,,,0.8300000000000001,,5.8100000000000005,0.0,0.0,0.0,0.0,0,0
S. Juklerød,Simen  Kristiansen Juklerød,258359,DAC,DAC,https://cdn5.wyscout.com/photos/team/public/1224_120x120.png,Niké Liga,LB,LB,100,,0,,0,32,1994-05-18,400000,2027-06-30,3,209,0,0.0,0,0.4,14.64,52.94,Norway,['Norway'],left,187,79,False,8.18,7.32,70.59,1.72,50.0,0.43,0.86,0.0,2.58,5.14,0.43,1,0.43,0,0.0,3.44,0.0,0,0.0,0.0,0,0.0,0,0.0,0.0,0.0,0.0,2.58,83.33,2.15,80.0,0.43,100.0,0.0,1.29,100.0,4.31,40.0,1.72,0.86,0.43,31.87,2.15,0.0,46.08,84.11,22.82,84.91,9.04,85.71,40.91,84.21,3.01,85.71,17.43,44.53,0.17,1.29,0.0,0.0,0.0,0.0,0.86,6.46,86.67,2.15,80.0,0.43,0.0,0.43,1.72,10.77,68.0,89.47,8.18,0,,0,,0,0.0,0.0,0.0,,,0.43,,1.72,0.86,0.0,0.0,1.72,0,0
J. Palan,Jakub Palan,-463045,Komárno,Komárno,https://cdn5.wyscout.com/photos/team/public/g29815_120x120.png,Niké Liga,"LWB, RW",LWB,78,RW,10,,0,20,2006-06-08,0,2027-06-30,6,206,0,0.25,0,0.17,14.85,41.18,Czech Republic,['Czech Republic'],unknown,0,0,False,5.68,7.43,41.18,3.06,42.86,0.0,0.0,0.0,2.62,4.39,1.75,1,0.44,0,0.0,0.87,0.0,0,0.0,0.11,0,0.0,4,1.75,0.0,0.0,0.0,1.75,25.0,1.75,25.0,0.0,0.0,0.0,0.87,50.0,3.93,33.33,3.93,0.87,0.0,17.48,1.75,0.87,21.84,76.0,5.68,46.15,7.43,100.0,18.79,83.72,1.31,33.33,19.21,8.81,0.08,0.87,0.0,0.0,0.0,0.0,0.87,1.31,66.67,1.75,50.0,0.0,0.0,0.87,0.87,3.5,37.5,63.64,4.8100000000000005,0,,0,,0,0.0,0.0,0.0,,,0.0,,3.06,0.0,0.0,0.0,0.87,0,0
K. Dąbrowski,Maciej Kevin Dąbrowski,481971,FC Košice,FC Košice,https://cdn5.wyscout.com/photos/team/public/g-12653_120x120.png,Niké Liga,GK,GK,100,,0,,0,28,1998-06-09,250000,2027-06-30,2,199,0,0.0,0,0.0,0.0,0.0,Poland,['Poland'],right,197,81,False,0.0,0.0,0.0,0.0,0.0,0.0,0.0,0.0,0.0,0.0,0.0,0,0.0,0,0.0,0.0,0.0,0,0.0,0.0,0,0.0,0,0.0,0.0,0.0,0.0,0.0,0.0,0.0,0.0,0.0,0.0,0.0,0.0,0.0,0.0,0.0,0.0,0.0,0.0,6.78,0.0,0.0,11.76,76.92,6.78,60.0,0.0,0.0,6.33,92.86,5.43,58.33,36.36,52.16,0.0,0.0,0.0,0.0,0.0,0.0,0.0,0.45,0.0,0.45,0.0,0.0,0.0,0.0,0.0,4.52,70.0,100.0,4.97,7,3.17,13,5.88,0,46.15,5.02,2.27,-1.98,-0.895,0.0,0.9,0.0,,,,0.0,0,0
D. Magda,Daniel Magda,429679,FC Košice,FC Košice,https://cdn5.wyscout.com/photos/team/public/g-12653_120x120.png,Niké Liga,RCB3,RCB3,100,,0,,0,28,1997-11-25,200000,2027-06-30,3,199,0,0.01,0,0.1,10.85,50.0,Slovakia,['Slovakia'],right,184,80,False,9.95,7.24,50.0,1.81,50.0,0.0,0.0,0.0,6.33,7.92,1.3599999999999999,1,0.45,0,0.0,0.45,0.0,0,0.0,0.0,0,0.0,1,0.45,100.0,0.0,0.0,0.45,0.0,0.0,0.0,0.45,0.0,0.0,0.0,0.0,0.0,0.0,0.0,0.0,0.0,15.83,0.0,0.0,29.85,77.27,19.45,72.09,1.3599999999999999,100.0,26.23,84.48,3.17,28.57,12.93,35.43,0.04,0.45,0.45,0.0,0.0,0.0,0.45,7.69,64.71,0.9,0.0,0.0,0.0,0.0,0.0,9.95,72.73,86.67,6.78,0,,0,,0,0.0,0.0,0.0,,,1.3599999999999999,,1.81,0.0,0.0,0.0,0.0,0,0
Manasseh Kianga,Manasseh Kianga,-827543,Slovan Bratislava II,Slovan Bratislava,https://cdn5.wyscout.com/photos/team/public/g7891_120x120.png,2. liga,"RW, RWF, CF",RW,42,RWF,42,CF,14,24,2002-03-18,0,,3,199,2,1.07,2,0.34,16.28,47.22,England,['England'],,0,0,False,4.52,1.81,100.0,1.3599999999999999,33.33,0.0,0.0,0.45,2.71,5.8100000000000005,0.0,0,0.0,0,0.0,6.78,0.9,2,0.9,0.49,0,0.0,7,3.17,42.86,28.571,0.9,2.71,66.67,0.0,0.0,2.71,66.67,0.0,7.24,50.0,11.31,44.0,5.43,4.97,0.45,19.9,2.71,0.45,24.87,81.82,2.26,60.0,8.59,94.74,21.71,83.33,0.9,100.0,9.92,14.19,0.15,0.9,0.0,0.0,0.0,0.0,0.9,0.45,100.0,2.71,83.33,0.0,0.0,0.9,1.3599999999999999,1.3599999999999999,66.67,88.24,7.69,0,,0,,0,0.0,0.0,0.0,,,0.0,,1.3599999999999999,0.0,0.0,0.0,0.0,0,0
Andrei,Andrei Gabriele Florea,-141317,Žilina,Žilina,https://cdn5.wyscout.com/photos/team/public/1219_120x120.png,Niké Liga,"LWF, RWB, LCMF",LWF,57,RWB,26,LCMF,15,21,2005-05-30,0,2028-06-30,6,198,1,0.92,1,0.5700000000000001,17.27,52.63,Romania,"['Romania', 'Italy']",right,184,0,False,5.45,5.0,54.55,1.3599999999999999,66.67,0.45,0.77,0.0,2.27,3.85,2.27,1,0.45,0,0.0,2.27,0.45,1,0.45,0.42,0,0.0,6,2.73,33.33,16.667,0.45,0.91,0.0,0.91,0.0,0.0,0.0,0.45,1.82,75.0,9.55,57.14,2.27,3.18,0.0,26.82,1.82,3.64,29.09,84.38,7.27,62.5,5.91,92.31,25.91,89.47,2.27,60.0,14.99,32.01,0.26,0.91,0.0,0.0,0.0,0.0,0.45,3.18,85.71,1.3599999999999999,66.67,0.0,0.0,1.3599999999999999,0.0,3.64,75.0,93.75,7.27,0,,0,,0,0.0,0.0,0.0,,,0.0,,1.3599999999999999,0.0,0.0,0.0,0.0,0,0
M. Sláviček,Matúš Sláviček,-248474,Trenčín,Trenčín,https://cdn5.wyscout.com/photos/team/public/3710_120x120.png,Niké Liga,GK,GK,100,,0,,0,23,2003-07-11,25000,2028-06-30,2,198,0,0.0,0,0.0,0.91,50.0,Slovakia,['Slovakia'],right,193,82,False,1.3599999999999999,0.0,0.0,0.0,0.0,0.0,0.0,0.0,1.3599999999999999,2.09,0.0,0,0.0,0,0.0,0.45,0.0,0,0.0,0.0,0,0.0,0,0.0,0.0,0.0,0.0,0.0,0.0,0.0,0.0,0.0,0.0,0.0,0.45,100.0,0.45,100.0,0.0,0.0,0.0,25.0,0.91,0.0,40.45,89.89,18.64,80.49,0.0,0.0,29.09,96.88,11.36,72.0,29.12,41.82,0.0,0.0,0.0,0.0,0.0,0.0,0.0,0.91,0.0,0.0,0.0,0.0,0.0,0.0,0.0,8.18,61.11,97.87,21.36,5,2.27,13,5.91,0,61.54,5.53,2.52,0.53,0.241,0.0,3.18,0.0,,,,0.0,0,0
K. Bolaji,Kazeem  Bolaji,-245156,Dukla Banská Bystrica,Dukla Banská Bystrica,https://cdn5.wyscout.com/photos/team/public/g39880_120x120.png,Niké Liga,"LB, LW, LCB3",LB,46,LW,31,LCB3,21,23,2002-12-13,200000,,3,192,0,0.02,0,0.04,12.19,53.85,Nigeria,['Nigeria'],left,173,69,False,7.03,4.69,70.0,0.9400000000000001,0.0,0.0,0.0,0.0,3.75,3.58,0.47000000000000003,0,0.0,0,0.0,0.9400000000000001,0.0,0,0.0,0.01,0,0.0,1,0.47000000000000003,0.0,0.0,0.0,0.47000000000000003,100.0,0.47000000000000003,100.0,0.0,0.0,0.0,0.47000000000000003,100.0,4.69,50.0,0.47000000000000003,0.9400000000000001,0.47000000000000003,13.13,0.9400000000000001,0.9400000000000001,24.38,84.62,7.03,66.67,7.97,100.0,23.91,84.31,0.0,0.0,12.91,0.0,0.02,0.47000000000000003,0.0,0.0,0.0,0.0,0.47000000000000003,0.9400000000000001,0.0,0.0,0.0,0.0,0.0,0.0,0.47000000000000003,1.88,0.0,90.91,5.16,0,,0,,0,0.0,0.0,0.0,,,1.4100000000000001,,0.9400000000000001,0.0,0.0,0.0,0.0,0,0
F. Bahi,Franck Bahi,-151728,Zemplín Michalovce,Zemplín Michalovce,https://cdn5.wyscout.com/photos/team/public/g3237_120x120.png,Niké Liga,LB,LB,100,,0,,0,26,1999-12-20,0,2027-06-30,2,192,0,0.0,0,0.0,9.84,61.9,Guinea,['Guinea'],left,180,68,False,6.5600000000000005,4.69,60.0,2.34,80.0,0.0,0.0,0.0,3.75,4.21,1.4100000000000001,0,0.0,0,0.0,0.9400000000000001,0.0,0,0.0,0.0,0,0.0,0,0.0,0.0,0.0,0.0,1.4100000000000001,0.0,1.4100000000000001,0.0,0.0,0.0,0.47000000000000003,0.9400000000000001,100.0,1.88,75.0,0.47000000000000003,0.9400000000000001,0.0,18.28,0.9400000000000001,0.9400000000000001,28.13,68.33,13.59,62.07,4.22,100.0,22.97,77.55,4.22,33.33,19.83,34.3,0.0,0.0,0.0,0.0,0.0,0.0,0.0,3.75,50.0,2.34,40.0,0.0,0.0,0.47000000000000003,0.0,7.03,66.67,66.67,5.63,0,,0,,0,0.0,0.0,0.0,,,0.47000000000000003,,2.34,0.0,0.0,0.0,0.0,0,0
J. Krivák,Ján Krivák,437261,Podbrezová,Podbrezová,https://cdn5.wyscout.com/photos/team/public/g1984_120x120.png,Niké Liga,CB,CB,100,,0,,0,32,1993-11-10,125000,2027-06-30,2,191,0,0.0,0,0.0,7.07,60.0,Slovakia,['Slovakia'],right,186,81,False,9.9,3.3,57.14,1.88,50.0,0.47000000000000003,0.6000000000000001,1.4100000000000001,7.54,9.6,1.4100000000000001,1,0.47000000000000003,0,0.0,0.0,0.0,0,0.0,0.0,0,0.0,0,0.0,0.0,0.0,0.0,0.0,0.0,0.0,0.0,0.0,0.0,0.0,0.0,0.0,0.9400000000000001,50.0,0.0,0.47000000000000003,0.0,13.66,0.0,0.47000000000000003,28.74,85.25,10.37,81.82,2.36,100.0,27.33,87.93,1.4100000000000001,33.33,18.52,19.35,0.0,0.0,0.0,0.0,0.0,0.0,0.0,1.4100000000000001,66.67,0.0,0.0,0.0,0.0,0.0,0.0,2.36,60.0,90.32,14.61,0,,0,,0,0.0,0.0,0.0,,,0.9400000000000001,,1.88,0.0,0.0,0.0,0.0,0,0
R. Ludha,Richard Ludha,-100726,Skalica,Skalica,https://cdn5.wyscout.com/photos/team/public/g24757_120x120.png,Niké Liga,GK,GK,100,,0,,0,25,2000-11-08,450000,2026-12-31,2,191,0,0.0,0,0.0,0.47000000000000003,100.0,Slovakia,['Slovakia'],right,187,80,False,0.47000000000000003,0.0,0.0,0.0,0.0,0.0,0.0,0.0,0.47000000000000003,0.53,0.0,0,0.0,0,0.0,0.0,0.0,0,0.0,0.0,0,0.0,0,0.0,0.0,0.0,0.0,0.0,0.0,0.0,0.0,0.0,0.0,0.0,0.0,0.0,0.47000000000000003,100.0,0.0,0.0,0.0,14.61,1.4100000000000001,0.47000000000000003,24.03,76.47,14.61,64.52,0.47000000000000003,0.0,10.37,90.91,13.66,65.52,38.77,51.7,0.0,0.0,0.0,0.0,0.0,0.0,0.0,6.13,61.54,0.0,0.0,0.0,0.0,0.0,0.0,10.37,77.27,100.0,8.48,8,3.77,18,8.48,0,55.56,7.34,3.46,-0.66,-0.311,0.0,1.4100000000000001,0.0,,,,0.0,0,0
Š. Faško,Šimon Faško,-339786,Podbrezová,Podbrezová,https://cdn5.wyscout.com/photos/team/public/g1984_120x120.png,Niké Liga,"DMF, RCMF, LCMF",DMF,36,RCMF,34,LCMF,29,20,2006-04-09,0,2029-06-30,3,188,1,0.26,0,0.11,12.45,50.0,Slovakia,['Slovakia'],left,0,0,False,6.22,6.22,53.85,1.44,33.33,0.0,0.0,0.0,2.87,3.4,1.44,0,0.0,0,0.0,0.96,0.48,1,0.48,0.13,0,0.0,3,1.44,66.67,33.333,0.0,0.48,0.0,0.0,0.0,0.48,0.0,0.0,0.0,0.0,1.9100000000000001,50.0,1.9100000000000001,1.9100000000000001,1.44,29.68,0.96,0.96,45.48,86.32,15.32,75.0,6.7,100.0,41.65,89.66,3.83,50.0,17.6,36.31,0.05,1.9100000000000001,0.0,0.48,0.0,0.0,0.96,7.66,87.5,2.39,40.0,0.96,100.0,0.96,0.48,7.18,73.33,90.32,14.84,0,,0,,0,0.0,0.0,0.0,,,0.96,,1.44,0.0,0.0,0.0,0.0,0,0
A. Yirajang,Alasana Yirajang,-564276,Slovan Bratislava,Slovan Bratislava,https://cdn5.wyscout.com/photos/team/public/1218_120x120.png,Niké Liga,"LW, LWF",LW,63,LWF,34,,0,21,2004-11-12,0,2030-06-30,4,184,1,0.31,1,1.23,14.67,50.0,Gambia,['Gambia'],,0,0,False,0.98,1.96,50.0,0.98,0.0,0.0,0.0,0.0,0.0,0.0,0.49,0,0.0,0,0.0,9.78,0.49,1,0.49,0.15,0,0.0,4,1.96,50.0,25.0,0.49,6.36,69.23,6.36,69.23,0.0,0.0,0.0,7.34,60.0,11.74,54.17,9.29,5.87,0.0,40.6,4.4,1.47,43.04,89.77,4.4,66.67,12.23,100.0,35.71,93.15,0.98,100.0,15.02,12.1,0.6000000000000001,2.93,0.0,0.0,0.0,0.0,2.93,1.47,100.0,4.4,55.56,0.0,0.0,1.96,4.4,3.91,100.0,80.77,12.72,0,,0,,0,0.0,0.0,0.0,,,0.0,,0.98,0.0,0.0,0.0,0.0,0,0
M. Černek,Martin Černek,367891,Skalica,Skalica,https://cdn5.wyscout.com/photos/team/public/g24757_120x120.png,Niké Liga,"LCB, LB",LCB,64,LB,31,,0,31,1994-12-30,0,2027-06-30,4,182,0,0.0,0,0.0,12.36,60.0,Slovakia,['Slovakia'],left,180,76,False,5.93,5.44,63.64,3.96,75.0,0.49,0.56,0.49,1.98,2.22,1.48,1,0.49,0,0.0,0.49,0.0,0,0.0,0.0,0,0.0,0,0.0,0.0,0.0,0.0,0.0,0.0,0.0,0.0,0.0,0.0,0.0,0.49,100.0,1.98,25.0,0.99,0.0,0.0,19.29,1.48,0.99,33.13,76.12,16.81,76.47,3.96,87.5,26.7,75.93,6.43,76.92,15.05,28.8,0.0,0.0,0.0,0.0,0.0,0.0,0.0,3.46,57.14,0.99,50.0,0.0,0.0,0.99,0.0,7.91,56.25,87.5,7.91,0,,0,,0,0.0,0.0,0.0,,,1.98,,3.96,0.0,0.0,0.0,0.0,0,0
M. Chobot,Marián Chobot,463536,Ružomberok,Ružomberok,https://cdn5.wyscout.com/photos/team/public/1295_120x120.png,Niké Liga,"RW, CF",RW,78,CF,16,,0,27,1999-08-31,150000,2027-05-31,5,181,0,0.04,0,0.0,12.43,56.0,Slovakia,['Slovakia'],left,178,70,False,4.48,2.49,80.0,1.99,25.0,0.5,0.6000000000000001,0.0,1.99,2.4,0.0,0,0.0,0,0.0,2.49,0.0,0,0.0,0.02,0,0.0,2,0.99,50.0,0.0,0.0,1.99,50.0,0.0,0.0,1.99,50.0,0.5,3.48,28.57,7.96,56.25,0.99,1.99,0.0,13.43,1.49,2.49,16.41,72.73,3.98,62.5,2.98,100.0,12.93,73.08,1.49,100.0,16.7,13.39,0.0,0.0,0.0,0.0,0.0,0.0,0.0,1.99,50.0,1.49,66.67,0.0,0.0,0.0,0.99,2.98,66.67,63.64,5.47,0,,0,,0,0.0,0.0,0.0,,,0.0,,1.99,0.0,0.0,0.0,0.0,0,0
P. Daněk,Patrik Daněk,509915,Zemplín Michalovce,Zemplín Michalovce,https://cdn5.wyscout.com/photos/team/public/g3237_120x120.png,Niké Liga,"CF, RWF",CF,65,RWF,34,,0,24,2001-10-02,0,2028-12-31,3,179,1,0.15,1,0.43,13.07,50.0,Slovakia,['Slovakia'],left,170,58,False,2.01,2.51,80.0,0.0,0.0,0.0,0.0,0.0,0.0,0.0,0.5,0,0.0,0,0.0,3.52,0.5,1,0.5,0.07,0,0.0,2,1.01,50.0,50.0,0.5,1.51,66.67,1.01,100.0,0.5,0.0,0.0,3.02,66.67,8.04,50.0,3.52,1.51,0.0,8.04,1.01,1.51,8.04,68.75,2.51,40.0,3.02,83.33,6.54,69.23,0.0,0.0,23.57,0.0,0.22,1.01,0.0,0.0,0.0,0.0,0.5,0.0,0.0,1.01,100.0,0.0,0.0,1.01,1.01,1.01,50.0,100.0,1.51,0,,0,,0,0.0,0.0,0.0,,,0.0,,0.0,0.5,0.0,0.0,1.01,0,0
Matheus Leoni,Matheus Izidorio Leoni,254456,Komárno,Komárno,https://cdn5.wyscout.com/photos/team/public/g29815_120x120.png,Niké Liga,"LB, LWB",LB,63,LWB,36,,0,34,1991-09-20,250000,2027-06-30,3,171,0,0.0,0,0.09,10.0,52.63,Brazil,"['Brazil', 'Italy']",left,180,75,False,10.0,5.79,45.45,2.63,40.0,0.0,0.0,0.0,7.37,8.75,1.05,0,0.0,0,0.0,1.05,0.0,0,0.0,0.0,0,0.0,0,0.0,0.0,0.0,0.0,3.68,14.29,3.16,16.67,0.53,0.0,0.0,0.53,100.0,1.05,100.0,1.05,2.11,0.0,20.0,1.58,0.0,28.42,64.81,11.58,59.09,3.68,100.0,21.58,73.17,3.16,66.67,18.52,36.71,0.05,0.53,0.0,0.0,0.0,0.0,0.53,3.16,66.67,2.63,40.0,0.0,0.0,0.53,0.53,5.26,60.0,73.33,7.89,0,,0,,0,0.0,0.0,0.0,,,0.0,,2.63,0.0,0.0,0.0,0.0,0,0
M. Rýzek,Martin Rýzek,-283815,Skalica,Skalica,https://cdn5.wyscout.com/photos/team/public/g24757_120x120.png,Niké Liga,"LCB, LCB3",LCB,55,LCB3,44,,0,21,2005-05-23,0,2026-12-31,3,169,0,0.0,0,0.0,10.12,68.42,Slovakia,['Slovakia'],right,190,77,True,13.85,4.79,55.56,2.13,50.0,0.0,0.0,2.66,11.18,13.7,1.07,1,0.53,0,0.0,1.07,0.0,0,0.0,0.0,0,0.0,0,0.0,0.0,0.0,0.0,0.0,0.0,0.0,0.0,0.0,0.0,0.0,1.07,100.0,2.66,100.0,0.0,0.0,0.0,13.85,0.0,1.07,22.9,88.37,8.52,75.0,3.2,100.0,21.3,90.0,1.6,66.67,19.2,11.7,0.0,0.0,0.0,0.0,0.0,0.0,0.0,2.13,75.0,0.0,0.0,0.0,0.0,0.0,0.0,3.73,57.14,94.44,9.59,0,,0,,0,0.0,0.0,0.0,,,1.6,,2.13,0.0,0.0,0.0,0.0,0,0
A. Mojžiš,Alexander Mojžiš,517103,Ružomberok,Ružomberok,https://cdn5.wyscout.com/photos/team/public/1295_120x120.png,Niké Liga,LCB,LCB,100,,0,,0,27,1999-01-02,400000,2027-05-31,2,164,0,0.0,0,0.13,13.17,62.5,Slovakia,['Slovakia'],left,183,85,False,8.23,5.49,60.0,5.49,70.0,0.0,0.0,0.55,4.94,6.28,2.74,0,0.0,0,0.0,0.0,0.0,0,0.0,0.0,0,0.0,0,0.0,0.0,0.0,0.0,0.0,0.0,0.0,0.0,0.0,0.0,0.0,0.0,0.0,0.0,0.0,0.0,0.0,0.0,8.78,0.0,0.0,14.82,62.96,8.78,56.25,3.29,83.33,10.43,78.95,4.39,25.0,27.7,50.17,0.07,1.1,0.0,0.0,0.0,0.0,0.0,4.94,33.33,1.1,50.0,0.0,0.0,0.0,0.0,3.29,83.33,75.0,2.2,0,,0,,0,0.0,0.0,0.0,,,2.74,,5.49,0.0,0.0,0.0,0.0,0,0
M. Khyminets,Maksym Khyminets,-253836,Podbrezová,Podbrezová,https://cdn5.wyscout.com/photos/team/public/g1984_120x120.png,Niké Liga,"RWB, LWB, AMF",RWB,43,LWB,31,AMF,12,20,2006-05-15,0,,5,163,1,0.12,0,0.6900000000000001,16.56,56.67,Ukraine,['Ukraine'],,0,0,False,7.18,5.52,50.0,2.21,25.0,0.0,0.0,0.0,4.42,7.5,2.21,1,0.55,0,0.0,6.63,0.55,1,0.55,0.06,0,0.0,7,3.87,14.29,14.286,0.0,7.18,38.46,2.76,20.0,4.42,50.0,1.6600000000000001,4.97,66.67,8.83,68.75,1.1,2.76,1.1,28.71,0.55,3.31,38.65,61.43,12.15,36.36,5.52,100.0,27.06,75.51,4.42,12.5,23.97,35.13,0.38,2.21,0.0,0.0,0.0,0.0,1.6600000000000001,6.07,27.27,11.04,30.0,0.0,0.0,1.1,2.76,7.73,71.43,66.67,13.25,0,,0,,0,0.0,0.0,0.0,,,0.55,,2.21,1.1,0.0,0.0,2.21,0,0
R. Korba,Rastislav Korba,-300814,Zemplín Michalovce,Zemplín Michalovce,https://cdn5.wyscout.com/photos/team/public/g3237_120x120.png,Niké Liga,AMF,AMF,91,,0,,0,20,2006-04-03,0,2028-06-30,5,163,0,0.48,0,0.26,19.88,58.33,Slovakia,['Slovakia'],right,0,0,False,7.18,3.87,57.14,4.42,50.0,0.0,0.0,0.0,4.97,6.43,0.55,0,0.0,0,0.0,1.6600000000000001,0.0,0,0.0,0.26,0,0.0,5,2.76,60.0,0.0,0.0,0.55,0.0,0.55,0.0,0.0,0.0,0.0,0.0,0.0,8.83,62.5,2.21,1.6600000000000001,0.0,12.15,0.55,6.07,15.46,78.57,7.18,61.54,3.87,100.0,14.36,84.62,0.55,0.0,13.29,9.64,0.14,1.1,0.0,0.0,0.55,0.0,1.1,1.6600000000000001,66.67,1.1,50.0,0.55,0.0,1.1,0.0,1.1,100.0,50.0,1.1,0,,0,,0,0.0,0.0,0.0,,,0.0,,4.42,1.1,0.0,0.0,0.0,0,0
T. Wildeboer,Tijmen  Wildeboer,-195050,Spartak Trnava,Spartak Trnava,https://cdn5.wyscout.com/photos/team/public/1291_120x120.png,Niké Liga,CF,CF,100,,0,,0,24,2001-12-13,150000,2028-06-30,4,162,0,1.31,0,0.0,12.22,50.0,Netherlands,['Netherlands'],right,189,79,False,3.89,3.89,28.57,4.44,87.5,0.0,0.0,0.56,2.7800000000000002,5.17,0.56,0,0.0,0,0.0,0.56,0.0,0,0.0,0.73,0,0.0,9,5.0,11.11,0.0,0.0,0.0,0.0,0.0,0.0,0.0,0.0,0.0,0.0,0.0,2.7800000000000002,20.0,6.11,0.56,0.0,9.44,0.56,1.11,12.22,72.73,2.7800000000000002,80.0,2.7800000000000002,60.0,12.22,72.73,0.0,0.0,16.74,0.0,0.0,0.0,0.0,0.0,0.0,0.0,0.0,1.11,100.0,0.0,0.0,0.0,0.0,0.0,0.0,1.11,100.0,75.0,4.44,0,,0,,0,0.0,0.0,0.0,,,0.0,,4.44,0.0,0.0,0.0,0.0,0,0
M. Boďa,Martin Boďa,451952,Ružomberok,Ružomberok,https://cdn5.wyscout.com/photos/team/public/1295_120x120.png,Niké Liga,CF,CF,99,,0,,0,29,1997-02-02,200000,,5,161,1,0.8300000000000001,0,0.0,15.09,48.15,Slovakia,['Slovakia'],right,193,85,False,2.24,0.56,100.0,9.5,58.82,0.0,0.0,0.0,1.6800000000000002,2.73,0.56,1,0.56,0,0.0,1.12,0.56,0,0.0,0.46,0,0.0,2,1.12,100.0,50.0,0.0,0.0,0.0,0.0,0.0,0.0,0.0,0.0,0.0,0.0,3.91,14.29,1.6800000000000002,0.0,0.0,10.06,3.35,1.12,12.86,82.61,3.35,83.33,4.47,87.5,12.86,82.61,0.0,0.0,10.6,0.0,0.0,0.0,0.0,0.0,0.0,0.0,0.0,0.0,0.0,0.0,0.0,0.0,0.0,0.0,0.0,0.0,0.0,66.67,3.35,0,,0,,0,0.0,0.0,0.0,,,0.0,,9.5,0.0,0.0,0.0,0.0,1,100
M. Mášik,Martin Mášik,517511,Skalica,Skalica,https://cdn5.wyscout.com/photos/team/public/g24757_120x120.png,Niké Liga,"LCB, LCMF, LCB3",LCB,38,LCMF,23,LCB3,13,27,1999-01-08,150000,2028-06-30,6,161,1,0.13,0,0.0,11.74,33.33,Slovakia,['Slovakia'],right,178,72,False,7.27,6.71,41.67,3.35,16.67,0.0,0.0,0.0,4.47,7.74,2.24,0,0.0,0,0.0,1.12,0.56,1,0.56,0.07,0,0.0,3,1.6800000000000002,66.67,33.333,0.0,0.56,0.0,0.56,0.0,0.0,0.0,0.0,0.56,0.0,0.56,0.0,1.12,0.0,0.0,15.09,0.0,0.0,23.48,71.43,7.27,46.15,3.91,85.71,19.57,80.0,3.35,33.33,21.65,24.26,0.0,0.0,0.0,0.0,0.0,0.0,0.0,2.24,25.0,0.0,0.0,0.0,0.0,0.0,0.0,2.8,60.0,86.67,8.39,0,,0,,0,0.0,0.0,0.0,,,1.6800000000000002,,3.35,1.12,1.12,100.0,0.0,0,0
N. Mihhailov,Nikita Mihhailov,506225,Zemplín Michalovce,Zemplín Michalovce,https://cdn5.wyscout.com/photos/team/public/g3237_120x120.png,Niké Liga,"LCMF, RCMF, RWB",LCMF,47,RCMF,32,RWB,11,24,2002-06-20,0,2027-12-31,3,159,0,0.0,0,0.0,6.23,45.45,Estonia,['Estonia'],right,173,0,False,3.4,3.4,50.0,0.5700000000000001,0.0,0.0,0.0,0.0,1.7000000000000002,2.65,1.7000000000000002,0,0.0,0,0.0,0.5700000000000001,0.0,0,0.0,0.0,0,0.0,0,0.0,0.0,0.0,0.0,1.7000000000000002,0.0,1.7000000000000002,0.0,0.0,0.0,1.13,0.5700000000000001,100.0,2.26,50.0,2.26,3.4,0.0,30.57,1.13,0.5700000000000001,38.49,73.53,10.75,73.68,7.36,92.31,36.23,78.13,0.5700000000000001,0.0,12.43,4.23,0.0,0.0,0.0,0.0,0.0,0.0,0.0,1.13,50.0,1.13,0.0,0.0,0.0,0.5700000000000001,0.0,4.53,50.0,60.0,11.32,0,,0,,0,0.0,0.0,0.0,,,0.0,,0.5700000000000001,0.5700000000000001,0.0,0.0,2.26,0,0
R. Ibrahim,Rahim  Ibrahim,-206585,Slovan Bratislava,Slovan Bratislava,https://cdn5.wyscout.com/photos/team/public/1218_120x120.png,Niké Liga,"LCMF, RCMF",LCMF,50,RCMF,49,,0,25,2001-06-10,0,,4,159,2,2.23,0,0.0,18.11,56.25,Ghana,['Ghana'],right,185,88,False,5.09,3.4,83.33,3.4,66.67,0.0,0.0,0.5700000000000001,2.26,4.62,0.0,0,0.0,0,0.0,2.26,1.13,2,1.13,1.26,0,0.0,7,3.96,28.57,28.571,0.0,0.5700000000000001,0.0,0.0,0.0,0.5700000000000001,0.0,0.5700000000000001,1.7000000000000002,66.67,10.19,44.44,5.09,0.0,0.0,41.89,0.5700000000000001,2.26,46.42,90.24,5.66,70.0,9.62,94.12,43.58,92.21,2.26,75.0,15.23,18.74,0.0,0.0,0.0,0.0,0.5700000000000001,0.0,0.0,2.83,80.0,1.13,50.0,0.5700000000000001,0.0,0.0,0.0,3.4,50.0,97.5,22.64,0,,0,,0,0.0,0.0,0.0,,,1.13,,3.4,0.0,0.0,0.0,0.0,0,0
N. Tamás,Nándor Tamás,-76077,Komárno,Komárno,https://cdn5.wyscout.com/photos/team/public/g29815_120x120.png,Niké Liga,"RWB, LW, RW",RWB,39,LW,31,RW,29,25,2000-10-24,100000,2027-06-30,3,156,0,0.0,0,0.04,10.96,52.63,Romania,['Romania'],right,171,65,False,4.62,5.19,55.56,0.58,0.0,0.0,0.0,0.0,1.73,2.14,1.73,1,0.58,0,0.0,2.31,0.0,0,0.0,0.0,0,0.0,0,0.0,0.0,0.0,0.0,4.04,42.86,0.0,0.0,4.04,42.86,0.0,0.58,100.0,3.46,33.33,0.58,0.58,0.0,19.62,2.31,1.73,27.12,72.34,6.92,58.33,6.92,91.67,22.5,76.92,1.15,50.0,14.04,20.86,0.02,1.73,0.0,0.0,0.0,0.0,0.58,2.88,20.0,4.04,57.14,0.0,0.0,0.0,1.73,5.19,77.78,70.0,5.77,0,,0,,0,0.0,0.0,0.0,,,0.0,,0.58,0.0,0.0,0.0,0.0,0,0
T. Kacharaba,Taras Kacharaba,215360,DAC,DAC,https://cdn5.wyscout.com/photos/team/public/1224_120x120.png,Niké Liga,RCB,RCB,100,,0,,0,31,1995-01-07,700000,2029-06-30,2,154,0,0.0,0,0.0,9.94,70.59,Ukraine,['Ukraine'],right,189,79,False,8.77,2.92,80.0,5.26,66.67,0.0,0.0,2.34,6.43,15.71,0.0,0,0.0,0,0.0,0.58,0.0,0,0.0,0.0,0,0.0,0,0.0,0.0,0.0,0.0,0.58,100.0,0.0,0.0,0.58,100.0,0.0,0.0,0.0,0.0,0.0,0.0,1.75,0.0,47.34,0.0,0.0,63.12,88.89,25.13,76.74,1.17,100.0,52.01,94.38,10.52,61.11,27.13,44.14,0.0,0.0,0.0,0.0,0.0,0.0,0.0,12.27,57.14,1.75,66.67,0.0,0.0,0.0,0.58,15.78,77.78,98.21,32.73,0,,0,,0,0.0,0.0,0.0,,,0.58,,5.26,0.0,0.0,0.0,0.0,0,0
G. Ganbayar,Ganbold Ganbayar,413429,Komárno,Komárno,https://cdn5.wyscout.com/photos/team/public/g29815_120x120.png,Niké Liga,"LW, RAMF, RCMF3",LW,47,RAMF,23,RCMF3,13,25,2000-09-03,150000,,4,150,0,0.24,0,0.34,13.8,56.52,Mongolia,['Mongolia'],right,179,0,False,6.0,6.0,60.0,4.2,57.14,0.0,0.0,0.0,2.4,4.0,1.2,0,0.0,0,0.0,1.8,0.0,0,0.0,0.14,0,0.0,2,1.2,0.0,0.0,0.0,5.4,22.22,3.6,16.67,1.8,33.33,0.6000000000000001,0.0,0.0,3.6,50.0,3.0,1.8,0.0,30.6,3.6,1.2,41.4,68.12,13.2,45.45,10.8,94.44,32.4,83.33,3.6,0.0,17.49,37.18,0.21,2.4,0.0,0.0,0.6000000000000001,100.0,1.8,6.0,20.0,7.8,38.46,1.2,50.0,1.8,2.4,7.8,53.85,56.25,9.6,0,,0,,0,0.0,0.0,0.0,,,0.6000000000000001,,4.2,0.0,0.0,0.0,0.0,0,0
M. Rusnák,Matúš Rusnák,-188641,Podbrezová,Podbrezová,https://cdn5.wyscout.com/photos/team/public/g1984_120x120.png,Niké Liga,RWB,RWB,100,,0,,0,26,1999-12-19,450000,2028-06-30,3,147,0,0.11,0,0.04,11.63,52.63,Slovakia,['Slovakia'],right,180,73,True,7.35,4.9,50.0,0.61,100.0,0.0,0.0,0.61,4.9,5.0,1.22,1,0.61,0,0.0,1.22,0.0,0,0.0,0.06,0,0.0,1,0.61,0.0,0.0,0.0,4.29,14.29,0.0,0.0,4.29,14.29,0.0,0.61,100.0,4.29,57.14,2.45,1.22,0.0,12.86,1.22,0.61,20.82,58.82,8.57,57.14,1.8399999999999999,100.0,15.92,69.23,0.61,100.0,15.44,20.11,0.02,0.61,0.61,0.0,0.0,0.0,0.0,1.22,50.0,3.67,16.67,0.0,0.0,0.0,1.8399999999999999,3.06,80.0,30.0,6.12,0,,0,,0,0.0,0.0,0.0,,,0.0,,0.61,0.0,0.0,0.0,0.0,0,0
B. Mrvaljević,Balša Mrvaljević,-280616,Podbrezová,Podbrezová,https://cdn5.wyscout.com/photos/team/public/g1984_120x120.png,Niké Liga,CF,CF,100,,0,,0,20,2005-09-03,0,2029-06-30,6,142,1,1.53,0,0.0,12.04,31.58,Montenegro,['Montenegro'],,0,0,False,2.54,1.27,0.0,2.54,25.0,0.0,0.0,0.0,2.54,4.14,1.9,1,0.63,0,0.0,2.54,0.63,1,0.63,0.97,0,0.0,6,3.8,33.33,16.667,0.0,0.63,0.0,0.63,0.0,0.0,0.0,0.0,1.27,100.0,6.97,45.45,6.97,0.63,0.0,13.94,1.9,0.63,14.58,60.87,1.9,33.33,5.7,88.89,13.31,66.67,0.63,0.0,16.39,10.48,0.0,0.0,0.0,0.0,0.0,0.0,0.0,0.63,0.0,1.27,0.0,0.0,0.0,0.0,0.0,0.63,100.0,50.0,2.54,0,,0,,0,0.0,0.0,0.0,,,0.0,,2.54,0.0,0.0,0.0,0.0,0,0
I. Mensah,Ivan Anokye Mensah,-242393,Spartak Trnava,Spartak Trnava,https://cdn5.wyscout.com/photos/team/public/1291_120x120.png,Niké Liga,RCB,RCB,100,,0,,0,22,2004-04-22,0,2029-06-30,2,141,0,0.15,0,0.17,10.85,94.12,Ghana,['Ghana'],right,190,0,False,7.66,2.55,100.0,3.19,100.0,0.0,0.0,0.64,5.11,10.0,0.0,0,0.0,0,0.0,0.0,0.0,0,0.0,0.1,0,0.0,1,0.64,0.0,0.0,0.0,0.0,0.0,0.0,0.0,0.0,0.0,0.0,0.0,0.0,1.9100000000000001,66.67,1.28,0.0,0.0,45.32,0.64,2.55,66.38,86.54,26.17,80.49,4.47,71.43,61.91,87.63,4.47,71.43,21.53,49.13,0.11,0.64,0.0,0.0,0.0,0.0,0.64,7.66,91.67,0.0,0.0,0.0,0.0,0.64,0.0,13.4,52.38,90.2,32.55,0,,0,,0,0.0,0.0,0.0,,,1.9100000000000001,,3.19,0.0,0.0,0.0,0.0,0,0
C. Blackman,César Rodolfo Blackman Camarena,428934,Slovan Bratislava,Slovan Bratislava,https://cdn5.wyscout.com/photos/team/public/1218_120x120.png,Niké Liga,RB,RB,100,,0,,0,28,1998-04-02,1200000,2028-06-30,3,139,0,0.18,4,0.66,11.65,61.11,Panama,['Panama'],right,174,70,False,5.18,3.24,40.0,0.65,100.0,0.0,0.0,0.65,3.88,10.0,0.65,0,0.0,0,0.0,3.88,0.0,0,0.0,0.12,0,0.0,3,1.94,0.0,0.0,2.59,2.59,25.0,0.0,0.0,2.59,25.0,0.65,3.24,80.0,7.77,66.67,3.24,3.24,0.0,57.63,1.94,1.94,68.63,90.57,21.37,84.85,11.65,94.44,61.51,93.68,4.53,85.71,16.34,30.21,0.42,3.24,0.0,0.65,0.65,100.0,3.24,7.77,100.0,5.18,62.5,0.65,100.0,1.29,0.65,12.3,84.21,89.47,24.6,0,,0,,0,0.0,0.0,0.0,,,1.94,,0.65,0.0,0.0,0.0,0.0,0,0
A. Baláž,Adam Baláž,-386860,Dukla Banská Bystrica,Dukla Banská Bystrica,https://cdn5.wyscout.com/photos/team/public/g39880_120x120.png,Niké Liga,"RCB3, RCB",RCB3,86,RCB,13,,0,20,2006-06-30,0,,4,137,0,0.0,0,0.0,5.91,44.44,Slovakia,['Slovakia'],right,0,0,False,5.26,3.2800000000000002,40.0,0.66,0.0,0.66,0.75,0.66,3.2800000000000002,3.75,0.66,0,0.0,0,0.0,0.0,0.0,0,0.0,0.0,0,0.0,0,0.0,0.0,0.0,0.0,0.0,0.0,0.0,0.0,0.0,0.0,0.0,0.0,0.0,1.97,66.67,0.66,0.0,0.0,30.22,0.0,1.31,39.42,83.33,19.71,76.67,2.63,75.0,35.47,87.04,3.94,50.0,19.39,36.65,0.0,0.0,0.0,0.0,0.0,0.0,0.0,5.26,75.0,0.66,0.0,0.0,0.0,0.0,0.0,6.57,70.0,90.0,13.14,0,,0,,0,0.0,0.0,0.0,,,1.31,,0.66,0.0,0.0,0.0,0.0,0,0
J. Medvedev,Yuriy Medvedev,314004,Slovan Bratislava,Slovan Bratislava,https://cdn5.wyscout.com/photos/team/public/1218_120x120.png,Niké Liga,RB,RB,100,,0,,0,30,1996-06-18,400000,2027-06-30,2,133,0,0.06,0,0.03,15.56,39.13,Kazakhstan,"['Kazakhstan', 'Czech Republic']",right,180,74,False,3.38,6.77,50.0,2.71,25.0,0.0,0.0,0.0,0.0,0.0,1.35,0,0.0,0,0.0,0.68,0.0,0,0.0,0.04,0,0.0,1,0.68,100.0,0.0,0.0,0.68,0.0,0.0,0.0,0.68,0.0,0.68,0.68,0.0,3.38,20.0,2.03,2.71,0.0,53.46,1.35,0.68,64.29,87.37,21.65,75.0,12.86,100.0,58.87,90.8,4.74,57.14,16.55,45.42,0.02,1.35,0.68,0.0,0.0,0.0,0.0,7.44,72.73,2.71,50.0,1.35,50.0,2.03,0.0,9.47,57.14,92.86,18.95,0,,0,,0,0.0,0.0,0.0,,,1.35,,2.71,0.0,0.0,0.0,0.0,0,0
B. Csóka,Bálint Csóka,-307130,DAC,DAC,https://cdn5.wyscout.com/photos/team/public/1224_120x120.png,Niké Liga,LB,LB,100,,0,,0,23,2003-03-20,0,,2,125,0,0.0,1,0.0,8.64,41.67,Slovakia,['Slovakia'],right,0,0,False,7.92,4.32,50.0,1.44,100.0,0.0,0.0,0.72,5.76,10.91,0.0,0,0.0,0,0.0,0.0,0.0,0,0.0,0.0,0,0.0,0,0.0,0.0,0.0,0.72,0.72,0.0,0.72,0.0,0.0,0.0,0.72,0.0,0.0,2.88,0.0,2.16,1.44,0.0,26.64,1.44,0.0,40.32,92.86,10.8,93.33,9.36,100.0,37.44,96.15,2.16,66.67,13.82,16.76,0.0,0.72,0.0,0.0,0.0,0.0,0.72,0.0,0.0,1.44,50.0,0.0,0.0,0.0,0.72,2.88,50.0,89.47,13.68,0,,0,,0,0.0,0.0,0.0,,,1.44,,1.44,0.0,0.0,0.0,0.0,0,0
M. Bacik,Martin Bacik,-294945,Ružomberok,Ružomberok,https://cdn5.wyscout.com/photos/team/public/1295_120x120.png,Niké Liga,"LW, RCMF, LCMF3",LW,53,RCMF,31,LCMF3,14,19,2007-03-07,0,,5,123,0,0.0,0,0.0,13.17,38.89,Slovakia,['Slovakia'],unknown,0,0,False,5.12,3.66,60.0,5.85,37.5,0.73,1.3,0.0,2.2,3.91,2.93,1,0.73,0,0.0,0.0,0.0,0,0.0,0.0,0,0.0,0,0.0,0.0,0.0,0.0,0.73,0.0,0.0,0.0,0.73,0.0,0.0,0.73,0.0,2.93,25.0,0.73,0.73,0.0,9.51,0.73,0.73,15.37,71.43,6.59,66.67,4.39,83.33,13.9,73.68,0.73,100.0,13.39,0.93,0.0,0.0,0.0,0.0,0.0,0.0,0.0,0.0,0.0,1.46,100.0,0.0,0.0,0.0,0.0,0.73,0.0,66.67,2.2,0,,0,,0,0.0,0.0,0.0,,,0.0,,5.85,0.0,0.0,0.0,0.0,0,0
M. Jenčuš,Martin Jenčuš,-436722,DAC,DAC,https://cdn5.wyscout.com/photos/team/public/1224_120x120.png,Niké Liga,"LCMF, LDMF",LCMF,51,LDMF,30,,0,18,2008-01-03,0,2030-06-30,4,122,0,0.27,0,0.0,13.28,55.56,Slovakia,['Slovakia'],unknown,0,0,False,11.07,8.11,45.45,0.74,100.0,0.0,0.0,0.74,7.38,15.0,1.48,0,0.0,0,0.0,1.48,0.0,0,0.0,0.2,0,0.0,1,0.74,100.0,0.0,0.0,0.0,0.0,0.0,0.0,0.0,0.0,0.0,1.48,50.0,3.69,60.0,2.95,0.74,0.0,25.08,1.48,1.48,28.77,87.18,5.9,87.5,4.43,83.33,26.56,88.89,2.21,66.67,14.58,10.01,0.0,0.0,0.0,0.0,0.0,0.0,0.0,2.21,100.0,0.0,0.0,0.0,0.0,0.74,0.0,1.48,100.0,85.71,10.33,0,,0,,0,0.0,0.0,0.0,,,0.0,,0.74,0.0,0.0,0.0,0.0,0,0
M. Bednár,Martin Bednár,411785,Zemplín Michalovce,Zemplín Michalovce,https://cdn5.wyscout.com/photos/team/public/g3237_120x120.png,Niké Liga,"RCB3, RCMF, CB",RCB3,42,RCMF,40,CB,16,27,1999-04-22,175000,2028-05-31,2,120,1,0.13,0,0.0,6.0,62.5,Slovakia,['Slovakia'],right,190,79,False,5.25,3.0,50.0,1.5,100.0,0.0,0.0,0.75,3.75,6.52,0.0,0,0.0,0,0.0,1.5,0.75,1,0.75,0.1,0,0.0,3,2.25,33.33,33.333,0.0,1.5,50.0,0.0,0.0,1.5,50.0,0.0,0.0,0.0,0.75,100.0,0.75,2.25,0.0,31.5,1.5,0.75,45.0,91.67,15.75,90.48,4.5,100.0,42.75,92.98,0.75,100.0,16.47,44.94,0.0,0.75,0.0,0.0,0.0,0.0,0.0,3.0,100.0,1.5,50.0,0.0,0.0,0.75,0.75,3.75,80.0,95.45,16.5,0,,0,,0,0.0,0.0,0.0,,,0.0,,1.5,2.25,2.25,33.33,0.0,0,0
T. Kapanadze,Tsotne Kapanadze,463535,DAC,DAC,https://cdn5.wyscout.com/photos/team/public/1224_120x120.png,Niké Liga,"RB, LB",RB,51,LB,48,,0,25,2001-08-30,450000,2028-06-30,2,120,0,0.08,0,0.08,11.25,46.67,Georgia,['Georgia'],right,170,71,False,4.5,3.0,50.0,1.5,0.0,0.75,1.5,0.0,2.25,4.5,0.0,0,0.0,0,0.0,1.5,0.0,0,0.0,0.06,0,0.0,1,0.75,0.0,0.0,0.0,1.5,100.0,0.0,0.0,1.5,100.0,0.0,0.0,0.0,4.5,33.33,0.75,0.0,0.75,29.25,0.0,0.75,37.5,90.0,10.5,85.71,8.25,100.0,33.0,93.18,3.0,50.0,18.31,22.36,0.06,1.5,0.0,0.0,0.0,0.0,0.75,3.0,75.0,2.25,66.67,0.0,0.0,0.75,1.5,6.0,87.5,88.89,13.5,0,,0,,0,0.0,0.0,0.0,,,0.75,,1.5,0.0,0.0,0.0,0.0,0,0
T. Barseghyan,Tigran Barseghyan,134453,Slovan Bratislava,Slovan Bratislava,https://cdn5.wyscout.com/photos/team/public/1218_120x120.png,Niké Liga,RW,RW,100,,0,,0,32,1993-09-22,0,2027-06-30,3,120,1,0.09,1,1.06,13.5,55.56,Armenia,['Armenia'],left,179,77,False,3.75,3.0,75.0,1.5,0.0,0.0,0.0,0.0,1.5,3.16,0.75,0,0.0,0,0.0,8.25,0.75,1,0.75,0.06,0,0.0,4,3.0,50.0,25.0,0.75,4.5,66.67,0.0,0.0,4.5,66.67,0.75,4.5,83.33,9.0,58.33,6.0,2.25,0.75,37.5,2.25,1.5,42.0,69.64,9.0,33.33,7.5,100.0,33.75,75.56,3.75,20.0,17.62,22.26,0.8,4.5,1.5,0.0,0.0,0.0,3.75,3.75,60.0,7.5,50.0,0.0,0.0,4.5,3.0,11.25,80.0,69.23,19.5,0,,0,,0,0.0,0.0,0.0,,,0.0,,1.5,0.75,0.0,0.0,3.75,0,0
E. Arevalo,Enzo Mauro Arevalo Acosta,-170851,Dukla Banská Bystrica,Dukla Banská Bystrica,https://cdn5.wyscout.com/photos/team/public/g39880_120x120.png,Niké Liga,"LW, LAMF",LW,72,LAMF,27,,0,29,1997-04-15,0,2027-06-30,2,118,0,0.14,0,0.14,33.56,40.91,Spain,"['Spain', 'Switzerland']",right,176,68,False,7.63,9.92,53.85,2.29,0.0,0.0,0.0,0.0,2.29,2.81,3.05,0,0.0,1,0.76,2.29,0.0,0,0.0,0.11,0,0.0,2,1.53,50.0,0.0,0.0,1.53,0.0,0.76,0.0,0.76,0.0,0.0,2.29,66.67,16.78,40.91,3.81,0.76,0.0,15.25,1.53,2.29,19.83,69.23,5.34,57.14,1.53,100.0,16.02,80.95,2.29,33.33,15.56,41.85,0.11,1.53,0.0,0.0,0.0,0.0,0.76,2.29,66.67,5.34,57.14,0.0,0.0,3.05,0.76,2.29,100.0,57.14,5.34,0,,0,,0,0.0,0.0,0.0,,,0.0,,2.29,0.0,0.0,0.0,0.0,0,0
U. Kabić,Uroš Kabić,-155293,DAC,DAC,https://cdn5.wyscout.com/photos/team/public/1224_120x120.png,Niké Liga,"RW, RAMF",RW,57,RAMF,42,,0,22,2004-01-01,1000000,2029-06-30,3,117,1,0.13,0,0.17,16.92,63.64,Serbia,['Serbia'],left,183,76,False,1.54,0.77,0.0,2.31,33.33,0.0,0.0,0.0,1.54,3.0,0.0,0,0.0,0,0.0,8.46,0.77,1,0.77,0.1,0,0.0,4,3.08,50.0,25.0,0.0,3.08,25.0,0.0,0.0,3.08,25.0,0.77,6.92,88.89,12.31,81.25,2.31,5.38,0.0,16.15,0.77,3.85,22.31,72.41,3.85,80.0,5.38,100.0,19.23,80.0,0.0,0.0,13.14,0.0,0.13,0.77,0.0,0.0,0.0,0.0,0.77,1.54,100.0,1.54,50.0,0.0,0.0,0.0,0.77,1.54,100.0,66.67,6.92,0,,0,,0,0.0,0.0,0.0,,,0.0,,2.31,0.0,0.0,0.0,0.0,0,0
G. Moistsrapishvili,Giorgi Moistsrapishvili,518086,Spartak Trnava,Spartak Trnava,https://cdn5.wyscout.com/photos/team/public/1291_120x120.png,Niké Liga,AMF,AMF,90,,0,,0,24,2001-09-29,300000,2028-06-30,3,115,0,0.01,0,0.2,12.52,62.5,Georgia,['Georgia'],right,183,74,False,6.26,7.83,70.0,0.0,0.0,0.0,0.0,0.0,0.78,1.15,0.78,0,0.0,0,0.0,0.78,0.0,0,0.0,0.01,0,0.0,1,0.78,0.0,0.0,0.0,1.57,50.0,1.57,50.0,0.0,0.0,0.0,0.0,0.0,3.91,40.0,0.78,1.57,0.0,35.22,0.78,1.57,41.48,92.45,7.04,88.89,5.48,100.0,36.78,95.74,3.13,75.0,17.32,36.92,0.15,1.57,0.0,0.0,0.0,0.0,0.78,4.7,100.0,3.91,80.0,0.0,0.0,1.57,0.78,7.04,66.67,92.0,19.57,0,,0,,0,0.0,0.0,0.0,,,0.0,,0.0,0.78,0.0,0.0,2.35,0,0
C. Ansah,Clement  Ansah,-524743,Trenčín,Trenčín,https://cdn5.wyscout.com/photos/team/public/3710_120x120.png,Niké Liga,"LCMF, DMF",LCMF,76,DMF,12,,0,21,2005-01-02,0,,2,114,0,0.97,1,0.4,15.0,47.37,Ghana,['Ghana'],unknown,0,0,False,3.16,3.95,40.0,3.95,60.0,0.0,0.0,0.0,1.58,2.61,1.58,0,0.0,0,0.0,0.79,0.0,0,0.0,0.77,0,0.0,4,3.16,25.0,0.0,0.79,0.0,0.0,0.0,0.0,0.0,0.0,0.0,0.0,0.0,6.32,37.5,6.32,0.79,0.0,19.74,1.58,0.79,25.26,81.25,4.74,66.67,6.32,87.5,25.26,81.25,0.0,0.0,15.77,0.0,0.32,1.58,0.0,0.0,0.0,0.0,1.58,1.58,0.0,1.58,100.0,0.0,0.0,3.95,0.0,2.37,66.67,72.73,8.68,0,,0,,0,0.0,0.0,0.0,,,0.79,,3.95,0.0,0.0,0.0,0.0,0,0
P. Azango,Philip Azango Elayo,507330,Spartak Trnava,Spartak Trnava,https://cdn5.wyscout.com/photos/team/public/1291_120x120.png,Niké Liga,"RAMF, LAMF, LW",RAMF,48,LAMF,33,LW,18,29,1997-05-21,450000,2027-06-30,4,107,1,0.19,0,0.11,20.19,41.67,Nigeria,['Nigeria'],left,167,75,False,1.6800000000000002,4.21,40.0,5.05,33.33,0.0,0.0,0.0,0.0,0.0,2.52,0,0.0,0,0.0,2.52,0.84,1,0.84,0.16,1,0.84,3,2.52,33.33,33.333,0.0,1.6800000000000002,100.0,0.0,0.0,1.6800000000000002,100.0,0.0,1.6800000000000002,0.0,7.57,55.56,2.52,2.52,0.0,26.92,2.52,4.21,21.87,76.92,5.05,66.67,8.41,80.0,20.19,75.0,0.0,0.0,13.79,0.0,0.09,0.84,0.0,0.0,0.0,0.0,0.0,1.6800000000000002,50.0,1.6800000000000002,100.0,0.0,0.0,0.0,0.84,4.21,60.0,100.0,4.21,0,,0,,0,0.0,0.0,0.0,,,0.0,,5.05,0.0,0.0,0.0,0.0,0,0
M. Bajrami,Melos Bajrami,-235190,Spartak Trnava,Spartak Trnava,https://cdn5.wyscout.com/photos/team/public/1291_120x120.png,Niké Liga,LCB,LCB,100,,0,,0,24,2001-09-29,200000,2029-06-30,1,105,0,0.0,0,0.0,14.57,82.35,Kosovo,"['Kosovo', 'Australia']",left,189,79,False,9.43,3.43,75.0,4.29,80.0,0.86,1.76,0.86,6.0,12.35,0.0,0,0.0,0,0.0,0.86,0.0,0,0.0,0.0,0,0.0,0,0.0,0.0,0.0,0.0,0.0,0.0,0.0,0.0,0.0,0.0,0.0,0.86,100.0,2.5700000000000003,100.0,0.0,0.0,0.0,44.57,0.0,2.5700000000000003,69.43,85.19,31.71,72.97,4.29,100.0,57.43,86.57,12.0,78.57,25.4,54.27,0.0,0.0,0.0,0.0,0.0,0.0,0.0,16.29,73.68,0.86,100.0,0.0,0.0,0.86,0.0,16.29,78.95,93.94,28.29,0,,0,,0,0.0,0.0,0.0,,,2.5700000000000003,,4.29,0.0,0.0,0.0,0.0,0,0
M. Tomič,Michal Tomič,427718,Spartak Trnava,Spartak Trnava,https://cdn5.wyscout.com/photos/team/public/1291_120x120.png,Niké Liga,RB,RB,100,,0,,0,27,1999-03-30,1300000,2028-06-30,1,105,0,0.02,0,0.0,8.57,70.0,Slovakia,['Slovakia'],right,182,77,False,6.86,3.43,100.0,3.43,50.0,0.0,0.0,0.0,3.43,7.06,0.86,0,0.0,0,0.0,2.5700000000000003,0.0,0,0.0,0.01,0,0.0,1,0.86,100.0,0.0,0.0,2.5700000000000003,66.67,0.0,0.0,2.5700000000000003,66.67,0.0,0.86,0.0,0.86,0.0,1.71,0.0,0.86,25.71,3.43,0.0,40.29,80.85,15.43,77.78,6.0,85.71,33.43,82.05,6.0,85.71,21.07,45.62,0.0,0.0,0.0,0.0,0.0,0.0,0.0,5.14,50.0,3.43,50.0,0.0,0.0,1.71,0.0,10.29,66.67,85.71,12.0,0,,0,,0,0.0,0.0,0.0,,,2.5700000000000003,,3.43,0.0,0.0,0.0,0.0,0,0
Suleiman Camara,Suleiman Camara Sanneh,-216270,Slovan Bratislava,Slovan Bratislava,https://cdn5.wyscout.com/photos/team/public/1218_120x120.png,Niké Liga,RW,RW,100,,0,,0,24,2001-12-07,500000,2030-06-30,2,103,0,0.14,0,0.34,15.73,55.56,Spain,"['Spain', 'Gambia']",right,0,0,False,4.37,3.5,75.0,0.87,100.0,0.0,0.0,0.0,1.75,3.75,0.0,0,0.0,0,0.0,1.75,0.0,0,0.0,0.13,0,0.0,1,0.87,0.0,0.0,0.0,1.75,0.0,0.0,0.0,1.75,0.0,0.0,2.62,66.67,11.36,46.15,6.12,1.75,0.87,21.84,0.87,3.5,25.34,68.97,4.37,40.0,8.74,70.0,21.84,76.0,1.75,50.0,18.67,33.37,0.30000000000000004,1.75,0.0,0.0,0.0,0.0,1.75,0.87,0.0,1.75,50.0,0.0,0.0,2.62,0.0,2.62,66.67,77.78,7.86,0,,0,,0,0.0,0.0,0.0,,,0.0,,0.87,0.0,0.0,0.0,0.0,0,0
N. Marcelli,Nino Marcelli,-191384,Slovan Bratislava,Slovan Bratislava,https://cdn5.wyscout.com/photos/team/public/1218_120x120.png,Niké Liga,LW,LW,100,,0,,0,21,2005-05-29,0,2028-06-30,2,103,0,0.47000000000000003,0,0.26,22.72,38.46,Slovakia,['Slovakia'],right,178,68,False,5.24,7.86,33.33,1.75,0.0,0.0,0.0,0.87,2.62,5.63,1.75,0,0.0,0,0.0,2.62,0.0,0,0.0,0.41000000000000003,0,0.0,3,2.62,0.0,0.0,0.0,6.12,14.29,6.12,14.29,0.0,0.0,0.0,3.5,50.0,12.23,50.0,4.37,6.12,0.87,40.19,3.5,1.75,42.82,73.47,10.49,58.33,10.49,100.0,36.7,83.33,0.87,0.0,16.8,28.31,0.23,1.75,0.0,0.0,0.0,0.0,0.87,0.87,0.0,6.12,57.14,0.0,0.0,3.5,0.87,6.12,85.71,66.67,15.73,0,,0,,0,0.0,0.0,0.0,,,0.0,,1.75,0.87,0.87,0.0,1.75,0,0
D. Húska,Dávid Húska,-358953,Ružomberok,Ružomberok,https://cdn5.wyscout.com/photos/team/public/1295_120x120.png,Niké Liga,GK,GK,100,,0,,0,22,2003-09-30,0,2028-12-31,1,102,0,0.0,0,0.0,0.0,0.0,Slovakia,['Slovakia'],,0,0,False,0.0,0.0,0.0,0.0,0.0,0.0,0.0,0.0,0.0,0.0,0.0,0,0.0,0,0.0,0.0,0.0,0,0.0,0.0,0,0.0,0,0.0,0.0,0.0,0.0,0.0,0.0,0.0,0.0,0.0,0.0,0.0,0.0,0.0,0.0,0.0,0.0,0.0,0.0,13.24,0.0,0.0,20.29,86.96,14.12,81.25,0.0,0.0,9.71,100.0,10.59,75.0,36.01,53.73,0.0,0.0,0.0,0.0,0.0,0.0,0.0,3.5300000000000002,75.0,0.0,0.0,0.0,0.0,0.0,0.0,8.82,90.0,100.0,5.29,2,1.76,4,3.5300000000000002,0,50.0,2.98,2.63,0.98,0.865,0.0,1.76,0.0,,,,0.0,0,0
R. Kejval,Radek Kejval,-672209,Podbrezová,Podbrezová,https://cdn5.wyscout.com/photos/team/public/g1984_120x120.png,Niké Liga,LCB3,LCB3,100,,0,,0,20,2005-10-15,0,,1,100,0,0.17,0,0.0,4.5,60.0,Czech Republic,['Czech Republic'],,0,0,False,3.6,0.9,100.0,2.7,66.67,0.0,0.0,0.0,2.7,4.5,0.0,0,0.0,0,0.0,0.9,0.0,0,0.0,0.15,0,0.0,1,0.9,100.0,0.0,0.0,0.0,0.0,0.0,0.0,0.0,0.0,0.0,0.0,0.0,0.9,0.0,0.9,0.9,0.0,47.7,0.0,0.0,58.5,93.85,27.9,87.1,5.4,100.0,55.8,95.16,2.7,66.67,19.03,43.61,0.0,0.0,0.0,0.0,0.0,0.0,0.0,9.9,81.82,0.0,0.0,0.0,0.0,0.0,0.0,9.9,90.91,100.0,23.4,0,,0,,0,0.0,0.0,0.0,,,2.7,,2.7,0.0,0.0,0.0,0.0,0,0
F. Kaša,Filip Kaša,155487,Žilina,Žilina,https://cdn5.wyscout.com/photos/team/public/1219_120x120.png,Niké Liga,CB,CB,100,,0,,0,32,1994-01-01,250000,2027-06-30,1,99,0,0.01,0,0.07,5.45,50.0,Czech Republic,"['Czech Republic', 'Slovakia']",right,191,84,False,10.0,3.64,50.0,0.91,0.0,0.0,0.0,1.82,8.18,15.88,0.0,0,0.0,0,0.0,0.91,0.0,0,0.0,0.01,0,0.0,1,0.91,100.0,0.0,0.0,0.91,0.0,0.91,0.0,0.0,0.0,0.0,0.0,0.0,0.0,0.0,1.82,0.0,0.0,42.73,0.91,0.0,60.91,85.07,23.64,76.92,5.45,100.0,51.82,91.23,8.18,55.56,22.78,45.62,0.06,0.91,0.0,0.0,0.0,0.0,0.91,10.0,63.64,0.91,0.0,0.0,0.0,0.91,0.0,6.36,71.43,93.75,29.09,0,,0,,0,0.0,0.0,0.0,,,2.73,,0.91,0.0,0.0,0.0,0.0,0,0
Y. Muritala,Yunusa Owolabi Muritala,-102860,Komárno,Komárno,https://cdn5.wyscout.com/photos/team/public/g29815_120x120.png,Niké Liga,CF,CF,99,,0,,0,26,2000-04-02,225000,2026-12-31,4,99,0,1.01,0,0.12,15.45,41.18,Nigeria,['Nigeria'],right,189,83,False,2.73,0.91,0.0,9.09,40.0,0.0,0.0,0.0,2.73,3.21,2.73,1,0.91,0,0.0,0.0,0.0,0,0.0,0.92,0,0.0,4,3.64,0.0,0.0,0.0,0.0,0.0,0.0,0.0,0.0,0.0,0.0,0.0,0.0,1.82,0.0,6.36,0.0,0.0,13.64,4.55,1.82,13.64,66.67,2.73,33.33,5.45,100.0,13.64,66.67,0.0,0.0,15.75,0.0,0.1,0.91,0.91,0.0,0.0,0.0,0.91,1.82,50.0,0.91,0.0,0.0,0.0,0.91,0.0,0.0,0.0,66.67,2.73,0,,0,,0,0.0,0.0,0.0,,,0.91,,9.09,0.0,0.0,0.0,0.0,0,0
J. Badžgoň,Jakub Badžgoň,-283794,Žilina,Žilina,https://cdn5.wyscout.com/photos/team/public/1219_120x120.png,Niké Liga,GK,GK,100,,0,,0,21,2005-06-02,0,2029-06-30,1,97,0,0.0,0,0.0,0.0,0.0,Slovakia,['Slovakia'],right,190,83,False,0.93,0.0,0.0,0.0,0.0,0.0,0.0,0.0,0.93,2.14,0.0,0,0.0,0,0.0,0.0,0.0,0,0.0,0.0,0,0.0,0,0.0,0.0,0.0,0.0,0.0,0.0,0.0,0.0,0.0,0.0,0.0,0.0,0.0,0.0,0.0,0.0,0.0,0.0,23.2,1.8599999999999999,0.0,32.47,97.14,12.99,92.86,0.0,0.0,27.84,100.0,4.64,80.0,23.77,41.22,0.0,0.0,0.0,0.0,0.0,0.0,0.0,0.93,100.0,0.0,0.0,0.0,0.0,0.0,0.0,1.8599999999999999,50.0,100.0,18.56,3,2.7800000000000002,4,3.71,0,25.0,0.73,0.68,-2.27,-2.106,0.0,1.8599999999999999,0.0,,,,0.0,0,0
D. Takáč,Dominik Takáč,441762,Slovan Bratislava,Slovan Bratislava,https://cdn5.wyscout.com/photos/team/public/1218_120x120.png,Niké Liga,GK,GK,100,,0,,0,27,1999-01-12,0,2027-06-30,1,96,0,0.0,0,0.0,0.0,0.0,Slovakia,['Slovakia'],left,195,90,False,0.0,0.0,0.0,0.0,0.0,0.0,0.0,0.0,0.0,0.0,0.0,0,0.0,0,0.0,0.0,0.0,0,0.0,0.0,0,0.0,0,0.0,0.0,0.0,0.0,0.0,0.0,0.0,0.0,0.0,0.0,0.0,0.0,0.0,0.0,0.0,0.0,0.0,0.0,37.5,0.0,0.0,41.25,90.91,12.19,69.23,0.0,0.0,36.56,100.0,4.69,20.0,24.93,49.27,0.0,0.0,0.0,0.0,0.0,0.0,0.0,0.9400000000000001,0.0,0.0,0.0,0.0,0.0,0.0,0.0,3.75,50.0,100.0,27.19,0,0.0,0,0.0,1,0.0,0.0,0.0,0.0,0.0,0.0,0.9400000000000001,0.0,,,,0.0,0,0
M. Koscelník,Martin Koscelník,353345,Slovácko,Zemplín Michalovce,https://cdn5.wyscout.com/photos/team/public/1953_120x120.png,Chance Liga,LW,LW,100,,0,,0,31,1995-03-02,450000,2026-12-31,1,95,0,0.08,0,0.0,13.26,42.86,Slovakia,['Slovakia'],right,180,75,False,10.42,5.68,66.67,2.84,33.33,0.9500000000000001,0.77,0.0,5.68,4.62,0.9500000000000001,0,0.0,0,0.0,0.9500000000000001,0.0,0,0.0,0.08,0,0.0,1,0.9500000000000001,100.0,0.0,0.0,1.8900000000000001,0.0,0.9500000000000001,0.0,0.9500000000000001,0.0,0.9500000000000001,1.8900000000000001,0.0,3.79,25.0,0.9500000000000001,0.0,0.0,5.68,0.9500000000000001,0.9500000000000001,11.37,33.33,5.68,33.33,1.8900000000000001,100.0,6.63,42.86,2.84,33.33,18.21,35.99,0.0,0.0,0.0,0.0,0.0,0.0,0.0,0.9500000000000001,0.0,2.84,0.0,0.0,0.0,0.0,0.9500000000000001,5.68,16.67,0.0,1.8900000000000001,0,,0,,0,0.0,0.0,0.0,,,0.0,,2.84,0.0,0.0,0.0,0.0,0,0
Rhyan,Rhyan Modesto de Oliveira Galdino,-314714,DAC,DAC,https://cdn5.wyscout.com/photos/team/public/1224_120x120.png,Niké Liga,LB,LB,100,,0,,0,23,2003-01-08,0,2027-06-30,2,93,0,0.0,0,0.0,3.87,0.0,Brazil,['Brazil'],left,183,73,False,7.74,0.97,0.0,0.97,0.0,0.0,0.0,0.97,7.74,12.0,0.0,0,0.0,0,0.0,0.0,0.0,0,0.0,0.0,0,0.0,0,0.0,0.0,0.0,0.0,0.0,0.0,0.0,0.0,0.0,0.0,0.0,0.0,0.0,1.94,0.0,0.0,1.94,0.0,40.65,3.87,0.0,47.42,95.92,12.58,84.62,1.94,100.0,46.45,97.92,0.97,0.0,14.19,14.38,0.0,0.0,0.0,0.0,0.0,0.0,0.0,2.9,100.0,0.0,0.0,0.0,0.0,0.0,0.0,4.84,100.0,100.0,23.23,0,,0,,0,0.0,0.0,0.0,,,0.0,,0.97,0.0,0.0,0.0,0.0,0,0
P. Pokorný,Peter Pokorný,508738,Slovan Bratislava,Slovan Bratislava,https://cdn5.wyscout.com/photos/team/public/1218_120x120.png,Niké Liga,DMF,DMF,100,,0,,0,25,2001-08-08,0,2029-06-30,1,92,0,0.0,0,0.0,9.78,70.0,Slovakia,['Slovakia'],right,183,79,False,7.83,3.91,75.0,0.98,100.0,0.0,0.0,0.0,4.89,11.54,0.98,0,0.0,0,0.0,0.98,0.0,0,0.0,0.0,0,0.0,0,0.0,0.0,0.0,0.0,0.0,0.0,0.0,0.0,0.0,0.0,0.0,0.98,100.0,3.91,50.0,0.0,0.0,0.98,65.54,0.0,0.98,68.48,97.14,14.67,100.0,14.67,100.0,62.61,98.44,5.87,83.33,20.4,45.54,0.0,0.0,0.0,0.0,0.0,0.0,0.0,8.8,88.89,0.0,0.0,0.0,0.0,0.0,0.0,8.8,88.89,97.22,35.22,0,,0,,0,0.0,0.0,0.0,,,4.89,,0.98,0.0,0.0,0.0,0.0,0,0
M. Zsigmund,Marek Zsigmund,464854,FC Košice,FC Košice,https://cdn5.wyscout.com/photos/team/public/g-12653_120x120.png,Niké Liga,"RCMF, LCMF, DMF",RCMF,36,LCMF,32,DMF,30,29,1997-04-20,300000,2027-06-30,3,88,0,0.19,0,0.0,12.27,41.67,Slovakia,['Slovakia'],right,175,78,False,10.23,5.11,40.0,3.07,100.0,0.0,0.0,0.0,8.18,8.89,1.02,0,0.0,0,0.0,0.0,0.0,0,0.0,0.19,0,0.0,1,1.02,0.0,0.0,0.0,1.02,0.0,0.0,0.0,1.02,0.0,0.0,1.02,0.0,3.07,0.0,1.02,0.0,0.0,28.64,0.0,0.0,34.77,85.29,19.43,73.68,2.05,100.0,29.66,93.1,4.09,50.0,17.15,36.0,0.0,0.0,0.0,0.0,0.0,0.0,0.0,7.16,71.43,2.05,50.0,0.0,0.0,0.0,0.0,4.09,100.0,100.0,6.14,0,,0,,0,0.0,0.0,0.0,,,0.0,,3.07,0.0,0.0,0.0,0.0,0,0
A. Krizan,Adam Krizan,-856864,Skalica,Skalica,https://cdn5.wyscout.com/photos/team/public/g24757_120x120.png,Niké Liga,"LW, LAMF",LW,50,LAMF,36,,0,19,2007-01-01,0,,4,88,0,0.0,0,0.0,17.39,41.18,Slovakia,['Slovakia'],unknown,0,0,False,9.2,8.18,37.5,2.05,0.0,0.0,0.0,0.0,6.14,7.83,2.05,0,0.0,0,0.0,0.0,0.0,0,0.0,0.0,0,0.0,0,0.0,0.0,0.0,0.0,1.02,0.0,1.02,0.0,0.0,0.0,0.0,0.0,0.0,5.11,40.0,0.0,1.02,0.0,15.34,2.05,1.02,26.59,50.0,8.18,25.0,3.07,66.67,21.48,57.14,4.09,25.0,25.76,23.25,0.0,0.0,0.0,0.0,0.0,0.0,0.0,2.05,50.0,1.02,0.0,0.0,0.0,0.0,0.0,5.11,20.0,45.45,11.25,0,,0,,0,0.0,0.0,0.0,,,0.0,,2.05,0.0,0.0,0.0,0.0,0,0
E. Okechukwu,Emersons  Praisegod  Okechukwu,-683361,Dukla Banská Bystrica,Dukla Banská Bystrica,https://cdn5.wyscout.com/photos/team/public/g39880_120x120.png,Niké Liga,"CF, LW",CF,84,LW,11,,0,20,2006-06-14,0,,4,86,0,0.21,0,0.0,15.7,33.33,Slovakia,['Slovakia'],,0,0,False,7.33,3.14,33.33,4.19,50.0,1.05,1.76,0.0,5.23,8.82,0.0,0,0.0,0,0.0,0.0,0.0,0,0.0,0.22,0,0.0,2,2.09,0.0,0.0,0.0,1.05,0.0,0.0,0.0,1.05,0.0,0.0,1.05,0.0,6.28,16.67,3.14,0.0,0.0,5.23,1.05,1.05,12.56,75.0,2.09,100.0,2.09,100.0,11.51,81.82,0.0,0.0,20.96,0.0,0.0,0.0,1.05,0.0,0.0,0.0,0.0,0.0,0.0,1.05,0.0,0.0,0.0,1.05,1.05,2.09,0.0,66.67,6.28,0,,0,,0,0.0,0.0,0.0,,,0.0,,4.19,0.0,0.0,0.0,0.0,0,0
C. Nguidjol Bayemi,Christian Emmanuel Nguidjol Bayemi,-304967,Komárno,Komárno,https://cdn5.wyscout.com/photos/team/public/g29815_120x120.png,Niké Liga,"RWF, RAMF, CF",RWF,33,RAMF,24,CF,23,27,1998-12-25,0,2027-06-30,3,85,1,0.35000000000000003,0,0.0,18.0,23.53,Cameroon,['Cameroon'],unknown,0,0,False,2.12,2.12,50.0,4.24,25.0,0.0,0.0,0.0,1.06,1.76,0.0,0,0.0,0,0.0,2.12,1.06,1,1.06,0.37,0,0.0,2,2.12,100.0,50.0,0.0,1.06,0.0,0.0,0.0,1.06,0.0,0.0,3.18,0.0,10.59,10.0,5.29,1.06,0.0,20.12,2.12,1.06,28.59,66.67,3.18,66.67,5.29,100.0,25.41,66.67,2.12,100.0,14.1,38.75,0.0,0.0,0.0,0.0,0.0,0.0,0.0,1.06,100.0,3.18,33.33,0.0,0.0,1.06,0.0,2.12,50.0,55.56,9.53,0,,0,,0,0.0,0.0,0.0,,,0.0,,4.24,0.0,0.0,0.0,0.0,0,0
M. Dimun,Milan Dimun,353407,FC Košice,FC Košice,https://cdn5.wyscout.com/photos/team/public/g-12653_120x120.png,Niké Liga,"LCMF, AMF, RCMF",LCMF,37,AMF,34,RCMF,14,29,1996-09-19,550000,2028-06-30,4,84,0,0.0,0,0.1,17.14,56.25,Slovakia,['Slovakia'],right,188,84,False,5.36,6.43,33.33,5.36,80.0,0.0,0.0,0.0,3.21,4.5,0.0,0,0.0,0,0.0,0.0,0.0,0,0.0,0.0,0,0.0,0,0.0,0.0,0.0,0.0,1.07,0.0,1.07,0.0,0.0,0.0,0.0,0.0,0.0,3.21,66.67,0.0,2.14,0.0,19.29,0.0,2.14,34.29,84.38,20.36,84.21,4.29,100.0,32.14,86.67,1.07,100.0,11.44,8.8,0.1,2.14,1.07,0.0,0.0,0.0,1.07,3.21,100.0,3.21,33.33,0.0,0.0,2.14,1.07,8.57,75.0,83.33,6.43,0,,0,,0,0.0,0.0,0.0,,,0.0,,5.36,0.0,0.0,0.0,0.0,0,0
O. Kalemi,Orestis Kalemi,-512701,Zemplín Michalovce,Zemplín Michalovce,https://cdn5.wyscout.com/photos/team/public/g3237_120x120.png,Niké Liga,"AMF, RCMF, LCMF3",AMF,61,RCMF,21,LCMF3,17,20,2006-03-09,0,,3,84,0,0.42,0,0.0,9.64,22.22,Greece,['Greece'],right,174,0,False,3.21,3.21,33.33,3.21,33.33,0.0,0.0,0.0,2.14,4.29,2.14,1,1.07,0,0.0,2.14,0.0,0,0.0,0.45,0,0.0,3,3.21,66.67,0.0,0.0,2.14,0.0,2.14,0.0,0.0,0.0,0.0,0.0,0.0,3.21,0.0,4.29,0.0,1.07,31.07,0.0,0.0,37.5,77.14,6.43,66.67,3.21,100.0,32.14,90.0,4.29,0.0,16.67,29.39,0.0,0.0,0.0,0.0,0.0,0.0,0.0,4.29,50.0,3.21,33.33,0.0,0.0,0.0,0.0,1.07,100.0,73.33,16.07,0,,0,,0,0.0,0.0,0.0,,,0.0,,3.21,0.0,0.0,0.0,0.0,0,0
D. Prekop,Daniel Prekop,-379173,Ružomberok,Ružomberok,https://cdn5.wyscout.com/photos/team/public/1295_120x120.png,Niké Liga,"LCB, RCB3",LCB,77,RCB3,22,,0,21,2005-05-20,0,2028-05-31,2,80,0,0.0,0,0.0,5.63,0.0,Slovakia,['Slovakia'],unknown,0,0,False,5.63,1.13,0.0,3.38,0.0,0.0,0.0,2.25,5.63,5.5600000000000005,0.0,0,0.0,0,0.0,0.0,0.0,0,0.0,0.0,0,0.0,0,0.0,0.0,0.0,0.0,0.0,0.0,0.0,0.0,0.0,0.0,0.0,0.0,0.0,1.13,0.0,0.0,0.0,0.0,13.5,0.0,0.0,22.5,95.0,9.0,100.0,4.5,75.0,18.0,93.75,4.5,100.0,24.12,45.22,0.0,0.0,0.0,0.0,0.0,0.0,0.0,2.25,100.0,0.0,0.0,0.0,0.0,0.0,0.0,3.38,100.0,100.0,4.5,0,,0,,0,0.0,0.0,0.0,,,2.25,,3.38,0.0,0.0,0.0,0.0,0,0
A. Kahvić,Aleksandar Kahvić,-275370,FC Košice,FC Košice,https://cdn5.wyscout.com/photos/team/public/g-12653_120x120.png,Niké Liga,CF,CF,100,,0,,0,22,2004-01-02,0,2028-06-30,3,77,0,0.1,0,0.0,23.38,70.0,Bosnia and Herzegovina,['Bosnia and Herzegovina'],right,192,85,False,7.01,4.68,75.0,12.86,81.82,0.0,0.0,0.0,3.51,5.63,1.17,0,0.0,0,0.0,3.51,0.0,0,0.0,0.11,0,0.0,1,1.17,100.0,0.0,0.0,1.17,100.0,0.0,0.0,1.17,100.0,0.0,1.17,100.0,4.68,50.0,3.51,0.0,0.0,14.03,2.34,1.17,21.04,72.22,4.68,75.0,3.51,100.0,18.7,68.75,1.17,100.0,13.05,10.69,0.0,0.0,0.0,0.0,0.0,0.0,0.0,1.17,100.0,1.17,100.0,0.0,0.0,1.17,0.0,2.34,50.0,33.33,7.01,0,,0,,0,0.0,0.0,0.0,,,0.0,,12.86,0.0,0.0,0.0,0.0,0,0
M. Mateáš,Maxim Mateáš,-436725,FC Košice,FC Košice,https://cdn5.wyscout.com/photos/team/public/g-12653_120x120.png,Niké Liga,AMF,AMF,100,,0,,0,18,2008-05-12,0,2029-06-30,3,75,0,0.38,0,0.0,16.8,28.57,Slovakia,['Slovakia'],unknown,176,0,False,3.6,1.2,100.0,6.0,0.0,0.0,0.0,0.0,2.4,4.29,0.0,0,0.0,0,0.0,1.2,0.0,0,0.0,0.46,0,0.0,3,3.6,33.33,0.0,0.0,1.2,0.0,0.0,0.0,1.2,0.0,0.0,1.2,0.0,9.6,37.5,3.6,1.2,0.0,27.6,3.6,2.4,33.6,82.14,3.6,66.67,8.4,100.0,32.4,85.19,0.0,0.0,13.71,0.0,0.0,0.0,0.0,0.0,0.0,0.0,0.0,1.2,0.0,4.8,50.0,0.0,0.0,1.2,1.2,2.4,50.0,66.67,10.8,0,,0,,0,0.0,0.0,0.0,,,0.0,,6.0,0.0,0.0,0.0,0.0,0,0
S. Škrbo,Stefan   Škrbo,-266572,Spartak Trnava,Spartak Trnava,https://cdn5.wyscout.com/photos/team/public/1291_120x120.png,Niké Liga,"AMF, RAMF, LW",AMF,52,RAMF,28,LW,18,25,2001-01-23,200000,2028-06-30,2,74,0,0.14,0,0.0,21.89,38.89,Austria,['Austria'],,176,70,False,4.86,6.08,20.0,0.0,0.0,0.0,0.0,0.0,3.65,5.0,2.43,0,0.0,0,0.0,2.43,0.0,0,0.0,0.17,0,0.0,1,1.22,100.0,0.0,0.0,1.22,0.0,0.0,0.0,1.22,0.0,0.0,3.65,33.33,12.16,50.0,4.86,4.86,0.0,20.68,1.22,2.43,29.19,91.67,6.08,80.0,7.3,100.0,25.54,95.24,2.43,100.0,14.31,20.29,0.0,0.0,0.0,0.0,0.0,0.0,0.0,0.0,0.0,0.0,0.0,0.0,0.0,2.43,1.22,1.22,100.0,87.5,9.73,0,,0,,0,0.0,0.0,0.0,,,0.0,,0.0,0.0,0.0,0.0,0.0,0,0
M. Boye,Mikkel Boye,-279568,Trenčín,Trenčín,https://cdn5.wyscout.com/photos/team/public/3710_120x120.png,Niké Liga,CF,CF,100,,0,,0,20,2006-04-05,0,2028-06-30,1,69,0,0.0,0,0.0,13.04,70.0,Denmark,['Denmark'],right,192,0,False,2.61,1.3,0.0,6.52,100.0,0.0,0.0,0.0,2.61,3.16,0.0,0,0.0,0,0.0,0.0,0.0,0,0.0,0.0,0,0.0,1,1.3,0.0,0.0,0.0,0.0,0.0,0.0,0.0,0.0,0.0,0.0,0.0,0.0,1.3,100.0,1.3,0.0,0.0,6.52,3.91,0.0,9.13,85.71,1.3,100.0,5.22,100.0,9.13,85.71,0.0,0.0,16.64,0.0,0.0,0.0,0.0,0.0,0.0,0.0,0.0,3.91,66.67,0.0,0.0,0.0,0.0,0.0,0.0,2.61,100.0,100.0,1.3,0,,0,,0,0.0,0.0,0.0,,,0.0,,6.52,0.0,0.0,0.0,0.0,0,0
M. Kelemen,Marko Kelemen,460949,Ružomberok,Ružomberok,https://cdn5.wyscout.com/photos/team/public/1295_120x120.png,Niké Liga,CF,CF,90,,0,,0,26,2000-04-29,100000,,3,68,0,0.08,0,0.0,21.18,25.0,Slovakia,['Slovakia'],right,187,84,False,0.0,1.32,0.0,10.59,37.5,0.0,0.0,0.0,0.0,0.0,2.65,0,0.0,0,0.0,2.65,0.0,0,0.0,0.11,0,0.0,1,1.32,100.0,0.0,0.0,1.32,100.0,0.0,0.0,1.32,100.0,0.0,2.65,0.0,5.29,25.0,3.9699999999999998,0.0,0.0,7.94,2.65,1.32,10.59,62.5,1.32,0.0,2.65,100.0,9.26,57.14,1.32,100.0,12.8,16.13,0.0,0.0,0.0,0.0,0.0,0.0,0.0,0.0,0.0,0.0,0.0,0.0,0.0,0.0,0.0,1.32,0.0,100.0,1.32,0,,0,,0,0.0,0.0,0.0,,,0.0,,10.59,0.0,0.0,0.0,0.0,0,0
D. Bukovský,David Bukovský,-386877,Spartak Trnava,Spartak Trnava,https://cdn5.wyscout.com/photos/team/public/1291_120x120.png,Niké Liga,"LAMF, AMF, RAMF",LAMF,54,AMF,16,RAMF,15,19,2007-08-27,0,2027-06-30,3,67,0,0.01,0,0.0,29.55,50.0,Slovakia,['Slovakia'],right,178,0,False,9.4,10.75,62.5,1.34,100.0,0.0,0.0,1.34,2.69,6.0,4.03,1,1.34,0,0.0,2.69,0.0,0,0.0,0.01,0,0.0,2,2.69,0.0,0.0,0.0,2.69,50.0,2.69,50.0,0.0,0.0,0.0,1.34,100.0,14.78,45.45,4.03,0.0,0.0,28.21,2.69,4.03,30.9,78.26,6.72,60.0,10.75,87.5,26.87,80.0,1.34,100.0,15.33,15.74,0.0,0.0,0.0,0.0,0.0,0.0,0.0,0.0,0.0,1.34,100.0,0.0,0.0,0.0,1.34,4.03,66.67,100.0,5.37,0,,0,,0,0.0,0.0,0.0,,,0.0,,1.34,0.0,0.0,0.0,0.0,0,0
D. Jepihhin,Dimitri Jepihhin,-300502,Trenčín,Trenčín,https://cdn5.wyscout.com/photos/team/public/3710_120x120.png,Niké Liga,LW,LW,100,,0,,0,20,2005-10-28,0,2027-06-30,1,66,0,0.02,0,0.13,12.27,55.56,Estonia,['Estonia'],both,172,0,False,2.73,4.09,33.33,1.3599999999999999,0.0,0.0,0.0,0.0,1.3599999999999999,1.67,2.73,0,0.0,0,0.0,4.09,0.0,0,0.0,0.03,0,0.0,1,1.3599999999999999,0.0,0.0,0.0,1.3599999999999999,0.0,1.3599999999999999,0.0,0.0,0.0,0.0,5.45,75.0,6.82,80.0,2.73,5.45,0.0,17.73,4.09,0.0,25.91,52.63,8.18,16.67,5.45,100.0,23.18,52.94,1.3599999999999999,100.0,14.2,53.77,0.18,1.3599999999999999,0.0,0.0,0.0,0.0,1.3599999999999999,2.73,50.0,2.73,50.0,0.0,0.0,1.3599999999999999,0.0,4.09,33.33,83.33,8.18,0,,0,,0,0.0,0.0,0.0,,,0.0,,1.3599999999999999,0.0,0.0,0.0,0.0,0,0
M. Kukharevych,Mykola Kukharevych,-110384,Slovan Bratislava,Slovan Bratislava,https://cdn5.wyscout.com/photos/team/public/1218_120x120.png,Niké Liga,CF,CF,100,,0,,0,25,2001-07-01,1500000,2029-06-30,1,63,1,0.76,0,0.0,14.29,30.0,Ukraine,['Ukraine'],right,191,79,False,7.14,1.43,100.0,0.0,0.0,0.0,0.0,0.0,5.71,15.0,0.0,0,0.0,0,0.0,2.86,1.43,1,1.43,1.09,0,0.0,3,4.29,66.67,33.333,0.0,0.0,0.0,0.0,0.0,0.0,0.0,0.0,1.43,0.0,12.86,22.22,4.29,1.43,0.0,24.29,2.86,0.0,24.29,100.0,2.86,100.0,12.86,100.0,24.29,100.0,0.0,0.0,13.5,0.0,0.01,1.43,1.43,0.0,0.0,0.0,0.0,0.0,0.0,0.0,0.0,0.0,0.0,0.0,0.0,1.43,100.0,100.0,5.71,0,,0,,0,0.0,0.0,0.0,,,0.0,,0.0,0.0,0.0,0.0,0.0,0,0
A. Abdullahi,Abbati Abdullahi,-676028,Skalica,Skalica,https://cdn5.wyscout.com/photos/team/public/g24757_120x120.png,Niké Liga,"LW, RW",LW,81,RW,18,,0,20,2006-01-03,0,2029-06-30,1,62,0,0.0,0,0.1,14.52,40.0,Nigeria,['Nigeria'],,0,0,True,2.9,2.9,50.0,0.0,0.0,0.0,0.0,0.0,1.45,3.33,1.45,0,0.0,0,0.0,0.0,0.0,0,0.0,0.0,0,0.0,0,0.0,0.0,0.0,0.0,1.45,0.0,0.0,0.0,1.45,0.0,1.45,1.45,0.0,8.71,16.67,1.45,0.0,0.0,24.68,4.35,1.45,30.48,90.48,5.8100000000000005,75.0,11.61,100.0,29.03,95.0,0.0,0.0,13.54,0.0,0.14,2.9,0.0,0.0,0.0,0.0,1.45,1.45,100.0,1.45,0.0,0.0,0.0,1.45,1.45,2.9,50.0,80.0,7.26,0,,0,,0,0.0,0.0,0.0,,,0.0,,0.0,0.0,0.0,0.0,0.0,0,0
P. Corr,Pa Assan Corr,-683190,DAC,DAC,https://cdn5.wyscout.com/photos/team/public/1224_120x120.png,Niké Liga,CF,CF,100,,0,,0,20,2005-12-26,0,2029-06-30,1,62,0,0.0,0,0.0,14.52,30.0,Gambia,['Gambia'],unknown,0,0,False,0.0,1.45,0.0,1.45,0.0,0.0,0.0,0.0,0.0,0.0,1.45,0,0.0,0,0.0,0.0,0.0,0,0.0,0.0,0,0.0,0,0.0,0.0,0.0,0.0,0.0,0.0,0.0,0.0,0.0,0.0,0.0,0.0,0.0,8.71,33.33,0.0,0.0,0.0,4.35,1.45,1.45,5.8100000000000005,75.0,0.0,0.0,4.35,100.0,5.8100000000000005,75.0,0.0,0.0,6.43,0.0,0.0,0.0,0.0,0.0,0.0,0.0,0.0,0.0,0.0,0.0,0.0,0.0,0.0,0.0,0.0,1.45,0.0,0.0,0.0,0,,0,,0,0.0,0.0,0.0,,,0.0,,1.45,0.0,0.0,0.0,0.0,0,0
A. Gavrylenko,Andriy Gavrylenko,-110487,Komárno,Komárno,https://cdn5.wyscout.com/photos/team/public/g29815_120x120.png,Niké Liga,"LB, LDMF, CF",LB,40,LDMF,32,CF,26,26,2000-08-17,0,2027-06-30,3,59,0,0.0,0,0.0,9.15,66.67,Ukraine,['Ukraine'],left,184,66,True,10.68,4.58,100.0,0.0,0.0,0.0,0.0,0.0,6.1,7.5,1.53,0,0.0,0,0.0,0.0,0.0,0,0.0,0.0,0,0.0,0,0.0,0.0,0.0,0.0,0.0,0.0,0.0,0.0,0.0,0.0,0.0,1.53,0.0,4.58,33.33,3.05,3.05,0.0,32.03,0.0,1.53,36.61,79.17,13.73,66.67,7.63,80.0,35.08,78.26,1.53,100.0,19.9,9.1,0.0,0.0,0.0,0.0,0.0,0.0,0.0,7.63,60.0,0.0,0.0,0.0,0.0,0.0,0.0,7.63,80.0,100.0,10.68,0,,0,,0,0.0,0.0,0.0,,,0.0,,0.0,0.0,0.0,0.0,1.53,0,0
M. Gulisek,Michal Gulisek,-779347,Skalica,Skalica,https://cdn5.wyscout.com/photos/team/public/g24757_120x120.png,Niké Liga,"RCMF, AMF",RCMF,83,AMF,16,,0,18,2007-11-03,0,,2,57,0,0.0,0,0.1,12.63,12.5,Slovakia,['Slovakia'],,0,0,False,4.74,6.32,0.0,0.0,0.0,0.0,0.0,0.0,4.74,4.29,4.74,0,0.0,0,0.0,0.0,0.0,0,0.0,0.0,0,0.0,0,0.0,0.0,0.0,0.0,0.0,0.0,0.0,0.0,0.0,0.0,0.0,1.58,0.0,4.74,33.33,0.0,0.0,0.0,14.21,0.0,0.0,23.68,73.33,12.63,62.5,3.16,100.0,22.11,78.57,1.58,0.0,15.72,16.2,0.16,1.58,0.0,0.0,0.0,0.0,1.58,4.74,0.0,0.0,0.0,0.0,0.0,0.0,0.0,0.0,0.0,75.0,6.32,0,,0,,0,0.0,0.0,0.0,,,1.58,,0.0,0.0,0.0,0.0,0.0,0,0
M. Nagy,Martin Nagy,191434,Skalica,Skalica,https://cdn5.wyscout.com/photos/team/public/g24757_120x120.png,Niké Liga,"RCMF, DMF",RCMF,88,DMF,11,,0,35,1990-09-05,50000,2027-06-30,2,55,0,0.0,0,0.0,8.18,40.0,Slovakia,['Slovakia'],right,176,71,False,3.27,8.18,40.0,0.0,0.0,0.0,0.0,0.0,0.0,0.0,1.6400000000000001,0,0.0,0,0.0,0.0,0.0,0,0.0,0.0,0,0.0,0,0.0,0.0,0.0,0.0,0.0,0.0,0.0,0.0,0.0,0.0,0.0,0.0,0.0,0.0,0.0,0.0,0.0,0.0,9.82,0.0,0.0,21.27,76.92,8.18,80.0,3.27,100.0,19.64,83.33,1.6400000000000001,0.0,7.1,18.19,0.0,0.0,0.0,0.0,0.0,0.0,0.0,1.6400000000000001,0.0,0.0,0.0,0.0,0.0,0.0,0.0,0.0,0.0,75.0,6.55,0,,0,,0,0.0,0.0,0.0,,,0.0,,0.0,0.0,0.0,0.0,0.0,0,0
A. Gueye,Abdoulaye Gueye,-684317,DAC,DAC,https://cdn5.wyscout.com/photos/team/public/1224_120x120.png,Niké Liga,CF,CF,100,,0,,0,21,2005-05-23,0,2029-06-30,2,54,1,0.22,0,0.0,6.67,25.0,Senegal,['Senegal'],unknown,0,0,False,0.0,1.67,0.0,0.0,0.0,0.0,0.0,0.0,0.0,0.0,1.67,0,0.0,0,0.0,1.67,1.67,1,1.67,0.37,0,0.0,1,1.67,100.0,100.0,0.0,0.0,0.0,0.0,0.0,0.0,0.0,0.0,0.0,0.0,5.0,33.33,1.67,1.67,0.0,18.33,1.67,1.67,16.67,90.0,3.33,50.0,1.67,100.0,15.0,88.89,1.67,100.0,13.53,15.09,0.0,0.0,0.0,0.0,0.0,0.0,0.0,3.33,100.0,0.0,0.0,0.0,0.0,0.0,0.0,1.67,100.0,100.0,8.33,0,,0,,0,0.0,0.0,0.0,,,0.0,,0.0,0.0,0.0,0.0,0.0,0,0
K. Strucka,Kristian Pavol Strucka,-294940,Spartak Trnava,Spartak Trnava,https://cdn5.wyscout.com/photos/team/public/1291_120x120.png,Niké Liga,LDMF,LDMF,100,,0,,0,19,2007-04-01,0,,1,53,0,0.0,0,0.0,13.58,37.5,Slovakia,['Slovakia'],unknown,0,0,False,3.4,5.09,33.33,1.7000000000000002,0.0,0.0,0.0,0.0,1.7000000000000002,3.0,1.7000000000000002,0,0.0,0,0.0,0.0,0.0,0,0.0,0.0,0,0.0,0,0.0,0.0,0.0,0.0,0.0,0.0,0.0,0.0,0.0,0.0,0.0,1.7000000000000002,0.0,5.09,33.33,0.0,0.0,0.0,23.77,0.0,0.0,33.96,90.0,5.09,66.67,6.79,100.0,33.96,90.0,0.0,0.0,16.13,0.0,0.0,0.0,0.0,0.0,0.0,0.0,0.0,0.0,0.0,0.0,0.0,0.0,0.0,0.0,0.0,0.0,0.0,90.91,18.68,0,,0,,0,0.0,0.0,0.0,,,0.0,,1.7000000000000002,0.0,0.0,0.0,0.0,0,0
H. Gong,Hilary Gong Chukwah,475895,Spartak Trnava,Spartak Trnava,https://cdn5.wyscout.com/photos/team/public/1291_120x120.png,Niké Liga,"RAMF, LAMF",RAMF,58,LAMF,41,,0,27,1998-10-10,350000,2027-06-30,1,53,0,0.0,0,0.0,22.08,76.92,Nigeria,['Nigeria'],right,169,72,False,10.19,5.09,66.67,1.7000000000000002,100.0,0.0,0.0,0.0,6.79,12.0,1.7000000000000002,0,0.0,0,0.0,5.09,0.0,0,0.0,0.0,0,0.0,0,0.0,0.0,0.0,0.0,0.0,0.0,0.0,0.0,0.0,0.0,0.0,5.09,100.0,13.58,75.0,0.0,3.4,0.0,20.38,5.09,1.7000000000000002,27.17,68.75,10.19,50.0,10.19,100.0,27.17,68.75,0.0,0.0,12.04,0.0,0.0,0.0,0.0,0.0,0.0,0.0,0.0,0.0,0.0,1.7000000000000002,0.0,0.0,0.0,0.0,0.0,3.4,50.0,0.0,3.4,0,,0,,0,0.0,0.0,0.0,,,0.0,,1.7000000000000002,0.0,0.0,0.0,0.0,0,0
R. Sanusi,Ridwan Sanusi,-269585,Trenčín,Trenčín,https://cdn5.wyscout.com/photos/team/public/3710_120x120.png,Niké Liga,RW,RW,100,,0,,0,23,2002-09-21,500000,2027-12-31,1,52,0,0.0,0,0.26,12.12,42.86,Nigeria,['Nigeria'],,0,0,True,5.19,3.46,50.0,1.73,0.0,0.0,0.0,0.0,3.46,5.0,1.73,0,0.0,0,0.0,3.46,0.0,0,0.0,0.0,0,0.0,0,0.0,0.0,0.0,0.0,1.73,100.0,0.0,0.0,1.73,100.0,0.0,1.73,100.0,5.19,66.67,1.73,0.0,0.0,15.58,0.0,1.73,22.5,76.92,1.73,0.0,10.38,83.33,20.77,75.0,0.0,0.0,14.37,0.0,0.45,1.73,0.0,0.0,0.0,0.0,1.73,0.0,0.0,1.73,100.0,0.0,0.0,0.0,1.73,1.73,100.0,100.0,5.19,0,,0,,0,0.0,0.0,0.0,,,0.0,,1.73,0.0,0.0,0.0,0.0,0,0
L. Holík,Libor Holík,400658,Spartak Trnava,Spartak Trnava,https://cdn5.wyscout.com/photos/team/public/1291_120x120.png,Niké Liga,RB,RB,100,,0,,0,28,1998-05-12,300000,2027-06-30,2,45,0,0.01,0,0.0,14.0,71.43,Czech Republic,['Czech Republic'],right,181,78,False,4.0,6.0,66.67,0.0,0.0,0.0,0.0,0.0,0.0,0.0,0.0,0,0.0,0,0.0,4.0,0.0,0,0.0,0.02,0,0.0,1,2.0,0.0,0.0,0.0,8.0,0.0,0.0,0.0,8.0,0.0,2.0,4.0,100.0,8.0,75.0,2.0,2.0,0.0,48.0,0.0,2.0,58.0,72.41,20.0,60.0,12.0,100.0,48.0,83.33,2.0,100.0,20.11,24.28,0.0,0.0,0.0,0.0,0.0,0.0,0.0,4.0,100.0,10.0,20.0,0.0,0.0,2.0,0.0,8.0,75.0,66.67,18.0,0,,0,,0,0.0,0.0,0.0,,,0.0,,0.0,0.0,0.0,0.0,0.0,0,0
A. Gruber,Andreas Gruber,256721,DAC,DAC,https://cdn5.wyscout.com/photos/team/public/1224_120x120.png,Niké Liga,RW,RW,100,,0,,0,31,1995-06-29,0,2028-06-30,1,41,0,0.03,0,0.27,,,Austria,['Austria'],left,174,70,False,,,,,,,0.0,,,5.0,,0,,0,,,,0,,,0,,1,,,0.0,,,,,,,,,,,,,,,,,,,,,,,,,,,,,13.63,32.58,,,,,,,,,,,,,,,,,,,,0,,0,,0,0.0,0.0,,,,,,,,,,,0,0
C. Martínez,Cristian Jesús Martínez,312971,Slovan Bratislava,Slovan Bratislava,https://cdn5.wyscout.com/photos/team/public/1218_120x120.png,Niké Liga,"LCMF, LCMF3",LCMF,64,LCMF3,35,,0,29,1997-02-06,700000,2027-06-30,3,39,0,0.0,0,0.0,,,Panama,['Panama'],right,170,79,False,,,,,,,0.0,,,6.0,,0,,0,,,,0,,,0,,0,,,0.0,,,,,,,,,,,,,,,,,,,,,,,,,,,,,13.56,8.86,,,,,,,,,,,,,,,,,,,,0,,0,,0,0.0,0.0,,,,,,,,,,,0,0
R. Potočný,Roman Potočný,178532,Skalica,Skalica,https://cdn5.wyscout.com/photos/team/public/g24757_120x120.png,Niké Liga,"DMF, LW, CF",DMF,65,LW,18,CF,16,35,1991-04-25,175000,2027-06-30,3,39,0,0.15,0,0.0,,,Czech Republic,['Czech Republic'],,191,0,False,,,,,,,0.0,,,0.0,,0,,0,,,,0,,,0,,1,,,0.0,,,,,,,,,,,,,,,,,,,,,,,,,,,,,11.95,17.5,,,,,,,,,,,,,,,,,,,,0,,0,,0,0.0,0.0,,,,,,,,,,,0,0
F. Kasana,Fedor Kasana,-528701,Trenčín,Trenčín,https://cdn5.wyscout.com/photos/team/public/3710_120x120.png,Niké Liga,"CF, RW",CF,85,RW,14,,0,18,2008-04-09,0,2028-06-30,2,36,0,0.0,0,0.09,,,Slovakia,['Slovakia'],unknown,0,0,False,,,,,,,0.0,,,18.0,,0,,0,,,,0,,,0,,0,,,0.0,,,,,,,,,,,,,,,,,,,,,,,,,,,,,9.58,0.0,,,,,,,,,,,,,,,,,,,,0,,0,,0,0.0,0.0,,,,,,,,,,,0,0
D. Veselovský,Dominik Veselovský,-114553,Dukla Banská Bystrica,Dukla Banská Bystrica,https://cdn5.wyscout.com/photos/team/public/g39880_120x120.png,Niké Liga,"RAMF, AMF",RAMF,57,AMF,42,,0,24,2002-07-19,275000,2027-06-30,2,33,0,0.08,0,0.0,,,Czech Republic,"['Czech Republic', 'Slovakia']",right,170,70,False,,,,,,,0.0,,,0.0,,0,,0,,,,0,,,0,,2,,,0.0,,,,,,,,,,,,,,,,,,,,,,,,,,,,,4.57,0.0,,,,,,,,,,,,,,,,,,,,0,,0,,0,0.0,0.0,,,,,,,,,,,0,0
M. Hollý,Mário Hollý,-182913,Tatran Prešov,Skalica,https://cdn5.wyscout.com/photos/team/public/1294_120x120.png,2. liga,"RW, LB",RW,50,LB,49,,0,26,2000-04-25,0,2027-06-30,2,33,0,0.0,0,0.0,,,Slovakia,['Slovakia'],right,185,74,True,,,,,,,4.29,,,12.86,,1,,0,,,,0,,,0,,0,,,0.0,,,,,,,,,,,,,,,,,,,,,,,,,,,,,16.99,0.0,,,,,,,,,,,,,,,,,,,,0,,0,,0,0.0,0.0,,,,,,,,,,,0,0
M. Duraj,Michal Duraj,-567185,Podbrezová U19,Podbrezová,https://cdn5.wyscout.com/photos/team/public/g26233_120x120.png,U19 League,CF,CF,100,,0,,0,17,2009-08-01,0,,2,33,0,0.0,0,0.0,,,Slovakia,['Slovakia'],unknown,0,0,False,,,,,,,3.33,,,3.33,,0,,0,,,,0,,,0,,1,,,0.0,,,,,,,,,,,,,,,,,,,,,,,,,,,,,19.94,0.0,,,,,,,,,,,,,,,,,,,,0,,0,,0,0.0,0.0,,,,,,,,,,,0,0
N. Udvaros,Nathan Udvaros,-533155,DAC,DAC,https://cdn5.wyscout.com/photos/team/public/1224_120x120.png,Niké Liga,AMF,AMF,100,,0,,0,18,2007-09-17,0,2029-06-30,1,30,0,0.27,0,0.0,,,Slovakia,['Slovakia'],right,0,0,False,,,,,,,0.0,,,5.0,,0,,0,,,,0,,,0,,2,,,0.0,,,,,,,,,,,,,,,,,,,,,,,,,,,,,13.72,35.39,,,,,,,,,,,,,,,,,,,,0,,0,,0,0.0,0.0,,,,,,,,,,,0,0
A. Šporar,Andraž Šporar,200334,Slovan Bratislava,Slovan Bratislava,https://cdn5.wyscout.com/photos/team/public/1218_120x120.png,Niké Liga,CF,CF,100,,0,,0,32,1994-02-27,4000000,2028-06-30,1,30,0,0.17,0,0.09,,,Slovenia,['Slovenia'],right,186,82,False,,,,,,,0.0,,,15.0,,0,,0,,,,0,,,0,,1,,,0.0,,,,,,,,,,,,,,,,,,,,,,,,,,,,,11.79,0.0,,,,,,,,,,,,,,,,,,,,0,,0,,0,0.0,0.0,,,,,,,,,,,0,0
D. Hakobyan,Davit Hakobyan,-298230,Podbrezová,Podbrezová,https://cdn5.wyscout.com/photos/team/public/g1984_120x120.png,Niké Liga,"LCMF3, AMF",LCMF3,71,AMF,26,,0,21,2005-08-09,0,2028-06-30,2,29,0,0.01,0,0.02,,,Armenia,['Armenia'],right,180,0,False,,,,,,,0.0,,,5.0,,2,,0,,,,0,,,0,,1,,,0.0,,,,,,,,,,,,,,,,,,,,,,,,,,,,,6.85,0.0,,,,,,,,,,,,,,,,,,,,0,,0,,0,0.0,0.0,,,,,,,,,,,0,0
M. Tomáško,Matus Tomáško,-643831,Slovan Bratislava U19,Slovan Bratislava,https://cdn5.wyscout.com/photos/team/public/g26228_120x120.png,U19 League,"LWF, RWF",LWF,70,RWF,29,,0,16,2009-11-30,0,,1,29,0,0.0,0,0.0,,,Slovakia,['Slovakia'],unknown,0,0,False,,,,,,,0.0,,,7.5,,0,,0,,,,0,,,0,,0,,,0.0,,,,,,,,,,,,,,,,,,,,,,,,,,,,,11.7,0.0,,,,,,,,,,,,,,,,,,,,0,,0,,0,0.0,0.0,,,,,,,,,,,0,0
G. Nadareishvili,Gia Nadareishvili,-392648,Trenčín,Trenčín,https://cdn5.wyscout.com/photos/team/public/3710_120x120.png,Niké Liga,"DMF, LDMF",DMF,57,LDMF,32,,0,21,2005-03-03,0,2028-06-30,2,28,0,0.01,0,0.0,,,Georgia,['Georgia'],unknown,0,0,False,,,,,,,0.0,,,6.0,,0,,0,,,,0,,,0,,1,,,0.0,,,,,,,,,,,,,,,,,,,,,,,,,,,,,20.71,22.44,,,,,,,,,,,,,,,,,,,,0,,0,,0,0.0,0.0,,,,,,,,,,,0,0
V. Theofanopoulos,Vasileios Theofanopoulos,-645434,Zemplín Michalovce,Zemplín Michalovce,https://cdn5.wyscout.com/photos/team/public/g3237_120x120.png,Niké Liga,RW,RW,100,,0,,0,19,2007-08-05,0,,1,27,0,0.0,0,0.0,,,Slovakia,['Slovakia'],,184,0,False,,,,,,,0.0,,,13.64,,0,,0,,,,0,,,0,,0,,,0.0,,,,,,,,,,,,,,,,,,,,,,,,,,,,,13.8,0.0,,,,,,,,,,,,,,,,,,,,0,,0,,0,0.0,0.0,,,,,,,,,,,0,0
M. Junas,Martin Junas,295744,Skalica,Skalica,https://cdn5.wyscout.com/photos/team/public/g24757_120x120.png,Niké Liga,GK,GK,100,,0,,0,30,1996-03-09,250000,2027-06-30,1,24,0,0.0,0,0.0,,,Slovakia,['Slovakia'],right,184,83,False,,,,,,,0.0,,,0.0,,0,,0,,,,0,,,0,,0,,,0.0,,,,,,,,,,,,,,,,,,,,,,,,,,,,,33.09,40.41,,,,,,,,,,,,,,,,,,,,0,,1,,0,100.0,0.6000000000000001,,0.6000000000000001,,,,,,,,,0,0
V. Vrábel,Viliam Vrábel,-585584,FC Košice,FC Košice,https://cdn5.wyscout.com/photos/team/public/g-12653_120x120.png,Niké Liga,RWB,RWB,100,,0,,0,18,2008-02-20,0,,2,23,0,0.0,0,0.0,,,Slovakia,['Slovakia'],unknown,0,0,False,,,,,,,0.0,,,6.0,,0,,0,,,,0,,,0,,0,,,0.0,,,,,,,,,,,,,,,,,,,,,,,,,,,,,14.6,11.39,,,,,,,,,,,,,,,,,,,,0,,0,,0,0.0,0.0,,,,,,,,,,,0,0
L. Hofstädter,Leo Hofstädter,-643834,Slovan Bratislava U19,Slovan Bratislava,https://cdn5.wyscout.com/photos/team/public/g26228_120x120.png,U19 League,"RW, RCMF",RW,63,RCMF,36,,0,16,2009-10-09,0,,2,19,0,0.0,0,0.0,,,Slovakia,['Slovakia'],unknown,0,0,False,,,,,,,0.0,,,0.0,,0,,0,,,,0,,,0,,0,,,0.0,,,,,,,,,,,,,,,,,,,,,,,,,,,,,12.16,0.0,,,,,,,,,,,,,,,,,,,,0,,0,,0,0.0,0.0,,,,,,,,,,,0,0
N. Cervantes,Noa Cervantes,-272197,Zemplín Michalovce,Zemplín Michalovce,https://cdn5.wyscout.com/photos/team/public/g3237_120x120.png,Niké Liga,"LCMF, DMF",LCMF,69,DMF,30,,0,23,2003-04-16,0,2029-06-30,2,19,0,0.01,0,0.0,,,France,"['France', 'Algeria']",left,178,67,False,,,,,,,0.0,,,0.0,,0,,0,,,,0,,,0,,1,,,0.0,,,,,,,,,,,,,,,,,,,,,,,,,,,,,11.13,0.0,,,,,,,,,,,,,,,,,,,,0,,0,,0,0.0,0.0,,,,,,,,,,,0,0
E. Eshele,Ephraim Eshele,-566952,Skalica,Skalica,https://cdn5.wyscout.com/photos/team/public/g24757_120x120.png,Niké Liga,"LW, CF",LW,85,CF,14,,0,24,2002-01-23,0,,2,19,0,0.12,0,0.0,,,Germany,['Germany'],right,204,0,False,,,,,,,0.0,,,10.0,,0,,0,,,,0,,,0,,1,,,0.0,,,,,,,,,,,,,,,,,,,,,,,,,,,,,13.06,0.0,,,,,,,,,,,,,,,,,,,,0,,0,,0,0.0,0.0,,,,,,,,,,,0,0
L. Bessilé,Loïc Bessilé,426521,Trenčín,Trenčín,https://cdn5.wyscout.com/photos/team/public/3710_120x120.png,Niké Liga,LCB,LCB,100,,0,,0,27,1999-02-19,400000,2026-12-31,1,15,0,0.0,0,0.0,,,France,"['France', 'Togo']",left,185,82,False,,,,,,,0.0,,,60.0,,0,,0,,,,0,,,0,,0,,,0.0,,,,,,,,,,,,,,,,,,,,,,,,,,,,,18.61,0.0,,,,,,,,,,,,,,,,,,,,0,,0,,0,0.0,0.0,,,,,,,,,,,0,0
T. Ján Mirko,Tobias Ján Mirko,-709788,,Ružomberok,,,RCMF,RCMF,100,,0,,0,17,2009-06-01,0,,1,14,0,0.0,0,0.0,,,Slovakia,['Slovakia'],,0,0,False,,,,,,,0.0,,,6.0,,0,,0,,,,0,,,0,,0,,,0.0,,,,,,,,,,,,,,,,,,,,,,,,,,,,,47.03,47.03,,,,,,,,,,,,,,,,,,,,0,,0,,0,0.0,0.0,,,,,,,,,,,0,0
R. Procházka,Roman Procházka,39872,Spartak Trnava,Spartak Trnava,https://cdn5.wyscout.com/photos/team/public/1291_120x120.png,Niké Liga,LCMF,LCMF,100,,0,,0,37,1989-03-14,125000,2027-06-30,1,14,0,0.0,0,0.0,,,Slovakia,['Slovakia'],right,182,78,False,,,,,,,0.0,,,0.0,,0,,0,,,,0,,,0,,0,,,0.0,,,,,,,,,,,,,,,,,,,,,,,,,,,,,14.1,0.0,,,,,,,,,,,,,,,,,,,,0,,0,,0,0.0,0.0,,,,,,,,,,,0,0
T. Walczak,Tomasz Walczak,-262922,Zemplín Michalovce,Zemplín Michalovce,https://cdn5.wyscout.com/photos/team/public/g3237_120x120.png,Niké Liga,CF,CF,100,,0,,0,21,2005-08-17,75000,2028-12-31,1,14,0,0.66,0,0.0,,,Poland,['Poland'],both,192,88,False,,,,,,,0.0,,,15.0,,0,,0,,,,0,,,0,,2,,,0.0,,,,,,,,,,,,,,,,,,,,,,,,,,,,,16.66,0.0,,,,,,,,,,,,,,,,,,,,0,,0,,0,0.0,0.0,,,,,,,,,,,0,0
A. Amoafo,Alexander Amoafo,-856996,Podbrezová,Podbrezová,https://cdn5.wyscout.com/photos/team/public/g1984_120x120.png,Niké Liga,CF,CF,100,,0,,0,19,2007-01-01,0,,1,13,0,0.52,0,0.0,,,Ghana,['Ghana'],unknown,0,0,False,,,,,,,0.0,,,15.0,,0,,0,,,,0,,,0,,1,,,0.0,,,,,,,,,,,,,,,,,,,,,,,,,,,,,17.04,0.0,,,,,,,,,,,,,,,,,,,,0,,0,,0,0.0,0.0,,,,,,,,,,,0,0
L. Lukačević,Leonardo Lukačević,448841,FC Košice,FC Košice,https://cdn5.wyscout.com/photos/team/public/g-12653_120x120.png,Niké Liga,LWB,LWB,100,,0,,0,27,1999-01-21,300000,2027-06-30,1,13,0,0.0,0,0.0,,,Austria,"['Austria', 'Croatia']",left,186,77,False,,,,,,,0.0,,,0.0,,0,,0,,,,0,,,0,,0,,,0.0,,,,,,,,,,,,,,,,,,,,,,,,,,,,,12.67,0.0,,,,,,,,,,,,,,,,,,,,0,,0,,0,0.0,0.0,,,,,,,,,,,0,0
J. Campagne,Jenno Campagne,-279118,Trenčín,Trenčín,https://cdn5.wyscout.com/photos/team/public/3710_120x120.png,Niké Liga,AMF,AMF,100,,0,,0,23,2003-01-03,0,2027-06-30,1,12,0,0.0,0,0.0,,,Netherlands,"['Netherlands', 'Suriname']",left,180,73,False,,,,,,,0.0,,,10.0,,0,,0,,,,0,,,0,,0,,,0.0,,,,,,,,,,,,,,,,,,,,,,,,,,,,,13.72,0.0,,,,,,,,,,,,,,,,,,,,0,,0,,0,0.0,0.0,,,,,,,,,,,0,0
O. Záhradník,Oleg Záhradník,-774428,Zemplín Michalovce U19,Zemplín Michalovce,https://cdn5.wyscout.com/photos/team/public/g26239_120x120.png,U19 League,CF,CF,100,,0,,0,16,2010-05-24,0,,1,11,0,0.0,0,0.0,,,Slovakia,['Slovakia'],,0,0,False,,,,,,,0.0,,,0.0,,0,,0,,,,0,,,0,,0,,,0.0,,,,,,,,,,,,,,,,,,,,,,,,,,,,,14.17,0.0,,,,,,,,,,,,,,,,,,,,0,,0,,0,0.0,0.0,,,,,,,,,,,0,0
D. Adamkovič,Denis Adamkovič,-441627,Zlaté Moravce,Trenčín,https://cdn5.wyscout.com/photos/team/public/1296_120x120.png,2. liga,LWF,LWF,100,,0,,0,19,2006-10-25,0,2030-06-30,1,8,0,0.0,0,0.0,,,Slovakia,['Slovakia'],,0,0,True,,,,,,,0.0,,,30.0,,0,,0,,,,0,,,0,,0,,,0.0,,,,,,,,,,,,,,,,,,,,,,,,,,,,,19.79,48.38,,,,,,,,,,,,,,,,,,,,0,,0,,0,0.0,0.0,,,,,,,,,,,0,0
S. Saidy,Saibo Saidy,-784317,Podbrezová,Podbrezová,https://cdn5.wyscout.com/photos/team/public/g1984_120x120.png,Niké Liga,LWB,LWB,93,,0,,0,20,2006-07-11,0,,1,8,0,0.0,0,0.0,,,Gambia,['Gambia'],,0,0,False,,,,,,,0.0,,,0.0,,0,,0,,,,0,,,0,,0,,,0.0,,,,,,,,,,,,,,,,,,,,,,,,,,,,,26.3,49.47,,,,,,,,,,,,,,,,,,,,0,,0,,0,0.0,0.0,,,,,,,,,,,0,0
T. Husarčík,Tomáš Husarčík,-420671,FC Košice,FC Košice,https://cdn5.wyscout.com/photos/team/public/g-12653_120x120.png,Niké Liga,CF,CF,100,,0,,0,20,2006-01-23,0,,1,1,0,0.0,0,0.0,,,Slovakia,['Slovakia'],right,191,0,False,,,,,,,0.0,,,0.0,,0,,0,,,,0,,,0,,0,,,0.0,,,,,,,,,,,,,,,,,,,,,,,,,,,,,0.0,0.0,,,,,,,,,,,,,,,,,,,,0,,0,,0,0.0,0.0,,,,,,,,,,,0,0
L. Malik,Lubomir Malik,-741245,Zemplín Michalovce U19,Zemplín Michalovce,https://cdn5.wyscout.com/photos/team/public/g26239_120x120.png,U19 League,RCMF3,RCMF3,100,,0,,0,18,2008-01-01,0,,1,1,0,0.0,0,0.0,,,Slovakia,['Slovakia'],unknown,0,0,False,,,,,,,0.0,,,0.0,,0,,0,,,,0,,,0,,0,,,0.0,,,,,,,,,,,,,,,,,,,,,,,,,,,,,0.0,0.0,,,,,,,,,,,,,,,,,,,,0,,0,,0,0.0,0.0,,,,,,,,,,,0,0
