Player,Full name,Wyscout id,Team,Team within selected timeframe,Team logo,Competition,Position,Primary position,"Primary position, %",Secondary position,"Secondary position, %",Third position,"Third position, %",Age,Birthday,Market value,Contract expires,Matches played,Minutes played,Goals,xG,Assists,xA,Duels per 90,"Duels won, %",Birth country,Passport country,Foot,Height,Weight,On loan,Successful defensive actions per 90,Defensive duels per 90,"Defensive duels won, %",Aerial duels per 90,"Aerial duels won, %",Sliding tackles per 90,PAdj Sliding tackles,Shots blocked per 90,Interceptions per 90,PAdj Interceptions,Fouls per 90,Yellow cards,Yellow cards per 90,Red cards,Red cards per 90,Successful attacking actions per 90,Goals per 90,Non-penalty goals,Non-penalty goals per 90,xG per 90,Head goals,Head goals per 90,Shots,Shots per 90,"Shots on target, %","Goal conversion, %",Assists per 90,Crosses per 90,"Accurate crosses, %",Crosses from left flank per 90,"Accurate crosses from left flank, %",Crosses from right flank per 90,"Accurate crosses from right flank, %",Crosses to goalie box per 90,Dribbles per 90,"Successful dribbles, %",Offensive duels per 90,"Offensive duels won, %",Touches in box per 90,Progressive runs per 90,Accelerations per 90,Received passes per 90,Received long passes per 90,Fouls suffered per 90,Passes per 90,"Accurate passes, %",Forward passes per 90,"Accurate forward passes, %",Back passes per 90,"Accurate back passes, %",Short / medium passes per 90,"Accurate short / medium passes, %",Long passes per 90,"Accurate long passes, %","Average pass length, m","Average long pass length, m",xA per 90,Shot assists per 90,Second assists per 90,Third assists per 90,Smart passes per 90,"Accurate smart passes, %",Key passes per 90,Passes to final third per 90,"Accurate passes to final third, %",Passes to penalty area per 90,"Accurate passes to penalty area, %",Through passes per 90,"Accurate through passes, %",Deep completions per 90,Deep completed crosses per 90,Progressive passes per 90,"Accurate progressive passes, %","Accurate vertical passes, %",Vertical passes per 90,Conceded goals,Conceded goals per 90,Shots against,Shots against per 90,Clean sheets,"Save rate, %",xG against,xG against per 90,Prevented goals,Prevented goals per 90,Back passes received as GK per 90,Exits per 90,Aerial duels per 90,Free kicks per 90,Direct free kicks per 90,"Direct free kicks on target, %",Corners per 90,Penalties taken,"Penalty conversion, %"
Lucas Lima,Lucas Pedro Alves De Lima,79757,Bandırmaspor,Bandırmaspor,https://cdn5.wyscout.com/photos/team/public/g11986_120x120.png,1. Lig,LB,LB,100,,0,,0,34,1991-10-10,1000000,2028-06-30,5,500,0,0.03,0,0.46,9.18,66.67,Brazil,['Brazil'],left,179,76,False,4.68,3.7800000000000002,52.38,1.98,72.73,0.36,0.63,0.0,2.34,4.06,0.9,2,0.36,0,0.0,1.26,0.0,0,0.0,0.01,0,0.0,3,0.54,33.33,0.0,0.0,1.8,40.0,1.8,40.0,0.0,0.0,0.18,0.54,66.67,2.52,78.57,0.72,0.54,0.18,39.6,2.52,1.8,51.3,81.05,25.74,74.13,5.22,96.55,41.04,87.72,8.64,58.33,21.19,45.72,0.08,0.54,0.0,0.0,0.0,0.0,0.54,6.84,63.16,2.88,37.5,0.18,0.0,0.54,0.36,9.18,76.47,85.54,14.94,0,,0,,0,0.0,0.0,0.0,,,0.72,,1.98,1.62,0.18,0.0,0.54,0,0
A. Alkan,Akın Alkan,276079,Bandırmaspor,Bandırmaspor,https://cdn5.wyscout.com/photos/team/public/g11986_120x120.png,1. Lig,GK,GK,100,,0,,0,37,1989-07-26,50000,2027-06-30,5,500,0,0.0,0,0.0,0.18,100.0,Türkiye,['Türkiye'],right,186,79,False,0.54,0.18,100.0,0.0,0.0,0.0,0.0,0.0,0.36,0.63,0.0,0,0.0,0,0.0,0.0,0.0,0,0.0,0.0,0,0.0,0,0.0,0.0,0.0,0.0,0.0,0.0,0.0,0.0,0.0,0.0,0.0,0.0,0.0,0.0,0.0,0.0,0.0,0.0,17.82,0.0,0.0,24.12,83.58,11.16,66.13,0.0,0.0,16.02,98.88,8.1,53.33,31.2,47.78,0.0,0.0,0.0,0.0,0.0,0.0,0.0,1.44,12.5,0.0,0.0,0.0,0.0,0.0,0.0,5.76,62.5,98.59,12.78,3,0.54,19,3.42,2,84.21,6.21,1.12,3.21,0.578,0.0,1.26,0.0,,,,0.0,0,0
A. Ülgen,Ali Ülgen,420250,Bandırmaspor,Bandırmaspor,https://cdn5.wyscout.com/photos/team/public/g11986_120x120.png,1. Lig,RB,RB,100,,0,,0,26,1999-11-10,300000,2027-06-30,5,500,0,0.02,0,0.73,10.8,46.67,Türkiye,['Türkiye'],right,176,67,False,4.86,5.04,39.29,1.08,33.33,0.18,0.31,0.36,2.7,4.69,0.72,2,0.36,0,0.0,1.98,0.0,0,0.0,0.0,0,0.0,2,0.36,100.0,0.0,0.0,3.06,35.29,0.18,100.0,2.88,31.25,0.18,0.9,60.0,3.42,47.37,0.36,2.34,0.18,35.46,2.52,0.72,43.92,84.02,14.94,73.49,9.36,100.0,38.52,90.65,2.52,35.71,18.04,31.12,0.13,1.44,0.0,0.0,0.0,0.0,0.72,5.4,56.67,3.96,36.36,0.0,0.0,0.54,1.08,5.76,81.25,81.69,12.78,0,,0,,0,0.0,0.0,0.0,,,0.54,,1.08,0.54,0.0,0.0,1.26,0,0
D. Lico,Dean Lico,467646,Bandırmaspor,Bandırmaspor,https://cdn5.wyscout.com/photos/team/public/g11986_120x120.png,1. Lig,"DMF, LCMF, RCMF3",DMF,38,LCMF,24,RCMF3,19,26,2000-02-08,500000,2028-06-30,5,500,0,0.4,0,0.0,14.76,48.78,Albania,['Albania'],left,189,84,False,4.86,4.5,40.0,3.96,50.0,0.36,0.63,0.0,2.7,4.69,1.98,2,0.36,0,0.0,0.72,0.0,0,0.0,0.07,0,0.0,7,1.26,14.29,0.0,0.0,0.18,0.0,0.18,0.0,0.0,0.0,0.0,0.54,100.0,5.22,62.07,0.72,0.0,0.0,34.2,0.54,1.8,50.4,87.5,11.7,67.69,9.72,96.3,45.18,94.02,5.22,31.03,18.87,45.25,0.0,0.0,0.0,0.0,0.0,0.0,0.0,5.22,48.28,0.54,0.0,0.0,0.0,0.0,0.18,3.6,75.0,90.6,21.06,0,,0,,0,0.0,0.0,0.0,,,0.9,,3.96,0.0,0.0,0.0,0.0,0,0
Y. Kocatürk,Yusuf Kocatürk,-275057,Bandırmaspor,Bandırmaspor,https://cdn5.wyscout.com/photos/team/public/g11986_120x120.png,1. Lig,"RCB, LCB",RCB,79,LCB,20,,0,22,2004-07-27,0,2028-06-30,5,494,0,0.41000000000000003,0,0.0,7.29,65.0,Türkiye,['Türkiye'],left,0,0,False,4.92,2.55,57.14,3.46,57.89,0.0,0.0,0.55,3.46,6.0,1.28,1,0.18,0,0.0,0.0,0.0,0,0.0,0.07,0,0.0,2,0.36,0.0,0.0,0.0,0.18,0.0,0.0,0.0,0.18,0.0,0.0,0.0,0.0,0.18,100.0,0.36,0.55,0.0,50.65,0.73,0.36,65.77,90.03,24.41,80.6,3.1,100.0,61.94,92.35,3.83,52.38,21.55,44.04,0.0,0.0,0.0,0.0,0.0,0.0,0.0,4.37,62.5,0.55,0.0,0.0,0.0,0.0,0.18,9.66,64.15,95.68,33.7,0,,0,,0,0.0,0.0,0.0,,,2.73,,3.46,0.0,0.0,0.0,0.0,0,0
G. Değirmenci,Gökhan Değirmenci,67938,Kayserispor,Kayserispor,https://cdn5.wyscout.com/photos/team/public/819_120x120.png,1. Lig,GK,GK,100,,0,,0,37,1989-03-21,25000,,5,490,0,0.0,0,0.0,0.0,0.0,Türkiye,['Türkiye'],right,184,83,False,0.18,0.0,0.0,0.0,0.0,0.0,0.0,0.0,0.18,0.24,0.0,1,0.18,0,0.0,0.0,0.0,0,0.0,0.0,0,0.0,0,0.0,0.0,0.0,0.0,0.0,0.0,0.0,0.0,0.0,0.0,0.0,0.0,0.0,0.0,0.0,0.0,0.0,0.0,19.1,0.73,0.0,29.2,83.02,14.33,66.67,0.18,100.0,19.84,100.0,9.18,48.0,30.85,42.82,0.0,0.0,0.0,0.0,0.0,0.0,0.0,2.39,30.77,0.18,0.0,0.0,0.0,0.18,0.0,6.43,62.86,98.59,13.04,3,0.55,16,2.94,3,81.25,3.56,0.65,0.56,0.10300000000000001,0.0,0.73,0.0,,,,0.0,0,0
J. Tabidze,Jemal Tabidze,275751,,Kayserispor,,,LCB,LCB,100,,0,,0,30,1996-03-18,500000,,5,490,0,1.08,0,0.38,7.71,66.67,Georgia,['Georgia'],left,187,77,False,5.51,2.76,53.33,3.49,68.42,0.0,0.0,0.73,4.04,5.28,0.92,2,0.37,0,0.0,0.0,0.0,0,0.0,0.2,0,0.0,6,1.1,0.0,0.0,0.0,0.0,0.0,0.0,0.0,0.0,0.0,0.0,0.0,0.0,0.73,75.0,1.29,0.37,0.18,55.1,0.92,0.18,65.94,93.59,23.69,85.27,3.49,100.0,62.45,96.76,3.49,36.84,20.7,44.73,0.07,0.55,0.0,0.0,0.0,0.0,0.0,7.9,81.4,0.37,0.0,0.0,0.0,0.18,0.0,7.71,73.81,98.82,31.04,0,,0,,0,0.0,0.0,0.0,,,2.76,,3.49,0.0,0.0,0.0,0.0,0,0
S. Kurt,Sinan Kurt,355707,Kayserispor,Kayserispor,https://cdn5.wyscout.com/photos/team/public/819_120x120.png,1. Lig,"LDMF, LCMF, DMF",LDMF,47,LCMF,20,DMF,19,31,1995-03-02,600000,,5,490,0,0.22,1,0.36,10.29,66.07,Germany,"['Germany', 'Türkiye']",right,175,72,False,9.55,4.41,79.17,1.47,50.0,0.18,0.24,0.55,5.88,7.68,0.37,0,0.0,0,0.0,1.47,0.0,0,0.0,0.04,0,0.0,2,0.37,0.0,0.0,0.18,0.37,50.0,0.18,100.0,0.18,0.0,0.0,1.47,62.5,4.04,63.64,0.18,0.73,0.0,40.22,0.37,1.47,50.33,90.88,17.27,81.91,5.88,100.0,47.39,91.86,2.5700000000000003,78.57,17.68,37.27,0.07,0.55,0.0,0.0,0.37,100.0,0.55,7.71,85.71,0.92,40.0,0.37,100.0,0.37,0.18,6.61,77.78,97.03,18.55,0,,0,,0,0.0,0.0,0.0,,,1.65,,1.47,0.0,0.0,0.0,0.55,0,0
S. Güler,Semih Güler,392121,Kayserispor,Kayserispor,https://cdn5.wyscout.com/photos/team/public/819_120x120.png,1. Lig,RCB,RCB,100,,0,,0,31,1994-11-30,1000000,2028-06-30,5,490,0,0.7000000000000001,0,0.0,4.59,64.0,Germany,"['Germany', 'Türkiye']",right,188,85,False,7.35,3.31,61.11,1.1,66.67,0.0,0.0,1.1,5.33,6.96,0.55,2,0.37,0,0.0,0.0,0.0,0,0.0,0.13,0,0.0,4,0.73,0.0,0.0,0.0,0.37,0.0,0.0,0.0,0.37,0.0,0.0,0.0,0.0,0.18,100.0,0.73,0.92,0.0,42.43,0.18,0.0,55.29,88.04,17.63,80.21,3.49,94.74,47.57,93.44,7.35,57.5,25.22,46.35,0.0,0.0,0.0,0.18,0.0,0.0,0.0,9.18,70.0,1.1,50.0,0.18,0.0,0.18,0.0,8.08,75.0,93.67,29.02,0,,0,,0,0.0,0.0,0.0,,,3.12,,1.1,0.18,0.18,0.0,0.0,0,0
C. Şen,Cenk Şen,496030,Kayserispor,Kayserispor,https://cdn5.wyscout.com/photos/team/public/819_120x120.png,1. Lig,LB,LB,100,,0,,0,25,2000-10-02,0,2028-06-30,5,490,0,0.01,0,0.13,9.92,57.41,Türkiye,['Türkiye'],left,170,64,False,9.18,3.86,52.38,2.39,53.85,0.18,0.24,0.18,6.98,9.12,0.18,0,0.0,0,0.0,0.55,0.0,0,0.0,0.0,0,0.0,1,0.18,0.0,0.0,0.0,1.29,42.86,1.29,42.86,0.0,0.0,0.18,0.37,0.0,2.39,61.54,1.29,1.29,0.18,36.18,2.2,2.2,45.73,80.32,17.82,70.1,11.02,91.67,40.04,87.16,4.59,32.0,17.12,43.13,0.02,0.18,0.0,0.0,0.0,0.0,0.18,4.78,57.69,1.1,33.33,0.0,0.0,0.0,0.37,7.16,48.72,91.84,9.0,0,,0,,0,0.0,0.0,0.0,,,0.55,,2.39,0.0,0.0,0.0,0.0,0,0
M. Silvestri,Marco Silvestri,95180,Fatih Karagümrük,Fatih Karagümrük,https://cdn5.wyscout.com/photos/team/public/g3014_120x120.png,1. Lig,GK,GK,100,,0,,0,35,1991-03-02,1000000,,5,487,0,0.0,0,0.0,0.0,0.0,Italy,['Italy'],right,191,87,False,0.18,0.0,0.0,0.0,0.0,0.0,0.0,0.0,0.18,0.21,0.0,0,0.0,0,0.0,0.0,0.0,0,0.0,0.0,0,0.0,0,0.0,0.0,0.0,0.0,0.0,0.0,0.0,0.0,0.0,0.0,0.0,0.0,0.0,0.0,0.0,0.0,0.0,0.0,9.79,0.18,0.0,20.14,79.82,13.68,74.32,0.0,0.0,10.53,100.0,9.61,57.69,33.9,41.63,0.0,0.0,0.0,0.0,0.0,0.0,0.0,2.4,30.77,0.18,0.0,0.0,0.0,0.0,0.0,7.21,74.36,90.63,5.91,6,1.11,24,4.44,0,75.0,5.8,1.07,-0.2,-0.037,0.0,1.11,0.0,,,,0.0,0,0
D. Biraschi,Davide Biraschi,244144,Fatih Karagümrük,Fatih Karagümrük,https://cdn5.wyscout.com/photos/team/public/g3014_120x120.png,1. Lig,RCB,RCB,96,,0,,0,32,1994-07-02,900000,2028-06-30,5,487,1,0.22,0,0.36,9.79,67.92,Italy,['Italy'],right,182,73,False,11.64,3.88,71.43,4.07,63.64,0.0,0.0,1.29,8.87,10.21,0.74,1,0.18,0,0.0,0.55,0.18,1,0.18,0.04,0,0.0,1,0.18,100.0,100.0,0.0,0.74,25.0,0.0,0.0,0.74,25.0,0.0,0.0,0.0,1.11,83.33,0.92,0.92,0.0,36.41,0.74,0.74,53.41,82.35,27.54,74.5,1.6600000000000001,77.78,45.46,88.21,7.39,50.0,22.38,39.51,0.07,0.55,0.0,0.0,0.37,50.0,0.55,12.2,62.12,2.59,21.43,0.37,50.0,0.92,0.18,12.94,80.0,90.99,20.51,0,,0,,0,0.0,0.0,0.0,,,0.55,,4.07,0.0,0.0,0.0,0.0,0,0
B. Balcı,Bünyamin Balcı,496028,Antalyaspor,Antalyaspor,https://cdn5.wyscout.com/photos/team/public/1189_120x120.png,1. Lig,"RB, RWB",RB,65,RWB,34,,0,26,2000-05-31,3000000,2027-06-30,5,483,0,0.37,0,0.0,10.99,54.24,Türkiye,['Türkiye'],right,173,72,False,6.71,6.15,60.61,1.6800000000000002,33.33,0.0,0.0,0.19,2.98,4.14,0.75,1,0.19,0,0.0,1.49,0.0,0,0.0,0.07,0,0.0,3,0.56,33.33,0.0,0.0,3.73,20.0,0.0,0.0,3.73,20.0,0.37,0.75,75.0,2.98,50.0,2.42,1.3,0.19,34.47,4.66,0.75,41.93,76.0,12.86,68.12,9.13,89.8,35.96,82.9,2.61,50.0,17.04,41.04,0.0,0.0,0.19,0.0,0.0,0.0,0.0,4.1,63.64,3.73,20.0,0.0,0.0,0.37,0.75,6.34,67.65,71.43,11.74,0,,0,,0,0.0,0.0,0.0,,,0.19,,1.6800000000000002,0.0,0.0,0.0,0.0,0,0
S. van de Streek,Sander  van de Streek,228067,Antalyaspor,Antalyaspor,https://cdn5.wyscout.com/photos/team/public/1189_120x120.png,1. Lig,"CF, AMF, LWF",CF,41,AMF,30,LWF,16,33,1993-03-24,1300000,2027-06-30,5,464,1,0.9500000000000001,2,0.42,10.67,34.55,Netherlands,['Netherlands'],right,180,74,False,3.1,3.3,41.18,2.52,30.77,0.19,0.27,0.0,1.55,2.14,1.94,0,0.0,0,0.0,0.58,0.19,1,0.19,0.18,1,0.19,5,0.97,40.0,20.0,0.39,0.39,50.0,0.39,50.0,0.0,0.0,0.0,0.19,0.0,3.3,35.29,2.33,0.58,0.19,17.46,0.58,0.97,23.86,78.86,4.07,47.62,6.98,91.67,21.53,81.98,2.13,54.55,15.0,42.86,0.08,0.58,0.0,0.19,0.0,0.0,0.39,2.52,53.85,1.75,44.44,0.0,0.0,1.3599999999999999,0.0,1.75,55.56,82.5,7.76,0,,0,,0,0.0,0.0,0.0,,,0.0,,2.52,0.0,0.0,0.0,0.0,0,0
M. Siopis,Manolis Siopis,156184,Fatih Karagümrük,Fatih Karagümrük,https://cdn5.wyscout.com/photos/team/public/g3014_120x120.png,1. Lig,"LDMF, RDMF",LDMF,74,RDMF,19,,0,32,1994-05-14,3000000,2027-06-30,5,458,0,0.0,0,0.18,11.0,53.57,Greece,['Greece'],right,168,67,False,6.29,4.91,52.0,1.38,28.57,0.2,0.22,0.39,3.54,4.0,1.57,1,0.2,0,0.0,0.2,0.0,0,0.0,0.0,0,0.0,0,0.0,0.0,0.0,0.0,0.39,0.0,0.2,0.0,0.2,0.0,0.0,0.2,100.0,4.32,68.18,0.2,1.18,0.2,27.12,0.0,2.16,36.35,83.24,10.61,62.96,4.72,100.0,34.0,87.86,1.97,20.0,15.85,29.97,0.04,0.2,0.0,0.0,0.0,0.0,0.2,3.34,52.94,0.79,0.0,0.0,0.0,0.59,0.0,2.36,58.33,88.89,15.92,0,,0,,0,0.0,0.0,0.0,,,0.2,,1.38,0.2,0.0,0.0,0.0,0,0
R. Yalçın,Robin Yalçın,159870,Fatih Karagümrük,Fatih Karagümrük,https://cdn5.wyscout.com/photos/team/public/g3014_120x120.png,1. Lig,"LCB, RDMF",LCB,83,RDMF,13,,0,32,1994-01-25,600000,2027-06-30,5,446,0,0.0,0,0.0,6.05,63.33,Germany,"['Germany', 'Türkiye']",right,185,77,False,5.85,3.23,68.75,1.4100000000000001,28.57,0.2,0.23,0.61,3.43,3.83,0.61,0,0.0,0,0.0,0.4,0.0,0,0.0,0.0,0,0.0,0,0.0,0.0,0.0,0.0,0.61,33.33,0.61,33.33,0.0,0.0,0.0,0.2,100.0,1.01,80.0,0.61,1.82,0.0,36.93,0.2,0.81,53.88,89.14,23.61,80.34,2.83,100.0,48.03,92.02,5.25,69.23,21.73,42.1,0.0,0.2,0.0,0.2,0.0,0.0,0.0,9.48,76.6,1.21,50.0,0.0,0.0,0.2,0.2,9.69,81.25,96.52,23.21,0,,0,,0,0.0,0.0,0.0,,,1.4100000000000001,,1.4100000000000001,0.0,0.0,0.0,0.0,0,0
S. Karakoc,Samet Karakoc,-296582,Antalyaspor,Antalyaspor,https://cdn5.wyscout.com/photos/team/public/1189_120x120.png,1. Lig,"LCB, LCB3, LB",LCB,46,LCB3,36,LB,15,23,2002-10-22,0,2028-06-30,5,445,0,0.11,0,0.0,10.11,52.0,Azerbaijan,"['Azerbaijan', 'Türkiye']",left,182,73,False,6.07,3.64,61.11,2.83,50.0,0.0,0.0,0.0,3.84,5.38,1.42,1,0.2,0,0.0,0.2,0.0,0,0.0,0.02,0,0.0,1,0.2,0.0,0.0,0.0,0.2,0.0,0.2,0.0,0.0,0.0,0.0,0.2,100.0,2.63,38.46,0.4,0.4,0.2,37.62,1.62,0.81,52.18,85.66,19.42,75.0,4.85,100.0,45.91,89.87,6.07,56.67,20.75,40.15,0.0,0.0,0.0,0.0,0.0,0.0,0.0,5.66,64.29,0.4,0.0,0.0,0.0,0.0,0.0,8.49,57.14,95.0,20.22,0,,0,,0,0.0,0.0,0.0,,,2.63,,2.83,0.0,0.0,0.0,0.0,0,0
Ensar Buğra Tivsiz,Ensar Buğra Tivsiz,-791176,Antalyaspor,Antalyaspor,https://cdn5.wyscout.com/photos/team/public/1189_120x120.png,1. Lig,"RCB, RCB3",RCB,54,RCB3,37,,0,19,2007-06-11,0,2029-06-30,5,437,1,0.33,0,0.0,8.86,55.81,Türkiye,['Türkiye'],,0,0,False,5.15,3.5,58.82,2.47,58.33,0.0,0.0,0.21,3.09,4.33,1.24,0,0.0,0,0.0,0.8200000000000001,0.21,1,0.21,0.07,1,0.21,3,0.62,33.33,33.333,0.0,0.0,0.0,0.0,0.0,0.0,0.0,0.0,0.62,100.0,2.27,54.55,0.8200000000000001,1.44,0.21,38.72,1.03,0.41000000000000003,54.16,93.16,18.74,89.01,3.91,100.0,51.9,94.44,2.27,63.64,19.39,34.65,0.0,0.0,0.0,0.0,0.0,0.0,0.0,5.15,88.0,0.21,0.0,0.0,0.0,0.0,0.0,8.24,75.0,96.8,25.74,0,,0,,0,0.0,0.0,0.0,,,2.06,,2.47,0.0,0.0,0.0,0.0,0,0
T. Seferi,Taulant Fatmir Seferi,270599,Kayserispor,Kayserispor,https://cdn5.wyscout.com/photos/team/public/819_120x120.png,1. Lig,"LAMF, LW",LAMF,50,LW,49,,0,29,1996-11-15,0,2029-06-30,5,434,4,1.48,0,0.54,15.97,49.35,North Macedonia,"['North Macedonia', 'Albania']",right,184,76,False,4.35,4.5600000000000005,45.45,2.7,46.15,0.21,0.28,0.0,2.07,2.8,1.45,1,0.21,0,0.0,3.73,0.8300000000000001,4,0.8300000000000001,0.31,0,0.0,12,2.49,41.67,33.333,0.0,1.45,28.57,1.24,16.67,0.21,100.0,0.0,2.2800000000000002,90.91,7.67,51.35,3.11,1.24,0.0,29.24,1.45,0.62,34.42,80.12,6.43,64.52,10.58,94.12,31.94,83.12,1.04,60.0,14.78,35.39,0.11,0.8300000000000001,0.0,0.21,0.21,100.0,0.62,2.07,70.0,2.9,57.14,0.21,100.0,1.45,0.62,4.77,73.91,72.5,8.29,0,,0,,0,0.0,0.0,0.0,,,0.21,,2.7,0.0,0.0,0.0,0.0,0,0
M. Uçar,Murat Uçar,267188,Kayserispor,Kayserispor,https://cdn5.wyscout.com/photos/team/public/819_120x120.png,1. Lig,RB,RB,100,,0,,0,35,1991-08-01,225000,,5,431,0,0.06,0,0.4,7.94,39.47,Türkiye,['Türkiye'],right,169,65,False,5.01,3.9699999999999998,36.84,2.3,27.27,0.21,0.28,0.63,3.34,4.44,0.84,1,0.21,0,0.0,1.46,0.0,0,0.0,0.01,0,0.0,2,0.42,50.0,0.0,0.0,1.67,62.5,0.0,0.0,1.67,62.5,0.0,0.21,100.0,0.84,50.0,0.0,0.63,0.0,35.29,3.55,0.42,42.81,86.34,14.62,74.29,5.64,100.0,37.38,92.18,4.18,45.0,16.9,41.22,0.08,1.04,0.0,0.0,0.0,0.0,0.63,5.01,75.0,2.3,45.45,0.0,0.0,0.42,0.63,7.73,75.68,86.67,12.53,0,,0,,0,0.0,0.0,0.0,,,0.63,,2.3,0.0,0.0,0.0,0.21,0,0
G. Sağlam,Görkem Sağlam,381741,Kayserispor,Kayserispor,https://cdn5.wyscout.com/photos/team/public/819_120x120.png,1. Lig,"AMF, LCMF, CF",AMF,53,LCMF,24,CF,22,28,1998-04-11,0,2027-06-30,5,417,0,0.42,3,0.97,11.44,37.74,Germany,"['Germany', 'Türkiye']",right,178,72,False,4.32,4.75,45.45,2.16,50.0,0.43,0.6000000000000001,0.22,1.73,2.4,1.08,2,0.43,0,0.0,1.73,0.0,0,0.0,0.09,0,0.0,5,1.08,20.0,0.0,0.65,1.08,40.0,1.08,40.0,0.0,0.0,0.22,0.86,50.0,3.88,27.78,1.51,0.43,0.22,40.36,0.86,0.86,48.56,90.22,9.5,77.27,15.11,98.57,44.46,91.75,3.02,85.71,16.84,47.44,0.21,1.29,0.0,0.0,0.65,100.0,1.08,6.04,78.57,1.51,28.57,0.65,100.0,1.08,0.65,5.83,85.19,87.5,15.54,0,,0,,0,0.0,0.0,0.0,,,0.43,,2.16,1.29,0.22,0.0,2.59,0,0
E. Akbaba,Emre Akbaba,307354,Fatih Karagümrük,Fatih Karagümrük,https://cdn5.wyscout.com/photos/team/public/g3014_120x120.png,1. Lig,AMF,AMF,90,,0,,0,33,1992-10-04,1300000,,5,412,1,0.85,1,0.46,10.27,36.17,France,"['France', 'Türkiye']",left,180,65,False,3.06,3.06,42.86,1.31,33.33,0.22,0.24,0.0,1.53,1.71,1.31,0,0.0,0,0.0,1.75,0.22,1,0.22,0.19,0,0.0,4,0.87,75.0,25.0,0.22,1.97,22.22,1.53,14.29,0.44,50.0,0.66,1.09,40.0,5.24,29.17,1.75,1.53,0.0,29.27,1.09,1.09,32.55,79.19,10.92,66.0,8.52,100.0,27.96,84.38,2.84,61.54,17.49,31.72,0.1,0.87,0.44,0.0,0.44,50.0,0.66,6.12,64.29,5.24,45.83,1.09,60.0,1.97,0.44,5.68,88.46,70.73,8.96,0,,0,,0,0.0,0.0,0.0,,,0.0,,1.31,1.53,0.0,0.0,1.75,0,0
T. Çukur,Tiago Süer Barbaros Çukur,-269057,Fatih Karagümrük,Fatih Karagümrük,https://cdn5.wyscout.com/photos/team/public/g3014_120x120.png,1. Lig,"LAMF, CF",LAMF,59,CF,26,,0,23,2002-11-30,300000,2028-06-30,5,404,0,1.4,1,0.33,13.14,47.46,Türkiye,"['Türkiye', 'Netherlands']",right,196,80,False,3.56,4.01,44.44,4.23,57.89,0.0,0.0,0.22,1.78,1.98,1.56,0,0.0,0,0.0,2.0,0.0,0,0.0,0.31,0,0.0,8,1.78,25.0,0.0,0.22,2.45,27.27,2.0,33.33,0.45,0.0,0.0,0.89,100.0,4.23,47.37,2.45,0.22,0.0,16.26,2.67,0.89,21.83,77.55,5.57,72.0,4.9,95.45,18.71,84.52,0.89,75.0,17.8,33.72,0.07,0.89,0.0,0.0,0.0,0.0,0.67,2.9,76.92,2.0,44.44,0.0,0.0,0.67,0.45,3.34,93.33,70.83,5.35,0,,0,,0,0.0,0.0,0.0,,,0.0,,4.23,0.0,0.0,0.0,0.0,0,0
Ç. Kurukalıp,Çağtay Kurukalıp,-60461,Fatih Karagümrük,Fatih Karagümrük,https://cdn5.wyscout.com/photos/team/public/g3014_120x120.png,1. Lig,LB,LB,96,,0,,0,24,2002-02-24,175000,2027-06-30,5,401,0,0.0,0,0.21,13.69,52.46,Türkiye,['Türkiye'],left,172,68,False,7.86,5.84,53.85,2.24,40.0,0.45,0.48,0.22,4.26,4.5600000000000005,1.35,1,0.22,0,0.0,1.12,0.0,0,0.0,0.0,0,0.0,1,0.22,100.0,0.0,0.0,1.8,25.0,1.8,25.0,0.0,0.0,0.22,0.67,66.67,3.59,62.5,0.45,1.12,0.45,22.22,1.35,2.47,28.95,76.74,8.75,61.54,4.49,95.0,24.69,85.45,2.69,25.0,19.65,32.41,0.05,0.45,0.0,0.0,0.0,0.0,0.45,3.14,42.86,2.24,30.0,0.0,0.0,0.22,0.67,5.16,65.22,73.81,9.43,0,,0,,0,0.0,0.0,0.0,,,0.67,,2.24,0.22,0.0,0.0,0.0,0,0
Jo Jin-Ho,Jin-Ho Jo,-328012,Batman Petrolspor,Batman Petrolspor,https://cdn5.wyscout.com/photos/team/public/g2887_120x120.png,1. Lig,"DMF, RCMF",DMF,50,RCMF,40,,0,23,2003-07-10,0,2027-06-30,4,400,0,0.0,1,0.74,17.78,50.63,Korea Republic,['Korea Republic'],right,172,60,False,7.87,10.13,55.56,1.35,50.0,0.23,0.34,0.0,2.03,3.07,2.03,2,0.45,0,0.0,1.35,0.0,0,0.0,0.0,0,0.0,1,0.23,0.0,0.0,0.23,0.9,25.0,0.23,100.0,0.68,0.0,0.0,1.35,83.33,4.95,54.55,0.9,0.9,0.23,24.08,0.23,1.13,32.63,84.14,9.9,75.0,5.4,91.67,27.45,90.16,4.5,55.0,17.6,42.7,0.17,0.68,0.0,0.0,0.0,0.0,0.45,4.95,72.73,0.9,0.0,0.0,0.0,0.45,0.45,4.28,68.42,87.8,9.23,0,,0,,0,0.0,0.0,0.0,,,0.23,,1.35,0.0,0.0,0.0,0.0,0,0
Dória,Matheus Dória Macedo,227884,Batman Petrolspor,Batman Petrolspor,https://cdn5.wyscout.com/photos/team/public/g2887_120x120.png,1. Lig,"LCB, RCB",LCB,69,RCB,25,,0,31,1994-11-08,3000000,2027-12-31,4,400,0,0.66,0,0.01,8.1,63.89,Brazil,"['Brazil', 'Mexico']",left,188,84,False,6.98,2.7,50.0,3.83,76.47,0.0,0.0,1.35,5.63,8.52,0.9,0,0.0,0,0.0,0.0,0.0,0,0.0,0.15,0,0.0,5,1.13,0.0,0.0,0.0,0.0,0.0,0.0,0.0,0.0,0.0,0.0,0.0,0.0,0.9,50.0,1.13,0.23,0.0,26.1,0.9,0.68,35.1,87.18,13.27,74.58,2.7,100.0,31.28,92.81,3.83,41.18,20.39,46.77,0.0,0.23,0.0,0.0,0.0,0.0,0.0,6.08,62.96,0.0,0.0,0.0,0.0,0.23,0.0,4.05,83.33,94.03,15.08,0,,0,,0,0.0,0.0,0.0,,,2.25,,3.83,0.23,0.0,0.0,0.0,0,0
Ç. Akbaba,Çağlar Şahin Akbaba,277167,Batman Petrolspor,Batman Petrolspor,https://cdn5.wyscout.com/photos/team/public/g2887_120x120.png,1. Lig,GK,GK,100,,0,,0,31,1995-03-17,325000,,4,400,0,0.0,0,0.0,0.45,50.0,Türkiye,['Türkiye'],right,187,75,False,0.23,0.45,50.0,0.0,0.0,0.0,0.0,0.0,0.0,0.0,0.0,0,0.0,0,0.0,0.0,0.0,0,0.0,0.0,0,0.0,0,0.0,0.0,0.0,0.0,0.0,0.0,0.0,0.0,0.0,0.0,0.0,0.0,0.0,0.0,0.0,0.0,0.0,0.0,15.98,0.45,0.0,27.45,82.79,17.78,79.75,0.0,0.0,16.2,93.06,11.25,68.0,31.82,48.56,0.0,0.0,0.0,0.0,0.0,0.0,0.0,1.8,37.5,0.0,0.0,0.0,0.0,0.0,0.0,9.23,63.41,88.89,8.1,4,0.9,21,4.73,1,80.95,6.1,1.37,2.1,0.47300000000000003,0.0,1.35,0.0,,,,0.0,0,0
H. Yeşil,Hakan Yeşil,-60469,Pendikspor,Pendikspor,https://cdn5.wyscout.com/photos/team/public/g9153_120x120.png,1. Lig,"LCMF, RB, RCMF",LCMF,41,RB,33,RCMF,12,24,2002-01-01,250000,2027-06-30,4,397,0,0.22,1,1.28,14.06,45.16,Türkiye,['Türkiye'],right,181,74,False,7.71,5.44,62.5,1.81,12.5,0.45,0.71,0.45,3.85,6.07,1.3599999999999999,0,0.0,0,0.0,2.49,0.0,0,0.0,0.05,0,0.0,4,0.91,25.0,0.0,0.23,2.49,54.55,0.68,33.33,1.81,62.5,0.0,2.04,44.44,5.67,32.0,1.3599999999999999,1.13,0.23,30.6,2.95,0.45,39.45,78.16,12.7,69.64,7.03,93.55,34.01,81.33,3.17,57.14,17.57,32.33,0.29,1.81,0.23,0.0,0.0,0.0,1.3599999999999999,5.44,66.67,3.63,50.0,0.0,0.0,0.91,1.5899999999999999,8.16,69.44,82.14,12.7,0,,0,,0,0.0,0.0,0.0,,,0.23,,1.81,0.0,0.0,0.0,1.81,0,0
M. Özdemir,Mesut Özdemir,316984,Pendikspor,Pendikspor,https://cdn5.wyscout.com/photos/team/public/g9153_120x120.png,1. Lig,"DMF, RCMF, LDMF",DMF,60,RCMF,25,LDMF,12,33,1993-06-14,200000,2027-06-30,4,397,1,0.22,1,0.36,9.75,53.49,Türkiye,['Türkiye'],,0,0,False,5.44,3.63,56.25,3.17,64.29,0.0,0.0,0.0,3.4,5.36,0.91,1,0.23,0,0.0,0.91,0.23,1,0.23,0.05,0,0.0,5,1.13,40.0,20.0,0.23,0.45,50.0,0.45,50.0,0.0,0.0,0.23,0.68,0.0,2.7199999999999998,41.67,0.23,0.91,0.0,41.26,0.45,1.3599999999999999,55.54,86.12,20.4,76.67,8.84,100.0,49.87,88.18,5.21,69.57,19.1,38.99,0.08,0.68,0.23,0.0,0.45,50.0,0.45,9.29,78.05,1.3599999999999999,66.67,0.45,50.0,0.68,0.23,10.43,76.09,90.36,18.82,0,,0,,0,0.0,0.0,0.0,,,1.13,,3.17,0.23,0.23,0.0,0.0,0,0
V. Soldo,Vinko Soldo,386603,Pendikspor,Pendikspor,https://cdn5.wyscout.com/photos/team/public/g9153_120x120.png,1. Lig,LCB,LCB,100,,0,,0,28,1998-02-15,200000,2027-06-30,4,397,0,0.24,0,0.0,3.63,68.75,Croatia,['Croatia'],left,186,81,False,4.08,1.13,100.0,1.5899999999999999,71.43,0.0,0.0,0.91,2.95,4.64,0.45,1,0.23,0,0.0,0.0,0.0,0,0.0,0.06,0,0.0,2,0.45,0.0,0.0,0.0,0.0,0.0,0.0,0.0,0.0,0.0,0.0,0.0,0.0,0.23,0.0,0.45,0.91,0.0,41.94,0.45,0.0,55.31,93.44,22.67,87.0,4.08,100.0,50.33,95.95,4.99,68.18,20.41,35.94,0.0,0.0,0.0,0.0,0.0,0.0,0.0,5.44,83.33,0.45,50.0,0.0,0.0,0.45,0.0,8.16,83.33,99.06,24.03,0,,0,,0,0.0,0.0,0.0,,,2.95,,1.5899999999999999,0.0,0.0,0.0,0.0,0,0
B. Sülüngöz,Berkay Sülüngöz,444247,Pendikspor,Pendikspor,https://cdn5.wyscout.com/photos/team/public/g9153_120x120.png,1. Lig,RCB,RCB,100,,0,,0,30,1996-03-22,200000,,4,397,0,0.4,2,0.45,7.71,50.0,Switzerland,"['Switzerland', 'Türkiye']",right,188,74,False,6.35,3.63,43.75,2.95,61.54,0.0,0.0,0.23,4.76,7.5,1.5899999999999999,0,0.0,0,0.0,0.0,0.0,0,0.0,0.09,0,0.0,3,0.68,0.0,0.0,0.45,0.0,0.0,0.0,0.0,0.0,0.0,0.0,0.0,0.0,0.23,0.0,1.3599999999999999,0.91,0.0,36.73,0.68,0.23,50.1,88.69,16.55,76.71,3.4,93.33,43.98,94.33,6.12,48.15,24.56,49.17,0.1,0.23,0.0,0.0,0.0,0.0,0.23,7.25,71.88,0.68,33.33,0.0,0.0,0.68,0.0,7.93,82.86,96.36,24.94,0,,0,,0,0.0,0.0,0.0,,,3.17,,2.95,0.0,0.0,0.0,0.0,0,0
B. Karadeniz,Bekir Karadeniz,498157,Pendikspor,Pendikspor,https://cdn5.wyscout.com/photos/team/public/g9153_120x120.png,1. Lig,"RW, RCMF, LCMF",RW,34,RCMF,24,LCMF,14,27,1999-04-10,375000,2028-06-30,4,397,0,0.24,0,0.81,7.71,52.94,Türkiye,['Türkiye'],left,177,0,False,3.85,4.53,55.0,1.3599999999999999,16.67,0.0,0.0,0.45,1.3599999999999999,2.14,0.68,1,0.23,0,0.0,1.13,0.0,0,0.0,0.05,0,0.0,9,2.04,11.11,0.0,0.0,1.5899999999999999,42.86,0.91,50.0,0.68,33.33,0.23,0.45,50.0,1.81,75.0,0.68,0.45,0.0,29.92,0.68,0.68,36.5,87.58,8.84,76.92,7.71,97.06,30.38,92.54,4.76,66.67,20.31,45.04,0.18,0.68,0.0,0.23,0.0,0.0,0.45,7.93,74.29,2.04,55.56,0.0,0.0,0.91,0.68,4.53,90.0,86.76,15.42,0,,0,,0,0.0,0.0,0.0,,,0.45,,1.3599999999999999,2.27,0.91,0.0,1.81,0,0
A. Tutar,Alp Tutar,499421,İstanbulspor,İstanbulspor,https://cdn5.wyscout.com/photos/team/public/g2226_120x120.png,1. Lig,GK,GK,100,,0,,0,29,1997-05-28,100000,2027-06-30,4,397,0,0.0,0,0.0,0.23,100.0,Netherlands,"['Netherlands', 'Türkiye']",right,196,0,False,0.45,0.0,0.0,0.0,0.0,0.0,0.0,0.0,0.45,0.54,0.0,0,0.0,0,0.0,0.0,0.0,0,0.0,0.0,0,0.0,0,0.0,0.0,0.0,0.0,0.0,0.0,0.0,0.0,0.0,0.0,0.0,0.0,0.0,0.23,100.0,0.0,0.0,0.0,24.48,0.45,0.23,39.22,85.55,19.72,75.86,0.0,0.0,26.07,96.52,12.92,64.91,33.95,51.39,0.0,0.0,0.0,0.0,0.0,0.0,0.0,3.85,47.06,0.23,100.0,0.23,0.0,0.0,0.0,9.75,74.42,97.62,19.04,9,2.04,24,5.44,0,62.5,7.22,1.6400000000000001,-1.78,-0.404,0.0,2.95,0.0,,,,0.0,0,0
K. Dönertaş,Kerem Dönertaş,-213496,Bandırmaspor,Bandırmaspor,https://cdn5.wyscout.com/photos/team/public/g11986_120x120.png,1. Lig,"CF, RCMF, AMF",CF,39,RCMF,33,AMF,26,25,2001-07-02,0,,5,397,0,0.18,1,0.37,14.96,48.48,Türkiye,['Türkiye'],,0,0,False,6.35,6.12,48.15,2.27,40.0,0.23,0.39,0.45,3.17,5.45,3.17,1,0.23,0,0.0,1.13,0.0,0,0.0,0.04,0,0.0,2,0.45,50.0,0.0,0.23,0.45,0.0,0.23,0.0,0.23,0.0,0.0,0.68,100.0,4.31,47.37,2.04,0.45,0.23,15.87,0.91,1.5899999999999999,21.08,81.72,4.53,80.0,7.25,84.38,19.72,85.06,0.91,50.0,16.13,26.41,0.08,0.45,0.0,0.0,0.23,100.0,0.45,2.27,60.0,0.68,66.67,0.23,100.0,0.45,0.0,2.27,50.0,76.92,5.89,0,,0,,0,0.0,0.0,0.0,,,0.0,,2.27,0.0,0.0,0.0,0.0,0,0
K. Matışlı,Kerem Matışlı,-337074,Bursaspor,Bursaspor,https://cdn5.wyscout.com/photos/team/public/827_120x120.png,1. Lig,GK,GK,100,,0,,0,19,2007-04-04,0,,4,395,0,0.0,0,0.0,0.46,100.0,Türkiye,['Türkiye'],unknown,0,0,False,0.91,0.23,100.0,0.23,100.0,0.0,0.0,0.0,0.68,0.98,0.0,0,0.0,0,0.0,0.0,0.0,0,0.0,0.0,0,0.0,0,0.0,0.0,0.0,0.0,0.0,0.0,0.0,0.0,0.0,0.0,0.0,0.0,0.0,0.0,0.0,0.0,0.0,0.23,11.39,0.46,0.23,24.61,73.15,14.35,61.9,0.0,0.0,13.67,98.33,10.94,41.67,35.19,50.67,0.0,0.0,0.0,0.0,0.0,0.0,0.0,2.73,25.0,0.23,0.0,0.0,0.0,0.0,0.0,7.75,50.0,90.24,9.34,3,0.68,10,2.2800000000000002,2,70.0,3.36,0.77,0.36,0.082,0.0,2.73,0.23,,,,0.0,0,0
A. Babacan,Alperen Babacan,378589,Bursaspor,Bursaspor,https://cdn5.wyscout.com/photos/team/public/827_120x120.png,1. Lig,RCB,RCB,92,,0,,0,29,1997-07-18,0,2027-06-30,4,395,1,0.32,0,0.0,13.44,55.93,Türkiye,['Türkiye'],right,185,75,False,8.89,5.7,56.0,5.92,50.0,0.0,0.0,1.1400000000000001,5.7,8.15,0.91,2,0.46,0,0.0,0.23,0.23,1,0.23,0.07,0,0.0,2,0.46,50.0,50.0,0.0,0.0,0.0,0.0,0.0,0.0,0.0,0.0,0.0,0.0,0.91,75.0,0.68,0.0,0.0,36.91,0.23,0.68,51.49,93.81,15.72,82.61,2.51,90.91,47.85,96.19,3.65,62.5,21.25,27.07,0.0,0.0,0.0,0.0,0.0,0.0,0.0,1.5899999999999999,85.71,0.0,0.0,0.0,0.0,0.0,0.0,3.42,40.0,99.26,30.76,0,,0,,0,0.0,0.0,0.0,,,1.82,,5.92,0.0,0.0,0.0,0.0,0,0
A. Boutrah,Amine Boutrah,514110,Bursaspor,Bursaspor,https://cdn5.wyscout.com/photos/team/public/827_120x120.png,1. Lig,LAMF,LAMF,92,,0,,0,25,2000-10-26,0,2029-06-30,4,395,0,0.27,0,0.48,15.72,53.62,France,"['France', 'Morocco']",right,171,60,False,3.42,3.42,60.0,0.68,33.33,0.0,0.0,0.0,1.37,1.96,0.23,0,0.0,0,0.0,2.73,0.0,0,0.0,0.06,0,0.0,6,1.37,33.33,0.0,0.0,1.5899999999999999,14.29,1.37,16.67,0.23,0.0,0.23,3.19,57.14,10.71,55.32,2.51,4.5600000000000005,0.46,42.61,2.05,1.82,50.35,81.0,13.22,68.97,8.89,97.44,48.08,82.94,0.68,100.0,16.23,28.9,0.11,0.91,0.46,0.23,0.46,50.0,0.91,6.84,70.0,3.87,58.82,0.46,50.0,2.51,0.46,6.61,86.21,85.33,17.09,0,,0,,0,0.0,0.0,0.0,,,0.0,,0.68,0.0,0.0,0.0,2.51,0,0
U. Çiftçi,Uğur Çiftçi,166392,Sivasspor,Sivasspor,https://cdn5.wyscout.com/photos/team/public/818_120x120.png,1. Lig,LB,LB,100,,0,,0,34,1992-05-04,1300000,2027-06-30,4,394,0,0.0,1,0.71,11.42,62.0,Türkiye,['Türkiye'],left,179,72,False,9.37,6.4,67.86,1.83,50.0,0.23,0.31,0.23,4.8,6.49,1.37,1,0.23,0,0.0,1.6,0.0,0,0.0,0.0,0,0.0,0,0.0,0.0,0.0,0.23,4.34,21.05,4.34,21.05,0.0,0.0,0.6900000000000001,1.1400000000000001,60.0,2.9699999999999998,61.54,0.6900000000000001,1.1400000000000001,0.23,27.18,1.1400000000000001,0.91,37.69,76.36,14.16,72.58,5.25,100.0,30.15,87.12,3.43,46.67,18.84,38.18,0.16,1.1400000000000001,0.0,0.23,0.0,0.0,0.46,4.57,75.0,4.11,27.78,0.23,100.0,0.23,0.91,7.77,79.41,65.31,11.19,0,,0,,0,0.0,0.0,0.0,,,0.0,,1.83,2.06,0.0,0.0,1.83,0,0
A. Appindangoyé,Aaron Christopher Billy  Ondele Appindangoyé,277417,Sivasspor,Sivasspor,https://cdn5.wyscout.com/photos/team/public/818_120x120.png,1. Lig,RCB,RCB,100,,0,,0,34,1992-02-20,800000,2028-06-30,4,394,0,0.03,0,0.0,5.94,46.15,Gabon,['Gabon'],right,184,80,False,5.94,1.6,42.86,3.65,50.0,0.0,0.0,1.1400000000000001,5.25,7.11,0.0,0,0.0,0,0.0,0.23,0.0,0,0.0,0.01,0,0.0,2,0.46,50.0,0.0,0.0,0.0,0.0,0.0,0.0,0.0,0.0,0.0,0.0,0.0,0.23,0.0,0.46,0.0,0.23,29.24,0.0,0.0,39.52,89.02,15.08,80.3,2.06,100.0,33.58,93.2,5.94,65.38,25.08,46.66,0.0,0.0,0.0,0.0,0.0,0.0,0.0,3.65,75.0,0.6900000000000001,33.33,0.23,0.0,0.23,0.0,7.31,71.88,95.06,18.5,0,,0,,0,0.0,0.0,0.0,,,1.1400000000000001,,3.65,0.0,0.0,0.0,0.0,0,0
G. Bakirbaş,Mehmet Göktüğ Bakırbaş,313544,Sivasspor,Sivasspor,https://cdn5.wyscout.com/photos/team/public/818_120x120.png,1. Lig,GK,GK,100,,0,,0,30,1996-06-01,450000,2027-06-30,4,394,0,0.0,0,0.0,0.0,0.0,Türkiye,['Türkiye'],right,196,83,False,0.23,0.0,0.0,0.0,0.0,0.0,0.0,0.0,0.23,0.31,0.0,0,0.0,0,0.0,0.0,0.0,0,0.0,0.0,0,0.0,0,0.0,0.0,0.0,0.0,0.0,0.0,0.0,0.0,0.0,0.0,0.0,0.0,0.0,0.0,0.0,0.0,0.0,0.0,8.68,0.0,0.0,13.71,70.0,7.54,45.45,0.0,0.0,7.54,100.0,6.17,33.33,37.07,53.44,0.0,0.0,0.0,0.0,0.0,0.0,0.0,1.6,14.29,0.23,0.0,0.0,0.0,0.0,0.0,3.43,46.67,100.0,5.71,6,1.37,14,3.2,1,57.14,4.18,0.9500000000000001,-1.82,-0.41600000000000004,0.0,0.23,0.0,,,,0.0,0,0
R. Manaj,Rey Manaj,357321,Sivasspor,Sivasspor,https://cdn5.wyscout.com/photos/team/public/818_120x120.png,1. Lig,CF,CF,100,,0,,0,29,1997-02-24,5000000,2029-06-30,4,394,3,3.44,0,0.07,16.22,49.3,Albania,"['Albania', 'Italy']",right,182,76,False,1.83,0.6900000000000001,100.0,4.57,40.0,0.0,0.0,0.0,1.1400000000000001,1.55,1.1400000000000001,0,0.0,0,0.0,2.06,0.6900000000000001,2,0.46,0.79,0,0.0,16,3.65,37.5,18.75,0.0,0.23,100.0,0.0,0.0,0.23,100.0,0.0,0.6900000000000001,66.67,9.59,52.38,4.57,0.23,0.0,7.77,1.6,2.9699999999999998,12.11,73.58,3.2,57.14,3.65,93.75,10.96,77.08,1.1400000000000001,40.0,16.39,37.71,0.02,0.46,0.0,0.0,0.0,0.0,0.23,0.91,50.0,0.91,50.0,0.0,0.0,0.46,0.0,0.91,75.0,83.33,2.74,0,,0,,0,0.0,0.0,0.0,,,0.0,,4.57,0.23,0.23,0.0,0.0,1,100
R. Safuri,Ramzi Safuri,213280,Antalyaspor,Antalyaspor,https://cdn5.wyscout.com/photos/team/public/1189_120x120.png,1. Lig,"AMF, LCMF, LDMF",AMF,52,LCMF,16,LDMF,11,30,1995-10-21,1600000,2027-06-30,4,393,1,0.14,0,0.68,14.43,55.56,Israel,['Israel'],right,183,74,False,3.66,4.8100000000000005,57.14,2.29,70.0,0.0,0.0,0.0,0.92,1.4,1.37,1,0.23,0,0.0,0.92,0.23,1,0.23,0.03,0,0.0,5,1.15,20.0,20.0,0.0,2.06,22.22,0.92,25.0,1.15,20.0,0.46,0.6900000000000001,33.33,6.87,50.0,1.37,1.15,0.0,45.34,0.6900000000000001,2.98,54.5,87.39,13.51,81.36,8.7,97.37,47.18,91.26,5.73,80.0,18.59,42.81,0.16,1.6,0.23,0.23,0.0,0.0,0.6900000000000001,6.87,73.33,3.89,35.29,0.0,0.0,1.15,0.0,6.64,89.66,86.87,22.67,0,,0,,0,0.0,0.0,0.0,,,1.15,,2.29,0.6900000000000001,0.0,0.0,2.29,0,0
A. Tafa,Angelo Tafa,514214,Boluspor,Boluspor,https://cdn5.wyscout.com/photos/team/public/1346_120x120.png,1. Lig,GK,GK,100,,0,,0,26,2000-07-05,200000,,4,392,0,0.0,0,0.0,0.46,50.0,Greece,"['Greece', 'Albania']",right,184,79,False,2.07,0.46,50.0,0.0,0.0,0.0,0.0,0.0,1.8399999999999999,1.98,0.0,0,0.0,0,0.0,0.0,0.0,0,0.0,0.0,0,0.0,0,0.0,0.0,0.0,0.0,0.0,0.0,0.0,0.0,0.0,0.0,0.0,0.0,0.0,0.0,0.0,0.0,0.0,0.0,7.35,0.0,0.0,18.14,65.82,9.64,57.14,0.0,0.0,10.56,91.3,7.58,30.3,32.07,46.99,0.0,0.0,0.0,0.0,0.0,0.0,0.0,2.98,30.77,0.46,0.0,0.0,0.0,0.0,0.0,6.2,33.33,73.33,6.89,9,2.07,19,4.36,0,52.63,6.95,1.6,-2.05,-0.47100000000000003,0.0,2.3,0.0,,,,0.0,0,0
O .Çalışkan,Oğuzcan Çalışkan,-313882,Ankara Keçiörengücü,Ankara Keçiörengücü,https://cdn5.wyscout.com/photos/team/public/g7284_120x120.png,1. Lig,RCB,RCB,100,,0,,0,23,2002-11-06,0,2028-06-30,4,391,1,1.22,0,0.0,7.83,55.88,Türkiye,['Türkiye'],unknown,0,0,False,8.52,3.91,58.82,2.99,53.85,0.0,0.0,1.15,6.21,7.5,0.92,0,0.0,0,0.0,0.46,0.23,1,0.23,0.28,1,0.23,4,0.92,50.0,25.0,0.0,0.0,0.0,0.0,0.0,0.0,0.0,0.0,0.0,0.0,0.23,100.0,1.15,0.23,0.23,19.34,0.23,0.0,31.07,89.63,15.88,82.61,2.07,100.0,26.24,96.49,4.83,52.38,22.14,40.75,0.0,0.0,0.0,0.0,0.0,0.0,0.0,3.22,50.0,0.46,0.0,0.0,0.0,0.0,0.0,3.91,76.47,95.83,11.05,0,,0,,0,0.0,0.0,0.0,,,1.8399999999999999,,2.99,0.0,0.0,0.0,0.0,0,0
I. Akdağ,Ibrahim Akdağ,169943,Ankara Keçiörengücü,Ankara Keçiörengücü,https://cdn5.wyscout.com/photos/team/public/g7284_120x120.png,1. Lig,"LDMF, RDMF",LDMF,89,RDMF,10,,0,35,1991-07-21,150000,,4,391,2,1.57,1,0.46,13.58,54.24,Türkiye,['Türkiye'],right,179,70,False,7.14,5.52,58.33,0.23,0.0,0.0,0.0,0.23,3.91,4.72,1.15,4,0.92,0,0.0,1.15,0.46,0,0.0,0.36,0,0.0,5,1.15,80.0,40.0,0.23,1.6099999999999999,14.29,0.23,0.0,1.38,16.67,0.0,0.46,0.0,5.98,46.15,0.0,0.6900000000000001,0.23,29.69,0.23,3.22,41.43,85.56,13.12,82.46,6.21,100.0,34.53,90.0,5.75,72.0,20.61,45.57,0.11,0.92,0.0,0.0,0.0,0.0,0.46,7.83,85.29,2.5300000000000002,63.64,0.0,0.0,1.15,0.23,7.37,78.13,83.82,15.65,0,,0,,0,0.0,0.0,0.0,,,0.6900000000000001,,0.23,1.15,0.0,0.0,1.6099999999999999,2,100
Wellington,Wellington Ferreira Nascimento,390843,Ankara Keçiörengücü,Ankara Keçiörengücü,https://cdn5.wyscout.com/photos/team/public/g7284_120x120.png,1. Lig,LCB,LCB,100,,0,,0,31,1995-03-01,250000,2027-06-30,4,391,0,0.0,0,0.0,8.29,61.11,Brazil,['Brazil'],right,187,90,False,7.83,4.37,42.11,2.07,77.78,0.23,0.28,0.6900000000000001,5.75,6.94,0.92,1,0.23,0,0.0,0.6900000000000001,0.0,0,0.0,0.0,0,0.0,0,0.0,0.0,0.0,0.0,0.0,0.0,0.0,0.0,0.0,0.0,0.0,0.6900000000000001,100.0,1.38,83.33,0.46,0.46,0.0,22.79,0.23,0.46,35.68,92.26,17.03,89.19,1.6099999999999999,100.0,31.3,95.59,4.37,68.42,22.51,35.2,0.0,0.0,0.0,0.0,0.0,0.0,0.0,5.06,86.36,0.23,100.0,0.0,0.0,0.46,0.0,6.91,83.33,97.06,15.65,0,,0,,0,0.0,0.0,0.0,,,1.15,,2.07,0.0,0.0,0.0,0.0,0,0
E. Satılmış,Emre Satılmış,421461,Ankara Keçiörengücü,Ankara Keçiörengücü,https://cdn5.wyscout.com/photos/team/public/g7284_120x120.png,1. Lig,GK,GK,100,,0,,0,29,1996-10-13,200000,2027-06-30,4,391,0,0.0,0,0.0,0.46,100.0,Türkiye,['Türkiye'],right,198,72,False,0.23,0.0,0.0,0.23,100.0,0.0,0.0,0.0,0.23,0.28,0.0,1,0.23,0,0.0,0.0,0.0,0,0.0,0.0,0,0.0,0,0.0,0.0,0.0,0.0,0.0,0.0,0.0,0.0,0.0,0.0,0.0,0.0,0.0,0.23,100.0,0.0,0.0,0.0,10.59,0.23,0.46,17.72,85.71,8.06,77.14,0.0,0.0,12.66,98.18,5.06,54.55,30.83,33.47,0.0,0.0,0.0,0.0,0.0,0.0,0.0,0.92,25.0,0.0,0.0,0.0,0.0,0.0,0.0,4.14,55.56,95.0,9.21,8,1.8399999999999999,20,4.6,0,60.0,5.75,1.32,-2.25,-0.518,0.0,2.99,0.23,,,,0.0,0,0
V. Karakuş,Vedat Karakuş,448868,Manisa F.K.,Manisa F.K.,https://cdn5.wyscout.com/photos/team/public/g34120_120x120.png,1. Lig,GK,GK,100,,0,,0,28,1998-02-28,50000,2027-06-30,4,390,0,0.0,0,0.0,0.0,0.0,Türkiye,['Türkiye'],left,183,80,False,0.23,0.0,0.0,0.0,0.0,0.0,0.0,0.0,0.23,0.36,0.0,1,0.23,0,0.0,0.0,0.0,0,0.0,0.0,0,0.0,0,0.0,0.0,0.0,0.0,0.0,0.0,0.0,0.0,0.0,0.0,0.0,0.0,0.0,0.0,0.0,0.0,0.0,0.0,20.08,0.46,0.0,28.38,82.11,14.77,71.88,0.0,0.0,17.77,97.4,10.62,56.52,34.33,49.79,0.0,0.0,0.0,0.0,0.0,0.0,0.0,2.54,72.73,0.0,0.0,0.0,0.0,0.0,0.0,8.31,61.11,92.73,12.69,4,0.92,14,3.23,1,71.43,3.95,0.91,-0.05,-0.012,0.0,1.38,0.0,,,,0.0,0,0
A. Çankaya,Atakan Çankaya,501377,Manisa F.K.,Manisa F.K.,https://cdn5.wyscout.com/photos/team/public/g34120_120x120.png,1. Lig,LCB,LCB,94,,0,,0,28,1998-06-25,0,2027-06-30,4,390,0,0.33,0,0.0,8.08,62.86,Türkiye,['Türkiye'],right,180,78,False,7.85,3.0,53.85,3.23,85.71,0.0,0.0,0.6900000000000001,6.23,9.64,0.23,0,0.0,0,0.0,0.23,0.0,0,0.0,0.08,0,0.0,5,1.15,20.0,0.0,0.0,0.0,0.0,0.0,0.0,0.0,0.0,0.0,0.0,0.0,1.15,60.0,1.62,1.85,0.0,50.77,0.0,1.15,62.77,88.97,23.77,78.64,2.08,100.0,57.0,93.93,5.77,40.0,19.29,37.83,0.0,0.0,0.23,0.0,0.0,0.0,0.0,7.38,68.75,0.6900000000000001,0.0,0.0,0.0,0.0,0.0,8.08,77.14,95.9,28.15,0,,0,,0,0.0,0.0,0.0,,,1.38,,3.23,0.0,0.0,0.0,0.0,0,0
Y. Fidan,Yiğit Fidan,-539878,Muğlaspor,Muğlaspor,https://cdn5.wyscout.com/photos/team/public/g14051_120x120.png,1. Lig,RCB,RCB,100,,0,,0,21,2005-05-11,0,2028-06-30,4,388,0,0.0,0,0.0,6.03,69.23,Türkiye,['Türkiye'],right,187,75,True,6.49,3.02,53.85,2.09,77.78,0.7000000000000001,0.84,1.16,4.18,5.05,0.93,1,0.23,0,0.0,0.0,0.0,0,0.0,0.0,0,0.0,0,0.0,0.0,0.0,0.0,0.0,0.0,0.0,0.0,0.0,0.0,0.0,0.0,0.0,0.46,100.0,0.0,0.7000000000000001,0.0,33.17,0.46,0.93,44.3,86.91,17.4,76.0,1.8599999999999999,100.0,37.11,91.88,7.19,61.29,22.38,37.38,0.0,0.0,0.0,0.0,0.0,0.0,0.0,4.18,66.67,0.23,0.0,0.0,0.0,0.0,0.0,7.65,60.61,92.05,20.41,0,,0,,0,0.0,0.0,0.0,,,1.3900000000000001,,2.09,0.0,0.0,0.0,0.0,0,0
E. Kılıçarslan,Ekrem Kılıçarslan,462144,Muğlaspor,Muğlaspor,https://cdn5.wyscout.com/photos/team/public/g14051_120x120.png,1. Lig,GK,GK,100,,0,,0,29,1997-08-22,50000,,4,388,0,0.0,0,0.0,0.7000000000000001,100.0,Türkiye,['Türkiye'],right,188,80,False,0.93,0.0,0.0,0.23,100.0,0.0,0.0,0.0,0.93,1.12,0.0,0,0.0,0,0.0,0.0,0.0,0,0.0,0.0,0,0.0,0,0.0,0.0,0.0,0.0,0.0,0.0,0.0,0.0,0.0,0.0,0.0,0.0,0.0,0.46,100.0,0.0,0.0,0.0,12.53,0.23,0.7000000000000001,22.27,80.21,11.13,70.83,0.0,0.0,16.47,94.37,5.8,40.0,27.96,42.58,0.0,0.0,0.0,0.0,0.0,0.0,0.0,1.62,0.0,0.0,0.0,0.0,0.0,0.0,0.0,4.18,33.33,90.91,10.21,2,0.46,11,2.55,3,81.82,3.39,0.79,1.3900000000000001,0.322,0.0,3.48,0.23,,,,0.0,0,0
C. Sylla,Cheikne Sylla,-190589,Manisa F.K.,Manisa F.K.,https://cdn5.wyscout.com/photos/team/public/g34120_120x120.png,1. Lig,CF,CF,100,,0,,0,32,1994-04-03,225000,2028-06-30,4,388,3,2.93,2,0.67,9.74,38.1,Mali,['Mali'],,190,85,False,1.16,1.16,20.0,2.32,20.0,0.0,0.0,0.0,0.93,1.45,0.93,0,0.0,0,0.0,1.3900000000000001,0.7000000000000001,3,0.7000000000000001,0.68,3,0.7000000000000001,10,2.32,40.0,30.0,0.46,0.23,0.0,0.0,0.0,0.23,0.0,0.0,0.46,100.0,5.57,50.0,4.64,1.16,0.0,12.99,1.8599999999999999,0.93,16.24,74.29,3.02,53.85,3.48,86.67,15.77,76.47,0.23,0.0,13.48,8.71,0.15,1.3900000000000001,0.23,0.0,0.23,0.0,1.3900000000000001,1.16,60.0,1.16,60.0,0.23,0.0,1.8599999999999999,0.0,2.32,60.0,84.21,4.41,0,,0,,0,0.0,0.0,0.0,,,0.23,,2.32,0.0,0.0,0.0,0.0,1,0
I. Šehić,Ibrahim Šehić,91780,Sarıyer,Sarıyer,https://cdn5.wyscout.com/photos/team/public/g2344_120x120.png,1. Lig,GK,GK,100,,0,,0,37,1988-09-02,750000,2027-06-30,4,387,0,0.0,0,0.0,0.7000000000000001,100.0,Bosnia and Herzegovina,['Bosnia and Herzegovina'],left,190,79,False,0.23,0.0,0.0,0.47000000000000003,100.0,0.0,0.0,0.0,0.23,0.28,0.0,1,0.23,0,0.0,0.0,0.0,0,0.0,0.0,0,0.0,0,0.0,0.0,0.0,0.0,0.0,0.0,0.0,0.0,0.0,0.0,0.0,0.0,0.0,0.23,100.0,0.0,0.0,0.0,25.81,0.23,0.7000000000000001,39.77,89.47,19.53,80.95,0.0,0.0,27.67,98.32,12.09,69.23,30.63,46.5,0.0,0.0,0.0,0.0,0.0,0.0,0.0,1.8599999999999999,25.0,0.47000000000000003,0.0,0.0,0.0,0.0,0.0,8.37,75.0,97.67,20.0,4,0.93,10,2.33,1,60.0,3.69,0.86,-0.31,-0.07200000000000001,0.0,0.47000000000000003,0.47000000000000003,,,,0.0,0,0
E. Korkmazoğlu,Eşref Korkmazoğlu,378809,Sarıyer,Sarıyer,https://cdn5.wyscout.com/photos/team/public/g2344_120x120.png,1. Lig,LB,LB,100,,0,,0,32,1994-05-27,125000,2027-06-30,4,387,0,0.0,1,0.98,9.77,47.62,Türkiye,['Türkiye'],left,0,0,False,7.21,4.42,57.89,1.8599999999999999,50.0,0.23,0.28,0.0,4.42,5.33,0.93,0,0.0,0,0.0,2.09,0.0,0,0.0,0.0,0,0.0,1,0.23,0.0,0.0,0.23,3.49,46.67,3.02,53.85,0.47000000000000003,0.0,0.23,0.47000000000000003,100.0,2.09,22.22,0.23,0.23,0.23,31.16,3.26,0.0,39.53,77.65,16.05,68.12,6.28,92.59,32.79,85.11,3.49,40.0,18.51,43.48,0.23,1.4,0.23,0.0,0.0,0.0,0.93,4.42,57.89,2.56,45.45,0.0,0.0,0.0,1.16,8.14,68.57,81.36,13.72,0,,0,,0,0.0,0.0,0.0,,,0.93,,1.8599999999999999,1.16,0.0,0.0,2.09,0,0
A. Aytemur,Ali Aytemur,381079,Bodrumspor,Bodrumspor,https://cdn5.wyscout.com/photos/team/public/g34119_120x120.png,1. Lig,LCB,LCB,100,,0,,0,30,1996-04-03,550000,2027-06-30,4,387,0,0.0,0,0.32,6.74,58.62,Türkiye,['Türkiye'],left,184,74,False,7.91,2.79,66.67,1.8599999999999999,37.5,0.23,0.29,0.93,5.8100000000000005,7.14,0.0,0,0.0,0,0.0,0.47000000000000003,0.0,0,0.0,0.0,0,0.0,0,0.0,0.0,0.0,0.0,0.0,0.0,0.0,0.0,0.0,0.0,0.0,0.47000000000000003,100.0,0.93,100.0,0.0,0.23,0.0,40.93,0.0,0.7000000000000001,54.42,93.16,23.02,87.88,2.33,100.0,45.35,97.95,9.07,69.23,24.15,40.14,0.07,0.23,0.0,0.0,0.0,0.0,0.23,6.05,80.77,0.93,25.0,0.0,0.0,0.23,0.0,10.23,95.45,96.52,26.74,0,,0,,0,0.0,0.0,0.0,,,1.8599999999999999,,1.8599999999999999,0.0,0.0,0.0,0.0,0,0
Diogo Sousa,Diogo Fesnard Nogueira Sousa,463063,Bodrumspor,Bodrumspor,https://cdn5.wyscout.com/photos/team/public/g34119_120x120.png,1. Lig,GK,GK,100,,0,,0,27,1998-09-16,0,2027-06-30,4,387,0,0.0,0,0.0,0.0,0.0,Portugal,['Portugal'],right,198,85,False,0.23,0.0,0.0,0.0,0.0,0.0,0.0,0.0,0.23,0.29,0.0,0,0.0,0,0.0,0.0,0.0,0,0.0,0.0,0,0.0,0,0.0,0.0,0.0,0.0,0.0,0.0,0.0,0.0,0.0,0.0,0.0,0.0,0.0,0.0,0.0,0.0,0.0,0.0,12.33,0.23,0.0,21.86,86.17,11.4,75.51,0.0,0.0,15.58,98.51,6.28,55.56,29.16,50.65,0.0,0.0,0.0,0.0,0.0,0.0,0.0,1.4,33.33,0.23,0.0,0.0,0.0,0.0,0.0,5.12,72.73,97.56,9.53,4,0.93,19,4.42,2,78.95,3.5700000000000003,0.8300000000000001,-0.43,-0.1,0.0,1.4,0.0,,,,0.0,0,0
J. Elitim,Juergen Farid Elitim Sepúlveda,465436,Bursaspor,Bursaspor,https://cdn5.wyscout.com/photos/team/public/827_120x120.png,1. Lig,"RDMF, LDMF",RDMF,48,LDMF,43,,0,27,1999-07-13,1800000,,4,386,0,0.14,1,0.38,12.59,61.11,Colombia,"['Colombia', 'Spain']",left,173,72,False,6.76,5.6,66.67,0.0,0.0,0.23,0.34,0.23,2.8,4.14,0.23,1,0.23,0,0.0,2.33,0.0,0,0.0,0.03,0,0.0,3,0.7000000000000001,0.0,0.0,0.23,0.7000000000000001,66.67,0.7000000000000001,66.67,0.0,0.0,0.47000000000000003,2.56,72.73,6.99,56.67,0.7000000000000001,0.47000000000000003,0.0,50.6,0.0,1.4,63.65,90.84,19.82,76.47,8.63,91.89,57.36,92.28,5.6,79.17,17.21,38.03,0.09,0.7000000000000001,0.0,0.23,0.0,0.0,0.7000000000000001,8.86,81.58,2.56,63.64,0.0,0.0,0.93,0.47000000000000003,7.69,75.76,99.07,24.95,0,,0,,0,0.0,0.0,0.0,,,0.47000000000000003,,0.0,0.23,0.0,0.0,0.0,0,0
E. Canpolat,Erdem Canpolat,-59142, Esenler Erokspor, Esenler Erokspor,https://cdn5.wyscout.com/photos/team/public/g39486_120x120.png,1. Lig,GK,GK,100,,0,,0,25,2001-04-13,1000000,2027-06-30,4,386,0,0.0,0,0.21,0.23,100.0,Germany,"['Germany', 'Türkiye']",right,194,85,False,0.0,0.0,0.0,0.0,0.0,0.0,0.0,0.0,0.0,0.0,0.0,1,0.23,0,0.0,0.0,0.0,0,0.0,0.0,0,0.0,0,0.0,0.0,0.0,0.0,0.0,0.0,0.0,0.0,0.0,0.0,0.0,0.0,0.0,0.23,100.0,0.0,0.0,0.0,11.42,0.23,0.23,19.35,87.95,9.56,78.05,0.0,0.0,13.52,96.55,5.83,68.0,33.29,53.53,0.05,0.23,0.0,0.0,0.0,0.0,0.23,1.17,60.0,0.23,100.0,0.0,0.0,0.23,0.0,3.73,62.5,97.56,9.56,3,0.7000000000000001,14,3.26,1,78.57,3.58,0.8300000000000001,0.58,0.135,0.0,2.1,0.0,,,,0.0,0,0
Luccas Claro,Luccas Claro,179302, Esenler Erokspor, Esenler Erokspor,https://cdn5.wyscout.com/photos/team/public/g39486_120x120.png,1. Lig,"LCB, RCB",LCB,50,RCB,49,,0,34,1991-10-02,450000,2027-06-30,4,386,0,0.29,0,0.0,8.63,78.38,Brazil,['Brazil'],right,182,83,False,8.86,4.2,77.78,2.8,83.33,0.0,0.0,0.23,5.6,8.78,0.93,1,0.23,0,0.0,0.23,0.0,0,0.0,0.07,0,0.0,2,0.47000000000000003,50.0,0.0,0.0,0.0,0.0,0.0,0.0,0.0,0.0,0.0,0.0,0.0,0.93,50.0,0.47000000000000003,0.47000000000000003,0.0,45.23,0.47000000000000003,0.47000000000000003,60.62,90.38,21.22,81.32,2.56,90.91,54.79,94.04,5.83,56.0,21.35,40.83,0.0,0.0,0.0,0.0,0.0,0.0,0.0,7.46,71.88,0.47000000000000003,0.0,0.0,0.0,0.0,0.0,6.76,75.86,97.01,31.24,0,,0,,0,0.0,0.0,0.0,,,1.63,,2.8,0.0,0.0,0.0,0.0,0,0
H. Bilazer,Hayrullah Bilazer,377875, Esenler Erokspor, Esenler Erokspor,https://cdn5.wyscout.com/photos/team/public/g39486_120x120.png,1. Lig,RB,RB,100,,0,,0,31,1995-05-20,275000,2027-06-30,4,386,0,0.05,0,0.51,12.12,51.92,Türkiye,['Türkiye'],right,170,72,False,7.93,5.83,40.0,2.1,44.44,0.23,0.37,0.7000000000000001,5.36,8.41,1.63,0,0.0,0,0.0,2.1,0.0,0,0.0,0.01,0,0.0,1,0.23,0.0,0.0,0.0,2.56,45.45,0.0,0.0,2.56,45.45,0.0,1.17,80.0,3.5,73.33,0.93,1.4,0.0,32.41,3.26,1.17,40.57,81.03,12.12,73.08,7.93,100.0,34.04,86.99,3.96,52.94,19.05,40.65,0.12,0.93,0.0,0.0,0.0,0.0,0.7000000000000001,6.06,76.92,6.06,50.0,0.0,0.0,1.4,1.17,8.39,75.0,78.46,15.16,0,,0,,0,0.0,0.0,0.0,,,0.7000000000000001,,2.1,0.0,0.0,0.0,0.0,0,0
J. Szumski,Jakub Szumski,157344,Iğdır FK,Iğdır FK,https://cdn5.wyscout.com/photos/team/public/g-14609_120x120.png,1. Lig,GK,GK,100,,0,,0,34,1992-03-06,100000,2027-06-30,4,385,0,0.0,0,0.0,0.23,0.0,Poland,['Poland'],right,194,78,False,0.47000000000000003,0.0,0.0,0.0,0.0,0.0,0.0,0.0,0.47000000000000003,0.59,0.0,0,0.0,0,0.0,0.0,0.0,0,0.0,0.0,0,0.0,0,0.0,0.0,0.0,0.0,0.0,0.0,0.0,0.0,0.0,0.0,0.0,0.0,0.0,0.23,0.0,0.0,0.23,0.0,18.23,0.23,0.0,29.45,69.05,16.36,50.0,0.23,0.0,16.36,90.0,13.09,42.86,34.94,48.89,0.0,0.0,0.0,0.0,0.0,0.0,0.0,3.9699999999999998,29.41,0.47000000000000003,0.0,0.0,0.0,0.0,0.0,8.88,55.26,95.65,10.75,2,0.47000000000000003,15,3.51,2,86.67,3.87,0.91,1.87,0.437,0.0,0.7000000000000001,0.0,,,,0.0,0,0
A. Öztürk,Alim Öztürk,187075,Iğdır FK,Iğdır FK,https://cdn5.wyscout.com/photos/team/public/g-14609_120x120.png,1. Lig,RCB,RCB,100,,0,,0,33,1992-11-17,450000,2027-06-30,4,385,0,0.0,0,0.0,5.38,65.22,Netherlands,"['Netherlands', 'Türkiye']",right,191,85,False,10.75,2.1,88.89,3.04,46.15,0.0,0.0,0.9400000000000001,8.88,11.29,0.7000000000000001,1,0.23,0,0.0,0.23,0.0,0,0.0,0.0,0,0.0,0,0.0,0.0,0.0,0.0,0.47000000000000003,50.0,0.47000000000000003,50.0,0.0,0.0,0.0,0.0,0.0,0.0,0.0,0.47000000000000003,0.7000000000000001,0.0,38.81,1.17,0.0,54.47,84.98,19.17,73.17,2.81,91.67,46.75,90.5,7.25,51.61,24.63,48.92,0.0,0.0,0.0,0.0,0.0,0.0,0.0,6.78,37.93,1.6400000000000001,42.86,0.0,0.0,0.23,0.23,8.88,73.68,94.35,28.99,0,,0,,0,0.0,0.0,0.0,,,2.34,,3.04,0.0,0.0,0.0,0.0,0,0
L. Kouagba,Loïc Kouagba,367335,Iğdır FK,Iğdır FK,https://cdn5.wyscout.com/photos/team/public/g-14609_120x120.png,1. Lig,LCB,LCB,100,,0,,0,32,1994-06-09,400000,2027-06-30,4,385,0,0.92,1,0.0,4.44,68.42,France,"['France', ""Côte d'Ivoire""]",left,182,82,False,4.44,0.9400000000000001,75.0,2.1,66.67,0.0,0.0,0.47000000000000003,3.74,4.75,0.47000000000000003,0,0.0,0,0.0,0.23,0.0,0,0.0,0.22,0,0.0,4,0.9400000000000001,25.0,0.0,0.23,0.0,0.0,0.0,0.0,0.0,0.0,0.0,0.0,0.0,0.47000000000000003,100.0,0.9400000000000001,0.47000000000000003,0.0,35.77,0.47000000000000003,0.47000000000000003,44.88,93.23,13.09,82.14,3.27,92.86,42.55,96.15,2.34,40.0,21.06,46.86,0.0,0.0,0.0,0.0,0.0,0.0,0.23,2.5700000000000003,72.73,0.0,0.0,0.0,0.0,0.0,0.0,3.51,60.0,99.02,23.84,0,,0,,0,0.0,0.0,0.0,,,2.5700000000000003,,2.1,0.0,0.0,0.0,0.0,0,0
G. Crociata,Giovanni Crociata,401329,Iğdır FK,Iğdır FK,https://cdn5.wyscout.com/photos/team/public/g-14609_120x120.png,1. Lig,"LCMF, LCMF3",LCMF,69,LCMF3,30,,0,29,1997-08-11,600000,,4,385,1,0.05,0,0.9500000000000001,6.78,44.83,Italy,['Italy'],right,174,70,False,3.51,3.04,30.77,0.7000000000000001,0.0,0.0,0.0,0.0,2.5700000000000003,3.27,1.4,1,0.23,0,0.0,0.9400000000000001,0.23,1,0.23,0.01,0,0.0,2,0.47000000000000003,50.0,50.0,0.0,0.9400000000000001,50.0,0.47000000000000003,50.0,0.47000000000000003,50.0,0.0,0.47000000000000003,50.0,3.04,69.23,0.23,0.9400000000000001,0.0,29.69,2.34,1.17,38.57,78.18,11.69,56.0,8.88,94.74,34.6,82.43,3.04,38.46,17.41,41.11,0.22,1.87,0.0,0.0,0.0,0.0,0.23,5.38,60.87,2.5700000000000003,27.27,0.0,0.0,0.23,0.47000000000000003,4.44,57.89,83.67,11.45,0,,0,,0,0.0,0.0,0.0,,,0.23,,0.7000000000000001,1.17,0.0,0.0,2.34,0,0
Eray Korkmaz,Eray Korkmaz,-289428,Mardin 1969,Mardin 1969,https://cdn5.wyscout.com/photos/team/public/g-14762_120x120.png,1. Lig,RB,RB,100,,0,,0,23,2003-06-08,0,2028-06-30,4,385,0,0.0,0,0.08,11.45,40.82,Türkiye,['Türkiye'],right,182,76,True,4.68,3.9699999999999998,35.29,1.4,66.67,0.0,0.0,0.23,3.27,4.08,1.4,1,0.23,0,0.0,1.6400000000000001,0.0,0,0.0,0.0,0,0.0,0,0.0,0.0,0.0,0.0,2.1,22.22,0.0,0.0,2.1,22.22,0.0,1.4,83.33,4.68,45.0,0.0,1.6400000000000001,0.47000000000000003,24.55,1.87,0.23,35.06,86.0,13.56,82.76,7.01,96.67,31.56,92.59,1.4,33.33,15.99,29.85,0.02,0.23,0.0,0.0,0.0,0.0,0.23,2.1,55.56,2.81,33.33,0.0,0.0,0.47000000000000003,0.47000000000000003,2.5700000000000003,72.73,77.14,8.18,0,,0,,0,0.0,0.0,0.0,,,0.9400000000000001,,1.4,0.0,0.0,0.0,0.23,0,0
N. Oularé,Naby Youssouf Oularé,-122465,Vanspor FK,Vanspor FK,https://cdn5.wyscout.com/photos/team/public/g2346_120x120.png,1. Lig,"LCB, RCB",LCB,50,RCB,42,,0,24,2002-08-06,0,2027-06-30,4,385,0,0.04,0,0.12,7.25,74.19,Guinea,['Guinea'],right,177,70,False,10.05,2.1,55.56,2.1,77.78,0.0,0.0,1.17,8.88,9.91,1.17,1,0.23,0,0.0,0.7000000000000001,0.0,0,0.0,0.01,0,0.0,1,0.23,100.0,0.0,0.0,0.0,0.0,0.0,0.0,0.0,0.0,0.0,0.47000000000000003,100.0,2.34,80.0,0.9400000000000001,0.9400000000000001,0.0,37.4,0.23,0.9400000000000001,51.19,88.58,18.94,74.07,4.21,94.44,46.99,93.03,4.21,38.89,20.72,41.96,0.03,0.23,0.0,0.0,0.0,0.0,0.23,2.5700000000000003,63.64,0.23,0.0,0.0,0.0,0.23,0.0,5.38,60.87,98.02,23.61,0,,0,,0,0.0,0.0,0.0,,,3.51,,2.1,0.0,0.0,0.0,0.0,0,0
Erce Kardeşler,Erce Kardeşler,267979,Mardin 1969,Mardin 1969,https://cdn5.wyscout.com/photos/team/public/g-14762_120x120.png,1. Lig,GK,GK,100,,0,,0,32,1994-03-14,425000,,4,385,0,0.0,0,0.0,0.9400000000000001,100.0,Türkiye,['Türkiye'],right,184,79,False,0.47000000000000003,0.0,0.0,0.0,0.0,0.0,0.0,0.0,0.47000000000000003,0.58,0.0,1,0.23,0,0.0,0.0,0.0,0,0.0,0.0,0,0.0,0,0.0,0.0,0.0,0.0,0.0,0.0,0.0,0.0,0.0,0.0,0.0,0.0,0.0,0.7000000000000001,100.0,0.0,0.0,0.0,11.22,0.9400000000000001,0.7000000000000001,19.64,77.38,11.69,64.0,0.0,0.0,13.79,96.61,5.84,32.0,31.94,55.83,0.0,0.0,0.0,0.0,0.0,0.0,0.0,1.17,20.0,0.0,0.0,0.0,0.0,0.0,0.0,3.74,43.75,96.67,7.01,1,0.23,10,2.34,3,90.0,1.53,0.36,0.53,0.124,0.0,1.4,0.0,,,,0.0,0,0
U. Gezer,Uğur Adem Gezer,274496,Mardin 1969,Mardin 1969,https://cdn5.wyscout.com/photos/team/public/g-14762_120x120.png,1. Lig,LCB,LCB,100,,0,,0,31,1994-10-03,0,2027-06-30,4,385,0,0.01,0,0.0,4.91,47.62,Türkiye,['Türkiye'],left,0,0,False,7.48,2.34,60.0,1.6400000000000001,42.86,0.23,0.29,0.23,5.84,7.28,0.47000000000000003,0,0.0,0,0.0,0.23,0.0,0,0.0,0.0,0,0.0,1,0.23,100.0,0.0,0.0,0.0,0.0,0.0,0.0,0.0,0.0,0.0,0.0,0.0,0.7000000000000001,0.0,0.23,0.23,0.0,35.06,0.47000000000000003,0.23,46.75,88.5,17.53,74.67,2.1,100.0,40.68,95.98,6.08,38.46,23.98,49.48,0.0,0.0,0.0,0.0,0.0,0.0,0.0,7.95,52.94,0.9400000000000001,0.0,0.0,0.0,0.0,0.0,7.01,70.0,98.04,23.84,0,,0,,0,0.0,0.0,0.0,,,1.17,,1.6400000000000001,0.0,0.0,0.0,0.0,0,0
B. Touré,Birama Touré,185115,Manisa F.K.,Manisa F.K.,https://cdn5.wyscout.com/photos/team/public/g34120_120x120.png,1. Lig,"RDMF, LDMF, DMF",RDMF,51,LDMF,24,DMF,23,34,1992-06-06,0,2027-06-30,4,385,0,0.25,0,0.07,9.35,55.0,Mali,"['Mali', 'France']",right,183,76,False,8.65,5.38,52.17,1.17,80.0,0.47000000000000003,0.71,1.17,5.38,8.21,1.6400000000000001,1,0.23,0,0.0,0.23,0.0,0,0.0,0.06,0,0.0,4,0.9400000000000001,0.0,0.0,0.0,0.7000000000000001,0.0,0.47000000000000003,0.0,0.23,0.0,0.23,0.23,100.0,2.81,50.0,0.9400000000000001,0.0,0.0,46.05,0.47000000000000003,1.17,59.61,89.02,14.96,79.69,6.78,96.55,54.0,92.21,4.91,66.67,18.04,43.6,0.02,0.23,0.0,0.0,0.0,0.0,0.23,5.84,80.0,0.7000000000000001,33.33,0.0,0.0,0.47000000000000003,0.0,6.55,67.86,91.15,26.42,0,,0,,0,0.0,0.0,0.0,,,1.17,,1.17,0.0,0.0,0.0,0.0,0,0
Mustafa Şengül,Mustafa Şengül,-140118,Mardin 1969,Mardin 1969,https://cdn5.wyscout.com/photos/team/public/g-14762_120x120.png,1. Lig,RCB,RCB,100,,0,,0,27,1999-07-08,0,2029-06-30,4,382,1,1.4100000000000001,0,0.0,8.48,50.0,Türkiye,['Türkiye'],right,187,0,False,8.48,4.01,52.94,2.83,41.67,0.0,0.0,0.9400000000000001,6.36,7.94,1.4100000000000001,2,0.47000000000000003,1,0.24,0.47000000000000003,0.24,1,0.24,0.33,0,0.0,6,1.4100000000000001,16.67,16.667,0.0,0.0,0.0,0.0,0.0,0.0,0.0,0.0,0.24,100.0,0.9400000000000001,25.0,1.65,0.47000000000000003,0.0,32.28,0.0,0.47000000000000003,45.71,90.21,14.84,85.71,2.59,90.91,39.35,94.61,6.36,62.96,25.99,51.53,0.0,0.0,0.0,0.0,0.0,0.0,0.0,4.71,65.0,0.24,0.0,0.0,0.0,0.0,0.0,5.89,68.0,94.12,24.03,0,,0,,0,0.0,0.0,0.0,,,1.88,,2.83,0.0,0.0,0.0,0.0,0,0
C. Karayel,Gabriel  Karayel,285135,Sarıyer,Sarıyer,https://cdn5.wyscout.com/photos/team/public/g2344_120x120.png,1. Lig,RB,RB,100,,0,,0,32,1994-08-15,175000,2027-06-30,4,381,1,0.33,0,0.0,13.46,54.39,Türkiye,['Türkiye'],right,176,75,False,12.05,6.61,53.57,0.24,100.0,0.71,0.86,0.24,7.8,9.43,0.71,0,0.0,0,0.0,2.36,0.24,1,0.24,0.08,0,0.0,4,0.9400000000000001,75.0,25.0,0.0,4.02,29.41,0.0,0.0,4.02,29.41,0.24,0.9400000000000001,50.0,5.2,59.09,1.42,1.18,0.0,34.02,2.6,1.8900000000000001,44.41,78.19,15.59,68.18,8.03,97.06,36.14,88.89,4.49,36.84,20.48,41.16,0.0,0.0,0.0,0.0,0.0,0.0,0.0,3.54,66.67,2.83,41.67,0.0,0.0,0.24,0.9400000000000001,9.92,61.9,80.0,11.81,0,,0,,0,0.0,0.0,0.0,,,1.18,,0.24,0.71,0.0,0.0,0.24,0,0
T. Glumac,Tomislav Glumac,120746,Ümranıyespor,Ümranıyespor,https://cdn5.wyscout.com/photos/team/public/g19664_120x120.png,1. Lig,LCB,LCB,100,,0,,0,35,1991-05-14,75000,2027-06-30,4,381,0,0.25,0,0.23,5.67,75.0,Croatia,['Croatia'],left,194,86,False,7.5600000000000005,1.42,66.67,3.07,69.23,0.0,0.0,1.42,6.61,8.0,0.24,0,0.0,0,0.0,0.47000000000000003,0.0,0,0.0,0.06,0,0.0,2,0.47000000000000003,50.0,0.0,0.0,0.24,100.0,0.24,100.0,0.0,0.0,0.0,0.0,0.0,0.0,0.0,0.9400000000000001,0.0,0.0,35.91,0.71,0.47000000000000003,50.55,87.85,18.19,72.73,3.31,100.0,45.59,92.75,4.72,40.0,22.84,46.23,0.05,0.47000000000000003,0.0,0.0,0.0,0.0,0.47000000000000003,4.25,55.56,0.47000000000000003,50.0,0.0,0.0,0.47000000000000003,0.24,8.98,60.53,97.17,25.04,0,,0,,0,0.0,0.0,0.0,,,2.83,,3.07,0.0,0.0,0.0,0.0,0,0
C. Topaloğlu,Cihan Topaloğlu,214808,Ümranıyespor,Ümranıyespor,https://cdn5.wyscout.com/photos/team/public/g19664_120x120.png,1. Lig,GK,GK,100,,0,,0,34,1992-03-30,125000,2027-06-30,4,381,0,0.0,0,0.0,0.47000000000000003,100.0,Türkiye,['Türkiye'],left,186,76,False,0.24,0.24,100.0,0.24,100.0,0.0,0.0,0.0,0.0,0.0,0.0,0,0.0,0,0.0,0.0,0.0,0,0.0,0.0,0,0.0,0,0.0,0.0,0.0,0.0,0.0,0.0,0.0,0.0,0.0,0.0,0.0,0.0,0.0,0.0,0.0,0.0,0.0,0.0,21.26,0.0,0.24,32.13,87.5,10.63,66.67,0.0,0.0,24.33,98.06,7.8,54.55,28.14,48.75,0.0,0.0,0.0,0.0,0.0,0.0,0.0,2.36,50.0,0.0,0.0,0.0,0.0,0.0,0.0,5.43,60.87,97.62,19.84,5,1.18,20,4.72,1,75.0,5.26,1.24,0.26,0.061,0.0,2.13,0.24,,,,0.0,0,0
A. Djokanovic,Andrej Djokanovic,513278,Ümranıyespor,Ümranıyespor,https://cdn5.wyscout.com/photos/team/public/g19664_120x120.png,1. Lig,DMF,DMF,100,,0,,0,25,2001-03-01,0,2027-06-30,4,381,0,0.09,0,0.0,9.92,59.52,Bosnia and Herzegovina,['Bosnia and Herzegovina'],right,180,70,False,4.02,1.8900000000000001,62.5,1.42,83.33,0.0,0.0,0.71,2.83,3.43,0.24,0,0.0,0,0.0,0.47000000000000003,0.0,0,0.0,0.02,0,0.0,4,0.9400000000000001,25.0,0.0,0.0,0.47000000000000003,50.0,0.0,0.0,0.47000000000000003,50.0,0.24,0.0,0.0,4.72,55.0,0.0,0.24,0.0,27.64,0.0,2.13,36.14,84.31,7.32,61.29,5.43,95.65,34.02,86.11,1.65,57.14,17.65,33.13,0.0,0.0,0.0,0.24,0.0,0.0,0.0,2.13,55.56,0.9400000000000001,25.0,0.0,0.0,0.0,0.24,3.7800000000000002,31.25,94.12,16.06,0,,0,,0,0.0,0.0,0.0,,,0.47000000000000003,,1.42,0.0,0.0,0.0,0.0,0,0
Amidou Badji,Amidou Badji,-705599,Bandırmaspor,Bandırmaspor,https://cdn5.wyscout.com/photos/team/public/g11986_120x120.png,1. Lig,"LW, LCMF3, RW",LW,51,LCMF3,19,RW,13,20,2006-06-28,0,,5,381,1,0.77,2,0.27,11.57,57.14,Senegal,['Senegal'],,0,0,False,3.54,1.65,57.14,1.65,14.29,0.0,0.0,0.0,2.6,4.46,0.9400000000000001,0,0.0,0,0.0,3.54,0.24,1,0.24,0.18,0,0.0,9,2.13,44.44,11.111,0.47000000000000003,1.18,20.0,0.71,33.33,0.47000000000000003,0.0,0.47000000000000003,3.07,69.23,7.8,66.67,1.8900000000000001,3.31,0.47000000000000003,25.75,3.31,2.83,30.94,83.97,5.91,72.0,12.52,98.11,29.29,87.1,0.47000000000000003,50.0,14.86,10.38,0.06,0.71,0.0,0.0,0.24,100.0,0.71,1.42,83.33,2.13,33.33,0.24,100.0,0.47000000000000003,0.9400000000000001,4.25,61.11,65.22,5.43,0,,0,,0,0.0,0.0,0.0,,,0.0,,1.65,0.0,0.0,0.0,0.0,0,0
M. Gümüşkaya,Muhammed Gümüşkaya,506122,Bandırmaspor,Bandırmaspor,https://cdn5.wyscout.com/photos/team/public/g11986_120x120.png,1. Lig,"RCMF, LCMF, CF",RCMF,37,LCMF,32,CF,21,25,2001-01-01,500000,2027-06-30,5,381,0,0.31,1,0.28,11.34,43.75,Türkiye,['Türkiye'],left,177,66,False,3.31,4.02,41.18,1.18,40.0,0.0,0.0,0.24,1.65,2.76,0.71,0,0.0,0,0.0,1.65,0.0,0,0.0,0.07,0,0.0,4,0.9400000000000001,50.0,0.0,0.24,1.18,20.0,0.71,0.0,0.47000000000000003,50.0,0.47000000000000003,0.9400000000000001,100.0,5.43,43.48,1.18,0.47000000000000003,0.24,28.35,1.18,1.42,37.09,82.17,10.63,64.44,9.45,95.0,32.13,86.03,3.7800000000000002,68.75,19.4,47.8,0.07,0.47000000000000003,0.24,0.0,0.47000000000000003,0.0,0.47000000000000003,4.25,66.67,1.8900000000000001,50.0,0.47000000000000003,0.0,0.71,0.47000000000000003,5.91,76.0,86.27,12.05,0,,0,,0,0.0,0.0,0.0,,,0.0,,1.18,0.47000000000000003,0.0,0.0,1.65,0,0
K. Yurdakul,Kadir Kaan Yurdakul,503497,Manisa F.K.,Manisa F.K.,https://cdn5.wyscout.com/photos/team/public/g34120_120x120.png,1. Lig,RB,RB,100,,0,,0,25,2000-12-22,0,,4,380,0,0.0,0,0.0,14.92,47.62,Türkiye,['Türkiye'],right,0,0,False,9.47,8.53,58.33,1.8900000000000001,25.0,0.24,0.37,0.0,4.26,6.59,0.9500000000000001,1,0.24,0,0.0,0.47000000000000003,0.0,0,0.0,0.0,0,0.0,0,0.0,0.0,0.0,0.0,0.9500000000000001,25.0,0.0,0.0,0.9500000000000001,25.0,0.0,0.24,100.0,4.26,38.89,0.0,0.24,0.24,43.34,2.61,1.18,53.05,91.96,17.29,83.56,9.0,94.74,50.21,95.75,2.13,33.33,16.23,48.39,0.0,0.24,0.0,0.24,0.0,0.0,0.0,4.5,78.95,0.71,0.0,0.0,0.0,0.0,0.0,6.39,70.37,95.89,17.29,0,,0,,0,0.0,0.0,0.0,,,1.6600000000000001,,1.8900000000000001,0.0,0.0,0.0,0.0,0,0
K. Fidan,Kamil Fidan,-731204,Sivasspor,Sivasspor,https://cdn5.wyscout.com/photos/team/public/818_120x120.png,1. Lig,"DMF, LDMF",DMF,68,LDMF,24,,0,23,2002-12-29,0,2029-06-30,4,379,0,0.17,0,0.21,8.55,55.56,Türkiye,['Türkiye'],right,185,0,False,5.7,3.32,64.29,1.19,80.0,0.0,0.0,0.24,3.56,4.79,0.71,1,0.24,0,0.0,0.9500000000000001,0.0,0,0.0,0.04,0,0.0,2,0.47000000000000003,0.0,0.0,0.0,0.9500000000000001,50.0,0.47000000000000003,50.0,0.47000000000000003,50.0,0.0,0.71,66.67,3.32,35.71,0.47000000000000003,0.9500000000000001,0.47000000000000003,31.35,0.24,0.71,46.31,86.15,10.69,64.44,8.31,100.0,40.61,88.3,4.99,71.43,22.91,45.19,0.05,0.47000000000000003,0.0,0.0,0.0,0.0,0.24,8.07,76.47,1.6600000000000001,57.14,0.0,0.0,0.0,0.47000000000000003,6.17,73.08,94.0,23.75,0,,0,,0,0.0,0.0,0.0,,,0.71,,1.19,0.0,0.0,0.0,0.0,0,0
P. Yıldırım,Engin Poyraz Efe Yıldırım,-340517,Muğlaspor,Muğlaspor,https://cdn5.wyscout.com/photos/team/public/g14051_120x120.png,1. Lig,"CF, RW",CF,65,RW,34,,0,21,2005-01-15,0,2028-06-30,4,378,0,1.48,1,0.91,17.14,47.22,Türkiye,['Türkiye'],left,189,79,False,4.05,3.81,43.75,2.38,60.0,0.24,0.29,0.0,2.14,2.5700000000000003,1.43,0,0.0,0,0.0,1.67,0.0,0,0.0,0.35000000000000003,0,0.0,10,2.38,10.0,0.0,0.24,1.19,40.0,0.24,0.0,0.9500000000000001,50.0,0.24,2.38,40.0,9.76,43.9,3.81,0.71,0.48,18.1,1.9,1.9,21.67,86.81,4.52,73.68,7.86,90.91,19.76,90.36,0.9500000000000001,50.0,13.91,41.24,0.22,0.9500000000000001,0.24,0.0,0.0,0.0,0.48,1.9,87.5,0.48,50.0,0.0,0.0,0.24,0.48,2.38,90.0,85.71,5.0,0,,0,,0,0.0,0.0,0.0,,,0.24,,2.38,0.0,0.0,0.0,0.0,0,0
C. Osmanpaşa,Caner Osmanpaşa,149577,Sarıyer,Sarıyer,https://cdn5.wyscout.com/photos/team/public/g2344_120x120.png,1. Lig,LCB,LCB,100,,0,,0,38,1988-01-15,100000,2027-06-30,4,376,0,0.14,0,0.31,6.94,68.97,Türkiye,['Türkiye'],right,182,77,False,7.42,3.11,76.92,2.15,44.44,0.0,0.0,0.24,5.03,6.18,0.48,1,0.24,0,0.0,0.0,0.0,0,0.0,0.03,0,0.0,1,0.24,0.0,0.0,0.0,0.0,0.0,0.0,0.0,0.0,0.0,0.0,0.0,0.0,1.2,100.0,0.48,0.24,0.24,38.78,0.24,1.2,52.18,89.45,18.43,76.62,3.11,92.31,47.87,93.0,4.31,50.0,22.28,40.22,0.07,0.24,0.0,0.24,0.0,0.0,0.24,3.35,50.0,0.72,0.0,0.0,0.0,0.24,0.0,6.22,53.85,98.26,27.53,0,,0,,0,0.0,0.0,0.0,,,2.87,,2.15,0.0,0.0,0.0,0.0,0,0
A. Habesoglu,Ali  Habesoglu,-489313,Bodrumspor,Bodrumspor,https://cdn5.wyscout.com/photos/team/public/g34119_120x120.png,1. Lig,CF,CF,100,,0,,0,22,2004-07-29,0,2030-06-30,4,376,0,1.67,0,0.28,15.8,33.33,Türkiye,['Türkiye'],right,0,0,False,0.96,0.96,0.0,6.7,57.14,0.0,0.0,0.0,0.96,1.18,0.72,0,0.0,0,0.0,1.6800000000000002,0.0,0,0.0,0.4,0,0.0,13,3.11,23.08,0.0,0.0,1.2,40.0,0.72,33.33,0.48,50.0,0.24,1.44,33.33,6.46,22.22,5.98,0.96,0.0,15.32,4.07,0.48,17.71,77.03,2.63,54.55,6.7,89.29,16.52,79.71,0.0,0.0,13.7,0.0,0.07,0.48,0.24,0.0,0.0,0.0,0.48,1.44,66.67,0.96,50.0,0.0,0.0,0.72,0.48,1.2,40.0,60.0,3.59,0,,0,,0,0.0,0.0,0.0,,,0.0,,6.7,0.0,0.0,0.0,0.0,0,0
E. Karaca,Efecan Karaca,58491,Sarıyer,Sarıyer,https://cdn5.wyscout.com/photos/team/public/g2344_120x120.png,1. Lig,"LW, AMF, LWF",LW,32,AMF,26,LWF,24,36,1989-11-16,500000,,4,374,0,0.1,1,1.01,15.16,50.79,Türkiye,['Türkiye'],right,166,56,False,5.29,4.57,63.16,0.72,33.33,0.0,0.0,0.24,2.41,2.9699999999999998,0.96,0,0.0,0,0.0,2.17,0.0,0,0.0,0.02,0,0.0,1,0.24,0.0,0.0,0.24,2.17,55.56,1.44,50.0,0.72,66.67,0.24,1.9300000000000002,50.0,8.9,43.24,3.13,0.72,0.0,27.91,1.6800000000000002,3.37,36.82,79.74,6.74,53.57,13.48,87.5,32.49,82.96,2.17,55.56,16.9,47.79,0.24,1.2,0.0,0.0,0.0,0.0,0.96,4.09,52.94,2.89,58.33,0.0,0.0,1.44,1.2,5.05,80.95,84.44,10.83,0,,0,,0,0.0,0.0,0.0,,,0.48,,0.72,0.0,0.0,0.0,1.2,0,0
B. Yayıkcı,Taha Batuhan Yayıkcı,418643,Bursaspor,Bursaspor,https://cdn5.wyscout.com/photos/team/public/827_120x120.png,1. Lig,LCB,LCB,97,,0,,0,29,1996-10-03,0,2027-06-30,4,374,0,0.17,0,0.0,11.79,57.14,Türkiye,['Türkiye'],left,188,0,False,7.94,4.09,58.82,5.53,60.87,0.0,0.0,0.0,5.53,7.84,1.2,0,0.0,0,0.0,0.0,0.0,0,0.0,0.04,0,0.0,1,0.24,0.0,0.0,0.0,0.24,0.0,0.24,0.0,0.0,0.0,0.0,0.24,0.0,0.96,50.0,0.24,0.0,0.24,43.8,1.2,0.72,59.44,88.66,27.19,83.19,3.61,93.33,55.59,92.64,3.61,33.33,19.08,44.36,0.0,0.0,0.0,0.0,0.0,0.0,0.0,5.29,63.64,0.72,33.33,0.0,0.0,0.0,0.0,6.74,57.14,94.9,23.58,0,,0,,0,0.0,0.0,0.0,,,1.9300000000000002,,5.53,0.0,0.0,0.0,0.0,0,0
Lincoln,Lincoln Henrique Oliveira dos Santos,395629,Bursaspor,Bursaspor,https://cdn5.wyscout.com/photos/team/public/827_120x120.png,1. Lig,"AMF, RDMF",AMF,83,RDMF,16,,0,27,1998-11-07,3500000,2027-06-30,4,373,1,1.12,1,0.8,9.41,33.33,Brazil,['Brazil'],left,178,73,False,3.62,3.14,38.46,1.45,50.0,0.24,0.35000000000000003,0.0,2.17,3.14,0.97,1,0.24,0,0.0,1.69,0.24,1,0.24,0.27,0,0.0,10,2.41,40.0,10.0,0.24,1.45,0.0,0.97,0.0,0.48,0.0,0.24,1.69,28.57,4.58,21.05,1.21,1.21,0.0,37.4,1.21,0.72,43.19,89.94,13.27,83.64,8.93,94.59,37.64,95.51,4.1,70.59,17.45,38.5,0.19,1.45,0.24,0.0,0.24,100.0,0.72,6.03,88.0,3.86,43.75,0.48,100.0,0.97,0.0,6.76,92.86,92.31,12.55,0,,0,,0,0.0,0.0,0.0,,,0.0,,1.45,0.48,0.0,0.0,1.9300000000000002,0,0
R. Rivas,Rodrigo Rivas González,467119,Boluspor,Boluspor,https://cdn5.wyscout.com/photos/team/public/1346_120x120.png,1. Lig,CF,CF,97,,0,,0,29,1997-04-11,300000,,4,369,0,0.31,0,0.01,15.85,41.54,Colombia,['Colombia'],left,186,80,False,2.93,1.46,66.67,6.1,36.0,0.0,0.0,0.0,1.9500000000000002,2.14,1.71,0,0.0,0,0.0,1.46,0.0,0,0.0,0.08,0,0.0,3,0.73,33.33,0.0,0.0,0.73,0.0,0.24,0.0,0.49,0.0,0.0,1.71,71.43,6.34,46.15,2.93,1.22,0.49,9.02,1.9500000000000002,0.98,16.34,71.64,2.44,80.0,5.61,91.3,15.61,75.0,0.0,0.0,15.03,0.0,0.0,0.24,0.24,0.0,0.0,0.0,0.24,1.71,71.43,0.49,100.0,0.0,0.0,0.49,0.0,0.49,100.0,60.0,3.66,0,,0,,0,0.0,0.0,0.0,,,0.0,,6.1,0.0,0.0,0.0,0.0,0,0
C. Hérelle,Christopher Hérelle,158001,Manisa F.K.,Manisa F.K.,https://cdn5.wyscout.com/photos/team/public/g34120_120x120.png,1. Lig,RCB,RCB,100,,0,,0,34,1992-08-22,1500000,2027-06-30,4,369,0,0.14,0,0.0,6.59,66.67,France,"['France', 'Martinique']",right,191,80,False,5.12,2.44,70.0,1.46,50.0,0.24,0.38,0.0,3.17,4.94,0.49,0,0.0,0,0.0,0.24,0.0,0,0.0,0.03,0,0.0,1,0.24,100.0,0.0,0.0,0.24,0.0,0.24,0.0,0.0,0.0,0.24,0.0,0.0,1.22,60.0,0.73,0.0,0.0,47.32,0.49,1.22,60.0,93.5,16.34,88.06,3.17,100.0,52.93,96.77,6.83,71.43,21.64,43.6,0.0,0.0,0.0,0.0,0.0,0.0,0.0,6.1,72.0,0.24,100.0,0.24,100.0,0.24,0.0,5.37,77.27,95.71,34.15,0,,0,,0,0.0,0.0,0.0,,,2.2,,1.46,0.0,0.0,0.0,0.0,0,0
J. Anziani,Julien Anziani,487728,Manisa F.K.,Manisa F.K.,https://cdn5.wyscout.com/photos/team/public/g34120_120x120.png,1. Lig,"AMF, LDMF, LCMF",AMF,45,LDMF,28,LCMF,26,27,1999-06-23,700000,,4,369,3,1.65,0,0.64,11.95,42.86,France,['France'],right,176,77,False,5.37,5.12,38.1,1.46,33.33,0.49,0.76,0.24,2.93,4.5600000000000005,0.73,0,0.0,0,0.0,1.9500000000000002,0.73,2,0.49,0.4,0,0.0,10,2.44,30.0,30.0,0.0,0.73,33.33,0.49,50.0,0.24,0.0,0.0,0.98,100.0,4.63,47.37,2.2,0.73,0.0,30.98,0.73,1.22,38.78,89.31,8.78,75.0,8.78,91.67,34.63,93.66,3.41,57.14,17.15,43.27,0.16,0.98,0.24,0.0,0.0,0.0,0.24,3.9,81.25,1.9500000000000002,62.5,0.0,0.0,1.22,0.24,4.15,76.47,92.0,12.2,0,,0,,0,0.0,0.0,0.0,,,0.73,,1.46,0.98,0.24,0.0,1.22,1,100
M. Manis,Mehmet Manis,-101564,Vanspor FK,Vanspor FK,https://cdn5.wyscout.com/photos/team/public/g2346_120x120.png,1. Lig,"RB, LAMF, RW",RB,67,LAMF,20,RW,12,25,2001-04-11,0,2028-06-30,4,368,1,0.26,1,0.35000000000000003,10.52,55.81,Switzerland,"['Switzerland', 'Türkiye']",right,181,0,False,6.85,6.11,52.0,0.24,0.0,0.24,0.28,0.24,3.42,3.85,1.22,1,0.24,0,0.0,2.93,0.24,1,0.24,0.06,0,0.0,4,0.98,50.0,25.0,0.24,4.65,21.05,0.73,33.33,3.91,18.75,0.73,2.2,66.67,3.18,61.54,1.47,2.45,0.49,18.83,1.22,0.73,24.46,62.0,7.34,50.0,4.4,88.89,17.12,77.14,3.67,26.67,22.76,43.08,0.09,1.22,0.0,0.0,0.0,0.0,0.49,2.93,33.33,3.18,38.46,0.0,0.0,0.24,1.22,5.14,66.67,55.26,9.29,0,,0,,0,0.0,0.0,0.0,,,0.49,,0.24,0.24,0.24,100.0,1.22,0,0
M. Dulca,Marco Dulca,416846,Kayserispor,Kayserispor,https://cdn5.wyscout.com/photos/team/public/819_120x120.png,1. Lig,"RDMF, RCMF",RDMF,60,RCMF,31,,0,27,1999-05-11,400000,2027-06-30,5,366,0,0.6900000000000001,0,0.78,11.07,57.78,Korea Republic,"['Korea Republic', 'Romania']",right,184,80,False,8.85,6.89,60.71,0.49,0.0,0.25,0.33,0.49,4.43,5.87,1.72,1,0.25,0,0.0,0.49,0.0,0,0.0,0.17,0,0.0,5,1.23,0.0,0.0,0.0,0.49,50.0,0.49,50.0,0.0,0.0,0.25,0.25,100.0,3.2,53.85,1.23,0.25,0.0,16.23,0.25,0.74,23.85,82.47,5.66,69.57,5.66,91.3,22.62,82.61,0.74,100.0,15.74,23.66,0.19,0.49,0.0,0.0,0.0,0.0,0.25,1.48,66.67,0.98,50.0,0.0,0.0,0.25,0.25,2.46,70.0,81.82,8.11,0,,0,,0,0.0,0.0,0.0,,,0.25,,0.49,0.0,0.0,0.0,0.0,0,0
M. Sarikaya,Muhammed Emin Sarikaya,-76330,Fatih Karagümrük,Fatih Karagümrük,https://cdn5.wyscout.com/photos/team/public/g3014_120x120.png,1. Lig,RB,RB,95,,0,,0,24,2002-01-03,0,2029-06-30,5,365,0,0.02,1,0.85,9.37,55.26,Türkiye,['Türkiye'],right,182,75,False,7.64,5.42,59.09,1.97,75.0,0.0,0.0,0.25,4.44,5.19,0.74,0,0.0,0,0.0,1.73,0.0,0,0.0,0.01,0,0.0,2,0.49,50.0,0.0,0.25,3.45,35.71,0.0,0.0,3.45,35.71,0.74,1.23,20.0,1.73,14.29,0.25,1.48,0.0,18.25,0.99,0.0,31.07,73.81,14.05,70.18,3.21,100.0,23.42,84.21,4.19,47.06,19.22,33.5,0.21,0.74,0.0,0.0,0.0,0.0,0.74,3.45,71.43,3.7,33.33,0.0,0.0,0.25,1.23,8.14,78.79,60.0,7.4,0,,0,,0,0.0,0.0,0.0,,,0.49,,1.97,0.25,0.0,0.0,0.0,0,0
Marcos Silva,Marcos Alexandre Rodrigues Silva,-134091,Sarıyer,Sarıyer,https://cdn5.wyscout.com/photos/team/public/g2344_120x120.png,1. Lig,DMF,DMF,100,,0,,0,28,1997-09-29,275000,2027-06-30,4,364,0,0.04,1,0.0,10.63,46.51,Portugal,"['Portugal', 'Angola']",right,190,86,False,5.19,3.46,42.86,2.7199999999999998,45.45,0.25,0.29,0.25,3.46,4.04,0.99,3,0.74,0,0.0,0.74,0.0,0,0.0,0.01,0,0.0,1,0.25,0.0,0.0,0.25,0.0,0.0,0.0,0.0,0.0,0.0,0.0,0.74,100.0,3.96,50.0,0.99,0.99,0.0,34.62,0.0,0.74,43.52,94.32,10.63,90.7,7.42,96.67,39.31,96.23,4.2,76.47,20.8,50.2,0.0,0.25,0.0,0.25,0.0,0.0,0.49,5.44,81.82,0.49,50.0,0.0,0.0,0.25,0.0,4.7,94.74,97.59,20.52,0,,0,,0,0.0,0.0,0.0,,,1.98,,2.7199999999999998,0.0,0.0,0.0,0.0,0,0
I. Iliev,Ilian Iliev,459327,İstanbulspor,İstanbulspor,https://cdn5.wyscout.com/photos/team/public/g2226_120x120.png,1. Lig,"RAMF, AMF, RW",RAMF,26,AMF,25,RW,22,27,1999-08-20,600000,2029-06-30,4,364,1,0.05,1,0.58,10.14,51.22,Portugal,"['Portugal', 'Bulgaria']",left,173,68,False,2.47,2.7199999999999998,45.45,1.73,42.86,0.0,0.0,0.0,1.24,1.49,0.74,0,0.0,0,0.0,0.99,0.25,1,0.25,0.01,0,0.0,1,0.25,100.0,100.0,0.25,1.24,60.0,0.0,0.0,1.24,60.0,0.0,0.25,0.0,4.95,60.0,0.99,1.48,0.0,19.29,2.23,1.73,26.95,81.65,7.42,73.33,6.92,85.71,24.73,82.0,0.99,100.0,16.44,49.48,0.14,1.24,0.0,0.0,0.0,0.0,0.74,1.48,66.67,1.24,60.0,0.0,0.0,0.74,0.74,2.47,70.0,87.5,7.91,0,,0,,0,0.0,0.0,0.0,,,0.0,,1.73,0.25,0.0,0.0,1.73,0,0
F. Ezeh,Okwuchukwu Francis Ezeh,-156357,Ankara Keçiörengücü,Ankara Keçiörengücü,https://cdn5.wyscout.com/photos/team/public/g7284_120x120.png,1. Lig,"LAMF, RAMF",LAMF,57,RAMF,42,,0,28,1997-09-12,150000,2027-06-30,4,363,1,1.09,0,0.49,14.63,50.85,Nigeria,['Nigeria'],right,178,79,False,2.48,2.48,60.0,0.74,33.33,0.0,0.0,0.0,0.99,1.18,1.24,1,0.25,0,0.0,6.2,0.25,1,0.25,0.27,0,0.0,14,3.47,35.71,7.143,0.0,3.9699999999999998,37.5,2.48,30.0,1.49,50.0,0.25,4.71,73.68,10.41,50.0,3.7199999999999998,2.23,0.5,20.58,2.48,0.5,25.04,72.28,4.21,70.59,5.95,95.83,20.08,82.72,2.23,22.22,18.37,50.57,0.12,1.49,0.5,0.0,0.0,0.0,1.49,2.23,44.44,3.9699999999999998,56.25,0.0,0.0,1.98,1.49,4.46,77.78,51.43,8.68,0,,0,,0,0.0,0.0,0.0,,,0.0,,0.74,0.0,0.0,0.0,0.0,0,0
E. Aydın,Enes Aydın,-732882,Bandırmaspor,Bandırmaspor,https://cdn5.wyscout.com/photos/team/public/g11986_120x120.png,1. Lig,LCB,LCB,100,,0,,0,22,2004-03-12,0,2028-06-30,5,363,0,0.0,0,0.0,10.41,52.38,Türkiye,['Türkiye'],left,191,0,False,6.2,5.21,33.33,2.98,75.0,0.25,0.43,0.0,4.21,7.39,1.98,0,0.0,1,0.25,0.5,0.0,0,0.0,0.0,0,0.0,1,0.25,0.0,0.0,0.0,0.25,100.0,0.25,100.0,0.0,0.0,0.0,0.5,50.0,1.24,40.0,0.0,0.0,0.0,47.11,0.74,0.5,60.0,92.56,16.12,76.92,2.23,100.0,52.31,96.21,7.44,66.67,22.58,47.11,0.0,0.25,0.25,0.0,0.0,0.0,0.0,5.7,69.57,0.99,25.0,0.0,0.0,0.0,0.25,5.95,75.0,98.62,35.95,0,,0,,0,0.0,0.0,0.0,,,1.98,,2.98,0.0,0.0,0.0,0.0,0,0
A. Biyogo Poko,André Ivan Biyogo Poko,209780,Sarıyer,Sarıyer,https://cdn5.wyscout.com/photos/team/public/g2344_120x120.png,1. Lig,"RCMF, RCMF3",RCMF,51,RCMF3,48,,0,33,1993-01-01,700000,2028-06-30,4,362,0,0.48,0,0.15,15.91,42.19,Gabon,['Gabon'],right,173,72,False,5.72,6.71,44.44,1.99,50.0,0.0,0.0,0.0,2.73,3.37,1.24,0,0.0,0,0.0,1.24,0.0,0,0.0,0.12,0,0.0,3,0.75,33.33,0.0,0.0,0.5,100.0,0.0,0.0,0.5,100.0,0.0,1.49,33.33,5.72,39.13,1.49,0.5,0.25,19.64,1.24,0.75,25.11,80.2,7.21,58.62,5.47,90.91,22.62,83.52,1.99,37.5,14.97,27.06,0.04,0.5,0.0,0.0,0.0,0.0,0.5,2.73,45.45,1.49,50.0,0.25,0.0,0.5,0.5,1.99,75.0,93.1,7.21,0,,0,,0,0.0,0.0,0.0,,,0.0,,1.99,0.0,0.0,0.0,0.0,0,0
B. İşçiler,Batuhan İşçiler,244274,Vanspor FK,Vanspor FK,https://cdn5.wyscout.com/photos/team/public/g2346_120x120.png,1. Lig,"LCB, LB",LCB,52,LB,47,,0,31,1995-03-10,100000,2027-06-30,4,362,0,0.0,0,0.0,12.68,54.9,Türkiye,['Türkiye'],left,178,70,False,11.19,7.21,58.62,3.23,46.15,0.25,0.27,0.25,6.71,7.36,1.74,0,0.0,0,0.0,0.25,0.0,0,0.0,0.0,0,0.0,0,0.0,0.0,0.0,0.0,0.0,0.0,0.0,0.0,0.0,0.0,0.0,0.25,100.0,1.74,57.14,0.0,0.5,0.0,24.86,0.75,0.99,33.81,83.09,13.43,66.67,3.73,100.0,29.83,88.33,3.98,43.75,19.5,47.69,0.0,0.0,0.0,0.0,0.0,0.0,0.0,2.49,40.0,0.0,0.0,0.0,0.0,0.25,0.0,4.97,55.0,96.15,12.93,0,,0,,0,0.0,0.0,0.0,,,1.24,,3.23,0.0,0.0,0.0,0.0,0,0
E. Bilsel,Ege Bilsel,-163012,Bodrumspor,Bodrumspor,https://cdn5.wyscout.com/photos/team/public/g34119_120x120.png,1. Lig,"LW, LAMF, LCMF",LW,33,LAMF,26,LCMF,21,22,2004-01-04,0,2028-06-30,4,361,1,0.47000000000000003,0,0.01,14.46,50.0,Türkiye,['Türkiye'],right,175,64,False,4.49,3.24,53.85,2.74,72.73,0.5,0.59,0.25,2.24,2.67,0.75,0,0.0,0,0.0,2.24,0.25,1,0.25,0.12,0,0.0,4,1.0,50.0,25.0,0.0,0.75,33.33,0.75,33.33,0.0,0.0,0.25,2.74,54.55,7.23,44.83,2.24,1.25,0.0,18.95,2.99,1.0,26.18,76.19,7.48,70.0,3.99,81.25,22.94,79.35,2.49,60.0,16.08,31.13,0.0,0.25,0.0,0.0,0.25,0.0,0.0,3.74,80.0,2.49,40.0,0.25,0.0,0.75,0.25,4.74,68.42,85.71,8.73,0,,0,,0,0.0,0.0,0.0,,,0.0,,2.74,0.0,0.0,0.0,0.0,0,0
H. Karabey,Huseyin Karabey,-232789,Iğdır FK,Iğdır FK,https://cdn5.wyscout.com/photos/team/public/g-14609_120x120.png,1. Lig,RB,RB,100,,0,,0,23,2003-07-27,75000,2028-06-30,4,360,0,0.0,1,0.25,14.25,52.63,Türkiye,['Türkiye'],right,0,0,False,7.25,5.25,42.86,2.75,90.91,0.25,0.33,0.0,4.75,6.26,2.0,1,0.25,0,0.0,1.0,0.0,0,0.0,0.0,0,0.0,0,0.0,0.0,0.0,0.25,1.5,33.33,0.0,0.0,1.5,33.33,0.0,1.5,33.33,5.25,42.86,0.0,2.75,0.0,23.75,2.75,1.75,32.75,80.15,13.5,70.37,3.0,100.0,26.75,87.85,4.5,50.0,19.2,36.14,0.06,0.5,0.0,0.0,0.0,0.0,0.75,4.5,50.0,2.25,33.33,0.25,100.0,0.25,1.0,7.0,64.29,83.67,12.25,0,,0,,0,0.0,0.0,0.0,,,0.25,,2.75,0.0,0.0,0.0,0.0,0,0
Djordje Denić,Djordje  Denić,270006,Mardin 1969,Mardin 1969,https://cdn5.wyscout.com/photos/team/public/g-14762_120x120.png,1. Lig,LCMF,LCMF,95,,0,,0,30,1996-04-01,400000,2028-06-30,4,359,0,0.41000000000000003,0,0.31,16.8,61.19,Serbia,['Serbia'],right,182,72,False,12.79,10.78,65.12,1.5,50.0,0.5,0.63,0.5,5.26,6.63,2.76,1,0.25,0,0.0,0.75,0.0,0,0.0,0.1,0,0.0,4,1.0,25.0,0.0,0.0,0.75,33.33,0.5,50.0,0.25,0.0,0.0,0.25,100.0,3.51,57.14,3.26,0.75,0.0,19.55,0.0,1.5,28.33,80.53,11.28,71.11,4.76,89.47,25.82,84.47,1.75,42.86,14.88,37.53,0.08,0.5,0.0,0.0,0.0,0.0,0.75,3.51,78.57,1.0,75.0,0.25,100.0,1.0,0.25,4.01,68.75,90.0,7.52,0,,0,,0,0.0,0.0,0.0,,,0.0,,1.5,0.0,0.0,0.0,0.0,0,0
I. Tarim,Ismail Tarim,-295929,Bodrumspor,Bodrumspor,https://cdn5.wyscout.com/photos/team/public/g34119_120x120.png,1. Lig,RCB,RCB,100,,0,,0,22,2004-01-28,0,2027-06-30,4,359,0,0.0,0,0.0,6.02,54.17,Türkiye,['Türkiye'],right,190,77,False,3.51,3.01,25.0,1.75,71.43,0.0,0.0,0.5,2.76,3.3,0.75,2,0.5,0,0.0,0.25,0.0,0,0.0,0.0,0,0.0,0,0.0,0.0,0.0,0.0,0.0,0.0,0.0,0.0,0.0,0.0,0.0,0.25,100.0,0.5,100.0,0.25,1.0,0.25,41.62,0.25,0.25,57.41,89.52,22.06,76.14,2.01,100.0,49.89,94.47,7.52,56.67,23.28,43.59,0.0,0.25,0.0,0.0,0.0,0.0,0.0,9.53,71.05,0.5,100.0,0.0,0.0,0.25,0.0,9.28,86.49,97.5,30.08,0,,0,,0,0.0,0.0,0.0,,,1.0,,1.75,0.0,0.0,0.0,0.0,0,0
Olarenwaju Ayoba Kayode,Olarenwaju Ayoba Kayode,102554,Mardin 1969,Mardin 1969,https://cdn5.wyscout.com/photos/team/public/g-14762_120x120.png,1. Lig,CF,CF,100,,0,,0,33,1993-05-08,700000,2027-06-30,4,358,2,3.39,0,0.02,9.55,31.58,Nigeria,['Nigeria'],right,176,65,False,3.27,2.26,55.56,3.02,25.0,0.0,0.0,0.25,2.01,2.5,1.26,1,0.25,0,0.0,0.75,0.5,2,0.5,0.85,0,0.0,11,2.77,27.27,18.182,0.0,0.25,0.0,0.25,0.0,0.0,0.0,0.0,0.0,0.0,2.77,36.36,3.77,0.25,0.0,12.07,2.01,0.75,14.08,67.86,3.27,61.54,3.52,85.71,12.57,70.0,1.26,60.0,18.33,18.92,0.01,0.25,0.0,0.0,0.0,0.0,0.25,1.26,60.0,1.26,60.0,0.0,0.0,0.5,0.0,2.26,77.78,59.09,5.53,0,,0,,0,0.0,0.0,0.0,,,0.0,,3.02,0.0,0.0,0.0,0.0,0,0
F. Hasani,Florent Hasani,455703,Kayserispor,Kayserispor,https://cdn5.wyscout.com/photos/team/public/819_120x120.png,1. Lig,CF,CF,89,,0,,0,29,1997-03-30,500000,2027-06-30,5,358,1,1.99,0,0.6000000000000001,13.07,34.62,Kosovo,['Kosovo'],left,183,79,False,2.01,2.01,37.5,2.77,36.36,0.25,0.34,0.25,1.01,1.35,1.01,1,0.25,0,0.0,1.51,0.25,0,0.0,0.5,0,0.0,12,3.02,16.67,8.333,0.0,0.5,50.0,0.0,0.0,0.5,50.0,0.0,1.76,28.57,6.54,34.62,3.02,0.75,0.0,18.6,0.75,1.26,21.87,79.31,6.03,62.5,3.02,100.0,20.36,81.48,1.01,50.0,15.76,25.57,0.15,1.01,0.5,0.0,0.25,100.0,0.75,3.27,69.23,1.51,100.0,0.25,100.0,1.51,0.25,3.02,91.67,79.31,7.29,0,,0,,0,0.0,0.0,0.0,,,0.0,,2.77,1.01,0.5,50.0,2.51,1,100
Zdravko Dimitrov,Zdravko Dimitrov,463758,Mardin 1969,Mardin 1969,https://cdn5.wyscout.com/photos/team/public/g-14762_120x120.png,1. Lig,LW,LW,94,,0,,0,28,1998-08-24,450000,2027-06-30,4,356,1,0.44,0,1.02,17.95,54.93,Bulgaria,['Bulgaria'],right,180,69,False,4.04,5.06,45.0,0.76,66.67,0.0,0.0,0.0,1.77,2.26,0.25,1,0.25,0,0.0,5.8100000000000005,0.25,1,0.25,0.11,0,0.0,6,1.52,50.0,16.667,0.0,3.79,26.67,3.79,26.67,0.0,0.0,0.51,4.55,83.33,11.12,59.09,3.29,3.79,0.25,24.78,2.5300000000000002,2.5300000000000002,30.84,73.77,9.86,69.23,6.57,92.31,25.28,80.0,2.02,87.5,18.45,43.28,0.26,1.77,0.0,0.0,0.25,100.0,1.01,2.7800000000000002,63.64,4.8,42.11,0.25,100.0,1.77,1.01,5.8100000000000005,86.96,75.0,9.1,0,,0,,0,0.0,0.0,0.0,,,0.51,,0.76,0.76,0.25,100.0,4.55,0,0
Y. Subaşı,Yasir Subaşı,406289,Batman Petrolspor,Batman Petrolspor,https://cdn5.wyscout.com/photos/team/public/g2887_120x120.png,1. Lig,"LB, LCB",LB,82,LCB,15,,0,30,1996-01-01,100000,2027-06-30,4,355,0,0.02,0,0.12,9.13,52.78,Türkiye,['Türkiye'],left,180,73,False,6.08,3.04,66.67,3.04,50.0,0.25,0.4,0.25,3.8,6.0,1.27,3,0.76,0,0.0,1.01,0.0,0,0.0,0.0,0,0.0,2,0.51,0.0,0.0,0.0,1.77,42.86,1.77,42.86,0.0,0.0,0.25,0.25,100.0,1.52,50.0,1.01,0.51,0.0,22.06,2.54,0.51,28.39,82.14,12.68,84.0,2.79,81.82,24.08,90.53,2.54,30.0,18.09,42.76,0.03,0.51,0.0,0.0,0.0,0.0,0.51,2.79,45.45,1.52,50.0,0.0,0.0,0.25,1.01,4.82,57.89,84.62,6.59,0,,0,,0,0.0,0.0,0.0,,,1.27,,3.04,0.0,0.0,0.0,0.0,0,0
K. Iheanacho,Kelechi Promise Iheanacho,319119,Bursaspor,Bursaspor,https://cdn5.wyscout.com/photos/team/public/827_120x120.png,1. Lig,CF,CF,100,,0,,0,29,1996-10-03,12000000,,4,355,4,3.08,2,0.6900000000000001,10.9,32.56,Nigeria,['Nigeria'],left,185,82,False,1.77,2.03,37.5,2.79,45.45,0.0,0.0,0.25,1.01,1.52,1.77,0,0.0,0,0.0,1.77,1.01,3,0.76,0.78,1,0.25,16,4.06,37.5,25.0,0.51,0.25,100.0,0.25,100.0,0.0,0.0,0.0,0.0,0.0,3.55,42.86,4.82,0.76,0.25,17.24,1.77,0.76,18.25,84.72,3.55,71.43,5.58,90.91,17.49,86.96,0.51,0.0,11.87,12.69,0.18,1.01,0.0,0.0,0.0,0.0,1.01,1.52,66.67,1.01,50.0,0.0,0.0,1.01,0.25,1.27,80.0,87.5,4.06,0,,0,,0,0.0,0.0,0.0,,,0.0,,2.79,0.0,0.0,0.0,0.0,1,100
O. Yıldırım,Oğuz Yıldırım,378957,Ümranıyespor,Ümranıyespor,https://cdn5.wyscout.com/photos/team/public/g19664_120x120.png,1. Lig,RB,RB,100,,0,,0,31,1995-01-01,300000,2027-06-30,4,355,0,0.01,0,0.56,12.42,46.94,Türkiye,['Türkiye'],right,174,70,False,5.32,4.82,52.63,1.01,25.0,0.0,0.0,0.0,2.79,3.3,1.27,1,0.25,0,0.0,3.3,0.0,0,0.0,0.0,0,0.0,1,0.25,0.0,0.0,0.0,2.79,63.64,0.0,0.0,2.79,63.64,0.51,2.03,75.0,5.83,47.83,0.76,2.03,0.0,33.46,1.27,0.51,43.86,79.19,16.73,68.18,6.34,96.0,37.52,83.11,3.8,46.67,19.21,49.24,0.14,1.01,0.0,0.25,0.0,0.0,1.27,4.82,68.42,3.8,60.0,0.0,0.0,0.76,1.77,10.9,58.14,84.48,14.7,0,,0,,0,0.0,0.0,0.0,,,0.76,,1.01,0.76,0.0,0.0,0.0,0,0
S. Gönül,Soner Gönül,372227,Iğdır FK,Iğdır FK,https://cdn5.wyscout.com/photos/team/public/g-14609_120x120.png,1. Lig,LB,LB,100,,0,,0,29,1997-06-11,700000,,4,352,0,0.05,0,0.51,6.39,48.0,Türkiye,['Türkiye'],left,177,70,False,5.88,2.56,40.0,1.79,57.14,0.0,0.0,0.26,4.86,6.06,1.02,0,0.0,0,0.0,0.51,0.0,0,0.0,0.01,0,0.0,1,0.26,0.0,0.0,0.0,0.77,66.67,0.77,66.67,0.0,0.0,0.0,0.0,0.0,1.79,42.86,0.51,0.77,0.0,29.66,2.05,0.77,38.1,77.85,15.85,59.68,8.44,100.0,29.66,88.79,7.93,38.71,21.35,37.87,0.13,0.51,0.0,0.0,0.0,0.0,0.26,5.63,40.91,1.79,28.57,0.0,0.0,0.26,0.26,6.65,73.08,89.74,9.97,0,,0,,0,0.0,0.0,0.0,,,1.02,,1.79,0.26,0.0,0.0,1.02,0,0
D. Erdoğan,Doğan Erdoğan,262693,Iğdır FK,Iğdır FK,https://cdn5.wyscout.com/photos/team/public/g-14609_120x120.png,1. Lig,DMF,DMF,100,,0,,0,30,1996-08-22,400000,2027-06-30,4,350,0,0.6000000000000001,0,0.73,9.77,42.11,Türkiye,['Türkiye'],right,182,79,False,6.43,4.63,50.0,1.03,25.0,0.26,0.32,0.26,3.86,4.84,1.29,2,0.51,0,0.0,0.51,0.0,0,0.0,0.15,0,0.0,5,1.29,20.0,0.0,0.0,0.51,0.0,0.26,0.0,0.26,0.0,0.0,0.26,100.0,3.34,46.15,1.54,0.0,0.0,26.23,0.51,0.77,40.37,82.17,13.63,64.15,7.71,96.67,32.14,90.4,7.71,53.33,21.17,41.25,0.19,1.29,0.0,0.0,0.0,0.0,0.77,8.49,57.58,1.8,42.86,0.26,100.0,0.77,0.0,7.46,75.86,92.73,14.14,0,,0,,0,0.0,0.0,0.0,,,0.51,,1.03,0.0,0.0,0.0,0.0,0,0
D. Avramovski,Daniel Avramovski,192216,Muğlaspor,Muğlaspor,https://cdn5.wyscout.com/photos/team/public/g14051_120x120.png,1. Lig,"CF, AMF",CF,60,AMF,28,,0,31,1995-02-20,375000,,4,349,0,1.06,1,0.1,14.18,45.45,North Macedonia,['North Macedonia'],left,184,79,False,3.35,2.84,45.45,2.06,37.5,0.0,0.0,0.0,2.06,2.5,0.77,1,0.26,0,0.0,1.81,0.0,0,0.0,0.27,0,0.0,9,2.32,22.22,0.0,0.26,0.52,0.0,0.52,0.0,0.0,0.0,0.0,1.03,75.0,8.25,53.13,3.35,1.55,0.0,28.11,2.58,3.09,34.81,77.78,12.64,73.47,7.74,83.33,31.72,78.86,2.58,80.0,15.73,33.37,0.03,1.03,0.0,0.0,0.52,100.0,1.03,5.16,80.0,3.35,53.85,0.52,100.0,1.81,0.0,5.42,90.48,75.68,9.54,0,,0,,0,0.0,0.0,0.0,,,0.26,,2.06,0.0,0.0,0.0,0.0,0,0
D. Sahin,Duran Sahin,-551344,İstanbulspor,İstanbulspor,https://cdn5.wyscout.com/photos/team/public/g2226_120x120.png,1. Lig,RCB,RCB,100,,0,,0,21,2005-07-25,0,2030-06-30,4,348,0,0.76,0,0.0,6.98,55.56,Türkiye,['Türkiye'],unknown,0,0,False,8.28,3.62,64.29,2.59,50.0,0.26,0.30000000000000004,0.52,5.69,6.67,0.52,1,0.26,0,0.0,0.26,0.0,0,0.0,0.2,0,0.0,3,0.78,0.0,0.0,0.0,0.0,0.0,0.0,0.0,0.0,0.0,0.0,0.26,100.0,0.52,50.0,0.78,0.0,0.0,31.03,0.26,0.0,38.79,86.0,12.67,71.43,4.14,87.5,34.4,92.48,4.4,35.29,23.93,44.28,0.0,0.0,0.0,0.0,0.0,0.0,0.0,2.84,45.45,0.26,0.0,0.0,0.0,0.0,0.0,5.43,47.62,97.3,19.14,0,,0,,0,0.0,0.0,0.0,,,3.36,,2.59,0.0,0.0,0.0,0.0,0,0
G. Kaya,Gökcan Kaya,306620,Iğdır FK,Iğdır FK,https://cdn5.wyscout.com/photos/team/public/g-14609_120x120.png,1. Lig,"LW, LWF, RCMF",LW,39,LWF,27,RCMF,26,31,1995-08-07,450000,,4,347,1,0.29,0,0.24,10.37,55.0,Denmark,"['Denmark', 'Türkiye']",right,180,68,False,6.74,4.15,81.25,1.3,40.0,0.26,0.33,0.0,3.11,3.91,0.26,0,0.0,0,0.0,1.82,0.26,1,0.26,0.07,0,0.0,2,0.52,50.0,50.0,0.0,2.33,22.22,1.82,28.57,0.52,0.0,0.26,1.82,57.14,4.15,43.75,2.33,1.82,0.52,20.75,1.56,0.0,29.83,69.57,9.86,52.63,7.78,86.67,24.9,76.04,2.85,45.45,16.76,40.81,0.06,0.78,0.26,0.0,0.26,0.0,1.04,2.85,45.45,2.85,36.36,0.26,0.0,1.3,0.78,3.63,57.14,70.37,7.0,0,,0,,0,0.0,0.0,0.0,,,0.26,,1.3,0.0,0.0,0.0,0.52,0,0
Baba Alhassan,Baba Alhassan,-156758,Mardin 1969,Mardin 1969,https://cdn5.wyscout.com/photos/team/public/g-14762_120x120.png,1. Lig,DMF,DMF,87,,0,,0,26,2000-01-03,850000,2028-06-30,4,347,0,0.07,0,0.4,11.15,58.14,Ghana,['Ghana'],right,187,75,False,7.78,6.74,69.23,1.56,16.67,0.0,0.0,0.26,3.11,3.96,1.04,0,0.0,0,0.0,0.78,0.0,0,0.0,0.02,0,0.0,1,0.26,0.0,0.0,0.0,0.52,50.0,0.52,50.0,0.0,0.0,0.0,0.26,100.0,2.07,50.0,0.0,0.78,0.0,37.09,0.78,0.78,50.32,90.72,13.23,82.35,7.78,96.67,45.39,94.29,4.41,58.82,20.02,40.01,0.1,0.78,0.0,0.0,0.26,100.0,0.52,6.48,72.0,1.3,20.0,0.26,100.0,0.26,0.26,5.71,81.82,93.55,24.12,0,,0,,0,0.0,0.0,0.0,,,0.78,,1.56,0.0,0.0,0.0,0.0,0,0
B. Ceylan,Bilal Ceylan,-166267,Muğlaspor,Muğlaspor,https://cdn5.wyscout.com/photos/team/public/g14051_120x120.png,1. Lig,RB,RB,100,,0,,0,22,2003-09-07,50000,2028-06-30,4,346,0,0.05,0,0.15,16.65,50.0,Türkiye,['Türkiye'],right,174,67,False,10.14,8.84,58.82,3.12,41.67,0.26,0.32,0.0,4.68,5.74,2.34,2,0.52,0,0.0,1.56,0.0,0,0.0,0.01,0,0.0,1,0.26,100.0,0.0,0.0,1.82,71.43,0.0,0.0,1.82,71.43,0.0,0.52,0.0,3.12,41.67,2.34,1.04,0.0,28.09,3.64,1.3,38.5,81.08,11.45,59.09,7.28,100.0,34.08,83.21,2.6,60.0,16.13,34.02,0.04,0.78,0.0,0.0,0.0,0.0,0.0,3.12,41.67,2.08,87.5,0.0,0.0,0.52,1.04,3.9,80.0,93.94,8.58,0,,0,,0,0.0,0.0,0.0,,,0.78,,3.12,0.26,0.0,0.0,0.0,0,0
V. Ethemi,Valon Ethemi,465430,Sivasspor,Sivasspor,https://cdn5.wyscout.com/photos/team/public/818_120x120.png,1. Lig,"LW, LAMF",LW,77,LAMF,22,,0,28,1997-10-03,1500000,2027-06-30,4,344,0,0.77,0,1.6800000000000002,17.01,47.69,North Macedonia,"['North Macedonia', 'Albania']",right,179,69,False,3.92,4.71,44.44,0.52,0.0,0.0,0.0,0.0,1.83,2.59,2.09,2,0.52,0,0.0,5.23,0.0,0,0.0,0.2,0,0.0,7,1.83,42.86,0.0,0.0,5.76,18.18,5.49,19.05,0.26,0.0,1.83,4.71,72.22,11.51,52.27,4.45,2.88,0.0,20.15,2.62,1.31,22.5,54.65,6.54,56.0,4.45,88.24,15.7,70.0,1.05,25.0,16.92,35.09,0.44,2.62,0.26,0.0,0.0,0.0,0.78,1.57,50.0,3.66,42.86,0.0,0.0,0.52,1.83,4.45,64.71,43.33,7.85,0,,0,,0,0.0,0.0,0.0,,,0.0,,0.52,0.52,0.0,0.0,3.4,0,0
C. Çelik,Yusuf Cihat Çelik,303109,Sivasspor,Sivasspor,https://cdn5.wyscout.com/photos/team/public/818_120x120.png,1. Lig,"RCMF, AMF",RCMF,71,AMF,26,,0,30,1996-01-02,325000,2027-06-30,4,339,0,0.79,0,0.33,10.35,58.97,Netherlands,"['Netherlands', 'Türkiye']",right,184,72,False,3.7199999999999998,3.98,46.67,1.33,60.0,0.0,0.0,0.0,1.8599999999999999,2.5300000000000002,2.12,0,0.0,0,0.0,2.12,0.0,0,0.0,0.21,0,0.0,5,1.33,20.0,0.0,0.0,1.33,60.0,0.53,100.0,0.8,33.33,0.0,1.33,80.0,4.78,66.67,1.33,1.06,0.0,18.85,0.53,2.12,26.02,82.65,10.62,72.5,3.19,100.0,22.04,86.75,2.65,60.0,18.31,43.2,0.09,0.8,0.0,0.0,0.0,0.0,1.06,5.31,85.0,1.33,80.0,0.0,0.0,0.27,0.53,5.04,78.95,84.38,8.5,0,,0,,0,0.0,0.0,0.0,,,0.0,,1.33,0.0,0.0,0.0,0.0,0,0
O. Imeri,Omar Imeri,514390,Batman Petrolspor,Batman Petrolspor,https://cdn5.wyscout.com/photos/team/public/g2887_120x120.png,1. Lig,RB,RB,100,,0,,0,26,1999-12-13,300000,,4,339,2,0.45,0,0.0,11.42,58.14,North Macedonia,"['North Macedonia', 'Albania']",right,175,67,False,8.23,6.37,54.17,0.53,0.0,0.0,0.0,0.0,4.78,7.11,1.5899999999999999,0,0.0,0,0.0,1.5899999999999999,0.53,2,0.53,0.12,0,0.0,4,1.06,50.0,50.0,0.0,0.8,0.0,0.0,0.0,0.8,0.0,0.0,1.33,80.0,3.7199999999999998,78.57,2.12,0.53,0.0,24.42,1.33,1.33,35.31,83.46,11.15,78.57,4.25,87.5,31.59,85.71,2.92,81.82,18.05,50.28,0.0,0.0,0.27,0.0,0.0,0.0,0.0,3.19,91.67,1.06,25.0,0.0,0.0,0.27,0.0,6.64,68.0,85.11,12.48,0,,0,,0,0.0,0.0,0.0,,,1.33,,0.53,0.0,0.0,0.0,0.0,0,0
B. Yavuzay,Berşan  Yavuzay,-731226,Bodrumspor,Bodrumspor,https://cdn5.wyscout.com/photos/team/public/g34119_120x120.png,1. Lig,RB,RB,100,,0,,0,24,2002-03-01,0,,4,337,0,0.53,0,0.1,15.49,51.72,Türkiye,['Türkiye'],unknown,177,0,False,9.08,8.28,51.61,2.14,37.5,0.53,0.67,0.8,4.27,5.33,1.87,0,0.0,0,0.0,1.07,0.0,0,0.0,0.14,0,0.0,3,0.8,33.33,0.0,0.0,3.47,15.38,0.0,0.0,3.47,15.38,0.27,0.53,50.0,3.2,50.0,1.34,0.53,0.27,33.65,1.07,1.07,42.46,82.39,14.96,76.79,6.94,96.15,35.79,90.3,3.47,69.23,19.68,28.06,0.03,0.27,0.0,0.0,0.0,0.0,0.27,4.27,68.75,3.2,25.0,0.0,0.0,0.27,0.53,6.14,82.61,87.5,14.96,0,,0,,0,0.0,0.0,0.0,,,0.53,,2.14,0.0,0.0,0.0,0.0,0,0
D. Aydın,Abdullah Dıjlan Aydın,505901,İstanbulspor,İstanbulspor,https://cdn5.wyscout.com/photos/team/public/g2226_120x120.png,1. Lig,"LCMF, LDMF, RCMF",LCMF,48,LDMF,28,RCMF,22,26,2000-06-16,125000,2029-06-30,4,336,0,0.5,0,0.0,10.71,50.0,Türkiye,['Türkiye'],left,183,77,False,4.82,4.02,46.67,3.48,53.85,0.0,0.0,0.0,2.95,3.37,0.27,0,0.0,0,0.0,0.8,0.0,0,0.0,0.13,0,0.0,5,1.34,20.0,0.0,0.0,0.54,50.0,0.54,50.0,0.0,0.0,0.0,0.27,100.0,2.68,50.0,0.8,1.07,0.0,29.73,0.27,1.07,36.96,79.71,12.59,63.83,5.09,100.0,33.75,81.75,2.95,63.64,20.16,47.46,0.0,0.0,0.0,0.0,0.0,0.0,0.27,5.89,68.18,0.0,0.0,0.27,100.0,0.27,0.0,6.16,56.52,89.09,14.73,0,,0,,0,0.0,0.0,0.0,,,0.0,,3.48,1.07,0.27,0.0,0.0,0,0
J. Argüello,Juan Cruz Argüello Bueno,-120776,Boluspor,Boluspor,https://cdn5.wyscout.com/photos/team/public/1346_120x120.png,1. Lig,"RB, LB",RB,80,LB,11,,0,26,2000-04-19,75000,2027-06-30,4,335,0,0.0,0,0.0,15.04,53.57,Argentina,['Argentina'],left,176,67,False,9.4,11.28,50.0,1.07,100.0,0.0,0.0,0.0,3.76,4.12,2.15,2,0.54,1,0.27,0.81,0.0,0,0.0,0.0,0,0.0,0,0.0,0.0,0.0,0.0,1.88,28.57,0.0,0.0,1.88,28.57,0.0,0.27,100.0,2.15,50.0,0.0,0.54,0.0,22.3,0.81,1.07,31.7,70.34,14.51,59.26,4.03,93.33,24.45,82.42,5.64,28.57,23.29,45.96,0.0,0.0,0.0,0.27,0.0,0.0,0.0,4.84,38.89,1.88,28.57,0.0,0.0,0.0,0.54,7.52,64.29,68.75,8.6,0,,0,,0,0.0,0.0,0.0,,,0.54,,1.07,0.0,0.0,0.0,0.0,0,0
S. Dikmen,Soner Dikmen,268451,Antalyaspor,Antalyaspor,https://cdn5.wyscout.com/photos/team/public/1189_120x120.png,1. Lig,"RDMF, RWF, LDMF",RDMF,53,RWF,20,LDMF,17,33,1993-09-01,1700000,2028-06-30,4,335,1,0.34,0,0.0,8.06,46.67,Türkiye,['Türkiye'],right,179,75,False,2.96,1.88,57.14,1.34,20.0,0.0,0.0,0.54,1.88,2.73,0.81,2,0.54,0,0.0,0.54,0.27,1,0.27,0.09,0,0.0,5,1.34,40.0,20.0,0.0,0.27,0.0,0.0,0.0,0.27,0.0,0.0,0.0,0.0,4.03,46.67,0.27,0.0,0.0,25.52,0.27,2.15,29.82,85.59,8.6,75.0,3.76,100.0,27.4,91.18,2.15,25.0,18.75,44.94,0.0,0.0,0.0,0.0,0.0,0.0,0.0,4.3,50.0,0.27,0.0,0.0,0.0,0.0,0.0,3.22,50.0,88.89,12.09,0,,0,,0,0.0,0.0,0.0,,,0.0,,1.34,0.54,0.54,0.0,0.0,0,0
B. Alıcı,Barış Alıcı,395241,Sarıyer,Sarıyer,https://cdn5.wyscout.com/photos/team/public/g2344_120x120.png,1. Lig,"RW, RWF, AMF",RW,33,RWF,22,AMF,21,29,1997-06-24,950000,,4,334,0,1.24,1,0.79,8.08,60.0,Türkiye,['Türkiye'],right,180,68,False,2.69,2.69,60.0,2.43,44.44,0.0,0.0,0.0,1.08,1.32,0.54,0,0.0,0,0.0,1.8900000000000001,0.0,0,0.0,0.34,0,0.0,7,1.8900000000000001,14.29,0.0,0.27,1.8900000000000001,57.14,0.54,0.0,1.35,80.0,0.27,0.27,100.0,2.43,66.67,2.43,1.62,0.0,20.48,1.62,1.62,24.52,84.62,4.85,77.78,8.89,90.91,22.37,86.75,0.27,100.0,14.13,5.58,0.21,1.35,0.0,0.0,0.27,100.0,0.81,1.35,60.0,2.69,70.0,0.27,100.0,1.62,1.35,4.04,80.0,83.33,6.47,0,,0,,0,0.0,0.0,0.0,,,0.54,,2.43,0.0,0.0,0.0,0.0,0,0
A. Pešić,Aleksandar Pešić,67634,Fatih Karagümrük,Fatih Karagümrük,https://cdn5.wyscout.com/photos/team/public/g3014_120x120.png,1. Lig,CF,CF,100,,0,,0,34,1992-05-21,1000000,,5,333,3,2.56,2,1.31,15.14,33.93,Serbia,['Serbia'],right,190,87,False,3.7800000000000002,1.35,80.0,6.49,33.33,0.0,0.0,0.81,2.7,2.9699999999999998,0.54,0,0.0,0,0.0,2.7,0.81,3,0.81,0.6900000000000001,2,0.54,14,3.7800000000000002,57.14,21.429,0.54,1.35,0.0,1.08,0.0,0.27,0.0,0.0,1.08,25.0,6.76,28.0,8.11,1.35,0.0,18.92,4.05,1.62,20.54,67.11,5.68,52.38,5.14,94.74,18.92,72.86,0.54,0.0,12.42,8.16,0.35000000000000003,1.62,0.0,0.0,0.27,100.0,1.35,1.08,25.0,1.8900000000000001,42.86,0.27,100.0,1.62,0.0,0.81,100.0,50.0,4.86,0,,0,,0,0.0,0.0,0.0,,,0.0,,6.49,0.0,0.0,0.0,0.0,0,0
F. Doğan,Furkan Mehmet Doğan,503367,Pendikspor,Pendikspor,https://cdn5.wyscout.com/photos/team/public/g9153_120x120.png,1. Lig,LB,LB,100,,0,,0,24,2001-11-22,0,2028-06-30,4,331,0,0.63,0,0.0,12.78,57.45,Türkiye,['Türkiye'],left,181,0,False,7.89,6.53,54.17,1.3599999999999999,20.0,0.0,0.0,0.54,4.35,6.96,1.63,0,0.0,0,0.0,2.18,0.0,0,0.0,0.17,0,0.0,3,0.8200000000000001,33.33,0.0,0.0,1.63,16.67,1.63,16.67,0.0,0.0,0.27,1.63,100.0,4.08,80.0,1.09,0.27,0.0,28.28,2.99,1.63,37.79,78.42,13.32,75.51,8.7,100.0,32.9,85.12,3.26,41.67,19.69,45.16,0.0,0.27,0.0,0.0,0.0,0.0,0.0,4.35,68.75,1.63,33.33,0.0,0.0,0.0,0.27,5.98,63.64,64.71,9.24,0,,0,,0,0.0,0.0,0.0,,,0.54,,1.3599999999999999,0.0,0.0,0.0,0.0,0,0
M. Biron,Mickaël Biron,-127290,Batman Petrolspor,Batman Petrolspor,https://cdn5.wyscout.com/photos/team/public/g2887_120x120.png,1. Lig,LW,LW,90,,0,,0,29,1997-08-26,0,2028-06-30,4,329,1,0.89,0,0.22,22.71,43.37,Martinique,"['Martinique', 'France']",right,170,71,True,5.47,5.74,66.67,1.9100000000000001,28.57,0.0,0.0,0.0,1.6400000000000001,2.31,1.09,1,0.27,0,0.0,2.74,0.27,1,0.27,0.24,0,0.0,4,1.09,50.0,25.0,0.0,0.55,50.0,0.55,50.0,0.0,0.0,0.0,3.01,63.64,12.86,36.17,1.9100000000000001,2.46,0.0,16.69,2.46,1.6400000000000001,21.61,79.75,5.47,80.0,5.74,95.24,19.42,84.51,1.6400000000000001,33.33,17.38,34.91,0.06,0.8200000000000001,0.0,0.0,0.0,0.0,0.8200000000000001,2.74,60.0,2.19,50.0,0.0,0.0,1.09,0.27,3.83,71.43,68.75,4.38,0,,0,,0,0.0,0.0,0.0,,,0.27,,1.9100000000000001,0.0,0.0,0.0,0.0,0,0
S. Córdova,Sergio Duvan Córdova Lezama,361327,Batman Petrolspor,Batman Petrolspor,https://cdn5.wyscout.com/photos/team/public/g2887_120x120.png,1. Lig,CF,CF,100,,0,,0,29,1997-08-09,1500000,2029-06-30,4,325,1,2.44,1,0.59,12.74,54.35,Venezuela,['Venezuela'],right,188,87,False,1.38,1.6600000000000001,50.0,3.6,53.85,0.0,0.0,0.0,0.55,0.9,0.8300000000000001,2,0.55,0,0.0,2.77,0.28,1,0.28,0.68,0,0.0,10,2.77,60.0,10.0,0.28,1.6600000000000001,16.67,0.55,0.0,1.11,25.0,0.55,0.55,100.0,5.26,52.63,4.15,1.38,0.0,9.14,1.94,2.49,14.4,65.38,3.6,46.15,3.88,85.71,12.46,73.33,0.28,0.0,13.83,7.92,0.16,0.55,0.0,0.0,0.28,100.0,0.8300000000000001,0.8300000000000001,66.67,1.6600000000000001,33.33,0.28,100.0,1.11,0.28,1.94,28.57,46.15,3.6,0,,0,,0,0.0,0.0,0.0,,,0.0,,3.6,0.0,0.0,0.0,0.0,1,0
G. Bruno,Gianni Bruno,134184,Bandırmaspor,Bandırmaspor,https://cdn5.wyscout.com/photos/team/public/g11986_120x120.png,1. Lig,CF,CF,99,,0,,0,35,1991-08-19,800000,,5,321,2,2.14,0,0.14,10.65,47.37,Belgium,"['Belgium', 'Italy']",right,180,73,False,1.96,1.96,71.43,3.93,35.71,0.0,0.0,0.0,0.56,0.98,0.84,1,0.28,0,0.0,2.24,0.56,1,0.28,0.6000000000000001,0,0.0,9,2.52,66.67,22.222,0.0,0.56,50.0,0.0,0.0,0.56,50.0,0.0,0.28,100.0,2.8,50.0,2.52,0.56,0.0,16.26,2.52,1.12,18.22,86.15,2.8,70.0,5.33,94.74,17.1,88.52,0.56,50.0,13.56,8.09,0.04,0.56,0.0,0.0,0.0,0.0,0.28,1.12,75.0,1.12,50.0,0.28,0.0,0.28,0.0,1.96,42.86,94.74,5.33,0,,0,,0,0.0,0.0,0.0,,,0.0,,3.93,0.0,0.0,0.0,0.0,2,50
D. Davas,Doğan Can Davas,372251,Sarıyer,Sarıyer,https://cdn5.wyscout.com/photos/team/public/g2344_120x120.png,1. Lig,"LCMF3, LCMF",LCMF3,48,LCMF,47,,0,29,1997-08-22,650000,,4,320,0,1.07,0,0.2,14.06,50.0,Türkiye,['Türkiye'],right,170,65,False,5.06,5.63,50.0,1.13,50.0,0.0,0.0,0.56,2.25,2.76,1.13,1,0.28,0,0.0,1.97,0.0,0,0.0,0.30000000000000004,0,0.0,8,2.25,62.5,0.0,0.0,0.0,0.0,0.0,0.0,0.0,0.0,0.0,1.69,33.33,6.47,43.48,2.5300000000000002,0.28,0.0,15.19,0.56,1.97,16.59,84.75,3.38,50.0,4.22,93.33,15.47,87.27,1.13,50.0,16.01,20.91,0.06,0.28,0.0,0.0,0.0,0.0,0.0,1.97,71.43,0.28,0.0,0.0,0.0,0.56,0.0,1.69,66.67,94.44,5.06,0,,0,,0,0.0,0.0,0.0,,,0.0,,1.13,0.0,0.0,0.0,0.0,0,0
B. Keser,Benhur Keser,462335,Kayserispor,Kayserispor,https://cdn5.wyscout.com/photos/team/public/819_120x120.png,1. Lig,"RW, RAMF",RW,55,RAMF,44,,0,29,1996-10-29,1200000,2027-06-30,5,320,2,1.27,1,0.31,12.66,51.11,Türkiye,['Türkiye'],right,185,75,False,6.47,5.91,52.38,2.25,62.5,0.0,0.0,0.0,3.38,4.39,1.69,1,0.28,0,0.0,2.25,0.56,2,0.56,0.36,1,0.28,6,1.69,66.67,33.333,0.28,3.09,27.27,0.0,0.0,3.09,27.27,0.56,0.56,50.0,3.94,42.86,2.5300000000000002,2.5300000000000002,0.0,21.38,2.25,1.13,23.63,65.48,6.75,54.17,5.06,77.78,19.97,70.42,0.84,66.67,16.71,39.83,0.09,1.13,0.0,0.0,0.0,0.0,0.56,0.84,0.0,3.66,46.15,0.0,0.0,0.28,0.56,1.97,57.14,57.14,5.91,0,,0,,0,0.0,0.0,0.0,,,0.28,,2.25,0.0,0.0,0.0,0.28,0,0
Y. Talum,Yusuf Talum,-63427,Manisa F.K.,Manisa F.K.,https://cdn5.wyscout.com/photos/team/public/g34120_120x120.png,1. Lig,"LAMF, LW",LAMF,67,LW,20,,0,24,2001-12-01,125000,2028-06-30,4,319,0,0.45,1,0.30000000000000004,19.18,36.76,Türkiye,['Türkiye'],right,0,0,False,4.51,4.23,40.0,0.85,33.33,0.28,0.43,0.0,2.54,3.91,1.69,0,0.0,0,0.0,3.39,0.0,0,0.0,0.13,0,0.0,4,1.13,0.0,0.0,0.28,3.1,27.27,3.1,27.27,0.0,0.0,0.28,3.39,75.0,13.82,36.73,2.8200000000000003,2.8200000000000003,0.56,21.72,3.39,1.4100000000000001,25.96,76.09,5.08,66.67,7.9,100.0,22.29,83.54,1.13,50.0,17.2,32.27,0.08,0.56,0.0,0.0,0.28,0.0,0.85,1.13,50.0,3.39,41.67,0.28,0.0,1.4100000000000001,0.56,3.1,81.82,66.67,8.46,0,,0,,0,0.0,0.0,0.0,,,0.0,,0.85,0.0,0.0,0.0,0.0,0,0
R. Berişbek,Rahmetullah Berişbek,496264,Bursaspor,Bursaspor,https://cdn5.wyscout.com/photos/team/public/827_120x120.png,1. Lig,RB,RB,100,,0,,0,27,1999-03-22,500000,2028-06-30,4,316,0,0.0,1,0.21,11.96,50.0,Türkiye,['Türkiye'],right,175,70,False,7.69,5.7,45.0,2.85,30.0,0.0,0.0,0.5700000000000001,5.13,7.61,0.85,0,0.0,0,0.0,0.28,0.0,0,0.0,0.0,0,0.0,0,0.0,0.0,0.0,0.28,0.28,0.0,0.0,0.0,0.28,0.0,0.0,0.5700000000000001,50.0,1.99,71.43,0.0,0.5700000000000001,0.0,42.72,0.85,0.5700000000000001,51.84,85.71,18.51,66.15,6.55,95.65,46.71,90.85,4.84,41.18,17.97,46.45,0.06,0.28,0.0,0.0,0.0,0.0,0.28,6.55,60.87,1.71,33.33,0.28,100.0,0.5700000000000001,0.0,8.26,65.52,96.77,17.66,0,,0,,0,0.0,0.0,0.0,,,1.42,,2.85,0.0,0.0,0.0,0.0,0,0
Thuram,Rogerio Conceicao do Rosario,226742,Pendikspor,Pendikspor,https://cdn5.wyscout.com/photos/team/public/g9153_120x120.png,1. Lig,"CF, LW, RW",CF,52,LW,24,RW,20,35,1991-02-01,200000,2027-06-30,4,314,3,1.52,1,0.30000000000000004,10.03,28.57,Brazil,['Brazil'],right,183,79,False,2.87,2.29,62.5,1.43,20.0,0.29,0.45,0.29,1.15,1.79,0.5700000000000001,0,0.0,0,0.0,3.44,0.86,3,0.86,0.43,0,0.0,8,2.29,100.0,37.5,0.29,0.5700000000000001,50.0,0.29,0.0,0.29,100.0,0.0,1.43,60.0,4.87,23.53,3.73,0.86,0.0,17.2,2.01,0.29,20.92,87.67,6.02,76.19,5.16,94.44,19.78,88.41,0.5700000000000001,100.0,13.56,7.64,0.09,1.15,0.29,0.0,0.0,0.0,0.86,1.15,100.0,0.5700000000000001,100.0,0.0,0.0,1.43,0.29,3.15,81.82,100.0,4.3,0,,0,,0,0.0,0.0,0.0,,,0.0,,1.43,0.0,0.0,0.0,0.0,0,0
B. Gök,Barış Gök,317465,Bursaspor,Bursaspor,https://cdn5.wyscout.com/photos/team/public/827_120x120.png,1. Lig,LB,LB,100,,0,,0,32,1993-09-04,175000,2027-06-30,4,313,0,0.12,0,0.43,8.34,37.93,Türkiye,['Türkiye'],left,172,0,False,4.89,2.59,55.56,0.86,33.33,0.58,0.85,0.0,2.88,4.23,0.58,1,0.29,0,0.0,1.73,0.0,0,0.0,0.04,0,0.0,1,0.29,0.0,0.0,0.0,3.74,38.46,3.74,38.46,0.0,0.0,0.0,0.58,50.0,4.03,21.43,1.44,2.01,0.0,40.54,2.88,0.29,47.16,83.54,12.94,75.56,10.93,92.11,40.54,89.36,2.88,60.0,16.29,37.47,0.12,0.86,0.0,0.0,0.0,0.0,0.58,4.03,78.57,3.45,41.67,0.0,0.0,0.86,1.44,7.76,77.78,79.59,14.09,0,,0,,0,0.0,0.0,0.0,,,0.58,,0.86,0.0,0.0,0.0,0.0,0,0
M. Diouf,Mame Biram Diouf,28948,Ankara Keçiörengücü,Ankara Keçiörengücü,https://cdn5.wyscout.com/photos/team/public/g7284_120x120.png,1. Lig,CF,CF,100,,0,,0,38,1987-12-16,100000,2027-06-30,4,313,3,2.03,0,0.49,8.34,51.72,Senegal,['Senegal'],right,185,79,False,2.59,1.15,100.0,3.16,45.45,0.29,0.35000000000000003,0.29,1.15,1.4100000000000001,0.58,1,0.29,0,0.0,2.01,0.86,3,0.86,0.58,0,0.0,7,2.01,57.14,42.857,0.0,0.58,50.0,0.29,100.0,0.29,0.0,0.29,0.58,100.0,2.01,57.14,4.89,0.29,0.0,6.9,1.73,0.58,9.49,60.61,3.16,36.36,2.01,100.0,8.34,65.52,0.58,0.0,13.58,13.91,0.14,0.86,0.0,0.29,0.0,0.0,0.58,1.73,33.33,0.29,0.0,0.0,0.0,1.15,0.58,1.15,25.0,57.14,2.01,0,,0,,0,0.0,0.0,0.0,,,0.0,,3.16,0.0,0.0,0.0,0.0,0,0
D. Verde,Daniele Verde,373031,Fatih Karagümrük,Fatih Karagümrük,https://cdn5.wyscout.com/photos/team/public/g3014_120x120.png,1. Lig,RAMF,RAMF,90,,0,,0,30,1996-06-20,1300000,2027-06-30,5,313,1,0.51,0,0.55,3.45,25.0,Italy,['Italy'],left,168,63,False,2.01,1.44,20.0,0.0,0.0,0.0,0.0,0.29,1.73,1.82,0.29,0,0.0,0,0.0,2.3,0.29,1,0.29,0.15,0,0.0,7,2.01,42.86,14.286,0.0,2.01,42.86,0.29,0.0,1.73,50.0,0.0,0.58,50.0,2.01,28.57,0.86,0.0,0.29,20.7,0.86,0.29,23.58,64.63,7.48,57.69,5.46,89.47,20.42,69.01,1.44,20.0,15.9,17.58,0.16,0.58,0.0,0.0,0.29,100.0,0.29,2.88,60.0,2.3,37.5,0.29,100.0,0.58,0.86,3.74,84.62,55.0,5.75,0,,0,,0,0.0,0.0,0.0,,,0.0,,0.0,1.15,0.0,0.0,1.73,0,0
Amilton,Amilton Minervino da Silva,257184,Sivasspor,Sivasspor,https://cdn5.wyscout.com/photos/team/public/818_120x120.png,1. Lig,"RW, RAMF",RW,69,RAMF,30,,0,37,1989-08-12,175000,,4,312,0,0.93,0,0.0,12.98,44.44,Brazil,['Brazil'],right,172,66,False,3.75,1.15,75.0,3.75,38.46,0.0,0.0,0.58,2.88,4.0,0.58,0,0.0,0,0.0,1.73,0.0,0,0.0,0.27,0,0.0,7,2.02,28.57,0.0,0.0,3.17,18.18,0.0,0.0,3.17,18.18,0.58,1.44,40.0,7.5,38.46,2.31,0.87,0.0,15.0,2.02,0.87,18.75,64.62,4.33,66.67,3.17,90.91,13.85,77.08,2.31,50.0,22.57,56.46,0.0,0.0,0.0,0.0,0.0,0.0,0.0,1.73,50.0,3.75,15.38,0.0,0.0,0.29,0.29,3.17,63.64,42.86,8.08,0,,0,,0,0.0,0.0,0.0,,,0.0,,3.75,0.0,0.0,0.0,0.0,0,0
A. Yaşar,Ali Yaşar,215329,Ümranıyespor,Ümranıyespor,https://cdn5.wyscout.com/photos/team/public/g19664_120x120.png,1. Lig,LB,LB,91,,0,,0,31,1995-03-08,300000,,4,312,0,0.0,0,0.0,8.94,41.94,Belgium,"['Belgium', 'Türkiye']",left,180,70,False,7.5,3.46,41.67,2.02,28.57,0.58,0.72,0.29,5.48,6.87,0.29,0,0.0,0,0.0,0.29,0.0,0,0.0,0.0,0,0.0,0,0.0,0.0,0.0,0.0,0.58,0.0,0.58,0.0,0.0,0.0,0.29,0.29,100.0,2.02,85.71,0.0,0.87,0.29,33.46,1.73,1.73,42.4,82.99,15.29,69.81,6.06,100.0,34.33,89.92,7.5,57.69,25.13,45.68,0.0,0.0,0.0,0.0,0.0,0.0,0.0,5.48,57.89,0.87,0.0,0.0,0.0,0.0,0.0,6.92,62.5,89.66,16.73,0,,0,,0,0.0,0.0,0.0,,,0.87,,2.02,0.29,0.0,0.0,0.0,0,0
A. Güneren,Ali Kaan Güneren,472162,Muğlaspor,Muğlaspor,https://cdn5.wyscout.com/photos/team/public/g14051_120x120.png,1. Lig,"LCMF, LDMF, RCMF",LCMF,53,LDMF,24,RCMF,21,26,2000-04-08,0,2027-06-30,4,310,0,0.01,0,0.17,8.42,55.17,Türkiye,['Türkiye'],right,183,72,False,4.94,4.06,50.0,0.58,100.0,0.58,0.68,0.0,2.32,2.73,0.87,0,0.0,0,0.0,0.29,0.0,0,0.0,0.0,0,0.0,1,0.29,0.0,0.0,0.0,0.0,0.0,0.0,0.0,0.0,0.0,0.0,0.29,100.0,2.9,60.0,0.0,0.29,0.0,32.52,0.29,1.16,41.23,86.62,12.77,75.0,6.1,100.0,38.32,90.15,2.9,40.0,19.04,45.07,0.05,0.58,0.0,0.29,0.29,0.0,0.29,8.13,67.86,0.87,33.33,0.29,0.0,0.0,0.0,5.23,77.78,88.68,15.39,0,,0,,0,0.0,0.0,0.0,,,1.45,,0.58,0.29,0.0,0.0,1.16,0,0
E. Kaplan,Emre Kaplan,-118115,Bodrumspor,Bodrumspor,https://cdn5.wyscout.com/photos/team/public/g34119_120x120.png,1. Lig,LB,LB,100,,0,,0,25,2001-01-12,550000,2028-06-30,4,310,0,0.04,0,0.21,10.16,68.57,Türkiye,"['Türkiye', 'Azerbaijan']",left,180,70,False,8.71,6.68,69.57,1.74,83.33,0.29,0.36,0.58,3.77,4.64,0.58,0,0.0,0,0.0,1.45,0.0,0,0.0,0.01,0,0.0,2,0.58,0.0,0.0,0.0,2.9,30.0,2.9,30.0,0.0,0.0,0.87,0.58,100.0,1.45,60.0,0.58,1.16,0.0,30.48,1.74,0.29,38.32,75.0,15.1,65.38,7.26,96.0,30.77,83.96,4.65,43.75,19.28,36.29,0.06,0.29,0.0,0.0,0.0,0.0,0.29,4.65,56.25,3.48,25.0,0.0,0.0,0.0,1.16,6.97,62.5,71.11,13.06,0,,0,,0,0.0,0.0,0.0,,,0.87,,1.74,0.0,0.0,0.0,0.0,0,0
Muammer Taşkan,Denizhan Taşkan,507664,Mardin 1969,Mardin 1969,https://cdn5.wyscout.com/photos/team/public/g-14762_120x120.png,1. Lig,RW,RW,100,,0,,0,26,2000-05-01,125000,2028-06-30,4,309,1,0.42,0,0.0,11.36,41.03,Türkiye,['Türkiye'],right,0,0,False,3.5,0.87,66.67,1.75,66.67,0.0,0.0,0.0,2.91,3.8,0.29,0,0.0,0,0.0,2.33,0.29,1,0.29,0.12,0,0.0,6,1.75,33.33,16.667,0.0,3.5,25.0,0.58,100.0,2.91,10.0,0.58,2.04,42.86,7.28,32.0,1.75,1.46,0.0,29.42,2.91,1.46,30.87,78.3,5.24,66.67,9.61,84.85,26.8,86.96,0.87,33.33,15.34,26.88,0.0,0.0,0.0,0.0,0.0,0.0,0.58,1.46,60.0,2.62,22.22,0.0,0.0,0.0,0.58,4.37,73.33,73.33,8.74,0,,0,,0,0.0,0.0,0.0,,,0.0,,1.75,0.0,0.0,0.0,0.0,0,0
I. Karaogul,Ishak Karaogul,-199746,Ankara Keçiörengücü,Ankara Keçiörengücü,https://cdn5.wyscout.com/photos/team/public/g7284_120x120.png,1. Lig,RDMF,RDMF,100,,0,,0,24,2002-03-30,125000,2029-06-30,4,308,1,0.13,0,0.17,8.18,57.14,Germany,"['Germany', 'Türkiye']",right,187,0,False,6.72,4.09,42.86,0.88,100.0,0.0,0.0,0.58,4.97,5.67,2.05,0,0.0,0,0.0,0.88,0.29,1,0.29,0.04,0,0.0,3,0.88,33.33,33.333,0.0,0.58,0.0,0.0,0.0,0.58,0.0,0.29,0.58,100.0,2.34,62.5,0.29,0.58,0.0,20.75,0.29,1.17,32.73,81.25,9.35,65.63,6.14,80.95,29.81,86.27,2.34,37.5,16.81,26.47,0.05,0.88,0.0,0.0,0.0,0.0,0.29,2.63,44.44,0.88,0.0,0.0,0.0,0.0,0.0,3.51,58.33,88.64,12.86,0,,0,,0,0.0,0.0,0.0,,,0.29,,0.88,0.0,0.0,0.0,0.0,0,0
A. Vargas,Waldir Alenis Waldir Alenis Vargas Valentin,-442027,Manisa F.K.,Manisa F.K.,https://cdn5.wyscout.com/photos/team/public/g34120_120x120.png,1. Lig,"RAMF, RW, LAMF",RAMF,52,RW,20,LAMF,15,22,2003-12-04,0,2027-12-31,4,308,0,0.55,0,0.0,15.78,38.89,Honduras,['Honduras'],right,188,77,False,4.09,2.05,14.29,1.17,0.0,0.0,0.0,0.29,3.8,6.19,1.17,0,0.0,0,0.0,1.75,0.0,0,0.0,0.16,0,0.0,6,1.75,0.0,0.0,0.0,2.63,0.0,0.58,0.0,2.05,0.0,0.58,2.63,66.67,11.4,48.72,2.92,3.21,0.58,19.29,3.8,3.21,21.04,69.44,3.8,61.54,7.01,91.67,18.41,79.37,0.29,0.0,14.1,11.57,0.0,0.0,0.0,0.0,0.0,0.0,0.0,1.75,83.33,2.05,14.29,0.0,0.0,0.29,0.0,2.63,77.78,52.17,6.72,0,,0,,0,0.0,0.0,0.0,,,0.0,,1.17,0.0,0.0,0.0,0.0,0,0
K. Cuesta,Kevin Andrés Cuesta Rodríguez,-173668,Boluspor,Boluspor,https://cdn5.wyscout.com/photos/team/public/1346_120x120.png,1. Lig,"RCB, LCB",RCB,46,LCB,43,,0,26,2000-04-16,0,2027-06-30,4,305,0,0.0,0,0.0,6.79,65.22,Colombia,['Colombia'],,0,0,False,10.62,3.84,69.23,1.48,80.0,0.0,0.0,1.18,7.97,9.0,0.30000000000000004,2,0.59,0,0.0,0.0,0.0,0,0.0,0.0,0,0.0,0,0.0,0.0,0.0,0.0,0.0,0.0,0.0,0.0,0.0,0.0,0.0,0.0,0.0,0.59,100.0,0.0,0.0,0.30000000000000004,29.21,0.30000000000000004,0.59,39.84,88.15,15.93,75.93,1.48,100.0,34.52,93.16,5.31,55.56,23.56,43.81,0.0,0.0,0.0,0.0,0.0,0.0,0.0,4.13,57.14,0.30000000000000004,0.0,0.0,0.0,0.0,0.0,7.08,62.5,97.14,20.66,0,,0,,0,0.0,0.0,0.0,,,0.89,,1.48,0.0,0.0,0.0,0.0,0,0
A. Kırım,Abdulsamet Kırım,317608,Boluspor,Boluspor,https://cdn5.wyscout.com/photos/team/public/1346_120x120.png,1. Lig,"LB, LAMF",LB,81,LAMF,12,,0,33,1993-06-25,0,,4,304,0,0.08,0,0.0,12.73,62.79,Türkiye,['Türkiye'],left,0,0,False,13.91,6.8100000000000005,56.52,1.18,25.0,0.30000000000000004,0.31,0.0,9.77,10.31,0.59,1,0.30000000000000004,0,0.0,2.96,0.0,0,0.0,0.02,0,0.0,1,0.30000000000000004,0.0,0.0,0.0,1.78,33.33,1.78,33.33,0.0,0.0,0.30000000000000004,2.37,100.0,4.74,81.25,0.59,0.30000000000000004,0.0,23.39,0.89,1.48,34.93,66.95,15.39,61.54,3.55,66.67,27.83,70.21,5.33,61.11,19.53,42.03,0.0,0.0,0.0,0.0,0.0,0.0,0.0,3.85,69.23,2.37,25.0,0.0,0.0,0.30000000000000004,0.59,10.36,48.57,74.29,10.36,0,,0,,0,0.0,0.0,0.0,,,0.0,,1.18,0.30000000000000004,0.0,0.0,0.0,0,0
O. Erdoğan,Okan Erdoğan,454248,Sivasspor,Sivasspor,https://cdn5.wyscout.com/photos/team/public/818_120x120.png,1. Lig,LCB,LCB,97,,0,,0,27,1998-09-29,0,2028-06-30,4,299,0,0.07,0,0.0,5.12,82.35,Germany,"['Germany', 'Türkiye']",right,185,78,False,6.62,1.81,83.33,2.41,87.5,0.0,0.0,0.30000000000000004,5.12,7.29,0.9,0,0.0,0,0.0,0.0,0.0,0,0.0,0.02,0,0.0,1,0.30000000000000004,0.0,0.0,0.0,0.0,0.0,0.0,0.0,0.0,0.0,0.0,0.0,0.0,0.30000000000000004,100.0,0.6000000000000001,2.11,0.0,37.93,1.2,0.6000000000000001,50.27,92.81,16.86,87.5,2.11,85.71,48.46,95.03,1.81,33.33,17.6,19.59,0.0,0.0,0.0,0.0,0.0,0.0,0.0,3.91,76.92,0.30000000000000004,0.0,0.0,0.0,0.0,0.0,3.61,66.67,98.85,26.19,0,,0,,0,0.0,0.0,0.0,,,0.30000000000000004,,2.41,0.0,0.0,0.0,0.0,0,0
A. Yiğiter,Abdullah Yiğiter,418695,Antalyaspor,Antalyaspor,https://cdn5.wyscout.com/photos/team/public/1189_120x120.png,1. Lig,GK,GK,100,,0,,0,26,2000-02-20,200000,2027-06-30,3,296,0,0.0,0,0.0,0.91,33.33,Türkiye,['Türkiye'],right,189,79,False,0.30000000000000004,0.30000000000000004,0.0,0.0,0.0,0.0,0.0,0.0,0.30000000000000004,0.53,0.0,0,0.0,0,0.0,0.0,0.0,0,0.0,0.0,0,0.0,0,0.0,0.0,0.0,0.0,0.0,0.0,0.0,0.0,0.0,0.0,0.0,0.0,0.0,0.61,50.0,0.0,0.0,0.0,17.03,0.30000000000000004,0.30000000000000004,24.93,89.02,9.73,81.25,0.30000000000000004,100.0,18.85,98.39,5.78,57.89,26.98,53.18,0.0,0.0,0.0,0.0,0.0,0.0,0.0,1.52,40.0,0.0,0.0,0.0,0.0,0.0,0.0,4.5600000000000005,73.33,93.48,13.99,8,2.43,18,5.47,0,55.56,6.42,1.9500000000000002,-1.58,-0.48,0.0,1.22,0.0,,,,0.0,0,0
Y. Benrahou,Yassine Benrahou,446690,Manisa F.K.,Manisa F.K.,https://cdn5.wyscout.com/photos/team/public/g34120_120x120.png,1. Lig,"AMF, RCMF, RAMF",AMF,42,RCMF,32,RAMF,24,27,1999-01-24,0,2027-06-30,4,295,0,0.56,2,1.57,10.68,31.43,France,"['France', 'Morocco']",left,172,68,False,4.27,4.58,33.33,0.61,0.0,0.61,0.88,0.0,2.14,3.09,1.22,1,0.31,0,0.0,4.58,0.0,0,0.0,0.17,0,0.0,7,2.14,42.86,0.0,0.61,3.05,50.0,1.83,33.33,1.22,75.0,0.0,2.44,62.5,4.58,33.33,2.44,0.92,0.0,42.41,1.53,0.0,52.47,79.07,15.56,62.75,15.86,94.23,45.76,82.0,3.66,66.67,17.1,45.42,0.48,2.44,0.0,0.0,0.61,100.0,1.53,6.41,57.14,3.9699999999999998,61.54,0.61,100.0,1.22,1.53,6.41,90.48,80.49,12.51,0,,0,,0,0.0,0.0,0.0,,,3.05,,0.61,1.83,0.61,0.0,2.14,0,0
B. Samudio,Braian José Samudio Segovia,434921, Esenler Erokspor, Esenler Erokspor,https://cdn5.wyscout.com/photos/team/public/g39486_120x120.png,1. Lig,"CF, RAMF, AMF",CF,58,RAMF,23,AMF,10,30,1995-12-23,1000000,2027-06-30,4,294,0,0.73,0,0.28,11.63,31.58,Paraguay,['Paraguay'],right,181,79,False,1.22,2.76,11.11,3.98,30.77,0.0,0.0,0.0,0.92,1.38,2.14,0,0.0,0,0.0,0.92,0.0,0,0.0,0.22,0,0.0,7,2.14,14.29,0.0,0.0,1.53,40.0,0.61,50.0,0.92,33.33,0.0,0.0,0.0,3.67,25.0,4.29,0.61,0.0,23.88,2.76,0.31,30.92,71.29,10.71,60.0,4.59,80.0,28.16,73.91,1.22,50.0,16.86,41.26,0.08,0.61,0.0,0.0,0.0,0.0,0.31,5.51,61.11,0.92,66.67,0.0,0.0,0.31,0.61,5.2,76.47,84.62,7.96,0,,0,,0,0.0,0.0,0.0,,,0.0,,3.98,0.31,0.31,0.0,0.0,0,0
S. Hostikka,Santeri Hostikka,361055,Ümranıyespor,Ümranıyespor,https://cdn5.wyscout.com/photos/team/public/g19664_120x120.png,1. Lig,LWF,LWF,100,,0,,0,28,1997-09-30,0,2027-06-30,4,294,0,1.26,0,1.01,15.92,40.38,Finland,['Finland'],right,183,76,False,4.9,3.06,30.0,2.14,42.86,0.0,0.0,0.0,3.98,4.88,0.92,0,0.0,0,0.0,3.06,0.0,0,0.0,0.39,0,0.0,6,1.8399999999999999,50.0,0.0,0.0,1.8399999999999999,66.67,1.53,80.0,0.31,0.0,0.31,2.45,25.0,9.8,40.63,4.59,2.14,0.31,22.65,3.06,1.53,33.37,80.73,9.18,70.0,9.8,90.63,29.08,83.16,2.45,62.5,15.82,41.6,0.31,2.45,0.0,0.0,0.31,100.0,1.53,2.76,66.67,1.8399999999999999,100.0,0.31,100.0,1.53,1.22,6.43,71.43,80.77,7.96,0,,0,,0,0.0,0.0,0.0,,,0.0,,2.14,0.0,0.0,0.0,0.61,0,0
Y. Özer,Yusuf Ali Özer,-190219,İstanbulspor,İstanbulspor,https://cdn5.wyscout.com/photos/team/public/g2226_120x120.png,1. Lig,LB,LB,91,,0,,0,24,2002-06-19,150000,2027-06-30,3,293,1,0.07,0,0.21,8.29,62.96,Türkiye,['Türkiye'],left,0,0,False,6.45,3.99,61.54,2.46,62.5,0.0,0.0,0.31,3.99,4.59,0.0,0,0.0,0,0.0,1.8399999999999999,0.31,1,0.31,0.02,0,0.0,5,1.54,40.0,20.0,0.0,2.15,57.14,2.15,57.14,0.0,0.0,0.0,0.61,0.0,1.8399999999999999,66.67,0.92,0.92,0.0,28.87,1.8399999999999999,0.92,39.01,83.46,13.52,70.45,10.14,100.0,34.1,90.99,2.76,11.11,18.56,41.83,0.06,0.61,0.0,0.0,0.0,0.0,0.61,4.61,66.67,2.46,37.5,0.0,0.0,0.0,0.92,5.53,72.22,85.71,10.75,0,,0,,0,0.0,0.0,0.0,,,0.92,,2.46,0.31,0.31,0.0,0.0,0,0
L. Mago,Luis Enrique Del Pino Mago,386323,Muğlaspor,Muğlaspor,https://cdn5.wyscout.com/photos/team/public/g14051_120x120.png,1. Lig,LCB,LCB,100,,0,,0,31,1994-09-15,275000,,3,292,0,0.0,0,0.0,6.47,61.9,Venezuela,"['Venezuela', 'England']",left,183,79,False,8.01,2.16,71.43,3.39,72.73,0.0,0.0,0.92,6.47,8.18,1.23,0,0.0,0,0.0,0.0,0.0,0,0.0,0.0,0,0.0,1,0.31,0.0,0.0,0.0,0.0,0.0,0.0,0.0,0.0,0.0,0.0,0.0,0.0,0.92,0.0,0.31,1.23,0.0,24.35,0.31,0.0,36.06,85.47,15.72,82.35,1.85,83.33,31.13,90.1,4.93,56.25,22.07,41.94,0.0,0.0,0.0,0.0,0.0,0.0,0.0,3.7,66.67,0.92,0.0,0.0,0.0,0.0,0.0,5.55,55.56,95.65,14.18,0,,0,,0,0.0,0.0,0.0,,,1.54,,3.39,0.0,0.0,0.0,0.0,0,0
E. Yeşilyurt,Erdoğan Yeşilyurt,251554,Antalyaspor,Antalyaspor,https://cdn5.wyscout.com/photos/team/public/1189_120x120.png,1. Lig,"LB, LWB",LB,55,LWB,34,,0,32,1993-11-06,1200000,2028-06-30,5,292,0,0.0,0,0.58,10.17,54.55,Germany,"['Germany', 'Türkiye']",right,175,70,False,6.16,4.32,57.14,1.85,50.0,0.0,0.0,0.31,3.7,5.45,0.0,0,0.0,0,0.0,2.47,0.0,0,0.0,0.0,0,0.0,1,0.31,0.0,0.0,0.0,3.7,33.33,2.16,28.57,1.54,40.0,0.62,0.92,100.0,2.77,66.67,0.92,1.23,0.0,29.59,2.47,1.23,35.14,73.68,11.71,65.79,5.24,94.12,28.05,83.52,3.7,41.67,20.4,30.09,0.18,1.23,0.0,0.0,0.31,100.0,0.62,3.08,60.0,4.32,28.57,0.31,100.0,0.31,1.23,7.4,70.83,74.29,10.79,0,,0,,0,0.0,0.0,0.0,,,0.0,,1.85,0.62,0.0,0.0,0.92,0,0
J. Bardhi,Jurgen Bardhi,390791,Vanspor FK,Vanspor FK,https://cdn5.wyscout.com/photos/team/public/g2346_120x120.png,1. Lig,"AMF, RAMF",AMF,63,RAMF,16,,0,28,1997-11-06,500000,,3,291,1,0.8300000000000001,0,0.11,15.77,45.1,Albania,['Albania'],right,181,71,False,3.4,3.09,50.0,2.47,50.0,0.0,0.0,0.31,1.8599999999999999,2.37,0.62,0,0.0,0,0.0,1.55,0.31,1,0.31,0.26,0,0.0,7,2.16,28.57,14.286,0.0,1.24,25.0,0.31,100.0,0.62,0.0,0.31,0.31,100.0,8.97,44.83,2.16,2.7800000000000002,0.31,22.89,1.55,2.47,27.22,65.91,8.97,51.72,4.64,86.67,23.51,72.37,2.47,25.0,15.6,34.42,0.03,0.31,0.0,0.0,0.31,100.0,0.0,4.33,50.0,1.8599999999999999,16.67,0.31,100.0,0.31,0.62,2.7800000000000002,44.44,60.87,7.11,0,,0,,0,0.0,0.0,0.0,,,0.0,,2.47,0.62,0.0,0.0,0.62,0,0
Emre Taşdemir,Emre Taşdemir,214806,Mardin 1969,Mardin 1969,https://cdn5.wyscout.com/photos/team/public/g-14762_120x120.png,1. Lig,LB,LB,100,,0,,0,31,1995-08-08,125000,2027-06-30,4,290,0,0.05,1,0.91,9.93,56.25,Türkiye,['Türkiye'],left,176,70,False,5.59,4.34,71.43,1.24,50.0,0.0,0.0,0.0,2.48,3.24,0.62,2,0.62,0,0.0,2.48,0.0,0,0.0,0.02,0,0.0,4,1.24,0.0,0.0,0.31,3.7199999999999998,50.0,3.7199999999999998,50.0,0.0,0.0,0.62,1.55,40.0,4.03,38.46,1.55,1.24,0.62,31.34,2.48,1.24,40.97,75.0,15.21,71.43,6.52,90.48,30.72,82.83,6.52,52.38,22.51,41.6,0.28,1.8599999999999999,0.0,0.0,0.0,0.0,1.55,7.45,54.17,4.34,57.14,0.0,0.0,0.62,1.8599999999999999,9.0,82.76,68.57,10.86,0,,0,,0,0.0,0.0,0.0,,,0.62,,1.24,0.31,0.0,0.0,0.0,0,0
Y. Sertkaya,Yusuf Sertkaya,-342702,Bodrumspor,Bodrumspor,https://cdn5.wyscout.com/photos/team/public/g34119_120x120.png,1. Lig,"DMF, LDMF, RDMF",DMF,29,LDMF,23,RDMF,17,21,2005-08-20,0,2029-06-30,4,290,0,0.04,0,0.18,13.03,47.62,Türkiye,['Türkiye'],right,187,71,False,6.83,5.28,58.82,2.17,42.86,0.0,0.0,0.93,3.7199999999999998,4.68,1.24,0,0.0,0,0.0,0.31,0.0,0,0.0,0.01,0,0.0,1,0.31,0.0,0.0,0.0,0.31,100.0,0.31,100.0,0.0,0.0,0.0,0.0,0.0,4.66,40.0,0.0,1.8599999999999999,0.0,29.79,0.31,1.24,39.41,88.19,10.86,82.86,8.38,92.59,36.31,91.45,2.79,44.44,18.59,43.0,0.06,0.62,0.0,0.0,0.0,0.0,0.62,7.14,73.91,0.31,100.0,0.0,0.0,0.0,0.31,4.66,80.0,86.79,16.45,0,,0,,0,0.0,0.0,0.0,,,0.93,,2.17,0.0,0.0,0.0,0.0,0,0
M. Mert,Metehan Mert,496260,Batman Petrolspor,Batman Petrolspor,https://cdn5.wyscout.com/photos/team/public/g2887_120x120.png,1. Lig,RCB,RCB,96,,0,,0,27,1999-05-01,200000,2027-06-30,3,289,0,0.28,0,0.22,10.28,72.73,Türkiye,['Türkiye'],right,182,78,False,8.72,3.43,63.64,2.8,55.56,0.0,0.0,0.62,6.54,9.4,0.93,2,0.62,1,0.31,1.87,0.0,0,0.0,0.09,0,0.0,2,0.62,50.0,0.0,0.0,0.31,100.0,0.0,0.0,0.31,100.0,0.0,1.25,100.0,3.11,90.0,0.93,0.0,0.0,30.21,0.93,2.8,45.47,89.73,14.95,79.17,3.74,100.0,40.48,93.85,4.67,53.33,20.99,44.66,0.07,0.31,0.0,0.0,0.0,0.0,0.31,5.61,66.67,0.93,66.67,0.31,100.0,0.0,0.31,6.54,76.19,93.94,20.55,0,,0,,0,0.0,0.0,0.0,,,3.74,,2.8,0.31,0.0,0.0,0.0,0,0
A. Barak,Ali Barak,-97029,Muğlaspor,Muğlaspor,https://cdn5.wyscout.com/photos/team/public/g14051_120x120.png,1. Lig,LB,LB,100,,0,,0,23,2003-02-26,75000,2029-06-30,4,289,0,0.08,0,0.27,17.44,60.71,Germany,"['Germany', 'Türkiye']",left,185,0,False,9.34,7.47,66.67,1.25,25.0,0.0,0.0,0.0,4.36,5.53,1.56,0,0.0,0,0.0,3.74,0.0,0,0.0,0.02,0,0.0,1,0.31,0.0,0.0,0.0,4.05,46.15,4.05,46.15,0.0,0.0,0.62,2.8,66.67,7.79,56.0,2.18,2.49,0.31,23.04,3.74,2.49,30.21,75.26,11.21,80.56,4.05,92.31,23.98,81.82,2.49,50.0,17.4,27.76,0.09,0.93,0.0,0.0,0.0,0.0,0.93,4.05,92.31,2.8,44.44,0.0,0.0,0.31,2.18,6.85,72.73,70.97,9.65,0,,0,,0,0.0,0.0,0.0,,,0.31,,1.25,0.0,0.0,0.0,0.0,0,0
A. Uysal,Muhammed  Alperen Uysal,217697,Vanspor FK,Vanspor FK,https://cdn5.wyscout.com/photos/team/public/g2346_120x120.png,1. Lig,GK,GK,100,,0,,0,32,1994-01-01,250000,2027-06-30,3,288,0,0.0,0,0.0,0.0,0.0,Türkiye,['Türkiye'],right,190,78,False,0.0,0.0,0.0,0.0,0.0,0.0,0.0,0.0,0.0,0.0,0.0,0,0.0,0,0.0,0.0,0.0,0,0.0,0.0,0,0.0,0,0.0,0.0,0.0,0.0,0.0,0.0,0.0,0.0,0.0,0.0,0.0,0.0,0.0,0.0,0.0,0.0,0.0,0.0,18.44,0.63,0.0,25.63,86.59,9.38,73.33,0.0,0.0,19.69,100.0,5.94,42.11,29.26,49.0,0.0,0.0,0.0,0.0,0.0,0.0,0.0,1.25,25.0,0.0,0.0,0.0,0.0,0.0,0.0,3.75,58.33,94.0,15.63,8,2.5,14,4.38,0,42.86,6.55,2.05,-1.45,-0.453,0.0,1.56,0.0,,,,0.0,0,0
Y. Güreler,Yasin Güreler,268027,Manisa F.K.,Manisa F.K.,https://cdn5.wyscout.com/photos/team/public/g34120_120x120.png,1. Lig,LB,LB,100,,0,,0,35,1991-07-02,150000,2027-06-30,3,287,0,0.06,0,0.05,9.41,56.67,Türkiye,['Türkiye'],left,183,78,False,8.47,5.96,63.16,1.57,40.0,0.31,0.45,0.31,4.39,6.27,0.31,1,0.31,0,0.0,0.63,0.0,0,0.0,0.02,0,0.0,1,0.31,0.0,0.0,0.0,1.25,25.0,1.25,25.0,0.0,0.0,0.0,0.63,50.0,0.9400000000000001,33.33,0.9400000000000001,0.31,0.0,25.71,4.08,0.0,31.67,77.23,11.6,72.97,6.27,95.0,27.91,82.02,2.51,50.0,17.96,33.27,0.01,0.31,0.0,0.0,0.0,0.0,0.31,2.2,71.43,1.25,50.0,0.0,0.0,0.0,0.31,6.27,60.0,71.43,8.78,0,,0,,0,0.0,0.0,0.0,,,1.25,,1.57,0.0,0.0,0.0,0.0,0,0
C. Soukou,Cebio Soukou,200948,Ümranıyespor,Ümranıyespor,https://cdn5.wyscout.com/photos/team/public/g19664_120x120.png,1. Lig,"CF, RWF, LWF",CF,49,RWF,32,LWF,18,33,1992-10-02,350000,2027-06-30,3,286,2,0.91,0,0.39,10.07,37.5,Germany,"['Germany', 'Benin']",right,185,85,False,1.57,1.57,20.0,2.2,42.86,0.0,0.0,0.31,1.26,1.54,1.26,0,0.0,0,0.0,2.83,0.63,2,0.63,0.29,0,0.0,8,2.52,62.5,25.0,0.0,0.63,0.0,0.0,0.0,0.63,0.0,0.0,1.57,80.0,5.35,41.18,2.52,0.63,0.0,20.45,5.35,1.26,22.03,77.14,4.09,69.23,6.61,90.48,20.45,80.0,0.9400000000000001,66.67,13.07,19.79,0.12,0.63,0.0,0.0,0.31,0.0,0.63,1.57,60.0,1.57,20.0,0.31,0.0,0.9400000000000001,0.0,1.8900000000000001,66.67,62.5,5.03,0,,0,,0,0.0,0.0,0.0,,,0.0,,2.2,0.63,0.63,100.0,1.26,0,0
Pedrinho,Pedro Filipe Barbosa Moreira,199134,,Antalyaspor,,,"LCMF, LDMF, RCMF",LCMF,42,LDMF,34,RCMF,22,33,1992-12-20,600000,,3,286,0,0.06,0,0.0,10.38,57.58,Portugal,['Portugal'],right,170,73,False,4.41,5.35,47.06,1.26,75.0,0.0,0.0,0.0,1.8900000000000001,2.25,1.26,0,0.0,0,0.0,0.0,0.0,0,0.0,0.02,0,0.0,2,0.63,0.0,0.0,0.0,0.0,0.0,0.0,0.0,0.0,0.0,0.0,0.0,0.0,3.15,80.0,0.31,0.9400000000000001,0.0,35.56,0.31,2.2,45.0,86.71,12.59,70.0,8.81,100.0,39.65,88.89,5.35,70.59,19.44,41.99,0.0,0.31,0.31,0.0,0.0,0.0,0.0,7.55,83.33,0.9400000000000001,33.33,0.0,0.0,0.63,0.0,7.55,83.33,88.71,19.51,0,,0,,0,0.0,0.0,0.0,,,0.63,,1.26,0.31,0.0,0.0,0.0,0,0
O. Gürbulak,Oğuz Gürbulak,162724,Batman Petrolspor,Batman Petrolspor,https://cdn5.wyscout.com/photos/team/public/g2887_120x120.png,1. Lig,"RCMF, LCMF",RCMF,57,LCMF,26,,0,34,1992-08-10,250000,2027-06-30,4,282,0,0.74,0,0.31,9.57,43.33,Türkiye,['Türkiye'],right,178,74,False,7.02,4.47,64.29,1.28,0.0,0.32,0.49,0.64,3.83,5.9,0.32,0,0.0,0,0.0,1.6,0.0,0,0.0,0.24,0,0.0,5,1.6,0.0,0.0,0.0,1.6,60.0,0.96,66.67,0.64,50.0,0.0,1.6,40.0,2.87,33.33,1.9100000000000001,0.32,0.0,24.57,1.6,0.0,31.28,74.49,10.53,60.61,6.38,100.0,26.17,80.49,3.83,33.33,18.83,45.95,0.1,0.96,0.0,0.0,0.0,0.0,0.64,3.51,54.55,2.23,57.14,0.0,0.0,0.32,1.28,6.38,60.0,76.47,10.85,0,,0,,0,0.0,0.0,0.0,,,0.32,,1.28,0.0,0.0,0.0,0.96,0,0
R. Niyaz,Recep Niyaz,155406, Esenler Erokspor, Esenler Erokspor,https://cdn5.wyscout.com/photos/team/public/g39486_120x120.png,1. Lig,"AMF, RCMF",AMF,72,RCMF,27,,0,31,1995-08-02,750000,2027-06-30,4,278,0,0.5700000000000001,0,0.5,9.71,53.33,Türkiye,['Türkiye'],right,165,59,False,2.59,2.27,42.86,0.97,66.67,0.0,0.0,0.32,1.62,2.38,0.65,1,0.32,0,0.0,1.94,0.0,0,0.0,0.19,0,0.0,5,1.62,20.0,0.0,0.0,1.62,40.0,0.32,0.0,1.29,50.0,0.32,0.97,100.0,5.18,56.25,3.56,0.97,0.0,36.58,1.29,1.62,44.35,88.32,11.65,80.56,12.3,97.37,39.82,92.68,2.91,55.56,17.21,32.81,0.16,0.97,0.0,0.0,0.0,0.0,0.65,4.53,64.29,1.94,50.0,0.0,0.0,0.32,0.97,4.21,76.92,85.37,13.27,0,,0,,0,0.0,0.0,0.0,,,0.65,,0.97,0.32,0.0,0.0,1.62,0,0
J. Díaz López,José Martín Hosue Díaz López,-725260,Boluspor,Boluspor,https://cdn5.wyscout.com/photos/team/public/1346_120x120.png,1. Lig,"RDMF, LDMF, RCMF",RDMF,58,LDMF,17,RCMF,14,21,2005-02-07,0,2027-06-30,3,277,0,0.34,0,0.01,13.0,52.5,Paraguay,['Paraguay'],,180,70,True,9.1,6.82,57.14,3.25,50.0,0.32,0.37,0.32,4.87,5.5600000000000005,1.62,0,0.0,0,0.0,0.0,0.0,0,0.0,0.11,0,0.0,5,1.62,0.0,0.0,0.0,0.0,0.0,0.0,0.0,0.0,0.0,0.0,0.32,0.0,1.9500000000000002,50.0,0.97,0.32,0.0,23.39,0.0,0.97,31.84,76.53,10.07,51.61,3.25,90.0,26.97,83.13,4.87,40.0,19.85,40.54,0.0,0.32,0.0,0.0,0.0,0.0,0.0,4.87,46.67,0.97,0.0,0.0,0.0,0.0,0.0,3.5700000000000003,54.55,94.74,12.35,0,,0,,0,0.0,0.0,0.0,,,0.0,,3.25,0.0,0.0,0.0,0.0,0,0
E. Alıç,Enes Alıç,507279, Esenler Erokspor, Esenler Erokspor,https://cdn5.wyscout.com/photos/team/public/g39486_120x120.png,1. Lig,LB,LB,100,,0,,0,27,1999-08-26,175000,2027-06-30,4,274,0,0.09,0,0.49,9.85,43.33,Türkiye,['Türkiye'],left,0,0,False,7.23,5.58,35.29,0.0,0.0,0.0,0.0,0.33,5.26,7.62,1.31,1,0.33,0,0.0,2.3,0.0,0,0.0,0.03,0,0.0,3,0.99,0.0,0.0,0.0,2.96,44.44,2.96,44.44,0.0,0.0,0.66,1.31,75.0,3.2800000000000002,60.0,0.99,1.31,0.33,35.8,2.3,0.99,45.33,84.78,14.78,75.56,6.57,95.0,41.39,88.89,0.99,33.33,16.27,21.7,0.16,1.31,0.0,0.0,0.0,0.0,0.66,4.27,84.62,3.61,36.36,0.0,0.0,0.33,1.31,5.91,66.67,90.0,13.14,0,,0,,0,0.0,0.0,0.0,,,0.66,,0.0,0.0,0.0,0.0,0.99,0,0
Y. Erdoğan,Yusuf Erdoğan,210719, Esenler Erokspor, Esenler Erokspor,https://cdn5.wyscout.com/photos/team/public/g39486_120x120.png,1. Lig,"RAMF, LW, LAMF",RAMF,47,LW,28,LAMF,14,34,1992-08-07,500000,2027-06-30,4,270,0,1.6400000000000001,0,0.0,10.67,37.5,Türkiye,['Türkiye'],left,171,64,False,2.67,2.33,42.86,0.33,100.0,0.0,0.0,0.0,1.67,2.5,0.67,1,0.33,0,0.0,3.67,0.0,0,0.0,0.55,0,0.0,4,1.33,25.0,0.0,0.0,6.0,27.78,2.33,14.29,3.67,36.36,1.0,4.0,41.67,6.67,30.0,3.33,3.33,0.0,28.0,5.33,1.0,31.0,64.52,9.67,65.52,4.67,85.71,24.67,74.32,1.33,25.0,17.49,39.25,0.0,0.0,0.0,0.0,0.0,0.0,0.0,2.33,57.14,4.33,30.77,0.0,0.0,0.33,1.33,5.33,93.75,60.61,11.0,0,,0,,0,0.0,0.0,0.0,,,0.0,,0.33,0.0,0.0,0.0,1.67,1,0
Ö. Yiğiter,Özkan Yiğiter,-271046,Vanspor FK,Vanspor FK,https://cdn5.wyscout.com/photos/team/public/g2346_120x120.png,1. Lig,"LDMF, DMF, RDMF",LDMF,64,DMF,21,RDMF,13,26,2000-01-07,200000,2028-06-30,3,270,0,0.01,0,0.0,8.0,66.67,Türkiye,['Türkiye'],right,190,80,False,5.33,4.67,71.43,1.0,33.33,0.33,0.43,0.0,1.67,2.14,0.67,1,0.33,0,0.0,0.67,0.0,0,0.0,0.0,0,0.0,1,0.33,0.0,0.0,0.0,0.0,0.0,0.0,0.0,0.0,0.0,0.0,0.67,100.0,1.67,80.0,0.0,0.67,0.0,27.67,0.0,0.67,34.67,94.23,10.33,83.87,4.33,100.0,32.67,95.92,2.0,66.67,20.23,50.09,0.0,0.0,0.0,0.33,0.0,0.0,0.0,3.67,81.82,0.0,0.0,0.33,100.0,0.0,0.0,4.33,100.0,98.04,17.0,0,,0,,0,0.0,0.0,0.0,,,0.0,,1.0,0.0,0.0,0.0,0.0,0,0
M. Erdilman,Mustafa Erdilman,-154494,Bodrumspor,Bodrumspor,https://cdn5.wyscout.com/photos/team/public/g34119_120x120.png,1. Lig,"RDMF, DMF, LDMF",RDMF,38,DMF,37,LDMF,18,22,2004-01-01,125000,2028-06-30,3,264,0,0.0,1,0.52,8.52,64.0,Türkiye,['Türkiye'],left,178,67,False,6.82,3.75,63.64,1.3599999999999999,25.0,0.0,0.0,0.34,4.43,5.74,1.7000000000000002,0,0.0,0,0.0,1.3599999999999999,0.0,0,0.0,0.0,0,0.0,0,0.0,0.0,0.0,0.34,2.05,33.33,2.05,33.33,0.0,0.0,0.0,0.68,100.0,2.39,85.71,0.68,0.34,0.0,30.68,0.0,1.3599999999999999,43.64,83.59,9.55,71.43,6.48,84.21,36.14,87.74,6.14,66.67,22.88,46.2,0.18,1.02,0.0,0.0,0.0,0.0,0.68,6.48,84.21,2.73,50.0,0.34,100.0,0.68,0.34,8.86,80.77,87.69,22.16,0,,0,,0,0.0,0.0,0.0,,,1.7000000000000002,,1.3599999999999999,0.0,0.0,0.0,0.34,0,0
Pedrinho,Pedro Henrique Oliveira dos Santos,-111107,Batman Petrolspor,Batman Petrolspor,https://cdn5.wyscout.com/photos/team/public/g2887_120x120.png,1. Lig,"LCMF, LCMF3",LCMF,82,LCMF3,10,,0,29,1996-12-19,750000,2027-06-30,4,264,1,1.6800000000000002,0,0.28,12.61,37.84,Brazil,['Brazil'],right,176,67,False,4.09,4.09,33.33,2.39,0.0,0.0,0.0,0.0,2.73,4.71,1.3599999999999999,3,1.02,0,0.0,1.7000000000000002,0.34,0,0.0,0.5700000000000001,0,0.0,8,2.73,25.0,12.5,0.0,1.3599999999999999,50.0,0.68,50.0,0.68,50.0,0.34,1.7000000000000002,20.0,5.8,58.82,1.3599999999999999,0.0,0.0,19.09,2.05,1.7000000000000002,24.89,63.01,9.89,51.72,3.07,66.67,18.75,67.27,5.11,53.33,19.47,34.54,0.09,1.02,0.0,0.0,0.0,0.0,0.0,4.77,50.0,3.75,45.45,0.34,100.0,1.02,0.68,6.14,66.67,79.17,8.18,0,,0,,0,0.0,0.0,0.0,,,0.0,,2.39,0.68,0.0,0.0,3.75,1,100
A. Cham,Alieu Cham,-673157,İstanbulspor,İstanbulspor,https://cdn5.wyscout.com/photos/team/public/g2226_120x120.png,1. Lig,"RW, LW, LAMF",RW,53,LW,30,LAMF,10,20,2006-05-05,0,2029-06-30,4,264,2,1.25,0,0.61,20.45,45.0,Gambia,['Gambia'],right,0,0,False,5.11,5.11,33.33,4.77,64.29,0.0,0.0,0.0,3.41,4.23,2.39,2,0.68,0,0.0,4.43,0.68,2,0.68,0.43,1,0.34,8,2.73,50.0,25.0,0.0,1.3599999999999999,75.0,1.02,66.67,0.34,100.0,0.0,4.09,50.0,9.2,44.44,2.05,3.75,0.34,16.36,2.05,1.7000000000000002,19.77,79.31,7.16,71.43,3.07,88.89,16.02,80.85,2.39,71.43,17.89,41.62,0.21,1.02,0.0,0.0,0.0,0.0,1.02,2.73,75.0,2.73,62.5,0.0,0.0,0.68,1.02,4.43,84.62,93.75,5.45,0,,0,,0,0.0,0.0,0.0,,,0.34,,4.77,0.0,0.0,0.0,0.0,0,0
B. Nızam,Berk Ali Nızam,510191,İstanbulspor,İstanbulspor,https://cdn5.wyscout.com/photos/team/public/g2226_120x120.png,1. Lig,"LW, LAMF",LW,72,LAMF,27,,0,26,2000-04-23,200000,2030-06-30,4,264,0,0.52,1,0.5700000000000001,12.95,57.89,Türkiye,['Türkiye'],right,182,76,False,3.75,3.41,90.0,1.02,0.0,0.0,0.0,0.0,0.68,0.78,0.68,2,0.68,0,0.0,2.39,0.0,0,0.0,0.18,0,0.0,2,0.68,0.0,0.0,0.34,1.3599999999999999,25.0,1.02,33.33,0.34,0.0,0.34,2.05,100.0,6.82,65.0,1.7000000000000002,1.7000000000000002,0.0,16.36,1.02,1.7000000000000002,20.45,76.67,6.48,63.16,4.43,84.62,17.73,82.69,1.3599999999999999,50.0,16.99,21.68,0.2,1.7000000000000002,0.0,0.0,0.0,0.0,0.34,2.39,57.14,1.3599999999999999,50.0,0.0,0.0,0.68,0.34,2.39,71.43,75.0,4.09,0,,0,,0,0.0,0.0,0.0,,,0.0,,1.02,0.68,0.0,0.0,1.3599999999999999,0,0
C. Charisis,Charilaos Charisis,288727,Sivasspor,Sivasspor,https://cdn5.wyscout.com/photos/team/public/818_120x120.png,1. Lig,LCMF,LCMF,91,,0,,0,31,1995-01-12,1000000,2028-06-30,4,260,0,0.26,0,0.46,9.0,53.85,Greece,['Greece'],right,177,70,False,4.85,4.15,58.33,1.04,33.33,0.6900000000000001,0.97,0.0,1.73,2.42,1.04,0,0.0,0,0.0,0.6900000000000001,0.0,0,0.0,0.09,0,0.0,4,1.38,25.0,0.0,0.0,1.04,0.0,0.35000000000000003,0.0,0.6900000000000001,0.0,0.35000000000000003,0.35000000000000003,100.0,3.12,44.44,0.35000000000000003,2.42,0.35000000000000003,20.08,0.35000000000000003,0.6900000000000001,27.0,84.62,9.35,77.78,4.15,83.33,24.92,91.67,1.04,0.0,15.01,16.94,0.16,0.6900000000000001,0.0,0.0,0.0,0.0,0.35000000000000003,4.85,85.71,1.04,33.33,0.0,0.0,0.6900000000000001,0.0,4.15,91.67,86.36,7.62,0,,0,,0,0.0,0.0,0.0,,,1.04,,1.04,0.35000000000000003,0.0,0.0,0.0,0,0
S. Göksu,Serkan Göksu,283034,Ümranıyespor,Ümranıyespor,https://cdn5.wyscout.com/photos/team/public/g19664_120x120.png,1. Lig,RCMF3,RCMF3,100,,0,,0,33,1993-05-19,225000,2027-06-30,4,259,0,0.41000000000000003,1,0.07,9.38,48.15,Türkiye,['Türkiye'],right,182,73,False,3.8200000000000003,4.52,38.46,1.04,33.33,0.0,0.0,0.0,2.08,2.5,2.08,2,0.6900000000000001,0,0.0,0.6900000000000001,0.0,0,0.0,0.14,0,0.0,3,1.04,33.33,0.0,0.35000000000000003,0.6900000000000001,0.0,0.0,0.0,0.6900000000000001,0.0,0.35000000000000003,0.35000000000000003,100.0,3.47,60.0,1.74,1.3900000000000001,0.0,29.54,0.6900000000000001,1.3900000000000001,37.53,85.19,13.2,78.95,8.69,84.0,35.44,87.25,1.3900000000000001,75.0,15.44,30.81,0.03,0.6900000000000001,0.0,0.0,0.0,0.0,1.04,3.8200000000000003,81.82,1.74,40.0,0.0,0.0,1.3900000000000001,0.35000000000000003,4.17,50.0,90.63,11.12,0,,0,,0,0.0,0.0,0.0,,,0.0,,1.04,0.0,0.0,0.0,0.0,0,0
G. Akkan,Gökhan Akkan,433254,Boluspor,Boluspor,https://cdn5.wyscout.com/photos/team/public/1346_120x120.png,1. Lig,LCB,LCB,80,,0,,0,27,1998-08-30,300000,2027-06-30,3,258,0,0.12,0,0.11,7.67,63.64,Türkiye,['Türkiye'],right,185,70,False,6.28,3.84,54.55,2.44,85.71,0.35000000000000003,0.38,0.35000000000000003,3.84,4.18,0.7000000000000001,0,0.0,0,0.0,0.7000000000000001,0.0,0,0.0,0.04,0,0.0,1,0.35000000000000003,0.0,0.0,0.0,0.35000000000000003,100.0,0.35000000000000003,100.0,0.0,0.0,0.0,0.35000000000000003,100.0,1.05,66.67,2.09,0.7000000000000001,0.35000000000000003,20.58,0.7000000000000001,0.35000000000000003,27.56,84.81,10.12,79.31,1.4,100.0,24.07,89.86,3.14,44.44,22.11,49.0,0.04,0.35000000000000003,0.0,0.0,0.0,0.0,0.35000000000000003,2.79,62.5,0.0,0.0,0.0,0.0,0.0,0.35000000000000003,3.14,66.67,92.31,13.6,0,,0,,0,0.0,0.0,0.0,,,0.7000000000000001,,2.44,0.0,0.0,0.0,0.0,0,0
M. Dursun,Muhammet Zeki Dursun,-568214,Boluspor,Boluspor,https://cdn5.wyscout.com/photos/team/public/1346_120x120.png,1. Lig,"AMF, RAMF, LB",AMF,44,RAMF,37,LB,15,20,2006-03-17,0,2029-06-30,3,258,0,0.08,0,0.24,20.23,39.66,Türkiye,['Türkiye'],,0,0,True,2.79,6.98,25.0,0.35000000000000003,100.0,0.0,0.0,0.0,1.05,1.1400000000000001,2.44,2,0.7000000000000001,0,0.0,1.05,0.0,0,0.0,0.03,0,0.0,3,1.05,0.0,0.0,0.0,2.44,0.0,1.05,0.0,1.4,0.0,0.35000000000000003,3.49,30.0,11.51,42.42,0.7000000000000001,1.74,0.35000000000000003,23.37,1.4,2.09,33.14,85.26,5.58,62.5,9.77,96.43,28.95,93.98,2.09,50.0,18.31,44.76,0.08,1.05,0.0,0.0,0.0,0.0,0.7000000000000001,2.79,75.0,2.44,14.29,0.0,0.0,1.4,0.0,3.14,100.0,82.35,11.86,0,,0,,0,0.0,0.0,0.0,,,0.7000000000000001,,0.35000000000000003,0.7000000000000001,0.0,0.0,0.35000000000000003,0,0
O. Çağlayan,Oğulcan Çağlayan,330351,Vanspor FK,Vanspor FK,https://cdn5.wyscout.com/photos/team/public/g2346_120x120.png,1. Lig,"CF, AMF, LAMF",CF,47,AMF,36,LAMF,15,30,1996-03-22,500000,2027-06-30,3,256,0,0.55,0,0.0,11.6,45.45,Türkiye,['Türkiye'],right,188,78,False,1.76,1.05,66.67,4.22,58.33,0.35000000000000003,0.37,0.35000000000000003,0.7000000000000001,0.73,0.0,0,0.0,0,0.0,1.4100000000000001,0.0,0,0.0,0.19,0,0.0,7,2.46,28.57,0.0,0.0,0.7000000000000001,0.0,0.7000000000000001,0.0,0.0,0.0,0.0,1.05,66.67,5.98,35.29,1.4100000000000001,0.35000000000000003,0.0,11.25,1.4100000000000001,1.05,16.17,69.57,2.11,16.67,7.03,90.0,15.12,72.09,0.35000000000000003,100.0,16.22,18.82,0.0,0.35000000000000003,0.0,0.0,0.0,0.0,0.35000000000000003,1.05,33.33,1.4100000000000001,25.0,0.0,0.0,0.35000000000000003,0.0,0.7000000000000001,50.0,71.43,4.92,0,,0,,0,0.0,0.0,0.0,,,0.0,,4.22,0.0,0.0,0.0,0.0,0,0
A. Traore,Ahmed  Traore,-805030,Fatih Karagümrük,Fatih Karagümrük,https://cdn5.wyscout.com/photos/team/public/g3014_120x120.png,1. Lig,"RAMF, LAMF, RW",RAMF,57,LAMF,20,RW,10,19,2007-04-13,0,,5,256,0,0.03,0,0.41000000000000003,17.23,40.82,Côte d'Ivoire,"[""Côte d'Ivoire""]",left,174,0,False,4.92,5.63,25.0,3.52,20.0,0.0,0.0,0.35000000000000003,3.52,5.0,2.46,1,0.35000000000000003,0,0.0,3.52,0.0,0,0.0,0.01,0,0.0,3,1.05,33.33,0.0,0.0,1.76,40.0,0.0,0.0,1.76,40.0,0.0,2.81,87.5,6.68,63.16,2.11,2.11,0.35000000000000003,22.15,1.4100000000000001,1.05,29.53,71.43,6.33,55.56,8.09,78.26,27.42,74.36,0.35000000000000003,0.0,14.08,10.1,0.14,0.7000000000000001,0.0,0.0,0.0,0.0,0.7000000000000001,2.81,62.5,2.11,33.33,0.0,0.0,0.7000000000000001,0.7000000000000001,3.87,72.73,79.17,8.44,0,,0,,0,0.0,0.0,0.0,,,0.35000000000000003,,3.52,0.0,0.0,0.0,0.7000000000000001,0,0
M. Buljubašić,Muhamed Buljubašić,-275383, Esenler Erokspor, Esenler Erokspor,https://cdn5.wyscout.com/photos/team/public/g39486_120x120.png,1. Lig,"LDMF, RDMF, RCMF",LDMF,64,RDMF,18,RCMF,14,22,2004-07-04,800000,2028-06-30,4,253,1,0.62,0,0.33,16.01,64.44,Bosnia and Herzegovina,['Bosnia and Herzegovina'],right,180,76,False,7.47,7.11,65.0,2.49,57.14,0.0,0.0,0.36,2.85,4.44,2.13,2,0.71,0,0.0,1.78,0.36,1,0.36,0.22,1,0.36,5,1.78,20.0,20.0,0.0,1.42,25.0,1.07,0.0,0.36,100.0,0.71,1.42,75.0,5.34,66.67,1.42,0.71,0.0,32.73,1.07,2.13,43.4,84.43,8.89,80.0,7.83,95.45,39.49,88.29,2.49,57.14,17.71,27.11,0.12,1.07,0.0,0.0,0.0,0.0,0.71,4.98,71.43,1.07,33.33,0.0,0.0,0.36,1.07,5.69,81.25,81.63,17.43,0,,0,,0,0.0,0.0,0.0,,,0.36,,2.49,0.0,0.0,0.0,0.0,0,0
E. Ayhan,Emirhan Ayhan,-574834,Bandırmaspor,Bandırmaspor,https://cdn5.wyscout.com/photos/team/public/g11986_120x120.png,1. Lig,"RW, DMF",RW,69,DMF,30,,0,20,2006-06-22,0,2029-06-30,4,250,2,0.49,0,0.09,10.8,43.33,Türkiye,['Türkiye'],,0,0,False,4.68,6.12,52.94,1.8,40.0,0.0,0.0,0.0,1.44,2.26,2.16,1,0.36,0,0.0,1.44,0.72,2,0.72,0.18,0,0.0,3,1.08,66.67,66.667,0.0,1.8,20.0,0.0,0.0,1.8,20.0,0.36,0.72,50.0,2.52,28.57,2.88,0.72,0.0,29.16,3.24,0.36,33.84,78.72,6.84,47.37,13.68,97.37,27.36,88.16,4.68,46.15,19.43,47.84,0.03,1.08,0.0,0.36,0.36,0.0,0.0,2.52,28.57,2.52,14.29,0.36,0.0,0.36,0.36,3.6,50.0,63.64,7.92,0,,0,,0,0.0,0.0,0.0,,,0.72,,1.8,0.0,0.0,0.0,0.0,0,0
M. Diarra,Mamady Diarra,425825,Muğlaspor,Muğlaspor,https://cdn5.wyscout.com/photos/team/public/g14051_120x120.png,1. Lig,"LW, RAMF, RW",LW,51,RAMF,30,RW,15,26,2000-06-26,300000,,4,249,0,0.38,0,0.07,14.82,53.66,Mali,['Mali'],left,180,73,False,4.34,3.98,54.55,1.45,25.0,0.0,0.0,0.0,2.17,2.77,0.72,0,0.0,0,0.0,2.89,0.0,0,0.0,0.14,0,0.0,2,0.72,100.0,0.0,0.0,1.45,25.0,1.08,33.33,0.36,0.0,0.36,2.5300000000000002,71.43,8.67,58.33,2.5300000000000002,1.45,0.0,24.22,1.81,2.89,30.36,80.95,7.23,50.0,8.31,100.0,28.19,85.9,0.72,0.0,13.07,10.35,0.03,0.72,0.0,0.0,0.0,0.0,0.36,3.25,66.67,2.17,50.0,0.0,0.0,0.72,0.36,2.89,100.0,84.21,6.87,0,,0,,0,0.0,0.0,0.0,,,0.0,,1.45,0.72,0.0,0.0,0.72,0,0
Phellipe,Phellipe Cardoso Araujo,-344826,İstanbulspor,İstanbulspor,https://cdn5.wyscout.com/photos/team/public/g2226_120x120.png,1. Lig,CF,CF,91,,0,,0,22,2004-05-23,0,2029-06-30,4,248,0,1.45,2,1.03,18.51,37.25,Brazil,['Brazil'],unknown,0,0,False,2.9,5.8100000000000005,31.25,2.18,50.0,0.0,0.0,0.0,1.09,1.25,2.9,0,0.0,0,0.0,3.99,0.0,0,0.0,0.53,0,0.0,7,2.54,42.86,0.0,0.73,1.09,0.0,1.09,0.0,0.0,0.0,0.36,3.27,66.67,9.44,42.31,2.54,2.18,0.0,29.76,1.81,1.45,33.75,81.72,7.98,77.27,6.9,94.74,30.85,85.88,1.81,60.0,19.87,21.92,0.37,1.81,0.0,0.0,1.09,66.67,1.45,5.08,78.57,3.27,55.56,1.45,75.0,2.18,0.36,5.44,73.33,81.25,11.61,0,,0,,0,0.0,0.0,0.0,,,0.73,,2.18,0.0,0.0,0.0,0.0,1,0
N. Storm,Nikola Storm,183121,Antalyaspor,Antalyaspor,https://cdn5.wyscout.com/photos/team/public/1189_120x120.png,1. Lig,LAMF,LAMF,84,,0,,0,31,1994-09-30,2000000,2027-06-30,4,248,1,0.58,1,0.25,7.98,45.45,Belgium,['Belgium'],right,178,74,False,1.81,1.09,66.67,0.36,100.0,0.0,0.0,0.0,1.09,2.0,0.36,1,0.36,0,0.0,5.08,0.36,1,0.36,0.21,0,0.0,5,1.81,40.0,20.0,0.36,2.9,62.5,2.54,57.14,0.36,100.0,0.36,2.54,100.0,6.17,41.18,4.35,2.18,0.36,23.59,3.63,0.0,29.76,71.95,7.62,52.38,7.26,90.0,24.68,75.0,3.27,55.56,19.15,34.49,0.09,0.73,0.36,0.0,0.0,0.0,0.36,5.8100000000000005,62.5,2.18,66.67,0.0,0.0,0.36,0.73,7.26,80.0,75.0,8.71,0,,0,,0,0.0,0.0,0.0,,,0.0,,0.36,0.0,0.0,0.0,0.73,0,0
S. Abifade,Samuel Abifade,443366,,Pendikspor,,,"LW, LCMF3, LB",LW,61,LCMF3,19,LB,18,26,1999-09-17,200000,,3,245,1,0.72,0,0.51,11.76,37.5,Germany,"['Germany', 'Nigeria']",left,186,84,False,7.35,1.8399999999999999,20.0,6.24,52.94,0.0,0.0,1.1,6.98,9.66,1.1,0,0.0,0,0.0,1.1,0.37,1,0.37,0.26,1,0.37,2,0.73,100.0,50.0,0.0,2.2,16.67,1.8399999999999999,0.0,0.37,100.0,0.73,0.0,0.0,3.67,20.0,2.94,0.73,0.0,19.47,4.41,0.73,28.65,61.54,9.55,50.0,8.08,86.36,24.98,69.12,1.8399999999999999,0.0,16.8,42.21,0.19,0.73,0.0,0.0,0.37,0.0,0.73,3.67,20.0,2.5700000000000003,28.57,0.73,0.0,1.1,0.37,5.51,40.0,42.86,7.71,0,,0,,0,0.0,0.0,0.0,,,0.37,,6.24,0.0,0.0,0.0,0.0,0,0
M. Dağaşan,Muhlis Dağaşan,-393675,İstanbulspor,İstanbulspor,https://cdn5.wyscout.com/photos/team/public/g2226_120x120.png,1. Lig,RB,RB,100,,0,,0,22,2004-08-09,0,2030-06-30,3,245,0,0.0,0,0.0,6.98,63.16,Netherlands,"['Netherlands', 'Türkiye']",right,180,0,False,6.98,3.67,50.0,1.47,100.0,0.0,0.0,0.0,5.14,5.92,0.73,0,0.0,0,0.0,0.73,0.0,0,0.0,0.0,0,0.0,0,0.0,0.0,0.0,0.0,0.73,50.0,0.0,0.0,0.73,50.0,0.0,0.73,50.0,1.8399999999999999,60.0,0.0,0.37,0.0,20.57,1.47,0.73,28.65,88.46,6.98,78.95,6.98,94.74,26.08,92.96,1.8399999999999999,40.0,19.03,34.26,0.0,0.0,0.0,0.0,0.0,0.0,0.0,2.5700000000000003,42.86,0.73,50.0,0.0,0.0,0.0,0.37,3.67,90.0,91.3,8.45,0,,0,,0,0.0,0.0,0.0,,,0.37,,1.47,0.0,0.0,0.0,0.0,0,0
R. Živković,Richairo Živković,279066,Vanspor FK,Vanspor FK,https://cdn5.wyscout.com/photos/team/public/g2346_120x120.png,1. Lig,"LAMF, CF",LAMF,49,CF,48,,0,29,1996-09-05,0,2028-06-30,3,244,1,0.14,0,0.07,9.59,53.85,Netherlands,"['Netherlands', 'Curaçao']",right,187,75,False,3.32,2.58,42.86,2.21,33.33,0.0,0.0,0.37,2.21,3.0,1.48,0,0.0,0,0.0,1.48,0.37,1,0.37,0.05,1,0.37,3,1.11,66.67,33.333,0.0,0.37,0.0,0.37,0.0,0.0,0.0,0.0,0.74,100.0,4.06,72.73,0.74,1.11,0.0,18.07,4.06,1.11,20.66,76.79,3.69,40.0,7.01,89.47,19.92,77.78,0.37,100.0,14.87,20.16,0.03,1.11,0.0,0.0,0.0,0.0,0.74,2.21,66.67,0.37,0.0,0.0,0.0,0.0,0.0,4.06,54.55,85.71,5.16,0,,0,,0,0.0,0.0,0.0,,,0.0,,2.21,0.0,0.0,0.0,0.0,0,0
M. Özcan,Mehmet Özcan,455642,Vanspor FK,Vanspor FK,https://cdn5.wyscout.com/photos/team/public/g2346_120x120.png,1. Lig,"RDMF, LDMF",RDMF,75,LDMF,14,,0,28,1998-08-10,450000,2027-06-30,3,244,0,0.21,0,0.0,18.07,65.31,Türkiye,['Türkiye'],right,177,75,False,11.43,8.48,73.91,1.11,66.67,0.37,0.5,0.0,4.8,6.5,1.11,0,0.0,0,0.0,0.74,0.0,0,0.0,0.08,0,0.0,2,0.74,0.0,0.0,0.0,1.11,33.33,0.74,50.0,0.37,0.0,0.0,1.11,33.33,7.38,50.0,1.11,0.37,0.0,21.76,0.74,2.21,34.3,86.02,14.02,84.21,2.21,100.0,30.25,90.24,2.95,62.5,17.77,43.63,0.0,0.0,0.0,0.0,0.0,0.0,0.0,4.8,69.23,3.32,55.56,0.0,0.0,1.48,0.74,6.27,82.35,85.29,12.54,0,,0,,0,0.0,0.0,0.0,,,0.0,,1.11,0.0,0.0,0.0,0.0,0,0
P. Yaldır,Polat Yaldır,-280167,Batman Petrolspor,Batman Petrolspor,https://cdn5.wyscout.com/photos/team/public/g2887_120x120.png,1. Lig,"RW, LW",RW,58,LW,19,,0,23,2003-05-17,50000,2029-06-30,4,241,1,0.22,1,0.48,13.44,50.0,Türkiye,['Türkiye'],right,184,77,False,4.48,4.11,36.36,2.61,42.86,0.37,0.63,0.37,2.61,4.38,1.87,1,0.37,0,0.0,2.99,0.37,1,0.37,0.08,0,0.0,2,0.75,100.0,50.0,0.37,2.24,50.0,0.37,0.0,1.87,60.0,0.0,1.49,75.0,5.98,62.5,0.75,1.49,0.37,17.18,1.87,1.87,22.41,83.33,5.6,80.0,2.61,100.0,17.55,89.36,3.36,66.67,21.87,33.8,0.18,1.87,0.0,0.0,0.0,0.0,1.49,1.12,100.0,4.11,54.55,0.37,0.0,0.75,1.12,6.35,82.35,78.26,8.59,0,,0,,0,0.0,0.0,0.0,,,0.0,,2.61,0.0,0.0,0.0,0.0,0,0
H. Akbunar,Halil Akbunar,225368,Bursaspor,Bursaspor,https://cdn5.wyscout.com/photos/team/public/827_120x120.png,1. Lig,"RAMF, AMF",RAMF,74,AMF,21,,0,32,1993-11-09,1400000,2028-06-30,3,241,0,0.54,0,0.49,12.32,45.45,Türkiye,['Türkiye'],left,167,61,False,4.48,3.36,44.44,1.12,66.67,0.0,0.0,0.37,2.99,4.53,1.87,0,0.0,0,0.0,2.61,0.0,0,0.0,0.2,0,0.0,2,0.75,0.0,0.0,0.0,3.36,33.33,0.0,0.0,3.36,33.33,0.37,1.87,80.0,6.72,50.0,4.11,1.87,0.0,19.42,1.12,0.75,23.9,78.13,3.36,33.33,8.59,95.65,19.79,86.79,0.75,50.0,18.12,28.25,0.18,1.12,0.0,0.0,0.0,0.0,1.12,0.37,100.0,2.99,50.0,0.0,0.0,1.12,1.49,2.61,57.14,71.43,5.23,0,,0,,0,0.0,0.0,0.0,,,0.37,,1.12,0.0,0.0,0.0,0.0,0,0
Benny,Bernardo Martins Sousa,460639,Batman Petrolspor,Batman Petrolspor,https://cdn5.wyscout.com/photos/team/public/g2887_120x120.png,1. Lig,RW,RW,83,,0,,0,26,2000-03-27,0,,4,240,1,0.27,0,0.4,11.25,26.67,Portugal,['Portugal'],left,178,73,False,2.25,4.5,25.0,0.38,0.0,0.0,0.0,0.0,1.13,1.67,0.75,0,0.0,0,0.0,2.25,0.38,1,0.38,0.1,0,0.0,5,1.88,20.0,20.0,0.0,4.5,16.67,0.75,50.0,3.75,10.0,0.38,1.13,100.0,4.88,30.77,2.25,1.88,0.38,24.38,4.5,0.0,28.13,64.0,7.13,63.16,4.13,90.91,20.63,74.55,3.38,55.56,18.53,34.41,0.15,0.75,0.0,0.0,0.38,0.0,0.75,3.0,62.5,4.88,30.77,0.38,0.0,1.13,1.13,7.13,63.16,57.58,12.38,0,,0,,0,0.0,0.0,0.0,,,0.0,,0.38,0.0,0.0,0.0,1.13,0,0
D. Camaj,Driton Camaj,318375,Muğlaspor,Muğlaspor,https://cdn5.wyscout.com/photos/team/public/g14051_120x120.png,1. Lig,"LW, LAMF",LW,62,LAMF,37,,0,29,1997-03-07,400000,,4,240,0,0.27,0,0.08,15.0,40.0,Montenegro,['Montenegro'],right,182,73,False,3.38,4.13,36.36,0.75,50.0,0.0,0.0,0.0,1.88,1.97,1.5,0,0.0,0,0.0,4.5,0.0,0,0.0,0.1,0,0.0,4,1.5,50.0,0.0,0.0,3.75,40.0,2.63,57.14,1.13,0.0,0.38,4.5,50.0,9.75,42.31,2.63,1.5,0.38,19.5,1.5,0.75,25.13,68.66,8.25,45.45,3.75,100.0,17.63,74.47,3.75,70.0,20.56,45.4,0.03,0.38,0.0,0.0,0.38,0.0,0.38,5.63,66.67,3.75,20.0,0.75,0.0,0.75,1.88,5.25,78.57,78.26,8.63,0,,0,,0,0.0,0.0,0.0,,,0.0,,0.75,0.0,0.0,0.0,1.5,0,0
B. Kör,Batuhan Kör,502967,Sarıyer,Sarıyer,https://cdn5.wyscout.com/photos/team/public/g2344_120x120.png,1. Lig,CF,CF,100,,0,,0,25,2001-03-09,225000,2027-06-30,4,237,3,1.72,0,0.5,12.53,51.52,Türkiye,['Türkiye'],right,181,73,False,3.04,2.2800000000000002,50.0,1.9,60.0,0.0,0.0,0.0,1.9,2.5,0.76,0,0.0,0,0.0,2.2800000000000002,1.1400000000000001,2,0.76,0.65,0,0.0,4,1.52,100.0,75.0,0.0,0.0,0.0,0.0,0.0,0.0,0.0,0.0,0.76,100.0,7.22,47.37,1.9,0.38,0.0,14.81,2.2800000000000002,2.2800000000000002,17.47,80.43,4.18,36.36,7.59,90.0,17.09,80.0,0.38,100.0,12.9,3.94,0.19,0.38,0.38,0.0,0.38,0.0,0.0,1.1400000000000001,33.33,0.0,0.0,0.38,0.0,0.38,0.0,1.52,25.0,100.0,2.66,0,,0,,0,0.0,0.0,0.0,,,0.0,,1.9,0.0,0.0,0.0,0.0,1,100
M. Çelik,Mert Çelik,498207,Sivasspor,Sivasspor,https://cdn5.wyscout.com/photos/team/public/818_120x120.png,1. Lig,RB,RB,100,,0,,0,26,2000-06-10,150000,2027-06-30,4,236,0,0.0,0,0.36,7.25,68.42,Türkiye,"['Türkiye', 'Azerbaijan']",right,186,76,False,7.63,4.19,63.64,1.1400000000000001,66.67,0.0,0.0,0.0,4.96,6.29,1.1400000000000001,2,0.76,0,0.0,0.38,0.0,0,0.0,0.0,0,0.0,0,0.0,0.0,0.0,0.0,0.38,100.0,0.0,0.0,0.38,100.0,0.38,0.0,0.0,1.53,75.0,0.0,0.0,0.0,13.73,0.76,1.1400000000000001,21.36,89.29,8.39,72.73,3.81,100.0,19.07,90.0,1.9100000000000001,80.0,20.7,36.79,0.14,0.76,0.0,0.0,0.0,0.0,0.38,1.53,100.0,0.76,100.0,0.0,0.0,0.0,0.38,3.43,55.56,100.0,6.48,0,,0,,0,0.0,0.0,0.0,,,0.38,,1.1400000000000001,0.0,0.0,0.0,0.0,0,0
Y. Bahadir,Yunus Bahadir,-65204,Ankara Keçiörengücü,Ankara Keçiörengücü,https://cdn5.wyscout.com/photos/team/public/g7284_120x120.png,1. Lig,RB,RB,100,,0,,0,24,2002-08-07,150000,2028-06-30,3,234,0,0.08,1,0.09,10.38,33.33,Belgium,"['Belgium', 'Türkiye']",right,180,70,False,8.46,5.77,40.0,0.38,0.0,0.38,0.45,0.77,5.77,6.72,0.77,0,0.0,0,0.0,1.54,0.0,0,0.0,0.03,0,0.0,1,0.38,100.0,0.0,0.38,0.77,50.0,0.0,0.0,0.77,50.0,0.0,0.77,100.0,4.23,27.27,0.38,1.15,0.0,26.54,0.38,0.38,35.0,81.32,16.54,74.42,6.92,77.78,31.92,83.13,2.31,66.67,17.83,38.56,0.04,0.77,0.0,0.0,0.0,0.0,0.38,4.23,100.0,0.77,50.0,0.0,0.0,0.0,0.38,8.08,57.14,88.89,6.92,0,,0,,0,0.0,0.0,0.0,,,0.0,,0.38,0.0,0.0,0.0,0.0,0,0
F. Afena-Gyan,Felix Ohene Afena-Gyan,-248760,Iğdır FK,Iğdır FK,https://cdn5.wyscout.com/photos/team/public/g-14609_120x120.png,1. Lig,"LW, RW, RWF",LW,53,RW,32,RWF,13,23,2003-01-19,0,2028-06-30,4,233,0,0.74,0,0.01,12.36,40.63,Ghana,['Ghana'],right,175,62,False,4.64,4.64,25.0,1.16,66.67,0.0,0.0,0.0,3.48,4.29,2.32,1,0.39,0,0.0,1.9300000000000002,0.0,0,0.0,0.29,0,0.0,7,2.7,42.86,0.0,0.0,0.77,0.0,0.39,0.0,0.39,0.0,0.0,1.9300000000000002,40.0,6.18,50.0,3.86,2.32,0.39,20.86,1.9300000000000002,2.32,22.4,70.69,4.64,25.0,8.88,86.96,20.09,75.0,1.9300000000000002,40.0,15.64,37.32,0.0,0.39,0.0,0.0,0.0,0.0,0.0,1.55,50.0,1.55,0.0,0.0,0.0,0.39,0.0,1.55,50.0,66.67,5.79,0,,0,,0,0.0,0.0,0.0,,,0.0,,1.16,0.0,0.0,0.0,0.0,0,0
D. Sinik,Doğukan Sinik,405718,Antalyaspor,Antalyaspor,https://cdn5.wyscout.com/photos/team/public/1189_120x120.png,1. Lig,"RAMF, LAMF, LW",RAMF,41,LAMF,24,LW,12,27,1999-01-21,2000000,2027-06-30,4,231,0,0.52,1,0.9,16.75,53.49,Türkiye,['Türkiye'],right,180,66,False,5.84,3.9,50.0,1.17,66.67,0.0,0.0,0.0,3.9,5.88,1.56,0,0.0,0,0.0,2.73,0.0,0,0.0,0.2,0,0.0,4,1.56,0.0,0.0,0.39,3.51,33.33,2.34,33.33,1.17,33.33,0.78,2.34,66.67,10.91,53.57,3.12,2.34,0.39,21.04,1.56,2.73,26.1,70.15,7.4,52.63,4.29,100.0,22.6,75.86,0.0,0.0,20.73,0.0,0.35000000000000003,1.56,0.0,0.0,0.0,0.0,1.17,4.29,63.64,1.56,50.0,0.0,0.0,0.39,1.17,4.68,75.0,76.47,6.62,0,,0,,0,0.0,0.0,0.0,,,0.0,,1.17,0.0,0.0,0.0,0.0,0,0
J. Çelhaka,Jurgen Çelhaka,-102645,Muğlaspor,Muğlaspor,https://cdn5.wyscout.com/photos/team/public/g14051_120x120.png,1. Lig,"RCMF, RDMF",RCMF,56,RDMF,43,,0,25,2000-12-06,500000,2028-06-30,3,231,0,0.0,0,0.0,9.35,50.0,Albania,['Albania'],right,183,77,False,7.01,8.18,47.62,0.78,50.0,0.39,0.42,0.39,2.73,2.92,3.12,2,0.78,1,0.39,0.0,0.0,0,0.0,0.0,0,0.0,0,0.0,0.0,0.0,0.0,0.78,0.0,0.0,0.0,0.78,0.0,0.0,0.0,0.0,0.39,100.0,0.0,0.0,0.0,28.44,0.0,0.39,40.52,85.58,16.36,73.81,3.9,90.0,38.96,87.0,0.78,100.0,15.69,25.31,0.0,0.0,0.0,0.0,0.39,0.0,0.0,7.4,89.47,0.78,0.0,0.39,0.0,0.0,0.0,6.62,88.24,94.74,14.81,0,,0,,0,0.0,0.0,0.0,,,0.0,,0.78,0.0,0.0,0.0,0.0,0,0
K. Kalafat,Kerem Kalafat,505499,,Pendikspor,,,RB,RB,100,,0,,0,25,2001-03-09,650000,,3,230,0,0.0,0,0.39,7.83,50.0,Türkiye,['Türkiye'],right,176,0,False,9.0,4.3,45.45,1.17,33.33,0.39,0.5700000000000001,0.0,6.65,9.62,1.96,1,0.39,0,0.0,0.78,0.0,0,0.0,0.0,0,0.0,1,0.39,100.0,0.0,0.0,2.74,14.29,0.0,0.0,2.74,14.29,0.78,0.0,0.0,1.57,75.0,0.0,0.0,0.0,26.22,3.52,1.57,32.09,74.39,11.35,68.97,7.43,100.0,26.61,82.35,2.74,57.14,19.91,59.0,0.15,0.39,0.0,0.0,0.0,0.0,0.39,4.7,66.67,2.74,28.57,0.39,100.0,0.39,0.78,7.83,55.0,57.89,7.43,0,,0,,0,0.0,0.0,0.0,,,0.0,,1.17,0.0,0.0,0.0,0.0,0,0
E. Akcan,Eyüp Akcan,-93431,Bursaspor,Bursaspor,https://cdn5.wyscout.com/photos/team/public/827_120x120.png,1. Lig,"LDMF, RDMF, LCMF",LDMF,48,RDMF,38,LCMF,13,24,2002-02-04,175000,2028-06-30,4,227,0,0.02,0,0.08,12.29,41.94,Türkiye,['Türkiye'],,171,0,False,1.98,5.15,23.08,1.19,100.0,0.0,0.0,0.0,0.79,1.25,1.19,0,0.0,0,0.0,1.5899999999999999,0.0,0,0.0,0.01,0,0.0,1,0.4,0.0,0.0,0.0,1.5899999999999999,50.0,0.4,100.0,1.19,33.33,0.0,0.79,50.0,4.76,41.67,2.7800000000000002,0.0,0.0,36.87,2.38,1.19,47.18,78.15,10.31,69.23,8.72,86.36,41.63,83.81,3.96,30.0,15.94,30.23,0.03,0.4,0.0,0.4,0.4,100.0,1.5899999999999999,5.15,69.23,1.5899999999999999,0.0,0.4,100.0,0.4,0.79,4.36,72.73,86.36,17.44,0,,0,,0,0.0,0.0,0.0,,,0.4,,1.19,0.0,0.0,0.0,0.0,0,0
T. Artuç,Tolunay Artuç,-399845,Boluspor,Boluspor,https://cdn5.wyscout.com/photos/team/public/1346_120x120.png,1. Lig,"LDMF, RCMF",LDMF,53,RCMF,38,,0,21,2005-06-11,0,2028-06-30,3,224,0,0.22,0,0.0,10.45,46.15,Türkiye,['Türkiye'],,0,0,False,4.82,6.03,33.33,0.4,100.0,0.4,0.43,0.0,2.41,2.5700000000000003,2.41,1,0.4,0,0.0,0.8,0.0,0,0.0,0.09,0,0.0,2,0.8,0.0,0.0,0.0,0.4,100.0,0.0,0.0,0.4,100.0,0.0,1.21,33.33,2.41,50.0,0.0,0.0,0.0,13.26,0.0,0.4,22.5,71.43,7.23,61.11,4.02,70.0,20.09,74.0,2.01,40.0,16.74,23.71,0.0,0.0,0.0,0.0,0.0,0.0,0.0,2.01,40.0,1.21,66.67,0.0,0.0,0.4,0.4,4.42,36.36,80.0,6.03,0,,0,,0,0.0,0.0,0.0,,,0.0,,0.4,0.0,0.0,0.0,0.0,0,0
M. Bostan,Melih Bostan,-159487,Ümranıyespor,Ümranıyespor,https://cdn5.wyscout.com/photos/team/public/g19664_120x120.png,1. Lig,CF,CF,100,,0,,0,22,2004-04-08,600000,2027-06-30,4,222,0,0.28,0,0.91,8.92,27.27,Türkiye,['Türkiye'],right,173,64,True,1.62,2.03,40.0,3.24,25.0,0.0,0.0,0.0,0.81,1.0,1.22,1,0.41000000000000003,0,0.0,0.41000000000000003,0.0,0,0.0,0.11,0,0.0,5,2.03,20.0,0.0,0.0,0.0,0.0,0.0,0.0,0.0,0.0,0.0,0.0,0.0,2.84,28.57,2.43,0.0,0.41000000000000003,11.76,1.62,0.81,13.38,84.85,1.22,66.67,5.68,92.86,13.38,84.85,0.0,0.0,7.62,0.0,0.37,1.22,0.0,0.0,0.0,0.0,1.22,0.81,50.0,0.0,0.0,0.0,0.0,1.22,0.0,0.81,50.0,80.0,2.03,0,,0,,0,0.0,0.0,0.0,,,0.0,,3.24,0.0,0.0,0.0,0.0,0,0
B. Kalaycı,Barış Kalaycı,-275894,Fatih Karagümrük,Fatih Karagümrük,https://cdn5.wyscout.com/photos/team/public/g3014_120x120.png,1. Lig,"LAMF, RDMF",LAMF,53,RDMF,32,,0,21,2005-08-30,0,2029-06-30,4,222,0,0.33,0,0.19,5.27,61.54,Germany,"['Germany', 'Türkiye']",right,175,67,False,2.84,3.24,62.5,0.81,50.0,0.0,0.0,0.0,0.81,0.9400000000000001,0.81,0,0.0,0,0.0,1.22,0.0,0,0.0,0.14,0,0.0,5,2.03,40.0,0.0,0.0,0.81,0.0,0.81,0.0,0.0,0.0,0.0,0.41000000000000003,100.0,1.22,66.67,2.43,1.22,0.0,26.76,1.22,0.41000000000000003,31.62,89.74,7.3,83.33,8.51,95.24,30.41,92.0,0.41000000000000003,100.0,12.85,10.01,0.08,1.22,0.41000000000000003,0.0,0.0,0.0,0.0,2.84,71.43,2.03,40.0,0.0,0.0,1.62,0.41000000000000003,2.84,57.14,80.0,8.11,0,,0,,0,0.0,0.0,0.0,,,0.41000000000000003,,0.81,0.81,0.41000000000000003,0.0,1.22,0,0
I. Dayakli,Isa  Dayakli,-459554,İstanbulspor,İstanbulspor,https://cdn5.wyscout.com/photos/team/public/g2226_120x120.png,1. Lig,"RCMF, RDMF",RCMF,59,RDMF,40,,0,24,2002-01-05,0,2029-06-30,3,219,0,0.0,0,0.0,9.04,63.64,Austria,['Austria'],unknown,0,0,False,6.99,6.16,66.67,0.8200000000000001,50.0,0.0,0.0,0.0,2.88,3.56,0.41000000000000003,0,0.0,0,0.0,0.41000000000000003,0.0,0,0.0,0.0,0,0.0,0,0.0,0.0,0.0,0.0,0.41000000000000003,0.0,0.0,0.0,0.41000000000000003,0.0,0.41000000000000003,0.41000000000000003,100.0,1.6400000000000001,50.0,0.0,0.41000000000000003,0.41000000000000003,21.37,0.0,0.41000000000000003,33.7,86.59,10.27,84.0,6.16,100.0,30.82,90.67,2.47,50.0,17.68,45.74,0.0,0.0,0.0,0.0,0.0,0.0,0.0,1.6400000000000001,75.0,0.8200000000000001,50.0,0.0,0.0,0.41000000000000003,0.0,2.47,83.33,85.29,13.97,0,,0,,0,0.0,0.0,0.0,,,1.23,,0.8200000000000001,0.0,0.0,0.0,0.0,0,0
K. Kanatsızkuş,Kubilay Kanatsızkuş,432145, Esenler Erokspor, Esenler Erokspor,https://cdn5.wyscout.com/photos/team/public/g39486_120x120.png,1. Lig,CF,CF,100,,0,,0,29,1997-03-28,275000,2027-06-30,3,214,0,1.25,0,0.09,12.2,41.38,Türkiye,['Türkiye'],left,190,79,False,2.1,1.26,66.67,5.05,41.67,0.0,0.0,0.0,1.26,2.2,0.0,0,0.0,0,0.0,2.1,0.0,0,0.0,0.52,0,0.0,8,3.36,62.5,0.0,0.0,0.0,0.0,0.0,0.0,0.0,0.0,0.0,0.42,0.0,3.36,25.0,5.47,0.42,0.0,10.09,1.26,1.26,12.2,79.31,1.26,0.0,3.79,100.0,12.2,79.31,0.0,0.0,13.24,0.0,0.04,0.42,0.0,0.0,0.0,0.0,0.42,0.42,0.0,0.0,0.0,0.0,0.0,0.42,0.0,0.42,100.0,100.0,2.52,0,,0,,0,0.0,0.0,0.0,,,0.0,,5.05,0.0,0.0,0.0,0.0,0,0
Jefferson,Jefferson Nogueira Júnior,279128,Ankara Keçiörengücü,Ankara Keçiörengücü,https://cdn5.wyscout.com/photos/team/public/g7284_120x120.png,1. Lig,"AMF, LDMF",AMF,77,LDMF,18,,0,32,1994-01-22,350000,,4,214,0,0.85,1,0.08,14.3,55.88,Brazil,['Brazil'],right,180,81,False,4.21,4.63,45.45,3.36,62.5,0.0,0.0,0.42,2.1,2.5,0.84,0,0.0,0,0.0,3.79,0.0,0,0.0,0.36,0,0.0,7,2.94,42.86,0.0,0.42,2.94,57.14,1.26,66.67,1.6800000000000002,50.0,0.0,0.84,100.0,4.63,72.73,3.79,0.0,0.42,21.45,0.0,2.1,28.6,80.88,8.83,66.67,7.15,94.12,23.97,84.21,2.1,80.0,17.9,22.99,0.03,1.26,0.0,0.0,0.0,0.0,0.84,3.79,66.67,3.79,55.56,0.0,0.0,0.0,1.26,5.47,84.62,81.82,9.25,0,,0,,0,0.0,0.0,0.0,,,0.0,,3.36,0.0,0.0,0.0,0.0,0,0
M. Camara,Moustapha Camara,-301972,Iğdır FK,Iğdır FK,https://cdn5.wyscout.com/photos/team/public/g-14609_120x120.png,1. Lig,"RW, RWF",RW,69,RWF,30,,0,23,2003-06-05,0,2027-06-30,3,213,0,0.56,1,0.29,10.99,53.85,Senegal,['Senegal'],right,0,0,False,3.8,4.23,80.0,1.27,33.33,0.0,0.0,0.0,0.42,0.5700000000000001,1.69,0,0.0,0,0.0,0.85,0.0,0,0.0,0.24,0,0.0,2,0.85,50.0,0.0,0.42,1.69,25.0,0.0,0.0,1.69,25.0,0.0,0.0,0.0,5.07,33.33,1.69,0.85,0.0,14.79,3.8,1.27,16.06,63.16,2.96,28.57,4.65,72.73,13.94,66.67,0.42,100.0,18.86,17.23,0.12,0.85,0.0,0.0,0.0,0.0,0.85,0.0,0.0,1.69,50.0,0.0,0.0,0.85,0.42,1.69,75.0,66.67,5.07,0,,0,,0,0.0,0.0,0.0,,,0.0,,1.27,0.0,0.0,0.0,0.0,0,0
F. Genç,Faruk Can Genç,503400,Vanspor FK,Vanspor FK,https://cdn5.wyscout.com/photos/team/public/g2346_120x120.png,1. Lig,LB,LB,100,,0,,0,26,2000-02-16,100000,2027-06-30,3,212,0,0.0,0,0.0,8.07,52.63,Türkiye,['Türkiye'],left,180,78,False,6.79,4.67,63.64,0.42,100.0,0.0,0.0,0.0,3.8200000000000003,4.03,1.27,1,0.42,0,0.0,0.0,0.0,0,0.0,0.0,0,0.0,0,0.0,0.0,0.0,0.0,0.0,0.0,0.0,0.0,0.0,0.0,0.0,0.0,0.0,2.12,40.0,0.85,0.42,0.0,28.02,0.0,0.0,36.51,80.23,19.1,71.11,3.4,100.0,35.24,81.93,1.27,33.33,14.68,12.16,0.0,0.0,0.0,0.0,0.0,0.0,0.0,2.55,50.0,0.0,0.0,0.0,0.0,0.0,0.0,5.52,69.23,100.0,7.22,0,,0,,0,0.0,0.0,0.0,,,0.0,,0.42,0.0,0.0,0.0,0.0,0,0
F. Nzaba,Francis Beny Nzaba,-298032,Antalyaspor,Antalyaspor,https://cdn5.wyscout.com/photos/team/public/1189_120x120.png,1. Lig,"CB, LCB",CB,58,LCB,41,,0,23,2002-12-03,0,2027-06-30,3,212,0,0.0,0,0.0,5.09,58.33,Congo,['Congo'],right,178,68,False,5.09,1.7000000000000002,75.0,1.27,33.33,0.0,0.0,0.42,3.8200000000000003,4.29,0.42,0,0.0,0,0.0,0.0,0.0,0,0.0,0.0,0,0.0,0,0.0,0.0,0.0,0.0,0.0,0.0,0.0,0.0,0.0,0.0,0.0,0.0,0.0,0.0,0.0,0.0,0.0,0.0,32.26,0.0,0.0,43.3,96.08,12.31,89.66,3.4,100.0,41.6,96.94,1.7000000000000002,75.0,22.06,32.45,0.0,0.0,0.0,0.0,0.0,0.0,0.0,2.12,100.0,0.0,0.0,0.0,0.0,0.0,0.0,2.55,66.67,98.25,24.2,0,,0,,0,0.0,0.0,0.0,,,2.9699999999999998,,1.27,0.0,0.0,0.0,0.0,0,0
F. Kacmaz,Furkan Emin Kacmaz,-313421,Boluspor,Boluspor,https://cdn5.wyscout.com/photos/team/public/1346_120x120.png,1. Lig,"LAMF, LW, RAMF",LAMF,39,LW,30,RAMF,15,20,2006-06-12,0,,4,210,1,0.30000000000000004,0,0.08,8.57,55.0,Türkiye,['Türkiye'],,0,0,False,4.71,3.86,55.56,0.86,50.0,0.0,0.0,0.0,2.5700000000000003,2.5700000000000003,0.86,0,0.0,0,0.0,2.14,0.43,1,0.43,0.13,0,0.0,3,1.29,66.67,33.333,0.0,1.29,33.33,0.43,100.0,0.86,0.0,0.86,0.86,100.0,3.43,62.5,2.14,0.0,0.0,17.14,1.71,0.86,27.0,63.49,5.57,69.23,6.86,62.5,24.43,68.42,1.29,0.0,15.84,20.99,0.03,0.86,0.0,0.0,0.0,0.0,0.86,2.14,60.0,0.86,0.0,0.0,0.0,0.86,1.29,5.14,50.0,61.11,7.71,0,,0,,0,0.0,0.0,0.0,,,0.43,,0.86,0.0,0.0,0.0,0.0,0,0
Bünyamin Balat,Bünyamin Balat,338277,Mardin 1969,Mardin 1969,https://cdn5.wyscout.com/photos/team/public/g-14762_120x120.png,1. Lig,RCMF,RCMF,97,,0,,0,29,1997-01-05,50000,2027-06-30,4,208,0,0.13,1,0.14,11.25,53.85,Germany,"['Germany', 'Türkiye']",left,175,70,False,6.06,5.63,53.85,0.0,0.0,0.0,0.0,0.0,3.03,3.8200000000000003,0.87,0,0.0,0,0.0,1.3,0.0,0,0.0,0.06,0,0.0,2,0.87,50.0,0.0,0.43,1.3,33.33,0.0,0.0,1.3,33.33,0.0,0.43,100.0,4.76,63.64,0.87,1.73,0.0,31.15,0.87,1.3,40.24,83.87,14.28,78.79,9.52,95.45,35.48,89.02,3.46,50.0,18.74,33.54,0.06,2.16,0.0,0.0,0.87,0.0,0.87,6.49,73.33,2.6,50.0,0.87,0.0,0.87,0.43,7.79,77.78,79.31,12.55,0,,0,,0,0.0,0.0,0.0,,,0.43,,0.0,1.3,0.0,0.0,1.3,0,0
R. Çivelek,Ramazan Çivelek,307074,Fatih Karagümrük,Fatih Karagümrük,https://cdn5.wyscout.com/photos/team/public/g3014_120x120.png,1. Lig,"RB, LB",RB,58,LB,41,,0,30,1996-01-22,1000000,2027-06-30,3,208,0,0.0,0,0.12,10.82,56.0,Türkiye,['Türkiye'],right,171,65,False,6.49,3.46,75.0,2.6,16.67,0.0,0.0,0.0,3.89,5.29,0.43,0,0.0,0,0.0,3.03,0.0,0,0.0,0.0,0,0.0,1,0.43,100.0,0.0,0.0,2.16,40.0,0.87,0.0,1.3,66.67,0.43,2.16,80.0,4.76,63.64,1.3,0.43,0.0,25.1,3.89,1.3,36.35,77.38,12.55,62.07,6.92,100.0,30.72,84.51,3.46,37.5,17.61,28.27,0.05,0.43,0.0,0.0,0.0,0.0,0.43,2.6,33.33,1.73,50.0,0.43,0.0,0.87,1.3,8.22,63.16,82.61,9.95,0,,0,,0,0.0,0.0,0.0,,,0.0,,2.6,0.43,0.0,0.0,0.0,0,0
K. Şen,Kerem Şen,-209154,Ümranıyespor,Ümranıyespor,https://cdn5.wyscout.com/photos/team/public/g19664_120x120.png,1. Lig,LCMF3,LCMF3,100,,0,,0,24,2002-06-14,300000,2028-06-30,3,207,0,0.87,0,0.1,12.61,48.28,Türkiye,['Türkiye'],right,177,70,False,6.52,4.35,50.0,1.3,0.0,0.0,0.0,0.43,4.35,5.5600000000000005,0.87,0,0.0,0,0.0,1.3,0.0,0,0.0,0.38,0,0.0,4,1.74,75.0,0.0,0.0,0.0,0.0,0.0,0.0,0.0,0.0,0.0,0.0,0.0,5.22,58.33,5.22,0.43,0.0,16.96,2.17,2.17,24.78,73.68,8.7,45.0,7.39,88.24,23.91,74.55,0.87,50.0,13.8,23.04,0.04,0.87,0.0,0.0,0.0,0.0,0.43,4.35,50.0,0.87,100.0,0.0,0.0,1.3,0.0,2.61,66.67,100.0,3.91,0,,0,,0,0.0,0.0,0.0,,,0.43,,1.3,0.0,0.0,0.0,1.74,0,0
A. Çelik,Abdullah Çelik,472644,Ankara Keçiörengücü,Ankara Keçiörengücü,https://cdn5.wyscout.com/photos/team/public/g7284_120x120.png,1. Lig,LB,LB,100,,0,,0,29,1997-07-19,100000,2028-06-30,3,207,0,0.0,0,0.15,18.26,50.0,Austria,['Austria'],left,190,0,False,13.04,11.74,48.15,3.04,71.43,0.0,0.0,0.43,7.39,8.95,3.48,0,0.0,0,0.0,1.74,0.0,0,0.0,0.0,0,0.0,0,0.0,0.0,0.0,0.0,3.91,33.33,3.48,37.5,0.43,0.0,0.87,0.43,100.0,2.17,40.0,1.74,1.74,0.43,23.04,1.3,0.87,31.74,72.6,14.78,70.59,4.78,90.91,25.22,84.48,2.61,16.67,19.41,31.73,0.06,0.43,0.0,0.0,0.0,0.0,0.43,4.35,50.0,4.35,40.0,0.0,0.0,0.43,1.3,8.26,73.68,58.82,7.39,0,,0,,0,0.0,0.0,0.0,,,0.87,,3.04,0.0,0.0,0.0,0.0,0,0
Douglas Tanque,Douglas Willian da Silva Souza,165874,Iğdır FK,Iğdır FK,https://cdn5.wyscout.com/photos/team/public/g-14609_120x120.png,1. Lig,CF,CF,100,,0,,0,32,1993-10-27,900000,2028-06-30,4,206,1,1.1,0,0.0,20.97,52.08,Brazil,['Brazil'],left,188,92,False,3.5,4.37,30.0,6.55,73.33,0.0,0.0,0.44,2.18,3.0,3.06,0,0.0,0,0.0,1.75,0.44,1,0.44,0.48,0,0.0,5,2.18,60.0,20.0,0.0,0.0,0.0,0.0,0.0,0.0,0.0,0.0,0.87,50.0,7.86,50.0,2.62,0.87,0.0,11.36,3.06,3.06,15.29,71.43,2.18,60.0,3.93,77.78,14.85,70.59,0.44,100.0,14.11,6.82,0.0,0.0,0.0,0.0,0.0,0.0,0.0,1.31,66.67,0.44,0.0,0.0,0.0,0.44,0.0,0.87,50.0,88.89,3.93,0,,0,,0,0.0,0.0,0.0,,,0.0,,6.55,0.0,0.0,0.0,0.0,0,0
J. Attamah,Joseph Attamah,299723,Sarıyer,Sarıyer,https://cdn5.wyscout.com/photos/team/public/g2344_120x120.png,1. Lig,RCB,RCB,94,,0,,0,32,1994-05-22,500000,2027-06-30,3,205,0,0.0,0,0.0,4.83,81.82,Ghana,['Ghana'],right,180,80,False,7.02,1.76,50.0,1.32,100.0,0.0,0.0,0.44,6.15,7.24,0.0,0,0.0,0,0.0,0.88,0.0,0,0.0,0.0,0,0.0,0,0.0,0.0,0.0,0.0,0.44,100.0,0.44,100.0,0.0,0.0,0.0,0.44,100.0,1.76,100.0,0.0,0.44,0.0,40.39,1.32,1.76,51.37,89.74,14.93,79.41,2.63,83.33,45.66,96.15,5.27,33.33,21.07,22.32,0.0,0.0,0.0,0.0,0.0,0.0,0.0,8.34,68.42,0.88,50.0,0.0,0.0,0.44,0.44,5.27,66.67,95.45,28.98,0,,0,,0,0.0,0.0,0.0,,,1.76,,1.32,0.0,0.0,0.0,0.0,0,0
M. Simsek,Mevlut Simsek,-862702,Antalyaspor,Antalyaspor,https://cdn5.wyscout.com/photos/team/public/1189_120x120.png,1. Lig,"RAMF, RW",RAMF,85,RW,14,,0,19,2007-01-09,0,,4,203,2,0.96,0,0.0,20.39,63.04,Türkiye,['Türkiye'],unknown,0,0,False,6.65,5.76,61.54,0.89,50.0,0.89,1.4,0.0,2.22,3.49,1.33,1,0.44,0,0.0,5.76,0.89,2,0.89,0.42,0,0.0,8,3.55,62.5,25.0,0.0,0.44,100.0,0.0,0.0,0.44,100.0,0.0,3.55,87.5,13.74,64.52,2.22,3.99,0.44,19.95,3.1,3.1,22.61,80.39,3.99,77.78,7.09,81.25,21.28,81.25,0.89,50.0,15.37,15.23,0.0,0.0,0.0,0.0,0.0,0.0,0.44,2.66,66.67,0.89,0.0,0.0,0.0,0.0,0.0,2.22,40.0,75.0,5.32,0,,0,,0,0.0,0.0,0.0,,,0.0,,0.89,0.0,0.0,0.0,0.0,0,0
E. Koyuncu,Emre Koyuncu,291807,Pendikspor,Pendikspor,https://cdn5.wyscout.com/photos/team/public/g9153_120x120.png,1. Lig,GK,GK,100,,0,,0,30,1996-02-04,75000,2027-06-30,2,200,0,0.0,0,0.0,0.0,0.0,Türkiye,['Türkiye'],right,187,85,False,0.45,0.0,0.0,0.0,0.0,0.0,0.0,0.0,0.45,0.88,0.0,0,0.0,0,0.0,0.0,0.0,0,0.0,0.0,0,0.0,0,0.0,0.0,0.0,0.0,0.0,0.0,0.0,0.0,0.0,0.0,0.0,0.0,0.0,0.0,0.0,0.0,0.0,0.0,19.35,0.45,0.0,26.1,91.38,11.25,84.0,0.0,0.0,20.25,100.0,5.85,61.54,26.71,61.29,0.0,0.0,0.0,0.0,0.0,0.0,0.0,2.25,20.0,0.9,0.0,0.0,0.0,0.0,0.0,2.25,80.0,96.67,13.5,6,2.7,9,4.05,0,33.33,4.42,1.99,-1.58,-0.711,0.0,0.0,0.0,,,,0.0,0,0
U. Yuvakuran,Utku Yuvakuran,440940,Pendikspor,Pendikspor,https://cdn5.wyscout.com/photos/team/public/g9153_120x120.png,1. Lig,GK,GK,100,,0,,0,28,1997-11-02,50000,2027-06-30,2,197,0,0.0,0,0.0,0.91,100.0,Türkiye,['Türkiye'],right,192,81,False,0.46,0.0,0.0,0.0,0.0,0.0,0.0,0.0,0.46,0.6000000000000001,0.0,0,0.0,0,0.0,0.0,0.0,0,0.0,0.0,0,0.0,0,0.0,0.0,0.0,0.0,0.0,0.0,0.0,0.0,0.0,0.0,0.0,0.0,0.0,0.91,100.0,0.0,0.0,0.0,20.56,0.0,0.91,30.15,77.27,17.82,66.67,0.0,0.0,14.16,96.77,15.99,60.0,36.95,50.54,0.0,0.0,0.0,0.0,0.0,0.0,0.0,2.2800000000000002,40.0,0.0,0.0,0.46,0.0,0.0,0.0,12.79,64.29,92.31,11.88,3,1.37,4,1.83,0,25.0,1.69,0.77,-1.31,-0.598,0.0,2.74,0.0,,,,0.0,0,0
D. Toköz,Dorukhan Toköz,405679,Fatih Karagümrük,Fatih Karagümrük,https://cdn5.wyscout.com/photos/team/public/g3014_120x120.png,1. Lig,"RDMF, LDMF",RDMF,75,LDMF,16,,0,30,1996-05-21,2100000,2027-06-30,4,197,0,0.0,0,0.08,10.96,58.33,Türkiye,['Türkiye'],right,182,68,False,8.68,6.4,42.86,1.37,66.67,0.46,0.54,0.0,5.48,6.43,2.2800000000000002,1,0.46,0,0.0,0.0,0.0,0,0.0,0.0,0,0.0,0,0.0,0.0,0.0,0.0,0.0,0.0,0.0,0.0,0.0,0.0,0.0,0.0,0.0,1.83,75.0,0.0,0.46,0.0,35.63,0.46,1.83,42.94,82.98,15.53,58.82,3.2,100.0,37.46,91.46,5.48,25.0,19.82,38.87,0.04,0.46,0.0,0.0,0.0,0.0,0.46,7.77,52.94,1.83,50.0,0.91,50.0,0.91,0.0,5.03,54.55,97.62,19.19,0,,0,,0,0.0,0.0,0.0,,,0.91,,1.37,0.0,0.0,0.0,0.0,0,0
Julián,Julián Cuesta Díaz,149922,,Antalyaspor,,,GK,GK,100,,0,,0,35,1991-03-28,450000,,2,197,0,0.0,0,0.0,0.46,100.0,Spain,['Spain'],right,196,91,False,0.46,0.0,0.0,0.0,0.0,0.0,0.0,0.0,0.46,0.49,0.0,0,0.0,0,0.0,0.0,0.0,0,0.0,0.0,0,0.0,0,0.0,0.0,0.0,0.0,0.0,0.0,0.0,0.0,0.0,0.0,0.0,0.0,0.0,0.46,100.0,0.0,0.0,0.0,13.25,2.2800000000000002,0.46,24.67,70.37,17.36,60.53,0.0,0.0,14.16,90.32,10.51,43.48,30.16,42.42,0.0,0.0,0.0,0.0,0.0,0.0,0.0,0.0,0.0,0.0,0.0,0.0,0.0,0.0,0.0,9.14,45.0,93.33,6.85,2,0.91,7,3.2,1,71.43,1.57,0.71,-0.43,-0.196,0.0,0.91,0.0,,,,0.0,0,0
M. Okyar,Mikail Okyar,498426, Esenler Erokspor, Esenler Erokspor,https://cdn5.wyscout.com/photos/team/public/g39486_120x120.png,1. Lig,"RDMF, LCMF",RDMF,51,LCMF,44,,0,27,1999-01-23,350000,2027-06-30,3,196,0,0.22,0,0.31,13.32,51.72,Türkiye,['Türkiye'],,0,0,False,7.35,6.43,57.14,1.8399999999999999,0.0,0.0,0.0,0.46,3.67,5.58,1.8399999999999999,0,0.0,0,0.0,0.46,0.0,0,0.0,0.1,0,0.0,2,0.92,0.0,0.0,0.0,0.0,0.0,0.0,0.0,0.0,0.0,0.0,0.0,0.0,3.67,62.5,0.92,0.46,0.0,43.16,0.0,0.92,56.48,90.24,12.4,74.07,5.05,90.91,53.72,90.6,2.76,83.33,17.57,45.66,0.14,0.46,0.0,0.0,0.46,100.0,0.46,7.35,81.25,0.46,100.0,0.46,100.0,0.92,0.0,5.51,91.67,98.39,28.47,0,,0,,0,0.0,0.0,0.0,,,0.0,,1.8399999999999999,0.0,0.0,0.0,0.0,0,0
S. Osmanoğlu,Sinan Osmanoğlu,138246,Vanspor FK,Vanspor FK,https://cdn5.wyscout.com/photos/team/public/g2346_120x120.png,1. Lig,RCB,RCB,100,,0,,0,36,1990-01-09,75000,2027-06-30,2,196,0,0.16,0,0.1,7.8100000000000005,64.71,Türkiye,['Türkiye'],right,197,86,False,4.59,2.76,50.0,3.67,75.0,0.0,0.0,0.46,3.21,4.04,0.92,0,0.0,0,0.0,0.0,0.0,0,0.0,0.07,0,0.0,2,0.92,0.0,0.0,0.0,0.0,0.0,0.0,0.0,0.0,0.0,0.0,0.0,0.0,0.92,50.0,0.92,0.0,0.0,34.44,0.92,0.46,44.08,92.71,13.78,83.33,0.46,100.0,38.57,95.24,5.51,75.0,25.64,43.36,0.05,0.46,0.0,0.0,0.0,0.0,0.46,2.3,60.0,0.46,0.0,0.0,0.0,0.46,0.0,6.89,73.33,96.43,25.71,0,,0,,0,0.0,0.0,0.0,,,0.46,,3.67,0.0,0.0,0.0,0.0,0,0
A. Zeqiri,Altin Zeqiri,512219, Esenler Erokspor, Esenler Erokspor,https://cdn5.wyscout.com/photos/team/public/g39486_120x120.png,1. Lig,"LAMF, RW, RAMF",LAMF,69,RW,16,RAMF,14,26,2000-07-18,1800000,2027-06-30,4,195,0,0.53,0,0.08,16.62,38.89,Finland,"['Finland', 'Kosovo']",right,185,77,False,3.69,6.0,30.77,1.38,0.0,0.0,0.0,0.0,1.85,2.73,0.92,0,0.0,0,0.0,4.15,0.0,0,0.0,0.25,0,0.0,4,1.85,25.0,0.0,0.0,2.31,40.0,1.85,50.0,0.46,0.0,0.0,4.15,66.67,8.31,50.0,3.69,3.69,0.46,29.08,4.62,0.92,28.62,75.81,6.46,64.29,5.54,91.67,24.0,80.77,2.31,60.0,20.39,23.89,0.03,0.46,0.0,0.0,0.0,0.0,0.0,4.62,80.0,3.69,50.0,0.0,0.0,1.85,0.92,4.62,100.0,81.48,12.46,0,,0,,0,0.0,0.0,0.0,,,0.0,,1.38,0.0,0.0,0.0,0.0,0,0
B. Öztürk,Bahadır Öztürk,397457, Esenler Erokspor, Esenler Erokspor,https://cdn5.wyscout.com/photos/team/public/g39486_120x120.png,1. Lig,RCB,RCB,100,,0,,0,30,1995-10-01,500000,,2,194,0,0.0,0,0.0,12.99,57.14,Türkiye,['Türkiye'],right,185,75,False,12.06,5.57,50.0,5.57,75.0,0.0,0.0,0.0,9.28,15.79,2.32,0,0.0,0,0.0,0.0,0.0,0,0.0,0.0,0,0.0,0,0.0,0.0,0.0,0.0,0.0,0.0,0.0,0.0,0.0,0.0,0.0,0.0,0.0,1.3900000000000001,33.33,0.0,0.0,0.0,40.82,0.46,0.46,54.28,93.16,23.2,88.0,3.25,100.0,49.64,97.2,4.64,50.0,21.34,42.44,0.0,0.0,0.0,0.0,0.0,0.0,0.0,3.25,85.71,0.0,0.0,0.0,0.0,0.0,0.0,6.96,60.0,98.0,23.2,0,,0,,0,0.0,0.0,0.0,,,2.7800000000000002,,5.57,0.0,0.0,0.0,0.0,0,0
D. Radu,Denis Răzvan Radu,-110189,Kayserispor,Kayserispor,https://cdn5.wyscout.com/photos/team/public/819_120x120.png,1. Lig,"RAMF, RB, RW",RAMF,52,RB,30,RW,17,23,2003-03-25,200000,2028-06-30,5,194,0,0.0,0,0.29,9.28,50.0,Romania,['Romania'],both,176,68,False,4.18,3.25,57.14,2.32,60.0,0.46,0.67,0.0,1.8599999999999999,2.67,0.46,0,0.0,0,0.0,1.8599999999999999,0.0,0,0.0,0.0,0,0.0,0,0.0,0.0,0.0,0.0,5.1,36.36,0.0,0.0,5.1,36.36,0.46,0.46,0.0,3.25,42.86,0.93,0.93,0.0,25.52,1.8599999999999999,1.8599999999999999,32.01,73.91,7.89,64.71,6.03,92.31,25.52,85.45,1.3900000000000001,0.0,18.83,17.16,0.13,0.93,0.0,0.0,0.0,0.0,0.93,2.32,60.0,5.1,36.36,0.0,0.0,0.46,1.8599999999999999,4.64,70.0,71.43,12.99,0,,0,,0,0.0,0.0,0.0,,,0.0,,2.32,0.0,0.0,0.0,0.0,0,0
K. Arslan,Işık Kaan Arslan,504962,Sarıyer,Sarıyer,https://cdn5.wyscout.com/photos/team/public/g2344_120x120.png,1. Lig,RCB,RCB,100,,0,,0,25,2001-01-28,125000,2028-06-30,2,193,0,0.0,0,0.0,5.13,63.64,Türkiye,['Türkiye'],right,186,79,False,8.39,2.33,100.0,2.8,33.33,0.0,0.0,2.33,6.06,7.36,0.47000000000000003,0,0.0,0,0.0,0.47000000000000003,0.0,0,0.0,0.0,0,0.0,1,0.47000000000000003,100.0,0.0,0.0,0.47000000000000003,0.0,0.0,0.0,0.47000000000000003,0.0,0.0,0.0,0.0,0.0,0.0,0.0,0.93,0.0,48.5,1.4,0.0,60.16,86.82,20.05,76.74,6.99,93.33,50.83,92.66,8.86,57.89,25.27,46.09,0.0,0.0,0.0,0.0,0.0,0.0,0.0,8.86,73.68,1.87,0.0,0.0,0.0,0.0,0.0,10.73,69.57,92.31,30.31,0,,0,,0,0.0,0.0,0.0,,,5.6,,2.8,0.0,0.0,0.0,0.0,0,0
D. Moreno,Daniel Moreno Mosquera,349885,Kayserispor,Kayserispor,https://cdn5.wyscout.com/photos/team/public/819_120x120.png,1. Lig,"CF, LAMF",CF,78,LAMF,11,,0,31,1995-01-17,400000,2027-06-30,5,193,0,1.4100000000000001,0,0.43,16.79,58.33,Colombia,['Colombia'],right,179,78,False,4.66,3.73,100.0,6.53,42.86,0.0,0.0,0.0,0.93,1.28,0.47000000000000003,0,0.0,0,0.0,3.73,0.0,0,0.0,0.66,0,0.0,7,3.26,57.14,0.0,0.0,1.4,33.33,0.47000000000000003,100.0,0.93,0.0,0.0,2.33,60.0,6.06,53.85,5.6,0.93,0.47000000000000003,22.38,0.47000000000000003,0.93,26.58,84.21,3.73,100.0,10.26,95.45,24.25,86.54,0.93,100.0,12.43,5.45,0.2,1.4,0.47000000000000003,0.0,0.0,0.0,0.93,0.93,100.0,1.4,66.67,0.0,0.0,0.93,0.47000000000000003,0.93,100.0,69.23,6.06,0,,0,,0,0.0,0.0,0.0,,,0.0,,6.53,0.47000000000000003,0.0,0.0,0.0,0,0
M. Eser,Mustafa Eser,503309,Ümranıyespor,Ümranıyespor,https://cdn5.wyscout.com/photos/team/public/g19664_120x120.png,1. Lig,RCB,RCB,100,,0,,0,24,2001-08-29,150000,,2,192,0,0.0,0,0.0,5.16,27.27,Türkiye,['Türkiye'],right,185,79,False,7.97,3.2800000000000002,42.86,1.4100000000000001,0.0,0.0,0.0,0.47000000000000003,6.5600000000000005,8.57,1.88,0,0.0,0,0.0,0.0,0.0,0,0.0,0.0,0,0.0,1,0.47000000000000003,0.0,0.0,0.0,0.0,0.0,0.0,0.0,0.0,0.0,0.0,0.0,0.0,0.47000000000000003,0.0,0.0,0.47000000000000003,0.0,57.66,0.9400000000000001,0.0,68.91,89.12,28.59,81.97,3.75,100.0,56.72,94.21,12.19,65.38,24.86,47.54,0.0,0.0,0.0,0.0,0.0,0.0,0.0,13.59,79.31,0.47000000000000003,100.0,0.0,0.0,0.47000000000000003,0.0,15.94,70.59,94.59,34.69,0,,0,,0,0.0,0.0,0.0,,,3.75,,1.4100000000000001,0.0,0.0,0.0,0.0,0,0
O. Ulaş,Onur Ulaş,378353, Esenler Erokspor, Esenler Erokspor,https://cdn5.wyscout.com/photos/team/public/g39486_120x120.png,1. Lig,LCB,LCB,100,,0,,0,29,1997-03-13,0,2027-06-30,2,192,0,0.0,0,0.0,10.31,54.55,Türkiye,['Türkiye'],left,187,80,False,8.91,6.09,53.85,2.81,66.67,0.47000000000000003,0.68,0.0,5.16,7.5,1.4100000000000001,1,0.47000000000000003,0,0.0,0.47000000000000003,0.0,0,0.0,0.0,0,0.0,0,0.0,0.0,0.0,0.0,0.0,0.0,0.0,0.0,0.0,0.0,0.0,0.47000000000000003,100.0,0.47000000000000003,100.0,0.0,0.47000000000000003,0.0,58.13,0.47000000000000003,0.0,69.84,92.62,19.69,85.71,5.16,100.0,60.0,98.44,9.84,57.14,21.58,39.9,0.0,0.0,0.0,0.0,0.0,0.0,0.0,7.03,53.33,0.47000000000000003,0.0,0.0,0.0,0.47000000000000003,0.0,6.09,76.92,94.87,36.56,0,,0,,0,0.0,0.0,0.0,,,3.2800000000000002,,2.81,0.0,0.0,0.0,0.0,0,0
H. Ayan,Halil Can Ayan,-475314,Ankara Keçiörengücü,Ankara Keçiörengücü,https://cdn5.wyscout.com/photos/team/public/g7284_120x120.png,1. Lig,"AMF, RDMF",AMF,81,RDMF,18,,0,24,2002-02-26,0,2028-06-30,4,192,1,0.33,0,0.0,9.38,60.0,Türkiye,['Türkiye'],left,183,0,False,4.69,5.16,72.73,1.4100000000000001,0.0,0.0,0.0,0.0,0.9400000000000001,1.18,0.47000000000000003,0,0.0,0,0.0,0.9400000000000001,0.47000000000000003,1,0.47000000000000003,0.15,0,0.0,2,0.9400000000000001,50.0,50.0,0.0,0.9400000000000001,50.0,0.47000000000000003,0.0,0.47000000000000003,100.0,0.0,0.47000000000000003,0.0,1.4100000000000001,33.33,2.34,0.9400000000000001,0.47000000000000003,18.75,0.47000000000000003,0.9400000000000001,27.66,81.36,6.5600000000000005,57.14,9.84,90.48,24.84,81.13,1.88,100.0,16.32,37.2,0.0,0.0,0.0,0.0,0.0,0.0,0.0,2.34,60.0,1.4100000000000001,33.33,0.0,0.0,0.47000000000000003,0.47000000000000003,3.2800000000000002,71.43,83.33,5.63,0,,0,,0,0.0,0.0,0.0,,,0.0,,1.4100000000000001,0.0,0.0,0.0,1.4100000000000001,0,0
H. Ilcin,Hasan Yakub Ilcin,-568459,Antalyaspor,Antalyaspor,https://cdn5.wyscout.com/photos/team/public/1189_120x120.png,1. Lig,"LDMF, RCMF",LDMF,49,RCMF,35,,0,17,2009-03-24,0,2028-06-30,4,191,0,0.13,0,0.0,11.78,20.0,Türkiye,['Türkiye'],unknown,0,0,False,2.83,3.3,28.57,1.4100000000000001,0.0,0.0,0.0,0.0,1.88,2.55,0.9400000000000001,0,0.0,0,0.0,0.0,0.0,0,0.0,0.06,0,0.0,3,1.4100000000000001,0.0,0.0,0.0,0.47000000000000003,0.0,0.0,0.0,0.47000000000000003,0.0,0.0,0.9400000000000001,0.0,3.77,25.0,0.0,0.47000000000000003,0.0,36.75,0.47000000000000003,0.0,44.76,89.47,11.78,76.0,6.13,92.31,40.99,89.66,3.3,100.0,21.14,36.25,0.0,0.0,0.0,0.0,0.0,0.0,0.0,5.65,75.0,0.9400000000000001,0.0,0.0,0.0,0.0,0.0,4.24,88.89,95.24,19.79,0,,0,,0,0.0,0.0,0.0,,,0.9400000000000001,,1.4100000000000001,0.0,0.0,0.0,0.0,0,0
E. Acar,Emirhan Acar,-283712,Bandırmaspor,Bandırmaspor,https://cdn5.wyscout.com/photos/team/public/g11986_120x120.png,1. Lig,"LCMF, AMF",LCMF,43,AMF,39,,0,21,2005-07-25,0,2028-06-30,5,191,0,0.06,0,0.0,14.14,50.0,Türkiye,"['Türkiye', 'Austria']",left,185,75,False,6.13,3.77,75.0,0.9400000000000001,100.0,0.0,0.0,0.0,3.3,5.83,0.0,0,0.0,0,0.0,1.88,0.0,0,0.0,0.03,0,0.0,2,0.9400000000000001,100.0,0.0,0.0,0.0,0.0,0.0,0.0,0.0,0.0,0.0,1.4100000000000001,66.67,9.42,35.0,0.9400000000000001,0.0,0.0,25.45,0.47000000000000003,2.36,29.21,80.65,8.95,68.42,6.6,92.86,27.8,81.36,1.4100000000000001,66.67,14.65,15.54,0.0,0.0,0.0,0.0,0.9400000000000001,0.0,0.0,3.3,85.71,1.88,25.0,0.9400000000000001,0.0,0.47000000000000003,0.0,6.13,46.15,93.75,7.54,0,,0,,0,0.0,0.0,0.0,,,0.0,,0.9400000000000001,0.0,0.0,0.0,0.0,0,0
M. Kartal,Mustafa Arda Kartal,-342784,Ümranıyespor,Ümranıyespor,https://cdn5.wyscout.com/photos/team/public/g19664_120x120.png,1. Lig,RCB,RCB,100,,0,,0,21,2004-12-02,0,2028-06-30,2,189,0,0.12,0,0.0,5.71,58.33,Türkiye,['Türkiye'],unknown,0,0,False,10.95,2.86,83.33,0.9500000000000001,50.0,0.48,0.54,0.9500000000000001,8.1,9.11,0.48,0,0.0,0,0.0,0.0,0.0,0,0.0,0.06,0,0.0,1,0.48,0.0,0.0,0.0,0.0,0.0,0.0,0.0,0.0,0.0,0.0,0.0,0.0,0.9500000000000001,0.0,0.48,0.48,0.48,29.52,0.0,0.0,39.05,85.37,20.48,81.4,3.81,75.0,30.95,93.85,8.1,52.94,23.21,49.28,0.0,0.0,0.0,0.0,0.0,0.0,0.0,4.76,60.0,0.0,0.0,0.0,0.0,0.0,0.0,9.05,57.89,92.31,12.38,0,,0,,0,0.0,0.0,0.0,,,2.38,,0.9500000000000001,0.0,0.0,0.0,0.0,0,0
M. Fofana,Moryké Fofana,264321,Ankara Keçiörengücü,Ankara Keçiörengücü,https://cdn5.wyscout.com/photos/team/public/g7284_120x120.png,1. Lig,LAMF,LAMF,96,,0,,0,34,1991-11-23,275000,,4,187,0,0.24,0,0.13,15.4,37.5,Côte d'Ivoire,"[""Côte d'Ivoire""]",right,175,76,False,1.9300000000000002,2.41,60.0,0.48,0.0,0.0,0.0,0.48,0.48,0.58,0.48,0,0.0,0,0.0,2.89,0.0,0,0.0,0.12,0,0.0,2,0.96,0.0,0.0,0.0,3.85,12.5,3.37,14.29,0.48,0.0,1.44,3.85,62.5,12.03,36.0,2.89,5.78,0.0,20.7,3.85,0.48,22.62,70.21,4.8100000000000005,60.0,4.33,100.0,18.29,81.58,0.48,100.0,17.96,12.99,0.06,0.48,0.0,0.0,0.0,0.0,0.48,0.0,0.0,7.22,40.0,0.0,0.0,2.41,1.44,4.8100000000000005,50.0,58.82,8.18,0,,0,,0,0.0,0.0,0.0,,,0.0,,0.48,0.0,0.0,0.0,0.48,0,0
A. Sağat,Ahmet Sağat,371727,,Antalyaspor,,,CF,CF,95,,0,,0,30,1996-05-27,550000,,3,187,1,0.62,0,0.30000000000000004,9.14,47.37,Germany,"['Germany', 'Türkiye']",both,187,82,False,1.44,1.44,33.33,5.29,54.55,0.0,0.0,0.0,0.96,1.13,0.96,0,0.0,0,0.0,0.48,0.48,1,0.48,0.30000000000000004,0,0.0,2,0.96,50.0,50.0,0.0,0.0,0.0,0.0,0.0,0.0,0.0,0.0,0.0,0.0,1.44,66.67,0.96,0.48,0.0,7.7,0.48,1.44,12.03,80.0,3.37,57.14,3.85,87.5,11.07,82.61,0.96,50.0,20.08,25.65,0.15,0.48,0.0,0.0,0.0,0.0,0.48,1.9300000000000002,75.0,0.96,50.0,0.0,0.0,0.48,0.0,1.44,66.67,88.89,4.33,0,,0,,0,0.0,0.0,0.0,,,0.0,,5.29,0.0,0.0,0.0,0.0,0,0
T. Kehinde,Tosin Kehinde,420211,Bandırmaspor,Bandırmaspor,https://cdn5.wyscout.com/photos/team/public/g11986_120x120.png,1. Lig,"LW, RW, LAMF",LW,47,RW,17,LAMF,16,28,1998-06-18,400000,2027-06-30,5,187,0,0.07,0,0.01,15.88,51.52,Nigeria,"['Nigeria', 'England']",right,178,75,False,4.8100000000000005,1.9300000000000002,100.0,0.96,0.0,0.0,0.0,0.0,2.89,6.0,0.48,0,0.0,0,0.0,2.89,0.0,0,0.0,0.03,0,0.0,2,0.96,0.0,0.0,0.0,0.48,0.0,0.48,0.0,0.0,0.0,0.0,4.33,66.67,12.51,46.15,0.96,4.33,0.0,25.51,2.41,1.44,28.4,86.44,6.74,85.71,8.18,88.24,26.47,87.27,1.44,100.0,15.35,19.28,0.01,0.48,0.0,0.0,0.0,0.0,0.0,2.89,66.67,0.96,50.0,0.0,0.0,0.48,0.0,2.41,80.0,88.24,8.18,0,,0,,0,0.0,0.0,0.0,,,0.0,,0.96,0.0,0.0,0.0,0.48,0,0
Ö. Duymaz,Ömer Faruk Duymaz,-680077,İstanbulspor,İstanbulspor,https://cdn5.wyscout.com/photos/team/public/g2226_120x120.png,1. Lig,"CF, AMF",CF,49,AMF,43,,0,20,2006-05-13,0,2030-06-30,2,185,0,0.27,1,0.39,10.22,28.57,Türkiye,['Türkiye'],unknown,0,0,False,0.49,2.43,20.0,1.46,100.0,0.0,0.0,0.0,0.0,0.0,0.49,0,0.0,0,0.0,0.97,0.0,0,0.0,0.13,0,0.0,3,1.46,33.33,0.0,0.49,0.0,0.0,0.0,0.0,0.0,0.0,0.0,1.9500000000000002,25.0,5.35,18.18,0.97,1.46,0.49,17.03,0.97,0.49,24.32,86.0,3.89,100.0,5.84,91.67,23.84,85.71,0.49,100.0,13.72,28.15,0.19,1.9500000000000002,0.0,0.0,0.0,0.0,1.46,2.92,100.0,0.49,100.0,0.0,0.0,0.97,0.0,2.43,100.0,91.67,5.84,0,,0,,0,0.0,0.0,0.0,,,0.0,,1.46,0.49,0.0,0.0,0.0,0,0
G. Bitin,Görkem Bitin,496204,Pendikspor,Pendikspor,https://cdn5.wyscout.com/photos/team/public/g9153_120x120.png,1. Lig,CF,CF,100,,0,,0,28,1998-06-22,225000,2028-06-30,4,185,1,1.27,0,0.02,10.22,28.57,Türkiye,['Türkiye'],left,190,83,False,1.46,1.46,0.0,2.92,0.0,0.0,0.0,0.49,1.46,2.65,2.43,0,0.0,0,0.0,1.9500000000000002,0.49,1,0.49,0.62,0,0.0,7,3.41,42.86,14.286,0.0,0.49,100.0,0.0,0.0,0.49,100.0,0.0,0.0,0.0,3.89,62.5,4.86,0.0,0.0,8.76,0.97,2.43,9.24,94.74,0.0,0.0,3.89,100.0,8.27,100.0,0.49,0.0,14.14,12.42,0.01,0.49,0.49,0.0,0.0,0.0,0.0,0.0,0.0,0.49,100.0,0.0,0.0,0.0,0.49,0.49,100.0,83.33,2.92,0,,0,,0,0.0,0.0,0.0,,,0.0,,2.92,0.0,0.0,0.0,0.0,0,0
Y. Sönmez,Yekta Sönmez,-407890,Pendikspor,Pendikspor,https://cdn5.wyscout.com/photos/team/public/g9153_120x120.png,1. Lig,"LCMF, RCMF, AMF",LCMF,38,RCMF,24,AMF,17,25,2001-01-13,0,2027-06-30,4,184,0,0.8,2,0.72,12.23,40.0,Türkiye,['Türkiye'],right,0,0,False,4.4,4.89,30.0,3.91,62.5,0.0,0.0,0.0,2.93,4.86,2.45,0,0.0,0,0.0,1.47,0.0,0,0.0,0.39,0,0.0,4,1.96,50.0,0.0,0.98,2.45,20.0,1.47,33.33,0.98,0.0,0.49,0.0,0.0,3.42,28.57,3.42,0.0,0.0,22.5,1.47,1.47,25.92,83.02,5.87,75.0,6.36,100.0,22.01,88.89,1.47,100.0,14.83,16.84,0.35000000000000003,2.93,0.0,0.0,0.98,0.0,2.45,1.47,100.0,2.93,50.0,0.98,0.0,1.96,0.49,2.45,100.0,83.33,5.87,0,,0,,0,0.0,0.0,0.0,,,0.0,,3.91,0.0,0.0,0.0,0.0,0,0
S. Luş,Süleyman Luş,504970,Ankara Keçiörengücü,Ankara Keçiörengücü,https://cdn5.wyscout.com/photos/team/public/g7284_120x120.png,1. Lig,LB,LB,100,,0,,0,25,2001-03-24,75000,2027-06-30,3,184,1,0.02,0,0.09,8.32,58.82,Türkiye,['Türkiye'],left,0,0,False,6.36,5.38,72.73,0.98,0.0,0.0,0.0,0.0,2.45,3.0,0.0,0,0.0,0,0.0,2.45,0.49,1,0.49,0.01,0,0.0,1,0.49,100.0,100.0,0.0,2.93,50.0,2.45,60.0,0.0,0.0,0.0,0.49,100.0,1.47,66.67,0.98,1.47,0.0,26.41,1.47,0.49,34.73,78.87,13.7,78.57,6.36,69.23,26.41,85.19,5.87,66.67,18.33,27.66,0.04,0.49,0.0,0.0,0.0,0.0,0.98,3.42,71.43,2.45,100.0,0.0,0.0,0.49,1.47,6.85,78.57,90.48,10.27,0,,0,,0,0.0,0.0,0.0,,,0.49,,0.98,0.0,0.0,0.0,0.49,0,0
B. Özyürek,Bertu Alican Özyürek,504982,Boluspor,Boluspor,https://cdn5.wyscout.com/photos/team/public/1346_120x120.png,1. Lig,"CF, RDMF, LDMF",CF,47,RDMF,26,LDMF,19,25,2001-05-31,150000,2027-06-30,3,181,0,0.06,1,0.04,11.93,50.0,Türkiye,['Türkiye'],right,0,0,False,10.94,7.96,75.0,1.49,0.0,0.0,0.0,0.0,4.97,5.17,0.99,0,0.0,0,0.0,0.99,0.0,0,0.0,0.03,0,0.0,3,1.49,0.0,0.0,0.5,0.5,100.0,0.0,0.0,0.5,100.0,0.0,0.0,0.0,1.99,0.0,0.5,0.0,0.0,23.37,0.5,0.0,32.32,76.92,5.97,75.0,6.46,76.92,27.85,80.36,3.98,50.0,25.38,35.07,0.02,0.5,0.0,0.0,0.5,100.0,0.99,8.95,66.67,0.99,100.0,0.5,100.0,0.5,0.5,7.96,68.75,75.0,15.91,0,,0,,0,0.0,0.0,0.0,,,0.5,,1.49,0.5,0.0,0.0,1.49,0,0
B. Yılmaz,Berat Yılmaz,-313422,Ümranıyespor,Ümranıyespor,https://cdn5.wyscout.com/photos/team/public/g19664_120x120.png,1. Lig,"LCMF3, RCMF3",LCMF3,61,RCMF3,38,,0,20,2006-03-24,0,,4,181,0,0.79,0,0.01,18.4,51.35,Türkiye,['Türkiye'],,180,66,True,7.46,6.46,61.54,1.49,100.0,0.0,0.0,0.5,3.48,4.29,0.99,0,0.0,0,0.0,1.99,0.0,0,0.0,0.4,0,0.0,8,3.98,25.0,0.0,0.0,0.99,0.0,0.5,0.0,0.5,0.0,0.0,1.49,66.67,8.45,35.29,2.98,1.99,0.0,33.31,2.49,2.49,39.78,86.25,9.94,70.0,10.44,100.0,36.8,90.54,1.99,50.0,17.36,35.69,0.0,0.5,0.99,0.0,0.0,0.0,0.0,2.98,66.67,2.49,20.0,0.0,0.0,0.5,0.5,3.48,57.14,88.0,12.43,0,,0,,0,0.0,0.0,0.0,,,0.0,,1.49,0.0,0.0,0.0,0.99,0,0
A. Türk,Adem Metin Türk,-159486,Bodrumspor,Bodrumspor,https://cdn5.wyscout.com/photos/team/public/g34119_120x120.png,1. Lig,"RW, RAMF",RW,60,RAMF,34,,0,22,2004-01-15,75000,2028-06-30,4,180,0,0.8,1,0.29,17.5,54.29,Türkiye,['Türkiye'],left,177,67,False,2.0,2.5,40.0,1.5,66.67,0.0,0.0,0.0,1.0,1.3,1.0,0,0.0,0,0.0,6.5,0.0,0,0.0,0.4,0,0.0,5,2.5,20.0,0.0,0.5,3.0,0.0,0.0,0.0,3.0,0.0,1.0,8.5,70.59,13.0,57.69,4.0,1.5,0.0,22.0,1.5,2.5,27.5,74.55,3.5,71.43,7.0,100.0,23.0,84.78,1.5,66.67,16.29,20.71,0.15,1.0,0.0,0.0,0.5,0.0,1.0,1.5,66.67,3.0,33.33,0.5,0.0,1.0,0.0,1.0,50.0,66.67,10.5,0,,0,,0,0.0,0.0,0.0,,,0.0,,1.5,0.5,0.0,0.0,3.0,0,0
J. Lindseth,Jonathan Lindseth,326499,Manisa F.K.,Manisa F.K.,https://cdn5.wyscout.com/photos/team/public/g34120_120x120.png,1. Lig,"RDMF, LDMF",RDMF,53,LDMF,46,,0,30,1996-02-25,0,2027-06-30,2,179,2,0.29,0,0.0,10.06,40.0,Norway,['Norway'],right,182,75,False,4.02,6.03,50.0,0.5,0.0,0.0,0.0,0.5,1.01,1.62,1.51,1,0.5,0,0.0,2.01,1.01,2,1.01,0.15,0,0.0,2,1.01,100.0,100.0,0.0,0.0,0.0,0.0,0.0,0.0,0.0,0.0,1.51,66.67,3.02,33.33,0.5,0.5,0.0,39.22,0.5,0.0,49.27,85.71,16.59,72.73,7.54,100.0,45.25,87.78,4.02,62.5,16.39,34.89,0.0,0.5,0.0,0.0,0.0,0.0,0.0,8.04,56.25,1.01,100.0,0.5,100.0,0.5,0.0,6.54,76.92,90.0,15.08,0,,0,,0,0.0,0.0,0.0,,,2.01,,0.5,0.0,0.0,0.0,0.0,0,0
A. Çolak,Arda Çolak,-324606,Iğdır FK,Iğdır FK,https://cdn5.wyscout.com/photos/team/public/g-14609_120x120.png,1. Lig,CF,CF,100,,0,,0,21,2004-12-08,0,2027-06-30,4,179,0,0.34,0,0.0,26.65,30.19,Türkiye,['Türkiye'],unknown,0,0,False,1.51,1.51,0.0,8.55,35.29,0.0,0.0,0.0,1.51,1.8399999999999999,2.51,0,0.0,0,0.0,1.01,0.0,0,0.0,0.17,0,0.0,3,1.51,33.33,0.0,0.0,0.0,0.0,0.0,0.0,0.0,0.0,0.0,0.5,100.0,15.08,26.67,4.02,1.01,0.0,9.55,2.01,2.01,15.08,76.67,2.51,80.0,7.54,86.67,15.08,76.67,0.0,0.0,10.58,0.0,0.0,0.5,0.0,0.0,0.0,0.0,0.0,1.01,100.0,0.0,0.0,0.0,0.0,0.0,0.0,1.01,50.0,100.0,1.01,0,,0,,0,0.0,0.0,0.0,,,0.0,,8.55,0.0,0.0,0.0,0.0,0,0
F. Loshaj,Florian Loshaj,433976,Bodrumspor,Bodrumspor,https://cdn5.wyscout.com/photos/team/public/g34119_120x120.png,1. Lig,"AMF, RCMF",AMF,57,RCMF,36,,0,30,1996-08-13,0,2028-06-30,3,175,1,0.39,0,0.41000000000000003,13.89,29.63,Kosovo,"['Kosovo', 'Belgium']",left,174,71,False,3.6,4.63,22.22,2.06,0.0,0.0,0.0,0.0,2.5700000000000003,3.5700000000000003,1.54,1,0.51,1,0.51,2.5700000000000003,0.51,1,0.51,0.2,1,0.51,3,1.54,33.33,33.333,0.0,2.06,50.0,1.54,66.67,0.51,0.0,1.03,2.06,50.0,5.66,36.36,3.09,0.0,0.0,29.83,3.6,1.03,34.97,85.29,11.83,73.91,4.63,88.89,30.34,88.14,2.5700000000000003,80.0,17.98,48.87,0.21,1.54,0.0,0.0,0.51,0.0,1.54,6.17,91.67,3.6,57.14,0.51,0.0,1.54,1.03,6.69,100.0,92.59,13.89,0,,0,,0,0.0,0.0,0.0,,,0.0,,2.06,1.54,0.0,0.0,3.09,0,0
O. Roshi,Odise Roshi,57340,Ankara Keçiörengücü,Ankara Keçiörengücü,https://cdn5.wyscout.com/photos/team/public/g7284_120x120.png,1. Lig,RAMF,RAMF,97,,0,,0,35,1991-05-22,175000,2027-06-30,4,175,0,0.11,0,0.0,18.0,48.57,Albania,['Albania'],right,187,80,False,6.17,4.11,25.0,5.66,54.55,0.0,0.0,0.0,5.14,6.52,1.54,1,0.51,0,0.0,1.03,0.0,0,0.0,0.06,0,0.0,2,1.03,0.0,0.0,0.0,2.06,25.0,0.0,0.0,2.06,25.0,0.0,0.51,100.0,7.2,50.0,2.5700000000000003,1.54,0.0,19.54,4.11,2.5700000000000003,25.2,67.35,7.2,64.29,7.71,66.67,21.09,73.17,2.06,50.0,14.78,27.6,0.0,0.0,0.0,0.0,0.0,0.0,0.0,3.09,50.0,2.5700000000000003,40.0,0.0,0.0,0.51,0.51,5.14,70.0,61.54,6.69,0,,0,,0,0.0,0.0,0.0,,,0.0,,5.66,0.0,0.0,0.0,0.0,0,0
M. Wilks,Mallik Wilks,470662,Mardin 1969,Mardin 1969,https://cdn5.wyscout.com/photos/team/public/g-14762_120x120.png,1. Lig,"RW, LAMF, RAMF",RW,44,LAMF,18,RAMF,18,27,1998-12-15,450000,2027-06-30,3,174,0,0.14,0,0.0,17.59,38.24,England,['England'],left,183,73,False,2.59,6.72,23.08,1.03,100.0,0.0,0.0,0.0,1.03,1.94,2.07,0,0.0,0,0.0,3.1,0.0,0,0.0,0.07,0,0.0,3,1.55,0.0,0.0,0.0,3.62,28.57,1.55,0.0,2.07,50.0,0.0,3.62,28.57,9.31,44.44,2.07,2.07,0.0,10.34,2.59,0.52,16.03,54.84,4.66,44.44,2.59,100.0,10.34,60.0,2.59,60.0,26.18,60.01,0.0,0.0,0.0,0.0,1.03,100.0,0.0,1.55,66.67,4.14,62.5,1.03,100.0,1.55,2.07,3.62,71.43,50.0,5.17,0,,0,,0,0.0,0.0,0.0,,,0.0,,1.03,0.0,0.0,0.0,0.0,0,0
R. Mulumba,Rémi Mulumba,130411,Bandırmaspor,Bandırmaspor,https://cdn5.wyscout.com/photos/team/public/g11986_120x120.png,1. Lig,"RCMF, LCMF, RDMF",RCMF,37,LCMF,24,RDMF,17,33,1992-11-02,225000,2028-06-30,5,172,0,0.17,0,0.0,8.9,41.18,France,"['France', 'Congo DR']",right,178,70,False,5.23,2.09,50.0,1.57,33.33,0.0,0.0,0.0,4.19,8.28,1.57,1,0.52,0,0.0,0.0,0.0,0,0.0,0.09,0,0.0,1,0.52,0.0,0.0,0.0,0.52,0.0,0.0,0.0,0.52,0.0,0.0,0.0,0.0,3.66,57.14,0.52,0.0,0.0,41.34,0.52,1.57,53.37,84.31,19.88,68.42,10.99,100.0,45.52,90.8,7.33,50.0,20.94,40.31,0.0,0.0,0.0,0.0,0.0,0.0,0.0,10.99,61.9,1.57,0.0,0.0,0.0,0.0,0.0,8.37,75.0,90.91,17.27,0,,0,,0,0.0,0.0,0.0,,,0.0,,1.57,0.0,0.0,0.0,0.0,0,0
E. Mendy,Elvin Mendy,-811868,İstanbulspor,İstanbulspor,https://cdn5.wyscout.com/photos/team/public/g2226_120x120.png,1. Lig,"LCMF, RCB",LCMF,47,RCB,28,,0,19,2006-12-23,0,,3,171,0,0.14,0,0.01,8.95,64.71,Gambia,['Gambia'],,182,0,False,8.42,2.63,80.0,2.11,75.0,0.53,0.63,0.53,5.79,6.88,0.0,0,0.0,0,0.0,0.53,0.0,0,0.0,0.08,0,0.0,3,1.58,0.0,0.0,0.0,0.0,0.0,0.0,0.0,0.0,0.0,0.0,0.53,100.0,2.63,60.0,1.05,0.53,0.53,20.0,0.0,0.53,36.32,91.3,10.53,80.0,6.84,100.0,34.21,93.85,2.11,50.0,20.93,47.59,0.01,0.53,0.0,0.0,0.0,0.0,0.0,2.63,80.0,0.53,100.0,0.0,0.0,0.53,0.0,5.26,70.0,96.3,14.21,0,,0,,0,0.0,0.0,0.0,,,2.63,,2.11,0.0,0.0,0.0,0.0,0,0
Y. Uzunoğlu,Yasin Uzunoğlu,-236060,Muğlaspor,Muğlaspor,https://cdn5.wyscout.com/photos/team/public/g14051_120x120.png,1. Lig,CF,CF,90,,0,,0,23,2002-10-17,0,,4,166,2,1.02,0,0.0,11.93,27.27,Türkiye,['Türkiye'],,0,0,False,3.8,5.42,30.0,3.25,16.67,0.0,0.0,0.0,2.17,3.5300000000000002,3.8,2,1.08,0,0.0,2.17,1.08,2,1.08,0.55,0,0.0,5,2.71,60.0,40.0,0.0,1.08,0.0,0.54,0.0,0.54,0.0,0.0,1.63,33.33,2.17,25.0,2.71,1.08,0.0,11.93,1.08,0.0,15.72,72.41,2.71,20.0,4.34,87.5,14.1,80.77,1.08,0.0,12.38,22.15,0.0,0.0,0.0,0.0,0.0,0.0,0.54,1.08,50.0,1.63,66.67,0.0,0.0,1.63,0.0,1.63,66.67,77.78,4.88,0,,0,,0,0.0,0.0,0.0,,,0.0,,3.25,0.0,0.0,0.0,0.0,0,0
M. Çaylı,Mustafa Alptekin Çaylı,-218876,Boluspor,Boluspor,https://cdn5.wyscout.com/photos/team/public/1346_120x120.png,1. Lig,"RW, RAMF",RW,52,RAMF,40,,0,21,2004-10-22,0,2027-06-30,3,166,0,0.15,0,0.01,10.3,26.32,Türkiye,['Türkiye'],left,177,0,False,4.88,3.25,33.33,1.08,0.0,0.0,0.0,0.0,3.8,4.04,0.0,0,0.0,0,0.0,1.63,0.0,0,0.0,0.08,0,0.0,2,1.08,50.0,0.0,0.0,0.54,100.0,0.0,0.0,0.54,100.0,0.0,1.63,33.33,4.88,22.22,0.54,1.08,0.0,17.35,1.63,0.54,21.69,77.5,2.17,50.0,8.67,81.25,20.6,76.32,0.54,100.0,11.87,16.58,0.01,0.54,0.0,0.0,0.0,0.0,1.08,0.54,100.0,1.08,50.0,0.0,0.0,0.54,0.54,2.17,25.0,90.0,5.42,0,,0,,0,0.0,0.0,0.0,,,0.54,,1.08,0.0,0.0,0.0,0.54,0,0
G. Vural,Güray Vural,31062,,Antalyaspor,,,"LB, LWB",LB,60,LWB,39,,0,38,1988-06-11,225000,,2,164,0,0.19,1,0.4,4.39,87.5,Türkiye,['Türkiye'],left,177,65,False,5.49,2.74,80.0,1.1,100.0,0.0,0.0,0.0,3.29,4.5,0.55,2,1.1,1,0.55,0.0,0.0,0,0.0,0.11,0,0.0,3,1.65,0.0,0.0,0.55,3.84,0.0,3.84,0.0,0.0,0.0,0.0,0.0,0.0,0.55,100.0,1.65,1.1,0.0,35.67,3.29,0.55,46.1,70.24,13.72,52.0,8.78,87.5,39.51,76.39,3.29,66.67,18.58,46.77,0.22,2.2,0.0,0.0,0.0,0.0,0.0,3.29,16.67,3.29,16.67,0.0,0.0,0.55,0.0,6.59,58.33,68.97,15.91,0,,0,,0,0.0,0.0,0.0,,,1.1,,1.1,2.2,1.1,0.0,3.29,0,0
N. Janvier,Nicolas Jean Paul Noel Janvier,400599, Esenler Erokspor, Esenler Erokspor,https://cdn5.wyscout.com/photos/team/public/g39486_120x120.png,1. Lig,"RDMF, AMF, LCMF",RDMF,44,AMF,21,LCMF,14,28,1998-08-11,500000,,4,164,0,0.0,0,0.30000000000000004,8.23,40.0,France,['France'],right,171,72,False,3.29,3.29,33.33,2.2,50.0,0.0,0.0,0.0,2.2,4.29,0.55,0,0.0,0,0.0,2.2,0.0,0,0.0,0.0,0,0.0,0,0.0,0.0,0.0,0.0,2.74,60.0,0.55,0.0,2.2,75.0,0.0,0.55,100.0,2.2,25.0,0.0,0.0,0.55,52.68,0.55,0.0,69.7,89.76,25.24,86.96,11.52,95.24,59.27,93.52,9.33,70.59,17.97,33.73,0.16,1.65,0.0,0.0,0.0,0.0,0.55,18.11,90.91,3.84,57.14,0.0,0.0,1.65,1.1,15.37,92.86,90.91,24.15,0,,0,,0,0.0,0.0,0.0,,,0.0,,2.2,1.65,0.0,0.0,1.65,0,0
Álex Blanco,Alejandro Blanco Sánchez,372757,Ümranıyespor,Ümranıyespor,https://cdn5.wyscout.com/photos/team/public/g19664_120x120.png,1. Lig,"RWF, LWF",RWF,83,LWF,10,,0,27,1998-12-16,350000,,4,163,1,0.23,0,0.13,16.01,27.59,Spain,['Spain'],left,178,70,False,3.87,2.21,25.0,2.21,0.0,0.0,0.0,0.55,3.31,3.83,1.6600000000000001,0,0.0,0,0.0,1.6600000000000001,0.55,1,0.55,0.13,0,0.0,5,2.76,20.0,20.0,0.0,1.1,0.0,1.1,0.0,0.0,0.0,0.0,2.76,40.0,10.49,36.84,3.87,3.31,0.0,28.71,3.87,2.76,32.58,84.75,4.42,62.5,13.8,96.0,30.37,87.27,1.1,100.0,14.5,20.53,0.07,1.1,0.0,0.0,0.0,0.0,0.0,0.0,0.0,2.76,80.0,0.0,0.0,2.21,0.0,2.76,80.0,88.89,4.97,0,,0,,0,0.0,0.0,0.0,,,0.55,,2.21,0.55,0.0,0.0,1.6600000000000001,0,0
S. Dilli,Selim Dilli,462394,Muğlaspor,Muğlaspor,https://cdn5.wyscout.com/photos/team/public/g14051_120x120.png,1. Lig,"LCMF, RCMF, LDMF",LCMF,59,RCMF,22,LDMF,14,28,1998-05-26,100000,,4,162,0,0.01,0,0.12,6.11,72.73,Türkiye,['Türkiye'],left,177,68,False,7.22,2.22,100.0,2.22,75.0,0.0,0.0,0.0,5.0,7.94,0.0,1,0.56,0,0.0,0.56,0.0,0,0.0,0.0,0,0.0,3,1.67,33.33,0.0,0.0,2.7800000000000002,0.0,2.22,0.0,0.56,0.0,0.0,0.0,0.0,1.11,0.0,0.0,0.56,0.0,50.56,1.67,0.56,70.56,80.31,27.22,67.35,12.22,100.0,57.78,89.42,10.0,50.0,19.21,33.99,0.07,1.11,0.0,0.0,0.0,0.0,0.0,12.22,59.09,4.44,25.0,0.56,0.0,1.11,1.11,10.56,73.68,81.58,21.11,0,,0,,0,0.0,0.0,0.0,,,2.7800000000000002,,2.22,1.11,0.56,0.0,1.67,0,0
T. Teklić,Tonio Teklić,485820,Mardin 1969,Mardin 1969,https://cdn5.wyscout.com/photos/team/public/g-14762_120x120.png,1. Lig,RCMF,RCMF,100,,0,,0,26,1999-09-09,1100000,2029-06-30,4,162,0,0.08,1,0.5,11.11,45.0,Croatia,['Croatia'],left,182,76,False,3.33,5.5600000000000005,40.0,1.11,50.0,1.11,1.58,0.0,0.0,0.0,1.67,1,0.56,0,0.0,2.22,0.0,0,0.0,0.05,0,0.0,3,1.67,33.33,0.0,0.56,1.67,33.33,0.0,0.0,1.67,33.33,0.0,1.67,66.67,3.33,66.67,1.67,2.22,0.0,38.33,1.67,1.11,46.67,73.81,15.56,53.57,7.78,100.0,37.22,79.1,7.78,57.14,24.19,47.13,0.28,1.11,0.0,0.0,0.56,0.0,1.11,10.0,55.56,3.33,50.0,1.67,66.67,0.56,1.11,11.11,70.0,77.42,17.22,0,,0,,0,0.0,0.0,0.0,,,1.11,,1.11,0.56,0.0,0.0,1.11,0,0
M. Ologo,Michael Ologo,-290165,İstanbulspor,İstanbulspor,https://cdn5.wyscout.com/photos/team/public/g2226_120x120.png,1. Lig,LCB,LCB,100,,0,,0,23,2003-04-05,650000,2027-06-30,2,157,1,0.16,0,0.0,2.87,60.0,Nigeria,['Nigeria'],right,189,80,False,7.45,0.5700000000000001,0.0,2.29,75.0,0.0,0.0,0.5700000000000001,7.45,8.13,0.0,1,0.5700000000000001,0,0.0,0.5700000000000001,0.5700000000000001,1,0.5700000000000001,0.09,1,0.5700000000000001,1,0.5700000000000001,100.0,100.0,0.0,0.0,0.0,0.0,0.0,0.0,0.0,0.0,0.0,0.0,0.0,0.0,0.5700000000000001,0.0,0.0,40.7,1.15,0.0,48.15,88.1,18.34,71.88,0.5700000000000001,100.0,45.86,92.5,2.29,0.0,21.62,51.12,0.0,0.0,0.0,0.0,0.0,0.0,0.0,2.29,50.0,0.0,0.0,0.0,0.0,0.0,0.0,5.73,40.0,100.0,25.22,0,,0,,0,0.0,0.0,0.0,,,0.5700000000000001,,2.29,0.0,0.0,0.0,0.0,0,0
M. Keskin,Berkan Mahmut Keskin,-146284,Ankara Keçiörengücü,Ankara Keçiörengücü,https://cdn5.wyscout.com/photos/team/public/g7284_120x120.png,1. Lig,RB,RB,100,,0,,0,24,2002-04-12,0,2028-06-30,3,157,0,0.03,0,0.11,11.46,50.0,Türkiye,['Türkiye'],right,178,70,False,11.46,6.31,45.45,0.5700000000000001,100.0,0.0,0.0,1.15,8.6,11.25,1.72,1,0.5700000000000001,0,0.0,1.72,0.0,0,0.0,0.02,0,0.0,2,1.15,0.0,0.0,0.0,3.44,33.33,0.0,0.0,3.44,33.33,0.5700000000000001,0.5700000000000001,100.0,4.01,42.86,1.15,0.5700000000000001,0.0,25.8,4.01,0.5700000000000001,35.54,74.19,17.2,73.33,4.59,87.5,28.09,85.71,4.59,37.5,20.2,39.65,0.06,0.5700000000000001,0.0,0.0,0.0,0.0,0.0,2.87,40.0,4.59,25.0,0.0,0.0,0.5700000000000001,0.5700000000000001,5.16,77.78,62.5,9.17,0,,0,,0,0.0,0.0,0.0,,,0.0,,0.5700000000000001,0.0,0.0,0.0,0.5700000000000001,0,0
Ö. Sahan,Özcan Sahan,-272036,İstanbulspor,İstanbulspor,https://cdn5.wyscout.com/photos/team/public/g2226_120x120.png,1. Lig,RB,RB,100,,0,,0,27,1999-01-08,0,2028-06-30,2,152,0,0.01,0,0.2,11.25,47.37,France,"['France', 'Türkiye']",,176,70,False,7.11,6.51,54.55,2.37,50.0,0.59,0.77,0.59,2.96,3.85,2.37,0,0.0,0,0.0,1.78,0.0,0,0.0,0.0,0,0.0,1,0.59,100.0,0.0,0.0,2.37,25.0,0.0,0.0,2.37,25.0,0.59,0.59,100.0,2.37,25.0,0.59,0.59,0.0,24.28,1.18,0.0,29.01,81.63,9.47,87.5,5.33,88.89,25.46,88.37,1.18,50.0,18.15,27.36,0.12,0.59,0.0,0.0,0.0,0.0,0.59,1.18,50.0,2.37,25.0,0.0,0.0,0.0,0.59,4.74,87.5,80.0,8.88,0,,0,,0,0.0,0.0,0.0,,,0.59,,2.37,0.0,0.0,0.0,0.0,0,0
E. Eze,Emeka Friday Eze,481206,Sarıyer,Sarıyer,https://cdn5.wyscout.com/photos/team/public/g2344_120x120.png,1. Lig,CF,CF,100,,0,,0,29,1996-09-26,700000,2027-06-30,2,151,1,0.76,0,0.12,22.65,34.21,Nigeria,['Nigeria'],right,185,80,False,2.98,1.79,66.67,8.34,14.29,0.0,0.0,0.0,1.79,2.0,0.6000000000000001,0,0.0,0,0.0,1.19,0.6000000000000001,0,0.0,0.45,0,0.0,1,0.6000000000000001,100.0,100.0,0.0,1.19,0.0,0.0,0.0,1.19,0.0,0.6000000000000001,1.19,50.0,11.32,42.11,1.79,1.79,0.0,8.34,2.98,2.98,13.11,68.18,2.38,100.0,3.58,66.67,10.73,77.78,1.19,50.0,16.85,48.86,0.07,0.6000000000000001,0.6000000000000001,0.0,0.0,0.0,0.6000000000000001,2.98,80.0,0.6000000000000001,0.0,0.0,0.0,0.6000000000000001,0.0,1.79,100.0,66.67,3.58,0,,0,,0,0.0,0.0,0.0,,,0.0,,8.34,0.0,0.0,0.0,0.0,1,100
B. Göcmen,Bartu Göcmen,-244277,Boluspor,Boluspor,https://cdn5.wyscout.com/photos/team/public/1346_120x120.png,1. Lig,"RCB, CF",RCB,89,CF,10,,0,23,2003-01-01,0,2027-06-30,3,150,0,0.0,0,0.0,7.2,66.67,Türkiye,['Türkiye'],right,0,0,False,13.8,3.0,60.0,3.0,80.0,0.0,0.0,1.8,12.0,13.04,1.2,0,0.0,0,0.0,0.0,0.0,0,0.0,0.0,0,0.0,0,0.0,0.0,0.0,0.0,0.0,0.0,0.0,0.0,0.0,0.0,0.0,0.0,0.0,1.2,50.0,0.0,0.0,0.0,23.4,1.2,0.6000000000000001,41.4,84.06,16.2,81.48,3.0,60.0,39.0,86.15,2.4,50.0,16.82,37.93,0.0,0.0,0.0,0.0,0.0,0.0,0.0,3.0,80.0,1.2,100.0,0.0,0.0,0.6000000000000001,0.0,6.0,40.0,92.59,16.2,0,,0,,0,0.0,0.0,0.0,,,1.8,,3.0,0.0,0.0,0.0,0.0,0,0
F. Yazgan,Ferhat Yazgan,141531, Esenler Erokspor, Esenler Erokspor,https://cdn5.wyscout.com/photos/team/public/g39486_120x120.png,1. Lig,"LDMF, RDMF, DMF",LDMF,53,RDMF,30,DMF,16,33,1992-10-20,225000,2027-06-30,3,147,0,0.01,0,0.05,12.86,33.33,Germany,['Germany'],right,183,79,False,5.51,4.29,14.29,2.45,75.0,0.0,0.0,0.0,4.9,8.28,3.06,0,0.0,0,0.0,0.0,0.0,0,0.0,0.01,0,0.0,1,0.61,0.0,0.0,0.0,0.0,0.0,0.0,0.0,0.0,0.0,0.0,0.61,0.0,3.67,33.33,0.0,0.0,0.0,33.67,0.0,1.8399999999999999,42.24,78.26,11.63,47.37,7.35,83.33,33.06,87.04,9.18,46.67,23.58,36.33,0.03,0.61,0.0,0.0,0.0,0.0,0.61,7.96,53.85,3.06,40.0,0.0,0.0,0.61,0.0,7.96,53.85,97.14,21.43,0,,0,,0,0.0,0.0,0.0,,,1.22,,2.45,0.0,0.0,0.0,0.0,0,0
Pedro Brazão,Pedro David Brazão Teixeira,-103411,Bodrumspor,Bodrumspor,https://cdn5.wyscout.com/photos/team/public/g34119_120x120.png,1. Lig,"RAMF, RW",RAMF,68,RW,31,,0,23,2002-12-30,0,2028-06-30,3,146,0,0.01,0,0.0,21.58,48.57,Portugal,['Portugal'],left,178,62,False,5.55,8.01,61.54,0.0,0.0,0.0,0.0,0.0,0.62,0.71,0.62,0,0.0,0,0.0,3.7,0.0,0,0.0,0.01,0,0.0,1,0.62,0.0,0.0,0.0,2.47,25.0,0.0,0.0,2.47,25.0,0.62,4.32,71.43,11.1,38.89,2.47,4.32,0.0,17.88,2.47,1.23,20.96,70.59,6.78,63.64,6.16,70.0,18.49,76.67,0.0,0.0,15.97,0.0,0.0,0.0,0.0,0.0,0.0,0.0,0.62,3.08,80.0,3.08,40.0,0.0,0.0,0.62,0.62,3.08,60.0,66.67,7.4,0,,0,,0,0.0,0.0,0.0,,,0.0,,0.0,0.0,0.0,0.0,1.23,0,0
D. Seck,Dame Bamba Seck,-591255,Bandırmaspor,Bandırmaspor,https://cdn5.wyscout.com/photos/team/public/g11986_120x120.png,1. Lig,"RW, LW",RW,77,LW,10,,0,19,2007-03-30,0,,4,145,0,0.33,0,0.0,17.38,50.0,Senegal,['Senegal'],unknown,0,0,False,5.59,6.83,18.18,1.8599999999999999,66.67,0.0,0.0,0.62,4.34,8.08,3.7199999999999998,1,0.62,0,0.0,4.34,0.0,0,0.0,0.21,0,0.0,4,2.48,25.0,0.0,0.0,6.83,9.09,0.62,0.0,6.21,10.0,1.8599999999999999,3.7199999999999998,83.33,6.21,70.0,3.1,3.1,0.62,19.24,3.1,1.24,26.07,61.9,3.1,60.0,5.59,88.89,18.62,83.33,1.24,0.0,17.58,9.74,0.0,0.0,0.0,0.0,0.0,0.0,0.0,1.8599999999999999,33.33,6.83,27.27,0.0,0.0,0.0,0.62,1.8599999999999999,66.67,47.62,13.03,0,,0,,0,0.0,0.0,0.0,,,0.0,,1.8599999999999999,0.0,0.0,0.0,0.0,0,0
F. Tultak,Fatih Tultak,504975,İstanbulspor,İstanbulspor,https://cdn5.wyscout.com/photos/team/public/g2226_120x120.png,1. Lig,LCB,LCB,90,,0,,0,25,2001-02-28,125000,2029-06-30,2,143,0,0.0,0,0.0,3.7800000000000002,16.67,Türkiye,['Türkiye'],left,186,0,False,3.7800000000000002,3.15,20.0,0.0,0.0,0.0,0.0,0.63,3.15,4.69,1.26,0,0.0,0,0.0,0.63,0.0,0,0.0,0.0,0,0.0,0,0.0,0.0,0.0,0.0,1.26,50.0,1.26,50.0,0.0,0.0,0.0,0.0,0.0,0.0,0.0,0.0,0.63,0.0,33.36,1.26,0.0,50.35,87.5,17.62,78.57,4.41,100.0,44.06,92.86,5.03,50.0,24.75,52.84,0.0,0.0,0.0,0.0,0.0,0.0,0.0,8.81,50.0,2.52,50.0,0.0,0.0,0.63,0.63,5.03,75.0,95.12,25.8,0,,0,,0,0.0,0.0,0.0,,,3.7800000000000002,,0.0,0.0,0.0,0.0,0.0,0,0
F. Özhan,Muhammed Furkan Özhan,505916,Vanspor FK,Vanspor FK,https://cdn5.wyscout.com/photos/team/public/g2346_120x120.png,1. Lig,RAMF,RAMF,100,,0,,0,25,2000-10-14,0,,2,140,1,0.12,0,0.16,16.71,30.77,Türkiye,['Türkiye'],left,176,69,True,4.5,6.43,30.0,2.5700000000000003,25.0,0.0,0.0,0.0,2.5700000000000003,3.16,1.9300000000000002,0,0.0,0,0.0,1.9300000000000002,0.64,1,0.64,0.08,0,0.0,1,0.64,100.0,100.0,0.0,1.29,50.0,0.0,0.0,1.29,50.0,0.0,0.64,100.0,7.71,33.33,0.64,0.0,0.0,16.07,1.9300000000000002,1.29,23.14,61.11,9.0,35.71,4.5,100.0,17.36,62.96,4.5,57.14,20.89,44.0,0.1,1.29,0.64,0.0,0.0,0.0,0.0,6.43,40.0,4.5,28.57,1.29,50.0,0.64,0.64,5.14,62.5,54.55,7.07,0,,0,,0,0.0,0.0,0.0,,,0.0,,2.5700000000000003,0.64,0.0,0.0,2.5700000000000003,0,0
B. Kapacak,Burak Kapacak,440986,,Sivasspor,,,RB,RB,100,,0,,0,26,1999-12-08,400000,,3,138,0,0.01,0,0.0,12.39,47.37,Türkiye,['Türkiye'],right,180,72,False,5.22,5.87,33.33,0.65,100.0,0.0,0.0,0.0,3.26,5.36,0.65,1,0.65,0,0.0,0.65,0.0,0,0.0,0.01,0,0.0,1,0.65,0.0,0.0,0.0,0.65,0.0,0.0,0.0,0.65,0.0,0.0,1.3,50.0,5.22,62.5,0.65,0.0,0.0,25.43,0.65,1.96,32.61,74.0,16.96,65.38,8.48,84.62,28.04,79.07,3.91,50.0,13.89,25.78,0.0,0.0,0.0,0.0,0.0,0.0,0.0,3.91,50.0,1.3,0.0,0.0,0.0,0.0,0.0,7.83,75.0,100.0,2.61,0,,0,,0,0.0,0.0,0.0,,,0.65,,0.65,0.0,0.0,0.0,0.0,0,0
C. Yılmaz,Can Arda Yılmaz,-738853,Boluspor,Boluspor,https://cdn5.wyscout.com/photos/team/public/1346_120x120.png,1. Lig,"LCMF, DMF",LCMF,79,DMF,11,,0,19,2007-04-07,0,2028-06-30,3,138,0,0.15,0,0.0,5.87,55.56,Germany,"['Germany', 'Türkiye']",,0,0,False,3.91,4.57,57.14,0.0,0.0,0.0,0.0,0.0,1.3,1.28,0.65,0,0.0,0,0.0,0.65,0.0,0,0.0,0.1,0,0.0,1,0.65,100.0,0.0,0.0,0.65,0.0,0.65,0.0,0.0,0.0,0.65,0.0,0.0,0.65,100.0,0.65,0.65,0.0,33.26,0.0,0.65,42.39,84.62,14.35,68.18,5.22,87.5,39.78,88.52,1.96,33.33,17.75,24.65,0.0,0.0,0.0,0.0,0.0,0.0,0.65,5.22,75.0,0.65,0.0,0.0,0.0,0.0,0.0,6.52,70.0,96.43,18.26,0,,0,,0,0.0,0.0,0.0,,,0.0,,0.0,0.0,0.0,0.0,0.0,0,0
D. Sahin,Devrim Sahin,-770491,Bodrumspor,Bodrumspor,https://cdn5.wyscout.com/photos/team/public/g34119_120x120.png,1. Lig,"RW, LAMF, LW",RW,45,LAMF,36,LW,18,19,2007-04-01,0,2028-06-30,3,137,0,0.2,0,0.51,13.8,42.86,Türkiye,['Türkiye'],,0,0,False,3.94,1.31,100.0,2.63,50.0,0.0,0.0,0.0,2.63,3.33,0.0,0,0.0,0,0.0,2.63,0.0,0,0.0,0.13,0,0.0,2,1.31,0.0,0.0,0.0,7.88,16.67,2.63,0.0,5.26,25.0,1.97,3.94,33.33,9.2,28.57,3.2800000000000002,2.63,0.0,21.68,3.2800000000000002,0.66,26.93,60.98,5.91,66.67,6.57,90.0,18.39,78.57,1.97,33.33,20.3,32.63,0.33,2.63,0.0,0.0,0.0,0.0,1.97,2.63,50.0,7.88,41.67,0.0,0.0,1.31,1.31,4.6,100.0,46.67,9.85,0,,0,,0,0.0,0.0,0.0,,,0.0,,2.63,0.0,0.0,0.0,0.66,0,0
E. Arslan,Ege Arslan,-367115,Bodrumspor,Bodrumspor,https://cdn5.wyscout.com/photos/team/public/g34119_120x120.png,1. Lig,"AMF, LDMF, RCMF",AMF,36,LDMF,19,RCMF,18,20,2006-01-20,0,,3,137,0,0.06,0,0.51,9.85,40.0,Türkiye,['Türkiye'],right,174,0,False,4.6,5.26,37.5,0.0,0.0,0.0,0.0,0.0,2.63,3.24,1.31,0,0.0,0,0.0,1.31,0.0,0,0.0,0.04,0,0.0,2,1.31,50.0,0.0,0.0,0.66,100.0,0.0,0.0,0.66,100.0,0.66,0.0,0.0,4.6,42.86,1.97,0.0,0.0,21.68,0.0,1.97,27.59,83.33,3.94,83.33,6.57,90.0,24.96,84.21,1.97,66.67,15.93,13.52,0.33,1.97,0.0,0.0,0.0,0.0,0.66,3.2800000000000002,100.0,1.31,50.0,0.0,0.0,1.31,0.66,3.94,66.67,87.5,10.51,0,,0,,0,0.0,0.0,0.0,,,0.0,,0.0,0.66,0.0,0.0,2.63,0,0
M. Davarcıoglu,Mehmet Can Davarcıoglu,-546522,Vanspor FK,Vanspor FK,https://cdn5.wyscout.com/photos/team/public/g2346_120x120.png,1. Lig,CF,CF,100,,0,,0,23,2003-03-12,0,,3,136,0,0.06,0,0.0,7.94,16.67,Türkiye,['Türkiye'],right,182,0,False,1.99,0.66,100.0,2.65,0.0,0.0,0.0,0.0,1.32,1.3599999999999999,0.0,0,0.0,0,0.0,1.32,0.0,0,0.0,0.04,0,0.0,2,1.32,0.0,0.0,0.0,1.32,50.0,0.0,0.0,1.32,50.0,0.0,0.66,100.0,4.63,14.29,2.65,0.66,0.0,7.94,1.32,0.0,11.25,76.47,1.99,33.33,3.31,100.0,9.93,80.0,0.0,0.0,16.21,0.0,0.0,0.0,0.0,0.0,0.0,0.0,0.0,0.66,100.0,0.0,0.0,0.0,0.0,0.0,0.66,0.0,0.0,83.33,3.9699999999999998,0,,0,,0,0.0,0.0,0.0,,,0.0,,2.65,0.0,0.0,0.0,0.0,0,0
D. Hotič,Dino Hotič,242802,Iğdır FK,Iğdır FK,https://cdn5.wyscout.com/photos/team/public/g-14609_120x120.png,1. Lig,"RCMF, RCMF3",RCMF,76,RCMF3,23,,0,31,1995-07-26,800000,2027-06-30,4,133,0,0.13,0,0.19,18.27,37.04,Slovenia,"['Slovenia', 'Bosnia and Herzegovina']",left,168,69,False,4.74,8.8,38.46,3.38,20.0,0.0,0.0,0.0,1.35,1.82,4.06,1,0.68,0,0.0,3.38,0.0,0,0.0,0.09,0,0.0,3,2.03,33.33,0.0,0.0,2.71,50.0,0.68,0.0,2.03,66.67,0.0,1.35,100.0,6.09,44.44,0.0,0.68,0.0,25.04,0.68,1.35,32.48,85.42,8.12,66.67,6.77,100.0,26.39,92.31,3.38,60.0,17.57,31.23,0.13,0.68,0.0,0.0,0.0,0.0,0.68,5.41,50.0,4.74,42.86,0.0,0.0,0.0,2.03,4.06,83.33,88.89,12.18,0,,0,,0,0.0,0.0,0.0,,,0.68,,3.38,0.68,0.68,0.0,2.71,0,0
E. Kaş,Erkan Kaş,134084, Esenler Erokspor, Esenler Erokspor,https://cdn5.wyscout.com/photos/team/public/g39486_120x120.png,1. Lig,"LB, LW",LB,86,LW,13,,0,34,1991-09-10,100000,2027-06-30,4,130,0,0.0,1,0.75,20.08,51.72,Türkiye,"['Türkiye', 'Kosovo']",left,183,82,False,4.85,4.15,50.0,2.08,66.67,0.6900000000000001,1.43,0.0,2.08,4.29,1.38,1,0.6900000000000001,0,0.0,6.92,0.0,0,0.0,0.0,0,0.0,0,0.0,0.0,0.0,0.6900000000000001,5.54,62.5,5.54,62.5,0.0,0.0,0.6900000000000001,4.85,71.43,11.08,43.75,0.6900000000000001,1.38,0.0,36.0,2.77,2.08,47.77,82.61,17.31,72.0,5.54,87.5,40.85,86.44,1.38,50.0,18.22,14.62,0.52,3.46,0.0,0.0,0.0,0.0,2.08,4.15,100.0,6.23,66.67,0.0,0.0,0.6900000000000001,3.46,14.54,85.71,87.5,16.62,0,,0,,0,0.0,0.0,0.0,,,0.0,,2.08,0.6900000000000001,0.0,0.0,0.6900000000000001,0,0
M. Mohammed,Musah Mohammed,-245563,Sivasspor,Sivasspor,https://cdn5.wyscout.com/photos/team/public/818_120x120.png,1. Lig,"RDMF, DMF",RDMF,80,DMF,19,,0,24,2002-01-05,750000,2028-06-30,2,127,0,0.0,0,0.0,16.3,65.22,Ghana,['Ghana'],right,192,82,False,7.09,4.96,42.86,8.5,91.67,0.0,0.0,0.0,4.96,6.5600000000000005,2.13,0,0.0,0,0.0,0.0,0.0,0,0.0,0.0,0,0.0,2,1.42,0.0,0.0,0.0,0.0,0.0,0.0,0.0,0.0,0.0,0.0,0.0,0.0,1.42,0.0,0.71,0.0,0.0,19.13,0.0,0.0,26.93,60.53,9.21,46.15,3.54,100.0,23.39,66.67,3.54,20.0,22.75,38.27,0.0,0.0,0.0,0.0,0.0,0.0,0.0,7.09,40.0,0.0,0.0,0.0,0.0,0.0,0.0,4.25,66.67,62.5,11.34,0,,0,,0,0.0,0.0,0.0,,,0.0,,8.5,0.0,0.0,0.0,0.0,0,0
L. Caliskan,Leon Caliskan,-288183,Iğdır FK,Iğdır FK,https://cdn5.wyscout.com/photos/team/public/g-14609_120x120.png,1. Lig,"RCMF3, RCMF",RCMF3,50,RCMF,49,,0,19,2006-09-15,0,2028-06-30,2,127,0,0.15,0,0.2,9.92,57.14,Germany,"['Germany', 'Türkiye']",left,185,0,False,4.96,4.25,83.33,2.13,66.67,0.0,0.0,0.0,1.42,1.94,2.13,0,0.0,0,0.0,0.0,0.0,0,0.0,0.11,0,0.0,3,2.13,0.0,0.0,0.0,1.42,0.0,0.0,0.0,1.42,0.0,0.71,0.0,0.0,2.83,25.0,3.54,0.71,0.0,18.43,2.13,0.71,25.51,72.22,8.5,50.0,4.96,100.0,19.84,78.57,4.25,66.67,17.97,30.14,0.14,0.71,0.0,0.0,0.71,0.0,0.71,6.38,66.67,2.83,25.0,0.71,0.0,0.71,0.0,4.25,50.0,81.82,7.8,0,,0,,0,0.0,0.0,0.0,,,0.71,,2.13,0.71,0.0,0.0,0.0,0,0
A. Ibik,Ada İbik Ibik,-591218,Manisa F.K.,Manisa F.K.,https://cdn5.wyscout.com/photos/team/public/g34120_120x120.png,1. Lig,"LB, LCB",LB,82,LCB,17,,0,17,2008-11-03,0,,2,125,0,0.0,0,0.07,10.8,73.33,Türkiye,['Türkiye'],,0,0,False,10.08,5.04,85.71,2.88,75.0,0.0,0.0,0.72,5.76,10.91,0.72,0,0.0,0,0.0,0.72,0.0,0,0.0,0.0,0,0.0,0,0.0,0.0,0.0,0.0,0.72,100.0,0.72,100.0,0.0,0.0,0.0,0.0,0.0,1.44,50.0,0.0,1.44,0.0,15.84,2.88,2.16,23.04,90.63,4.32,50.0,9.36,100.0,21.6,90.0,1.44,100.0,9.07,26.32,0.05,0.72,0.0,0.0,0.0,0.0,0.72,2.88,50.0,0.72,100.0,0.0,0.0,0.72,0.0,1.44,50.0,100.0,7.2,0,,0,,0,0.0,0.0,0.0,,,0.72,,2.88,0.0,0.0,0.0,0.0,0,0
M. Sol,Mustafa Sol,-163111,İstanbulspor,İstanbulspor,https://cdn5.wyscout.com/photos/team/public/g2226_120x120.png,1. Lig,CF,CF,100,,0,,0,24,2002-06-20,0,2030-06-30,4,123,0,0.39,0,0.06,20.49,57.14,Türkiye,['Türkiye'],,188,78,False,5.12,3.66,60.0,9.51,69.23,0.0,0.0,0.0,2.93,3.87,2.2,0,0.0,0,0.0,0.73,0.0,0,0.0,0.28,0,0.0,3,2.2,33.33,0.0,0.0,0.73,0.0,0.73,0.0,0.0,0.0,0.0,0.0,0.0,6.59,44.44,6.59,0.73,0.0,10.98,1.46,2.93,15.37,66.67,3.66,60.0,5.12,85.71,14.63,70.0,0.0,0.0,11.94,0.0,0.05,0.73,0.0,0.0,0.0,0.0,0.73,1.46,50.0,2.2,33.33,0.0,0.0,0.73,0.0,0.73,100.0,0.0,1.46,0,,0,,0,0.0,0.0,0.0,,,0.0,,9.51,0.0,0.0,0.0,0.0,0,0
V. Sarı,Veysel Sarı,88268,Antalyaspor,Antalyaspor,https://cdn5.wyscout.com/photos/team/public/1189_120x120.png,1. Lig,"RCB, CB",RCB,66,CB,33,,0,38,1988-07-25,200000,2027-06-30,3,123,0,0.21,0,0.0,10.24,71.43,Türkiye,['Türkiye'],right,184,76,False,4.39,2.2,66.67,4.39,100.0,0.0,0.0,0.0,2.93,4.14,0.73,1,0.73,0,0.0,0.0,0.0,0,0.0,0.16,0,0.0,1,0.73,0.0,0.0,0.0,0.0,0.0,0.0,0.0,0.0,0.0,0.0,0.0,0.0,1.46,50.0,0.73,0.0,0.0,35.12,0.73,2.2,47.56,86.15,19.76,70.37,2.2,100.0,46.1,88.89,1.46,0.0,18.23,18.83,0.0,0.0,0.0,0.0,0.0,0.0,0.0,6.59,55.56,0.0,0.0,0.0,0.0,0.0,0.0,5.12,57.14,96.55,21.22,0,,0,,0,0.0,0.0,0.0,,,0.0,,4.39,0.0,0.0,0.0,0.0,0,0
M. Cissokho,Mamadou Cissokho,-475453,Batman Petrolspor,Batman Petrolspor,https://cdn5.wyscout.com/photos/team/public/g2887_120x120.png,1. Lig,DMF,DMF,100,,0,,0,25,2000-09-30,0,2028-06-30,2,121,0,0.0,0,0.01,18.6,44.0,Senegal,['Senegal'],unknown,0,0,False,8.93,9.67,46.15,3.7199999999999998,80.0,0.0,0.0,1.49,4.46,6.21,1.49,0,0.0,1,0.74,0.0,0.0,0,0.0,0.0,0,0.0,0,0.0,0.0,0.0,0.0,0.0,0.0,0.0,0.0,0.0,0.0,0.0,0.0,0.0,2.98,25.0,0.0,0.0,0.0,21.57,0.0,0.74,31.98,86.05,8.93,75.0,2.98,100.0,29.75,87.5,2.23,66.67,19.77,51.74,0.0,0.74,0.0,0.0,0.0,0.0,0.0,2.23,66.67,0.0,0.0,0.0,0.0,0.0,0.0,2.23,66.67,89.47,14.13,0,,0,,0,0.0,0.0,0.0,,,0.74,,3.7199999999999998,0.0,0.0,0.0,0.0,0,0
E. Özkayımoğlu,Ege Özkayımoğlu,503348,,Boluspor,,,"AMF, CF",AMF,53,CF,26,,0,25,2001-07-18,100000,,3,121,0,0.55,0,0.31,14.13,63.16,Türkiye,['Türkiye'],right,185,78,False,2.98,0.74,100.0,2.23,100.0,0.0,0.0,0.74,2.23,2.73,0.74,0,0.0,0,0.0,2.23,0.0,0,0.0,0.41000000000000003,0,0.0,2,1.49,0.0,0.0,0.0,1.49,50.0,0.74,0.0,0.74,100.0,0.74,1.49,100.0,8.18,63.64,5.95,1.49,0.0,11.9,0.74,0.74,20.83,71.43,5.21,57.14,4.46,83.33,19.34,73.08,0.0,0.0,13.1,0.0,0.23,1.49,0.0,0.0,0.0,0.0,1.49,2.98,75.0,0.74,100.0,0.0,0.0,0.74,0.74,5.21,85.71,100.0,5.21,0,,0,,0,0.0,0.0,0.0,,,0.0,,2.23,0.0,0.0,0.0,0.0,0,0
T. Bayramov,Toral Bayramov,509916,Bursaspor,Bursaspor,https://cdn5.wyscout.com/photos/team/public/827_120x120.png,1. Lig,"RAMF, LB",RAMF,56,LB,43,,0,25,2001-02-23,0,2029-06-30,3,121,0,0.16,0,0.35000000000000003,12.64,41.18,Azerbaijan,['Azerbaijan'],left,185,76,False,4.46,5.95,37.5,1.49,50.0,0.0,0.0,0.0,2.23,3.33,4.46,1,0.74,0,0.0,2.98,0.0,0,0.0,0.12,0,0.0,2,1.49,50.0,0.0,0.0,2.23,33.33,1.49,0.0,0.74,100.0,0.0,1.49,100.0,5.21,42.86,5.21,3.7199999999999998,0.0,24.55,1.49,0.74,32.73,79.55,8.18,54.55,8.93,100.0,29.01,84.62,1.49,50.0,20.5,26.11,0.26,1.49,0.0,0.0,0.0,0.0,0.74,0.74,0.0,2.98,50.0,0.0,0.0,2.23,0.74,2.98,100.0,93.33,11.16,0,,0,,0,0.0,0.0,0.0,,,0.74,,1.49,0.0,0.0,0.0,0.0,0,0
S. Aydoğdu,Soner Aydoğdu,68592,Bursaspor,Bursaspor,https://cdn5.wyscout.com/photos/team/public/827_120x120.png,1. Lig,"LDMF, RDMF",LDMF,74,RDMF,25,,0,35,1991-01-05,125000,2027-06-30,3,119,0,0.01,0,0.43,18.91,60.0,Türkiye,['Türkiye'],left,180,73,False,11.34,13.61,61.11,2.27,66.67,0.0,0.0,0.76,3.03,3.64,3.03,0,0.0,0,0.0,0.76,0.0,0,0.0,0.01,0,0.0,1,0.76,0.0,0.0,0.0,0.76,0.0,0.76,0.0,0.0,0.0,0.0,0.76,0.0,2.27,33.33,0.76,0.76,0.0,49.92,0.0,1.51,59.75,86.08,15.13,75.0,12.86,94.12,55.21,89.04,3.7800000000000002,60.0,17.48,37.52,0.33,0.76,0.0,0.0,0.76,100.0,0.76,5.29,57.14,2.27,33.33,1.51,50.0,0.76,0.0,6.05,50.0,93.33,22.69,0,,0,,0,0.0,0.0,0.0,,,0.76,,2.27,0.0,0.0,0.0,0.76,0,0
V. Temel,Vefa Temel,-201206,İstanbulspor,İstanbulspor,https://cdn5.wyscout.com/photos/team/public/g2226_120x120.png,1. Lig,"DMF, LCMF, RDMF",DMF,41,LCMF,22,RDMF,11,23,2002-11-03,300000,2027-06-30,4,118,0,0.0,0,0.0,19.83,57.69,France,"['France', 'Türkiye']",left,176,61,False,9.92,9.15,75.0,0.76,0.0,0.76,1.11,0.0,2.29,3.33,1.53,0,0.0,0,0.0,0.0,0.0,0,0.0,0.0,0,0.0,0,0.0,0.0,0.0,0.0,1.53,0.0,1.53,0.0,0.0,0.0,0.0,0.76,0.0,8.39,36.36,0.76,1.53,0.0,25.93,0.0,2.29,35.08,71.74,16.78,59.09,3.81,100.0,26.69,82.86,7.63,40.0,18.31,38.45,0.0,0.0,0.0,0.0,0.0,0.0,0.0,10.68,64.29,0.76,0.0,0.76,100.0,0.0,0.0,5.34,71.43,81.82,8.39,0,,0,,0,0.0,0.0,0.0,,,0.0,,0.76,0.0,0.0,0.0,0.0,0,0
E. Pekdemir,Efehan Pekdemir,-686197,Pendikspor,Pendikspor,https://cdn5.wyscout.com/photos/team/public/g9153_120x120.png,1. Lig,"AMF, CF",AMF,58,CF,41,,0,19,2007-07-02,0,2028-06-30,2,116,0,0.0,0,0.01,21.72,21.43,Türkiye,['Türkiye'],,0,0,False,8.53,9.31,25.0,3.88,0.0,0.0,0.0,0.0,6.21,8.57,5.43,0,0.0,0,0.0,0.0,0.0,0,0.0,0.0,0,0.0,0,0.0,0.0,0.0,0.0,0.0,0.0,0.0,0.0,0.0,0.0,0.0,0.78,0.0,8.53,27.27,1.55,1.55,0.0,21.72,0.78,1.55,28.71,83.78,5.43,85.71,8.53,90.91,28.71,83.78,0.0,0.0,13.09,0.0,0.01,0.78,0.78,0.0,0.0,0.0,0.78,1.55,50.0,0.0,0.0,0.0,0.0,0.0,0.0,1.55,0.0,75.0,9.31,0,,0,,0,0.0,0.0,0.0,,,0.0,,3.88,0.0,0.0,0.0,0.0,0,0
Mamadi Camará,Mamadi Caba Camará,-218757,Kayserispor,Kayserispor,https://cdn5.wyscout.com/photos/team/public/819_120x120.png,1. Lig,"RCMF, RW, RDMF",RCMF,41,RW,25,RDMF,10,22,2003-12-31,175000,2028-06-30,5,116,0,0.01,0,0.0,6.98,55.56,Guinea-Bissau,"['Guinea-Bissau', 'Portugal']",right,174,67,False,3.88,3.1,50.0,2.33,66.67,0.0,0.0,0.78,2.33,2.9,1.55,2,1.55,0,0.0,0.78,0.0,0,0.0,0.01,0,0.0,1,0.78,0.0,0.0,0.0,0.0,0.0,0.0,0.0,0.0,0.0,0.0,0.78,100.0,1.55,50.0,1.55,0.78,0.0,41.9,0.78,0.78,54.31,87.14,12.41,56.25,11.64,100.0,50.43,90.77,3.88,40.0,16.21,24.39,0.0,0.0,0.0,0.0,0.0,0.0,0.0,6.21,62.5,0.0,0.0,0.0,0.0,0.0,0.0,0.78,0.0,94.74,14.74,0,,0,,0,0.0,0.0,0.0,,,1.55,,2.33,0.0,0.0,0.0,0.0,0,0
A. Nukan,Atınç Nukan,130121,,Fatih Karagümrük,,,"LCB, CB, AMF",LCB,75,CB,13,AMF,11,33,1993-07-20,225000,,2,116,0,0.11,1,0.22,11.64,60.0,Türkiye,['Türkiye'],left,196,86,False,9.31,3.1,75.0,6.21,75.0,0.0,0.0,0.78,6.98,8.71,0.78,1,0.78,0,0.0,0.78,0.0,0,0.0,0.08,0,0.0,1,0.78,100.0,0.0,0.78,0.0,0.0,0.0,0.0,0.0,0.0,0.0,0.78,0.0,1.55,0.0,0.78,0.78,0.0,30.26,0.78,0.0,43.45,87.5,11.64,66.67,1.55,100.0,34.91,93.33,8.53,63.64,18.73,22.4,0.17,0.78,0.0,0.0,0.0,0.0,1.55,6.21,50.0,0.78,0.0,0.0,0.0,1.55,0.0,4.66,66.67,96.97,25.6,0,,0,,0,0.0,0.0,0.0,,,0.78,,6.21,0.0,0.0,0.0,0.0,0,0
E. Koç,Enes Koç,-406967,Bodrumspor,Bodrumspor,https://cdn5.wyscout.com/photos/team/public/g34119_120x120.png,1. Lig,"RCMF, RB",RCMF,56,RB,43,,0,21,2005-05-22,0,,2,114,0,0.05,0,0.01,16.58,38.1,Austria,['Austria'],,0,0,False,11.84,8.68,63.64,2.37,0.0,0.79,0.88,0.0,5.53,6.18,1.58,0,0.0,0,0.0,0.79,0.0,0,0.0,0.04,0,0.0,2,1.58,50.0,0.0,0.0,0.79,0.0,0.79,0.0,0.0,0.0,0.0,0.0,0.0,3.16,0.0,3.95,0.79,0.0,20.53,1.58,0.0,25.26,81.25,7.11,66.67,6.32,100.0,22.89,89.66,1.58,0.0,17.31,24.37,0.01,0.79,0.0,0.0,0.0,0.0,0.0,3.16,75.0,2.37,0.0,0.0,0.0,0.0,0.79,3.16,75.0,80.0,7.89,0,,0,,0,0.0,0.0,0.0,,,0.79,,2.37,0.0,0.0,0.0,0.79,0,0
S. Bouajila,Salem Bouajila,-565134,Muğlaspor,Muğlaspor,https://cdn5.wyscout.com/photos/team/public/g14051_120x120.png,1. Lig,"RW, RAMF",RW,79,RAMF,20,,0,19,2007-08-01,0,2030-06-30,3,113,0,0.03,0,0.12,19.91,36.0,Finland,['Finland'],unknown,0,0,True,4.78,6.37,50.0,1.5899999999999999,0.0,0.0,0.0,0.0,1.5899999999999999,1.82,2.39,0,0.0,0,0.0,3.19,0.0,0,0.0,0.03,0,0.0,2,1.5899999999999999,50.0,0.0,0.0,2.39,0.0,0.0,0.0,2.39,0.0,0.0,3.98,60.0,11.15,35.71,3.98,1.5899999999999999,0.0,21.5,1.5899999999999999,0.0,24.69,80.65,8.76,81.82,6.37,100.0,22.3,89.29,0.0,0.0,8.51,0.0,0.09,1.5899999999999999,0.0,0.0,0.0,0.0,0.0,1.5899999999999999,50.0,1.5899999999999999,50.0,0.0,0.0,0.0,0.8,2.39,66.67,75.0,3.19,0,,0,,0,0.0,0.0,0.0,,,0.0,,1.5899999999999999,0.0,0.0,0.0,0.0,0,0
D. Yıldız,Deniz Yıldız,-835013,Boluspor,Boluspor,https://cdn5.wyscout.com/photos/team/public/1346_120x120.png,1. Lig,"LAMF, AMF",LAMF,52,AMF,35,,0,18,2007-09-04,0,,2,112,0,0.15,0,0.0,10.45,30.77,Türkiye,['Türkiye'],unknown,0,0,False,3.21,4.82,50.0,0.8,0.0,0.0,0.0,0.0,0.8,0.91,0.8,0,0.0,0,0.0,0.0,0.0,0,0.0,0.12,0,0.0,4,3.21,0.0,0.0,0.0,0.0,0.0,0.0,0.0,0.0,0.0,0.0,0.8,0.0,4.02,20.0,2.41,0.0,0.0,24.11,1.6099999999999999,0.8,28.13,74.29,10.45,61.54,5.63,100.0,26.52,78.79,1.6099999999999999,0.0,13.77,16.16,0.0,0.0,0.0,0.0,0.0,0.0,0.0,3.21,50.0,3.21,0.0,0.0,0.0,0.0,0.0,2.41,66.67,83.33,4.82,0,,0,,0,0.0,0.0,0.0,,,0.0,,0.8,0.0,0.0,0.0,0.0,0,0
B. Baskan,Boran Baskan,-660648,Bodrumspor,Bodrumspor,https://cdn5.wyscout.com/photos/team/public/g34119_120x120.png,1. Lig,"LCMF, RCMF",LCMF,75,RCMF,18,,0,20,2006-03-29,0,2028-06-30,3,110,0,0.0,0,0.06,9.82,58.33,Türkiye,['Türkiye'],right,175,0,False,4.91,5.73,42.86,0.8200000000000001,100.0,0.0,0.0,0.0,2.45,2.9,3.27,1,0.8200000000000001,0,0.0,0.8200000000000001,0.0,0,0.0,0.0,0,0.0,1,0.8200000000000001,0.0,0.0,0.0,1.6400000000000001,0.0,0.0,0.0,1.6400000000000001,0.0,0.8200000000000001,0.8200000000000001,100.0,3.27,75.0,0.8200000000000001,0.8200000000000001,0.0,21.27,0.8200000000000001,0.8200000000000001,28.64,82.86,5.73,57.14,10.64,100.0,26.18,90.63,0.8200000000000001,0.0,12.4,9.13,0.05,0.8200000000000001,0.0,0.0,0.0,0.0,0.8200000000000001,0.0,0.0,4.09,60.0,0.0,0.0,2.45,0.0,4.09,40.0,80.0,8.18,0,,0,,0,0.0,0.0,0.0,,,0.0,,0.8200000000000001,0.0,0.0,0.0,0.0,0,0
B. Bekaroğlu,Burak Bekaroğlu,334856,Bandırmaspor,Bandırmaspor,https://cdn5.wyscout.com/photos/team/public/g11986_120x120.png,1. Lig,RCB,RCB,100,,0,,0,29,1997-04-16,300000,2027-06-30,3,105,0,0.0,0,0.0,11.14,69.23,Türkiye,['Türkiye'],right,185,82,False,6.0,4.29,40.0,5.14,83.33,0.0,0.0,0.0,4.29,7.14,2.5700000000000003,1,0.86,0,0.0,0.0,0.0,0,0.0,0.0,0,0.0,0,0.0,0.0,0.0,0.0,0.0,0.0,0.0,0.0,0.0,0.0,0.0,0.0,0.0,0.0,0.0,0.86,0.0,0.0,26.57,0.86,0.86,35.14,85.37,11.14,53.85,3.43,100.0,30.86,91.67,4.29,40.0,18.91,26.04,0.0,0.0,0.0,0.0,0.0,0.0,0.0,2.5700000000000003,0.0,0.86,0.0,0.0,0.0,0.0,0.0,3.43,25.0,100.0,19.71,0,,0,,0,0.0,0.0,0.0,,,2.5700000000000003,,5.14,0.0,0.0,0.0,0.0,0,0
Y. Boli,Yohan Alexander Boli,192193,Antalyaspor,Antalyaspor,https://cdn5.wyscout.com/photos/team/public/1189_120x120.png,1. Lig,CF,CF,100,,0,,0,32,1993-11-17,3000000,2027-06-30,3,104,0,0.0,1,0.1,19.9,47.83,France,"['France', ""Côte d'Ivoire""]",right,181,78,False,0.87,1.73,50.0,4.33,40.0,0.0,0.0,0.0,0.0,0.0,1.73,1,0.87,0,0.0,1.73,0.0,0,0.0,0.0,0,0.0,0,0.0,0.0,0.0,0.87,0.0,0.0,0.0,0.0,0.0,0.0,0.0,1.73,100.0,10.38,58.33,1.73,0.87,0.0,13.85,1.73,2.6,19.04,81.82,2.6,66.67,10.38,83.33,19.04,81.82,0.0,0.0,10.69,0.0,0.09,0.87,0.0,0.0,0.0,0.0,0.87,0.0,0.0,0.87,100.0,0.0,0.0,0.87,0.0,0.0,0.0,100.0,2.6,0,,0,,0,0.0,0.0,0.0,,,0.0,,4.33,0.0,0.0,0.0,0.0,0,0
B. Çoban,Burak Çoban,453068, Esenler Erokspor, Esenler Erokspor,https://cdn5.wyscout.com/photos/team/public/g39486_120x120.png,1. Lig,"LAMF, LW",LAMF,70,LW,23,,0,31,1994-11-07,450000,2027-06-30,2,104,0,0.03,0,0.0,12.12,57.14,Germany,"['Germany', 'Türkiye']",right,168,63,False,2.6,3.46,50.0,1.73,0.0,0.0,0.0,0.0,0.87,1.76,0.87,1,0.87,0,0.0,1.73,0.0,0,0.0,0.03,0,0.0,1,0.87,0.0,0.0,0.0,2.6,33.33,2.6,33.33,0.0,0.0,0.87,0.87,100.0,6.06,71.43,5.19,3.46,0.87,24.23,3.46,2.6,30.29,80.0,7.79,66.67,8.65,100.0,27.69,84.38,0.0,0.0,11.88,0.0,0.0,0.0,0.0,0.0,0.0,0.0,0.0,0.87,100.0,1.73,50.0,0.0,0.0,1.73,0.87,2.6,66.67,75.0,6.92,0,,0,,0,0.0,0.0,0.0,,,0.0,,1.73,0.0,0.0,0.0,1.73,0,0
S. Özdamar,Süleyman Özdamar,102774,Sivasspor,Sivasspor,https://cdn5.wyscout.com/photos/team/public/818_120x120.png,1. Lig,LCB,LCB,100,,0,,0,33,1993-02-25,125000,,1,102,0,0.0,0,0.0,5.29,33.33,Türkiye,['Türkiye'],right,182,73,False,7.06,1.76,0.0,2.65,66.67,0.0,0.0,0.88,7.06,8.57,1.76,0,0.0,0,0.0,0.88,0.0,0,0.0,0.0,0,0.0,0,0.0,0.0,0.0,0.0,0.88,100.0,0.0,0.0,0.88,100.0,0.0,0.0,0.0,0.0,0.0,0.88,0.0,0.0,12.35,0.0,0.0,22.06,88.0,8.82,80.0,1.76,100.0,18.53,90.48,2.65,66.67,17.82,41.94,0.0,0.0,0.0,0.0,0.0,0.0,0.0,0.88,100.0,0.0,0.0,0.0,0.0,0.0,0.88,2.65,66.67,88.89,7.94,0,,0,,0,0.0,0.0,0.0,,,0.0,,2.65,0.0,0.0,0.0,0.0,0,0
T. Tuncer,Turan Deni̇z Tuncer,-680080,İstanbulspor,İstanbulspor,https://cdn5.wyscout.com/photos/team/public/g2226_120x120.png,1. Lig,LB,LB,100,,0,,0,19,2007-01-08,0,2030-06-30,2,102,0,0.0,0,0.09,15.88,61.11,Türkiye,['Türkiye'],unknown,0,0,False,4.41,4.41,60.0,4.41,80.0,0.0,0.0,0.0,1.76,2.22,1.76,0,0.0,1,0.88,1.76,0.0,0,0.0,0.0,0,0.0,0,0.0,0.0,0.0,0.0,1.76,100.0,1.76,100.0,0.0,0.0,0.0,0.0,0.0,7.06,50.0,0.88,0.88,0.0,19.41,1.76,3.5300000000000002,21.18,91.67,10.59,83.33,5.29,100.0,18.53,95.24,0.88,0.0,7.98,16.33,0.08,0.88,0.0,0.0,0.0,0.0,0.88,0.88,100.0,1.76,100.0,0.0,0.0,0.0,1.76,2.65,66.67,100.0,3.5300000000000002,0,,0,,0,0.0,0.0,0.0,,,0.0,,4.41,0.0,0.0,0.0,0.0,0,0
T. Tasçi,Muhammet Tunahan Tasçi,-109594,Ümranıyespor,Ümranıyespor,https://cdn5.wyscout.com/photos/team/public/g19664_120x120.png,1. Lig,RWF,RWF,100,,0,,0,24,2002-04-29,300000,2028-06-30,3,102,0,0.01,1,0.36,30.88,60.0,Netherlands,"['Netherlands', 'Türkiye']",left,178,62,False,6.18,7.06,37.5,0.0,0.0,0.88,1.25,0.88,2.65,3.75,2.65,0,0.0,0,0.0,9.71,0.0,0,0.0,0.01,0,0.0,1,0.88,0.0,0.0,0.88,1.76,50.0,0.0,0.0,1.76,50.0,0.88,10.59,75.0,22.06,68.0,0.88,1.76,0.0,21.18,2.65,4.41,32.65,75.68,12.35,50.0,8.82,100.0,30.0,79.41,0.88,0.0,13.66,15.16,0.32,2.65,0.0,0.0,0.88,100.0,1.76,1.76,100.0,4.41,20.0,0.88,100.0,0.88,0.88,6.18,42.86,80.0,4.41,0,,0,,0,0.0,0.0,0.0,,,0.0,,0.0,0.0,0.0,0.0,3.5300000000000002,0,0
M. Mert,Muhammed Mert,197631,,Boluspor,,,"LW, LB, LCMF",LW,23,LB,17,LCMF,17,31,1995-02-09,125000,,3,100,0,0.19,0,0.15,8.1,55.56,Belgium,"['Belgium', 'Türkiye']",right,174,68,False,5.4,4.5,80.0,0.9,0.0,0.0,0.0,0.0,1.8,2.31,0.9,0,0.0,0,0.0,1.8,0.0,0,0.0,0.17,0,0.0,2,1.8,0.0,0.0,0.0,2.7,33.33,2.7,33.33,0.0,0.0,0.0,0.9,100.0,1.8,50.0,1.8,0.0,0.0,33.3,0.0,0.0,49.5,70.91,14.4,56.25,10.8,91.67,40.5,75.56,6.3,57.14,18.59,35.25,0.14,0.9,0.0,0.0,0.0,0.0,0.9,5.4,33.33,2.7,33.33,0.0,0.0,0.0,1.8,5.4,66.67,76.47,15.3,0,,0,,0,0.0,0.0,0.0,,,0.0,,0.9,0.9,0.9,0.0,0.9,0,0
F. Escobar,Fernando Roberto Escobar Rodríguez,396897,Boluspor,Boluspor,https://cdn5.wyscout.com/photos/team/public/1346_120x120.png,1. Lig,"LAMF, RAMF",LAMF,48,RAMF,35,,0,28,1997-12-17,0,2026-12-31,1,98,0,0.07,0,0.0,11.94,61.54,Paraguay,['Paraguay'],,0,0,False,1.8399999999999999,0.92,0.0,3.67,100.0,0.0,0.0,0.0,1.8399999999999999,2.5,0.92,0,0.0,0,0.0,1.8399999999999999,0.0,0,0.0,0.07,0,0.0,2,1.8399999999999999,100.0,0.0,0.0,4.59,0.0,2.76,0.0,1.8399999999999999,0.0,0.92,0.0,0.0,6.43,57.14,0.92,0.0,0.0,11.94,3.67,2.76,12.86,57.14,3.67,75.0,1.8399999999999999,100.0,7.35,87.5,1.8399999999999999,50.0,23.41,50.17,0.0,0.0,0.0,0.0,0.0,0.0,0.0,2.76,100.0,3.67,0.0,0.0,0.0,0.0,0.0,0.92,100.0,33.33,5.51,0,,0,,0,0.0,0.0,0.0,,,0.0,,3.67,0.0,0.0,0.0,0.0,0,0
U. İslamoğlu,Umut İslamoğlu,-476323,,İstanbulspor,,,LCB,LCB,100,,0,,0,19,2007-01-11,0,,1,98,0,0.0,0,0.0,3.67,50.0,Türkiye,['Türkiye'],left,195,0,False,4.59,0.0,0.0,3.67,50.0,0.0,0.0,0.0,4.59,4.84,0.0,0,0.0,0,0.0,0.0,0.0,0,0.0,0.0,0,0.0,0,0.0,0.0,0.0,0.0,0.0,0.0,0.0,0.0,0.0,0.0,0.0,0.0,0.0,0.0,0.0,0.92,0.0,0.0,30.31,0.92,0.0,33.06,88.89,13.78,73.33,5.51,100.0,31.22,91.18,1.8399999999999999,50.0,21.36,41.61,0.0,0.0,0.0,0.0,0.0,0.0,0.0,0.0,0.0,0.0,0.0,0.0,0.0,0.0,0.0,2.76,66.67,100.0,11.94,0,,0,,0,0.0,0.0,0.0,,,4.59,,3.67,0.0,0.0,0.0,0.0,0,0
A. Damlu,Abdulsamed Damlu,379373,Vanspor FK,Vanspor FK,https://cdn5.wyscout.com/photos/team/public/g2346_120x120.png,1. Lig,GK,GK,100,,0,,0,27,1999-07-25,325000,,1,97,0,0.0,0,0.0,0.0,0.0,Türkiye,['Türkiye'],left,192,78,False,0.0,0.0,0.0,0.0,0.0,0.0,0.0,0.0,0.0,0.0,0.0,0,0.0,0,0.0,0.0,0.0,0,0.0,0.0,0,0.0,0,0.0,0.0,0.0,0.0,0.0,0.0,0.0,0.0,0.0,0.0,0.0,0.0,0.0,0.0,0.0,0.0,0.0,0.0,12.99,0.0,0.0,22.27,87.5,9.28,80.0,0.0,0.0,15.77,94.12,6.49,71.43,31.67,53.31,0.0,0.0,0.0,0.0,0.0,0.0,0.0,1.8599999999999999,50.0,0.0,0.0,0.0,0.0,0.0,0.0,5.57,83.33,92.86,12.99,1,0.93,5,4.64,0,80.0,1.52,1.4100000000000001,0.52,0.482,0.0,2.7800000000000002,0.0,,,,0.0,0,0
A. Kazmaz,Ali̇Han  Kazmaz,-862711,Muğlaspor,Muğlaspor,https://cdn5.wyscout.com/photos/team/public/g14051_120x120.png,1. Lig,LCB,LCB,100,,0,,0,22,2003-10-09,0,,1,96,0,0.0,0,0.0,3.75,100.0,Türkiye,['Türkiye'],unknown,0,0,False,6.5600000000000005,1.88,100.0,0.9400000000000001,100.0,0.0,0.0,0.9400000000000001,4.69,5.0,0.0,0,0.0,0,0.0,0.0,0.0,0,0.0,0.0,0,0.0,0,0.0,0.0,0.0,0.0,0.0,0.0,0.0,0.0,0.0,0.0,0.0,0.0,0.0,0.0,0.0,0.0,0.9400000000000001,0.0,40.31,0.0,0.0,45.0,89.58,15.94,70.59,2.81,100.0,38.44,95.12,6.5600000000000005,57.14,20.24,41.21,0.0,0.0,0.0,0.0,0.0,0.0,0.0,8.44,55.56,0.0,0.0,0.0,0.0,0.0,0.0,9.38,90.0,100.0,21.56,0,,0,,0,0.0,0.0,0.0,,,2.81,,0.9400000000000001,0.0,0.0,0.0,0.0,0,0
Nafican Yardimci,Nafican Yardımcı,-236135,Mardin 1969,Mardin 1969,https://cdn5.wyscout.com/photos/team/public/g-14762_120x120.png,1. Lig,LB,LB,100,,0,,0,25,2001-03-21,0,2027-06-30,4,96,0,0.22,0,0.54,11.25,66.67,Türkiye,['Türkiye'],,180,75,False,9.38,5.63,66.67,0.0,0.0,0.0,0.0,0.0,5.63,6.92,0.0,0,0.0,0,0.0,4.69,0.0,0,0.0,0.2,0,0.0,4,3.75,25.0,0.0,0.0,4.69,60.0,4.69,60.0,0.0,0.0,0.0,1.88,50.0,5.63,66.67,3.75,6.5600000000000005,0.0,32.81,3.75,0.9400000000000001,39.38,78.57,15.94,76.47,6.5600000000000005,71.43,30.94,81.82,3.75,75.0,18.85,23.69,0.51,2.81,0.0,0.0,0.0,0.0,3.75,3.75,50.0,4.69,40.0,0.0,0.0,0.0,2.81,7.5,87.5,83.33,11.25,0,,0,,0,0.0,0.0,0.0,,,0.9400000000000001,,0.0,0.0,0.0,0.0,0.0,0,0
Y. Onogo,Yaya Onogo,-811438,Fatih Karagümrük,Fatih Karagümrük,https://cdn5.wyscout.com/photos/team/public/g3014_120x120.png,1. Lig,"RDMF, LDMF",RDMF,50,LDMF,49,,0,18,2007-12-19,0,,2,95,0,0.01,0,0.0,6.63,71.43,Côte d'Ivoire,"[""Côte d'Ivoire""]",right,0,0,False,5.68,3.79,75.0,0.9500000000000001,0.0,0.0,0.0,0.0,2.84,4.5,0.9500000000000001,1,0.9500000000000001,0,0.0,2.84,0.0,0,0.0,0.01,0,0.0,2,1.8900000000000001,100.0,0.0,0.0,0.0,0.0,0.0,0.0,0.0,0.0,0.0,0.9500000000000001,100.0,1.8900000000000001,100.0,0.0,0.9500000000000001,0.0,34.11,0.0,0.9500000000000001,43.58,91.3,14.21,86.67,5.68,100.0,42.63,93.33,0.9500000000000001,0.0,16.07,19.15,0.0,0.9500000000000001,0.0,0.0,0.0,0.0,0.0,4.74,60.0,0.0,0.0,0.0,0.0,0.0,0.0,3.79,100.0,93.33,14.21,0,,0,,0,0.0,0.0,0.0,,,1.8900000000000001,,0.9500000000000001,0.0,0.0,0.0,0.0,0,0
E. Taş,Engin Taş,-864055,Vanspor FK,Vanspor FK,https://cdn5.wyscout.com/photos/team/public/g2346_120x120.png,1. Lig,LDMF,LDMF,100,,0,,0,18,2008-03-14,0,,1,94,0,0.03,0,0.0,12.45,30.77,Türkiye,['Türkiye'],unknown,0,0,False,6.7,7.66,50.0,1.9100000000000001,0.0,0.0,0.0,0.96,2.87,2.31,0.96,0,0.0,0,0.0,0.0,0.0,0,0.0,0.03,0,0.0,1,0.96,0.0,0.0,0.0,0.0,0.0,0.0,0.0,0.0,0.0,0.0,0.0,0.0,2.87,0.0,0.0,0.0,0.0,6.7,0.0,0.0,14.36,60.0,3.83,25.0,3.83,75.0,12.45,69.23,1.9100000000000001,0.0,13.92,48.85,0.0,0.0,0.0,0.0,0.0,0.0,0.0,1.9100000000000001,50.0,0.0,0.0,0.0,0.0,0.0,0.0,0.96,0.0,0.0,0.0,0,,0,,0,0.0,0.0,0.0,,,0.96,,1.9100000000000001,0.0,0.0,0.0,0.0,0,0
S. Tumen,Soran Tumen,-793765,Vanspor FK,Vanspor FK,https://cdn5.wyscout.com/photos/team/public/g2346_120x120.png,1. Lig,"RAMF, LAMF",RAMF,73,LAMF,26,,0,19,2007-08-10,0,,1,94,0,0.01,0,0.12,7.66,50.0,Türkiye,['Türkiye'],,0,0,False,1.9100000000000001,1.9100000000000001,0.0,0.0,0.0,0.96,0.77,0.0,0.96,0.77,0.0,0,0.0,0,0.0,0.96,0.0,0,0.0,0.01,0,0.0,1,0.96,0.0,0.0,0.0,0.96,0.0,0.0,0.0,0.96,0.0,0.0,0.96,100.0,5.74,66.67,0.0,1.9100000000000001,0.0,9.57,1.9100000000000001,1.9100000000000001,13.4,57.14,1.9100000000000001,50.0,1.9100000000000001,100.0,9.57,80.0,2.87,0.0,19.79,39.48,0.11,0.96,0.0,0.0,0.0,0.0,0.96,2.87,33.33,1.9100000000000001,0.0,0.0,0.0,0.96,0.0,4.79,20.0,42.86,6.7,0,,0,,0,0.0,0.0,0.0,,,0.0,,0.0,0.0,0.0,0.0,0.0,0,0
A. Yıldırım,Anıl Mehmet Sıddık Yıldırım,-546530,Vanspor FK,Vanspor FK,https://cdn5.wyscout.com/photos/team/public/g2346_120x120.png,1. Lig,RDMF,RDMF,100,,0,,0,18,2007-09-15,0,2027-06-30,1,94,0,0.0,0,0.0,13.4,35.71,Türkiye,['Türkiye'],unknown,0,0,False,9.57,6.7,57.14,0.96,0.0,0.0,0.0,0.0,5.74,4.62,0.96,0,0.0,0,0.0,0.0,0.0,0,0.0,0.0,0,0.0,0,0.0,0.0,0.0,0.0,0.0,0.0,0.0,0.0,0.0,0.0,0.0,0.0,0.0,5.74,16.67,0.0,0.0,0.96,15.32,0.0,0.0,28.72,80.0,7.66,75.0,6.7,100.0,24.89,80.77,3.83,75.0,17.46,34.4,0.0,0.96,0.0,0.0,0.0,0.0,0.0,3.83,100.0,0.0,0.0,0.0,0.0,0.0,0.0,7.66,37.5,83.33,11.49,0,,0,,0,0.0,0.0,0.0,,,2.87,,0.96,0.0,0.0,0.0,0.96,0,0
G. Usta,Güvenc  Usta,-280615,Vanspor FK,Vanspor FK,https://cdn5.wyscout.com/photos/team/public/g2346_120x120.png,1. Lig,"LAMF, RAMF",LAMF,73,RAMF,26,,0,22,2004-04-01,0,,1,94,0,0.0,0,0.0,17.23,61.11,Türkiye,['Türkiye'],left,180,71,False,2.87,0.0,0.0,4.79,80.0,0.0,0.0,0.0,2.87,2.31,0.96,0,0.0,0,0.0,1.9100000000000001,0.0,0,0.0,0.0,0,0.0,0,0.0,0.0,0.0,0.0,0.96,100.0,0.96,100.0,0.0,0.0,0.0,2.87,33.33,11.49,50.0,0.96,0.96,0.0,6.7,3.83,3.83,12.45,61.54,3.83,25.0,2.87,100.0,10.53,63.64,0.96,0.0,17.79,49.61,0.0,0.0,0.0,0.0,0.0,0.0,0.0,0.96,0.0,2.87,33.33,0.0,0.0,0.0,0.96,0.96,100.0,100.0,2.87,0,,0,,0,0.0,0.0,0.0,,,0.0,,4.79,0.0,0.0,0.0,0.0,0,0
E. Gedik,Yunus Emre Gedik,458829,Ümranıyespor,Ümranıyespor,https://cdn5.wyscout.com/photos/team/public/g19664_120x120.png,1. Lig,LB,LB,100,,0,,0,27,1999-06-29,300000,2027-06-30,2,94,0,0.01,0,0.0,15.32,56.25,Türkiye,['Türkiye'],left,179,69,False,9.57,8.62,55.56,0.96,100.0,0.0,0.0,0.0,4.79,5.5600000000000005,0.96,0,0.0,0,0.0,1.9100000000000001,0.0,0,0.0,0.0,0,0.0,1,0.96,100.0,0.0,0.0,0.96,0.0,0.96,0.0,0.0,0.0,0.96,1.9100000000000001,50.0,5.74,50.0,0.0,0.96,0.0,30.64,0.0,1.9100000000000001,39.26,85.37,18.19,84.21,5.74,100.0,34.47,91.67,3.83,50.0,9.07,27.28,0.0,0.0,0.0,0.0,0.0,0.0,0.0,6.7,71.43,1.9100000000000001,50.0,0.0,0.0,0.96,0.0,4.79,80.0,71.43,6.7,0,,0,,0,0.0,0.0,0.0,,,2.87,,0.96,3.83,0.0,0.0,0.0,0,0
C. Hanalp,Celal Hanalp,417360,Vanspor FK,Vanspor FK,https://cdn5.wyscout.com/photos/team/public/g2346_120x120.png,1. Lig,RB,RB,100,,0,,0,30,1996-05-01,200000,2027-06-30,2,91,0,0.0,0,0.0,15.82,31.25,Türkiye,['Türkiye'],both,178,70,False,4.95,9.89,10.0,0.99,100.0,0.99,1.07,0.0,2.9699999999999998,3.21,2.9699999999999998,0,0.0,0,0.0,0.99,0.0,0,0.0,0.0,0,0.0,0,0.0,0.0,0.0,0.0,0.0,0.0,0.0,0.0,0.0,0.0,0.0,0.99,100.0,4.95,60.0,0.0,0.0,0.0,17.8,1.98,1.98,25.71,69.23,11.87,58.33,0.99,0.0,18.79,84.21,6.92,28.57,22.4,36.87,0.0,0.0,0.0,0.0,0.0,0.0,0.0,3.96,25.0,0.0,0.0,0.0,0.0,0.0,0.0,6.92,57.14,75.0,3.96,0,,0,,0,0.0,0.0,0.0,,,0.0,,0.99,0.0,0.0,0.0,0.0,0,0
T. Kaçar,Tugay Kaçar,218825, Esenler Erokspor, Esenler Erokspor,https://cdn5.wyscout.com/photos/team/public/g39486_120x120.png,1. Lig,DMF,DMF,100,,0,,0,32,1994-01-01,200000,2027-06-30,1,88,0,0.0,0,0.0,2.05,50.0,Türkiye,['Türkiye'],right,187,78,False,4.09,1.02,0.0,1.02,100.0,0.0,0.0,1.02,4.09,5.71,1.02,0,0.0,0,0.0,0.0,0.0,0,0.0,0.0,0,0.0,0,0.0,0.0,0.0,0.0,0.0,0.0,0.0,0.0,0.0,0.0,0.0,0.0,0.0,0.0,0.0,0.0,0.0,0.0,34.77,0.0,0.0,43.98,90.7,9.2,66.67,5.11,100.0,41.93,90.24,2.05,100.0,19.51,39.73,0.0,0.0,0.0,0.0,0.0,0.0,0.0,7.16,85.71,0.0,0.0,0.0,0.0,0.0,0.0,5.11,80.0,95.83,24.55,0,,0,,0,0.0,0.0,0.0,,,0.0,,1.02,0.0,0.0,0.0,0.0,0,0
C. Tosun,Cenk Tosun,68645,Fatih Karagümrük,Fatih Karagümrük,https://cdn5.wyscout.com/photos/team/public/g3014_120x120.png,1. Lig,CF,CF,100,,0,,0,35,1991-06-07,2000000,,3,85,0,0.59,0,0.0,11.65,54.55,Germany,"['Germany', 'Türkiye']",right,183,78,False,1.06,2.12,50.0,0.0,0.0,0.0,0.0,0.0,0.0,0.0,1.06,0,0.0,0,0.0,0.0,0.0,0,0.0,0.62,0,0.0,4,4.24,0.0,0.0,0.0,0.0,0.0,0.0,0.0,0.0,0.0,0.0,1.06,0.0,9.53,55.56,5.29,0.0,0.0,13.76,2.12,3.18,16.94,81.25,1.06,0.0,3.18,100.0,15.88,86.67,1.06,0.0,15.71,15.02,0.0,0.0,0.0,0.0,0.0,0.0,0.0,1.06,0.0,1.06,0.0,0.0,0.0,2.12,0.0,0.0,0.0,71.43,7.41,0,,0,,0,0.0,0.0,0.0,,,0.0,,0.0,0.0,0.0,0.0,0.0,0,0
O. Kökcü,Ozan Can Kökcü,488426,Vanspor FK,Vanspor FK,https://cdn5.wyscout.com/photos/team/public/g2346_120x120.png,1. Lig,"AMF, LCMF, LW",AMF,43,LCMF,32,LW,24,28,1998-08-18,500000,2028-06-30,1,84,1,0.17,0,0.21,8.57,37.5,Azerbaijan,"['Azerbaijan', 'Türkiye']",both,176,66,False,3.21,3.21,33.33,0.0,0.0,0.0,0.0,0.0,2.14,2.61,1.07,0,0.0,1,1.07,2.14,1.07,1,1.07,0.18,0,0.0,2,2.14,100.0,50.0,0.0,0.0,0.0,0.0,0.0,0.0,0.0,0.0,1.07,0.0,5.36,40.0,1.07,0.0,0.0,28.93,1.07,0.0,34.29,96.88,6.43,83.33,11.79,90.91,33.21,96.77,1.07,100.0,15.89,30.67,0.23,3.21,0.0,0.0,0.0,0.0,0.0,4.29,100.0,0.0,0.0,0.0,0.0,0.0,0.0,2.14,100.0,100.0,11.79,0,,0,,0,0.0,0.0,0.0,,,0.0,,0.0,3.21,1.07,100.0,2.14,0,0
Ahmet Ülük,Ahmet Ülük,-296111,Mardin 1969,Mardin 1969,https://cdn5.wyscout.com/photos/team/public/g-14762_120x120.png,1. Lig,"RW, LW",RW,59,LW,35,,0,24,2002-01-04,0,,4,83,1,0.48,0,0.0,10.84,60.0,Türkiye,['Türkiye'],right,177,0,False,2.17,2.17,50.0,3.25,33.33,0.0,0.0,0.0,1.08,1.43,0.0,0,0.0,0,0.0,6.51,1.08,1,1.08,0.52,0,0.0,5,5.42,80.0,20.0,0.0,1.08,0.0,0.0,0.0,1.08,0.0,0.0,2.17,100.0,4.34,75.0,5.42,4.34,1.08,19.52,1.08,1.08,20.6,78.95,3.25,66.67,6.51,83.33,19.52,83.33,0.0,0.0,16.32,0.0,0.0,0.0,0.0,0.0,0.0,0.0,0.0,1.08,100.0,1.08,0.0,0.0,0.0,1.08,0.0,1.08,100.0,80.0,10.84,0,,0,,0,0.0,0.0,0.0,,,0.0,,3.25,0.0,0.0,0.0,0.0,0,0
Adem Kabak,Adem Eren Kabak,504626,Mardin 1969,Mardin 1969,https://cdn5.wyscout.com/photos/team/public/g-14762_120x120.png,1. Lig,"DMF, RDMF",DMF,71,RDMF,25,,0,25,2000-12-12,250000,2028-06-30,4,80,0,0.0,0,0.0,12.38,27.27,Türkiye,['Türkiye'],right,185,78,False,6.75,3.38,66.67,4.5,0.0,1.13,1.25,0.0,3.38,3.75,1.13,0,0.0,0,0.0,1.13,0.0,0,0.0,0.0,0,0.0,1,1.13,0.0,0.0,0.0,1.13,0.0,0.0,0.0,1.13,0.0,0.0,0.0,0.0,2.25,50.0,1.13,1.13,0.0,48.38,0.0,1.13,47.25,92.86,14.63,92.31,10.13,100.0,43.88,97.44,2.25,50.0,19.75,25.58,0.0,0.0,0.0,0.0,1.13,100.0,0.0,6.75,83.33,2.25,0.0,1.13,100.0,0.0,0.0,2.25,100.0,93.75,18.0,0,,0,,0,0.0,0.0,0.0,,,1.13,,4.5,0.0,0.0,0.0,0.0,0,0
M. Albayrak,Mücahid Albayrak,366505,Batman Petrolspor,Batman Petrolspor,https://cdn5.wyscout.com/photos/team/public/g2887_120x120.png,1. Lig,"LB, LWB",LB,86,LWB,13,,0,35,1991-07-30,75000,,2,79,0,0.0,0,0.0,5.7,60.0,Türkiye,['Türkiye'],left,180,75,False,6.84,0.0,0.0,2.2800000000000002,50.0,0.0,0.0,1.1400000000000001,6.84,10.0,0.0,0,0.0,0,0.0,0.0,0.0,0,0.0,0.0,0,0.0,0,0.0,0.0,0.0,0.0,0.0,0.0,0.0,0.0,0.0,0.0,0.0,0.0,0.0,0.0,0.0,0.0,1.1400000000000001,0.0,14.81,1.1400000000000001,0.0,25.06,77.27,11.39,70.0,5.7,100.0,21.65,78.95,3.42,66.67,17.61,36.06,0.0,0.0,0.0,0.0,0.0,0.0,0.0,1.1400000000000001,100.0,0.0,0.0,0.0,0.0,0.0,0.0,5.7,40.0,66.67,3.42,0,,0,,0,0.0,0.0,0.0,,,0.0,,2.2800000000000002,0.0,0.0,0.0,0.0,0,0
J. Okita,Jonathan Okita,304902,Bodrumspor,Bodrumspor,https://cdn5.wyscout.com/photos/team/public/g34119_120x120.png,1. Lig,"LW, LDMF, LWF",LW,64,LDMF,14,LWF,12,29,1996-10-05,2000000,2027-06-30,3,77,0,0.35000000000000003,0,0.0,12.86,45.45,Germany,"['Germany', 'Congo DR']",left,181,75,False,1.17,1.17,100.0,1.17,100.0,0.0,0.0,0.0,0.0,0.0,0.0,1,1.17,0,0.0,4.68,0.0,0,0.0,0.41000000000000003,0,0.0,3,3.51,66.67,0.0,0.0,1.17,0.0,1.17,0.0,0.0,0.0,0.0,3.51,66.67,10.52,33.33,5.84,3.51,0.0,37.4,4.68,0.0,49.09,83.33,16.36,78.57,11.69,80.0,44.42,84.21,3.51,100.0,18.72,34.36,0.0,0.0,0.0,1.17,0.0,0.0,0.0,9.35,87.5,5.84,60.0,0.0,0.0,1.17,0.0,14.03,91.67,83.33,14.03,0,,0,,0,0.0,0.0,0.0,,,0.0,,1.17,1.17,0.0,0.0,2.34,0,0
M. Genç,Muhammet Harun Genç,-399226, Esenler Erokspor, Esenler Erokspor,https://cdn5.wyscout.com/photos/team/public/g39486_120x120.png,1. Lig,"RW, RAMF",RW,82,RAMF,17,,0,22,2004-02-29,0,2029-06-30,2,77,0,0.0,0,0.01,7.01,33.33,Türkiye,['Türkiye'],unknown,0,0,False,4.68,2.34,50.0,0.0,0.0,0.0,0.0,0.0,3.51,6.0,0.0,0,0.0,0,0.0,0.0,0.0,0,0.0,0.0,0,0.0,0,0.0,0.0,0.0,0.0,1.17,0.0,0.0,0.0,1.17,0.0,0.0,1.17,0.0,3.51,0.0,0.0,1.17,0.0,15.19,0.0,0.0,18.7,68.75,3.51,33.33,4.68,75.0,16.36,71.43,1.17,100.0,10.51,23.94,0.01,1.17,0.0,0.0,0.0,0.0,0.0,2.34,50.0,0.0,0.0,0.0,0.0,0.0,0.0,3.51,66.67,100.0,4.68,0,,0,,0,0.0,0.0,0.0,,,0.0,,0.0,0.0,0.0,0.0,0.0,0,0
A. Engin,Ahmet Engin,278380,Muğlaspor,Muğlaspor,https://cdn5.wyscout.com/photos/team/public/g14051_120x120.png,1. Lig,"RB, LB",RB,56,LB,43,,0,30,1996-08-09,400000,,3,76,0,0.0,0,0.0,7.11,66.67,Germany,"['Germany', 'Türkiye']",right,180,75,False,3.55,3.55,66.67,0.0,0.0,0.0,0.0,0.0,1.18,1.5,0.0,0,0.0,0,0.0,2.37,0.0,0,0.0,0.0,0,0.0,0,0.0,0.0,0.0,0.0,2.37,50.0,1.18,100.0,1.18,0.0,0.0,1.18,100.0,2.37,100.0,2.37,0.0,0.0,23.68,3.55,1.18,27.24,73.91,10.66,77.78,5.92,100.0,20.13,88.24,4.74,25.0,21.79,31.13,0.0,0.0,0.0,0.0,0.0,0.0,0.0,4.74,50.0,4.74,75.0,0.0,0.0,1.18,1.18,8.29,85.71,71.43,8.29,0,,0,,0,0.0,0.0,0.0,,,0.0,,0.0,0.0,0.0,0.0,0.0,0,0
H. Maldar,Hüseyin Maldar,-549204,Bursaspor,Bursaspor,https://cdn5.wyscout.com/photos/team/public/827_120x120.png,1. Lig,RAMF,RAMF,100,,0,,0,19,2007-01-26,0,2031-06-30,2,75,0,0.0,0,0.0,21.6,27.78,Türkiye,['Türkiye'],,0,0,False,6.0,7.2,16.67,3.6,33.33,1.2,1.76,0.0,3.6,5.29,6.0,0,0.0,0,0.0,0.0,0.0,0,0.0,0.0,0,0.0,0,0.0,0.0,0.0,0.0,0.0,0.0,0.0,0.0,0.0,0.0,0.0,3.6,0.0,9.6,25.0,0.0,0.0,0.0,16.8,1.2,1.2,18.0,86.67,4.8,50.0,4.8,100.0,18.0,86.67,0.0,0.0,14.82,0.0,0.0,0.0,0.0,0.0,1.2,0.0,0.0,2.4,50.0,0.0,0.0,1.2,0.0,0.0,0.0,2.4,50.0,100.0,2.4,0,,0,,0,0.0,0.0,0.0,,,0.0,,3.6,0.0,0.0,0.0,0.0,0,0
E. Aydoğan,Emirhan Aydoğan,322522,Batman Petrolspor,Batman Petrolspor,https://cdn5.wyscout.com/photos/team/public/g2887_120x120.png,1. Lig,DMF,DMF,100,,0,,0,29,1997-06-26,250000,,1,70,0,0.0,0,0.15,10.29,75.0,Türkiye,['Türkiye'],left,177,72,False,6.43,5.14,75.0,0.0,0.0,0.0,0.0,0.0,2.5700000000000003,2.73,0.0,0,0.0,0,0.0,1.29,0.0,0,0.0,0.0,0,0.0,0,0.0,0.0,0.0,0.0,0.0,0.0,0.0,0.0,0.0,0.0,0.0,1.29,100.0,5.14,75.0,1.29,0.0,0.0,24.43,0.0,1.29,41.14,78.13,20.57,75.0,3.86,66.67,30.86,87.5,10.29,50.0,20.81,37.76,0.19,2.5700000000000003,0.0,0.0,0.0,0.0,1.29,5.14,75.0,0.0,0.0,0.0,0.0,1.29,0.0,9.0,42.86,77.78,11.57,0,,0,,0,0.0,0.0,0.0,,,0.0,,0.0,0.0,0.0,0.0,0.0,0,0
B. Basyigit,Baran Basyigit,-218763,Bursaspor,Bursaspor,https://cdn5.wyscout.com/photos/team/public/827_120x120.png,1. Lig,"CF, AMF",CF,57,AMF,42,,0,23,2003-02-17,0,2028-06-30,4,70,0,0.6000000000000001,0,0.15,21.86,41.18,Türkiye,['Türkiye'],right,180,75,False,7.71,5.14,50.0,11.57,33.33,0.0,0.0,1.29,5.14,6.67,0.0,0,0.0,0,0.0,5.14,0.0,0,0.0,0.77,0,0.0,4,5.14,50.0,0.0,0.0,0.0,0.0,0.0,0.0,0.0,0.0,0.0,2.5700000000000003,100.0,3.86,66.67,11.57,1.29,0.0,18.0,3.86,0.0,18.0,57.14,1.29,0.0,7.71,66.67,16.71,61.54,1.29,0.0,10.79,13.02,0.2,1.29,0.0,0.0,0.0,0.0,1.29,1.29,100.0,2.5700000000000003,0.0,0.0,0.0,1.29,0.0,0.0,0.0,80.0,6.43,0,,0,,0,0.0,0.0,0.0,,,0.0,,11.57,0.0,0.0,0.0,0.0,0,0
T. Bartu Özdemir,Talha Bartu Özdemir,-725489,Ümranıyespor,Ümranıyespor,https://cdn5.wyscout.com/photos/team/public/g19664_120x120.png,1. Lig,"RWF, LWF",RWF,73,LWF,26,,0,19,2007-01-06,0,2030-06-30,3,70,0,0.0,0,0.0,16.71,23.08,Türkiye,['Türkiye'],,0,0,False,1.29,6.43,20.0,0.0,0.0,0.0,0.0,0.0,0.0,0.0,2.5700000000000003,1,1.29,0,0.0,1.29,0.0,0,0.0,0.0,0,0.0,0,0.0,0.0,0.0,0.0,0.0,0.0,0.0,0.0,0.0,0.0,0.0,2.5700000000000003,50.0,10.29,25.0,1.29,1.29,0.0,24.43,1.29,0.0,27.0,85.71,10.29,75.0,10.29,87.5,27.0,85.71,0.0,0.0,14.36,0.0,0.0,0.0,0.0,0.0,0.0,0.0,0.0,1.29,100.0,0.0,0.0,0.0,0.0,0.0,0.0,1.29,0.0,100.0,2.5700000000000003,0,,0,,0,0.0,0.0,0.0,,,0.0,,0.0,0.0,0.0,0.0,0.0,0,0
A. Akman,Ali Akman,-97397,Ankara Keçiörengücü,Ankara Keçiörengücü,https://cdn5.wyscout.com/photos/team/public/g7284_120x120.png,1. Lig,CF,CF,100,,0,,0,24,2002-04-18,400000,2029-06-30,1,70,0,0.0,0,0.02,11.57,44.44,Türkiye,['Türkiye'],right,173,72,False,2.5700000000000003,2.5700000000000003,100.0,2.5700000000000003,50.0,0.0,0.0,0.0,0.0,0.0,0.0,0,0.0,0,0.0,0.0,0.0,0,0.0,0.0,0,0.0,0,0.0,0.0,0.0,0.0,0.0,0.0,0.0,0.0,0.0,0.0,0.0,0.0,0.0,5.14,25.0,2.5700000000000003,0.0,0.0,14.14,0.0,1.29,19.29,73.33,3.86,33.33,10.29,87.5,18.0,78.57,1.29,0.0,11.6,29.78,0.02,1.29,0.0,0.0,0.0,0.0,0.0,0.0,0.0,2.5700000000000003,0.0,0.0,0.0,0.0,0.0,1.29,0.0,100.0,1.29,0,,0,,0,0.0,0.0,0.0,,,0.0,,2.5700000000000003,0.0,0.0,0.0,0.0,0,0
M. Khan,Molik Jesse Khan,-318238,Vanspor FK,Vanspor FK,https://cdn5.wyscout.com/photos/team/public/g2346_120x120.png,1. Lig,"RCMF, LDMF",RCMF,68,LDMF,14,,0,22,2004-04-08,0,2028-06-30,3,68,0,0.03,0,0.0,19.85,26.67,Trinidad and Tobago,['Trinidad and Tobago'],,176,0,False,5.29,5.29,50.0,1.32,0.0,0.0,0.0,1.32,2.65,3.0,0.0,0,0.0,0,0.0,1.32,0.0,0,0.0,0.03,0,0.0,1,1.32,0.0,0.0,0.0,0.0,0.0,0.0,0.0,0.0,0.0,0.0,6.62,20.0,13.24,20.0,0.0,2.65,0.0,14.56,0.0,1.32,26.47,80.0,3.9699999999999998,33.33,7.94,66.67,26.47,80.0,0.0,0.0,15.51,0.0,0.0,1.32,0.0,0.0,0.0,0.0,0.0,2.65,50.0,1.32,100.0,0.0,0.0,0.0,0.0,1.32,100.0,100.0,10.59,0,,0,,0,0.0,0.0,0.0,,,0.0,,1.32,0.0,0.0,0.0,0.0,0,0
Y. Şaş,Yusuf Deniz Şaş,-530119,Ümranıyespor,Ümranıyespor,https://cdn5.wyscout.com/photos/team/public/g19664_120x120.png,1. Lig,"LCMF3, RCMF3",LCMF3,75,RCMF3,24,,0,20,2005-09-26,0,2027-06-30,2,68,0,0.0,0,0.0,7.94,66.67,Türkiye,['Türkiye'],unknown,0,0,False,3.9699999999999998,2.65,100.0,0.0,0.0,0.0,0.0,0.0,1.32,1.67,0.0,0,0.0,0,0.0,0.0,0.0,0,0.0,0.0,0,0.0,0,0.0,0.0,0.0,0.0,0.0,0.0,0.0,0.0,0.0,0.0,0.0,0.0,0.0,5.29,50.0,1.32,0.0,0.0,23.82,0.0,0.0,34.41,76.92,7.94,33.33,9.26,85.71,31.76,79.17,2.65,50.0,15.43,57.09,0.0,0.0,0.0,0.0,0.0,0.0,0.0,2.65,50.0,1.32,0.0,0.0,0.0,1.32,0.0,0.0,0.0,100.0,11.91,0,,0,,0,0.0,0.0,0.0,,,0.0,,0.0,0.0,0.0,0.0,2.65,0,0
B. Yilmaz,Batuhan Yilmaz,-745041,Muğlaspor,Muğlaspor,https://cdn5.wyscout.com/photos/team/public/g14051_120x120.png,1. Lig,LB,LB,100,,0,,0,22,2003-09-09,0,,1,67,0,0.01,0,0.0,16.12,33.33,Türkiye,['Türkiye'],unknown,0,0,False,13.43,9.4,28.57,4.03,66.67,0.0,0.0,0.0,10.75,10.91,2.69,0,0.0,0,0.0,0.0,0.0,0,0.0,0.01,0,0.0,1,1.34,0.0,0.0,0.0,1.34,0.0,1.34,0.0,0.0,0.0,0.0,0.0,0.0,2.69,0.0,1.34,0.0,0.0,14.78,0.0,0.0,17.46,84.62,4.03,100.0,2.69,100.0,13.43,100.0,2.69,50.0,21.86,48.1,0.0,0.0,0.0,0.0,0.0,0.0,0.0,1.34,100.0,1.34,0.0,0.0,0.0,0.0,0.0,2.69,100.0,71.43,9.4,0,,0,,0,0.0,0.0,0.0,,,0.0,,4.03,0.0,0.0,0.0,0.0,0,0
T. Böke,Bekir Turaç Böke,480278,Sivasspor,Sivasspor,https://cdn5.wyscout.com/photos/team/public/818_120x120.png,1. Lig,RW,RW,100,,0,,0,27,1999-06-21,0,2027-06-30,1,66,0,0.04,0,0.0,16.36,66.67,Türkiye,['Türkiye'],right,176,72,False,5.45,5.45,75.0,0.0,0.0,0.0,0.0,0.0,1.3599999999999999,1.76,1.3599999999999999,0,0.0,0,0.0,0.0,0.0,0,0.0,0.06,0,0.0,2,2.73,0.0,0.0,0.0,0.0,0.0,0.0,0.0,0.0,0.0,0.0,0.0,0.0,9.55,57.14,1.3599999999999999,4.09,0.0,9.55,1.3599999999999999,1.3599999999999999,12.27,77.78,1.3599999999999999,100.0,2.73,50.0,12.27,77.78,0.0,0.0,8.32,0.0,0.0,0.0,0.0,0.0,0.0,0.0,0.0,0.0,0.0,1.3599999999999999,100.0,0.0,0.0,1.3599999999999999,0.0,1.3599999999999999,100.0,0.0,0.0,0,,0,,0,0.0,0.0,0.0,,,0.0,,0.0,0.0,0.0,0.0,0.0,0,0
F. Özer,Fethi Özer,312460,Kayserispor,Kayserispor,https://cdn5.wyscout.com/photos/team/public/819_120x120.png,1. Lig,"DMF, LDMF, RDMF",DMF,43,LDMF,17,RDMF,16,29,1996-10-04,50000,,4,66,0,0.0,0,0.0,15.0,27.27,Türkiye,['Türkiye'],right,185,76,False,5.45,4.09,0.0,8.18,16.67,0.0,0.0,0.0,5.45,6.32,2.73,0,0.0,0,0.0,0.0,0.0,0,0.0,0.0,0,0.0,0,0.0,0.0,0.0,0.0,0.0,0.0,0.0,0.0,0.0,0.0,0.0,0.0,0.0,1.3599999999999999,100.0,0.0,0.0,0.0,24.55,0.0,0.0,28.64,80.95,6.82,60.0,2.73,100.0,24.55,83.33,4.09,66.67,12.57,8.94,0.0,0.0,0.0,0.0,1.3599999999999999,0.0,0.0,1.3599999999999999,0.0,0.0,0.0,1.3599999999999999,0.0,0.0,0.0,4.09,0.0,87.5,10.91,0,,0,,0,0.0,0.0,0.0,,,0.0,,8.18,0.0,0.0,0.0,0.0,0,0
E. Seçgin,Erdem Seçgin,460353,İstanbulspor,İstanbulspor,https://cdn5.wyscout.com/photos/team/public/g2226_120x120.png,1. Lig,"RCMF, AMF",RCMF,75,AMF,24,,0,26,2000-01-05,175000,2030-06-30,2,65,0,0.26,0,0.0,15.23,9.09,Türkiye,['Türkiye'],right,182,77,False,0.0,4.15,0.0,4.15,0.0,0.0,0.0,0.0,0.0,0.0,2.77,0,0.0,0,0.0,4.15,0.0,0,0.0,0.36,0,0.0,3,4.15,66.67,0.0,0.0,0.0,0.0,0.0,0.0,0.0,0.0,0.0,2.77,50.0,6.92,20.0,2.77,5.54,0.0,31.85,1.38,0.0,29.08,71.43,6.92,80.0,0.0,0.0,26.31,73.68,2.77,50.0,12.87,16.06,0.0,0.0,0.0,0.0,1.38,0.0,0.0,1.38,0.0,1.38,100.0,1.38,0.0,1.38,0.0,5.54,100.0,83.33,8.31,0,,0,,0,0.0,0.0,0.0,,,0.0,,4.15,0.0,0.0,0.0,0.0,0,0
E. Yunuszada,Elvin Yunuszada,211199,Boluspor,Boluspor,https://cdn5.wyscout.com/photos/team/public/1346_120x120.png,1. Lig,RCB,RCB,100,,0,,0,33,1992-08-22,0,,1,63,0,0.0,0,0.0,7.14,60.0,Azerbaijan,['Azerbaijan'],right,179,70,False,12.86,4.29,66.67,0.0,0.0,1.43,1.25,0.0,8.57,7.5,1.43,0,0.0,0,0.0,0.0,0.0,0,0.0,0.0,0,0.0,0,0.0,0.0,0.0,0.0,0.0,0.0,0.0,0.0,0.0,0.0,0.0,0.0,0.0,0.0,0.0,0.0,0.0,0.0,11.43,0.0,0.0,18.57,92.31,8.57,83.33,0.0,0.0,14.29,100.0,4.29,66.67,24.0,42.41,0.0,0.0,0.0,0.0,0.0,0.0,0.0,0.0,0.0,0.0,0.0,0.0,0.0,0.0,0.0,1.43,100.0,100.0,10.0,0,,0,,0,0.0,0.0,0.0,,,0.0,,0.0,0.0,0.0,0.0,0.0,0,0
A. Karademir,Ahmet Karademir,-159484,Pendikspor,Pendikspor,https://cdn5.wyscout.com/photos/team/public/g9153_120x120.png,1. Lig,"RAMF, LAMF, LW",RAMF,52,LAMF,26,LW,21,22,2004-04-02,100000,2028-06-30,2,63,0,0.04,0,0.0,18.57,7.69,Türkiye,['Türkiye'],right,173,67,False,5.71,2.86,50.0,2.86,0.0,0.0,0.0,0.0,4.29,7.5,1.43,0,0.0,0,0.0,0.0,0.0,0,0.0,0.06,0,0.0,1,1.43,0.0,0.0,0.0,2.86,0.0,1.43,0.0,1.43,0.0,0.0,5.71,0.0,11.43,0.0,2.86,1.43,0.0,22.86,1.43,0.0,25.71,72.22,4.29,33.33,7.14,100.0,22.86,81.25,0.0,0.0,17.34,0.0,0.0,0.0,0.0,0.0,0.0,0.0,0.0,0.0,0.0,4.29,0.0,0.0,0.0,0.0,0.0,7.14,40.0,75.0,11.43,0,,0,,0,0.0,0.0,0.0,,,0.0,,2.86,0.0,0.0,0.0,0.0,0,0
Ö. Artan,Ömürcan Artan,496263,Batman Petrolspor,Batman Petrolspor,https://cdn5.wyscout.com/photos/team/public/g2887_120x120.png,1. Lig,"RB, LB, RWB",RB,38,LB,31,RWB,17,27,1999-07-27,200000,,3,62,0,0.0,0,0.12,20.32,57.14,Türkiye,['Türkiye'],right,179,77,False,15.97,11.61,62.5,5.8100000000000005,50.0,0.0,0.0,1.45,8.71,15.0,2.9,0,0.0,0,0.0,0.0,0.0,0,0.0,0.0,0,0.0,0,0.0,0.0,0.0,0.0,1.45,0.0,1.45,0.0,0.0,0.0,0.0,0.0,0.0,1.45,100.0,0.0,0.0,0.0,20.32,0.0,1.45,29.03,80.0,7.26,80.0,2.9,100.0,23.23,87.5,4.35,66.67,17.64,28.61,0.17,1.45,1.45,0.0,0.0,0.0,1.45,5.8100000000000005,75.0,2.9,50.0,0.0,0.0,1.45,0.0,4.35,100.0,75.0,11.61,0,,0,,0,0.0,0.0,0.0,,,0.0,,5.8100000000000005,0.0,0.0,0.0,0.0,0,0
J. Clarke-Harris,Jonson Clarke-Harris,154069,Pendikspor,Pendikspor,https://cdn5.wyscout.com/photos/team/public/g9153_120x120.png,1. Lig,CF,CF,100,,0,,0,32,1994-07-21,750000,2027-06-30,2,59,0,0.0,0,0.06,3.05,50.0,England,"['England', 'Jamaica']",left,183,78,False,0.0,0.0,0.0,3.05,50.0,0.0,0.0,0.0,0.0,0.0,0.0,0,0.0,0,0.0,1.53,0.0,0,0.0,0.0,0,0.0,0,0.0,0.0,0.0,0.0,4.58,33.33,1.53,0.0,3.05,50.0,0.0,0.0,0.0,0.0,0.0,1.53,0.0,1.53,16.78,3.05,0.0,24.41,68.75,4.58,33.33,9.15,100.0,16.78,90.91,3.05,0.0,16.43,22.04,0.08,1.53,0.0,0.0,0.0,0.0,1.53,3.05,0.0,4.58,33.33,0.0,0.0,1.53,1.53,3.05,50.0,50.0,6.1,0,,0,,0,0.0,0.0,0.0,,,0.0,,3.05,0.0,0.0,0.0,0.0,0,0
O. Beyaz,Ömer Faruk Beyaz,-73373,Antalyaspor,Antalyaspor,https://cdn5.wyscout.com/photos/team/public/1189_120x120.png,1. Lig,"AMF, RWF",AMF,83,RWF,16,,0,23,2003-08-29,650000,2028-06-30,2,59,0,0.66,0,0.12,22.88,46.67,Türkiye,['Türkiye'],left,171,65,False,13.73,9.15,66.67,1.53,100.0,1.53,1.88,0.0,6.1,7.5,3.05,0,0.0,0,0.0,0.0,0.0,0,0.0,1.01,0,0.0,2,3.05,0.0,0.0,0.0,0.0,0.0,0.0,0.0,0.0,0.0,0.0,0.0,0.0,9.15,33.33,4.58,1.53,1.53,19.83,0.0,1.53,28.98,84.21,6.1,50.0,12.2,87.5,28.98,84.21,0.0,0.0,15.96,0.0,0.18,1.53,0.0,0.0,1.53,0.0,3.05,0.0,0.0,0.0,0.0,1.53,0.0,1.53,0.0,1.53,100.0,100.0,9.15,0,,0,,0,0.0,0.0,0.0,,,0.0,,1.53,0.0,0.0,0.0,0.0,0,0
G. Altıparmak,Gökhan Altıparmak,-175374,Batman Petrolspor,Batman Petrolspor,https://cdn5.wyscout.com/photos/team/public/g2887_120x120.png,1. Lig,"CF, RCMF",CF,75,RCMF,24,,0,25,2001-04-20,50000,2028-06-30,3,58,0,0.0,0,0.0,13.97,44.44,Türkiye,['Türkiye'],right,185,78,False,3.1,0.0,0.0,12.41,50.0,0.0,0.0,0.0,3.1,6.67,0.0,0,0.0,0,0.0,0.0,0.0,0,0.0,0.0,0,0.0,0,0.0,0.0,0.0,0.0,0.0,0.0,0.0,0.0,0.0,0.0,0.0,0.0,0.0,1.55,0.0,1.55,0.0,0.0,7.76,3.1,0.0,15.52,80.0,1.55,0.0,7.76,80.0,15.52,80.0,0.0,0.0,11.28,0.0,0.0,0.0,0.0,0.0,0.0,0.0,0.0,0.0,0.0,0.0,0.0,0.0,0.0,0.0,0.0,1.55,0.0,100.0,4.66,0,,0,,0,0.0,0.0,0.0,,,0.0,,12.41,0.0,0.0,0.0,0.0,0,0
M. Bingöl,Medeni Bingöl,317719,Vanspor FK,Vanspor FK,https://cdn5.wyscout.com/photos/team/public/g2346_120x120.png,1. Lig,"RCB, RB, DMF",RCB,46,RB,34,DMF,19,33,1992-10-20,150000,,2,58,0,0.0,0,0.0,4.66,66.67,Türkiye,['Türkiye'],right,185,0,False,6.21,4.66,66.67,0.0,0.0,0.0,0.0,0.0,3.1,3.16,0.0,0,0.0,0,0.0,0.0,0.0,0,0.0,0.01,0,0.0,1,1.55,0.0,0.0,0.0,0.0,0.0,0.0,0.0,0.0,0.0,0.0,0.0,0.0,0.0,0.0,0.0,0.0,0.0,32.59,0.0,0.0,43.45,92.86,17.07,81.82,0.0,0.0,37.24,95.83,6.21,75.0,16.85,20.81,0.0,0.0,0.0,0.0,0.0,0.0,0.0,3.1,100.0,0.0,0.0,0.0,0.0,0.0,0.0,12.41,75.0,100.0,18.62,0,,0,,0,0.0,0.0,0.0,,,0.0,,0.0,0.0,0.0,0.0,0.0,0,0
D. Bozardic,Devran Bozardic,-415229,Batman Petrolspor,Batman Petrolspor,https://cdn5.wyscout.com/photos/team/public/g2887_120x120.png,1. Lig,"LCB, RCB3",LCB,85,RCB3,14,,0,20,2006-01-31,0,,2,57,0,0.0,0,0.0,7.89,20.0,Switzerland,['Switzerland'],unknown,0,0,False,3.16,3.16,0.0,4.74,33.33,0.0,0.0,0.0,3.16,6.67,0.0,0,0.0,0,0.0,0.0,0.0,0,0.0,0.0,0,0.0,0,0.0,0.0,0.0,0.0,0.0,0.0,0.0,0.0,0.0,0.0,0.0,0.0,0.0,0.0,0.0,0.0,1.58,0.0,45.79,0.0,0.0,58.42,86.49,14.21,66.67,4.74,100.0,53.68,94.12,4.74,0.0,11.05,23.12,0.0,0.0,0.0,0.0,0.0,0.0,0.0,7.89,40.0,0.0,0.0,0.0,0.0,0.0,0.0,6.32,50.0,95.45,34.74,0,,0,,0,0.0,0.0,0.0,,,1.58,,4.74,0.0,0.0,0.0,0.0,0,0
I. Alhaft,Ilias Alhaft,426279,,Vanspor FK,,,"RAMF, RWF",RAMF,80,RWF,19,,0,29,1997-02-23,300000,,2,57,0,0.02,0,0.0,22.11,42.86,Netherlands,"['Netherlands', 'Morocco']",left,172,68,False,4.74,6.32,50.0,0.0,0.0,0.0,0.0,0.0,1.58,2.5,1.58,0,0.0,0,0.0,3.16,0.0,0,0.0,0.04,0,0.0,1,1.58,0.0,0.0,0.0,3.16,0.0,0.0,0.0,3.16,0.0,0.0,6.32,50.0,14.21,44.44,1.58,3.16,0.0,7.89,0.0,0.0,18.95,66.67,7.89,80.0,0.0,0.0,12.63,87.5,3.16,50.0,29.13,30.6,0.0,0.0,0.0,0.0,0.0,0.0,0.0,9.47,66.67,3.16,0.0,0.0,0.0,0.0,1.58,6.32,75.0,57.14,11.05,0,,0,,0,0.0,0.0,0.0,,,0.0,,0.0,0.0,0.0,0.0,0.0,0,0
E. Njie,Essap Njie,-862650,İstanbulspor,İstanbulspor,https://cdn5.wyscout.com/photos/team/public/g2226_120x120.png,1. Lig,"RW, RWF, RAMF",RW,65,RWF,23,RAMF,11,18,2008-04-16,0,,2,56,0,0.02,0,0.0,14.46,44.44,Türkiye,['Türkiye'],unknown,0,0,False,4.82,4.82,33.33,0.0,0.0,0.0,0.0,0.0,3.21,5.0,6.43,1,1.6099999999999999,0,0.0,3.21,0.0,0,0.0,0.03,0,0.0,1,1.6099999999999999,100.0,0.0,0.0,0.0,0.0,0.0,0.0,0.0,0.0,0.0,1.6099999999999999,100.0,9.64,50.0,6.43,0.0,0.0,16.07,4.82,3.21,11.25,57.14,8.04,40.0,1.6099999999999999,100.0,11.25,57.14,0.0,0.0,15.95,0.0,0.0,0.0,0.0,0.0,0.0,0.0,0.0,1.6099999999999999,100.0,0.0,0.0,0.0,0.0,1.6099999999999999,0.0,3.21,50.0,0.0,0.0,0,,0,,0,0.0,0.0,0.0,,,0.0,,0.0,0.0,0.0,0.0,0.0,0,0
S. Kavrazlı,Salih Kavrazlı,-101792,Sivasspor,Sivasspor,https://cdn5.wyscout.com/photos/team/public/818_120x120.png,1. Lig,"LCMF, LW",LCMF,51,LW,48,,0,24,2002-03-16,150000,2028-06-30,3,56,0,0.05,0,0.0,9.64,83.33,Türkiye,['Türkiye'],right,178,68,False,1.6099999999999999,1.6099999999999999,100.0,1.6099999999999999,100.0,0.0,0.0,0.0,0.0,0.0,0.0,0,0.0,0,0.0,6.43,0.0,0,0.0,0.08,0,0.0,2,3.21,50.0,0.0,0.0,1.6099999999999999,0.0,1.6099999999999999,0.0,0.0,0.0,0.0,4.82,100.0,6.43,75.0,0.0,1.6099999999999999,0.0,25.71,0.0,0.0,35.36,86.36,8.04,80.0,11.25,100.0,33.75,90.48,0.0,0.0,17.14,0.0,0.0,0.0,0.0,0.0,0.0,0.0,0.0,4.82,100.0,1.6099999999999999,0.0,0.0,0.0,0.0,0.0,4.82,100.0,88.89,14.46,0,,0,,0,0.0,0.0,0.0,,,1.6099999999999999,,1.6099999999999999,0.0,0.0,0.0,1.6099999999999999,0,0
E. Çinemre,Enes Çinemre,-533128,Bandırmaspor,Bandırmaspor,https://cdn5.wyscout.com/photos/team/public/g11986_120x120.png,1. Lig,"LW, CF",LW,72,CF,27,,0,19,2007-07-23,0,2027-06-30,2,54,0,0.0,0,0.0,10.0,16.67,Türkiye,['Türkiye'],unknown,0,0,False,1.67,6.67,0.0,0.0,0.0,0.0,0.0,0.0,1.67,3.75,1.67,0,0.0,0,0.0,1.67,0.0,0,0.0,0.01,0,0.0,1,1.67,100.0,0.0,0.0,0.0,0.0,0.0,0.0,0.0,0.0,0.0,0.0,0.0,3.33,50.0,1.67,0.0,0.0,31.67,0.0,0.0,36.67,90.91,13.33,75.0,8.33,100.0,36.67,90.91,0.0,0.0,13.62,0.0,0.0,0.0,0.0,0.0,0.0,0.0,0.0,8.33,80.0,3.33,50.0,0.0,0.0,1.67,0.0,6.67,100.0,100.0,5.0,0,,0,,0,0.0,0.0,0.0,,,0.0,,0.0,0.0,0.0,0.0,0.0,0,0
H. Yeşilyurt,Hasan Emre Yeşilyurt,503448,,Sarıyer,,,"DMF, LCMF, RB",DMF,46,LCMF,40,RB,12,26,2000-08-18,50000,,3,52,0,0.38,0,0.0,17.31,90.0,Türkiye,['Türkiye'],right,189,77,False,15.58,6.92,100.0,1.73,100.0,0.0,0.0,0.0,8.65,16.67,0.0,0,0.0,0,0.0,1.73,0.0,0,0.0,0.65,0,0.0,3,5.19,0.0,0.0,0.0,0.0,0.0,0.0,0.0,0.0,0.0,0.0,1.73,100.0,5.19,66.67,1.73,0.0,0.0,60.58,0.0,0.0,79.62,95.65,20.77,83.33,15.58,100.0,77.88,95.56,1.73,100.0,18.07,14.43,0.0,0.0,1.73,0.0,0.0,0.0,0.0,20.77,100.0,1.73,0.0,0.0,0.0,0.0,0.0,13.85,87.5,100.0,31.15,0,,0,,0,0.0,0.0,0.0,,,1.73,,1.73,0.0,0.0,0.0,0.0,0,0
E. Furat,Ertuğrul İdris Furat,-213381,Bursaspor,Bursaspor,https://cdn5.wyscout.com/photos/team/public/827_120x120.png,1. Lig,"RAMF, RWB",RAMF,60,RWB,39,,0,25,2001-06-05,0,2027-06-30,2,50,0,0.35000000000000003,0,0.0,10.8,16.67,Türkiye,['Türkiye'],right,0,0,False,1.8,1.8,0.0,0.0,0.0,0.0,0.0,0.0,1.8,2.73,0.0,0,0.0,0,0.0,1.8,0.0,0,0.0,0.62,0,0.0,2,3.6,50.0,0.0,0.0,3.6,0.0,0.0,0.0,3.6,0.0,1.8,1.8,0.0,9.0,20.0,5.4,7.2,0.0,23.4,1.8,0.0,23.4,69.23,1.8,0.0,9.0,80.0,19.8,81.82,0.0,0.0,13.44,0.0,0.0,0.0,0.0,0.0,0.0,0.0,0.0,0.0,0.0,5.4,0.0,0.0,0.0,0.0,0.0,1.8,100.0,50.0,7.2,0,,0,,0,0.0,0.0,0.0,,,0.0,,0.0,0.0,0.0,0.0,0.0,0,0
A. Can Özdemir,Ahmet Can Özdemir,-880315,Boluspor,Boluspor,https://cdn5.wyscout.com/photos/team/public/1346_120x120.png,1. Lig,RB,RB,100,,0,,0,30,1996-05-18,0,,1,50,0,0.0,0,0.08,18.0,40.0,Türkiye,['Türkiye'],right,188,0,False,9.0,10.8,33.33,1.8,100.0,0.0,0.0,0.0,5.4,5.63,0.0,0,0.0,0,0.0,1.8,0.0,0,0.0,0.0,0,0.0,0,0.0,0.0,0.0,0.0,1.8,100.0,0.0,0.0,1.8,100.0,0.0,0.0,0.0,3.6,0.0,0.0,0.0,0.0,12.6,1.8,1.8,23.4,69.23,12.6,57.14,1.8,100.0,16.2,77.78,5.4,33.33,17.72,31.76,0.14,1.8,0.0,0.0,0.0,0.0,1.8,0.0,0.0,1.8,100.0,0.0,0.0,0.0,1.8,1.8,100.0,75.0,7.2,0,,0,,0,0.0,0.0,0.0,,,0.0,,1.8,0.0,0.0,0.0,0.0,0,0
A. Raice,Alcídio Raice,-711896,,Ankara Keçiörengücü,,,AMF,AMF,100,,0,,0,21,2005-05-17,0,,2,50,0,0.63,0,0.14,16.2,55.56,Mozambique,['Mozambique'],unknown,0,0,False,3.6,5.4,0.0,3.6,100.0,0.0,0.0,0.0,3.6,6.0,3.6,0,0.0,0,0.0,1.8,0.0,0,0.0,1.1400000000000001,0,0.0,3,5.4,0.0,0.0,0.0,1.8,100.0,0.0,0.0,1.8,100.0,0.0,0.0,0.0,3.6,100.0,1.8,1.8,0.0,9.0,0.0,3.6,12.6,57.14,5.4,66.67,0.0,0.0,10.8,50.0,0.0,0.0,17.8,0.0,0.26,1.8,0.0,0.0,0.0,0.0,1.8,0.0,0.0,1.8,100.0,0.0,0.0,0.0,1.8,5.4,66.67,66.67,5.4,0,,0,,0,0.0,0.0,0.0,,,0.0,,3.6,0.0,0.0,0.0,0.0,0,0
O. Kahraman,Osman Kahraman,-556708,Manisa F.K.,Manisa F.K.,https://cdn5.wyscout.com/photos/team/public/g34120_120x120.png,1. Lig,"RAMF, RW",RAMF,74,RW,25,,0,18,2008-03-28,0,2028-06-30,3,50,0,0.03,0,0.24,23.4,30.77,Türkiye,['Türkiye'],unknown,0,0,False,7.2,3.6,100.0,5.4,0.0,0.0,0.0,0.0,3.6,6.67,0.0,0,0.0,0,0.0,5.4,0.0,0,0.0,0.06,0,0.0,1,1.8,100.0,0.0,0.0,3.6,100.0,0.0,0.0,3.6,100.0,0.0,3.6,0.0,10.8,33.33,7.2,5.4,0.0,27.0,5.4,3.6,36.0,75.0,1.8,0.0,10.8,100.0,32.4,72.22,0.0,0.0,11.39,0.0,0.44,3.6,0.0,0.0,0.0,0.0,3.6,0.0,0.0,0.0,0.0,0.0,0.0,1.8,3.6,1.8,0.0,80.0,9.0,0,,0,,0,0.0,0.0,0.0,,,1.8,,5.4,0.0,0.0,0.0,0.0,0,0
Z. Yavru,Zeki Yavru,151423,Bursaspor,Bursaspor,https://cdn5.wyscout.com/photos/team/public/827_120x120.png,1. Lig,RB,RB,100,,0,,0,34,1991-09-05,300000,2027-06-30,1,49,0,0.0,0,0.0,9.18,80.0,Türkiye,['Türkiye'],right,178,74,False,9.18,7.35,75.0,0.0,0.0,0.0,0.0,0.0,3.67,4.29,0.0,0,0.0,0,0.0,1.8399999999999999,0.0,0,0.0,0.0,0,0.0,0,0.0,0.0,0.0,0.0,1.8399999999999999,100.0,1.8399999999999999,100.0,0.0,0.0,0.0,0.0,0.0,0.0,0.0,0.0,0.0,0.0,36.73,0.0,1.8399999999999999,45.92,92.0,18.37,90.0,1.8399999999999999,0.0,38.57,95.24,5.51,66.67,25.92,49.53,0.0,0.0,1.8399999999999999,0.0,0.0,0.0,0.0,9.18,100.0,1.8399999999999999,100.0,0.0,0.0,0.0,1.8399999999999999,12.86,100.0,100.0,22.04,0,,0,,0,0.0,0.0,0.0,,,0.0,,0.0,0.0,0.0,0.0,3.67,0,0
A. Babacan,Atalay Babacan,461772,Ümranıyespor,Ümranıyespor,https://cdn5.wyscout.com/photos/team/public/g19664_120x120.png,1. Lig,"RCMF3, LCMF3",RCMF3,74,LCMF3,25,,0,26,2000-06-28,200000,2027-06-30,2,49,0,0.1,0,0.0,18.37,20.0,Türkiye,['Türkiye'],left,174,70,False,9.18,12.86,28.57,3.67,0.0,0.0,0.0,0.0,5.51,6.43,5.51,1,1.8399999999999999,0,0.0,1.8399999999999999,0.0,0,0.0,0.18,0,0.0,1,1.8399999999999999,100.0,0.0,0.0,0.0,0.0,0.0,0.0,0.0,0.0,0.0,0.0,0.0,1.8399999999999999,0.0,3.67,1.8399999999999999,0.0,33.06,0.0,0.0,55.1,80.0,22.04,66.67,14.69,87.5,53.27,82.76,1.8399999999999999,0.0,16.97,29.52,0.0,0.0,0.0,0.0,1.8399999999999999,0.0,0.0,5.51,33.33,1.8399999999999999,0.0,1.8399999999999999,0.0,0.0,0.0,7.35,25.0,80.0,9.18,0,,0,,0,0.0,0.0,0.0,,,0.0,,3.67,0.0,0.0,0.0,0.0,0,0
T. Ergül,Tunahan Ergül,503415,Sarıyer,Sarıyer,https://cdn5.wyscout.com/photos/team/public/g2344_120x120.png,1. Lig,"LCMF, LCMF3, RCMF",LCMF,44,LCMF3,41,RCMF,14,26,2000-02-07,175000,2027-06-30,3,48,0,0.0,0,0.0,15.0,37.5,Türkiye,['Türkiye'],left,184,75,False,7.5,11.25,33.33,0.0,0.0,0.0,0.0,0.0,3.75,4.29,7.5,0,0.0,0,0.0,1.88,0.0,0,0.0,0.0,0,0.0,0,0.0,0.0,0.0,0.0,3.75,0.0,3.75,0.0,0.0,0.0,1.88,1.88,100.0,3.75,50.0,1.88,1.88,0.0,30.0,3.75,0.0,31.88,88.24,5.63,100.0,1.88,100.0,26.25,100.0,1.88,100.0,19.79,19.11,0.0,0.0,0.0,0.0,0.0,0.0,0.0,5.63,100.0,1.88,0.0,0.0,0.0,0.0,0.0,1.88,100.0,87.5,15.0,0,,0,,0,0.0,0.0,0.0,,,0.0,,0.0,0.0,0.0,0.0,0.0,0,0
M. Doh,Marius Tresor Doh,-611191,Fatih Karagümrük,Fatih Karagümrük,https://cdn5.wyscout.com/photos/team/public/g3014_120x120.png,1. Lig,"LCMF, RDMF, LCB",LCMF,33,RDMF,30,LCB,27,22,2003-12-17,0,2027-06-30,3,47,0,0.0,0,0.0,5.74,33.33,Côte d'Ivoire,"[""Côte d'Ivoire""]",,0,0,False,5.74,1.9100000000000001,0.0,3.83,50.0,0.0,0.0,1.9100000000000001,5.74,8.18,0.0,0,0.0,0,0.0,0.0,0.0,0,0.0,0.0,0,0.0,0,0.0,0.0,0.0,0.0,3.83,0.0,3.83,0.0,0.0,0.0,0.0,0.0,0.0,0.0,0.0,0.0,1.9100000000000001,0.0,17.23,0.0,0.0,28.72,80.0,3.83,100.0,0.0,0.0,24.89,92.31,0.0,0.0,18.35,0.0,0.0,0.0,0.0,0.0,0.0,0.0,0.0,0.0,0.0,3.83,0.0,0.0,0.0,0.0,0.0,1.9100000000000001,0.0,77.78,17.23,0,,0,,0,0.0,0.0,0.0,,,0.0,,3.83,0.0,0.0,0.0,0.0,0,0
Arda Tuğra Saygı,Arda Tuğra  Saygı,-794966,,Boluspor,,,RB,RB,100,,0,,0,18,2007-09-18,0,,1,46,0,0.0,0,0.0,13.7,57.14,Türkiye,['Türkiye'],,0,0,False,7.83,5.87,33.33,1.96,100.0,0.0,0.0,0.0,5.87,5.63,0.0,0,0.0,0,0.0,3.91,0.0,0,0.0,0.0,0,0.0,0,0.0,0.0,0.0,0.0,0.0,0.0,0.0,0.0,0.0,0.0,0.0,3.91,100.0,5.87,66.67,0.0,1.96,0.0,25.43,1.96,0.0,33.26,82.35,11.74,66.67,5.87,100.0,29.35,93.33,3.91,0.0,17.41,55.83,0.0,0.0,0.0,0.0,0.0,0.0,0.0,3.91,50.0,1.96,0.0,0.0,0.0,0.0,0.0,1.96,100.0,100.0,11.74,0,,0,,0,0.0,0.0,0.0,,,0.0,,1.96,0.0,0.0,0.0,0.0,0,0
T. Sarıarslan,Talha Sarıarslan,-219184,Kayserispor,Kayserispor,https://cdn5.wyscout.com/photos/team/public/819_120x120.png,1. Lig,CF,CF,100,,0,,0,22,2004-01-18,200000,2029-06-30,4,46,0,0.21,0,0.0,17.61,22.22,Türkiye,['Türkiye'],right,186,75,False,1.96,3.91,0.0,11.74,16.67,0.0,0.0,0.0,1.96,3.0,3.91,1,1.96,0,0.0,1.96,0.0,0,0.0,0.41000000000000003,0,0.0,1,1.96,100.0,0.0,0.0,0.0,0.0,0.0,0.0,0.0,0.0,0.0,0.0,0.0,0.0,0.0,3.91,0.0,0.0,9.78,0.0,1.96,13.7,71.43,1.96,0.0,5.87,100.0,13.7,71.43,0.0,0.0,4.88,0.0,0.0,0.0,0.0,0.0,0.0,0.0,0.0,0.0,0.0,0.0,0.0,0.0,0.0,0.0,0.0,3.91,0.0,50.0,3.91,0,,0,,0,0.0,0.0,0.0,,,0.0,,11.74,0.0,0.0,0.0,0.0,0,0
L. Bacuna,Leandro Bacuna,88003,Iğdır FK,Iğdır FK,https://cdn5.wyscout.com/photos/team/public/g-14609_120x120.png,1. Lig,"RCMF3, RCMF, RW",RCMF3,49,RCMF,25,RW,25,35,1991-08-21,400000,2027-06-30,2,44,0,0.15,0,0.0,,,Netherlands,"['Netherlands', 'Curaçao']",right,180,77,False,,,,,,,0.0,,,11.25,,0,,0,,,,0,,,0,,2,,,0.0,,,,,,,,,,,,,,,,,,,,,,,,,,,,,14.37,0.0,,,,,,,,,,,,,,,,,,,,0,,0,,0,0.0,0.0,,,,,,,,,,,0,0
Herculano Nabian,Herculano Bucancil Nabian,-146442,Ankara Keçiörengücü,Ankara Keçiörengücü,https://cdn5.wyscout.com/photos/team/public/g7284_120x120.png,1. Lig,"AMF, RAMF, CF",AMF,42,RAMF,38,CF,18,22,2004-01-25,450000,2028-06-30,3,43,0,0.04,0,0.0,,,Guinea-Bissau,"['Guinea-Bissau', 'Portugal']",right,182,81,False,,,,,,,0.0,,,5.0,,0,,0,,,,0,,,0,,1,,,0.0,,,,,,,,,,,,,,,,,,,,,,,,,,,,,13.5,0.0,,,,,,,,,,,,,,,,,,,,0,,0,,0,0.0,0.0,,,,,,,,,,,0,0
I. Manga,Ismaila Manga,-711569,Pendikspor,Pendikspor,https://cdn5.wyscout.com/photos/team/public/g9153_120x120.png,1. Lig,"RB, CF",RB,76,CF,23,,0,19,2007-05-15,0,,2,42,1,0.37,0,0.0,,,Senegal,['Senegal'],right,180,0,False,,,,,,,0.0,,,9.0,,0,,0,,,,1,,,0,,1,,,100.0,,,,,,,,,,,,,,,,,,,,,,,,,,,,,15.99,0.0,,,,,,,,,,,,,,,,,,,,0,,0,,0,0.0,0.0,,,,,,,,,,,0,0
E. Yilmaz,Enes Yilmaz,-202714,,Ankara Keçiörengücü,,,RAMF,RAMF,100,,0,,0,21,2005-01-08,75000,,2,41,0,0.18,0,0.0,,,Germany,"['Germany', 'Türkiye']",,0,0,False,,,,,,,0.0,,,0.0,,0,,0,,,,0,,,0,,1,,,0.0,,,,,,,,,,,,,,,,,,,,,,,,,,,,,14.4,27.2,,,,,,,,,,,,,,,,,,,,0,,0,,0,0.0,0.0,,,,,,,,,,,0,0
B. Bulut,Buluthan Bulut,-171177,Muğlaspor,Muğlaspor,https://cdn5.wyscout.com/photos/team/public/g14051_120x120.png,1. Lig,"RCMF, LCMF",RCMF,82,LCMF,17,,0,24,2002-07-21,50000,2029-06-30,2,40,0,0.0,0,0.1,,,Türkiye,['Türkiye'],right,171,65,False,,,,,,,0.0,,,8.18,,0,,0,,,,0,,,0,,0,,,0.0,,,,,,,,,,,,,,,,,,,,,,,,,,,,,18.28,36.45,,,,,,,,,,,,,,,,,,,,0,,0,,0,0.0,0.0,,,,,,,,,,,0,0
A. Cirak,Ali Cirak,-59129,Boluspor,Boluspor,https://cdn5.wyscout.com/photos/team/public/1346_120x120.png,1. Lig,"LCB, LCB3",LCB,58,LCB3,41,,0,25,2001-02-04,0,2027-06-30,1,40,0,0.0,0,0.0,,,Türkiye,['Türkiye'],left,197,0,False,,,,,,,0.0,,,2.5,,0,,0,,,,0,,,0,,0,,,0.0,,,,,,,,,,,,,,,,,,,,,,,,,,,,,18.46,46.3,,,,,,,,,,,,,,,,,,,,0,,0,,0,0.0,0.0,,,,,,,,,,,0,0
B. Çağıran,Rahman Buğra Çağıran,235289,Batman Petrolspor,Batman Petrolspor,https://cdn5.wyscout.com/photos/team/public/g2887_120x120.png,1. Lig,LCMF,LCMF,91,,0,,0,31,1995-01-01,275000,2027-06-30,2,36,0,0.0,1,0.42,,,Türkiye,['Türkiye'],right,178,76,False,,,,,,,0.0,,,7.5,,1,,0,,,,0,,,0,,2,,,0.0,,,,,,,,,,,,,,,,,,,,,,,,,,,,,21.91,17.53,,,,,,,,,,,,,,,,,,,,0,,0,,0,0.0,0.0,,,,,,,,,,,0,0
E. Sihlaroğlu,Efe Kaan Sihlaroğlu,-282085,Iğdır FK,Iğdır FK,https://cdn5.wyscout.com/photos/team/public/g-14609_120x120.png,1. Lig,DMF,DMF,100,,0,,0,21,2005-07-08,200000,2028-06-30,3,35,0,0.0,0,0.05,,,Germany,"['Germany', 'Türkiye']",right,178,70,False,,,,,,,0.0,,,8.57,,0,,0,,,,0,,,0,,0,,,0.0,,,,,,,,,,,,,,,,,,,,,,,,,,,,,19.5,26.89,,,,,,,,,,,,,,,,,,,,0,,0,,0,0.0,0.0,,,,,,,,,,,0,0
N. Lemina,Pascal Noha Lemina,-172218,Manisa F.K.,Manisa F.K.,https://cdn5.wyscout.com/photos/team/public/g34120_120x120.png,1. Lig,LAMF,LAMF,100,,0,,0,21,2005-06-17,0,2028-06-30,3,33,0,0.0,0,0.0,,,Gabon,"['Gabon', 'France']",right,168,60,False,,,,,,,0.0,,,0.0,,0,,0,,,,0,,,0,,0,,,0.0,,,,,,,,,,,,,,,,,,,,,,,,,,,,,17.14,0.0,,,,,,,,,,,,,,,,,,,,0,,0,,0,0.0,0.0,,,,,,,,,,,0,0
M. Sušak,Mirko Sušak,-244290,Pendikspor,Pendikspor,https://cdn5.wyscout.com/photos/team/public/g9153_120x120.png,1. Lig,LW,LW,100,,0,,0,22,2004-06-15,0,2029-06-30,1,32,0,0.0,0,0.06,,,Croatia,['Croatia'],,0,0,False,,,,,,,0.0,,,0.0,,0,,0,,,,0,,,0,,0,,,0.0,,,,,,,,,,,,,,,,,,,,,,,,,,,,,14.35,0.0,,,,,,,,,,,,,,,,,,,,0,,0,,0,0.0,0.0,,,,,,,,,,,0,0
A. Yilmaz,Abdul Malik Yilmaz,-284799,Iğdır FK,Iğdır FK,https://cdn5.wyscout.com/photos/team/public/g-14609_120x120.png,1. Lig,RW,RW,100,,0,,0,20,2006-05-27,0,,1,32,0,0.0,0,0.0,,,Germany,['Germany'],right,0,0,False,,,,,,,0.0,,,4.62,,0,,0,,,,0,,,0,,1,,,0.0,,,,,,,,,,,,,,,,,,,,,,,,,,,,,22.41,0.0,,,,,,,,,,,,,,,,,,,,0,,0,,0,0.0,0.0,,,,,,,,,,,0,0
R. Providence,Ruben Providence,509854,Bodrumspor,Bodrumspor,https://cdn5.wyscout.com/photos/team/public/g34119_120x120.png,1. Lig,"LW, LAMF",LW,64,LAMF,35,,0,25,2001-07-07,500000,2027-06-30,1,32,0,0.0,0,0.0,,,France,"['France', 'Haiti']",right,178,66,False,,,,,,,0.0,,,3.0,,0,,0,,,,0,,,0,,0,,,0.0,,,,,,,,,,,,,,,,,,,,,,,,,,,,,11.29,0.0,,,,,,,,,,,,,,,,,,,,0,,0,,0,0.0,0.0,,,,,,,,,,,0,0
A. Altun,Arda Altun,-709386,Antalyaspor,Antalyaspor,https://cdn5.wyscout.com/photos/team/public/1189_120x120.png,1. Lig,"LAMF, AMF",LAMF,66,AMF,33,,0,19,2007-02-14,0,2029-06-30,1,31,0,0.0,0,0.0,,,Türkiye,['Türkiye'],,0,0,False,,,,,,,0.0,,,0.0,,0,,0,,,,0,,,0,,0,,,0.0,,,,,,,,,,,,,,,,,,,,,,,,,,,,,14.23,45.38,,,,,,,,,,,,,,,,,,,,0,,0,,0,0.0,0.0,,,,,,,,,,,0,0
L. Baker,Lewis Baker,215566,Bursaspor,Bursaspor,https://cdn5.wyscout.com/photos/team/public/827_120x120.png,1. Lig,AMF,AMF,100,,0,,0,31,1995-04-25,1800000,2028-06-30,3,31,0,0.08,0,0.31,,,England,"['England', 'Jamaica']",right,182,77,False,,,,,,,0.0,,,3.0,,0,,0,,,,0,,,0,,1,,,0.0,,,,,,,,,,,,,,,,,,,,,,,,,,,,,27.45,17.22,,,,,,,,,,,,,,,,,,,,0,,0,,0,0.0,0.0,,,,,,,,,,,0,0
E. Ersoy,Ertuğrul Ersoy,307371,Bursaspor,Bursaspor,https://cdn5.wyscout.com/photos/team/public/827_120x120.png,1. Lig,RCB3,RCB3,100,,0,,0,29,1997-02-13,0,2029-06-30,1,30,0,0.14,0,0.0,,,Türkiye,['Türkiye'],right,187,82,False,,,,,,,0.0,,,10.0,,0,,0,,,,0,,,0,,1,,,0.0,,,,,,,,,,,,,,,,,,,,,,,,,,,,,25.23,52.56,,,,,,,,,,,,,,,,,,,,0,,0,,0,0.0,0.0,,,,,,,,,,,0,0
B. Topcu,Burak Topcu,-296243,Boluspor,Boluspor,https://cdn5.wyscout.com/photos/team/public/1346_120x120.png,1. Lig,"LCMF3, LW",LCMF3,57,LW,42,,0,25,2001-07-04,0,2028-06-30,1,28,0,0.0,0,0.0,,,Türkiye,['Türkiye'],unknown,0,0,False,,,,,,,0.0,,,6.0,,0,,0,,,,0,,,0,,0,,,0.0,,,,,,,,,,,,,,,,,,,,,,,,,,,,,16.28,29.15,,,,,,,,,,,,,,,,,,,,0,,0,,0,0.0,0.0,,,,,,,,,,,0,0
F. Apaydin,Furkan Apaydin,-295938,Bodrumspor,Bodrumspor,https://cdn5.wyscout.com/photos/team/public/g34119_120x120.png,1. Lig,LB,LB,100,,0,,0,24,2002-07-11,0,2027-06-30,1,28,0,0.0,0,0.0,,,Türkiye,['Türkiye'],left,185,76,False,,,,,,,0.0,,,30.0,,0,,0,,,,0,,,0,,0,,,0.0,,,,,,,,,,,,,,,,,,,,,,,,,,,,,20.04,34.75,,,,,,,,,,,,,,,,,,,,0,,0,,0,0.0,0.0,,,,,,,,,,,0,0
O. Aksoy,Oğuzhan Aksoy,-556089,Sivasspor,Sivasspor,https://cdn5.wyscout.com/photos/team/public/818_120x120.png,1. Lig,"LCMF, RCMF",LCMF,69,RCMF,30,,0,19,2006-11-24,0,2027-06-30,2,27,0,0.03,0,0.0,,,Türkiye,['Türkiye'],unknown,0,0,False,,,,,,,0.0,,,4.29,,0,,0,,,,0,,,0,,1,,,0.0,,,,,,,,,,,,,,,,,,,,,,,,,,,,,14.12,0.0,,,,,,,,,,,,,,,,,,,,0,,0,,0,0.0,0.0,,,,,,,,,,,0,0
D. Stann Élysée,Dalo Stann Élysée,-862594,Sarıyer,Sarıyer,https://cdn5.wyscout.com/photos/team/public/g2344_120x120.png,1. Lig,"RW, LWF",RW,72,LWF,27,,0,18,2007-12-07,0,,3,25,0,0.0,0,0.0,,,Côte d'Ivoire,"[""Côte d'Ivoire""]",unknown,0,0,False,,,,,,,0.0,,,11.25,,1,,0,,,,0,,,0,,0,,,0.0,,,,,,,,,,,,,,,,,,,,,,,,,,,,,10.92,0.0,,,,,,,,,,,,,,,,,,,,0,,0,,0,0.0,0.0,,,,,,,,,,,0,0
Y. Cin,Yilmaz Cin,-659229,Sivasspor,Sivasspor,https://cdn5.wyscout.com/photos/team/public/818_120x120.png,1. Lig,"RCMF, RW",RCMF,63,RW,36,,0,18,2008-07-11,0,2028-06-30,3,25,0,0.0,0,0.0,,,Türkiye,['Türkiye'],right,0,0,False,,,,,,,0.0,,,0.0,,0,,0,,,,0,,,0,,0,,,0.0,,,,,,,,,,,,,,,,,,,,,,,,,,,,,6.69,0.0,,,,,,,,,,,,,,,,,,,,0,,0,,0,0.0,0.0,,,,,,,,,,,0,0
F. Gedik,Furkan Gedik,-278813,Sarıyer,Sarıyer,https://cdn5.wyscout.com/photos/team/public/g2344_120x120.png,1. Lig,RWF,RWF,100,,0,,0,24,2002-07-12,0,2028-06-30,1,24,1,0.7000000000000001,0,0.0,,,Türkiye,['Türkiye'],unknown,0,0,False,,,,,,,0.0,,,0.0,,0,,0,,,,1,,,0,,3,,,33.333,,,,,,,,,,,,,,,,,,,,,,,,,,,,,9.01,0.0,,,,,,,,,,,,,,,,,,,,0,,0,,0,0.0,0.0,,,,,,,,,,,0,0
C. Duodu,Clinton  Duodu,-378889,Apollon,Sivasspor,https://cdn5.wyscout.com/photos/team/public/1286_120x120.png,1. Division,LAMF,LAMF,100,,0,,0,21,2005-06-20,0,2028-05-31,1,24,0,0.0,0,0.0,,,Ghana,['Ghana'],right,180,0,False,,,,,,,0.0,,,4.29,,1,,0,,,,0,,,0,,0,,,0.0,,,,,,,,,,,,,,,,,,,,,,,,,,,,,22.52,46.15,,,,,,,,,,,,,,,,,,,,0,,0,,0,0.0,0.0,,,,,,,,,,,0,0
D. Şenyurt,Devran Şenyurt,-133465,Iğdır FK,Iğdır FK,https://cdn5.wyscout.com/photos/team/public/g-14609_120x120.png,1. Lig,RB,RB,100,,0,,0,22,2004-08-22,75000,2028-06-30,1,24,0,0.0,0,0.0,,,Switzerland,"['Switzerland', 'Türkiye']",,178,77,False,,,,,,,3.0,,,9.0,,0,,0,,,,0,,,0,,0,,,0.0,,,,,,,,,,,,,,,,,,,,,,,,,,,,,16.99,0.0,,,,,,,,,,,,,,,,,,,,0,,0,,0,0.0,0.0,,,,,,,,,,,0,0
Y. Dilek,Recep Yalın Dilek,-367117,Bandırmaspor,Bandırmaspor,https://cdn5.wyscout.com/photos/team/public/g11986_120x120.png,1. Lig,CF,CF,100,,0,,0,20,2006-07-26,0,2028-06-30,1,24,0,0.0,0,0.0,,,Türkiye,['Türkiye'],left,188,0,True,,,,,,,0.0,,,0.0,,0,,0,,,,0,,,0,,0,,,0.0,,,,,,,,,,,,,,,,,,,,,,,,,,,,,11.09,0.0,,,,,,,,,,,,,,,,,,,,0,,0,,0,0.0,0.0,,,,,,,,,,,0,0
I. Sissoko,Ibrahim Sissoko,336551,Muğlaspor,Muğlaspor,https://cdn5.wyscout.com/photos/team/public/g14051_120x120.png,1. Lig,CF,CF,100,,0,,0,30,1995-11-27,2500000,2027-06-30,1,23,0,0.0,0,0.0,,,France,"['France', 'Mali']",right,192,89,False,,,,,,,0.0,,,0.0,,0,,0,,,,0,,,0,,0,,,0.0,,,,,,,,,,,,,,,,,,,,,,,,,,,,,13.55,0.0,,,,,,,,,,,,,,,,,,,,0,,0,,0,0.0,0.0,,,,,,,,,,,0,0
E. Başyiğit,Emirhan  Başyiğit,-561364,Bursaspor,Bursaspor,https://cdn5.wyscout.com/photos/team/public/827_120x120.png,1. Lig,LCB3,LCB3,100,,0,,0,21,2005-04-25,0,2029-06-30,1,22,0,0.0,0,0.0,,,Türkiye,['Türkiye'],left,190,77,False,,,,,,,0.0,,,20.0,,0,,0,,,,0,,,0,,0,,,0.0,,,,,,,,,,,,,,,,,,,,,,,,,,,,,12.46,0.0,,,,,,,,,,,,,,,,,,,,0,,0,,0,0.0,0.0,,,,,,,,,,,0,0
M. Paluli,Murat Paluli,312909,Sivasspor,Sivasspor,https://cdn5.wyscout.com/photos/team/public/818_120x120.png,1. Lig,RB,RB,100,,0,,0,32,1994-08-09,800000,,1,21,0,0.0,0,0.0,,,Türkiye,['Türkiye'],right,175,70,False,,,,,,,0.0,,,7.5,,0,,1,,,,0,,,0,,0,,,0.0,,,,,,,,,,,,,,,,,,,,,,,,,,,,,22.73,49.67,,,,,,,,,,,,,,,,,,,,0,,0,,0,0.0,0.0,,,,,,,,,,,0,0
Y. Sen,Yagiz Fikri Sen,-568463,Sarıyer,Sarıyer,https://cdn5.wyscout.com/photos/team/public/g2344_120x120.png,1. Lig,RCMF3,RCMF3,100,,0,,0,17,2009-03-11,0,,1,20,0,0.03,0,0.0,,,Türkiye,['Türkiye'],unknown,0,0,False,,,,,,,0.0,,,0.0,,0,,0,,,,0,,,0,,1,,,0.0,,,,,,,,,,,,,,,,,,,,,,,,,,,,,12.55,28.67,,,,,,,,,,,,,,,,,,,,0,,0,,0,0.0,0.0,,,,,,,,,,,0,0
E. Karadağ,Eren Karadağ,497513,Sarıyer,Sarıyer,https://cdn5.wyscout.com/photos/team/public/g2344_120x120.png,1. Lig,"AMF, LW",AMF,65,LW,34,,0,26,2000-01-01,0,2028-06-30,2,20,0,0.09,0,0.0,,,Türkiye,['Türkiye'],right,180,66,True,,,,,,,0.0,,,10.0,,0,,0,,,,0,,,0,,1,,,0.0,,,,,,,,,,,,,,,,,,,,,,,,,,,,,8.76,0.0,,,,,,,,,,,,,,,,,,,,0,,0,,0,0.0,0.0,,,,,,,,,,,0,0
Tarik Buğra Kalpakli,Tarik Bugra Kalpakli,-640203,Fatih Karagümrük,Fatih Karagümrük,https://cdn5.wyscout.com/photos/team/public/g3014_120x120.png,1. Lig,LAMF,LAMF,100,,0,,0,17,2009-04-06,0,2028-06-30,1,20,0,0.0,0,0.0,,,Türkiye,['Türkiye'],unknown,0,0,False,,,,,,,0.0,,,0.0,,0,,0,,,,0,,,0,,0,,,0.0,,,,,,,,,,,,,,,,,,,,,,,,,,,,,14.81,0.0,,,,,,,,,,,,,,,,,,,,0,,0,,0,0.0,0.0,,,,,,,,,,,0,0
Ö. Özcan,Özder Özcan,-323060,Iğdır FK,Iğdır FK,https://cdn5.wyscout.com/photos/team/public/g-14609_120x120.png,1. Lig,CF,CF,100,,0,,0,19,2007-04-19,0,2028-06-30,1,19,0,0.0,0,0.01,,,Netherlands,"['Netherlands', 'Türkiye']",unknown,0,0,False,,,,,,,0.0,,,0.0,,0,,0,,,,0,,,0,,0,,,0.0,,,,,,,,,,,,,,,,,,,,,,,,,,,,,8.59,0.0,,,,,,,,,,,,,,,,,,,,0,,0,,0,0.0,0.0,,,,,,,,,,,0,0
Y. Esendemir,Yusuf Can Esendemir,-51762,,Boluspor,,,LB,LB,100,,0,,0,25,2001-06-14,75000,,1,19,0,0.0,0,0.0,,,Türkiye,['Türkiye'],left,180,77,False,,,,,,,0.0,,,0.0,,1,,0,,,,0,,,0,,0,,,0.0,,,,,,,,,,,,,,,,,,,,,,,,,,,,,10.63,0.0,,,,,,,,,,,,,,,,,,,,0,,0,,0,0.0,0.0,,,,,,,,,,,0,0
F. Orak,Furkan Orak,-376631, Esenler Erokspor, Esenler Erokspor,https://cdn5.wyscout.com/photos/team/public/g39486_120x120.png,1. Lig,RAMF,RAMF,100,,0,,0,25,2001-05-28,0,2029-06-30,1,18,0,0.06,0,0.22,,,Türkiye,['Türkiye'],unknown,0,0,True,,,,,,,0.0,,,0.0,,0,,0,,,,0,,,0,,1,,,0.0,,,,,,,,,,,,,,,,,,,,,,,,,,,,,26.94,43.12,,,,,,,,,,,,,,,,,,,,0,,0,,0,0.0,0.0,,,,,,,,,,,0,0
G. Karadeniz,Gökhan Karadeniz,312906,Batman Petrolspor,Batman Petrolspor,https://cdn5.wyscout.com/photos/team/public/g2887_120x120.png,1. Lig,RW,RW,100,,0,,0,36,1990-05-02,75000,2027-06-30,1,14,1,0.32,0,0.34,,,Türkiye,['Türkiye'],left,178,70,False,,,,,,,0.0,,,0.0,,0,,0,,,,1,,,0,,1,,,100.0,,,,,,,,,,,,,,,,,,,,,,,,,,,,,17.6,33.73,,,,,,,,,,,,,,,,,,,,0,,0,,0,0.0,0.0,,,,,,,,,,,0,0
Enes Erol,Enes Erol,-557772,Mardin 1969,Mardin 1969,https://cdn5.wyscout.com/photos/team/public/g-14762_120x120.png,1. Lig,"RW, CF",RW,50,CF,49,,0,21,2005-01-01,0,2028-06-30,2,14,0,0.0,0,0.0,,,Türkiye,['Türkiye'],unknown,0,0,False,,,,,,,0.0,,,0.0,,0,,0,,,,0,,,0,,0,,,0.0,,,,,,,,,,,,,,,,,,,,,,,,,,,,,13.76,20.62,,,,,,,,,,,,,,,,,,,,0,,0,,0,0.0,0.0,,,,,,,,,,,0,0
Osman Yildirim,Osman Yildirim,-239912,Mardin 1969,Mardin 1969,https://cdn5.wyscout.com/photos/team/public/g-14762_120x120.png,1. Lig,CF,CF,100,,0,,0,25,2001-04-02,0,,1,13,0,0.0,0,0.0,,,Türkiye,['Türkiye'],,0,0,False,,,,,,,0.0,,,10.0,,0,,0,,,,0,,,0,,0,,,0.0,,,,,,,,,,,,,,,,,,,,,,,,,,,,,48.76,48.76,,,,,,,,,,,,,,,,,,,,0,,0,,0,0.0,0.0,,,,,,,,,,,0,0
E. Gültekin,Emir Kaan Gültekin,501813,Bursaspor,Bursaspor,https://cdn5.wyscout.com/photos/team/public/827_120x120.png,1. Lig,RAMF,RAMF,100,,0,,0,25,2000-10-02,0,2029-06-30,1,12,0,0.0,0,0.0,,,Türkiye,['Türkiye'],right,181,75,False,,,,,,,0.0,,,0.0,,0,,0,,,,0,,,0,,0,,,0.0,,,,,,,,,,,,,,,,,,,,,,,,,,,,,14.88,0.0,,,,,,,,,,,,,,,,,,,,0,,0,,0,0.0,0.0,,,,,,,,,,,0,0
A. Özkaya,Ahmet Özkaya,-362587,Pendikspor,Pendikspor,https://cdn5.wyscout.com/photos/team/public/g9153_120x120.png,1. Lig,LB,LB,100,,0,,0,21,2004-11-10,0,2028-06-30,1,12,0,0.0,0,0.0,,,Türkiye,['Türkiye'],,188,80,False,,,,,,,0.0,,,10.0,,0,,0,,,,0,,,0,,0,,,0.0,,,,,,,,,,,,,,,,,,,,,,,,,,,,,19.57,0.0,,,,,,,,,,,,,,,,,,,,0,,0,,0,0.0,0.0,,,,,,,,,,,0,0
A. Selvi,Alperen Selvi,505082,Iğdır FK,Iğdır FK,https://cdn5.wyscout.com/photos/team/public/g-14609_120x120.png,1. Lig,LB,LB,100,,0,,0,25,2001-04-13,100000,2027-06-30,1,11,0,0.0,0,0.0,,,Türkiye,['Türkiye'],left,185,82,False,,,,,,,0.0,,,0.0,,0,,1,,,,0,,,0,,0,,,0.0,,,,,,,,,,,,,,,,,,,,,,,,,,,,,14.99,0.0,,,,,,,,,,,,,,,,,,,,0,,0,,0,0.0,0.0,,,,,,,,,,,0,0
Y. Bayrak,Yiğitali Bayrak,500311,Muğlaspor,Muğlaspor,https://cdn5.wyscout.com/photos/team/public/g14051_120x120.png,1. Lig,LAMF,LAMF,100,,0,,0,30,1996-05-05,150000,,1,11,0,0.0,0,0.0,,,Türkiye,['Türkiye'],both,174,0,False,,,,,,,0.0,,,0.0,,1,,0,,,,0,,,0,,1,,,0.0,,,,,,,,,,,,,,,,,,,,,,,,,,,,,27.78,82.93,,,,,,,,,,,,,,,,,,,,0,,0,,0,0.0,0.0,,,,,,,,,,,0,0
E. Polat,Erdem Can Polat,-313684,Boluspor,Boluspor,https://cdn5.wyscout.com/photos/team/public/1346_120x120.png,1. Lig,LW,LW,100,,0,,0,24,2002-07-08,0,2028-06-30,1,11,0,0.0,0,0.0,,,Türkiye,['Türkiye'],,0,0,False,,,,,,,0.0,,,0.0,,0,,0,,,,0,,,0,,0,,,0.0,,,,,,,,,,,,,,,,,,,,,,,,,,,,,0.0,0.0,,,,,,,,,,,,,,,,,,,,0,,0,,0,0.0,0.0,,,,,,,,,,,0,0
M. Sipahioğlu,Murat Sipahioğlu,-198476,Batman Petrolspor,Batman Petrolspor,https://cdn5.wyscout.com/photos/team/public/g2887_120x120.png,1. Lig,CB,CB,100,,0,,0,24,2002-02-02,0,2029-06-30,1,11,0,0.0,0,0.0,,,Türkiye,['Türkiye'],right,191,78,False,,,,,,,0.0,,,20.0,,0,,0,,,,0,,,0,,0,,,0.0,,,,,,,,,,,,,,,,,,,,,,,,,,,,,0.0,0.0,,,,,,,,,,,,,,,,,,,,0,,0,,0,0.0,0.0,,,,,,,,,,,0,0
K. Sönmez,Kubilay Sönmez,260513,,İstanbulspor,,,DMF,DMF,100,,0,,0,32,1994-06-17,100000,,1,11,0,0.0,0,0.0,,,Germany,"['Germany', 'Türkiye']",right,183,77,False,,,,,,,0.0,,,7.5,,0,,0,,,,0,,,0,,0,,,0.0,,,,,,,,,,,,,,,,,,,,,,,,,,,,,0.0,0.0,,,,,,,,,,,,,,,,,,,,0,,0,,0,0.0,0.0,,,,,,,,,,,0,0
O. Sol,Ozan Sol,312907,Muğlaspor,Muğlaspor,https://cdn5.wyscout.com/photos/team/public/g14051_120x120.png,1. Lig,LW,LW,100,,0,,0,33,1993-06-13,150000,,1,11,0,0.07,0,0.0,,,Türkiye,['Türkiye'],right,176,63,False,,,,,,,0.0,,,15.0,,0,,0,,,,0,,,0,,1,,,0.0,,,,,,,,,,,,,,,,,,,,,,,,,,,,,17.22,35.6,,,,,,,,,,,,,,,,,,,,0,,0,,0,0.0,0.0,,,,,,,,,,,0,0
A. Şen,Ahmet  Şen,-784601,Manisa F.K.,Manisa F.K.,https://cdn5.wyscout.com/photos/team/public/g34120_120x120.png,1. Lig,"LDMF, AMF",LDMF,78,AMF,21,,0,18,2008-08-11,0,,2,11,0,0.0,0,0.0,,,Türkiye,['Türkiye'],,0,0,False,,,,,,,0.0,,,0.0,,0,,0,,,,0,,,0,,0,,,0.0,,,,,,,,,,,,,,,,,,,,,,,,,,,,,17.57,27.23,,,,,,,,,,,,,,,,,,,,0,,0,,0,0.0,0.0,,,,,,,,,,,0,0
K. Kayaarası,Kerem Kayaarası,-649023,Bodrumspor,Bodrumspor,https://cdn5.wyscout.com/photos/team/public/g34119_120x120.png,1. Lig,CF,CF,100,,0,,0,20,2006-03-18,0,2028-06-30,1,11,0,0.0,0,0.0,,,Türkiye,['Türkiye'],unknown,0,0,False,,,,,,,0.0,,,15.0,,0,,0,,,,0,,,0,,0,,,0.0,,,,,,,,,,,,,,,,,,,,,,,,,,,,,7.54,0.0,,,,,,,,,,,,,,,,,,,,0,,0,,0,0.0,0.0,,,,,,,,,,,0,0
M. El Bachir Gueye,Mouhamed El Bachir Gueye,-779571,Antalyaspor,Antalyaspor,https://cdn5.wyscout.com/photos/team/public/1189_120x120.png,1. Lig,LAMF,LAMF,100,,0,,0,23,2003-03-08,0,2027-06-30,1,10,0,0.0,0,0.0,,,Senegal,['Senegal'],,0,0,False,,,,,,,0.0,,,0.0,,0,,0,,,,0,,,0,,0,,,0.0,,,,,,,,,,,,,,,,,,,,,,,,,,,,,11.08,0.0,,,,,,,,,,,,,,,,,,,,0,,0,,0,0.0,0.0,,,,,,,,,,,0,0
E. Başsan,Emrah Başsan,151379,,Pendikspor,,,RW,RW,100,,0,,0,34,1992-04-17,700000,,1,10,0,0.0,0,0.0,,,Türkiye,['Türkiye'],left,177,67,False,,,,,,,0.0,,,0.0,,0,,0,,,,0,,,0,,0,,,0.0,,,,,,,,,,,,,,,,,,,,,,,,,,,,,12.6,39.15,,,,,,,,,,,,,,,,,,,,0,,0,,0,0.0,0.0,,,,,,,,,,,0,0
F. İnal,Fırat  İnal,-733889,Manisa F.K.,Manisa F.K.,https://cdn5.wyscout.com/photos/team/public/g34120_120x120.png,1. Lig,RB,RB,100,,0,,0,22,2003-09-22,0,,1,10,0,0.0,0,0.0,,,Türkiye,['Türkiye'],right,186,0,False,,,,,,,0.0,,,0.0,,0,,0,,,,0,,,0,,0,,,0.0,,,,,,,,,,,,,,,,,,,,,,,,,,,,,0.0,0.0,,,,,,,,,,,,,,,,,,,,0,,0,,0,0.0,0.0,,,,,,,,,,,0,0
O. Aşıkcı,Oğulcan  Aşıkcı,-814848,,Pendikspor,,,CF,CF,100,,0,,0,17,2009-02-19,0,,1,8,0,0.06,0,0.0,,,Türkiye,['Türkiye'],,0,0,False,,,,,,,0.0,,,0.0,,0,,0,,,,0,,,0,,1,,,0.0,,,,,,,,,,,,,,,,,,,,,,,,,,,,,9.58,0.0,,,,,,,,,,,,,,,,,,,,0,,0,,0,0.0,0.0,,,,,,,,,,,0,0
M. Thiam,Mamadou Thiam,313529,,Sarıyer,,,LCMF3,LCMF3,100,,0,,0,31,1995-03-20,500000,,1,7,0,0.0,0,0.0,,,France,"['France', 'Senegal']",right,180,85,False,,,,,,,0.0,,,0.0,,0,,0,,,,0,,,0,,0,,,0.0,,,,,,,,,,,,,,,,,,,,,,,,,,,,,29.7,0.0,,,,,,,,,,,,,,,,,,,,0,,0,,0,0.0,0.0,,,,,,,,,,,0,0
O. Nahırcı,Orhan Nahırcı,501799,Muğlaspor,Muğlaspor,https://cdn5.wyscout.com/photos/team/public/g14051_120x120.png,1. Lig,RCMF,RCMF,100,,0,,0,26,2000-01-11,150000,,1,7,0,0.0,0,0.0,,,Türkiye,['Türkiye'],,0,0,False,,,,,,,0.0,,,0.0,,0,,0,,,,0,,,0,,0,,,0.0,,,,,,,,,,,,,,,,,,,,,,,,,,,,,12.21,0.0,,,,,,,,,,,,,,,,,,,,0,,0,,0,0.0,0.0,,,,,,,,,,,0,0
A. Çınar,Anıl Yiğit Çınar,-333757,Fatih Karagümrük,Fatih Karagümrük,https://cdn5.wyscout.com/photos/team/public/g3014_120x120.png,1. Lig,AMF,AMF,100,,0,,0,23,2003-07-10,0,2027-06-30,1,7,0,0.0,0,0.0,,,Türkiye,['Türkiye'],left,193,81,False,,,,,,,0.0,,,15.0,,0,,0,,,,0,,,0,,0,,,0.0,,,,,,,,,,,,,,,,,,,,,,,,,,,,,0.0,0.0,,,,,,,,,,,,,,,,,,,,0,,0,,0,0.0,0.0,,,,,,,,,,,0,0
S. Asan,Serkan Asan,497476,Iğdır FK,Iğdır FK,https://cdn5.wyscout.com/photos/team/public/g-14609_120x120.png,1. Lig,LW,LW,100,,0,,0,27,1999-04-28,450000,2027-06-30,1,6,0,0.0,0,0.0,,,Türkiye,['Türkiye'],right,170,67,False,,,,,,,0.0,,,15.0,,0,,0,,,,0,,,0,,0,,,0.0,,,,,,,,,,,,,,,,,,,,,,,,,,,,,14.29,0.0,,,,,,,,,,,,,,,,,,,,0,,0,,0,0.0,0.0,,,,,,,,,,,0,0
D. Aksoy,Deniz Aksoy,-670618,Ümranıyespor,Ümranıyespor,https://cdn5.wyscout.com/photos/team/public/g19664_120x120.png,1. Lig,CF,CF,100,,0,,0,19,2007-03-12,0,2029-06-30,1,6,0,0.0,0,0.0,,,Türkiye,['Türkiye'],,0,0,False,,,,,,,0.0,,,0.0,,0,,0,,,,0,,,0,,0,,,0.0,,,,,,,,,,,,,,,,,,,,,,,,,,,,,20.13,0.0,,,,,,,,,,,,,,,,,,,,0,,0,,0,0.0,0.0,,,,,,,,,,,0,0
A. Karapinar,Ataol Taylan Karapinar,-862698,Kayserispor,Kayserispor,https://cdn5.wyscout.com/photos/team/public/819_120x120.png,1. Lig,LW,LW,100,,0,,0,18,2008-07-09,0,,1,6,0,0.0,0,0.0,,,Türkiye,['Türkiye'],unknown,0,0,False,,,,,,,0.0,,,0.0,,0,,0,,,,0,,,0,,0,,,0.0,,,,,,,,,,,,,,,,,,,,,,,,,,,,,9.55,0.0,,,,,,,,,,,,,,,,,,,,0,,0,,0,0.0,0.0,,,,,,,,,,,0,0
Y. Dursun,Yunus Emre Dursun,-475452,Manisa F.K.,Manisa F.K.,https://cdn5.wyscout.com/photos/team/public/g34120_120x120.png,1. Lig,DMF,DMF,100,,0,,0,20,2006-01-02,0,2028-06-30,1,5,0,0.0,0,0.0,,,Türkiye,['Türkiye'],unknown,0,0,False,,,,,,,0.0,,,0.0,,0,,0,,,,0,,,0,,0,,,0.0,,,,,,,,,,,,,,,,,,,,,,,,,,,,,6.41,0.0,,,,,,,,,,,,,,,,,,,,0,,0,,0,0.0,0.0,,,,,,,,,,,0,0
B. Yağızer,Boran Yağızer,-838721,Vanspor FK,Vanspor FK,https://cdn5.wyscout.com/photos/team/public/g2346_120x120.png,1. Lig,CF,CF,100,,0,,0,19,2007-01-12,0,,1,3,0,0.0,0,0.0,,,Türkiye,['Türkiye'],unknown,188,0,False,,,,,,,0.0,,,0.0,,0,,0,,,,0,,,0,,0,,,0.0,,,,,,,,,,,,,,,,,,,,,,,,,,,,,11.08,0.0,,,,,,,,,,,,,,,,,,,,0,,0,,0,0.0,0.0,,,,,,,,,,,0,0
M. Yücel,Mahmut Celal Yücel,-536879,Sarıyer,Sarıyer,https://cdn5.wyscout.com/photos/team/public/g2344_120x120.png,1. Lig,LW,LW,100,,0,,0,20,2006-03-19,0,,1,2,0,0.0,0,0.0,,,Türkiye,['Türkiye'],left,178,0,False,,,,,,,0.0,,,0.0,,0,,0,,,,0,,,0,,0,,,0.0,,,,,,,,,,,,,,,,,,,,,,,,,,,,,34.86,0.0,,,,,,,,,,,,,,,,,,,,0,,0,,0,0.0,0.0,,,,,,,,,,,0,0
K. Cengi̇zer,Kartal Cengi̇zer,-862714,Bodrumspor,Bodrumspor,https://cdn5.wyscout.com/photos/team/public/g34119_120x120.png,1. Lig,AMF,AMF,100,,0,,0,19,2007-03-16,0,,1,1,0,0.0,0,0.0,,,Türkiye,['Türkiye'],unknown,0,0,False,,,,,,,0.0,,,0.0,,0,,0,,,,0,,,0,,0,,,0.0,,,,,,,,,,,,,,,,,,,,,,,,,,,,,0.0,0.0,,,,,,,,,,,,,,,,,,,,0,,0,,0,0.0,0.0,,,,,,,,,,,0,0
